ISO-10303-21;
HEADER;
FILE_DESCRIPTION (( 'STEP AP214' ),
    '1' );
FILE_NAME ('User Library-A3963WV-2P-1.STEP',
    '2026-07-28T03:51:48',
    ( '' ),
    ( '' ),
    'SwSTEP 2.0',
    'SolidWorks 2022',
    '' );
FILE_SCHEMA (( 'AUTOMOTIVE_DESIGN' ));
ENDSEC;

DATA;
#1 = ORIENTED_EDGE ( 'NONE', *, *, #1228, .F. ) ;
#2 = CARTESIAN_POINT ( 'NONE',  ( 1.913606414129576105, 4.279986582886588842, -0.6400000000000001243 ) ) ;
#3 = EDGE_LOOP ( 'NONE', ( #3885, #1512 ) ) ;
#4 = LINE ( 'NONE', #5581, #4842 ) ;
#5 = ORIENTED_EDGE ( 'NONE', *, *, #4052, .T. ) ;
#6 = ORIENTED_EDGE ( 'NONE', *, *, #2267, .F. ) ;
#7 = CARTESIAN_POINT ( 'NONE',  ( -1.279999999999998694, 0.0000000000000000000, -0.6400000000000001243 ) ) ;
#8 = CARTESIAN_POINT ( 'NONE',  ( -5.421010862427519705E-17, 0.7916666666666679619, 0.6400000000000000133 ) ) ;
#9 = DIRECTION ( 'NONE',  ( 0.2761723853694945108, 0.9205746178983248429, 0.2761723853694945108 ) ) ;
#10 = FACE_OUTER_BOUND ( 'NONE', #5536, .T. ) ;
#11 = SHAPE_REPRESENTATION ( '\X2\7ea27ebf\X0\.STEP', ( #2084 ), #3253 ) ;
#12 = ORIENTED_EDGE ( 'NONE', *, *, #5358, .F. ) ;
#13 =( NAMED_UNIT ( * ) PLANE_ANGLE_UNIT ( ) SI_UNIT ( $, .RADIAN. ) );
#14 = ADVANCED_FACE ( 'NONE', ( #277 ), #4799, .T. ) ;
#15 = CARTESIAN_POINT ( 'NONE',  ( 1.785401855558534034, 4.274729725819588211, -0.6400000000000001243 ) ) ;
#16 = CARTESIAN_POINT ( 'NONE',  ( 0.4500000000000000111, 12.40000000000000036, -1.110000000000000098 ) ) ;
#17 = LINE ( 'NONE', #2262, #3198 ) ;
#18 = CARTESIAN_POINT ( 'NONE',  ( -3.510000000000000231, 12.40000000000000036, 2.949999999999999734 ) ) ;
#19 = ORIENTED_EDGE ( 'NONE', *, *, #1313, .F. ) ;
#20 = DIRECTION ( 'NONE',  ( -0.9578262852211522071, -0.2873478855663425535, 9.109450344741181028E-17 ) ) ;
#21 = VERTEX_POINT ( 'NONE', #4304 ) ;
#22 = EDGE_CURVE ( 'NONE', #2294, #6891, #6173, .T. ) ;
#23 = EDGE_CURVE ( 'NONE', #1331, #4133, #4727, .T. ) ;
#24 = DIRECTION ( 'NONE',  ( 1.000000000000000000, -3.870341738045775180E-82, -2.072906778112844930E-49 ) ) ;
#25 = CARTESIAN_POINT ( 'NONE',  ( 2.909999999999999698, 12.59999999999999964, 0.0000000000000000000 ) ) ;
#26 = DIRECTION ( 'NONE',  ( 0.0000000000000000000, -1.000000000000000000, 0.0000000000000000000 ) ) ;
#27 = PRODUCT_DEFINITION_SHAPE ( 'NONE', 'NONE',  #7214 ) ;
#28 = EDGE_CURVE ( 'NONE', #3852, #2323, #2519, .T. ) ;
#29 = LINE ( 'NONE', #5644, #430 ) ;
#30 = ORIENTED_EDGE ( 'NONE', *, *, #1935, .T. ) ;
#31 = CARTESIAN_POINT ( 'NONE',  ( 1.820000000000000062, 3.649999999999999911, -3.657157890324960192 ) ) ;
#32 = DIRECTION ( 'NONE',  ( 0.0000000000000000000, 0.0000000000000000000, 1.000000000000000000 ) ) ;
#33 = CARTESIAN_POINT ( 'NONE',  ( 0.5699999999999999512, -3.700000000000000178, -0.5699999999999999512 ) ) ;
#34 = CARTESIAN_POINT ( 'NONE',  ( 2.833333333333289517, 3.000000000000000000, -0.6400000000000000133 ) ) ;
#35 = VECTOR ( 'NONE', #1299, 1000.000000000000000 ) ;
#36 = ORIENTED_EDGE ( 'NONE', *, *, #2975, .F. ) ;
#37 = CIRCLE ( 'NONE', #4582, 0.6400000000000000133 ) ;
#38 = CARTESIAN_POINT ( 'NONE',  ( -2.490000000000000213, 13.40000000000000036, 3.449999999999999734 ) ) ;
#39 = EDGE_LOOP ( 'NONE', ( #5670, #1174, #3177, #6288 ) ) ;
#40 = ORIENTED_EDGE ( 'NONE', *, *, #6676, .F. ) ;
#41 = CARTESIAN_POINT ( 'NONE',  ( -1.274729725819581772, 1.214598144441489724, -0.6400000000000001243 ) ) ;
#42 = DIRECTION ( 'NONE',  ( 0.0000000000000000000, -1.000000000000000000, 0.0000000000000000000 ) ) ;
#43 = AXIS2_PLACEMENT_3D ( 'NONE', #1189, #1844, #2435 ) ;
#44 = CARTESIAN_POINT ( 'NONE',  ( 3.333333333333429849, 3.000000000000000000, 0.6400000000000000133 ) ) ;
#45 = ORIENTED_EDGE ( 'NONE', *, *, #5052, .F. ) ;
#46 = VECTOR ( 'NONE', #387, 1000.000000000000000 ) ;
#47 = VECTOR ( 'NONE', #3271, 1000.000000000000000 ) ;
#48 = CARTESIAN_POINT ( 'NONE',  ( 2.416666666666675400, 4.279999999999995808, 0.6400000000000001243 ) ) ;
#49 = CARTESIAN_POINT ( 'NONE',  ( 3.666666666667149688, 4.279999999999995808, -0.6400000000000001243 ) ) ;
#50 = CARTESIAN_POINT ( 'NONE',  ( -0.8199999999999999512, 3.649999999999999911, -2.819999999999999840 ) ) ;
#51 = CARTESIAN_POINT ( 'NONE',  ( -2.490000000000000213, 13.40000000000000036, 2.949999999999999734 ) ) ;
#52 = AXIS2_PLACEMENT_3D ( 'NONE', #6087, #3867, #583 ) ;
#53 = CARTESIAN_POINT ( 'NONE',  ( 0.4500000000000000111, 12.40000000000000036, 2.949999999999999734 ) ) ;
#54 = ORIENTED_EDGE ( 'NONE', *, *, #3024, .F. ) ;
#55 = ADVANCED_BREP_SHAPE_REPRESENTATION ( '', ( #1020, #3432, #2084 ), #4998 ) ;
#56 = ITEM_DEFINED_TRANSFORMATION ( 'NONE', 'NONE', #4417,  #2084 ) ;
#57 = VECTOR ( 'NONE', #6854, 1000.000000000000000 ) ;
#58 = DIRECTION ( 'NONE',  ( -9.239288078572121381E-15, 1.000000000000000000, 0.0000000000000000000 ) ) ;
#59 = CARTESIAN_POINT ( 'NONE',  ( 1.149858762714560445, 4.175174254344274694, -0.6400000000000001243 ) ) ;
#60 = ADVANCED_FACE ( 'NONE', ( #5345 ), #3755, .T. ) ;
#61 = EDGE_CURVE ( 'NONE', #7004, #5546, #1454, .T. ) ;
#62 = EDGE_CURVE ( 'NONE', #3917, #823, #5851, .T. ) ;
#63 = AXIS2_PLACEMENT_3D ( 'NONE', #2576, #5248, #4645 ) ;
#64 = EDGE_LOOP ( 'NONE', ( #3510, #6971, #785, #4197 ) ) ;
#65 = FACE_OUTER_BOUND ( 'NONE', #3379, .T. ) ;
#66 = ORIENTED_EDGE ( 'NONE', *, *, #6570, .T. ) ;
#67 = LINE ( 'NONE', #6751, #4135 ) ;
#68 = VECTOR ( 'NONE', #4385, 1000.000000000000000 ) ;
#69 = CARTESIAN_POINT ( 'NONE',  ( 1.409999999999999920, 0.2999999999999999889, 0.5699999999999999512 ) ) ;
#70 = LINE ( 'NONE', #3979, #2611 ) ;
#71 = EDGE_CURVE ( 'NONE', #337, #2658, #6373, .T. ) ;
#72 = CARTESIAN_POINT ( 'NONE',  ( 2.333333333333300175, 3.000000000000000000, -0.6400000000000000133 ) ) ;
#73 = VECTOR ( 'NONE', #2557, 1000.000000000000000 ) ;
#74 = ORIENTED_EDGE ( 'NONE', *, *, #4041, .F. ) ;
#75 = DIRECTION ( 'NONE',  ( 1.000000000000000000, 0.0000000000000000000, 0.0000000000000000000 ) ) ;
#76 = ORIENTED_EDGE ( 'NONE', *, *, #6935, .T. ) ;
#77 = CARTESIAN_POINT ( 'NONE',  ( -5.208292492219720393E-06, 0.9583334156682049576, -0.6400000000000000133 ) ) ;
#78 = VECTOR ( 'NONE', #4788, 1000.000000000000000 ) ;
#79 = FACE_OUTER_BOUND ( 'NONE', #4152, .T. ) ;
#80 = PLANE ( 'NONE',  #2856 ) ;
#81 = ORIENTED_EDGE ( 'NONE', *, *, #4743, .T. ) ;
#82 = EDGE_LOOP ( 'NONE', ( #792, #128, #5899, #2870 ) ) ;
#83 = VECTOR ( 'NONE', #1808, 1000.000000000000000 ) ;
#84 = DIRECTION ( 'NONE',  ( -4.713922489067409854E-16, 0.0000000000000000000, -1.000000000000000000 ) ) ;
#85 = CARTESIAN_POINT ( 'NONE',  ( 2.416666666666675400, 4.279999999999995808, -0.6400000000000001243 ) ) ;
#86 = DIRECTION ( 'NONE',  ( 1.000000000000000000, 0.0000000000000000000, 0.0000000000000000000 ) ) ;
#87 = PRESENTATION_LAYER_ASSIGNMENT (  '', '', ( #6848 ) ) ;
#88 = AXIS2_PLACEMENT_3D ( 'NONE', #2443, #5300, #309 ) ;
#89 = CYLINDRICAL_SURFACE ( 'NONE', #4640, 1.149999999999999911 ) ;
#90 = PRODUCT_DEFINITION_SHAPE ( 'NONE', 'NONE',  #7217 ) ;
#91 = CARTESIAN_POINT ( 'NONE',  ( 2.000000000000000000, 3.000000000000000000, 0.0000000000000000000 ) ) ;
#92 = CARTESIAN_POINT ( 'NONE',  ( 2.490000000000000213, 12.40000000000000036, 2.949999999999999734 ) ) ;
#93 = MECHANICAL_DESIGN_GEOMETRIC_PRESENTATION_REPRESENTATION (  '', ( #6152 ), #2091 ) ;
#94 = CARTESIAN_POINT ( 'NONE',  ( -1.084202172485503941E-16, 0.9166666666666608565, 0.6400000000000000133 ) ) ;
#95 = CARTESIAN_POINT ( 'NONE',  ( -0.01571444135549936172, 3.622906043228277806, 0.6400000000000001243 ) ) ;
#96 = CIRCLE ( 'NONE', #4182, 0.6500000000000000222 ) ;
#97 = DIRECTION ( 'NONE',  ( -1.000000000000000000, 0.0000000000000000000, 0.0000000000000000000 ) ) ;
#98 = ORIENTED_EDGE ( 'NONE', *, *, #3820, .T. ) ;
#99 = LINE ( 'NONE', #5028, #1827 ) ;
#100 = ORIENTED_EDGE ( 'NONE', *, *, #7205, .F. ) ;
#101 = EDGE_CURVE ( 'NONE', #5620, #2106, #1379, .T. ) ;
#102 = PLANE ( 'NONE',  #7041 ) ;
#103 = EDGE_CURVE ( 'NONE', #4319, #3531, #856, .T. ) ;
#104 = PRODUCT_RELATED_PRODUCT_CATEGORY ( 'part', '', ( #4984 ) ) ;
#105 = FACE_OUTER_BOUND ( 'NONE', #2024, .T. ) ;
#106 = CARTESIAN_POINT ( 'NONE',  ( -1.253710207020000578, 1.428108665313539083, -0.6400000000000001243 ) ) ;
#107 = ORIENTED_EDGE ( 'NONE', *, *, #210, .T. ) ;
#108 = LINE ( 'NONE', #1246, #2982 ) ;
#109 = EDGE_CURVE ( 'NONE', #1635, #6346, #243, .T. ) ;
#110 = EDGE_CURVE ( 'NONE', #6082, #506, #2592, .T. ) ;
#111 = VERTEX_POINT ( 'NONE', #3095 ) ;
#112 = VECTOR ( 'NONE', #898, 1000.000000000000000 ) ;
#113 = CARTESIAN_POINT ( 'NONE',  ( 2.833333333333289517, 3.000000000000000000, -0.6400000000000000133 ) ) ;
#114 = DIRECTION ( 'NONE',  ( 1.000000000000000000, 0.0000000000000000000, 0.0000000000000000000 ) ) ;
#115 = LINE ( 'NONE', #3447, #3711 ) ;
#116 = CARTESIAN_POINT ( 'NONE',  ( 1.481621196777171967, 2.936081862405050202, 0.6400000000000000133 ) ) ;
#117 = ORIENTED_EDGE ( 'NONE', *, *, #3182, .T. ) ;
#118 = SURFACE_STYLE_USAGE ( .BOTH. , #696 ) ;
#119 = ORIENTED_EDGE ( 'NONE', *, *, #906, .F. ) ;
#120 = LINE ( 'NONE', #2364, #513 ) ;
#121 = EDGE_CURVE ( 'NONE', #1649, #6863, #315, .T. ) ;
#122 = CARTESIAN_POINT ( 'NONE',  ( -3.959999999999999964, 3.200000000000000178, 8.673617379884030542E-16 ) ) ;
#123 =( NAMED_UNIT ( * ) SI_UNIT ( $, .STERADIAN. ) SOLID_ANGLE_UNIT ( ) );
#124 = CARTESIAN_POINT ( 'NONE',  ( 3.510000000000000231, 13.40000000000000036, 3.850000000000000089 ) ) ;
#125 = CARTESIAN_POINT ( 'NONE',  ( -4.009999999999999787, 0.0000000000000000000, -2.899999999999999911 ) ) ;
#126 = CARTESIAN_POINT ( 'NONE',  ( 0.1021084803288501985, 1.644336412802515079, 0.6400000000000000133 ) ) ;
#127 = CARTESIAN_POINT ( 'NONE',  ( 2.054999864970844747, 4.280008541599678473, -0.6400000000000001243 ) ) ;
#128 = ORIENTED_EDGE ( 'NONE', *, *, #6392, .T. ) ;
#129 = PLANE ( 'NONE',  #1452 ) ;
#130 = EDGE_LOOP ( 'NONE', ( #813, #6594, #5462, #5555 ) ) ;
#131 = FACE_OUTER_BOUND ( 'NONE', #3339, .T. ) ;
#132 = EDGE_LOOP ( 'NONE', ( #1925, #6560, #4031, #5564 ) ) ;
#133 = DIRECTION ( 'NONE',  ( 0.0000000000000000000, 1.000000000000000000, 0.0000000000000000000 ) ) ;
#134 = PLANE ( 'NONE',  #447 ) ;
#135 = CARTESIAN_POINT ( 'NONE',  ( 0.0000000000000000000, 0.1666666666666674901, 0.6400000000000000133 ) ) ;
#136 = ADVANCED_FACE ( 'NONE', ( #5378, #5968 ), #2559, .T. ) ;
#137 = CARTESIAN_POINT ( 'NONE',  ( 0.0000000000000000000, 0.3333333333333330373, 0.6400000000000000133 ) ) ;
#138 = ORIENTED_EDGE ( 'NONE', *, *, #565, .F. ) ;
#139 = CARTESIAN_POINT ( 'NONE',  ( -2.880000000000000338, 0.0000000000000000000, 3.850000000000000089 ) ) ;
#140 = AXIS2_PLACEMENT_3D ( 'NONE', #6084, #1708, #7103 ) ;
#141 = ADVANCED_BREP_SHAPE_REPRESENTATION ( '', ( #3417, #3235, #2084 ), #3253 ) ;
#142 = PRODUCT_DEFINITION_SHAPE ( 'NONE', 'NONE',  #4443 ) ;
#143 = CARTESIAN_POINT ( 'NONE',  ( 0.4006670468120264728, 2.229094171558219983, -0.6400000000000000133 ) ) ;
#144 = CARTESIAN_POINT ( 'NONE',  ( 1.934550282381494846, 2.999991818833284807, 0.6400000000000000133 ) ) ;
#145 = EDGE_CURVE ( 'NONE', #2599, #5177, #3519, .T. ) ;
#146 = EDGE_CURVE ( 'NONE', #834, #6923, #1667, .T. ) ;
#147 = CARTESIAN_POINT ( 'NONE',  ( 3.333333333333423187, 1.720000000000000639, 0.6400000000000001243 ) ) ;
#148 = ORIENTED_EDGE ( 'NONE', *, *, #1272, .T. ) ;
#149 = SURFACE_STYLE_FILL_AREA ( #5012 ) ;
#150 = VERTEX_POINT ( 'NONE', #6554 ) ;
#151 = CARTESIAN_POINT ( 'NONE',  ( -1.279999999999998694, 0.1666666666666654917, 0.6400000000000001243 ) ) ;
#152 = VECTOR ( 'NONE', #3415, 1000.000000000000114 ) ;
#153 = CARTESIAN_POINT ( 'NONE',  ( 0.06391813759496078884, 1.518378803222814932, -0.6400000000000000133 ) ) ;
#154 = DIRECTION ( 'NONE',  ( 0.0000000000000000000, 0.0000000000000000000, -1.000000000000000000 ) ) ;
#155 = EDGE_CURVE ( 'NONE', #4455, #1173, #6119, .T. ) ;
#156 = DIRECTION ( 'NONE',  ( 1.000000000000000000, 0.0000000000000000000, 0.0000000000000000000 ) ) ;
#157 = AXIS2_PLACEMENT_3D ( 'NONE', #7075, #2097, #4683 ) ;
#158 = ORIENTED_EDGE ( 'NONE', *, *, #4136, .F. ) ;
#159 = AXIS2_PLACEMENT_3D ( 'NONE', #5939, #5243, #6927 ) ;
#160 = CARTESIAN_POINT ( 'NONE',  ( 0.8199999999999999512, 5.599999999999999645, -1.909999999999999920 ) ) ;
#161 = DIRECTION ( 'NONE',  ( -1.000000000000000000, 1.110223024625155924E-16, 0.0000000000000000000 ) ) ;
#162 = LINE ( 'NONE', #6774, #1089 ) ;
#163 = AXIS2_PLACEMENT_3D ( 'NONE', #3958, #6244, #4973 ) ;
#164 = AXIS2_PLACEMENT_3D ( 'NONE', #7026, #4726, #1969 ) ;
#165 = DIRECTION ( 'NONE',  ( 1.000000000000000000, 0.0000000000000000000, 0.0000000000000000000 ) ) ;
#166 = CARTESIAN_POINT ( 'NONE',  ( 1.913606414129572775, 4.279986582886588842, -0.6400000000000001243 ) ) ;
#167 = VERTEX_POINT ( 'NONE', #3316 ) ;
#168 = VERTEX_POINT ( 'NONE', #6010 ) ;
#169 = LINE ( 'NONE', #2414, #1709 ) ;
#170 = VERTEX_POINT ( 'NONE', #5567 ) ;
#171 = DIRECTION ( 'NONE',  ( 8.761229676650540413E-16, 0.0000000000000000000, 1.000000000000000000 ) ) ;
#172 = DIRECTION ( 'NONE',  ( 1.000000000000000000, -1.110223024625155924E-16, 0.0000000000000000000 ) ) ;
#173 = AXIS2_PLACEMENT_3D ( 'NONE', #763, #6972, #5324 ) ;
#174 = CARTESIAN_POINT ( 'NONE',  ( 2.083333333333342807, 4.279999999999995808, 0.6400000000000001243 ) ) ;
#175 = VERTEX_POINT ( 'NONE', #2242 ) ;
#176 = CARTESIAN_POINT ( 'NONE',  ( 2.000000000000000000, 3.000000000000000000, 0.0000000000000000000 ) ) ;
#177 = EDGE_LOOP ( 'NONE', ( #3618, #7157, #2723, #2360 ) ) ;
#178 = AXIS2_PLACEMENT_3D ( 'NONE', #6170, #3370, #6237 ) ;
#179 = UNCERTAINTY_MEASURE_WITH_UNIT (LENGTH_MEASURE( 1.000000000000000082E-05 ), #6781, 'distance_accuracy_value', 'NONE');
#180 = CARTESIAN_POINT ( 'NONE',  ( -1.279999999999998694, 0.6666666666666656305, 0.6400000000000001243 ) ) ;
#181 = CARTESIAN_POINT ( 'NONE',  ( 1.279998125014697230, 0.9716666963072198016, -0.6400000000000001243 ) ) ;
#182 = VECTOR ( 'NONE', #892, 1000.000000000000000 ) ;
#183 = CARTESIAN_POINT ( 'NONE',  ( 1.279999999999998694, 0.1666666666666654917, -0.6400000000000001243 ) ) ;
#184 = ORIENTED_EDGE ( 'NONE', *, *, #5497, .F. ) ;
#185 = DIRECTION ( 'NONE',  ( -1.000000000000000000, 0.0000000000000000000, 1.141265444721584103E-15 ) ) ;
#186 = ORIENTED_EDGE ( 'NONE', *, *, #1555, .F. ) ;
#187 = CARTESIAN_POINT ( 'NONE',  ( 2.550000000000000266, 0.2999999999999999889, -0.5699999999999999512 ) ) ;
#188 = CIRCLE ( 'NONE', #4281, 0.6400000000000000133 ) ;
#189 = EDGE_CURVE ( 'NONE', #1652, #628, #2672, .T. ) ;
#190 = ORIENTED_EDGE ( 'NONE', *, *, #4734, .F. ) ;
#191 = EDGE_CURVE ( 'NONE', #3985, #5823, #4452, .T. ) ;
#192 = EDGE_CURVE ( 'NONE', #21, #5848, #3896, .T. ) ;
#193 = CARTESIAN_POINT ( 'NONE',  ( 3.510000000000000231, 0.0000000000000000000, 3.850000000000000089 ) ) ;
#194 =( LENGTH_UNIT ( ) NAMED_UNIT ( * ) SI_UNIT ( .MILLI., .METRE. ) );
#195 = CARTESIAN_POINT ( 'NONE',  ( -0.4500000000000000111, 12.40000000000000036, 2.949999999999999734 ) ) ;
#196 = CARTESIAN_POINT ( 'NONE',  ( 0.7709058284417820150, 2.599332953187969864, -0.6400000000000000133 ) ) ;
#197 = VECTOR ( 'NONE', #4578, 1000.000000000000000 ) ;
#198 = LINE ( 'NONE', #5226, #6838 ) ;
#199 = CARTESIAN_POINT ( 'NONE',  ( 4.000000000000000000, 1.720000000000000639, 0.6400000000000001243 ) ) ;
#200 = EDGE_CURVE ( 'NONE', #236, #4455, #3284, .T. ) ;
#201 = VECTOR ( 'NONE', #6513, 1000.000000000000000 ) ;
#202 = CARTESIAN_POINT ( 'NONE',  ( 4.009999999999999787, 6.250000000000000000, -1.909999999999999920 ) ) ;
#203 = CARTESIAN_POINT ( 'NONE',  ( 3.333333333333429849, 3.000000000000000000, 0.6400000000000000133 ) ) ;
#204 = CARTESIAN_POINT ( 'NONE',  ( -3.510000000000000231, 12.40000000000000036, -1.110000000000000098 ) ) ;
#205 = ORIENTED_EDGE ( 'NONE', *, *, #3540, .T. ) ;
#206 = CARTESIAN_POINT ( 'NONE',  ( 2.000000000000000000, 3.000000000000000000, -1.149999999999999911 ) ) ;
#207 = VERTEX_POINT ( 'NONE', #6052 ) ;
#208 = CARTESIAN_POINT ( 'NONE',  ( 2.000000000000000000, 3.000000000000000000, 1.149999999999999911 ) ) ;
#209 = CARTESIAN_POINT ( 'NONE',  ( 3.109999999999999876, 12.59999999999999964, 4.349999999999999645 ) ) ;
#210 = EDGE_CURVE ( 'NONE', #6346, #7121, #2270, .T. ) ;
#211 =( LENGTH_UNIT ( ) NAMED_UNIT ( * ) SI_UNIT ( .MILLI., .METRE. ) );
#212 = CARTESIAN_POINT ( 'NONE',  ( -3.759999999999999787, 9.400000000000000355, 2.100000000000000089 ) ) ;
#213 = VECTOR ( 'NONE', #6763, 1000.000000000000000 ) ;
#214 = CARTESIAN_POINT ( 'NONE',  ( -1.279999999999998694, 0.1666666666666654917, 0.6400000000000001243 ) ) ;
#215 = ORIENTED_EDGE ( 'NONE', *, *, #3624, .F. ) ;
#216 = DIRECTION ( 'NONE',  ( 0.0000000000000000000, 0.0000000000000000000, 1.000000000000000000 ) ) ;
#217 = CIRCLE ( 'NONE', #1727, 0.5000000000000004441 ) ;
#218 = CARTESIAN_POINT ( 'NONE',  ( -1.279999999999998694, 0.7916666666666665186, 0.6400000000000001243 ) ) ;
#219 = CARTESIAN_POINT ( 'NONE',  ( 1.280002945220024335, 1.044505849366581751, -0.6400000000000001243 ) ) ;
#220 = CARTESIAN_POINT ( 'NONE',  ( 1.424240136852308325, 1.442473901760956023, -0.6400000000000001243 ) ) ;
#221 = EDGE_LOOP ( 'NONE', ( #4994, #6203, #2211, #5342, #2494 ) ) ;
#222 = ORIENTED_EDGE ( 'NONE', *, *, #4435, .T. ) ;
#223 = ORIENTED_EDGE ( 'NONE', *, *, #6303, .T. ) ;
#224 = CARTESIAN_POINT ( 'NONE',  ( 5.421010862427519705E-17, 0.8333333333333369231, -0.6400000000000000133 ) ) ;
#225 = FACE_OUTER_BOUND ( 'NONE', #4221, .T. ) ;
#226 = CARTESIAN_POINT ( 'NONE',  ( 1.481621196777171967, 2.936081862405050202, -0.6400000000000000133 ) ) ;
#227 = ADVANCED_FACE ( 'NONE', ( #7138 ), #4950, .T. ) ;
#228 = PRODUCT_RELATED_PRODUCT_CATEGORY ( 'part', '', ( #1729 ) ) ;
#229 = LINE ( 'NONE', #1298, #6131 ) ;
#230 = CARTESIAN_POINT ( 'NONE',  ( 1.279999999999998694, 0.6666666666666656305, 0.6400000000000001243 ) ) ;
#231 = CARTESIAN_POINT ( 'NONE',  ( 0.4006670468120264728, 2.229094171558219983, 0.6400000000000000133 ) ) ;
#232 = CARTESIAN_POINT ( 'NONE',  ( -3.510000000000000231, 13.40000000000000036, -1.110000000000000098 ) ) ;
#233 = CARTESIAN_POINT ( 'NONE',  ( 0.003213581817323009696, 1.130852527098471949, 0.6400000000000000133 ) ) ;
#234 = DIRECTION ( 'NONE',  ( -1.661612524882001628E-16, 0.0000000000000000000, -1.000000000000000000 ) ) ;
#235 = EDGE_CURVE ( 'NONE', #506, #2001, #3252, .T. ) ;
#236 = VERTEX_POINT ( 'NONE', #1085 ) ;
#237 = EDGE_CURVE ( 'NONE', #5421, #7121, #2124, .T. ) ;
#238 = CARTESIAN_POINT ( 'NONE',  ( -2.700000000000000178, 9.400000000000000355, -3.840000000000000302 ) ) ;
#239 = SHAPE_REPRESENTATION ( 'A3963WV-2P.STEP', ( #6501, #2328, #780, #1144, #4417, #1261, #4175 ), #3005 ) ;
#240 = ORIENTED_EDGE ( 'NONE', *, *, #1892, .F. ) ;
#241 = LINE ( 'NONE', #5683, #4962 ) ;
#242 = CARTESIAN_POINT ( 'NONE',  ( -2.490000000000000213, 13.40000000000000036, 3.449999999999999734 ) ) ;
#243 = LINE ( 'NONE', #5309, #1185 ) ;
#244 = CARTESIAN_POINT ( 'NONE',  ( 2.166666666666665186, 3.000000000000000000, 0.6400000000000000133 ) ) ;
#245 = EDGE_CURVE ( 'NONE', #336, #168, #2780, .T. ) ;
#246 = CARTESIAN_POINT ( 'NONE',  ( -1.280008541599682248, 0.9450001350291937774, 0.6400000000000001243 ) ) ;
#247 = ORIENTED_EDGE ( 'NONE', *, *, #1386, .F. ) ;
#248 = CARTESIAN_POINT ( 'NONE',  ( 0.8199999999999999512, 13.40000000000000036, -1.909999999999999920 ) ) ;
#249 = CARTESIAN_POINT ( 'NONE',  ( 0.4500000000000000111, 12.40000000000000036, -1.110000000000000098 ) ) ;
#250 = CARTESIAN_POINT ( 'NONE',  ( -1.237959214485629289, 1.534357598845912829, 0.6400000000000001243 ) ) ;
#251 = CARTESIAN_POINT ( 'NONE',  ( 1.370902103938838268, 1.362673996690775047, 0.6400000000000001243 ) ) ;
#252 = VERTEX_POINT ( 'NONE', #2738 ) ;
#253 = CYLINDRICAL_SURFACE ( 'NONE', #1231, 0.6500000000000000222 ) ;
#254 = VERTEX_POINT ( 'NONE', #7174 ) ;
#255 = ORIENTED_EDGE ( 'NONE', *, *, #1221, .F. ) ;
#256 = LINE ( 'NONE', #3521, #1031 ) ;
#257 = VECTOR ( 'NONE', #1681, 1000.000000000000000 ) ;
#258 =( NAMED_UNIT ( * ) SI_UNIT ( $, .STERADIAN. ) SOLID_ANGLE_UNIT ( ) );
#259 = DIRECTION ( 'NONE',  ( 0.0000000000000000000, -0.7071067811865470176, -0.7071067811865480168 ) ) ;
#260 = VERTEX_POINT ( 'NONE', #973 ) ;
#261 = AXIS2_PLACEMENT_3D ( 'NONE', #5976, #1462, #2058 ) ;
#262 = CIRCLE ( 'NONE', #3418, 0.5000000000000000000 ) ;
#263 = CARTESIAN_POINT ( 'NONE',  ( 1.637326003309222955, 1.629097896061105999, -0.6400000000000001243 ) ) ;
#264 = PLANE ( 'NONE',  #910 ) ;
#265 = DIRECTION ( 'NONE',  ( 1.000000000000000000, 0.0000000000000000000, 0.0000000000000000000 ) ) ;
#266 = PLANE ( 'NONE',  #4967 ) ;
#267 = PLANE ( 'NONE',  #6260 ) ;
#268 = AXIS2_PLACEMENT_3D ( 'NONE', #4617, #2542, #1992 ) ;
#269 = DIRECTION ( 'NONE',  ( 0.0000000000000000000, -1.000000000000000000, 0.0000000000000000000 ) ) ;
#270 = ORIENTED_EDGE ( 'NONE', *, *, #6926, .T. ) ;
#271 = DIRECTION ( 'NONE',  ( -1.000000000000000000, -9.050731179009429759E-15, 0.0000000000000000000 ) ) ;
#272 = ORIENTED_EDGE ( 'NONE', *, *, #2268, .T. ) ;
#273 = CARTESIAN_POINT ( 'NONE',  ( 0.5699999999999999512, 9.900000000000000355, 0.5699999999999999512 ) ) ;
#274 = AXIS2_PLACEMENT_3D ( 'NONE', #2227, #4030, #6105 ) ;
#275 = LINE ( 'NONE', #5820, #2745 ) ;
#276 = MECHANICAL_DESIGN_GEOMETRIC_PRESENTATION_REPRESENTATION (  '', ( #4938 ), #3548 ) ;
#277 = FACE_OUTER_BOUND ( 'NONE', #1071, .T. ) ;
#278 = ADVANCED_FACE ( 'NONE', ( #475 ), #5025, .F. ) ;
#279 = EDGE_CURVE ( 'NONE', #3951, #2646, #7211, .T. ) ;
#280 = CARTESIAN_POINT ( 'NONE',  ( 0.0000000000000000000, 0.0000000000000000000, 0.0000000000000000000 ) ) ;
#281 = ADVANCED_FACE ( 'NONE', ( #1017 ), #5457, .F. ) ;
#282 = DIRECTION ( 'NONE',  ( 0.0000000000000000000, 0.0000000000000000000, 1.000000000000000000 ) ) ;
#283 = CARTESIAN_POINT ( 'NONE',  ( 0.06391813759496070557, 1.518378803222814932, 0.6400000000000000133 ) ) ;
#284 = ORIENTED_EDGE ( 'NONE', *, *, #3908, .T. ) ;
#285 = LINE ( 'NONE', #139, #1235 ) ;
#286 = ORIENTED_EDGE ( 'NONE', *, *, #4603, .T. ) ;
#287 = VECTOR ( 'NONE', #728, 1000.000000000000000 ) ;
#288 = EDGE_CURVE ( 'NONE', #3407, #5479, #5123, .T. ) ;
#289 = DIRECTION ( 'NONE',  ( 0.0000000000000000000, 1.000000000000000000, -1.867108438696554720E-33 ) ) ;
#290 = CARTESIAN_POINT ( 'NONE',  ( 2.083333333333342807, 4.279999999999995808, 0.6400000000000001243 ) ) ;
#291 = CARTESIAN_POINT ( 'NONE',  ( 2.666666666666638541, 1.720000000000000639, 0.6400000000000001243 ) ) ;
#292 = CARTESIAN_POINT ( 'NONE',  ( 2.416666666666675400, 1.720000000000000639, 0.6400000000000001243 ) ) ;
#293 = VECTOR ( 'NONE', #3335, 1000.000000000000000 ) ;
#294 = CARTESIAN_POINT ( 'NONE',  ( -1.080000000000000071, 6.299999999999999822, 3.850000000000000089 ) ) ;
#295 = VERTEX_POINT ( 'NONE', #6811 ) ;
#296 = ORIENTED_EDGE ( 'NONE', *, *, #5804, .T. ) ;
#297 = VECTOR ( 'NONE', #817, 1000.000000000000000 ) ;
#298 = CARTESIAN_POINT ( 'NONE',  ( 0.8199999999999999512, 8.224999999999999645, -3.660000000000000142 ) ) ;
#299 = CARTESIAN_POINT ( 'NONE',  ( 0.5699999999999999512, -2.700000000000000178, -0.5699999999999999512 ) ) ;
#300 = LINE ( 'NONE', #4784, #2898 ) ;
#301 = FACE_OUTER_BOUND ( 'NONE', #2828, .T. ) ;
#302 = ORIENTED_EDGE ( 'NONE', *, *, #5260, .F. ) ;
#303 = VECTOR ( 'NONE', #4554, 1000.000000000000000 ) ;
#304 = CARTESIAN_POINT ( 'NONE',  ( 0.0000000000000000000, 6.250000000000000000, 0.0000000000000000000 ) ) ;
#305 = CARTESIAN_POINT ( 'NONE',  ( 2.166666666666661634, 1.720000000000000639, 0.6400000000000001243 ) ) ;
#306 = CARTESIAN_POINT ( 'NONE',  ( -2.700000000000000178, 7.799999999999999822, -2.000000000000000000 ) ) ;
#307 = PLANE ( 'NONE',  #6138 ) ;
#308 = CIRCLE ( 'NONE', #2543, 1.350000000000000089 ) ;
#309 = DIRECTION ( 'NONE',  ( 0.0000000000000000000, 0.0000000000000000000, 1.000000000000000000 ) ) ;
#310 = ORIENTED_EDGE ( 'NONE', *, *, #6036, .T. ) ;
#311 = DIRECTION ( 'NONE',  ( -9.050731179009431337E-15, 1.000000000000000000, -1.867108438696215001E-33 ) ) ;
#312 = ORIENTED_EDGE ( 'NONE', *, *, #2844, .T. ) ;
#313 = SHAPE_DEFINITION_REPRESENTATION ( #4468, #2952 ) ;
#314 = AXIS2_PLACEMENT_3D ( 'NONE', #6803, #1117, #6250 ) ;
#315 = LINE ( 'NONE', #7028, #3754 ) ;
#316 = DIRECTION ( 'NONE',  ( 0.0000000000000000000, -1.000000000000000000, 0.0000000000000000000 ) ) ;
#317 = AXIS2_PLACEMENT_3D ( 'NONE', #3050, #5842, #1999 ) ;
#318 = CARTESIAN_POINT ( 'NONE',  ( 2.416666666666674956, 3.000000000000000000, 0.6400000000000000133 ) ) ;
#319 = EDGE_CURVE ( 'NONE', #1848, #834, #2306, .T. ) ;
#320 = ORIENTED_EDGE ( 'NONE', *, *, #6002, .T. ) ;
#321 = ADVANCED_FACE ( 'NONE', ( #4655 ), #831, .T. ) ;
#322 = DIRECTION ( 'NONE',  ( 1.000000000000000000, 0.0000000000000000000, 0.0000000000000000000 ) ) ;
#323 = ORIENTED_EDGE ( 'NONE', *, *, #1935, .F. ) ;
#324 = DIRECTION ( 'NONE',  ( 1.000000000000000000, 0.0000000000000000000, 3.614007241618350250E-16 ) ) ;
#325 = DIRECTION ( 'NONE',  ( 1.000000000000000000, 0.0000000000000000000, 0.0000000000000000000 ) ) ;
#326 = TOROIDAL_SURFACE ( 'NONE', #3365, 2.000000000000000000, 0.6500000000000000222 ) ;
#327 = PLANE ( 'NONE',  #7203 ) ;
#328 = CARTESIAN_POINT ( 'NONE',  ( 2.416666666666675400, 4.279999999999995808, -0.6400000000000001243 ) ) ;
#329 = CARTESIAN_POINT ( 'NONE',  ( 1.303010529534182282, 1.186616369160203410, -0.6400000000000001243 ) ) ;
#330 = CARTESIAN_POINT ( 'NONE',  ( 2.333333333333299731, 1.720000000000000639, -0.6400000000000001243 ) ) ;
#331 = VECTOR ( 'NONE', #1281, 1000.000000000000000 ) ;
#332 = EDGE_CURVE ( 'NONE', #1305, #2421, #5635, .T. ) ;
#333 = VERTEX_POINT ( 'NONE', #1233 ) ;
#334 = EDGE_CURVE ( 'NONE', #1722, #3029, #4045, .T. ) ;
#335 = DIRECTION ( 'NONE',  ( 0.0000000000000000000, -0.2873478855663425535, -0.9578262852211522071 ) ) ;
#336 = VERTEX_POINT ( 'NONE', #1778 ) ;
#337 = VERTEX_POINT ( 'NONE', #2441 ) ;
#338 = CARTESIAN_POINT ( 'NONE',  ( 1.820000000000000062, 8.224999999999999645, -3.657157890324960192 ) ) ;
#339 = DIRECTION ( 'NONE',  ( 0.0000000000000000000, 0.0000000000000000000, -1.000000000000000000 ) ) ;
#340 = LINE ( 'NONE', #5330, #4871 ) ;
#341 = DIRECTION ( 'NONE',  ( 0.0000000000000000000, 1.000000000000000000, 0.0000000000000000000 ) ) ;
#342 = VERTEX_POINT ( 'NONE', #4556 ) ;
#343 = EDGE_CURVE ( 'NONE', #1275, #2363, #3422, .T. ) ;
#344 = CARTESIAN_POINT ( 'NONE',  ( -2.550000000000000266, 0.2999999999999999889, 0.5699999999999999512 ) ) ;
#345 = CARTESIAN_POINT ( 'NONE',  ( 1.280002945220024335, 1.044505849366581751, 0.6400000000000001243 ) ) ;
#346 = CARTESIAN_POINT ( 'NONE',  ( 3.109999999999999876, 13.40000000000000036, 3.850000000000000089 ) ) ;
#347 = FACE_OUTER_BOUND ( 'NONE', #6171, .T. ) ;
#348 = CARTESIAN_POINT ( 'NONE',  ( 0.9925722314144990177, 2.747494155725414888, 0.6400000000000000133 ) ) ;
#349 = CARTESIAN_POINT ( 'NONE',  ( 1.469999999999999973, 12.40000000000000036, 3.449999999999999734 ) ) ;
#350 = ORIENTED_EDGE ( 'NONE', *, *, #2798, .F. ) ;
#351 = DIRECTION ( 'NONE',  ( 0.0000000000000000000, 1.000000000000000000, 0.0000000000000000000 ) ) ;
#352 = VERTEX_POINT ( 'NONE', #6876 ) ;
#353 = LINE ( 'NONE', #4301, #4275 ) ;
#354 = DIRECTION ( 'NONE',  ( 0.0000000000000000000, 0.0000000000000000000, 1.000000000000000000 ) ) ;
#355 = DIRECTION ( 'NONE',  ( -1.000000000000000000, 1.833024472948824766E-16, 0.0000000000000000000 ) ) ;
#356 = CARTESIAN_POINT ( 'NONE',  ( 2.709999999999999964, 6.299999999999999822, 2.949999999999999734 ) ) ;
#357 = FILL_AREA_STYLE ('',( #2594 ) ) ;
#358 = DIRECTION ( 'NONE',  ( -1.000000000000000000, -9.239288078572126114E-15, 0.0000000000000000000 ) ) ;
#359 = CARTESIAN_POINT ( 'NONE',  ( 0.0000000000000000000, 0.1666666666666674901, 0.6400000000000000133 ) ) ;
#360 = ORIENTED_EDGE ( 'NONE', *, *, #6583, .F. ) ;
#361 = FACE_OUTER_BOUND ( 'NONE', #6247, .T. ) ;
#362 = ORIENTED_EDGE ( 'NONE', *, *, #7060, .T. ) ;
#363 = DIRECTION ( 'NONE',  ( 0.0000000000000000000, 1.000000000000000000, 0.0000000000000000000 ) ) ;
#364 = FACE_OUTER_BOUND ( 'NONE', #1531, .T. ) ;
#365 = LINE ( 'NONE', #4809, #6970 ) ;
#366 = CARTESIAN_POINT ( 'NONE',  ( 0.9925722314144990177, 2.747494155725414888, 0.6400000000000000133 ) ) ;
#367 = CARTESIAN_POINT ( 'NONE',  ( 2.666666666666638541, 1.720000000000000639, -0.6400000000000001243 ) ) ;
#368 = AXIS2_PLACEMENT_3D ( 'NONE', #7065, #2086, #5237 ) ;
#369 = ORIENTED_EDGE ( 'NONE', *, *, #1803, .T. ) ;
#370 = DIRECTION ( 'NONE',  ( 1.000000000000000000, 1.062943306358337910E-16, 0.0000000000000000000 ) ) ;
#371 = ORIENTED_EDGE ( 'NONE', *, *, #4260, .T. ) ;
#372 = ORIENTED_EDGE ( 'NONE', *, *, #6095, .T. ) ;
#373 = APPLICATION_CONTEXT ( 'automotive_design' ) ;
#374 = CARTESIAN_POINT ( 'NONE',  ( 1.279999999999998694, 0.9166666666666598573, -0.6400000000000001243 ) ) ;
#375 = EDGE_CURVE ( 'NONE', #6973, #2284, #2343, .T. ) ;
#376 = DIRECTION ( 'NONE',  ( 0.0000000000000000000, 0.0000000000000000000, 1.000000000000000000 ) ) ;
#377 = EDGE_CURVE ( 'NONE', #5250, #260, #162, .T. ) ;
#378 = CARTESIAN_POINT ( 'NONE',  ( -2.490000000000000213, 12.40000000000000036, 2.949999999999999734 ) ) ;
#379 = CARTESIAN_POINT ( 'NONE',  ( 2.666666666666639873, 3.000000000000000000, -0.6400000000000000133 ) ) ;
#380 = ORIENTED_EDGE ( 'NONE', *, *, #3467, .F. ) ;
#381 = CARTESIAN_POINT ( 'NONE',  ( -1.820000000000000062, 11.90000000000000036, -3.660000000000000142 ) ) ;
#382 = CARTESIAN_POINT ( 'NONE',  ( 2.083333333333340143, 1.720000000000000639, -0.6400000000000001243 ) ) ;
#383 = LINE ( 'NONE', #1368, #5502 ) ;
#384 = DIRECTION ( 'NONE',  ( 0.0000000000000000000, 1.000000000000000000, 0.0000000000000000000 ) ) ;
#385 = EDGE_CURVE ( 'NONE', #5132, #1949, #5673, .T. ) ;
#386 = CARTESIAN_POINT ( 'NONE',  ( 0.5699999999999999512, -3.700000000000000178, 0.5699999999999999512 ) ) ;
#387 = DIRECTION ( 'NONE',  ( -1.000000000000000000, 1.110223024625155924E-16, 0.0000000000000000000 ) ) ;
#388 = VERTEX_POINT ( 'NONE', #2943 ) ;
#389 = VECTOR ( 'NONE', #1242, 1000.000000000000000 ) ;
#390 = LINE ( 'NONE', #3131, #5758 ) ;
#391 = FACE_OUTER_BOUND ( 'NONE', #6784, .T. ) ;
#392 = PRODUCT_CONTEXT ( 'NONE', #1909, 'mechanical' ) ;
#393 = FACE_OUTER_BOUND ( 'NONE', #3515, .T. ) ;
#394 = DIRECTION ( 'NONE',  ( 1.000000000000000000, 2.465190328815659976E-32, 0.0000000000000000000 ) ) ;
#395 = DIRECTION ( 'NONE',  ( -1.000000000000000000, 1.110223024625155924E-16, 0.0000000000000000000 ) ) ;
#396 = PLANE ( 'NONE',  #2287 ) ;
#397 = AXIS2_PLACEMENT_3D ( 'NONE', #6632, #1051, #1636 ) ;
#398 = ORIENTED_EDGE ( 'NONE', *, *, #4783, .T. ) ;
#399 = FACE_OUTER_BOUND ( 'NONE', #489, .T. ) ;
#400 = DIRECTION ( 'NONE',  ( 0.0000000000000000000, 0.0000000000000000000, 1.000000000000000000 ) ) ;
#401 = FACE_OUTER_BOUND ( 'NONE', #6186, .T. ) ;
#402 = PLANE ( 'NONE',  #6861 ) ;
#403 = CARTESIAN_POINT ( 'NONE',  ( 3.510000000000000231, 13.40000000000000036, 3.350000000000000089 ) ) ;
#404 = AXIS2_PLACEMENT_3D ( 'NONE', #2693, #4897, #5441 ) ;
#405 = CARTESIAN_POINT ( 'NONE',  ( 0.0000000000000000000, 0.7916666666666679619, -0.6400000000000000133 ) ) ;
#406 = VECTOR ( 'NONE', #133, 1000.000000000000000 ) ;
#407 = ORIENTED_EDGE ( 'NONE', *, *, #1313, .T. ) ;
#408 = ORIENTED_EDGE ( 'NONE', *, *, #5812, .T. ) ;
#409 = FACE_BOUND ( 'NONE', #1217, .T. ) ;
#410 = EDGE_LOOP ( 'NONE', ( #5974, #1658, #443, #7207 ) ) ;
#411 = AXIS2_PLACEMENT_3D ( 'NONE', #1926, #4558, #5639 ) ;
#412 = EDGE_LOOP ( 'NONE', ( #679, #4813, #6370, #3399 ) ) ;
#413 = CARTESIAN_POINT ( 'NONE',  ( 1.952893090244558039, 1.718843110545767106, -0.6400000000000001243 ) ) ;
#414 = CARTESIAN_POINT ( 'NONE',  ( 2.880000000000000338, 6.299999999999999822, 3.850000000000000089 ) ) ;
#415 = DIRECTION ( 'NONE',  ( 0.0000000000000000000, 1.000000000000000000, 0.0000000000000000000 ) ) ;
#416 = DIRECTION ( 'NONE',  ( 0.0000000000000000000, 0.0000000000000000000, 1.000000000000000000 ) ) ;
#417 = VECTOR ( 'NONE', #3229, 1000.000000000000227 ) ;
#418 = FACE_OUTER_BOUND ( 'NONE', #5580, .T. ) ;
#419 = ORIENTED_EDGE ( 'NONE', *, *, #7060, .F. ) ;
#420 = ADVANCED_FACE ( 'NONE', ( #6295 ), #2911, .F. ) ;
#421 = EDGE_CURVE ( 'NONE', #6827, #3770, #37, .T. ) ;
#422 = CARTESIAN_POINT ( 'NONE',  ( 2.609999999999999876, 13.40000000000000036, 4.850000000000000533 ) ) ;
#423 = ADVANCED_FACE ( 'NONE', ( #5740 ), #5601, .T. ) ;
#424 = VECTOR ( 'NONE', #5383, 1000.000000000000000 ) ;
#425 = CARTESIAN_POINT ( 'NONE',  ( 1.906024927126289237, 1.714229069833648866, -0.6400000000000001243 ) ) ;
#426 = CARTESIAN_POINT ( 'NONE',  ( 1.279999999999998694, 0.0000000000000000000, 0.6400000000000001243 ) ) ;
#427 = DIRECTION ( 'NONE',  ( 0.0000000000000000000, 0.0000000000000000000, -1.000000000000000000 ) ) ;
#428 = CARTESIAN_POINT ( 'NONE',  ( -3.759999999999999787, 3.200000000000000178, -3.188829919075015332E-16 ) ) ;
#429 = DIRECTION ( 'NONE',  ( 1.000000000000000000, 0.0000000000000000000, 0.0000000000000000000 ) ) ;
#430 = VECTOR ( 'NONE', #4954, 1000.000000000000000 ) ;
#431 = ORIENTED_EDGE ( 'NONE', *, *, #189, .F. ) ;
#432 = DIRECTION ( 'NONE',  ( 1.000000000000000000, 0.0000000000000000000, 0.0000000000000000000 ) ) ;
#433 = EDGE_CURVE ( 'NONE', #6974, #6577, #2036, .T. ) ;
#434 = SHAPE_DEFINITION_REPRESENTATION ( #1376, #239 ) ;
#435 = CARTESIAN_POINT ( 'NONE',  ( 2.000000000000000000, 3.000000000000000000, 0.0000000000000000000 ) ) ;
#436 = CIRCLE ( 'NONE', #1360, 0.6500000000000000222 ) ;
#437 = DIRECTION ( 'NONE',  ( 0.0000000000000000000, 0.0000000000000000000, 1.000000000000000000 ) ) ;
#438 = CARTESIAN_POINT ( 'NONE',  ( 3.666666666667149688, 3.000000000000000000, 0.6400000000000000133 ) ) ;
#439 = AXIS2_PLACEMENT_3D ( 'NONE', #4410, #6547, #2037 ) ;
#440 = VERTEX_POINT ( 'NONE', #3084 ) ;
#441 = EDGE_CURVE ( 'NONE', #6199, #1858, #4717, .T. ) ;
#442 = CARTESIAN_POINT ( 'NONE',  ( 0.6499999999999999112, -1.191465907416736086E-16, 9.335542193482694912E-34 ) ) ;
#443 = ORIENTED_EDGE ( 'NONE', *, *, #2707, .T. ) ;
#444 = CARTESIAN_POINT ( 'NONE',  ( 2.000000000000000000, 3.000000000000000000, -0.6500000000000000222 ) ) ;
#445 = CARTESIAN_POINT ( 'NONE',  ( 1.469999999999999973, 12.40000000000000036, 3.449999999999999734 ) ) ;
#446 = DIRECTION ( 'NONE',  ( 0.0000000000000000000, 0.0000000000000000000, -1.000000000000000000 ) ) ;
#447 = AXIS2_PLACEMENT_3D ( 'NONE', #1309, #687, #3978 ) ;
#448 = CARTESIAN_POINT ( 'NONE',  ( 1.214999999999999858, 0.0000000000000000000, -3.290000000000000036 ) ) ;
#449 = VECTOR ( 'NONE', #963, 1000.000000000000000 ) ;
#450 = CARTESIAN_POINT ( 'NONE',  ( 1.355663587197480036, 2.897891519671150107, -0.6400000000000000133 ) ) ;
#451 = ORIENTED_EDGE ( 'NONE', *, *, #375, .F. ) ;
#452 = CARTESIAN_POINT ( 'NONE',  ( 4.000000000000000000, 1.720000000000000639, -0.6400000000000001243 ) ) ;
#453 = ORIENTED_EDGE ( 'NONE', *, *, #2272, .F. ) ;
#454 = FACE_OUTER_BOUND ( 'NONE', #177, .T. ) ;
#455 = ORIENTED_EDGE ( 'NONE', *, *, #1016, .F. ) ;
#456 = AXIS2_PLACEMENT_3D ( 'NONE', #2070, #3158, #4819 ) ;
#457 = ORIENTED_EDGE ( 'NONE', *, *, #1445, .F. ) ;
#458 = CARTESIAN_POINT ( 'NONE',  ( 2.083333333333342807, 1.720000000000000639, 0.6400000000000001243 ) ) ;
#459 = CARTESIAN_POINT ( 'NONE',  ( -2.909999999999999698, 12.40000000000000036, 3.850000000000000089 ) ) ;
#460 = LINE ( 'NONE', #378, #2555 ) ;
#461 = CARTESIAN_POINT ( 'NONE',  ( -3.510000000000000231, 13.40000000000000036, 3.350000000000000089 ) ) ;
#462 = ORIENTED_EDGE ( 'NONE', *, *, #5498, .T. ) ;
#463 = CARTESIAN_POINT ( 'NONE',  ( 2.666666666666638541, 4.279999999999995808, 0.6400000000000001243 ) ) ;
#464 = CARTESIAN_POINT ( 'NONE',  ( 2.041666584331814693, 3.000005208292495062, -0.6400000000000000133 ) ) ;
#465 = CARTESIAN_POINT ( 'NONE',  ( 3.666666666667149688, 3.000000000000000000, 0.6400000000000000133 ) ) ;
#466 = DIRECTION ( 'NONE',  ( -1.000000000000000000, 0.0000000000000000000, 0.0000000000000000000 ) ) ;
#467 = CARTESIAN_POINT ( 'NONE',  ( -1.214999999999999858, 0.2999999999999999889, -3.290000000000000036 ) ) ;
#468 = EDGE_CURVE ( 'NONE', #4685, #1361, #4218, .T. ) ;
#469 = ORIENTED_EDGE ( 'NONE', *, *, #1237, .T. ) ;
#470 = PLANE ( 'NONE',  #3546 ) ;
#471 = ORIENTED_EDGE ( 'NONE', *, *, #3377, .F. ) ;
#472 =( NAMED_UNIT ( * ) SI_UNIT ( $, .STERADIAN. ) SOLID_ANGLE_UNIT ( ) );
#473 = FACE_OUTER_BOUND ( 'NONE', #4905, .T. ) ;
#474 = AXIS2_PLACEMENT_3D ( 'NONE', #6519, #6954, #1416 ) ;
#475 = FACE_OUTER_BOUND ( 'NONE', #2171, .T. ) ;
#476 =( NAMED_UNIT ( * ) PLANE_ANGLE_UNIT ( ) SI_UNIT ( $, .RADIAN. ) );
#477 = EDGE_CURVE ( 'NONE', #5036, #1848, #4255, .T. ) ;
#478 = ADVANCED_FACE ( 'NONE', ( #5813 ), #5922, .F. ) ;
#479 = CARTESIAN_POINT ( 'NONE',  ( 4.000000000000000000, 3.000000000000000000, 0.6400000000000000133 ) ) ;
#480 = ORIENTED_EDGE ( 'NONE', *, *, #3002, .F. ) ;
#481 = CARTESIAN_POINT ( 'NONE',  ( 1.250000000000000000, 6.299999999999999822, 2.949999999999999734 ) ) ;
#482 = ORIENTED_EDGE ( 'NONE', *, *, #377, .F. ) ;
#483 = PLANE ( 'NONE',  #5393 ) ;
#484 = DIRECTION ( 'NONE',  ( 0.0000000000000000000, -1.000000000000000000, 0.0000000000000000000 ) ) ;
#485 = CARTESIAN_POINT ( 'NONE',  ( 1.214999999999999858, 0.2999999999999999889, -3.290000000000000036 ) ) ;
#486 = CARTESIAN_POINT ( 'NONE',  ( 2.166666666666665186, 3.000000000000000000, 0.6400000000000000133 ) ) ;
#487 = CARTESIAN_POINT ( 'NONE',  ( 1.289228465112911559, 1.117298009502765810, -0.6400000000000001243 ) ) ;
#488 = EDGE_CURVE ( 'NONE', #1285, #1487, #262, .T. ) ;
#489 = EDGE_LOOP ( 'NONE', ( #5657, #579 ) ) ;
#490 = EDGE_LOOP ( 'NONE', ( #1894, #2333, #4462, #4085 ) ) ;
#491 = FACE_OUTER_BOUND ( 'NONE', #6995, .T. ) ;
#492 = VERTEX_POINT ( 'NONE', #306 ) ;
#493 = ORIENTED_EDGE ( 'NONE', *, *, #5455, .F. ) ;
#494 = CARTESIAN_POINT ( 'NONE',  ( 1.303010529534182282, 1.186616369160203410, 0.6400000000000001243 ) ) ;
#495 = CARTESIAN_POINT ( 'NONE',  ( 2.166666666666665186, 3.000000000000000000, -0.6400000000000000133 ) ) ;
#496 = LINE ( 'NONE', #6541, #5284 ) ;
#497 = CARTESIAN_POINT ( 'NONE',  ( -1.820000000000000062, 11.90000000000000036, -5.660000000000000142 ) ) ;
#498 = CARTESIAN_POINT ( 'NONE',  ( 1.934550282381494846, 2.999991818833284807, -0.6400000000000000133 ) ) ;
#499 = VERTEX_POINT ( 'NONE', #4184 ) ;
#500 = CARTESIAN_POINT ( 'NONE',  ( 1.934550282381494846, 2.999991818833284807, 0.6400000000000000133 ) ) ;
#501 = CARTESIAN_POINT ( 'NONE',  ( 3.666666666667143470, 1.720000000000000639, -0.6400000000000001243 ) ) ;
#502 = FACE_OUTER_BOUND ( 'NONE', #5472, .T. ) ;
#503 = PLANE ( 'NONE',  #2670 ) ;
#504 = EDGE_LOOP ( 'NONE', ( #852, #3634 ) ) ;
#505 = CARTESIAN_POINT ( 'NONE',  ( 1.820000000000000062, 2.200000000000000178, -4.597157890324959695 ) ) ;
#506 = VERTEX_POINT ( 'NONE', #7017 ) ;
#507 = AXIS2_PLACEMENT_3D ( 'NONE', #4991, #4339, #3213 ) ;
#508 = DIRECTION ( 'NONE',  ( 0.0000000000000000000, 0.0000000000000000000, 1.000000000000000000 ) ) ;
#509 = CARTESIAN_POINT ( 'NONE',  ( -3.510000000000000231, 12.40000000000000036, -1.110000000000000098 ) ) ;
#510 = ORIENTED_EDGE ( 'NONE', *, *, #4892, .T. ) ;
#511 = LINE ( 'NONE', #3939, #5182 ) ;
#512 = EDGE_LOOP ( 'NONE', ( #664, #3373, #3879, #5, #5911 ) ) ;
#513 = VECTOR ( 'NONE', #4576, 1000.000000000000000 ) ;
#514 = EDGE_CURVE ( 'NONE', #923, #5250, #1406, .T. ) ;
#515 = CARTESIAN_POINT ( 'NONE',  ( -0.8199999999999999512, 3.649999999999999911, -2.819999999999999840 ) ) ;
#516 = VECTOR ( 'NONE', #4766, 1000.000000000000000 ) ;
#517 = EDGE_CURVE ( 'NONE', #6346, #5412, #383, .T. ) ;
#518 = ADVANCED_FACE ( 'NONE', ( #5775 ), #942, .T. ) ;
#519 = DIRECTION ( 'NONE',  ( -9.510545372679868754E-17, 0.0000000000000000000, -1.000000000000000000 ) ) ;
#520 = CARTESIAN_POINT ( 'NONE',  ( 2.416666666666674956, 3.000000000000000000, 0.6400000000000000133 ) ) ;
#521 = AXIS2_PLACEMENT_3D ( 'NONE', #1121, #20, #5148 ) ;
#522 = APPLICATION_CONTEXT ( 'automotive_design' ) ;
#523 = CARTESIAN_POINT ( 'NONE',  ( 1.481621196777171967, 2.936081862405050202, -0.6400000000000000133 ) ) ;
#524 = ORIENTED_EDGE ( 'NONE', *, *, #4042, .F. ) ;
#525 = CARTESIAN_POINT ( 'NONE',  ( -0.5000000000000000000, 2.712842109675049684, -5.110000000000000320 ) ) ;
#526 = ADVANCED_FACE ( 'NONE', ( #2061 ), #6531, .T. ) ;
#527 = ORIENTED_EDGE ( 'NONE', *, *, #849, .T. ) ;
#528 = VECTOR ( 'NONE', #2005, 1000.000000000000000 ) ;
#529 = CARTESIAN_POINT ( 'NONE',  ( 2.166666666666661634, 1.720000000000000639, 0.6400000000000001243 ) ) ;
#530 = DIRECTION ( 'NONE',  ( 0.0000000000000000000, -1.000000000000000000, 0.0000000000000000000 ) ) ;
#531 = LINE ( 'NONE', #3236, #6153 ) ;
#532 = CARTESIAN_POINT ( 'NONE',  ( 2.083333333333345028, 3.000000000000000000, 0.6400000000000000133 ) ) ;
#533 = COLOUR_RGB ( '',0.8313725490196077761, 0.8392156862745098200, 0.8313725490196077761 ) ;
#534 = ORIENTED_EDGE ( 'NONE', *, *, #2055, .T. ) ;
#535 = EDGE_CURVE ( 'NONE', #3894, #6973, #3262, .T. ) ;
#536 = CARTESIAN_POINT ( 'NONE',  ( 0.0000000000000000000, 0.9166666666666608565, -0.6400000000000000133 ) ) ;
#537 = CARTESIAN_POINT ( 'NONE',  ( 1.279999999999998694, 0.7916666666666665186, 0.6400000000000001243 ) ) ;
#538 = VECTOR ( 'NONE', #7043, 1000.000000000000000 ) ;
#539 = DIRECTION ( 'NONE',  ( -6.914672651895809708E-32, 1.000000000000000000, 1.913297951445009840E-16 ) ) ;
#540 = CARTESIAN_POINT ( 'NONE',  ( -2.990000000000000213, 6.250000000000000000, -2.899999999999999911 ) ) ;
#541 = ORIENTED_EDGE ( 'NONE', *, *, #3097, .T. ) ;
#542 = DIRECTION ( 'NONE',  ( -1.000000000000000000, 0.0000000000000000000, 0.0000000000000000000 ) ) ;
#543 = VERTEX_POINT ( 'NONE', #7039 ) ;
#544 = VECTOR ( 'NONE', #4601, 1000.000000000000000 ) ;
#545 = DIRECTION ( 'NONE',  ( 0.0000000000000000000, 0.0000000000000000000, 1.000000000000000000 ) ) ;
#546 = DIRECTION ( 'NONE',  ( 1.000000000000000000, 0.0000000000000000000, 0.0000000000000000000 ) ) ;
#547 = VECTOR ( 'NONE', #585, 1000.000000000000000 ) ;
#548 = CARTESIAN_POINT ( 'NONE',  ( 1.820000000000000062, 8.224999999999999645, -3.035000000000000142 ) ) ;
#549 = ORIENTED_EDGE ( 'NONE', *, *, #5912, .T. ) ;
#550 = CARTESIAN_POINT ( 'NONE',  ( -2.700000000000000178, 9.400000000000000355, -3.149999999999999911 ) ) ;
#551 = VERTEX_POINT ( 'NONE', #5941 ) ;
#552 = FACE_OUTER_BOUND ( 'NONE', #5909, .T. ) ;
#553 = LINE ( 'NONE', #5465, #5334 ) ;
#554 = DIRECTION ( 'NONE',  ( 1.000000000000000000, -8.182657905550978279E-17, -1.527790962642147745E-49 ) ) ;
#555 = TOROIDAL_SURFACE ( 'NONE', #4740, 2.000000000000000000, 1.149999999999999911 ) ;
#556 = ADVANCED_FACE ( 'NONE', ( #6457, #1465, #943 ), #3181, .F. ) ;
#557 = CARTESIAN_POINT ( 'NONE',  ( 2.083333333333342807, 4.279999999999995808, -0.6400000000000001243 ) ) ;
#558 = ORIENTED_EDGE ( 'NONE', *, *, #3722, .T. ) ;
#559 = CARTESIAN_POINT ( 'NONE',  ( -0.6500000000000001332, 1.191465907416736086E-16, 7.960204194457795477E-17 ) ) ;
#560 = ORIENTED_EDGE ( 'NONE', *, *, #2470, .F. ) ;
#561 = VERTEX_POINT ( 'NONE', #2216 ) ;
#562 = CARTESIAN_POINT ( 'NONE',  ( 2.083333333333345028, 3.000000000000000000, -0.6400000000000000133 ) ) ;
#563 = FACE_OUTER_BOUND ( 'NONE', #3429, .T. ) ;
#564 = ADVANCED_FACE ( 'NONE', ( #105 ), #7213, .F. ) ;
#565 = EDGE_CURVE ( 'NONE', #4996, #2758, #70, .T. ) ;
#566 = PRODUCT_DEFINITION_FORMATION_WITH_SPECIFIED_SOURCE ( 'ANY', '', #2839, .NOT_KNOWN. ) ;
#567 = CARTESIAN_POINT ( 'NONE',  ( 2.416666666666674956, 3.000000000000000000, 0.6400000000000000133 ) ) ;
#568 = AXIS2_PLACEMENT_3D ( 'NONE', #5082, #5045, #5019 ) ;
#569 = EDGE_LOOP ( 'NONE', ( #3603, #4396, #6073, #4953 ) ) ;
#570 =( NAMED_UNIT ( * ) PLANE_ANGLE_UNIT ( ) SI_UNIT ( $, .RADIAN. ) );
#571 = ORIENTED_EDGE ( 'NONE', *, *, #7058, .T. ) ;
#572 = CARTESIAN_POINT ( 'NONE',  ( 0.0000000000000000000, 0.0000000000000000000, 0.6400000000000000133 ) ) ;
#573 = CARTESIAN_POINT ( 'NONE',  ( -1.112542092260688786, 2.056711716996124650, 0.6400000000000001243 ) ) ;
#574 = VECTOR ( 'NONE', #446, 1000.000000000000000 ) ;
#575 = CARTESIAN_POINT ( 'NONE',  ( -2.745000000000000107, -9.368548013477249779E-17, -3.840000000000000302 ) ) ;
#576 = PLANE ( 'NONE',  #2160 ) ;
#577 = CARTESIAN_POINT ( 'NONE',  ( 2.000000000000000000, 1.000000000000000000, 0.0000000000000000000 ) ) ;
#578 = ADVANCED_FACE ( 'NONE', ( #3434, #4019 ), #3474, .F. ) ;
#579 = ORIENTED_EDGE ( 'NONE', *, *, #5553, .F. ) ;
#580 = PLANE ( 'NONE',  #2961 ) ;
#581 = ORIENTED_EDGE ( 'NONE', *, *, #3999, .T. ) ;
#582 = DIRECTION ( 'NONE',  ( 1.000000000000000000, -3.870341738045775180E-82, -2.072906778112844930E-49 ) ) ;
#583 = DIRECTION ( 'NONE',  ( 0.0000000000000000000, 1.000000000000000000, 0.0000000000000000000 ) ) ;
#584 = ORIENTED_EDGE ( 'NONE', *, *, #245, .F. ) ;
#585 = DIRECTION ( 'NONE',  ( 0.0000000000000000000, -1.000000000000000000, 0.0000000000000000000 ) ) ;
#586 = EDGE_LOOP ( 'NONE', ( #3862, #2859 ) ) ;
#587 = DIRECTION ( 'NONE',  ( 0.0000000000000000000, -1.000000000000000000, 0.0000000000000000000 ) ) ;
#588 = CARTESIAN_POINT ( 'NONE',  ( -0.5699999999999999512, 9.900000000000000355, 0.5699999999999999512 ) ) ;
#589 = CARTESIAN_POINT ( 'NONE',  ( -2.850000000000000089, 0.0000000000000000000, 0.5699999999999999512 ) ) ;
#590 = CARTESIAN_POINT ( 'NONE',  ( -0.8658904153896834766, 2.652181540480225586, -0.6400000000000001243 ) ) ;
#591 = ORIENTED_EDGE ( 'NONE', *, *, #375, .T. ) ;
#592 = CARTESIAN_POINT ( 'NONE',  ( 1.469999999999999973, 12.40000000000000036, 2.949999999999999734 ) ) ;
#593 = VERTEX_POINT ( 'NONE', #1719 ) ;
#594 = ORIENTED_EDGE ( 'NONE', *, *, #4530, .T. ) ;
#595 = CARTESIAN_POINT ( 'NONE',  ( 3.333333333333423187, 1.720000000000000639, -0.6400000000000001243 ) ) ;
#596 = CARTESIAN_POINT ( 'NONE',  ( 0.7709058284417820150, 2.599332953187969864, 0.6400000000000000133 ) ) ;
#597 = CARTESIAN_POINT ( 'NONE',  ( 1.738958130906365085, 2.983969638426825277, 0.6400000000000000133 ) ) ;
#598 = ORIENTED_EDGE ( 'NONE', *, *, #3014, .T. ) ;
#599 = ORIENTED_EDGE ( 'NONE', *, *, #4456, .T. ) ;
#600 = CARTESIAN_POINT ( 'NONE',  ( 0.1021084803288501985, 1.644336412802515079, 0.6400000000000000133 ) ) ;
#601 = ADVANCED_FACE ( 'NONE', ( #6094 ), #4690, .T. ) ;
#602 = LINE ( 'NONE', #2837, #4412 ) ;
#603 = LINE ( 'NONE', #3416, #6963 ) ;
#604 = ORIENTED_EDGE ( 'NONE', *, *, #4573, .F. ) ;
#605 = ORIENTED_EDGE ( 'NONE', *, *, #6225, .F. ) ;
#606 = DIRECTION ( 'NONE',  ( 0.0000000000000000000, 0.0000000000000000000, -1.000000000000000000 ) ) ;
#607 = ADVANCED_FACE ( 'NONE', ( #2250 ), #4235, .F. ) ;
#608 = CARTESIAN_POINT ( 'NONE',  ( 0.0000000000000000000, 0.0000000000000000000, 0.0000000000000000000 ) ) ;
#609 =( REPRESENTATION_RELATIONSHIP ('NONE','NONE', #239, #1699 ) REPRESENTATION_RELATIONSHIP_WITH_TRANSFORMATION ( #4484 )SHAPE_REPRESENTATION_RELATIONSHIP( ) );
#610 = CARTESIAN_POINT ( 'NONE',  ( 0.9432882830038659128, 4.112542092260667026, -0.6400000000000001243 ) ) ;
#611 = CARTESIAN_POINT ( 'NONE',  ( 0.7709058284417820150, 2.599332953187969864, 0.6400000000000000133 ) ) ;
#612 = ORIENTED_EDGE ( 'NONE', *, *, #2104, .T. ) ;
#613 = CARTESIAN_POINT ( 'NONE',  ( -4.009999999999999787, 13.40000000000000036, -2.899999999999999911 ) ) ;
#614 = ORIENTED_EDGE ( 'NONE', *, *, #4824, .F. ) ;
#615 = DIRECTION ( 'NONE',  ( -1.387778780781445922E-16, 0.0000000000000000000, 1.000000000000000000 ) ) ;
#616 = CARTESIAN_POINT ( 'NONE',  ( 3.459999999999999964, 0.0000000000000000000, -1.500000000000000000 ) ) ;
#617 = CARTESIAN_POINT ( 'NONE',  ( 4.000000000000000000, 4.279999999999995808, -0.6400000000000001243 ) ) ;
#618 = CIRCLE ( 'NONE', #2616, 0.5000000000000000000 ) ;
#619 = EDGE_LOOP ( 'NONE', ( #3583, #5867, #3217, #3021 ) ) ;
#620 = AXIS2_PLACEMENT_3D ( 'NONE', #5153, #3970, #4622 ) ;
#621 = DIRECTION ( 'NONE',  ( 4.713922489067409854E-16, 0.0000000000000000000, -1.000000000000000000 ) ) ;
#622 = ORIENTED_EDGE ( 'NONE', *, *, #676, .F. ) ;
#623 = ORIENTED_EDGE ( 'NONE', *, *, #3624, .T. ) ;
#624 = CARTESIAN_POINT ( 'NONE',  ( -1.253710207020000578, 1.428108665313539083, -0.6400000000000001243 ) ) ;
#625 = VECTOR ( 'NONE', #2237, 1000.000000000000000 ) ;
#626 = CARTESIAN_POINT ( 'NONE',  ( -3.759999999999999787, 3.200000000000000178, 2.100000000000000089 ) ) ;
#627 = DIRECTION ( 'NONE',  ( 0.0000000000000000000, -0.7071067811865480168, 0.7071067811865470176 ) ) ;
#628 = VERTEX_POINT ( 'NONE', #2318 ) ;
#629 = AXIS2_PLACEMENT_3D ( 'NONE', #2502, #880, #803 ) ;
#630 = PRESENTATION_LAYER_ASSIGNMENT (  '', '', ( #6450 ) ) ;
#631 = PLANE ( 'NONE',  #7145 ) ;
#632 = CARTESIAN_POINT ( 'NONE',  ( 1.571891334686435160, 4.253710207019997469, 0.6400000000000001243 ) ) ;
#633 = DIRECTION ( 'NONE',  ( -1.000000000000000000, 0.0000000000000000000, 0.0000000000000000000 ) ) ;
#634 = PRESENTATION_STYLE_ASSIGNMENT (( #5702 ) ) ;
#635 = CARTESIAN_POINT ( 'NONE',  ( 2.490000000000000213, 13.40000000000000036, 3.449999999999999734 ) ) ;
#636 = AXIS2_PLACEMENT_3D ( 'NONE', #1488, #1528, #7061 ) ;
#637 = AXIS2_PLACEMENT_3D ( 'NONE', #6196, #3977, #4017 ) ;
#638 = LINE ( 'NONE', #1665, #4695 ) ;
#639 = EDGE_CURVE ( 'NONE', #4510, #6960, #1755, .T. ) ;
#640 = EDGE_LOOP ( 'NONE', ( #7209, #5403, #6342, #1686 ) ) ;
#641 = EDGE_CURVE ( 'NONE', #1838, #1583, #5624, .T. ) ;
#642 = AXIS2_PLACEMENT_3D ( 'NONE', #3584, #1392, #1904 ) ;
#643 = CARTESIAN_POINT ( 'NONE',  ( -1.979999999999999982, 15.59999999999999964, 0.2999999999999999889 ) ) ;
#644 = CARTESIAN_POINT ( 'NONE',  ( -1.274729725819581772, 1.214598144441489724, -0.6400000000000001243 ) ) ;
#645 = EDGE_CURVE ( 'NONE', #3485, #2202, #1169, .T. ) ;
#646 = EDGE_CURVE ( 'NONE', #2109, #1141, #5000, .T. ) ;
#647 = ORIENTED_EDGE ( 'NONE', *, *, #1803, .F. ) ;
#648 = CARTESIAN_POINT ( 'NONE',  ( 0.4500000000000000111, 13.40000000000000036, 2.949999999999999734 ) ) ;
#649 = ORIENTED_EDGE ( 'NONE', *, *, #6343, .F. ) ;
#650 = APPLICATION_CONTEXT ( 'automotive_design' ) ;
#651 = VECTOR ( 'NONE', #4093, 1000.000000000000000 ) ;
#652 = LINE ( 'NONE', #4632, #2429 ) ;
#653 = ADVANCED_FACE ( 'NONE', ( #688 ), #6675, .F. ) ;
#654 = CARTESIAN_POINT ( 'NONE',  ( 8.181166715869740396E-06, 1.065449717618472070, -0.6400000000000000133 ) ) ;
#655 = AXIS2_PLACEMENT_3D ( 'NONE', #2477, #6886, #4686 ) ;
#656 = ORIENTED_EDGE ( 'NONE', *, *, #4745, .F. ) ;
#657 = DIRECTION ( 'NONE',  ( 0.0000000000000000000, 0.0000000000000000000, -1.000000000000000000 ) ) ;
#658 = ORIENTED_EDGE ( 'NONE', *, *, #7152, .F. ) ;
#659 = VERTEX_POINT ( 'NONE', #1098 ) ;
#660 = CARTESIAN_POINT ( 'NONE',  ( 0.9925722314144990177, 2.747494155725414888, -0.6400000000000000133 ) ) ;
#661 = PLANE ( 'NONE',  #1491 ) ;
#662 = CARTESIAN_POINT ( 'NONE',  ( 0.1021084803288501985, 1.644336412802515079, 0.6400000000000000133 ) ) ;
#663 = ORIENTED_EDGE ( 'NONE', *, *, #4435, .F. ) ;
#664 = ORIENTED_EDGE ( 'NONE', *, *, #778, .F. ) ;
#665 = VECTOR ( 'NONE', #427, 1000.000000000000000 ) ;
#666 = CARTESIAN_POINT ( 'NONE',  ( 3.459999999999999964, 3.200000000000000178, -2.000000000000000000 ) ) ;
#667 = CARTESIAN_POINT ( 'NONE',  ( 4.000000000000000000, 4.279999999999995808, -0.6400000000000001243 ) ) ;
#668 = LINE ( 'NONE', #575, #1484 ) ;
#669 = CARTESIAN_POINT ( 'NONE',  ( 4.000000000000000000, 3.000000000000000000, 1.149999999999999911 ) ) ;
#670 = VECTOR ( 'NONE', #3988, 1000.000000000000000 ) ;
#671 = LINE ( 'NONE', #124, #4989 ) ;
#672 = DIRECTION ( 'NONE',  ( 7.228014483236689653E-17, 1.000000000000000000, 0.0000000000000000000 ) ) ;
#673 = LINE ( 'NONE', #1776, #2534 ) ;
#674 = AXIS2_PLACEMENT_3D ( 'NONE', #2147, #5916, #955 ) ;
#675 = DIRECTION ( 'NONE',  ( 0.0000000000000000000, 0.0000000000000000000, 1.000000000000000000 ) ) ;
#676 = EDGE_CURVE ( 'NONE', #1311, #6997, #2492, .T. ) ;
#677 = CARTESIAN_POINT ( 'NONE',  ( 1.979999999999999982, 15.59999999999999964, 0.2999999999999999889 ) ) ;
#678 = VECTOR ( 'NONE', #826, 1000.000000000000000 ) ;
#679 = ORIENTED_EDGE ( 'NONE', *, *, #1987, .T. ) ;
#680 = SURFACE_STYLE_USAGE ( .BOTH. , #6267 ) ;
#681 = ORIENTED_EDGE ( 'NONE', *, *, #6967, .T. ) ;
#682 = DIRECTION ( 'NONE',  ( 7.228014483236699514E-17, 1.000000000000000000, 0.0000000000000000000 ) ) ;
#683 = ORIENTED_EDGE ( 'NONE', *, *, #1672, .T. ) ;
#684 = LINE ( 'NONE', #4663, #3323 ) ;
#685 = EDGE_CURVE ( 'NONE', #3114, #3951, #6128, .T. ) ;
#686 = EDGE_CURVE ( 'NONE', #3133, #1604, #5577, .T. ) ;
#687 = DIRECTION ( 'NONE',  ( -1.661612524881999902E-16, 0.0000000000000000000, -1.000000000000000000 ) ) ;
#688 = FACE_OUTER_BOUND ( 'NONE', #6151, .T. ) ;
#689 = CARTESIAN_POINT ( 'NONE',  ( 1.465642401154087837, 4.237959214485621295, 0.6400000000000001243 ) ) ;
#690 = ORIENTED_EDGE ( 'NONE', *, *, #1774, .F. ) ;
#691 = DIRECTION ( 'NONE',  ( -4.713922489067409854E-16, 0.0000000000000000000, 1.000000000000000000 ) ) ;
#692 = CARTESIAN_POINT ( 'NONE',  ( 2.083333333333342807, 1.720000000000000639, -0.6400000000000001243 ) ) ;
#693 = CARTESIAN_POINT ( 'NONE',  ( 1.279999999999998694, 0.9166666666666598573, 0.6400000000000001243 ) ) ;
#694 = DIRECTION ( 'NONE',  ( 0.0000000000000000000, 1.000000000000000000, 0.0000000000000000000 ) ) ;
#695 = ORIENTED_EDGE ( 'NONE', *, *, #6123, .F. ) ;
#696 = SURFACE_SIDE_STYLE ('',( #2932 ) ) ;
#697 = ORIENTED_EDGE ( 'NONE', *, *, #5761, .F. ) ;
#698 = CARTESIAN_POINT ( 'NONE',  ( 3.459999999999999964, 0.0000000000000000000, -1.500000000000000000 ) ) ;
#699 = CARTESIAN_POINT ( 'NONE',  ( -1.279999999999998694, 0.7916666666666665186, 0.6400000000000001243 ) ) ;
#700 = DIRECTION ( 'NONE',  ( -9.510545372679868754E-17, 0.0000000000000000000, -1.000000000000000000 ) ) ;
#701 = CARTESIAN_POINT ( 'NONE',  ( 2.000000000000000000, 1.000000000000000000, -7.960204194457795477E-17 ) ) ;
#702 = CARTESIAN_POINT ( 'NONE',  ( 3.109999999999999876, 13.40000000000000036, 3.850000000000000089 ) ) ;
#703 = LINE ( 'NONE', #6293, #303 ) ;
#704 = CARTESIAN_POINT ( 'NONE',  ( 1.869147472901544926, 2.996786418182679768, 0.6400000000000000133 ) ) ;
#705 = DIRECTION ( 'NONE',  ( -1.000000000000000000, 0.0000000000000000000, 0.0000000000000000000 ) ) ;
#706 = DIRECTION ( 'NONE',  ( 0.0000000000000000000, 0.0000000000000000000, 1.000000000000000000 ) ) ;
#707 = CARTESIAN_POINT ( 'NONE',  ( -1.279999999999998694, 0.6666666666666656305, -0.6400000000000001243 ) ) ;
#708 = ORIENTED_EDGE ( 'NONE', *, *, #5234, .T. ) ;
#709 = CARTESIAN_POINT ( 'NONE',  ( 3.959999999999999964, 3.200000000000000178, 4.299999999999999822 ) ) ;
#710 = ORIENTED_EDGE ( 'NONE', *, *, #4252, .F. ) ;
#711 = ORIENTED_EDGE ( 'NONE', *, *, #3665, .F. ) ;
#712 = DIRECTION ( 'NONE',  ( -1.000000000000000000, 0.0000000000000000000, -4.336808689942015271E-16 ) ) ;
#713 = CARTESIAN_POINT ( 'NONE',  ( -1.214999999999999858, 0.0000000000000000000, 4.799999999999999822 ) ) ;
#714 = CARTESIAN_POINT ( 'NONE',  ( 0.0000000000000000000, 0.6666666666666680729, 0.6400000000000000133 ) ) ;
#715 = CARTESIAN_POINT ( 'NONE',  ( 1.355663587197480036, 2.897891519671150107, 0.6400000000000000133 ) ) ;
#716 = ADVANCED_FACE ( 'NONE', ( #5032 ), #5608, .T. ) ;
#717 = ORIENTED_EDGE ( 'NONE', *, *, #1006, .F. ) ;
#718 = EDGE_CURVE ( 'NONE', #440, #5247, #1812, .T. ) ;
#719 = LINE ( 'NONE', #1384, #7051 ) ;
#720 = EDGE_CURVE ( 'NONE', #6863, #21, #5716, .T. ) ;
#721 = ORIENTED_EDGE ( 'NONE', *, *, #6836, .F. ) ;
#722 = CARTESIAN_POINT ( 'NONE',  ( -0.01571444135549887947, 3.622906043228277806, -0.6400000000000001243 ) ) ;
#723 = CARTESIAN_POINT ( 'NONE',  ( 1.279999999999998694, 0.8333333333333348136, -0.6400000000000001243 ) ) ;
#724 = VECTOR ( 'NONE', #2467, 1000.000000000000000 ) ;
#725 = CARTESIAN_POINT ( 'NONE',  ( 1.280002945220024335, 1.044505849366581751, 0.6400000000000001243 ) ) ;
#726 = ORIENTED_EDGE ( 'NONE', *, *, #4621, .F. ) ;
#727 = ADVANCED_FACE ( 'NONE', ( #5203 ), #6374, .F. ) ;
#728 = DIRECTION ( 'NONE',  ( 0.0000000000000000000, -1.000000000000000000, -1.180083997263133724E-16 ) ) ;
#729 = ORIENTED_EDGE ( 'NONE', *, *, #3947, .T. ) ;
#730 = FACE_OUTER_BOUND ( 'NONE', #6416, .T. ) ;
#731 = VECTOR ( 'NONE', #5114, 1000.000000000000000 ) ;
#732 = ORIENTED_EDGE ( 'NONE', *, *, #3326, .T. ) ;
#733 = STYLED_ITEM ( 'NONE', ( #634 ), #1004 ) ;
#734 = CARTESIAN_POINT ( 'NONE',  ( -1.409999999999999920, 1.000000000000000000, -0.5699999999999999512 ) ) ;
#735 = DIRECTION ( 'NONE',  ( 0.0000000000000000000, 1.000000000000000000, 0.0000000000000000000 ) ) ;
#736 = CARTESIAN_POINT ( 'NONE',  ( 0.2525058442745775067, 2.007427768585499983, -0.6400000000000000133 ) ) ;
#737 = VECTOR ( 'NONE', #5280, 1000.000000000000000 ) ;
#738 = ADVANCED_FACE ( 'NONE', ( #3099 ), #4664, .F. ) ;
#739 = DIRECTION ( 'NONE',  ( 7.228014483236699514E-17, 1.000000000000000000, 0.0000000000000000000 ) ) ;
#740 = CARTESIAN_POINT ( 'NONE',  ( 1.285770930166350690, 1.093975072873698995, -0.6400000000000001243 ) ) ;
#741 = AXIS2_PLACEMENT_3D ( 'NONE', #445, #6563, #4888 ) ;
#742 = DIRECTION ( 'NONE',  ( 0.0000000000000000000, -1.000000000000000000, 0.0000000000000000000 ) ) ;
#743 = CARTESIAN_POINT ( 'NONE',  ( -0.8658904153896834766, 2.652181540480225586, 0.6400000000000001243 ) ) ;
#744 = CARTESIAN_POINT ( 'NONE',  ( -2.990000000000000213, 13.40000000000000036, -1.909999999999999920 ) ) ;
#745 = EDGE_LOOP ( 'NONE', ( #993, #4137, #3282, #1196 ) ) ;
#746 = CARTESIAN_POINT ( 'NONE',  ( -4.009999999999999787, 6.250000000000000000, -1.909999999999999920 ) ) ;
#747 =( BOUNDED_SURFACE ( )  B_SPLINE_SURFACE ( 3, 3, ( 
 ( #2292, #4471, #1110, #2897, #1180, #7196, #5010, #5590, #5617, #3343, #3991, #5660, #1797, #2329, #662, #4544, #6764, #6178, #1252, #5112, #116, #6689, #597, #5511, #3378, #3406, #532, #5551, #1145, #2833, #567, #6141, #5040, #44, #4509, #6726 ),
 ( #1733, #6866, #5797, #6421, #1902, #1290, #1944, #5762, #1355, #725, #4130, #3549, #2535, #2965, #5175, #829, #3035, #4168, #795, #6386, #6898, #4643, #1390, #5246, #4702, #3069, #2493, #5727, #5286, #2459, #292, #4742, #2930, #147, #4606, #6968 ),
 ( #3483, #183, #6832, #5138, #2391, #1870, #1837, #4067, #6283, #2426, #4097, #6312, #1318, #761, #2994, #5214, #220, #6025, #5469, #1035, #4855, #990, #1511, #5983, #4241, #4320, #2719, #1543, #7151, #330, #3768, #5357, #2181, #4392, #7003, #452 ),
 ( #4282, #3730, #2573, #6461, #3649, #1467, #5944, #3227, #2319, #654, #1067, #1721, #6678, #5500, #1685, #3368, #1100, #3295, #3980, #2283, #523, #6097, #3913, #6717, #2752, #2858, #5068, #5651, #1170, #72, #3946, #6167, #34, #2888, #4536, #6753 ),
 ( #5033, #1205, #4961, #7184, #3333, #3438, #4431, #2217, #6646, #5104, #1757, #106, #6198, #5003, #4500, #590, #2351, #1648, #6611, #6130, #1619, #3876, #3843, #5540, #2, #6062, #557, #2789, #2252, #4463, #1136, #5579, #2825, #3398, #5609, #617 ),
 ( #789, #214, #5789, #4694, #1893, #6826, #6340, #5755, #246, #5239, #4022, #1243, #5690, #2484, #6376, #2990, #4599, #6235, #1830, #3476, #1310, #689, #1347, #1866, #3028, #2923, #174, #2453, #4565, #6922, #1934, #753, #4666, #822, #5131, #5274 ),
 ( #4636, #4118, #137, #5206, #4159, #6890, #3061, #2381, #3576, #4061, #1382, #3610, #6277, #283, #6783, #1790, #1284, #3509, #5717, #715, #5168, #2955, #2420, #6862, #4091, #6306, #4767, #5933, #6015, #3101, #318, #2126, #4309, #3640, #438, #2636 ) ),
 .UNSPECIFIED., .T., .F., .F. ) 
 B_SPLINE_SURFACE_WITH_KNOTS ( ( 4, 3, 4 ),
 ( 4, 2, 2, 2, 2, 2, 2, 2, 2, 2, 2, 2, 2, 2, 2, 2, 2, 4 ),
 ( 0.0000000000000000000, 0.5000000000000000000, 1.000000000000000000 ),
 ( 0.0000000000000000000, 0.08141210728258689577, 0.1221181609238803922, 0.1424711877445269947, 0.1628242145651740136, 0.1947946743342039988, 0.2267651341032335122, 0.2907060536412935381, 0.4185878927174130348, 0.5464697317935329757, 0.6104106513315920024, 0.6423811111006219043, 0.6743515708696520283, 0.6947045976902990194, 0.7150576245109458995, 0.7557636781522389935, 0.8371757854348259587, 1.000000000000000000 ),
 .UNSPECIFIED. ) 
 GEOMETRIC_REPRESENTATION_ITEM ( )  RATIONAL_B_SPLINE_SURFACE ( (
 ( 1.000000000000000000, 1.000000000000000000, 1.000000000000000000, 1.000000000000000000, 1.000000000000000000, 1.000000000000000000, 1.000000000000000000, 1.000000000000000000, 1.000000000000000000, 1.000000000000000000, 1.000000000000000000, 1.000000000000000000, 1.000000000000000000, 1.000000000000000000, 1.000000000000000000, 1.000000000000000000, 1.000000000000000000, 1.000000000000000000, 1.000000000000000000, 1.000000000000000000, 1.000000000000000000, 1.000000000000000000, 1.000000000000000000, 1.000000000000000000, 1.000000000000000000, 1.000000000000000000, 1.000000000000000000, 1.000000000000000000, 1.000000000000000000, 1.000000000000000000, 1.000000000000000000, 1.000000000000000000, 1.000000000000000000, 1.000000000000000000, 1.000000000000000000, 1.000000000000000000),
 ( 0.3333333333333335369, 0.3333333333333335369, 0.3333333333333335369, 0.3333333333333335369, 0.3333333333333335369, 0.3333333333333335369, 0.3333333333333335369, 0.3333333333333335369, 0.3333333333333335369, 0.3333333333333335369, 0.3333333333333335369, 0.3333333333333335369, 0.3333333333333335369, 0.3333333333333335369, 0.3333333333333335369, 0.3333333333333335369, 0.3333333333333335369, 0.3333333333333335369, 0.3333333333333335369, 0.3333333333333335369, 0.3333333333333335369, 0.3333333333333335369, 0.3333333333333335369, 0.3333333333333335369, 0.3333333333333335369, 0.3333333333333335369, 0.3333333333333335369, 0.3333333333333335369, 0.3333333333333335369, 0.3333333333333335369, 0.3333333333333335369, 0.3333333333333335369, 0.3333333333333335369, 0.3333333333333335369, 0.3333333333333335369, 0.3333333333333335369),
 ( 0.3333333333333335369, 0.3333333333333335369, 0.3333333333333335369, 0.3333333333333335369, 0.3333333333333335369, 0.3333333333333335369, 0.3333333333333335369, 0.3333333333333335369, 0.3333333333333335369, 0.3333333333333335369, 0.3333333333333335369, 0.3333333333333335369, 0.3333333333333335369, 0.3333333333333335369, 0.3333333333333335369, 0.3333333333333335369, 0.3333333333333335369, 0.3333333333333335369, 0.3333333333333335369, 0.3333333333333335369, 0.3333333333333335369, 0.3333333333333335369, 0.3333333333333335369, 0.3333333333333335369, 0.3333333333333335369, 0.3333333333333335369, 0.3333333333333335369, 0.3333333333333335369, 0.3333333333333335369, 0.3333333333333335369, 0.3333333333333335369, 0.3333333333333335369, 0.3333333333333335369, 0.3333333333333335369, 0.3333333333333335369, 0.3333333333333335369),
 ( 1.000000000000000000, 1.000000000000000000, 1.000000000000000000, 1.000000000000000000, 1.000000000000000000, 1.000000000000000000, 1.000000000000000000, 1.000000000000000000, 1.000000000000000000, 1.000000000000000000, 1.000000000000000000, 1.000000000000000000, 1.000000000000000000, 1.000000000000000000, 1.000000000000000000, 1.000000000000000000, 1.000000000000000000, 1.000000000000000000, 1.000000000000000000, 1.000000000000000000, 1.000000000000000000, 1.000000000000000000, 1.000000000000000000, 1.000000000000000000, 1.000000000000000000, 1.000000000000000000, 1.000000000000000000, 1.000000000000000000, 1.000000000000000000, 1.000000000000000000, 1.000000000000000000, 1.000000000000000000, 1.000000000000000000, 1.000000000000000000, 1.000000000000000000, 1.000000000000000000),
 ( 0.3333333333333335369, 0.3333333333333335369, 0.3333333333333335369, 0.3333333333333335369, 0.3333333333333335369, 0.3333333333333335369, 0.3333333333333335369, 0.3333333333333335369, 0.3333333333333335369, 0.3333333333333335369, 0.3333333333333335369, 0.3333333333333335369, 0.3333333333333335369, 0.3333333333333335369, 0.3333333333333335369, 0.3333333333333335369, 0.3333333333333335369, 0.3333333333333335369, 0.3333333333333335369, 0.3333333333333335369, 0.3333333333333335369, 0.3333333333333335369, 0.3333333333333335369, 0.3333333333333335369, 0.3333333333333335369, 0.3333333333333335369, 0.3333333333333335369, 0.3333333333333335369, 0.3333333333333335369, 0.3333333333333335369, 0.3333333333333335369, 0.3333333333333335369, 0.3333333333333335369, 0.3333333333333335369, 0.3333333333333335369, 0.3333333333333335369),
 ( 0.3333333333333335369, 0.3333333333333335369, 0.3333333333333335369, 0.3333333333333335369, 0.3333333333333335369, 0.3333333333333335369, 0.3333333333333335369, 0.3333333333333335369, 0.3333333333333335369, 0.3333333333333335369, 0.3333333333333335369, 0.3333333333333335369, 0.3333333333333335369, 0.3333333333333335369, 0.3333333333333335369, 0.3333333333333335369, 0.3333333333333335369, 0.3333333333333335369, 0.3333333333333335369, 0.3333333333333335369, 0.3333333333333335369, 0.3333333333333335369, 0.3333333333333335369, 0.3333333333333335369, 0.3333333333333335369, 0.3333333333333335369, 0.3333333333333335369, 0.3333333333333335369, 0.3333333333333335369, 0.3333333333333335369, 0.3333333333333335369, 0.3333333333333335369, 0.3333333333333335369, 0.3333333333333335369, 0.3333333333333335369, 0.3333333333333335369),
 ( 1.000000000000000000, 1.000000000000000000, 1.000000000000000000, 1.000000000000000000, 1.000000000000000000, 1.000000000000000000, 1.000000000000000000, 1.000000000000000000, 1.000000000000000000, 1.000000000000000000, 1.000000000000000000, 1.000000000000000000, 1.000000000000000000, 1.000000000000000000, 1.000000000000000000, 1.000000000000000000, 1.000000000000000000, 1.000000000000000000, 1.000000000000000000, 1.000000000000000000, 1.000000000000000000, 1.000000000000000000, 1.000000000000000000, 1.000000000000000000, 1.000000000000000000, 1.000000000000000000, 1.000000000000000000, 1.000000000000000000, 1.000000000000000000, 1.000000000000000000, 1.000000000000000000, 1.000000000000000000, 1.000000000000000000, 1.000000000000000000, 1.000000000000000000, 1.000000000000000000) ) ) 
 REPRESENTATION_ITEM ( '' )  SURFACE ( )  );
#748 = VECTOR ( 'NONE', #3710, 1000.000000000000000 ) ;
#749 = EDGE_LOOP ( 'NONE', ( #4361, #4708, #6210, #4916, #1637 ) ) ;
#750 = DIRECTION ( 'NONE',  ( 1.000000000000000000, -3.336006684570782608E-16, 0.0000000000000000000 ) ) ;
#751 = CARTESIAN_POINT ( 'NONE',  ( -4.009999999999999787, 6.250000000000000000, -2.899999999999999911 ) ) ;
#752 = CARTESIAN_POINT ( 'NONE',  ( 2.041666584331814693, 3.000005208292495062, 0.6400000000000000133 ) ) ;
#753 = CARTESIAN_POINT ( 'NONE',  ( 2.666666666666638541, 4.279999999999995808, 0.6400000000000001243 ) ) ;
#754 = ORIENTED_EDGE ( 'NONE', *, *, #4564, .F. ) ;
#755 = DIRECTION ( 'NONE',  ( 0.0000000000000000000, -1.000000000000000000, 0.0000000000000000000 ) ) ;
#756 = VERTEX_POINT ( 'NONE', #1345 ) ;
#757 = VECTOR ( 'NONE', #1723, 1000.000000000000114 ) ;
#758 = EDGE_CURVE ( 'NONE', #1084, #170, #3575, .T. ) ;
#759 = CARTESIAN_POINT ( 'NONE',  ( 1.279999999999998694, 0.7916666666666665186, 0.6400000000000001243 ) ) ;
#760 = VECTOR ( 'NONE', #1917, 1000.000000000000000 ) ;
#761 = CARTESIAN_POINT ( 'NONE',  ( 1.303010529534182282, 1.186616369160203410, -0.6400000000000001243 ) ) ;
#762 = ORIENTED_EDGE ( 'NONE', *, *, #3132, .T. ) ;
#763 = CARTESIAN_POINT ( 'NONE',  ( -1.820000000000000062, 2.200000000000000178, -4.597157890324959695 ) ) ;
#764 = VECTOR ( 'NONE', #2468, 1000.000000000000000 ) ;
#765 = ORIENTED_EDGE ( 'NONE', *, *, #3560, .T. ) ;
#766 = ADVANCED_FACE ( 'NONE', ( #3927 ), #975, .F. ) ;
#767 = CARTESIAN_POINT ( 'NONE',  ( 2.709999999999999964, 6.299999999999999822, 2.949999999999999734 ) ) ;
#768 = SURFACE_STYLE_FILL_AREA ( #3697 ) ;
#769 = PLANE ( 'NONE',  #5211 ) ;
#770 = CARTESIAN_POINT ( 'NONE',  ( 0.0000000000000000000, 0.7916666666666679619, -0.6400000000000000133 ) ) ;
#771 = VECTOR ( 'NONE', #2261, 1000.000000000000000 ) ;
#772 = LINE ( 'NONE', #125, #5079 ) ;
#773 = CARTESIAN_POINT ( 'NONE',  ( 1.424240136852308325, 1.442473901760956023, 0.6400000000000001243 ) ) ;
#774 = AXIS2_PLACEMENT_3D ( 'NONE', #3537, #2379, #4595 ) ;
#775 = CARTESIAN_POINT ( 'NONE',  ( 0.2525058442745775067, 2.007427768585499983, 0.6400000000000000133 ) ) ;
#776 = VECTOR ( 'NONE', #5520, 1000.000000000000000 ) ;
#777 = DIRECTION ( 'NONE',  ( 0.0000000000000000000, -0.3872324843550896123, -0.9219821056073622678 ) ) ;
#778 = EDGE_CURVE ( 'NONE', #1372, #6997, #2673, .T. ) ;
#779 = CARTESIAN_POINT ( 'NONE',  ( 3.333333333333423187, 4.279999999999995808, 0.6400000000000001243 ) ) ;
#780 = AXIS2_PLACEMENT_3D ( 'NONE', #4523, #5154, #1269 ) ;
#781 = VECTOR ( 'NONE', #4364, 1000.000000000000000 ) ;
#782 = ORIENTED_EDGE ( 'NONE', *, *, #3581, .T. ) ;
#783 = CARTESIAN_POINT ( 'NONE',  ( 1.080000000000000071, 0.0000000000000000000, 3.850000000000000089 ) ) ;
#784 = LINE ( 'NONE', #4154, #5642 ) ;
#785 = ORIENTED_EDGE ( 'NONE', *, *, #5100, .T. ) ;
#786 = DIRECTION ( 'NONE',  ( 1.000000000000000000, 0.0000000000000000000, 0.0000000000000000000 ) ) ;
#787 = CARTESIAN_POINT ( 'NONE',  ( 1.674172195825665010, 2.974365374686354979, 0.6400000000000000133 ) ) ;
#788 = VECTOR ( 'NONE', #3488, 1000.000000000000000 ) ;
#789 = CARTESIAN_POINT ( 'NONE',  ( -1.279999999999998694, 0.0000000000000000000, 0.6400000000000001243 ) ) ;
#790 = VERTEX_POINT ( 'NONE', #3796 ) ;
#791 = DIRECTION ( 'NONE',  ( 0.0000000000000000000, 0.0000000000000000000, 1.000000000000000000 ) ) ;
#792 = ORIENTED_EDGE ( 'NONE', *, *, #4745, .T. ) ;
#793 = CARTESIAN_POINT ( 'NONE',  ( 1.882701990497236633, 1.710771534887084000, 0.6400000000000001243 ) ) ;
#794 = CLOSED_SHELL ( 'NONE', ( #607, #5327, #1897, #5732, #6384, #1457, #5836, #321, #4169, #5016, #6790, #4549, #1095, #6135 ) ) ;
#795 = CARTESIAN_POINT ( 'NONE',  ( 1.637326003309222955, 1.629097896061105999, 0.6400000000000001243 ) ) ;
#796 = VERTEX_POINT ( 'NONE', #2634 ) ;
#797 = CARTESIAN_POINT ( 'NONE',  ( 0.0000000000000000000, 10.90000000000000036, 0.2700000000000000178 ) ) ;
#798 = ORIENTED_EDGE ( 'NONE', *, *, #4660, .F. ) ;
#799 = ORIENTED_EDGE ( 'NONE', *, *, #2753, .T. ) ;
#800 = DIRECTION ( 'NONE',  ( 0.0000000000000000000, 0.0000000000000000000, 1.000000000000000000 ) ) ;
#801 =( LENGTH_UNIT ( ) NAMED_UNIT ( * ) SI_UNIT ( .MILLI., .METRE. ) );
#802 = CARTESIAN_POINT ( 'NONE',  ( -3.409999999999999698, 0.0000000000000000000, -2.899999999999999911 ) ) ;
#803 = DIRECTION ( 'NONE',  ( 0.0000000000000000000, 0.0000000000000000000, -1.000000000000000000 ) ) ;
#804 = VERTEX_POINT ( 'NONE', #2008 ) ;
#805 = EDGE_CURVE ( 'NONE', #5179, #5605, #4841, .T. ) ;
#806 = EDGE_CURVE ( 'NONE', #3369, #1642, #4341, .T. ) ;
#807 = CARTESIAN_POINT ( 'NONE',  ( -4.009999999999999787, 0.0000000000000000000, 3.350000000000000089 ) ) ;
#808 = CARTESIAN_POINT ( 'NONE',  ( 2.208333333333345916, 1.720000000000000639, 0.6400000000000001243 ) ) ;
#809 = CARTESIAN_POINT ( 'NONE',  ( 0.06391813759496070557, 1.518378803222814932, 0.6400000000000000133 ) ) ;
#810 = LINE ( 'NONE', #2585, #4623 ) ;
#811 = CARTESIAN_POINT ( 'NONE',  ( 2.666666666666639873, 3.000000000000000000, 0.6400000000000000133 ) ) ;
#812 = CARTESIAN_POINT ( 'NONE',  ( -2.609999999999999876, 13.40000000000000036, 4.850000000000000533 ) ) ;
#813 = ORIENTED_EDGE ( 'NONE', *, *, #3722, .F. ) ;
#814 = CARTESIAN_POINT ( 'NONE',  ( -2.909999999999999698, 12.59999999999999964, 3.850000000000000089 ) ) ;
#815 = VERTEX_POINT ( 'NONE', #3350 ) ;
#816 = EDGE_CURVE ( 'NONE', #6462, #5781, #2051, .T. ) ;
#817 = DIRECTION ( 'NONE',  ( -6.914672651895809708E-32, 1.000000000000000000, 1.913297951445009840E-16 ) ) ;
#818 = DIRECTION ( 'NONE',  ( 0.0000000000000000000, 1.000000000000000000, 0.0000000000000000000 ) ) ;
#819 = CARTESIAN_POINT ( 'NONE',  ( -0.8199999999999999512, 8.224999999999999645, -3.035000000000000142 ) ) ;
#820 =( NAMED_UNIT ( * ) SI_UNIT ( $, .STERADIAN. ) SOLID_ANGLE_UNIT ( ) );
#821 = CARTESIAN_POINT ( 'NONE',  ( 1.481621196777171967, 2.936081862405050202, 0.6400000000000000133 ) ) ;
#822 = CARTESIAN_POINT ( 'NONE',  ( 3.333333333333423187, 4.279999999999995808, 0.6400000000000001243 ) ) ;
#823 = VERTEX_POINT ( 'NONE', #899 ) ;
#824 = ORIENTED_EDGE ( 'NONE', *, *, #4874, .T. ) ;
#825 = UNCERTAINTY_MEASURE_WITH_UNIT (LENGTH_MEASURE( 1.000000000000000082E-05 ), #6337, 'distance_accuracy_value', 'NONE');
#826 = DIRECTION ( 'NONE',  ( 1.000000000000000000, 0.0000000000000000000, 0.0000000000000000000 ) ) ;
#827 = CARTESIAN_POINT ( 'NONE',  ( 2.054999864970847856, 4.280008541599678473, -0.6400000000000001243 ) ) ;
#828 = CARTESIAN_POINT ( 'NONE',  ( 2.208333333333345916, 1.720000000000000639, 0.6400000000000001243 ) ) ;
#829 = CARTESIAN_POINT ( 'NONE',  ( 1.370902103938838268, 1.362673996690775047, 0.6400000000000001243 ) ) ;
#830 = EDGE_LOOP ( 'NONE', ( #6760, #3682, #4600, #656 ) ) ;
#831 = TOROIDAL_SURFACE ( 'NONE', #4922, 2.000000000000000000, 1.149999999999999911 ) ;
#832 = DIRECTION ( 'NONE',  ( 0.0000000000000000000, -1.000000000000000000, -1.385561881770611942E-16 ) ) ;
#833 = ORIENTED_EDGE ( 'NONE', *, *, #3627, .F. ) ;
#834 = VERTEX_POINT ( 'NONE', #1567 ) ;
#835 = DIRECTION ( 'NONE',  ( 0.0000000000000000000, 1.000000000000000000, 0.0000000000000000000 ) ) ;
#836 = AXIS2_PLACEMENT_3D ( 'NONE', #2887, #4498, #5066 ) ;
#837 = CARTESIAN_POINT ( 'NONE',  ( 0.8199999999999999512, 6.779999999999999361, -3.660000000000000142 ) ) ;
#838 = DIRECTION ( 'NONE',  ( 3.242291330675305001E-16, 0.0000000000000000000, -1.000000000000000000 ) ) ;
#839 = CARTESIAN_POINT ( 'NONE',  ( 1.084202172485503941E-16, 0.1666666666666674901, -0.6400000000000000133 ) ) ;
#840 = ORIENTED_EDGE ( 'NONE', *, *, #3468, .T. ) ;
#841 = CARTESIAN_POINT ( 'NONE',  ( -0.5699999999999999512, -2.700000000000000178, 0.5699999999999999512 ) ) ;
#842 = CARTESIAN_POINT ( 'NONE',  ( 1.279999999999998694, 0.8333333333333348136, 0.6400000000000001243 ) ) ;
#843 = CARTESIAN_POINT ( 'NONE',  ( 0.0000000000000000000, 0.3333333333333330373, 0.6400000000000000133 ) ) ;
#844 = PLANE ( 'NONE',  #5549 ) ;
#845 = CARTESIAN_POINT ( 'NONE',  ( -5.421010862427519705E-17, 0.8333333333333369231, 0.6400000000000000133 ) ) ;
#846 = AXIS2_PLACEMENT_3D ( 'NONE', #5262, #1409, #6948 ) ;
#847 = EDGE_CURVE ( 'NONE', #5218, #1581, #3757, .T. ) ;
#848 = AXIS2_PLACEMENT_3D ( 'NONE', #5509, #2187, #415 ) ;
#849 = EDGE_CURVE ( 'NONE', #6029, #1359, #2595, .T. ) ;
#850 = PRODUCT_DEFINITION ( 'UNKNOWN', '', #5679, #4503 ) ;
#851 = CARTESIAN_POINT ( 'NONE',  ( 2.000000000000000000, 3.000000000000000000, -1.149999999999999911 ) ) ;
#852 = ORIENTED_EDGE ( 'NONE', *, *, #4530, .F. ) ;
#853 = CIRCLE ( 'NONE', #1569, 0.6500000000000000222 ) ;
#854 = LINE ( 'NONE', #6335, #1580 ) ;
#855 = VECTOR ( 'NONE', #615, 1000.000000000000000 ) ;
#856 = LINE ( 'NONE', #3172, #4787 ) ;
#857 = SURFACE_SIDE_STYLE ('',( #6411 ) ) ;
#858 = CARTESIAN_POINT ( 'NONE',  ( 2.208333333333349913, 3.000000000000000000, 0.6400000000000000133 ) ) ;
#859 = EDGE_CURVE ( 'NONE', #6121, #5218, #1214, .T. ) ;
#860 = ADVANCED_FACE ( 'NONE', ( #6148 ), #576, .T. ) ;
#861 = MECHANICAL_DESIGN_GEOMETRIC_PRESENTATION_REPRESENTATION (  '', ( #3792 ), #1456 ) ;
#862 = CARTESIAN_POINT ( 'NONE',  ( -2.700000000000000178, 0.2999999999999999889, -2.000000000000000000 ) ) ;
#863 = ORIENTED_EDGE ( 'NONE', *, *, #4698, .F. ) ;
#864 = CARTESIAN_POINT ( 'NONE',  ( 1.820000000000000062, 12.37975568869732079, -4.597157890324970353 ) ) ;
#865 = ORIENTED_EDGE ( 'NONE', *, *, #3619, .F. ) ;
#866 = CARTESIAN_POINT ( 'NONE',  ( 4.009999999999999787, 13.40000000000000036, -2.899999999999999911 ) ) ;
#867 = DIRECTION ( 'NONE',  ( 0.0000000000000000000, 0.0000000000000000000, 1.000000000000000000 ) ) ;
#868 = AXIS2_PLACEMENT_3D ( 'NONE', #3113, #2428, #1872 ) ;
#869 = CARTESIAN_POINT ( 'NONE',  ( -1.279986582886592394, 1.086393585870359280, 0.6400000000000001243 ) ) ;
#870 = CARTESIAN_POINT ( 'NONE',  ( 1.557526098239063295, 1.575759863147669027, -0.6400000000000001243 ) ) ;
#871 = EDGE_CURVE ( 'NONE', #6082, #4822, #2617, .T. ) ;
#872 = VECTOR ( 'NONE', #3440, 1000.000000000000000 ) ;
#873 = ORIENTED_EDGE ( 'NONE', *, *, #1639, .T. ) ;
#874 = PLANE ( 'NONE',  #3449 ) ;
#875 = EDGE_LOOP ( 'NONE', ( #5720, #3154, #4671, #3788 ) ) ;
#876 = EDGE_LOOP ( 'NONE', ( #3265, #158, #1412, #3010 ) ) ;
#877 = VECTOR ( 'NONE', #1306, 1000.000000000000000 ) ;
#878 = CARTESIAN_POINT ( 'NONE',  ( 4.000000000000000000, 3.000000000000000000, 0.0000000000000000000 ) ) ;
#879 = DIRECTION ( 'NONE',  ( -1.000000000000000000, 0.0000000000000000000, 0.0000000000000000000 ) ) ;
#880 = DIRECTION ( 'NONE',  ( 0.0000000000000000000, 1.000000000000000000, 0.0000000000000000000 ) ) ;
#881 = ORIENTED_EDGE ( 'NONE', *, *, #4167, .T. ) ;
#882 = AXIS2_PLACEMENT_3D ( 'NONE', #5919, #4214, #5295 ) ;
#883 = LINE ( 'NONE', #344, #78 ) ;
#884 = CARTESIAN_POINT ( 'NONE',  ( 2.666666666666639873, 3.000000000000000000, 0.6400000000000000133 ) ) ;
#885 = CARTESIAN_POINT ( 'NONE',  ( 1.080000000000000071, 6.299999999999999822, 3.850000000000000089 ) ) ;
#886 = CARTESIAN_POINT ( 'NONE',  ( -0.4500000000000000111, 13.40000000000000036, 2.949999999999999734 ) ) ;
#887 = VECTOR ( 'NONE', #2698, 1000.000000000000000 ) ;
#888 = LINE ( 'NONE', #349, #6911 ) ;
#889 = EDGE_LOOP ( 'NONE', ( #4537, #2813, #681, #2538 ) ) ;
#890 = CARTESIAN_POINT ( 'NONE',  ( -3.959999999999999964, 0.0000000000000000000, 8.673617379884030542E-16 ) ) ;
#891 = ORIENTED_EDGE ( 'NONE', *, *, #5588, .F. ) ;
#892 = DIRECTION ( 'NONE',  ( 0.0000000000000000000, 0.0000000000000000000, 1.000000000000000000 ) ) ;
#893 = ITEM_DEFINED_TRANSFORMATION ( 'NONE', 'NONE', #2328,  #2084 ) ;
#894 = VECTOR ( 'NONE', #6233, 1000.000000000000000 ) ;
#895 = CIRCLE ( 'NONE', #1960, 0.5000000000000000000 ) ;
#896 = EDGE_CURVE ( 'NONE', #6388, #2415, #5346, .T. ) ;
#897 = DIRECTION ( 'NONE',  ( 0.0000000000000000000, -0.6276213778489598827, -0.7785187255724638211 ) ) ;
#898 = DIRECTION ( 'NONE',  ( 0.0000000000000000000, 0.0000000000000000000, 1.000000000000000000 ) ) ;
#899 = CARTESIAN_POINT ( 'NONE',  ( 1.110000000000000098, 0.0000000000000000000, 0.8699999999999999956 ) ) ;
#900 = PRODUCT_DEFINITION_FORMATION_WITH_SPECIFIED_SOURCE ( 'ANY', '', #1729, .NOT_KNOWN. ) ;
#901 = AXIS2_PLACEMENT_3D ( 'NONE', #1225, #6841, #6771 ) ;
#902 = CARTESIAN_POINT ( 'NONE',  ( 3.959999999999999964, 9.400000000000000355, -1.500000000000000000 ) ) ;
#903 = ORIENTED_EDGE ( 'NONE', *, *, #1055, .F. ) ;
#904 = DIRECTION ( 'NONE',  ( 0.0000000000000000000, -1.000000000000000000, 0.0000000000000000000 ) ) ;
#905 = EDGE_LOOP ( 'NONE', ( #3733, #5209, #1955, #4887 ) ) ;
#906 = EDGE_CURVE ( 'NONE', #796, #1664, #17, .T. ) ;
#907 = FACE_OUTER_BOUND ( 'NONE', #3452, .T. ) ;
#908 = CARTESIAN_POINT ( 'NONE',  ( 0.8199999999999999512, 2.200000000000000178, -3.657157890324955307 ) ) ;
#909 = EDGE_CURVE ( 'NONE', #1159, #790, #4269, .T. ) ;
#910 = AXIS2_PLACEMENT_3D ( 'NONE', #5446, #5369, #3743 ) ;
#911 = CARTESIAN_POINT ( 'NONE',  ( -5.208292492328140610E-06, 0.9583334156682049576, 0.6400000000000000133 ) ) ;
#912 = CARTESIAN_POINT ( 'NONE',  ( 0.2525058442745775067, 2.007427768585499983, -0.6400000000000000133 ) ) ;
#913 = PRESENTATION_LAYER_ASSIGNMENT (  '', '', ( #4525 ) ) ;
#914 = CARTESIAN_POINT ( 'NONE',  ( 4.000000000000000000, 3.000000000000000000, 0.0000000000000000000 ) ) ;
#915 = ORIENTED_EDGE ( 'NONE', *, *, #535, .T. ) ;
#916 = EDGE_CURVE ( 'NONE', #4685, #5460, #1455, .T. ) ;
#917 = ORIENTED_EDGE ( 'NONE', *, *, #3861, .T. ) ;
#918 = CLOSED_SHELL ( 'NONE', ( #1937, #5947, #5542, #4226 ) ) ;
#919 = DIRECTION ( 'NONE',  ( 0.0000000000000000000, -1.000000000000000000, 0.0000000000000000000 ) ) ;
#920 =( NAMED_UNIT ( * ) PLANE_ANGLE_UNIT ( ) SI_UNIT ( $, .RADIAN. ) );
#921 = LINE ( 'NONE', #1591, #4750 ) ;
#922 = LINE ( 'NONE', #4291, #4373 ) ;
#923 = VERTEX_POINT ( 'NONE', #2560 ) ;
#924 = DIRECTION ( 'NONE',  ( 1.000000000000000000, 0.0000000000000000000, 0.0000000000000000000 ) ) ;
#925 = CARTESIAN_POINT ( 'NONE',  ( 2.666666666666639873, 3.000000000000000000, -0.6400000000000000133 ) ) ;
#926 = DIRECTION ( 'NONE',  ( 0.0000000000000000000, -0.7071067811865480168, 0.7071067811865470176 ) ) ;
#927 = CARTESIAN_POINT ( 'NONE',  ( -1.820000000000000062, 3.649999999999999911, -3.657157890324960192 ) ) ;
#928 = DIRECTION ( 'NONE',  ( -0.2873478855663425535, 0.9578262852211522071, 0.0000000000000000000 ) ) ;
#929 = CARTESIAN_POINT ( 'NONE',  ( 1.409999999999999920, 0.2999999999999999889, 0.5699999999999999512 ) ) ;
#930 = ORIENTED_EDGE ( 'NONE', *, *, #4920, .F. ) ;
#931 = DIRECTION ( 'NONE',  ( 0.0000000000000000000, 0.0000000000000000000, 1.000000000000000000 ) ) ;
#932 = FACE_BOUND ( 'NONE', #1419, .T. ) ;
#933 = PRODUCT_CONTEXT ( 'NONE', #6378, 'mechanical' ) ;
#934 = DIRECTION ( 'NONE',  ( 0.0000000000000000000, -0.2873478855663425535, -0.9578262852211522071 ) ) ;
#935 =( NAMED_UNIT ( * ) PLANE_ANGLE_UNIT ( ) SI_UNIT ( $, .RADIAN. ) );
#936 = DIRECTION ( 'NONE',  ( -1.000000000000000000, 0.0000000000000000000, 0.0000000000000000000 ) ) ;
#937 = CARTESIAN_POINT ( 'NONE',  ( 0.06391813759496049741, 1.518378803222814932, 0.6400000000000000133 ) ) ;
#938 = LINE ( 'NONE', #3176, #424 ) ;
#939 = ORIENTED_EDGE ( 'NONE', *, *, #5490, .T. ) ;
#940 = LINE ( 'NONE', #983, #1330 ) ;
#941 = CARTESIAN_POINT ( 'NONE',  ( 1.409999999999999920, 0.2999999999999999889, -0.5699999999999999512 ) ) ;
#942 =( BOUNDED_SURFACE ( )  B_SPLINE_SURFACE ( 3, 3, ( 
 ( #2622, #4829, #843, #3662, #6401, #1439, #6908, #5298, #7053, #1996, #4107, #3563, #6434, #809, #6326, #775, #231, #5336, #1919, #4146, #6364, #3048, #2584, #6945, #1959, #5840, #2198, #3856, #5447, #961, #6546, #6076, #2806, #7095, #465, #3744 ),
 ( #426, #5518, #2697, #4902, #2154, #537, #7130, #6590, #3823, #2225, #2185, #3847, #5474, #494, #3812, #4438, #6068, #1072, #6539, #5436, #3300, #998, #1586, #2724, #5506, #5988, #458, #529, #2759, #4861, #3882, #6030, #1550, #3155, #7087, #3774 ),
 ( #4966, #2690, #7189, #7045, #5363, #1517, #4894, #374, #952, #2067, #5951, #4287, #2609, #7122, #6505, #4397, #2144, #6579, #1041, #3736, #3188, #3269, #5397, #413, #2652, #1762, #692, #4065, #2831, #1248, #3986, #6240, #4570, #595, #5695, #1211 ),
 ( #3480, #6205, #2290, #2927, #6829, #1795, #2326, #6137, #77, #5548, #5038, #5110, #4505, #1730, #4027, #5136, #143, #5073, #660, #1175, #5658, #1691, #4542, #2386, #6761, #1835, #562, #3444, #5585, #4604, #1107, #4469, #113, #3340, #2795, #5008 ),
 ( #7, #2256, #6789, #6685, #3404, #3919, #1142, #3374, #2895, #5614, #41, #624, #2358, #6724, #3955, #6174, #2865, #722, #5759, #6348, #6383, #2960, #2532, #4739, #5321, #827, #1980, #1388, #5281, #6929, #328, #4201, #6419, #5212, #3580, #1423 ),
 ( #5172, #2992, #3109, #6310, #180, #218, #2569, #3646, #7001, #869, #6895, #4164, #250, #4775, #2424, #2017, #5795, #6281, #4641, #1287, #1898, #4126, #3513, #3033, #5244, #4699, #290, #5724, #7079, #6608, #6566, #2102, #3764, #5388, #1066, #7182 ),
 ( #4390, #1576, #6496, #6022, #3224, #7149, #4924, #3687, #911, #5354, #1617, #6061, #4890, #4279, #5904, #1508, #3147, #986, #366, #1030, #1540, #5466, #2601, #4317, #7116, #4237, #2717, #486, #5428, #2136, #520, #4810, #4958, #3727, #3842, #3805 ) ),
 .UNSPECIFIED., .T., .F., .F. ) 
 B_SPLINE_SURFACE_WITH_KNOTS ( ( 4, 3, 4 ),
 ( 4, 2, 2, 2, 2, 2, 2, 2, 2, 2, 2, 2, 2, 2, 2, 2, 2, 4 ),
 ( 0.0000000000000000000, 0.5000000000000000000, 1.000000000000000000 ),
 ( 0.0000000000000000000, 0.08141210728258689577, 0.1221181609238803922, 0.1424711877445269947, 0.1628242145651740136, 0.1947946743342039988, 0.2267651341032335122, 0.2907060536412935381, 0.4185878927174130348, 0.5464697317935329757, 0.6104106513315920024, 0.6423811111006219043, 0.6743515708696520283, 0.6947045976902990194, 0.7150576245109458995, 0.7557636781522389935, 0.8371757854348259587, 1.000000000000000000 ),
 .UNSPECIFIED. ) 
 GEOMETRIC_REPRESENTATION_ITEM ( )  RATIONAL_B_SPLINE_SURFACE ( (
 ( 1.000000000000000000, 1.000000000000000000, 1.000000000000000000, 1.000000000000000000, 1.000000000000000000, 1.000000000000000000, 1.000000000000000000, 1.000000000000000000, 1.000000000000000000, 1.000000000000000000, 1.000000000000000000, 1.000000000000000000, 1.000000000000000000, 1.000000000000000000, 1.000000000000000000, 1.000000000000000000, 1.000000000000000000, 1.000000000000000000, 1.000000000000000000, 1.000000000000000000, 1.000000000000000000, 1.000000000000000000, 1.000000000000000000, 1.000000000000000000, 1.000000000000000000, 1.000000000000000000, 1.000000000000000000, 1.000000000000000000, 1.000000000000000000, 1.000000000000000000, 1.000000000000000000, 1.000000000000000000, 1.000000000000000000, 1.000000000000000000, 1.000000000000000000, 1.000000000000000000),
 ( 0.3333333333333335369, 0.3333333333333335369, 0.3333333333333335369, 0.3333333333333335369, 0.3333333333333335369, 0.3333333333333335369, 0.3333333333333335369, 0.3333333333333335369, 0.3333333333333335369, 0.3333333333333335369, 0.3333333333333335369, 0.3333333333333335369, 0.3333333333333335369, 0.3333333333333335369, 0.3333333333333335369, 0.3333333333333335369, 0.3333333333333335369, 0.3333333333333335369, 0.3333333333333335369, 0.3333333333333335369, 0.3333333333333335369, 0.3333333333333335369, 0.3333333333333335369, 0.3333333333333335369, 0.3333333333333335369, 0.3333333333333335369, 0.3333333333333335369, 0.3333333333333335369, 0.3333333333333335369, 0.3333333333333335369, 0.3333333333333335369, 0.3333333333333335369, 0.3333333333333335369, 0.3333333333333335369, 0.3333333333333335369, 0.3333333333333335369),
 ( 0.3333333333333335369, 0.3333333333333335369, 0.3333333333333335369, 0.3333333333333335369, 0.3333333333333335369, 0.3333333333333335369, 0.3333333333333335369, 0.3333333333333335369, 0.3333333333333335369, 0.3333333333333335369, 0.3333333333333335369, 0.3333333333333335369, 0.3333333333333335369, 0.3333333333333335369, 0.3333333333333335369, 0.3333333333333335369, 0.3333333333333335369, 0.3333333333333335369, 0.3333333333333335369, 0.3333333333333335369, 0.3333333333333335369, 0.3333333333333335369, 0.3333333333333335369, 0.3333333333333335369, 0.3333333333333335369, 0.3333333333333335369, 0.3333333333333335369, 0.3333333333333335369, 0.3333333333333335369, 0.3333333333333335369, 0.3333333333333335369, 0.3333333333333335369, 0.3333333333333335369, 0.3333333333333335369, 0.3333333333333335369, 0.3333333333333335369),
 ( 1.000000000000000000, 1.000000000000000000, 1.000000000000000000, 1.000000000000000000, 1.000000000000000000, 1.000000000000000000, 1.000000000000000000, 1.000000000000000000, 1.000000000000000000, 1.000000000000000000, 1.000000000000000000, 1.000000000000000000, 1.000000000000000000, 1.000000000000000000, 1.000000000000000000, 1.000000000000000000, 1.000000000000000000, 1.000000000000000000, 1.000000000000000000, 1.000000000000000000, 1.000000000000000000, 1.000000000000000000, 1.000000000000000000, 1.000000000000000000, 1.000000000000000000, 1.000000000000000000, 1.000000000000000000, 1.000000000000000000, 1.000000000000000000, 1.000000000000000000, 1.000000000000000000, 1.000000000000000000, 1.000000000000000000, 1.000000000000000000, 1.000000000000000000, 1.000000000000000000),
 ( 0.3333333333333335369, 0.3333333333333335369, 0.3333333333333335369, 0.3333333333333335369, 0.3333333333333335369, 0.3333333333333335369, 0.3333333333333335369, 0.3333333333333335369, 0.3333333333333335369, 0.3333333333333335369, 0.3333333333333335369, 0.3333333333333335369, 0.3333333333333335369, 0.3333333333333335369, 0.3333333333333335369, 0.3333333333333335369, 0.3333333333333335369, 0.3333333333333335369, 0.3333333333333335369, 0.3333333333333335369, 0.3333333333333335369, 0.3333333333333335369, 0.3333333333333335369, 0.3333333333333335369, 0.3333333333333335369, 0.3333333333333335369, 0.3333333333333335369, 0.3333333333333335369, 0.3333333333333335369, 0.3333333333333335369, 0.3333333333333335369, 0.3333333333333335369, 0.3333333333333335369, 0.3333333333333335369, 0.3333333333333335369, 0.3333333333333335369),
 ( 0.3333333333333335369, 0.3333333333333335369, 0.3333333333333335369, 0.3333333333333335369, 0.3333333333333335369, 0.3333333333333335369, 0.3333333333333335369, 0.3333333333333335369, 0.3333333333333335369, 0.3333333333333335369, 0.3333333333333335369, 0.3333333333333335369, 0.3333333333333335369, 0.3333333333333335369, 0.3333333333333335369, 0.3333333333333335369, 0.3333333333333335369, 0.3333333333333335369, 0.3333333333333335369, 0.3333333333333335369, 0.3333333333333335369, 0.3333333333333335369, 0.3333333333333335369, 0.3333333333333335369, 0.3333333333333335369, 0.3333333333333335369, 0.3333333333333335369, 0.3333333333333335369, 0.3333333333333335369, 0.3333333333333335369, 0.3333333333333335369, 0.3333333333333335369, 0.3333333333333335369, 0.3333333333333335369, 0.3333333333333335369, 0.3333333333333335369),
 ( 1.000000000000000000, 1.000000000000000000, 1.000000000000000000, 1.000000000000000000, 1.000000000000000000, 1.000000000000000000, 1.000000000000000000, 1.000000000000000000, 1.000000000000000000, 1.000000000000000000, 1.000000000000000000, 1.000000000000000000, 1.000000000000000000, 1.000000000000000000, 1.000000000000000000, 1.000000000000000000, 1.000000000000000000, 1.000000000000000000, 1.000000000000000000, 1.000000000000000000, 1.000000000000000000, 1.000000000000000000, 1.000000000000000000, 1.000000000000000000, 1.000000000000000000, 1.000000000000000000, 1.000000000000000000, 1.000000000000000000, 1.000000000000000000, 1.000000000000000000, 1.000000000000000000, 1.000000000000000000, 1.000000000000000000, 1.000000000000000000, 1.000000000000000000, 1.000000000000000000) ) ) 
 REPRESENTATION_ITEM ( '' )  SURFACE ( )  );
#943 = FACE_BOUND ( 'NONE', #6992, .T. ) ;
#944 = CARTESIAN_POINT ( 'NONE',  ( 1.674172195825665010, 2.974365374686354979, -0.6400000000000000133 ) ) ;
#945 = EDGE_CURVE ( 'NONE', #3653, #2150, #3716, .T. ) ;
#946 = EDGE_CURVE ( 'NONE', #6690, #1279, #4881, .T. ) ;
#947 = ADVANCED_FACE ( 'NONE', ( #1532 ), #7106, .F. ) ;
#948 = ORIENTED_EDGE ( 'NONE', *, *, #1087, .F. ) ;
#949 = CARTESIAN_POINT ( 'NONE',  ( 2.745000000000000107, 0.0000000000000000000, -3.840000000000000302 ) ) ;
#950 = ORIENTED_EDGE ( 'NONE', *, *, #1599, .T. ) ;
#951 = EDGE_LOOP ( 'NONE', ( #599, #6172, #1743, #270 ) ) ;
#952 = CARTESIAN_POINT ( 'NONE',  ( 1.279998125014697230, 0.9716666963072198016, -0.6400000000000001243 ) ) ;
#953 = CARTESIAN_POINT ( 'NONE',  ( -1.214999999999999858, 0.0000000000000000000, -3.840000000000000302 ) ) ;
#954 = LINE ( 'NONE', #3815, #1222 ) ;
#955 = DIRECTION ( 'NONE',  ( 0.0000000000000000000, 0.0000000000000000000, -1.000000000000000000 ) ) ;
#956 = EDGE_CURVE ( 'NONE', #175, #3916, #5852, .T. ) ;
#957 = CARTESIAN_POINT ( 'NONE',  ( 0.8199999999999999512, 6.779999999999999361, -3.660000000000000142 ) ) ;
#958 = ORIENTED_EDGE ( 'NONE', *, *, #488, .T. ) ;
#959 = LINE ( 'NONE', #6943, #7066 ) ;
#960 = CARTESIAN_POINT ( 'NONE',  ( 0.0000000000000000000, 0.7916666666666679619, -0.6400000000000000133 ) ) ;
#961 = CARTESIAN_POINT ( 'NONE',  ( 2.333333333333300175, 3.000000000000000000, 0.6400000000000000133 ) ) ;
#962 = LINE ( 'NONE', #4872, #887 ) ;
#963 = DIRECTION ( 'NONE',  ( 2.065146995210484941E-16, -1.913297951445009840E-16, 1.000000000000000000 ) ) ;
#964 = ADVANCED_FACE ( 'NONE', ( #1876 ), #3522, .F. ) ;
#965 = CARTESIAN_POINT ( 'NONE',  ( -2.990000000000000213, 1.000000000000000000, -2.899999999999999911 ) ) ;
#966 = AXIS2_PLACEMENT_3D ( 'NONE', #7064, #3315, #545 ) ;
#967 = VERTEX_POINT ( 'NONE', #669 ) ;
#968 = AXIS2_PLACEMENT_3D ( 'NONE', #3629, #5257, #926 ) ;
#969 = DIRECTION ( 'NONE',  ( 0.0000000000000000000, -1.000000000000000000, 0.0000000000000000000 ) ) ;
#970 = CARTESIAN_POINT ( 'NONE',  ( 3.459999999999999964, 0.0000000000000000000, -1.500000000000000000 ) ) ;
#971 = SHAPE_DEFINITION_REPRESENTATION ( #142, #1699 ) ;
#972 = DIRECTION ( 'NONE',  ( 0.0000000000000000000, -0.4999999999999995004, 0.8660254037844390407 ) ) ;
#973 = CARTESIAN_POINT ( 'NONE',  ( 0.2700000000000000178, -3.700000000000000178, 0.2700000000000000178 ) ) ;
#974 = VECTOR ( 'NONE', #4760, 1000.000000000000000 ) ;
#975 = PLANE ( 'NONE',  #4483 ) ;
#976 = FACE_OUTER_BOUND ( 'NONE', #4467, .T. ) ;
#977 = VECTOR ( 'NONE', #1083, 1000.000000000000000 ) ;
#978 = EDGE_LOOP ( 'NONE', ( #2852, #4458, #2411, #5276 ) ) ;
#979 = AXIS2_PLACEMENT_3D ( 'NONE', #1000, #6070, #3302 ) ;
#980 =( REPRESENTATION_RELATIONSHIP ('NONE','NONE', #239, #2952 ) REPRESENTATION_RELATIONSHIP_WITH_TRANSFORMATION ( #56 )SHAPE_REPRESENTATION_RELATIONSHIP( ) );
#981 = DIRECTION ( 'NONE',  ( -1.110223024625155924E-16, 1.000000000000000000, 1.867108438696574904E-33 ) ) ;
#982 = ORIENTED_EDGE ( 'NONE', *, *, #4825, .F. ) ;
#983 = CARTESIAN_POINT ( 'NONE',  ( -0.5699999999999999512, -2.700000000000000178, -0.5699999999999999512 ) ) ;
#984 = DIRECTION ( 'NONE',  ( 0.0000000000000000000, -0.7071067811865461294, -0.7071067811865490160 ) ) ;
#985 = DIRECTION ( 'NONE',  ( 0.0000000000000000000, 0.0000000000000000000, 1.000000000000000000 ) ) ;
#986 = CARTESIAN_POINT ( 'NONE',  ( 0.7709058284417820150, 2.599332953187969864, 0.6400000000000000133 ) ) ;
#987 = CARTESIAN_POINT ( 'NONE',  ( 2.208333333333344584, 3.000000000000000000, -0.6400000000000000133 ) ) ;
#988 = VECTOR ( 'NONE', #5065, 1000.000000000000000 ) ;
#989 = ORIENTED_EDGE ( 'NONE', *, *, #641, .F. ) ;
#990 = CARTESIAN_POINT ( 'NONE',  ( 1.882701990497236633, 1.710771534887084000, -0.6400000000000001243 ) ) ;
#991 = ORIENTED_EDGE ( 'NONE', *, *, #7016, .T. ) ;
#992 = CARTESIAN_POINT ( 'NONE',  ( 2.700000000000000178, 9.400000000000000355, -3.840000000000000302 ) ) ;
#993 = ORIENTED_EDGE ( 'NONE', *, *, #3329, .T. ) ;
#994 = VECTOR ( 'NONE', #2554, 1000.000000000000000 ) ;
#995 = EDGE_CURVE ( 'NONE', #4163, #492, #4000, .T. ) ;
#996 = ORIENTED_EDGE ( 'NONE', *, *, #5723, .F. ) ;
#997 = PRODUCT_RELATED_PRODUCT_CATEGORY ( 'part', '', ( #2264 ) ) ;
#998 = CARTESIAN_POINT ( 'NONE',  ( 1.882701990497236633, 1.710771534887084000, 0.6400000000000001243 ) ) ;
#999 = CARTESIAN_POINT ( 'NONE',  ( 2.666666666666639873, 3.000000000000000000, -0.6400000000000000133 ) ) ;
#1000 = CARTESIAN_POINT ( 'NONE',  ( 2.000000000000000000, 1.000000000000000000, 0.0000000000000000000 ) ) ;
#1001 = CARTESIAN_POINT ( 'NONE',  ( -2.990000000000000213, 6.250000000000000000, -1.909999999999999920 ) ) ;
#1002 = CARTESIAN_POINT ( 'NONE',  ( 1.409999999999999920, 3.200000000000000178, 0.5699999999999999512 ) ) ;
#1003 = CARTESIAN_POINT ( 'NONE',  ( 0.02563462531364089914, 1.325827804174342095, 0.6400000000000000133 ) ) ;
#1004 = MANIFOLD_SOLID_BREP ( 'NONE', #6620 ) ;
#1005 = VECTOR ( 'NONE', #5936, 1000.000000000000000 ) ;
#1006 = EDGE_CURVE ( 'NONE', #1951, #2794, #5044, .T. ) ;
#1007 = CARTESIAN_POINT ( 'NONE',  ( 3.666666666667149688, 3.000000000000000000, -0.6400000000000000133 ) ) ;
#1008 = ADVANCED_FACE ( 'NONE', ( #1260 ), #1911, .T. ) ;
#1009 = CARTESIAN_POINT ( 'NONE',  ( 1.149999999999999467, 0.9999999999999926725, 0.0000000000000000000 ) ) ;
#1010 = ORIENTED_EDGE ( 'NONE', *, *, #5912, .F. ) ;
#1011 = DIRECTION ( 'NONE',  ( 1.902109074535969807E-16, -1.913297951445009840E-16, 1.000000000000000000 ) ) ;
#1012 = VECTOR ( 'NONE', #5705, 1000.000000000000000 ) ;
#1013 = ORIENTED_EDGE ( 'NONE', *, *, #6928, .T. ) ;
#1014 = DIRECTION ( 'NONE',  ( 0.0000000000000000000, -1.000000000000000000, 0.0000000000000000000 ) ) ;
#1015 = FACE_OUTER_BOUND ( 'NONE', #6098, .T. ) ;
#1016 = EDGE_CURVE ( 'NONE', #4854, #5126, #6357, .T. ) ;
#1017 = FACE_OUTER_BOUND ( 'NONE', #2157, .T. ) ;
#1018 = AXIS2_PLACEMENT_3D ( 'NONE', #304, #5405, #924 ) ;
#1019 = SURFACE_STYLE_FILL_AREA ( #3756 ) ;
#1020 = MANIFOLD_SOLID_BREP ( 'NONE', #918 ) ;
#1021 = DIRECTION ( 'NONE',  ( 0.0000000000000000000, 0.0000000000000000000, 1.000000000000000000 ) ) ;
#1022 = AXIS2_PLACEMENT_3D ( 'NONE', #2234, #6695, #1772 ) ;
#1023 = ORIENTED_EDGE ( 'NONE', *, *, #5366, .F. ) ;
#1024 = CARTESIAN_POINT ( 'NONE',  ( 4.000000000000000000, 3.000000000000000000, 0.0000000000000000000 ) ) ;
#1025 = VERTEX_POINT ( 'NONE', #1431 ) ;
#1026 = DIRECTION ( 'NONE',  ( 0.0000000000000000000, 0.0000000000000000000, 1.000000000000000000 ) ) ;
#1027 = DIRECTION ( 'NONE',  ( 1.000000000000000000, 0.0000000000000000000, 0.0000000000000000000 ) ) ;
#1028 = DIRECTION ( 'NONE',  ( 1.068179480281283965E-15, 0.0000000000000000000, 1.000000000000000000 ) ) ;
#1029 =( GEOMETRIC_REPRESENTATION_CONTEXT ( 3 ) GLOBAL_UNCERTAINTY_ASSIGNED_CONTEXT ( ( #825 ) ) GLOBAL_UNIT_ASSIGNED_CONTEXT ( ( #6337, #2520, #1380 ) ) REPRESENTATION_CONTEXT ( 'NONE', 'WORKASPACE' ) );
#1030 = CARTESIAN_POINT ( 'NONE',  ( 1.355663587197480036, 2.897891519671150107, 0.6400000000000000133 ) ) ;
#1031 = VECTOR ( 'NONE', #4209, 1000.000000000000000 ) ;
#1032 = CARTESIAN_POINT ( 'NONE',  ( 2.166666666666661634, 1.720000000000000639, -0.6400000000000001243 ) ) ;
#1033 = APPLICATION_CONTEXT ( 'automotive_design' ) ;
#1034 = MANIFOLD_SOLID_BREP ( 'NONE', #5002 ) ;
#1035 = CARTESIAN_POINT ( 'NONE',  ( 1.768038891391091383, 1.683240947081635852, -0.6400000000000001243 ) ) ;
#1036 = ORIENTED_EDGE ( 'NONE', *, *, #2134, .T. ) ;
#1037 = DIRECTION ( 'NONE',  ( 0.0000000000000000000, 1.000000000000000000, 0.0000000000000000000 ) ) ;
#1038 = EDGE_LOOP ( 'NONE', ( #462, #4283, #6710, #1761 ) ) ;
#1039 = VECTOR ( 'NONE', #3778, 1000.000000000000000 ) ;
#1040 = VERTEX_POINT ( 'NONE', #4818 ) ;
#1041 = CARTESIAN_POINT ( 'NONE',  ( 1.637326003309222955, 1.629097896061105999, -0.6400000000000001243 ) ) ;
#1042 = LINE ( 'NONE', #338, #4060 ) ;
#1043 = CARTESIAN_POINT ( 'NONE',  ( -3.459999999999999964, 0.0000000000000000000, 4.799999999999999822 ) ) ;
#1044 = VECTOR ( 'NONE', #700, 1000.000000000000000 ) ;
#1045 = DIRECTION ( 'NONE',  ( 0.0000000000000000000, 0.0000000000000000000, -1.000000000000000000 ) ) ;
#1046 = CARTESIAN_POINT ( 'NONE',  ( 2.333333333333300175, 3.000000000000000000, -0.6400000000000000133 ) ) ;
#1047 = VERTEX_POINT ( 'NONE', #3591 ) ;
#1048 = CARTESIAN_POINT ( 'NONE',  ( -1.279999999999998694, 0.1666666666666654917, -0.6400000000000001243 ) ) ;
#1049 = CARTESIAN_POINT ( 'NONE',  ( 4.000000000000000000, 3.000000000000000000, 0.0000000000000000000 ) ) ;
#1050 = FACE_OUTER_BOUND ( 'NONE', #4547, .T. ) ;
#1051 = DIRECTION ( 'NONE',  ( 0.0000000000000000000, -1.000000000000000000, 0.0000000000000000000 ) ) ;
#1052 = EDGE_CURVE ( 'NONE', #2774, #3914, #5833, .T. ) ;
#1053 = ORIENTED_EDGE ( 'NONE', *, *, #6857, .T. ) ;
#1054 = ADVANCED_FACE ( 'NONE', ( #1327 ), #5768, .T. ) ;
#1055 = EDGE_CURVE ( 'NONE', #5747, #4627, #954, .T. ) ;
#1056 = DIRECTION ( 'NONE',  ( 0.2761723853694945108, 0.9205746178983248429, -0.2761723853694945108 ) ) ;
#1057 = PLANE ( 'NONE',  #3067 ) ;
#1058 = CARTESIAN_POINT ( 'NONE',  ( 1.409999999999999920, 1.000000000000000000, -0.5699999999999999512 ) ) ;
#1059 = ADVANCED_FACE ( 'NONE', ( #1519 ), #5399, .F. ) ;
#1060 = CARTESIAN_POINT ( 'NONE',  ( -3.959999999999999964, 9.400000000000000355, 8.673617379884030542E-16 ) ) ;
#1061 = ORIENTED_EDGE ( 'NONE', *, *, #5498, .F. ) ;
#1062 = CARTESIAN_POINT ( 'NONE',  ( 1.409999999999999920, 0.2999999999999999889, -0.5699999999999999512 ) ) ;
#1063 = ORIENTED_EDGE ( 'NONE', *, *, #2528, .T. ) ;
#1064 = DIRECTION ( 'NONE',  ( 0.0000000000000000000, -0.7071067811865489050, 0.7071067811865460184 ) ) ;
#1065 = CARTESIAN_POINT ( 'NONE',  ( -3.759999999999999787, 9.400000000000000355, 8.673617379884030542E-16 ) ) ;
#1066 = CARTESIAN_POINT ( 'NONE',  ( 3.666666666667149688, 4.279999999999995808, 0.6400000000000001243 ) ) ;
#1067 = CARTESIAN_POINT ( 'NONE',  ( 0.003213581817323174928, 1.130852527098471949, -0.6400000000000000133 ) ) ;
#1068 = EDGE_LOOP ( 'NONE', ( #2151, #6604, #622, #3838, #2764 ) ) ;
#1069 = PLANE ( 'NONE',  #5649 ) ;
#1070 = VERTEX_POINT ( 'NONE', #1043 ) ;
#1071 = EDGE_LOOP ( 'NONE', ( #863, #4354, #6004, #3245 ) ) ;
#1072 = CARTESIAN_POINT ( 'NONE',  ( 1.557526098239063295, 1.575759863147669027, 0.6400000000000001243 ) ) ;
#1073 = CARTESIAN_POINT ( 'NONE',  ( -1.084202172485503941E-16, 0.9166666666666608565, 0.6400000000000000133 ) ) ;
#1074 = CARTESIAN_POINT ( 'NONE',  ( 0.5000000000000000000, 2.712842109675049684, -5.110000000000000320 ) ) ;
#1075 = DIRECTION ( 'NONE',  ( 0.0000000000000000000, 0.0000000000000000000, -1.000000000000000000 ) ) ;
#1076 = LINE ( 'NONE', #1002, #4943 ) ;
#1077 = ORIENTED_EDGE ( 'NONE', *, *, #6636, .F. ) ;
#1078 = CARTESIAN_POINT ( 'NONE',  ( 2.208333333333345916, 4.279999999999995808, 0.6400000000000001243 ) ) ;
#1079 = CARTESIAN_POINT ( 'NONE',  ( -1.279999999999998694, 0.0000000000000000000, -0.6400000000000001243 ) ) ;
#1080 = LINE ( 'NONE', #2623, #4055 ) ;
#1081 = LINE ( 'NONE', #3746, #776 ) ;
#1082 = EDGE_LOOP ( 'NONE', ( #2274, #6656, #4414, #3659 ) ) ;
#1083 = DIRECTION ( 'NONE',  ( 0.0000000000000000000, 1.000000000000000000, 0.0000000000000000000 ) ) ;
#1084 = VERTEX_POINT ( 'NONE', #7159 ) ;
#1085 = CARTESIAN_POINT ( 'NONE',  ( 1.409999999999999920, 1.000000000000000000, 0.5699999999999999512 ) ) ;
#1086 = EDGE_CURVE ( 'NONE', #5641, #6388, #496, .T. ) ;
#1087 = EDGE_CURVE ( 'NONE', #5599, #1285, #3849, .T. ) ;
#1088 =( NAMED_UNIT ( * ) PLANE_ANGLE_UNIT ( ) SI_UNIT ( $, .RADIAN. ) );
#1089 = VECTOR ( 'NONE', #1268, 1000.000000000000000 ) ;
#1090 = DIRECTION ( 'NONE',  ( -6.914672651895809708E-32, 1.000000000000000000, 0.0000000000000000000 ) ) ;
#1091 = ORIENTED_EDGE ( 'NONE', *, *, #3506, .F. ) ;
#1092 = DIRECTION ( 'NONE',  ( 0.0000000000000000000, 0.0000000000000000000, 1.000000000000000000 ) ) ;
#1093 = ORIENTED_EDGE ( 'NONE', *, *, #946, .T. ) ;
#1094 = CARTESIAN_POINT ( 'NONE',  ( 0.8199999999999999512, 5.700000000000000178, -3.657157890324960192 ) ) ;
#1095 = ADVANCED_FACE ( 'NONE', ( #2726 ), #1443, .F. ) ;
#1096 = EDGE_CURVE ( 'NONE', #5512, #1736, #4327, .T. ) ;
#1097 = CARTESIAN_POINT ( 'NONE',  ( -3.959999999999999964, 3.200000000000000178, 4.299999999999999822 ) ) ;
#1098 = CARTESIAN_POINT ( 'NONE',  ( 2.550000000000000266, 0.2999999999999999889, -0.5699999999999999512 ) ) ;
#1099 = VECTOR ( 'NONE', #5411, 1000.000000000000000 ) ;
#1100 = CARTESIAN_POINT ( 'NONE',  ( 0.4006670468120264728, 2.229094171558219983, -0.6400000000000000133 ) ) ;
#1101 = ORIENTED_EDGE ( 'NONE', *, *, #4113, .F. ) ;
#1102 = CARTESIAN_POINT ( 'NONE',  ( 0.0000000000000000000, 10.90000000000000036, 0.0000000000000000000 ) ) ;
#1103 = EDGE_LOOP ( 'NONE', ( #3187, #255, #6509, #419, #6377, #3441 ) ) ;
#1104 = VECTOR ( 'NONE', #4251, 1000.000000000000000 ) ;
#1105 = ORIENTED_EDGE ( 'NONE', *, *, #1314, .F. ) ;
#1106 = EDGE_CURVE ( 'NONE', #4051, #6923, #4969, .T. ) ;
#1107 = CARTESIAN_POINT ( 'NONE',  ( 2.416666666666674956, 3.000000000000000000, -0.6400000000000000133 ) ) ;
#1108 = FACE_OUTER_BOUND ( 'NONE', #7072, .T. ) ;
#1109 = ADVANCED_BREP_SHAPE_REPRESENTATION ( '', ( #1034, #2084 ), #3830 ) ;
#1110 = CARTESIAN_POINT ( 'NONE',  ( 0.0000000000000000000, 0.3333333333333330373, 0.6400000000000000133 ) ) ;
#1111 = STYLED_ITEM ( 'NONE', ( #1860 ), #3235 ) ;
#1112 = ORIENTED_EDGE ( 'NONE', *, *, #6935, .F. ) ;
#1113 =( NAMED_UNIT ( * ) PLANE_ANGLE_UNIT ( ) SI_UNIT ( $, .RADIAN. ) );
#1114 = CARTESIAN_POINT ( 'NONE',  ( 2.833333333333285520, 4.279999999999995808, 0.6400000000000001243 ) ) ;
#1115 = CARTESIAN_POINT ( 'NONE',  ( 3.333333333333423187, 4.279999999999995808, -0.6400000000000001243 ) ) ;
#1116 = VECTOR ( 'NONE', #6133, 1000.000000000000000 ) ;
#1117 = DIRECTION ( 'NONE',  ( 1.000000000000000000, -1.110223024625155924E-16, -2.072906778112865061E-49 ) ) ;
#1118 = DIRECTION ( 'NONE',  ( 0.0000000000000000000, 0.0000000000000000000, 1.000000000000000000 ) ) ;
#1119 = FACE_OUTER_BOUND ( 'NONE', #5505, .T. ) ;
#1120 = ORIENTED_EDGE ( 'NONE', *, *, #6713, .F. ) ;
#1121 = CARTESIAN_POINT ( 'NONE',  ( -0.5699999999999999512, -2.700000000000000178, -0.5699999999999999512 ) ) ;
#1122 = AXIS2_PLACEMENT_3D ( 'NONE', #5973, #981, #3218 ) ;
#1123 = CARTESIAN_POINT ( 'NONE',  ( -3.959999999999999964, 3.200000000000000178, -1.500000000000000000 ) ) ;
#1124 = DIRECTION ( 'NONE',  ( -1.000000000000000000, 0.0000000000000000000, 0.0000000000000000000 ) ) ;
#1125 = AXIS2_PLACEMENT_3D ( 'NONE', #4908, #24, #5526 ) ;
#1126 = LINE ( 'NONE', #1163, #2742 ) ;
#1127 = ORIENTED_EDGE ( 'NONE', *, *, #7058, .F. ) ;
#1128 = FACE_OUTER_BOUND ( 'NONE', #1477, .T. ) ;
#1129 = VERTEX_POINT ( 'NONE', #7089 ) ;
#1130 = VECTOR ( 'NONE', #6399, 1000.000000000000000 ) ;
#1131 = CARTESIAN_POINT ( 'NONE',  ( 4.000000000000000000, 3.000000000000000000, -1.149999999999999911 ) ) ;
#1132 = LINE ( 'NONE', #3841, #4300 ) ;
#1133 = CARTESIAN_POINT ( 'NONE',  ( -1.409999999999999920, 3.200000000000000178, -0.5699999999999999512 ) ) ;
#1134 = VECTOR ( 'NONE', #3621, 1000.000000000000000 ) ;
#1135 = VERTEX_POINT ( 'NONE', #3777 ) ;
#1136 = CARTESIAN_POINT ( 'NONE',  ( 2.416666666666675400, 4.279999999999995808, -0.6400000000000001243 ) ) ;
#1137 = EDGE_CURVE ( 'NONE', #7121, #5543, #2761, .T. ) ;
#1138 = ORIENTED_EDGE ( 'NONE', *, *, #3496, .F. ) ;
#1139 = CARTESIAN_POINT ( 'NONE',  ( 1.149999999999999689, -8.312216655722205180E-17, 0.0000000000000000000 ) ) ;
#1140 = MECHANICAL_DESIGN_GEOMETRIC_PRESENTATION_REPRESENTATION (  '', ( #1856 ), #4634 ) ;
#1141 = VERTEX_POINT ( 'NONE', #5992 ) ;
#1142 = CARTESIAN_POINT ( 'NONE',  ( -1.279999999999998694, 0.8333333333333348136, -0.6400000000000001243 ) ) ;
#1143 = CARTESIAN_POINT ( 'NONE',  ( 0.02563462531364089914, 1.325827804174342095, 0.6400000000000000133 ) ) ;
#1144 = AXIS2_PLACEMENT_3D ( 'NONE', #3423, #706, #165 ) ;
#1145 = CARTESIAN_POINT ( 'NONE',  ( 2.208333333333349913, 3.000000000000000000, 0.6400000000000000133 ) ) ;
#1146 = VECTOR ( 'NONE', #5147, 1000.000000000000000 ) ;
#1147 = ORIENTED_EDGE ( 'NONE', *, *, #2031, .T. ) ;
#1148 = ADVANCED_FACE ( 'NONE', ( #6618 ), #3899, .T. ) ;
#1149 = PRESENTATION_STYLE_ASSIGNMENT (( #5619 ) ) ;
#1150 = VERTEX_POINT ( 'NONE', #1625 ) ;
#1151 = CARTESIAN_POINT ( 'NONE',  ( -5.421010862427519705E-17, 0.7916666666666679619, 0.6400000000000000133 ) ) ;
#1152 = CARTESIAN_POINT ( 'NONE',  ( -1.279986582886592394, 1.086393585870359280, 0.6400000000000001243 ) ) ;
#1153 = AXIS2_PLACEMENT_3D ( 'NONE', #3482, #5697, #694 ) ;
#1154 = DIRECTION ( 'NONE',  ( -6.914672651895809708E-32, 1.000000000000000000, 1.913297951445009840E-16 ) ) ;
#1155 = CARTESIAN_POINT ( 'NONE',  ( -2.745000000000000107, 9.400000000000000355, -2.000000000000000000 ) ) ;
#1156 = CARTESIAN_POINT ( 'NONE',  ( -3.510000000000000231, 12.40000000000000036, -1.110000000000000098 ) ) ;
#1157 = ORIENTED_EDGE ( 'NONE', *, *, #7105, .T. ) ;
#1158 = DIRECTION ( 'NONE',  ( 0.0000000000000000000, 0.0000000000000000000, 1.000000000000000000 ) ) ;
#1159 = VERTEX_POINT ( 'NONE', #4234 ) ;
#1160 = CARTESIAN_POINT ( 'NONE',  ( 2.208333333333344584, 3.000000000000000000, 0.6400000000000000133 ) ) ;
#1161 =( LENGTH_UNIT ( ) NAMED_UNIT ( * ) SI_UNIT ( .MILLI., .METRE. ) );
#1162 = CARTESIAN_POINT ( 'NONE',  ( -1.279999999999998694, 0.9166666666666598573, -0.6400000000000001243 ) ) ;
#1163 = CARTESIAN_POINT ( 'NONE',  ( -0.8199999999999999512, 6.779999999999999361, -2.861285051386784684 ) ) ;
#1164 = ORIENTED_EDGE ( 'NONE', *, *, #3410, .F. ) ;
#1165 = PLANE ( 'NONE',  #5884 ) ;
#1166 = ORIENTED_EDGE ( 'NONE', *, *, #4921, .F. ) ;
#1167 = CARTESIAN_POINT ( 'NONE',  ( -4.009999999999999787, 13.40000000000000036, 3.350000000000000089 ) ) ;
#1168 = DIRECTION ( 'NONE',  ( 1.000000000000000000, 0.0000000000000000000, 0.0000000000000000000 ) ) ;
#1169 = LINE ( 'NONE', #6782, #257 ) ;
#1170 = CARTESIAN_POINT ( 'NONE',  ( 2.208333333333349913, 3.000000000000000000, -0.6400000000000000133 ) ) ;
#1171 = ORIENTED_EDGE ( 'NONE', *, *, #758, .F. ) ;
#1172 = LINE ( 'NONE', #5611, #1819 ) ;
#1173 = VERTEX_POINT ( 'NONE', #941 ) ;
#1174 = ORIENTED_EDGE ( 'NONE', *, *, #2090, .T. ) ;
#1175 = CARTESIAN_POINT ( 'NONE',  ( 1.355663587197480036, 2.897891519671150107, -0.6400000000000000133 ) ) ;
#1176 = ADVANCED_FACE ( 'NONE', ( #1978 ), #1463, .T. ) ;
#1177 = DIRECTION ( 'NONE',  ( -1.885568995626964780E-16, -1.000000000000000000, 1.867108438696564983E-33 ) ) ;
#1178 = EDGE_CURVE ( 'NONE', #1040, #2709, #6381, .T. ) ;
#1179 = EDGE_CURVE ( 'NONE', #6997, #1861, #5857, .T. ) ;
#1180 = CARTESIAN_POINT ( 'NONE',  ( 0.0000000000000000000, 0.6666666666666680729, 0.6400000000000000133 ) ) ;
#1181 = EDGE_LOOP ( 'NONE', ( #6925, #6650, #5661, #223 ) ) ;
#1182 = PRESENTATION_STYLE_ASSIGNMENT (( #118 ) ) ;
#1183 = ORIENTED_EDGE ( 'NONE', *, *, #2079, .F. ) ;
#1184 = CARTESIAN_POINT ( 'NONE',  ( 0.5699999999999999512, -2.700000000000000178, -0.5699999999999999512 ) ) ;
#1185 = VECTOR ( 'NONE', #2049, 1000.000000000000000 ) ;
#1186 = CARTESIAN_POINT ( 'NONE',  ( 1.149858762714560445, 4.175174254344274694, 0.6400000000000001243 ) ) ;
#1187 = PLANE ( 'NONE',  #5200 ) ;
#1188 = ADVANCED_FACE ( 'NONE', ( #2488 ), #3724, .T. ) ;
#1189 = CARTESIAN_POINT ( 'NONE',  ( 1.820000000000000062, 8.224999999999999645, -3.035000000000000142 ) ) ;
#1190 = DIRECTION ( 'NONE',  ( 1.000000000000000000, 0.0000000000000000000, 0.0000000000000000000 ) ) ;
#1191 = DIRECTION ( 'NONE',  ( 0.0000000000000000000, -1.000000000000000000, 0.0000000000000000000 ) ) ;
#1192 = DIRECTION ( 'NONE',  ( 1.000000000000000000, 0.0000000000000000000, 0.0000000000000000000 ) ) ;
#1193 = CARTESIAN_POINT ( 'NONE',  ( -1.253710207020002132, 1.428108665313539083, 0.6400000000000001243 ) ) ;
#1194 = VECTOR ( 'NONE', #1817, 1000.000000000000000 ) ;
#1195 = PLANE ( 'NONE',  #6226 ) ;
#1196 = ORIENTED_EDGE ( 'NONE', *, *, #3560, .F. ) ;
#1197 = PRODUCT_DEFINITION_SHAPE ( 'NONE', 'NONE',  #7216 ) ;
#1198 = DIRECTION ( 'NONE',  ( 1.000000000000000000, -3.870341738045775180E-82, -2.072906778112844930E-49 ) ) ;
#1199 = ORIENTED_EDGE ( 'NONE', *, *, #2706, .F. ) ;
#1200 = CARTESIAN_POINT ( 'NONE',  ( -3.510000000000000231, 12.40000000000000036, 2.949999999999999734 ) ) ;
#1201 = AXIS2_PLACEMENT_3D ( 'NONE', #33, #1829, #3538 ) ;
#1202 = CARTESIAN_POINT ( 'NONE',  ( -2.909999999999999698, 12.59999999999999964, 4.349999999999999645 ) ) ;
#1203 = CARTESIAN_POINT ( 'NONE',  ( 2.000000000000000000, 3.000000000000000000, 0.0000000000000000000 ) ) ;
#1204 = PLANE ( 'NONE',  #5749 ) ;
#1205 = CARTESIAN_POINT ( 'NONE',  ( -1.279999999999998694, 0.1666666666666654917, -0.6400000000000001243 ) ) ;
#1206 = VECTOR ( 'NONE', #6526, 1000.000000000000000 ) ;
#1207 = ORIENTED_EDGE ( 'NONE', *, *, #237, .T. ) ;
#1208 = AXIS2_PLACEMENT_3D ( 'NONE', #4729, #6338, #2380 ) ;
#1209 = LINE ( 'NONE', #5692, #2304 ) ;
#1210 = ORIENTED_EDGE ( 'NONE', *, *, #909, .T. ) ;
#1211 = CARTESIAN_POINT ( 'NONE',  ( 4.000000000000000000, 1.720000000000000639, -0.6400000000000001243 ) ) ;
#1212 = VECTOR ( 'NONE', #269, 1000.000000000000000 ) ;
#1213 = CARTESIAN_POINT ( 'NONE',  ( -1.820000000000000062, 6.779999999999999361, -2.861285051386784684 ) ) ;
#1214 = CIRCLE ( 'NONE', #5051, 1.149999999999999911 ) ;
#1215 = LINE ( 'NONE', #4440, #1381 ) ;
#1216 = CYLINDRICAL_SURFACE ( 'NONE', #163, 1.149999999999999911 ) ;
#1217 = EDGE_LOOP ( 'NONE', ( #658, #4684, #4123, #4511 ) ) ;
#1218 = PLANE ( 'NONE',  #173 ) ;
#1219 = ORIENTED_EDGE ( 'NONE', *, *, #2354, .F. ) ;
#1220 = VECTOR ( 'NONE', #3287, 1000.000000000000000 ) ;
#1221 = EDGE_CURVE ( 'NONE', #3029, #5181, #2098, .T. ) ;
#1222 = VECTOR ( 'NONE', #3194, 1000.000000000000000 ) ;
#1223 = CARTESIAN_POINT ( 'NONE',  ( 2.700000000000000178, 0.2999999999999999889, -2.000000000000000000 ) ) ;
#1224 = CARTESIAN_POINT ( 'NONE',  ( -0.5000000000000000000, 2.200000000000000178, -4.597157890324959695 ) ) ;
#1225 = CARTESIAN_POINT ( 'NONE',  ( -1.409999999999999920, -4.336808689942014778E-16, -0.5699999999999999512 ) ) ;
#1226 = VECTOR ( 'NONE', #2345, 1000.000000000000000 ) ;
#1227 = CARTESIAN_POINT ( 'NONE',  ( -2.550000000000000266, -4.336808689942014778E-16, 0.5699999999999999512 ) ) ;
#1228 = EDGE_CURVE ( 'NONE', #1770, #1549, #6417, .T. ) ;
#1229 = ADVANCED_FACE ( 'NONE', ( #5387 ), #2641, .F. ) ;
#1230 = DIRECTION ( 'NONE',  ( -1.000000000000000000, 0.0000000000000000000, 4.251773225433350161E-16 ) ) ;
#1231 = AXIS2_PLACEMENT_3D ( 'NONE', #5829, #4099, #6352 ) ;
#1232 = CARTESIAN_POINT ( 'NONE',  ( 0.003213581817323009696, 1.130852527098471949, 0.6400000000000000133 ) ) ;
#1233 = CARTESIAN_POINT ( 'NONE',  ( 1.820000000000000062, 10.90000000000000036, -5.660000000000000142 ) ) ;
#1234 = CARTESIAN_POINT ( 'NONE',  ( 1.149858762714560445, 4.175174254344274694, 0.6400000000000001243 ) ) ;
#1235 = VECTOR ( 'NONE', #2525, 1000.000000000000000 ) ;
#1236 = ORIENTED_EDGE ( 'NONE', *, *, #6916, .F. ) ;
#1237 = EDGE_CURVE ( 'NONE', #1652, #4996, #3614, .T. ) ;
#1238 = DIRECTION ( 'NONE',  ( 0.0000000000000000000, 1.000000000000000000, 0.0000000000000000000 ) ) ;
#1239 = CARTESIAN_POINT ( 'NONE',  ( -1.820000000000000062, 3.649999999999999911, -3.657157890324960192 ) ) ;
#1240 = AXIS2_PLACEMENT_3D ( 'NONE', #7062, #4336, #5415 ) ;
#1241 = DIRECTION ( 'NONE',  ( -0.5773502691896257311, 0.5773502691896257311, -0.5773502691896257311 ) ) ;
#1242 = DIRECTION ( 'NONE',  ( 1.000000000000000000, 0.0000000000000000000, 0.0000000000000000000 ) ) ;
#1243 = CARTESIAN_POINT ( 'NONE',  ( -1.253710207020000578, 1.428108665313539083, 0.6400000000000001243 ) ) ;
#1244 = VECTOR ( 'NONE', #4868, 1000.000000000000000 ) ;
#1245 = ORIENTED_EDGE ( 'NONE', *, *, #288, .F. ) ;
#1246 = CARTESIAN_POINT ( 'NONE',  ( -4.009999999999999787, 6.250000000000000000, -2.899999999999999911 ) ) ;
#1247 = ORIENTED_EDGE ( 'NONE', *, *, #2055, .F. ) ;
#1248 = CARTESIAN_POINT ( 'NONE',  ( 2.333333333333299731, 1.720000000000000639, -0.6400000000000001243 ) ) ;
#1249 = AXIS2_PLACEMENT_3D ( 'NONE', #6840, #5184, #1362 ) ;
#1250 = CARTESIAN_POINT ( 'NONE',  ( 2.208333333333344584, 3.000000000000000000, 0.6400000000000000133 ) ) ;
#1251 = FACE_OUTER_BOUND ( 'NONE', #1425, .T. ) ;
#1252 = CARTESIAN_POINT ( 'NONE',  ( 0.9925722314144990177, 2.747494155725414888, 0.6400000000000000133 ) ) ;
#1253 = ORIENTED_EDGE ( 'NONE', *, *, #5489, .T. ) ;
#1254 = DIRECTION ( 'NONE',  ( 0.0000000000000000000, 0.0000000000000000000, -1.000000000000000000 ) ) ;
#1255 = ORIENTED_EDGE ( 'NONE', *, *, #155, .F. ) ;
#1256 = VECTOR ( 'NONE', #2500, 1000.000000000000000 ) ;
#1257 = DIRECTION ( 'NONE',  ( 1.000000000000000000, 0.0000000000000000000, 0.0000000000000000000 ) ) ;
#1258 = CARTESIAN_POINT ( 'NONE',  ( 1.149858762714560445, 4.175174254344274694, -0.6400000000000001243 ) ) ;
#1259 = CARTESIAN_POINT ( 'NONE',  ( -0.5000000000000000000, 12.37975568869732079, -4.597157890324970353 ) ) ;
#1260 = FACE_OUTER_BOUND ( 'NONE', #3922, .T. ) ;
#1261 = AXIS2_PLACEMENT_3D ( 'NONE', #643, #5637, #5090 ) ;
#1262 = DIRECTION ( 'NONE',  ( 0.0000000000000000000, -1.000000000000000000, 0.0000000000000000000 ) ) ;
#1263 = EDGE_CURVE ( 'NONE', #2792, #1361, #4314, .T. ) ;
#1264 = CARTESIAN_POINT ( 'NONE',  ( -2.168404344971009854E-16, 0.0000000000000000000, 0.0000000000000000000 ) ) ;
#1265 = DIRECTION ( 'NONE',  ( -9.050731179009431337E-15, 1.000000000000000000, -1.867108438696215001E-33 ) ) ;
#1266 = VECTOR ( 'NONE', #3007, 1000.000000000000114 ) ;
#1267 = CARTESIAN_POINT ( 'NONE',  ( 0.02563462531364089914, 1.325827804174342095, 0.6400000000000000133 ) ) ;
#1268 = DIRECTION ( 'NONE',  ( -9.510545372679868754E-17, 0.0000000000000000000, 1.000000000000000000 ) ) ;
#1269 = DIRECTION ( 'NONE',  ( 1.000000000000000000, 0.0000000000000000000, 0.0000000000000000000 ) ) ;
#1270 = CARTESIAN_POINT ( 'NONE',  ( -1.280008541599682248, 0.9450001350291937774, -0.6400000000000001243 ) ) ;
#1271 = ADVANCED_FACE ( 'NONE', ( #401 ), #3645, .F. ) ;
#1272 = EDGE_CURVE ( 'NONE', #5181, #1469, #7076, .T. ) ;
#1273 = EDGE_CURVE ( 'NONE', #4272, #2485, #6999, .T. ) ;
#1274 = VECTOR ( 'NONE', #1979, 1000.000000000000114 ) ;
#1275 = VERTEX_POINT ( 'NONE', #5901 ) ;
#1276 =( LENGTH_UNIT ( ) NAMED_UNIT ( * ) SI_UNIT ( .MILLI., .METRE. ) );
#1277 = VERTEX_POINT ( 'NONE', #908 ) ;
#1278 = FACE_OUTER_BOUND ( 'NONE', #6708, .T. ) ;
#1279 = VERTEX_POINT ( 'NONE', #3146 ) ;
#1280 = CARTESIAN_POINT ( 'NONE',  ( 4.009999999999999787, 13.40000000000000036, -2.899999999999999911 ) ) ;
#1281 = DIRECTION ( 'NONE',  ( 8.673617379884060124E-16, 0.0000000000000000000, -1.000000000000000000 ) ) ;
#1282 = CARTESIAN_POINT ( 'NONE',  ( 0.06391813759496070557, 1.518378803222814932, 0.6400000000000000133 ) ) ;
#1283 = ADVANCED_FACE ( 'NONE', ( #364 ), #2600, .T. ) ;
#1284 = CARTESIAN_POINT ( 'NONE',  ( 0.4006670468120264728, 2.229094171558219983, 0.6400000000000000133 ) ) ;
#1285 = VERTEX_POINT ( 'NONE', #1574 ) ;
#1286 = PLANE ( 'NONE',  #5296 ) ;
#1287 = CARTESIAN_POINT ( 'NONE',  ( 0.9432882830038672450, 4.112542092260667026, 0.6400000000000001243 ) ) ;
#1288 = CARTESIAN_POINT ( 'NONE',  ( 1.674172195825665010, 2.974365374686354979, 0.6400000000000000133 ) ) ;
#1289 = EDGE_CURVE ( 'NONE', #4779, #4761, #6711, .T. ) ;
#1290 = CARTESIAN_POINT ( 'NONE',  ( 1.279999999999998694, 0.7916666666666665186, 0.6400000000000001243 ) ) ;
#1291 = ORIENTED_EDGE ( 'NONE', *, *, #6879, .T. ) ;
#1292 = CARTESIAN_POINT ( 'NONE',  ( -0.4500000000000000111, 12.40000000000000036, -1.110000000000000098 ) ) ;
#1293 = CARTESIAN_POINT ( 'NONE',  ( 2.550000000000000266, 3.200000000000000178, 0.5699999999999999512 ) ) ;
#1294 = CARTESIAN_POINT ( 'NONE',  ( -1.409999999999999920, 1.000000000000000000, -0.5699999999999999512 ) ) ;
#1295 = DIRECTION ( 'NONE',  ( -1.000000000000000000, 0.0000000000000000000, 0.0000000000000000000 ) ) ;
#1296 = LINE ( 'NONE', #5252, #1266 ) ;
#1297 = CARTESIAN_POINT ( 'NONE',  ( 0.2700000000000000178, 10.90000000000000036, -0.2700000000000000178 ) ) ;
#1298 = CARTESIAN_POINT ( 'NONE',  ( -1.820000000000000062, 6.779999999999999361, -2.861285051386784684 ) ) ;
#1299 = DIRECTION ( 'NONE',  ( 1.000000000000000000, 0.0000000000000000000, 0.0000000000000000000 ) ) ;
#1300 = DIRECTION ( 'NONE',  ( -1.110223024625155924E-16, 1.000000000000000000, 1.867108438696574904E-33 ) ) ;
#1301 = DIRECTION ( 'NONE',  ( 0.0000000000000000000, 1.000000000000000000, 0.0000000000000000000 ) ) ;
#1302 = CARTESIAN_POINT ( 'NONE',  ( -1.112542092260688786, 2.056711716996124650, 0.6400000000000001243 ) ) ;
#1303 = VERTEX_POINT ( 'NONE', #2748 ) ;
#1304 = CARTESIAN_POINT ( 'NONE',  ( -1.820000000000000062, 8.224999999999999645, -3.035000000000000142 ) ) ;
#1305 = VERTEX_POINT ( 'NONE', #4997 ) ;
#1306 = DIRECTION ( 'NONE',  ( 1.000000000000000000, 0.0000000000000000000, 0.0000000000000000000 ) ) ;
#1307 = EDGE_CURVE ( 'NONE', #3808, #4133, #2396, .T. ) ;
#1308 = CARTESIAN_POINT ( 'NONE',  ( 3.409999999999999698, 0.0000000000000000000, -2.899999999999999911 ) ) ;
#1309 = CARTESIAN_POINT ( 'NONE',  ( 2.609999999999999876, 13.40000000000000036, 4.850000000000000533 ) ) ;
#1310 = CARTESIAN_POINT ( 'NONE',  ( 1.149858762714560445, 4.175174254344274694, 0.6400000000000001243 ) ) ;
#1311 = VERTEX_POINT ( 'NONE', #1678 ) ;
#1312 = DIRECTION ( 'NONE',  ( -9.510545372679868754E-17, 0.0000000000000000000, 1.000000000000000000 ) ) ;
#1313 = EDGE_CURVE ( 'NONE', #4319, #1277, #3362, .T. ) ;
#1314 = EDGE_CURVE ( 'NONE', #823, #3985, #4427, .T. ) ;
#1315 = CARTESIAN_POINT ( 'NONE',  ( 1.289228465112911559, 1.117298009502765810, 0.6400000000000001243 ) ) ;
#1316 = AXIS2_PLACEMENT_3D ( 'NONE', #6887, #1378, #4267 ) ;
#1317 = VECTOR ( 'NONE', #4158, 1000.000000000000000 ) ;
#1318 = CARTESIAN_POINT ( 'NONE',  ( 1.289228465112911559, 1.117298009502765810, -0.6400000000000001243 ) ) ;
#1319 = EDGE_LOOP ( 'NONE', ( #982, #1435, #1013, #3968, #1871, #5982 ) ) ;
#1320 = CARTESIAN_POINT ( 'NONE',  ( 1.820000000000000062, 8.224999999999999645, -3.660000000000000142 ) ) ;
#1321 = ORIENTED_EDGE ( 'NONE', *, *, #4732, .T. ) ;
#1322 = EDGE_CURVE ( 'NONE', #5546, #1840, #1645, .T. ) ;
#1323 = CIRCLE ( 'NONE', #5623, 0.6500000000000000222 ) ;
#1324 = ORIENTED_EDGE ( 'NONE', *, *, #4689, .T. ) ;
#1325 = VECTOR ( 'NONE', #437, 1000.000000000000000 ) ;
#1326 = DIRECTION ( 'NONE',  ( 0.0000000000000000000, 1.000000000000000000, 0.0000000000000000000 ) ) ;
#1327 = FACE_OUTER_BOUND ( 'NONE', #4347, .T. ) ;
#1328 = DIRECTION ( 'NONE',  ( -5.782411586589360597E-16, 0.0000000000000000000, 1.000000000000000000 ) ) ;
#1329 = CARTESIAN_POINT ( 'NONE',  ( 0.01603036157317494839, 1.261041869093620038, -0.6400000000000000133 ) ) ;
#1330 = VECTOR ( 'NONE', #3220, 1000.000000000000114 ) ;
#1331 = VERTEX_POINT ( 'NONE', #2214 ) ;
#1332 = DIRECTION ( 'NONE',  ( 1.833024472948824766E-16, 1.000000000000000000, -1.867108438696574904E-33 ) ) ;
#1333 = CARTESIAN_POINT ( 'NONE',  ( 2.416666666666675400, 1.720000000000000639, 0.6400000000000001243 ) ) ;
#1334 = DIRECTION ( 'NONE',  ( 1.000000000000000000, 0.0000000000000000000, 6.570922257487909993E-16 ) ) ;
#1335 = AXIS2_PLACEMENT_3D ( 'NONE', #4884, #6521, #5420 ) ;
#1336 = CARTESIAN_POINT ( 'NONE',  ( -0.5699999999999999512, -2.700000000000000178, 0.5699999999999999512 ) ) ;
#1337 = CARTESIAN_POINT ( 'NONE',  ( 0.1021084803288501985, 1.644336412802515079, 0.6400000000000000133 ) ) ;
#1338 = CARTESIAN_POINT ( 'NONE',  ( 1.080000000000000071, 0.0000000000000000000, 3.850000000000000089 ) ) ;
#1339 = ORIENTED_EDGE ( 'NONE', *, *, #6177, .T. ) ;
#1340 = DIRECTION ( 'NONE',  ( 0.0000000000000000000, 0.0000000000000000000, 1.000000000000000000 ) ) ;
#1341 = AXIS2_PLACEMENT_3D ( 'NONE', #1304, #97, #1821 ) ;
#1342 = DIRECTION ( 'NONE',  ( 1.000000000000000000, 0.0000000000000000000, 0.0000000000000000000 ) ) ;
#1343 = DIRECTION ( 'NONE',  ( 0.2761723853694945108, -0.9205746178983248429, -0.2761723853694945108 ) ) ;
#1344 = ORIENTED_EDGE ( 'NONE', *, *, #101, .F. ) ;
#1345 = CARTESIAN_POINT ( 'NONE',  ( -2.550000000000000266, 1.000000000000000000, -0.5699999999999999512 ) ) ;
#1346 = VECTOR ( 'NONE', #3617, 1000.000000000000000 ) ;
#1347 = CARTESIAN_POINT ( 'NONE',  ( 1.571891334686435160, 4.253710207019997469, 0.6400000000000001243 ) ) ;
#1348 = ORIENTED_EDGE ( 'NONE', *, *, #6928, .F. ) ;
#1349 = CARTESIAN_POINT ( 'NONE',  ( -3.959999999999999964, 3.200000000000000178, 4.799999999999999822 ) ) ;
#1350 = ORIENTED_EDGE ( 'NONE', *, *, #2401, .T. ) ;
#1351 = AXIS2_PLACEMENT_3D ( 'NONE', #176, #2455, #791 ) ;
#1352 = CARTESIAN_POINT ( 'NONE',  ( 1.279999999999998694, 0.1666666666666654917, 0.6400000000000001243 ) ) ;
#1353 = VECTOR ( 'NONE', #2877, 1000.000000000000000 ) ;
#1354 = EDGE_CURVE ( 'NONE', #492, #170, #4349, .T. ) ;
#1355 = CARTESIAN_POINT ( 'NONE',  ( 1.279998125014697230, 0.9716666963072198016, 0.6400000000000001243 ) ) ;
#1356 = ADVANCED_FACE ( 'NONE', ( #2248 ), #6020, .F. ) ;
#1357 = EDGE_LOOP ( 'NONE', ( #272, #6901, #2917, #4356 ) ) ;
#1358 = CARTESIAN_POINT ( 'NONE',  ( -2.550000000000000266, 1.000000000000000000, -0.5699999999999999512 ) ) ;
#1359 = VERTEX_POINT ( 'NONE', #4459 ) ;
#1360 = AXIS2_PLACEMENT_3D ( 'NONE', #3529, #5776, #1922 ) ;
#1361 = VERTEX_POINT ( 'NONE', #3871 ) ;
#1362 = DIRECTION ( 'NONE',  ( -6.914672651895809708E-32, 1.000000000000000000, 0.0000000000000000000 ) ) ;
#1363 = LINE ( 'NONE', #195, #5103 ) ;
#1364 = ADVANCED_FACE ( 'NONE', ( #5030 ), #4496, .F. ) ;
#1365 = LINE ( 'NONE', #6320, #6458 ) ;
#1366 = ORIENTED_EDGE ( 'NONE', *, *, #5272, .T. ) ;
#1367 = CARTESIAN_POINT ( 'NONE',  ( 1.906024927126289237, 1.714229069833648866, 0.6400000000000001243 ) ) ;
#1368 = CARTESIAN_POINT ( 'NONE',  ( 1.820000000000000062, 10.90000000000000036, -4.597157890324959695 ) ) ;
#1369 = VECTOR ( 'NONE', #376, 1000.000000000000000 ) ;
#1370 = CARTESIAN_POINT ( 'NONE',  ( 0.8199999999999999512, 13.40000000000000036, -2.409999999999999698 ) ) ;
#1371 = CARTESIAN_POINT ( 'NONE',  ( 2.416666666666674956, 3.000000000000000000, 0.6400000000000000133 ) ) ;
#1372 = VERTEX_POINT ( 'NONE', #1131 ) ;
#1373 = CARTESIAN_POINT ( 'NONE',  ( 2.490000000000000213, 12.40000000000000036, 3.449999999999999734 ) ) ;
#1374 = VECTOR ( 'NONE', #2118, 1000.000000000000000 ) ;
#1375 = ORIENTED_EDGE ( 'NONE', *, *, #5185, .F. ) ;
#1376 = PRODUCT_DEFINITION_SHAPE ( 'NONE', 'NONE',  #5715 ) ;
#1377 = LINE ( 'NONE', #2516, #6831 ) ;
#1378 = DIRECTION ( 'NONE',  ( 1.000000000000000000, 0.0000000000000000000, 0.0000000000000000000 ) ) ;
#1379 = LINE ( 'NONE', #356, #5584 ) ;
#1380 =( NAMED_UNIT ( * ) SI_UNIT ( $, .STERADIAN. ) SOLID_ANGLE_UNIT ( ) );
#1381 = VECTOR ( 'NONE', #1654, 1000.000000000000000 ) ;
#1382 = CARTESIAN_POINT ( 'NONE',  ( 0.003213581817323064773, 1.130852527098471949, 0.6400000000000000133 ) ) ;
#1383 = ORIENTED_EDGE ( 'NONE', *, *, #1052, .T. ) ;
#1384 = CARTESIAN_POINT ( 'NONE',  ( -2.700000000000000178, 9.400000000000000355, -2.000000000000000000 ) ) ;
#1385 = VERTEX_POINT ( 'NONE', #31 ) ;
#1386 = EDGE_CURVE ( 'NONE', #5294, #1135, #2278, .T. ) ;
#1387 = LINE ( 'NONE', #6801, #5569 ) ;
#1388 = CARTESIAN_POINT ( 'NONE',  ( 2.166666666666661634, 4.279999999999995808, -0.6400000000000001243 ) ) ;
#1389 = CARTESIAN_POINT ( 'NONE',  ( 1.279998125014697230, 0.9716666963072198016, 0.6400000000000001243 ) ) ;
#1390 = CARTESIAN_POINT ( 'NONE',  ( 1.906024927126289237, 1.714229069833648866, 0.6400000000000001243 ) ) ;
#1391 = EDGE_LOOP ( 'NONE', ( #6368, #958, #3859, #3144 ) ) ;
#1392 = DIRECTION ( 'NONE',  ( 1.833024472948824766E-16, 1.000000000000000000, -1.867108438696574904E-33 ) ) ;
#1393 = ORIENTED_EDGE ( 'NONE', *, *, #6636, .T. ) ;
#1394 = AXIS2_PLACEMENT_3D ( 'NONE', #1970, #3638, #6410 ) ;
#1395 = ADVANCED_FACE ( 'NONE', ( #3763 ), #4919, .T. ) ;
#1396 = ORIENTED_EDGE ( 'NONE', *, *, #3328, .T. ) ;
#1397 = EDGE_CURVE ( 'NONE', #6640, #7012, #3221, .T. ) ;
#1398 = CARTESIAN_POINT ( 'NONE',  ( -1.820000000000000062, 8.224999999999999645, -3.035000000000000142 ) ) ;
#1399 = CARTESIAN_POINT ( 'NONE',  ( 0.0000000000000000000, 10.90000000000000036, -0.2700000000000000178 ) ) ;
#1400 = CARTESIAN_POINT ( 'NONE',  ( 5.421010862427519705E-17, 7.213480476975913411E-33, -0.6400000000000000133 ) ) ;
#1401 = ORIENTED_EDGE ( 'NONE', *, *, #5934, .F. ) ;
#1402 = CARTESIAN_POINT ( 'NONE',  ( -4.009999999999999787, 13.40000000000000036, -2.899999999999999911 ) ) ;
#1403 = EDGE_CURVE ( 'NONE', #1303, #5139, #2132, .T. ) ;
#1404 = CARTESIAN_POINT ( 'NONE',  ( 3.333333333333423187, 1.720000000000000639, 0.6400000000000001243 ) ) ;
#1405 = ADVANCED_FACE ( 'NONE', ( #552 ), #7147, .F. ) ;
#1406 = LINE ( 'NONE', #3164, #724 ) ;
#1407 = CARTESIAN_POINT ( 'NONE',  ( 3.459999999999999964, 0.0000000000000000000, 4.799999999999999822 ) ) ;
#1408 = CARTESIAN_POINT ( 'NONE',  ( 0.0000000000000000000, 0.5833333333333329263, 0.6400000000000000133 ) ) ;
#1409 = DIRECTION ( 'NONE',  ( 0.0000000000000000000, 0.0000000000000000000, -1.000000000000000000 ) ) ;
#1410 = ORIENTED_EDGE ( 'NONE', *, *, #2798, .T. ) ;
#1411 = LINE ( 'NONE', #3633, #6819 ) ;
#1412 = ORIENTED_EDGE ( 'NONE', *, *, #433, .F. ) ;
#1413 = CARTESIAN_POINT ( 'NONE',  ( -3.959999999999999964, 9.400000000000000355, -1.500000000000000000 ) ) ;
#1414 = DIRECTION ( 'NONE',  ( 0.0000000000000000000, -1.000000000000000000, 0.0000000000000000000 ) ) ;
#1415 = ADVANCED_FACE ( 'NONE', ( #7180 ), #4955, .F. ) ;
#1416 = DIRECTION ( 'NONE',  ( 0.0000000000000000000, 0.0000000000000000000, 1.000000000000000000 ) ) ;
#1417 = CARTESIAN_POINT ( 'NONE',  ( 0.2525058442745775067, 2.007427768585499983, 0.6400000000000000133 ) ) ;
#1418 = CARTESIAN_POINT ( 'NONE',  ( -4.009999999999999787, 6.250000000000000000, -2.899999999999999911 ) ) ;
#1419 = EDGE_LOOP ( 'NONE', ( #1166, #7142, #717, #6354 ) ) ;
#1420 = EDGE_LOOP ( 'NONE', ( #3954, #6045, #6492, #6449 ) ) ;
#1421 = UNCERTAINTY_MEASURE_WITH_UNIT (LENGTH_MEASURE( 1.000000000000000082E-05 ), #5076, 'distance_accuracy_value', 'NONE');
#1422 = CARTESIAN_POINT ( 'NONE',  ( 0.2494067796610175136, 10.96864406779659973, -0.2494067796610175136 ) ) ;
#1423 = CARTESIAN_POINT ( 'NONE',  ( 4.000000000000000000, 4.279999999999995808, -0.6400000000000001243 ) ) ;
#1424 = CARTESIAN_POINT ( 'NONE',  ( 5.421010862427519705E-17, 0.0000000000000000000, -0.6400000000000000133 ) ) ;
#1425 = EDGE_LOOP ( 'NONE', ( #6453, #4609, #5290, #1053 ) ) ;
#1426 = FACE_OUTER_BOUND ( 'NONE', #4856, .T. ) ;
#1427 = ORIENTED_EDGE ( 'NONE', *, *, #5621, .F. ) ;
#1428 = ORIENTED_EDGE ( 'NONE', *, *, #6525, .T. ) ;
#1429 = CARTESIAN_POINT ( 'NONE',  ( 4.009999999999999787, 6.250000000000000000, -2.899999999999999911 ) ) ;
#1430 = AXIS2_PLACEMENT_3D ( 'NONE', #885, #5229, #6473 ) ;
#1431 = CARTESIAN_POINT ( 'NONE',  ( 2.745000000000000107, 0.2999999999999999889, 4.799999999999999822 ) ) ;
#1432 = DIRECTION ( 'NONE',  ( -1.000000000000000000, 0.0000000000000000000, 0.0000000000000000000 ) ) ;
#1433 = CARTESIAN_POINT ( 'NONE',  ( 0.0000000000000000000, 0.9166666666666608565, -0.6400000000000000133 ) ) ;
#1434 = EDGE_CURVE ( 'NONE', #1549, #1976, #5496, .T. ) ;
#1435 = ORIENTED_EDGE ( 'NONE', *, *, #3413, .T. ) ;
#1436 = VECTOR ( 'NONE', #3211, 1000.000000000000000 ) ;
#1437 = FACE_OUTER_BOUND ( 'NONE', #6480, .T. ) ;
#1438 = CARTESIAN_POINT ( 'NONE',  ( 1.316759052918389239, 1.231961108608907285, 0.6400000000000001243 ) ) ;
#1439 = CARTESIAN_POINT ( 'NONE',  ( 0.0000000000000000000, 0.7916666666666679619, 0.6400000000000000133 ) ) ;
#1440 = DIRECTION ( 'NONE',  ( 1.000000000000000000, 0.0000000000000000000, 0.0000000000000000000 ) ) ;
#1441 = CARTESIAN_POINT ( 'NONE',  ( 4.000000000000000000, 4.279999999999995808, 0.6400000000000001243 ) ) ;
#1442 = AXIS2_PLACEMENT_3D ( 'NONE', #2981, #1924, #2512 ) ;
#1443 = TOROIDAL_SURFACE ( 'NONE', #2166, 2.000000000000000000, 0.6500000000000000222 ) ;
#1444 = CARTESIAN_POINT ( 'NONE',  ( -4.009999999999999787, 6.250000000000000000, -1.909999999999999920 ) ) ;
#1445 = EDGE_CURVE ( 'NONE', #1129, #3219, #2987, .T. ) ;
#1446 = ORIENTED_EDGE ( 'NONE', *, *, #5183, .T. ) ;
#1447 = EDGE_CURVE ( 'NONE', #5605, #6654, #4562, .T. ) ;
#1448 = CARTESIAN_POINT ( 'NONE',  ( -2.550000000000000266, 0.2999999999999999889, 0.5699999999999999512 ) ) ;
#1449 = ORIENTED_EDGE ( 'NONE', *, *, #5489, .F. ) ;
#1450 = DIRECTION ( 'NONE',  ( 0.0000000000000000000, -1.000000000000000000, 0.0000000000000000000 ) ) ;
#1451 =( LENGTH_UNIT ( ) NAMED_UNIT ( * ) SI_UNIT ( .MILLI., .METRE. ) );
#1452 = AXIS2_PLACEMENT_3D ( 'NONE', #238, #1340, #1782 ) ;
#1453 = PLANE ( 'NONE',  #2271 ) ;
#1454 = LINE ( 'NONE', #4192, #4437 ) ;
#1455 = LINE ( 'NONE', #1155, #1908 ) ;
#1456 =( GEOMETRIC_REPRESENTATION_CONTEXT ( 3 ) GLOBAL_UNCERTAINTY_ASSIGNED_CONTEXT ( ( #1421 ) ) GLOBAL_UNIT_ASSIGNED_CONTEXT ( ( #5076, #13, #4473 ) ) REPRESENTATION_CONTEXT ( 'NONE', 'WORKASPACE' ) );
#1457 = ADVANCED_FACE ( 'NONE', ( #1753 ), #5201, .T. ) ;
#1458 = DIRECTION ( 'NONE',  ( 0.0000000000000000000, 1.000000000000000000, 0.0000000000000000000 ) ) ;
#1459 = ORIENTED_EDGE ( 'NONE', *, *, #1670, .T. ) ;
#1460 = DIRECTION ( 'NONE',  ( 0.0000000000000000000, -1.000000000000000000, 9.227252531791520216E-16 ) ) ;
#1461 = ORIENTED_EDGE ( 'NONE', *, *, #5173, .T. ) ;
#1462 = DIRECTION ( 'NONE',  ( 0.0000000000000000000, 1.000000000000000000, 0.0000000000000000000 ) ) ;
#1463 = PLANE ( 'NONE',  #1796 ) ;
#1464 = CIRCLE ( 'NONE', #1584, 0.6500000000000000222 ) ;
#1465 = FACE_BOUND ( 'NONE', #3632, .T. ) ;
#1466 = CARTESIAN_POINT ( 'NONE',  ( 8.181166715761320179E-06, 1.065449717618472070, -0.6400000000000000133 ) ) ;
#1467 = CARTESIAN_POINT ( 'NONE',  ( 5.421010862427519705E-17, 0.7916666666666679619, -0.6400000000000000133 ) ) ;
#1468 = AXIS2_PLACEMENT_3D ( 'NONE', #481, #6523, #904 ) ;
#1469 = VERTEX_POINT ( 'NONE', #2854 ) ;
#1470 = DIRECTION ( 'NONE',  ( 0.0000000000000000000, 0.0000000000000000000, -1.000000000000000000 ) ) ;
#1471 = ORIENTED_EDGE ( 'NONE', *, *, #2133, .T. ) ;
#1472 = ORIENTED_EDGE ( 'NONE', *, *, #3132, .F. ) ;
#1473 = AXIS2_PLACEMENT_3D ( 'NONE', #2746, #3428, #5572 ) ;
#1474 = CARTESIAN_POINT ( 'NONE',  ( 2.041666584331814693, 3.000005208292495062, -0.6400000000000000133 ) ) ;
#1475 = CARTESIAN_POINT ( 'NONE',  ( -4.009999999999999787, 13.40000000000000036, 3.350000000000000089 ) ) ;
#1476 = CARTESIAN_POINT ( 'NONE',  ( -2.490000000000000213, 12.40000000000000036, 3.449999999999999734 ) ) ;
#1477 = EDGE_LOOP ( 'NONE', ( #3313, #3451, #30, #1629, #3853 ) ) ;
#1478 = AXIS2_PLACEMENT_3D ( 'NONE', #1882, #4656, #1440 ) ;
#1479 = CARTESIAN_POINT ( 'NONE',  ( -2.168404344971009854E-16, 0.0000000000000000000, 0.0000000000000000000 ) ) ;
#1480 = CARTESIAN_POINT ( 'NONE',  ( 3.666666666667149688, 1.720000000000000639, 0.6400000000000001243 ) ) ;
#1481 = CARTESIAN_POINT ( 'NONE',  ( -2.745000000000000107, 0.2999999999999999889, -3.840000000000000302 ) ) ;
#1482 = EDGE_CURVE ( 'NONE', #2553, #4246, #5607, .T. ) ;
#1483 = CARTESIAN_POINT ( 'NONE',  ( -2.550000000000000266, 1.000000000000000000, -0.5699999999999999512 ) ) ;
#1484 = VECTOR ( 'NONE', #3997, 1000.000000000000000 ) ;
#1485 = CARTESIAN_POINT ( 'NONE',  ( 0.2700000000000000178, 10.90000000000000036, 2.567847250623560311E-17 ) ) ;
#1486 = CARTESIAN_POINT ( 'NONE',  ( -3.510000000000000231, 0.0000000000000000000, 3.850000000000000089 ) ) ;
#1487 = VERTEX_POINT ( 'NONE', #209 ) ;
#1488 = CARTESIAN_POINT ( 'NONE',  ( 3.959999999999999964, 12.40000000000000036, -5.495603971894519156E-16 ) ) ;
#1489 = FACE_OUTER_BOUND ( 'NONE', #5303, .T. ) ;
#1490 = CARTESIAN_POINT ( 'NONE',  ( 0.0000000000000000000, 0.0000000000000000000, 0.0000000000000000000 ) ) ;
#1491 = AXIS2_PLACEMENT_3D ( 'NONE', #5659, #2832, #2866 ) ;
#1492 = DIRECTION ( 'NONE',  ( -4.251773225433350161E-16, 0.0000000000000000000, 1.000000000000000000 ) ) ;
#1493 = DIRECTION ( 'NONE',  ( 0.0000000000000000000, 0.8660254037844390407, 0.4999999999999995004 ) ) ;
#1494 = EDGE_CURVE ( 'NONE', #1361, #3443, #6780, .T. ) ;
#1495 = EDGE_CURVE ( 'NONE', #2991, #4685, #67, .T. ) ;
#1496 = EDGE_CURVE ( 'NONE', #1385, #4319, #3395, .T. ) ;
#1497 = CARTESIAN_POINT ( 'NONE',  ( -3.109999999999999876, 12.59999999999999964, 4.349999999999999645 ) ) ;
#1498 = AXIS2_PLACEMENT_3D ( 'NONE', #1490, #1563, #2704 ) ;
#1499 = CARTESIAN_POINT ( 'NONE',  ( 0.01603036157317479921, 1.261041869093620038, 0.6400000000000000133 ) ) ;
#1500 = VERTEX_POINT ( 'NONE', #2949 ) ;
#1501 = LINE ( 'NONE', #3720, #4270 ) ;
#1502 = EDGE_LOOP ( 'NONE', ( #697, #3992, #3740, #2238 ) ) ;
#1503 = CARTESIAN_POINT ( 'NONE',  ( 2.709999999999999964, 0.0000000000000000000, 2.949999999999999734 ) ) ;
#1504 = DIRECTION ( 'NONE',  ( 1.000000000000000000, 0.0000000000000000000, 0.0000000000000000000 ) ) ;
#1505 = AXIS2_PLACEMENT_3D ( 'NONE', #1552, #2112, #5994 ) ;
#1506 = ADVANCED_FACE ( 'NONE', ( #5162 ), #102, .T. ) ;
#1507 = CARTESIAN_POINT ( 'NONE',  ( -1.820000000000000062, 8.224999999999999645, -3.660000000000000142 ) ) ;
#1508 = CARTESIAN_POINT ( 'NONE',  ( 0.2525058442745775067, 2.007427768585499983, 0.6400000000000000133 ) ) ;
#1509 = CARTESIAN_POINT ( 'NONE',  ( 2.028333303692779754, 1.720001874985300772, -0.6400000000000001243 ) ) ;
#1510 = VERTEX_POINT ( 'NONE', #1200 ) ;
#1511 = CARTESIAN_POINT ( 'NONE',  ( 1.906024927126289237, 1.714229069833648866, -0.6400000000000001243 ) ) ;
#1512 = ORIENTED_EDGE ( 'NONE', *, *, #2621, .T. ) ;
#1513 = CARTESIAN_POINT ( 'NONE',  ( -2.990000000000000213, 1.000000000000000000, -2.899999999999999911 ) ) ;
#1514 = ORIENTED_EDGE ( 'NONE', *, *, #2707, .F. ) ;
#1515 = EDGE_LOOP ( 'NONE', ( #2889, #5305, #1611, #2648, #5591, #6642, #5431, #5949, #7049, #6, #3680, #1, #6798, #541, #6163, #4770 ) ) ;
#1516 = EDGE_CURVE ( 'NONE', #2907, #6863, #684, .T. ) ;
#1517 = CARTESIAN_POINT ( 'NONE',  ( 1.279999999999998694, 0.7916666666666665186, -0.6400000000000001243 ) ) ;
#1518 = CARTESIAN_POINT ( 'NONE',  ( 2.909999999999999698, 12.40000000000000036, 4.349999999999999645 ) ) ;
#1519 = FACE_OUTER_BOUND ( 'NONE', #2513, .T. ) ;
#1520 = CARTESIAN_POINT ( 'NONE',  ( 2.490000000000000213, 12.40000000000000036, 3.449999999999999734 ) ) ;
#1521 = EDGE_LOOP ( 'NONE', ( #6307, #7171, #1077, #6722 ) ) ;
#1522 = FACE_OUTER_BOUND ( 'NONE', #2311, .T. ) ;
#1523 = CARTESIAN_POINT ( 'NONE',  ( 0.06391813759496049741, 1.518378803222814932, -0.6400000000000000133 ) ) ;
#1524 = CARTESIAN_POINT ( 'NONE',  ( -1.469999999999999973, 13.40000000000000036, 3.449999999999999734 ) ) ;
#1525 = LINE ( 'NONE', #4873, #7080 ) ;
#1526 = DIRECTION ( 'NONE',  ( 0.0000000000000000000, -1.000000000000000000, 0.0000000000000000000 ) ) ;
#1527 = ORIENTED_EDGE ( 'NONE', *, *, #6537, .F. ) ;
#1528 = DIRECTION ( 'NONE',  ( -0.0000000000000000000, 1.000000000000000000, 0.0000000000000000000 ) ) ;
#1529 = PLANE ( 'NONE',  #6243 ) ;
#1530 = FACE_OUTER_BOUND ( 'NONE', #3074, .T. ) ;
#1531 = EDGE_LOOP ( 'NONE', ( #663, #6315, #2948, #4974 ) ) ;
#1532 = FACE_OUTER_BOUND ( 'NONE', #889, .T. ) ;
#1533 = CARTESIAN_POINT ( 'NONE',  ( 0.0000000000000000000, 0.5833333333333329263, 0.6400000000000000133 ) ) ;
#1534 = EDGE_CURVE ( 'NONE', #1642, #150, #2378, .T. ) ;
#1535 = ORIENTED_EDGE ( 'NONE', *, *, #4262, .F. ) ;
#1536 = FACE_OUTER_BOUND ( 'NONE', #640, .T. ) ;
#1537 = ORIENTED_EDGE ( 'NONE', *, *, #3810, .T. ) ;
#1538 = DIRECTION ( 'NONE',  ( -1.000000000000000000, 0.0000000000000000000, 0.0000000000000000000 ) ) ;
#1539 = DIRECTION ( 'NONE',  ( 0.0000000000000000000, 0.0000000000000000000, 1.000000000000000000 ) ) ;
#1540 = CARTESIAN_POINT ( 'NONE',  ( 1.481621196777171967, 2.936081862405050202, 0.6400000000000000133 ) ) ;
#1541 = CARTESIAN_POINT ( 'NONE',  ( 3.333333333333423187, 1.720000000000000639, -0.6400000000000001243 ) ) ;
#1542 = ORIENTED_EDGE ( 'NONE', *, *, #909, .F. ) ;
#1543 = CARTESIAN_POINT ( 'NONE',  ( 2.166666666666661634, 1.720000000000000639, -0.6400000000000001243 ) ) ;
#1544 = ADVANCED_FACE ( 'NONE', ( #2314 ), #5062, .F. ) ;
#1545 = ORIENTED_EDGE ( 'NONE', *, *, #1178, .T. ) ;
#1546 = ADVANCED_FACE ( 'NONE', ( #5685, #1863 ), #4531, .F. ) ;
#1547 = DIRECTION ( 'NONE',  ( 0.0000000000000000000, 1.000000000000000000, 0.0000000000000000000 ) ) ;
#1548 = ORIENTED_EDGE ( 'NONE', *, *, #4096, .F. ) ;
#1549 = VERTEX_POINT ( 'NONE', #6822 ) ;
#1550 = CARTESIAN_POINT ( 'NONE',  ( 2.833333333333285520, 1.720000000000000639, 0.6400000000000001243 ) ) ;
#1551 = CARTESIAN_POINT ( 'NONE',  ( 2.990000000000000213, 1.000000000000000000, -1.909999999999999920 ) ) ;
#1552 = CARTESIAN_POINT ( 'NONE',  ( -2.609999999999999876, 13.40000000000000036, 4.349999999999999645 ) ) ;
#1553 = CARTESIAN_POINT ( 'NONE',  ( 2.416666666666674956, 3.000000000000000000, -0.6400000000000000133 ) ) ;
#1554 = ORIENTED_EDGE ( 'NONE', *, *, #6126, .T. ) ;
#1555 = EDGE_CURVE ( 'NONE', #5907, #5036, #6301, .T. ) ;
#1556 = DIRECTION ( 'NONE',  ( -1.000000000000000000, 0.0000000000000000000, 0.0000000000000000000 ) ) ;
#1557 = CARTESIAN_POINT ( 'NONE',  ( 2.416666666666674956, 3.000000000000000000, -0.6400000000000000133 ) ) ;
#1558 = DIRECTION ( 'NONE',  ( 3.798227098303920342E-65, -1.867108438696574904E-33, 1.000000000000000000 ) ) ;
#1559 = DIRECTION ( 'NONE',  ( 0.0000000000000000000, 1.000000000000000000, 8.380306647230949920E-17 ) ) ;
#1560 = CARTESIAN_POINT ( 'NONE',  ( -3.959999999999999964, 0.0000000000000000000, 2.100000000000000089 ) ) ;
#1561 = VECTOR ( 'NONE', #4198, 1000.000000000000000 ) ;
#1562 = ORIENTED_EDGE ( 'NONE', *, *, #5224, .F. ) ;
#1563 = DIRECTION ( 'NONE',  ( 0.0000000000000000000, 0.0000000000000000000, 1.000000000000000000 ) ) ;
#1564 = CARTESIAN_POINT ( 'NONE',  ( 2.000000000000000000, 3.000000000000000000, 1.149999999999999911 ) ) ;
#1565 = CARTESIAN_POINT ( 'NONE',  ( -2.550000000000000266, 3.200000000000000178, -0.5699999999999999512 ) ) ;
#1566 = AXIS2_PLACEMENT_3D ( 'NONE', #1264, #672, #4553 ) ;
#1567 = CARTESIAN_POINT ( 'NONE',  ( -0.8199999999999999512, 8.224999999999999645, -3.660000000000000142 ) ) ;
#1568 = DIRECTION ( 'NONE',  ( 1.000000000000000000, 0.0000000000000000000, 0.0000000000000000000 ) ) ;
#1569 = AXIS2_PLACEMENT_3D ( 'NONE', #7126, #341, #2149 ) ;
#1570 = ORIENTED_EDGE ( 'NONE', *, *, #3054, .F. ) ;
#1571 = PRESENTATION_LAYER_ASSIGNMENT (  '', '', ( #4938 ) ) ;
#1572 = ORIENTED_EDGE ( 'NONE', *, *, #4776, .F. ) ;
#1573 = DIRECTION ( 'NONE',  ( 1.000000000000000000, 0.0000000000000000000, 0.0000000000000000000 ) ) ;
#1574 = CARTESIAN_POINT ( 'NONE',  ( 2.609999999999999876, 12.59999999999999964, 4.850000000000000533 ) ) ;
#1575 = CARTESIAN_POINT ( 'NONE',  ( -0.5000000000000000000, 10.90000000000000036, -4.597157890324959695 ) ) ;
#1576 = CARTESIAN_POINT ( 'NONE',  ( 0.0000000000000000000, 0.1666666666666674901, 0.6400000000000000133 ) ) ;
#1577 = VECTOR ( 'NONE', #2002, 1000.000000000000000 ) ;
#1578 = EDGE_CURVE ( 'NONE', #6758, #3334, #6273, .T. ) ;
#1579 = CARTESIAN_POINT ( 'NONE',  ( 4.000000000000000000, 3.000000000000000000, -0.6400000000000000133 ) ) ;
#1580 = VECTOR ( 'NONE', #1343, 1000.000000000000114 ) ;
#1581 = VERTEX_POINT ( 'NONE', #5750 ) ;
#1582 = PLANE ( 'NONE',  #3561 ) ;
#1583 = VERTEX_POINT ( 'NONE', #3572 ) ;
#1584 = AXIS2_PLACEMENT_3D ( 'NONE', #914, #2107, #1547 ) ;
#1585 = ORIENTED_EDGE ( 'NONE', *, *, #3666, .T. ) ;
#1586 = CARTESIAN_POINT ( 'NONE',  ( 1.906024927126289237, 1.714229069833648866, 0.6400000000000001243 ) ) ;
#1587 = ADVANCED_FACE ( 'NONE', ( #2518 ), #1453, .T. ) ;
#1588 = CARTESIAN_POINT ( 'NONE',  ( -2.700000000000000178, 0.2999999999999999889, -3.290000000000000036 ) ) ;
#1589 = EDGE_CURVE ( 'NONE', #3499, #6748, #854, .T. ) ;
#1590 = ADVANCED_FACE ( 'NONE', ( #3171 ), #4225, .F. ) ;
#1591 = CARTESIAN_POINT ( 'NONE',  ( -2.550000000000000266, 1.000000000000000000, -0.5699999999999999512 ) ) ;
#1592 = DIRECTION ( 'NONE',  ( 0.0000000000000000000, 0.0000000000000000000, 1.000000000000000000 ) ) ;
#1593 = EDGE_LOOP ( 'NONE', ( #6245, #7110, #711, #3150, #1396 ) ) ;
#1594 = VERTEX_POINT ( 'NONE', #5784 ) ;
#1595 = CARTESIAN_POINT ( 'NONE',  ( 1.355663587197480036, 2.897891519671150107, 0.6400000000000000133 ) ) ;
#1596 = CIRCLE ( 'NONE', #3100, 3.149999999999999911 ) ;
#1597 = CARTESIAN_POINT ( 'NONE',  ( 2.028333303692779754, 1.720001874985300772, -0.6400000000000001243 ) ) ;
#1598 = DIRECTION ( 'NONE',  ( 0.0000000000000000000, 1.000000000000000000, 0.0000000000000000000 ) ) ;
#1599 = EDGE_CURVE ( 'NONE', #2646, #6284, #784, .T. ) ;
#1600 = LINE ( 'NONE', #3278, #5205 ) ;
#1601 = ORIENTED_EDGE ( 'NONE', *, *, #4921, .T. ) ;
#1602 = LINE ( 'NONE', #6044, #5048 ) ;
#1603 = VECTOR ( 'NONE', #6300, 1000.000000000000000 ) ;
#1604 = VERTEX_POINT ( 'NONE', #2047 ) ;
#1605 = CARTESIAN_POINT ( 'NONE',  ( 0.0000000000000000000, 0.0000000000000000000, 0.0000000000000000000 ) ) ;
#1606 = DIRECTION ( 'NONE',  ( -1.000000000000000000, 0.0000000000000000000, 0.0000000000000000000 ) ) ;
#1607 = CARTESIAN_POINT ( 'NONE',  ( -0.8199999999999999512, 5.700000000000000178, -3.657157890324960192 ) ) ;
#1608 = VECTOR ( 'NONE', #6983, 1000.000000000000000 ) ;
#1609 = CARTESIAN_POINT ( 'NONE',  ( 3.459999999999999964, 3.200000000000000178, 4.299999999999999822 ) ) ;
#1610 = VECTOR ( 'NONE', #633, 1000.000000000000000 ) ;
#1611 = ORIENTED_EDGE ( 'NONE', *, *, #2715, .F. ) ;
#1612 = FACE_OUTER_BOUND ( 'NONE', #2003, .T. ) ;
#1613 = VERTEX_POINT ( 'NONE', #242 ) ;
#1614 = CARTESIAN_POINT ( 'NONE',  ( -2.550000000000000266, 1.000000000000000000, 0.5699999999999999512 ) ) ;
#1615 = LINE ( 'NONE', #3804, #2682 ) ;
#1616 = AXIS2_PLACEMENT_3D ( 'NONE', #1605, #354, #3249 ) ;
#1617 = CARTESIAN_POINT ( 'NONE',  ( 0.003213581817323064773, 1.130852527098471949, 0.6400000000000000133 ) ) ;
#1618 = VECTOR ( 'NONE', #5508, 1000.000000000000000 ) ;
#1619 = CARTESIAN_POINT ( 'NONE',  ( 1.149858762714560445, 4.175174254344274694, -0.6400000000000001243 ) ) ;
#1620 = ORIENTED_EDGE ( 'NONE', *, *, #71, .F. ) ;
#1621 = CARTESIAN_POINT ( 'NONE',  ( 3.459999999999999964, 0.0000000000000000000, 4.799999999999999822 ) ) ;
#1622 = ORIENTED_EDGE ( 'NONE', *, *, #6265, .T. ) ;
#1623 = ORIENTED_EDGE ( 'NONE', *, *, #3619, .T. ) ;
#1624 = FACE_OUTER_BOUND ( 'NONE', #7099, .T. ) ;
#1625 = CARTESIAN_POINT ( 'NONE',  ( 3.510000000000000231, 0.0000000000000000000, 3.850000000000000089 ) ) ;
#1626 = VECTOR ( 'NONE', #2867, 1000.000000000000000 ) ;
#1627 = DIRECTION ( 'NONE',  ( -1.000000000000000000, 0.0000000000000000000, 0.0000000000000000000 ) ) ;
#1628 = LINE ( 'NONE', #3780, #1914 ) ;
#1629 = ORIENTED_EDGE ( 'NONE', *, *, #3769, .F. ) ;
#1630 = EDGE_CURVE ( 'NONE', #5390, #3485, #2478, .T. ) ;
#1631 = EDGE_CURVE ( 'NONE', #6923, #337, #3057, .T. ) ;
#1632 = CARTESIAN_POINT ( 'NONE',  ( 0.4006670468120264728, 2.229094171558219983, -0.6400000000000000133 ) ) ;
#1633 = LINE ( 'NONE', #5923, #4853 ) ;
#1634 = DIRECTION ( 'NONE',  ( -1.000000000000000000, 0.0000000000000000000, 1.902109074535969807E-16 ) ) ;
#1635 = VERTEX_POINT ( 'NONE', #4687 ) ;
#1636 = DIRECTION ( 'NONE',  ( 0.0000000000000000000, 0.0000000000000000000, -1.000000000000000000 ) ) ;
#1637 = ORIENTED_EDGE ( 'NONE', *, *, #3247, .F. ) ;
#1638 = ADVANCED_FACE ( 'NONE', ( #393 ), #6484, .F. ) ;
#1639 = EDGE_CURVE ( 'NONE', #6587, #1303, #6372, .T. ) ;
#1640 = FACE_OUTER_BOUND ( 'NONE', #6662, .T. ) ;
#1641 = DIRECTION ( 'NONE',  ( -1.000000000000000000, 0.0000000000000000000, 0.0000000000000000000 ) ) ;
#1642 = VERTEX_POINT ( 'NONE', #2591 ) ;
#1643 = CARTESIAN_POINT ( 'NONE',  ( -1.110000000000000098, 0.0000000000000000000, -0.8699999999999999956 ) ) ;
#1644 = ORIENTED_EDGE ( 'NONE', *, *, #1495, .T. ) ;
#1645 = LINE ( 'NONE', #515, #4021 ) ;
#1646 = CARTESIAN_POINT ( 'NONE',  ( -2.709999999999999964, 6.299999999999999822, 2.949999999999999734 ) ) ;
#1647 = DIRECTION ( 'NONE',  ( 0.0000000000000000000, -1.000000000000000000, 9.227252531791520216E-16 ) ) ;
#1648 = CARTESIAN_POINT ( 'NONE',  ( -0.01571444135549887947, 3.622906043228277806, -0.6400000000000001243 ) ) ;
#1649 = VERTEX_POINT ( 'NONE', #4114 ) ;
#1650 = DIRECTION ( 'NONE',  ( 1.000000000000000000, 0.0000000000000000000, 0.0000000000000000000 ) ) ;
#1651 = EDGE_LOOP ( 'NONE', ( #1896, #2251, #3938, #3296 ) ) ;
#1652 = VERTEX_POINT ( 'NONE', #5377 ) ;
#1653 = CARTESIAN_POINT ( 'NONE',  ( 8.181166715707110070E-06, 1.065449717618472070, 0.6400000000000000133 ) ) ;
#1654 = DIRECTION ( 'NONE',  ( -3.826595902890015243E-16, -1.913297951445009840E-16, 1.000000000000000000 ) ) ;
#1655 = EDGE_CURVE ( 'NONE', #4133, #3808, #5385, .T. ) ;
#1656 = FACE_OUTER_BOUND ( 'NONE', #3168, .T. ) ;
#1657 = ORIENTED_EDGE ( 'NONE', *, *, #4959, .T. ) ;
#1658 = ORIENTED_EDGE ( 'NONE', *, *, #1578, .F. ) ;
#1659 = CARTESIAN_POINT ( 'NONE',  ( 4.000000000000000000, 3.000000000000000000, 0.6400000000000000133 ) ) ;
#1660 = CARTESIAN_POINT ( 'NONE',  ( 2.083333333333340143, 3.000000000000000000, -0.6400000000000000133 ) ) ;
#1661 = CARTESIAN_POINT ( 'NONE',  ( 3.510000000000000231, 0.0000000000000000000, 3.850000000000000089 ) ) ;
#1662 = CARTESIAN_POINT ( 'NONE',  ( 1.250000000000000000, 0.0000000000000000000, 2.949999999999999734 ) ) ;
#1663 = ADVANCED_FACE ( 'NONE', ( #1890 ), #4798, .F. ) ;
#1664 = VERTEX_POINT ( 'NONE', #3607 ) ;
#1665 = CARTESIAN_POINT ( 'NONE',  ( 0.4500000000000000111, 12.40000000000000036, -1.110000000000000098 ) ) ;
#1666 = ORIENTED_EDGE ( 'NONE', *, *, #4837, .F. ) ;
#1667 = CIRCLE ( 'NONE', #5146, 0.6250000000000001110 ) ;
#1668 = FACE_OUTER_BOUND ( 'NONE', #5374, .T. ) ;
#1669 = DIRECTION ( 'NONE',  ( 0.0000000000000000000, -1.000000000000000000, 0.0000000000000000000 ) ) ;
#1670 = EDGE_CURVE ( 'NONE', #7008, #6587, #1930, .T. ) ;
#1671 = VECTOR ( 'NONE', #3389, 1000.000000000000000 ) ;
#1672 = EDGE_CURVE ( 'NONE', #5802, #4803, #275, .T. ) ;
#1673 = CARTESIAN_POINT ( 'NONE',  ( -2.490000000000000213, 12.40000000000000036, 3.449999999999999734 ) ) ;
#1674 = ORIENTED_EDGE ( 'NONE', *, *, #5596, .T. ) ;
#1675 = FACE_OUTER_BOUND ( 'NONE', #5828, .T. ) ;
#1676 = EDGE_LOOP ( 'NONE', ( #524, #7164, #4049, #4860 ) ) ;
#1677 = AXIS2_PLACEMENT_3D ( 'NONE', #2705, #6598, #508 ) ;
#1678 = CARTESIAN_POINT ( 'NONE',  ( 2.000000000000000000, 1.850000000000000089, -1.408343819019456028E-16 ) ) ;
#1679 = VECTOR ( 'NONE', #3675, 1000.000000000000000 ) ;
#1680 = DIRECTION ( 'NONE',  ( 0.0000000000000000000, 0.0000000000000000000, 1.000000000000000000 ) ) ;
#1681 = DIRECTION ( 'NONE',  ( 0.0000000000000000000, 1.000000000000000000, 0.0000000000000000000 ) ) ;
#1682 = EDGE_CURVE ( 'NONE', #6269, #1150, #5268, .T. ) ;
#1683 = CIRCLE ( 'NONE', #2165, 1.149999999999999911 ) ;
#1684 = ORIENTED_EDGE ( 'NONE', *, *, #5803, .T. ) ;
#1685 = CARTESIAN_POINT ( 'NONE',  ( 0.1021084803288504067, 1.644336412802515079, -0.6400000000000000133 ) ) ;
#1686 = ORIENTED_EDGE ( 'NONE', *, *, #1682, .T. ) ;
#1687 = CARTESIAN_POINT ( 'NONE',  ( 0.8199999999999999512, 6.779999999999999361, -2.861285051386784684 ) ) ;
#1688 = VERTEX_POINT ( 'NONE', #5850 ) ;
#1689 = CIRCLE ( 'NONE', #6812, 0.5000000000000000000 ) ;
#1690 = ORIENTED_EDGE ( 'NONE', *, *, #4883, .T. ) ;
#1691 = CARTESIAN_POINT ( 'NONE',  ( 1.674172195825665010, 2.974365374686354979, -0.6400000000000000133 ) ) ;
#1692 = CARTESIAN_POINT ( 'NONE',  ( 0.06391813759496049741, 1.518378803222814932, 0.6400000000000000133 ) ) ;
#1693 = FACE_OUTER_BOUND ( 'NONE', #3731, .T. ) ;
#1694 = VECTOR ( 'NONE', #969, 1000.000000000000000 ) ;
#1695 = ORIENTED_EDGE ( 'NONE', *, *, #3412, .F. ) ;
#1696 = ORIENTED_EDGE ( 'NONE', *, *, #2089, .T. ) ;
#1697 = CARTESIAN_POINT ( 'NONE',  ( 2.333333333333299731, 4.279999999999995808, 0.6400000000000001243 ) ) ;
#1698 = CARTESIAN_POINT ( 'NONE',  ( 1.571891334686435160, 4.253710207019997469, -0.6400000000000001243 ) ) ;
#1699 = SHAPE_REPRESENTATION ( 'A3963WV-PIN.STEP', ( #2084 ), #5204 ) ;
#1700 = VECTOR ( 'NONE', #185, 1000.000000000000000 ) ;
#1701 = LINE ( 'NONE', #6182, #3475 ) ;
#1702 = DIRECTION ( 'NONE',  ( 0.0000000000000000000, 1.000000000000000000, 0.0000000000000000000 ) ) ;
#1703 = PLANE ( 'NONE',  #5910 ) ;
#1704 = ORIENTED_EDGE ( 'NONE', *, *, #5133, .T. ) ;
#1705 = VECTOR ( 'NONE', #1312, 1000.000000000000000 ) ;
#1706 = ITEM_DEFINED_TRANSFORMATION ( 'NONE', 'NONE', #1144,  #2084 ) ;
#1707 = DIRECTION ( 'NONE',  ( 1.000000000000000000, 0.0000000000000000000, 0.0000000000000000000 ) ) ;
#1708 = DIRECTION ( 'NONE',  ( 3.318569865263498405E-16, 0.3959962331879612885, -0.9182521349286075774 ) ) ;
#1709 = VECTOR ( 'NONE', #5160, 1000.000000000000000 ) ;
#1710 = CARTESIAN_POINT ( 'NONE',  ( 2.666666666666639873, 3.000000000000000000, 0.6400000000000000133 ) ) ;
#1711 = ORIENTED_EDGE ( 'NONE', *, *, #191, .F. ) ;
#1712 = DIRECTION ( 'NONE',  ( 0.0000000000000000000, 0.0000000000000000000, 1.000000000000000000 ) ) ;
#1713 = ORIENTED_EDGE ( 'NONE', *, *, #1494, .F. ) ;
#1714 = VECTOR ( 'NONE', #3165, 1000.000000000000000 ) ;
#1715 = EDGE_CURVE ( 'NONE', #168, #1510, #3094, .T. ) ;
#1716 = CARTESIAN_POINT ( 'NONE',  ( -2.990000000000000213, 1.000000000000000000, -1.909999999999999920 ) ) ;
#1717 = EDGE_CURVE ( 'NONE', #3310, #5907, #6444, .T. ) ;
#1718 = LINE ( 'NONE', #1754, #6634 ) ;
#1719 = CARTESIAN_POINT ( 'NONE',  ( 2.745000000000000107, 0.2999999999999999889, -2.000000000000000000 ) ) ;
#1720 = AXIS2_PLACEMENT_3D ( 'NONE', #1294, #2434, #6356 ) ;
#1721 = CARTESIAN_POINT ( 'NONE',  ( 0.01603036157317504554, 1.261041869093620038, -0.6400000000000000133 ) ) ;
#1722 = VERTEX_POINT ( 'NONE', #6083 ) ;
#1723 = DIRECTION ( 'NONE',  ( 0.3611041612294754177, 0.8597718124511376514, -0.3611041612294748626 ) ) ;
#1724 = ORIENTED_EDGE ( 'NONE', *, *, #3999, .F. ) ;
#1725 = PRODUCT_DEFINITION_CONTEXT ( 'detailed design', #373, 'design' ) ;
#1726 = ADVANCED_FACE ( 'NONE', ( #1015 ), #3251, .T. ) ;
#1727 = AXIS2_PLACEMENT_3D ( 'NONE', #6752, #5101, #32 ) ;
#1728 = ORIENTED_EDGE ( 'NONE', *, *, #6754, .F. ) ;
#1729 = PRODUCT ( 'A3963WV-2P.STEP', 'A3963WV-2P.STEP', '', ( #4378 ) ) ;
#1730 = CARTESIAN_POINT ( 'NONE',  ( 0.06391813759496078884, 1.518378803222814932, -0.6400000000000000133 ) ) ;
#1731 = CARTESIAN_POINT ( 'NONE',  ( -2.710505431213760099E-16, 0.9999999999999850120, 0.0000000000000000000 ) ) ;
#1732 = CARTESIAN_POINT ( 'NONE',  ( 2.550000000000000266, 0.2999999999999999889, -0.5699999999999999512 ) ) ;
#1733 = CARTESIAN_POINT ( 'NONE',  ( 1.279999999999998694, 0.0000000000000000000, 0.6400000000000001243 ) ) ;
#1734 = AXIS2_PLACEMENT_3D ( 'NONE', #4710, #3557, #6976 ) ;
#1735 = LINE ( 'NONE', #5141, #4379 ) ;
#1736 = VERTEX_POINT ( 'NONE', #7210 ) ;
#1737 = CARTESIAN_POINT ( 'NONE',  ( 0.003213581817323009696, 1.130852527098471949, 0.6400000000000000133 ) ) ;
#1738 = EDGE_CURVE ( 'NONE', #2899, #4504, #4451, .T. ) ;
#1739 = CIRCLE ( 'NONE', #2903, 0.6400000000000000133 ) ;
#1740 = FACE_OUTER_BOUND ( 'NONE', #5573, .T. ) ;
#1741 = DIRECTION ( 'NONE',  ( 0.0000000000000000000, 0.0000000000000000000, -1.000000000000000000 ) ) ;
#1742 = DIRECTION ( 'NONE',  ( 0.0000000000000000000, 0.0000000000000000000, 1.000000000000000000 ) ) ;
#1743 = ORIENTED_EDGE ( 'NONE', *, *, #4930, .F. ) ;
#1744 = CONTEXT_DEPENDENT_SHAPE_REPRESENTATION ( #6067, #1784 ) ;
#1745 = DIRECTION ( 'NONE',  ( -1.000000000000000000, -9.239288078572126114E-15, 0.0000000000000000000 ) ) ;
#1746 = DIRECTION ( 'NONE',  ( 0.0000000000000000000, -1.000000000000000000, -8.380306647230949920E-17 ) ) ;
#1747 = DIRECTION ( 'NONE',  ( 0.0000000000000000000, 0.0000000000000000000, 1.000000000000000000 ) ) ;
#1748 = CARTESIAN_POINT ( 'NONE',  ( -1.279999999999998694, 0.9166666666666598573, 0.6400000000000001243 ) ) ;
#1749 = CARTESIAN_POINT ( 'NONE',  ( 2.990000000000000213, 6.250000000000000000, -1.909999999999999920 ) ) ;
#1750 = DIRECTION ( 'NONE',  ( 0.0000000000000000000, -9.227252531791520216E-16, -1.000000000000000000 ) ) ;
#1751 = B_SPLINE_CURVE_WITH_KNOTS ( 'NONE', 3,
 ( #2972, #6938, #2937, #1952, #5145, #5734, #224, #4174, #6902, #6393, #1988, #4748, #6975, #153, #2400, #2579, #7158, #4363, #4248, #3191, #3814, #7009, #3156, #4326, #4399, #1474, #5913, #495, #2691, #2025, #6031, #999, #2145, #6580, #3233, #5364 ),
 .UNSPECIFIED., .F., .F.,
 ( 4, 2, 2, 2, 2, 2, 2, 2, 2, 2, 2, 2, 2, 2, 2, 2, 2, 4 ),
 ( 0.0000000000000000000, 0.08141210728258689577, 0.1221181609238803922, 0.1424711877445269947, 0.1628242145651740136, 0.1947946743342039988, 0.2267651341032335122, 0.2907060536412935381, 0.4185878927174130348, 0.5464697317935329757, 0.6104106513315920024, 0.6423811111006219043, 0.6743515708696520283, 0.6947045976902990194, 0.7150576245109458995, 0.7557636781522389935, 0.8371757854348259587, 1.000000000000000000 ),
 .UNSPECIFIED. ) ;
#1752 = VERTEX_POINT ( 'NONE', #6665 ) ;
#1753 = FACE_OUTER_BOUND ( 'NONE', #6986, .T. ) ;
#1754 = CARTESIAN_POINT ( 'NONE',  ( 2.169999999999999929, 0.6800000000000000488, 0.1900000000000000022 ) ) ;
#1755 = LINE ( 'NONE', #2787, #2847 ) ;
#1756 = ADVANCED_FACE ( 'NONE', ( #1668 ), #6518, .T. ) ;
#1757 = CARTESIAN_POINT ( 'NONE',  ( -1.274729725819581772, 1.214598144441489724, -0.6400000000000001243 ) ) ;
#1758 = EDGE_LOOP ( 'NONE', ( #1886, #4432, #1822, #184, #5332 ) ) ;
#1759 = DIRECTION ( 'NONE',  ( -0.0000000000000000000, 1.000000000000000000, 0.0000000000000000000 ) ) ;
#1760 = EDGE_LOOP ( 'NONE', ( #729, #2536, #4646, #5764 ) ) ;
#1761 = ORIENTED_EDGE ( 'NONE', *, *, #7141, .F. ) ;
#1762 = CARTESIAN_POINT ( 'NONE',  ( 2.028333303692779754, 1.720001874985300772, -0.6400000000000001243 ) ) ;
#1763 = DIRECTION ( 'NONE',  ( 0.0000000000000000000, -1.000000000000000000, 0.0000000000000000000 ) ) ;
#1764 = CARTESIAN_POINT ( 'NONE',  ( 3.959999999999999964, 0.0000000000000000000, -1.500000000000000000 ) ) ;
#1765 = ADVANCED_FACE ( 'NONE', ( #1530 ), #1057, .F. ) ;
#1766 = ADVANCED_FACE ( 'NONE', ( #2671 ), #4303, .T. ) ;
#1767 = CARTESIAN_POINT ( 'NONE',  ( 1.409999999999999920, 0.2999999999999999889, -0.5699999999999999512 ) ) ;
#1768 = EDGE_LOOP ( 'NONE', ( #2228, #7156, #5315, #2777 ) ) ;
#1769 = CARTESIAN_POINT ( 'NONE',  ( 4.000000000000000000, 3.000000000000000000, 1.149999999999999911 ) ) ;
#1770 = VERTEX_POINT ( 'NONE', #6009 ) ;
#1771 = DIRECTION ( 'NONE',  ( 0.0000000000000000000, 0.0000000000000000000, -1.000000000000000000 ) ) ;
#1772 = DIRECTION ( 'NONE',  ( 1.000000000000000000, 0.0000000000000000000, -1.141265444721584103E-15 ) ) ;
#1773 = DIRECTION ( 'NONE',  ( -1.000000000000000000, 0.0000000000000000000, 0.0000000000000000000 ) ) ;
#1774 = EDGE_CURVE ( 'NONE', #6654, #3334, #3283, .T. ) ;
#1775 = FACE_OUTER_BOUND ( 'NONE', #2767, .T. ) ;
#1776 = CARTESIAN_POINT ( 'NONE',  ( 0.4500000000000000111, 12.40000000000000036, -1.110000000000000098 ) ) ;
#1777 = CARTESIAN_POINT ( 'NONE',  ( 0.7709058284417820150, 2.599332953187969864, 0.6400000000000000133 ) ) ;
#1778 = CARTESIAN_POINT ( 'NONE',  ( -0.4500000000000000111, 12.40000000000000036, -1.110000000000000098 ) ) ;
#1779 = CARTESIAN_POINT ( 'NONE',  ( 0.0000000000000000000, 3.200000000000000178, 0.0000000000000000000 ) ) ;
#1780 = CARTESIAN_POINT ( 'NONE',  ( 1.571891334686435160, 4.253710207019997469, 0.6400000000000001243 ) ) ;
#1781 = VECTOR ( 'NONE', #705, 1000.000000000000000 ) ;
#1782 = DIRECTION ( 'NONE',  ( 1.000000000000000000, 0.0000000000000000000, 0.0000000000000000000 ) ) ;
#1783 = ORIENTED_EDGE ( 'NONE', *, *, #646, .F. ) ;
#1784 = PRODUCT_DEFINITION_SHAPE ( 'NONE', 'NONE',  #7219 ) ;
#1785 = CARTESIAN_POINT ( 'NONE',  ( -0.8199999999999999512, 1.251646398047192132, -1.909999999999999920 ) ) ;
#1786 = VERTEX_POINT ( 'NONE', #1123 ) ;
#1787 = DIRECTION ( 'NONE',  ( 0.0000000000000000000, 0.0000000000000000000, 1.000000000000000000 ) ) ;
#1788 = CARTESIAN_POINT ( 'NONE',  ( 1.820000000000000062, 3.649999999999999911, -2.819999999999999840 ) ) ;
#1789 = CARTESIAN_POINT ( 'NONE',  ( -1.820000000000000062, 11.90000000000000036, -3.660000000000000142 ) ) ;
#1790 = CARTESIAN_POINT ( 'NONE',  ( 0.2525058442745775067, 2.007427768585499983, 0.6400000000000000133 ) ) ;
#1791 = EDGE_LOOP ( 'NONE', ( #1644, #5240, #205, #6132, #6313, #1585 ) ) ;
#1792 = DIRECTION ( 'NONE',  ( -1.000000000000000000, 0.0000000000000000000, 0.0000000000000000000 ) ) ;
#1793 = ORIENTED_EDGE ( 'NONE', *, *, #6441, .F. ) ;
#1794 = ORIENTED_EDGE ( 'NONE', *, *, #5100, .F. ) ;
#1795 = CARTESIAN_POINT ( 'NONE',  ( 5.421010862427519705E-17, 0.7916666666666679619, -0.6400000000000000133 ) ) ;
#1796 = AXIS2_PLACEMENT_3D ( 'NONE', #5793, #4277, #2059 ) ;
#1797 = CARTESIAN_POINT ( 'NONE',  ( 0.02563462531364100322, 1.325827804174342095, 0.6400000000000000133 ) ) ;
#1798 = ORIENTED_EDGE ( 'NONE', *, *, #2796, .F. ) ;
#1799 = ORIENTED_EDGE ( 'NONE', *, *, #6528, .F. ) ;
#1800 = VECTOR ( 'NONE', #5971, 1000.000000000000000 ) ;
#1801 = VECTOR ( 'NONE', #712, 1000.000000000000000 ) ;
#1802 = CARTESIAN_POINT ( 'NONE',  ( 2.700000000000000178, 9.400000000000000355, -3.840000000000000302 ) ) ;
#1803 = EDGE_CURVE ( 'NONE', #4416, #2415, #7102, .T. ) ;
#1804 = CARTESIAN_POINT ( 'NONE',  ( -0.01571444135549926804, 3.622906043228277806, -0.6400000000000001243 ) ) ;
#1805 = EDGE_CURVE ( 'NONE', #492, #4173, #4419, .T. ) ;
#1806 = CARTESIAN_POINT ( 'NONE',  ( -0.5699999999999999512, 9.900000000000000355, -0.5699999999999999512 ) ) ;
#1807 = EDGE_CURVE ( 'NONE', #4929, #3031, #3312, .T. ) ;
#1808 = DIRECTION ( 'NONE',  ( 0.0000000000000000000, -1.000000000000000000, 0.0000000000000000000 ) ) ;
#1809 = CARTESIAN_POINT ( 'NONE',  ( 4.000000000000000000, 3.000000000000000000, 0.0000000000000000000 ) ) ;
#1810 = VECTOR ( 'NONE', #5413, 1000.000000000000000 ) ;
#1811 = CARTESIAN_POINT ( 'NONE',  ( -0.2700000000000000178, 10.90000000000000036, 2.567847250623560311E-17 ) ) ;
#1812 = B_SPLINE_CURVE_WITH_KNOTS ( 'NONE', 3,
 ( #1932, #135, #5271, #1971, #714, #3609, #6412, #4117, #4058, #2419, #5786, #4193, #6275, #1282, #1864, #1417, #5165, #3508, #2953, #3639, #821, #787, #5752, #5853, #4089, #752, #2989, #244, #858, #3027, #4633, #3059, #2452, #2481, #6860, #4693 ),
 .UNSPECIFIED., .F., .F.,
 ( 4, 2, 2, 2, 2, 2, 2, 2, 2, 2, 2, 2, 2, 2, 2, 2, 2, 4 ),
 ( 0.0000000000000000000, 0.08141210728258689577, 0.1221181609238803922, 0.1424711877445269947, 0.1628242145651740136, 0.1947946743342039988, 0.2267651341032335122, 0.2907060536412935381, 0.4185878927174130348, 0.5464697317935329757, 0.6104106513315920024, 0.6423811111006219043, 0.6743515708696520283, 0.6947045976902990194, 0.7150576245109458995, 0.7557636781522389935, 0.8371757854348259587, 1.000000000000000000 ),
 .UNSPECIFIED. ) ;
#1813 = DIRECTION ( 'NONE',  ( 0.0000000000000000000, 1.000000000000000000, 0.0000000000000000000 ) ) ;
#1814 = AXIS2_PLACEMENT_3D ( 'NONE', #797, #335, #3516 ) ;
#1815 = CARTESIAN_POINT ( 'NONE',  ( 1.738958130906359978, 2.983969638426825277, 0.6400000000000000133 ) ) ;
#1816 = ADVANCED_FACE ( 'NONE', ( #5487 ), #4338, .F. ) ;
#1817 = DIRECTION ( 'NONE',  ( 0.0000000000000000000, 1.000000000000000000, 0.0000000000000000000 ) ) ;
#1818 = CARTESIAN_POINT ( 'NONE',  ( 1.571891334686435160, 4.253710207019997469, -0.6400000000000001243 ) ) ;
#1819 = VECTOR ( 'NONE', #621, 1000.000000000000000 ) ;
#1820 = VERTEX_POINT ( 'NONE', #4380 ) ;
#1821 = DIRECTION ( 'NONE',  ( 0.0000000000000000000, 0.0000000000000000000, -1.000000000000000000 ) ) ;
#1822 = ORIENTED_EDGE ( 'NONE', *, *, #5109, .F. ) ;
#1823 = CARTESIAN_POINT ( 'NONE',  ( -1.820000000000000062, 2.200000000000000178, -3.657157890324955307 ) ) ;
#1824 = ORIENTED_EDGE ( 'NONE', *, *, #720, .F. ) ;
#1825 = DIRECTION ( 'NONE',  ( 0.0000000000000000000, 0.0000000000000000000, -1.000000000000000000 ) ) ;
#1826 = EDGE_CURVE ( 'NONE', #2323, #2702, #1323, .T. ) ;
#1827 = VECTOR ( 'NONE', #2246, 1000.000000000000000 ) ;
#1828 =( NAMED_UNIT ( * ) PLANE_ANGLE_UNIT ( ) SI_UNIT ( $, .RADIAN. ) );
#1829 = DIRECTION ( 'NONE',  ( 1.000000000000000000, 0.0000000000000000000, 9.510545372679868754E-17 ) ) ;
#1830 = CARTESIAN_POINT ( 'NONE',  ( 0.3478184595197764128, 3.865890415389723334, 0.6400000000000001243 ) ) ;
#1831 = AXIS2_PLACEMENT_3D ( 'NONE', #1880, #1265, #6846 ) ;
#1832 = ORIENTED_EDGE ( 'NONE', *, *, #5643, .T. ) ;
#1833 = CARTESIAN_POINT ( 'NONE',  ( 3.459999999999999964, 0.0000000000000000000, -3.290000000000000036 ) ) ;
#1834 = ORIENTED_EDGE ( 'NONE', *, *, #1717, .T. ) ;
#1835 = CARTESIAN_POINT ( 'NONE',  ( 2.041666584331814693, 3.000005208292495062, -0.6400000000000000133 ) ) ;
#1836 = CARTESIAN_POINT ( 'NONE',  ( 1.279999999999998694, 0.1666666666666654917, -0.6400000000000001243 ) ) ;
#1837 = CARTESIAN_POINT ( 'NONE',  ( 1.279999999999998694, 0.8333333333333348136, -0.6400000000000001243 ) ) ;
#1838 = VERTEX_POINT ( 'NONE', #1564 ) ;
#1839 = DIRECTION ( 'NONE',  ( 0.0000000000000000000, -1.000000000000000000, 0.0000000000000000000 ) ) ;
#1840 = VERTEX_POINT ( 'NONE', #3793 ) ;
#1841 = FACE_OUTER_BOUND ( 'NONE', #6755, .T. ) ;
#1842 = EDGE_LOOP ( 'NONE', ( #3940, #7153, #6649, #6353 ) ) ;
#1843 = DIRECTION ( 'NONE',  ( 0.0000000000000000000, -1.000000000000000000, 0.0000000000000000000 ) ) ;
#1844 = DIRECTION ( 'NONE',  ( -1.000000000000000000, 0.0000000000000000000, 0.0000000000000000000 ) ) ;
#1845 = DIRECTION ( 'NONE',  ( 0.0000000000000000000, 0.0000000000000000000, 1.000000000000000000 ) ) ;
#1846 = CARTESIAN_POINT ( 'NONE',  ( 0.06391813759496049741, 1.518378803222814932, -0.6400000000000000133 ) ) ;
#1847 = ADVANCED_FACE ( 'NONE', ( #473 ), #2085, .F. ) ;
#1848 = VERTEX_POINT ( 'NONE', #2737 ) ;
#1849 = PRODUCT_DEFINITION ( 'UNKNOWN', '', #3125, #1725 ) ;
#1850 = DIRECTION ( 'NONE',  ( -4.713922489067409854E-16, -5.010632356446239363E-32, 1.000000000000000000 ) ) ;
#1851 = AXIS2_PLACEMENT_3D ( 'NONE', #3108, #3330, #6093 ) ;
#1852 = CARTESIAN_POINT ( 'NONE',  ( -4.336808689942014778E-16, 0.9999999999999820144, 0.0000000000000000000 ) ) ;
#1853 = CARTESIAN_POINT ( 'NONE',  ( 1.214999999999999858, 0.2999999999999999889, -3.840000000000000302 ) ) ;
#1854 = DIRECTION ( 'NONE',  ( 1.000000000000000000, -1.110223024625155924E-16, 0.0000000000000000000 ) ) ;
#1855 = CARTESIAN_POINT ( 'NONE',  ( -1.279999999999998694, 0.8333333333333348136, 0.6400000000000001243 ) ) ;
#1856 = STYLED_ITEM ( 'NONE', ( #5238 ), #6317 ) ;
#1857 = ADVANCED_FACE ( 'NONE', ( #1640, #3865, #2779 ), #4990, .T. ) ;
#1858 = VERTEX_POINT ( 'NONE', #3420 ) ;
#1859 = ADVANCED_FACE ( 'NONE', ( #2815 ), #2845, .T. ) ;
#1860 = PRESENTATION_STYLE_ASSIGNMENT (( #680 ) ) ;
#1861 = VERTEX_POINT ( 'NONE', #6810 ) ;
#1862 = DIRECTION ( 'NONE',  ( 0.1856067747580749105, 0.0000000000000000000, 0.9826241016603984857 ) ) ;
#1863 = FACE_BOUND ( 'NONE', #3, .T. ) ;
#1864 = CARTESIAN_POINT ( 'NONE',  ( 0.1021084803288501985, 1.644336412802515079, 0.6400000000000000133 ) ) ;
#1865 = EDGE_CURVE ( 'NONE', #3914, #5830, #3494, .T. ) ;
#1866 = CARTESIAN_POINT ( 'NONE',  ( 1.785401855558534034, 4.274729725819588211, 0.6400000000000001243 ) ) ;
#1867 = ORIENTED_EDGE ( 'NONE', *, *, #1631, .F. ) ;
#1868 = DIRECTION ( 'NONE',  ( -1.866695549210714247E-16, 0.9182521349286075774, 0.3959962331879612885 ) ) ;
#1869 = CARTESIAN_POINT ( 'NONE',  ( 2.333333333333299731, 1.720000000000000639, 0.6400000000000001243 ) ) ;
#1870 = CARTESIAN_POINT ( 'NONE',  ( 1.279999999999998694, 0.7916666666666665186, -0.6400000000000001243 ) ) ;
#1871 = ORIENTED_EDGE ( 'NONE', *, *, #468, .F. ) ;
#1872 = DIRECTION ( 'NONE',  ( 0.0000000000000000000, 0.0000000000000000000, 1.000000000000000000 ) ) ;
#1873 = EDGE_LOOP ( 'NONE', ( #6330, #1936 ) ) ;
#1874 = ORIENTED_EDGE ( 'NONE', *, *, #2222, .F. ) ;
#1875 = LINE ( 'NONE', #193, #1134 ) ;
#1876 = FACE_OUTER_BOUND ( 'NONE', #5972, .T. ) ;
#1877 = FACE_OUTER_BOUND ( 'NONE', #2694, .T. ) ;
#1878 = FACE_OUTER_BOUND ( 'NONE', #7033, .T. ) ;
#1879 = VERTEX_POINT ( 'NONE', #4044 ) ;
#1880 = CARTESIAN_POINT ( 'NONE',  ( -5.421010862427520198E-16, 0.9999999999999820144, 0.0000000000000000000 ) ) ;
#1881 = CARTESIAN_POINT ( 'NONE',  ( 1.424240136852308325, 1.442473901760956023, -0.6400000000000001243 ) ) ;
#1882 = CARTESIAN_POINT ( 'NONE',  ( 0.0000000000000000000, 6.250000000000000000, 0.0000000000000000000 ) ) ;
#1883 = AXIS2_PLACEMENT_3D ( 'NONE', #4840, #4688, #6918 ) ;
#1884 = CARTESIAN_POINT ( 'NONE',  ( 2.083333333333340143, 4.279999999999995808, 0.6400000000000001243 ) ) ;
#1885 = DIRECTION ( 'NONE',  ( 0.0000000000000000000, 8.380306647230949920E-17, -1.000000000000000000 ) ) ;
#1886 = ORIENTED_EDGE ( 'NONE', *, *, #4837, .T. ) ;
#1887 = DIRECTION ( 'NONE',  ( 0.0000000000000000000, 1.000000000000000000, 0.0000000000000000000 ) ) ;
#1888 = ORIENTED_EDGE ( 'NONE', *, *, #3413, .F. ) ;
#1889 = CARTESIAN_POINT ( 'NONE',  ( -3.959999999999999964, 3.200000000000000178, 2.100000000000000089 ) ) ;
#1890 = FACE_OUTER_BOUND ( 'NONE', #2220, .T. ) ;
#1891 = ADVANCED_FACE ( 'NONE', ( #5023 ), #5634, .T. ) ;
#1892 = EDGE_CURVE ( 'NONE', #6640, #3520, #4522, .T. ) ;
#1893 = CARTESIAN_POINT ( 'NONE',  ( -1.279999999999998694, 0.6666666666666656305, 0.6400000000000001243 ) ) ;
#1894 = ORIENTED_EDGE ( 'NONE', *, *, #1052, .F. ) ;
#1895 = LINE ( 'NONE', #6308, #544 ) ;
#1896 = ORIENTED_EDGE ( 'NONE', *, *, #6723, .F. ) ;
#1897 = ADVANCED_FACE ( 'NONE', ( #2305 ), #6743, .F. ) ;
#1898 = CARTESIAN_POINT ( 'NONE',  ( 1.149858762714560445, 4.175174254344274694, 0.6400000000000001243 ) ) ;
#1899 = CARTESIAN_POINT ( 'NONE',  ( 1.280002945220024335, 1.044505849366581751, 0.6400000000000001243 ) ) ;
#1900 = VECTOR ( 'NONE', #5672, 1000.000000000000000 ) ;
#1901 = AXIS2_PLACEMENT_3D ( 'NONE', #6645, #3944, #3910 ) ;
#1902 = CARTESIAN_POINT ( 'NONE',  ( 1.279999999999998694, 0.6666666666666656305, 0.6400000000000001243 ) ) ;
#1903 = ORIENTED_EDGE ( 'NONE', *, *, #1805, .T. ) ;
#1904 = DIRECTION ( 'NONE',  ( -1.000000000000000000, 1.833024472948825013E-16, 0.0000000000000000000 ) ) ;
#1905 = ORIENTED_EDGE ( 'NONE', *, *, #7205, .T. ) ;
#1906 = VECTOR ( 'NONE', #2552, 1000.000000000000000 ) ;
#1907 = VERTEX_POINT ( 'NONE', #6154 ) ;
#1908 = VECTOR ( 'NONE', #316, 1000.000000000000000 ) ;
#1909 = APPLICATION_CONTEXT ( 'automotive_design' ) ;
#1910 = CARTESIAN_POINT ( 'NONE',  ( -1.820000000000000062, 3.649999999999999911, -2.819999999999999840 ) ) ;
#1911 = PLANE ( 'NONE',  #5515 ) ;
#1912 = CARTESIAN_POINT ( 'NONE',  ( 3.959999999999999964, 3.200000000000000178, -2.000000000000000000 ) ) ;
#1913 = CARTESIAN_POINT ( 'NONE',  ( 1.738958130906359978, 2.983969638426825277, -0.6400000000000000133 ) ) ;
#1914 = VECTOR ( 'NONE', #3304, 1000.000000000000000 ) ;
#1915 = ORIENTED_EDGE ( 'NONE', *, *, #6095, .F. ) ;
#1916 =( GEOMETRIC_REPRESENTATION_CONTEXT ( 3 ) GLOBAL_UNCERTAINTY_ASSIGNED_CONTEXT ( ( #2959 ) ) GLOBAL_UNIT_ASSIGNED_CONTEXT ( ( #194, #6318, #123 ) ) REPRESENTATION_CONTEXT ( 'NONE', 'WORKASPACE' ) );
#1917 = DIRECTION ( 'NONE',  ( 0.0000000000000000000, 1.000000000000000000, 0.0000000000000000000 ) ) ;
#1918 = CARTESIAN_POINT ( 'NONE',  ( 1.285770930166350690, 1.093975072873698995, 0.6400000000000001243 ) ) ;
#1919 = CARTESIAN_POINT ( 'NONE',  ( 0.9925722314144990177, 2.747494155725414888, 0.6400000000000000133 ) ) ;
#1920 = AXIS2_PLACEMENT_3D ( 'NONE', #1609, #2781, #6669 ) ;
#1921 = AXIS2_PLACEMENT_3D ( 'NONE', #3941, #1787, #3472 ) ;
#1922 = DIRECTION ( 'NONE',  ( -1.000000000000000000, 3.336006684570782608E-16, 0.0000000000000000000 ) ) ;
#1923 = CARTESIAN_POINT ( 'NONE',  ( 1.934550282381494846, 2.999991818833284807, 0.6400000000000000133 ) ) ;
#1924 = DIRECTION ( 'NONE',  ( -6.570922257487909993E-16, 9.227252531791520216E-16, 1.000000000000000000 ) ) ;
#1925 = ORIENTED_EDGE ( 'NONE', *, *, #4358, .T. ) ;
#1926 = CARTESIAN_POINT ( 'NONE',  ( 2.000000000000000000, 1.000000000000000000, 0.0000000000000000000 ) ) ;
#1927 = VECTOR ( 'NONE', #3055, 1000.000000000000000 ) ;
#1928 = ORIENTED_EDGE ( 'NONE', *, *, #343, .F. ) ;
#1929 = LINE ( 'NONE', #5819, #877 ) ;
#1930 = LINE ( 'NONE', #3672, #3081 ) ;
#1931 = ORIENTED_EDGE ( 'NONE', *, *, #3506, .T. ) ;
#1932 = CARTESIAN_POINT ( 'NONE',  ( 0.0000000000000000000, 0.0000000000000000000, 0.6400000000000000133 ) ) ;
#1933 = VECTOR ( 'NONE', #3809, 1000.000000000000000 ) ;
#1934 = CARTESIAN_POINT ( 'NONE',  ( 2.416666666666675400, 4.279999999999995808, 0.6400000000000001243 ) ) ;
#1935 = EDGE_CURVE ( 'NONE', #5218, #6121, #6799, .T. ) ;
#1936 = ORIENTED_EDGE ( 'NONE', *, *, #6225, .T. ) ;
#1937 = ADVANCED_FACE ( 'NONE', ( #2407 ), #2022, .T. ) ;
#1938 = CARTESIAN_POINT ( 'NONE',  ( -3.959999999999999964, 9.400000000000000355, 4.299999999999999822 ) ) ;
#1939 = ORIENTED_EDGE ( 'NONE', *, *, #6343, .T. ) ;
#1940 = CARTESIAN_POINT ( 'NONE',  ( -2.880000000000000338, 6.299999999999999822, 3.850000000000000089 ) ) ;
#1941 = CARTESIAN_POINT ( 'NONE',  ( -1.820000000000000062, 10.90000000000000036, -5.110000000000000320 ) ) ;
#1942 = CARTESIAN_POINT ( 'NONE',  ( 2.166666666666659857, 3.000000000000000000, 0.6400000000000000133 ) ) ;
#1943 = CIRCLE ( 'NONE', #6019, 1.149999999999999911 ) ;
#1944 = CARTESIAN_POINT ( 'NONE',  ( 1.279999999999998694, 0.8333333333333348136, 0.6400000000000001243 ) ) ;
#1945 = ADVANCED_FACE ( 'NONE', ( #2230 ), #3887, .F. ) ;
#1946 = ORIENTED_EDGE ( 'NONE', *, *, #778, .T. ) ;
#1947 = ADVANCED_FACE ( 'NONE', ( #6961 ), #631, .T. ) ;
#1948 = DIRECTION ( 'NONE',  ( 1.000000000000000000, 0.0000000000000000000, 4.272717921125140000E-16 ) ) ;
#1949 = VERTEX_POINT ( 'NONE', #2397 ) ;
#1950 = AXIS2_PLACEMENT_3D ( 'NONE', #3564, #4219, #4718 ) ;
#1951 = VERTEX_POINT ( 'NONE', #1293 ) ;
#1952 = CARTESIAN_POINT ( 'NONE',  ( 5.421010862427519705E-17, 0.5833333333333329263, -0.6400000000000000133 ) ) ;
#1953 = DIRECTION ( 'NONE',  ( 0.0000000000000000000, -0.2873478855663425535, 0.9578262852211522071 ) ) ;
#1954 = PLANE ( 'NONE',  #268 ) ;
#1955 = ORIENTED_EDGE ( 'NONE', *, *, #1589, .F. ) ;
#1956 = EDGE_CURVE ( 'NONE', #2931, #4376, #2566, .T. ) ;
#1957 = LINE ( 'NONE', #2115, #2073 ) ;
#1958 = CARTESIAN_POINT ( 'NONE',  ( 1.370902103938838268, 1.362673996690775047, 0.6400000000000001243 ) ) ;
#1959 = CARTESIAN_POINT ( 'NONE',  ( 1.934550282381494846, 2.999991818833284807, 0.6400000000000000133 ) ) ;
#1960 = AXIS2_PLACEMENT_3D ( 'NONE', #3848, #7046, #3737 ) ;
#1961 = PLANE ( 'NONE',  #1478 ) ;
#1962 = CARTESIAN_POINT ( 'NONE',  ( 2.041666584331814693, 3.000005208292495062, 0.6400000000000000133 ) ) ;
#1963 = CARTESIAN_POINT ( 'NONE',  ( 1.214999999999999858, 0.2999999999999999889, 4.799999999999999822 ) ) ;
#1964 = ORIENTED_EDGE ( 'NONE', *, *, #2031, .F. ) ;
#1965 = CARTESIAN_POINT ( 'NONE',  ( 4.000000000000000000, 3.000000000000000000, 0.0000000000000000000 ) ) ;
#1966 = VECTOR ( 'NONE', #5953, 1000.000000000000000 ) ;
#1967 = ORIENTED_EDGE ( 'NONE', *, *, #3907, .T. ) ;
#1968 = DIRECTION ( 'NONE',  ( 8.673617379884060124E-16, 0.0000000000000000000, -1.000000000000000000 ) ) ;
#1969 = DIRECTION ( 'NONE',  ( 0.0000000000000000000, -1.000000000000000000, 0.0000000000000000000 ) ) ;
#1970 = CARTESIAN_POINT ( 'NONE',  ( -0.5699999999999999512, -3.700000000000000178, -0.5699999999999999512 ) ) ;
#1971 = CARTESIAN_POINT ( 'NONE',  ( 0.0000000000000000000, 0.5833333333333329263, 0.6400000000000000133 ) ) ;
#1972 = AXIS2_PLACEMENT_3D ( 'NONE', #4851, #2786, #7077 ) ;
#1973 = CARTESIAN_POINT ( 'NONE',  ( 1.469999999999999973, 13.40000000000000036, 2.949999999999999734 ) ) ;
#1974 = ORIENTED_EDGE ( 'NONE', *, *, #956, .F. ) ;
#1975 = LINE ( 'NONE', #5791, #1705 ) ;
#1976 = VERTEX_POINT ( 'NONE', #3409 ) ;
#1977 = DIRECTION ( 'NONE',  ( 0.0000000000000000000, 1.000000000000000000, 0.0000000000000000000 ) ) ;
#1978 = FACE_OUTER_BOUND ( 'NONE', #5029, .T. ) ;
#1979 = DIRECTION ( 'NONE',  ( 0.2761723853694945108, -0.9205746178983248429, -0.2761723853694945108 ) ) ;
#1980 = CARTESIAN_POINT ( 'NONE',  ( 2.083333333333342807, 4.279999999999995808, -0.6400000000000001243 ) ) ;
#1981 = EDGE_CURVE ( 'NONE', #1025, #2284, #5731, .T. ) ;
#1982 = CARTESIAN_POINT ( 'NONE',  ( 1.370902103938838268, 1.362673996690775047, -0.6400000000000001243 ) ) ;
#1983 = ORIENTED_EDGE ( 'NONE', *, *, #5225, .T. ) ;
#1984 = LINE ( 'NONE', #6285, #4382 ) ;
#1985 = ORIENTED_EDGE ( 'NONE', *, *, #3947, .F. ) ;
#1986 = ORIENTED_EDGE ( 'NONE', *, *, #6360, .T. ) ;
#1987 = EDGE_CURVE ( 'NONE', #6286, #2907, #6212, .T. ) ;
#1988 = CARTESIAN_POINT ( 'NONE',  ( 0.003213581817323174928, 1.130852527098471949, -0.6400000000000000133 ) ) ;
#1989 = ADVANCED_FACE ( 'NONE', ( #730 ), #5142, .F. ) ;
#1990 = DIRECTION ( 'NONE',  ( 0.0000000000000000000, -3.170181790893324673E-16, -1.000000000000000000 ) ) ;
#1991 = DIRECTION ( 'NONE',  ( 0.0000000000000000000, -1.000000000000000000, 0.0000000000000000000 ) ) ;
#1992 = DIRECTION ( 'NONE',  ( 0.0000000000000000000, 0.0000000000000000000, 1.000000000000000000 ) ) ;
#1993 = ORIENTED_EDGE ( 'NONE', *, *, #7014, .T. ) ;
#1994 = DIRECTION ( 'NONE',  ( 1.000000000000000000, 0.0000000000000000000, 0.0000000000000000000 ) ) ;
#1995 = CARTESIAN_POINT ( 'NONE',  ( 1.557526098239063295, 1.575759863147669027, -0.6400000000000001243 ) ) ;
#1996 = CARTESIAN_POINT ( 'NONE',  ( 8.181166715815530287E-06, 1.065449717618472070, 0.6400000000000000133 ) ) ;
#1997 = DIRECTION ( 'NONE',  ( 0.0000000000000000000, 0.0000000000000000000, 1.000000000000000000 ) ) ;
#1998 = EDGE_CURVE ( 'NONE', #6422, #2496, #618, .T. ) ;
#1999 = DIRECTION ( 'NONE',  ( -1.000000000000000000, 0.0000000000000000000, 0.0000000000000000000 ) ) ;
#2000 = CARTESIAN_POINT ( 'NONE',  ( 2.880000000000000338, 0.0000000000000000000, 3.850000000000000089 ) ) ;
#2001 = VERTEX_POINT ( 'NONE', #3453 ) ;
#2002 = DIRECTION ( 'NONE',  ( 0.0000000000000000000, -1.000000000000000000, 0.0000000000000000000 ) ) ;
#2003 = EDGE_LOOP ( 'NONE', ( #2353, #3230, #1210, #3585 ) ) ;
#2004 = PLANE ( 'NONE',  #2196 ) ;
#2005 = DIRECTION ( 'NONE',  ( 1.068179480281283965E-15, 0.0000000000000000000, 1.000000000000000000 ) ) ;
#2006 = CARTESIAN_POINT ( 'NONE',  ( 4.000000000000000000, 3.000000000000000000, 0.6500000000000000222 ) ) ;
#2007 =( NAMED_UNIT ( * ) SI_UNIT ( $, .STERADIAN. ) SOLID_ANGLE_UNIT ( ) );
#2008 = CARTESIAN_POINT ( 'NONE',  ( 1.214999999999999858, -9.368548013477249779E-17, 4.799999999999999822 ) ) ;
#2009 = DIRECTION ( 'NONE',  ( 1.000000000000000000, 0.0000000000000000000, 0.0000000000000000000 ) ) ;
#2010 = ORIENTED_EDGE ( 'NONE', *, *, #1981, .F. ) ;
#2011 = CARTESIAN_POINT ( 'NONE',  ( -0.6500000000000003553, 0.9999999999999850120, 7.960204194457799175E-17 ) ) ;
#2012 = ORIENTED_EDGE ( 'NONE', *, *, #2715, .T. ) ;
#2013 = PLANE ( 'NONE',  #5514 ) ;
#2014 = UNCERTAINTY_MEASURE_WITH_UNIT (LENGTH_MEASURE( 1.000000000000000082E-05 ), #6156, 'distance_accuracy_value', 'NONE');
#2015 = DIRECTION ( 'NONE',  ( 0.0000000000000000000, -1.000000000000000000, 0.0000000000000000000 ) ) ;
#2016 = DIRECTION ( 'NONE',  ( 1.000000000000000000, 1.110223024625158020E-16, -4.145813556225684543E-49 ) ) ;
#2017 = CARTESIAN_POINT ( 'NONE',  ( -0.8658904153896834766, 2.652181540480225586, 0.6400000000000001243 ) ) ;
#2018 = CARTESIAN_POINT ( 'NONE',  ( 0.0000000000000000000, 0.8333333333333369231, -0.6400000000000000133 ) ) ;
#2019 = ORIENTED_EDGE ( 'NONE', *, *, #720, .T. ) ;
#2020 = VECTOR ( 'NONE', #6666, 1000.000000000000000 ) ;
#2021 = DIRECTION ( 'NONE',  ( -1.885568995626964780E-16, -1.000000000000000000, 1.867108438696564983E-33 ) ) ;
#2022 =( BOUNDED_SURFACE ( )  B_SPLINE_SURFACE ( 3, 3, ( 
 ( #3969, #3527, #2910, #2878, #6294, #6188, #5086, #94, #5122, #5739, #1232, #2342, #1267, #4555, #126, #6773, #2370, #1777, #4485, #6224, #4584, #2942, #1815, #704, #6258, #5152, #4620, #6847, #1160, #3388, #5600, #884, #5297, #3013, #2546, #6944 ),
 ( #3124, #3628, #5878, #4216, #230, #5335, #842, #5774, #4106, #345, #5839, #1918, #2583, #6472, #1438, #1958, #773, #4183, #5191, #2466, #4756, #4145, #1367, #3661, #4789, #7015, #4716, #305, #808, #6981, #1333, #6400, #2035, #1404, #1480, #199 ),
 ( #6363, #3083, #3562, #5228, #4254, #4680, #6907, #3047, #2440, #4654, #3703, #740, #6325, #5255, #2978, #6875, #1881, #1995, #263, #3598, #2506, #5811, #425, #2620, #3308, #1597, #382, #5406, #5999, #6039, #4828, #2197, #4409, #4979, #501, #6626 ),
 ( #6511, #7166, #7202, #5445, #7052, #960, #4370, #536, #2075, #4293, #2661, #2771, #3742, #1523, #5958, #2232, #1632, #6657, #3855, #6545, #3821, #2153, #4444, #3200, #5517, #464, #1660, #4869, #5921, #7094, #1557, #925, #2116, #3783, #1007, #3241 ),
 ( #1079, #1048, #2696, #4900, #6589, #3163, #5368, #3276, #5481, #2731, #4940, #6075, #3487, #6839, #5594, #4035, #6769, #1804, #2365, #3382, #1258, #6214, #1698, #15, #6249, #3454, #5042, #5699, #2398, #4577, #85, #6146, #2335, #1115, #49, #667 ),
 ( #5664, #151, #2805, #4611, #2297, #699, #2902, #6800, #4514, #1152, #4550, #3348, #5115, #5557, #573, #6732, #2936, #4476, #6181, #5143, #1186, #3411, #632, #5015, #2260, #6694, #6693, #2152, #1078, #1697, #48, #463, #1114, #6074, #7129, #3307 ),
 ( #572, #4369, #3924, #6109, #6144, #1151, #3346, #3275, #2195, #5998, #1737, #2804, #1003, #3381, #600, #6588, #2836, #4512, #5516, #1595, #5480, #4442, #6731, #6038, #500, #2730, #5444, #4939, #7165, #4408, #6624, #3854, #2768, #4978, #7201, #1659 ) ),
 .UNSPECIFIED., .T., .F., .F. ) 
 B_SPLINE_SURFACE_WITH_KNOTS ( ( 4, 3, 4 ),
 ( 4, 2, 2, 2, 2, 2, 2, 2, 2, 2, 2, 2, 2, 2, 2, 2, 2, 4 ),
 ( 0.0000000000000000000, 0.5000000000000000000, 1.000000000000000000 ),
 ( 0.0000000000000000000, 0.08141210728258689577, 0.1221181609238803922, 0.1424711877445269947, 0.1628242145651740136, 0.1947946743342039988, 0.2267651341032335122, 0.2907060536412935381, 0.4185878927174130348, 0.5464697317935329757, 0.6104106513315920024, 0.6423811111006219043, 0.6743515708696520283, 0.6947045976902990194, 0.7150576245109458995, 0.7557636781522389935, 0.8371757854348259587, 1.000000000000000000 ),
 .UNSPECIFIED. ) 
 GEOMETRIC_REPRESENTATION_ITEM ( )  RATIONAL_B_SPLINE_SURFACE ( (
 ( 1.000000000000000000, 1.000000000000000000, 1.000000000000000000, 1.000000000000000000, 1.000000000000000000, 1.000000000000000000, 1.000000000000000000, 1.000000000000000000, 1.000000000000000000, 1.000000000000000000, 1.000000000000000000, 1.000000000000000000, 1.000000000000000000, 1.000000000000000000, 1.000000000000000000, 1.000000000000000000, 1.000000000000000000, 1.000000000000000000, 1.000000000000000000, 1.000000000000000000, 1.000000000000000000, 1.000000000000000000, 1.000000000000000000, 1.000000000000000000, 1.000000000000000000, 1.000000000000000000, 1.000000000000000000, 1.000000000000000000, 1.000000000000000000, 1.000000000000000000, 1.000000000000000000, 1.000000000000000000, 1.000000000000000000, 1.000000000000000000, 1.000000000000000000, 1.000000000000000000),
 ( 0.3333333333333335369, 0.3333333333333335369, 0.3333333333333335369, 0.3333333333333335369, 0.3333333333333335369, 0.3333333333333335369, 0.3333333333333335369, 0.3333333333333335369, 0.3333333333333335369, 0.3333333333333335369, 0.3333333333333335369, 0.3333333333333335369, 0.3333333333333335369, 0.3333333333333335369, 0.3333333333333335369, 0.3333333333333335369, 0.3333333333333335369, 0.3333333333333335369, 0.3333333333333335369, 0.3333333333333335369, 0.3333333333333335369, 0.3333333333333335369, 0.3333333333333335369, 0.3333333333333335369, 0.3333333333333335369, 0.3333333333333335369, 0.3333333333333335369, 0.3333333333333335369, 0.3333333333333335369, 0.3333333333333335369, 0.3333333333333335369, 0.3333333333333335369, 0.3333333333333335369, 0.3333333333333335369, 0.3333333333333335369, 0.3333333333333335369),
 ( 0.3333333333333335369, 0.3333333333333335369, 0.3333333333333335369, 0.3333333333333335369, 0.3333333333333335369, 0.3333333333333335369, 0.3333333333333335369, 0.3333333333333335369, 0.3333333333333335369, 0.3333333333333335369, 0.3333333333333335369, 0.3333333333333335369, 0.3333333333333335369, 0.3333333333333335369, 0.3333333333333335369, 0.3333333333333335369, 0.3333333333333335369, 0.3333333333333335369, 0.3333333333333335369, 0.3333333333333335369, 0.3333333333333335369, 0.3333333333333335369, 0.3333333333333335369, 0.3333333333333335369, 0.3333333333333335369, 0.3333333333333335369, 0.3333333333333335369, 0.3333333333333335369, 0.3333333333333335369, 0.3333333333333335369, 0.3333333333333335369, 0.3333333333333335369, 0.3333333333333335369, 0.3333333333333335369, 0.3333333333333335369, 0.3333333333333335369),
 ( 1.000000000000000000, 1.000000000000000000, 1.000000000000000000, 1.000000000000000000, 1.000000000000000000, 1.000000000000000000, 1.000000000000000000, 1.000000000000000000, 1.000000000000000000, 1.000000000000000000, 1.000000000000000000, 1.000000000000000000, 1.000000000000000000, 1.000000000000000000, 1.000000000000000000, 1.000000000000000000, 1.000000000000000000, 1.000000000000000000, 1.000000000000000000, 1.000000000000000000, 1.000000000000000000, 1.000000000000000000, 1.000000000000000000, 1.000000000000000000, 1.000000000000000000, 1.000000000000000000, 1.000000000000000000, 1.000000000000000000, 1.000000000000000000, 1.000000000000000000, 1.000000000000000000, 1.000000000000000000, 1.000000000000000000, 1.000000000000000000, 1.000000000000000000, 1.000000000000000000),
 ( 0.3333333333333335369, 0.3333333333333335369, 0.3333333333333335369, 0.3333333333333335369, 0.3333333333333335369, 0.3333333333333335369, 0.3333333333333335369, 0.3333333333333335369, 0.3333333333333335369, 0.3333333333333335369, 0.3333333333333335369, 0.3333333333333335369, 0.3333333333333335369, 0.3333333333333335369, 0.3333333333333335369, 0.3333333333333335369, 0.3333333333333335369, 0.3333333333333335369, 0.3333333333333335369, 0.3333333333333335369, 0.3333333333333335369, 0.3333333333333335369, 0.3333333333333335369, 0.3333333333333335369, 0.3333333333333335369, 0.3333333333333335369, 0.3333333333333335369, 0.3333333333333335369, 0.3333333333333335369, 0.3333333333333335369, 0.3333333333333335369, 0.3333333333333335369, 0.3333333333333335369, 0.3333333333333335369, 0.3333333333333335369, 0.3333333333333335369),
 ( 0.3333333333333335369, 0.3333333333333335369, 0.3333333333333335369, 0.3333333333333335369, 0.3333333333333335369, 0.3333333333333335369, 0.3333333333333335369, 0.3333333333333335369, 0.3333333333333335369, 0.3333333333333335369, 0.3333333333333335369, 0.3333333333333335369, 0.3333333333333335369, 0.3333333333333335369, 0.3333333333333335369, 0.3333333333333335369, 0.3333333333333335369, 0.3333333333333335369, 0.3333333333333335369, 0.3333333333333335369, 0.3333333333333335369, 0.3333333333333335369, 0.3333333333333335369, 0.3333333333333335369, 0.3333333333333335369, 0.3333333333333335369, 0.3333333333333335369, 0.3333333333333335369, 0.3333333333333335369, 0.3333333333333335369, 0.3333333333333335369, 0.3333333333333335369, 0.3333333333333335369, 0.3333333333333335369, 0.3333333333333335369, 0.3333333333333335369),
 ( 1.000000000000000000, 1.000000000000000000, 1.000000000000000000, 1.000000000000000000, 1.000000000000000000, 1.000000000000000000, 1.000000000000000000, 1.000000000000000000, 1.000000000000000000, 1.000000000000000000, 1.000000000000000000, 1.000000000000000000, 1.000000000000000000, 1.000000000000000000, 1.000000000000000000, 1.000000000000000000, 1.000000000000000000, 1.000000000000000000, 1.000000000000000000, 1.000000000000000000, 1.000000000000000000, 1.000000000000000000, 1.000000000000000000, 1.000000000000000000, 1.000000000000000000, 1.000000000000000000, 1.000000000000000000, 1.000000000000000000, 1.000000000000000000, 1.000000000000000000, 1.000000000000000000, 1.000000000000000000, 1.000000000000000000, 1.000000000000000000, 1.000000000000000000, 1.000000000000000000) ) ) 
 REPRESENTATION_ITEM ( '' )  SURFACE ( )  );
#2023 = ORIENTED_EDGE ( 'NONE', *, *, #4206, .F. ) ;
#2024 = EDGE_LOOP ( 'NONE', ( #7185, #5926, #457, #4589, #286, #5986 ) ) ;
#2025 = CARTESIAN_POINT ( 'NONE',  ( 2.333333333333300175, 3.000000000000000000, -0.6400000000000000133 ) ) ;
#2026 = VECTOR ( 'NONE', #4790, 1000.000000000000000 ) ;
#2027 = DIRECTION ( 'NONE',  ( 0.9578262852211522071, -0.2873478855663425535, 9.109450344741179795E-17 ) ) ;
#2028 = CYLINDRICAL_SURFACE ( 'NONE', #1734, 0.5000000000000000000 ) ;
#2029 = DIRECTION ( 'NONE',  ( -2.990902544787600071E-16, 0.0000000000000000000, -1.000000000000000000 ) ) ;
#2030 = ORIENTED_EDGE ( 'NONE', *, *, #718, .T. ) ;
#2031 = EDGE_CURVE ( 'NONE', #593, #7134, #5622, .T. ) ;
#2032 = EDGE_CURVE ( 'NONE', #5384, #3948, #5317, .T. ) ;
#2033 = CARTESIAN_POINT ( 'NONE',  ( -1.250000000000000000, 6.299999999999999822, 2.949999999999999734 ) ) ;
#2034 = ADVANCED_FACE ( 'NONE', ( #1841 ), #3995, .T. ) ;
#2035 = CARTESIAN_POINT ( 'NONE',  ( 2.833333333333285520, 1.720000000000000639, 0.6400000000000001243 ) ) ;
#2036 = LINE ( 'NONE', #5879, #2026 ) ;
#2037 = DIRECTION ( 'NONE',  ( 0.0000000000000000000, 1.000000000000000000, 0.0000000000000000000 ) ) ;
#2038 = CARTESIAN_POINT ( 'NONE',  ( 4.000000000000000000, 3.000000000000000000, 0.6400000000000000133 ) ) ;
#2039 = VECTOR ( 'NONE', #5047, 1000.000000000000000 ) ;
#2040 = VECTOR ( 'NONE', #6527, 1000.000000000000000 ) ;
#2041 = FACE_OUTER_BOUND ( 'NONE', #4335, .T. ) ;
#2042 = ORIENTED_EDGE ( 'NONE', *, *, #421, .T. ) ;
#2043 = CARTESIAN_POINT ( 'NONE',  ( -2.550000000000000266, 0.2999999999999999889, -0.5699999999999999512 ) ) ;
#2044 = EDGE_CURVE ( 'NONE', #6018, #2849, #3963, .T. ) ;
#2045 = LINE ( 'NONE', #2082, #6479 ) ;
#2046 = SHAPE_DEFINITION_REPRESENTATION ( #6089, #4453 ) ;
#2047 = CARTESIAN_POINT ( 'NONE',  ( -2.850000000000000089, 0.0000000000000000000, 0.8699999999999999956 ) ) ;
#2048 = AXIS2_PLACEMENT_3D ( 'NONE', #4807, #484, #2176 ) ;
#2049 = DIRECTION ( 'NONE',  ( -3.242291330675300071E-16, 0.0000000000000000000, 1.000000000000000000 ) ) ;
#2050 = SHAPE_REPRESENTATION_RELATIONSHIP ( 'NONE' , 'NONE' ,  #5256, #6317 ) ;
#2051 = LINE ( 'NONE', #5559, #5156 ) ;
#2052 = MECHANICAL_DESIGN_GEOMETRIC_PRESENTATION_REPRESENTATION (  '', ( #1111 ), #3911 ) ;
#2053 = CARTESIAN_POINT ( 'NONE',  ( -5.421010862427519705E-17, 0.7916666666666679619, 0.6400000000000000133 ) ) ;
#2054 = VERTEX_POINT ( 'NONE', #5662 ) ;
#2055 = EDGE_CURVE ( 'NONE', #4780, #5390, #6180, .T. ) ;
#2056 = DIRECTION ( 'NONE',  ( 0.0000000000000000000, 0.0000000000000000000, 1.000000000000000000 ) ) ;
#2057 = ORIENTED_EDGE ( 'NONE', *, *, #5770, .F. ) ;
#2058 = DIRECTION ( 'NONE',  ( -1.000000000000000000, 0.0000000000000000000, 0.0000000000000000000 ) ) ;
#2059 = DIRECTION ( 'NONE',  ( 0.0000000000000000000, 0.0000000000000000000, -1.000000000000000000 ) ) ;
#2060 = VECTOR ( 'NONE', #1839, 1000.000000000000000 ) ;
#2061 = FACE_OUTER_BOUND ( 'NONE', #2129, .T. ) ;
#2062 = CARTESIAN_POINT ( 'NONE',  ( 2.833333333333285520, 1.720000000000000639, -0.6400000000000001243 ) ) ;
#2063 = VERTEX_POINT ( 'NONE', #666 ) ;
#2064 = CARTESIAN_POINT ( 'NONE',  ( -1.150000000000000133, 0.9999999999999852340, 1.408343819019456028E-16 ) ) ;
#2065 = ORIENTED_EDGE ( 'NONE', *, *, #4358, .F. ) ;
#2066 = ORIENTED_EDGE ( 'NONE', *, *, #237, .F. ) ;
#2067 = CARTESIAN_POINT ( 'NONE',  ( 1.280002945220024335, 1.044505849366581751, -0.6400000000000001243 ) ) ;
#2068 = AXIS2_PLACEMENT_3D ( 'NONE', #4457, #1750, #4560 ) ;
#2069 = FACE_OUTER_BOUND ( 'NONE', #410, .T. ) ;
#2070 = CARTESIAN_POINT ( 'NONE',  ( 2.000000000000000000, 3.000000000000000000, 0.0000000000000000000 ) ) ;
#2071 = CARTESIAN_POINT ( 'NONE',  ( 3.959999999999999964, 0.0000000000000000000, -1.500000000000000000 ) ) ;
#2072 = ORIENTED_EDGE ( 'NONE', *, *, #2755, .T. ) ;
#2073 = VECTOR ( 'NONE', #3626, 1000.000000000000000 ) ;
#2074 = PLANE ( 'NONE',  #3690 ) ;
#2075 = CARTESIAN_POINT ( 'NONE',  ( -5.208292492328140610E-06, 0.9583334156682049576, -0.6400000000000000133 ) ) ;
#2076 = CARTESIAN_POINT ( 'NONE',  ( 0.0000000000000000000, 0.0000000000000000000, 0.0000000000000000000 ) ) ;
#2077 = VECTOR ( 'NONE', #800, 1000.000000000000000 ) ;
#2078 = DIRECTION ( 'NONE',  ( -0.0000000000000000000, 1.000000000000000000, 0.0000000000000000000 ) ) ;
#2079 = EDGE_CURVE ( 'NONE', #6821, #3808, #2901, .T. ) ;
#2080 = ORIENTED_EDGE ( 'NONE', *, *, #3468, .F. ) ;
#2081 = LINE ( 'NONE', #4441, #4830 ) ;
#2082 = CARTESIAN_POINT ( 'NONE',  ( 1.149999999999999689, 0.9999999999999850120, 0.0000000000000000000 ) ) ;
#2083 = ITEM_DEFINED_TRANSFORMATION ( 'NONE', 'NONE', #1616,  #6501 ) ;
#2084 = AXIS2_PLACEMENT_3D ( 'NONE', #280, #7030, #786 ) ;
#2085 = CYLINDRICAL_SURFACE ( 'NONE', #1677, 0.6500000000000000222 ) ;
#2086 = DIRECTION ( 'NONE',  ( 1.000000000000000000, -1.110223024625155924E-16, 0.0000000000000000000 ) ) ;
#2087 = SURFACE_STYLE_FILL_AREA ( #6667 ) ;
#2088 = CARTESIAN_POINT ( 'NONE',  ( 2.550000000000000266, 0.2999999999999999889, -0.5699999999999999512 ) ) ;
#2089 = EDGE_CURVE ( 'NONE', #2884, #207, #120, .T. ) ;
#2090 = EDGE_CURVE ( 'NONE', #4131, #506, #3539, .T. ) ;
#2091 =( GEOMETRIC_REPRESENTATION_CONTEXT ( 3 ) GLOBAL_UNCERTAINTY_ASSIGNED_CONTEXT ( ( #2014 ) ) GLOBAL_UNIT_ASSIGNED_CONTEXT ( ( #6156, #6706, #6190 ) ) REPRESENTATION_CONTEXT ( 'NONE', 'WORKASPACE' ) );
#2092 = VECTOR ( 'NONE', #2501, 1000.000000000000114 ) ;
#2093 = PLANE ( 'NONE',  #2969 ) ;
#2094 = ORIENTED_EDGE ( 'NONE', *, *, #3149, .T. ) ;
#2095 = LINE ( 'NONE', #7035, #4715 ) ;
#2096 = EDGE_LOOP ( 'NONE', ( #4907, #5350, #1393, #824, #2288, #6425, #3912, #4805 ) ) ;
#2097 = DIRECTION ( 'NONE',  ( 0.9826241016603984857, 0.0000000000000000000, -0.1856067747580756044 ) ) ;
#2098 = LINE ( 'NONE', #4773, #4247 ) ;
#2099 = DIRECTION ( 'NONE',  ( 0.0000000000000000000, -1.000000000000000000, 9.227252531791520216E-16 ) ) ;
#2100 = AXIS2_PLACEMENT_3D ( 'NONE', #2215, #7115, #4389 ) ;
#2101 = CARTESIAN_POINT ( 'NONE',  ( 1.469999999999999973, 12.40000000000000036, 3.449999999999999734 ) ) ;
#2102 = CARTESIAN_POINT ( 'NONE',  ( 2.666666666666638541, 4.279999999999995808, 0.6400000000000001243 ) ) ;
#2103 = CARTESIAN_POINT ( 'NONE',  ( 2.666666666666639873, 3.000000000000000000, -0.6400000000000000133 ) ) ;
#2104 = EDGE_CURVE ( 'NONE', #3499, #4780, #5938, .T. ) ;
#2105 = ORIENTED_EDGE ( 'NONE', *, *, #6661, .F. ) ;
#2106 = VERTEX_POINT ( 'NONE', #1503 ) ;
#2107 = DIRECTION ( 'NONE',  ( 1.000000000000000000, 0.0000000000000000000, 0.0000000000000000000 ) ) ;
#2108 = ORIENTED_EDGE ( 'NONE', *, *, #3044, .T. ) ;
#2109 = VERTEX_POINT ( 'NONE', #4806 ) ;
#2110 = DIRECTION ( 'NONE',  ( 0.0000000000000000000, 1.000000000000000000, 0.0000000000000000000 ) ) ;
#2111 = CARTESIAN_POINT ( 'NONE',  ( 2.000000000000000000, 1.000000000000000000, 0.0000000000000000000 ) ) ;
#2112 = DIRECTION ( 'NONE',  ( 0.0000000000000000000, 1.000000000000000000, 0.0000000000000000000 ) ) ;
#2113 = CARTESIAN_POINT ( 'NONE',  ( -1.469999999999999973, 12.40000000000000036, 2.949999999999999734 ) ) ;
#2114 = ORIENTED_EDGE ( 'NONE', *, *, #6309, .F. ) ;
#2115 = CARTESIAN_POINT ( 'NONE',  ( -1.820000000000000062, 3.649999999999999911, -2.819999999999999840 ) ) ;
#2116 = CARTESIAN_POINT ( 'NONE',  ( 2.833333333333285076, 3.000000000000000000, -0.6400000000000000133 ) ) ;
#2117 = LINE ( 'NONE', #3706, #4977 ) ;
#2118 = DIRECTION ( 'NONE',  ( 0.0000000000000000000, 1.000000000000000000, 0.0000000000000000000 ) ) ;
#2119 = LINE ( 'NONE', #6593, #977 ) ;
#2120 = ORIENTED_EDGE ( 'NONE', *, *, #5643, .F. ) ;
#2121 = PLANE ( 'NONE',  #1240 ) ;
#2122 = SHAPE_DEFINITION_REPRESENTATION ( #6737, #5256 ) ;
#2123 = DIRECTION ( 'NONE',  ( 0.0000000000000000000, 1.000000000000000000, -1.867108438696554720E-33 ) ) ;
#2124 = LINE ( 'NONE', #2164, #2604 ) ;
#2125 = CARTESIAN_POINT ( 'NONE',  ( 0.0000000000000000000, -3.700000000000000178, 0.0000000000000000000 ) ) ;
#2126 = CARTESIAN_POINT ( 'NONE',  ( 2.666666666666639873, 3.000000000000000000, 0.6400000000000000133 ) ) ;
#2127 = ORIENTED_EDGE ( 'NONE', *, *, #5844, .T. ) ;
#2128 = DIRECTION ( 'NONE',  ( 0.2761723853694945108, -0.9205746178983248429, 0.2761723853694945108 ) ) ;
#2129 = EDGE_LOOP ( 'NONE', ( #5987, #4330, #3877, #5107, #6424, #5157, #5395, #6867 ) ) ;
#2130 = ADVANCED_FACE ( 'NONE', ( #3762 ), #7146, .F. ) ;
#2131 = CARTESIAN_POINT ( 'NONE',  ( 0.4500000000000000111, 12.40000000000000036, 2.949999999999999734 ) ) ;
#2132 = LINE ( 'NONE', #5537, #3212 ) ;
#2133 = EDGE_CURVE ( 'NONE', #2284, #804, #2175, .T. ) ;
#2134 = EDGE_CURVE ( 'NONE', #3130, #5534, #5425, .T. ) ;
#2135 = FACE_OUTER_BOUND ( 'NONE', #4092, .T. ) ;
#2136 = CARTESIAN_POINT ( 'NONE',  ( 2.333333333333300175, 3.000000000000000000, 0.6400000000000000133 ) ) ;
#2137 = CARTESIAN_POINT ( 'NONE',  ( 2.333333333333300175, 3.000000000000000000, -0.6400000000000000133 ) ) ;
#2138 = VERTEX_POINT ( 'NONE', #2712 ) ;
#2139 = EDGE_LOOP ( 'NONE', ( #4659, #2894, #2563, #3573, #6391 ) ) ;
#2140 = DIRECTION ( 'NONE',  ( 1.000000000000000000, 0.0000000000000000000, 0.0000000000000000000 ) ) ;
#2141 = ORIENTED_EDGE ( 'NONE', *, *, #3635, .T. ) ;
#2142 = EDGE_CURVE ( 'NONE', #3485, #923, #940, .T. ) ;
#2143 = ORIENTED_EDGE ( 'NONE', *, *, #2354, .T. ) ;
#2144 = CARTESIAN_POINT ( 'NONE',  ( 1.424240136852308325, 1.442473901760956023, -0.6400000000000001243 ) ) ;
#2145 = CARTESIAN_POINT ( 'NONE',  ( 2.833333333333289517, 3.000000000000000000, -0.6400000000000000133 ) ) ;
#2146 = DIRECTION ( 'NONE',  ( 5.697340647455880092E-65, -1.867108438696574904E-33, 1.000000000000000000 ) ) ;
#2147 = CARTESIAN_POINT ( 'NONE',  ( -2.550000000000000266, 0.2999999999999999889, -0.5699999999999999512 ) ) ;
#2148 = VECTOR ( 'NONE', #2816, 1000.000000000000000 ) ;
#2149 = DIRECTION ( 'NONE',  ( -1.000000000000000000, 0.0000000000000000000, 0.0000000000000000000 ) ) ;
#2150 = VERTEX_POINT ( 'NONE', #444 ) ;
#2151 = ORIENTED_EDGE ( 'NONE', *, *, #3161, .F. ) ;
#2152 = CARTESIAN_POINT ( 'NONE',  ( 2.166666666666661634, 4.279999999999995808, 0.6400000000000001243 ) ) ;
#2153 = CARTESIAN_POINT ( 'NONE',  ( 1.674172195825665010, 2.974365374686354979, -0.6400000000000000133 ) ) ;
#2154 = CARTESIAN_POINT ( 'NONE',  ( 1.279999999999998694, 0.6666666666666656305, 0.6400000000000001243 ) ) ;
#2155 = DIRECTION ( 'NONE',  ( 0.0000000000000000000, 0.0000000000000000000, -1.000000000000000000 ) ) ;
#2156 = LINE ( 'NONE', #4333, #3937 ) ;
#2157 = EDGE_LOOP ( 'NONE', ( #6142, #3290, #4591 ) ) ;
#2158 = DIRECTION ( 'NONE',  ( 0.0000000000000000000, -1.000000000000000000, 0.0000000000000000000 ) ) ;
#2159 = EDGE_LOOP ( 'NONE', ( #3288, #3721, #5525, #45 ) ) ;
#2160 = AXIS2_PLACEMENT_3D ( 'NONE', #3214, #2809, #5018 ) ;
#2161 = CARTESIAN_POINT ( 'NONE',  ( 0.4830508474576289957, -2.989830508474564663, -0.4830508474576289957 ) ) ;
#2162 = APPLICATION_PROTOCOL_DEFINITION ( 'draft international standard', 'automotive_design', 1998, #6110 ) ;
#2163 = CARTESIAN_POINT ( 'NONE',  ( -2.490000000000000213, 12.40000000000000036, 3.449999999999999734 ) ) ;
#2164 = CARTESIAN_POINT ( 'NONE',  ( -1.820000000000000062, 2.200000000000000178, -4.597157890324959695 ) ) ;
#2165 = AXIS2_PLACEMENT_3D ( 'NONE', #91, #3892, #2339 ) ;
#2166 = AXIS2_PLACEMENT_3D ( 'NONE', #2111, #2146, #2655 ) ;
#2167 = SURFACE_STYLE_USAGE ( .BOTH. , #5969 ) ;
#2168 = EDGE_CURVE ( 'NONE', #4455, #1159, #5386, .T. ) ;
#2169 = CARTESIAN_POINT ( 'NONE',  ( 2.208333333333344584, 3.000000000000000000, 0.6400000000000000133 ) ) ;
#2170 = AXIS2_PLACEMENT_3D ( 'NONE', #5532, #3973, #4423 ) ;
#2171 = EDGE_LOOP ( 'NONE', ( #1562, #1093, #2385, #5027 ) ) ;
#2172 = MECHANICAL_DESIGN_GEOMETRIC_PRESENTATION_REPRESENTATION (  '', ( #733 ), #1916 ) ;
#2173 = DIRECTION ( 'NONE',  ( -0.0000000000000000000, 1.000000000000000000, 0.0000000000000000000 ) ) ;
#2174 = ORIENTED_EDGE ( 'NONE', *, *, #2581, .T. ) ;
#2175 = LINE ( 'NONE', #5900, #4010 ) ;
#2176 = DIRECTION ( 'NONE',  ( 0.0000000000000000000, 0.0000000000000000000, -1.000000000000000000 ) ) ;
#2177 = LINE ( 'NONE', #3223, #574 ) ;
#2178 = CARTESIAN_POINT ( 'NONE',  ( 3.666666666667149688, 4.279999999999995808, -0.6400000000000001243 ) ) ;
#2179 = EDGE_CURVE ( 'NONE', #1840, #5233, #4348, .T. ) ;
#2180 = ADVANCED_FACE ( 'NONE', ( #6562 ), #7111, .F. ) ;
#2181 = CARTESIAN_POINT ( 'NONE',  ( 2.833333333333285520, 1.720000000000000639, -0.6400000000000001243 ) ) ;
#2182 = LINE ( 'NONE', #2721, #2642 ) ;
#2183 = ORIENTED_EDGE ( 'NONE', *, *, #2574, .F. ) ;
#2184 = AXIS2_PLACEMENT_3D ( 'NONE', #3692, #3297, #3152 ) ;
#2185 = CARTESIAN_POINT ( 'NONE',  ( 1.281156889454226677, 1.047106909755452397, 0.6400000000000001243 ) ) ;
#2186 = DIRECTION ( 'NONE',  ( 1.000000000000000000, 0.0000000000000000000, 0.0000000000000000000 ) ) ;
#2187 = DIRECTION ( 'NONE',  ( 1.000000000000000000, 0.0000000000000000000, 0.0000000000000000000 ) ) ;
#2188 = DIRECTION ( 'NONE',  ( 0.0000000000000000000, 0.0000000000000000000, 1.000000000000000000 ) ) ;
#2189 = AXIS2_PLACEMENT_3D ( 'NONE', #1024, #3257, #2056 ) ;
#2190 = ADVANCED_FACE ( 'NONE', ( #3802 ), #2013, .F. ) ;
#2191 = ADVANCED_FACE ( 'NONE', ( #907 ), #483, .F. ) ;
#2192 = LINE ( 'NONE', #4404, #1104 ) ;
#2193 = ORIENTED_EDGE ( 'NONE', *, *, #2315, .T. ) ;
#2194 = ORIENTED_EDGE ( 'NONE', *, *, #4692, .F. ) ;
#2195 = CARTESIAN_POINT ( 'NONE',  ( -5.208292492436559980E-06, 0.9583334156682049576, 0.6400000000000000133 ) ) ;
#2196 = AXIS2_PLACEMENT_3D ( 'NONE', #6442, #6008, #1450 ) ;
#2197 = CARTESIAN_POINT ( 'NONE',  ( 2.666666666666638541, 1.720000000000000639, -0.6400000000000001243 ) ) ;
#2198 = CARTESIAN_POINT ( 'NONE',  ( 2.083333333333345028, 3.000000000000000000, 0.6400000000000000133 ) ) ;
#2199 = DIRECTION ( 'NONE',  ( 1.000000000000000000, 0.0000000000000000000, 4.336808689942015271E-16 ) ) ;
#2200 = DIRECTION ( 'NONE',  ( 0.0000000000000000000, 0.0000000000000000000, -1.000000000000000000 ) ) ;
#2201 = ADVANCED_FACE ( 'NONE', ( #2640 ), #4849, .F. ) ;
#2202 = VERTEX_POINT ( 'NONE', #3129 ) ;
#2203 = CARTESIAN_POINT ( 'NONE',  ( 4.000000000000000000, 3.000000000000000000, -1.149999999999999911 ) ) ;
#2204 = ORIENTED_EDGE ( 'NONE', *, *, #3822, .T. ) ;
#2205 = LINE ( 'NONE', #3864, #1353 ) ;
#2206 = DIRECTION ( 'NONE',  ( 1.000000000000000000, 0.0000000000000000000, 3.614007241618350250E-16 ) ) ;
#2207 = DIRECTION ( 'NONE',  ( 0.0000000000000000000, 1.000000000000000000, 0.0000000000000000000 ) ) ;
#2208 =( LENGTH_UNIT ( ) NAMED_UNIT ( * ) SI_UNIT ( .MILLI., .METRE. ) );
#2209 = CARTESIAN_POINT ( 'NONE',  ( 0.4006670468120259732, 2.229094171558219983, 0.6400000000000000133 ) ) ;
#2210 = VECTOR ( 'NONE', #1559, 1000.000000000000000 ) ;
#2211 = ORIENTED_EDGE ( 'NONE', *, *, #3024, .T. ) ;
#2212 = CARTESIAN_POINT ( 'NONE',  ( -1.820000000000000062, 6.779999999999999361, -2.861285051386784684 ) ) ;
#2213 = VERTEX_POINT ( 'NONE', #2000 ) ;
#2214 = CARTESIAN_POINT ( 'NONE',  ( 0.6499999999999994671, 0.9999999999999847899, 9.335542193482691491E-34 ) ) ;
#2215 = CARTESIAN_POINT ( 'NONE',  ( -2.609999999999999876, 12.59999999999999964, 4.349999999999999645 ) ) ;
#2216 = CARTESIAN_POINT ( 'NONE',  ( 4.009999999999999787, 13.40000000000000036, -1.909999999999999920 ) ) ;
#2217 = CARTESIAN_POINT ( 'NONE',  ( -1.279999999999998694, 0.9166666666666598573, -0.6400000000000001243 ) ) ;
#2218 = ORIENTED_EDGE ( 'NONE', *, *, #5319, .F. ) ;
#2219 = LINE ( 'NONE', #5035, #5655 ) ;
#2220 = EDGE_LOOP ( 'NONE', ( #6524, #1446, #6096, #3709, #4963 ) ) ;
#2221 = VECTOR ( 'NONE', #1627, 1000.000000000000000 ) ;
#2222 = EDGE_CURVE ( 'NONE', #7006, #4492, #5843, .T. ) ;
#2223 = ORIENTED_EDGE ( 'NONE', *, *, #2267, .T. ) ;
#2224 =( REPRESENTATION_RELATIONSHIP ('NONE','NONE', #239, #4453 ) REPRESENTATION_RELATIONSHIP_WITH_TRANSFORMATION ( #2341 )SHAPE_REPRESENTATION_RELATIONSHIP( ) );
#2225 = CARTESIAN_POINT ( 'NONE',  ( 1.280002945220024335, 1.044505849366581751, 0.6400000000000001243 ) ) ;
#2226 = LINE ( 'NONE', #3341, #5681 ) ;
#2227 = CARTESIAN_POINT ( 'NONE',  ( -1.820000000000000062, 8.224999999999999645, -3.035000000000000142 ) ) ;
#2228 = ORIENTED_EDGE ( 'NONE', *, *, #1354, .T. ) ;
#2229 = FACE_OUTER_BOUND ( 'NONE', #7188, .T. ) ;
#2230 = FACE_OUTER_BOUND ( 'NONE', #1676, .T. ) ;
#2231 = EDGE_CURVE ( 'NONE', #4929, #1285, #5196, .T. ) ;
#2232 = CARTESIAN_POINT ( 'NONE',  ( 0.2525058442745775067, 2.007427768585499983, -0.6400000000000000133 ) ) ;
#2233 = ADVANCED_FACE ( 'NONE', ( #3018 ), #5339, .T. ) ;
#2234 = CARTESIAN_POINT ( 'NONE',  ( -3.459999999999999964, 9.400000000000000355, -2.000000000000000000 ) ) ;
#2235 = PLANE ( 'NONE',  #5560 ) ;
#2236 = ORIENTED_EDGE ( 'NONE', *, *, #6085, .F. ) ;
#2237 = DIRECTION ( 'NONE',  ( -1.000000000000000000, 0.0000000000000000000, 0.0000000000000000000 ) ) ;
#2238 = ORIENTED_EDGE ( 'NONE', *, *, #4631, .F. ) ;
#2239 = CARTESIAN_POINT ( 'NONE',  ( -1.469999999999999973, 12.40000000000000036, 3.449999999999999734 ) ) ;
#2240 = DIRECTION ( 'NONE',  ( -2.590197584029595383E-16, 0.0000000000000000000, 1.000000000000000000 ) ) ;
#2241 = ADVANCED_FACE ( 'NONE', ( #6329 ), #4794, .F. ) ;
#2242 = CARTESIAN_POINT ( 'NONE',  ( 1.820000000000000062, 8.224999999999999645, -3.660000000000000142 ) ) ;
#2243 = SHAPE_REPRESENTATION_RELATIONSHIP ( 'NONE' , 'NONE' ,  #2952, #55 ) ;
#2244 = CARTESIAN_POINT ( 'NONE',  ( 4.000000000000000000, 3.000000000000000000, 0.6500000000000000222 ) ) ;
#2245 = ORIENTED_EDGE ( 'NONE', *, *, #5689, .F. ) ;
#2246 = DIRECTION ( 'NONE',  ( 1.000000000000000000, 0.0000000000000000000, 0.0000000000000000000 ) ) ;
#2247 = ORIENTED_EDGE ( 'NONE', *, *, #5227, .T. ) ;
#2248 = FACE_OUTER_BOUND ( 'NONE', #876, .T. ) ;
#2249 = LINE ( 'NONE', #3363, #6387 ) ;
#2250 = FACE_OUTER_BOUND ( 'NONE', #1758, .T. ) ;
#2251 = ORIENTED_EDGE ( 'NONE', *, *, #7152, .T. ) ;
#2252 = CARTESIAN_POINT ( 'NONE',  ( 2.208333333333345916, 4.279999999999995808, -0.6400000000000001243 ) ) ;
#2253 = ORIENTED_EDGE ( 'NONE', *, *, #6123, .T. ) ;
#2254 = CARTESIAN_POINT ( 'NONE',  ( 1.214999999999999858, -9.368548013477249779E-17, -3.290000000000000036 ) ) ;
#2255 = ORIENTED_EDGE ( 'NONE', *, *, #4306, .T. ) ;
#2256 = CARTESIAN_POINT ( 'NONE',  ( -1.279999999999998694, 0.1666666666666654917, -0.6400000000000001243 ) ) ;
#2257 = DIRECTION ( 'NONE',  ( 1.000000000000000000, -1.885568995626964287E-16, 0.0000000000000000000 ) ) ;
#2258 = CARTESIAN_POINT ( 'NONE',  ( 4.009999999999999787, 13.40000000000000036, 3.350000000000000089 ) ) ;
#2259 = ORIENTED_EDGE ( 'NONE', *, *, #6844, .T. ) ;
#2260 = CARTESIAN_POINT ( 'NONE',  ( 1.913606414129572775, 4.279986582886588842, 0.6400000000000001243 ) ) ;
#2261 = DIRECTION ( 'NONE',  ( 1.068179480281283965E-15, 0.0000000000000000000, 1.000000000000000000 ) ) ;
#2262 = CARTESIAN_POINT ( 'NONE',  ( -1.409999999999999920, 0.2999999999999999889, 0.5699999999999999512 ) ) ;
#2263 = DIRECTION ( 'NONE',  ( 0.0000000000000000000, 0.0000000000000000000, 1.000000000000000000 ) ) ;
#2264 = PRODUCT ( 'A3963WV-2P.STEP', 'A3963WV-2P.STEP', '', ( #933 ) ) ;
#2265 = PLANE ( 'NONE',  #521 ) ;
#2266 = ADVANCED_FACE ( 'NONE', ( #2473 ), #6985, .F. ) ;
#2267 = EDGE_CURVE ( 'NONE', #3219, #6550, #6367, .T. ) ;
#2268 = EDGE_CURVE ( 'NONE', #4492, #6143, #6882, .T. ) ;
#2269 = CARTESIAN_POINT ( 'NONE',  ( -1.820000000000000062, 11.90000000000000036, -3.660000000000000142 ) ) ;
#2270 = LINE ( 'NONE', #3866, #4801 ) ;
#2271 = AXIS2_PLACEMENT_3D ( 'NONE', #4191, #897, #5236 ) ;
#2272 = EDGE_CURVE ( 'NONE', #2606, #5599, #5650, .T. ) ;
#2273 = CARTESIAN_POINT ( 'NONE',  ( 2.333333333333300175, 3.000000000000000000, 0.6400000000000000133 ) ) ;
#2274 = ORIENTED_EDGE ( 'NONE', *, *, #4951, .F. ) ;
#2275 = LINE ( 'NONE', #4494, #4040 ) ;
#2276 = EDGE_LOOP ( 'NONE', ( #6063, #6522, #6729, #647 ) ) ;
#2277 = VECTOR ( 'NONE', #1771, 1000.000000000000000 ) ;
#2278 = LINE ( 'NONE', #2713, #4823 ) ;
#2279 = CARTESIAN_POINT ( 'NONE',  ( -1.409999999999999920, 3.200000000000000178, -0.5699999999999999512 ) ) ;
#2280 = DIRECTION ( 'NONE',  ( 0.0000000000000000000, 0.0000000000000000000, -1.000000000000000000 ) ) ;
#2281 = VECTOR ( 'NONE', #3178, 1000.000000000000000 ) ;
#2282 = ADVANCED_FACE ( 'NONE', ( #3051 ), #3667, .F. ) ;
#2283 = CARTESIAN_POINT ( 'NONE',  ( 1.355663587197480036, 2.897891519671150107, -0.6400000000000000133 ) ) ;
#2284 = VERTEX_POINT ( 'NONE', #1963 ) ;
#2285 = CARTESIAN_POINT ( 'NONE',  ( 2.000000000000000000, 1.000000000000000000, -1.408343819019456028E-16 ) ) ;
#2286 = ORIENTED_EDGE ( 'NONE', *, *, #5621, .T. ) ;
#2287 = AXIS2_PLACEMENT_3D ( 'NONE', #902, #3798, #1458 ) ;
#2288 = ORIENTED_EDGE ( 'NONE', *, *, #4621, .T. ) ;
#2289 = AXIS2_PLACEMENT_3D ( 'NONE', #1614, #3839, #3291 ) ;
#2290 = CARTESIAN_POINT ( 'NONE',  ( 5.421010862427519705E-17, 0.3333333333333330373, -0.6400000000000000133 ) ) ;
#2291 = DIRECTION ( 'NONE',  ( 0.0000000000000000000, 0.0000000000000000000, -1.000000000000000000 ) ) ;
#2292 = CARTESIAN_POINT ( 'NONE',  ( 0.0000000000000000000, 0.0000000000000000000, 0.6400000000000000133 ) ) ;
#2293 = PRESENTATION_LAYER_ASSIGNMENT (  '', '', ( #1111 ) ) ;
#2294 = VERTEX_POINT ( 'NONE', #851 ) ;
#2295 = FACE_OUTER_BOUND ( 'NONE', #4976, .T. ) ;
#2296 = ORIENTED_EDGE ( 'NONE', *, *, #6815, .F. ) ;
#2297 = CARTESIAN_POINT ( 'NONE',  ( -1.279999999999998694, 0.6666666666666656305, 0.6400000000000001243 ) ) ;
#2298 = AXIS2_PLACEMENT_3D ( 'NONE', #4857, #2140, #5360 ) ;
#2299 = CARTESIAN_POINT ( 'NONE',  ( 0.0000000000000000000, 0.0000000000000000000, 0.0000000000000000000 ) ) ;
#2300 = FACE_OUTER_BOUND ( 'NONE', #2524, .T. ) ;
#2301 = ORIENTED_EDGE ( 'NONE', *, *, #5880, .T. ) ;
#2302 = LINE ( 'NONE', #1811, #2039 ) ;
#2303 = ORIENTED_EDGE ( 'NONE', *, *, #3376, .T. ) ;
#2304 = VECTOR ( 'NONE', #657, 1000.000000000000000 ) ;
#2305 = FACE_OUTER_BOUND ( 'NONE', #4763, .T. ) ;
#2306 = LINE ( 'NONE', #5087, #1194 ) ;
#2307 = EDGE_CURVE ( 'NONE', #168, #5129, #5883, .T. ) ;
#2308 = CIRCLE ( 'NONE', #3232, 0.6500000000000000222 ) ;
#2309 = CARTESIAN_POINT ( 'NONE',  ( -0.6229060432282556015, 3.015714441355473951, -0.6400000000000001243 ) ) ;
#2310 = CARTESIAN_POINT ( 'NONE',  ( 0.1021084803288501985, 1.644336412802515079, 0.6400000000000000133 ) ) ;
#2311 = EDGE_LOOP ( 'NONE', ( #372, #3817, #2744, #2223 ) ) ;
#2312 = LINE ( 'NONE', #613, #547 ) ;
#2313 = VERTEX_POINT ( 'NONE', #5301 ) ;
#2314 = FACE_OUTER_BOUND ( 'NONE', #221, .T. ) ;
#2315 = EDGE_CURVE ( 'NONE', #6550, #150, #2444, .T. ) ;
#2316 = EDGE_CURVE ( 'NONE', #6974, #2899, #888, .T. ) ;
#2317 = CARTESIAN_POINT ( 'NONE',  ( 0.5000000000000000000, 10.90000000000000036, -5.110000000000000320 ) ) ;
#2318 = CARTESIAN_POINT ( 'NONE',  ( 1.409999999999999920, 3.200000000000000178, 0.5699999999999999512 ) ) ;
#2319 = CARTESIAN_POINT ( 'NONE',  ( -5.208292492219720393E-06, 0.9583334156682049576, -0.6400000000000000133 ) ) ;
#2320 = EDGE_LOOP ( 'NONE', ( #4172, #732, #362, #4482 ) ) ;
#2321 = CARTESIAN_POINT ( 'NONE',  ( -1.626303258728255172E-16, 0.9999999999999850120, 0.0000000000000000000 ) ) ;
#2322 = AXIS2_PLACEMENT_3D ( 'NONE', #5074, #1763, #2291 ) ;
#2323 = VERTEX_POINT ( 'NONE', #7020 ) ;
#2324 = PRODUCT_DEFINITION_SHAPE ( 'NONE', 'NONE',  #7215 ) ;
#2325 = ADVANCED_FACE ( 'NONE', ( #2041 ), #1204, .T. ) ;
#2326 = CARTESIAN_POINT ( 'NONE',  ( 5.421010862427519705E-17, 0.8333333333333369231, -0.6400000000000000133 ) ) ;
#2327 = DIRECTION ( 'NONE',  ( -0.0000000000000000000, 1.000000000000000000, 0.0000000000000000000 ) ) ;
#2328 = AXIS2_PLACEMENT_3D ( 'NONE', #608, #5058, #1192 ) ;
#2329 = CARTESIAN_POINT ( 'NONE',  ( 0.06391813759496070557, 1.518378803222814932, 0.6400000000000000133 ) ) ;
#2330 = AXIS2_PLACEMENT_3D ( 'NONE', #1399, #1953, #879 ) ;
#2331 = ORIENTED_EDGE ( 'NONE', *, *, #7007, .F. ) ;
#2332 = FILL_AREA_STYLE_COLOUR ( '', #6000 ) ;
#2333 = ORIENTED_EDGE ( 'NONE', *, *, #4920, .T. ) ;
#2334 = CARTESIAN_POINT ( 'NONE',  ( -2.609999999999999876, 13.40000000000000036, 4.349999999999999645 ) ) ;
#2335 = CARTESIAN_POINT ( 'NONE',  ( 2.833333333333285520, 4.279999999999995808, -0.6400000000000001243 ) ) ;
#2336 = VECTOR ( 'NONE', #1539, 1000.000000000000000 ) ;
#2337 = LINE ( 'NONE', #1661, #5556 ) ;
#2338 = LINE ( 'NONE', #2810, #1146 ) ;
#2339 = DIRECTION ( 'NONE',  ( 0.0000000000000000000, 0.0000000000000000000, 1.000000000000000000 ) ) ;
#2340 = CARTESIAN_POINT ( 'NONE',  ( -1.469999999999999973, 13.40000000000000036, 2.949999999999999734 ) ) ;
#2341 = ITEM_DEFINED_TRANSFORMATION ( 'NONE', 'NONE', #4175,  #2084 ) ;
#2342 = CARTESIAN_POINT ( 'NONE',  ( 0.01603036157317479921, 1.261041869093620038, 0.6400000000000000133 ) ) ;
#2343 = LINE ( 'NONE', #1853, #1671 ) ;
#2344 = CARTESIAN_POINT ( 'NONE',  ( 0.3478184595197758022, 3.865890415389723334, 0.6400000000000001243 ) ) ;
#2345 = DIRECTION ( 'NONE',  ( 0.1856067747580749105, 0.0000000000000000000, 0.9826241016603984857 ) ) ;
#2346 = PLANE ( 'NONE',  #1473 ) ;
#2347 = ORIENTED_EDGE ( 'NONE', *, *, #1263, .F. ) ;
#2348 = DIRECTION ( 'NONE',  ( -0.7071067811865480168, 0.7071067811865470176, 0.0000000000000000000 ) ) ;
#2349 = DIRECTION ( 'NONE',  ( 1.000000000000000000, 0.0000000000000000000, 0.0000000000000000000 ) ) ;
#2350 = DIRECTION ( 'NONE',  ( 1.000000000000000000, -1.110223024625155924E-16, 0.0000000000000000000 ) ) ;
#2351 = CARTESIAN_POINT ( 'NONE',  ( -0.6229060432282556015, 3.015714441355473951, -0.6400000000000001243 ) ) ;
#2352 = ADVANCED_FACE ( 'NONE', ( #3566 ), #2664, .F. ) ;
#2353 = ORIENTED_EDGE ( 'NONE', *, *, #200, .T. ) ;
#2354 = EDGE_CURVE ( 'NONE', #1285, #5802, #6692, .T. ) ;
#2355 = DIRECTION ( 'NONE',  ( -0.0000000000000000000, 1.000000000000000000, 0.0000000000000000000 ) ) ;
#2356 = EDGE_CURVE ( 'NONE', #1510, #4180, #7170, .T. ) ;
#2357 = VERTEX_POINT ( 'NONE', #5925 ) ;
#2358 = CARTESIAN_POINT ( 'NONE',  ( -1.237959214485629289, 1.534357598845912829, -0.6400000000000001243 ) ) ;
#2359 = LINE ( 'NONE', #2797, #1618 ) ;
#2360 = ORIENTED_EDGE ( 'NONE', *, *, #6802, .F. ) ;
#2361 = EDGE_CURVE ( 'NONE', #5800, #2294, #4375, .T. ) ;
#2362 = DIRECTION ( 'NONE',  ( 0.0000000000000000000, 0.0000000000000000000, -1.000000000000000000 ) ) ;
#2363 = VERTEX_POINT ( 'NONE', #5524 ) ;
#2364 = CARTESIAN_POINT ( 'NONE',  ( 4.009999999999999787, 13.40000000000000036, 3.350000000000000089 ) ) ;
#2365 = CARTESIAN_POINT ( 'NONE',  ( 0.3478184595197758022, 3.865890415389723334, -0.6400000000000001243 ) ) ;
#2366 = LINE ( 'NONE', #3490, #83 ) ;
#2367 = LINE ( 'NONE', #3492, #6382 ) ;
#2368 = ORIENTED_EDGE ( 'NONE', *, *, #1482, .T. ) ;
#2369 = CARTESIAN_POINT ( 'NONE',  ( 4.000000000000000000, 3.000000000000000000, 0.0000000000000000000 ) ) ;
#2370 = CARTESIAN_POINT ( 'NONE',  ( 0.4006670468120259732, 2.229094171558219983, 0.6400000000000000133 ) ) ;
#2371 = SURFACE_STYLE_FILL_AREA ( #3900 ) ;
#2372 = CARTESIAN_POINT ( 'NONE',  ( -1.175174254344260261, 1.850141237285419571, -0.6400000000000001243 ) ) ;
#2373 = ORIENTED_EDGE ( 'NONE', *, *, #1096, .T. ) ;
#2374 = DIRECTION ( 'NONE',  ( 0.0000000000000000000, 1.000000000000000000, 0.0000000000000000000 ) ) ;
#2375 = ORIENTED_EDGE ( 'NONE', *, *, #4930, .T. ) ;
#2376 = PLANE ( 'NONE',  #2527 ) ;
#2377 = VERTEX_POINT ( 'NONE', #3748 ) ;
#2378 = LINE ( 'NONE', #1716, #988 ) ;
#2379 = DIRECTION ( 'NONE',  ( 0.0000000000000000000, 0.0000000000000000000, -1.000000000000000000 ) ) ;
#2380 = DIRECTION ( 'NONE',  ( -4.272717921125140000E-16, 0.0000000000000000000, 1.000000000000000000 ) ) ;
#2381 = CARTESIAN_POINT ( 'NONE',  ( 0.0000000000000000000, 0.9166666666666608565, 0.6400000000000000133 ) ) ;
#2382 = VECTOR ( 'NONE', #6837, 1000.000000000000000 ) ;
#2383 = ORIENTED_EDGE ( 'NONE', *, *, #5490, .F. ) ;
#2384 = LINE ( 'NONE', #1938, #4508 ) ;
#2385 = ORIENTED_EDGE ( 'NONE', *, *, #6723, .T. ) ;
#2386 = CARTESIAN_POINT ( 'NONE',  ( 1.869147472901550255, 2.996786418182679768, -0.6400000000000000133 ) ) ;
#2387 = VECTOR ( 'NONE', #3602, 1000.000000000000000 ) ;
#2388 = ADVANCED_FACE ( 'NONE', ( #2626 ), #4415, .T. ) ;
#2389 = CARTESIAN_POINT ( 'NONE',  ( 1.279999999999998694, 0.5833333333333347026, 0.6400000000000001243 ) ) ;
#2390 = VECTOR ( 'NONE', #3118, 1000.000000000000000 ) ;
#2391 = CARTESIAN_POINT ( 'NONE',  ( 1.279999999999998694, 0.6666666666666656305, -0.6400000000000001243 ) ) ;
#2392 = ORIENTED_EDGE ( 'NONE', *, *, #3240, .T. ) ;
#2393 =( NAMED_UNIT ( * ) SI_UNIT ( $, .STERADIAN. ) SOLID_ANGLE_UNIT ( ) );
#2394 = ORIENTED_EDGE ( 'NONE', *, *, #2316, .F. ) ;
#2395 = AXIS2_PLACEMENT_3D ( 'NONE', #3835, #1090, #5026 ) ;
#2396 = CIRCLE ( 'NONE', #5167, 0.6500000000000000222 ) ;
#2397 = CARTESIAN_POINT ( 'NONE',  ( 0.8199999999999999512, 8.224999999999999645, -2.409999999999999698 ) ) ;
#2398 = CARTESIAN_POINT ( 'NONE',  ( 2.208333333333345916, 4.279999999999995808, -0.6400000000000001243 ) ) ;
#2399 = EDGE_CURVE ( 'NONE', #236, #3917, #7098, .T. ) ;
#2400 = CARTESIAN_POINT ( 'NONE',  ( 0.1021084803288504067, 1.644336412802515079, -0.6400000000000000133 ) ) ;
#2401 = EDGE_CURVE ( 'NONE', #336, #1594, #2119, .T. ) ;
#2402 = LINE ( 'NONE', #3928, #2788 ) ;
#2403 = PRESENTATION_LAYER_ASSIGNMENT (  '', '', ( #5528 ) ) ;
#2404 = DIRECTION ( 'NONE',  ( -3.552107201165897231E-16, 0.1842885350501849984, 0.9828721869343219897 ) ) ;
#2405 = CARTESIAN_POINT ( 'NONE',  ( 2.000000000000000000, 3.000000000000000000, 0.0000000000000000000 ) ) ;
#2406 = VECTOR ( 'NONE', #7119, 1000.000000000000000 ) ;
#2407 = FACE_OUTER_BOUND ( 'NONE', #6885, .T. ) ;
#2408 = EDGE_CURVE ( 'NONE', #7179, #1141, #1602, .T. ) ;
#2409 = CARTESIAN_POINT ( 'NONE',  ( 4.000000000000000000, 4.279999999999995808, -0.6400000000000001243 ) ) ;
#2410 = VECTOR ( 'NONE', #1460, 1000.000000000000000 ) ;
#2411 = ORIENTED_EDGE ( 'NONE', *, *, #2231, .F. ) ;
#2412 = LINE ( 'NONE', #4084, #1226 ) ;
#2413 = ORIENTED_EDGE ( 'NONE', *, *, #1354, .F. ) ;
#2414 = CARTESIAN_POINT ( 'NONE',  ( -2.550000000000000266, 1.000000000000000000, 0.5699999999999999512 ) ) ;
#2415 = VERTEX_POINT ( 'NONE', #1560 ) ;
#2416 = CARTESIAN_POINT ( 'NONE',  ( -2.745000000000000107, -9.368548013477249779E-17, 4.799999999999999822 ) ) ;
#2417 = CIRCLE ( 'NONE', #655, 0.5000000000000004441 ) ;
#2418 = CARTESIAN_POINT ( 'NONE',  ( 1.820000000000000062, 11.90000000000000036, -5.660000000000000142 ) ) ;
#2419 = CARTESIAN_POINT ( 'NONE',  ( 8.181166715815530287E-06, 1.065449717618472070, 0.6400000000000000133 ) ) ;
#2420 = CARTESIAN_POINT ( 'NONE',  ( 1.738958130906365085, 2.983969638426825277, 0.6400000000000000133 ) ) ;
#2421 = VERTEX_POINT ( 'NONE', #3167 ) ;
#2422 = LINE ( 'NONE', #6864, #5877 ) ;
#2423 = ORIENTED_EDGE ( 'NONE', *, *, #1981, .T. ) ;
#2424 = CARTESIAN_POINT ( 'NONE',  ( -1.112542092260688786, 2.056711716996124650, 0.6400000000000001243 ) ) ;
#2425 = CARTESIAN_POINT ( 'NONE',  ( 1.279999999999998694, 0.5833333333333347026, -0.6400000000000001243 ) ) ;
#2426 = CARTESIAN_POINT ( 'NONE',  ( 1.280002945220024335, 1.044505849366581751, -0.6400000000000001243 ) ) ;
#2427 = ORIENTED_EDGE ( 'NONE', *, *, #1589, .T. ) ;
#2428 = DIRECTION ( 'NONE',  ( -1.000000000000000000, 0.0000000000000000000, 0.0000000000000000000 ) ) ;
#2429 = VECTOR ( 'NONE', #6823, 1000.000000000000000 ) ;
#2430 = EDGE_LOOP ( 'NONE', ( #833, #2487, #5432, #5361 ) ) ;
#2431 = CIRCLE ( 'NONE', #5788, 0.5000000000000000000 ) ;
#2432 = DIRECTION ( 'NONE',  ( -0.7071067811865475727, -0.7071067811865475727, 0.0000000000000000000 ) ) ;
#2433 = ORIENTED_EDGE ( 'NONE', *, *, #916, .F. ) ;
#2434 = DIRECTION ( 'NONE',  ( 1.000000000000000000, 0.0000000000000000000, 0.0000000000000000000 ) ) ;
#2435 = DIRECTION ( 'NONE',  ( 0.0000000000000000000, 0.0000000000000000000, -1.000000000000000000 ) ) ;
#2436 = FACE_OUTER_BOUND ( 'NONE', #2159, .T. ) ;
#2437 = ADVANCED_FACE ( 'NONE', ( #6549 ), #3206, .T. ) ;
#2438 = ADVANCED_FACE ( 'NONE', ( #3281 ), #470, .T. ) ;
#2439 = CARTESIAN_POINT ( 'NONE',  ( 2.000000000000000000, 3.000000000000000000, -0.6500000000000000222 ) ) ;
#2440 = CARTESIAN_POINT ( 'NONE',  ( 1.279998125014697230, 0.9716666963072198016, -0.6400000000000001243 ) ) ;
#2441 = CARTESIAN_POINT ( 'NONE',  ( -0.8199999999999999512, 13.40000000000000036, -2.409999999999999698 ) ) ;
#2442 = LINE ( 'NONE', #3630, #5669 ) ;
#2443 = CARTESIAN_POINT ( 'NONE',  ( -2.490000000000000213, 12.40000000000000036, 2.949999999999999734 ) ) ;
#2444 = LINE ( 'NONE', #744, #2853 ) ;
#2445 = VECTOR ( 'NONE', #1168, 1000.000000000000000 ) ;
#2446 = ORIENTED_EDGE ( 'NONE', *, *, #1016, .T. ) ;
#2447 = ORIENTED_EDGE ( 'NONE', *, *, #956, .T. ) ;
#2448 = EDGE_CURVE ( 'NONE', #2202, #6122, #5485, .T. ) ;
#2449 = LINE ( 'NONE', #6820, #4393 ) ;
#2450 = CARTESIAN_POINT ( 'NONE',  ( -1.409999999999999920, 0.2999999999999999889, -0.5699999999999999512 ) ) ;
#2451 =( LENGTH_UNIT ( ) NAMED_UNIT ( * ) SI_UNIT ( .MILLI., .METRE. ) );
#2452 = CARTESIAN_POINT ( 'NONE',  ( 2.833333333333289517, 3.000000000000000000, 0.6400000000000000133 ) ) ;
#2453 = CARTESIAN_POINT ( 'NONE',  ( 2.166666666666661634, 4.279999999999995808, 0.6400000000000001243 ) ) ;
#2454 = ORIENTED_EDGE ( 'NONE', *, *, #3861, .F. ) ;
#2455 = DIRECTION ( 'NONE',  ( 1.000000000000000000, 0.0000000000000000000, 0.0000000000000000000 ) ) ;
#2456 = EDGE_LOOP ( 'NONE', ( #1905, #2120, #4618, #4071 ) ) ;
#2457 = UNCERTAINTY_MEASURE_WITH_UNIT (LENGTH_MEASURE( 1.000000000000000082E-05 ), #1276, 'distance_accuracy_value', 'NONE');
#2458 = CARTESIAN_POINT ( 'NONE',  ( 2.416666666666675400, 1.720000000000000639, 0.6400000000000001243 ) ) ;
#2459 = CARTESIAN_POINT ( 'NONE',  ( 2.333333333333299731, 1.720000000000000639, 0.6400000000000001243 ) ) ;
#2460 = ORIENTED_EDGE ( 'NONE', *, *, #5109, .T. ) ;
#2461 = ORIENTED_EDGE ( 'NONE', *, *, #1086, .F. ) ;
#2462 = PLANE ( 'NONE',  #1249 ) ;
#2463 = PLANE ( 'NONE',  #3254 ) ;
#2464 = CARTESIAN_POINT ( 'NONE',  ( 1.674172195825665010, 2.974365374686354979, -0.6400000000000000133 ) ) ;
#2465 = CARTESIAN_POINT ( 'NONE',  ( -1.250000000000000000, 0.0000000000000000000, 2.949999999999999734 ) ) ;
#2466 = CARTESIAN_POINT ( 'NONE',  ( 1.768038891391091383, 1.683240947081635852, 0.6400000000000001243 ) ) ;
#2467 = DIRECTION ( 'NONE',  ( 1.000000000000000000, 0.0000000000000000000, 0.0000000000000000000 ) ) ;
#2468 = DIRECTION ( 'NONE',  ( -1.866695549210714247E-16, -0.9182521349286075774, -0.3959962331879612885 ) ) ;
#2469 = CARTESIAN_POINT ( 'NONE',  ( 0.7709058284417820150, 2.599332953187969864, 0.6400000000000000133 ) ) ;
#2470 = EDGE_CURVE ( 'NONE', #2834, #7121, #4297, .T. ) ;
#2471 = EDGE_CURVE ( 'NONE', #4173, #6161, #2775, .T. ) ;
#2472 = ADVANCED_FACE ( 'NONE', ( #3244 ), #6081, .F. ) ;
#2473 = FACE_OUTER_BOUND ( 'NONE', #5712, .T. ) ;
#2474 = ORIENTED_EDGE ( 'NONE', *, *, #1738, .F. ) ;
#2475 = PLANE ( 'NONE',  #6702 ) ;
#2476 = EDGE_LOOP ( 'NONE', ( #5050, #7162 ) ) ;
#2477 = CARTESIAN_POINT ( 'NONE',  ( -3.459999999999999964, 3.200000000000000178, 4.299999999999999822 ) ) ;
#2478 = LINE ( 'NONE', #3023, #2509 ) ;
#2479 = ORIENTED_EDGE ( 'NONE', *, *, #3952, .T. ) ;
#2480 =( NAMED_UNIT ( * ) PLANE_ANGLE_UNIT ( ) SI_UNIT ( $, .RADIAN. ) );
#2481 = CARTESIAN_POINT ( 'NONE',  ( 3.333333333333429849, 3.000000000000000000, 0.6400000000000000133 ) ) ;
#2482 = VECTOR ( 'NONE', #3794, 1000.000000000000000 ) ;
#2483 = EDGE_CURVE ( 'NONE', #3371, #3917, #4987, .T. ) ;
#2484 = CARTESIAN_POINT ( 'NONE',  ( -1.175174254344260261, 1.850141237285419571, 0.6400000000000001243 ) ) ;
#2485 = VERTEX_POINT ( 'NONE', #1486 ) ;
#2486 = CARTESIAN_POINT ( 'NONE',  ( -1.820000000000000062, 3.649999999999999911, -2.819999999999999840 ) ) ;
#2487 = ORIENTED_EDGE ( 'NONE', *, *, #3328, .F. ) ;
#2488 = FACE_OUTER_BOUND ( 'NONE', #1768, .T. ) ;
#2489 =( BOUNDED_SURFACE ( )  B_SPLINE_SURFACE ( 3, 3, ( 
 ( #6103, #6725, #3301, #5550, #6069, #8, #6687, #1073, #4439, #1653, #6175, #5009, #1143, #1692, #3920, #3375, #5587, #596, #2533, #3481, #2993, #1288, #5827, #6930, #144, #3034, #4701, #1942, #1250, #5137, #5245, #2928, #4642, #4741, #6896, #6349 ),
 ( #5696, #1352, #4095, #2389, #6311, #759, #5725, #693, #1389, #1899, #4605, #3514, #1315, #4128, #6830, #251, #2490, #3066, #5796, #4165, #3582, #793, #4670, #5283, #6385, #3615, #2962, #3547, #828, #1869, #2458, #291, #6965, #6865, #5760, #4028 ),
 ( #6241, #1836, #4066, #2425, #6282, #5213, #723, #5174, #181, #219, #6023, #5865, #487, #329, #2602, #1982, #7002, #870, #4777, #3110, #5429, #4811, #4353, #4318, #7040, #1509, #3148, #1032, #4925, #6497, #3688, #367, #2062, #1541, #4238, #3765 ),
 ( #1424, #5323, #2570, #2684, #3806, #405, #2018, #3647, #6459, #1466, #5942, #5906, #5980, #3728, #3225, #912, #4280, #4852, #4202, #450, #4891, #944, #7081, #5467, #3183, #2718, #5389, #7117, #987, #2137, #2645, #2103, #6532, #6420, #6567, #1579 ),
 ( #3263, #2944, #3391, #6262, #707, #5155, #4391, #1162, #1270, #6157, #644, #5742, #2913, #2372, #3424, #5603, #2309, #3466, #3530, #610, #59, #6852, #1818, #2846, #166, #127, #3498, #5708, #4586, #4524, #5638, #7150, #2980, #6816, #2178, #2409 ),
 ( #4624, #6297, #6776, #3935, #6745, #5676, #1855, #1748, #3972, #6191, #4079, #1193, #2881, #5091, #1302, #743, #6609, #95, #2344, #5125, #1234, #4557, #1780, #4009, #6227, #4048, #1884, #3707, #3565, #5815, #5195, #3017, #4109, #779, #6328, #1441 ),
 ( #3664, #2551, #5882, #1408, #6366, #3128, #845, #6436, #5338, #4759, #233, #4719, #4258, #5231, #1337, #4657, #5778, #2469, #348, #7019, #3631, #4682, #6878, #6910, #1923, #1962, #4148, #6984, #2511, #2586, #1371, #811, #3088, #203, #4793, #2038 ) ),
 .UNSPECIFIED., .T., .F., .F. ) 
 B_SPLINE_SURFACE_WITH_KNOTS ( ( 4, 3, 4 ),
 ( 4, 2, 2, 2, 2, 2, 2, 2, 2, 2, 2, 2, 2, 2, 2, 2, 2, 4 ),
 ( 0.0000000000000000000, 0.5000000000000000000, 1.000000000000000000 ),
 ( 0.0000000000000000000, 0.08141210728258689577, 0.1221181609238803922, 0.1424711877445269947, 0.1628242145651740136, 0.1947946743342039988, 0.2267651341032335122, 0.2907060536412935381, 0.4185878927174130348, 0.5464697317935329757, 0.6104106513315920024, 0.6423811111006219043, 0.6743515708696520283, 0.6947045976902990194, 0.7150576245109458995, 0.7557636781522389935, 0.8371757854348259587, 1.000000000000000000 ),
 .UNSPECIFIED. ) 
 GEOMETRIC_REPRESENTATION_ITEM ( )  RATIONAL_B_SPLINE_SURFACE ( (
 ( 1.000000000000000000, 1.000000000000000000, 1.000000000000000000, 1.000000000000000000, 1.000000000000000000, 1.000000000000000000, 1.000000000000000000, 1.000000000000000000, 1.000000000000000000, 1.000000000000000000, 1.000000000000000000, 1.000000000000000000, 1.000000000000000000, 1.000000000000000000, 1.000000000000000000, 1.000000000000000000, 1.000000000000000000, 1.000000000000000000, 1.000000000000000000, 1.000000000000000000, 1.000000000000000000, 1.000000000000000000, 1.000000000000000000, 1.000000000000000000, 1.000000000000000000, 1.000000000000000000, 1.000000000000000000, 1.000000000000000000, 1.000000000000000000, 1.000000000000000000, 1.000000000000000000, 1.000000000000000000, 1.000000000000000000, 1.000000000000000000, 1.000000000000000000, 1.000000000000000000),
 ( 0.3333333333333335369, 0.3333333333333335369, 0.3333333333333335369, 0.3333333333333335369, 0.3333333333333335369, 0.3333333333333335369, 0.3333333333333335369, 0.3333333333333335369, 0.3333333333333335369, 0.3333333333333335369, 0.3333333333333335369, 0.3333333333333335369, 0.3333333333333335369, 0.3333333333333335369, 0.3333333333333335369, 0.3333333333333335369, 0.3333333333333335369, 0.3333333333333335369, 0.3333333333333335369, 0.3333333333333335369, 0.3333333333333335369, 0.3333333333333335369, 0.3333333333333335369, 0.3333333333333335369, 0.3333333333333335369, 0.3333333333333335369, 0.3333333333333335369, 0.3333333333333335369, 0.3333333333333335369, 0.3333333333333335369, 0.3333333333333335369, 0.3333333333333335369, 0.3333333333333335369, 0.3333333333333335369, 0.3333333333333335369, 0.3333333333333335369),
 ( 0.3333333333333335369, 0.3333333333333335369, 0.3333333333333335369, 0.3333333333333335369, 0.3333333333333335369, 0.3333333333333335369, 0.3333333333333335369, 0.3333333333333335369, 0.3333333333333335369, 0.3333333333333335369, 0.3333333333333335369, 0.3333333333333335369, 0.3333333333333335369, 0.3333333333333335369, 0.3333333333333335369, 0.3333333333333335369, 0.3333333333333335369, 0.3333333333333335369, 0.3333333333333335369, 0.3333333333333335369, 0.3333333333333335369, 0.3333333333333335369, 0.3333333333333335369, 0.3333333333333335369, 0.3333333333333335369, 0.3333333333333335369, 0.3333333333333335369, 0.3333333333333335369, 0.3333333333333335369, 0.3333333333333335369, 0.3333333333333335369, 0.3333333333333335369, 0.3333333333333335369, 0.3333333333333335369, 0.3333333333333335369, 0.3333333333333335369),
 ( 1.000000000000000000, 1.000000000000000000, 1.000000000000000000, 1.000000000000000000, 1.000000000000000000, 1.000000000000000000, 1.000000000000000000, 1.000000000000000000, 1.000000000000000000, 1.000000000000000000, 1.000000000000000000, 1.000000000000000000, 1.000000000000000000, 1.000000000000000000, 1.000000000000000000, 1.000000000000000000, 1.000000000000000000, 1.000000000000000000, 1.000000000000000000, 1.000000000000000000, 1.000000000000000000, 1.000000000000000000, 1.000000000000000000, 1.000000000000000000, 1.000000000000000000, 1.000000000000000000, 1.000000000000000000, 1.000000000000000000, 1.000000000000000000, 1.000000000000000000, 1.000000000000000000, 1.000000000000000000, 1.000000000000000000, 1.000000000000000000, 1.000000000000000000, 1.000000000000000000),
 ( 0.3333333333333335369, 0.3333333333333335369, 0.3333333333333335369, 0.3333333333333335369, 0.3333333333333335369, 0.3333333333333335369, 0.3333333333333335369, 0.3333333333333335369, 0.3333333333333335369, 0.3333333333333335369, 0.3333333333333335369, 0.3333333333333335369, 0.3333333333333335369, 0.3333333333333335369, 0.3333333333333335369, 0.3333333333333335369, 0.3333333333333335369, 0.3333333333333335369, 0.3333333333333335369, 0.3333333333333335369, 0.3333333333333335369, 0.3333333333333335369, 0.3333333333333335369, 0.3333333333333335369, 0.3333333333333335369, 0.3333333333333335369, 0.3333333333333335369, 0.3333333333333335369, 0.3333333333333335369, 0.3333333333333335369, 0.3333333333333335369, 0.3333333333333335369, 0.3333333333333335369, 0.3333333333333335369, 0.3333333333333335369, 0.3333333333333335369),
 ( 0.3333333333333335369, 0.3333333333333335369, 0.3333333333333335369, 0.3333333333333335369, 0.3333333333333335369, 0.3333333333333335369, 0.3333333333333335369, 0.3333333333333335369, 0.3333333333333335369, 0.3333333333333335369, 0.3333333333333335369, 0.3333333333333335369, 0.3333333333333335369, 0.3333333333333335369, 0.3333333333333335369, 0.3333333333333335369, 0.3333333333333335369, 0.3333333333333335369, 0.3333333333333335369, 0.3333333333333335369, 0.3333333333333335369, 0.3333333333333335369, 0.3333333333333335369, 0.3333333333333335369, 0.3333333333333335369, 0.3333333333333335369, 0.3333333333333335369, 0.3333333333333335369, 0.3333333333333335369, 0.3333333333333335369, 0.3333333333333335369, 0.3333333333333335369, 0.3333333333333335369, 0.3333333333333335369, 0.3333333333333335369, 0.3333333333333335369),
 ( 1.000000000000000000, 1.000000000000000000, 1.000000000000000000, 1.000000000000000000, 1.000000000000000000, 1.000000000000000000, 1.000000000000000000, 1.000000000000000000, 1.000000000000000000, 1.000000000000000000, 1.000000000000000000, 1.000000000000000000, 1.000000000000000000, 1.000000000000000000, 1.000000000000000000, 1.000000000000000000, 1.000000000000000000, 1.000000000000000000, 1.000000000000000000, 1.000000000000000000, 1.000000000000000000, 1.000000000000000000, 1.000000000000000000, 1.000000000000000000, 1.000000000000000000, 1.000000000000000000, 1.000000000000000000, 1.000000000000000000, 1.000000000000000000, 1.000000000000000000, 1.000000000000000000, 1.000000000000000000, 1.000000000000000000, 1.000000000000000000, 1.000000000000000000, 1.000000000000000000) ) ) 
 REPRESENTATION_ITEM ( '' )  SURFACE ( )  );
#2490 = CARTESIAN_POINT ( 'NONE',  ( 1.424240136852308325, 1.442473901760956023, 0.6400000000000001243 ) ) ;
#2491 = AXIS2_PLACEMENT_3D ( 'NONE', #2269, #5055, #1707 ) ;
#2492 = CIRCLE ( 'NONE', #6323, 1.149999999999999911 ) ;
#2493 = CARTESIAN_POINT ( 'NONE',  ( 2.083333333333342807, 1.720000000000000639, 0.6400000000000001243 ) ) ;
#2494 = ORIENTED_EDGE ( 'NONE', *, *, #2090, .F. ) ;
#2495 = PLANE ( 'NONE',  #1814 ) ;
#2496 = VERTEX_POINT ( 'NONE', #3708 ) ;
#2497 = AXIS2_PLACEMENT_3D ( 'NONE', #6428, #5331, #6904 ) ;
#2498 = ORIENTED_EDGE ( 'NONE', *, *, #7084, .F. ) ;
#2499 = VECTOR ( 'NONE', #5932, 1000.000000000000000 ) ;
#2500 = DIRECTION ( 'NONE',  ( 0.0000000000000000000, -1.000000000000000000, -1.180083997263133724E-16 ) ) ;
#2501 = DIRECTION ( 'NONE',  ( -0.5773502691896267303, 0.5773502691896257311, 0.5773502691896248429 ) ) ;
#2502 = CARTESIAN_POINT ( 'NONE',  ( 3.459999999999999964, 0.0000000000000000000, 4.299999999999999822 ) ) ;
#2503 = VECTOR ( 'NONE', #6747, 1000.000000000000114 ) ;
#2504 = ORIENTED_EDGE ( 'NONE', *, *, #1534, .F. ) ;
#2505 = FACE_OUTER_BOUND ( 'NONE', #1181, .T. ) ;
#2506 = CARTESIAN_POINT ( 'NONE',  ( 1.813383630839782823, 1.696989470465821936, -0.6400000000000001243 ) ) ;
#2507 = DIRECTION ( 'NONE',  ( 0.0000000000000000000, 1.000000000000000000, 0.0000000000000000000 ) ) ;
#2508 = PRESENTATION_LAYER_ASSIGNMENT (  '', '', ( #3558 ) ) ;
#2509 = VECTOR ( 'NONE', #5930, 1000.000000000000000 ) ;
#2510 = CARTESIAN_POINT ( 'NONE',  ( -1.820000000000000062, 10.90000000000000036, -5.660000000000000142 ) ) ;
#2511 = CARTESIAN_POINT ( 'NONE',  ( 2.208333333333344584, 3.000000000000000000, 0.6400000000000000133 ) ) ;
#2512 = DIRECTION ( 'NONE',  ( 0.0000000000000000000, -1.000000000000000000, 9.227252531791520216E-16 ) ) ;
#2513 = EDGE_LOOP ( 'NONE', ( #4394, #4899, #2183, #1383, #1623, #1461, #2253 ) ) ;
#2514 = LINE ( 'NONE', #6407, #6229 ) ;
#2515 = ORIENTED_EDGE ( 'NONE', *, *, #6125, .T. ) ;
#2516 = CARTESIAN_POINT ( 'NONE',  ( -1.820000000000000062, 8.224999999999999645, -3.660000000000000142 ) ) ;
#2517 = EDGE_CURVE ( 'NONE', #1594, #5129, #4581, .T. ) ;
#2518 = FACE_OUTER_BOUND ( 'NONE', #3587, .T. ) ;
#2519 = LINE ( 'NONE', #2006, #2916 ) ;
#2520 =( NAMED_UNIT ( * ) PLANE_ANGLE_UNIT ( ) SI_UNIT ( $, .RADIAN. ) );
#2521 = DIRECTION ( 'NONE',  ( 1.000000000000000000, 0.0000000000000000000, 0.0000000000000000000 ) ) ;
#2522 = AXIS2_PLACEMENT_3D ( 'NONE', #2710, #2173, #322 ) ;
#2523 = DIRECTION ( 'NONE',  ( -0.5773502691896257311, 0.5773502691896257311, 0.5773502691896257311 ) ) ;
#2524 = EDGE_LOOP ( 'NONE', ( #4786, #4195, #584, #1350 ) ) ;
#2525 = DIRECTION ( 'NONE',  ( 0.1856067747580749105, 0.0000000000000000000, -0.9826241016603984857 ) ) ;
#2526 = ORIENTED_EDGE ( 'NONE', *, *, #433, .T. ) ;
#2527 = AXIS2_PLACEMENT_3D ( 'NONE', #4590, #2947, #5782 ) ;
#2528 = EDGE_CURVE ( 'NONE', #3520, #5421, #3457, .T. ) ;
#2529 = DIRECTION ( 'NONE',  ( 0.0000000000000000000, -1.000000000000000000, 0.0000000000000000000 ) ) ;
#2530 = ADVANCED_FACE ( 'NONE', ( #5627 ), #2265, .T. ) ;
#2531 = LINE ( 'NONE', #1422, #1274 ) ;
#2532 = CARTESIAN_POINT ( 'NONE',  ( 1.571891334686435160, 4.253710207019997469, -0.6400000000000001243 ) ) ;
#2533 = CARTESIAN_POINT ( 'NONE',  ( 0.9925722314144990177, 2.747494155725414888, 0.6400000000000000133 ) ) ;
#2534 = VECTOR ( 'NONE', #5151, 1000.000000000000000 ) ;
#2535 = CARTESIAN_POINT ( 'NONE',  ( 1.289228465112911559, 1.117298009502765810, 0.6400000000000001243 ) ) ;
#2536 = ORIENTED_EDGE ( 'NONE', *, *, #4217, .T. ) ;
#2537 = CYLINDRICAL_SURFACE ( 'NONE', #868, 1.149999999999999911 ) ;
#2538 = ORIENTED_EDGE ( 'NONE', *, *, #514, .T. ) ;
#2539 = EDGE_CURVE ( 'NONE', #388, #6573, #2302, .T. ) ;
#2540 = CARTESIAN_POINT ( 'NONE',  ( -1.409999999999999920, 0.2999999999999999889, -0.5699999999999999512 ) ) ;
#2541 = LINE ( 'NONE', #6427, #4176 ) ;
#2542 = DIRECTION ( 'NONE',  ( -1.000000000000000000, 0.0000000000000000000, 0.0000000000000000000 ) ) ;
#2543 = AXIS2_PLACEMENT_3D ( 'NONE', #701, #4551, #7204 ) ;
#2544 = EDGE_LOOP ( 'NONE', ( #4023, #1657, #3759, #1537 ) ) ;
#2545 = LINE ( 'NONE', #3199, #3352 ) ;
#2546 = CARTESIAN_POINT ( 'NONE',  ( 3.666666666667149688, 3.000000000000000000, 0.6400000000000000133 ) ) ;
#2547 = PRESENTATION_LAYER_ASSIGNMENT (  '', '', ( #6152 ) ) ;
#2548 = DIRECTION ( 'NONE',  ( 0.0000000000000000000, 0.0000000000000000000, 1.000000000000000000 ) ) ;
#2549 = VECTOR ( 'NONE', #919, 1000.000000000000000 ) ;
#2550 = CARTESIAN_POINT ( 'NONE',  ( -2.990000000000000213, 1.000000000000000000, -1.909999999999999920 ) ) ;
#2551 = CARTESIAN_POINT ( 'NONE',  ( 0.0000000000000000000, 0.1666666666666674901, 0.6400000000000000133 ) ) ;
#2552 = DIRECTION ( 'NONE',  ( 0.0000000000000000000, -1.000000000000000000, 0.0000000000000000000 ) ) ;
#2553 = VERTEX_POINT ( 'NONE', #53 ) ;
#2554 = DIRECTION ( 'NONE',  ( 4.272717921125140000E-16, 0.0000000000000000000, -1.000000000000000000 ) ) ;
#2555 = VECTOR ( 'NONE', #7047, 1000.000000000000000 ) ;
#2556 = ORIENTED_EDGE ( 'NONE', *, *, #5261, .T. ) ;
#2557 = DIRECTION ( 'NONE',  ( 0.0000000000000000000, -1.000000000000000000, 0.0000000000000000000 ) ) ;
#2558 = CARTESIAN_POINT ( 'NONE',  ( 2.990000000000000213, 13.40000000000000036, -2.899999999999999911 ) ) ;
#2559 = PLANE ( 'NONE',  #3747 ) ;
#2560 = CARTESIAN_POINT ( 'NONE',  ( -0.2700000000000000178, -3.700000000000000178, -0.2700000000000000178 ) ) ;
#2561 = AXIS2_PLACEMENT_3D ( 'NONE', #6565, #7148, #4316 ) ;
#2562 = CARTESIAN_POINT ( 'NONE',  ( 1.250000000000000000, 6.299999999999999822, 2.949999999999999734 ) ) ;
#2563 = ORIENTED_EDGE ( 'NONE', *, *, #2835, .F. ) ;
#2564 = LINE ( 'NONE', #4804, #3342 ) ;
#2565 = ORIENTED_EDGE ( 'NONE', *, *, #6345, .F. ) ;
#2566 = LINE ( 'NONE', #2934, #2277 ) ;
#2567 = CARTESIAN_POINT ( 'NONE',  ( 3.459999999999999964, 0.0000000000000000000, 4.799999999999999822 ) ) ;
#2568 = CARTESIAN_POINT ( 'NONE',  ( 4.000000000000000000, 3.000000000000000000, 0.0000000000000000000 ) ) ;
#2569 = CARTESIAN_POINT ( 'NONE',  ( -1.279999999999998694, 0.8333333333333348136, 0.6400000000000001243 ) ) ;
#2570 = CARTESIAN_POINT ( 'NONE',  ( 5.421010862427519705E-17, 0.3333333333333330373, -0.6400000000000000133 ) ) ;
#2571 = ADVANCED_FACE ( 'NONE', ( #4517 ), #580, .T. ) ;
#2572 = EDGE_CURVE ( 'NONE', #1500, #2834, #6220, .T. ) ;
#2573 = CARTESIAN_POINT ( 'NONE',  ( 5.421010862427519705E-17, 0.3333333333333330373, -0.6400000000000000133 ) ) ;
#2574 = EDGE_CURVE ( 'NONE', #2774, #5693, #3967, .T. ) ;
#2575 = ORIENTED_EDGE ( 'NONE', *, *, #332, .T. ) ;
#2576 = CARTESIAN_POINT ( 'NONE',  ( 4.000000000000000000, 3.000000000000000000, 0.0000000000000000000 ) ) ;
#2577 = ORIENTED_EDGE ( 'NONE', *, *, #3678, .T. ) ;
#2578 = ORIENTED_EDGE ( 'NONE', *, *, #4105, .T. ) ;
#2579 = CARTESIAN_POINT ( 'NONE',  ( 0.2525058442745780063, 2.007427768585499983, -0.6400000000000000133 ) ) ;
#2580 = DIRECTION ( 'NONE',  ( 0.0000000000000000000, 0.0000000000000000000, 1.000000000000000000 ) ) ;
#2581 = EDGE_CURVE ( 'NONE', #352, #6974, #6185, .T. ) ;
#2582 = LINE ( 'NONE', #3159, #5521 ) ;
#2583 = CARTESIAN_POINT ( 'NONE',  ( 1.289228465112911559, 1.117298009502765810, 0.6400000000000001243 ) ) ;
#2584 = CARTESIAN_POINT ( 'NONE',  ( 1.738958130906365085, 2.983969638426825277, 0.6400000000000000133 ) ) ;
#2585 = CARTESIAN_POINT ( 'NONE',  ( 2.990000000000000213, 1.000000000000000000, -2.899999999999999911 ) ) ;
#2586 = CARTESIAN_POINT ( 'NONE',  ( 2.333333333333300175, 3.000000000000000000, 0.6400000000000000133 ) ) ;
#2587 = DIRECTION ( 'NONE',  ( 0.0000000000000000000, 1.000000000000000000, 0.0000000000000000000 ) ) ;
#2588 = EDGE_LOOP ( 'NONE', ( #5493, #1339, #360, #5984 ) ) ;
#2589 = LINE ( 'NONE', #5265, #1810 ) ;
#2590 = CARTESIAN_POINT ( 'NONE',  ( -2.700000000000000178, 7.200000000000000178, -3.290000000000000036 ) ) ;
#2591 = CARTESIAN_POINT ( 'NONE',  ( 2.990000000000000213, 1.000000000000000000, -1.909999999999999920 ) ) ;
#2592 = CIRCLE ( 'NONE', #1883, 1.350000000000000089 ) ;
#2593 = DIRECTION ( 'NONE',  ( -2.590197584029595383E-16, 0.0000000000000000000, 1.000000000000000000 ) ) ;
#2594 = FILL_AREA_STYLE_COLOUR ( '', #6735 ) ;
#2595 = LINE ( 'NONE', #1497, #5744 ) ;
#2596 = DIRECTION ( 'NONE',  ( 1.000000000000000000, 0.0000000000000000000, 0.0000000000000000000 ) ) ;
#2597 = ORIENTED_EDGE ( 'NONE', *, *, #3286, .F. ) ;
#2598 = DIRECTION ( 'NONE',  ( 1.000000000000000000, -3.870341738045775180E-82, -2.072906778112844930E-49 ) ) ;
#2599 = VERTEX_POINT ( 'NONE', #6115 ) ;
#2600 = CYLINDRICAL_SURFACE ( 'NONE', #2048, 0.5000000000000000000 ) ;
#2601 = CARTESIAN_POINT ( 'NONE',  ( 1.738958130906365085, 2.983969638426825277, 0.6400000000000000133 ) ) ;
#2602 = CARTESIAN_POINT ( 'NONE',  ( 1.316759052918389239, 1.231961108608907285, -0.6400000000000001243 ) ) ;
#2603 = EDGE_LOOP ( 'NONE', ( #6272, #119, #2826, #5610 ) ) ;
#2604 = VECTOR ( 'NONE', #546, 1000.000000000000000 ) ;
#2605 = FACE_OUTER_BOUND ( 'NONE', #5950, .T. ) ;
#2606 = VERTEX_POINT ( 'NONE', #3387 ) ;
#2607 = EDGE_CURVE ( 'NONE', #295, #5139, #638, .T. ) ;
#2608 = ORIENTED_EDGE ( 'NONE', *, *, #5273, .T. ) ;
#2609 = CARTESIAN_POINT ( 'NONE',  ( 1.289228465112911559, 1.117298009502765810, -0.6400000000000001243 ) ) ;
#2610 = DIRECTION ( 'NONE',  ( 1.000000000000000000, -3.336006684570782608E-16, 0.0000000000000000000 ) ) ;
#2611 = VECTOR ( 'NONE', #4430, 1000.000000000000000 ) ;
#2612 =( NAMED_UNIT ( * ) PLANE_ANGLE_UNIT ( ) SI_UNIT ( $, .RADIAN. ) );
#2613 = CARTESIAN_POINT ( 'NONE',  ( -0.2700000000000000178, 10.90000000000000036, 0.2700000000000000178 ) ) ;
#2614 = LINE ( 'NONE', #2113, #5166 ) ;
#2615 = ORIENTED_EDGE ( 'NONE', *, *, #4631, .T. ) ;
#2616 = AXIS2_PLACEMENT_3D ( 'NONE', #5078, #1977, #5860 ) ;
#2617 = CIRCLE ( 'NONE', #6688, 0.6500000000000000222 ) ;
#2618 = DIRECTION ( 'NONE',  ( 1.000000000000000000, 0.0000000000000000000, 0.0000000000000000000 ) ) ;
#2619 = EDGE_CURVE ( 'NONE', #1861, #4561, #1683, .T. ) ;
#2620 = CARTESIAN_POINT ( 'NONE',  ( 1.952893090244558039, 1.718843110545767106, -0.6400000000000001243 ) ) ;
#2621 = EDGE_CURVE ( 'NONE', #3735, #2001, #5981, .T. ) ;
#2622 = CARTESIAN_POINT ( 'NONE',  ( 0.0000000000000000000, 0.0000000000000000000, 0.6400000000000000133 ) ) ;
#2623 = CARTESIAN_POINT ( 'NONE',  ( 3.109999999999999876, 13.40000000000000036, 3.850000000000000089 ) ) ;
#2624 = DIRECTION ( 'NONE',  ( -3.826595902890015243E-16, -1.913297951445009840E-16, 1.000000000000000000 ) ) ;
#2625 = VECTOR ( 'NONE', #5351, 1000.000000000000000 ) ;
#2626 = FACE_OUTER_BOUND ( 'NONE', #130, .T. ) ;
#2627 = ORIENTED_EDGE ( 'NONE', *, *, #385, .F. ) ;
#2628 = DIRECTION ( 'NONE',  ( -1.000000000000000000, 0.0000000000000000000, 0.0000000000000000000 ) ) ;
#2629 = APPLICATION_PROTOCOL_DEFINITION ( 'draft international standard', 'automotive_design', 1998, #3504 ) ;
#2630 = DIRECTION ( 'NONE',  ( 0.0000000000000000000, 1.000000000000000000, 8.380306647230949920E-17 ) ) ;
#2631 = VECTOR ( 'NONE', #587, 1000.000000000000000 ) ;
#2632 = ADVANCED_FACE ( 'NONE', ( #1775 ), #4003, .F. ) ;
#2633 = DIRECTION ( 'NONE',  ( -2.465190328815659976E-32, 1.000000000000000000, 0.0000000000000000000 ) ) ;
#2634 = CARTESIAN_POINT ( 'NONE',  ( -1.409999999999999920, 0.2999999999999999889, -0.5699999999999999512 ) ) ;
#2635 = MECHANICAL_DESIGN_GEOMETRIC_PRESENTATION_REPRESENTATION (  '', ( #3558 ), #2862 ) ;
#2636 = CARTESIAN_POINT ( 'NONE',  ( 4.000000000000000000, 3.000000000000000000, 0.6400000000000000133 ) ) ;
#2637 = ORIENTED_EDGE ( 'NONE', *, *, #6815, .T. ) ;
#2638 = DIRECTION ( 'NONE',  ( 1.000000000000000000, 0.0000000000000000000, 0.0000000000000000000 ) ) ;
#2639 = VERTEX_POINT ( 'NONE', #4179 ) ;
#2640 = FACE_OUTER_BOUND ( 'NONE', #619, .T. ) ;
#2641 = PLANE ( 'NONE',  #3654 ) ;
#2642 = VECTOR ( 'NONE', #6463, 1000.000000000000000 ) ;
#2643 = CARTESIAN_POINT ( 'NONE',  ( 2.990000000000000213, 13.40000000000000036, -1.909999999999999920 ) ) ;
#2644 = DIRECTION ( 'NONE',  ( 0.0000000000000000000, -1.000000000000000000, 0.0000000000000000000 ) ) ;
#2645 = CARTESIAN_POINT ( 'NONE',  ( 2.416666666666674956, 3.000000000000000000, -0.6400000000000000133 ) ) ;
#2646 = VERTEX_POINT ( 'NONE', #2976 ) ;
#2647 = AXIS2_PLACEMENT_3D ( 'NONE', #2486, #6379, #3030 ) ;
#2648 = ORIENTED_EDGE ( 'NONE', *, *, #6792, .F. ) ;
#2649 = DIRECTION ( 'NONE',  ( 0.0000000000000000000, 1.000000000000000000, -9.227252531791520216E-16 ) ) ;
#2650 = ORIENTED_EDGE ( 'NONE', *, *, #5394, .T. ) ;
#2651 = ORIENTED_EDGE ( 'NONE', *, *, #6525, .F. ) ;
#2652 = CARTESIAN_POINT ( 'NONE',  ( 1.955494150633415140, 1.719997054779973888, -0.6400000000000001243 ) ) ;
#2653 = VECTOR ( 'NONE', #2814, 1000.000000000000000 ) ;
#2654 = DIRECTION ( 'NONE',  ( 0.0000000000000000000, 0.0000000000000000000, 1.000000000000000000 ) ) ;
#2655 = DIRECTION ( 'NONE',  ( 1.000000000000000000, -8.182657905550978279E-17, -1.527790962642147745E-49 ) ) ;
#2656 = CARTESIAN_POINT ( 'NONE',  ( 2.700000000000000178, 9.400000000000000355, -2.000000000000000000 ) ) ;
#2657 = PLANE ( 'NONE',  #6698 ) ;
#2658 = VERTEX_POINT ( 'NONE', #4677 ) ;
#2659 = VECTOR ( 'NONE', #4253, 1000.000000000000000 ) ;
#2660 = DIRECTION ( 'NONE',  ( 1.000000000000000000, 0.0000000000000000000, -4.251773225433350161E-16 ) ) ;
#2661 = CARTESIAN_POINT ( 'NONE',  ( 0.003213581817323064773, 1.130852527098471949, -0.6400000000000000133 ) ) ;
#2662 = DIRECTION ( 'NONE',  ( 0.0000000000000000000, 1.000000000000000000, 0.0000000000000000000 ) ) ;
#2663 = CARTESIAN_POINT ( 'NONE',  ( 0.4500000000000000111, 13.40000000000000036, -1.110000000000000098 ) ) ;
#2664 = CYLINDRICAL_SURFACE ( 'NONE', #3204, 0.6500000000000000222 ) ;
#2665 = ADVANCED_FACE ( 'NONE', ( #301 ), #3559, .F. ) ;
#2666 = ORIENTED_EDGE ( 'NONE', *, *, #1106, .F. ) ;
#2667 = ADVANCED_FACE ( 'NONE', ( #5835 ), #4650, .T. ) ;
#2668 = ADVANCED_FACE ( 'NONE', ( #1878 ), #1954, .F. ) ;
#2669 = PRODUCT_CONTEXT ( 'NONE', #1033, 'mechanical' ) ;
#2670 = AXIS2_PLACEMENT_3D ( 'NONE', #3243, #2078, #5450 ) ;
#2671 = FACE_OUTER_BOUND ( 'NONE', #5392, .T. ) ;
#2672 = LINE ( 'NONE', #6637, #5380 ) ;
#2673 = LINE ( 'NONE', #7031, #5630 ) ;
#2674 = MECHANICAL_DESIGN_GEOMETRIC_PRESENTATION_REPRESENTATION (  '', ( #2892 ), #6956 ) ;
#2675 = EDGE_CURVE ( 'NONE', #1469, #5534, #6221, .T. ) ;
#2676 = FACE_OUTER_BOUND ( 'NONE', #6504, .T. ) ;
#2677 = ORIENTED_EDGE ( 'NONE', *, *, #896, .F. ) ;
#2678 = PLANE ( 'NONE',  #1122 ) ;
#2679 = ORIENTED_EDGE ( 'NONE', *, *, #279, .T. ) ;
#2680 = DIRECTION ( 'NONE',  ( -1.000000000000000000, 0.0000000000000000000, 0.0000000000000000000 ) ) ;
#2681 = DIRECTION ( 'NONE',  ( -1.000000000000000000, 0.0000000000000000000, 0.0000000000000000000 ) ) ;
#2682 = VECTOR ( 'NONE', #6021, 1000.000000000000000 ) ;
#2683 = CARTESIAN_POINT ( 'NONE',  ( -1.820000000000000062, 12.37975568869732079, -4.597157890324970353 ) ) ;
#2684 = CARTESIAN_POINT ( 'NONE',  ( 0.0000000000000000000, 0.5833333333333329263, -0.6400000000000000133 ) ) ;
#2685 = ORIENTED_EDGE ( 'NONE', *, *, #4951, .T. ) ;
#2686 = ORIENTED_EDGE ( 'NONE', *, *, #6079, .F. ) ;
#2687 = LINE ( 'NONE', #6613, #2872 ) ;
#2688 = ORIENTED_EDGE ( 'NONE', *, *, #2918, .F. ) ;
#2689 = VERTEX_POINT ( 'NONE', #1297 ) ;
#2690 = CARTESIAN_POINT ( 'NONE',  ( 1.279999999999998694, 0.1666666666666654917, -0.6400000000000001243 ) ) ;
#2691 = CARTESIAN_POINT ( 'NONE',  ( 2.208333333333349913, 3.000000000000000000, -0.6400000000000000133 ) ) ;
#2692 = FACE_OUTER_BOUND ( 'NONE', #5825, .T. ) ;
#2693 = CARTESIAN_POINT ( 'NONE',  ( 2.000000000000000000, 1.000000000000000000, 0.0000000000000000000 ) ) ;
#2694 = EDGE_LOOP ( 'NONE', ( #1622, #6750, #6765, #6006 ) ) ;
#2695 = ORIENTED_EDGE ( 'NONE', *, *, #4090, .T. ) ;
#2696 = CARTESIAN_POINT ( 'NONE',  ( -1.279999999999998694, 0.3333333333333309834, -0.6400000000000001243 ) ) ;
#2697 = CARTESIAN_POINT ( 'NONE',  ( 1.279999999999998694, 0.3333333333333334259, 0.6400000000000001243 ) ) ;
#2698 = DIRECTION ( 'NONE',  ( 1.000000000000000000, 0.0000000000000000000, 0.0000000000000000000 ) ) ;
#2699 = CARTESIAN_POINT ( 'NONE',  ( -2.550000000000000266, 0.2999999999999999889, -0.5699999999999999512 ) ) ;
#2700 = ORIENTED_EDGE ( 'NONE', *, *, #5803, .F. ) ;
#2701 = DIRECTION ( 'NONE',  ( 1.000000000000000000, 0.0000000000000000000, 0.0000000000000000000 ) ) ;
#2702 = VERTEX_POINT ( 'NONE', #4103 ) ;
#2703 = FACE_BOUND ( 'NONE', #4151, .T. ) ;
#2704 = DIRECTION ( 'NONE',  ( 1.000000000000000000, 0.0000000000000000000, 0.0000000000000000000 ) ) ;
#2705 = CARTESIAN_POINT ( 'NONE',  ( 4.000000000000000000, 3.000000000000000000, 0.0000000000000000000 ) ) ;
#2706 = EDGE_CURVE ( 'NONE', #4627, #21, #1365, .T. ) ;
#2707 = EDGE_CURVE ( 'NONE', #6758, #1642, #6397, .T. ) ;
#2708 = PRODUCT_RELATED_PRODUCT_CATEGORY ( 'part', '', ( #3881 ) ) ;
#2709 = VERTEX_POINT ( 'NONE', #5737 ) ;
#2710 = CARTESIAN_POINT ( 'NONE',  ( 3.959999999999999964, 1.000000000000000000, -5.495603971894519156E-16 ) ) ;
#2711 = ORIENTED_EDGE ( 'NONE', *, *, #103, .F. ) ;
#2712 = CARTESIAN_POINT ( 'NONE',  ( 1.820000000000000062, 13.40000000000000036, -2.409999999999999698 ) ) ;
#2713 = CARTESIAN_POINT ( 'NONE',  ( -2.550000000000000266, 0.2999999999999999889, 0.5699999999999999512 ) ) ;
#2714 = EDGE_CURVE ( 'NONE', #3770, #5177, #6843, .T. ) ;
#2715 = EDGE_CURVE ( 'NONE', #7177, #3353, #7011, .T. ) ;
#2716 = CARTESIAN_POINT ( 'NONE',  ( 1.820000000000000062, 13.40000000000000036, -1.909999999999999920 ) ) ;
#2717 = CARTESIAN_POINT ( 'NONE',  ( 2.083333333333345028, 3.000000000000000000, 0.6400000000000000133 ) ) ;
#2718 = CARTESIAN_POINT ( 'NONE',  ( 2.041666584331814693, 3.000005208292495062, -0.6400000000000000133 ) ) ;
#2719 = CARTESIAN_POINT ( 'NONE',  ( 2.083333333333342807, 1.720000000000000639, -0.6400000000000001243 ) ) ;
#2720 = ORIENTED_EDGE ( 'NONE', *, *, #4781, .F. ) ;
#2721 = CARTESIAN_POINT ( 'NONE',  ( 0.8199999999999999512, 6.779999999999999361, -2.861285051386784684 ) ) ;
#2722 = ORIENTED_EDGE ( 'NONE', *, *, #3385, .T. ) ;
#2723 = ORIENTED_EDGE ( 'NONE', *, *, #6037, .F. ) ;
#2724 = CARTESIAN_POINT ( 'NONE',  ( 1.952893090244558039, 1.718843110545767106, 0.6400000000000001243 ) ) ;
#2725 = DIRECTION ( 'NONE',  ( 1.000000000000000000, 0.0000000000000000000, 0.0000000000000000000 ) ) ;
#2726 = FACE_OUTER_BOUND ( 'NONE', #4434, .T. ) ;
#2727 = LINE ( 'NONE', #4935, #2221 ) ;
#2728 = DIRECTION ( 'NONE',  ( 0.0000000000000000000, 0.0000000000000000000, 1.000000000000000000 ) ) ;
#2729 = ORIENTED_EDGE ( 'NONE', *, *, #1670, .F. ) ;
#2730 = CARTESIAN_POINT ( 'NONE',  ( 2.041666584331814693, 3.000005208292495062, 0.6400000000000000133 ) ) ;
#2731 = CARTESIAN_POINT ( 'NONE',  ( -1.279986582886592394, 1.086393585870359280, -0.6400000000000001243 ) ) ;
#2732 = VECTOR ( 'NONE', #3463, 1000.000000000000000 ) ;
#2733 = FACE_OUTER_BOUND ( 'NONE', #6817, .T. ) ;
#2734 = CARTESIAN_POINT ( 'NONE',  ( 3.459999999999999964, 9.400000000000000355, 4.799999999999999822 ) ) ;
#2735 = ORIENTED_EDGE ( 'NONE', *, *, #4521, .T. ) ;
#2736 = ORIENTED_EDGE ( 'NONE', *, *, #4603, .F. ) ;
#2737 = CARTESIAN_POINT ( 'NONE',  ( -0.8199999999999999512, 6.779999999999999361, -3.660000000000000142 ) ) ;
#2738 = CARTESIAN_POINT ( 'NONE',  ( 1.110000000000000098, 0.0000000000000000000, -0.8699999999999999956 ) ) ;
#2739 = AXIS2_PLACEMENT_3D ( 'NONE', #6494, #1504, #4737 ) ;
#2740 =( LENGTH_UNIT ( ) NAMED_UNIT ( * ) SI_UNIT ( .MILLI., .METRE. ) );
#2741 = CARTESIAN_POINT ( 'NONE',  ( 1.869147472901544926, 2.996786418182679768, 0.6400000000000000133 ) ) ;
#2742 = VECTOR ( 'NONE', #4383, 1000.000000000000000 ) ;
#2743 = EDGE_CURVE ( 'NONE', #628, #1951, #1076, .T. ) ;
#2744 = ORIENTED_EDGE ( 'NONE', *, *, #1445, .T. ) ;
#2745 = VECTOR ( 'NONE', #4765, 1000.000000000000000 ) ;
#2746 = CARTESIAN_POINT ( 'NONE',  ( -3.759999999999999787, 9.400000000000000355, 8.673617379884030542E-16 ) ) ;
#2747 = ORIENTED_EDGE ( 'NONE', *, *, #6441, .T. ) ;
#2748 = CARTESIAN_POINT ( 'NONE',  ( 3.510000000000000231, 13.40000000000000036, -1.110000000000000098 ) ) ;
#2749 = DIRECTION ( 'NONE',  ( 0.0000000000000000000, 0.0000000000000000000, -1.000000000000000000 ) ) ;
#2750 = DIRECTION ( 'NONE',  ( 0.0000000000000000000, 0.0000000000000000000, -1.000000000000000000 ) ) ;
#2751 = VECTOR ( 'NONE', #5927, 1000.000000000000000 ) ;
#2752 = CARTESIAN_POINT ( 'NONE',  ( 1.934550282381494846, 2.999991818833284807, -0.6400000000000000133 ) ) ;
#2753 = EDGE_CURVE ( 'NONE', #5534, #6719, #3273, .T. ) ;
#2754 = ORIENTED_EDGE ( 'NONE', *, *, #4825, .T. ) ;
#2755 = EDGE_CURVE ( 'NONE', #5698, #5294, #922, .T. ) ;
#2756 = CARTESIAN_POINT ( 'NONE',  ( 1.820000000000000062, 6.779999999999999361, -3.660000000000000142 ) ) ;
#2757 = ORIENTED_EDGE ( 'NONE', *, *, #6714, .F. ) ;
#2758 = VERTEX_POINT ( 'NONE', #6469 ) ;
#2759 = CARTESIAN_POINT ( 'NONE',  ( 2.208333333333345916, 1.720000000000000639, 0.6400000000000001243 ) ) ;
#2760 = CARTESIAN_POINT ( 'NONE',  ( -0.8199999999999999512, 1.251646398047192132, -1.909999999999999920 ) ) ;
#2761 = LINE ( 'NONE', #1074, #3075 ) ;
#2762 = DIRECTION ( 'NONE',  ( -1.141265444721584103E-15, 0.0000000000000000000, 1.000000000000000000 ) ) ;
#2763 = DIRECTION ( 'NONE',  ( 1.000000000000000000, 0.0000000000000000000, 0.0000000000000000000 ) ) ;
#2764 = ORIENTED_EDGE ( 'NONE', *, *, #859, .T. ) ;
#2765 = EDGE_CURVE ( 'NONE', #3959, #6821, #5753, .T. ) ;
#2766 = CARTESIAN_POINT ( 'NONE',  ( 1.820000000000000062, 5.599999999999999645, -1.909999999999999920 ) ) ;
#2767 = EDGE_LOOP ( 'NONE', ( #5197, #3380, #4867, #6534 ) ) ;
#2768 = CARTESIAN_POINT ( 'NONE',  ( 2.833333333333285076, 3.000000000000000000, 0.6400000000000000133 ) ) ;
#2769 = APPLICATION_CONTEXT ( 'automotive_design' ) ;
#2770 = AXIS2_PLACEMENT_3D ( 'NONE', #4425, #6641, #1712 ) ;
#2771 = CARTESIAN_POINT ( 'NONE',  ( 0.01603036157317494839, 1.261041869093620038, -0.6400000000000000133 ) ) ;
#2772 = FACE_OUTER_BOUND ( 'NONE', #745, .T. ) ;
#2773 = CARTESIAN_POINT ( 'NONE',  ( 4.000000000000000000, 3.000000000000000000, 0.0000000000000000000 ) ) ;
#2774 = VERTEX_POINT ( 'NONE', #957 ) ;
#2775 = LINE ( 'NONE', #3860, #1099 ) ;
#2776 = AXIS2_PLACEMENT_3D ( 'NONE', #5337, #742, #4147 ) ;
#2777 = ORIENTED_EDGE ( 'NONE', *, *, #1805, .F. ) ;
#2778 = SHAPE_REPRESENTATION ( 'User Library-A3963WV-2P-1', ( #6266, #1616 ), #4988 ) ;
#2779 = FACE_BOUND ( 'NONE', #3670, .T. ) ;
#2780 = LINE ( 'NONE', #509, #6673 ) ;
#2781 = DIRECTION ( 'NONE',  ( -6.914672651895809708E-32, 1.000000000000000000, 0.0000000000000000000 ) ) ;
#2782 = ORIENTED_EDGE ( 'NONE', *, *, #2706, .T. ) ;
#2783 = DIRECTION ( 'NONE',  ( 1.000000000000000000, 0.0000000000000000000, 0.0000000000000000000 ) ) ;
#2784 = ORIENTED_EDGE ( 'NONE', *, *, #5723, .T. ) ;
#2785 = CARTESIAN_POINT ( 'NONE',  ( 1.214999999999999858, -9.368548013477249779E-17, -3.840000000000000302 ) ) ;
#2786 = DIRECTION ( 'NONE',  ( -1.000000000000000000, 0.0000000000000000000, 0.0000000000000000000 ) ) ;
#2787 = CARTESIAN_POINT ( 'NONE',  ( -0.5699999999999999512, 9.900000000000000355, 0.5699999999999999512 ) ) ;
#2788 = VECTOR ( 'NONE', #2838, 1000.000000000000000 ) ;
#2789 = CARTESIAN_POINT ( 'NONE',  ( 2.166666666666661634, 4.279999999999995808, -0.6400000000000001243 ) ) ;
#2790 = ORIENTED_EDGE ( 'NONE', *, *, #6489, .T. ) ;
#2791 = LINE ( 'NONE', #2890, #757 ) ;
#2792 = VERTEX_POINT ( 'NONE', #3196 ) ;
#2793 = VECTOR ( 'NONE', #985, 1000.000000000000000 ) ;
#2794 = VERTEX_POINT ( 'NONE', #4936 ) ;
#2795 = CARTESIAN_POINT ( 'NONE',  ( 3.666666666667149688, 3.000000000000000000, -0.6400000000000000133 ) ) ;
#2796 = EDGE_CURVE ( 'NONE', #1949, #3916, #2192, .T. ) ;
#2797 = CARTESIAN_POINT ( 'NONE',  ( 2.550000000000000266, 1.000000000000000000, -0.5699999999999999512 ) ) ;
#2798 = EDGE_CURVE ( 'NONE', #3353, #5830, #1628, .T. ) ;
#2799 = EDGE_CURVE ( 'NONE', #1976, #4272, #1689, .T. ) ;
#2800 = PLANE ( 'NONE',  #1153 ) ;
#2801 = CARTESIAN_POINT ( 'NONE',  ( -1.214999999999999858, 0.0000000000000000000, -3.290000000000000036 ) ) ;
#2802 = ORIENTED_EDGE ( 'NONE', *, *, #7114, .F. ) ;
#2803 = EDGE_LOOP ( 'NONE', ( #4094, #3056, #5232, #3826 ) ) ;
#2804 = CARTESIAN_POINT ( 'NONE',  ( 0.01603036157317479921, 1.261041869093620038, 0.6400000000000000133 ) ) ;
#2805 = CARTESIAN_POINT ( 'NONE',  ( -1.279999999999998694, 0.3333333333333309834, 0.6400000000000001243 ) ) ;
#2806 = CARTESIAN_POINT ( 'NONE',  ( 2.833333333333289517, 3.000000000000000000, 0.6400000000000000133 ) ) ;
#2807 = CARTESIAN_POINT ( 'NONE',  ( 0.5699999999999999512, -2.700000000000000178, -0.5699999999999999512 ) ) ;
#2808 = ADVANCED_FACE ( 'NONE', ( #418 ), #2657, .F. ) ;
#2809 = DIRECTION ( 'NONE',  ( 0.0000000000000000000, -1.000000000000000000, 0.0000000000000000000 ) ) ;
#2810 = CARTESIAN_POINT ( 'NONE',  ( 2.880000000000000338, 6.299999999999999822, 3.850000000000000089 ) ) ;
#2811 = VERTEX_POINT ( 'NONE', #1476 ) ;
#2812 = DIRECTION ( 'NONE',  ( 0.0000000000000000000, 1.000000000000000000, 0.0000000000000000000 ) ) ;
#2813 = ORIENTED_EDGE ( 'NONE', *, *, #5366, .T. ) ;
#2814 = DIRECTION ( 'NONE',  ( 0.0000000000000000000, -1.000000000000000000, 0.0000000000000000000 ) ) ;
#2815 = FACE_OUTER_BOUND ( 'NONE', #2803, .T. ) ;
#2816 = DIRECTION ( 'NONE',  ( 0.0000000000000000000, -1.000000000000000000, 0.0000000000000000000 ) ) ;
#2817 =( NAMED_UNIT ( * ) SI_UNIT ( $, .STERADIAN. ) SOLID_ANGLE_UNIT ( ) );
#2818 = EDGE_CURVE ( 'NONE', #1820, #4854, #2614, .T. ) ;
#2819 = LINE ( 'NONE', #1673, #6915 ) ;
#2820 = ORIENTED_EDGE ( 'NONE', *, *, #6309, .T. ) ;
#2821 = ORIENTED_EDGE ( 'NONE', *, *, #6351, .F. ) ;
#2822 = DIRECTION ( 'NONE',  ( 1.000000000000000000, 0.0000000000000000000, 0.0000000000000000000 ) ) ;
#2823 = LINE ( 'NONE', #2317, #3138 ) ;
#2824 = DIRECTION ( 'NONE',  ( 0.0000000000000000000, 0.0000000000000000000, 1.000000000000000000 ) ) ;
#2825 = CARTESIAN_POINT ( 'NONE',  ( 2.833333333333285520, 4.279999999999995808, -0.6400000000000001243 ) ) ;
#2826 = ORIENTED_EDGE ( 'NONE', *, *, #6476, .F. ) ;
#2827 = DIRECTION ( 'NONE',  ( 0.0000000000000000000, -1.000000000000000000, 0.0000000000000000000 ) ) ;
#2828 = EDGE_LOOP ( 'NONE', ( #6440, #5598, #1401, #5845 ) ) ;
#2829 = EDGE_CURVE ( 'NONE', #6143, #2106, #5917, .T. ) ;
#2830 = VERTEX_POINT ( 'NONE', #6034 ) ;
#2831 = CARTESIAN_POINT ( 'NONE',  ( 2.208333333333345916, 1.720000000000000639, -0.6400000000000001243 ) ) ;
#2832 = DIRECTION ( 'NONE',  ( 0.0000000000000000000, 0.0000000000000000000, 1.000000000000000000 ) ) ;
#2833 = CARTESIAN_POINT ( 'NONE',  ( 2.333333333333300175, 3.000000000000000000, 0.6400000000000000133 ) ) ;
#2834 = VERTEX_POINT ( 'NONE', #5995 ) ;
#2835 = EDGE_CURVE ( 'NONE', #506, #4131, #853, .T. ) ;
#2836 = CARTESIAN_POINT ( 'NONE',  ( 0.4006670468120259732, 2.229094171558219983, 0.6400000000000000133 ) ) ;
#2837 = CARTESIAN_POINT ( 'NONE',  ( -1.214999999999999858, 0.0000000000000000000, 4.799999999999999822 ) ) ;
#2838 = DIRECTION ( 'NONE',  ( 1.000000000000000000, 0.0000000000000000000, -1.902109074535969807E-16 ) ) ;
#2839 = PRODUCT ( 'User Library-A3963WV-2P-1', 'User Library-A3963WV-2P-1', '', ( #2669 ) ) ;
#2840 = ORIENTED_EDGE ( 'NONE', *, *, #3627, .T. ) ;
#2841 = DIRECTION ( 'NONE',  ( -1.000000000000000000, 0.0000000000000000000, 0.0000000000000000000 ) ) ;
#2842 = ORIENTED_EDGE ( 'NONE', *, *, #2032, .F. ) ;
#2843 = EDGE_CURVE ( 'NONE', #6429, #6100, #2582, .T. ) ;
#2844 = EDGE_CURVE ( 'NONE', #5599, #4803, #3553, .T. ) ;
#2845 = PLANE ( 'NONE',  #2491 ) ;
#2846 = CARTESIAN_POINT ( 'NONE',  ( 1.785401855558534034, 4.274729725819588211, -0.6400000000000001243 ) ) ;
#2847 = VECTOR ( 'NONE', #5687, 1000.000000000000000 ) ;
#2848 = DIRECTION ( 'NONE',  ( 0.0000000000000000000, 1.000000000000000000, 0.0000000000000000000 ) ) ;
#2849 = VERTEX_POINT ( 'NONE', #2801 ) ;
#2850 = ADVANCED_FACE ( 'NONE', ( #1693 ), #4574, .F. ) ;
#2851 = LINE ( 'NONE', #6914, #1603 ) ;
#2852 = ORIENTED_EDGE ( 'NONE', *, *, #2272, .T. ) ;
#2853 = VECTOR ( 'NONE', #4658, 1000.000000000000000 ) ;
#2854 = CARTESIAN_POINT ( 'NONE',  ( 3.459999999999999964, 0.0000000000000000000, 4.799999999999999822 ) ) ;
#2855 = LINE ( 'NONE', #69, #4647 ) ;
#2856 = AXIS2_PLACEMENT_3D ( 'NONE', #1767, #627, #2868 ) ;
#2857 = VECTOR ( 'NONE', #1741, 1000.000000000000000 ) ;
#2858 = CARTESIAN_POINT ( 'NONE',  ( 2.041666584331814693, 3.000005208292495062, -0.6400000000000000133 ) ) ;
#2859 = ORIENTED_EDGE ( 'NONE', *, *, #3677, .F. ) ;
#2860 = LINE ( 'NONE', #5070, #1116 ) ;
#2861 = ORIENTED_EDGE ( 'NONE', *, *, #1496, .T. ) ;
#2862 =( GEOMETRIC_REPRESENTATION_CONTEXT ( 3 ) GLOBAL_UNCERTAINTY_ASSIGNED_CONTEXT ( ( #5722 ) ) GLOBAL_UNIT_ASSIGNED_CONTEXT ( ( #5554, #570, #2393 ) ) REPRESENTATION_CONTEXT ( 'NONE', 'WORKASPACE' ) );
#2863 = EDGE_LOOP ( 'NONE', ( #4324, #6398, #2729, #5287 ) ) ;
#2864 = VECTOR ( 'NONE', #1825, 1000.000000000000000 ) ;
#2865 = CARTESIAN_POINT ( 'NONE',  ( -0.6229060432282556015, 3.015714441355473951, -0.6400000000000001243 ) ) ;
#2866 = DIRECTION ( 'NONE',  ( 1.000000000000000000, 0.0000000000000000000, 0.0000000000000000000 ) ) ;
#2867 = DIRECTION ( 'NONE',  ( -6.914672651895809708E-32, 1.000000000000000000, 1.913297951445009840E-16 ) ) ;
#2868 = DIRECTION ( 'NONE',  ( -1.000000000000000000, 0.0000000000000000000, 0.0000000000000000000 ) ) ;
#2869 = ORIENTED_EDGE ( 'NONE', *, *, #1178, .F. ) ;
#2870 = ORIENTED_EDGE ( 'NONE', *, *, #5810, .T. ) ;
#2871 = DIRECTION ( 'NONE',  ( -1.000000000000000000, 0.0000000000000000000, 1.387778780781445922E-16 ) ) ;
#2872 = VECTOR ( 'NONE', #5908, 1000.000000000000000 ) ;
#2873 = FACE_OUTER_BOUND ( 'NONE', #1791, .T. ) ;
#2874 = DIRECTION ( 'NONE',  ( 1.000000000000000000, 0.0000000000000000000, 0.0000000000000000000 ) ) ;
#2875 = CARTESIAN_POINT ( 'NONE',  ( 0.8199999999999999512, 1.251646398047192132, -3.660000000000000142 ) ) ;
#2876 = VECTOR ( 'NONE', #6892, 1000.000000000000000 ) ;
#2877 = DIRECTION ( 'NONE',  ( 0.0000000000000000000, 0.0000000000000000000, 1.000000000000000000 ) ) ;
#2878 = CARTESIAN_POINT ( 'NONE',  ( 0.0000000000000000000, 0.5833333333333329263, 0.6400000000000000133 ) ) ;
#2879 = DIRECTION ( 'NONE',  ( -1.000000000000000000, 0.0000000000000000000, -1.141265444721584103E-15 ) ) ;
#2880 = TOROIDAL_SURFACE ( 'NONE', #2988, 0.2999999999999999889, 0.2000000000000000111 ) ;
#2881 = CARTESIAN_POINT ( 'NONE',  ( -1.237959214485630621, 1.534357598845912829, 0.6400000000000001243 ) ) ;
#2882 = ADVANCED_FACE ( 'NONE', ( #10 ), #1216, .T. ) ;
#2883 = ADVANCED_FACE ( 'NONE', ( #3448 ), #80, .T. ) ;
#2884 = VERTEX_POINT ( 'NONE', #2258 ) ;
#2885 = ORIENTED_EDGE ( 'NONE', *, *, #6341, .T. ) ;
#2886 = CARTESIAN_POINT ( 'NONE',  ( 0.4500000000000000111, 12.40000000000000036, 2.949999999999999734 ) ) ;
#2887 = CARTESIAN_POINT ( 'NONE',  ( -4.009999999999999787, 13.40000000000000036, 3.350000000000000089 ) ) ;
#2888 = CARTESIAN_POINT ( 'NONE',  ( 3.333333333333429849, 3.000000000000000000, -0.6400000000000000133 ) ) ;
#2889 = ORIENTED_EDGE ( 'NONE', *, *, #5173, .F. ) ;
#2890 = CARTESIAN_POINT ( 'NONE',  ( -2.860907746895329673, 1.307362507392082041, -2.039092253104670238 ) ) ;
#2891 = PRODUCT_DEFINITION_CONTEXT ( 'detailed design', #4149, 'design' ) ;
#2892 = STYLED_ITEM ( 'NONE', ( #6555 ), #141 ) ;
#2893 = VECTOR ( 'NONE', #4138, 1000.000000000000000 ) ;
#2894 = ORIENTED_EDGE ( 'NONE', *, *, #3000, .T. ) ;
#2895 = CARTESIAN_POINT ( 'NONE',  ( -1.280008541599682248, 0.9450001350291937774, -0.6400000000000001243 ) ) ;
#2896 = PLANE ( 'NONE',  #5326 ) ;
#2897 = CARTESIAN_POINT ( 'NONE',  ( 0.0000000000000000000, 0.5833333333333329263, 0.6400000000000000133 ) ) ;
#2898 = VECTOR ( 'NONE', #5806, 1000.000000000000000 ) ;
#2899 = VERTEX_POINT ( 'NONE', #3921 ) ;
#2900 = FILL_AREA_STYLE ('',( #2332 ) ) ;
#2901 = LINE ( 'NONE', #3644, #731 ) ;
#2902 = CARTESIAN_POINT ( 'NONE',  ( -1.279999999999998694, 0.8333333333333348136, 0.6400000000000001243 ) ) ;
#2903 = AXIS2_PLACEMENT_3D ( 'NONE', #7181, #172, #5686 ) ;
#2904 = DIRECTION ( 'NONE',  ( 1.000000000000000000, 0.0000000000000000000, 0.0000000000000000000 ) ) ;
#2905 = FACE_OUTER_BOUND ( 'NONE', #512, .T. ) ;
#2906 = DIRECTION ( 'NONE',  ( 0.0000000000000000000, -1.000000000000000000, -1.913297951445009840E-16 ) ) ;
#2907 = VERTEX_POINT ( 'NONE', #6795 ) ;
#2908 = DIRECTION ( 'NONE',  ( 1.000000000000000000, 0.0000000000000000000, 0.0000000000000000000 ) ) ;
#2909 = ADVANCED_FACE ( 'NONE', ( #1656 ), #747, .T. ) ;
#2910 = CARTESIAN_POINT ( 'NONE',  ( 0.0000000000000000000, 0.3333333333333330373, 0.6400000000000000133 ) ) ;
#2911 = PLANE ( 'NONE',  #620 ) ;
#2912 = CLOSED_SHELL ( 'NONE', ( #6756, #60, #716, #4398, #947, #3832, #3460, #5989, #6766, #6488, #14, #2530, #1008, #5014 ) ) ;
#2913 = CARTESIAN_POINT ( 'NONE',  ( -1.237959214485629289, 1.534357598845912829, -0.6400000000000001243 ) ) ;
#2914 = ORIENTED_EDGE ( 'NONE', *, *, #3505, .F. ) ;
#2915 = DIRECTION ( 'NONE',  ( -1.000000000000000000, 7.228014483236700746E-17, 0.0000000000000000000 ) ) ;
#2916 = VECTOR ( 'NONE', #6445, 1000.000000000000000 ) ;
#2917 = ORIENTED_EDGE ( 'NONE', *, *, #5846, .F. ) ;
#2918 = EDGE_CURVE ( 'NONE', #2377, #5620, #3174, .T. ) ;
#2919 = DIRECTION ( 'NONE',  ( 7.228014483236689653E-17, 1.000000000000000000, 0.0000000000000000000 ) ) ;
#2920 = ADVANCED_FACE ( 'NONE', ( #2676 ), #2093, .F. ) ;
#2921 = CARTESIAN_POINT ( 'NONE',  ( -3.109999999999999876, 13.40000000000000036, 3.850000000000000089 ) ) ;
#2922 = CARTESIAN_POINT ( 'NONE',  ( 1.820000000000000062, 5.700000000000000178, -3.657157890324960192 ) ) ;
#2923 = CARTESIAN_POINT ( 'NONE',  ( 2.054999864970847856, 4.280008541599678473, 0.6400000000000001243 ) ) ;
#2924 = ORIENTED_EDGE ( 'NONE', *, *, #847, .T. ) ;
#2925 = FACE_OUTER_BOUND ( 'NONE', #5434, .T. ) ;
#2926 = EDGE_CURVE ( 'NONE', #5269, #6462, #4194, .T. ) ;
#2927 = CARTESIAN_POINT ( 'NONE',  ( 5.421010862427519705E-17, 0.5833333333333329263, -0.6400000000000000133 ) ) ;
#2928 = CARTESIAN_POINT ( 'NONE',  ( 2.666666666666639873, 3.000000000000000000, 0.6400000000000000133 ) ) ;
#2929 = CARTESIAN_POINT ( 'NONE',  ( 3.409999999999999698, 0.0000000000000000000, -1.489999999999999991 ) ) ;
#2930 = CARTESIAN_POINT ( 'NONE',  ( 2.833333333333285520, 1.720000000000000639, 0.6400000000000001243 ) ) ;
#2931 = VERTEX_POINT ( 'NONE', #4843 ) ;
#2932 = SURFACE_STYLE_FILL_AREA ( #2900 ) ;
#2933 = ORIENTED_EDGE ( 'NONE', *, *, #4456, .F. ) ;
#2934 = CARTESIAN_POINT ( 'NONE',  ( -1.110000000000000098, 0.0000000000000000000, -0.5699999999999999512 ) ) ;
#2935 = ADVANCED_FACE ( 'NONE', ( #976 ), #6447, .T. ) ;
#2936 = CARTESIAN_POINT ( 'NONE',  ( -0.6229060432282556015, 3.015714441355473951, 0.6400000000000001243 ) ) ;
#2937 = CARTESIAN_POINT ( 'NONE',  ( 5.421010862427519705E-17, 0.3333333333333330373, -0.6400000000000000133 ) ) ;
#2938 = DIRECTION ( 'NONE',  ( 0.0000000000000000000, 1.000000000000000000, 0.0000000000000000000 ) ) ;
#2939 = CARTESIAN_POINT ( 'NONE',  ( -1.820000000000000062, 2.200000000000000178, -4.597157890324959695 ) ) ;
#2940 = EDGE_LOOP ( 'NONE', ( #4447, #1105, #3801, #6979 ) ) ;
#2941 = CARTESIAN_POINT ( 'NONE',  ( -0.4500000000000000111, 12.40000000000000036, -1.110000000000000098 ) ) ;
#2942 = CARTESIAN_POINT ( 'NONE',  ( 1.674172195825665010, 2.974365374686354979, 0.6400000000000000133 ) ) ;
#2943 = CARTESIAN_POINT ( 'NONE',  ( -0.2700000000000000178, 10.90000000000000036, -0.2700000000000000178 ) ) ;
#2944 = CARTESIAN_POINT ( 'NONE',  ( -1.279999999999998694, 0.1666666666666654917, -0.6400000000000001243 ) ) ;
#2945 = VERTEX_POINT ( 'NONE', #5381 ) ;
#2946 = DIRECTION ( 'NONE',  ( 1.000000000000000000, 0.0000000000000000000, 8.673617379884060124E-16 ) ) ;
#2947 = DIRECTION ( 'NONE',  ( 0.0000000000000000000, 0.0000000000000000000, 1.000000000000000000 ) ) ;
#2948 = ORIENTED_EDGE ( 'NONE', *, *, #7154, .T. ) ;
#2949 = CARTESIAN_POINT ( 'NONE',  ( 1.820000000000000062, 2.200000000000000178, -3.657157890324955307 ) ) ;
#2950 = VECTOR ( 'NONE', #2548, 1000.000000000000000 ) ;
#2951 = DIRECTION ( 'NONE',  ( 0.0000000000000000000, 0.0000000000000000000, 1.000000000000000000 ) ) ;
#2952 = SHAPE_REPRESENTATION ( '\X2\9ed17ebf\X0\.STEP', ( #2084 ), #4998 ) ;
#2953 = CARTESIAN_POINT ( 'NONE',  ( 0.9925722314144990177, 2.747494155725414888, 0.6400000000000000133 ) ) ;
#2954 = EDGE_CURVE ( 'NONE', #543, #2899, #3679, .T. ) ;
#2955 = CARTESIAN_POINT ( 'NONE',  ( 1.674172195825665010, 2.974365374686354979, 0.6400000000000000133 ) ) ;
#2956 = VECTOR ( 'NONE', #84, 1000.000000000000000 ) ;
#2957 = ORIENTED_EDGE ( 'NONE', *, *, #2843, .T. ) ;
#2958 = LINE ( 'NONE', #1349, #2876 ) ;
#2959 = UNCERTAINTY_MEASURE_WITH_UNIT (LENGTH_MEASURE( 1.000000000000000082E-05 ), #194, 'distance_accuracy_value', 'NONE');
#2960 = CARTESIAN_POINT ( 'NONE',  ( 1.465642401154087837, 4.237959214485621295, -0.6400000000000001243 ) ) ;
#2961 = AXIS2_PLACEMENT_3D ( 'NONE', #6738, #4038, #156 ) ;
#2962 = CARTESIAN_POINT ( 'NONE',  ( 2.083333333333340143, 1.720000000000000639, 0.6400000000000001243 ) ) ;
#2963 = EDGE_CURVE ( 'NONE', #1275, #1129, #6413, .T. ) ;
#2964 = ADVANCED_FACE ( 'NONE', ( #3758 ), #396, .F. ) ;
#2965 = CARTESIAN_POINT ( 'NONE',  ( 1.303010529534182282, 1.186616369160203410, 0.6400000000000001243 ) ) ;
#2966 = EDGE_LOOP ( 'NONE', ( #581, #4100, #2869, #3062 ) ) ;
#2967 = CARTESIAN_POINT ( 'NONE',  ( -0.5699999999999999512, -2.700000000000000178, 0.5699999999999999512 ) ) ;
#2968 = ORIENTED_EDGE ( 'NONE', *, *, #4499, .T. ) ;
#2969 = AXIS2_PLACEMENT_3D ( 'NONE', #3216, #2009, #6994 ) ;
#2970 = CARTESIAN_POINT ( 'NONE',  ( -1.214999999999999858, 0.0000000000000000000, -3.290000000000000036 ) ) ;
#2971 = EDGE_LOOP ( 'NONE', ( #4703, #2286, #5728, #1542 ) ) ;
#2972 = CARTESIAN_POINT ( 'NONE',  ( 5.421010862427519705E-17, 0.0000000000000000000, -0.6400000000000000133 ) ) ;
#2973 = CARTESIAN_POINT ( 'NONE',  ( 4.000000000000000000, 3.000000000000000000, 0.0000000000000000000 ) ) ;
#2974 = VECTOR ( 'NONE', #2374, 1000.000000000000000 ) ;
#2975 = EDGE_CURVE ( 'NONE', #1770, #3310, #5895, .T. ) ;
#2976 = CARTESIAN_POINT ( 'NONE',  ( -2.550000000000000266, 3.200000000000000178, -0.5699999999999999512 ) ) ;
#2977 = CARTESIAN_POINT ( 'NONE',  ( -2.168404344971009854E-16, 0.0000000000000000000, 0.0000000000000000000 ) ) ;
#2978 = CARTESIAN_POINT ( 'NONE',  ( 1.316759052918389239, 1.231961108608907285, -0.6400000000000001243 ) ) ;
#2979 = CARTESIAN_POINT ( 'NONE',  ( 4.000000000000000000, 3.000000000000000000, -0.6400000000000000133 ) ) ;
#2980 = CARTESIAN_POINT ( 'NONE',  ( 2.833333333333285520, 4.279999999999995808, -0.6400000000000001243 ) ) ;
#2981 = CARTESIAN_POINT ( 'NONE',  ( 1.820000000000000062, 12.37975568869732079, -4.597157890324970353 ) ) ;
#2982 = VECTOR ( 'NONE', #1792, 1000.000000000000000 ) ;
#2983 = ORIENTED_EDGE ( 'NONE', *, *, #2268, .F. ) ;
#2984 =( NAMED_UNIT ( * ) SI_UNIT ( $, .STERADIAN. ) SOLID_ANGLE_UNIT ( ) );
#2985 = ORIENTED_EDGE ( 'NONE', *, *, #2448, .T. ) ;
#2986 = PLANE ( 'NONE',  #3925 ) ;
#2987 = LINE ( 'NONE', #751, #3554 ) ;
#2988 = AXIS2_PLACEMENT_3D ( 'NONE', #7100, #6989, #5965 ) ;
#2989 = CARTESIAN_POINT ( 'NONE',  ( 2.083333333333345028, 3.000000000000000000, 0.6400000000000000133 ) ) ;
#2990 = CARTESIAN_POINT ( 'NONE',  ( -0.8658904153896834766, 2.652181540480225586, 0.6400000000000001243 ) ) ;
#2991 = VERTEX_POINT ( 'NONE', #862 ) ;
#2992 = CARTESIAN_POINT ( 'NONE',  ( -1.279999999999998694, 0.1666666666666654917, 0.6400000000000001243 ) ) ;
#2993 = CARTESIAN_POINT ( 'NONE',  ( 1.481621196777171967, 2.936081862405050202, 0.6400000000000000133 ) ) ;
#2994 = CARTESIAN_POINT ( 'NONE',  ( 1.316759052918389239, 1.231961108608907285, -0.6400000000000001243 ) ) ;
#2995 = ORIENTED_EDGE ( 'NONE', *, *, #477, .F. ) ;
#2996 = LINE ( 'NONE', #3650, #3797 ) ;
#2997 = COLOUR_RGB ( '',0.8313725490196077761, 0.8392156862745098200, 0.8313725490196077761 ) ;
#2998 = ORIENTED_EDGE ( 'NONE', *, *, #3285, .T. ) ;
#2999 = AXIS2_PLACEMENT_3D ( 'NONE', #6592, #5372, #3825 ) ;
#3000 = EDGE_CURVE ( 'NONE', #551, #4131, #4821, .T. ) ;
#3001 = EDGE_CURVE ( 'NONE', #5823, #659, #5347, .T. ) ;
#3002 = EDGE_CURVE ( 'NONE', #6827, #2599, #4142, .T. ) ;
#3003 = CARTESIAN_POINT ( 'NONE',  ( -1.820000000000000062, 8.224999999999999645, -3.660000000000000142 ) ) ;
#3004 = SURFACE_STYLE_FILL_AREA ( #6395 ) ;
#3005 =( GEOMETRIC_REPRESENTATION_CONTEXT ( 3 ) GLOBAL_UNCERTAINTY_ASSIGNED_CONTEXT ( ( #6455 ) ) GLOBAL_UNIT_ASSIGNED_CONTEXT ( ( #211, #7212, #472 ) ) REPRESENTATION_CONTEXT ( 'NONE', 'WORKASPACE' ) );
#3006 = VECTOR ( 'NONE', #5510, 1000.000000000000000 ) ;
#3007 = DIRECTION ( 'NONE',  ( -0.5773502691896267303, 0.5773502691896257311, -0.5773502691896248429 ) ) ;
#3008 = PRODUCT ( 'A3963H-2P.STEP', 'A3963H-2P.STEP', '', ( #392 ) ) ;
#3009 = CARTESIAN_POINT ( 'NONE',  ( 0.9925722314144990177, 2.747494155725414888, -0.6400000000000000133 ) ) ;
#3010 = ORIENTED_EDGE ( 'NONE', *, *, #2316, .T. ) ;
#3011 = DIRECTION ( 'NONE',  ( 0.1856067747580749105, 0.0000000000000000000, 0.9826241016603984857 ) ) ;
#3012 = CIRCLE ( 'NONE', #2561, 0.8500000000000000888 ) ;
#3013 = CARTESIAN_POINT ( 'NONE',  ( 3.333333333333429849, 3.000000000000000000, 0.6400000000000000133 ) ) ;
#3014 = EDGE_CURVE ( 'NONE', #6684, #3130, #4597, .T. ) ;
#3015 = CARTESIAN_POINT ( 'NONE',  ( -1.820000000000000062, 6.779999999999999361, -3.660000000000000142 ) ) ;
#3016 = CARTESIAN_POINT ( 'NONE',  ( 0.8199999999999999512, 1.251646398047192132, -1.909999999999999920 ) ) ;
#3017 = CARTESIAN_POINT ( 'NONE',  ( 2.666666666666638541, 4.279999999999995808, 0.6400000000000001243 ) ) ;
#3018 = FACE_OUTER_BOUND ( 'NONE', #6871, .T. ) ;
#3019 = ORIENTED_EDGE ( 'NONE', *, *, #2179, .T. ) ;
#3020 = FILL_AREA_STYLE ('',( #4626 ) ) ;
#3021 = ORIENTED_EDGE ( 'NONE', *, *, #101, .T. ) ;
#3022 = DIRECTION ( 'NONE',  ( 1.000000000000000000, 0.0000000000000000000, 0.0000000000000000000 ) ) ;
#3023 = CARTESIAN_POINT ( 'NONE',  ( -0.5699999999999999512, -2.700000000000000178, -0.5699999999999999512 ) ) ;
#3024 = EDGE_CURVE ( 'NONE', #4232, #6082, #3079, .T. ) ;
#3025 = DIRECTION ( 'NONE',  ( 0.0000000000000000000, -1.000000000000000000, 0.0000000000000000000 ) ) ;
#3026 = SURFACE_STYLE_USAGE ( .BOTH. , #857 ) ;
#3027 = CARTESIAN_POINT ( 'NONE',  ( 2.333333333333300175, 3.000000000000000000, 0.6400000000000000133 ) ) ;
#3028 = CARTESIAN_POINT ( 'NONE',  ( 1.913606414129576105, 4.279986582886588842, 0.6400000000000001243 ) ) ;
#3029 = VERTEX_POINT ( 'NONE', #3901 ) ;
#3030 = DIRECTION ( 'NONE',  ( 1.000000000000000000, 0.0000000000000000000, 0.0000000000000000000 ) ) ;
#3031 = VERTEX_POINT ( 'NONE', #4063 ) ;
#3032 = UNCERTAINTY_MEASURE_WITH_UNIT (LENGTH_MEASURE( 1.000000000000000082E-05 ), #801, 'distance_accuracy_value', 'NONE');
#3033 = CARTESIAN_POINT ( 'NONE',  ( 1.785401855558534034, 4.274729725819588211, 0.6400000000000001243 ) ) ;
#3034 = CARTESIAN_POINT ( 'NONE',  ( 2.041666584331814693, 3.000005208292495062, 0.6400000000000000133 ) ) ;
#3035 = CARTESIAN_POINT ( 'NONE',  ( 1.424240136852308325, 1.442473901760956023, 0.6400000000000001243 ) ) ;
#3036 = ORIENTED_EDGE ( 'NONE', *, *, #1655, .T. ) ;
#3037 = CARTESIAN_POINT ( 'NONE',  ( -1.820000000000000062, 3.649999999999999911, -3.660000000000000142 ) ) ;
#3038 = ORIENTED_EDGE ( 'NONE', *, *, #1494, .T. ) ;
#3039 = EDGE_LOOP ( 'NONE', ( #5169, #6332, #2383, #4926 ) ) ;
#3040 = LINE ( 'NONE', #3003, #1256 ) ;
#3041 =( LENGTH_UNIT ( ) NAMED_UNIT ( * ) SI_UNIT ( .MILLI., .METRE. ) );
#3042 = LINE ( 'NONE', #3657, #6040 ) ;
#3043 = DIRECTION ( 'NONE',  ( 1.000000000000000000, 0.0000000000000000000, 3.614007241618350250E-16 ) ) ;
#3044 = EDGE_CURVE ( 'NONE', #2811, #1613, #2819, .T. ) ;
#3045 = ORIENTED_EDGE ( 'NONE', *, *, #4917, .T. ) ;
#3046 = PLANE ( 'NONE',  #6248 ) ;
#3047 = CARTESIAN_POINT ( 'NONE',  ( 1.279999999999998694, 0.9166666666666598573, -0.6400000000000001243 ) ) ;
#3048 = CARTESIAN_POINT ( 'NONE',  ( 1.674172195825665010, 2.974365374686354979, 0.6400000000000000133 ) ) ;
#3049 = CYLINDRICAL_SURFACE ( 'NONE', #2776, 0.5000000000000000000 ) ;
#3050 = CARTESIAN_POINT ( 'NONE',  ( -1.820000000000000062, 10.90000000000000036, -5.110000000000000320 ) ) ;
#3051 = FACE_OUTER_BOUND ( 'NONE', #569, .T. ) ;
#3052 = EDGE_CURVE ( 'NONE', #3258, #1604, #4913, .T. ) ;
#3053 = ORIENTED_EDGE ( 'NONE', *, *, #1516, .F. ) ;
#3054 = EDGE_CURVE ( 'NONE', #5105, #2357, #1126, .T. ) ;
#3055 = DIRECTION ( 'NONE',  ( 0.0000000000000000000, 0.0000000000000000000, -1.000000000000000000 ) ) ;
#3056 = ORIENTED_EDGE ( 'NONE', *, *, #2408, .F. ) ;
#3057 = LINE ( 'NONE', #3135, #6679 ) ;
#3058 = ORIENTED_EDGE ( 'NONE', *, *, #1998, .F. ) ;
#3059 = CARTESIAN_POINT ( 'NONE',  ( 2.666666666666639873, 3.000000000000000000, 0.6400000000000000133 ) ) ;
#3060 = EDGE_CURVE ( 'NONE', #5159, #4232, #3392, .T. ) ;
#3061 = CARTESIAN_POINT ( 'NONE',  ( 0.0000000000000000000, 0.8333333333333369231, 0.6400000000000000133 ) ) ;
#3062 = ORIENTED_EDGE ( 'NONE', *, *, #5945, .T. ) ;
#3063 = FACE_OUTER_BOUND ( 'NONE', #4436, .T. ) ;
#3064 = CARTESIAN_POINT ( 'NONE',  ( -1.214999999999999858, 0.2999999999999999889, 4.799999999999999822 ) ) ;
#3065 = DIRECTION ( 'NONE',  ( -1.110223024625158020E-16, 1.000000000000000000, 0.0000000000000000000 ) ) ;
#3066 = CARTESIAN_POINT ( 'NONE',  ( 1.557526098239063295, 1.575759863147669027, 0.6400000000000001243 ) ) ;
#3067 = AXIS2_PLACEMENT_3D ( 'NONE', #5566, #5967, #2240 ) ;
#3068 = VECTOR ( 'NONE', #395, 1000.000000000000000 ) ;
#3069 = CARTESIAN_POINT ( 'NONE',  ( 2.028333303692779754, 1.720001874985300772, 0.6400000000000001243 ) ) ;
#3070 = ORIENTED_EDGE ( 'NONE', *, *, #3182, .F. ) ;
#3071 = FACE_OUTER_BOUND ( 'NONE', #6222, .T. ) ;
#3072 = ORIENTED_EDGE ( 'NONE', *, *, #3246, .F. ) ;
#3073 = VECTOR ( 'NONE', #429, 1000.000000000000000 ) ;
#3074 = EDGE_LOOP ( 'NONE', ( #2247, #19, #5885 ) ) ;
#3075 = VECTOR ( 'NONE', #7193, 1000.000000000000114 ) ;
#3076 = DIRECTION ( 'NONE',  ( 1.000000000000000000, 0.0000000000000000000, 0.0000000000000000000 ) ) ;
#3077 = CARTESIAN_POINT ( 'NONE',  ( 0.0000000000000000000, 6.299999999999999822, 0.0000000000000000000 ) ) ;
#3078 = CARTESIAN_POINT ( 'NONE',  ( -1.790000000000000036, 0.6800000000000000488, -0.1900000000000000022 ) ) ;
#3079 = CIRCLE ( 'NONE', #52, 0.6500000000000000222 ) ;
#3080 = ORIENTED_EDGE ( 'NONE', *, *, #1397, .T. ) ;
#3081 = VECTOR ( 'NONE', #3637, 1000.000000000000000 ) ;
#3082 = PLANE ( 'NONE',  #882 ) ;
#3083 = CARTESIAN_POINT ( 'NONE',  ( 1.279999999999998694, 0.1666666666666654917, -0.6400000000000001243 ) ) ;
#3084 = CARTESIAN_POINT ( 'NONE',  ( 0.0000000000000000000, 0.0000000000000000000, 0.6400000000000000133 ) ) ;
#3085 = AXIS2_PLACEMENT_3D ( 'NONE', #4796, #311, #271 ) ;
#3086 = EDGE_CURVE ( 'NONE', #815, #2063, #3786, .T. ) ;
#3087 = DIRECTION ( 'NONE',  ( 9.510545372679868754E-17, 0.0000000000000000000, 1.000000000000000000 ) ) ;
#3088 = CARTESIAN_POINT ( 'NONE',  ( 2.833333333333285076, 3.000000000000000000, 0.6400000000000000133 ) ) ;
#3089 = DIRECTION ( 'NONE',  ( 0.0000000000000000000, 1.000000000000000000, 0.0000000000000000000 ) ) ;
#3090 = ORIENTED_EDGE ( 'NONE', *, *, #6431, .T. ) ;
#3091 = LINE ( 'NONE', #4835, #748 ) ;
#3092 = ORIENTED_EDGE ( 'NONE', *, *, #5761, .T. ) ;
#3093 = PRODUCT_CONTEXT ( 'NONE', #6477, 'mechanical' ) ;
#3094 = LINE ( 'NONE', #5308, #528 ) ;
#3095 = CARTESIAN_POINT ( 'NONE',  ( -2.909999999999999698, 12.40000000000000036, 4.349999999999999645 ) ) ;
#3096 = EDGE_CURVE ( 'NONE', #5512, #3407, #4490, .T. ) ;
#3097 = EDGE_CURVE ( 'NONE', #3310, #5105, #6160, .T. ) ;
#3098 = EDGE_CURVE ( 'NONE', #1047, #4466, #5492, .T. ) ;
#3099 = FACE_OUTER_BOUND ( 'NONE', #2863, .T. ) ;
#3100 = AXIS2_PLACEMENT_3D ( 'NONE', #3543, #5757, #4231 ) ;
#3101 = CARTESIAN_POINT ( 'NONE',  ( 2.333333333333300175, 3.000000000000000000, 0.6400000000000000133 ) ) ;
#3102 = ORIENTED_EDGE ( 'NONE', *, *, #5945, .F. ) ;
#3103 = CARTESIAN_POINT ( 'NONE',  ( 3.510000000000000231, 13.40000000000000036, 3.350000000000000089 ) ) ;
#3104 = EDGE_LOOP ( 'NONE', ( #5593, #320, #5108, #6129 ) ) ;
#3105 = VECTOR ( 'NONE', #5022, 1000.000000000000000 ) ;
#3106 = DIRECTION ( 'NONE',  ( -0.7071067811865475727, 0.7071067811865475727, 0.0000000000000000000 ) ) ;
#3107 = EDGE_CURVE ( 'NONE', #1858, #6462, #3435, .T. ) ;
#3108 = CARTESIAN_POINT ( 'NONE',  ( -2.880000000000000338, 6.299999999999999822, 3.850000000000000089 ) ) ;
#3109 = CARTESIAN_POINT ( 'NONE',  ( -1.279999999999998694, 0.3333333333333334259, 0.6400000000000001243 ) ) ;
#3110 = CARTESIAN_POINT ( 'NONE',  ( 1.768038891391091383, 1.683240947081635852, -0.6400000000000001243 ) ) ;
#3111 = VECTOR ( 'NONE', #5738, 1000.000000000000000 ) ;
#3112 = ORIENTED_EDGE ( 'NONE', *, *, #5285, .T. ) ;
#3113 = CARTESIAN_POINT ( 'NONE',  ( 4.000000000000000000, 3.000000000000000000, 0.0000000000000000000 ) ) ;
#3114 = VERTEX_POINT ( 'NONE', #6639 ) ;
#3115 = AXIS2_PLACEMENT_3D ( 'NONE', #1483, #2155, #7096 ) ;
#3116 = ADVANCED_FACE ( 'NONE', ( #6192 ), #1195, .T. ) ;
#3117 = DIRECTION ( 'NONE',  ( 0.0000000000000000000, 0.0000000000000000000, -1.000000000000000000 ) ) ;
#3118 = DIRECTION ( 'NONE',  ( 1.000000000000000000, 0.0000000000000000000, 0.0000000000000000000 ) ) ;
#3119 = CARTESIAN_POINT ( 'NONE',  ( 1.110000000000000098, 0.0000000000000000000, 0.5699999999999999512 ) ) ;
#3120 = CARTESIAN_POINT ( 'NONE',  ( 0.003213581817323064773, 1.130852527098471949, -0.6400000000000000133 ) ) ;
#3121 = VECTOR ( 'NONE', #4832, 1000.000000000000000 ) ;
#3122 = EDGE_LOOP ( 'NONE', ( #6336, #1375, #6278, #2094 ) ) ;
#3123 = DIRECTION ( 'NONE',  ( 4.251773225433350161E-16, 0.0000000000000000000, 1.000000000000000000 ) ) ;
#3124 = CARTESIAN_POINT ( 'NONE',  ( 1.279999999999998694, 0.0000000000000000000, 0.6400000000000001243 ) ) ;
#3125 = PRODUCT_DEFINITION_FORMATION_WITH_SPECIFIED_SOURCE ( 'ANY', '', #4984, .NOT_KNOWN. ) ;
#3126 = VECTOR ( 'NONE', #4290, 1000.000000000000000 ) ;
#3127 = CARTESIAN_POINT ( 'NONE',  ( -3.510000000000000231, 12.40000000000000036, -1.110000000000000098 ) ) ;
#3128 = CARTESIAN_POINT ( 'NONE',  ( -5.421010862427519705E-17, 0.7916666666666679619, 0.6400000000000000133 ) ) ;
#3129 = CARTESIAN_POINT ( 'NONE',  ( -0.5699999999999999512, 9.900000000000000355, -0.5699999999999999512 ) ) ;
#3130 = VERTEX_POINT ( 'NONE', #709 ) ;
#3131 = CARTESIAN_POINT ( 'NONE',  ( 1.409999999999999920, 0.2999999999999999889, -0.5699999999999999512 ) ) ;
#3132 = EDGE_CURVE ( 'NONE', #4405, #7004, #6331, .T. ) ;
#3133 = VERTEX_POINT ( 'NONE', #5093 ) ;
#3134 = APPLICATION_PROTOCOL_DEFINITION ( 'draft international standard', 'automotive_design', 1998, #373 ) ;
#3135 = CARTESIAN_POINT ( 'NONE',  ( -0.8199999999999999512, 13.40000000000000036, -2.409999999999999698 ) ) ;
#3136 = DIRECTION ( 'NONE',  ( 0.0000000000000000000, -0.9578262852211522071, 0.2873478855663425535 ) ) ;
#3137 = DIRECTION ( 'NONE',  ( 0.0000000000000000000, 0.0000000000000000000, 1.000000000000000000 ) ) ;
#3138 = VECTOR ( 'NONE', #4057, 1000.000000000000000 ) ;
#3139 = DIRECTION ( 'NONE',  ( 0.0000000000000000000, 0.0000000000000000000, 1.000000000000000000 ) ) ;
#3140 = ADVANCED_FACE ( 'NONE', ( #5680 ), #129, .F. ) ;
#3141 = ORIENTED_EDGE ( 'NONE', *, *, #6213, .F. ) ;
#3142 = CARTESIAN_POINT ( 'NONE',  ( -2.709999999999999964, 0.0000000000000000000, 2.949999999999999734 ) ) ;
#3143 = CLOSED_SHELL ( 'NONE', ( #6276, #4400, #4008, #2352, #3542, #2882, #3779, #1148, #6217, #1546, #136, #3551, #1544, #1847 ) ) ;
#3144 = ORIENTED_EDGE ( 'NONE', *, *, #1807, .F. ) ;
#3145 = DIRECTION ( 'NONE',  ( 1.000000000000000000, 0.0000000000000000000, 0.0000000000000000000 ) ) ;
#3146 = CARTESIAN_POINT ( 'NONE',  ( 2.550000000000000266, 0.2999999999999999889, 0.5699999999999999512 ) ) ;
#3147 = CARTESIAN_POINT ( 'NONE',  ( 0.4006670468120264728, 2.229094171558219983, 0.6400000000000000133 ) ) ;
#3148 = CARTESIAN_POINT ( 'NONE',  ( 2.083333333333340143, 1.720000000000000639, -0.6400000000000001243 ) ) ;
#3149 = EDGE_CURVE ( 'NONE', #1510, #6700, #6884, .T. ) ;
#3150 = ORIENTED_EDGE ( 'NONE', *, *, #6977, .T. ) ;
#3151 = ADVANCED_FACE ( 'NONE', ( #3569 ), #2475, .F. ) ;
#3152 = DIRECTION ( 'NONE',  ( -1.000000000000000000, 3.336006684570782608E-16, 0.0000000000000000000 ) ) ;
#3153 = EDGE_LOOP ( 'NONE', ( #2080, #6043, #4885, #5652, #186, #5523, #36, #2651, #2686, #3070, #2245, #5963, #2757, #2218, #3185 ) ) ;
#3154 = ORIENTED_EDGE ( 'NONE', *, *, #4206, .T. ) ;
#3155 = CARTESIAN_POINT ( 'NONE',  ( 3.333333333333423187, 1.720000000000000639, 0.6400000000000001243 ) ) ;
#3156 = CARTESIAN_POINT ( 'NONE',  ( 1.738958130906365085, 2.983969638426825277, -0.6400000000000000133 ) ) ;
#3157 = FILL_AREA_STYLE_COLOUR ( '', #3318 ) ;
#3158 = DIRECTION ( 'NONE',  ( 1.000000000000000000, 0.0000000000000000000, 0.0000000000000000000 ) ) ;
#3159 = CARTESIAN_POINT ( 'NONE',  ( -3.409999999999999698, 0.0000000000000000000, -1.909999999999999920 ) ) ;
#3160 = ORIENTED_EDGE ( 'NONE', *, *, #6048, .F. ) ;
#3161 = EDGE_CURVE ( 'NONE', #1861, #5218, #6117, .T. ) ;
#3162 = FACE_BOUND ( 'NONE', #5034, .T. ) ;
#3163 = CARTESIAN_POINT ( 'NONE',  ( -1.279999999999998694, 0.7916666666666665186, -0.6400000000000001243 ) ) ;
#3164 = CARTESIAN_POINT ( 'NONE',  ( 0.5699999999999999512, -3.700000000000000178, -0.2700000000000000178 ) ) ;
#3165 = DIRECTION ( 'NONE',  ( 8.673617379884060124E-16, 0.0000000000000000000, -1.000000000000000000 ) ) ;
#3166 = CARTESIAN_POINT ( 'NONE',  ( -1.820000000000000062, 13.40000000000000036, -2.409999999999999698 ) ) ;
#3167 = CARTESIAN_POINT ( 'NONE',  ( -2.550000000000000266, 1.000000000000000000, 0.5699999999999999512 ) ) ;
#3168 = EDGE_LOOP ( 'NONE', ( #5869, #6193, #3828, #7118 ) ) ;
#3169 = CARTESIAN_POINT ( 'NONE',  ( 1.250000000000000000, 6.299999999999999822, 2.949999999999999734 ) ) ;
#3170 = FACE_OUTER_BOUND ( 'NONE', #1103, .T. ) ;
#3171 = FACE_OUTER_BOUND ( 'NONE', #6134, .T. ) ;
#3172 = CARTESIAN_POINT ( 'NONE',  ( 0.8199999999999999512, 3.649999999999999911, -2.819999999999999840 ) ) ;
#3173 = CARTESIAN_POINT ( 'NONE',  ( 4.000000000000000000, 3.000000000000000000, -0.6500000000000000222 ) ) ;
#3174 = LINE ( 'NONE', #2562, #5636 ) ;
#3175 = ORIENTED_EDGE ( 'NONE', *, *, #2399, .T. ) ;
#3176 = CARTESIAN_POINT ( 'NONE',  ( 3.459999999999999964, 9.400000000000000355, -2.299999999999999822 ) ) ;
#3177 = ORIENTED_EDGE ( 'NONE', *, *, #235, .T. ) ;
#3178 = DIRECTION ( 'NONE',  ( 0.0000000000000000000, -1.000000000000000000, 0.0000000000000000000 ) ) ;
#3179 = CARTESIAN_POINT ( 'NONE',  ( -2.990000000000000213, 13.40000000000000036, -1.909999999999999920 ) ) ;
#3180 = LINE ( 'NONE', #1806, #1044 ) ;
#3181 = PLANE ( 'NONE',  #6208 ) ;
#3182 = EDGE_CURVE ( 'NONE', #5856, #4051, #6347, .T. ) ;
#3183 = CARTESIAN_POINT ( 'NONE',  ( 1.934550282381494846, 2.999991818833284807, -0.6400000000000000133 ) ) ;
#3184 = ORIENTED_EDGE ( 'NONE', *, *, #5902, .F. ) ;
#3185 = ORIENTED_EDGE ( 'NONE', *, *, #1892, .T. ) ;
#3186 = CARTESIAN_POINT ( 'NONE',  ( 2.000000000000000000, 3.000000000000000000, 0.0000000000000000000 ) ) ;
#3187 = ORIENTED_EDGE ( 'NONE', *, *, #1272, .F. ) ;
#3188 = CARTESIAN_POINT ( 'NONE',  ( 1.813383630839782823, 1.696989470465819050, -0.6400000000000001243 ) ) ;
#3189 = AXIS2_PLACEMENT_3D ( 'NONE', #2558, #1492, #3714 ) ;
#3190 = EDGE_CURVE ( 'NONE', #2106, #2213, #2412, .T. ) ;
#3191 = CARTESIAN_POINT ( 'NONE',  ( 1.355663587197480036, 2.897891519671150107, -0.6400000000000000133 ) ) ;
#3192 = VECTOR ( 'NONE', #2879, 1000.000000000000000 ) ;
#3193 = EDGE_CURVE ( 'NONE', #4996, #6690, #6777, .T. ) ;
#3194 = DIRECTION ( 'NONE',  ( 0.0000000000000000000, 1.000000000000000000, 0.0000000000000000000 ) ) ;
#3195 = DIRECTION ( 'NONE',  ( -1.000000000000000000, 7.228014483236688420E-17, 0.0000000000000000000 ) ) ;
#3196 = CARTESIAN_POINT ( 'NONE',  ( -1.214999999999999858, 0.2999999999999999889, 4.799999999999999822 ) ) ;
#3197 = ORIENTED_EDGE ( 'NONE', *, *, #5497, .T. ) ;
#3198 = VECTOR ( 'NONE', #6696, 1000.000000000000000 ) ;
#3199 = CARTESIAN_POINT ( 'NONE',  ( -4.009999999999999787, 6.250000000000000000, -1.909999999999999920 ) ) ;
#3200 = CARTESIAN_POINT ( 'NONE',  ( 1.869147472901544926, 2.996786418182679768, -0.6400000000000000133 ) ) ;
#3201 = LINE ( 'NONE', #4371, #3694 ) ;
#3202 = EDGE_CURVE ( 'NONE', #170, #6161, #6228, .T. ) ;
#3203 = LINE ( 'NONE', #2663, #3121 ) ;
#3204 = AXIS2_PLACEMENT_3D ( 'NONE', #5373, #1526, #2701 ) ;
#3205 = VECTOR ( 'NONE', #7124, 1000.000000000000000 ) ;
#3206 = CYLINDRICAL_SURFACE ( 'NONE', #397, 0.5000000000000000000 ) ;
#3207 = ORIENTED_EDGE ( 'NONE', *, *, #1555, .T. ) ;
#3208 = DIRECTION ( 'NONE',  ( 1.000000000000000000, 0.0000000000000000000, 0.0000000000000000000 ) ) ;
#3209 = CARTESIAN_POINT ( 'NONE',  ( -4.009999999999999787, 0.0000000000000000000, 3.350000000000000089 ) ) ;
#3210 = VECTOR ( 'NONE', #2523, 1000.000000000000114 ) ;
#3211 = DIRECTION ( 'NONE',  ( -1.000000000000000000, 0.0000000000000000000, -4.251773225433350161E-16 ) ) ;
#3212 = VECTOR ( 'NONE', #2681, 1000.000000000000000 ) ;
#3213 = DIRECTION ( 'NONE',  ( -6.914672651895809708E-32, 1.000000000000000000, 0.0000000000000000000 ) ) ;
#3214 = CARTESIAN_POINT ( 'NONE',  ( -1.820000000000000062, 6.779999999999999361, -3.660000000000000142 ) ) ;
#3215 = VECTOR ( 'NONE', #4723, 1000.000000000000114 ) ;
#3216 = CARTESIAN_POINT ( 'NONE',  ( -3.959999999999999964, 9.400000000000000355, 4.299999999999999822 ) ) ;
#3217 = ORIENTED_EDGE ( 'NONE', *, *, #4450, .F. ) ;
#3218 = DIRECTION ( 'NONE',  ( 1.000000000000000000, 1.110223024625155924E-16, 0.0000000000000000000 ) ) ;
#3219 = VERTEX_POINT ( 'NONE', #746 ) ;
#3220 = DIRECTION ( 'NONE',  ( 0.2761723853694945108, -0.9205746178983248429, 0.2761723853694945108 ) ) ;
#3221 = LINE ( 'NONE', #5426, #6813 ) ;
#3222 = VECTOR ( 'NONE', #5288, 1000.000000000000000 ) ;
#3223 = CARTESIAN_POINT ( 'NONE',  ( -2.550000000000000266, 0.2999999999999999889, -0.5699999999999999512 ) ) ;
#3224 = CARTESIAN_POINT ( 'NONE',  ( 0.0000000000000000000, 0.6666666666666680729, 0.6400000000000000133 ) ) ;
#3225 = CARTESIAN_POINT ( 'NONE',  ( 0.1021084803288501985, 1.644336412802515079, -0.6400000000000000133 ) ) ;
#3226 = ORIENTED_EDGE ( 'NONE', *, *, #6529, .T. ) ;
#3227 = CARTESIAN_POINT ( 'NONE',  ( 5.421010862427519705E-17, 0.9166666666666608565, -0.6400000000000000133 ) ) ;
#3228 = ORIENTED_EDGE ( 'NONE', *, *, #6145, .T. ) ;
#3229 = DIRECTION ( 'NONE',  ( -0.3872324843550900009, -0.9219821056073621568, 1.646424708999009644E-16 ) ) ;
#3230 = ORIENTED_EDGE ( 'NONE', *, *, #2168, .T. ) ;
#3231 = ORIENTED_EDGE ( 'NONE', *, *, #6036, .F. ) ;
#3232 = AXIS2_PLACEMENT_3D ( 'NONE', #3324, #1198, #6162 ) ;
#3233 = CARTESIAN_POINT ( 'NONE',  ( 3.666666666667149688, 3.000000000000000000, -0.6400000000000000133 ) ) ;
#3234 = DIRECTION ( 'NONE',  ( 1.000000000000000000, 0.0000000000000000000, 0.0000000000000000000 ) ) ;
#3235 = MANIFOLD_SOLID_BREP ( 'NONE', #3143 ) ;
#3236 = CARTESIAN_POINT ( 'NONE',  ( -1.820000000000000062, 13.40000000000000036, -1.909999999999999920 ) ) ;
#3237 = CARTESIAN_POINT ( 'NONE',  ( 2.041666584331814693, 3.000005208292495062, -0.6400000000000000133 ) ) ;
#3238 = ORIENTED_EDGE ( 'NONE', *, *, #7190, .T. ) ;
#3239 = VECTOR ( 'NONE', #1813, 1000.000000000000000 ) ;
#3240 = EDGE_CURVE ( 'NONE', #6960, #6573, #5780, .T. ) ;
#3241 = CARTESIAN_POINT ( 'NONE',  ( 4.000000000000000000, 3.000000000000000000, -0.6400000000000000133 ) ) ;
#3242 = PLANE ( 'NONE',  #5783 ) ;
#3243 = CARTESIAN_POINT ( 'NONE',  ( 0.0000000000000000000, 1.000000000000000000, 0.0000000000000000000 ) ) ;
#3244 = FACE_OUTER_BOUND ( 'NONE', #1651, .T. ) ;
#3245 = ORIENTED_EDGE ( 'NONE', *, *, #1630, .F. ) ;
#3246 = EDGE_CURVE ( 'NONE', #1840, #7004, #2589, .T. ) ;
#3247 = EDGE_CURVE ( 'NONE', #967, #1838, #3091, .T. ) ;
#3248 = FACE_OUTER_BOUND ( 'NONE', #4230, .T. ) ;
#3249 = DIRECTION ( 'NONE',  ( 1.000000000000000000, 0.0000000000000000000, 0.0000000000000000000 ) ) ;
#3250 = AXIS2_PLACEMENT_3D ( 'NONE', #878, #2725, #2110 ) ;
#3251 = PLANE ( 'NONE',  #5522 ) ;
#3252 = LINE ( 'NONE', #5418, #6202 ) ;
#3253 =( GEOMETRIC_REPRESENTATION_CONTEXT ( 3 ) GLOBAL_UNCERTAINTY_ASSIGNED_CONTEXT ( ( #4639 ) ) GLOBAL_UNIT_ASSIGNED_CONTEXT ( ( #6011, #1088, #3795 ) ) REPRESENTATION_CONTEXT ( 'NONE', 'WORKASPACE' ) );
#3254 = AXIS2_PLACEMENT_3D ( 'NONE', #6358, #5834, #1328 ) ;
#3255 = DIRECTION ( 'NONE',  ( 1.000000000000000000, 0.0000000000000000000, 0.0000000000000000000 ) ) ;
#3256 = ORIENTED_EDGE ( 'NONE', *, *, #816, .F. ) ;
#3257 = DIRECTION ( 'NONE',  ( -1.000000000000000000, 1.110223024625155924E-16, 0.0000000000000000000 ) ) ;
#3258 = VERTEX_POINT ( 'NONE', #1448 ) ;
#3259 = DIRECTION ( 'NONE',  ( -1.000000000000000000, 0.0000000000000000000, 0.0000000000000000000 ) ) ;
#3260 = CARTESIAN_POINT ( 'NONE',  ( -2.709999999999999964, 6.299999999999999822, 2.949999999999999734 ) ) ;
#3261 = CARTESIAN_POINT ( 'NONE',  ( -3.109999999999999876, 13.40000000000000036, 4.349999999999999645 ) ) ;
#3262 = LINE ( 'NONE', #448, #4808 ) ;
#3263 = CARTESIAN_POINT ( 'NONE',  ( -1.279999999999998694, 0.0000000000000000000, -0.6400000000000001243 ) ) ;
#3264 = ORIENTED_EDGE ( 'NONE', *, *, #995, .T. ) ;
#3265 = ORIENTED_EDGE ( 'NONE', *, *, #1738, .T. ) ;
#3266 = LINE ( 'NONE', #4395, #1933 ) ;
#3267 = EDGE_LOOP ( 'NONE', ( #2392, #6900, #3325, #5887 ) ) ;
#3268 = ORIENTED_EDGE ( 'NONE', *, *, #5227, .F. ) ;
#3269 = CARTESIAN_POINT ( 'NONE',  ( 1.882701990497236633, 1.710771534887084000, -0.6400000000000001243 ) ) ;
#3270 = DIRECTION ( 'NONE',  ( 0.0000000000000000000, 1.000000000000000000, -9.227252531791520216E-16 ) ) ;
#3271 = DIRECTION ( 'NONE',  ( 1.000000000000000000, 6.914672651895809708E-32, 0.0000000000000000000 ) ) ;
#3272 = CARTESIAN_POINT ( 'NONE',  ( -1.820000000000000062, 10.90000000000000036, -4.597157890324959695 ) ) ;
#3273 = LINE ( 'NONE', #2071, #4491 ) ;
#3274 = ORIENTED_EDGE ( 'NONE', *, *, #3996, .F. ) ;
#3275 = CARTESIAN_POINT ( 'NONE',  ( -1.084202172485503941E-16, 0.9166666666666608565, 0.6400000000000000133 ) ) ;
#3276 = CARTESIAN_POINT ( 'NONE',  ( -1.279999999999998694, 0.9166666666666598573, -0.6400000000000001243 ) ) ;
#3277 = FACE_OUTER_BOUND ( 'NONE', #1873, .T. ) ;
#3278 = CARTESIAN_POINT ( 'NONE',  ( -3.959999999999999964, 3.200000000000000178, -2.000000000000000000 ) ) ;
#3279 = ADVANCED_FACE ( 'NONE', ( #2229 ), #3750, .T. ) ;
#3280 = ORIENTED_EDGE ( 'NONE', *, *, #6048, .T. ) ;
#3281 = FACE_OUTER_BOUND ( 'NONE', #1038, .T. ) ;
#3282 = ORIENTED_EDGE ( 'NONE', *, *, #4689, .F. ) ;
#3283 = LINE ( 'NONE', #4839, #1436 ) ;
#3284 = LINE ( 'NONE', #6704, #3998 ) ;
#3285 = EDGE_CURVE ( 'NONE', #2377, #6143, #3669, .T. ) ;
#3286 = EDGE_CURVE ( 'NONE', #5390, #6122, #2514, .T. ) ;
#3287 = DIRECTION ( 'NONE',  ( 1.000000000000000000, 0.0000000000000000000, 0.0000000000000000000 ) ) ;
#3288 = ORIENTED_EDGE ( 'NONE', *, *, #6451, .F. ) ;
#3289 = FACE_OUTER_BOUND ( 'NONE', #3386, .T. ) ;
#3290 = ORIENTED_EDGE ( 'NONE', *, *, #1322, .T. ) ;
#3291 = DIRECTION ( 'NONE',  ( 1.000000000000000000, 0.0000000000000000000, 0.0000000000000000000 ) ) ;
#3292 = DIRECTION ( 'NONE',  ( 0.0000000000000000000, -1.000000000000000000, 0.0000000000000000000 ) ) ;
#3293 = DIRECTION ( 'NONE',  ( 0.0000000000000000000, -1.000000000000000000, 0.0000000000000000000 ) ) ;
#3294 = EDGE_CURVE ( 'NONE', #5126, #1594, #2081, .T. ) ;
#3295 = CARTESIAN_POINT ( 'NONE',  ( 0.7709058284417820150, 2.599332953187969864, -0.6400000000000000133 ) ) ;
#3296 = ORIENTED_EDGE ( 'NONE', *, *, #2743, .T. ) ;
#3297 = DIRECTION ( 'NONE',  ( 3.336006684570780143E-16, 1.000000000000000000, -1.867108438696574904E-33 ) ) ;
#3298 = ORIENTED_EDGE ( 'NONE', *, *, #4499, .F. ) ;
#3299 = VERTEX_POINT ( 'NONE', #5304 ) ;
#3300 = CARTESIAN_POINT ( 'NONE',  ( 1.813383630839782823, 1.696989470465819050, 0.6400000000000001243 ) ) ;
#3301 = CARTESIAN_POINT ( 'NONE',  ( 0.0000000000000000000, 0.3333333333333330373, 0.6400000000000000133 ) ) ;
#3302 = DIRECTION ( 'NONE',  ( 1.000000000000000000, 0.0000000000000000000, 0.0000000000000000000 ) ) ;
#3303 = PLANE ( 'NONE',  #4064 ) ;
#3304 = DIRECTION ( 'NONE',  ( 0.0000000000000000000, 0.7785187255724637101, -0.6276213778489598827 ) ) ;
#3305 = ORIENTED_EDGE ( 'NONE', *, *, #906, .T. ) ;
#3306 = ORIENTED_EDGE ( 'NONE', *, *, #6351, .T. ) ;
#3307 = CARTESIAN_POINT ( 'NONE',  ( 4.000000000000000000, 4.279999999999995808, 0.6400000000000001243 ) ) ;
#3308 = CARTESIAN_POINT ( 'NONE',  ( 1.955494150633415140, 1.719997054779976775, -0.6400000000000001243 ) ) ;
#3309 = CARTESIAN_POINT ( 'NONE',  ( -2.909999999999999698, 12.40000000000000036, 3.850000000000000089 ) ) ;
#3310 = VERTEX_POINT ( 'NONE', #6950 ) ;
#3311 = CARTESIAN_POINT ( 'NONE',  ( 1.409999999999999920, 1.000000000000000000, 0.5699999999999999512 ) ) ;
#3312 = CIRCLE ( 'NONE', #966, 0.5000000000000004441 ) ;
#3313 = ORIENTED_EDGE ( 'NONE', *, *, #2619, .F. ) ;
#3314 = VECTOR ( 'NONE', #4308, 1000.000000000000000 ) ;
#3315 = DIRECTION ( 'NONE',  ( 0.0000000000000000000, 1.000000000000000000, 0.0000000000000000000 ) ) ;
#3316 = CARTESIAN_POINT ( 'NONE',  ( -0.5000000000000000000, 10.90000000000000036, -5.110000000000000320 ) ) ;
#3317 = AXIS2_PLACEMENT_3D ( 'NONE', #3789, #1011, #5451 ) ;
#3318 = COLOUR_RGB ( '',1.000000000000000000, 0.8117647058823529438, 0.5019607843137254832 ) ;
#3319 = SHAPE_REPRESENTATION_RELATIONSHIP ( 'NONE' , 'NONE' ,  #1699, #6159 ) ;
#3320 = CARTESIAN_POINT ( 'NONE',  ( 3.333333333333429849, 3.000000000000000000, 0.6400000000000000133 ) ) ;
#3321 = VECTOR ( 'NONE', #4329, 1000.000000000000000 ) ;
#3322 = EDGE_LOOP ( 'NONE', ( #431, #469, #4223, #1601 ) ) ;
#3323 = VECTOR ( 'NONE', #4630, 1000.000000000000000 ) ;
#3324 = CARTESIAN_POINT ( 'NONE',  ( 4.000000000000000000, 3.000000000000000000, 0.0000000000000000000 ) ) ;
#3325 = ORIENTED_EDGE ( 'NONE', *, *, #6705, .F. ) ;
#3326 = EDGE_CURVE ( 'NONE', #815, #6719, #6516, .T. ) ;
#3327 = DIRECTION ( 'NONE',  ( 0.0000000000000000000, -1.000000000000000000, 0.0000000000000000000 ) ) ;
#3328 = EDGE_CURVE ( 'NONE', #4779, #7187, #4602, .T. ) ;
#3329 = EDGE_CURVE ( 'NONE', #756, #6101, #5964, .T. ) ;
#3330 = DIRECTION ( 'NONE',  ( -0.9826241016603984857, 0.0000000000000000000, -0.1856067747580756044 ) ) ;
#3331 = CARTESIAN_POINT ( 'NONE',  ( 2.000000000000000000, 3.000000000000000000, 0.0000000000000000000 ) ) ;
#3332 = COLOUR_RGB ( '',0.1019607843137254888, 0.1019607843137254888, 0.1019607843137254888 ) ;
#3333 = CARTESIAN_POINT ( 'NONE',  ( -1.279999999999998694, 0.6666666666666656305, -0.6400000000000001243 ) ) ;
#3334 = VERTEX_POINT ( 'NONE', #5886 ) ;
#3335 = DIRECTION ( 'NONE',  ( 0.0000000000000000000, 1.000000000000000000, 0.0000000000000000000 ) ) ;
#3336 = ORIENTED_EDGE ( 'NONE', *, *, #477, .T. ) ;
#3337 = VECTOR ( 'NONE', #2649, 1000.000000000000000 ) ;
#3338 = EDGE_CURVE ( 'NONE', #5247, #2054, #7161, .T. ) ;
#3339 = EDGE_LOOP ( 'NONE', ( #7108, #3943, #6035, #1527 ) ) ;
#3340 = CARTESIAN_POINT ( 'NONE',  ( 3.333333333333429849, 3.000000000000000000, -0.6400000000000000133 ) ) ;
#3341 = CARTESIAN_POINT ( 'NONE',  ( -2.880000000000000338, 6.299999999999999822, 3.850000000000000089 ) ) ;
#3342 = VECTOR ( 'NONE', #4311, 1000.000000000000000 ) ;
#3343 = CARTESIAN_POINT ( 'NONE',  ( 8.181166715815530287E-06, 1.065449717618472070, 0.6400000000000000133 ) ) ;
#3344 = ORIENTED_EDGE ( 'NONE', *, *, #3202, .F. ) ;
#3345 = ORIENTED_EDGE ( 'NONE', *, *, #4781, .T. ) ;
#3346 = CARTESIAN_POINT ( 'NONE',  ( -5.421010862427519705E-17, 0.8333333333333369231, 0.6400000000000000133 ) ) ;
#3347 = EDGE_CURVE ( 'NONE', #3623, #5453, #1411, .T. ) ;
#3348 = CARTESIAN_POINT ( 'NONE',  ( -1.253710207020002132, 1.428108665313539083, 0.6400000000000001243 ) ) ;
#3349 = CARTESIAN_POINT ( 'NONE',  ( 0.5000000000000000000, 2.712842109675049684, -5.110000000000000320 ) ) ;
#3350 = CARTESIAN_POINT ( 'NONE',  ( 3.959999999999999964, 3.200000000000000178, -1.500000000000000000 ) ) ;
#3351 = CARTESIAN_POINT ( 'NONE',  ( 3.510000000000000231, 13.40000000000000036, 3.850000000000000089 ) ) ;
#3352 = VECTOR ( 'NONE', #5838, 1000.000000000000000 ) ;
#3353 = VERTEX_POINT ( 'NONE', #2766 ) ;
#3354 = DIRECTION ( 'NONE',  ( 0.0000000000000000000, 0.0000000000000000000, -1.000000000000000000 ) ) ;
#3355 = AXIS2_PLACEMENT_3D ( 'NONE', #5805, #4101, #835 ) ;
#3356 = CIRCLE ( 'NONE', #4864, 0.2000000000000000944 ) ;
#3357 = CARTESIAN_POINT ( 'NONE',  ( 0.9925722314144990177, 2.747494155725414888, 0.6400000000000000133 ) ) ;
#3358 = AXIS2_PLACEMENT_3D ( 'NONE', #4782, #4895, #2654 ) ;
#3359 = ORIENTED_EDGE ( 'NONE', *, *, #4207, .T. ) ;
#3360 = DIRECTION ( 'NONE',  ( 0.0000000000000000000, 1.000000000000000000, 0.0000000000000000000 ) ) ;
#3361 = ORIENTED_EDGE ( 'NONE', *, *, #145, .F. ) ;
#3362 = LINE ( 'NONE', #1094, #5404 ) ;
#3363 = CARTESIAN_POINT ( 'NONE',  ( -1.214999999999999858, 0.2999999999999999889, -3.840000000000000302 ) ) ;
#3364 = DIRECTION ( 'NONE',  ( 0.0000000000000000000, 0.0000000000000000000, -1.000000000000000000 ) ) ;
#3365 = AXIS2_PLACEMENT_3D ( 'NONE', #577, #2263, #4480 ) ;
#3366 = EDGE_CURVE ( 'NONE', #5453, #1303, #4975, .T. ) ;
#3367 = ORIENTED_EDGE ( 'NONE', *, *, #6263, .F. ) ;
#3368 = CARTESIAN_POINT ( 'NONE',  ( 0.2525058442745780063, 2.007427768585499983, -0.6400000000000000133 ) ) ;
#3369 = VERTEX_POINT ( 'NONE', #7199 ) ;
#3370 = DIRECTION ( 'NONE',  ( -1.000000000000000000, 0.0000000000000000000, 0.0000000000000000000 ) ) ;
#3371 = VERTEX_POINT ( 'NONE', #3604 ) ;
#3372 = VECTOR ( 'NONE', #6507, 1000.000000000000000 ) ;
#3373 = ORIENTED_EDGE ( 'NONE', *, *, #5272, .F. ) ;
#3374 = CARTESIAN_POINT ( 'NONE',  ( -1.279999999999998694, 0.9166666666666598573, -0.6400000000000001243 ) ) ;
#3375 = CARTESIAN_POINT ( 'NONE',  ( 0.2525058442745775067, 2.007427768585499983, 0.6400000000000000133 ) ) ;
#3376 = EDGE_CURVE ( 'NONE', #1305, #1664, #5375, .T. ) ;
#3377 = EDGE_CURVE ( 'NONE', #5269, #6029, #5067, .T. ) ;
#3378 = CARTESIAN_POINT ( 'NONE',  ( 1.934550282381494846, 2.999991818833284807, 0.6400000000000000133 ) ) ;
#3379 = EDGE_LOOP ( 'NONE', ( #3880, #991, #6536, #2461 ) ) ;
#3380 = ORIENTED_EDGE ( 'NONE', *, *, #1386, .T. ) ;
#3381 = CARTESIAN_POINT ( 'NONE',  ( 0.06391813759496049741, 1.518378803222814932, 0.6400000000000000133 ) ) ;
#3382 = CARTESIAN_POINT ( 'NONE',  ( 0.9432882830038659128, 4.112542092260667026, -0.6400000000000001243 ) ) ;
#3383 = LINE ( 'NONE', #3889, #6615 ) ;
#3384 = DIRECTION ( 'NONE',  ( 0.0000000000000000000, 0.0000000000000000000, 1.000000000000000000 ) ) ;
#3385 = EDGE_CURVE ( 'NONE', #5830, #3905, #4263, .T. ) ;
#3386 = EDGE_LOOP ( 'NONE', ( #3175, #7036, #1255, #5473 ) ) ;
#3387 = CARTESIAN_POINT ( 'NONE',  ( -2.609999999999999876, 13.40000000000000036, 4.850000000000000533 ) ) ;
#3388 = CARTESIAN_POINT ( 'NONE',  ( 2.333333333333300175, 3.000000000000000000, 0.6400000000000000133 ) ) ;
#3389 = DIRECTION ( 'NONE',  ( 0.0000000000000000000, 0.0000000000000000000, 1.000000000000000000 ) ) ;
#3390 = SHAPE_REPRESENTATION_RELATIONSHIP ( 'NONE' , 'NONE' ,  #4453, #1109 ) ;
#3391 = CARTESIAN_POINT ( 'NONE',  ( -1.279999999999998694, 0.3333333333333309834, -0.6400000000000001243 ) ) ;
#3392 = LINE ( 'NONE', #2244, #4020 ) ;
#3393 = EDGE_LOOP ( 'NONE', ( #4321, #3038, #493, #2433 ) ) ;
#3394 = ORIENTED_EDGE ( 'NONE', *, *, #1631, .T. ) ;
#3395 = LINE ( 'NONE', #1239, #1801 ) ;
#3396 = CARTESIAN_POINT ( 'NONE',  ( 2.700000000000000178, 9.400000000000000355, -2.000000000000000000 ) ) ;
#3397 = DIRECTION ( 'NONE',  ( 1.000000000000000000, 0.0000000000000000000, 0.0000000000000000000 ) ) ;
#3398 = CARTESIAN_POINT ( 'NONE',  ( 3.333333333333423187, 4.279999999999995808, -0.6400000000000001243 ) ) ;
#3399 = ORIENTED_EDGE ( 'NONE', *, *, #3787, .F. ) ;
#3400 = CARTESIAN_POINT ( 'NONE',  ( 1.820000000000000062, 8.224999999999999645, -2.409999999999999698 ) ) ;
#3401 = ORIENTED_EDGE ( 'NONE', *, *, #23, .F. ) ;
#3402 = UNCERTAINTY_MEASURE_WITH_UNIT (LENGTH_MEASURE( 1.000000000000000082E-05 ), #5491, 'distance_accuracy_value', 'NONE');
#3403 = ORIENTED_EDGE ( 'NONE', *, *, #2926, .F. ) ;
#3404 = CARTESIAN_POINT ( 'NONE',  ( -1.279999999999998694, 0.6666666666666656305, -0.6400000000000001243 ) ) ;
#3405 = CARTESIAN_POINT ( 'NONE',  ( 2.700000000000000178, 0.2999999999999999889, -3.290000000000000036 ) ) ;
#3406 = CARTESIAN_POINT ( 'NONE',  ( 2.041666584331814693, 3.000005208292495062, 0.6400000000000000133 ) ) ;
#3407 = VERTEX_POINT ( 'NONE', #890 ) ;
#3408 = ORIENTED_EDGE ( 'NONE', *, *, #2799, .F. ) ;
#3409 = CARTESIAN_POINT ( 'NONE',  ( -4.009999999999999787, 13.40000000000000036, 3.350000000000000089 ) ) ;
#3410 = EDGE_CURVE ( 'NONE', #3917, #1173, #390, .T. ) ;
#3411 = CARTESIAN_POINT ( 'NONE',  ( 1.465642401154087837, 4.237959214485621295, 0.6400000000000001243 ) ) ;
#3412 = EDGE_CURVE ( 'NONE', #3258, #6101, #7023, .T. ) ;
#3413 = EDGE_CURVE ( 'NONE', #5747, #6018, #1735, .T. ) ;
#3414 = CARTESIAN_POINT ( 'NONE',  ( 2.700000000000000178, 9.400000000000000355, -2.299999999999999822 ) ) ;
#3415 = DIRECTION ( 'NONE',  ( -8.687218698503557753E-17, -0.9828721869343218787, 0.1842885350501849706 ) ) ;
#3416 = CARTESIAN_POINT ( 'NONE',  ( -0.5699999999999999512, -3.700000000000000178, 0.5699999999999999512 ) ) ;
#3417 = MANIFOLD_SOLID_BREP ( 'NONE', #3964 ) ;
#3418 = AXIS2_PLACEMENT_3D ( 'NONE', #4757, #2507, #5370 ) ;
#3419 = CONTEXT_DEPENDENT_SHAPE_REPRESENTATION ( #5961, #2324 ) ;
#3420 = CARTESIAN_POINT ( 'NONE',  ( 3.109999999999999876, 12.59999999999999964, 3.850000000000000089 ) ) ;
#3421 = EDGE_CURVE ( 'NONE', #1150, #207, #6920, .T. ) ;
#3422 = LINE ( 'NONE', #6155, #2732 ) ;
#3423 = CARTESIAN_POINT ( 'NONE',  ( 1.979999999999999982, 0.0000000000000000000, 0.0000000000000000000 ) ) ;
#3424 = CARTESIAN_POINT ( 'NONE',  ( -1.112542092260688786, 2.056711716996124650, -0.6400000000000001243 ) ) ;
#3425 = AXIS2_PLACEMENT_3D ( 'NONE', #25, #606, #6703 ) ;
#3426 = CARTESIAN_POINT ( 'NONE',  ( 0.2525058442745775067, 2.007427768585499983, 0.6400000000000000133 ) ) ;
#3427 = ORIENTED_EDGE ( 'NONE', *, *, #4034, .T. ) ;
#3428 = DIRECTION ( 'NONE',  ( 1.000000000000000000, 0.0000000000000000000, -2.065146995210484941E-16 ) ) ;
#3429 = EDGE_LOOP ( 'NONE', ( #2454, #4190, #3207, #3336 ) ) ;
#3430 = AXIS2_PLACEMENT_3D ( 'NONE', #3595, #2404, #5807 ) ;
#3431 = CARTESIAN_POINT ( 'NONE',  ( -1.820000000000000062, 6.779999999999999361, -3.660000000000000142 ) ) ;
#3432 = MANIFOLD_SOLID_BREP ( 'NONE', #794 ) ;
#3433 = DIRECTION ( 'NONE',  ( 1.000000000000000000, 0.0000000000000000000, 0.0000000000000000000 ) ) ;
#3434 = FACE_OUTER_BOUND ( 'NONE', #1319, .T. ) ;
#3435 = CIRCLE ( 'NONE', #2170, 0.2000000000000000944 ) ;
#3436 = CARTESIAN_POINT ( 'NONE',  ( -1.820000000000000062, 13.40000000000000036, -2.409999999999999698 ) ) ;
#3437 =( GEOMETRIC_REPRESENTATION_CONTEXT ( 3 ) GLOBAL_UNCERTAINTY_ASSIGNED_CONTEXT ( ( #3545 ) ) GLOBAL_UNIT_ASSIGNED_CONTEXT ( ( #3041, #2612, #4675 ) ) REPRESENTATION_CONTEXT ( 'NONE', 'WORKASPACE' ) );
#3438 = CARTESIAN_POINT ( 'NONE',  ( -1.279999999999998694, 0.7916666666666665186, -0.6400000000000001243 ) ) ;
#3439 = VERTEX_POINT ( 'NONE', #1769 ) ;
#3440 = DIRECTION ( 'NONE',  ( 0.0000000000000000000, 0.0000000000000000000, -1.000000000000000000 ) ) ;
#3441 = ORIENTED_EDGE ( 'NONE', *, *, #2675, .F. ) ;
#3442 = PRESENTATION_LAYER_ASSIGNMENT (  '', '', ( #3792 ) ) ;
#3443 = VERTEX_POINT ( 'NONE', #4032 ) ;
#3444 = CARTESIAN_POINT ( 'NONE',  ( 2.166666666666665186, 3.000000000000000000, -0.6400000000000000133 ) ) ;
#3445 = LINE ( 'NONE', #6206, #5442 ) ;
#3446 = MANIFOLD_SOLID_BREP ( 'NONE', #2912 ) ;
#3447 = CARTESIAN_POINT ( 'NONE',  ( -0.2494067796610175136, 10.96864406779659973, -0.2494067796610175136 ) ) ;
#3448 = FACE_OUTER_BOUND ( 'NONE', #132, .T. ) ;
#3449 = AXIS2_PLACEMENT_3D ( 'NONE', #1292, #1948, #6899 ) ;
#3450 = ADVANCED_FACE ( 'NONE', ( #2295 ), #1218, .T. ) ;
#3451 = ORIENTED_EDGE ( 'NONE', *, *, #3161, .T. ) ;
#3452 = EDGE_LOOP ( 'NONE', ( #4286, #527, #891, #604 ) ) ;
#3453 = CARTESIAN_POINT ( 'NONE',  ( 0.6499999999999998002, -4.698209414103848028E-17, 0.0000000000000000000 ) ) ;
#3454 = CARTESIAN_POINT ( 'NONE',  ( 2.054999864970844747, 4.280008541599678473, -0.6400000000000001243 ) ) ;
#3455 = CARTESIAN_POINT ( 'NONE',  ( -3.759999999999999787, 0.0000000000000000000, 8.673617379884030542E-16 ) ) ;
#3456 = LINE ( 'NONE', #51, #7197 ) ;
#3457 = LINE ( 'NONE', #2939, #5275 ) ;
#3458 = ADVANCED_FACE ( 'NONE', ( #1426 ), #874, .F. ) ;
#3459 = ORIENTED_EDGE ( 'NONE', *, *, #7192, .F. ) ;
#3460 = ADVANCED_FACE ( 'NONE', ( #6933 ), #2495, .F. ) ;
#3461 = DIRECTION ( 'NONE',  ( 0.0000000000000000000, 1.000000000000000000, -1.867108438696554720E-33 ) ) ;
#3462 = CARTESIAN_POINT ( 'NONE',  ( 3.510000000000000231, 0.0000000000000000000, 3.350000000000000089 ) ) ;
#3463 = DIRECTION ( 'NONE',  ( 0.0000000000000000000, -1.000000000000000000, 0.0000000000000000000 ) ) ;
#3464 = SURFACE_STYLE_USAGE ( .BOTH. , #4046 ) ;
#3465 = AXIS2_PLACEMENT_3D ( 'NONE', #1402, #3123, #2660 ) ;
#3466 = CARTESIAN_POINT ( 'NONE',  ( -0.01571444135549926804, 3.622906043228277806, -0.6400000000000001243 ) ) ;
#3467 = EDGE_CURVE ( 'NONE', #207, #6654, #2996, .T. ) ;
#3468 = EDGE_CURVE ( 'NONE', #4405, #3520, #4069, .T. ) ;
#3469 = SURFACE_STYLE_FILL_AREA ( #3020 ) ;
#3470 = ORIENTED_EDGE ( 'NONE', *, *, #28, .F. ) ;
#3471 = LINE ( 'NONE', #6271, #7057 ) ;
#3472 = DIRECTION ( 'NONE',  ( 1.000000000000000000, 0.0000000000000000000, 0.0000000000000000000 ) ) ;
#3473 = CARTESIAN_POINT ( 'NONE',  ( -1.409999999999999920, 0.2999999999999999889, -0.5699999999999999512 ) ) ;
#3474 = PLANE ( 'NONE',  #4927 ) ;
#3475 = VECTOR ( 'NONE', #1154, 1000.000000000000000 ) ;
#3476 = CARTESIAN_POINT ( 'NONE',  ( 0.9432882830038672450, 4.112542092260667026, 0.6400000000000001243 ) ) ;
#3477 = ORIENTED_EDGE ( 'NONE', *, *, #71, .T. ) ;
#3478 = PLANE ( 'NONE',  #3676 ) ;
#3479 = ORIENTED_EDGE ( 'NONE', *, *, #4573, .T. ) ;
#3480 = CARTESIAN_POINT ( 'NONE',  ( 5.421010862427519705E-17, 0.0000000000000000000, -0.6400000000000000133 ) ) ;
#3481 = CARTESIAN_POINT ( 'NONE',  ( 1.355663587197480036, 2.897891519671150107, 0.6400000000000000133 ) ) ;
#3482 = CARTESIAN_POINT ( 'NONE',  ( -0.5699999999999999512, -3.700000000000000178, -0.5699999999999999512 ) ) ;
#3483 = CARTESIAN_POINT ( 'NONE',  ( 1.279999999999998694, 0.0000000000000000000, -0.6400000000000001243 ) ) ;
#3484 = VECTOR ( 'NONE', #6150, 1000.000000000000000 ) ;
#3485 = VERTEX_POINT ( 'NONE', #5729 ) ;
#3486 = FILL_AREA_STYLE_COLOUR ( '', #3332 ) ;
#3487 = CARTESIAN_POINT ( 'NONE',  ( -1.237959214485629289, 1.534357598845912829, -0.6400000000000001243 ) ) ;
#3488 = DIRECTION ( 'NONE',  ( 1.000000000000000000, 0.0000000000000000000, 0.0000000000000000000 ) ) ;
#3489 = VECTOR ( 'NONE', #3292, 1000.000000000000000 ) ;
#3490 = CARTESIAN_POINT ( 'NONE',  ( 3.109999999999999876, 13.40000000000000036, 4.349999999999999645 ) ) ;
#3491 = SURFACE_SIDE_STYLE ('',( #5117 ) ) ;
#3492 = CARTESIAN_POINT ( 'NONE',  ( 2.990000000000000213, 0.0000000000000000000, -1.489999999999999991 ) ) ;
#3493 = LINE ( 'NONE', #6809, #3111 ) ;
#3494 = LINE ( 'NONE', #4006, #35 ) ;
#3495 = CARTESIAN_POINT ( 'NONE',  ( 0.8199999999999999512, 13.40000000000000036, -2.409999999999999698 ) ) ;
#3496 = EDGE_CURVE ( 'NONE', #1141, #175, #6423, .T. ) ;
#3497 = PRESENTATION_STYLE_ASSIGNMENT (( #3464 ) ) ;
#3498 = CARTESIAN_POINT ( 'NONE',  ( 2.083333333333340143, 4.279999999999995808, -0.6400000000000001243 ) ) ;
#3499 = VERTEX_POINT ( 'NONE', #2967 ) ;
#3500 =( NAMED_UNIT ( * ) PLANE_ANGLE_UNIT ( ) SI_UNIT ( $, .RADIAN. ) );
#3501 = ORIENTED_EDGE ( 'NONE', *, *, #1434, .T. ) ;
#3502 = CARTESIAN_POINT ( 'NONE',  ( 2.490000000000000213, 13.40000000000000036, 3.449999999999999734 ) ) ;
#3503 = EDGE_LOOP ( 'NONE', ( #5771, #558, #398, #4298, #6835 ) ) ;
#3504 = APPLICATION_CONTEXT ( 'automotive_design' ) ;
#3505 = EDGE_CURVE ( 'NONE', #3653, #3852, #4836, .T. ) ;
#3506 = EDGE_CURVE ( 'NONE', #7012, #5421, #1984, .T. ) ;
#3507 = CARTESIAN_POINT ( 'NONE',  ( 0.5000000000000000000, 2.200000000000000178, -4.597157890324959695 ) ) ;
#3508 = CARTESIAN_POINT ( 'NONE',  ( 0.7709058284417820150, 2.599332953187969864, 0.6400000000000000133 ) ) ;
#3509 = CARTESIAN_POINT ( 'NONE',  ( 0.7709058284417820150, 2.599332953187969864, 0.6400000000000000133 ) ) ;
#3510 = ORIENTED_EDGE ( 'NONE', *, *, #4082, .T. ) ;
#3511 = DIRECTION ( 'NONE',  ( 0.0000000000000000000, -1.180083997263133724E-16, 1.000000000000000000 ) ) ;
#3512 = EDGE_CURVE ( 'NONE', #499, #5161, #6868, .T. ) ;
#3513 = CARTESIAN_POINT ( 'NONE',  ( 1.571891334686435160, 4.253710207019997469, 0.6400000000000001243 ) ) ;
#3514 = CARTESIAN_POINT ( 'NONE',  ( 1.285770930166350690, 1.093975072873698995, 0.6400000000000001243 ) ) ;
#3515 = EDGE_LOOP ( 'NONE', ( #6179, #4312, #1974, #721 ) ) ;
#3516 = DIRECTION ( 'NONE',  ( 0.0000000000000000000, -0.9578262852211522071, 0.2873478855663425535 ) ) ;
#3517 = ORIENTED_EDGE ( 'NONE', *, *, #192, .T. ) ;
#3518 = DIRECTION ( 'NONE',  ( -0.0000000000000000000, 1.000000000000000000, 0.0000000000000000000 ) ) ;
#3519 = CIRCLE ( 'NONE', #368, 0.6400000000000000133 ) ;
#3520 = VERTEX_POINT ( 'NONE', #4171 ) ;
#3521 = CARTESIAN_POINT ( 'NONE',  ( -1.409999999999999920, 0.0000000000000000000, 0.8699999999999999956 ) ) ;
#3522 = PLANE ( 'NONE',  #4587 ) ;
#3523 = DIRECTION ( 'NONE',  ( -3.826595902890015243E-16, -1.913297951445009840E-16, 1.000000000000000000 ) ) ;
#3524 = CARTESIAN_POINT ( 'NONE',  ( 2.990000000000000213, 1.000000000000000000, -1.909999999999999920 ) ) ;
#3525 = ORIENTED_EDGE ( 'NONE', *, *, #4041, .T. ) ;
#3526 = DIRECTION ( 'NONE',  ( 1.000000000000000000, -3.870341738045775180E-82, -2.072906778112844930E-49 ) ) ;
#3527 = CARTESIAN_POINT ( 'NONE',  ( 0.0000000000000000000, 0.1666666666666674901, 0.6400000000000000133 ) ) ;
#3528 = DIRECTION ( 'NONE',  ( 0.0000000000000000000, -1.867108438696574904E-33, 1.000000000000000000 ) ) ;
#3529 = CARTESIAN_POINT ( 'NONE',  ( -5.421010862427520198E-16, 0.9999999999999850120, 0.0000000000000000000 ) ) ;
#3530 = CARTESIAN_POINT ( 'NONE',  ( 0.3478184595197758022, 3.865890415389723334, -0.6400000000000001243 ) ) ;
#3531 = VERTEX_POINT ( 'NONE', #5178 ) ;
#3532 = VECTOR ( 'NONE', #1669, 1000.000000000000000 ) ;
#3533 = EDGE_LOOP ( 'NONE', ( #2303, #4013, #7042, #7128 ) ) ;
#3534 = CARTESIAN_POINT ( 'NONE',  ( -2.710505431213760099E-16, 0.9999999999999850120, 0.0000000000000000000 ) ) ;
#3535 = DIRECTION ( 'NONE',  ( 0.0000000000000000000, 0.0000000000000000000, -1.000000000000000000 ) ) ;
#3536 = VECTOR ( 'NONE', #3535, 1000.000000000000000 ) ;
#3537 = CARTESIAN_POINT ( 'NONE',  ( 2.909999999999999698, 12.59999999999999964, 4.349999999999999645 ) ) ;
#3538 = DIRECTION ( 'NONE',  ( -9.510545372679868754E-17, 0.0000000000000000000, 1.000000000000000000 ) ) ;
#3539 = CIRCLE ( 'NONE', #261, 0.6500000000000000222 ) ;
#3540 = EDGE_CURVE ( 'NONE', #5460, #6422, #5868, .T. ) ;
#3541 = ORIENTED_EDGE ( 'NONE', *, *, #5455, .T. ) ;
#3542 = ADVANCED_FACE ( 'NONE', ( #4672 ), #2537, .T. ) ;
#3543 = CARTESIAN_POINT ( 'NONE',  ( 2.000000000000000000, 1.000000000000000000, 0.0000000000000000000 ) ) ;
#3544 = EDGE_CURVE ( 'NONE', #4474, #4761, #4144, .T. ) ;
#3545 = UNCERTAINTY_MEASURE_WITH_UNIT (LENGTH_MEASURE( 1.000000000000000082E-05 ), #3041, 'distance_accuracy_value', 'NONE');
#3546 = AXIS2_PLACEMENT_3D ( 'NONE', #7056, #6514, #542 ) ;
#3547 = CARTESIAN_POINT ( 'NONE',  ( 2.166666666666661634, 1.720000000000000639, 0.6400000000000001243 ) ) ;
#3548 =( GEOMETRIC_REPRESENTATION_CONTEXT ( 3 ) GLOBAL_UNCERTAINTY_ASSIGNED_CONTEXT ( ( #3032 ) ) GLOBAL_UNIT_ASSIGNED_CONTEXT ( ( #801, #920, #258 ) ) REPRESENTATION_CONTEXT ( 'NONE', 'WORKASPACE' ) );
#3549 = CARTESIAN_POINT ( 'NONE',  ( 1.285770930166350690, 1.093975072873698995, 0.6400000000000001243 ) ) ;
#3550 = ORIENTED_EDGE ( 'NONE', *, *, #2572, .T. ) ;
#3551 = ADVANCED_FACE ( 'NONE', ( #4132 ), #253, .F. ) ;
#3552 = ORIENTED_EDGE ( 'NONE', *, *, #2471, .T. ) ;
#3553 = CIRCLE ( 'NONE', #5282, 0.1999999999999996503 ) ;
#3554 = VECTOR ( 'NONE', #171, 1000.000000000000000 ) ;
#3555 = ORIENTED_EDGE ( 'NONE', *, *, #945, .T. ) ;
#3556 = FACE_OUTER_BOUND ( 'NONE', #3153, .T. ) ;
#3557 = DIRECTION ( 'NONE',  ( 0.0000000000000000000, -1.000000000000000000, 0.0000000000000000000 ) ) ;
#3558 = STYLED_ITEM ( 'NONE', ( #1182 ), #3417 ) ;
#3559 = PLANE ( 'NONE',  #2497 ) ;
#3560 = EDGE_CURVE ( 'NONE', #756, #5704, #6314, .T. ) ;
#3561 = AXIS2_PLACEMENT_3D ( 'NONE', #949, #5391, #4928 ) ;
#3562 = CARTESIAN_POINT ( 'NONE',  ( 1.279999999999998694, 0.3333333333333334259, -0.6400000000000001243 ) ) ;
#3563 = CARTESIAN_POINT ( 'NONE',  ( 0.01603036157317500043, 1.261041869093620038, 0.6400000000000000133 ) ) ;
#3564 = CARTESIAN_POINT ( 'NONE',  ( 1.409999999999999920, -4.336808689942014778E-16, -0.5699999999999999512 ) ) ;
#3565 = CARTESIAN_POINT ( 'NONE',  ( 2.208333333333345916, 4.279999999999995808, 0.6400000000000001243 ) ) ;
#3566 = FACE_OUTER_BOUND ( 'NONE', #2588, .T. ) ;
#3567 = AXIS2_PLACEMENT_3D ( 'NONE', #3681, #2598, #6493 ) ;
#3568 = ORIENTED_EDGE ( 'NONE', *, *, #645, .T. ) ;
#3569 = FACE_OUTER_BOUND ( 'NONE', #1842, .T. ) ;
#3570 = ORIENTED_EDGE ( 'NONE', *, *, #4985, .T. ) ;
#3571 = CARTESIAN_POINT ( 'NONE',  ( -1.409999999999999920, -4.336808689942014778E-16, -0.5699999999999999512 ) ) ;
#3572 = CARTESIAN_POINT ( 'NONE',  ( 2.000000000000000000, 1.850000000000000089, -1.408343819019456028E-16 ) ) ;
#3573 = ORIENTED_EDGE ( 'NONE', *, *, #110, .F. ) ;
#3574 = VECTOR ( 'NONE', #5671, 1000.000000000000000 ) ;
#3575 = LINE ( 'NONE', #4596, #4933 ) ;
#3576 = CARTESIAN_POINT ( 'NONE',  ( -5.208292492328140610E-06, 0.9583334156682049576, 0.6400000000000000133 ) ) ;
#3577 = VECTOR ( 'NONE', #3741, 1000.000000000000000 ) ;
#3578 = EDGE_LOOP ( 'NONE', ( #865, #5918, #350, #2105 ) ) ;
#3579 = ORIENTED_EDGE ( 'NONE', *, *, #3096, .F. ) ;
#3580 = CARTESIAN_POINT ( 'NONE',  ( 3.666666666667149688, 4.279999999999995808, -0.6400000000000001243 ) ) ;
#3581 = EDGE_CURVE ( 'NONE', #5036, #342, #5799, .T. ) ;
#3582 = CARTESIAN_POINT ( 'NONE',  ( 1.813383630839782823, 1.696989470465821936, 0.6400000000000001243 ) ) ;
#3583 = ORIENTED_EDGE ( 'NONE', *, *, #3190, .T. ) ;
#3584 = CARTESIAN_POINT ( 'NONE',  ( -2.168404344971009854E-16, 0.0000000000000000000, 0.0000000000000000000 ) ) ;
#3585 = ORIENTED_EDGE ( 'NONE', *, *, #6537, .T. ) ;
#3586 = VECTOR ( 'NONE', #3117, 1000.000000000000000 ) ;
#3587 = EDGE_LOOP ( 'NONE', ( #1570, #5120, #1834, #81 ) ) ;
#3588 = ADVANCED_FACE ( 'NONE', ( #3071 ), #6027, .T. ) ;
#3589 = CARTESIAN_POINT ( 'NONE',  ( -3.109999999999999876, 13.40000000000000036, 4.349999999999999645 ) ) ;
#3590 = ADVANCED_FACE ( 'NONE', ( #2605 ), #5471, .F. ) ;
#3591 = CARTESIAN_POINT ( 'NONE',  ( 2.990000000000000213, 6.250000000000000000, -2.899999999999999911 ) ) ;
#3592 = PRESENTATION_LAYER_ASSIGNMENT (  '', '', ( #2892 ) ) ;
#3593 = VECTOR ( 'NONE', #6183, 1000.000000000000000 ) ;
#3594 = CYLINDRICAL_SURFACE ( 'NONE', #6855, 1.149999999999999911 ) ;
#3595 = CARTESIAN_POINT ( 'NONE',  ( -3.959999999999999964, 9.400000000000000355, -2.299999999999999822 ) ) ;
#3596 = CARTESIAN_POINT ( 'NONE',  ( 0.2700000000000000178, 10.90000000000000036, 2.567847250623560311E-17 ) ) ;
#3597 = VECTOR ( 'NONE', #6197, 1000.000000000000000 ) ;
#3598 = CARTESIAN_POINT ( 'NONE',  ( 1.768038891391091383, 1.683240947081635852, -0.6400000000000001243 ) ) ;
#3599 = DIRECTION ( 'NONE',  ( 0.0000000000000000000, -0.9219821056073622678, 0.3872324843550896123 ) ) ;
#3600 = ADVANCED_FACE ( 'NONE', ( #491 ), #4359, .F. ) ;
#3601 = FACE_OUTER_BOUND ( 'NONE', #1082, .T. ) ;
#3602 = DIRECTION ( 'NONE',  ( 1.000000000000000000, 0.0000000000000000000, 0.0000000000000000000 ) ) ;
#3603 = ORIENTED_EDGE ( 'NONE', *, *, #1096, .F. ) ;
#3604 = CARTESIAN_POINT ( 'NONE',  ( 2.550000000000000266, 0.2999999999999999889, 0.5699999999999999512 ) ) ;
#3605 = ORIENTED_EDGE ( 'NONE', *, *, #5801, .T. ) ;
#3606 = CARTESIAN_POINT ( 'NONE',  ( -1.150000000000000133, 2.107978143891148592E-16, 1.408343819019456028E-16 ) ) ;
#3607 = CARTESIAN_POINT ( 'NONE',  ( -1.409999999999999920, 0.2999999999999999889, 0.5699999999999999512 ) ) ;
#3608 = CARTESIAN_POINT ( 'NONE',  ( -0.8199999999999999512, 13.40000000000000036, -1.909999999999999920 ) ) ;
#3609 = CARTESIAN_POINT ( 'NONE',  ( 0.0000000000000000000, 0.7916666666666679619, 0.6400000000000000133 ) ) ;
#3610 = CARTESIAN_POINT ( 'NONE',  ( 0.01603036157317500043, 1.261041869093620038, 0.6400000000000000133 ) ) ;
#3611 = ORIENTED_EDGE ( 'NONE', *, *, #3377, .T. ) ;
#3612 = CARTESIAN_POINT ( 'NONE',  ( 2.700000000000000178, 9.400000000000000355, -3.149999999999999911 ) ) ;
#3613 = UNCERTAINTY_MEASURE_WITH_UNIT (LENGTH_MEASURE( 1.000000000000000082E-05 ), #6486, 'distance_accuracy_value', 'NONE');
#3614 = LINE ( 'NONE', #5826, #4594 ) ;
#3615 = CARTESIAN_POINT ( 'NONE',  ( 2.028333303692779754, 1.720001874985300772, 0.6400000000000001243 ) ) ;
#3616 = EDGE_LOOP ( 'NONE', ( #1728, #2615, #5021, #3579 ) ) ;
#3617 = DIRECTION ( 'NONE',  ( 0.0000000000000000000, -9.227252531791520216E-16, -1.000000000000000000 ) ) ;
#3618 = ORIENTED_EDGE ( 'NONE', *, *, #1221, .T. ) ;
#3619 = EDGE_CURVE ( 'NONE', #3914, #4847, #2182, .T. ) ;
#3620 = ORIENTED_EDGE ( 'NONE', *, *, #4792, .F. ) ;
#3621 = DIRECTION ( 'NONE',  ( 1.000000000000000000, 0.0000000000000000000, 0.0000000000000000000 ) ) ;
#3622 = CARTESIAN_POINT ( 'NONE',  ( -0.5000000000000000000, 10.90000000000000036, -4.597157890324970353 ) ) ;
#3623 = VERTEX_POINT ( 'NONE', #6574 ) ;
#3624 = EDGE_CURVE ( 'NONE', #6821, #1331, #5072, .T. ) ;
#3625 = ADVANCED_FACE ( 'NONE', ( #454 ), #1582, .F. ) ;
#3626 = DIRECTION ( 'NONE',  ( 1.000000000000000000, 0.0000000000000000000, 0.0000000000000000000 ) ) ;
#3627 = EDGE_CURVE ( 'NONE', #7187, #4474, #7155, .T. ) ;
#3628 = CARTESIAN_POINT ( 'NONE',  ( 1.279999999999998694, 0.1666666666666654917, 0.6400000000000001243 ) ) ;
#3629 = CARTESIAN_POINT ( 'NONE',  ( 1.409999999999999920, 0.2999999999999999889, 0.5699999999999999512 ) ) ;
#3630 = CARTESIAN_POINT ( 'NONE',  ( -2.490000000000000213, 12.40000000000000036, 2.949999999999999734 ) ) ;
#3631 = CARTESIAN_POINT ( 'NONE',  ( 1.481621196777171967, 2.936081862405050202, 0.6400000000000000133 ) ) ;
#3632 = EDGE_LOOP ( 'NONE', ( #2296, #2236, #5547, #4713, #4386, #6949, #2474, #5629 ) ) ;
#3633 = CARTESIAN_POINT ( 'NONE',  ( 2.490000000000000213, 13.40000000000000036, 2.949999999999999734 ) ) ;
#3634 = ORIENTED_EDGE ( 'NONE', *, *, #4883, .F. ) ;
#3635 = EDGE_CURVE ( 'NONE', #6161, #2063, #3266, .T. ) ;
#3636 = PLANE ( 'NONE',  #3683 ) ;
#3637 = DIRECTION ( 'NONE',  ( 4.272717921125140000E-16, 0.0000000000000000000, -1.000000000000000000 ) ) ;
#3638 = DIRECTION ( 'NONE',  ( 0.0000000000000000000, 0.0000000000000000000, -1.000000000000000000 ) ) ;
#3639 = CARTESIAN_POINT ( 'NONE',  ( 1.355663587197480036, 2.897891519671150107, 0.6400000000000000133 ) ) ;
#3640 = CARTESIAN_POINT ( 'NONE',  ( 3.333333333333429849, 3.000000000000000000, 0.6400000000000000133 ) ) ;
#3641 = ORIENTED_EDGE ( 'NONE', *, *, #192, .F. ) ;
#3642 = CARTESIAN_POINT ( 'NONE',  ( 2.000000000000000000, 3.649999999999999911, 4.947837362545923154E-33 ) ) ;
#3643 = ORIENTED_EDGE ( 'NONE', *, *, #1314, .T. ) ;
#3644 = CARTESIAN_POINT ( 'NONE',  ( -0.6500000000000001332, 0.9999999999999852340, 7.960204194457795477E-17 ) ) ;
#3645 = PLANE ( 'NONE',  #5163 ) ;
#3646 = CARTESIAN_POINT ( 'NONE',  ( -1.279999999999998694, 0.9166666666666598573, 0.6400000000000001243 ) ) ;
#3647 = CARTESIAN_POINT ( 'NONE',  ( 0.0000000000000000000, 0.9166666666666608565, -0.6400000000000000133 ) ) ;
#3648 = VECTOR ( 'NONE', #324, 1000.000000000000000 ) ;
#3649 = CARTESIAN_POINT ( 'NONE',  ( 5.421010862427519705E-17, 0.6666666666666680729, -0.6400000000000000133 ) ) ;
#3650 = CARTESIAN_POINT ( 'NONE',  ( 4.009999999999999787, 0.0000000000000000000, -2.899999999999999911 ) ) ;
#3651 = ORIENTED_EDGE ( 'NONE', *, *, #2818, .T. ) ;
#3652 = VECTOR ( 'NONE', #4946, 1000.000000000000000 ) ;
#3653 = VERTEX_POINT ( 'NONE', #4814 ) ;
#3654 = AXIS2_PLACEMENT_3D ( 'NONE', #249, #5318, #2529 ) ;
#3655 = CARTESIAN_POINT ( 'NONE',  ( -3.759999999999999787, 3.200000000000000178, 2.100000000000000089 ) ) ;
#3656 = SURFACE_SIDE_STYLE ('',( #768 ) ) ;
#3657 = CARTESIAN_POINT ( 'NONE',  ( -1.469999999999999973, 12.40000000000000036, 3.449999999999999734 ) ) ;
#3658 = CARTESIAN_POINT ( 'NONE',  ( -5.208292492328140610E-06, 0.9583334156682049576, -0.6400000000000000133 ) ) ;
#3659 = ORIENTED_EDGE ( 'NONE', *, *, #5458, .F. ) ;
#3660 = CARTESIAN_POINT ( 'NONE',  ( 1.409999999999999920, -4.336808689942014778E-16, -0.5699999999999999512 ) ) ;
#3661 = CARTESIAN_POINT ( 'NONE',  ( 1.952893090244558039, 1.718843110545767106, 0.6400000000000001243 ) ) ;
#3662 = CARTESIAN_POINT ( 'NONE',  ( 0.0000000000000000000, 0.5833333333333329263, 0.6400000000000000133 ) ) ;
#3663 = FACE_OUTER_BOUND ( 'NONE', #5709, .T. ) ;
#3664 = CARTESIAN_POINT ( 'NONE',  ( 0.0000000000000000000, 0.0000000000000000000, 0.6400000000000000133 ) ) ;
#3665 = EDGE_CURVE ( 'NONE', #1583, #2294, #6825, .T. ) ;
#3666 = EDGE_CURVE ( 'NONE', #170, #2991, #2687, .T. ) ;
#3667 = PLANE ( 'NONE',  #846 ) ;
#3668 = EDGE_LOOP ( 'NONE', ( #2301, #4501, #798, #7183 ) ) ;
#3669 = LINE ( 'NONE', #3169, #4141 ) ;
#3670 = EDGE_LOOP ( 'NONE', ( #4795, #3112, #4033, #6406 ) ) ;
#3671 = CARTESIAN_POINT ( 'NONE',  ( 3.459999999999999964, 9.400000000000000355, 4.799999999999999822 ) ) ;
#3672 = CARTESIAN_POINT ( 'NONE',  ( 3.510000000000000231, 12.40000000000000036, -1.110000000000000098 ) ) ;
#3673 = CARTESIAN_POINT ( 'NONE',  ( 1.790000000000000036, 0.6800000000000000488, 0.1900000000000000022 ) ) ;
#3674 = SURFACE_STYLE_FILL_AREA ( #5311 ) ;
#3675 = DIRECTION ( 'NONE',  ( 1.752245935330110055E-15, 0.0000000000000000000, -1.000000000000000000 ) ) ;
#3676 = AXIS2_PLACEMENT_3D ( 'NONE', #1102, #2355, #4502 ) ;
#3677 = EDGE_CURVE ( 'NONE', #2945, #5159, #1464, .T. ) ;
#3678 = EDGE_CURVE ( 'NONE', #1070, #3443, #6500, .T. ) ;
#3679 = LINE ( 'NONE', #1973, #3902 ) ;
#3680 = ORIENTED_EDGE ( 'NONE', *, *, #4315, .T. ) ;
#3681 = CARTESIAN_POINT ( 'NONE',  ( 4.000000000000000000, 3.000000000000000000, 0.0000000000000000000 ) ) ;
#3682 = ORIENTED_EDGE ( 'NONE', *, *, #4034, .F. ) ;
#3683 = AXIS2_PLACEMENT_3D ( 'NONE', #3671, #5376, #3791 ) ;
#3684 = CARTESIAN_POINT ( 'NONE',  ( -2.745000000000000107, -9.368548013477249779E-17, -3.840000000000000302 ) ) ;
#3685 = PRODUCT_DEFINITION_CONTEXT ( 'detailed design', #6110, 'design' ) ;
#3686 = DIRECTION ( 'NONE',  ( 0.0000000000000000000, 0.0000000000000000000, -1.000000000000000000 ) ) ;
#3687 = CARTESIAN_POINT ( 'NONE',  ( 0.0000000000000000000, 0.9166666666666608565, 0.6400000000000000133 ) ) ;
#3688 = CARTESIAN_POINT ( 'NONE',  ( 2.416666666666675400, 1.720000000000000639, -0.6400000000000001243 ) ) ;
#3689 = ADVANCED_FACE ( 'NONE', ( #6064, #409 ), #1069, .F. ) ;
#3690 = AXIS2_PLACEMENT_3D ( 'NONE', #3660, #5367, #5876 ) ;
#3691 = ORIENTED_EDGE ( 'NONE', *, *, #109, .T. ) ;
#3692 = CARTESIAN_POINT ( 'NONE',  ( -5.421010862427520198E-16, 0.9999999999999850120, 0.0000000000000000000 ) ) ;
#3693 = VERTEX_POINT ( 'NONE', #525 ) ;
#3694 = VECTOR ( 'NONE', #466, 1000.000000000000000 ) ;
#3695 = ORIENTED_EDGE ( 'NONE', *, *, #7154, .F. ) ;
#3696 = CARTESIAN_POINT ( 'NONE',  ( 4.000000000000000000, 3.000000000000000000, -1.149999999999999911 ) ) ;
#3697 = FILL_AREA_STYLE ('',( #4249 ) ) ;
#3698 = DIRECTION ( 'NONE',  ( 0.0000000000000000000, -1.000000000000000000, 0.0000000000000000000 ) ) ;
#3699 = DIRECTION ( 'NONE',  ( 0.0000000000000000000, 1.000000000000000000, 0.0000000000000000000 ) ) ;
#3700 = VECTOR ( 'NONE', #3956, 1000.000000000000000 ) ;
#3701 = EDGE_LOOP ( 'NONE', ( #284, #1793, #7082, #2108 ) ) ;
#3702 = CARTESIAN_POINT ( 'NONE',  ( -0.5000000000000000000, 10.90000000000000036, -5.110000000000000320 ) ) ;
#3703 = CARTESIAN_POINT ( 'NONE',  ( 1.281156889454226677, 1.047106909755452397, -0.6400000000000001243 ) ) ;
#3704 = PRODUCT_DEFINITION_FORMATION_WITH_SPECIFIED_SOURCE ( 'ANY', '', #6204, .NOT_KNOWN. ) ;
#3705 = VECTOR ( 'NONE', #2188, 1000.000000000000000 ) ;
#3706 = CARTESIAN_POINT ( 'NONE',  ( 2.490000000000000213, 12.40000000000000036, 2.949999999999999734 ) ) ;
#3707 = CARTESIAN_POINT ( 'NONE',  ( 2.166666666666661634, 4.279999999999995808, 0.6400000000000001243 ) ) ;
#3708 = CARTESIAN_POINT ( 'NONE',  ( -3.959999999999999964, 0.0000000000000000000, -1.500000000000000000 ) ) ;
#3709 = ORIENTED_EDGE ( 'NONE', *, *, #3810, .F. ) ;
#3710 = DIRECTION ( 'NONE',  ( -1.000000000000000000, 1.110223024625155924E-16, 0.0000000000000000000 ) ) ;
#3711 = VECTOR ( 'NONE', #9, 1000.000000000000114 ) ;
#3712 = CARTESIAN_POINT ( 'NONE',  ( 2.990000000000000213, 13.40000000000000036, -1.909999999999999920 ) ) ;
#3713 = DIRECTION ( 'NONE',  ( 0.0000000000000000000, 0.0000000000000000000, 1.000000000000000000 ) ) ;
#3714 = DIRECTION ( 'NONE',  ( 1.000000000000000000, 0.0000000000000000000, 4.251773225433350161E-16 ) ) ;
#3715 = CARTESIAN_POINT ( 'NONE',  ( 0.6499999999999998002, 0.9999999999999847899, 0.0000000000000000000 ) ) ;
#3716 = LINE ( 'NONE', #3173, #3068 ) ;
#3717 =( GEOMETRIC_REPRESENTATION_CONTEXT ( 3 ) GLOBAL_UNCERTAINTY_ASSIGNED_CONTEXT ( ( #5861 ) ) GLOBAL_UNIT_ASSIGNED_CONTEXT ( ( #2208, #935, #6638 ) ) REPRESENTATION_CONTEXT ( 'NONE', 'WORKASPACE' ) );
#3718 = CARTESIAN_POINT ( 'NONE',  ( 0.02563462531364089914, 1.325827804174342095, 0.6400000000000000133 ) ) ;
#3719 = ORIENTED_EDGE ( 'NONE', *, *, #1289, .F. ) ;
#3720 = CARTESIAN_POINT ( 'NONE',  ( -3.459999999999999964, 9.400000000000000355, -2.000000000000000000 ) ) ;
#3721 = ORIENTED_EDGE ( 'NONE', *, *, #5632, .F. ) ;
#3722 = EDGE_CURVE ( 'NONE', #2363, #6429, #4284, .T. ) ;
#3723 = CARTESIAN_POINT ( 'NONE',  ( 3.959999999999999964, 9.400000000000000355, 4.299999999999999822 ) ) ;
#3724 = PLANE ( 'NONE',  #159 ) ;
#3725 = EDGE_CURVE ( 'NONE', #5691, #6029, #4778, .T. ) ;
#3726 = FACE_OUTER_BOUND ( 'NONE', #3668, .T. ) ;
#3727 = CARTESIAN_POINT ( 'NONE',  ( 3.333333333333429849, 3.000000000000000000, 0.6400000000000000133 ) ) ;
#3728 = CARTESIAN_POINT ( 'NONE',  ( 0.06391813759496049741, 1.518378803222814932, -0.6400000000000000133 ) ) ;
#3729 = VECTOR ( 'NONE', #5931, 1000.000000000000114 ) ;
#3730 = CARTESIAN_POINT ( 'NONE',  ( 5.421010862427519705E-17, 0.1666666666666674901, -0.6400000000000000133 ) ) ;
#3731 = EDGE_LOOP ( 'NONE', ( #4464, #3981, #117, #5645 ) ) ;
#3732 = CARTESIAN_POINT ( 'NONE',  ( -1.820000000000000062, 8.224999999999999645, -3.657157890324960192 ) ) ;
#3733 = ORIENTED_EDGE ( 'NONE', *, *, #2142, .T. ) ;
#3734 = EDGE_CURVE ( 'NONE', #4405, #5233, #4243, .T. ) ;
#3735 = VERTEX_POINT ( 'NONE', #3771 ) ;
#3736 = CARTESIAN_POINT ( 'NONE',  ( 1.768038891391091383, 1.683240947081635852, -0.6400000000000001243 ) ) ;
#3737 = DIRECTION ( 'NONE',  ( 0.0000000000000000000, 0.0000000000000000000, 1.000000000000000000 ) ) ;
#3738 = CARTESIAN_POINT ( 'NONE',  ( 0.4500000000000000111, 12.40000000000000036, 2.949999999999999734 ) ) ;
#3739 = CARTESIAN_POINT ( 'NONE',  ( 2.083333333333340143, 3.000000000000000000, -0.6400000000000000133 ) ) ;
#3740 = ORIENTED_EDGE ( 'NONE', *, *, #1998, .T. ) ;
#3741 = DIRECTION ( 'NONE',  ( 3.335238068367615185E-31, -1.000000000000000000, -1.059417382207071904E-16 ) ) ;
#3742 = CARTESIAN_POINT ( 'NONE',  ( 0.02563462531364095118, 1.325827804174342095, -0.6400000000000000133 ) ) ;
#3743 = DIRECTION ( 'NONE',  ( 0.0000000000000000000, 3.170181790893324673E-16, -1.000000000000000000 ) ) ;
#3744 = CARTESIAN_POINT ( 'NONE',  ( 4.000000000000000000, 3.000000000000000000, 0.6400000000000000133 ) ) ;
#3745 = DIRECTION ( 'NONE',  ( 0.0000000000000000000, 8.380306647230949920E-17, -1.000000000000000000 ) ) ;
#3746 = CARTESIAN_POINT ( 'NONE',  ( 4.009999999999999787, 13.40000000000000036, -2.899999999999999911 ) ) ;
#3747 = AXIS2_PLACEMENT_3D ( 'NONE', #5822, #394, #2633 ) ;
#3748 = CARTESIAN_POINT ( 'NONE',  ( 1.250000000000000000, 6.299999999999999822, 2.949999999999999734 ) ) ;
#3749 = EDGE_LOOP ( 'NONE', ( #5831, #6614, #4673, #1888, #6721, #2782, #3517, #4834 ) ) ;
#3750 = PLANE ( 'NONE',  #636 ) ;
#3751 = DIRECTION ( 'NONE',  ( 1.000000000000000000, 0.0000000000000000000, 0.0000000000000000000 ) ) ;
#3752 = SHAPE_DEFINITION_REPRESENTATION ( #5561, #2778 ) ;
#3753 = DIRECTION ( 'NONE',  ( 0.0000000000000000000, -1.000000000000000000, 0.0000000000000000000 ) ) ;
#3754 = VECTOR ( 'NONE', #4268, 1000.000000000000000 ) ;
#3755 = PLANE ( 'NONE',  #1394 ) ;
#3756 = FILL_AREA_STYLE ('',( #7067 ) ) ;
#3757 = LINE ( 'NONE', #5419, #516 ) ;
#3758 = FACE_OUTER_BOUND ( 'NONE', #5606, .T. ) ;
#3759 = ORIENTED_EDGE ( 'NONE', *, *, #805, .T. ) ;
#3760 = PLANE ( 'NONE',  #2522 ) ;
#3761 = ORIENTED_EDGE ( 'NONE', *, *, #6664, .T. ) ;
#3762 = FACE_OUTER_BOUND ( 'NONE', #2971, .T. ) ;
#3763 = FACE_OUTER_BOUND ( 'NONE', #6091, .T. ) ;
#3764 = CARTESIAN_POINT ( 'NONE',  ( 2.833333333333285520, 4.279999999999995808, 0.6400000000000001243 ) ) ;
#3765 = CARTESIAN_POINT ( 'NONE',  ( 4.000000000000000000, 1.720000000000000639, -0.6400000000000001243 ) ) ;
#3766 = ADVANCED_FACE ( 'NONE', ( #5985 ), #7186, .T. ) ;
#3767 = EDGE_CURVE ( 'NONE', #6973, #5848, #2860, .T. ) ;
#3768 = CARTESIAN_POINT ( 'NONE',  ( 2.416666666666675400, 1.720000000000000639, -0.6400000000000001243 ) ) ;
#3769 = EDGE_CURVE ( 'NONE', #1311, #6121, #5176, .T. ) ;
#3770 = VERTEX_POINT ( 'NONE', #3915 ) ;
#3771 = CARTESIAN_POINT ( 'NONE',  ( -0.6500000000000001332, 4.698209414103848644E-17, 7.960204194457796709E-17 ) ) ;
#3772 = ORIENTED_EDGE ( 'NONE', *, *, #6705, .T. ) ;
#3773 = EDGE_LOOP ( 'NONE', ( #6633, #1620, #1010, #1428, #4213, #3501, #4426, #571, #3479, #4625, #2578, #4448, #4472, #2820, #5071, #1554, #4481, #4545, #3231, #695 ) ) ;
#3774 = CARTESIAN_POINT ( 'NONE',  ( 4.000000000000000000, 1.720000000000000639, 0.6400000000000001243 ) ) ;
#3775 = AXIS2_PLACEMENT_3D ( 'NONE', #4879, #972, #1606 ) ;
#3776 = CARTESIAN_POINT ( 'NONE',  ( 2.850000000000000089, 0.0000000000000000000, -0.8699999999999999956 ) ) ;
#3777 = CARTESIAN_POINT ( 'NONE',  ( -2.550000000000000266, 0.2999999999999999889, 0.5699999999999999512 ) ) ;
#3778 = DIRECTION ( 'NONE',  ( 0.0000000000000000000, 1.000000000000000000, 0.0000000000000000000 ) ) ;
#3779 = ADVANCED_FACE ( 'NONE', ( #4465 ), #6720, .T. ) ;
#3780 = CARTESIAN_POINT ( 'NONE',  ( 1.820000000000000062, 6.779999999999999361, -2.861285051386784684 ) ) ;
#3781 = ORIENTED_EDGE ( 'NONE', *, *, #1179, .T. ) ;
#3782 = CARTESIAN_POINT ( 'NONE',  ( -1.820000000000000062, 6.779999999999999361, -3.660000000000000142 ) ) ;
#3783 = CARTESIAN_POINT ( 'NONE',  ( 3.333333333333429849, 3.000000000000000000, -0.6400000000000000133 ) ) ;
#3784 = DIRECTION ( 'NONE',  ( 1.295098792014792761E-16, -0.8660254037844390407, -0.4999999999999995004 ) ) ;
#3785 = LINE ( 'NONE', #428, #449 ) ;
#3786 = CIRCLE ( 'NONE', #2395, 0.5000000000000000000 ) ;
#3787 = EDGE_CURVE ( 'NONE', #6286, #1649, #4538, .T. ) ;
#3788 = ORIENTED_EDGE ( 'NONE', *, *, #210, .F. ) ;
#3789 = CARTESIAN_POINT ( 'NONE',  ( 1.409999999999999920, -4.336808689942014778E-16, 0.5699999999999999512 ) ) ;
#3790 = ORIENTED_EDGE ( 'NONE', *, *, #3918, .T. ) ;
#3791 = DIRECTION ( 'NONE',  ( 0.0000000000000000000, -1.000000000000000000, 0.0000000000000000000 ) ) ;
#3792 = STYLED_ITEM ( 'NONE', ( #1149 ), #3432 ) ;
#3793 = CARTESIAN_POINT ( 'NONE',  ( -0.8199999999999999512, 3.649999999999999911, -3.657157890324960192 ) ) ;
#3794 = DIRECTION ( 'NONE',  ( -1.000000000000000000, 0.0000000000000000000, 1.902109074535969807E-16 ) ) ;
#3795 =( NAMED_UNIT ( * ) SI_UNIT ( $, .STERADIAN. ) SOLID_ANGLE_UNIT ( ) );
#3796 = CARTESIAN_POINT ( 'NONE',  ( 2.550000000000000266, 1.000000000000000000, 0.5699999999999999512 ) ) ;
#3797 = VECTOR ( 'NONE', #4704, 1000.000000000000000 ) ;
#3798 = DIRECTION ( 'NONE',  ( -1.000000000000000000, 0.0000000000000000000, 2.990902544787600071E-16 ) ) ;
#3799 = ORIENTED_EDGE ( 'NONE', *, *, #3193, .T. ) ;
#3800 = PLANE ( 'NONE',  #1468 ) ;
#3801 = ORIENTED_EDGE ( 'NONE', *, *, #62, .F. ) ;
#3802 = FACE_OUTER_BOUND ( 'NONE', #3393, .T. ) ;
#3803 = CARTESIAN_POINT ( 'NONE',  ( 2.550000000000000266, 0.0000000000000000000, 0.8699999999999999956 ) ) ;
#3804 = CARTESIAN_POINT ( 'NONE',  ( 1.409999999999999920, 3.200000000000000178, -0.5699999999999999512 ) ) ;
#3805 = CARTESIAN_POINT ( 'NONE',  ( 4.000000000000000000, 3.000000000000000000, 0.6400000000000000133 ) ) ;
#3806 = CARTESIAN_POINT ( 'NONE',  ( 5.421010862427519705E-17, 0.6666666666666680729, -0.6400000000000000133 ) ) ;
#3807 = AXIS2_PLACEMENT_3D ( 'NONE', #4196, #6415, #5134 ) ;
#3808 = VERTEX_POINT ( 'NONE', #559 ) ;
#3809 = DIRECTION ( 'NONE',  ( 1.000000000000000000, 0.0000000000000000000, 3.614007241618350250E-16 ) ) ;
#3810 = EDGE_CURVE ( 'NONE', #5605, #1047, #108, .T. ) ;
#3811 = ORIENTED_EDGE ( 'NONE', *, *, #319, .F. ) ;
#3812 = CARTESIAN_POINT ( 'NONE',  ( 1.316759052918389239, 1.231961108608907285, 0.6400000000000001243 ) ) ;
#3813 = AXIS2_PLACEMENT_3D ( 'NONE', #6090, #1092, #2783 ) ;
#3814 = CARTESIAN_POINT ( 'NONE',  ( 1.481621196777171967, 2.936081862405050202, -0.6400000000000000133 ) ) ;
#3815 = CARTESIAN_POINT ( 'NONE',  ( -2.700000000000000178, 9.400000000000000355, -3.290000000000000036 ) ) ;
#3816 = LINE ( 'NONE', #4328, #1039 ) ;
#3817 = ORIENTED_EDGE ( 'NONE', *, *, #2963, .T. ) ;
#3818 = ORIENTED_EDGE ( 'NONE', *, *, #3001, .F. ) ;
#3819 = AXIS2_PLACEMENT_3D ( 'NONE', #4619, #739, #6874 ) ;
#3820 = EDGE_CURVE ( 'NONE', #6100, #150, #2791, .T. ) ;
#3821 = CARTESIAN_POINT ( 'NONE',  ( 1.481621196777171967, 2.936081862405050202, -0.6400000000000000133 ) ) ;
#3822 = EDGE_CURVE ( 'NONE', #1487, #1858, #3982, .T. ) ;
#3823 = CARTESIAN_POINT ( 'NONE',  ( 1.279998125014697230, 0.9716666963072198016, 0.6400000000000001243 ) ) ;
#3824 = DIRECTION ( 'NONE',  ( 1.000000000000000000, 0.0000000000000000000, 0.0000000000000000000 ) ) ;
#3825 = DIRECTION ( 'NONE',  ( 0.0000000000000000000, 0.0000000000000000000, -1.000000000000000000 ) ) ;
#3826 = ORIENTED_EDGE ( 'NONE', *, *, #4972, .T. ) ;
#3827 = DIRECTION ( 'NONE',  ( 0.0000000000000000000, 0.0000000000000000000, -1.000000000000000000 ) ) ;
#3828 = ORIENTED_EDGE ( 'NONE', *, *, #3338, .F. ) ;
#3829 = APPLICATION_PROTOCOL_DEFINITION ( 'draft international standard', 'automotive_design', 1998, #522 ) ;
#3830 =( GEOMETRIC_REPRESENTATION_CONTEXT ( 3 ) GLOBAL_UNCERTAINTY_ASSIGNED_CONTEXT ( ( #4772 ) ) GLOBAL_UNIT_ASSIGNED_CONTEXT ( ( #1161, #5568, #6775 ) ) REPRESENTATION_CONTEXT ( 'NONE', 'WORKASPACE' ) );
#3831 = AXIS2_PLACEMENT_3D ( 'NONE', #5767, #5291, #5251 ) ;
#3832 = ADVANCED_FACE ( 'NONE', ( #6200 ), #3478, .T. ) ;
#3833 = DIRECTION ( 'NONE',  ( 1.000000000000000000, 0.0000000000000000000, 0.0000000000000000000 ) ) ;
#3834 = AXIS2_PLACEMENT_3D ( 'NONE', #5439, #3698, #1045 ) ;
#3835 = CARTESIAN_POINT ( 'NONE',  ( 3.459999999999999964, 3.200000000000000178, -1.500000000000000000 ) ) ;
#3836 = ORIENTED_EDGE ( 'NONE', *, *, #5356, .T. ) ;
#3837 = FACE_OUTER_BOUND ( 'NONE', #3578, .T. ) ;
#3838 = ORIENTED_EDGE ( 'NONE', *, *, #3769, .T. ) ;
#3839 = DIRECTION ( 'NONE',  ( 0.0000000000000000000, 0.0000000000000000000, 1.000000000000000000 ) ) ;
#3840 = CIRCLE ( 'NONE', #6746, 0.5000000000000000000 ) ;
#3841 = CARTESIAN_POINT ( 'NONE',  ( -3.510000000000000231, 13.40000000000000036, -1.110000000000000098 ) ) ;
#3842 = CARTESIAN_POINT ( 'NONE',  ( 3.666666666667149688, 3.000000000000000000, 0.6400000000000000133 ) ) ;
#3843 = CARTESIAN_POINT ( 'NONE',  ( 1.571891334686435160, 4.253710207019997469, -0.6400000000000001243 ) ) ;
#3844 = ORIENTED_EDGE ( 'NONE', *, *, #5407, .T. ) ;
#3845 = CARTESIAN_POINT ( 'NONE',  ( 1.409999999999999920, 0.2999999999999999889, -0.5699999999999999512 ) ) ;
#3846 = ORIENTED_EDGE ( 'NONE', *, *, #3286, .T. ) ;
#3847 = CARTESIAN_POINT ( 'NONE',  ( 1.285770930166350690, 1.093975072873698995, 0.6400000000000001243 ) ) ;
#3848 = CARTESIAN_POINT ( 'NONE',  ( -3.510000000000000231, 0.0000000000000000000, 3.350000000000000089 ) ) ;
#3849 = LINE ( 'NONE', #4401, #3205 ) ;
#3850 = PLANE ( 'NONE',  #674 ) ;
#3851 = DIRECTION ( 'NONE',  ( 1.000000000000000000, 0.0000000000000000000, 0.0000000000000000000 ) ) ;
#3852 = VERTEX_POINT ( 'NONE', #6757 ) ;
#3853 = ORIENTED_EDGE ( 'NONE', *, *, #4052, .F. ) ;
#3854 = CARTESIAN_POINT ( 'NONE',  ( 2.666666666666639873, 3.000000000000000000, 0.6400000000000000133 ) ) ;
#3855 = CARTESIAN_POINT ( 'NONE',  ( 0.9925722314144990177, 2.747494155725414888, -0.6400000000000000133 ) ) ;
#3856 = CARTESIAN_POINT ( 'NONE',  ( 2.166666666666665186, 3.000000000000000000, 0.6400000000000000133 ) ) ;
#3857 = LINE ( 'NONE', #1524, #1714 ) ;
#3858 = CARTESIAN_POINT ( 'NONE',  ( -3.109999999999999876, 12.59999999999999964, 3.850000000000000089 ) ) ;
#3859 = ORIENTED_EDGE ( 'NONE', *, *, #5394, .F. ) ;
#3860 = CARTESIAN_POINT ( 'NONE',  ( 2.700000000000000178, 9.400000000000000355, -2.000000000000000000 ) ) ;
#3861 = EDGE_CURVE ( 'NONE', #2357, #1848, #1209, .T. ) ;
#3862 = ORIENTED_EDGE ( 'NONE', *, *, #5804, .F. ) ;
#3863 = EDGE_CURVE ( 'NONE', #2496, #3407, #2219, .T. ) ;
#3864 = CARTESIAN_POINT ( 'NONE',  ( -1.409999999999999920, 1.000000000000000000, -0.5699999999999999512 ) ) ;
#3865 = FACE_BOUND ( 'NONE', #4744, .T. ) ;
#3866 = CARTESIAN_POINT ( 'NONE',  ( 0.5000000000000000000, 12.37975568869732079, -4.597157890324970353 ) ) ;
#3867 = DIRECTION ( 'NONE',  ( 1.000000000000000000, 0.0000000000000000000, 0.0000000000000000000 ) ) ;
#3868 = VERTEX_POINT ( 'NONE', #1139 ) ;
#3869 = PLANE ( 'NONE',  #3813 ) ;
#3870 = ORIENTED_EDGE ( 'NONE', *, *, #6897, .T. ) ;
#3871 = CARTESIAN_POINT ( 'NONE',  ( -2.745000000000000107, 0.2999999999999999889, 4.799999999999999822 ) ) ;
#3872 = PLANE ( 'NONE',  #1972 ) ;
#3873 = CARTESIAN_POINT ( 'NONE',  ( -1.214999999999999858, 0.2999999999999999889, -3.840000000000000302 ) ) ;
#3874 = APPLICATION_CONTEXT ( 'automotive_design' ) ;
#3875 = ORIENTED_EDGE ( 'NONE', *, *, #4402, .T. ) ;
#3876 = CARTESIAN_POINT ( 'NONE',  ( 1.465642401154087837, 4.237959214485621295, -0.6400000000000001243 ) ) ;
#3877 = ORIENTED_EDGE ( 'NONE', *, *, #1397, .F. ) ;
#3878 = CARTESIAN_POINT ( 'NONE',  ( 3.459999999999999964, 9.400000000000000355, -1.500000000000000000 ) ) ;
#3879 = ORIENTED_EDGE ( 'NONE', *, *, #7084, .T. ) ;
#3880 = ORIENTED_EDGE ( 'NONE', *, *, #6047, .F. ) ;
#3881 = PRODUCT ( 'A3963WV-PIN.STEP', 'A3963WV-PIN.STEP', '', ( #7101 ) ) ;
#3882 = CARTESIAN_POINT ( 'NONE',  ( 2.416666666666675400, 1.720000000000000639, 0.6400000000000001243 ) ) ;
#3883 = FACE_OUTER_BOUND ( 'NONE', #2430, .T. ) ;
#3884 = FACE_OUTER_BOUND ( 'NONE', #3267, .T. ) ;
#3885 = ORIENTED_EDGE ( 'NONE', *, *, #6583, .T. ) ;
#3886 = SURFACE_STYLE_FILL_AREA ( #3993 ) ;
#3887 = PLANE ( 'NONE',  #4116 ) ;
#3888 = ADVANCED_FACE ( 'NONE', ( #5004 ), #4567, .F. ) ;
#3889 = CARTESIAN_POINT ( 'NONE',  ( -2.550000000000000266, 0.2999999999999999889, -0.5699999999999999512 ) ) ;
#3890 = DIRECTION ( 'NONE',  ( -1.902109074535969807E-16, 1.913297951445009840E-16, -1.000000000000000000 ) ) ;
#3891 = ORIENTED_EDGE ( 'NONE', *, *, #6916, .T. ) ;
#3892 = DIRECTION ( 'NONE',  ( 1.000000000000000000, 0.0000000000000000000, 0.0000000000000000000 ) ) ;
#3893 = VECTOR ( 'NONE', #6768, 1000.000000000000000 ) ;
#3894 = VERTEX_POINT ( 'NONE', #2254 ) ;
#3895 = DIRECTION ( 'NONE',  ( 0.0000000000000000000, -1.000000000000000000, 0.0000000000000000000 ) ) ;
#3896 = LINE ( 'NONE', #4486, #2148 ) ;
#3897 = VECTOR ( 'NONE', #1158, 1000.000000000000000 ) ;
#3898 = EDGE_CURVE ( 'NONE', #3916, #2138, #4, .T. ) ;
#3899 = TOROIDAL_SURFACE ( 'NONE', #979, 2.000000000000000000, 1.149999999999999911 ) ;
#3900 = FILL_AREA_STYLE ('',( #5675 ) ) ;
#3901 = CARTESIAN_POINT ( 'NONE',  ( 2.745000000000000107, 0.0000000000000000000, -2.000000000000000000 ) ) ;
#3902 = VECTOR ( 'NONE', #1021, 1000.000000000000000 ) ;
#3903 = ORIENTED_EDGE ( 'NONE', *, *, #441, .T. ) ;
#3904 = CARTESIAN_POINT ( 'NONE',  ( -3.510000000000000231, 13.40000000000000036, 3.850000000000000089 ) ) ;
#3905 = VERTEX_POINT ( 'NONE', #2756 ) ;
#3906 = DIRECTION ( 'NONE',  ( 0.0000000000000000000, 0.0000000000000000000, -1.000000000000000000 ) ) ;
#3907 = EDGE_CURVE ( 'NONE', #352, #543, #4964, .T. ) ;
#3908 = EDGE_CURVE ( 'NONE', #1613, #6958, #6682, .T. ) ;
#3909 = LINE ( 'NONE', #1646, #5915 ) ;
#3910 = DIRECTION ( 'NONE',  ( 0.0000000000000000000, 0.0000000000000000000, -1.000000000000000000 ) ) ;
#3911 =( GEOMETRIC_REPRESENTATION_CONTEXT ( 3 ) GLOBAL_UNCERTAINTY_ASSIGNED_CONTEXT ( ( #2457 ) ) GLOBAL_UNIT_ASSIGNED_CONTEXT ( ( #1276, #3500, #2984 ) ) REPRESENTATION_CONTEXT ( 'NONE', 'WORKASPACE' ) );
#3912 = ORIENTED_EDGE ( 'NONE', *, *, #4776, .T. ) ;
#3913 = CARTESIAN_POINT ( 'NONE',  ( 1.738958130906365085, 2.983969638426825277, -0.6400000000000000133 ) ) ;
#3914 = VERTEX_POINT ( 'NONE', #1687 ) ;
#3915 = CARTESIAN_POINT ( 'NONE',  ( 5.421010862427519705E-17, 7.213480476975913411E-33, -0.6400000000000000133 ) ) ;
#3916 = VERTEX_POINT ( 'NONE', #3400 ) ;
#3917 = VERTEX_POINT ( 'NONE', #3950 ) ;
#3918 = EDGE_CURVE ( 'NONE', #4627, #1649, #1172, .T. ) ;
#3919 = CARTESIAN_POINT ( 'NONE',  ( -1.279999999999998694, 0.7916666666666665186, -0.6400000000000001243 ) ) ;
#3920 = CARTESIAN_POINT ( 'NONE',  ( 0.1021084803288501985, 1.644336412802515079, 0.6400000000000000133 ) ) ;
#3921 = CARTESIAN_POINT ( 'NONE',  ( 1.469999999999999973, 13.40000000000000036, 3.449999999999999734 ) ) ;
#3922 = EDGE_LOOP ( 'NONE', ( #6893, #1247, #5020, #482 ) ) ;
#3923 = EDGE_LOOP ( 'NONE', ( #1324, #3305, #7120, #5779 ) ) ;
#3924 = CARTESIAN_POINT ( 'NONE',  ( 0.0000000000000000000, 0.3333333333333330373, 0.6400000000000000133 ) ) ;
#3925 = AXIS2_PLACEMENT_3D ( 'NONE', #1785, #5199, #5267 ) ;
#3926 = CARTESIAN_POINT ( 'NONE',  ( -2.745000000000000107, -9.368548013477249779E-17, -2.000000000000000000 ) ) ;
#3927 = FACE_OUTER_BOUND ( 'NONE', #3039, .T. ) ;
#3928 = CARTESIAN_POINT ( 'NONE',  ( -2.550000000000000266, 3.200000000000000178, 0.5699999999999999512 ) ) ;
#3929 = ORIENTED_EDGE ( 'NONE', *, *, #5713, .F. ) ;
#3930 = PLANE ( 'NONE',  #5663 ) ;
#3931 = CARTESIAN_POINT ( 'NONE',  ( 4.000000000000000000, 3.000000000000000000, 0.0000000000000000000 ) ) ;
#3932 = CARTESIAN_POINT ( 'NONE',  ( 2.850000000000000089, 0.0000000000000000000, -0.5699999999999999512 ) ) ;
#3933 = AXIS2_PLACEMENT_3D ( 'NONE', #5519, #3824, #384 ) ;
#3934 = DIRECTION ( 'NONE',  ( 0.0000000000000000000, 0.0000000000000000000, 1.000000000000000000 ) ) ;
#3935 = CARTESIAN_POINT ( 'NONE',  ( -1.279999999999998694, 0.5833333333333317050, 0.6400000000000001243 ) ) ;
#3936 = CARTESIAN_POINT ( 'NONE',  ( 1.481621196777171967, 2.936081862405050202, 0.6400000000000000133 ) ) ;
#3937 = VECTOR ( 'NONE', #4413, 1000.000000000000000 ) ;
#3938 = ORIENTED_EDGE ( 'NONE', *, *, #189, .T. ) ;
#3939 = CARTESIAN_POINT ( 'NONE',  ( 2.745000000000000107, 0.0000000000000000000, 4.799999999999999822 ) ) ;
#3940 = ORIENTED_EDGE ( 'NONE', *, *, #6255, .T. ) ;
#3941 = CARTESIAN_POINT ( 'NONE',  ( 2.000000000000000000, 1.000000000000000000, 0.0000000000000000000 ) ) ;
#3942 = CARTESIAN_POINT ( 'NONE',  ( 2.700000000000000178, 0.2999999999999999889, -2.000000000000000000 ) ) ;
#3943 = ORIENTED_EDGE ( 'NONE', *, *, #2483, .T. ) ;
#3944 = DIRECTION ( 'NONE',  ( 0.0000000000000000000, -1.000000000000000000, 0.0000000000000000000 ) ) ;
#3945 = CIRCLE ( 'NONE', #568, 0.6400000000000000133 ) ;
#3946 = CARTESIAN_POINT ( 'NONE',  ( 2.416666666666674956, 3.000000000000000000, -0.6400000000000000133 ) ) ;
#3947 = EDGE_CURVE ( 'NONE', #4323, #4163, #719, .T. ) ;
#3948 = VERTEX_POINT ( 'NONE', #3612 ) ;
#3949 = EDGE_CURVE ( 'NONE', #6905, #4696, #2384, .T. ) ;
#3950 = CARTESIAN_POINT ( 'NONE',  ( 1.409999999999999920, 0.2999999999999999889, 0.5699999999999999512 ) ) ;
#3951 = VERTEX_POINT ( 'NONE', #2279 ) ;
#3952 = EDGE_CURVE ( 'NONE', #3905, #6136, #1895, .T. ) ;
#3953 = CIRCLE ( 'NONE', #1505, 0.5000000000000004441 ) ;
#3954 = ORIENTED_EDGE ( 'NONE', *, *, #2714, .F. ) ;
#3955 = CARTESIAN_POINT ( 'NONE',  ( -1.112542092260688786, 2.056711716996124650, -0.6400000000000001243 ) ) ;
#3956 = DIRECTION ( 'NONE',  ( 0.1856067747580749105, 0.0000000000000000000, -0.9826241016603984857 ) ) ;
#3957 = CARTESIAN_POINT ( 'NONE',  ( -2.550000000000000266, -4.336808689942014778E-16, 0.5699999999999999512 ) ) ;
#3958 = CARTESIAN_POINT ( 'NONE',  ( -1.626303258728255172E-16, 0.9999999999999850120, 0.0000000000000000000 ) ) ;
#3959 = VERTEX_POINT ( 'NONE', #3642 ) ;
#3960 = EDGE_CURVE ( 'NONE', #790, #3371, #4162, .T. ) ;
#3961 = DIRECTION ( 'NONE',  ( 1.000000000000000000, 1.062943306358337910E-16, 3.614007241618350250E-16 ) ) ;
#3962 = ORIENTED_EDGE ( 'NONE', *, *, #5234, .F. ) ;
#3963 = LINE ( 'NONE', #2970, #1561 ) ;
#3964 = CLOSED_SHELL ( 'NONE', ( #2909, #518, #5316, #5893 ) ) ;
#3965 = PLANE ( 'NONE',  #1022 ) ;
#3966 = CARTESIAN_POINT ( 'NONE',  ( -1.250000000000000000, 6.299999999999999822, 2.949999999999999734 ) ) ;
#3967 = LINE ( 'NONE', #2875, #6568 ) ;
#3968 = ORIENTED_EDGE ( 'NONE', *, *, #1263, .T. ) ;
#3969 = CARTESIAN_POINT ( 'NONE',  ( 0.0000000000000000000, 0.0000000000000000000, 0.6400000000000000133 ) ) ;
#3970 = DIRECTION ( 'NONE',  ( -1.000000000000000000, -2.991744088977940399E-31, -3.242291330675300071E-16 ) ) ;
#3971 = DIRECTION ( 'NONE',  ( -1.000000000000000000, 0.0000000000000000000, 0.0000000000000000000 ) ) ;
#3972 = CARTESIAN_POINT ( 'NONE',  ( -1.280008541599682248, 0.9450001350291937774, 0.6400000000000001243 ) ) ;
#3973 = DIRECTION ( 'NONE',  ( 0.0000000000000000000, 0.0000000000000000000, -1.000000000000000000 ) ) ;
#3974 = ORIENTED_EDGE ( 'NONE', *, *, #4564, .T. ) ;
#3975 = DIRECTION ( 'NONE',  ( 0.0000000000000000000, -0.6276213778489598827, -0.7785187255724638211 ) ) ;
#3976 = ORIENTED_EDGE ( 'NONE', *, *, #3677, .T. ) ;
#3977 = DIRECTION ( 'NONE',  ( -1.885568995626964780E-16, -1.000000000000000000, 1.867108438696564983E-33 ) ) ;
#3978 = DIRECTION ( 'NONE',  ( -1.000000000000000000, 0.0000000000000000000, 1.661612524881999902E-16 ) ) ;
#3979 = CARTESIAN_POINT ( 'NONE',  ( 1.409999999999999920, -4.336808689942014778E-16, -0.5699999999999999512 ) ) ;
#3980 = CARTESIAN_POINT ( 'NONE',  ( 0.9925722314144990177, 2.747494155725414888, -0.6400000000000000133 ) ) ;
#3981 = ORIENTED_EDGE ( 'NONE', *, *, #4449, .F. ) ;
#3982 = LINE ( 'NONE', #4024, #872 ) ;
#3983 = ORIENTED_EDGE ( 'NONE', *, *, #6836, .T. ) ;
#3984 = PRODUCT_DEFINITION_CONTEXT ( 'detailed design', #2769, 'design' ) ;
#3985 = VERTEX_POINT ( 'NONE', #6924 ) ;
#3986 = CARTESIAN_POINT ( 'NONE',  ( 2.416666666666675400, 1.720000000000000639, -0.6400000000000001243 ) ) ;
#3987 = ADVANCED_FACE ( 'NONE', ( #3063 ), #6959, .T. ) ;
#3988 = DIRECTION ( 'NONE',  ( -1.000000000000000000, -6.914672651895809708E-32, 0.0000000000000000000 ) ) ;
#3989 = PRODUCT_RELATED_PRODUCT_CATEGORY ( 'part', '', ( #3008 ) ) ;
#3990 = LINE ( 'NONE', #6207, #4428 ) ;
#3991 = CARTESIAN_POINT ( 'NONE',  ( 0.003213581817323064773, 1.130852527098471949, 0.6400000000000000133 ) ) ;
#3992 = ORIENTED_EDGE ( 'NONE', *, *, #4215, .T. ) ;
#3993 = FILL_AREA_STYLE ('',( #6246 ) ) ;
#3994 = EDGE_LOOP ( 'NONE', ( #4705, #1344, #2688, #2998 ) ) ;
#3995 = CYLINDRICAL_SURFACE ( 'NONE', #6686, 0.5000000000000000000 ) ;
#3996 = EDGE_CURVE ( 'NONE', #7004, #1277, #4638, .T. ) ;
#3997 = DIRECTION ( 'NONE',  ( 0.0000000000000000000, 0.0000000000000000000, 1.000000000000000000 ) ) ;
#3998 = VECTOR ( 'NONE', #5488, 1000.000000000000000 ) ;
#3999 = EDGE_CURVE ( 'NONE', #4495, #4111, #285, .T. ) ;
#4000 = LINE ( 'NONE', #5186, #152 ) ;
#4001 = LINE ( 'NONE', #5626, #6503 ) ;
#4002 = PRODUCT_DEFINITION_SHAPE ( 'NONE', 'NONE',  #7218 ) ;
#4003 = PLANE ( 'NONE',  #5628 ) ;
#4004 = VECTOR ( 'NONE', #6982, 1000.000000000000000 ) ;
#4005 = CARTESIAN_POINT ( 'NONE',  ( -3.459999999999999964, 3.200000000000000178, 4.799999999999999822 ) ) ;
#4006 = CARTESIAN_POINT ( 'NONE',  ( -1.820000000000000062, 6.779999999999999361, -2.861285051386784684 ) ) ;
#4007 = DIRECTION ( 'NONE',  ( 0.0000000000000000000, 0.0000000000000000000, 1.000000000000000000 ) ) ;
#4008 = ADVANCED_FACE ( 'NONE', ( #4668 ), #5241, .F. ) ;
#4009 = CARTESIAN_POINT ( 'NONE',  ( 1.785401855558534034, 4.274729725819588211, 0.6400000000000001243 ) ) ;
#4010 = VECTOR ( 'NONE', #7037, 1000.000000000000000 ) ;
#4011 = AXIS2_PLACEMENT_3D ( 'NONE', #2125, #6556, #5666 ) ;
#4012 = DIRECTION ( 'NONE',  ( 1.000000000000000000, 1.062943306358337910E-16, -1.902109074535969807E-16 ) ) ;
#4013 = ORIENTED_EDGE ( 'NONE', *, *, #5052, .T. ) ;
#4014 = CARTESIAN_POINT ( 'NONE',  ( -2.168404344971009854E-16, 0.0000000000000000000, 0.0000000000000000000 ) ) ;
#4015 = ORIENTED_EDGE ( 'NONE', *, *, #3329, .F. ) ;
#4016 = AXIS2_PLACEMENT_3D ( 'NONE', #4150, #4187, #4720 ) ;
#4017 = DIRECTION ( 'NONE',  ( 1.000000000000000000, -1.885568995626964287E-16, 0.0000000000000000000 ) ) ;
#4018 = LINE ( 'NONE', #3396, #894 ) ;
#4019 = FACE_BOUND ( 'NONE', #4858, .T. ) ;
#4020 = VECTOR ( 'NONE', #1641, 1000.000000000000000 ) ;
#4021 = VECTOR ( 'NONE', #3906, 1000.000000000000000 ) ;
#4022 = CARTESIAN_POINT ( 'NONE',  ( -1.274729725819581772, 1.214598144441489724, 0.6400000000000001243 ) ) ;
#4023 = ORIENTED_EDGE ( 'NONE', *, *, #3098, .T. ) ;
#4024 = CARTESIAN_POINT ( 'NONE',  ( 3.109999999999999876, 12.59999999999999964, 3.850000000000000089 ) ) ;
#4025 = ORIENTED_EDGE ( 'NONE', *, *, #6126, .F. ) ;
#4026 = AXIS2_PLACEMENT_3D ( 'NONE', #814, #4222, #2628 ) ;
#4027 = CARTESIAN_POINT ( 'NONE',  ( 0.1021084803288504067, 1.644336412802515079, -0.6400000000000000133 ) ) ;
#4028 = CARTESIAN_POINT ( 'NONE',  ( 4.000000000000000000, 1.720000000000000639, 0.6400000000000001243 ) ) ;
#4029 = DIRECTION ( 'NONE',  ( -6.914672651895809708E-32, 1.000000000000000000, 1.913297951445009840E-16 ) ) ;
#4030 = DIRECTION ( 'NONE',  ( 1.000000000000000000, 0.0000000000000000000, 0.0000000000000000000 ) ) ;
#4031 = ORIENTED_EDGE ( 'NONE', *, *, #3001, .T. ) ;
#4032 = CARTESIAN_POINT ( 'NONE',  ( -2.745000000000000107, -9.368548013477249779E-17, 4.799999999999999822 ) ) ;
#4033 = ORIENTED_EDGE ( 'NONE', *, *, #686, .T. ) ;
#4034 = EDGE_CURVE ( 'NONE', #6122, #4510, #1975, .T. ) ;
#4035 = CARTESIAN_POINT ( 'NONE',  ( -0.8658904153896834766, 2.652181540480225586, -0.6400000000000001243 ) ) ;
#4036 = FACE_OUTER_BOUND ( 'NONE', #4424, .T. ) ;
#4037 = CARTESIAN_POINT ( 'NONE',  ( -1.820000000000000062, 11.90000000000000036, -5.660000000000000142 ) ) ;
#4038 = DIRECTION ( 'NONE',  ( -0.0000000000000000000, 1.000000000000000000, 0.0000000000000000000 ) ) ;
#4039 = EDGE_LOOP ( 'NONE', ( #5870, #3359 ) ) ;
#4040 = VECTOR ( 'NONE', #7178, 1000.000000000000000 ) ;
#4041 = EDGE_CURVE ( 'NONE', #4753, #6684, #2958, .T. ) ;
#4042 = EDGE_CURVE ( 'NONE', #3894, #2849, #4735, .T. ) ;
#4043 = LINE ( 'NONE', #6257, #3239 ) ;
#4044 = CARTESIAN_POINT ( 'NONE',  ( -4.009999999999999787, 0.0000000000000000000, -2.899999999999999911 ) ) ;
#4045 = LINE ( 'NONE', #6259, #3192 ) ;
#4046 = SURFACE_SIDE_STYLE ('',( #2371 ) ) ;
#4047 = CIRCLE ( 'NONE', #1831, 1.149999999999999911 ) ;
#4048 = CARTESIAN_POINT ( 'NONE',  ( 2.054999864970844747, 4.280008541599678473, 0.6400000000000001243 ) ) ;
#4049 = ORIENTED_EDGE ( 'NONE', *, *, #5133, .F. ) ;
#4050 = CARTESIAN_POINT ( 'NONE',  ( -3.959999999999999964, 3.200000000000000178, -2.000000000000000000 ) ) ;
#4051 = VERTEX_POINT ( 'NONE', #4062 ) ;
#4052 = EDGE_CURVE ( 'NONE', #4561, #1311, #6595, .T. ) ;
#4053 = LINE ( 'NONE', #6231, #5302 ) ;
#4054 = VERTEX_POINT ( 'NONE', #248 ) ;
#4055 = VECTOR ( 'NONE', #4295, 1000.000000000000000 ) ;
#4056 = DIRECTION ( 'NONE',  ( 0.0000000000000000000, -1.000000000000000000, 0.0000000000000000000 ) ) ;
#4057 = DIRECTION ( 'NONE',  ( -3.335238068367609930E-31, 1.000000000000000000, 1.059417382207071904E-16 ) ) ;
#4058 = CARTESIAN_POINT ( 'NONE',  ( -5.208292492328140610E-06, 0.9583334156682049576, 0.6400000000000000133 ) ) ;
#4059 = AXIS2_PLACEMENT_3D ( 'NONE', #4088, #4497, #5130 ) ;
#4060 = VECTOR ( 'NONE', #3270, 1000.000000000000000 ) ;
#4061 = CARTESIAN_POINT ( 'NONE',  ( 8.181166715815530287E-06, 1.065449717618472070, 0.6400000000000000133 ) ) ;
#4062 = CARTESIAN_POINT ( 'NONE',  ( -1.820000000000000062, 8.224999999999999645, -2.409999999999999698 ) ) ;
#4063 = CARTESIAN_POINT ( 'NONE',  ( 3.109999999999999876, 13.40000000000000036, 4.349999999999999645 ) ) ;
#4064 = AXIS2_PLACEMENT_3D ( 'NONE', #2656, #2762, #4970 ) ;
#4065 = CARTESIAN_POINT ( 'NONE',  ( 2.166666666666661634, 1.720000000000000639, -0.6400000000000001243 ) ) ;
#4066 = CARTESIAN_POINT ( 'NONE',  ( 1.279999999999998694, 0.3333333333333334259, -0.6400000000000001243 ) ) ;
#4067 = CARTESIAN_POINT ( 'NONE',  ( 1.279999999999998694, 0.9166666666666598573, -0.6400000000000001243 ) ) ;
#4068 = ORIENTED_EDGE ( 'NONE', *, *, #1273, .F. ) ;
#4069 = LINE ( 'NONE', #6834, #1346 ) ;
#4070 = DIRECTION ( 'NONE',  ( 0.0000000000000000000, -1.000000000000000000, 0.0000000000000000000 ) ) ;
#4071 = ORIENTED_EDGE ( 'NONE', *, *, #6897, .F. ) ;
#4072 = CARTESIAN_POINT ( 'NONE',  ( 2.700000000000000178, 9.678943396226420859, -2.352301886792455221 ) ) ;
#4073 = LINE ( 'NONE', #635, #3484 ) ;
#4074 = CARTESIAN_POINT ( 'NONE',  ( 0.1021084803288501985, 1.644336412802515079, -0.6400000000000000133 ) ) ;
#4075 = CARTESIAN_POINT ( 'NONE',  ( -2.550000000000000266, -4.336808689942014778E-16, -0.5699999999999999512 ) ) ;
#4076 = DIRECTION ( 'NONE',  ( 0.0000000000000000000, 0.0000000000000000000, -1.000000000000000000 ) ) ;
#4077 = CARTESIAN_POINT ( 'NONE',  ( 0.0000000000000000000, 0.0000000000000000000, 0.0000000000000000000 ) ) ;
#4078 = LINE ( 'NONE', #3016, #1608 ) ;
#4079 = CARTESIAN_POINT ( 'NONE',  ( -1.274729725819581772, 1.214598144441489724, 0.6400000000000001243 ) ) ;
#4080 = ADVANCED_FACE ( 'NONE', ( #2925 ), #4697, .T. ) ;
#4081 = ADVANCED_FACE ( 'NONE', ( #6279 ), #1286, .T. ) ;
#4082 = EDGE_CURVE ( 'NONE', #6286, #4323, #2422, .T. ) ;
#4083 = ORIENTED_EDGE ( 'NONE', *, *, #4260, .F. ) ;
#4084 = CARTESIAN_POINT ( 'NONE',  ( 2.709999999999999964, 0.0000000000000000000, 2.949999999999999734 ) ) ;
#4085 = ORIENTED_EDGE ( 'NONE', *, *, #1865, .F. ) ;
#4086 = DIRECTION ( 'NONE',  ( 0.0000000000000000000, 0.0000000000000000000, -1.000000000000000000 ) ) ;
#4087 = DIRECTION ( 'NONE',  ( 1.000000000000000000, -7.228014483236689653E-17, 0.0000000000000000000 ) ) ;
#4088 = CARTESIAN_POINT ( 'NONE',  ( 2.609999999999999876, 12.40000000000000036, 4.349999999999999645 ) ) ;
#4089 = CARTESIAN_POINT ( 'NONE',  ( 1.934550282381494846, 2.999991818833284807, 0.6400000000000000133 ) ) ;
#4090 = EDGE_CURVE ( 'NONE', #6891, #7187, #1596, .T. ) ;
#4091 = CARTESIAN_POINT ( 'NONE',  ( 1.934550282381494846, 2.999991818833284807, 0.6400000000000000133 ) ) ;
#4092 = EDGE_LOOP ( 'NONE', ( #2650, #2204, #5618, #302 ) ) ;
#4093 = DIRECTION ( 'NONE',  ( 1.000000000000000000, 0.0000000000000000000, 0.0000000000000000000 ) ) ;
#4094 = ORIENTED_EDGE ( 'NONE', *, *, #646, .T. ) ;
#4095 = CARTESIAN_POINT ( 'NONE',  ( 1.279999999999998694, 0.3333333333333334259, 0.6400000000000001243 ) ) ;
#4096 = EDGE_CURVE ( 'NONE', #5113, #333, #5898, .T. ) ;
#4097 = CARTESIAN_POINT ( 'NONE',  ( 1.281156889454226677, 1.047106909755452397, -0.6400000000000001243 ) ) ;
#4098 = ORIENTED_EDGE ( 'NONE', *, *, #3107, .T. ) ;
#4099 = DIRECTION ( 'NONE',  ( 0.0000000000000000000, -1.000000000000000000, 0.0000000000000000000 ) ) ;
#4100 = ORIENTED_EDGE ( 'NONE', *, *, #6926, .F. ) ;
#4101 = DIRECTION ( 'NONE',  ( 1.000000000000000000, 0.0000000000000000000, 0.0000000000000000000 ) ) ;
#4102 = LINE ( 'NONE', #1912, #5448 ) ;
#4103 = CARTESIAN_POINT ( 'NONE',  ( 2.000000000000000000, 2.350000000000000089, -7.960204194457795477E-17 ) ) ;
#4104 = LINE ( 'NONE', #4075, #1012 ) ;
#4105 = EDGE_CURVE ( 'NONE', #2606, #4929, #4769, .T. ) ;
#4106 = CARTESIAN_POINT ( 'NONE',  ( 1.279998125014697230, 0.9716666963072198016, 0.6400000000000001243 ) ) ;
#4107 = CARTESIAN_POINT ( 'NONE',  ( 0.003213581817323064773, 1.130852527098471949, 0.6400000000000000133 ) ) ;
#4108 = CARTESIAN_POINT ( 'NONE',  ( 2.745000000000000107, 0.0000000000000000000, 4.799999999999999822 ) ) ;
#4109 = CARTESIAN_POINT ( 'NONE',  ( 2.833333333333285520, 4.279999999999995808, 0.6400000000000001243 ) ) ;
#4110 = DIRECTION ( 'NONE',  ( -1.000000000000000000, 0.0000000000000000000, 0.0000000000000000000 ) ) ;
#4111 = VERTEX_POINT ( 'NONE', #3142 ) ;
#4112 = EDGE_LOOP ( 'NONE', ( #66, #765, #1321, #2575 ) ) ;
#4113 = EDGE_CURVE ( 'NONE', #1820, #2830, #2564, .T. ) ;
#4114 = CARTESIAN_POINT ( 'NONE',  ( -2.700000000000000178, 7.200000000000000178, -3.840000000000000302 ) ) ;
#4115 = ORIENTED_EDGE ( 'NONE', *, *, #3540, .F. ) ;
#4116 = AXIS2_PLACEMENT_3D ( 'NONE', #698, #3518, #1257 ) ;
#4117 = CARTESIAN_POINT ( 'NONE',  ( 0.0000000000000000000, 0.9166666666666608565, 0.6400000000000000133 ) ) ;
#4118 = CARTESIAN_POINT ( 'NONE',  ( 0.0000000000000000000, 0.1666666666666674901, 0.6400000000000000133 ) ) ;
#4119 = AXIS2_PLACEMENT_3D ( 'NONE', #3462, #1191, #4076 ) ;
#4120 = ORIENTED_EDGE ( 'NONE', *, *, #6714, .T. ) ;
#4121 = PRESENTATION_LAYER_ASSIGNMENT (  '', '', ( #733 ) ) ;
#4122 = CARTESIAN_POINT ( 'NONE',  ( -1.820000000000000062, 2.200000000000000178, -3.657157890324955307 ) ) ;
#4123 = ORIENTED_EDGE ( 'NONE', *, *, #3193, .F. ) ;
#4124 = EDGE_CURVE ( 'NONE', #254, #4510, #2095, .T. ) ;
#4125 = ADVANCED_FACE ( 'NONE', ( #1536 ), #6559, .T. ) ;
#4126 = CARTESIAN_POINT ( 'NONE',  ( 1.465642401154087837, 4.237959214485621295, 0.6400000000000001243 ) ) ;
#4127 = AXIS2_PLACEMENT_3D ( 'NONE', #965, #7208, #7133 ) ;
#4128 = CARTESIAN_POINT ( 'NONE',  ( 1.303010529534182282, 1.186616369160203410, 0.6400000000000001243 ) ) ;
#4129 = VECTOR ( 'NONE', #3234, 1000.000000000000000 ) ;
#4130 = CARTESIAN_POINT ( 'NONE',  ( 1.281156889454226677, 1.047106909755452397, 0.6400000000000001243 ) ) ;
#4131 = VERTEX_POINT ( 'NONE', #2011 ) ;
#4132 = FACE_OUTER_BOUND ( 'NONE', #39, .T. ) ;
#4133 = VERTEX_POINT ( 'NONE', #442 ) ;
#4134 = VECTOR ( 'NONE', #26, 1000.000000000000000 ) ;
#4135 = VECTOR ( 'NONE', #4593, 1000.000000000000000 ) ;
#4136 = EDGE_CURVE ( 'NONE', #6577, #4504, #5858, .T. ) ;
#4137 = ORIENTED_EDGE ( 'NONE', *, *, #7141, .T. ) ;
#4138 = DIRECTION ( 'NONE',  ( 0.0000000000000000000, 0.0000000000000000000, 1.000000000000000000 ) ) ;
#4139 = SURFACE_STYLE_USAGE ( .BOTH. , #3656 ) ;
#4140 = LINE ( 'NONE', #3622, #4294 ) ;
#4141 = VECTOR ( 'NONE', #4189, 1000.000000000000000 ) ;
#4142 = B_SPLINE_CURVE_WITH_KNOTS ( 'NONE', 3,
 ( #7107, #359, #4342, #1533, #4802, #2053, #7032, #5459, #4730, #4271, #6490, #1499, #3718, #937, #2310, #3426, #2209, #611, #3357, #5604, #3936, #4526, #6120, #2741, #7140, #4952, #6601, #4454, #2169, #2273, #4993, #1710, #6054, #3320, #5570, #479 ),
 .UNSPECIFIED., .F., .F.,
 ( 4, 2, 2, 2, 2, 2, 2, 2, 2, 2, 2, 2, 2, 2, 2, 2, 2, 4 ),
 ( 0.0000000000000000000, 0.08141210728258689577, 0.1221181609238803922, 0.1424711877445269947, 0.1628242145651740136, 0.1947946743342039988, 0.2267651341032335122, 0.2907060536412935381, 0.4185878927174130348, 0.5464697317935329757, 0.6104106513315920024, 0.6423811111006219043, 0.6743515708696520283, 0.6947045976902990194, 0.7150576245109458995, 0.7557636781522389935, 0.8371757854348259587, 1.000000000000000000 ),
 .UNSPECIFIED. ) ;
#4143 = DIRECTION ( 'NONE',  ( 1.000000000000000000, -3.870341738045775180E-82, -2.072906778112844930E-49 ) ) ;
#4144 = CIRCLE ( 'NONE', #642, 1.149999999999999911 ) ;
#4145 = CARTESIAN_POINT ( 'NONE',  ( 1.882701990497236633, 1.710771534887084000, 0.6400000000000001243 ) ) ;
#4146 = CARTESIAN_POINT ( 'NONE',  ( 1.355663587197480036, 2.897891519671150107, 0.6400000000000000133 ) ) ;
#4147 = DIRECTION ( 'NONE',  ( 0.0000000000000000000, 0.0000000000000000000, -1.000000000000000000 ) ) ;
#4148 = CARTESIAN_POINT ( 'NONE',  ( 2.083333333333340143, 3.000000000000000000, 0.6400000000000000133 ) ) ;
#4149 = APPLICATION_CONTEXT ( 'automotive_design' ) ;
#4150 = CARTESIAN_POINT ( 'NONE',  ( -2.700000000000000178, 9.400000000000000355, -2.000000000000000000 ) ) ;
#4151 = EDGE_LOOP ( 'NONE', ( #5583, #6408, #6683, #5798 ) ) ;
#4152 = EDGE_LOOP ( 'NONE', ( #2057, #5682 ) ) ;
#4153 = CARTESIAN_POINT ( 'NONE',  ( 2.990000000000000213, 6.250000000000000000, -1.909999999999999920 ) ) ;
#4154 = CARTESIAN_POINT ( 'NONE',  ( -2.550000000000000266, 3.200000000000000178, -0.5699999999999999512 ) ) ;
#4155 = CARTESIAN_POINT ( 'NONE',  ( -0.5699999999999999512, -2.700000000000000178, -0.5699999999999999512 ) ) ;
#4156 = VECTOR ( 'NONE', #5928, 1000.000000000000000 ) ;
#4157 = PRESENTATION_STYLE_ASSIGNMENT (( #6888 ) ) ;
#4158 = DIRECTION ( 'NONE',  ( 4.713922489067409854E-16, 0.0000000000000000000, 1.000000000000000000 ) ) ;
#4159 = CARTESIAN_POINT ( 'NONE',  ( 0.0000000000000000000, 0.6666666666666680729, 0.6400000000000000133 ) ) ;
#4160 = CIRCLE ( 'NONE', #3819, 1.149999999999999911 ) ;
#4161 = ORIENTED_EDGE ( 'NONE', *, *, #3952, .F. ) ;
#4162 = LINE ( 'NONE', #5824, #6014 ) ;
#4163 = VERTEX_POINT ( 'NONE', #6452 ) ;
#4164 = CARTESIAN_POINT ( 'NONE',  ( -1.253710207020000578, 1.428108665313539083, 0.6400000000000001243 ) ) ;
#4165 = CARTESIAN_POINT ( 'NONE',  ( 1.768038891391091383, 1.683240947081635852, 0.6400000000000001243 ) ) ;
#4166 = ADVANCED_FACE ( 'NONE', ( #6603 ), #3800, .F. ) ;
#4167 = EDGE_CURVE ( 'NONE', #499, #1040, #4846, .T. ) ;
#4168 = CARTESIAN_POINT ( 'NONE',  ( 1.557526098239063295, 1.575759863147669027, 0.6400000000000001243 ) ) ;
#4169 = ADVANCED_FACE ( 'NONE', ( #361 ), #7143, .T. ) ;
#4170 = ORIENTED_EDGE ( 'NONE', *, *, #7190, .F. ) ;
#4171 = CARTESIAN_POINT ( 'NONE',  ( -1.820000000000000062, 2.200000000000000178, -4.597157890324959695 ) ) ;
#4172 = ORIENTED_EDGE ( 'NONE', *, *, #3086, .F. ) ;
#4173 = VERTEX_POINT ( 'NONE', #7073 ) ;
#4174 = CARTESIAN_POINT ( 'NONE',  ( 5.421010862427519705E-17, 0.9166666666666608565, -0.6400000000000000133 ) ) ;
#4175 = AXIS2_PLACEMENT_3D ( 'NONE', #1779, #4007, #6851 ) ;
#4176 = VECTOR ( 'NONE', #1432, 1000.000000000000000 ) ;
#4177 = LINE ( 'NONE', #3119, #3705 ) ;
#4178 = ADVANCED_FACE ( 'NONE', ( #1612 ), #3760, .F. ) ;
#4179 = CARTESIAN_POINT ( 'NONE',  ( -2.490000000000000213, 13.40000000000000036, 2.949999999999999734 ) ) ;
#4180 = VERTEX_POINT ( 'NONE', #4273 ) ;
#4181 = LINE ( 'NONE', #3702, #3577 ) ;
#4182 = AXIS2_PLACEMENT_3D ( 'NONE', #4738, #6418, #289 ) ;
#4183 = CARTESIAN_POINT ( 'NONE',  ( 1.557526098239063295, 1.575759863147669027, 0.6400000000000001243 ) ) ;
#4184 = CARTESIAN_POINT ( 'NONE',  ( -1.080000000000000071, 6.299999999999999822, 3.850000000000000089 ) ) ;
#4185 = DIRECTION ( 'NONE',  ( 1.000000000000000000, 0.0000000000000000000, 0.0000000000000000000 ) ) ;
#4186 = FACE_OUTER_BOUND ( 'NONE', #1521, .T. ) ;
#4187 = DIRECTION ( 'NONE',  ( 1.000000000000000000, 0.0000000000000000000, 4.713922489067409854E-16 ) ) ;
#4188 = ORIENTED_EDGE ( 'NONE', *, *, #4521, .F. ) ;
#4189 = DIRECTION ( 'NONE',  ( 0.0000000000000000000, -1.000000000000000000, 0.0000000000000000000 ) ) ;
#4190 = ORIENTED_EDGE ( 'NONE', *, *, #4743, .F. ) ;
#4191 = CARTESIAN_POINT ( 'NONE',  ( -1.820000000000000062, 6.779999999999999361, -2.861285051386784684 ) ) ;
#4192 = CARTESIAN_POINT ( 'NONE',  ( -0.8199999999999999512, 2.200000000000000178, -3.657157890324955307 ) ) ;
#4193 = CARTESIAN_POINT ( 'NONE',  ( 0.01603036157317500043, 1.261041869093620038, 0.6400000000000000133 ) ) ;
#4194 = LINE ( 'NONE', #4229, #6113 ) ;
#4195 = ORIENTED_EDGE ( 'NONE', *, *, #2307, .F. ) ;
#4196 = CARTESIAN_POINT ( 'NONE',  ( -3.510000000000000231, 13.40000000000000036, 3.350000000000000089 ) ) ;
#4197 = ORIENTED_EDGE ( 'NONE', *, *, #1987, .F. ) ;
#4198 = DIRECTION ( 'NONE',  ( 0.0000000000000000000, -1.000000000000000000, 0.0000000000000000000 ) ) ;
#4199 = DIRECTION ( 'NONE',  ( 0.0000000000000000000, 0.0000000000000000000, 1.000000000000000000 ) ) ;
#4200 = FACE_OUTER_BOUND ( 'NONE', #2966, .T. ) ;
#4201 = CARTESIAN_POINT ( 'NONE',  ( 2.666666666666638541, 4.279999999999995808, -0.6400000000000001243 ) ) ;
#4202 = CARTESIAN_POINT ( 'NONE',  ( 0.9925722314144990177, 2.747494155725414888, -0.6400000000000000133 ) ) ;
#4203 = ORIENTED_EDGE ( 'NONE', *, *, #6668, .F. ) ;
#4204 = DIRECTION ( 'NONE',  ( 0.0000000000000000000, -1.000000000000000000, 9.227252531791520216E-16 ) ) ;
#4205 = ORIENTED_EDGE ( 'NONE', *, *, #3060, .F. ) ;
#4206 = EDGE_CURVE ( 'NONE', #5412, #2834, #7109, .T. ) ;
#4207 = EDGE_CURVE ( 'NONE', #5800, #967, #6239, .T. ) ;
#4208 = PRODUCT_RELATED_PRODUCT_CATEGORY ( 'part', '', ( #6204 ) ) ;
#4209 = DIRECTION ( 'NONE',  ( 1.000000000000000000, 0.0000000000000000000, 0.0000000000000000000 ) ) ;
#4210 = SURFACE_SIDE_STYLE ('',( #3004 ) ) ;
#4211 = DIRECTION ( 'NONE',  ( 0.0000000000000000000, 0.0000000000000000000, -1.000000000000000000 ) ) ;
#4212 = CARTESIAN_POINT ( 'NONE',  ( 0.0000000000000000000, 0.8333333333333369231, -0.6400000000000000133 ) ) ;
#4213 = ORIENTED_EDGE ( 'NONE', *, *, #1228, .T. ) ;
#4214 = DIRECTION ( 'NONE',  ( 0.9826241016603984857, 0.0000000000000000000, -0.1856067747580756044 ) ) ;
#4215 = EDGE_CURVE ( 'NONE', #1084, #6422, #1501, .T. ) ;
#4216 = CARTESIAN_POINT ( 'NONE',  ( 1.279999999999998694, 0.5833333333333347026, 0.6400000000000001243 ) ) ;
#4217 = EDGE_CURVE ( 'NONE', #4163, #5384, #938, .T. ) ;
#4218 = LINE ( 'NONE', #1481, #2950 ) ;
#4219 = DIRECTION ( 'NONE',  ( -1.000000000000000000, -6.914672651895809708E-32, 0.0000000000000000000 ) ) ;
#4220 = FACE_OUTER_BOUND ( 'NONE', #6786, .T. ) ;
#4221 = EDGE_LOOP ( 'NONE', ( #1291, #6778, #3772, #6913 ) ) ;
#4222 = DIRECTION ( 'NONE',  ( 0.0000000000000000000, 0.0000000000000000000, -1.000000000000000000 ) ) ;
#4223 = ORIENTED_EDGE ( 'NONE', *, *, #565, .T. ) ;
#4224 = APPLICATION_PROTOCOL_DEFINITION ( 'draft international standard', 'automotive_design', 1998, #4149 ) ;
#4225 = PLANE ( 'NONE',  #164 ) ;
#4226 = ADVANCED_FACE ( 'NONE', ( #399 ), #2678, .F. ) ;
#4227 = ORIENTED_EDGE ( 'NONE', *, *, #3107, .F. ) ;
#4228 = CARTESIAN_POINT ( 'NONE',  ( 2.990000000000000213, 1.000000000000000000, -1.909999999999999920 ) ) ;
#4229 = CARTESIAN_POINT ( 'NONE',  ( -3.109999999999999876, 12.40000000000000036, 3.850000000000000089 ) ) ;
#4230 = EDGE_LOOP ( 'NONE', ( #708, #5484, #726, #2747 ) ) ;
#4231 = DIRECTION ( 'NONE',  ( 0.0000000000000000000, -1.000000000000000000, -1.867108438696574904E-33 ) ) ;
#4232 = VERTEX_POINT ( 'NONE', #5096 ) ;
#4233 = CARTESIAN_POINT ( 'NONE',  ( -3.109999999999999876, 13.40000000000000036, 4.349999999999999645 ) ) ;
#4234 = CARTESIAN_POINT ( 'NONE',  ( 2.550000000000000266, 1.000000000000000000, -0.5699999999999999512 ) ) ;
#4235 = TOROIDAL_SURFACE ( 'NONE', #5150, 2.000000000000000000, 0.6500000000000000222 ) ;
#4236 = CARTESIAN_POINT ( 'NONE',  ( 0.0000000000000000000, -1.194949400765808041E-33, 0.6400000000000000133 ) ) ;
#4237 = CARTESIAN_POINT ( 'NONE',  ( 2.041666584331814693, 3.000005208292495062, 0.6400000000000000133 ) ) ;
#4238 = CARTESIAN_POINT ( 'NONE',  ( 3.666666666667143470, 1.720000000000000639, -0.6400000000000001243 ) ) ;
#4239 = VECTOR ( 'NONE', #2206, 1000.000000000000000 ) ;
#4240 = COLOUR_RGB ( '',1.000000000000000000, 1.000000000000000000, 1.000000000000000000 ) ;
#4241 = CARTESIAN_POINT ( 'NONE',  ( 1.955494150633415140, 1.719997054779973888, -0.6400000000000001243 ) ) ;
#4242 = ORIENTED_EDGE ( 'NONE', *, *, #191, .T. ) ;
#4243 = LINE ( 'NONE', #3732, #3337 ) ;
#4244 = ORIENTED_EDGE ( 'NONE', *, *, #3505, .T. ) ;
#4245 = VECTOR ( 'NONE', #2841, 1000.000000000000000 ) ;
#4246 = VERTEX_POINT ( 'NONE', #648 ) ;
#4247 = VECTOR ( 'NONE', #4199, 1000.000000000000000 ) ;
#4248 = CARTESIAN_POINT ( 'NONE',  ( 0.9925722314144990177, 2.747494155725414888, -0.6400000000000000133 ) ) ;
#4249 = FILL_AREA_STYLE_COLOUR ( '', #6578 ) ;
#4250 = CARTESIAN_POINT ( 'NONE',  ( 4.009999999999999787, 0.0000000000000000000, -2.899999999999999911 ) ) ;
#4251 = DIRECTION ( 'NONE',  ( 1.000000000000000000, 0.0000000000000000000, 0.0000000000000000000 ) ) ;
#4252 = EDGE_CURVE ( 'NONE', #5181, #1025, #511, .T. ) ;
#4253 = DIRECTION ( 'NONE',  ( 0.1856067747580749105, 0.0000000000000000000, 0.9826241016603984857 ) ) ;
#4254 = CARTESIAN_POINT ( 'NONE',  ( 1.279999999999998694, 0.6666666666666656305, -0.6400000000000001243 ) ) ;
#4255 = LINE ( 'NONE', #3015, #7022 ) ;
#4256 = MECHANICAL_DESIGN_GEOMETRIC_PRESENTATION_REPRESENTATION (  '', ( #5528 ), #6931 ) ;
#4257 = DIRECTION ( 'NONE',  ( 1.000000000000000000, -1.376764663473656463E-16, -2.570568921270914463E-49 ) ) ;
#4258 = CARTESIAN_POINT ( 'NONE',  ( 0.02563462531364089914, 1.325827804174342095, 0.6400000000000000133 ) ) ;
#4259 = CARTESIAN_POINT ( 'NONE',  ( 7.726498240701289993E-16, 12.59999999999999964, 4.649999999999999467 ) ) ;
#4260 = EDGE_CURVE ( 'NONE', #3852, #3653, #2308, .T. ) ;
#4261 = ORIENTED_EDGE ( 'NONE', *, *, #3149, .F. ) ;
#4262 = EDGE_CURVE ( 'NONE', #5161, #4492, #99, .T. ) ;
#4263 = LINE ( 'NONE', #5817, #1927 ) ;
#4264 = AXIS2_PLACEMENT_3D ( 'NONE', #3878, #1759, #1650 ) ;
#4265 = CARTESIAN_POINT ( 'NONE',  ( 3.459999999999999964, 9.400000000000000355, -2.000000000000000000 ) ) ;
#4266 =( NAMED_UNIT ( * ) SI_UNIT ( $, .STERADIAN. ) SOLID_ANGLE_UNIT ( ) );
#4267 = DIRECTION ( 'NONE',  ( 0.0000000000000000000, 0.0000000000000000000, -1.000000000000000000 ) ) ;
#4268 = DIRECTION ( 'NONE',  ( 1.000000000000000000, 0.0000000000000000000, 0.0000000000000000000 ) ) ;
#4269 = LINE ( 'NONE', #6487, #1325 ) ;
#4270 = VECTOR ( 'NONE', #5422, 1000.000000000000000 ) ;
#4271 = CARTESIAN_POINT ( 'NONE',  ( 8.181166715707110070E-06, 1.065449717618472070, 0.6400000000000000133 ) ) ;
#4272 = VERTEX_POINT ( 'NONE', #3904 ) ;
#4273 = CARTESIAN_POINT ( 'NONE',  ( -2.490000000000000213, 12.40000000000000036, 2.949999999999999734 ) ) ;
#4274 = ORIENTED_EDGE ( 'NONE', *, *, #3496, .T. ) ;
#4275 = VECTOR ( 'NONE', #1968, 1000.000000000000000 ) ;
#4276 = DIRECTION ( 'NONE',  ( 0.0000000000000000000, 1.000000000000000000, 0.0000000000000000000 ) ) ;
#4277 = DIRECTION ( 'NONE',  ( 0.0000000000000000000, -1.000000000000000000, 0.0000000000000000000 ) ) ;
#4278 = CARTESIAN_POINT ( 'NONE',  ( 0.4500000000000000111, 13.40000000000000036, 2.949999999999999734 ) ) ;
#4279 = CARTESIAN_POINT ( 'NONE',  ( 0.06391813759496070557, 1.518378803222814932, 0.6400000000000000133 ) ) ;
#4280 = CARTESIAN_POINT ( 'NONE',  ( 0.4006670468120264728, 2.229094171558219983, -0.6400000000000000133 ) ) ;
#4281 = AXIS2_PLACEMENT_3D ( 'NONE', #2076, #1598, #6001 ) ;
#4282 = CARTESIAN_POINT ( 'NONE',  ( 5.421010862427519705E-17, 0.0000000000000000000, -0.6400000000000000133 ) ) ;
#4283 = ORIENTED_EDGE ( 'NONE', *, *, #5285, .F. ) ;
#4284 = LINE ( 'NONE', #1513, #417 ) ;
#4285 = VECTOR ( 'NONE', #4615, 1000.000000000000114 ) ;
#4286 = ORIENTED_EDGE ( 'NONE', *, *, #3725, .T. ) ;
#4287 = CARTESIAN_POINT ( 'NONE',  ( 1.285770930166350690, 1.093975072873698995, -0.6400000000000001243 ) ) ;
#4288 = DIRECTION ( 'NONE',  ( -6.914672651895809708E-32, 1.000000000000000000, 0.0000000000000000000 ) ) ;
#4289 = DIRECTION ( 'NONE',  ( 0.0000000000000000000, 0.0000000000000000000, 1.000000000000000000 ) ) ;
#4290 = DIRECTION ( 'NONE',  ( 1.000000000000000000, 0.0000000000000000000, 0.0000000000000000000 ) ) ;
#4291 = CARTESIAN_POINT ( 'NONE',  ( -1.409999999999999920, 0.2999999999999999889, -0.5699999999999999512 ) ) ;
#4292 = PLANE ( 'NONE',  #1018 ) ;
#4293 = CARTESIAN_POINT ( 'NONE',  ( 8.181166715761320179E-06, 1.065449717618472070, -0.6400000000000000133 ) ) ;
#4294 = VECTOR ( 'NONE', #838, 1000.000000000000000 ) ;
#4295 = DIRECTION ( 'NONE',  ( 0.0000000000000000000, 0.0000000000000000000, -1.000000000000000000 ) ) ;
#4296 = LINE ( 'NONE', #540, #4527 ) ;
#4297 = LINE ( 'NONE', #505, #4368 ) ;
#4298 = ORIENTED_EDGE ( 'NONE', *, *, #4307, .F. ) ;
#4299 = DIRECTION ( 'NONE',  ( 4.272717921125140000E-16, 0.0000000000000000000, -1.000000000000000000 ) ) ;
#4300 = VECTOR ( 'NONE', #1028, 1000.000000000000000 ) ;
#4301 = CARTESIAN_POINT ( 'NONE',  ( -1.469999999999999973, 12.40000000000000036, 3.449999999999999734 ) ) ;
#4302 = PRODUCT_CONTEXT ( 'NONE', #650, 'mechanical' ) ;
#4303 = PLANE ( 'NONE',  #3775 ) ;
#4304 = CARTESIAN_POINT ( 'NONE',  ( 2.700000000000000178, 7.200000000000000178, -3.290000000000000036 ) ) ;
#4305 = ADVANCED_FACE ( 'NONE', ( #65 ), #2346, .F. ) ;
#4306 = EDGE_CURVE ( 'NONE', #4753, #1070, #6779, .T. ) ;
#4307 = EDGE_CURVE ( 'NONE', #1129, #1879, #2312, .T. ) ;
#4308 = DIRECTION ( 'NONE',  ( 0.0000000000000000000, 0.0000000000000000000, 1.000000000000000000 ) ) ;
#4309 = CARTESIAN_POINT ( 'NONE',  ( 2.833333333333289517, 3.000000000000000000, 0.6400000000000000133 ) ) ;
#4310 = ORIENTED_EDGE ( 'NONE', *, *, #319, .T. ) ;
#4311 = DIRECTION ( 'NONE',  ( 1.000000000000000000, 0.0000000000000000000, 0.0000000000000000000 ) ) ;
#4312 = ORIENTED_EDGE ( 'NONE', *, *, #2796, .T. ) ;
#4313 = DIRECTION ( 'NONE',  ( 1.000000000000000000, 0.0000000000000000000, 0.0000000000000000000 ) ) ;
#4314 = LINE ( 'NONE', #3064, #737 ) ;
#4315 = EDGE_CURVE ( 'NONE', #3219, #1549, #29, .T. ) ;
#4316 = DIRECTION ( 'NONE',  ( 0.0000000000000000000, -1.000000000000000000, 0.0000000000000000000 ) ) ;
#4317 = CARTESIAN_POINT ( 'NONE',  ( 1.869147472901550255, 2.996786418182679768, 0.6400000000000000133 ) ) ;
#4318 = CARTESIAN_POINT ( 'NONE',  ( 1.952893090244558039, 1.718843110545767106, -0.6400000000000001243 ) ) ;
#4319 = VERTEX_POINT ( 'NONE', #6749 ) ;
#4320 = CARTESIAN_POINT ( 'NONE',  ( 2.028333303692779754, 1.720001874985300772, -0.6400000000000001243 ) ) ;
#4321 = ORIENTED_EDGE ( 'NONE', *, *, #468, .T. ) ;
#4322 = DIRECTION ( 'NONE',  ( 0.7071067811865475727, -0.7071067811865475727, 0.0000000000000000000 ) ) ;
#4323 = VERTEX_POINT ( 'NONE', #550 ) ;
#4324 = ORIENTED_EDGE ( 'NONE', *, *, #3366, .T. ) ;
#4325 = EDGE_CURVE ( 'NONE', #6016, #5698, #2275, .T. ) ;
#4326 = CARTESIAN_POINT ( 'NONE',  ( 1.869147472901550255, 2.996786418182679768, -0.6400000000000000133 ) ) ;
#4327 = LINE ( 'NONE', #4934, #47 ) ;
#4328 = CARTESIAN_POINT ( 'NONE',  ( 3.510000000000000231, 12.40000000000000036, 2.949999999999999734 ) ) ;
#4329 = DIRECTION ( 'NONE',  ( 1.000000000000000000, 0.0000000000000000000, 0.0000000000000000000 ) ) ;
#4330 = ORIENTED_EDGE ( 'NONE', *, *, #6431, .F. ) ;
#4331 = CARTESIAN_POINT ( 'NONE',  ( 1.409999999999999920, 0.2999999999999999889, -0.5699999999999999512 ) ) ;
#4332 = LINE ( 'NONE', #5482, #665 ) ;
#4333 = CARTESIAN_POINT ( 'NONE',  ( 1.820000000000000062, 10.90000000000000036, -5.660000000000000142 ) ) ;
#4334 = CARTESIAN_POINT ( 'NONE',  ( 2.609999999999999876, 12.59999999999999964, 4.649999999999999467 ) ) ;
#4335 = EDGE_LOOP ( 'NONE', ( #1867, #2666, #4568, #549 ) ) ;
#4336 = DIRECTION ( 'NONE',  ( -6.914672651895809708E-32, 1.000000000000000000, 1.913297951445009840E-16 ) ) ;
#4337 = CARTESIAN_POINT ( 'NONE',  ( 0.0000000000000000000, 0.0000000000000000000, 0.0000000000000000000 ) ) ;
#4338 = PLANE ( 'NONE',  #7029 ) ;
#4339 = DIRECTION ( 'NONE',  ( 1.000000000000000000, 6.914672651895809708E-32, 0.0000000000000000000 ) ) ;
#4340 = FILL_AREA_STYLE_COLOUR ( '', #5210 ) ;
#4341 = LINE ( 'NONE', #4228, #2499 ) ;
#4342 = CARTESIAN_POINT ( 'NONE',  ( 0.0000000000000000000, 0.3333333333333330373, 0.6400000000000000133 ) ) ;
#4343 = ADVANCED_FACE ( 'NONE', ( #5063 ), #4995, .F. ) ;
#4344 = ORIENTED_EDGE ( 'NONE', *, *, #5273, .F. ) ;
#4345 = CARTESIAN_POINT ( 'NONE',  ( 2.490000000000000213, 12.40000000000000036, 3.449999999999999734 ) ) ;
#4346 = PRODUCT_DEFINITION ( 'UNKNOWN', '', #3704, #6759 ) ;
#4347 = EDGE_LOOP ( 'NONE', ( #881, #1545, #2375, #5897 ) ) ;
#4348 = LINE ( 'NONE', #4387, #6107 ) ;
#4349 = LINE ( 'NONE', #6059, #2631 ) ;
#4350 = VECTOR ( 'NONE', #4585, 1000.000000000000000 ) ;
#4351 = CARTESIAN_POINT ( 'NONE',  ( 0.8199999999999999512, 8.224999999999999645, -3.035000000000000142 ) ) ;
#4352 = DIRECTION ( 'NONE',  ( 0.0000000000000000000, 1.000000000000000000, 0.0000000000000000000 ) ) ;
#4353 = CARTESIAN_POINT ( 'NONE',  ( 1.906024927126289237, 1.714229069833648866, -0.6400000000000001243 ) ) ;
#4354 = ORIENTED_EDGE ( 'NONE', *, *, #514, .F. ) ;
#4355 = ADVANCED_FACE ( 'NONE', ( #3837 ), #1165, .T. ) ;
#4356 = ORIENTED_EDGE ( 'NONE', *, *, #2222, .T. ) ;
#4357 = AXIS2_PLACEMENT_3D ( 'NONE', #2922, #6165, #1647 ) ;
#4358 = EDGE_CURVE ( 'NONE', #1173, #252, #6057, .T. ) ;
#4359 = PLANE ( 'NONE',  #2298 ) ;
#4360 = ORIENTED_EDGE ( 'NONE', *, *, #4985, .F. ) ;
#4361 = ORIENTED_EDGE ( 'NONE', *, *, #4207, .F. ) ;
#4362 = AXIS2_PLACEMENT_3D ( 'NONE', #6454, #4313, #4276 ) ;
#4363 = CARTESIAN_POINT ( 'NONE',  ( 0.7709058284417820150, 2.599332953187969864, -0.6400000000000000133 ) ) ;
#4364 = DIRECTION ( 'NONE',  ( 1.000000000000000000, 0.0000000000000000000, 0.0000000000000000000 ) ) ;
#4365 = CARTESIAN_POINT ( 'NONE',  ( 4.000000000000000000, 3.000000000000000000, -0.6400000000000000133 ) ) ;
#4366 = ORIENTED_EDGE ( 'NONE', *, *, #859, .F. ) ;
#4367 = ADVANCED_FACE ( 'NONE', ( #3289 ), #5494, .F. ) ;
#4368 = VECTOR ( 'NONE', #6478, 1000.000000000000000 ) ;
#4369 = CARTESIAN_POINT ( 'NONE',  ( 0.0000000000000000000, 0.1666666666666674901, 0.6400000000000000133 ) ) ;
#4370 = CARTESIAN_POINT ( 'NONE',  ( 0.0000000000000000000, 0.8333333333333369231, -0.6400000000000000133 ) ) ;
#4371 = CARTESIAN_POINT ( 'NONE',  ( -2.550000000000000266, 0.0000000000000000000, -0.8699999999999999956 ) ) ;
#4372 = CARTESIAN_POINT ( 'NONE',  ( -1.820000000000000062, 13.40000000000000036, -2.409999999999999698 ) ) ;
#4373 = VECTOR ( 'NONE', #2728, 1000.000000000000000 ) ;
#4374 = ORIENTED_EDGE ( 'NONE', *, *, #2528, .F. ) ;
#4375 = LINE ( 'NONE', #2203, #46 ) ;
#4376 = VERTEX_POINT ( 'NONE', #1643 ) ;
#4377 = CARTESIAN_POINT ( 'NONE',  ( -3.959999999999999964, 0.0000000000000000000, 4.299999999999999822 ) ) ;
#4378 = PRODUCT_CONTEXT ( 'NONE', #6012, 'mechanical' ) ;
#4379 = VECTOR ( 'NONE', #3961, 1000.000000000000000 ) ;
#4380 = CARTESIAN_POINT ( 'NONE',  ( -1.469999999999999973, 12.40000000000000036, 2.949999999999999734 ) ) ;
#4381 = SURFACE_STYLE_USAGE ( .BOTH. , #6053 ) ;
#4382 = VECTOR ( 'NONE', #4204, 1000.000000000000000 ) ;
#4383 = DIRECTION ( 'NONE',  ( 0.0000000000000000000, 0.7785187255724637101, -0.6276213778489598827 ) ) ;
#4384 = ORIENTED_EDGE ( 'NONE', *, *, #3190, .F. ) ;
#4385 = DIRECTION ( 'NONE',  ( 1.000000000000000000, 0.0000000000000000000, -1.661612524881999902E-16 ) ) ;
#4386 = ORIENTED_EDGE ( 'NONE', *, *, #3347, .F. ) ;
#4387 = CARTESIAN_POINT ( 'NONE',  ( -1.820000000000000062, 3.649999999999999911, -3.657157890324960192 ) ) ;
#4388 = DIRECTION ( 'NONE',  ( -1.000000000000000000, 0.0000000000000000000, 0.0000000000000000000 ) ) ;
#4389 = DIRECTION ( 'NONE',  ( 0.0000000000000000000, 0.0000000000000000000, -1.000000000000000000 ) ) ;
#4390 = CARTESIAN_POINT ( 'NONE',  ( 0.0000000000000000000, 0.0000000000000000000, 0.6400000000000000133 ) ) ;
#4391 = CARTESIAN_POINT ( 'NONE',  ( -1.279999999999998694, 0.8333333333333348136, -0.6400000000000001243 ) ) ;
#4392 = CARTESIAN_POINT ( 'NONE',  ( 3.333333333333423187, 1.720000000000000639, -0.6400000000000001243 ) ) ;
#4393 = VECTOR ( 'NONE', #4725, 1000.000000000000000 ) ;
#4394 = ORIENTED_EDGE ( 'NONE', *, *, #385, .T. ) ;
#4395 = CARTESIAN_POINT ( 'NONE',  ( -3.959999999999999964, 3.200000000000000178, -2.000000000000000000 ) ) ;
#4396 = ORIENTED_EDGE ( 'NONE', *, *, #3096, .T. ) ;
#4397 = CARTESIAN_POINT ( 'NONE',  ( 1.370902103938838268, 1.362673996690775047, -0.6400000000000001243 ) ) ;
#4398 = ADVANCED_FACE ( 'NONE', ( #1675 ), #3869, .T. ) ;
#4399 = CARTESIAN_POINT ( 'NONE',  ( 1.934550282381494846, 2.999991818833284807, -0.6400000000000000133 ) ) ;
#4400 = ADVANCED_FACE ( 'NONE', ( #1128 ), #5541, .T. ) ;
#4401 = CARTESIAN_POINT ( 'NONE',  ( 2.609999999999999876, 12.59999999999999964, 4.850000000000000533 ) ) ;
#4402 = EDGE_CURVE ( 'NONE', #5823, #252, #2851, .T. ) ;
#4403 = CARTESIAN_POINT ( 'NONE',  ( 3.510000000000000231, 12.40000000000000036, -1.110000000000000098 ) ) ;
#4404 = CARTESIAN_POINT ( 'NONE',  ( -1.820000000000000062, 8.224999999999999645, -2.409999999999999698 ) ) ;
#4405 = VERTEX_POINT ( 'NONE', #1823 ) ;
#4406 = EDGE_LOOP ( 'NONE', ( #996, #3550, #2023, #2515, #510, #6807, #4274, #2447, #5097, #4844, #2012, #1410, #2722, #2479, #6988 ) ) ;
#4407 = CIRCLE ( 'NONE', #4859, 0.6400000000000000133 ) ;
#4408 = CARTESIAN_POINT ( 'NONE',  ( 2.333333333333300175, 3.000000000000000000, 0.6400000000000000133 ) ) ;
#4409 = CARTESIAN_POINT ( 'NONE',  ( 2.833333333333285520, 1.720000000000000639, -0.6400000000000001243 ) ) ;
#4410 = CARTESIAN_POINT ( 'NONE',  ( 4.000000000000000000, 3.000000000000000000, 0.0000000000000000000 ) ) ;
#4411 = EDGE_CURVE ( 'NONE', #5179, #561, #4053, .T. ) ;
#4412 = VECTOR ( 'NONE', #5043, 1000.000000000000000 ) ;
#4413 = DIRECTION ( 'NONE',  ( 0.0000000000000000000, 0.0000000000000000000, -1.000000000000000000 ) ) ;
#4414 = ORIENTED_EDGE ( 'NONE', *, *, #7113, .F. ) ;
#4415 = PLANE ( 'NONE',  #4127 ) ;
#4416 = VERTEX_POINT ( 'NONE', #1889 ) ;
#4417 = AXIS2_PLACEMENT_3D ( 'NONE', #677, #3971, #1747 ) ;
#4418 = VECTOR ( 'NONE', #5483, 1000.000000000000000 ) ;
#4419 = LINE ( 'NONE', #6118, #4239 ) ;
#4420 = DIRECTION ( 'NONE',  ( -1.000000000000000000, 0.0000000000000000000, 0.0000000000000000000 ) ) ;
#4421 = EDGE_CURVE ( 'NONE', #150, #2363, #241, .T. ) ;
#4422 = AXIS2_PLACEMENT_3D ( 'NONE', #18, #3384, #4552 ) ;
#4423 = DIRECTION ( 'NONE',  ( -1.000000000000000000, 0.0000000000000000000, 0.0000000000000000000 ) ) ;
#4424 = EDGE_LOOP ( 'NONE', ( #5790, #5612 ) ) ;
#4425 = CARTESIAN_POINT ( 'NONE',  ( 1.409999999999999920, 1.000000000000000000, -0.5699999999999999512 ) ) ;
#4426 = ORIENTED_EDGE ( 'NONE', *, *, #2799, .T. ) ;
#4427 = LINE ( 'NONE', #3803, #4944 ) ;
#4428 = VECTOR ( 'NONE', #4029, 1000.000000000000000 ) ;
#4429 = FACE_OUTER_BOUND ( 'NONE', #6264, .T. ) ;
#4430 = DIRECTION ( 'NONE',  ( -6.914672651895809708E-32, 1.000000000000000000, 1.913297951445009840E-16 ) ) ;
#4431 = CARTESIAN_POINT ( 'NONE',  ( -1.279999999999998694, 0.8333333333333348136, -0.6400000000000001243 ) ) ;
#4432 = ORIENTED_EDGE ( 'NONE', *, *, #2765, .T. ) ;
#4433 = DIRECTION ( 'NONE',  ( 0.0000000000000000000, 1.000000000000000000, 8.380306647230949920E-17 ) ) ;
#4434 = EDGE_LOOP ( 'NONE', ( #4541, #2259, #5382, #3197, #215 ) ) ;
#4435 = EDGE_CURVE ( 'NONE', #6905, #4753, #2417, .T. ) ;
#4436 = EDGE_LOOP ( 'NONE', ( #6321, #3570, #2711, #6833, #5943, #4188, #6869, #4669 ) ) ;
#4437 = VECTOR ( 'NONE', #1493, 999.9999999999998863 ) ;
#4438 = CARTESIAN_POINT ( 'NONE',  ( 1.370902103938838268, 1.362673996690775047, 0.6400000000000001243 ) ) ;
#4439 = CARTESIAN_POINT ( 'NONE',  ( -5.208292492436559980E-06, 0.9583334156682049576, 0.6400000000000000133 ) ) ;
#4440 = CARTESIAN_POINT ( 'NONE',  ( -3.959999999999999964, 3.200000000000000178, -2.000000000000000000 ) ) ;
#4441 = CARTESIAN_POINT ( 'NONE',  ( -0.4500000000000000111, 13.40000000000000036, -1.110000000000000098 ) ) ;
#4442 = CARTESIAN_POINT ( 'NONE',  ( 1.674172195825665010, 2.974365374686354979, 0.6400000000000000133 ) ) ;
#4443 = PRODUCT_DEFINITION ( 'UNKNOWN', '', #7195, #2891 ) ;
#4444 = CARTESIAN_POINT ( 'NONE',  ( 1.738958130906359978, 2.983969638426825277, -0.6400000000000000133 ) ) ;
#4445 = DIRECTION ( 'NONE',  ( 0.2761723853694945108, 0.9205746178983248429, 0.2761723853694945108 ) ) ;
#4446 = LINE ( 'NONE', #4942, #5322 ) ;
#4447 = ORIENTED_EDGE ( 'NONE', *, *, #7104, .F. ) ;
#4448 = ORIENTED_EDGE ( 'NONE', *, *, #1807, .T. ) ;
#4449 = EDGE_CURVE ( 'NONE', #5856, #834, #1377, .T. ) ;
#4450 = EDGE_CURVE ( 'NONE', #5620, #3299, #3471, .T. ) ;
#4451 = LINE ( 'NONE', #6051, #6460 ) ;
#4452 = LINE ( 'NONE', #3932, #2020 ) ;
#4453 = SHAPE_REPRESENTATION ( 'A3963H-2P.STEP', ( #2084 ), #3830 ) ;
#4454 = CARTESIAN_POINT ( 'NONE',  ( 2.166666666666659857, 3.000000000000000000, 0.6400000000000000133 ) ) ;
#4455 = VERTEX_POINT ( 'NONE', #6333 ) ;
#4456 = EDGE_CURVE ( 'NONE', #4111, #1752, #1929, .T. ) ;
#4457 = CARTESIAN_POINT ( 'NONE',  ( -1.820000000000000062, 5.700000000000000178, -3.657157890324960192 ) ) ;
#4458 = ORIENTED_EDGE ( 'NONE', *, *, #1087, .T. ) ;
#4459 = CARTESIAN_POINT ( 'NONE',  ( -3.109999999999999876, 12.59999999999999964, 4.349999999999999645 ) ) ;
#4460 = DIRECTION ( 'NONE',  ( 0.0000000000000000000, 9.227252531791520216E-16, 1.000000000000000000 ) ) ;
#4461 = DIRECTION ( 'NONE',  ( 0.0000000000000000000, 0.0000000000000000000, 1.000000000000000000 ) ) ;
#4462 = ORIENTED_EDGE ( 'NONE', *, *, #3385, .F. ) ;
#4463 = CARTESIAN_POINT ( 'NONE',  ( 2.333333333333299731, 4.279999999999995808, -0.6400000000000001243 ) ) ;
#4464 = ORIENTED_EDGE ( 'NONE', *, *, #146, .F. ) ;
#4465 = FACE_OUTER_BOUND ( 'NONE', #5808, .T. ) ;
#4466 = VERTEX_POINT ( 'NONE', #4153 ) ;
#4467 = EDGE_LOOP ( 'NONE', ( #471, #6055, #100, #4607 ) ) ;
#4468 = PRODUCT_DEFINITION_SHAPE ( 'NONE', 'NONE',  #1849 ) ;
#4469 = CARTESIAN_POINT ( 'NONE',  ( 2.666666666666639873, 3.000000000000000000, -0.6400000000000000133 ) ) ;
#4470 = CARTESIAN_POINT ( 'NONE',  ( -1.820000000000000062, 8.224999999999999645, -3.660000000000000142 ) ) ;
#4471 = CARTESIAN_POINT ( 'NONE',  ( 0.0000000000000000000, 0.1666666666666674901, 0.6400000000000000133 ) ) ;
#4472 = ORIENTED_EDGE ( 'NONE', *, *, #5260, .T. ) ;
#4473 =( NAMED_UNIT ( * ) SI_UNIT ( $, .STERADIAN. ) SOLID_ANGLE_UNIT ( ) );
#4474 = VERTEX_POINT ( 'NONE', #3606 ) ;
#4475 = VECTOR ( 'NONE', #818, 1000.000000000000000 ) ;
#4476 = CARTESIAN_POINT ( 'NONE',  ( -0.01571444135549936172, 3.622906043228277806, 0.6400000000000001243 ) ) ;
#4477 = VECTOR ( 'NONE', #2824, 1000.000000000000000 ) ;
#4478 = FACE_OUTER_BOUND ( 'NONE', #5875, .T. ) ;
#4479 = DIRECTION ( 'NONE',  ( -1.000000000000000000, 0.0000000000000000000, 0.0000000000000000000 ) ) ;
#4480 = DIRECTION ( 'NONE',  ( 1.000000000000000000, 0.0000000000000000000, 0.0000000000000000000 ) ) ;
#4481 = ORIENTED_EDGE ( 'NONE', *, *, #6792, .T. ) ;
#4482 = ORIENTED_EDGE ( 'NONE', *, *, #4572, .F. ) ;
#4483 = AXIS2_PLACEMENT_3D ( 'NONE', #6993, #4800, #5379 ) ;
#4484 = ITEM_DEFINED_TRANSFORMATION ( 'NONE', 'NONE', #780,  #2084 ) ;
#4485 = CARTESIAN_POINT ( 'NONE',  ( 0.9925722314144990177, 2.747494155725414888, 0.6400000000000000133 ) ) ;
#4486 = CARTESIAN_POINT ( 'NONE',  ( 2.700000000000000178, 9.400000000000000355, -3.290000000000000036 ) ) ;
#4487 = VECTOR ( 'NONE', #6772, 1000.000000000000000 ) ;
#4488 = VECTOR ( 'NONE', #4289, 1000.000000000000000 ) ;
#4489 = ADVANCED_FACE ( 'NONE', ( #1278 ), #2986, .F. ) ;
#4490 = LINE ( 'NONE', #1060, #4134 ) ;
#4491 = VECTOR ( 'NONE', #2029, 1000.000000000000000 ) ;
#4492 = VERTEX_POINT ( 'NONE', #783 ) ;
#4493 = VECTOR ( 'NONE', #5098, 1000.000000000000000 ) ;
#4494 = CARTESIAN_POINT ( 'NONE',  ( -2.550000000000000266, 0.2999999999999999889, -0.5699999999999999512 ) ) ;
#4495 = VERTEX_POINT ( 'NONE', #5128 ) ;
#4496 = PLANE ( 'NONE',  #6699 ) ;
#4497 = DIRECTION ( 'NONE',  ( 0.0000000000000000000, -1.000000000000000000, 0.0000000000000000000 ) ) ;
#4498 = DIRECTION ( 'NONE',  ( 1.000000000000000000, 0.0000000000000000000, 1.387778780781445922E-16 ) ) ;
#4499 = EDGE_CURVE ( 'NONE', #5698, #3951, #6371, .T. ) ;
#4500 = CARTESIAN_POINT ( 'NONE',  ( -1.112542092260688786, 2.056711716996124650, -0.6400000000000001243 ) ) ;
#4501 = ORIENTED_EDGE ( 'NONE', *, *, #806, .T. ) ;
#4502 = DIRECTION ( 'NONE',  ( 1.000000000000000000, 0.0000000000000000000, 0.0000000000000000000 ) ) ;
#4503 = PRODUCT_DEFINITION_CONTEXT ( 'detailed design', #522, 'design' ) ;
#4504 = VERTEX_POINT ( 'NONE', #3502 ) ;
#4505 = CARTESIAN_POINT ( 'NONE',  ( 0.02563462531364110036, 1.325827804174342095, -0.6400000000000000133 ) ) ;
#4506 = DIRECTION ( 'NONE',  ( 0.0000000000000000000, 1.000000000000000000, 0.0000000000000000000 ) ) ;
#4507 = CARTESIAN_POINT ( 'NONE',  ( -3.510000000000000231, 13.40000000000000036, 2.949999999999999734 ) ) ;
#4508 = VECTOR ( 'NONE', #755, 1000.000000000000000 ) ;
#4509 = CARTESIAN_POINT ( 'NONE',  ( 3.666666666667149688, 3.000000000000000000, 0.6400000000000000133 ) ) ;
#4510 = VERTEX_POINT ( 'NONE', #273 ) ;
#4511 = ORIENTED_EDGE ( 'NONE', *, *, #1237, .F. ) ;
#4512 = CARTESIAN_POINT ( 'NONE',  ( 0.7709058284417820150, 2.599332953187969864, 0.6400000000000000133 ) ) ;
#4513 = VECTOR ( 'NONE', #5849, 1000.000000000000000 ) ;
#4514 = CARTESIAN_POINT ( 'NONE',  ( -1.280008541599682248, 0.9450001350291937774, 0.6400000000000001243 ) ) ;
#4515 = DIRECTION ( 'NONE',  ( -1.110223024625155924E-16, 1.000000000000000000, 1.867108438696574904E-33 ) ) ;
#4516 = PLANE ( 'NONE',  #4422 ) ;
#4517 = FACE_OUTER_BOUND ( 'NONE', #2096, .T. ) ;
#4518 = VECTOR ( 'NONE', #2618, 1000.000000000000000 ) ;
#4519 = ORIENTED_EDGE ( 'NONE', *, *, #334, .T. ) ;
#4520 = CARTESIAN_POINT ( 'NONE',  ( -2.745000000000000107, 0.2999999999999999889, -2.000000000000000000 ) ) ;
#4521 = EDGE_CURVE ( 'NONE', #342, #6136, #2449, .T. ) ;
#4522 = LINE ( 'NONE', #5706, #1900 ) ;
#4523 = CARTESIAN_POINT ( 'NONE',  ( -1.979999999999999982, 0.0000000000000000000, 0.0000000000000000000 ) ) ;
#4524 = CARTESIAN_POINT ( 'NONE',  ( 2.333333333333299731, 4.279999999999995808, -0.6400000000000001243 ) ) ;
#4525 = STYLED_ITEM ( 'NONE', ( #4157 ), #6159 ) ;
#4526 = CARTESIAN_POINT ( 'NONE',  ( 1.674172195825665010, 2.974365374686354979, 0.6400000000000000133 ) ) ;
#4527 = VECTOR ( 'NONE', #2200, 1000.000000000000000 ) ;
#4528 = ORIENTED_EDGE ( 'NONE', *, *, #3294, .T. ) ;
#4529 = ORIENTED_EDGE ( 'NONE', *, *, #6302, .F. ) ;
#4530 = EDGE_CURVE ( 'NONE', #3868, #1581, #4848, .T. ) ;
#4531 = PLANE ( 'NONE',  #4707 ) ;
#4532 = ADVANCED_FACE ( 'NONE', ( #131 ), #2376, .F. ) ;
#4533 =( REPRESENTATION_RELATIONSHIP ('NONE','NONE', #2778, #239 ) REPRESENTATION_RELATIONSHIP_WITH_TRANSFORMATION ( #2083 )SHAPE_REPRESENTATION_RELATIONSHIP( ) );
#4534 = DIRECTION ( 'NONE',  ( -1.000000000000000000, -1.062943306358337910E-16, 1.902109074535969807E-16 ) ) ;
#4535 = DIRECTION ( 'NONE',  ( -1.062943306358337910E-16, 1.000000000000000000, 0.0000000000000000000 ) ) ;
#4536 = CARTESIAN_POINT ( 'NONE',  ( 3.666666666667149688, 3.000000000000000000, -0.6400000000000000133 ) ) ;
#4537 = ORIENTED_EDGE ( 'NONE', *, *, #377, .T. ) ;
#4538 = LINE ( 'NONE', #5653, #6937 ) ;
#4539 = VECTOR ( 'NONE', #6542, 1000.000000000000114 ) ;
#4540 = EDGE_CURVE ( 'NONE', #2421, #3258, #169, .T. ) ;
#4541 = ORIENTED_EDGE ( 'NONE', *, *, #2765, .F. ) ;
#4542 = CARTESIAN_POINT ( 'NONE',  ( 1.738958130906365085, 2.983969638426825277, -0.6400000000000000133 ) ) ;
#4543 = LINE ( 'NONE', #6791, #3700 ) ;
#4544 = CARTESIAN_POINT ( 'NONE',  ( 0.2525058442745775067, 2.007427768585499983, 0.6400000000000000133 ) ) ;
#4545 = ORIENTED_EDGE ( 'NONE', *, *, #6889, .F. ) ;
#4546 = CARTESIAN_POINT ( 'NONE',  ( 3.510000000000000231, 0.0000000000000000000, 3.350000000000000089 ) ) ;
#4547 = EDGE_LOOP ( 'NONE', ( #7127, #4244, #6853, #6195, #1666 ) ) ;
#4548 = DIRECTION ( 'NONE',  ( 0.0000000000000000000, 0.0000000000000000000, -1.000000000000000000 ) ) ;
#4549 = ADVANCED_FACE ( 'NONE', ( #4628 ), #6858, .F. ) ;
#4550 = CARTESIAN_POINT ( 'NONE',  ( -1.274729725819581772, 1.214598144441489724, 0.6400000000000001243 ) ) ;
#4551 = DIRECTION ( 'NONE',  ( 5.697340647455880092E-65, -1.867108438696574904E-33, 1.000000000000000000 ) ) ;
#4552 = DIRECTION ( 'NONE',  ( 1.000000000000000000, 0.0000000000000000000, 0.0000000000000000000 ) ) ;
#4553 = DIRECTION ( 'NONE',  ( -1.000000000000000000, 7.228014483236688420E-17, 0.0000000000000000000 ) ) ;
#4554 = DIRECTION ( 'NONE',  ( 1.000000000000000000, 0.0000000000000000000, 0.0000000000000000000 ) ) ;
#4555 = CARTESIAN_POINT ( 'NONE',  ( 0.06391813759496049741, 1.518378803222814932, 0.6400000000000000133 ) ) ;
#4556 = CARTESIAN_POINT ( 'NONE',  ( -1.820000000000000062, 3.649999999999999911, -3.660000000000000142 ) ) ;
#4557 = CARTESIAN_POINT ( 'NONE',  ( 1.465642401154087837, 4.237959214485621295, 0.6400000000000001243 ) ) ;
#4558 = DIRECTION ( 'NONE',  ( 0.0000000000000000000, 0.0000000000000000000, 1.000000000000000000 ) ) ;
#4559 = ORIENTED_EDGE ( 'NONE', *, *, #805, .F. ) ;
#4560 = DIRECTION ( 'NONE',  ( 0.0000000000000000000, -1.000000000000000000, 9.227252531791520216E-16 ) ) ;
#4561 = VERTEX_POINT ( 'NONE', #208 ) ;
#4562 = LINE ( 'NONE', #1280, #6921 ) ;
#4563 = LINE ( 'NONE', #3473, #2445 ) ;
#4564 = EDGE_CURVE ( 'NONE', #6121, #3868, #2045, .T. ) ;
#4565 = CARTESIAN_POINT ( 'NONE',  ( 2.208333333333345916, 4.279999999999995808, 0.6400000000000001243 ) ) ;
#4566 = ORIENTED_EDGE ( 'NONE', *, *, #4734, .T. ) ;
#4567 = PLANE ( 'NONE',  #178 ) ;
#4568 = ORIENTED_EDGE ( 'NONE', *, *, #6079, .T. ) ;
#4569 = ORIENTED_EDGE ( 'NONE', *, *, #685, .T. ) ;
#4570 = CARTESIAN_POINT ( 'NONE',  ( 2.833333333333285520, 1.720000000000000639, -0.6400000000000001243 ) ) ;
#4571 = CYLINDRICAL_SURFACE ( 'NONE', #6850, 1.149999999999999911 ) ;
#4572 = EDGE_CURVE ( 'NONE', #2063, #1722, #4764, .T. ) ;
#4573 = EDGE_CURVE ( 'NONE', #5691, #6934, #4877, .T. ) ;
#4574 = CYLINDRICAL_SURFACE ( 'NONE', #274, 0.6250000000000001110 ) ;
#4575 = ORIENTED_EDGE ( 'NONE', *, *, #4325, .T. ) ;
#4576 = DIRECTION ( 'NONE',  ( 0.0000000000000000000, -1.000000000000000000, 0.0000000000000000000 ) ) ;
#4577 = CARTESIAN_POINT ( 'NONE',  ( 2.333333333333299731, 4.279999999999995808, -0.6400000000000001243 ) ) ;
#4578 = DIRECTION ( 'NONE',  ( 1.000000000000000000, 0.0000000000000000000, 0.0000000000000000000 ) ) ;
#4579 = LINE ( 'NONE', #6252, #6628 ) ;
#4580 = ADVANCED_FACE ( 'NONE', ( #5306 ), #2880, .T. ) ;
#4581 = LINE ( 'NONE', #5563, #4245 ) ;
#4582 = AXIS2_PLACEMENT_3D ( 'NONE', #4077, #1300, #3528 ) ;
#4583 = CARTESIAN_POINT ( 'NONE',  ( 1.149999999999999467, 0.9999999999999924505, 9.335542193482421221E-34 ) ) ;
#4584 = CARTESIAN_POINT ( 'NONE',  ( 1.481621196777171967, 2.936081862405050202, 0.6400000000000000133 ) ) ;
#4585 = DIRECTION ( 'NONE',  ( 1.000000000000000000, 0.0000000000000000000, 0.0000000000000000000 ) ) ;
#4586 = CARTESIAN_POINT ( 'NONE',  ( 2.208333333333345916, 4.279999999999995808, -0.6400000000000001243 ) ) ;
#4587 = AXIS2_PLACEMENT_3D ( 'NONE', #6251, #1295, #6290 ) ;
#4588 = DIRECTION ( 'NONE',  ( -8.673617379884060124E-16, 0.0000000000000000000, 1.000000000000000000 ) ) ;
#4589 = ORIENTED_EDGE ( 'NONE', *, *, #4307, .T. ) ;
#4590 = CARTESIAN_POINT ( 'NONE',  ( 1.409999999999999920, 1.000000000000000000, 0.5699999999999999512 ) ) ;
#4591 = ORIENTED_EDGE ( 'NONE', *, *, #3246, .T. ) ;
#4592 = VECTOR ( 'NONE', #3089, 1000.000000000000000 ) ;
#4593 = DIRECTION ( 'NONE',  ( -1.000000000000000000, -1.062943306358337910E-16, 1.141265444721584103E-15 ) ) ;
#4594 = VECTOR ( 'NONE', #3686, 1000.000000000000000 ) ;
#4595 = DIRECTION ( 'NONE',  ( -1.000000000000000000, 0.0000000000000000000, 0.0000000000000000000 ) ) ;
#4596 = CARTESIAN_POINT ( 'NONE',  ( -3.959999999999999964, 3.200000000000000178, -2.000000000000000000 ) ) ;
#4597 = CIRCLE ( 'NONE', #1920, 0.5000000000000004441 ) ;
#4598 = VECTOR ( 'NONE', #5529, 1000.000000000000000 ) ;
#4599 = CARTESIAN_POINT ( 'NONE',  ( -0.6229060432282556015, 3.015714441355473951, 0.6400000000000001243 ) ) ;
#4600 = ORIENTED_EDGE ( 'NONE', *, *, #6879, .F. ) ;
#4601 = DIRECTION ( 'NONE',  ( 0.0000000000000000000, -1.000000000000000000, -1.385561881770611942E-16 ) ) ;
#4602 = CIRCLE ( 'NONE', #3085, 1.149999999999999911 ) ;
#4603 = EDGE_CURVE ( 'NONE', #1879, #4986, #6952, .T. ) ;
#4604 = CARTESIAN_POINT ( 'NONE',  ( 2.333333333333300175, 3.000000000000000000, -0.6400000000000000133 ) ) ;
#4605 = CARTESIAN_POINT ( 'NONE',  ( 1.281156889454226677, 1.047106909755452397, 0.6400000000000001243 ) ) ;
#4606 = CARTESIAN_POINT ( 'NONE',  ( 3.666666666667149688, 1.720000000000000639, 0.6400000000000001243 ) ) ;
#4607 = ORIENTED_EDGE ( 'NONE', *, *, #849, .F. ) ;
#4608 = SURFACE_SIDE_STYLE ('',( #149 ) ) ;
#4609 = ORIENTED_EDGE ( 'NONE', *, *, #5059, .T. ) ;
#4610 = ADVANCED_FACE ( 'NONE', ( #391, #932, #2703 ), #2121, .T. ) ;
#4611 = CARTESIAN_POINT ( 'NONE',  ( -1.279999999999998694, 0.5833333333333317050, 0.6400000000000001243 ) ) ;
#4612 = ADVANCED_FACE ( 'NONE', ( #5343 ), #2004, .T. ) ;
#4613 = CARTESIAN_POINT ( 'NONE',  ( 2.700000000000000178, 7.200000000000000178, -3.840000000000000302 ) ) ;
#4614 = ADVANCED_FACE ( 'NONE', ( #1489 ), #3636, .F. ) ;
#4615 = DIRECTION ( 'NONE',  ( -8.687218698503557753E-17, 0.9828721869343218787, -0.1842885350501849706 ) ) ;
#4616 = FACE_OUTER_BOUND ( 'NONE', #3122, .T. ) ;
#4617 = CARTESIAN_POINT ( 'NONE',  ( -2.550000000000000266, 1.000000000000000000, -0.5699999999999999512 ) ) ;
#4618 = ORIENTED_EDGE ( 'NONE', *, *, #2844, .F. ) ;
#4619 = CARTESIAN_POINT ( 'NONE',  ( -2.168404344971009854E-16, 0.0000000000000000000, 0.0000000000000000000 ) ) ;
#4620 = CARTESIAN_POINT ( 'NONE',  ( 2.083333333333340143, 3.000000000000000000, 0.6400000000000000133 ) ) ;
#4621 = EDGE_CURVE ( 'NONE', #2313, #1820, #353, .T. ) ;
#4622 = DIRECTION ( 'NONE',  ( -3.242291330675300071E-16, 0.0000000000000000000, 1.000000000000000000 ) ) ;
#4623 = VECTOR ( 'NONE', #6946, 1000.000000000000114 ) ;
#4624 = CARTESIAN_POINT ( 'NONE',  ( -1.279999999999998694, 0.0000000000000000000, 0.6400000000000001243 ) ) ;
#4625 = ORIENTED_EDGE ( 'NONE', *, *, #6676, .T. ) ;
#4626 = FILL_AREA_STYLE_COLOUR ( '', #5171 ) ;
#4627 = VERTEX_POINT ( 'NONE', #2590 ) ;
#4628 = FACE_OUTER_BOUND ( 'NONE', #4816, .T. ) ;
#4629 = VECTOR ( 'NONE', #4445, 1000.000000000000114 ) ;
#4630 = DIRECTION ( 'NONE',  ( 0.0000000000000000000, -1.000000000000000000, 0.0000000000000000000 ) ) ;
#4631 = EDGE_CURVE ( 'NONE', #1786, #2496, #4797, .T. ) ;
#4632 = CARTESIAN_POINT ( 'NONE',  ( 4.000000000000000000, 3.000000000000000000, 1.149999999999999911 ) ) ;
#4633 = CARTESIAN_POINT ( 'NONE',  ( 2.416666666666674956, 3.000000000000000000, 0.6400000000000000133 ) ) ;
#4634 =( GEOMETRIC_REPRESENTATION_CONTEXT ( 3 ) GLOBAL_UNCERTAINTY_ASSIGNED_CONTEXT ( ( #3613 ) ) GLOBAL_UNIT_ASSIGNED_CONTEXT ( ( #6486, #6955, #2007 ) ) REPRESENTATION_CONTEXT ( 'NONE', 'WORKASPACE' ) );
#4635 = AXIS2_PLACEMENT_3D ( 'NONE', #1551, #5952, #6540 ) ;
#4636 = CARTESIAN_POINT ( 'NONE',  ( 0.0000000000000000000, 0.0000000000000000000, 0.6400000000000000133 ) ) ;
#4637 = EDGE_LOOP ( 'NONE', ( #2637, #5468, #1799, #2368 ) ) ;
#4638 = LINE ( 'NONE', #4122, #651 ) ;
#4639 = UNCERTAINTY_MEASURE_WITH_UNIT (LENGTH_MEASURE( 1.000000000000000082E-05 ), #6011, 'distance_accuracy_value', 'NONE');
#4640 = AXIS2_PLACEMENT_3D ( 'NONE', #1809, #1773, #1845 ) ;
#4641 = CARTESIAN_POINT ( 'NONE',  ( 0.3478184595197764128, 3.865890415389723334, 0.6400000000000001243 ) ) ;
#4642 = CARTESIAN_POINT ( 'NONE',  ( 2.833333333333285076, 3.000000000000000000, 0.6400000000000000133 ) ) ;
#4643 = CARTESIAN_POINT ( 'NONE',  ( 1.882701990497236633, 1.710771534887084000, 0.6400000000000001243 ) ) ;
#4644 = ORIENTED_EDGE ( 'NONE', *, *, #1273, .T. ) ;
#4645 = DIRECTION ( 'NONE',  ( 0.0000000000000000000, 1.000000000000000000, -1.867108438696554720E-33 ) ) ;
#4646 = ORIENTED_EDGE ( 'NONE', *, *, #2032, .T. ) ;
#4647 = VECTOR ( 'NONE', #4534, 1000.000000000000000 ) ;
#4648 = LINE ( 'NONE', #5832, #2077 ) ;
#4649 = PLANE ( 'NONE',  #5565 ) ;
#4650 = PLANE ( 'NONE',  #3430 ) ;
#4651 = ADVANCED_FACE ( 'NONE', ( #3170 ), #1529, .F. ) ;
#4652 = ORIENTED_EDGE ( 'NONE', *, *, #121, .T. ) ;
#4653 = LINE ( 'NONE', #2465, #6605 ) ;
#4654 = CARTESIAN_POINT ( 'NONE',  ( 1.280002945220024335, 1.044505849366581751, -0.6400000000000001243 ) ) ;
#4655 = FACE_OUTER_BOUND ( 'NONE', #1593, .T. ) ;
#4656 = DIRECTION ( 'NONE',  ( -0.0000000000000000000, 1.000000000000000000, 0.0000000000000000000 ) ) ;
#4657 = CARTESIAN_POINT ( 'NONE',  ( 0.2525058442745775067, 2.007427768585499983, 0.6400000000000000133 ) ) ;
#4658 = DIRECTION ( 'NONE',  ( 0.0000000000000000000, -1.000000000000000000, 0.0000000000000000000 ) ) ;
#4659 = ORIENTED_EDGE ( 'NONE', *, *, #5589, .T. ) ;
#4660 = EDGE_CURVE ( 'NONE', #4466, #1642, #7024, .T. ) ;
#4661 = ORIENTED_EDGE ( 'NONE', *, *, #3635, .F. ) ;
#4662 = DIRECTION ( 'NONE',  ( 0.0000000000000000000, 0.0000000000000000000, 1.000000000000000000 ) ) ;
#4663 = CARTESIAN_POINT ( 'NONE',  ( 2.700000000000000178, 9.400000000000000355, -3.840000000000000302 ) ) ;
#4664 = PLANE ( 'NONE',  #1208 ) ;
#4665 = ADVANCED_FACE ( 'NONE', ( #3248 ), #3930, .F. ) ;
#4666 = CARTESIAN_POINT ( 'NONE',  ( 2.833333333333285520, 4.279999999999995808, 0.6400000000000001243 ) ) ;
#4667 = ORIENTED_EDGE ( 'NONE', *, *, #5689, .T. ) ;
#4668 = FACE_OUTER_BOUND ( 'NONE', #5837, .T. ) ;
#4669 = ORIENTED_EDGE ( 'NONE', *, *, #2179, .F. ) ;
#4670 = CARTESIAN_POINT ( 'NONE',  ( 1.906024927126289237, 1.714229069833648866, 0.6400000000000001243 ) ) ;
#4671 = ORIENTED_EDGE ( 'NONE', *, *, #2470, .T. ) ;
#4672 = FACE_OUTER_BOUND ( 'NONE', #7044, .T. ) ;
#4673 = ORIENTED_EDGE ( 'NONE', *, *, #2044, .F. ) ;
#4674 = LINE ( 'NONE', #3589, #6491 ) ;
#4675 =( NAMED_UNIT ( * ) SI_UNIT ( $, .STERADIAN. ) SOLID_ANGLE_UNIT ( ) );
#4676 = FACE_OUTER_BOUND ( 'NONE', #3616, .T. ) ;
#4677 = CARTESIAN_POINT ( 'NONE',  ( -0.8199999999999999512, 13.40000000000000036, -1.909999999999999920 ) ) ;
#4678 = EDGE_LOOP ( 'NONE', ( #5278, #534, #3846, #3427 ) ) ;
#4679 = DIRECTION ( 'NONE',  ( 0.0000000000000000000, 1.000000000000000000, -1.867108438696555062E-33 ) ) ;
#4680 = CARTESIAN_POINT ( 'NONE',  ( 1.279999999999998694, 0.7916666666666665186, -0.6400000000000001243 ) ) ;
#4681 = DIRECTION ( 'NONE',  ( 1.000000000000000000, 0.0000000000000000000, 0.0000000000000000000 ) ) ;
#4682 = CARTESIAN_POINT ( 'NONE',  ( 1.674172195825665010, 2.974365374686354979, 0.6400000000000000133 ) ) ;
#4683 = DIRECTION ( 'NONE',  ( 0.0000000000000000000, -1.000000000000000000, 0.0000000000000000000 ) ) ;
#4684 = ORIENTED_EDGE ( 'NONE', *, *, #946, .F. ) ;
#4685 = VERTEX_POINT ( 'NONE', #4520 ) ;
#4686 = DIRECTION ( 'NONE',  ( 0.0000000000000000000, 0.0000000000000000000, 1.000000000000000000 ) ) ;
#4687 = CARTESIAN_POINT ( 'NONE',  ( 0.5000000000000000000, 10.90000000000000036, -5.110000000000000320 ) ) ;
#4688 = DIRECTION ( 'NONE',  ( 0.0000000000000000000, 0.0000000000000000000, 1.000000000000000000 ) ) ;
#4689 = EDGE_CURVE ( 'NONE', #5704, #796, #6049, .T. ) ;
#4690 = TOROIDAL_SURFACE ( 'NONE', #1901, 0.2999999999999999889, 0.2000000000000000111 ) ;
#4691 = EDGE_CURVE ( 'NONE', #1173, #659, #6740, .T. ) ;
#4692 = EDGE_CURVE ( 'NONE', #2702, #2150, #6718, .T. ) ;
#4693 = CARTESIAN_POINT ( 'NONE',  ( 4.000000000000000000, 3.000000000000000000, 0.6400000000000000133 ) ) ;
#4694 = CARTESIAN_POINT ( 'NONE',  ( -1.279999999999998694, 0.5833333333333347026, 0.6400000000000001243 ) ) ;
#4695 = VECTOR ( 'NONE', #5083, 1000.000000000000000 ) ;
#4696 = VERTEX_POINT ( 'NONE', #4377 ) ;
#4697 = CYLINDRICAL_SURFACE ( 'NONE', #3807, 0.5000000000000000000 ) ;
#4698 = EDGE_CURVE ( 'NONE', #5250, #5390, #7135, .T. ) ;
#4699 = CARTESIAN_POINT ( 'NONE',  ( 2.054999864970847856, 4.280008541599678473, 0.6400000000000001243 ) ) ;
#4700 = VECTOR ( 'NONE', #6621, 1000.000000000000000 ) ;
#4701 = CARTESIAN_POINT ( 'NONE',  ( 2.083333333333340143, 3.000000000000000000, 0.6400000000000000133 ) ) ;
#4702 = CARTESIAN_POINT ( 'NONE',  ( 1.955494150633415140, 1.719997054779973888, 0.6400000000000001243 ) ) ;
#4703 = ORIENTED_EDGE ( 'NONE', *, *, #5934, .T. ) ;
#4704 = DIRECTION ( 'NONE',  ( -1.387778780781445922E-16, 0.0000000000000000000, -1.000000000000000000 ) ) ;
#4705 = ORIENTED_EDGE ( 'NONE', *, *, #2829, .T. ) ;
#4706 = AXIS2_PLACEMENT_3D ( 'NONE', #1965, #3208, #931 ) ;
#4707 = AXIS2_PLACEMENT_3D ( 'NONE', #5714, #2919, #4087 ) ;
#4708 = ORIENTED_EDGE ( 'NONE', *, *, #2361, .T. ) ;
#4709 = CARTESIAN_POINT ( 'NONE',  ( -3.109999999999999876, 13.40000000000000036, 3.850000000000000089 ) ) ;
#4710 = CARTESIAN_POINT ( 'NONE',  ( 3.459999999999999964, 9.400000000000000355, -1.500000000000000000 ) ) ;
#4711 = VECTOR ( 'NONE', #832, 1000.000000000000000 ) ;
#4712 = CARTESIAN_POINT ( 'NONE',  ( 5.421010862427519705E-17, 0.6666666666666680729, -0.6400000000000000133 ) ) ;
#4713 = ORIENTED_EDGE ( 'NONE', *, *, #3366, .F. ) ;
#4714 = LINE ( 'NONE', #6510, #1130 ) ;
#4715 = VECTOR ( 'NONE', #2128, 1000.000000000000114 ) ;
#4716 = CARTESIAN_POINT ( 'NONE',  ( 2.083333333333340143, 1.720000000000000639, 0.6400000000000001243 ) ) ;
#4717 = LINE ( 'NONE', #346, #4004 ) ;
#4718 = DIRECTION ( 'NONE',  ( -6.914672651895809708E-32, 1.000000000000000000, 0.0000000000000000000 ) ) ;
#4719 = CARTESIAN_POINT ( 'NONE',  ( 0.01603036157317479921, 1.261041869093620038, 0.6400000000000000133 ) ) ;
#4720 = DIRECTION ( 'NONE',  ( -4.713922489067409854E-16, 0.0000000000000000000, 1.000000000000000000 ) ) ;
#4721 = VECTOR ( 'NONE', #6344, 1000.000000000000000 ) ;
#4722 = ORIENTED_EDGE ( 'NONE', *, *, #6625, .F. ) ;
#4723 = DIRECTION ( 'NONE',  ( 0.2761723853694945108, 0.9205746178983248429, -0.2761723853694945108 ) ) ;
#4724 = ORIENTED_EDGE ( 'NONE', *, *, #4754, .T. ) ;
#4725 = DIRECTION ( 'NONE',  ( 1.000000000000000000, 0.0000000000000000000, 0.0000000000000000000 ) ) ;
#4726 = DIRECTION ( 'NONE',  ( 0.0000000000000000000, 0.0000000000000000000, -1.000000000000000000 ) ) ;
#4727 = LINE ( 'NONE', #3715, #6870 ) ;
#4728 = VECTOR ( 'NONE', #6517, 1000.000000000000000 ) ;
#4729 = CARTESIAN_POINT ( 'NONE',  ( 3.510000000000000231, 12.40000000000000036, -1.110000000000000098 ) ) ;
#4730 = CARTESIAN_POINT ( 'NONE',  ( -5.208292492436559980E-06, 0.9583334156682049576, 0.6400000000000000133 ) ) ;
#4731 = AXIS2_PLACEMENT_3D ( 'NONE', #5814, #1854, #6877 ) ;
#4732 = EDGE_CURVE ( 'NONE', #5704, #1305, #2205, .T. ) ;
#4733 = ORIENTED_EDGE ( 'NONE', *, *, #3294, .F. ) ;
#4734 = EDGE_CURVE ( 'NONE', #6587, #295, #673, .T. ) ;
#4735 = LINE ( 'NONE', #1833, #4721 ) ;
#4736 = ORIENTED_EDGE ( 'NONE', *, *, #4217, .F. ) ;
#4737 = DIRECTION ( 'NONE',  ( 0.0000000000000000000, 0.0000000000000000000, 1.000000000000000000 ) ) ;
#4738 = CARTESIAN_POINT ( 'NONE',  ( 2.000000000000000000, 3.000000000000000000, 0.0000000000000000000 ) ) ;
#4739 = CARTESIAN_POINT ( 'NONE',  ( 1.785401855558534034, 4.274729725819588211, -0.6400000000000001243 ) ) ;
#4740 = AXIS2_PLACEMENT_3D ( 'NONE', #6512, #1558, #4257 ) ;
#4741 = CARTESIAN_POINT ( 'NONE',  ( 3.333333333333429849, 3.000000000000000000, 0.6400000000000000133 ) ) ;
#4742 = CARTESIAN_POINT ( 'NONE',  ( 2.666666666666638541, 1.720000000000000639, 0.6400000000000001243 ) ) ;
#4743 = EDGE_CURVE ( 'NONE', #5907, #2357, #229, .T. ) ;
#4744 = EDGE_LOOP ( 'NONE', ( #4242, #3875, #2790, #3643 ) ) ;
#4745 = EDGE_CURVE ( 'NONE', #254, #2689, #5085, .T. ) ;
#4746 = ORIENTED_EDGE ( 'NONE', *, *, #6802, .T. ) ;
#4747 = VECTOR ( 'NONE', #114, 1000.000000000000000 ) ;
#4748 = CARTESIAN_POINT ( 'NONE',  ( 0.01603036157317504554, 1.261041869093620038, -0.6400000000000000133 ) ) ;
#4749 = DIRECTION ( 'NONE',  ( 0.0000000000000000000, -1.000000000000000000, 0.0000000000000000000 ) ) ;
#4750 = VECTOR ( 'NONE', #1075, 1000.000000000000000 ) ;
#4751 = DIRECTION ( 'NONE',  ( -4.713922489067409854E-16, -5.010632356446239363E-32, -1.000000000000000000 ) ) ;
#4752 = DIRECTION ( 'NONE',  ( -0.3611041612294753067, 0.8597718124511376514, -0.3611041612294753067 ) ) ;
#4753 = VERTEX_POINT ( 'NONE', #4005 ) ;
#4754 = EDGE_CURVE ( 'NONE', #6739, #3623, #6324, .T. ) ;
#4755 = FACE_OUTER_BOUND ( 'NONE', #2476, .T. ) ;
#4756 = CARTESIAN_POINT ( 'NONE',  ( 1.813383630839782823, 1.696989470465821936, 0.6400000000000001243 ) ) ;
#4757 = CARTESIAN_POINT ( 'NONE',  ( 2.609999999999999876, 12.59999999999999964, 4.349999999999999645 ) ) ;
#4758 = CARTESIAN_POINT ( 'NONE',  ( -1.080000000000000071, 0.0000000000000000000, 3.850000000000000089 ) ) ;
#4759 = CARTESIAN_POINT ( 'NONE',  ( 8.181166715707110070E-06, 1.065449717618472070, 0.6400000000000000133 ) ) ;
#4760 = DIRECTION ( 'NONE',  ( 0.0000000000000000000, -1.000000000000000000, 0.0000000000000000000 ) ) ;
#4761 = VERTEX_POINT ( 'NONE', #5773 ) ;
#4762 = CARTESIAN_POINT ( 'NONE',  ( 3.959999999999999964, 9.400000000000000355, -1.500000000000000000 ) ) ;
#4763 = EDGE_LOOP ( 'NONE', ( #371, #3555, #2194, #7086, #3470 ) ) ;
#4764 = LINE ( 'NONE', #4265, #73 ) ;
#4765 = DIRECTION ( 'NONE',  ( -1.000000000000000000, 0.0000000000000000000, 1.661612524881999902E-16 ) ) ;
#4766 = DIRECTION ( 'NONE',  ( 0.0000000000000000000, -1.000000000000000000, 0.0000000000000000000 ) ) ;
#4767 = CARTESIAN_POINT ( 'NONE',  ( 2.083333333333345028, 3.000000000000000000, 0.6400000000000000133 ) ) ;
#4768 = ORIENTED_EDGE ( 'NONE', *, *, #4540, .T. ) ;
#4769 = LINE ( 'NONE', #4915, #68 ) ;
#4770 = ORIENTED_EDGE ( 'NONE', *, *, #5533, .T. ) ;
#4771 = CARTESIAN_POINT ( 'NONE',  ( 2.745000000000000107, 0.2999999999999999889, 4.799999999999999822 ) ) ;
#4772 = UNCERTAINTY_MEASURE_WITH_UNIT (LENGTH_MEASURE( 1.000000000000000082E-05 ), #1161, 'distance_accuracy_value', 'NONE');
#4773 = CARTESIAN_POINT ( 'NONE',  ( 2.745000000000000107, 0.0000000000000000000, -3.840000000000000302 ) ) ;
#4774 = PLANE ( 'NONE',  #1851 ) ;
#4775 = CARTESIAN_POINT ( 'NONE',  ( -1.175174254344260261, 1.850141237285419571, 0.6400000000000001243 ) ) ;
#4776 = EDGE_CURVE ( 'NONE', #2830, #336, #5121, .T. ) ;
#4777 = CARTESIAN_POINT ( 'NONE',  ( 1.637326003309222955, 1.629097896061105999, -0.6400000000000001243 ) ) ;
#4778 = LINE ( 'NONE', #7005, #2406 ) ;
#4779 = VERTEX_POINT ( 'NONE', #4583 ) ;
#4780 = VERTEX_POINT ( 'NONE', #6223 ) ;
#4781 = EDGE_CURVE ( 'NONE', #6016, #2646, #4104, .T. ) ;
#4782 = CARTESIAN_POINT ( 'NONE',  ( 0.0000000000000000000, 0.0000000000000000000, 0.0000000000000000000 ) ) ;
#4783 = EDGE_CURVE ( 'NONE', #6429, #1879, #772, .T. ) ;
#4784 = CARTESIAN_POINT ( 'NONE',  ( 0.0000000000000000000, 10.90000000000000036, -0.2700000000000000178 ) ) ;
#4785 = CARTESIAN_POINT ( 'NONE',  ( 3.333333333333429849, 3.000000000000000000, -0.6400000000000000133 ) ) ;
#4786 = ORIENTED_EDGE ( 'NONE', *, *, #2517, .T. ) ;
#4787 = VECTOR ( 'NONE', #2593, 1000.000000000000000 ) ;
#4788 = DIRECTION ( 'NONE',  ( -1.000000000000000000, 0.0000000000000000000, 0.0000000000000000000 ) ) ;
#4789 = CARTESIAN_POINT ( 'NONE',  ( 1.955494150633415140, 1.719997054779976775, 0.6400000000000001243 ) ) ;
#4790 = DIRECTION ( 'NONE',  ( 1.000000000000000000, 0.0000000000000000000, 0.0000000000000000000 ) ) ;
#4791 = PLANE ( 'NONE',  #1950 ) ;
#4792 = EDGE_CURVE ( 'NONE', #967, #5800, #1943, .T. ) ;
#4793 = CARTESIAN_POINT ( 'NONE',  ( 3.666666666667149688, 3.000000000000000000, 0.6400000000000000133 ) ) ;
#4794 = PLANE ( 'NONE',  #1442 ) ;
#4795 = ORIENTED_EDGE ( 'NONE', *, *, #1956, .T. ) ;
#4796 = CARTESIAN_POINT ( 'NONE',  ( -5.421010862427520198E-16, 0.9999999999999820144, 0.0000000000000000000 ) ) ;
#4797 = LINE ( 'NONE', #1413, #4513 ) ;
#4798 = PLANE ( 'NONE',  #3189 ) ;
#4799 = PLANE ( 'NONE',  #5007 ) ;
#4800 = DIRECTION ( 'NONE',  ( -1.000000000000000000, 0.0000000000000000000, 1.068179480281283965E-15 ) ) ;
#4801 = VECTOR ( 'NONE', #6599, 1000.000000000000000 ) ;
#4802 = CARTESIAN_POINT ( 'NONE',  ( -5.421010862427519705E-17, 0.6666666666666680729, 0.6400000000000000133 ) ) ;
#4803 = VERTEX_POINT ( 'NONE', #5809 ) ;
#4804 = CARTESIAN_POINT ( 'NONE',  ( -1.469999999999999973, 12.40000000000000036, 2.949999999999999734 ) ) ;
#4805 = ORIENTED_EDGE ( 'NONE', *, *, #245, .T. ) ;
#4806 = CARTESIAN_POINT ( 'NONE',  ( -1.820000000000000062, 11.90000000000000036, -3.660000000000000142 ) ) ;
#4807 = CARTESIAN_POINT ( 'NONE',  ( -3.459999999999999964, 9.400000000000000355, 4.299999999999999822 ) ) ;
#4808 = VECTOR ( 'NONE', #4352, 1000.000000000000000 ) ;
#4809 = CARTESIAN_POINT ( 'NONE',  ( -2.990000000000000213, 13.40000000000000036, -1.909999999999999920 ) ) ;
#4810 = CARTESIAN_POINT ( 'NONE',  ( 2.666666666666639873, 3.000000000000000000, 0.6400000000000000133 ) ) ;
#4811 = CARTESIAN_POINT ( 'NONE',  ( 1.882701990497236633, 1.710771534887084000, -0.6400000000000001243 ) ) ;
#4812 = VECTOR ( 'NONE', #3895, 1000.000000000000000 ) ;
#4813 = ORIENTED_EDGE ( 'NONE', *, *, #1516, .T. ) ;
#4814 = CARTESIAN_POINT ( 'NONE',  ( 4.000000000000000000, 3.000000000000000000, -0.6500000000000000222 ) ) ;
#4815 = AXIS2_PLACEMENT_3D ( 'NONE', #4259, #5816, #234 ) ;
#4816 = EDGE_LOOP ( 'NONE', ( #1183, #623, #6116, #6932 ) ) ;
#4817 = CARTESIAN_POINT ( 'NONE',  ( 2.609999999999999876, 12.40000000000000036, 4.649999999999999467 ) ) ;
#4818 = CARTESIAN_POINT ( 'NONE',  ( -2.880000000000000338, 6.299999999999999822, 3.850000000000000089 ) ) ;
#4819 = DIRECTION ( 'NONE',  ( 0.0000000000000000000, 1.000000000000000000, 0.0000000000000000000 ) ) ;
#4820 = DIRECTION ( 'NONE',  ( 0.0000000000000000000, 1.000000000000000000, 0.0000000000000000000 ) ) ;
#4821 = CIRCLE ( 'NONE', #6339, 2.649999999999999467 ) ;
#4822 = VERTEX_POINT ( 'NONE', #2439 ) ;
#4823 = VECTOR ( 'NONE', #6092, 1000.000000000000000 ) ;
#4824 = EDGE_CURVE ( 'NONE', #1752, #5161, #4653, .T. ) ;
#4825 = EDGE_CURVE ( 'NONE', #5747, #2991, #198, .T. ) ;
#4826 = FACE_OUTER_BOUND ( 'NONE', #3503, .T. ) ;
#4827 = EDGE_CURVE ( 'NONE', #4761, #4474, #5084, .T. ) ;
#4828 = CARTESIAN_POINT ( 'NONE',  ( 2.416666666666675400, 1.720000000000000639, -0.6400000000000001243 ) ) ;
#4829 = CARTESIAN_POINT ( 'NONE',  ( 0.0000000000000000000, 0.1666666666666674901, 0.6400000000000000133 ) ) ;
#4830 = VECTOR ( 'NONE', #4299, 1000.000000000000000 ) ;
#4831 = CARTESIAN_POINT ( 'NONE',  ( 4.000000000000000000, 3.000000000000000000, 0.6400000000000000133 ) ) ;
#4832 = DIRECTION ( 'NONE',  ( 1.068179480281283965E-15, 0.0000000000000000000, 1.000000000000000000 ) ) ;
#4833 = DIRECTION ( 'NONE',  ( 0.0000000000000000000, 0.0000000000000000000, 1.000000000000000000 ) ) ;
#4834 = ORIENTED_EDGE ( 'NONE', *, *, #3767, .F. ) ;
#4835 = CARTESIAN_POINT ( 'NONE',  ( 4.000000000000000000, 3.000000000000000000, 1.149999999999999911 ) ) ;
#4836 = CIRCLE ( 'NONE', #63, 0.6500000000000000222 ) ;
#4837 = EDGE_CURVE ( 'NONE', #2150, #3959, #6947, .T. ) ;
#4838 = APPLICATION_PROTOCOL_DEFINITION ( 'draft international standard', 'automotive_design', 1998, #6012 ) ;
#4839 = CARTESIAN_POINT ( 'NONE',  ( 2.990000000000000213, 0.0000000000000000000, -2.899999999999999911 ) ) ;
#4840 = CARTESIAN_POINT ( 'NONE',  ( 2.000000000000000000, 1.000000000000000000, -7.960204194457795477E-17 ) ) ;
#4841 = LINE ( 'NONE', #6013, #1679 ) ;
#4842 = VECTOR ( 'NONE', #4433, 1000.000000000000000 ) ;
#4843 = CARTESIAN_POINT ( 'NONE',  ( -1.110000000000000098, 0.0000000000000000000, 0.8699999999999999956 ) ) ;
#4844 = ORIENTED_EDGE ( 'NONE', *, *, #6889, .T. ) ;
#4845 =( REPRESENTATION_RELATIONSHIP ('NONE','NONE', #239, #1699 ) REPRESENTATION_RELATIONSHIP_WITH_TRANSFORMATION ( #1706 )SHAPE_REPRESENTATION_RELATIONSHIP( ) );
#4846 = LINE ( 'NONE', #5349, #1005 ) ;
#4847 = VERTEX_POINT ( 'NONE', #160 ) ;
#4848 = CIRCLE ( 'NONE', #6600, 1.149999999999999911 ) ;
#4849 = PLANE ( 'NONE',  #157 ) ;
#4850 = DIRECTION ( 'NONE',  ( 0.1856067747580749105, 0.0000000000000000000, -0.9826241016603984857 ) ) ;
#4851 = CARTESIAN_POINT ( 'NONE',  ( 3.109999999999999876, 13.40000000000000036, 3.850000000000000089 ) ) ;
#4852 = CARTESIAN_POINT ( 'NONE',  ( 0.7709058284417820150, 2.599332953187969864, -0.6400000000000000133 ) ) ;
#4853 = VECTOR ( 'NONE', #3784, 999.9999999999998863 ) ;
#4854 = VERTEX_POINT ( 'NONE', #2340 ) ;
#4855 = CARTESIAN_POINT ( 'NONE',  ( 1.813383630839782823, 1.696989470465819050, -0.6400000000000001243 ) ) ;
#4856 = EDGE_LOOP ( 'NONE', ( #4528, #5041, #1572, #6936 ) ) ;
#4857 = CARTESIAN_POINT ( 'NONE',  ( -1.214999999999999858, 0.0000000000000000000, -3.840000000000000302 ) ) ;
#4858 = EDGE_LOOP ( 'NONE', ( #247, #5207, #6502, #2331 ) ) ;
#4859 = AXIS2_PLACEMENT_3D ( 'NONE', #2299, #4515, #6733 ) ;
#4860 = ORIENTED_EDGE ( 'NONE', *, *, #5801, .F. ) ;
#4861 = CARTESIAN_POINT ( 'NONE',  ( 2.333333333333299731, 1.720000000000000639, 0.6400000000000001243 ) ) ;
#4862 = DIRECTION ( 'NONE',  ( -3.336006684570780143E-16, -1.000000000000000000, 1.867108438696564983E-33 ) ) ;
#4863 = LINE ( 'NONE', #7090, #4539 ) ;
#4864 = AXIS2_PLACEMENT_3D ( 'NONE', #1202, #5031, #3433 ) ;
#4865 = DIRECTION ( 'NONE',  ( -0.0000000000000000000, 1.000000000000000000, 0.0000000000000000000 ) ) ;
#4866 = CIRCLE ( 'NONE', #3358, 0.6400000000000000133 ) ;
#4867 = ORIENTED_EDGE ( 'NONE', *, *, #6713, .T. ) ;
#4868 = DIRECTION ( 'NONE',  ( 0.0000000000000000000, 0.0000000000000000000, 1.000000000000000000 ) ) ;
#4869 = CARTESIAN_POINT ( 'NONE',  ( 2.166666666666659857, 3.000000000000000000, -0.6400000000000000133 ) ) ;
#4870 = PRODUCT_DEFINITION_FORMATION_WITH_SPECIFIED_SOURCE ( 'ANY', '', #2264, .NOT_KNOWN. ) ;
#4871 = VECTOR ( 'NONE', #4751, 1000.000000000000000 ) ;
#4872 = CARTESIAN_POINT ( 'NONE',  ( -3.510000000000000231, 13.40000000000000036, 2.949999999999999734 ) ) ;
#4873 = CARTESIAN_POINT ( 'NONE',  ( 0.8199999999999999512, 13.40000000000000036, -1.909999999999999920 ) ) ;
#4874 = EDGE_CURVE ( 'NONE', #2811, #2313, #703, .T. ) ;
#4875 = ORIENTED_EDGE ( 'NONE', *, *, #6528, .T. ) ;
#4876 = AXIS2_PLACEMENT_3D ( 'NONE', #2683, #4460, #6644 ) ;
#4877 = LINE ( 'NONE', #6482, #182 ) ;
#4878 = APPLICATION_PROTOCOL_DEFINITION ( 'draft international standard', 'automotive_design', 1998, #650 ) ;
#4879 = CARTESIAN_POINT ( 'NONE',  ( -1.820000000000000062, 2.200000000000000178, -3.657157890324955307 ) ) ;
#4880 = DIRECTION ( 'NONE',  ( 0.0000000000000000000, -1.000000000000000000, 0.0000000000000000000 ) ) ;
#4881 = LINE ( 'NONE', #2088, #3314 ) ;
#4882 = EDGE_CURVE ( 'NONE', #3948, #4323, #3493, .T. ) ;
#4883 = EDGE_CURVE ( 'NONE', #1581, #3868, #4160, .T. ) ;
#4884 = CARTESIAN_POINT ( 'NONE',  ( -2.909999999999999698, 12.59999999999999964, 0.0000000000000000000 ) ) ;
#4885 = ORIENTED_EDGE ( 'NONE', *, *, #5677, .F. ) ;
#4886 = DIRECTION ( 'NONE',  ( 0.0000000000000000000, 0.0000000000000000000, -1.000000000000000000 ) ) ;
#4887 = ORIENTED_EDGE ( 'NONE', *, *, #5059, .F. ) ;
#4888 = DIRECTION ( 'NONE',  ( 1.000000000000000000, 0.0000000000000000000, 0.0000000000000000000 ) ) ;
#4889 = CARTESIAN_POINT ( 'NONE',  ( -3.959999999999999964, 0.0000000000000000000, 4.299999999999999822 ) ) ;
#4890 = CARTESIAN_POINT ( 'NONE',  ( 0.02563462531364100322, 1.325827804174342095, 0.6400000000000000133 ) ) ;
#4891 = CARTESIAN_POINT ( 'NONE',  ( 1.481621196777171967, 2.936081862405050202, -0.6400000000000000133 ) ) ;
#4892 = EDGE_CURVE ( 'NONE', #333, #7179, #4043, .T. ) ;
#4893 = ORIENTED_EDGE ( 'NONE', *, *, #2714, .T. ) ;
#4894 = CARTESIAN_POINT ( 'NONE',  ( 1.279999999999998694, 0.8333333333333348136, -0.6400000000000001243 ) ) ;
#4895 = DIRECTION ( 'NONE',  ( 0.0000000000000000000, 1.000000000000000000, 0.0000000000000000000 ) ) ;
#4896 = LINE ( 'NONE', #497, #3006 ) ;
#4897 = DIRECTION ( 'NONE',  ( 5.697340647455880092E-65, -1.867108438696574904E-33, 1.000000000000000000 ) ) ;
#4898 = ORIENTED_EDGE ( 'NONE', *, *, #2607, .F. ) ;
#4899 = ORIENTED_EDGE ( 'NONE', *, *, #6969, .T. ) ;
#4900 = CARTESIAN_POINT ( 'NONE',  ( -1.279999999999998694, 0.5833333333333317050, -0.6400000000000001243 ) ) ;
#4901 = FACE_OUTER_BOUND ( 'NONE', #4039, .T. ) ;
#4902 = CARTESIAN_POINT ( 'NONE',  ( 1.279999999999998694, 0.5833333333333347026, 0.6400000000000001243 ) ) ;
#4903 = LINE ( 'NONE', #7131, #1610 ) ;
#4904 = DIRECTION ( 'NONE',  ( 0.0000000000000000000, 0.0000000000000000000, -1.000000000000000000 ) ) ;
#4905 = EDGE_LOOP ( 'NONE', ( #7074, #3976, #5011, #4722, #4947 ) ) ;
#4906 = DIRECTION ( 'NONE',  ( 1.000000000000000000, 0.0000000000000000000, 0.0000000000000000000 ) ) ;
#4907 = ORIENTED_EDGE ( 'NONE', *, *, #1715, .T. ) ;
#4908 = CARTESIAN_POINT ( 'NONE',  ( 2.000000000000000000, 3.000000000000000000, 0.0000000000000000000 ) ) ;
#4909 = DIRECTION ( 'NONE',  ( 1.000000000000000000, 0.0000000000000000000, 0.0000000000000000000 ) ) ;
#4910 = DIRECTION ( 'NONE',  ( 0.0000000000000000000, 0.0000000000000000000, -1.000000000000000000 ) ) ;
#4911 = DIRECTION ( 'NONE',  ( -6.914672651895809708E-32, 1.000000000000000000, 1.913297951445009840E-16 ) ) ;
#4912 =( NAMED_UNIT ( * ) PLANE_ANGLE_UNIT ( ) SI_UNIT ( $, .RADIAN. ) );
#4913 = LINE ( 'NONE', #6707, #2503 ) ;
#4914 = ORIENTED_EDGE ( 'NONE', *, *, #6037, .T. ) ;
#4915 = CARTESIAN_POINT ( 'NONE',  ( 2.609999999999999876, 13.40000000000000036, 4.850000000000000533 ) ) ;
#4916 = ORIENTED_EDGE ( 'NONE', *, *, #5149, .T. ) ;
#4917 = EDGE_CURVE ( 'NONE', #7187, #4779, #4047, .T. ) ;
#4918 = CARTESIAN_POINT ( 'NONE',  ( 0.5699999999999999512, -2.700000000000000178, 0.5699999999999999512 ) ) ;
#4919 = PLANE ( 'NONE',  #6114 ) ;
#4920 = EDGE_CURVE ( 'NONE', #2774, #3905, #5190, .T. ) ;
#4921 = EDGE_CURVE ( 'NONE', #2758, #628, #4714, .T. ) ;
#4922 = AXIS2_PLACEMENT_3D ( 'NONE', #6744, #6849, #5192 ) ;
#4923 = CARTESIAN_POINT ( 'NONE',  ( -0.8199999999999999512, 8.224999999999999645, -2.409999999999999698 ) ) ;
#4924 = CARTESIAN_POINT ( 'NONE',  ( 0.0000000000000000000, 0.8333333333333369231, 0.6400000000000000133 ) ) ;
#4925 = CARTESIAN_POINT ( 'NONE',  ( 2.208333333333345916, 1.720000000000000639, -0.6400000000000001243 ) ) ;
#4926 = ORIENTED_EDGE ( 'NONE', *, *, #2607, .T. ) ;
#4927 = AXIS2_PLACEMENT_3D ( 'NONE', #3873, #4535, #6716 ) ;
#4928 = DIRECTION ( 'NONE',  ( 0.0000000000000000000, 1.000000000000000000, 0.0000000000000000000 ) ) ;
#4929 = VERTEX_POINT ( 'NONE', #422 ) ;
#4930 = EDGE_CURVE ( 'NONE', #2709, #1907, #959, .T. ) ;
#4931 = ORIENTED_EDGE ( 'NONE', *, *, #4082, .F. ) ;
#4932 = LINE ( 'NONE', #459, #3586 ) ;
#4933 = VECTOR ( 'NONE', #6824, 1000.000000000000000 ) ;
#4934 = CARTESIAN_POINT ( 'NONE',  ( -3.959999999999999964, 3.200000000000000178, 8.673617379884030542E-16 ) ) ;
#4935 = CARTESIAN_POINT ( 'NONE',  ( 1.409999999999999920, 1.000000000000000000, 0.5699999999999999512 ) ) ;
#4936 = CARTESIAN_POINT ( 'NONE',  ( 2.550000000000000266, 3.200000000000000178, -0.5699999999999999512 ) ) ;
#4937 = ORIENTED_EDGE ( 'NONE', *, *, #6265, .F. ) ;
#4938 = STYLED_ITEM ( 'NONE', ( #5914 ), #1034 ) ;
#4939 = CARTESIAN_POINT ( 'NONE',  ( 2.166666666666659857, 3.000000000000000000, 0.6400000000000000133 ) ) ;
#4940 = CARTESIAN_POINT ( 'NONE',  ( -1.274729725819581772, 1.214598144441489724, -0.6400000000000001243 ) ) ;
#4941 = LINE ( 'NONE', #6077, #6485 ) ;
#4942 = CARTESIAN_POINT ( 'NONE',  ( 2.745000000000000107, 0.2999999999999999889, -3.840000000000000302 ) ) ;
#4943 = VECTOR ( 'NONE', #5954, 1000.000000000000000 ) ;
#4944 = VECTOR ( 'NONE', #2822, 1000.000000000000000 ) ;
#4945 = ORIENTED_EDGE ( 'NONE', *, *, #3918, .F. ) ;
#4946 = DIRECTION ( 'NONE',  ( 1.000000000000000000, 0.0000000000000000000, 0.0000000000000000000 ) ) ;
#4947 = ORIENTED_EDGE ( 'NONE', *, *, #5589, .F. ) ;
#4948 = CONTEXT_DEPENDENT_SHAPE_REPRESENTATION ( #609, #1197 ) ;
#4949 = DIRECTION ( 'NONE',  ( 0.0000000000000000000, -1.000000000000000000, 0.0000000000000000000 ) ) ;
#4950 = PLANE ( 'NONE',  #140 ) ;
#4951 = EDGE_CURVE ( 'NONE', #167, #3693, #4181, .T. ) ;
#4952 = CARTESIAN_POINT ( 'NONE',  ( 2.041666584331814693, 3.000005208292495062, 0.6400000000000000133 ) ) ;
#4953 = ORIENTED_EDGE ( 'NONE', *, *, #7016, .F. ) ;
#4954 = DIRECTION ( 'NONE',  ( 0.0000000000000000000, 1.000000000000000000, 0.0000000000000000000 ) ) ;
#4955 = PLANE ( 'NONE',  #2289 ) ;
#4956 = AXIS2_PLACEMENT_3D ( 'NONE', #2321, #2827, #75 ) ;
#4957 = LINE ( 'NONE', #4889, #2793 ) ;
#4958 = CARTESIAN_POINT ( 'NONE',  ( 2.833333333333289517, 3.000000000000000000, 0.6400000000000000133 ) ) ;
#4959 = EDGE_CURVE ( 'NONE', #4466, #5179, #2545, .T. ) ;
#4960 = ADVANCED_FACE ( 'NONE', ( #1522 ), #4292, .T. ) ;
#4961 = CARTESIAN_POINT ( 'NONE',  ( -1.279999999999998694, 0.3333333333333334259, -0.6400000000000001243 ) ) ;
#4962 = VECTOR ( 'NONE', #4086, 1000.000000000000000 ) ;
#4963 = ORIENTED_EDGE ( 'NONE', *, *, #1447, .T. ) ;
#4964 = LINE ( 'NONE', #592, #293 ) ;
#4965 = ORIENTED_EDGE ( 'NONE', *, *, #5458, .T. ) ;
#4966 = CARTESIAN_POINT ( 'NONE',  ( 1.279999999999998694, 0.0000000000000000000, -0.6400000000000001243 ) ) ;
#4967 = AXIS2_PLACEMENT_3D ( 'NONE', #6402, #1997, #4681 ) ;
#4968 = LINE ( 'NONE', #2760, #6375 ) ;
#4969 = LINE ( 'NONE', #6032, #4129 ) ;
#4970 = DIRECTION ( 'NONE',  ( 1.000000000000000000, 0.0000000000000000000, 1.141265444721584103E-15 ) ) ;
#4971 = ADVANCED_FACE ( 'NONE', ( #4826 ), #5957, .F. ) ;
#4972 = EDGE_CURVE ( 'NONE', #6230, #2109, #7093, .T. ) ;
#4973 = DIRECTION ( 'NONE',  ( 1.000000000000000000, 0.0000000000000000000, 0.0000000000000000000 ) ) ;
#4974 = ORIENTED_EDGE ( 'NONE', *, *, #4306, .F. ) ;
#4975 = LINE ( 'NONE', #5847, #994 ) ;
#4976 = EDGE_LOOP ( 'NONE', ( #1063, #1207, #560, #6727, #5935, #3274, #1472, #840 ) ) ;
#4977 = VECTOR ( 'NONE', #7168, 1000.000000000000000 ) ;
#4978 = CARTESIAN_POINT ( 'NONE',  ( 3.333333333333429849, 3.000000000000000000, 0.6400000000000000133 ) ) ;
#4979 = CARTESIAN_POINT ( 'NONE',  ( 3.333333333333423187, 1.720000000000000639, -0.6400000000000001243 ) ) ;
#4980 = CARTESIAN_POINT ( 'NONE',  ( -1.820000000000000062, 2.712842109675049684, -5.110000000000000320 ) ) ;
#4981 = CIRCLE ( 'NONE', #774, 0.2000000000000000944 ) ;
#4982 = VECTOR ( 'NONE', #2186, 1000.000000000000000 ) ;
#4983 = LINE ( 'NONE', #4372, #201 ) ;
#4984 = PRODUCT ( '\X2\9ed17ebf\X0\.STEP', '\X2\9ed17ebf\X0\.STEP', '', ( #3093 ) ) ;
#4985 = EDGE_CURVE ( 'NONE', #5546, #3531, #1957, .T. ) ;
#4986 = VERTEX_POINT ( 'NONE', #807 ) ;
#4987 = LINE ( 'NONE', #929, #625 ) ;
#4988 =( GEOMETRIC_REPRESENTATION_CONTEXT ( 3 ) GLOBAL_UNCERTAINTY_ASSIGNED_CONTEXT ( ( #5656 ) ) GLOBAL_UNIT_ASSIGNED_CONTEXT ( ( #1451, #6597, #4266 ) ) REPRESENTATION_CONTEXT ( 'NONE', 'WORKASPACE' ) );
#4989 = VECTOR ( 'NONE', #1190, 1000.000000000000000 ) ;
#4990 = PLANE ( 'NONE',  #4119 ) ;
#4991 = CARTESIAN_POINT ( 'NONE',  ( 2.550000000000000266, -4.336808689942014778E-16, -0.5699999999999999512 ) ) ;
#4992 = VECTOR ( 'NONE', #5144, 1000.000000000000000 ) ;
#4993 = CARTESIAN_POINT ( 'NONE',  ( 2.416666666666674956, 3.000000000000000000, 0.6400000000000000133 ) ) ;
#4994 = ORIENTED_EDGE ( 'NONE', *, *, #3000, .F. ) ;
#4995 = PLANE ( 'NONE',  #2068 ) ;
#4996 = VERTEX_POINT ( 'NONE', #4331 ) ;
#4997 = CARTESIAN_POINT ( 'NONE',  ( -1.409999999999999920, 1.000000000000000000, 0.5699999999999999512 ) ) ;
#4998 =( GEOMETRIC_REPRESENTATION_CONTEXT ( 3 ) GLOBAL_UNCERTAINTY_ASSIGNED_CONTEXT ( ( #3402 ) ) GLOBAL_UNIT_ASSIGNED_CONTEXT ( ( #5491, #4912, #7139 ) ) REPRESENTATION_CONTEXT ( 'NONE', 'WORKASPACE' ) );
#4999 = DIRECTION ( 'NONE',  ( 1.000000000000000000, 0.0000000000000000000, 0.0000000000000000000 ) ) ;
#5000 = LINE ( 'NONE', #1789, #389 ) ;
#5001 = EDGE_LOOP ( 'NONE', ( #5069, #5064, #5756, #6390 ) ) ;
#5002 = CLOSED_SHELL ( 'NONE', ( #2325, #2850, #5892, #1587, #5089, #1663, #6845, #964, #4971, #2191, #2034, #7163, #6627, #6966, #564, #4080, #1590, #4125, #1989, #556, #1857, #1726, #4960, #5194, #2935, #4580, #2233, #601, #1891, #2388, #5140, #5821, #5355, #1638, #4081, #1859, #1756, #526, #5956, #1395, #3450, #1766, #3987, #860, #4355, #5678, #3116, #4489, #1059, #420, #2241, #6881, #5417, #653, #1765, #281, #4343, #5024, #1364, #6880, #1054, #5217, #6184, #3458, #1271, #4665, #1816, #5991, #6166, #2571, #2668, #1415, #5631, #5307, #6056, #6403, #6569, #1506, #2438, #2201, #4166, #478, #6433, #766, #1229, #738, #5854, #3151, #1356, #3888, #2180, #3279, #4367, #4532, #2130, #2665, #4178, #423, #3588, #1947, #2883 ) ) ;
#5003 = CARTESIAN_POINT ( 'NONE',  ( -1.175174254344260261, 1.850141237285419571, -0.6400000000000001243 ) ) ;
#5004 = FACE_OUTER_BOUND ( 'NONE', #6499, .T. ) ;
#5005 = ORIENTED_EDGE ( 'NONE', *, *, #816, .T. ) ;
#5006 = ORIENTED_EDGE ( 'NONE', *, *, #3347, .T. ) ;
#5007 = AXIS2_PLACEMENT_3D ( 'NONE', #4155, #934, #3136 ) ;
#5008 = CARTESIAN_POINT ( 'NONE',  ( 4.000000000000000000, 3.000000000000000000, -0.6400000000000000133 ) ) ;
#5009 = CARTESIAN_POINT ( 'NONE',  ( 0.01603036157317479921, 1.261041869093620038, 0.6400000000000000133 ) ) ;
#5010 = CARTESIAN_POINT ( 'NONE',  ( 0.0000000000000000000, 0.8333333333333369231, 0.6400000000000000133 ) ) ;
#5011 = ORIENTED_EDGE ( 'NONE', *, *, #3060, .T. ) ;
#5012 = FILL_AREA_STYLE ('',( #3486 ) ) ;
#5013 = ORIENTED_EDGE ( 'NONE', *, *, #62, .T. ) ;
#5014 = ADVANCED_FACE ( 'NONE', ( #7050 ), #6544, .T. ) ;
#5015 = CARTESIAN_POINT ( 'NONE',  ( 1.785401855558534034, 4.274729725819588211, 0.6400000000000001243 ) ) ;
#5016 = ADVANCED_FACE ( 'NONE', ( #4755, #3162 ), #3046, .F. ) ;
#5017 = DIRECTION ( 'NONE',  ( -3.242291330675305001E-16, 0.0000000000000000000, 1.000000000000000000 ) ) ;
#5018 = DIRECTION ( 'NONE',  ( 0.0000000000000000000, 0.0000000000000000000, -1.000000000000000000 ) ) ;
#5019 = DIRECTION ( 'NONE',  ( 0.0000000000000000000, 0.0000000000000000000, 1.000000000000000000 ) ) ;
#5020 = ORIENTED_EDGE ( 'NONE', *, *, #5407, .F. ) ;
#5021 = ORIENTED_EDGE ( 'NONE', *, *, #3863, .T. ) ;
#5022 = DIRECTION ( 'NONE',  ( 1.000000000000000000, 0.0000000000000000000, 0.0000000000000000000 ) ) ;
#5023 = FACE_OUTER_BOUND ( 'NONE', #5215, .T. ) ;
#5024 = ADVANCED_FACE ( 'NONE', ( #2505 ), #3082, .F. ) ;
#5025 = PLANE ( 'NONE',  #507 ) ;
#5026 = DIRECTION ( 'NONE',  ( 0.0000000000000000000, 0.0000000000000000000, 1.000000000000000000 ) ) ;
#5027 = ORIENTED_EDGE ( 'NONE', *, *, #1006, .T. ) ;
#5028 = CARTESIAN_POINT ( 'NONE',  ( 3.510000000000000231, 0.0000000000000000000, 3.850000000000000089 ) ) ;
#5029 = EDGE_LOOP ( 'NONE', ( #3790, #4652, #2019, #1199 ) ) ;
#5030 = FACE_OUTER_BOUND ( 'NONE', #951, .T. ) ;
#5031 = DIRECTION ( 'NONE',  ( 0.0000000000000000000, 0.0000000000000000000, 1.000000000000000000 ) ) ;
#5032 = FACE_OUTER_BOUND ( 'NONE', #4678, .T. ) ;
#5033 = CARTESIAN_POINT ( 'NONE',  ( -1.279999999999998694, 0.0000000000000000000, -0.6400000000000001243 ) ) ;
#5034 = EDGE_LOOP ( 'NONE', ( #3036, #5513 ) ) ;
#5035 = CARTESIAN_POINT ( 'NONE',  ( -3.959999999999999964, 0.0000000000000000000, 8.673617379884030542E-16 ) ) ;
#5036 = VERTEX_POINT ( 'NONE', #6980 ) ;
#5037 = ORIENTED_EDGE ( 'NONE', *, *, #3898, .F. ) ;
#5038 = CARTESIAN_POINT ( 'NONE',  ( 0.003213581817323174928, 1.130852527098471949, -0.6400000000000000133 ) ) ;
#5039 = CARTESIAN_POINT ( 'NONE',  ( 0.0000000000000000000, 0.0000000000000000000, 0.0000000000000000000 ) ) ;
#5040 = CARTESIAN_POINT ( 'NONE',  ( 2.833333333333289517, 3.000000000000000000, 0.6400000000000000133 ) ) ;
#5041 = ORIENTED_EDGE ( 'NONE', *, *, #2401, .F. ) ;
#5042 = CARTESIAN_POINT ( 'NONE',  ( 2.083333333333340143, 4.279999999999995808, -0.6400000000000001243 ) ) ;
#5043 = DIRECTION ( 'NONE',  ( 0.0000000000000000000, 1.000000000000000000, 0.0000000000000000000 ) ) ;
#5044 = LINE ( 'NONE', #6734, #2857 ) ;
#5045 = DIRECTION ( 'NONE',  ( 1.000000000000000000, 0.0000000000000000000, 0.0000000000000000000 ) ) ;
#5046 = ORIENTED_EDGE ( 'NONE', *, *, #1403, .T. ) ;
#5047 = DIRECTION ( 'NONE',  ( 9.510545372679868754E-17, 0.0000000000000000000, 1.000000000000000000 ) ) ;
#5048 = VECTOR ( 'NONE', #4833, 1000.000000000000000 ) ;
#5049 = ADVANCED_FACE ( 'NONE', ( #1437 ), #2074, .F. ) ;
#5050 = ORIENTED_EDGE ( 'NONE', *, *, #4827, .F. ) ;
#5051 = AXIS2_PLACEMENT_3D ( 'NONE', #7068, #6446, #358 ) ;
#5052 = EDGE_CURVE ( 'NONE', #1664, #3258, #883, .T. ) ;
#5053 = EDGE_CURVE ( 'NONE', #1907, #499, #7013, .T. ) ;
#5054 = DIRECTION ( 'NONE',  ( 1.000000000000000000, 0.0000000000000000000, 8.673617379884060124E-16 ) ) ;
#5055 = DIRECTION ( 'NONE',  ( -0.0000000000000000000, 1.000000000000000000, 0.0000000000000000000 ) ) ;
#5056 = VECTOR ( 'NONE', #2158, 1000.000000000000000 ) ;
#5057 = VECTOR ( 'NONE', #4850, 1000.000000000000000 ) ;
#5058 = DIRECTION ( 'NONE',  ( 0.0000000000000000000, 0.0000000000000000000, 1.000000000000000000 ) ) ;
#5059 = EDGE_CURVE ( 'NONE', #3485, #3499, #6471, .T. ) ;
#5060 = CARTESIAN_POINT ( 'NONE',  ( -1.820000000000000062, 5.599999999999999645, -1.909999999999999920 ) ) ;
#5061 = ORIENTED_EDGE ( 'NONE', *, *, #2517, .F. ) ;
#5062 = TOROIDAL_SURFACE ( 'NONE', #1921, 2.000000000000000000, 0.6500000000000000222 ) ;
#5063 = FACE_OUTER_BOUND ( 'NONE', #5289, .T. ) ;
#5064 = ORIENTED_EDGE ( 'NONE', *, *, #639, .F. ) ;
#5065 = DIRECTION ( 'NONE',  ( -1.000000000000000000, 0.0000000000000000000, 0.0000000000000000000 ) ) ;
#5066 = DIRECTION ( 'NONE',  ( -1.387778780781445922E-16, 0.0000000000000000000, 1.000000000000000000 ) ) ;
#5067 = CIRCLE ( 'NONE', #4026, 0.2000000000000000944 ) ;
#5068 = CARTESIAN_POINT ( 'NONE',  ( 2.083333333333345028, 3.000000000000000000, -0.6400000000000000133 ) ) ;
#5069 = ORIENTED_EDGE ( 'NONE', *, *, #3240, .F. ) ;
#5070 = CARTESIAN_POINT ( 'NONE',  ( -3.959999999999999964, 0.2999999999999999889, -3.290000000000000036 ) ) ;
#5071 = ORIENTED_EDGE ( 'NONE', *, *, #6086, .T. ) ;
#5072 = CIRCLE ( 'NONE', #2184, 0.6500000000000000222 ) ;
#5073 = CARTESIAN_POINT ( 'NONE',  ( 0.7709058284417820150, 2.599332953187969864, -0.6400000000000000133 ) ) ;
#5074 = CARTESIAN_POINT ( 'NONE',  ( -1.820000000000000062, 6.779999999999999361, -3.660000000000000142 ) ) ;
#5075 = LINE ( 'NONE', #3957, #1626 ) ;
#5076 =( LENGTH_UNIT ( ) NAMED_UNIT ( * ) SI_UNIT ( .MILLI., .METRE. ) );
#5077 = ORIENTED_EDGE ( 'NONE', *, *, #641, .T. ) ;
#5078 = CARTESIAN_POINT ( 'NONE',  ( -3.459999999999999964, 0.0000000000000000000, -1.500000000000000000 ) ) ;
#5079 = VECTOR ( 'NONE', #1230, 1000.000000000000000 ) ;
#5080 = CARTESIAN_POINT ( 'NONE',  ( 0.4830508474576289957, -2.989830508474564663, 0.4830508474576289957 ) ) ;
#5081 = FILL_AREA_STYLE_COLOUR ( '', #4240 ) ;
#5082 = CARTESIAN_POINT ( 'NONE',  ( 4.000000000000000000, 3.000000000000000000, 0.0000000000000000000 ) ) ;
#5083 = DIRECTION ( 'NONE',  ( 0.0000000000000000000, 1.000000000000000000, 0.0000000000000000000 ) ) ;
#5084 = CIRCLE ( 'NONE', #5777, 1.149999999999999911 ) ;
#5085 = LINE ( 'NONE', #3596, #7175 ) ;
#5086 = CARTESIAN_POINT ( 'NONE',  ( -5.421010862427519705E-17, 0.8333333333333369231, 0.6400000000000000133 ) ) ;
#5087 = CARTESIAN_POINT ( 'NONE',  ( -0.8199999999999999512, 1.251646398047192132, -3.660000000000000142 ) ) ;
#5088 = AXIS2_PLACEMENT_3D ( 'NONE', #1049, #5371, #2662 ) ;
#5089 = ADVANCED_FACE ( 'NONE', ( #5258 ), #266, .F. ) ;
#5090 = DIRECTION ( 'NONE',  ( 0.0000000000000000000, 0.0000000000000000000, 1.000000000000000000 ) ) ;
#5091 = CARTESIAN_POINT ( 'NONE',  ( -1.175174254344260261, 1.850141237285419571, 0.6400000000000001243 ) ) ;
#5092 = COLOUR_RGB ( '',1.000000000000000000, 1.000000000000000000, 1.000000000000000000 ) ;
#5093 = CARTESIAN_POINT ( 'NONE',  ( -2.850000000000000089, 0.0000000000000000000, -0.8699999999999999956 ) ) ;
#5094 = CIRCLE ( 'NONE', #3831, 0.2999999999999999334 ) ;
#5095 = EDGE_LOOP ( 'NONE', ( #1138, #1783, #4667, #5325, #3811, #2995, #782, #2735, #4161, #930, #5501, #3983 ) ) ;
#5096 = CARTESIAN_POINT ( 'NONE',  ( 2.000000000000000000, 3.000000000000000000, 0.6500000000000000222 ) ) ;
#5097 = ORIENTED_EDGE ( 'NONE', *, *, #3898, .T. ) ;
#5098 = DIRECTION ( 'NONE',  ( 0.0000000000000000000, -1.000000000000000000, 0.0000000000000000000 ) ) ;
#5099 = ADVANCED_FACE ( 'NONE', ( #5230 ), #4791, .F. ) ;
#5100 = EDGE_CURVE ( 'NONE', #3948, #2907, #5841, .T. ) ;
#5101 = DIRECTION ( 'NONE',  ( 0.0000000000000000000, 1.000000000000000000, 0.0000000000000000000 ) ) ;
#5102 = DIRECTION ( 'NONE',  ( 5.697340647455880092E-65, -1.867108438696574904E-33, 1.000000000000000000 ) ) ;
#5103 = VECTOR ( 'NONE', #735, 1000.000000000000000 ) ;
#5104 = CARTESIAN_POINT ( 'NONE',  ( -1.279986582886592394, 1.086393585870359280, -0.6400000000000001243 ) ) ;
#5105 = VERTEX_POINT ( 'NONE', #5193 ) ;
#5106 = DIRECTION ( 'NONE',  ( -5.782411586589360597E-16, 0.0000000000000000000, 1.000000000000000000 ) ) ;
#5107 = ORIENTED_EDGE ( 'NONE', *, *, #5319, .T. ) ;
#5108 = ORIENTED_EDGE ( 'NONE', *, *, #2675, .T. ) ;
#5109 = EDGE_CURVE ( 'NONE', #1331, #6821, #436, .T. ) ;
#5110 = CARTESIAN_POINT ( 'NONE',  ( 0.01603036157317504554, 1.261041869093620038, -0.6400000000000000133 ) ) ;
#5111 = CARTESIAN_POINT ( 'NONE',  ( -1.820000000000000062, 13.40000000000000036, -2.409999999999999698 ) ) ;
#5112 = CARTESIAN_POINT ( 'NONE',  ( 1.355663587197480036, 2.897891519671150107, 0.6400000000000000133 ) ) ;
#5113 = VERTEX_POINT ( 'NONE', #2510 ) ;
#5114 = DIRECTION ( 'NONE',  ( -3.336006684570780143E-16, -1.000000000000000000, 1.867108438696564983E-33 ) ) ;
#5115 = CARTESIAN_POINT ( 'NONE',  ( -1.237959214485630621, 1.534357598845912829, 0.6400000000000001243 ) ) ;
#5116 = LINE ( 'NONE', #16, #771 ) ;
#5117 = SURFACE_STYLE_FILL_AREA ( #5735 ) ;
#5118 = FACE_OUTER_BOUND ( 'NONE', #2139, .T. ) ;
#5119 = DIRECTION ( 'NONE',  ( 1.000000000000000000, 0.0000000000000000000, 0.0000000000000000000 ) ) ;
#5120 = ORIENTED_EDGE ( 'NONE', *, *, #3097, .F. ) ;
#5121 = LINE ( 'NONE', #2941, #3574 ) ;
#5122 = CARTESIAN_POINT ( 'NONE',  ( -5.208292492436559980E-06, 0.9583334156682049576, 0.6400000000000000133 ) ) ;
#5123 = LINE ( 'NONE', #6189, #4350 ) ;
#5124 = DIRECTION ( 'NONE',  ( 1.000000000000000000, 0.0000000000000000000, 0.0000000000000000000 ) ) ;
#5125 = CARTESIAN_POINT ( 'NONE',  ( 0.9432882830038659128, 4.112542092260667026, 0.6400000000000001243 ) ) ;
#5126 = VERTEX_POINT ( 'NONE', #886 ) ;
#5127 = ORIENTED_EDGE ( 'NONE', *, *, #3666, .F. ) ;
#5128 = CARTESIAN_POINT ( 'NONE',  ( -2.880000000000000338, 0.0000000000000000000, 3.850000000000000089 ) ) ;
#5129 = VERTEX_POINT ( 'NONE', #232 ) ;
#5130 = DIRECTION ( 'NONE',  ( 0.0000000000000000000, 0.0000000000000000000, -1.000000000000000000 ) ) ;
#5131 = CARTESIAN_POINT ( 'NONE',  ( 3.666666666667149688, 4.279999999999995808, 0.6400000000000001243 ) ) ;
#5132 = VERTEX_POINT ( 'NONE', #1370 ) ;
#5133 = EDGE_CURVE ( 'NONE', #7198, #804, #6909, .T. ) ;
#5134 = DIRECTION ( 'NONE',  ( 0.0000000000000000000, 0.0000000000000000000, -1.000000000000000000 ) ) ;
#5135 = ADVANCED_FACE ( 'NONE', ( #5741 ), #3049, .T. ) ;
#5136 = CARTESIAN_POINT ( 'NONE',  ( 0.2525058442745780063, 2.007427768585499983, -0.6400000000000000133 ) ) ;
#5137 = CARTESIAN_POINT ( 'NONE',  ( 2.333333333333300175, 3.000000000000000000, 0.6400000000000000133 ) ) ;
#5138 = CARTESIAN_POINT ( 'NONE',  ( 1.279999999999998694, 0.5833333333333347026, -0.6400000000000001243 ) ) ;
#5139 = VERTEX_POINT ( 'NONE', #6365 ) ;
#5140 = ADVANCED_FACE ( 'NONE', ( #347 ), #307, .T. ) ;
#5141 = CARTESIAN_POINT ( 'NONE',  ( -3.959999999999999964, 0.2999999999999999889, -3.290000000000000036 ) ) ;
#5142 = PLANE ( 'NONE',  #5507 ) ;
#5143 = CARTESIAN_POINT ( 'NONE',  ( 0.9432882830038659128, 4.112542092260667026, 0.6400000000000001243 ) ) ;
#5144 = DIRECTION ( 'NONE',  ( 1.000000000000000000, 0.0000000000000000000, 0.0000000000000000000 ) ) ;
#5145 = CARTESIAN_POINT ( 'NONE',  ( 5.421010862427519705E-17, 0.6666666666666680729, -0.6400000000000000133 ) ) ;
#5146 = AXIS2_PLACEMENT_3D ( 'NONE', #819, #1124, #5530 ) ;
#5147 = DIRECTION ( 'NONE',  ( -1.000000000000000000, 0.0000000000000000000, 0.0000000000000000000 ) ) ;
#5148 = DIRECTION ( 'NONE',  ( -0.2873478855663425535, 0.9578262852211522071, 0.0000000000000000000 ) ) ;
#5149 = EDGE_CURVE ( 'NONE', #6891, #1838, #5891, .T. ) ;
#5150 = AXIS2_PLACEMENT_3D ( 'NONE', #6234, #5102, #554 ) ;
#5151 = DIRECTION ( 'NONE',  ( -1.000000000000000000, 0.0000000000000000000, 0.0000000000000000000 ) ) ;
#5152 = CARTESIAN_POINT ( 'NONE',  ( 2.041666584331814693, 3.000005208292495062, 0.6400000000000000133 ) ) ;
#5153 = CARTESIAN_POINT ( 'NONE',  ( 0.5000000000000000000, 12.37975568869732079, -4.597157890324970353 ) ) ;
#5154 = DIRECTION ( 'NONE',  ( 0.0000000000000000000, 0.0000000000000000000, 1.000000000000000000 ) ) ;
#5155 = CARTESIAN_POINT ( 'NONE',  ( -1.279999999999998694, 0.7916666666666665186, -0.6400000000000001243 ) ) ;
#5156 = VECTOR ( 'NONE', #3137, 1000.000000000000000 ) ;
#5157 = ORIENTED_EDGE ( 'NONE', *, *, #6125, .F. ) ;
#5158 = CARTESIAN_POINT ( 'NONE',  ( -1.820000000000000062, 2.200000000000000178, -3.657157890324955307 ) ) ;
#5159 = VERTEX_POINT ( 'NONE', #6435 ) ;
#5160 = DIRECTION ( 'NONE',  ( 0.0000000000000000000, -1.000000000000000000, 0.0000000000000000000 ) ) ;
#5161 = VERTEX_POINT ( 'NONE', #4758 ) ;
#5162 = FACE_OUTER_BOUND ( 'NONE', #2603, .T. ) ;
#5163 = AXIS2_PLACEMENT_3D ( 'NONE', #5862, #867, #325 ) ;
#5164 = LINE ( 'NONE', #5647, #331 ) ;
#5165 = CARTESIAN_POINT ( 'NONE',  ( 0.4006670468120264728, 2.229094171558219983, 0.6400000000000000133 ) ) ;
#5166 = VECTOR ( 'NONE', #3699, 1000.000000000000000 ) ;
#5167 = AXIS2_PLACEMENT_3D ( 'NONE', #5574, #6672, #7112 ) ;
#5168 = CARTESIAN_POINT ( 'NONE',  ( 1.481621196777171967, 2.936081862405050202, 0.6400000000000000133 ) ) ;
#5169 = ORIENTED_EDGE ( 'NONE', *, *, #6085, .T. ) ;
#5170 = CARTESIAN_POINT ( 'NONE',  ( -1.820000000000000062, 8.224999999999999645, -3.660000000000000142 ) ) ;
#5171 = COLOUR_RGB ( '',0.6941176470588235059, 0.09803921568627450844, 0.09803921568627450844 ) ;
#5172 = CARTESIAN_POINT ( 'NONE',  ( -1.279999999999998694, 0.0000000000000000000, 0.6400000000000001243 ) ) ;
#5173 = EDGE_CURVE ( 'NONE', #4847, #4054, #4078, .T. ) ;
#5174 = CARTESIAN_POINT ( 'NONE',  ( 1.279999999999998694, 0.9166666666666598573, -0.6400000000000001243 ) ) ;
#5175 = CARTESIAN_POINT ( 'NONE',  ( 1.316759052918389239, 1.231961108608907285, 0.6400000000000001243 ) ) ;
#5176 = CIRCLE ( 'NONE', #5414, 0.8500000000000000888 ) ;
#5177 = VERTEX_POINT ( 'NONE', #2979 ) ;
#5178 = CARTESIAN_POINT ( 'NONE',  ( 0.8199999999999999512, 3.649999999999999911, -2.819999999999999840 ) ) ;
#5179 = VERTEX_POINT ( 'NONE', #202 ) ;
#5180 = DIRECTION ( 'NONE',  ( -1.000000000000000000, -1.062943306358337910E-16, 0.0000000000000000000 ) ) ;
#5181 = VERTEX_POINT ( 'NONE', #4108 ) ;
#5182 = VECTOR ( 'NONE', #3360, 1000.000000000000000 ) ;
#5183 = EDGE_CURVE ( 'NONE', #3334, #3369, #810, .T. ) ;
#5184 = DIRECTION ( 'NONE',  ( -1.000000000000000000, -6.914672651895809708E-32, 0.0000000000000000000 ) ) ;
#5185 = EDGE_CURVE ( 'NONE', #4180, #2639, #2442, .T. ) ;
#5186 = CARTESIAN_POINT ( 'NONE',  ( -2.700000000000000178, 9.345660377358489868, -2.289811320754720381 ) ) ;
#5187 = DIRECTION ( 'NONE',  ( -1.000000000000000000, 1.110223024625155924E-16, 0.0000000000000000000 ) ) ;
#5188 = CARTESIAN_POINT ( 'NONE',  ( 0.4006670468120264728, 2.229094171558219983, -0.6400000000000000133 ) ) ;
#5189 = VECTOR ( 'NONE', #1056, 1000.000000000000114 ) ;
#5190 = LINE ( 'NONE', #3782, #4518 ) ;
#5191 = CARTESIAN_POINT ( 'NONE',  ( 1.637326003309222955, 1.629097896061105999, 0.6400000000000001243 ) ) ;
#5192 = DIRECTION ( 'NONE',  ( 1.000000000000000000, -1.376764663473656463E-16, -2.570568921270914463E-49 ) ) ;
#5193 = CARTESIAN_POINT ( 'NONE',  ( -0.8199999999999999512, 5.599999999999999645, -1.909999999999999920 ) ) ;
#5194 = ADVANCED_FACE ( 'NONE', ( #6327 ), #1961, .T. ) ;
#5195 = CARTESIAN_POINT ( 'NONE',  ( 2.416666666666675400, 4.279999999999995808, 0.6400000000000001243 ) ) ;
#5196 = LINE ( 'NONE', #6912, #974 ) ;
#5197 = ORIENTED_EDGE ( 'NONE', *, *, #5452, .F. ) ;
#5198 = ORIENTED_EDGE ( 'NONE', *, *, #3086, .T. ) ;
#5199 = DIRECTION ( 'NONE',  ( -1.000000000000000000, 0.0000000000000000000, 0.0000000000000000000 ) ) ;
#5200 = AXIS2_PLACEMENT_3D ( 'NONE', #1259, #5558, #5017 ) ;
#5201 = CYLINDRICAL_SURFACE ( 'NONE', #637, 1.149999999999999911 ) ;
#5202 =( NAMED_UNIT ( * ) SI_UNIT ( $, .STERADIAN. ) SOLID_ANGLE_UNIT ( ) );
#5203 = FACE_OUTER_BOUND ( 'NONE', #2276, .T. ) ;
#5204 =( GEOMETRIC_REPRESENTATION_CONTEXT ( 3 ) GLOBAL_UNCERTAINTY_ASSIGNED_CONTEXT ( ( #5279 ) ) GLOBAL_UNIT_ASSIGNED_CONTEXT ( ( #2451, #2480, #5202 ) ) REPRESENTATION_CONTEXT ( 'NONE', 'WORKASPACE' ) );
#5205 = VECTOR ( 'NONE', #2624, 1000.000000000000000 ) ;
#5206 = CARTESIAN_POINT ( 'NONE',  ( 0.0000000000000000000, 0.5833333333333329263, 0.6400000000000000133 ) ) ;
#5207 = ORIENTED_EDGE ( 'NONE', *, *, #2755, .F. ) ;
#5208 = CARTESIAN_POINT ( 'NONE',  ( 4.000000000000000000, 3.000000000000000000, 0.0000000000000000000 ) ) ;
#5209 = ORIENTED_EDGE ( 'NONE', *, *, #6967, .F. ) ;
#5210 = COLOUR_RGB ( '',0.7921568627450980005, 0.8196078431372548767, 0.9333333333333333481 ) ;
#5211 = AXIS2_PLACEMENT_3D ( 'NONE', #5293, #1991, #4211 ) ;
#5212 = CARTESIAN_POINT ( 'NONE',  ( 3.333333333333423187, 4.279999999999995808, -0.6400000000000001243 ) ) ;
#5213 = CARTESIAN_POINT ( 'NONE',  ( 1.279999999999998694, 0.7916666666666665186, -0.6400000000000001243 ) ) ;
#5214 = CARTESIAN_POINT ( 'NONE',  ( 1.370902103938838268, 1.362673996690775047, -0.6400000000000001243 ) ) ;
#5215 = EDGE_LOOP ( 'NONE', ( #4227, #5730, #5253, #3256 ) ) ;
#5216 = ORIENTED_EDGE ( 'NONE', *, *, #3996, .T. ) ;
#5217 = ADVANCED_FACE ( 'NONE', ( #3663 ), #844, .F. ) ;
#5218 = VERTEX_POINT ( 'NONE', #6629 ) ;
#5219 = LINE ( 'NONE', #4072, #4285 ) ;
#5220 = SURFACE_STYLE_USAGE ( .BOTH. , #4210 ) ;
#5221 = CARTESIAN_POINT ( 'NONE',  ( 2.909999999999999698, 12.40000000000000036, 3.850000000000000089 ) ) ;
#5222 = CARTESIAN_POINT ( 'NONE',  ( 1.355663587197480036, 2.897891519671150107, -0.6400000000000000133 ) ) ;
#5223 = ORIENTED_EDGE ( 'NONE', *, *, #1137, .F. ) ;
#5224 = EDGE_CURVE ( 'NONE', #6690, #2794, #4941, .T. ) ;
#5225 = EDGE_CURVE ( 'NONE', #1688, #440, #188, .T. ) ;
#5226 = CARTESIAN_POINT ( 'NONE',  ( -2.700000000000000178, 0.2999999999999999889, -2.000000000000000000 ) ) ;
#5227 = EDGE_CURVE ( 'NONE', #3531, #1277, #1633, .T. ) ;
#5228 = CARTESIAN_POINT ( 'NONE',  ( 1.279999999999998694, 0.5833333333333347026, -0.6400000000000001243 ) ) ;
#5229 = DIRECTION ( 'NONE',  ( -0.9826241016603984857, 0.0000000000000000000, -0.1856067747580756044 ) ) ;
#5230 = FACE_OUTER_BOUND ( 'NONE', #3322, .T. ) ;
#5231 = CARTESIAN_POINT ( 'NONE',  ( 0.06391813759496049741, 1.518378803222814932, 0.6400000000000000133 ) ) ;
#5232 = ORIENTED_EDGE ( 'NONE', *, *, #6529, .F. ) ;
#5233 = VERTEX_POINT ( 'NONE', #927 ) ;
#5234 = EDGE_CURVE ( 'NONE', #6958, #4854, #3857, .T. ) ;
#5235 = CARTESIAN_POINT ( 'NONE',  ( 2.000000000000000000, 1.000000000000000000, 0.0000000000000000000 ) ) ;
#5236 = DIRECTION ( 'NONE',  ( 0.0000000000000000000, -0.7785187255724638211, 0.6276213778489598827 ) ) ;
#5237 = DIRECTION ( 'NONE',  ( 0.0000000000000000000, 0.0000000000000000000, 1.000000000000000000 ) ) ;
#5238 = PRESENTATION_STYLE_ASSIGNMENT (( #3026 ) ) ;
#5239 = CARTESIAN_POINT ( 'NONE',  ( -1.279986582886592394, 1.086393585870359280, 0.6400000000000001243 ) ) ;
#5240 = ORIENTED_EDGE ( 'NONE', *, *, #916, .T. ) ;
#5241 = CYLINDRICAL_SURFACE ( 'NONE', #6127, 0.6500000000000000222 ) ;
#5242 = ORIENTED_EDGE ( 'NONE', *, *, #5544, .F. ) ;
#5243 = DIRECTION ( 'NONE',  ( -3.614007241618350250E-16, 0.0000000000000000000, 1.000000000000000000 ) ) ;
#5244 = CARTESIAN_POINT ( 'NONE',  ( 1.913606414129576105, 4.279986582886588842, 0.6400000000000001243 ) ) ;
#5245 = CARTESIAN_POINT ( 'NONE',  ( 2.416666666666674956, 3.000000000000000000, 0.6400000000000000133 ) ) ;
#5246 = CARTESIAN_POINT ( 'NONE',  ( 1.952893090244558039, 1.718843110545767106, 0.6400000000000001243 ) ) ;
#5247 = VERTEX_POINT ( 'NONE', #4831 ) ;
#5248 = DIRECTION ( 'NONE',  ( 1.000000000000000000, -3.870341738045775180E-82, -2.072906778112844930E-49 ) ) ;
#5249 = ORIENTED_EDGE ( 'NONE', *, *, #5721, .T. ) ;
#5250 = VERTEX_POINT ( 'NONE', #5409 ) ;
#5251 = DIRECTION ( 'NONE',  ( 0.0000000000000000000, 0.0000000000000000000, -1.000000000000000000 ) ) ;
#5252 = CARTESIAN_POINT ( 'NONE',  ( -1.790000000000000036, 0.6800000000000000488, 0.1900000000000000022 ) ) ;
#5253 = ORIENTED_EDGE ( 'NONE', *, *, #7192, .T. ) ;
#5254 = DIRECTION ( 'NONE',  ( 1.000000000000000000, -1.833024472948824766E-16, 0.0000000000000000000 ) ) ;
#5255 = CARTESIAN_POINT ( 'NONE',  ( 1.303010529534182282, 1.186616369160203410, -0.6400000000000001243 ) ) ;
#5256 = SHAPE_REPRESENTATION ( 'A3963WV-2P.STEP', ( #2084 ), #5440 ) ;
#5257 = DIRECTION ( 'NONE',  ( 0.0000000000000000000, -0.7071067811865470176, -0.7071067811865480168 ) ) ;
#5258 = FACE_OUTER_BOUND ( 'NONE', #1515, .T. ) ;
#5259 = FACE_OUTER_BOUND ( 'NONE', #830, .T. ) ;
#5260 = EDGE_CURVE ( 'NONE', #3031, #6199, #1080, .T. ) ;
#5261 = EDGE_CURVE ( 'NONE', #1372, #3439, #7071, .T. ) ;
#5262 = CARTESIAN_POINT ( 'NONE',  ( -3.959999999999999964, 9.400000000000000355, 8.673617379884030542E-16 ) ) ;
#5263 = ORIENTED_EDGE ( 'NONE', *, *, #3467, .T. ) ;
#5264 = VECTOR ( 'NONE', #3364, 1000.000000000000000 ) ;
#5265 = CARTESIAN_POINT ( 'NONE',  ( -0.8199999999999999512, 5.700000000000000178, -3.657157890324960192 ) ) ;
#5266 = EDGE_LOOP ( 'NONE', ( #3264, #1903, #1674, #4736 ) ) ;
#5267 = DIRECTION ( 'NONE',  ( 0.0000000000000000000, 0.0000000000000000000, 1.000000000000000000 ) ) ;
#5268 = LINE ( 'NONE', #6409, #5866 ) ;
#5269 = VERTEX_POINT ( 'NONE', #3309 ) ;
#5270 = FILL_AREA_STYLE_COLOUR ( '', #2997 ) ;
#5271 = CARTESIAN_POINT ( 'NONE',  ( 0.0000000000000000000, 0.3333333333333330373, 0.6400000000000000133 ) ) ;
#5272 = EDGE_CURVE ( 'NONE', #3439, #1372, #5896, .T. ) ;
#5273 = EDGE_CURVE ( 'NONE', #6739, #7008, #2117, .T. ) ;
#5274 = CARTESIAN_POINT ( 'NONE',  ( 4.000000000000000000, 4.279999999999995808, 0.6400000000000001243 ) ) ;
#5275 = VECTOR ( 'NONE', #5119, 1000.000000000000000 ) ;
#5276 = ORIENTED_EDGE ( 'NONE', *, *, #4105, .F. ) ;
#5277 = DIRECTION ( 'NONE',  ( 0.0000000000000000000, -1.000000000000000000, 0.0000000000000000000 ) ) ;
#5278 = ORIENTED_EDGE ( 'NONE', *, *, #6145, .F. ) ;
#5279 = UNCERTAINTY_MEASURE_WITH_UNIT (LENGTH_MEASURE( 1.000000000000000082E-05 ), #2451, 'distance_accuracy_value', 'NONE');
#5280 = DIRECTION ( 'NONE',  ( -1.000000000000000000, -1.062943306358337910E-16, 0.0000000000000000000 ) ) ;
#5281 = CARTESIAN_POINT ( 'NONE',  ( 2.208333333333345916, 4.279999999999995808, -0.6400000000000001243 ) ) ;
#5282 = AXIS2_PLACEMENT_3D ( 'NONE', #6209, #2763, #6653 ) ;
#5283 = CARTESIAN_POINT ( 'NONE',  ( 1.952893090244558039, 1.718843110545767106, 0.6400000000000001243 ) ) ;
#5284 = VECTOR ( 'NONE', #5438, 1000.000000000000000 ) ;
#5285 = EDGE_CURVE ( 'NONE', #4376, #3133, #3201, .T. ) ;
#5286 = CARTESIAN_POINT ( 'NONE',  ( 2.208333333333345916, 1.720000000000000639, 0.6400000000000001243 ) ) ;
#5287 = ORIENTED_EDGE ( 'NONE', *, *, #6582, .T. ) ;
#5288 = DIRECTION ( 'NONE',  ( 1.000000000000000000, 0.0000000000000000000, 0.0000000000000000000 ) ) ;
#5289 = EDGE_LOOP ( 'NONE', ( #3019, #6796, #762, #3072 ) ) ;
#5290 = ORIENTED_EDGE ( 'NONE', *, *, #6213, .T. ) ;
#5291 = DIRECTION ( 'NONE',  ( 0.0000000000000000000, -1.000000000000000000, 0.0000000000000000000 ) ) ;
#5292 = CARTESIAN_POINT ( 'NONE',  ( -1.469999999999999973, 13.40000000000000036, 2.949999999999999734 ) ) ;
#5293 = CARTESIAN_POINT ( 'NONE',  ( 3.959999999999999964, 6.299999999999999822, -5.495603971894519156E-16 ) ) ;
#5294 = VERTEX_POINT ( 'NONE', #6041 ) ;
#5295 = DIRECTION ( 'NONE',  ( 0.0000000000000000000, -1.000000000000000000, 0.0000000000000000000 ) ) ;
#5296 = AXIS2_PLACEMENT_3D ( 'NONE', #5170, #3511, #5719 ) ;
#5297 = CARTESIAN_POINT ( 'NONE',  ( 2.833333333333285076, 3.000000000000000000, 0.6400000000000000133 ) ) ;
#5298 = CARTESIAN_POINT ( 'NONE',  ( 0.0000000000000000000, 0.9166666666666608565, 0.6400000000000000133 ) ) ;
#5299 = CARTESIAN_POINT ( 'NONE',  ( 2.700000000000000178, 9.149099173281518560, -3.258200981522350048 ) ) ;
#5300 = DIRECTION ( 'NONE',  ( -1.000000000000000000, 0.0000000000000000000, 0.0000000000000000000 ) ) ;
#5301 = CARTESIAN_POINT ( 'NONE',  ( -1.469999999999999973, 12.40000000000000036, 3.449999999999999734 ) ) ;
#5302 = VECTOR ( 'NONE', #1238, 1000.000000000000000 ) ;
#5303 = EDGE_LOOP ( 'NONE', ( #2010, #710, #148, #5711, #74, #2255, #2577, #1713, #2347, #5242, #1704, #6058 ) ) ;
#5304 = CARTESIAN_POINT ( 'NONE',  ( 2.880000000000000338, 6.299999999999999822, 3.850000000000000089 ) ) ;
#5305 = ORIENTED_EDGE ( 'NONE', *, *, #6661, .T. ) ;
#5306 = FACE_OUTER_BOUND ( 'NONE', #2456, .T. ) ;
#5307 = ADVANCED_FACE ( 'NONE', ( #2772 ), #7018, .F. ) ;
#5308 = CARTESIAN_POINT ( 'NONE',  ( -3.510000000000000231, 12.40000000000000036, -1.110000000000000098 ) ) ;
#5309 = CARTESIAN_POINT ( 'NONE',  ( 0.5000000000000000000, 10.90000000000000036, -4.597157890324970353 ) ) ;
#5310 = AXIS2_PLACEMENT_3D ( 'NONE', #841, #5333, #1556 ) ;
#5311 = FILL_AREA_STYLE ('',( #5270 ) ) ;
#5312 = CARTESIAN_POINT ( 'NONE',  ( 2.000000000000000000, 3.000000000000000000, 0.0000000000000000000 ) ) ;
#5313 = CARTESIAN_POINT ( 'NONE',  ( 2.000000000000000000, 1.000000000000000000, 0.0000000000000000000 ) ) ;
#5314 = ORIENTED_EDGE ( 'NONE', *, *, #2044, .T. ) ;
#5315 = ORIENTED_EDGE ( 'NONE', *, *, #2471, .F. ) ;
#5316 = ADVANCED_FACE ( 'NONE', ( #3277 ), #7054, .T. ) ;
#5317 = LINE ( 'NONE', #1802, #2956 ) ;
#5318 = DIRECTION ( 'NONE',  ( 0.0000000000000000000, 0.0000000000000000000, -1.000000000000000000 ) ) ;
#5319 = EDGE_CURVE ( 'NONE', #6640, #5113, #4332, .T. ) ;
#5320 = LINE ( 'NONE', #1507, #788 ) ;
#5321 = CARTESIAN_POINT ( 'NONE',  ( 1.913606414129576105, 4.279986582886588842, -0.6400000000000001243 ) ) ;
#5322 = VECTOR ( 'NONE', #6078, 1000.000000000000000 ) ;
#5323 = CARTESIAN_POINT ( 'NONE',  ( 1.084202172485503941E-16, 0.1666666666666674901, -0.6400000000000000133 ) ) ;
#5324 = DIRECTION ( 'NONE',  ( -1.000000000000000000, 0.0000000000000000000, 0.0000000000000000000 ) ) ;
#5325 = ORIENTED_EDGE ( 'NONE', *, *, #4449, .T. ) ;
#5326 = AXIS2_PLACEMENT_3D ( 'NONE', #5039, #2327, #6139 ) ;
#5327 = ADVANCED_FACE ( 'NONE', ( #502 ), #555, .T. ) ;
#5328 = ORIENTED_EDGE ( 'NONE', *, *, #3949, .F. ) ;
#5329 = LINE ( 'NONE', #7123, #4982 ) ;
#5330 = CARTESIAN_POINT ( 'NONE',  ( 2.700000000000000178, 0.2999999999999999889, -3.840000000000000302 ) ) ;
#5331 = DIRECTION ( 'NONE',  ( 0.0000000000000000000, 0.0000000000000000000, -1.000000000000000000 ) ) ;
#5332 = ORIENTED_EDGE ( 'NONE', *, *, #4692, .T. ) ;
#5333 = DIRECTION ( 'NONE',  ( 0.0000000000000000000, -0.2873478855663425535, 0.9578262852211522071 ) ) ;
#5334 = VECTOR ( 'NONE', #519, 1000.000000000000000 ) ;
#5335 = CARTESIAN_POINT ( 'NONE',  ( 1.279999999999998694, 0.7916666666666665186, 0.6400000000000001243 ) ) ;
#5336 = CARTESIAN_POINT ( 'NONE',  ( 0.7709058284417820150, 2.599332953187969864, 0.6400000000000000133 ) ) ;
#5337 = CARTESIAN_POINT ( 'NONE',  ( -3.459999999999999964, 9.400000000000000355, -1.500000000000000000 ) ) ;
#5338 = CARTESIAN_POINT ( 'NONE',  ( -5.208292492436559980E-06, 0.9583334156682049576, 0.6400000000000000133 ) ) ;
#5339 = CYLINDRICAL_SURFACE ( 'NONE', #4815, 0.1999999999999996503 ) ;
#5340 = ORIENTED_EDGE ( 'NONE', *, *, #6498, .F. ) ;
#5341 = DIRECTION ( 'NONE',  ( 0.0000000000000000000, 0.0000000000000000000, -1.000000000000000000 ) ) ;
#5342 = ORIENTED_EDGE ( 'NONE', *, *, #110, .T. ) ;
#5343 = FACE_OUTER_BOUND ( 'NONE', #3749, .T. ) ;
#5344 = CARTESIAN_POINT ( 'NONE',  ( 3.510000000000000231, 12.40000000000000036, -1.110000000000000098 ) ) ;
#5345 = FACE_OUTER_BOUND ( 'NONE', #6670, .T. ) ;
#5346 = LINE ( 'NONE', #5970, #6215 ) ;
#5347 = LINE ( 'NONE', #5855, #3210 ) ;
#5348 = ORIENTED_EDGE ( 'NONE', *, *, #1682, .F. ) ;
#5349 = CARTESIAN_POINT ( 'NONE',  ( -1.080000000000000071, 6.299999999999999822, 3.850000000000000089 ) ) ;
#5350 = ORIENTED_EDGE ( 'NONE', *, *, #2356, .T. ) ;
#5351 = DIRECTION ( 'NONE',  ( 1.000000000000000000, 0.0000000000000000000, 0.0000000000000000000 ) ) ;
#5352 = PRODUCT_DEFINITION_CONTEXT ( 'detailed design', #3874, 'design' ) ;
#5353 = FACE_BOUND ( 'NONE', #5718, .T. ) ;
#5354 = CARTESIAN_POINT ( 'NONE',  ( 8.181166715815530287E-06, 1.065449717618472070, 0.6400000000000000133 ) ) ;
#5355 = ADVANCED_FACE ( 'NONE', ( #2733 ), #3242, .T. ) ;
#5356 = EDGE_CURVE ( 'NONE', #1277, #1500, #6591, .T. ) ;
#5357 = CARTESIAN_POINT ( 'NONE',  ( 2.666666666666638541, 1.720000000000000639, -0.6400000000000001243 ) ) ;
#5358 = EDGE_CURVE ( 'NONE', #6700, #2639, #962, .T. ) ;
#5359 = ORIENTED_EDGE ( 'NONE', *, *, #3247, .T. ) ;
#5360 = DIRECTION ( 'NONE',  ( 0.0000000000000000000, 1.000000000000000000, 0.0000000000000000000 ) ) ;
#5361 = ORIENTED_EDGE ( 'NONE', *, *, #4827, .T. ) ;
#5362 = ORIENTED_EDGE ( 'NONE', *, *, #7114, .T. ) ;
#5363 = CARTESIAN_POINT ( 'NONE',  ( 1.279999999999998694, 0.6666666666666656305, -0.6400000000000001243 ) ) ;
#5364 = CARTESIAN_POINT ( 'NONE',  ( 4.000000000000000000, 3.000000000000000000, -0.6400000000000000133 ) ) ;
#5365 = CYLINDRICAL_SURFACE ( 'NONE', #3834, 0.5000000000000000000 ) ;
#5366 = EDGE_CURVE ( 'NONE', #260, #6748, #4903, .T. ) ;
#5367 = DIRECTION ( 'NONE',  ( -1.902109074535969807E-16, 1.913297951445009840E-16, -1.000000000000000000 ) ) ;
#5368 = CARTESIAN_POINT ( 'NONE',  ( -1.279999999999998694, 0.8333333333333348136, -0.6400000000000001243 ) ) ;
#5369 = DIRECTION ( 'NONE',  ( 0.9578262852211522071, -0.2873478855663425535, -9.109450344741179795E-17 ) ) ;
#5370 = DIRECTION ( 'NONE',  ( 0.0000000000000000000, 0.0000000000000000000, -1.000000000000000000 ) ) ;
#5371 = DIRECTION ( 'NONE',  ( 1.000000000000000000, 0.0000000000000000000, 0.0000000000000000000 ) ) ;
#5372 = DIRECTION ( 'NONE',  ( 0.0000000000000000000, 1.000000000000000000, 0.0000000000000000000 ) ) ;
#5373 = CARTESIAN_POINT ( 'NONE',  ( -1.626303258728255172E-16, 0.9999999999999850120, 0.0000000000000000000 ) ) ;
#5374 = EDGE_LOOP ( 'NONE', ( #3226, #6612, #1548, #4120 ) ) ;
#5375 = LINE ( 'NONE', #6987, #1577 ) ;
#5376 = DIRECTION ( 'NONE',  ( 0.0000000000000000000, 0.0000000000000000000, -1.000000000000000000 ) ) ;
#5377 = CARTESIAN_POINT ( 'NONE',  ( 1.409999999999999920, 0.2999999999999999889, 0.5699999999999999512 ) ) ;
#5378 = FACE_OUTER_BOUND ( 'NONE', #6515, .T. ) ;
#5379 = DIRECTION ( 'NONE',  ( 0.0000000000000000000, 1.000000000000000000, 0.0000000000000000000 ) ) ;
#5380 = VECTOR ( 'NONE', #4911, 1000.000000000000000 ) ;
#5381 = CARTESIAN_POINT ( 'NONE',  ( 4.000000000000000000, 3.000000000000000000, -0.6500000000000000222 ) ) ;
#5382 = ORIENTED_EDGE ( 'NONE', *, *, #1826, .T. ) ;
#5383 = DIRECTION ( 'NONE',  ( 1.000000000000000000, 0.0000000000000000000, 3.614007241618350250E-16 ) ) ;
#5384 = VERTEX_POINT ( 'NONE', #3414 ) ;
#5385 = CIRCLE ( 'NONE', #6322, 0.6500000000000000222 ) ;
#5386 = LINE ( 'NONE', #5463, #2625 ) ;
#5387 = FACE_OUTER_BOUND ( 'NONE', #6232, .T. ) ;
#5388 = CARTESIAN_POINT ( 'NONE',  ( 3.333333333333423187, 4.279999999999995808, 0.6400000000000001243 ) ) ;
#5389 = CARTESIAN_POINT ( 'NONE',  ( 2.083333333333340143, 3.000000000000000000, -0.6400000000000000133 ) ) ;
#5390 = VERTEX_POINT ( 'NONE', #2807 ) ;
#5391 = DIRECTION ( 'NONE',  ( 1.000000000000000000, 0.0000000000000000000, 0.0000000000000000000 ) ) ;
#5392 = EDGE_LOOP ( 'NONE', ( #6586, #5216, #3268, #4360 ) ) ;
#5393 = AXIS2_PLACEMENT_3D ( 'NONE', #4233, #3145, #363 ) ;
#5394 = EDGE_CURVE ( 'NONE', #3031, #1487, #2366, .T. ) ;
#5395 = ORIENTED_EDGE ( 'NONE', *, *, #517, .F. ) ;
#5396 = AXIS2_PLACEMENT_3D ( 'NONE', #3077, #4749, #339 ) ;
#5397 = CARTESIAN_POINT ( 'NONE',  ( 1.906024927126289237, 1.714229069833648866, -0.6400000000000001243 ) ) ;
#5398 = CARTESIAN_POINT ( 'NONE',  ( -2.710505431213760099E-16, 0.9999999999999850120, 0.0000000000000000000 ) ) ;
#5399 = PLANE ( 'NONE',  #848 ) ;
#5400 = LINE ( 'NONE', #6619, #3126 ) ;
#5401 = DIRECTION ( 'NONE',  ( 0.0000000000000000000, 0.0000000000000000000, 1.000000000000000000 ) ) ;
#5402 = VECTOR ( 'NONE', #4752, 1000.000000000000000 ) ;
#5403 = ORIENTED_EDGE ( 'NONE', *, *, #2089, .F. ) ;
#5404 = VECTOR ( 'NONE', #2099, 1000.000000000000000 ) ;
#5405 = DIRECTION ( 'NONE',  ( -0.0000000000000000000, 1.000000000000000000, 0.0000000000000000000 ) ) ;
#5406 = CARTESIAN_POINT ( 'NONE',  ( 2.166666666666661634, 1.720000000000000639, -0.6400000000000001243 ) ) ;
#5407 = EDGE_CURVE ( 'NONE', #260, #4780, #5625, .T. ) ;
#5408 = VECTOR ( 'NONE', #4012, 1000.000000000000000 ) ;
#5409 = CARTESIAN_POINT ( 'NONE',  ( 0.2700000000000000178, -3.700000000000000178, -0.2700000000000000178 ) ) ;
#5410 = LINE ( 'NONE', #386, #1374 ) ;
#5411 = DIRECTION ( 'NONE',  ( 0.0000000000000000000, -1.000000000000000000, 0.0000000000000000000 ) ) ;
#5412 = VERTEX_POINT ( 'NONE', #5701 ) ;
#5413 = DIRECTION ( 'NONE',  ( 0.0000000000000000000, -1.000000000000000000, 9.227252531791520216E-16 ) ) ;
#5414 = AXIS2_PLACEMENT_3D ( 'NONE', #2285, #6785, #6648 ) ;
#5415 = DIRECTION ( 'NONE',  ( 0.0000000000000000000, 1.913297951445009840E-16, -1.000000000000000000 ) ) ;
#5416 = DIRECTION ( 'NONE',  ( 1.000000000000000000, 0.0000000000000000000, 0.0000000000000000000 ) ) ;
#5417 = ADVANCED_FACE ( 'NONE', ( #4478 ), #1187, .F. ) ;
#5418 = CARTESIAN_POINT ( 'NONE',  ( 0.6499999999999999112, 0.9999999999999850120, 0.0000000000000000000 ) ) ;
#5419 = CARTESIAN_POINT ( 'NONE',  ( -1.150000000000000133, 0.9999999999999850120, 1.408343819019456028E-16 ) ) ;
#5420 = DIRECTION ( 'NONE',  ( 1.000000000000000000, 0.0000000000000000000, 0.0000000000000000000 ) ) ;
#5421 = VERTEX_POINT ( 'NONE', #1224 ) ;
#5422 = DIRECTION ( 'NONE',  ( 0.0000000000000000000, -1.000000000000000000, 0.0000000000000000000 ) ) ;
#5423 = ORIENTED_EDGE ( 'NONE', *, *, #7007, .T. ) ;
#5424 = VECTOR ( 'NONE', #5535, 1000.000000000000000 ) ;
#5425 = LINE ( 'NONE', #3723, #2281 ) ;
#5426 = CARTESIAN_POINT ( 'NONE',  ( -1.820000000000000062, 10.90000000000000036, -4.597157890324970353 ) ) ;
#5427 = PLANE ( 'NONE',  #4876 ) ;
#5428 = CARTESIAN_POINT ( 'NONE',  ( 2.208333333333349913, 3.000000000000000000, 0.6400000000000000133 ) ) ;
#5429 = CARTESIAN_POINT ( 'NONE',  ( 1.813383630839782823, 1.696989470465821936, -0.6400000000000001243 ) ) ;
#5430 = VECTOR ( 'NONE', #3087, 1000.000000000000000 ) ;
#5431 = ORIENTED_EDGE ( 'NONE', *, *, #4660, .T. ) ;
#5432 = ORIENTED_EDGE ( 'NONE', *, *, #1289, .T. ) ;
#5433 = DIRECTION ( 'NONE',  ( 0.0000000000000000000, 0.0000000000000000000, 1.000000000000000000 ) ) ;
#5434 = EDGE_LOOP ( 'NONE', ( #1684, #4068, #3408, #3761 ) ) ;
#5435 = ORIENTED_EDGE ( 'NONE', *, *, #3725, .F. ) ;
#5436 = CARTESIAN_POINT ( 'NONE',  ( 1.768038891391091383, 1.683240947081635852, 0.6400000000000001243 ) ) ;
#5437 = DIRECTION ( 'NONE',  ( 0.0000000000000000000, 0.0000000000000000000, 1.000000000000000000 ) ) ;
#5438 = DIRECTION ( 'NONE',  ( 0.0000000000000000000, -1.000000000000000000, 0.0000000000000000000 ) ) ;
#5439 = CARTESIAN_POINT ( 'NONE',  ( 2.609999999999999876, 13.40000000000000036, 4.349999999999999645 ) ) ;
#5440 =( GEOMETRIC_REPRESENTATION_CONTEXT ( 3 ) GLOBAL_UNCERTAINTY_ASSIGNED_CONTEXT ( ( #179 ) ) GLOBAL_UNIT_ASSIGNED_CONTEXT ( ( #6781, #1828, #820 ) ) REPRESENTATION_CONTEXT ( 'NONE', 'WORKASPACE' ) );
#5441 = DIRECTION ( 'NONE',  ( 0.0000000000000000000, -1.000000000000000000, -1.867108438696575246E-33 ) ) ;
#5442 = VECTOR ( 'NONE', #530, 1000.000000000000000 ) ;
#5443 = ORIENTED_EDGE ( 'NONE', *, *, #5596, .F. ) ;
#5444 = CARTESIAN_POINT ( 'NONE',  ( 2.083333333333340143, 3.000000000000000000, 0.6400000000000000133 ) ) ;
#5445 = CARTESIAN_POINT ( 'NONE',  ( 0.0000000000000000000, 0.5833333333333329263, -0.6400000000000000133 ) ) ;
#5446 = CARTESIAN_POINT ( 'NONE',  ( -0.2700000000000000178, 10.90000000000000036, 2.567847250623560311E-17 ) ) ;
#5447 = CARTESIAN_POINT ( 'NONE',  ( 2.208333333333349913, 3.000000000000000000, 0.6400000000000000133 ) ) ;
#5448 = VECTOR ( 'NONE', #3523, 1000.000000000000000 ) ;
#5449 = CARTESIAN_POINT ( 'NONE',  ( 1.820000000000000062, 2.200000000000000178, -3.657157890324955307 ) ) ;
#5450 = DIRECTION ( 'NONE',  ( 1.000000000000000000, 0.0000000000000000000, 0.0000000000000000000 ) ) ;
#5451 = DIRECTION ( 'NONE',  ( 0.0000000000000000000, -1.000000000000000000, -1.913297951445009840E-16 ) ) ;
#5452 = EDGE_CURVE ( 'NONE', #5294, #3114, #1701, .T. ) ;
#5453 = VERTEX_POINT ( 'NONE', #5665 ) ;
#5454 = ADVANCED_FACE ( 'NONE', ( #2873 ), #3965, .F. ) ;
#5455 = EDGE_CURVE ( 'NONE', #5460, #3443, #668, .T. ) ;
#5456 = CARTESIAN_POINT ( 'NONE',  ( 0.0000000000000000000, 12.40000000000000036, 0.0000000000000000000 ) ) ;
#5457 = PLANE ( 'NONE',  #6551 ) ;
#5458 = EDGE_CURVE ( 'NONE', #3693, #5543, #6770, .T. ) ;
#5459 = CARTESIAN_POINT ( 'NONE',  ( -1.084202172485503941E-16, 0.9166666666666608565, 0.6400000000000000133 ) ) ;
#5460 = VERTEX_POINT ( 'NONE', #3926 ) ;
#5461 = DIRECTION ( 'NONE',  ( 0.0000000000000000000, 1.000000000000000000, 0.0000000000000000000 ) ) ;
#5462 = ORIENTED_EDGE ( 'NONE', *, *, #3820, .F. ) ;
#5463 = CARTESIAN_POINT ( 'NONE',  ( 1.409999999999999920, 1.000000000000000000, -0.5699999999999999512 ) ) ;
#5464 = DIRECTION ( 'NONE',  ( -1.885568995626964780E-16, -1.000000000000000000, 1.867108438696564983E-33 ) ) ;
#5465 = CARTESIAN_POINT ( 'NONE',  ( -0.2700000000000000178, -3.700000000000000178, -0.5699999999999999512 ) ) ;
#5466 = CARTESIAN_POINT ( 'NONE',  ( 1.674172195825665010, 2.974365374686354979, 0.6400000000000000133 ) ) ;
#5467 = CARTESIAN_POINT ( 'NONE',  ( 1.869147472901544926, 2.996786418182679768, -0.6400000000000000133 ) ) ;
#5468 = ORIENTED_EDGE ( 'NONE', *, *, #3907, .F. ) ;
#5469 = CARTESIAN_POINT ( 'NONE',  ( 1.637326003309222955, 1.629097896061105999, -0.6400000000000001243 ) ) ;
#5470 = ORIENTED_EDGE ( 'NONE', *, *, #5602, .T. ) ;
#5471 = PLANE ( 'NONE',  #6468 ) ;
#5472 = EDGE_LOOP ( 'NONE', ( #5955, #2695, #3045, #6026, #989 ) ) ;
#5473 = ORIENTED_EDGE ( 'NONE', *, *, #200, .F. ) ;
#5474 = CARTESIAN_POINT ( 'NONE',  ( 1.289228465112911559, 1.117298009502765810, 0.6400000000000001243 ) ) ;
#5475 = LINE ( 'NONE', #953, #1369 ) ;
#5476 = LINE ( 'NONE', #3738, #781 ) ;
#5477 = CARTESIAN_POINT ( 'NONE',  ( 2.166666666666659857, 3.000000000000000000, -0.6400000000000000133 ) ) ;
#5478 = EDGE_LOOP ( 'NONE', ( #2427, #1023, #3844, #7200 ) ) ;
#5479 = VERTEX_POINT ( 'NONE', #3455 ) ;
#5480 = CARTESIAN_POINT ( 'NONE',  ( 1.481621196777171967, 2.936081862405050202, 0.6400000000000000133 ) ) ;
#5481 = CARTESIAN_POINT ( 'NONE',  ( -1.280008541599682248, 0.9450001350291937774, -0.6400000000000001243 ) ) ;
#5482 = CARTESIAN_POINT ( 'NONE',  ( -1.820000000000000062, 10.90000000000000036, -5.660000000000000142 ) ) ;
#5483 = DIRECTION ( 'NONE',  ( 0.0000000000000000000, -1.000000000000000000, 0.0000000000000000000 ) ) ;
#5484 = ORIENTED_EDGE ( 'NONE', *, *, #2818, .F. ) ;
#5485 = LINE ( 'NONE', #5962, #3652 ) ;
#5486 = ORIENTED_EDGE ( 'NONE', *, *, #6047, .T. ) ;
#5487 = FACE_OUTER_BOUND ( 'NONE', #3701, .T. ) ;
#5488 = DIRECTION ( 'NONE',  ( 0.0000000000000000000, 0.0000000000000000000, -1.000000000000000000 ) ) ;
#5489 = EDGE_CURVE ( 'NONE', #2485, #4495, #2337, .T. ) ;
#5490 = EDGE_CURVE ( 'NONE', #295, #2553, #5116, .T. ) ;
#5491 =( LENGTH_UNIT ( ) NAMED_UNIT ( * ) SI_UNIT ( .MILLI., .METRE. ) );
#5492 = LINE ( 'NONE', #1749, #6576 ) ;
#5493 = ORIENTED_EDGE ( 'NONE', *, *, #2835, .T. ) ;
#5494 = PLANE ( 'NONE',  #2770 ) ;
#5495 = ORIENTED_EDGE ( 'NONE', *, *, #639, .T. ) ;
#5496 = LINE ( 'NONE', #1167, #855 ) ;
#5497 = EDGE_CURVE ( 'NONE', #2702, #1331, #308, .T. ) ;
#5498 = EDGE_CURVE ( 'NONE', #6101, #3133, #3383, .T. ) ;
#5499 = CARTESIAN_POINT ( 'NONE',  ( 1.080000000000000071, 6.299999999999999822, 3.850000000000000089 ) ) ;
#5500 = CARTESIAN_POINT ( 'NONE',  ( 0.06391813759496078884, 1.518378803222814932, -0.6400000000000000133 ) ) ;
#5501 = ORIENTED_EDGE ( 'NONE', *, *, #2574, .T. ) ;
#5502 = VECTOR ( 'NONE', #1334, 1000.000000000000000 ) ;
#5503 = DIRECTION ( 'NONE',  ( -1.062943306358337910E-16, 1.000000000000000000, 0.0000000000000000000 ) ) ;
#5504 = ORIENTED_EDGE ( 'NONE', *, *, #3863, .F. ) ;
#5505 = EDGE_LOOP ( 'NONE', ( #3298, #2072, #6465, #4569 ) ) ;
#5506 = CARTESIAN_POINT ( 'NONE',  ( 1.955494150633415140, 1.719997054779973888, 0.6400000000000001243 ) ) ;
#5507 = AXIS2_PLACEMENT_3D ( 'NONE', #866, #2871, #6998 ) ;
#5508 = DIRECTION ( 'NONE',  ( 0.0000000000000000000, -1.000000000000000000, 0.0000000000000000000 ) ) ;
#5509 = CARTESIAN_POINT ( 'NONE',  ( 0.8199999999999999512, 1.251646398047192132, -1.909999999999999920 ) ) ;
#5510 = DIRECTION ( 'NONE',  ( 1.000000000000000000, 0.0000000000000000000, 0.0000000000000000000 ) ) ;
#5511 = CARTESIAN_POINT ( 'NONE',  ( 1.869147472901550255, 2.996786418182679768, 0.6400000000000000133 ) ) ;
#5512 = VERTEX_POINT ( 'NONE', #122 ) ;
#5513 = ORIENTED_EDGE ( 'NONE', *, *, #1307, .T. ) ;
#5514 = AXIS2_PLACEMENT_3D ( 'NONE', #3684, #3259, #400 ) ;
#5515 = AXIS2_PLACEMENT_3D ( 'NONE', #299, #2027, #1990 ) ;
#5516 = CARTESIAN_POINT ( 'NONE',  ( 0.9925722314144990177, 2.747494155725414888, 0.6400000000000000133 ) ) ;
#5517 = CARTESIAN_POINT ( 'NONE',  ( 1.934550282381494846, 2.999991818833284807, -0.6400000000000000133 ) ) ;
#5518 = CARTESIAN_POINT ( 'NONE',  ( 1.279999999999998694, 0.1666666666666654917, 0.6400000000000001243 ) ) ;
#5519 = CARTESIAN_POINT ( 'NONE',  ( 4.000000000000000000, 3.000000000000000000, 0.0000000000000000000 ) ) ;
#5520 = DIRECTION ( 'NONE',  ( -1.387778780781445922E-16, 0.0000000000000000000, -1.000000000000000000 ) ) ;
#5521 = VECTOR ( 'NONE', #1592, 1000.000000000000000 ) ;
#5522 = AXIS2_PLACEMENT_3D ( 'NONE', #5456, #4949, #3354 ) ;
#5523 = ORIENTED_EDGE ( 'NONE', *, *, #1717, .F. ) ;
#5524 = CARTESIAN_POINT ( 'NONE',  ( -2.990000000000000213, 1.000000000000000000, -2.899999999999999911 ) ) ;
#5525 = ORIENTED_EDGE ( 'NONE', *, *, #3052, .F. ) ;
#5526 = DIRECTION ( 'NONE',  ( 0.0000000000000000000, 1.000000000000000000, -1.867108438696554720E-33 ) ) ;
#5527 = ITEM_DEFINED_TRANSFORMATION ( 'NONE', 'NONE', #1261,  #2084 ) ;
#5528 = STYLED_ITEM ( 'NONE', ( #6767 ), #3446 ) ;
#5529 = DIRECTION ( 'NONE',  ( 0.0000000000000000000, 0.7785187255724637101, -0.6276213778489598827 ) ) ;
#5530 = DIRECTION ( 'NONE',  ( 0.0000000000000000000, 0.0000000000000000000, 1.000000000000000000 ) ) ;
#5531 = PRESENTATION_STYLE_ASSIGNMENT (( #2167 ) ) ;
#5532 = CARTESIAN_POINT ( 'NONE',  ( 2.909999999999999698, 12.59999999999999964, 3.850000000000000089 ) ) ;
#5533 = EDGE_CURVE ( 'NONE', #2658, #4054, #6218, .T. ) ;
#5534 = VERTEX_POINT ( 'NONE', #5595 ) ;
#5535 = DIRECTION ( 'NONE',  ( 0.0000000000000000000, -1.000000000000000000, 0.0000000000000000000 ) ) ;
#5536 = EDGE_LOOP ( 'NONE', ( #323, #2924, #1690, #754 ) ) ;
#5537 = CARTESIAN_POINT ( 'NONE',  ( 0.4500000000000000111, 13.40000000000000036, -1.110000000000000098 ) ) ;
#5538 = AXIS2_PLACEMENT_3D ( 'NONE', #3103, #6996, #4886 ) ;
#5539 = DIRECTION ( 'NONE',  ( 0.0000000000000000000, -1.000000000000000000, 0.0000000000000000000 ) ) ;
#5540 = CARTESIAN_POINT ( 'NONE',  ( 1.785401855558534034, 4.274729725819588211, -0.6400000000000001243 ) ) ;
#5541 = TOROIDAL_SURFACE ( 'NONE', #6942, 2.000000000000000000, 1.149999999999999911 ) ;
#5542 = ADVANCED_FACE ( 'NONE', ( #4036 ), #6111, .T. ) ;
#5543 = VERTEX_POINT ( 'NONE', #3349 ) ;
#5544 = EDGE_CURVE ( 'NONE', #7198, #2792, #602, .T. ) ;
#5545 = DIRECTION ( 'NONE',  ( 1.000000000000000000, 0.0000000000000000000, 0.0000000000000000000 ) ) ;
#5546 = VERTEX_POINT ( 'NONE', #50 ) ;
#5547 = ORIENTED_EDGE ( 'NONE', *, *, #1403, .F. ) ;
#5548 = CARTESIAN_POINT ( 'NONE',  ( 8.181166715869740396E-06, 1.065449717618472070, -0.6400000000000000133 ) ) ;
#5549 = AXIS2_PLACEMENT_3D ( 'NONE', #3127, #6296, #1301 ) ;
#5550 = CARTESIAN_POINT ( 'NONE',  ( 0.0000000000000000000, 0.5833333333333329263, 0.6400000000000000133 ) ) ;
#5551 = CARTESIAN_POINT ( 'NONE',  ( 2.166666666666665186, 3.000000000000000000, 0.6400000000000000133 ) ) ;
#5552 = ORIENTED_EDGE ( 'NONE', *, *, #686, .F. ) ;
#5553 = EDGE_CURVE ( 'NONE', #3770, #6827, #4407, .T. ) ;
#5554 =( LENGTH_UNIT ( ) NAMED_UNIT ( * ) SI_UNIT ( .MILLI., .METRE. ) );
#5555 = ORIENTED_EDGE ( 'NONE', *, *, #2843, .F. ) ;
#5556 = VECTOR ( 'NONE', #2904, 1000.000000000000000 ) ;
#5557 = CARTESIAN_POINT ( 'NONE',  ( -1.175174254344260261, 1.850141237285419571, 0.6400000000000001243 ) ) ;
#5558 = DIRECTION ( 'NONE',  ( 1.000000000000000000, 2.991744088977945216E-31, 3.242291330675305001E-16 ) ) ;
#5559 = CARTESIAN_POINT ( 'NONE',  ( 2.909999999999999698, 12.40000000000000036, 4.349999999999999645 ) ) ;
#5560 = AXIS2_PLACEMENT_3D ( 'NONE', #6630, #3890, #1634 ) ;
#5561 = PRODUCT_DEFINITION_SHAPE ( 'NONE', 'NONE',  #5894 ) ;
#5562 = ORIENTED_EDGE ( 'NONE', *, *, #995, .F. ) ;
#5563 = CARTESIAN_POINT ( 'NONE',  ( -3.510000000000000231, 13.40000000000000036, -1.110000000000000098 ) ) ;
#5564 = ORIENTED_EDGE ( 'NONE', *, *, #4691, .F. ) ;
#5565 = AXIS2_PLACEMENT_3D ( 'NONE', #6903, #259, #6873 ) ;
#5566 = CARTESIAN_POINT ( 'NONE',  ( 0.8199999999999999512, 5.700000000000000178, -3.657157890324960192 ) ) ;
#5567 = CARTESIAN_POINT ( 'NONE',  ( -2.700000000000000178, 3.200000000000000178, -2.000000000000000000 ) ) ;
#5568 =( NAMED_UNIT ( * ) PLANE_ANGLE_UNIT ( ) SI_UNIT ( $, .RADIAN. ) );
#5569 = VECTOR ( 'NONE', #6964, 1000.000000000000000 ) ;
#5570 = CARTESIAN_POINT ( 'NONE',  ( 3.666666666667149688, 3.000000000000000000, 0.6400000000000000133 ) ) ;
#5571 = ORIENTED_EDGE ( 'NONE', *, *, #4572, .T. ) ;
#5572 = DIRECTION ( 'NONE',  ( -2.065146995210484941E-16, 0.0000000000000000000, -1.000000000000000000 ) ) ;
#5573 = EDGE_LOOP ( 'NONE', ( #1120, #5423, #3345, #950 ) ) ;
#5574 = CARTESIAN_POINT ( 'NONE',  ( -2.168404344971009854E-16, 0.0000000000000000000, 0.0000000000000000000 ) ) ;
#5575 = PRESENTATION_LAYER_ASSIGNMENT (  '', '', ( #1856 ) ) ;
#5576 = CARTESIAN_POINT ( 'NONE',  ( -1.469999999999999973, 13.40000000000000036, 3.449999999999999734 ) ) ;
#5577 = LINE ( 'NONE', #589, #4477 ) ;
#5578 = ORIENTED_EDGE ( 'NONE', *, *, #3412, .T. ) ;
#5579 = CARTESIAN_POINT ( 'NONE',  ( 2.666666666666638541, 4.279999999999995808, -0.6400000000000001243 ) ) ;
#5580 = EDGE_LOOP ( 'NONE', ( #4115, #3541, #6292, #3695, #1112, #2677, #5340, #1245, #5504, #3058 ) ) ;
#5581 = CARTESIAN_POINT ( 'NONE',  ( 1.820000000000000062, 13.40000000000000036, -2.409999999999999698 ) ) ;
#5582 = ORIENTED_EDGE ( 'NONE', *, *, #3421, .F. ) ;
#5583 = ORIENTED_EDGE ( 'NONE', *, *, #1599, .F. ) ;
#5584 = VECTOR ( 'NONE', #3025, 1000.000000000000000 ) ;
#5585 = CARTESIAN_POINT ( 'NONE',  ( 2.208333333333349913, 3.000000000000000000, -0.6400000000000000133 ) ) ;
#5586 = ADVANCED_FACE ( 'NONE', ( #1740 ), #2462, .F. ) ;
#5587 = CARTESIAN_POINT ( 'NONE',  ( 0.4006670468120259732, 2.229094171558219983, 0.6400000000000000133 ) ) ;
#5588 = EDGE_CURVE ( 'NONE', #6934, #1359, #4674, .T. ) ;
#5589 = EDGE_CURVE ( 'NONE', #4822, #551, #6254, .T. ) ;
#5590 = CARTESIAN_POINT ( 'NONE',  ( 0.0000000000000000000, 0.9166666666666608565, 0.6400000000000000133 ) ) ;
#5591 = ORIENTED_EDGE ( 'NONE', *, *, #4411, .F. ) ;
#5592 = SURFACE_STYLE_USAGE ( .BOTH. , #6211 ) ;
#5593 = ORIENTED_EDGE ( 'NONE', *, *, #3014, .F. ) ;
#5594 = CARTESIAN_POINT ( 'NONE',  ( -1.112542092260688786, 2.056711716996124650, -0.6400000000000001243 ) ) ;
#5595 = CARTESIAN_POINT ( 'NONE',  ( 3.959999999999999964, 0.0000000000000000000, 4.299999999999999822 ) ) ;
#5596 = EDGE_CURVE ( 'NONE', #4173, #5384, #5219, .T. ) ;
#5597 = DIRECTION ( 'NONE',  ( 0.0000000000000000000, -1.000000000000000000, 0.0000000000000000000 ) ) ;
#5598 = ORIENTED_EDGE ( 'NONE', *, *, #4691, .T. ) ;
#5599 = VERTEX_POINT ( 'NONE', #6289 ) ;
#5600 = CARTESIAN_POINT ( 'NONE',  ( 2.416666666666674956, 3.000000000000000000, 0.6400000000000000133 ) ) ;
#5601 = PLANE ( 'NONE',  #968 ) ;
#5602 = EDGE_CURVE ( 'NONE', #2213, #1150, #1875, .T. ) ;
#5603 = CARTESIAN_POINT ( 'NONE',  ( -0.8658904153896834766, 2.652181540480225586, -0.6400000000000001243 ) ) ;
#5604 = CARTESIAN_POINT ( 'NONE',  ( 1.355663587197480036, 2.897891519671150107, 0.6400000000000000133 ) ) ;
#5605 = VERTEX_POINT ( 'NONE', #1429 ) ;
#5606 = EDGE_LOOP ( 'NONE', ( #1939, #1036, #799, #6380 ) ) ;
#5607 = LINE ( 'NONE', #2886, #406 ) ;
#5608 = PLANE ( 'NONE',  #1201 ) ;
#5609 = CARTESIAN_POINT ( 'NONE',  ( 3.666666666667149688, 4.279999999999995808, -0.6400000000000001243 ) ) ;
#5610 = ORIENTED_EDGE ( 'NONE', *, *, #1956, .F. ) ;
#5611 = CARTESIAN_POINT ( 'NONE',  ( -2.700000000000000178, 7.200000000000000178, -2.000000000000000000 ) ) ;
#5612 = ORIENTED_EDGE ( 'NONE', *, *, #7027, .T. ) ;
#5613 = ORIENTED_EDGE ( 'NONE', *, *, #2361, .F. ) ;
#5614 = CARTESIAN_POINT ( 'NONE',  ( -1.279986582886592394, 1.086393585870359280, -0.6400000000000001243 ) ) ;
#5615 = LINE ( 'NONE', #626, #670 ) ;
#5616 = CARTESIAN_POINT ( 'NONE',  ( 3.459999999999999964, 3.200000000000000178, 4.799999999999999822 ) ) ;
#5617 = CARTESIAN_POINT ( 'NONE',  ( -5.208292492328140610E-06, 0.9583334156682049576, 0.6400000000000000133 ) ) ;
#5618 = ORIENTED_EDGE ( 'NONE', *, *, #441, .F. ) ;
#5619 = SURFACE_STYLE_USAGE ( .BOTH. , #4608 ) ;
#5620 = VERTEX_POINT ( 'NONE', #767 ) ;
#5621 = EDGE_CURVE ( 'NONE', #659, #3371, #4648, .T. ) ;
#5622 = LINE ( 'NONE', #1223, #2382 ) ;
#5623 = AXIS2_PLACEMENT_3D ( 'NONE', #435, #582, #2123 ) ;
#5624 = CIRCLE ( 'NONE', #6681, 1.149999999999999911 ) ;
#5625 = LINE ( 'NONE', #5080, #4629 ) ;
#5626 = CARTESIAN_POINT ( 'NONE',  ( -0.6500000000000001332, 0.9999999999999850120, 7.960204194457795477E-17 ) ) ;
#5627 = FACE_OUTER_BOUND ( 'NONE', #905, .T. ) ;
#5628 = AXIS2_PLACEMENT_3D ( 'NONE', #1227, #5668, #2906 ) ;
#5629 = ORIENTED_EDGE ( 'NONE', *, *, #2954, .F. ) ;
#5630 = VECTOR ( 'NONE', #936, 1000.000000000000000 ) ;
#5631 = ADVANCED_FACE ( 'NONE', ( #6426 ), #6316, .F. ) ;
#5632 = EDGE_CURVE ( 'NONE', #1604, #2931, #256, .T. ) ;
#5633 = CARTESIAN_POINT ( 'NONE',  ( 2.550000000000000266, 0.2999999999999999889, -0.5699999999999999512 ) ) ;
#5634 = CYLINDRICAL_SURFACE ( 'NONE', #3425, 0.2000000000000000944 ) ;
#5635 = LINE ( 'NONE', #5707, #1781 ) ;
#5636 = VECTOR ( 'NONE', #1568, 1000.000000000000000 ) ;
#5637 = DIRECTION ( 'NONE',  ( -1.000000000000000000, 0.0000000000000000000, 0.0000000000000000000 ) ) ;
#5638 = CARTESIAN_POINT ( 'NONE',  ( 2.416666666666675400, 4.279999999999995808, -0.6400000000000001243 ) ) ;
#5639 = DIRECTION ( 'NONE',  ( 1.000000000000000000, 0.0000000000000000000, 0.0000000000000000000 ) ) ;
#5640 = VECTOR ( 'NONE', #1254, 1000.000000000000000 ) ;
#5641 = VERTEX_POINT ( 'NONE', #3655 ) ;
#5642 = VECTOR ( 'NONE', #6953, 1000.000000000000000 ) ;
#5643 = EDGE_CURVE ( 'NONE', #4803, #111, #5094, .T. ) ;
#5644 = CARTESIAN_POINT ( 'NONE',  ( -4.009999999999999787, 6.250000000000000000, -1.909999999999999920 ) ) ;
#5645 = ORIENTED_EDGE ( 'NONE', *, *, #1106, .T. ) ;
#5646 = DIRECTION ( 'NONE',  ( -0.7071067811865470176, -0.7071067811865480168, 0.0000000000000000000 ) ) ;
#5647 = CARTESIAN_POINT ( 'NONE',  ( 2.490000000000000213, 12.40000000000000036, 3.449999999999999734 ) ) ;
#5648 = DIRECTION ( 'NONE',  ( 0.0000000000000000000, 0.0000000000000000000, 1.000000000000000000 ) ) ;
#5649 = AXIS2_PLACEMENT_3D ( 'NONE', #6535, #5503, #370 ) ;
#5650 = LINE ( 'NONE', #812, #1906 ) ;
#5651 = CARTESIAN_POINT ( 'NONE',  ( 2.166666666666665186, 3.000000000000000000, -0.6400000000000000133 ) ) ;
#5652 = ORIENTED_EDGE ( 'NONE', *, *, #3581, .F. ) ;
#5653 = CARTESIAN_POINT ( 'NONE',  ( -2.700000000000000178, 9.400000000000000355, -3.840000000000000302 ) ) ;
#5654 = ORIENTED_EDGE ( 'NONE', *, *, #1655, .F. ) ;
#5655 = VECTOR ( 'NONE', #5106, 1000.000000000000000 ) ;
#5656 = UNCERTAINTY_MEASURE_WITH_UNIT (LENGTH_MEASURE( 1.000000000000000082E-05 ), #1451, 'distance_accuracy_value', 'NONE');
#5657 = ORIENTED_EDGE ( 'NONE', *, *, #421, .F. ) ;
#5658 = CARTESIAN_POINT ( 'NONE',  ( 1.481621196777171967, 2.936081862405050202, -0.6400000000000000133 ) ) ;
#5659 = CARTESIAN_POINT ( 'NONE',  ( 2.490000000000000213, 12.40000000000000036, 2.949999999999999734 ) ) ;
#5660 = CARTESIAN_POINT ( 'NONE',  ( 0.01603036157317500043, 1.261041869093620038, 0.6400000000000000133 ) ) ;
#5661 = ORIENTED_EDGE ( 'NONE', *, *, #5053, .F. ) ;
#5662 = CARTESIAN_POINT ( 'NONE',  ( 4.000000000000000000, 3.000000000000000000, -0.6400000000000000133 ) ) ;
#5663 = AXIS2_PLACEMENT_3D ( 'NONE', #2239, #5054, #7172 ) ;
#5664 = CARTESIAN_POINT ( 'NONE',  ( -1.279999999999998694, 0.0000000000000000000, 0.6400000000000001243 ) ) ;
#5665 = CARTESIAN_POINT ( 'NONE',  ( 3.510000000000000231, 13.40000000000000036, 2.949999999999999734 ) ) ;
#5666 = DIRECTION ( 'NONE',  ( 1.000000000000000000, 0.0000000000000000000, 0.0000000000000000000 ) ) ;
#5667 = LINE ( 'NONE', #3966, #3593 ) ;
#5668 = DIRECTION ( 'NONE',  ( 1.902109074535969807E-16, -1.913297951445009840E-16, 1.000000000000000000 ) ) ;
#5669 = VECTOR ( 'NONE', #5881, 1000.000000000000000 ) ;
#5670 = ORIENTED_EDGE ( 'NONE', *, *, #6177, .F. ) ;
#5671 = DIRECTION ( 'NONE',  ( 4.272717921125140000E-16, 0.0000000000000000000, -1.000000000000000000 ) ) ;
#5672 = DIRECTION ( 'NONE',  ( 0.0000000000000000000, -1.000000000000000000, 9.227252531791520216E-16 ) ) ;
#5673 = LINE ( 'NONE', #3495, #6794 ) ;
#5674 = VECTOR ( 'NONE', #86, 1000.000000000000000 ) ;
#5675 = FILL_AREA_STYLE_COLOUR ( '', #5092 ) ;
#5676 = CARTESIAN_POINT ( 'NONE',  ( -1.279999999999998694, 0.7916666666666665186, 0.6400000000000001243 ) ) ;
#5677 = EDGE_CURVE ( 'NONE', #342, #5233, #6872, .T. ) ;
#5678 = ADVANCED_FACE ( 'NONE', ( #3556 ), #5871, .F. ) ;
#5679 = PRODUCT_DEFINITION_FORMATION_WITH_SPECIFIED_SOURCE ( 'ANY', '', #3008, .NOT_KNOWN. ) ;
#5680 = FACE_OUTER_BOUND ( 'NONE', #412, .T. ) ;
#5681 = VECTOR ( 'NONE', #42, 1000.000000000000000 ) ;
#5682 = ORIENTED_EDGE ( 'NONE', *, *, #5225, .F. ) ;
#5683 = CARTESIAN_POINT ( 'NONE',  ( -2.990000000000000213, 1.000000000000000000, -2.899999999999999911 ) ) ;
#5684 = ORIENTED_EDGE ( 'NONE', *, *, #6754, .T. ) ;
#5685 = FACE_OUTER_BOUND ( 'NONE', #504, .T. ) ;
#5686 = DIRECTION ( 'NONE',  ( 0.0000000000000000000, 0.0000000000000000000, 1.000000000000000000 ) ) ;
#5687 = DIRECTION ( 'NONE',  ( -1.000000000000000000, 0.0000000000000000000, 0.0000000000000000000 ) ) ;
#5688 = CIRCLE ( 'NONE', #5794, 0.6500000000000000222 ) ;
#5689 = EDGE_CURVE ( 'NONE', #2109, #5856, #3040, .T. ) ;
#5690 = CARTESIAN_POINT ( 'NONE',  ( -1.237959214485629289, 1.534357598845912829, 0.6400000000000001243 ) ) ;
#5691 = VERTEX_POINT ( 'NONE', #4709 ) ;
#5692 = CARTESIAN_POINT ( 'NONE',  ( -0.8199999999999999512, 6.779999999999999361, -3.660000000000000142 ) ) ;
#5693 = VERTEX_POINT ( 'NONE', #298 ) ;
#5694 = CIRCLE ( 'NONE', #2100, 0.5000000000000000000 ) ;
#5695 = CARTESIAN_POINT ( 'NONE',  ( 3.666666666667149688, 1.720000000000000639, -0.6400000000000001243 ) ) ;
#5696 = CARTESIAN_POINT ( 'NONE',  ( 1.279999999999998694, 0.0000000000000000000, 0.6400000000000001243 ) ) ;
#5697 = DIRECTION ( 'NONE',  ( -1.000000000000000000, 0.0000000000000000000, 9.510545372679868754E-17 ) ) ;
#5698 = VERTEX_POINT ( 'NONE', #2540 ) ;
#5699 = CARTESIAN_POINT ( 'NONE',  ( 2.166666666666661634, 4.279999999999995808, -0.6400000000000001243 ) ) ;
#5700 = DIRECTION ( 'NONE',  ( 1.000000000000000000, 0.0000000000000000000, 0.0000000000000000000 ) ) ;
#5701 = CARTESIAN_POINT ( 'NONE',  ( 1.820000000000000062, 10.90000000000000036, -4.597157890324959695 ) ) ;
#5702 = SURFACE_STYLE_USAGE ( .BOTH. , #3491 ) ;
#5703 = DIRECTION ( 'NONE',  ( 0.0000000000000000000, 0.0000000000000000000, 1.000000000000000000 ) ) ;
#5704 = VERTEX_POINT ( 'NONE', #734 ) ;
#5705 = DIRECTION ( 'NONE',  ( -6.914672651895809708E-32, 1.000000000000000000, 1.913297951445009840E-16 ) ) ;
#5706 = CARTESIAN_POINT ( 'NONE',  ( -1.820000000000000062, 12.37975568869732079, -4.597157890324970353 ) ) ;
#5707 = CARTESIAN_POINT ( 'NONE',  ( -2.550000000000000266, 1.000000000000000000, 0.5699999999999999512 ) ) ;
#5708 = CARTESIAN_POINT ( 'NONE',  ( 2.166666666666661634, 4.279999999999995808, -0.6400000000000001243 ) ) ;
#5709 = EDGE_LOOP ( 'NONE', ( #3891, #4261, #6701, #6238 ) ) ;
#5710 = CARTESIAN_POINT ( 'NONE',  ( -3.510000000000000231, 12.40000000000000036, 2.949999999999999734 ) ) ;
#5711 = ORIENTED_EDGE ( 'NONE', *, *, #6002, .F. ) ;
#5712 = EDGE_LOOP ( 'NONE', ( #903, #2754, #5127, #2413, #5562, #1985, #4931, #6951, #4945 ) ) ;
#5713 = EDGE_CURVE ( 'NONE', #1688, #2054, #1751, .T. ) ;
#5714 = CARTESIAN_POINT ( 'NONE',  ( -2.168404344971009854E-16, 0.0000000000000000000, 0.0000000000000000000 ) ) ;
#5715 = PRODUCT_DEFINITION ( 'UNKNOWN', '', #900, #5352 ) ;
#5716 = LINE ( 'NONE', #6305, #1317 ) ;
#5717 = CARTESIAN_POINT ( 'NONE',  ( 0.9925722314144990177, 2.747494155725414888, 0.6400000000000000133 ) ) ;
#5718 = EDGE_LOOP ( 'NONE', ( #4083, #2914 ) ) ;
#5719 = DIRECTION ( 'NONE',  ( 0.0000000000000000000, -1.000000000000000000, -1.180083997263133724E-16 ) ) ;
#5720 = ORIENTED_EDGE ( 'NONE', *, *, #517, .T. ) ;
#5721 = EDGE_CURVE ( 'NONE', #3299, #2213, #6617, .T. ) ;
#5722 = UNCERTAINTY_MEASURE_WITH_UNIT (LENGTH_MEASURE( 1.000000000000000082E-05 ), #5554, 'distance_accuracy_value', 'NONE');
#5723 = EDGE_CURVE ( 'NONE', #1500, #1385, #1042, .T. ) ;
#5724 = CARTESIAN_POINT ( 'NONE',  ( 2.166666666666661634, 4.279999999999995808, 0.6400000000000001243 ) ) ;
#5725 = CARTESIAN_POINT ( 'NONE',  ( 1.279999999999998694, 0.8333333333333348136, 0.6400000000000001243 ) ) ;
#5726 = APPLICATION_CONTEXT ( 'automotive_design' ) ;
#5727 = CARTESIAN_POINT ( 'NONE',  ( 2.166666666666661634, 1.720000000000000639, 0.6400000000000001243 ) ) ;
#5728 = ORIENTED_EDGE ( 'NONE', *, *, #3960, .F. ) ;
#5729 = CARTESIAN_POINT ( 'NONE',  ( -0.5699999999999999512, -2.700000000000000178, -0.5699999999999999512 ) ) ;
#5730 = ORIENTED_EDGE ( 'NONE', *, *, #3822, .F. ) ;
#5731 = LINE ( 'NONE', #4771, #5743 ) ;
#5732 = ADVANCED_FACE ( 'NONE', ( #1624 ), #6466, .F. ) ;
#5733 = ORIENTED_EDGE ( 'NONE', *, *, #3908, .F. ) ;
#5734 = CARTESIAN_POINT ( 'NONE',  ( 5.421010862427519705E-17, 0.7916666666666679619, -0.6400000000000000133 ) ) ;
#5735 = FILL_AREA_STYLE ('',( #5081 ) ) ;
#5736 = FACE_OUTER_BOUND ( 'NONE', #749, .T. ) ;
#5737 = CARTESIAN_POINT ( 'NONE',  ( -2.709999999999999964, 6.299999999999999822, 2.949999999999999734 ) ) ;
#5738 = DIRECTION ( 'NONE',  ( -1.000000000000000000, 0.0000000000000000000, -3.614007241618350250E-16 ) ) ;
#5739 = CARTESIAN_POINT ( 'NONE',  ( 8.181166715707110070E-06, 1.065449717618472070, 0.6400000000000000133 ) ) ;
#5740 = FACE_OUTER_BOUND ( 'NONE', #2940, .T. ) ;
#5741 = FACE_OUTER_BOUND ( 'NONE', #1502, .T. ) ;
#5742 = CARTESIAN_POINT ( 'NONE',  ( -1.253710207020000578, 1.428108665313539083, -0.6400000000000001243 ) ) ;
#5743 = VECTOR ( 'NONE', #5180, 1000.000000000000000 ) ;
#5744 = VECTOR ( 'NONE', #1118, 1000.000000000000000 ) ;
#5745 = ORIENTED_EDGE ( 'NONE', *, *, #3052, .T. ) ;
#5746 = CARTESIAN_POINT ( 'NONE',  ( 1.409999999999999920, 0.2999999999999999889, -0.5699999999999999512 ) ) ;
#5747 = VERTEX_POINT ( 'NONE', #1588 ) ;
#5748 = DIRECTION ( 'NONE',  ( -3.336006684570780143E-16, -1.000000000000000000, 1.867108438696564983E-33 ) ) ;
#5749 = AXIS2_PLACEMENT_3D ( 'NONE', #3436, #1885, #4110 ) ;
#5750 = CARTESIAN_POINT ( 'NONE',  ( -1.150000000000000133, 8.312216655722205180E-17, 1.408343819019456028E-16 ) ) ;
#5751 = FACE_OUTER_BOUND ( 'NONE', #978, .T. ) ;
#5752 = CARTESIAN_POINT ( 'NONE',  ( 1.738958130906365085, 2.983969638426825277, 0.6400000000000000133 ) ) ;
#5753 = CIRCLE ( 'NONE', #404, 2.649999999999999911 ) ;
#5754 = AXIS2_PLACEMENT_3D ( 'NONE', #2785, #4388, #6606 ) ;
#5755 = CARTESIAN_POINT ( 'NONE',  ( -1.279999999999998694, 0.9166666666666598573, 0.6400000000000001243 ) ) ;
#5756 = ORIENTED_EDGE ( 'NONE', *, *, #4124, .F. ) ;
#5757 = DIRECTION ( 'NONE',  ( 3.798227098303920342E-65, -1.867108438696574904E-33, 1.000000000000000000 ) ) ;
#5758 = VECTOR ( 'NONE', #5341, 1000.000000000000000 ) ;
#5759 = CARTESIAN_POINT ( 'NONE',  ( 0.3478184595197764128, 3.865890415389723334, -0.6400000000000001243 ) ) ;
#5760 = CARTESIAN_POINT ( 'NONE',  ( 3.666666666667149688, 1.720000000000000639, 0.6400000000000001243 ) ) ;
#5761 = EDGE_CURVE ( 'NONE', #1084, #1786, #2431, .T. ) ;
#5762 = CARTESIAN_POINT ( 'NONE',  ( 1.279999999999998694, 0.9166666666666598573, 0.6400000000000001243 ) ) ;
#5763 = ORIENTED_EDGE ( 'NONE', *, *, #6341, .F. ) ;
#5764 = ORIENTED_EDGE ( 'NONE', *, *, #4882, .T. ) ;
#5765 = ORIENTED_EDGE ( 'NONE', *, *, #2619, .T. ) ;
#5766 = VECTOR ( 'NONE', #2638, 1000.000000000000000 ) ;
#5767 = CARTESIAN_POINT ( 'NONE',  ( -2.609999999999999876, 12.40000000000000036, 4.349999999999999645 ) ) ;
#5768 = PLANE ( 'NONE',  #5396 ) ;
#5769 = CARTESIAN_POINT ( 'NONE',  ( 0.5000000000000000000, 10.90000000000000036, -4.597157890324959695 ) ) ;
#5770 = EDGE_CURVE ( 'NONE', #440, #1688, #4866, .T. ) ;
#5771 = ORIENTED_EDGE ( 'NONE', *, *, #343, .T. ) ;
#5772 = AXIS2_PLACEMENT_3D ( 'NONE', #3534, #5748, #750 ) ;
#5773 = CARTESIAN_POINT ( 'NONE',  ( 1.149999999999999689, -2.107978143891148592E-16, 9.335542193482823205E-34 ) ) ;
#5774 = CARTESIAN_POINT ( 'NONE',  ( 1.279999999999998694, 0.9166666666666598573, 0.6400000000000001243 ) ) ;
#5775 = FACE_OUTER_BOUND ( 'NONE', #6571, .T. ) ;
#5776 = DIRECTION ( 'NONE',  ( 3.336006684570780143E-16, 1.000000000000000000, -1.867108438696574904E-33 ) ) ;
#5777 = AXIS2_PLACEMENT_3D ( 'NONE', #2977, #1332, #6906 ) ;
#5778 = CARTESIAN_POINT ( 'NONE',  ( 0.4006670468120259732, 2.229094171558219983, 0.6400000000000000133 ) ) ;
#5779 = ORIENTED_EDGE ( 'NONE', *, *, #4732, .F. ) ;
#5780 = LINE ( 'NONE', #6481, #3215 ) ;
#5781 = VERTEX_POINT ( 'NONE', #1518 ) ;
#5782 = DIRECTION ( 'NONE',  ( 1.000000000000000000, 0.0000000000000000000, 0.0000000000000000000 ) ) ;
#5783 = AXIS2_PLACEMENT_3D ( 'NONE', #6474, #3745, #5959 ) ;
#5784 = CARTESIAN_POINT ( 'NONE',  ( -0.4500000000000000111, 13.40000000000000036, -1.110000000000000098 ) ) ;
#5785 = ORIENTED_EDGE ( 'NONE', *, *, #2926, .T. ) ;
#5786 = CARTESIAN_POINT ( 'NONE',  ( 0.003213581817323064773, 1.130852527098471949, 0.6400000000000000133 ) ) ;
#5787 = CIRCLE ( 'NONE', #4059, 0.2999999999999999334 ) ;
#5788 = AXIS2_PLACEMENT_3D ( 'NONE', #6506, #4288, #5437 ) ;
#5789 = CARTESIAN_POINT ( 'NONE',  ( -1.279999999999998694, 0.3333333333333334259, 0.6400000000000001243 ) ) ;
#5790 = ORIENTED_EDGE ( 'NONE', *, *, #145, .T. ) ;
#5791 = CARTESIAN_POINT ( 'NONE',  ( 0.5699999999999999512, 9.900000000000000355, -0.5699999999999999512 ) ) ;
#5792 = ORIENTED_EDGE ( 'NONE', *, *, #4783, .F. ) ;
#5793 = CARTESIAN_POINT ( 'NONE',  ( -3.959999999999999964, 7.200000000000000178, -3.290000000000000036 ) ) ;
#5794 = AXIS2_PLACEMENT_3D ( 'NONE', #6033, #7160, #3195 ) ;
#5795 = CARTESIAN_POINT ( 'NONE',  ( -0.6229060432282556015, 3.015714441355473951, 0.6400000000000001243 ) ) ;
#5796 = CARTESIAN_POINT ( 'NONE',  ( 1.637326003309222955, 1.629097896061105999, 0.6400000000000001243 ) ) ;
#5797 = CARTESIAN_POINT ( 'NONE',  ( 1.279999999999998694, 0.3333333333333334259, 0.6400000000000001243 ) ) ;
#5798 = ORIENTED_EDGE ( 'NONE', *, *, #6216, .F. ) ;
#5799 = LINE ( 'NONE', #3037, #4711 ) ;
#5800 = VERTEX_POINT ( 'NONE', #3696 ) ;
#5801 = EDGE_CURVE ( 'NONE', #2849, #7198, #5475, .T. ) ;
#5802 = VERTEX_POINT ( 'NONE', #4817 ) ;
#5803 = EDGE_CURVE ( 'NONE', #4986, #2485, #895, .T. ) ;
#5804 = EDGE_CURVE ( 'NONE', #5159, #2945, #6957, .T. ) ;
#5805 = CARTESIAN_POINT ( 'NONE',  ( 2.000000000000000000, 3.000000000000000000, 0.0000000000000000000 ) ) ;
#5806 = DIRECTION ( 'NONE',  ( -1.000000000000000000, 0.0000000000000000000, 0.0000000000000000000 ) ) ;
#5807 = DIRECTION ( 'NONE',  ( 1.000000000000000000, 1.927470528863120133E-15, 0.0000000000000000000 ) ) ;
#5808 = EDGE_LOOP ( 'NONE', ( #6464, #4366, #3974, #594 ) ) ;
#5809 = CARTESIAN_POINT ( 'NONE',  ( -2.609999999999999876, 12.40000000000000036, 4.649999999999999467 ) ) ;
#5810 = EDGE_CURVE ( 'NONE', #6573, #254, #5329, .T. ) ;
#5811 = CARTESIAN_POINT ( 'NONE',  ( 1.882701990497236633, 1.710771534887084000, -0.6400000000000001243 ) ) ;
#5812 = EDGE_CURVE ( 'NONE', #111, #5269, #4932, .T. ) ;
#5813 = FACE_OUTER_BOUND ( 'NONE', #1357, .T. ) ;
#5814 = CARTESIAN_POINT ( 'NONE',  ( 2.000000000000000000, 3.000000000000000000, 0.0000000000000000000 ) ) ;
#5815 = CARTESIAN_POINT ( 'NONE',  ( 2.333333333333299731, 4.279999999999995808, 0.6400000000000001243 ) ) ;
#5816 = DIRECTION ( 'NONE',  ( 1.000000000000000000, 0.0000000000000000000, -1.661612524881999902E-16 ) ) ;
#5817 = CARTESIAN_POINT ( 'NONE',  ( 1.820000000000000062, 6.779999999999999361, -3.660000000000000142 ) ) ;
#5818 = ORIENTED_EDGE ( 'NONE', *, *, #1578, .T. ) ;
#5819 = CARTESIAN_POINT ( 'NONE',  ( -2.709999999999999964, 0.0000000000000000000, 2.949999999999999734 ) ) ;
#5820 = CARTESIAN_POINT ( 'NONE',  ( -2.609999999999999876, 12.40000000000000036, 4.649999999999999467 ) ) ;
#5821 = ADVANCED_FACE ( 'NONE', ( #2069 ), #7088, .T. ) ;
#5822 = CARTESIAN_POINT ( 'NONE',  ( 4.000000000000000000, 3.000000000000000000, 0.0000000000000000000 ) ) ;
#5823 = VERTEX_POINT ( 'NONE', #3776 ) ;
#5824 = CARTESIAN_POINT ( 'NONE',  ( 2.550000000000000266, 1.000000000000000000, 0.5699999999999999512 ) ) ;
#5825 = EDGE_LOOP ( 'NONE', ( #5745, #5552, #1061, #1695 ) ) ;
#5826 = CARTESIAN_POINT ( 'NONE',  ( 1.409999999999999920, 0.2999999999999999889, -0.5699999999999999512 ) ) ;
#5827 = CARTESIAN_POINT ( 'NONE',  ( 1.738958130906359978, 2.983969638426825277, 0.6400000000000000133 ) ) ;
#5828 = EDGE_LOOP ( 'NONE', ( #3141, #612, #3228, #5495 ) ) ;
#5829 = CARTESIAN_POINT ( 'NONE',  ( -1.626303258728255172E-16, 0.9999999999999850120, 0.0000000000000000000 ) ) ;
#5830 = VERTEX_POINT ( 'NONE', #5990 ) ;
#5831 = ORIENTED_EDGE ( 'NONE', *, *, #535, .F. ) ;
#5832 = CARTESIAN_POINT ( 'NONE',  ( 2.550000000000000266, 0.2999999999999999889, 0.5699999999999999512 ) ) ;
#5833 = LINE ( 'NONE', #837, #4488 ) ;
#5834 = DIRECTION ( 'NONE',  ( 1.000000000000000000, 0.0000000000000000000, 5.782411586589360597E-16 ) ) ;
#5835 = FACE_OUTER_BOUND ( 'NONE', #5266, .T. ) ;
#5836 = ADVANCED_FACE ( 'NONE', ( #3883 ), #4571, .T. ) ;
#5837 = EDGE_LOOP ( 'NONE', ( #296, #1986, #6236, #54, #4205 ) ) ;
#5838 = DIRECTION ( 'NONE',  ( 1.000000000000000000, 0.0000000000000000000, 0.0000000000000000000 ) ) ;
#5839 = CARTESIAN_POINT ( 'NONE',  ( 1.281156889454226677, 1.047106909755452397, 0.6400000000000001243 ) ) ;
#5840 = CARTESIAN_POINT ( 'NONE',  ( 2.041666584331814693, 3.000005208292495062, 0.6400000000000000133 ) ) ;
#5841 = LINE ( 'NONE', #5299, #764 ) ;
#5842 = DIRECTION ( 'NONE',  ( 0.0000000000000000000, 1.059417382207071904E-16, -1.000000000000000000 ) ) ;
#5843 = LINE ( 'NONE', #6437, #1212 ) ;
#5844 = EDGE_CURVE ( 'NONE', #5641, #4416, #5615, .T. ) ;
#5845 = ORIENTED_EDGE ( 'NONE', *, *, #2168, .F. ) ;
#5846 = EDGE_CURVE ( 'NONE', #7006, #2377, #4543, .T. ) ;
#5847 = CARTESIAN_POINT ( 'NONE',  ( 3.510000000000000231, 13.40000000000000036, -1.110000000000000098 ) ) ;
#5848 = VERTEX_POINT ( 'NONE', #3405 ) ;
#5849 = DIRECTION ( 'NONE',  ( 0.0000000000000000000, -1.000000000000000000, 0.0000000000000000000 ) ) ;
#5850 = CARTESIAN_POINT ( 'NONE',  ( 5.421010862427519705E-17, 0.0000000000000000000, -0.6400000000000000133 ) ) ;
#5851 = LINE ( 'NONE', #3673, #3729 ) ;
#5852 = CIRCLE ( 'NONE', #43, 0.6250000000000001110 ) ;
#5853 = CARTESIAN_POINT ( 'NONE',  ( 1.869147472901550255, 2.996786418182679768, 0.6400000000000000133 ) ) ;
#5854 = ADVANCED_FACE ( 'NONE', ( #1108 ), #661, .F. ) ;
#5855 = CARTESIAN_POINT ( 'NONE',  ( 2.169999999999999929, 0.6800000000000000488, -0.1900000000000000022 ) ) ;
#5856 = VERTEX_POINT ( 'NONE', #4470 ) ;
#5857 = CIRCLE ( 'NONE', #2739, 1.149999999999999911 ) ;
#5858 = LINE ( 'NONE', #4345, #6712 ) ;
#5859 = ORIENTED_EDGE ( 'NONE', *, *, #488, .F. ) ;
#5860 = DIRECTION ( 'NONE',  ( 0.0000000000000000000, 0.0000000000000000000, 1.000000000000000000 ) ) ;
#5861 = UNCERTAINTY_MEASURE_WITH_UNIT (LENGTH_MEASURE( 1.000000000000000082E-05 ), #2208, 'distance_accuracy_value', 'NONE');
#5862 = CARTESIAN_POINT ( 'NONE',  ( -1.469999999999999973, 12.40000000000000036, 2.949999999999999734 ) ) ;
#5863 = DIRECTION ( 'NONE',  ( 0.0000000000000000000, 1.000000000000000000, 0.0000000000000000000 ) ) ;
#5864 = VECTOR ( 'NONE', #6818, 1000.000000000000000 ) ;
#5865 = CARTESIAN_POINT ( 'NONE',  ( 1.285770930166350690, 1.093975072873698995, -0.6400000000000001243 ) ) ;
#5866 = VECTOR ( 'NONE', #1414, 1000.000000000000000 ) ;
#5867 = ORIENTED_EDGE ( 'NONE', *, *, #5721, .F. ) ;
#5868 = LINE ( 'NONE', #6389, #1700 ) ;
#5869 = ORIENTED_EDGE ( 'NONE', *, *, #5770, .T. ) ;
#5870 = ORIENTED_EDGE ( 'NONE', *, *, #4792, .T. ) ;
#5871 = PLANE ( 'NONE',  #6622 ) ;
#5872 = PRESENTATION_STYLE_ASSIGNMENT (( #5220 ) ) ;
#5873 = LINE ( 'NONE', #3078, #2092 ) ;
#5874 = CARTESIAN_POINT ( 'NONE',  ( 8.181166715761320179E-06, 1.065449717618472070, -0.6400000000000000133 ) ) ;
#5875 = EDGE_LOOP ( 'NONE', ( #2685, #6470, #1091, #3090 ) ) ;
#5876 = DIRECTION ( 'NONE',  ( -1.000000000000000000, 0.0000000000000000000, 1.902109074535969807E-16 ) ) ;
#5877 = VECTOR ( 'NONE', #1868, 1000.000000000000000 ) ;
#5878 = CARTESIAN_POINT ( 'NONE',  ( 1.279999999999998694, 0.3333333333333334259, 0.6400000000000001243 ) ) ;
#5879 = CARTESIAN_POINT ( 'NONE',  ( 1.469999999999999973, 12.40000000000000036, 3.449999999999999734 ) ) ;
#5880 = EDGE_CURVE ( 'NONE', #1047, #3369, #3445, .T. ) ;
#5881 = DIRECTION ( 'NONE',  ( 0.0000000000000000000, 1.000000000000000000, 0.0000000000000000000 ) ) ;
#5882 = CARTESIAN_POINT ( 'NONE',  ( 0.0000000000000000000, 0.3333333333333330373, 0.6400000000000000133 ) ) ;
#5883 = LINE ( 'NONE', #204, #4592 ) ;
#5884 = AXIS2_PLACEMENT_3D ( 'NONE', #2212, #3975, #6194 ) ;
#5885 = ORIENTED_EDGE ( 'NONE', *, *, #103, .T. ) ;
#5886 = CARTESIAN_POINT ( 'NONE',  ( 3.409999999999999698, 0.0000000000000000000, -2.899999999999999911 ) ) ;
#5887 = ORIENTED_EDGE ( 'NONE', *, *, #6857, .F. ) ;
#5888 = CONTEXT_DEPENDENT_SHAPE_REPRESENTATION ( #4533, #27 ) ;
#5889 = CARTESIAN_POINT ( 'NONE',  ( -1.820000000000000062, 6.779999999999999361, -2.861285051386784684 ) ) ;
#5890 = DIRECTION ( 'NONE',  ( -3.336006684570780143E-16, -1.000000000000000000, 1.867108438696564983E-33 ) ) ;
#5891 = CIRCLE ( 'NONE', #4731, 1.149999999999999911 ) ;
#5892 = ADVANCED_FACE ( 'NONE', ( #563 ), #6762, .T. ) ;
#5893 = ADVANCED_FACE ( 'NONE', ( #79 ), #2896, .F. ) ;
#5894 = PRODUCT_DEFINITION ( 'UNKNOWN', '', #566, #3685 ) ;
#5895 = LINE ( 'NONE', #6557, #5996 ) ;
#5896 = CIRCLE ( 'NONE', #3933, 1.149999999999999911 ) ;
#5897 = ORIENTED_EDGE ( 'NONE', *, *, #5053, .T. ) ;
#5898 = LINE ( 'NONE', #6017, #5766 ) ;
#5899 = ORIENTED_EDGE ( 'NONE', *, *, #2539, .T. ) ;
#5900 = CARTESIAN_POINT ( 'NONE',  ( 1.214999999999999858, -9.368548013477249779E-17, 4.799999999999999822 ) ) ;
#5901 = CARTESIAN_POINT ( 'NONE',  ( -2.990000000000000213, 6.250000000000000000, -2.899999999999999911 ) ) ;
#5902 = EDGE_CURVE ( 'NONE', #5105, #2658, #4968, .T. ) ;
#5903 = COLOUR_RGB ( '',0.7921568627450980005, 0.8196078431372548767, 0.9333333333333333481 ) ;
#5904 = CARTESIAN_POINT ( 'NONE',  ( 0.1021084803288501985, 1.644336412802515079, 0.6400000000000000133 ) ) ;
#5905 = AXIS2_PLACEMENT_3D ( 'NONE', #5398, #4862, #2610 ) ;
#5906 = CARTESIAN_POINT ( 'NONE',  ( 0.01603036157317494839, 1.261041869093620038, -0.6400000000000000133 ) ) ;
#5907 = VERTEX_POINT ( 'NONE', #1213 ) ;
#5908 = DIRECTION ( 'NONE',  ( 0.0000000000000000000, -1.000000000000000000, 0.0000000000000000000 ) ) ;
#5909 = EDGE_LOOP ( 'NONE', ( #915, #591, #1471, #3367 ) ) ;
#5910 = AXIS2_PLACEMENT_3D ( 'NONE', #1156, #154, #5597 ) ;
#5911 = ORIENTED_EDGE ( 'NONE', *, *, #676, .T. ) ;
#5912 = EDGE_CURVE ( 'NONE', #6691, #337, #7191, .T. ) ;
#5913 = CARTESIAN_POINT ( 'NONE',  ( 2.083333333333345028, 3.000000000000000000, -0.6400000000000000133 ) ) ;
#5914 = PRESENTATION_STYLE_ASSIGNMENT (( #4139 ) ) ;
#5915 = VECTOR ( 'NONE', #5539, 1000.000000000000000 ) ;
#5916 = DIRECTION ( 'NONE',  ( 0.7071067811865480168, -0.7071067811865470176, 0.0000000000000000000 ) ) ;
#5917 = LINE ( 'NONE', #6508, #3321 ) ;
#5918 = ORIENTED_EDGE ( 'NONE', *, *, #1865, .T. ) ;
#5919 = CARTESIAN_POINT ( 'NONE',  ( -1.250000000000000000, 6.299999999999999822, 2.949999999999999734 ) ) ;
#5920 = MECHANICAL_DESIGN_GEOMETRIC_PRESENTATION_REPRESENTATION (  '', ( #6848 ), #3717 ) ;
#5921 = CARTESIAN_POINT ( 'NONE',  ( 2.208333333333344584, 3.000000000000000000, -0.6400000000000000133 ) ) ;
#5922 = PLANE ( 'NONE',  #1430 ) ;
#5923 = CARTESIAN_POINT ( 'NONE',  ( 0.8199999999999999512, 2.200000000000000178, -3.657157890324955307 ) ) ;
#5924 = DIRECTION ( 'NONE',  ( -0.9578262852211522071, -0.2873478855663425535, -9.109450344741181028E-17 ) ) ;
#5925 = CARTESIAN_POINT ( 'NONE',  ( -0.8199999999999999512, 6.779999999999999361, -2.861285051386784684 ) ) ;
#5926 = ORIENTED_EDGE ( 'NONE', *, *, #4315, .F. ) ;
#5927 = DIRECTION ( 'NONE',  ( 0.0000000000000000000, -1.000000000000000000, 0.0000000000000000000 ) ) ;
#5928 = DIRECTION ( 'NONE',  ( 0.0000000000000000000, -1.000000000000000000, 0.0000000000000000000 ) ) ;
#5929 = APPLICATION_PROTOCOL_DEFINITION ( 'draft international standard', 'automotive_design', 1998, #6477 ) ;
#5930 = DIRECTION ( 'NONE',  ( -1.000000000000000000, 0.0000000000000000000, 0.0000000000000000000 ) ) ;
#5931 = DIRECTION ( 'NONE',  ( -0.5773502691896257311, -0.5773502691896257311, 0.5773502691896257311 ) ) ;
#5932 = DIRECTION ( 'NONE',  ( 0.0000000000000000000, 0.0000000000000000000, 1.000000000000000000 ) ) ;
#5933 = CARTESIAN_POINT ( 'NONE',  ( 2.166666666666665186, 3.000000000000000000, 0.6400000000000000133 ) ) ;
#5934 = EDGE_CURVE ( 'NONE', #1159, #659, #2359, .T. ) ;
#5935 = ORIENTED_EDGE ( 'NONE', *, *, #5356, .F. ) ;
#5936 = DIRECTION ( 'NONE',  ( -1.000000000000000000, 0.0000000000000000000, 0.0000000000000000000 ) ) ;
#5937 = ORIENTED_EDGE ( 'NONE', *, *, #2829, .F. ) ;
#5938 = LINE ( 'NONE', #4918, #1206 ) ;
#5939 = CARTESIAN_POINT ( 'NONE',  ( -3.959999999999999964, 7.799999999999999822, -2.000000000000000000 ) ) ;
#5940 = LINE ( 'NONE', #4278, #678 ) ;
#5941 = CARTESIAN_POINT ( 'NONE',  ( 2.000000000000000000, 3.649999999999999911, 0.0000000000000000000 ) ) ;
#5942 = CARTESIAN_POINT ( 'NONE',  ( 0.003213581817323064773, 1.130852527098471949, -0.6400000000000000133 ) ) ;
#5943 = ORIENTED_EDGE ( 'NONE', *, *, #7069, .F. ) ;
#5944 = CARTESIAN_POINT ( 'NONE',  ( 5.421010862427519705E-17, 0.8333333333333369231, -0.6400000000000000133 ) ) ;
#5945 = EDGE_CURVE ( 'NONE', #1040, #4495, #2226, .T. ) ;
#5946 = ORIENTED_EDGE ( 'NONE', *, *, #3665, .T. ) ;
#5947 = ADVANCED_FACE ( 'NONE', ( #6651 ), #2489, .T. ) ;
#5948 = DIRECTION ( 'NONE',  ( -1.000000000000000000, 0.0000000000000000000, 4.713922489067409854E-16 ) ) ;
#5949 = ORIENTED_EDGE ( 'NONE', *, *, #1534, .T. ) ;
#5950 = EDGE_LOOP ( 'NONE', ( #3238, #3306, #3641, #1824, #3053, #1794, #2842, #5443, #3552 ) ) ;
#5951 = CARTESIAN_POINT ( 'NONE',  ( 1.281156889454226677, 1.047106909755452397, -0.6400000000000001243 ) ) ;
#5952 = DIRECTION ( 'NONE',  ( -0.9219821056073622678, -0.3872324843550896123, 0.0000000000000000000 ) ) ;
#5953 = DIRECTION ( 'NONE',  ( 2.065146995210484941E-16, 0.0000000000000000000, 1.000000000000000000 ) ) ;
#5954 = DIRECTION ( 'NONE',  ( 1.000000000000000000, 0.0000000000000000000, -1.902109074535969807E-16 ) ) ;
#5955 = ORIENTED_EDGE ( 'NONE', *, *, #5149, .F. ) ;
#5956 = ADVANCED_FACE ( 'NONE', ( #3601 ), #6475, .T. ) ;
#5957 = PLANE ( 'NONE',  #3465 ) ;
#5958 = CARTESIAN_POINT ( 'NONE',  ( 0.1021084803288501985, 1.644336412802515079, -0.6400000000000000133 ) ) ;
#5959 = DIRECTION ( 'NONE',  ( -1.000000000000000000, 0.0000000000000000000, 0.0000000000000000000 ) ) ;
#5960 = CARTESIAN_POINT ( 'NONE',  ( 1.820000000000000062, 3.649999999999999911, -3.660000000000000142 ) ) ;
#5961 =( REPRESENTATION_RELATIONSHIP ('NONE','NONE', #239, #5256 ) REPRESENTATION_RELATIONSHIP_WITH_TRANSFORMATION ( #893 )SHAPE_REPRESENTATION_RELATIONSHIP( ) );
#5962 = CARTESIAN_POINT ( 'NONE',  ( -0.5699999999999999512, 9.900000000000000355, -0.5699999999999999512 ) ) ;
#5963 = ORIENTED_EDGE ( 'NONE', *, *, #4972, .F. ) ;
#5964 = LINE ( 'NONE', #6655, #1694 ) ;
#5965 = DIRECTION ( 'NONE',  ( 0.0000000000000000000, 0.0000000000000000000, -1.000000000000000000 ) ) ;
#5966 = APPLICATION_PROTOCOL_DEFINITION ( 'draft international standard', 'automotive_design', 1998, #1909 ) ;
#5967 = DIRECTION ( 'NONE',  ( -1.000000000000000000, -2.390040721507735068E-31, -2.590197584029595383E-16 ) ) ;
#5968 = FACE_BOUND ( 'NONE', #586, .T. ) ;
#5969 = SURFACE_SIDE_STYLE ('',( #1019 ) ) ;
#5970 = CARTESIAN_POINT ( 'NONE',  ( -3.759999999999999787, 0.0000000000000000000, 2.100000000000000089 ) ) ;
#5971 = DIRECTION ( 'NONE',  ( -1.000000000000000000, 0.0000000000000000000, 0.0000000000000000000 ) ) ;
#5972 = EDGE_LOOP ( 'NONE', ( #2193, #6538, #1928, #1915 ) ) ;
#5973 = CARTESIAN_POINT ( 'NONE',  ( 0.0000000000000000000, 0.0000000000000000000, 0.0000000000000000000 ) ) ;
#5974 = ORIENTED_EDGE ( 'NONE', *, *, #5183, .F. ) ;
#5975 = AXIS2_PLACEMENT_3D ( 'NONE', #1852, #58, #1745 ) ;
#5976 = CARTESIAN_POINT ( 'NONE',  ( -4.336808689942014778E-16, 0.9999999999999850120, 0.0000000000000000000 ) ) ;
#5977 = CARTESIAN_POINT ( 'NONE',  ( -1.820000000000000062, 2.712842109675049684, -5.110000000000000320 ) ) ;
#5978 = CARTESIAN_POINT ( 'NONE',  ( 2.000000000000000000, 4.150000000000000355, 5.881391581894210607E-33 ) ) ;
#5979 = CARTESIAN_POINT ( 'NONE',  ( -1.820000000000000062, 10.90000000000000036, -5.660000000000000142 ) ) ;
#5980 = CARTESIAN_POINT ( 'NONE',  ( 0.02563462531364095118, 1.325827804174342095, -0.6400000000000000133 ) ) ;
#5981 = CIRCLE ( 'NONE', #1566, 0.6500000000000000222 ) ;
#5982 = ORIENTED_EDGE ( 'NONE', *, *, #1495, .F. ) ;
#5983 = CARTESIAN_POINT ( 'NONE',  ( 1.952893090244558039, 1.718843110545767106, -0.6400000000000001243 ) ) ;
#5984 = ORIENTED_EDGE ( 'NONE', *, *, #235, .F. ) ;
#5985 = FACE_OUTER_BOUND ( 'NONE', #1760, .T. ) ;
#5986 = ORIENTED_EDGE ( 'NONE', *, *, #6664, .F. ) ;
#5987 = ORIENTED_EDGE ( 'NONE', *, *, #6804, .F. ) ;
#5988 = CARTESIAN_POINT ( 'NONE',  ( 2.028333303692779754, 1.720001874985300772, 0.6400000000000001243 ) ) ;
#5989 = ADVANCED_FACE ( 'NONE', ( #5259 ), #267, .F. ) ;
#5990 = CARTESIAN_POINT ( 'NONE',  ( 1.820000000000000062, 6.779999999999999361, -2.861285051386784684 ) ) ;
#5991 = ADVANCED_FACE ( 'NONE', ( #4186 ), #6404, .F. ) ;
#5992 = CARTESIAN_POINT ( 'NONE',  ( 1.820000000000000062, 11.90000000000000036, -3.660000000000000142 ) ) ;
#5993 = ADVANCED_FACE ( 'NONE', ( #4220 ), #2235, .F. ) ;
#5994 = DIRECTION ( 'NONE',  ( 0.0000000000000000000, 0.0000000000000000000, 1.000000000000000000 ) ) ;
#5995 = CARTESIAN_POINT ( 'NONE',  ( 1.820000000000000062, 2.200000000000000178, -4.597157890324959695 ) ) ;
#5996 = VECTOR ( 'NONE', #7070, 1000.000000000000000 ) ;
#5997 = VECTOR ( 'NONE', #5464, 1000.000000000000000 ) ;
#5998 = CARTESIAN_POINT ( 'NONE',  ( 8.181166715707110070E-06, 1.065449717618472070, 0.6400000000000000133 ) ) ;
#5999 = CARTESIAN_POINT ( 'NONE',  ( 2.208333333333345916, 1.720000000000000639, -0.6400000000000001243 ) ) ;
#6000 = COLOUR_RGB ( '',1.000000000000000000, 0.8117647058823529438, 0.5019607843137254832 ) ;
#6001 = DIRECTION ( 'NONE',  ( 0.0000000000000000000, 0.0000000000000000000, 1.000000000000000000 ) ) ;
#6002 = EDGE_CURVE ( 'NONE', #6684, #1469, #6003, .T. ) ;
#6003 = LINE ( 'NONE', #2734, #4418 ) ;
#6004 = ORIENTED_EDGE ( 'NONE', *, *, #2142, .F. ) ;
#6005 = CARTESIAN_POINT ( 'NONE',  ( -3.510000000000000231, 12.40000000000000036, 2.949999999999999734 ) ) ;
#6006 = ORIENTED_EDGE ( 'NONE', *, *, #4450, .T. ) ;
#6007 = AXIS2_PLACEMENT_3D ( 'NONE', #3845, #4322, #1470 ) ;
#6008 = DIRECTION ( 'NONE',  ( 3.614007241618350250E-16, 0.0000000000000000000, -1.000000000000000000 ) ) ;
#6009 = CARTESIAN_POINT ( 'NONE',  ( -1.820000000000000062, 13.40000000000000036, -1.909999999999999920 ) ) ;
#6010 = CARTESIAN_POINT ( 'NONE',  ( -3.510000000000000231, 12.40000000000000036, -1.110000000000000098 ) ) ;
#6011 =( LENGTH_UNIT ( ) NAMED_UNIT ( * ) SI_UNIT ( .MILLI., .METRE. ) );
#6012 = APPLICATION_CONTEXT ( 'automotive_design' ) ;
#6013 = CARTESIAN_POINT ( 'NONE',  ( 4.009999999999999787, 6.250000000000000000, -2.899999999999999911 ) ) ;
#6014 = VECTOR ( 'NONE', #5277, 1000.000000000000000 ) ;
#6015 = CARTESIAN_POINT ( 'NONE',  ( 2.208333333333349913, 3.000000000000000000, 0.6400000000000000133 ) ) ;
#6016 = VERTEX_POINT ( 'NONE', #6042 ) ;
#6017 = CARTESIAN_POINT ( 'NONE',  ( -1.820000000000000062, 10.90000000000000036, -5.660000000000000142 ) ) ;
#6018 = VERTEX_POINT ( 'NONE', #467 ) ;
#6019 = AXIS2_PLACEMENT_3D ( 'NONE', #2369, #3526, #4679 ) ;
#6020 = PLANE ( 'NONE',  #741 ) ;
#6021 = DIRECTION ( 'NONE',  ( -1.000000000000000000, 0.0000000000000000000, 1.902109074535969807E-16 ) ) ;
#6022 = CARTESIAN_POINT ( 'NONE',  ( 0.0000000000000000000, 0.5833333333333329263, 0.6400000000000000133 ) ) ;
#6023 = CARTESIAN_POINT ( 'NONE',  ( 1.281156889454226677, 1.047106909755452397, -0.6400000000000001243 ) ) ;
#6024 = VECTOR ( 'NONE', #4185, 1000.000000000000000 ) ;
#6025 = CARTESIAN_POINT ( 'NONE',  ( 1.557526098239063295, 1.575759863147669027, -0.6400000000000001243 ) ) ;
#6026 = ORIENTED_EDGE ( 'NONE', *, *, #6977, .F. ) ;
#6027 = PLANE ( 'NONE',  #6007 ) ;
#6028 = ORIENTED_EDGE ( 'NONE', *, *, #1137, .T. ) ;
#6029 = VERTEX_POINT ( 'NONE', #3858 ) ;
#6030 = CARTESIAN_POINT ( 'NONE',  ( 2.666666666666638541, 1.720000000000000639, 0.6400000000000001243 ) ) ;
#6031 = CARTESIAN_POINT ( 'NONE',  ( 2.416666666666674956, 3.000000000000000000, -0.6400000000000000133 ) ) ;
#6032 = CARTESIAN_POINT ( 'NONE',  ( -1.820000000000000062, 8.224999999999999645, -2.409999999999999698 ) ) ;
#6033 = CARTESIAN_POINT ( 'NONE',  ( -2.168404344971009854E-16, 0.0000000000000000000, 0.0000000000000000000 ) ) ;
#6034 = CARTESIAN_POINT ( 'NONE',  ( -0.4500000000000000111, 12.40000000000000036, 2.949999999999999734 ) ) ;
#6035 = ORIENTED_EDGE ( 'NONE', *, *, #2399, .F. ) ;
#6036 = EDGE_CURVE ( 'NONE', #5132, #2138, #4983, .T. ) ;
#6037 = EDGE_CURVE ( 'NONE', #593, #1025, #4446, .T. ) ;
#6038 = CARTESIAN_POINT ( 'NONE',  ( 1.869147472901544926, 2.996786418182679768, 0.6400000000000000133 ) ) ;
#6039 = CARTESIAN_POINT ( 'NONE',  ( 2.333333333333299731, 1.720000000000000639, -0.6400000000000001243 ) ) ;
#6040 = VECTOR ( 'NONE', #6291, 1000.000000000000000 ) ;
#6041 = CARTESIAN_POINT ( 'NONE',  ( -1.409999999999999920, 0.2999999999999999889, 0.5699999999999999512 ) ) ;
#6042 = CARTESIAN_POINT ( 'NONE',  ( -2.550000000000000266, 0.2999999999999999889, -0.5699999999999999512 ) ) ;
#6043 = ORIENTED_EDGE ( 'NONE', *, *, #3734, .T. ) ;
#6044 = CARTESIAN_POINT ( 'NONE',  ( 1.820000000000000062, 11.90000000000000036, -3.660000000000000142 ) ) ;
#6045 = ORIENTED_EDGE ( 'NONE', *, *, #5553, .T. ) ;
#6046 = CIRCLE ( 'NONE', #6158, 0.6250000000000001110 ) ;
#6047 = EDGE_CURVE ( 'NONE', #1736, #5641, #3785, .T. ) ;
#6048 = EDGE_CURVE ( 'NONE', #4416, #6905, #1600, .T. ) ;
#6049 = LINE ( 'NONE', #6596, #2653 ) ;
#6050 = CONTEXT_DEPENDENT_SHAPE_REPRESENTATION ( #980, #4002 ) ;
#6051 = CARTESIAN_POINT ( 'NONE',  ( 1.469999999999999973, 13.40000000000000036, 3.449999999999999734 ) ) ;
#6052 = CARTESIAN_POINT ( 'NONE',  ( 4.009999999999999787, 0.0000000000000000000, 3.350000000000000089 ) ) ;
#6053 = SURFACE_SIDE_STYLE ('',( #2087 ) ) ;
#6054 = CARTESIAN_POINT ( 'NONE',  ( 2.833333333333285076, 3.000000000000000000, 0.6400000000000000133 ) ) ;
#6055 = ORIENTED_EDGE ( 'NONE', *, *, #5812, .F. ) ;
#6056 = ADVANCED_FACE ( 'NONE', ( #7132 ), #503, .F. ) ;
#6057 = LINE ( 'NONE', #1062, #6361 ) ;
#6058 = ORIENTED_EDGE ( 'NONE', *, *, #2133, .F. ) ;
#6059 = CARTESIAN_POINT ( 'NONE',  ( -2.700000000000000178, 9.400000000000000355, -2.000000000000000000 ) ) ;
#6060 = LINE ( 'NONE', #1065, #3489 ) ;
#6061 = CARTESIAN_POINT ( 'NONE',  ( 0.01603036157317500043, 1.261041869093620038, 0.6400000000000000133 ) ) ;
#6062 = CARTESIAN_POINT ( 'NONE',  ( 2.054999864970847856, 4.280008541599678473, -0.6400000000000001243 ) ) ;
#6063 = ORIENTED_EDGE ( 'NONE', *, *, #5844, .F. ) ;
#6064 = FACE_OUTER_BOUND ( 'NONE', #6533, .T. ) ;
#6065 = ORIENTED_EDGE ( 'NONE', *, *, #2581, .F. ) ;
#6066 = ORIENTED_EDGE ( 'NONE', *, *, #2954, .T. ) ;
#6067 =( REPRESENTATION_RELATIONSHIP ('NONE','NONE', #239, #11 ) REPRESENTATION_RELATIONSHIP_WITH_TRANSFORMATION ( #5527 )SHAPE_REPRESENTATION_RELATIONSHIP( ) );
#6068 = CARTESIAN_POINT ( 'NONE',  ( 1.424240136852308325, 1.442473901760956023, 0.6400000000000001243 ) ) ;
#6069 = CARTESIAN_POINT ( 'NONE',  ( -5.421010862427519705E-17, 0.6666666666666680729, 0.6400000000000000133 ) ) ;
#6070 = DIRECTION ( 'NONE',  ( 0.0000000000000000000, 0.0000000000000000000, 1.000000000000000000 ) ) ;
#6071 = FACE_OUTER_BOUND ( 'NONE', #6616, .T. ) ;
#6072 = CARTESIAN_POINT ( 'NONE',  ( 2.208333333333344584, 3.000000000000000000, -0.6400000000000000133 ) ) ;
#6073 = ORIENTED_EDGE ( 'NONE', *, *, #288, .T. ) ;
#6074 = CARTESIAN_POINT ( 'NONE',  ( 3.333333333333423187, 4.279999999999995808, 0.6400000000000001243 ) ) ;
#6075 = CARTESIAN_POINT ( 'NONE',  ( -1.253710207020000578, 1.428108665313539083, -0.6400000000000001243 ) ) ;
#6076 = CARTESIAN_POINT ( 'NONE',  ( 2.666666666666639873, 3.000000000000000000, 0.6400000000000000133 ) ) ;
#6077 = CARTESIAN_POINT ( 'NONE',  ( 2.550000000000000266, -4.336808689942014778E-16, -0.5699999999999999512 ) ) ;
#6078 = DIRECTION ( 'NONE',  ( 0.0000000000000000000, 0.0000000000000000000, 1.000000000000000000 ) ) ;
#6079 = EDGE_CURVE ( 'NONE', #4051, #6691, #6112, .T. ) ;
#6080 = ORIENTED_EDGE ( 'NONE', *, *, #5544, .T. ) ;
#6081 = PLANE ( 'NONE',  #3317 ) ;
#6082 = VERTEX_POINT ( 'NONE', #7169 ) ;
#6083 = CARTESIAN_POINT ( 'NONE',  ( 3.459999999999999964, 0.0000000000000000000, -2.000000000000000000 ) ) ;
#6084 = CARTESIAN_POINT ( 'NONE',  ( -3.959999999999999964, 7.799999999999999822, -3.840000000000000302 ) ) ;
#6085 = EDGE_CURVE ( 'NONE', #5139, #4246, #3203, .T. ) ;
#6086 = EDGE_CURVE ( 'NONE', #6269, #2884, #6149, .T. ) ;
#6087 = CARTESIAN_POINT ( 'NONE',  ( 2.000000000000000000, 3.000000000000000000, 0.0000000000000000000 ) ) ;
#6088 = EDGE_LOOP ( 'NONE', ( #6623, #1427, #3818, #1711 ) ) ;
#6089 = PRODUCT_DEFINITION_SHAPE ( 'NONE', 'NONE',  #850 ) ;
#6090 = CARTESIAN_POINT ( 'NONE',  ( -0.5699999999999999512, -3.700000000000000178, 0.5699999999999999512 ) ) ;
#6091 = EDGE_LOOP ( 'NONE', ( #4203, #4965, #5223, #2066 ) ) ;
#6092 = DIRECTION ( 'NONE',  ( -1.000000000000000000, -1.062943306358337910E-16, 1.902109074535969807E-16 ) ) ;
#6093 = DIRECTION ( 'NONE',  ( -0.1856067747580755767, 0.0000000000000000000, 0.9826241016603983747 ) ) ;
#6094 = FACE_OUTER_BOUND ( 'NONE', #6414, .T. ) ;
#6095 = EDGE_CURVE ( 'NONE', #6550, #1275, #4296, .T. ) ;
#6096 = ORIENTED_EDGE ( 'NONE', *, *, #5880, .F. ) ;
#6097 = CARTESIAN_POINT ( 'NONE',  ( 1.674172195825665010, 2.974365374686354979, -0.6400000000000000133 ) ) ;
#6098 = EDGE_LOOP ( 'NONE', ( #5785, #5005, #5362, #683, #1832, #408 ) ) ;
#6099 = DIRECTION ( 'NONE',  ( 0.0000000000000000000, -1.000000000000000000, 0.0000000000000000000 ) ) ;
#6100 = VERTEX_POINT ( 'NONE', #7055 ) ;
#6101 = VERTEX_POINT ( 'NONE', #2699 ) ;
#6102 = AXIS2_PLACEMENT_3D ( 'NONE', #3931, #161, #675 ) ;
#6103 = CARTESIAN_POINT ( 'NONE',  ( 0.0000000000000000000, 0.0000000000000000000, 0.6400000000000000133 ) ) ;
#6104 = CARTESIAN_POINT ( 'NONE',  ( -1.820000000000000062, 11.90000000000000036, -5.660000000000000142 ) ) ;
#6105 = DIRECTION ( 'NONE',  ( 0.0000000000000000000, 0.0000000000000000000, -1.000000000000000000 ) ) ;
#6106 =( LENGTH_UNIT ( ) NAMED_UNIT ( * ) SI_UNIT ( .MILLI., .METRE. ) );
#6107 = VECTOR ( 'NONE', #2680, 1000.000000000000000 ) ;
#6108 = VECTOR ( 'NONE', #2015, 1000.000000000000000 ) ;
#6109 = CARTESIAN_POINT ( 'NONE',  ( 0.0000000000000000000, 0.5833333333333329263, 0.6400000000000000133 ) ) ;
#6110 = APPLICATION_CONTEXT ( 'automotive_design' ) ;
#6111 = PLANE ( 'NONE',  #314 ) ;
#6112 = LINE ( 'NONE', #3166, #2210 ) ;
#6113 = VECTOR ( 'NONE', #2596, 1000.000000000000000 ) ;
#6114 = AXIS2_PLACEMENT_3D ( 'NONE', #5977, #984, #1064 ) ;
#6115 = CARTESIAN_POINT ( 'NONE',  ( 4.000000000000000000, 3.000000000000000000, 0.6400000000000000133 ) ) ;
#6116 = ORIENTED_EDGE ( 'NONE', *, *, #23, .T. ) ;
#6117 = CIRCLE ( 'NONE', #411, 3.149999999999999911 ) ;
#6118 = CARTESIAN_POINT ( 'NONE',  ( -3.959999999999999964, 7.799999999999999822, -2.000000000000000000 ) ) ;
#6119 = LINE ( 'NONE', #1058, #3532 ) ;
#6120 = CARTESIAN_POINT ( 'NONE',  ( 1.738958130906359978, 2.983969638426825277, 0.6400000000000000133 ) ) ;
#6121 = VERTEX_POINT ( 'NONE', #1009 ) ;
#6122 = VERTEX_POINT ( 'NONE', #6548 ) ;
#6123 = EDGE_CURVE ( 'NONE', #4054, #5132, #1525, .T. ) ;
#6124 = DIRECTION ( 'NONE',  ( 0.0000000000000000000, 0.0000000000000000000, -1.000000000000000000 ) ) ;
#6125 = EDGE_CURVE ( 'NONE', #5412, #333, #2156, .T. ) ;
#6126 = EDGE_CURVE ( 'NONE', #2884, #561, #1081, .T. ) ;
#6127 = AXIS2_PLACEMENT_3D ( 'NONE', #5208, #6828, #216 ) ;
#6128 = LINE ( 'NONE', #1133, #5264 ) ;
#6129 = ORIENTED_EDGE ( 'NONE', *, *, #2134, .F. ) ;
#6130 = CARTESIAN_POINT ( 'NONE',  ( 0.9432882830038672450, 4.112542092260667026, -0.6400000000000001243 ) ) ;
#6131 = VECTOR ( 'NONE', #2908, 1000.000000000000000 ) ;
#6132 = ORIENTED_EDGE ( 'NONE', *, *, #4215, .F. ) ;
#6133 = DIRECTION ( 'NONE',  ( 1.000000000000000000, 1.062943306358337910E-16, 3.614007241618350250E-16 ) ) ;
#6134 = EDGE_LOOP ( 'NONE', ( #4937, #5249, #5470, #5348, #2114, #3903, #4098, #3403, #3611, #5435, #1127, #4644, #1253, #3102, #6201, #6299, #6787, #1874 ) ) ;
#6135 = ADVANCED_FACE ( 'NONE', ( #1050 ), #7097, .F. ) ;
#6136 = VERTEX_POINT ( 'NONE', #5960 ) ;
#6137 = CARTESIAN_POINT ( 'NONE',  ( 5.421010862427519705E-17, 0.9166666666666608565, -0.6400000000000000133 ) ) ;
#6138 = AXIS2_PLACEMENT_3D ( 'NONE', #2550, #777, #3599 ) ;
#6139 = DIRECTION ( 'NONE',  ( 1.000000000000000000, 0.0000000000000000000, 0.0000000000000000000 ) ) ;
#6140 = CARTESIAN_POINT ( 'NONE',  ( -1.820000000000000062, 13.40000000000000036, -2.409999999999999698 ) ) ;
#6141 = CARTESIAN_POINT ( 'NONE',  ( 2.666666666666639873, 3.000000000000000000, 0.6400000000000000133 ) ) ;
#6142 = ORIENTED_EDGE ( 'NONE', *, *, #61, .T. ) ;
#6143 = VERTEX_POINT ( 'NONE', #1662 ) ;
#6144 = CARTESIAN_POINT ( 'NONE',  ( -5.421010862427519705E-17, 0.6666666666666680729, 0.6400000000000000133 ) ) ;
#6145 = EDGE_CURVE ( 'NONE', #4780, #4510, #5410, .T. ) ;
#6146 = CARTESIAN_POINT ( 'NONE',  ( 2.666666666666638541, 4.279999999999995808, -0.6400000000000001243 ) ) ;
#6147 = CARTESIAN_POINT ( 'NONE',  ( -0.8199999999999999512, 13.40000000000000036, -1.909999999999999920 ) ) ;
#6148 = FACE_OUTER_BOUND ( 'NONE', #490, .T. ) ;
#6149 = CIRCLE ( 'NONE', #2999, 0.5000000000000000000 ) ;
#6150 = DIRECTION ( 'NONE',  ( 8.673617379884060124E-16, 0.0000000000000000000, -1.000000000000000000 ) ) ;
#6151 = EDGE_LOOP ( 'NONE', ( #2861, #407, #3836, #2784 ) ) ;
#6152 = STYLED_ITEM ( 'NONE', ( #3497 ), #1109 ) ;
#6153 = VECTOR ( 'NONE', #416, 1000.000000000000000 ) ;
#6154 = CARTESIAN_POINT ( 'NONE',  ( -1.250000000000000000, 6.299999999999999822, 2.949999999999999734 ) ) ;
#6155 = CARTESIAN_POINT ( 'NONE',  ( -2.990000000000000213, 13.40000000000000036, -2.899999999999999911 ) ) ;
#6156 =( LENGTH_UNIT ( ) NAMED_UNIT ( * ) SI_UNIT ( .MILLI., .METRE. ) );
#6157 = CARTESIAN_POINT ( 'NONE',  ( -1.279986582886592394, 1.086393585870359280, -0.6400000000000001243 ) ) ;
#6158 = AXIS2_PLACEMENT_3D ( 'NONE', #4351, #4999, #2749 ) ;
#6159 = ADVANCED_BREP_SHAPE_REPRESENTATION ( '', ( #3446, #2084 ), #5204 ) ;
#6160 = LINE ( 'NONE', #5060, #1220 ) ;
#6161 = VERTEX_POINT ( 'NONE', #6805 ) ;
#6162 = DIRECTION ( 'NONE',  ( 0.0000000000000000000, 1.000000000000000000, -1.867108438696554720E-33 ) ) ;
#6163 = ORIENTED_EDGE ( 'NONE', *, *, #5902, .T. ) ;
#6164 = DIRECTION ( 'NONE',  ( 0.0000000000000000000, 1.000000000000000000, 0.0000000000000000000 ) ) ;
#6165 = DIRECTION ( 'NONE',  ( 4.336808689942015271E-16, -9.227252531791520216E-16, -1.000000000000000000 ) ) ;
#6166 = ADVANCED_FACE ( 'NONE', ( #4616 ), #4516, .F. ) ;
#6167 = CARTESIAN_POINT ( 'NONE',  ( 2.666666666666639873, 3.000000000000000000, -0.6400000000000000133 ) ) ;
#6168 = PRODUCT_DEFINITION ( 'UNKNOWN', '', #4870, #3984 ) ;
#6169 = ORIENTED_EDGE ( 'NONE', *, *, #1672, .F. ) ;
#6170 = CARTESIAN_POINT ( 'NONE',  ( 1.469999999999999973, 12.40000000000000036, 2.949999999999999734 ) ) ;
#6171 = EDGE_LOOP ( 'NONE', ( #98, #2504, #1514, #5763 ) ) ;
#6172 = ORIENTED_EDGE ( 'NONE', *, *, #6303, .F. ) ;
#6173 = CIRCLE ( 'NONE', #474, 1.149999999999999911 ) ;
#6174 = CARTESIAN_POINT ( 'NONE',  ( -0.8658904153896834766, 2.652181540480225586, -0.6400000000000001243 ) ) ;
#6175 = CARTESIAN_POINT ( 'NONE',  ( 0.003213581817323009696, 1.130852527098471949, 0.6400000000000000133 ) ) ;
#6176 = ADVANCED_FACE ( 'NONE', ( #1119 ), #6736, .F. ) ;
#6177 = EDGE_CURVE ( 'NONE', #4131, #3735, #4001, .T. ) ;
#6178 = CARTESIAN_POINT ( 'NONE',  ( 0.7709058284417820150, 2.599332953187969864, 0.6400000000000000133 ) ) ;
#6179 = ORIENTED_EDGE ( 'NONE', *, *, #6969, .F. ) ;
#6180 = LINE ( 'NONE', #1184, #3893 ) ;
#6181 = CARTESIAN_POINT ( 'NONE',  ( 0.3478184595197758022, 3.865890415389723334, 0.6400000000000001243 ) ) ;
#6182 = CARTESIAN_POINT ( 'NONE',  ( -1.409999999999999920, -4.336808689942014778E-16, 0.5699999999999999512 ) ) ;
#6183 = DIRECTION ( 'NONE',  ( 0.0000000000000000000, -1.000000000000000000, 0.0000000000000000000 ) ) ;
#6184 = ADVANCED_FACE ( 'NONE', ( #2300 ), #1703, .F. ) ;
#6185 = LINE ( 'NONE', #6253, #3897 ) ;
#6186 = EDGE_LOOP ( 'NONE', ( #2446, #2565, #1101, #3651 ) ) ;
#6187 = CONTEXT_DEPENDENT_SHAPE_REPRESENTATION ( #2224, #6788 ) ;
#6188 = CARTESIAN_POINT ( 'NONE',  ( -5.421010862427519705E-17, 0.7916666666666679619, 0.6400000000000000133 ) ) ;
#6189 = CARTESIAN_POINT ( 'NONE',  ( -3.959999999999999964, 0.0000000000000000000, 8.673617379884030542E-16 ) ) ;
#6190 =( NAMED_UNIT ( * ) SI_UNIT ( $, .STERADIAN. ) SOLID_ANGLE_UNIT ( ) );
#6191 = CARTESIAN_POINT ( 'NONE',  ( -1.279986582886592394, 1.086393585870359280, 0.6400000000000001243 ) ) ;
#6192 = FACE_OUTER_BOUND ( 'NONE', #4406, .T. ) ;
#6193 = ORIENTED_EDGE ( 'NONE', *, *, #5713, .T. ) ;
#6194 = DIRECTION ( 'NONE',  ( 0.0000000000000000000, -0.7785187255724638211, 0.6276213778489598827 ) ) ;
#6195 = ORIENTED_EDGE ( 'NONE', *, *, #6844, .F. ) ;
#6196 = CARTESIAN_POINT ( 'NONE',  ( -2.710505431213760099E-16, 0.9999999999999850120, 0.0000000000000000000 ) ) ;
#6197 = DIRECTION ( 'NONE',  ( 0.0000000000000000000, 0.0000000000000000000, 1.000000000000000000 ) ) ;
#6198 = CARTESIAN_POINT ( 'NONE',  ( -1.237959214485629289, 1.534357598845912829, -0.6400000000000001243 ) ) ;
#6199 = VERTEX_POINT ( 'NONE', #702 ) ;
#6200 = FACE_OUTER_BOUND ( 'NONE', #82, .T. ) ;
#6201 = ORIENTED_EDGE ( 'NONE', *, *, #4167, .F. ) ;
#6202 = VECTOR ( 'NONE', #4880, 1000.000000000000000 ) ;
#6203 = ORIENTED_EDGE ( 'NONE', *, *, #6625, .T. ) ;
#6204 = PRODUCT ( '\X2\7ea27ebf\X0\.STEP', '\X2\7ea27ebf\X0\.STEP', '', ( #4302 ) ) ;
#6205 = CARTESIAN_POINT ( 'NONE',  ( 5.421010862427519705E-17, 0.1666666666666674901, -0.6400000000000000133 ) ) ;
#6206 = CARTESIAN_POINT ( 'NONE',  ( 2.990000000000000213, 13.40000000000000036, -2.899999999999999911 ) ) ;
#6207 = CARTESIAN_POINT ( 'NONE',  ( 2.550000000000000266, -4.336808689942014778E-16, 0.5699999999999999512 ) ) ;
#6208 = AXIS2_PLACEMENT_3D ( 'NONE', #403, #2644, #2280 ) ;
#6209 = CARTESIAN_POINT ( 'NONE',  ( -2.609999999999999876, 12.59999999999999964, 4.649999999999999467 ) ) ;
#6210 = ORIENTED_EDGE ( 'NONE', *, *, #22, .T. ) ;
#6211 = SURFACE_SIDE_STYLE ('',( #3886 ) ) ;
#6212 = LINE ( 'NONE', #6287, #3648 ) ;
#6213 = EDGE_CURVE ( 'NONE', #3499, #6960, #603, .T. ) ;
#6214 = CARTESIAN_POINT ( 'NONE',  ( 1.465642401154087837, 4.237959214485621295, -0.6400000000000001243 ) ) ;
#6215 = VECTOR ( 'NONE', #4479, 1000.000000000000000 ) ;
#6216 = EDGE_CURVE ( 'NONE', #6284, #3114, #2402, .T. ) ;
#6217 = ADVANCED_FACE ( 'NONE', ( #2905 ), #89, .T. ) ;
#6218 = LINE ( 'NONE', #6147, #197 ) ;
#6219 = CARTESIAN_POINT ( 'NONE',  ( -2.550000000000000266, 3.200000000000000178, 0.5699999999999999512 ) ) ;
#6220 = LINE ( 'NONE', #6660, #4487 ) ;
#6221 = CIRCLE ( 'NONE', #629, 0.5000000000000000000 ) ;
#6222 = EDGE_LOOP ( 'NONE', ( #5013, #6677, #2065, #1164 ) ) ;
#6223 = CARTESIAN_POINT ( 'NONE',  ( 0.5699999999999999512, -2.700000000000000178, 0.5699999999999999512 ) ) ;
#6224 = CARTESIAN_POINT ( 'NONE',  ( 1.355663587197480036, 2.897891519671150107, 0.6400000000000000133 ) ) ;
#6225 = EDGE_CURVE ( 'NONE', #2054, #5247, #3945, .T. ) ;
#6226 = AXIS2_PLACEMENT_3D ( 'NONE', #548, #6369, #1887 ) ;
#6227 = CARTESIAN_POINT ( 'NONE',  ( 1.913606414129572775, 4.279986582886588842, 0.6400000000000001243 ) ) ;
#6228 = LINE ( 'NONE', #4050, #57 ) ;
#6229 = VECTOR ( 'NONE', #351, 1000.000000000000000 ) ;
#6230 = VERTEX_POINT ( 'NONE', #4037 ) ;
#6231 = CARTESIAN_POINT ( 'NONE',  ( 4.009999999999999787, 6.250000000000000000, -1.909999999999999920 ) ) ;
#6232 = EDGE_LOOP ( 'NONE', ( #5046, #4898, #190, #873 ) ) ;
#6233 = DIRECTION ( 'NONE',  ( 0.0000000000000000000, -1.000000000000000000, 0.0000000000000000000 ) ) ;
#6234 = CARTESIAN_POINT ( 'NONE',  ( 2.000000000000000000, 1.000000000000000000, 0.0000000000000000000 ) ) ;
#6235 = CARTESIAN_POINT ( 'NONE',  ( -0.01571444135549891069, 3.622906043228277806, 0.6400000000000001243 ) ) ;
#6236 = ORIENTED_EDGE ( 'NONE', *, *, #871, .F. ) ;
#6237 = DIRECTION ( 'NONE',  ( 0.0000000000000000000, 0.0000000000000000000, 1.000000000000000000 ) ) ;
#6238 = ORIENTED_EDGE ( 'NONE', *, *, #2307, .T. ) ;
#6239 = CIRCLE ( 'NONE', #3567, 1.149999999999999911 ) ;
#6240 = CARTESIAN_POINT ( 'NONE',  ( 2.666666666666638541, 1.720000000000000639, -0.6400000000000001243 ) ) ;
#6241 = CARTESIAN_POINT ( 'NONE',  ( 1.279999999999998694, 0.0000000000000000000, -0.6400000000000001243 ) ) ;
#6242 = CARTESIAN_POINT ( 'NONE',  ( 2.490000000000000213, 12.40000000000000036, 2.949999999999999734 ) ) ;
#6243 = AXIS2_PLACEMENT_3D ( 'NONE', #970, #6552, #3751 ) ;
#6244 = DIRECTION ( 'NONE',  ( 0.0000000000000000000, -1.000000000000000000, 0.0000000000000000000 ) ) ;
#6245 = ORIENTED_EDGE ( 'NONE', *, *, #4090, .F. ) ;
#6246 = FILL_AREA_STYLE_COLOUR ( '', #533 ) ;
#6247 = EDGE_LOOP ( 'NONE', ( #5613, #3620, #5359, #5077, #5946 ) ) ;
#6248 = AXIS2_PLACEMENT_3D ( 'NONE', #1479, #6432, #5254 ) ;
#6249 = CARTESIAN_POINT ( 'NONE',  ( 1.913606414129572775, 4.279986582886588842, -0.6400000000000001243 ) ) ;
#6250 = DIRECTION ( 'NONE',  ( -1.110223024625155924E-16, -1.000000000000000000, 0.0000000000000000000 ) ) ;
#6251 = CARTESIAN_POINT ( 'NONE',  ( -2.990000000000000213, 13.40000000000000036, -2.899999999999999911 ) ) ;
#6252 = CARTESIAN_POINT ( 'NONE',  ( 1.214999999999999858, -9.368548013477249779E-17, -3.840000000000000302 ) ) ;
#6253 = CARTESIAN_POINT ( 'NONE',  ( 1.469999999999999973, 12.40000000000000036, 2.949999999999999734 ) ) ;
#6254 = CIRCLE ( 'NONE', #3355, 0.6500000000000000222 ) ;
#6255 = EDGE_CURVE ( 'NONE', #4504, #3623, #4073, .T. ) ;
#6256 = ORIENTED_EDGE ( 'NONE', *, *, #3054, .T. ) ;
#6257 = CARTESIAN_POINT ( 'NONE',  ( 1.820000000000000062, 11.90000000000000036, -5.660000000000000142 ) ) ;
#6258 = CARTESIAN_POINT ( 'NONE',  ( 1.934550282381494846, 2.999991818833284807, 0.6400000000000000133 ) ) ;
#6259 = CARTESIAN_POINT ( 'NONE',  ( 2.700000000000000178, 0.0000000000000000000, -2.000000000000000000 ) ) ;
#6260 = AXIS2_PLACEMENT_3D ( 'NONE', #1485, #5924, #928 ) ;
#6261 = CARTESIAN_POINT ( 'NONE',  ( 0.0000000000000000000, 0.0000000000000000000, 0.0000000000000000000 ) ) ;
#6262 = CARTESIAN_POINT ( 'NONE',  ( -1.279999999999998694, 0.5833333333333317050, -0.6400000000000001243 ) ) ;
#6263 = EDGE_CURVE ( 'NONE', #3894, #804, #4579, .T. ) ;
#6264 = EDGE_LOOP ( 'NONE', ( #3080, #1931, #4374, #240 ) ) ;
#6265 = EDGE_CURVE ( 'NONE', #3299, #7006, #2338, .T. ) ;
#6266 = AXIS2_PLACEMENT_3D ( 'NONE', #4337, #3713, #4909 ) ;
#6267 = SURFACE_SIDE_STYLE ('',( #3469 ) ) ;
#6268 = CIRCLE ( 'NONE', #456, 0.6500000000000000222 ) ;
#6269 = VERTEX_POINT ( 'NONE', #3351 ) ;
#6270 = PRODUCT_DEFINITION_SHAPE ( 'NONE', 'NONE',  #4346 ) ;
#6271 = CARTESIAN_POINT ( 'NONE',  ( 2.709999999999999964, 6.299999999999999822, 2.949999999999999734 ) ) ;
#6272 = ORIENTED_EDGE ( 'NONE', *, *, #6451, .T. ) ;
#6273 = LINE ( 'NONE', #1308, #3536 ) ;
#6274 = CARTESIAN_POINT ( 'NONE',  ( -1.150000000000000355, 0.9999999999999715783, 1.408343819019456028E-16 ) ) ;
#6275 = CARTESIAN_POINT ( 'NONE',  ( 0.02563462531364100322, 1.325827804174342095, 0.6400000000000000133 ) ) ;
#6276 = ADVANCED_FACE ( 'NONE', ( #5118 ), #326, .F. ) ;
#6277 = CARTESIAN_POINT ( 'NONE',  ( 0.02563462531364100322, 1.325827804174342095, 0.6400000000000000133 ) ) ;
#6278 = ORIENTED_EDGE ( 'NONE', *, *, #2356, .F. ) ;
#6279 = FACE_OUTER_BOUND ( 'NONE', #5095, .T. ) ;
#6280 = VECTOR ( 'NONE', #2349, 1000.000000000000000 ) ;
#6281 = CARTESIAN_POINT ( 'NONE',  ( -0.01571444135549891069, 3.622906043228277806, 0.6400000000000001243 ) ) ;
#6282 = CARTESIAN_POINT ( 'NONE',  ( 1.279999999999998694, 0.6666666666666656305, -0.6400000000000001243 ) ) ;
#6283 = CARTESIAN_POINT ( 'NONE',  ( 1.279998125014697230, 0.9716666963072198016, -0.6400000000000001243 ) ) ;
#6284 = VERTEX_POINT ( 'NONE', #6219 ) ;
#6285 = CARTESIAN_POINT ( 'NONE',  ( -0.5000000000000000000, 12.37975568869732079, -4.597157890324970353 ) ) ;
#6286 = VERTEX_POINT ( 'NONE', #6697 ) ;
#6287 = CARTESIAN_POINT ( 'NONE',  ( -3.959999999999999964, 7.799999999999999822, -3.840000000000000302 ) ) ;
#6288 = ORIENTED_EDGE ( 'NONE', *, *, #2621, .F. ) ;
#6289 = CARTESIAN_POINT ( 'NONE',  ( -2.609999999999999876, 12.59999999999999964, 4.850000000000000533 ) ) ;
#6290 = DIRECTION ( 'NONE',  ( 0.0000000000000000000, 0.0000000000000000000, 1.000000000000000000 ) ) ;
#6291 = DIRECTION ( 'NONE',  ( 0.0000000000000000000, 1.000000000000000000, 0.0000000000000000000 ) ) ;
#6292 = ORIENTED_EDGE ( 'NONE', *, *, #3678, .F. ) ;
#6293 = CARTESIAN_POINT ( 'NONE',  ( -2.490000000000000213, 12.40000000000000036, 3.449999999999999734 ) ) ;
#6294 = CARTESIAN_POINT ( 'NONE',  ( -5.421010862427519705E-17, 0.6666666666666680729, 0.6400000000000000133 ) ) ;
#6295 = FACE_OUTER_BOUND ( 'NONE', #6631, .T. ) ;
#6296 = DIRECTION ( 'NONE',  ( -1.000000000000000000, 0.0000000000000000000, 1.068179480281283965E-15 ) ) ;
#6297 = CARTESIAN_POINT ( 'NONE',  ( -1.279999999999998694, 0.1666666666666654917, 0.6400000000000001243 ) ) ;
#6298 = ORIENTED_EDGE ( 'NONE', *, *, #6570, .F. ) ;
#6299 = ORIENTED_EDGE ( 'NONE', *, *, #3512, .T. ) ;
#6300 = DIRECTION ( 'NONE',  ( -1.000000000000000000, 0.0000000000000000000, 0.0000000000000000000 ) ) ;
#6301 = LINE ( 'NONE', #3431, #2864 ) ;
#6302 = EDGE_CURVE ( 'NONE', #2639, #1613, #3456, .T. ) ;
#6303 = EDGE_CURVE ( 'NONE', #1907, #1752, #5667, .T. ) ;
#6304 = LINE ( 'NONE', #1788, #3597 ) ;
#6305 = CARTESIAN_POINT ( 'NONE',  ( 2.700000000000000178, 7.200000000000000178, -3.840000000000000302 ) ) ;
#6306 = CARTESIAN_POINT ( 'NONE',  ( 2.041666584331814693, 3.000005208292495062, 0.6400000000000000133 ) ) ;
#6307 = ORIENTED_EDGE ( 'NONE', *, *, #6302, .T. ) ;
#6308 = CARTESIAN_POINT ( 'NONE',  ( 1.820000000000000062, 3.649999999999999911, -3.660000000000000142 ) ) ;
#6309 = EDGE_CURVE ( 'NONE', #6199, #6269, #671, .T. ) ;
#6310 = CARTESIAN_POINT ( 'NONE',  ( -1.279999999999998694, 0.5833333333333347026, 0.6400000000000001243 ) ) ;
#6311 = CARTESIAN_POINT ( 'NONE',  ( 1.279999999999998694, 0.6666666666666656305, 0.6400000000000001243 ) ) ;
#6312 = CARTESIAN_POINT ( 'NONE',  ( 1.285770930166350690, 1.093975072873698995, -0.6400000000000001243 ) ) ;
#6313 = ORIENTED_EDGE ( 'NONE', *, *, #758, .T. ) ;
#6314 = LINE ( 'NONE', #1358, #3222 ) ;
#6315 = ORIENTED_EDGE ( 'NONE', *, *, #3949, .T. ) ;
#6316 = PLANE ( 'NONE',  #1720 ) ;
#6317 = ADVANCED_BREP_SHAPE_REPRESENTATION ( '', ( #1004, #2084 ), #5440 ) ;
#6318 =( NAMED_UNIT ( * ) PLANE_ANGLE_UNIT ( ) SI_UNIT ( $, .RADIAN. ) );
#6319 = CARTESIAN_POINT ( 'NONE',  ( -3.759999999999999787, 0.0000000000000000000, 2.100000000000000089 ) ) ;
#6320 = CARTESIAN_POINT ( 'NONE',  ( -3.959999999999999964, 7.200000000000000178, -3.290000000000000036 ) ) ;
#6321 = ORIENTED_EDGE ( 'NONE', *, *, #1322, .F. ) ;
#6322 = AXIS2_PLACEMENT_3D ( 'NONE', #6991, #6917, #355 ) ;
#6323 = AXIS2_PLACEMENT_3D ( 'NONE', #3331, #3397, #4461 ) ;
#6324 = LINE ( 'NONE', #92, #760 ) ;
#6325 = CARTESIAN_POINT ( 'NONE',  ( 1.289228465112911559, 1.117298009502765810, -0.6400000000000001243 ) ) ;
#6326 = CARTESIAN_POINT ( 'NONE',  ( 0.1021084803288501985, 1.644336412802515079, 0.6400000000000000133 ) ) ;
#6327 = FACE_OUTER_BOUND ( 'NONE', #2544, .T. ) ;
#6328 = CARTESIAN_POINT ( 'NONE',  ( 3.666666666667149688, 4.279999999999995808, 0.6400000000000001243 ) ) ;
#6329 = FACE_OUTER_BOUND ( 'NONE', #875, .T. ) ;
#6330 = ORIENTED_EDGE ( 'NONE', *, *, #3338, .T. ) ;
#6331 = LINE ( 'NONE', #5158, #5864 ) ;
#6332 = ORIENTED_EDGE ( 'NONE', *, *, #1482, .F. ) ;
#6333 = CARTESIAN_POINT ( 'NONE',  ( 1.409999999999999920, 1.000000000000000000, -0.5699999999999999512 ) ) ;
#6334 = AXIS2_PLACEMENT_3D ( 'NONE', #4334, #4906, #3827 ) ;
#6335 = CARTESIAN_POINT ( 'NONE',  ( -0.4830508474576289957, -2.989830508474564663, 0.4830508474576289957 ) ) ;
#6336 = ORIENTED_EDGE ( 'NONE', *, *, #5358, .T. ) ;
#6337 =( LENGTH_UNIT ( ) NAMED_UNIT ( * ) SI_UNIT ( .MILLI., .METRE. ) );
#6338 = DIRECTION ( 'NONE',  ( 1.000000000000000000, 0.0000000000000000000, 4.272717921125140000E-16 ) ) ;
#6339 = AXIS2_PLACEMENT_3D ( 'NONE', #5313, #3139, #3255 ) ;
#6340 = CARTESIAN_POINT ( 'NONE',  ( -1.279999999999998694, 0.8333333333333348136, 0.6400000000000001243 ) ) ;
#6341 = EDGE_CURVE ( 'NONE', #6100, #6758, #2367, .T. ) ;
#6342 = ORIENTED_EDGE ( 'NONE', *, *, #6086, .F. ) ;
#6343 = EDGE_CURVE ( 'NONE', #815, #3130, #4102, .T. ) ;
#6344 = DIRECTION ( 'NONE',  ( -1.000000000000000000, 0.0000000000000000000, -3.614007241618350250E-16 ) ) ;
#6345 = EDGE_CURVE ( 'NONE', #2830, #5126, #1363, .T. ) ;
#6346 = VERTEX_POINT ( 'NONE', #5769 ) ;
#6347 = CIRCLE ( 'NONE', #1341, 0.6250000000000001110 ) ;
#6348 = CARTESIAN_POINT ( 'NONE',  ( 0.9432882830038672450, 4.112542092260667026, -0.6400000000000001243 ) ) ;
#6349 = CARTESIAN_POINT ( 'NONE',  ( 4.000000000000000000, 3.000000000000000000, 0.6400000000000000133 ) ) ;
#6350 = AXIS2_PLACEMENT_3D ( 'NONE', #3186, #7083, #5433 ) ;
#6351 = EDGE_CURVE ( 'NONE', #7134, #5848, #340, .T. ) ;
#6352 = DIRECTION ( 'NONE',  ( 1.000000000000000000, 0.0000000000000000000, 0.0000000000000000000 ) ) ;
#6353 = ORIENTED_EDGE ( 'NONE', *, *, #4136, .T. ) ;
#6354 = ORIENTED_EDGE ( 'NONE', *, *, #2743, .F. ) ;
#6355 = VECTOR ( 'NONE', #5545, 1000.000000000000000 ) ;
#6356 = DIRECTION ( 'NONE',  ( 0.0000000000000000000, 1.000000000000000000, 0.0000000000000000000 ) ) ;
#6357 = LINE ( 'NONE', #5292, #2390 ) ;
#6358 = CARTESIAN_POINT ( 'NONE',  ( -3.959999999999999964, 9.400000000000000355, 8.673617379884030542E-16 ) ) ;
#6359 = CARTESIAN_POINT ( 'NONE',  ( 1.869147472901544926, 2.996786418182679768, -0.6400000000000000133 ) ) ;
#6360 = EDGE_CURVE ( 'NONE', #2945, #4822, #2541, .T. ) ;
#6361 = VECTOR ( 'NONE', #6671, 1000.000000000000114 ) ;
#6362 = DIRECTION ( 'NONE',  ( 9.510545372679868754E-17, 0.0000000000000000000, -1.000000000000000000 ) ) ;
#6363 = CARTESIAN_POINT ( 'NONE',  ( 1.279999999999998694, 0.0000000000000000000, -0.6400000000000001243 ) ) ;
#6364 = CARTESIAN_POINT ( 'NONE',  ( 1.481621196777171967, 2.936081862405050202, 0.6400000000000000133 ) ) ;
#6365 = CARTESIAN_POINT ( 'NONE',  ( 0.4500000000000000111, 13.40000000000000036, -1.110000000000000098 ) ) ;
#6366 = CARTESIAN_POINT ( 'NONE',  ( -5.421010862427519705E-17, 0.6666666666666680729, 0.6400000000000000133 ) ) ;
#6367 = LINE ( 'NONE', #1444, #2387 ) ;
#6368 = ORIENTED_EDGE ( 'NONE', *, *, #2231, .T. ) ;
#6369 = DIRECTION ( 'NONE',  ( 1.000000000000000000, 0.0000000000000000000, 0.0000000000000000000 ) ) ;
#6370 = ORIENTED_EDGE ( 'NONE', *, *, #121, .F. ) ;
#6371 = LINE ( 'NONE', #3571, #297 ) ;
#6372 = LINE ( 'NONE', #5344, #4475 ) ;
#6373 = LINE ( 'NONE', #3608, #112 ) ;
#6374 = PLANE ( 'NONE',  #6564 ) ;
#6375 = VECTOR ( 'NONE', #4506, 1000.000000000000000 ) ;
#6376 = CARTESIAN_POINT ( 'NONE',  ( -1.112542092260688786, 2.056711716996124650, 0.6400000000000001243 ) ) ;
#6377 = ORIENTED_EDGE ( 'NONE', *, *, #2753, .F. ) ;
#6378 = APPLICATION_CONTEXT ( 'automotive_design' ) ;
#6379 = DIRECTION ( 'NONE',  ( -0.0000000000000000000, 1.000000000000000000, 0.0000000000000000000 ) ) ;
#6380 = ORIENTED_EDGE ( 'NONE', *, *, #3326, .F. ) ;
#6381 = LINE ( 'NONE', #1940, #5057 ) ;
#6382 = VECTOR ( 'NONE', #2874, 1000.000000000000000 ) ;
#6383 = CARTESIAN_POINT ( 'NONE',  ( 1.149858762714560445, 4.175174254344274694, -0.6400000000000001243 ) ) ;
#6384 = ADVANCED_FACE ( 'NONE', ( #5736 ), #3594, .T. ) ;
#6385 = CARTESIAN_POINT ( 'NONE',  ( 1.955494150633415140, 1.719997054779976775, 0.6400000000000001243 ) ) ;
#6386 = CARTESIAN_POINT ( 'NONE',  ( 1.768038891391091383, 1.683240947081635852, 0.6400000000000001243 ) ) ;
#6387 = VECTOR ( 'NONE', #1680, 1000.000000000000000 ) ;
#6388 = VERTEX_POINT ( 'NONE', #6319 ) ;
#6389 = CARTESIAN_POINT ( 'NONE',  ( -3.459999999999999964, 0.0000000000000000000, -2.000000000000000000 ) ) ;
#6390 = ORIENTED_EDGE ( 'NONE', *, *, #5810, .F. ) ;
#6391 = ORIENTED_EDGE ( 'NONE', *, *, #871, .T. ) ;
#6392 = EDGE_CURVE ( 'NONE', #2689, #388, #300, .T. ) ;
#6393 = CARTESIAN_POINT ( 'NONE',  ( 8.181166715869740396E-06, 1.065449717618472070, -0.6400000000000000133 ) ) ;
#6394 = ADVANCED_FACE ( 'NONE', ( #4676 ), #2463, .F. ) ;
#6395 = FILL_AREA_STYLE ('',( #3157 ) ) ;
#6396 = FACE_OUTER_BOUND ( 'NONE', #2320, .T. ) ;
#6397 = LINE ( 'NONE', #3524, #5402 ) ;
#6398 = ORIENTED_EDGE ( 'NONE', *, *, #1639, .F. ) ;
#6399 = DIRECTION ( 'NONE',  ( 0.0000000000000000000, 0.0000000000000000000, 1.000000000000000000 ) ) ;
#6400 = CARTESIAN_POINT ( 'NONE',  ( 2.666666666666638541, 1.720000000000000639, 0.6400000000000001243 ) ) ;
#6401 = CARTESIAN_POINT ( 'NONE',  ( 0.0000000000000000000, 0.6666666666666680729, 0.6400000000000000133 ) ) ;
#6402 = CARTESIAN_POINT ( 'NONE',  ( -2.990000000000000213, 13.40000000000000036, -1.909999999999999920 ) ) ;
#6403 = ADVANCED_FACE ( 'NONE', ( #2436 ), #4649, .T. ) ;
#6404 = PLANE ( 'NONE',  #88 ) ;
#6405 = DIRECTION ( 'NONE',  ( 0.1856067747580749105, 0.0000000000000000000, -0.9826241016603984857 ) ) ;
#6406 = ORIENTED_EDGE ( 'NONE', *, *, #5632, .T. ) ;
#6407 = CARTESIAN_POINT ( 'NONE',  ( 0.5699999999999999512, -3.700000000000000178, -0.5699999999999999512 ) ) ;
#6408 = ORIENTED_EDGE ( 'NONE', *, *, #279, .F. ) ;
#6409 = CARTESIAN_POINT ( 'NONE',  ( 3.510000000000000231, 13.40000000000000036, 3.850000000000000089 ) ) ;
#6410 = DIRECTION ( 'NONE',  ( 0.0000000000000000000, -1.000000000000000000, 0.0000000000000000000 ) ) ;
#6411 = SURFACE_STYLE_FILL_AREA ( #357 ) ;
#6412 = CARTESIAN_POINT ( 'NONE',  ( 0.0000000000000000000, 0.8333333333333369231, 0.6400000000000000133 ) ) ;
#6413 = LINE ( 'NONE', #1418, #1800 ) ;
#6414 = EDGE_LOOP ( 'NONE', ( #2143, #2802, #3459, #5859 ) ) ;
#6415 = DIRECTION ( 'NONE',  ( 0.0000000000000000000, -1.000000000000000000, 0.0000000000000000000 ) ) ;
#6416 = EDGE_LOOP ( 'NONE', ( #4559, #7085, #4025, #1696, #5263, #7144 ) ) ;
#6417 = LINE ( 'NONE', #3179, #6808 ) ;
#6418 = DIRECTION ( 'NONE',  ( 1.000000000000000000, -3.870341738045775180E-82, -2.072906778112844930E-49 ) ) ;
#6419 = CARTESIAN_POINT ( 'NONE',  ( 2.833333333333285520, 4.279999999999995808, -0.6400000000000001243 ) ) ;
#6420 = CARTESIAN_POINT ( 'NONE',  ( 3.333333333333429849, 3.000000000000000000, -0.6400000000000000133 ) ) ;
#6421 = CARTESIAN_POINT ( 'NONE',  ( 1.279999999999998694, 0.5833333333333347026, 0.6400000000000001243 ) ) ;
#6422 = VERTEX_POINT ( 'NONE', #7010 ) ;
#6423 = LINE ( 'NONE', #1320, #287 ) ;
#6424 = ORIENTED_EDGE ( 'NONE', *, *, #4096, .T. ) ;
#6425 = ORIENTED_EDGE ( 'NONE', *, *, #4113, .T. ) ;
#6426 = FACE_OUTER_BOUND ( 'NONE', #3923, .T. ) ;
#6427 = CARTESIAN_POINT ( 'NONE',  ( 4.000000000000000000, 3.000000000000000000, -0.6500000000000000222 ) ) ;
#6428 = CARTESIAN_POINT ( 'NONE',  ( 1.409999999999999920, 1.000000000000000000, -0.5699999999999999512 ) ) ;
#6429 = VERTEX_POINT ( 'NONE', #802 ) ;
#6430 = ADVANCED_FACE ( 'NONE', ( #6396 ), #2028, .T. ) ;
#6431 = EDGE_CURVE ( 'NONE', #7012, #167, #4140, .T. ) ;
#6432 = DIRECTION ( 'NONE',  ( 1.833024472948824766E-16, 1.000000000000000000, -1.867108438696574904E-33 ) ) ;
#6433 = ADVANCED_FACE ( 'NONE', ( #1877 ), #769, .T. ) ;
#6434 = CARTESIAN_POINT ( 'NONE',  ( 0.02563462531364100322, 1.325827804174342095, 0.6400000000000000133 ) ) ;
#6435 = CARTESIAN_POINT ( 'NONE',  ( 4.000000000000000000, 3.000000000000000000, 0.6500000000000000222 ) ) ;
#6436 = CARTESIAN_POINT ( 'NONE',  ( -1.084202172485503941E-16, 0.9166666666666608565, 0.6400000000000000133 ) ) ;
#6437 = CARTESIAN_POINT ( 'NONE',  ( 1.080000000000000071, 6.299999999999999822, 3.850000000000000089 ) ) ;
#6438 = ORIENTED_EDGE ( 'NONE', *, *, #6582, .F. ) ;
#6439 = AXIS2_PLACEMENT_3D ( 'NONE', #5979, #3293, #2750 ) ;
#6440 = ORIENTED_EDGE ( 'NONE', *, *, #155, .T. ) ;
#6441 = EDGE_CURVE ( 'NONE', #2313, #6958, #3042, .T. ) ;
#6442 = CARTESIAN_POINT ( 'NONE',  ( -3.959999999999999964, 0.0000000000000000000, -3.290000000000000036 ) ) ;
#6443 = APPLICATION_PROTOCOL_DEFINITION ( 'draft international standard', 'automotive_design', 1998, #6378 ) ;
#6444 = LINE ( 'NONE', #5889, #4598 ) ;
#6445 = DIRECTION ( 'NONE',  ( -1.000000000000000000, 1.110223024625155924E-16, 0.0000000000000000000 ) ) ;
#6446 = DIRECTION ( 'NONE',  ( -9.239288078572121381E-15, 1.000000000000000000, 0.0000000000000000000 ) ) ;
#6447 = CYLINDRICAL_SURFACE ( 'NONE', #1335, 0.2000000000000000944 ) ;
#6448 = VECTOR ( 'NONE', #6405, 1000.000000000000000 ) ;
#6449 = ORIENTED_EDGE ( 'NONE', *, *, #7027, .F. ) ;
#6450 = STYLED_ITEM ( 'NONE', ( #5872 ), #1020 ) ;
#6451 = EDGE_CURVE ( 'NONE', #2931, #1664, #1296, .T. ) ;
#6452 = CARTESIAN_POINT ( 'NONE',  ( -2.700000000000000178, 9.400000000000000355, -2.299999999999999822 ) ) ;
#6453 = ORIENTED_EDGE ( 'NONE', *, *, #645, .F. ) ;
#6454 = CARTESIAN_POINT ( 'NONE',  ( 2.550000000000000266, 1.000000000000000000, -0.5699999999999999512 ) ) ;
#6455 = UNCERTAINTY_MEASURE_WITH_UNIT (LENGTH_MEASURE( 1.000000000000000082E-05 ), #211, 'distance_accuracy_value', 'NONE');
#6456 = CARTESIAN_POINT ( 'NONE',  ( -3.510000000000000231, 13.40000000000000036, 3.850000000000000089 ) ) ;
#6457 = FACE_OUTER_BOUND ( 'NONE', #3773, .T. ) ;
#6458 = VECTOR ( 'NONE', #3043, 1000.000000000000000 ) ;
#6459 = CARTESIAN_POINT ( 'NONE',  ( -5.208292492328140610E-06, 0.9583334156682049576, -0.6400000000000000133 ) ) ;
#6460 = VECTOR ( 'NONE', #6553, 1000.000000000000000 ) ;
#6461 = CARTESIAN_POINT ( 'NONE',  ( 5.421010862427519705E-17, 0.5833333333333329263, -0.6400000000000000133 ) ) ;
#6462 = VERTEX_POINT ( 'NONE', #5221 ) ;
#6463 = DIRECTION ( 'NONE',  ( 0.0000000000000000000, -0.7785187255724637101, 0.6276213778489598827 ) ) ;
#6464 = ORIENTED_EDGE ( 'NONE', *, *, #847, .F. ) ;
#6465 = ORIENTED_EDGE ( 'NONE', *, *, #5452, .T. ) ;
#6466 = CYLINDRICAL_SURFACE ( 'NONE', #5905, 0.6500000000000000222 ) ;
#6467 = LINE ( 'NONE', #1475, #3372 ) ;
#6468 = AXIS2_PLACEMENT_3D ( 'NONE', #992, #5948, #1037 ) ;
#6469 = CARTESIAN_POINT ( 'NONE',  ( 1.409999999999999920, 3.200000000000000178, -0.5699999999999999512 ) ) ;
#6470 = ORIENTED_EDGE ( 'NONE', *, *, #6668, .T. ) ;
#6471 = LINE ( 'NONE', #1336, #5430 ) ;
#6472 = CARTESIAN_POINT ( 'NONE',  ( 1.303010529534182282, 1.186616369160203410, 0.6400000000000001243 ) ) ;
#6473 = DIRECTION ( 'NONE',  ( -0.1856067747580755767, 0.0000000000000000000, 0.9826241016603983747 ) ) ;
#6474 = CARTESIAN_POINT ( 'NONE',  ( -1.820000000000000062, 13.40000000000000036, -2.409999999999999698 ) ) ;
#6475 = PLANE ( 'NONE',  #317 ) ;
#6476 = EDGE_CURVE ( 'NONE', #4376, #796, #5873, .T. ) ;
#6477 = APPLICATION_CONTEXT ( 'automotive_design' ) ;
#6478 = DIRECTION ( 'NONE',  ( -1.000000000000000000, 0.0000000000000000000, -6.570922257487909993E-16 ) ) ;
#6479 = VECTOR ( 'NONE', #1014, 1000.000000000000000 ) ;
#6480 = EDGE_LOOP ( 'NONE', ( #138, #3799, #6941, #1993 ) ) ;
#6481 = CARTESIAN_POINT ( 'NONE',  ( -0.2494067796610175136, 10.96864406779659973, 0.2494067796610175136 ) ) ;
#6482 = CARTESIAN_POINT ( 'NONE',  ( -3.109999999999999876, 13.40000000000000036, 4.349999999999999645 ) ) ;
#6483 = SHAPE_DEFINITION_REPRESENTATION ( #6270, #11 ) ;
#6484 = CYLINDRICAL_SURFACE ( 'NONE', #1316, 0.6250000000000001110 ) ;
#6485 = VECTOR ( 'NONE', #539, 1000.000000000000000 ) ;
#6486 =( LENGTH_UNIT ( ) NAMED_UNIT ( * ) SI_UNIT ( .MILLI., .METRE. ) );
#6487 = CARTESIAN_POINT ( 'NONE',  ( 2.550000000000000266, 1.000000000000000000, -0.5699999999999999512 ) ) ;
#6488 = ADVANCED_FACE ( 'NONE', ( #225 ), #6939, .F. ) ;
#6489 = EDGE_CURVE ( 'NONE', #252, #823, #4177, .T. ) ;
#6490 = CARTESIAN_POINT ( 'NONE',  ( 0.003213581817323009696, 1.130852527098471949, 0.6400000000000000133 ) ) ;
#6491 = VECTOR ( 'NONE', #1843, 1000.000000000000000 ) ;
#6492 = ORIENTED_EDGE ( 'NONE', *, *, #3002, .T. ) ;
#6493 = DIRECTION ( 'NONE',  ( 0.0000000000000000000, 1.000000000000000000, -1.867108438696555062E-33 ) ) ;
#6494 = CARTESIAN_POINT ( 'NONE',  ( 2.000000000000000000, 3.000000000000000000, 0.0000000000000000000 ) ) ;
#6495 = CARTESIAN_POINT ( 'NONE',  ( -0.6500000000000004663, 0.9999999999999852340, 7.960204194457796709E-17 ) ) ;
#6496 = CARTESIAN_POINT ( 'NONE',  ( 0.0000000000000000000, 0.3333333333333330373, 0.6400000000000000133 ) ) ;
#6497 = CARTESIAN_POINT ( 'NONE',  ( 2.333333333333299731, 1.720000000000000639, -0.6400000000000001243 ) ) ;
#6498 = EDGE_CURVE ( 'NONE', #5479, #6388, #7194, .T. ) ;
#6499 = EDGE_LOOP ( 'NONE', ( #6066, #2394, #6065, #1967 ) ) ;
#6500 = LINE ( 'NONE', #1621, #538 ) ;
#6501 = AXIS2_PLACEMENT_3D ( 'NONE', #6261, #3934, #5124 ) ;
#6502 = ORIENTED_EDGE ( 'NONE', *, *, #4325, .F. ) ;
#6503 = VECTOR ( 'NONE', #1262, 1000.000000000000000 ) ;
#6504 = EDGE_LOOP ( 'NONE', ( #3160, #369, #76, #5328 ) ) ;
#6505 = CARTESIAN_POINT ( 'NONE',  ( 1.316759052918389239, 1.231961108608907285, -0.6400000000000001243 ) ) ;
#6506 = CARTESIAN_POINT ( 'NONE',  ( -3.459999999999999964, 3.200000000000000178, -1.500000000000000000 ) ) ;
#6507 = DIRECTION ( 'NONE',  ( 0.0000000000000000000, -1.000000000000000000, 0.0000000000000000000 ) ) ;
#6508 = CARTESIAN_POINT ( 'NONE',  ( 1.250000000000000000, 0.0000000000000000000, 2.949999999999999734 ) ) ;
#6509 = ORIENTED_EDGE ( 'NONE', *, *, #334, .F. ) ;
#6510 = CARTESIAN_POINT ( 'NONE',  ( 1.409999999999999920, 3.200000000000000178, -0.5699999999999999512 ) ) ;
#6511 = CARTESIAN_POINT ( 'NONE',  ( 5.421010862427519705E-17, 0.0000000000000000000, -0.6400000000000000133 ) ) ;
#6512 = CARTESIAN_POINT ( 'NONE',  ( 2.000000000000000000, 1.000000000000000000, 0.0000000000000000000 ) ) ;
#6513 = DIRECTION ( 'NONE',  ( 1.000000000000000000, 0.0000000000000000000, 0.0000000000000000000 ) ) ;
#6514 = DIRECTION ( 'NONE',  ( 0.0000000000000000000, -0.7071067811865470176, 0.7071067811865480168 ) ) ;
#6515 = EDGE_LOOP ( 'NONE', ( #1366, #2556 ) ) ;
#6516 = LINE ( 'NONE', #4762, #2751 ) ;
#6517 = DIRECTION ( 'NONE',  ( -1.387778780781445922E-16, 0.0000000000000000000, 1.000000000000000000 ) ) ;
#6518 = PLANE ( 'NONE',  #6561 ) ;
#6519 = CARTESIAN_POINT ( 'NONE',  ( 2.000000000000000000, 3.000000000000000000, 0.0000000000000000000 ) ) ;
#6520 = DIRECTION ( 'NONE',  ( 1.000000000000000000, 0.0000000000000000000, 0.0000000000000000000 ) ) ;
#6521 = DIRECTION ( 'NONE',  ( 0.0000000000000000000, 0.0000000000000000000, 1.000000000000000000 ) ) ;
#6522 = ORIENTED_EDGE ( 'NONE', *, *, #1086, .T. ) ;
#6523 = DIRECTION ( 'NONE',  ( 0.0000000000000000000, 0.0000000000000000000, -1.000000000000000000 ) ) ;
#6524 = ORIENTED_EDGE ( 'NONE', *, *, #1774, .T. ) ;
#6525 = EDGE_CURVE ( 'NONE', #6691, #1770, #531, .T. ) ;
#6526 = DIRECTION ( 'NONE',  ( 1.000000000000000000, 0.0000000000000000000, 0.0000000000000000000 ) ) ;
#6527 = DIRECTION ( 'NONE',  ( 1.000000000000000000, 0.0000000000000000000, 0.0000000000000000000 ) ) ;
#6528 = EDGE_CURVE ( 'NONE', #2553, #352, #5476, .T. ) ;
#6529 = EDGE_CURVE ( 'NONE', #6230, #7179, #4896, .T. ) ;
#6530 = CARTESIAN_POINT ( 'NONE',  ( -0.8199999999999999512, 2.200000000000000178, -3.657157890324955307 ) ) ;
#6531 = PLANE ( 'NONE',  #6439 ) ;
#6532 = CARTESIAN_POINT ( 'NONE',  ( 2.833333333333285076, 3.000000000000000000, -0.6400000000000000133 ) ) ;
#6533 = EDGE_LOOP ( 'NONE', ( #4914, #2423, #451, #6647, #2821, #1964 ) ) ;
#6534 = ORIENTED_EDGE ( 'NONE', *, *, #6216, .T. ) ;
#6535 = CARTESIAN_POINT ( 'NONE',  ( 2.745000000000000107, 0.2999999999999999889, -3.840000000000000302 ) ) ;
#6536 = ORIENTED_EDGE ( 'NONE', *, *, #6498, .T. ) ;
#6537 = EDGE_CURVE ( 'NONE', #790, #236, #2727, .T. ) ;
#6538 = ORIENTED_EDGE ( 'NONE', *, *, #4421, .T. ) ;
#6539 = CARTESIAN_POINT ( 'NONE',  ( 1.637326003309222955, 1.629097896061105999, 0.6400000000000001243 ) ) ;
#6540 = DIRECTION ( 'NONE',  ( -0.3872324843550896123, 0.9219821056073622678, 0.0000000000000000000 ) ) ;
#6541 = CARTESIAN_POINT ( 'NONE',  ( -3.759999999999999787, 9.400000000000000355, 2.100000000000000089 ) ) ;
#6542 = DIRECTION ( 'NONE',  ( -2.292646186502854756E-16, -0.7071067811865489050, 0.7071067811865460184 ) ) ;
#6543 = CARTESIAN_POINT ( 'NONE',  ( 2.833333333333285076, 3.000000000000000000, -0.6400000000000000133 ) ) ;
#6544 = PLANE ( 'NONE',  #5310 ) ;
#6545 = CARTESIAN_POINT ( 'NONE',  ( 1.355663587197480036, 2.897891519671150107, -0.6400000000000000133 ) ) ;
#6546 = CARTESIAN_POINT ( 'NONE',  ( 2.416666666666674956, 3.000000000000000000, 0.6400000000000000133 ) ) ;
#6547 = DIRECTION ( 'NONE',  ( 1.000000000000000000, 0.0000000000000000000, 0.0000000000000000000 ) ) ;
#6548 = CARTESIAN_POINT ( 'NONE',  ( 0.5699999999999999512, 9.900000000000000355, -0.5699999999999999512 ) ) ;
#6549 = FACE_OUTER_BOUND ( 'NONE', #3104, .T. ) ;
#6550 = VERTEX_POINT ( 'NONE', #1001 ) ;
#6551 = AXIS2_PLACEMENT_3D ( 'NONE', #1607, #3833, #2207 ) ;
#6552 = DIRECTION ( 'NONE',  ( -0.0000000000000000000, 1.000000000000000000, 0.0000000000000000000 ) ) ;
#6553 = DIRECTION ( 'NONE',  ( 1.000000000000000000, 0.0000000000000000000, 0.0000000000000000000 ) ) ;
#6554 = CARTESIAN_POINT ( 'NONE',  ( -2.990000000000000213, 1.000000000000000000, -1.909999999999999920 ) ) ;
#6555 = PRESENTATION_STYLE_ASSIGNMENT (( #4381 ) ) ;
#6556 = DIRECTION ( 'NONE',  ( -0.0000000000000000000, 1.000000000000000000, 0.0000000000000000000 ) ) ;
#6557 = CARTESIAN_POINT ( 'NONE',  ( -1.820000000000000062, 5.599999999999999645, -1.909999999999999920 ) ) ;
#6558 = ORIENTED_EDGE ( 'NONE', *, *, #1630, .T. ) ;
#6559 = CYLINDRICAL_SURFACE ( 'NONE', #5538, 0.5000000000000000000 ) ;
#6560 = ORIENTED_EDGE ( 'NONE', *, *, #4402, .F. ) ;
#6561 = AXIS2_PLACEMENT_3D ( 'NONE', #7173, #4910, #3753 ) ;
#6562 = FACE_OUTER_BOUND ( 'NONE', #4637, .T. ) ;
#6563 = DIRECTION ( 'NONE',  ( 0.0000000000000000000, 0.0000000000000000000, 1.000000000000000000 ) ) ;
#6564 = AXIS2_PLACEMENT_3D ( 'NONE', #212, #282, #2521 ) ;
#6565 = CARTESIAN_POINT ( 'NONE',  ( 2.000000000000000000, 1.000000000000000000, -1.408343819019456028E-16 ) ) ;
#6566 = CARTESIAN_POINT ( 'NONE',  ( 2.416666666666675400, 4.279999999999995808, 0.6400000000000001243 ) ) ;
#6567 = CARTESIAN_POINT ( 'NONE',  ( 3.666666666667149688, 3.000000000000000000, -0.6400000000000000133 ) ) ;
#6568 = VECTOR ( 'NONE', #2812, 1000.000000000000000 ) ;
#6569 = ADVANCED_FACE ( 'NONE', ( #2692 ), #3850, .T. ) ;
#6570 = EDGE_CURVE ( 'NONE', #2421, #756, #921, .T. ) ;
#6571 = EDGE_LOOP ( 'NONE', ( #3929, #1983, #2030, #605 ) ) ;
#6572 = PRODUCT_RELATED_PRODUCT_CATEGORY ( 'part', '', ( #2839 ) ) ;
#6573 = VERTEX_POINT ( 'NONE', #2613 ) ;
#6574 = CARTESIAN_POINT ( 'NONE',  ( 2.490000000000000213, 13.40000000000000036, 2.949999999999999734 ) ) ;
#6575 = ORIENTED_EDGE ( 'NONE', *, *, #5602, .F. ) ;
#6576 = VECTOR ( 'NONE', #7176, 1000.000000000000000 ) ;
#6577 = VERTEX_POINT ( 'NONE', #1520 ) ;
#6578 = COLOUR_RGB ( '',1.000000000000000000, 1.000000000000000000, 1.000000000000000000 ) ;
#6579 = CARTESIAN_POINT ( 'NONE',  ( 1.557526098239063295, 1.575759863147669027, -0.6400000000000001243 ) ) ;
#6580 = CARTESIAN_POINT ( 'NONE',  ( 3.333333333333429849, 3.000000000000000000, -0.6400000000000000133 ) ) ;
#6581 = FACE_OUTER_BOUND ( 'NONE', #1391, .T. ) ;
#6582 = EDGE_CURVE ( 'NONE', #7008, #5453, #3816, .T. ) ;
#6583 = EDGE_CURVE ( 'NONE', #2001, #3735, #5688, .T. ) ;
#6584 = CARTESIAN_POINT ( 'NONE',  ( 1.820000000000000062, 5.599999999999999645, -1.909999999999999920 ) ) ;
#6585 = AXIS2_PLACEMENT_3D ( 'NONE', #4546, #6797, #2362 ) ;
#6586 = ORIENTED_EDGE ( 'NONE', *, *, #61, .F. ) ;
#6587 = VERTEX_POINT ( 'NONE', #4403 ) ;
#6588 = CARTESIAN_POINT ( 'NONE',  ( 0.2525058442745775067, 2.007427768585499983, 0.6400000000000000133 ) ) ;
#6589 = CARTESIAN_POINT ( 'NONE',  ( -1.279999999999998694, 0.6666666666666656305, -0.6400000000000001243 ) ) ;
#6590 = CARTESIAN_POINT ( 'NONE',  ( 1.279999999999998694, 0.9166666666666598573, 0.6400000000000001243 ) ) ;
#6591 = LINE ( 'NONE', #5449, #6730 ) ;
#6592 = CARTESIAN_POINT ( 'NONE',  ( 3.510000000000000231, 13.40000000000000036, 3.350000000000000089 ) ) ;
#6593 = CARTESIAN_POINT ( 'NONE',  ( -0.4500000000000000111, 12.40000000000000036, -1.110000000000000098 ) ) ;
#6594 = ORIENTED_EDGE ( 'NONE', *, *, #4421, .F. ) ;
#6595 = CIRCLE ( 'NONE', #1351, 1.149999999999999911 ) ;
#6596 = CARTESIAN_POINT ( 'NONE',  ( -1.409999999999999920, 1.000000000000000000, -0.5699999999999999512 ) ) ;
#6597 =( NAMED_UNIT ( * ) PLANE_ANGLE_UNIT ( ) SI_UNIT ( $, .RADIAN. ) );
#6598 = DIRECTION ( 'NONE',  ( -1.000000000000000000, 0.0000000000000000000, 0.0000000000000000000 ) ) ;
#6599 = DIRECTION ( 'NONE',  ( 0.0000000000000000000, -1.000000000000000000, 9.227252531791520216E-16 ) ) ;
#6600 = AXIS2_PLACEMENT_3D ( 'NONE', #4014, #682, #2915 ) ;
#6601 = CARTESIAN_POINT ( 'NONE',  ( 2.083333333333340143, 3.000000000000000000, 0.6400000000000000133 ) ) ;
#6602 = ORIENTED_EDGE ( 'NONE', *, *, #146, .T. ) ;
#6603 = FACE_OUTER_BOUND ( 'NONE', #3994, .T. ) ;
#6604 = ORIENTED_EDGE ( 'NONE', *, *, #1179, .F. ) ;
#6605 = VECTOR ( 'NONE', #3011, 1000.000000000000000 ) ;
#6606 = DIRECTION ( 'NONE',  ( 0.0000000000000000000, 0.0000000000000000000, 1.000000000000000000 ) ) ;
#6607 = CARTESIAN_POINT ( 'NONE',  ( 3.510000000000000231, 12.40000000000000036, 2.949999999999999734 ) ) ;
#6608 = CARTESIAN_POINT ( 'NONE',  ( 2.333333333333299731, 4.279999999999995808, 0.6400000000000001243 ) ) ;
#6609 = CARTESIAN_POINT ( 'NONE',  ( -0.6229060432282556015, 3.015714441355473951, 0.6400000000000001243 ) ) ;
#6610 = AXIS2_PLACEMENT_3D ( 'NONE', #2405, #4143, #3461 ) ;
#6611 = CARTESIAN_POINT ( 'NONE',  ( 0.3478184595197764128, 3.865890415389723334, -0.6400000000000001243 ) ) ;
#6612 = ORIENTED_EDGE ( 'NONE', *, *, #4892, .F. ) ;
#6613 = CARTESIAN_POINT ( 'NONE',  ( -2.700000000000000178, 9.400000000000000355, -2.000000000000000000 ) ) ;
#6614 = ORIENTED_EDGE ( 'NONE', *, *, #4042, .T. ) ;
#6615 = VECTOR ( 'NONE', #6658, 1000.000000000000114 ) ;
#6616 = EDGE_LOOP ( 'NONE', ( #4519, #4746, #1147, #4170, #2141, #5571 ) ) ;
#6617 = LINE ( 'NONE', #414, #2549 ) ;
#6618 = FACE_OUTER_BOUND ( 'NONE', #1068, .T. ) ;
#6619 = CARTESIAN_POINT ( 'NONE',  ( -1.820000000000000062, 5.599999999999999645, -1.909999999999999920 ) ) ;
#6620 = CLOSED_SHELL ( 'NONE', ( #4651, #1945, #2266, #5454, #5135, #6394, #2282, #4305, #727, #2920, #1283, #4614, #2437, #2964, #6430, #6663, #3590, #3140, #3766, #2808, #4612, #1176, #227, #4610, #1188, #2667, #5586, #5993, #6176, #2632, #2190, #578, #3600, #5099, #5049, #278, #2472, #3625, #3689, #1405 ) ) ;
#6621 = DIRECTION ( 'NONE',  ( 0.0000000000000000000, -1.000000000000000000, 0.0000000000000000000 ) ) ;
#6622 = AXIS2_PLACEMENT_3D ( 'NONE', #1398, #3076, #1326 ) ;
#6623 = ORIENTED_EDGE ( 'NONE', *, *, #7104, .T. ) ;
#6624 = CARTESIAN_POINT ( 'NONE',  ( 2.416666666666674956, 3.000000000000000000, 0.6400000000000000133 ) ) ;
#6625 = EDGE_CURVE ( 'NONE', #551, #4232, #6268, .T. ) ;
#6626 = CARTESIAN_POINT ( 'NONE',  ( 4.000000000000000000, 1.720000000000000639, -0.6400000000000001243 ) ) ;
#6627 = ADVANCED_FACE ( 'NONE', ( #6581 ), #5365, .T. ) ;
#6628 = VECTOR ( 'NONE', #5703, 1000.000000000000000 ) ;
#6629 = CARTESIAN_POINT ( 'NONE',  ( -1.150000000000000355, 0.9999999999999713562, 1.408343819019456275E-16 ) ) ;
#6630 = CARTESIAN_POINT ( 'NONE',  ( -2.550000000000000266, -4.336808689942014778E-16, -0.5699999999999999512 ) ) ;
#6631 = EDGE_LOOP ( 'NONE', ( #7059, #3691, #107, #6028 ) ) ;
#6632 = CARTESIAN_POINT ( 'NONE',  ( 3.459999999999999964, 9.400000000000000355, 4.299999999999999822 ) ) ;
#6633 = ORIENTED_EDGE ( 'NONE', *, *, #5533, .F. ) ;
#6634 = VECTOR ( 'NONE', #1241, 1000.000000000000114 ) ;
#6635 = DIRECTION ( 'NONE',  ( 0.0000000000000000000, 0.0000000000000000000, 1.000000000000000000 ) ) ;
#6636 = EDGE_CURVE ( 'NONE', #4180, #2811, #460, .T. ) ;
#6637 = CARTESIAN_POINT ( 'NONE',  ( 1.409999999999999920, -4.336808689942014778E-16, 0.5699999999999999512 ) ) ;
#6638 =( NAMED_UNIT ( * ) SI_UNIT ( $, .STERADIAN. ) SOLID_ANGLE_UNIT ( ) );
#6639 = CARTESIAN_POINT ( 'NONE',  ( -1.409999999999999920, 3.200000000000000178, 0.5699999999999999512 ) ) ;
#6640 = VERTEX_POINT ( 'NONE', #3272 ) ;
#6641 = DIRECTION ( 'NONE',  ( -1.000000000000000000, 0.0000000000000000000, 0.0000000000000000000 ) ) ;
#6642 = ORIENTED_EDGE ( 'NONE', *, *, #4959, .F. ) ;
#6643 = CARTESIAN_POINT ( 'NONE',  ( 1.149999999999999689, 0.9999999999999847899, 0.0000000000000000000 ) ) ;
#6644 = DIRECTION ( 'NONE',  ( 0.0000000000000000000, -1.000000000000000000, 9.227252531791520216E-16 ) ) ;
#6645 = CARTESIAN_POINT ( 'NONE',  ( 2.609999999999999876, 12.59999999999999964, 4.349999999999999645 ) ) ;
#6646 = CARTESIAN_POINT ( 'NONE',  ( -1.280008541599682248, 0.9450001350291937774, -0.6400000000000001243 ) ) ;
#6647 = ORIENTED_EDGE ( 'NONE', *, *, #3767, .T. ) ;
#6648 = DIRECTION ( 'NONE',  ( 1.000000000000000000, 0.0000000000000000000, 0.0000000000000000000 ) ) ;
#6649 = ORIENTED_EDGE ( 'NONE', *, *, #7105, .F. ) ;
#6650 = ORIENTED_EDGE ( 'NONE', *, *, #3512, .F. ) ;
#6651 = FACE_OUTER_BOUND ( 'NONE', #1420, .T. ) ;
#6652 = CARTESIAN_POINT ( 'NONE',  ( -0.2700000000000000178, -3.700000000000000178, 0.2700000000000000178 ) ) ;
#6653 = DIRECTION ( 'NONE',  ( 0.0000000000000000000, 0.0000000000000000000, -1.000000000000000000 ) ) ;
#6654 = VERTEX_POINT ( 'NONE', #4250 ) ;
#6655 = CARTESIAN_POINT ( 'NONE',  ( -2.550000000000000266, 1.000000000000000000, -0.5699999999999999512 ) ) ;
#6656 = ORIENTED_EDGE ( 'NONE', *, *, #6804, .T. ) ;
#6657 = CARTESIAN_POINT ( 'NONE',  ( 0.7709058284417820150, 2.599332953187969864, -0.6400000000000000133 ) ) ;
#6658 = DIRECTION ( 'NONE',  ( -0.5773502691896250649, -0.5773502691896260641, -0.5773502691896260641 ) ) ;
#6659 = DIRECTION ( 'NONE',  ( 0.0000000000000000000, 0.0000000000000000000, 1.000000000000000000 ) ) ;
#6660 = CARTESIAN_POINT ( 'NONE',  ( 1.820000000000000062, 2.200000000000000178, -4.597157890324959695 ) ) ;
#6661 = EDGE_CURVE ( 'NONE', #4847, #3353, #5400, .T. ) ;
#6662 = EDGE_LOOP ( 'NONE', ( #4384, #5937, #2983, #1535, #614, #2933, #1724, #1449, #2700, #2736, #5792, #2957, #2885, #5818, #690, #380, #5582, #6575 ) ) ;
#6663 = ADVANCED_FACE ( 'NONE', ( #6071 ), #3303, .F. ) ;
#6664 = EDGE_CURVE ( 'NONE', #1976, #4986, #6467, .T. ) ;
#6665 = CARTESIAN_POINT ( 'NONE',  ( -1.250000000000000000, 0.0000000000000000000, 2.949999999999999734 ) ) ;
#6666 = DIRECTION ( 'NONE',  ( 0.0000000000000000000, 0.0000000000000000000, -1.000000000000000000 ) ) ;
#6667 = FILL_AREA_STYLE ('',( #4340 ) ) ;
#6668 = EDGE_CURVE ( 'NONE', #3693, #5421, #4863, .T. ) ;
#6669 = DIRECTION ( 'NONE',  ( 0.0000000000000000000, 0.0000000000000000000, 1.000000000000000000 ) ) ;
#6670 = EDGE_LOOP ( 'NONE', ( #2597, #6558, #3568, #2985 ) ) ;
#6671 = DIRECTION ( 'NONE',  ( -0.5773502691896257311, -0.5773502691896257311, -0.5773502691896257311 ) ) ;
#6672 = DIRECTION ( 'NONE',  ( 1.833024472948824766E-16, 1.000000000000000000, -1.867108438696574904E-33 ) ) ;
#6673 = VECTOR ( 'NONE', #4420, 1000.000000000000000 ) ;
#6674 = LINE ( 'NONE', #2716, #2336 ) ;
#6675 = PLANE ( 'NONE',  #4357 ) ;
#6676 = EDGE_CURVE ( 'NONE', #6934, #2606, #3953, .T. ) ;
#6677 = ORIENTED_EDGE ( 'NONE', *, *, #6489, .F. ) ;
#6678 = CARTESIAN_POINT ( 'NONE',  ( 0.02563462531364110036, 1.325827804174342095, -0.6400000000000000133 ) ) ;
#6679 = VECTOR ( 'NONE', #2630, 1000.000000000000000 ) ;
#6680 = ORIENTED_EDGE ( 'NONE', *, *, #3544, .T. ) ;
#6681 = AXIS2_PLACEMENT_3D ( 'NONE', #1203, #2350, #5648 ) ;
#6682 = LINE ( 'NONE', #38, #6355 ) ;
#6683 = ORIENTED_EDGE ( 'NONE', *, *, #685, .F. ) ;
#6684 = VERTEX_POINT ( 'NONE', #5616 ) ;
#6685 = CARTESIAN_POINT ( 'NONE',  ( -1.279999999999998694, 0.5833333333333347026, -0.6400000000000001243 ) ) ;
#6686 = AXIS2_PLACEMENT_3D ( 'NONE', #2334, #4070, #4548 ) ;
#6687 = CARTESIAN_POINT ( 'NONE',  ( -5.421010862427519705E-17, 0.8333333333333369231, 0.6400000000000000133 ) ) ;
#6688 = AXIS2_PLACEMENT_3D ( 'NONE', #5312, #6520, #1702 ) ;
#6689 = CARTESIAN_POINT ( 'NONE',  ( 1.674172195825665010, 2.974365374686354979, 0.6400000000000000133 ) ) ;
#6690 = VERTEX_POINT ( 'NONE', #1732 ) ;
#6691 = VERTEX_POINT ( 'NONE', #6140 ) ;
#6692 = CIRCLE ( 'NONE', #6334, 0.1999999999999996503 ) ;
#6693 = CARTESIAN_POINT ( 'NONE',  ( 2.083333333333340143, 4.279999999999995808, 0.6400000000000001243 ) ) ;
#6694 = CARTESIAN_POINT ( 'NONE',  ( 2.054999864970844747, 4.280008541599678473, 0.6400000000000001243 ) ) ;
#6695 = DIRECTION ( 'NONE',  ( 1.141265444721584103E-15, 0.0000000000000000000, 1.000000000000000000 ) ) ;
#6696 = DIRECTION ( 'NONE',  ( 0.0000000000000000000, 0.0000000000000000000, 1.000000000000000000 ) ) ;
#6697 = CARTESIAN_POINT ( 'NONE',  ( -2.700000000000000178, 7.799999999999999822, -3.840000000000000302 ) ) ;
#6698 = AXIS2_PLACEMENT_3D ( 'NONE', #7091, #4865, #3851 ) ;
#6699 = AXIS2_PLACEMENT_3D ( 'NONE', #3260, #6124, #3327 ) ;
#6700 = VERTEX_POINT ( 'NONE', #4507 ) ;
#6701 = ORIENTED_EDGE ( 'NONE', *, *, #1715, .F. ) ;
#6702 = AXIS2_PLACEMENT_3D ( 'NONE', #1373, #2946, #4588 ) ;
#6703 = DIRECTION ( 'NONE',  ( -1.000000000000000000, 0.0000000000000000000, 0.0000000000000000000 ) ) ;
#6704 = CARTESIAN_POINT ( 'NONE',  ( 1.409999999999999920, 1.000000000000000000, -0.5699999999999999512 ) ) ;
#6705 = EDGE_CURVE ( 'NONE', #2202, #388, #115, .T. ) ;
#6706 =( NAMED_UNIT ( * ) PLANE_ANGLE_UNIT ( ) SI_UNIT ( $, .RADIAN. ) );
#6707 = CARTESIAN_POINT ( 'NONE',  ( -2.169999999999999929, 0.6800000000000000488, 0.1900000000000000022 ) ) ;
#6708 = EDGE_LOOP ( 'NONE', ( #3394, #3477, #3184, #6256, #917, #4310, #6602 ) ) ;
#6709 = CARTESIAN_POINT ( 'NONE',  ( -3.459999999999999964, 9.400000000000000355, 4.799999999999999822 ) ) ;
#6710 = ORIENTED_EDGE ( 'NONE', *, *, #6476, .T. ) ;
#6711 = LINE ( 'NONE', #6643, #5997 ) ;
#6712 = VECTOR ( 'NONE', #5461, 1000.000000000000000 ) ;
#6713 = EDGE_CURVE ( 'NONE', #1135, #6284, #5075, .T. ) ;
#6714 = EDGE_CURVE ( 'NONE', #5113, #6230, #6793, .T. ) ;
#6715 = LINE ( 'NONE', #2921, #6280 ) ;
#6716 = DIRECTION ( 'NONE',  ( 1.000000000000000000, 1.062943306358337910E-16, 0.0000000000000000000 ) ) ;
#6717 = CARTESIAN_POINT ( 'NONE',  ( 1.869147472901550255, 2.996786418182679768, -0.6400000000000000133 ) ) ;
#6718 = CIRCLE ( 'NONE', #1125, 0.6500000000000000222 ) ;
#6719 = VERTEX_POINT ( 'NONE', #1764 ) ;
#6720 = CYLINDRICAL_SURFACE ( 'NONE', #4956, 1.149999999999999911 ) ;
#6721 = ORIENTED_EDGE ( 'NONE', *, *, #1055, .T. ) ;
#6722 = ORIENTED_EDGE ( 'NONE', *, *, #5185, .T. ) ;
#6723 = EDGE_CURVE ( 'NONE', #1279, #1951, #3990, .T. ) ;
#6724 = CARTESIAN_POINT ( 'NONE',  ( -1.175174254344260261, 1.850141237285419571, -0.6400000000000001243 ) ) ;
#6725 = CARTESIAN_POINT ( 'NONE',  ( 0.0000000000000000000, 0.1666666666666674901, 0.6400000000000000133 ) ) ;
#6726 = CARTESIAN_POINT ( 'NONE',  ( 4.000000000000000000, 3.000000000000000000, 0.6400000000000000133 ) ) ;
#6727 = ORIENTED_EDGE ( 'NONE', *, *, #2572, .F. ) ;
#6728 =( NAMED_UNIT ( * ) SI_UNIT ( $, .STERADIAN. ) SOLID_ANGLE_UNIT ( ) );
#6729 = ORIENTED_EDGE ( 'NONE', *, *, #896, .T. ) ;
#6730 = VECTOR ( 'NONE', #2199, 1000.000000000000000 ) ;
#6731 = CARTESIAN_POINT ( 'NONE',  ( 1.738958130906359978, 2.983969638426825277, 0.6400000000000000133 ) ) ;
#6732 = CARTESIAN_POINT ( 'NONE',  ( -0.8658904153896834766, 2.652181540480225586, 0.6400000000000001243 ) ) ;
#6733 = DIRECTION ( 'NONE',  ( 0.0000000000000000000, -1.867108438696574904E-33, 1.000000000000000000 ) ) ;
#6734 = CARTESIAN_POINT ( 'NONE',  ( 2.550000000000000266, 3.200000000000000178, -0.5699999999999999512 ) ) ;
#6735 = COLOUR_RGB ( '',1.000000000000000000, 1.000000000000000000, 1.000000000000000000 ) ;
#6736 = PLANE ( 'NONE',  #901 ) ;
#6737 = PRODUCT_DEFINITION_SHAPE ( 'NONE', 'NONE',  #6168 ) ;
#6738 = CARTESIAN_POINT ( 'NONE',  ( 0.0000000000000000000, 12.40000000000000036, 0.0000000000000000000 ) ) ;
#6739 = VERTEX_POINT ( 'NONE', #6242 ) ;
#6740 = LINE ( 'NONE', #5633, #3105 ) ;
#6741 = CONTEXT_DEPENDENT_SHAPE_REPRESENTATION ( #4845, #90 ) ;
#6742 = AXIS2_PLACEMENT_3D ( 'NONE', #2773, #7206, #6659 ) ;
#6743 = CYLINDRICAL_SURFACE ( 'NONE', #6102, 0.6500000000000000222 ) ;
#6744 = CARTESIAN_POINT ( 'NONE',  ( 2.000000000000000000, 1.000000000000000000, 0.0000000000000000000 ) ) ;
#6745 = CARTESIAN_POINT ( 'NONE',  ( -1.279999999999998694, 0.6666666666666656305, 0.6400000000000001243 ) ) ;
#6746 = AXIS2_PLACEMENT_3D ( 'NONE', #616, #6164, #2951 ) ;
#6747 = DIRECTION ( 'NONE',  ( -0.5773502691896250649, -0.5773502691896260641, 0.5773502691896260641 ) ) ;
#6748 = VERTEX_POINT ( 'NONE', #6652 ) ;
#6749 = CARTESIAN_POINT ( 'NONE',  ( 0.8199999999999999512, 3.649999999999999911, -3.657157890324960192 ) ) ;
#6750 = ORIENTED_EDGE ( 'NONE', *, *, #5846, .T. ) ;
#6751 = CARTESIAN_POINT ( 'NONE',  ( -3.459999999999999964, 0.2999999999999999889, -2.000000000000000000 ) ) ;
#6752 = CARTESIAN_POINT ( 'NONE',  ( -3.459999999999999964, 0.0000000000000000000, 4.299999999999999822 ) ) ;
#6753 = CARTESIAN_POINT ( 'NONE',  ( 4.000000000000000000, 3.000000000000000000, -0.6400000000000000133 ) ) ;
#6754 = EDGE_CURVE ( 'NONE', #1786, #5512, #1215, .T. ) ;
#6755 = EDGE_LOOP ( 'NONE', ( #7092, #3870, #453, #40 ) ) ;
#6756 = ADVANCED_FACE ( 'NONE', ( #1251 ), #2800, .T. ) ;
#6757 = CARTESIAN_POINT ( 'NONE',  ( 4.000000000000000000, 3.000000000000000000, 0.6500000000000000222 ) ) ;
#6758 = VERTEX_POINT ( 'NONE', #2929 ) ;
#6759 = PRODUCT_DEFINITION_CONTEXT ( 'detailed design', #5726, 'design' ) ;
#6760 = ORIENTED_EDGE ( 'NONE', *, *, #4124, .T. ) ;
#6761 = CARTESIAN_POINT ( 'NONE',  ( 1.934550282381494846, 2.999991818833284807, -0.6400000000000000133 ) ) ;
#6762 = PLANE ( 'NONE',  #2322 ) ;
#6763 = DIRECTION ( 'NONE',  ( 0.0000000000000000000, 1.000000000000000000, 0.0000000000000000000 ) ) ;
#6764 = CARTESIAN_POINT ( 'NONE',  ( 0.4006670468120264728, 2.229094171558219983, 0.6400000000000000133 ) ) ;
#6765 = ORIENTED_EDGE ( 'NONE', *, *, #2918, .T. ) ;
#6766 = ADVANCED_FACE ( 'NONE', ( #3884 ), #264, .F. ) ;
#6767 = PRESENTATION_STYLE_ASSIGNMENT (( #5592 ) ) ;
#6768 = DIRECTION ( 'NONE',  ( 9.510545372679868754E-17, 0.0000000000000000000, -1.000000000000000000 ) ) ;
#6769 = CARTESIAN_POINT ( 'NONE',  ( -0.6229060432282556015, 3.015714441355473951, -0.6400000000000001243 ) ) ;
#6770 = LINE ( 'NONE', #4980, #5674 ) ;
#6771 = DIRECTION ( 'NONE',  ( -6.914672651895809708E-32, 1.000000000000000000, 0.0000000000000000000 ) ) ;
#6772 = DIRECTION ( 'NONE',  ( 0.0000000000000000000, -9.227252531791520216E-16, -1.000000000000000000 ) ) ;
#6773 = CARTESIAN_POINT ( 'NONE',  ( 0.2525058442745775067, 2.007427768585499983, 0.6400000000000000133 ) ) ;
#6774 = CARTESIAN_POINT ( 'NONE',  ( 0.2700000000000000178, -3.700000000000000178, 0.5699999999999999512 ) ) ;
#6775 =( NAMED_UNIT ( * ) SI_UNIT ( $, .STERADIAN. ) SOLID_ANGLE_UNIT ( ) );
#6776 = CARTESIAN_POINT ( 'NONE',  ( -1.279999999999998694, 0.3333333333333309834, 0.6400000000000001243 ) ) ;
#6777 = LINE ( 'NONE', #5746, #5408 ) ;
#6778 = ORIENTED_EDGE ( 'NONE', *, *, #2448, .F. ) ;
#6779 = LINE ( 'NONE', #6709, #5424 ) ;
#6780 = LINE ( 'NONE', #2416, #4493 ) ;
#6781 =( LENGTH_UNIT ( ) NAMED_UNIT ( * ) SI_UNIT ( .MILLI., .METRE. ) );
#6782 = CARTESIAN_POINT ( 'NONE',  ( -0.5699999999999999512, -3.700000000000000178, -0.5699999999999999512 ) ) ;
#6783 = CARTESIAN_POINT ( 'NONE',  ( 0.1021084803288501985, 1.644336412802515079, 0.6400000000000000133 ) ) ;
#6784 = EDGE_LOOP ( 'NONE', ( #3092, #5684, #2373, #5486, #2127, #3280, #222, #3525, #598, #649, #5198, #4661, #3344, #1171 ) ) ;
#6785 = DIRECTION ( 'NONE',  ( 0.0000000000000000000, 0.0000000000000000000, 1.000000000000000000 ) ) ;
#6786 = EDGE_LOOP ( 'NONE', ( #2720, #4575, #2968, #2679 ) ) ;
#6787 = ORIENTED_EDGE ( 'NONE', *, *, #4262, .T. ) ;
#6788 = PRODUCT_DEFINITION_SHAPE ( 'NONE', 'NONE',  #7220 ) ;
#6789 = CARTESIAN_POINT ( 'NONE',  ( -1.279999999999998694, 0.3333333333333334259, -0.6400000000000001243 ) ) ;
#6790 = ADVANCED_FACE ( 'NONE', ( #4901, #5353 ), #402, .T. ) ;
#6791 = CARTESIAN_POINT ( 'NONE',  ( 1.080000000000000071, 6.299999999999999822, 3.850000000000000089 ) ) ;
#6792 = EDGE_CURVE ( 'NONE', #561, #7177, #365, .T. ) ;
#6793 = LINE ( 'NONE', #6104, #213 ) ;
#6794 = VECTOR ( 'NONE', #1746, 1000.000000000000000 ) ;
#6795 = CARTESIAN_POINT ( 'NONE',  ( 2.700000000000000178, 7.799999999999999822, -3.840000000000000302 ) ) ;
#6796 = ORIENTED_EDGE ( 'NONE', *, *, #3734, .F. ) ;
#6797 = DIRECTION ( 'NONE',  ( 0.0000000000000000000, 1.000000000000000000, 0.0000000000000000000 ) ) ;
#6798 = ORIENTED_EDGE ( 'NONE', *, *, #2975, .T. ) ;
#6799 = CIRCLE ( 'NONE', #5975, 1.149999999999999911 ) ;
#6800 = CARTESIAN_POINT ( 'NONE',  ( -1.279999999999998694, 0.9166666666666598573, 0.6400000000000001243 ) ) ;
#6801 = CARTESIAN_POINT ( 'NONE',  ( 2.745000000000000107, 9.400000000000000355, -2.000000000000000000 ) ) ;
#6802 = EDGE_CURVE ( 'NONE', #3029, #593, #1387, .T. ) ;
#6803 = CARTESIAN_POINT ( 'NONE',  ( 4.000000000000000000, 3.000000000000000000, 0.0000000000000000000 ) ) ;
#6804 = EDGE_CURVE ( 'NONE', #167, #1635, #7000, .T. ) ;
#6805 = CARTESIAN_POINT ( 'NONE',  ( 2.700000000000000178, 3.200000000000000178, -2.000000000000000000 ) ) ;
#6806 = AXIS2_PLACEMENT_3D ( 'NONE', #2131, #1026, #1573 ) ;
#6807 = ORIENTED_EDGE ( 'NONE', *, *, #2408, .T. ) ;
#6808 = VECTOR ( 'NONE', #1538, 1000.000000000000000 ) ;
#6809 = CARTESIAN_POINT ( 'NONE',  ( 3.459999999999999964, 9.400000000000000355, -3.149999999999999911 ) ) ;
#6810 = CARTESIAN_POINT ( 'NONE',  ( 2.000000000000000000, 4.150000000000000355, 0.0000000000000000000 ) ) ;
#6811 = CARTESIAN_POINT ( 'NONE',  ( 0.4500000000000000111, 12.40000000000000036, -1.110000000000000098 ) ) ;
#6812 = AXIS2_PLACEMENT_3D ( 'NONE', #461, #4820, #5401 ) ;
#6813 = VECTOR ( 'NONE', #1027, 1000.000000000000000 ) ;
#6814 = SHAPE_REPRESENTATION_RELATIONSHIP ( 'NONE' , 'NONE' ,  #11, #141 ) ;
#6815 = EDGE_CURVE ( 'NONE', #4246, #543, #5940, .T. ) ;
#6816 = CARTESIAN_POINT ( 'NONE',  ( 3.333333333333423187, 4.279999999999995808, -0.6400000000000001243 ) ) ;
#6817 = EDGE_LOOP ( 'NONE', ( #2627, #310, #5037, #1798 ) ) ;
#6818 = DIRECTION ( 'NONE',  ( 1.000000000000000000, 0.0000000000000000000, 0.0000000000000000000 ) ) ;
#6819 = VECTOR ( 'NONE', #432, 1000.000000000000000 ) ;
#6820 = CARTESIAN_POINT ( 'NONE',  ( -1.820000000000000062, 3.649999999999999911, -3.660000000000000142 ) ) ;
#6821 = VERTEX_POINT ( 'NONE', #6495 ) ;
#6822 = CARTESIAN_POINT ( 'NONE',  ( -4.009999999999999787, 13.40000000000000036, -1.909999999999999920 ) ) ;
#6823 = DIRECTION ( 'NONE',  ( -1.000000000000000000, 0.0000000000000000000, 0.0000000000000000000 ) ) ;
#6824 = DIRECTION ( 'NONE',  ( 1.000000000000000000, 0.0000000000000000000, 3.614007241618350250E-16 ) ) ;
#6825 = CIRCLE ( 'NONE', #6350, 1.149999999999999911 ) ;
#6826 = CARTESIAN_POINT ( 'NONE',  ( -1.279999999999998694, 0.7916666666666665186, 0.6400000000000001243 ) ) ;
#6827 = VERTEX_POINT ( 'NONE', #4236 ) ;
#6828 = DIRECTION ( 'NONE',  ( -1.000000000000000000, 0.0000000000000000000, 0.0000000000000000000 ) ) ;
#6829 = CARTESIAN_POINT ( 'NONE',  ( 5.421010862427519705E-17, 0.6666666666666680729, -0.6400000000000000133 ) ) ;
#6830 = CARTESIAN_POINT ( 'NONE',  ( 1.316759052918389239, 1.231961108608907285, 0.6400000000000001243 ) ) ;
#6831 = VECTOR ( 'NONE', #1342, 1000.000000000000000 ) ;
#6832 = CARTESIAN_POINT ( 'NONE',  ( 1.279999999999998694, 0.3333333333333334259, -0.6400000000000001243 ) ) ;
#6833 = ORIENTED_EDGE ( 'NONE', *, *, #1496, .F. ) ;
#6834 = CARTESIAN_POINT ( 'NONE',  ( -1.820000000000000062, 2.200000000000000178, -4.597157890324959695 ) ) ;
#6835 = ORIENTED_EDGE ( 'NONE', *, *, #2963, .F. ) ;
#6836 = EDGE_CURVE ( 'NONE', #5693, #175, #5320, .T. ) ;
#6837 = DIRECTION ( 'NONE',  ( -1.000000000000000000, -1.062943306358337910E-16, -1.141265444721584103E-15 ) ) ;
#6838 = VECTOR ( 'NONE', #1850, 1000.000000000000000 ) ;
#6839 = CARTESIAN_POINT ( 'NONE',  ( -1.175174254344260261, 1.850141237285419571, -0.6400000000000001243 ) ) ;
#6840 = CARTESIAN_POINT ( 'NONE',  ( -2.550000000000000266, -4.336808689942014778E-16, -0.5699999999999999512 ) ) ;
#6841 = DIRECTION ( 'NONE',  ( 1.000000000000000000, 6.914672651895809708E-32, 0.0000000000000000000 ) ) ;
#6842 = CARTESIAN_POINT ( 'NONE',  ( 0.02563462531364095118, 1.325827804174342095, -0.6400000000000000133 ) ) ;
#6843 = B_SPLINE_CURVE_WITH_KNOTS ( 'NONE', 3,
 ( #1400, #839, #6940, #6978, #4712, #770, #4212, #1433, #3658, #5874, #3120, #1329, #6842, #1846, #4074, #736, #5188, #196, #3009, #5222, #226, #2464, #1913, #6359, #498, #3237, #3739, #5477, #6072, #1046, #1553, #379, #6543, #4785, #7048, #4365 ),
 .UNSPECIFIED., .F., .F.,
 ( 4, 2, 2, 2, 2, 2, 2, 2, 2, 2, 2, 2, 2, 2, 2, 2, 2, 4 ),
 ( 0.0000000000000000000, 0.08141210728258689577, 0.1221181609238803922, 0.1424711877445269947, 0.1628242145651740136, 0.1947946743342039988, 0.2267651341032335122, 0.2907060536412935381, 0.4185878927174130348, 0.5464697317935329757, 0.6104106513315920024, 0.6423811111006219043, 0.6743515708696520283, 0.6947045976902990194, 0.7150576245109458995, 0.7557636781522389935, 0.8371757854348259587, 1.000000000000000000 ),
 .UNSPECIFIED. ) ;
#6844 = EDGE_CURVE ( 'NONE', #3959, #2323, #96, .T. ) ;
#6845 = ADVANCED_FACE ( 'NONE', ( #3726 ), #327, .F. ) ;
#6846 = DIRECTION ( 'NONE',  ( -1.000000000000000000, -9.050731179009429759E-15, 0.0000000000000000000 ) ) ;
#6847 = CARTESIAN_POINT ( 'NONE',  ( 2.166666666666659857, 3.000000000000000000, 0.6400000000000000133 ) ) ;
#6848 = STYLED_ITEM ( 'NONE', ( #5531 ), #55 ) ;
#6849 = DIRECTION ( 'NONE',  ( 3.798227098303920342E-65, -1.867108438696574904E-33, 1.000000000000000000 ) ) ;
#6850 = AXIS2_PLACEMENT_3D ( 'NONE', #1731, #1177, #2257 ) ;
#6851 = DIRECTION ( 'NONE',  ( 1.000000000000000000, 0.0000000000000000000, 0.0000000000000000000 ) ) ;
#6852 = CARTESIAN_POINT ( 'NONE',  ( 1.465642401154087837, 4.237959214485621295, -0.6400000000000001243 ) ) ;
#6853 = ORIENTED_EDGE ( 'NONE', *, *, #28, .T. ) ;
#6854 = DIRECTION ( 'NONE',  ( 1.000000000000000000, 0.0000000000000000000, 3.614007241618350250E-16 ) ) ;
#6855 = AXIS2_PLACEMENT_3D ( 'NONE', #2973, #5187, #2580 ) ;
#6856 = ORIENTED_EDGE ( 'NONE', *, *, #5261, .F. ) ;
#6857 = EDGE_CURVE ( 'NONE', #6960, #2202, #3180, .T. ) ;
#6858 = CYLINDRICAL_SURFACE ( 'NONE', #5772, 0.6500000000000000222 ) ;
#6859 = CARTESIAN_POINT ( 'NONE',  ( 1.820000000000000062, 13.40000000000000036, -1.909999999999999920 ) ) ;
#6860 = CARTESIAN_POINT ( 'NONE',  ( 3.666666666667149688, 3.000000000000000000, 0.6400000000000000133 ) ) ;
#6861 = AXIS2_PLACEMENT_3D ( 'NONE', #2568, #2016, #3065 ) ;
#6862 = CARTESIAN_POINT ( 'NONE',  ( 1.869147472901550255, 2.996786418182679768, 0.6400000000000000133 ) ) ;
#6863 = VERTEX_POINT ( 'NONE', #4613 ) ;
#6864 = CARTESIAN_POINT ( 'NONE',  ( -2.700000000000000178, 9.818168044530809269, -2.969665030796090122 ) ) ;
#6865 = CARTESIAN_POINT ( 'NONE',  ( 3.333333333333423187, 1.720000000000000639, 0.6400000000000001243 ) ) ;
#6866 = CARTESIAN_POINT ( 'NONE',  ( 1.279999999999998694, 0.1666666666666654917, 0.6400000000000001243 ) ) ;
#6867 = ORIENTED_EDGE ( 'NONE', *, *, #109, .F. ) ;
#6868 = LINE ( 'NONE', #294, #2060 ) ;
#6869 = ORIENTED_EDGE ( 'NONE', *, *, #5677, .T. ) ;
#6870 = VECTOR ( 'NONE', #5890, 1000.000000000000000 ) ;
#6871 = EDGE_LOOP ( 'NONE', ( #312, #6169, #1219, #948 ) ) ;
#6872 = LINE ( 'NONE', #1910, #2893 ) ;
#6873 = DIRECTION ( 'NONE',  ( 0.0000000000000000000, -0.7071067811865480168, 0.7071067811865470176 ) ) ;
#6874 = DIRECTION ( 'NONE',  ( -1.000000000000000000, 7.228014483236700746E-17, 0.0000000000000000000 ) ) ;
#6875 = CARTESIAN_POINT ( 'NONE',  ( 1.370902103938838268, 1.362673996690775047, -0.6400000000000001243 ) ) ;
#6876 = CARTESIAN_POINT ( 'NONE',  ( 1.469999999999999973, 12.40000000000000036, 2.949999999999999734 ) ) ;
#6877 = DIRECTION ( 'NONE',  ( 0.0000000000000000000, 0.0000000000000000000, 1.000000000000000000 ) ) ;
#6878 = CARTESIAN_POINT ( 'NONE',  ( 1.738958130906359978, 2.983969638426825277, 0.6400000000000000133 ) ) ;
#6879 = EDGE_CURVE ( 'NONE', #2689, #6122, #2531, .T. ) ;
#6880 = ADVANCED_FACE ( 'NONE', ( #4200 ), #4774, .F. ) ;
#6881 = ADVANCED_FACE ( 'NONE', ( #4429 ), #5427, .F. ) ;
#6882 = LINE ( 'NONE', #1338, #6448 ) ;
#6883 = ORIENTED_EDGE ( 'NONE', *, *, #4917, .F. ) ;
#6884 = LINE ( 'NONE', #5710, #2974 ) ;
#6885 = EDGE_LOOP ( 'NONE', ( #2042, #4893, #3361, #480 ) ) ;
#6886 = DIRECTION ( 'NONE',  ( -6.914672651895809708E-32, 1.000000000000000000, 0.0000000000000000000 ) ) ;
#6887 = CARTESIAN_POINT ( 'NONE',  ( -1.820000000000000062, 8.224999999999999645, -3.035000000000000142 ) ) ;
#6888 = SURFACE_STYLE_USAGE ( .BOTH. , #6919 ) ;
#6889 = EDGE_CURVE ( 'NONE', #2138, #7177, #6674, .T. ) ;
#6890 = CARTESIAN_POINT ( 'NONE',  ( 0.0000000000000000000, 0.7916666666666679619, 0.6400000000000000133 ) ) ;
#6891 = VERTEX_POINT ( 'NONE', #5978 ) ;
#6892 = DIRECTION ( 'NONE',  ( 1.000000000000000000, 0.0000000000000000000, 3.614007241618350250E-16 ) ) ;
#6893 = ORIENTED_EDGE ( 'NONE', *, *, #4698, .T. ) ;
#6894 = UNCERTAINTY_MEASURE_WITH_UNIT (LENGTH_MEASURE( 1.000000000000000082E-05 ), #2740, 'distance_accuracy_value', 'NONE');
#6895 = CARTESIAN_POINT ( 'NONE',  ( -1.274729725819581772, 1.214598144441489724, 0.6400000000000001243 ) ) ;
#6896 = CARTESIAN_POINT ( 'NONE',  ( 3.666666666667149688, 3.000000000000000000, 0.6400000000000000133 ) ) ;
#6897 = EDGE_CURVE ( 'NONE', #1359, #5599, #5694, .T. ) ;
#6898 = CARTESIAN_POINT ( 'NONE',  ( 1.813383630839782823, 1.696989470465819050, 0.6400000000000001243 ) ) ;
#6899 = DIRECTION ( 'NONE',  ( -4.272717921125140000E-16, 0.0000000000000000000, 1.000000000000000000 ) ) ;
#6900 = ORIENTED_EDGE ( 'NONE', *, *, #2539, .F. ) ;
#6901 = ORIENTED_EDGE ( 'NONE', *, *, #3285, .F. ) ;
#6902 = CARTESIAN_POINT ( 'NONE',  ( -5.208292492219720393E-06, 0.9583334156682049576, -0.6400000000000000133 ) ) ;
#6903 = CARTESIAN_POINT ( 'NONE',  ( -2.550000000000000266, 0.2999999999999999889, 0.5699999999999999512 ) ) ;
#6904 = DIRECTION ( 'NONE',  ( 0.0000000000000000000, -1.000000000000000000, 0.0000000000000000000 ) ) ;
#6905 = VERTEX_POINT ( 'NONE', #1097 ) ;
#6906 = DIRECTION ( 'NONE',  ( -1.000000000000000000, 1.833024472948825013E-16, 0.0000000000000000000 ) ) ;
#6907 = CARTESIAN_POINT ( 'NONE',  ( 1.279999999999998694, 0.8333333333333348136, -0.6400000000000001243 ) ) ;
#6908 = CARTESIAN_POINT ( 'NONE',  ( 0.0000000000000000000, 0.8333333333333369231, 0.6400000000000000133 ) ) ;
#6909 = LINE ( 'NONE', #1407, #6024 ) ;
#6910 = CARTESIAN_POINT ( 'NONE',  ( 1.869147472901544926, 2.996786418182679768, 0.6400000000000000133 ) ) ;
#6911 = VECTOR ( 'NONE', #2587, 1000.000000000000000 ) ;
#6912 = CARTESIAN_POINT ( 'NONE',  ( 2.609999999999999876, 13.40000000000000036, 4.850000000000000533 ) ) ;
#6913 = ORIENTED_EDGE ( 'NONE', *, *, #6392, .F. ) ;
#6914 = CARTESIAN_POINT ( 'NONE',  ( 1.409999999999999920, 0.0000000000000000000, -0.8699999999999999956 ) ) ;
#6915 = VECTOR ( 'NONE', #2848, 1000.000000000000000 ) ;
#6916 = EDGE_CURVE ( 'NONE', #5129, #6700, #1132, .T. ) ;
#6917 = DIRECTION ( 'NONE',  ( 1.833024472948824766E-16, 1.000000000000000000, -1.867108438696574904E-33 ) ) ;
#6918 = DIRECTION ( 'NONE',  ( 1.000000000000000000, 0.0000000000000000000, 0.0000000000000000000 ) ) ;
#6919 = SURFACE_SIDE_STYLE ('',( #3674 ) ) ;
#6920 = CIRCLE ( 'NONE', #6585, 0.5000000000000000000 ) ;
#6921 = VECTOR ( 'NONE', #4056, 1000.000000000000000 ) ;
#6922 = CARTESIAN_POINT ( 'NONE',  ( 2.333333333333299731, 4.279999999999995808, 0.6400000000000001243 ) ) ;
#6923 = VERTEX_POINT ( 'NONE', #4923 ) ;
#6924 = CARTESIAN_POINT ( 'NONE',  ( 2.850000000000000089, 0.0000000000000000000, 0.8699999999999999956 ) ) ;
#6925 = ORIENTED_EDGE ( 'NONE', *, *, #4824, .T. ) ;
#6926 = EDGE_CURVE ( 'NONE', #2709, #4111, #3909, .T. ) ;
#6927 = DIRECTION ( 'NONE',  ( 1.000000000000000000, 0.0000000000000000000, 3.614007241618350250E-16 ) ) ;
#6928 = EDGE_CURVE ( 'NONE', #6018, #2792, #2249, .T. ) ;
#6929 = CARTESIAN_POINT ( 'NONE',  ( 2.333333333333299731, 4.279999999999995808, -0.6400000000000001243 ) ) ;
#6930 = CARTESIAN_POINT ( 'NONE',  ( 1.869147472901544926, 2.996786418182679768, 0.6400000000000000133 ) ) ;
#6931 =( GEOMETRIC_REPRESENTATION_CONTEXT ( 3 ) GLOBAL_UNCERTAINTY_ASSIGNED_CONTEXT ( ( #6962 ) ) GLOBAL_UNIT_ASSIGNED_CONTEXT ( ( #6106, #1113, #6728 ) ) REPRESENTATION_CONTEXT ( 'NONE', 'WORKASPACE' ) );
#6932 = ORIENTED_EDGE ( 'NONE', *, *, #1307, .F. ) ;
#6933 = FACE_OUTER_BOUND ( 'NONE', #5001, .T. ) ;
#6934 = VERTEX_POINT ( 'NONE', #3261 ) ;
#6935 = EDGE_CURVE ( 'NONE', #2415, #4696, #4957, .T. ) ;
#6936 = ORIENTED_EDGE ( 'NONE', *, *, #6345, .T. ) ;
#6937 = VECTOR ( 'NONE', #6099, 1000.000000000000000 ) ;
#6938 = CARTESIAN_POINT ( 'NONE',  ( 5.421010862427519705E-17, 0.1666666666666674901, -0.6400000000000000133 ) ) ;
#6939 = PLANE ( 'NONE',  #2330 ) ;
#6940 = CARTESIAN_POINT ( 'NONE',  ( 5.421010862427519705E-17, 0.3333333333333330373, -0.6400000000000000133 ) ) ;
#6941 = ORIENTED_EDGE ( 'NONE', *, *, #5224, .T. ) ;
#6942 = AXIS2_PLACEMENT_3D ( 'NONE', #5235, #4662, #3022 ) ;
#6943 = CARTESIAN_POINT ( 'NONE',  ( -2.709999999999999964, 6.299999999999999822, 2.949999999999999734 ) ) ;
#6944 = CARTESIAN_POINT ( 'NONE',  ( 4.000000000000000000, 3.000000000000000000, 0.6400000000000000133 ) ) ;
#6945 = CARTESIAN_POINT ( 'NONE',  ( 1.869147472901550255, 2.996786418182679768, 0.6400000000000000133 ) ) ;
#6946 = DIRECTION ( 'NONE',  ( -0.3872324843550896123, 0.9219821056073621568, -1.646424708999005206E-16 ) ) ;
#6947 = CIRCLE ( 'NONE', #6610, 0.6500000000000000222 ) ;
#6948 = DIRECTION ( 'NONE',  ( 0.0000000000000000000, -1.000000000000000000, 0.0000000000000000000 ) ) ;
#6949 = ORIENTED_EDGE ( 'NONE', *, *, #6255, .F. ) ;
#6950 = CARTESIAN_POINT ( 'NONE',  ( -1.820000000000000062, 5.599999999999999645, -1.909999999999999920 ) ) ;
#6951 = ORIENTED_EDGE ( 'NONE', *, *, #3787, .T. ) ;
#6952 = LINE ( 'NONE', #3209, #4728 ) ;
#6953 = DIRECTION ( 'NONE',  ( 0.0000000000000000000, 0.0000000000000000000, 1.000000000000000000 ) ) ;
#6954 = DIRECTION ( 'NONE',  ( 1.000000000000000000, -1.110223024625155924E-16, 0.0000000000000000000 ) ) ;
#6955 =( NAMED_UNIT ( * ) PLANE_ANGLE_UNIT ( ) SI_UNIT ( $, .RADIAN. ) );
#6956 =( GEOMETRIC_REPRESENTATION_CONTEXT ( 3 ) GLOBAL_UNCERTAINTY_ASSIGNED_CONTEXT ( ( #6894 ) ) GLOBAL_UNIT_ASSIGNED_CONTEXT ( ( #2740, #476, #2817 ) ) REPRESENTATION_CONTEXT ( 'NONE', 'WORKASPACE' ) );
#6957 = CIRCLE ( 'NONE', #3250, 0.6500000000000000222 ) ;
#6958 = VERTEX_POINT ( 'NONE', #5576 ) ;
#6959 = PLANE ( 'NONE',  #2647 ) ;
#6960 = VERTEX_POINT ( 'NONE', #588 ) ;
#6961 = FACE_OUTER_BOUND ( 'NONE', #6088, .T. ) ;
#6962 = UNCERTAINTY_MEASURE_WITH_UNIT (LENGTH_MEASURE( 1.000000000000000082E-05 ), #6106, 'distance_accuracy_value', 'NONE');
#6963 = VECTOR ( 'NONE', #2938, 1000.000000000000000 ) ;
#6964 = DIRECTION ( 'NONE',  ( 0.0000000000000000000, 1.000000000000000000, 0.0000000000000000000 ) ) ;
#6965 = CARTESIAN_POINT ( 'NONE',  ( 2.833333333333285520, 1.720000000000000639, 0.6400000000000001243 ) ) ;
#6966 = ADVANCED_FACE ( 'NONE', ( #2135 ), #3872, .F. ) ;
#6967 = EDGE_CURVE ( 'NONE', #6748, #923, #553, .T. ) ;
#6968 = CARTESIAN_POINT ( 'NONE',  ( 4.000000000000000000, 1.720000000000000639, 0.6400000000000001243 ) ) ;
#6969 = EDGE_CURVE ( 'NONE', #1949, #5693, #6046, .T. ) ;
#6970 = VECTOR ( 'NONE', #7038, 1000.000000000000000 ) ;
#6971 = ORIENTED_EDGE ( 'NONE', *, *, #4882, .F. ) ;
#6972 = DIRECTION ( 'NONE',  ( 0.0000000000000000000, -1.000000000000000000, 9.227252531791520216E-16 ) ) ;
#6973 = VERTEX_POINT ( 'NONE', #485 ) ;
#6974 = VERTEX_POINT ( 'NONE', #2101 ) ;
#6975 = CARTESIAN_POINT ( 'NONE',  ( 0.02563462531364110036, 1.325827804174342095, -0.6400000000000000133 ) ) ;
#6976 = DIRECTION ( 'NONE',  ( 0.0000000000000000000, 0.0000000000000000000, -1.000000000000000000 ) ) ;
#6977 = EDGE_CURVE ( 'NONE', #1583, #4779, #3012, .T. ) ;
#6978 = CARTESIAN_POINT ( 'NONE',  ( 0.0000000000000000000, 0.5833333333333329263, -0.6400000000000000133 ) ) ;
#6979 = ORIENTED_EDGE ( 'NONE', *, *, #2483, .F. ) ;
#6980 = CARTESIAN_POINT ( 'NONE',  ( -1.820000000000000062, 6.779999999999999361, -3.660000000000000142 ) ) ;
#6981 = CARTESIAN_POINT ( 'NONE',  ( 2.333333333333299731, 1.720000000000000639, 0.6400000000000001243 ) ) ;
#6982 = DIRECTION ( 'NONE',  ( 0.0000000000000000000, -1.000000000000000000, 0.0000000000000000000 ) ) ;
#6983 = DIRECTION ( 'NONE',  ( 0.0000000000000000000, 1.000000000000000000, 0.0000000000000000000 ) ) ;
#6984 = CARTESIAN_POINT ( 'NONE',  ( 2.166666666666659857, 3.000000000000000000, 0.6400000000000000133 ) ) ;
#6985 = PLANE ( 'NONE',  #4016 ) ;
#6986 = EDGE_LOOP ( 'NONE', ( #6883, #2840, #6680, #3719 ) ) ;
#6987 = CARTESIAN_POINT ( 'NONE',  ( -1.409999999999999920, 1.000000000000000000, 0.5699999999999999512 ) ) ;
#6988 = ORIENTED_EDGE ( 'NONE', *, *, #7069, .T. ) ;
#6989 = DIRECTION ( 'NONE',  ( 0.0000000000000000000, -1.000000000000000000, 0.0000000000000000000 ) ) ;
#6990 = APPLICATION_PROTOCOL_DEFINITION ( 'draft international standard', 'automotive_design', 1998, #5726 ) ;
#6991 = CARTESIAN_POINT ( 'NONE',  ( -2.168404344971009854E-16, 0.0000000000000000000, 0.0000000000000000000 ) ) ;
#6992 = EDGE_LOOP ( 'NONE', ( #12, #1236, #5061, #4733, #455, #3962, #5733, #4529 ) ) ;
#6993 = CARTESIAN_POINT ( 'NONE',  ( 0.4500000000000000111, 12.40000000000000036, -1.110000000000000098 ) ) ;
#6994 = DIRECTION ( 'NONE',  ( 0.0000000000000000000, 1.000000000000000000, 0.0000000000000000000 ) ) ;
#6995 = EDGE_LOOP ( 'NONE', ( #5314, #3605, #6080, #1348 ) ) ;
#6996 = DIRECTION ( 'NONE',  ( 0.0000000000000000000, -1.000000000000000000, 0.0000000000000000000 ) ) ;
#6997 = VERTEX_POINT ( 'NONE', #206 ) ;
#6998 = DIRECTION ( 'NONE',  ( 0.0000000000000000000, 1.000000000000000000, 0.0000000000000000000 ) ) ;
#6999 = LINE ( 'NONE', #6456, #6108 ) ;
#7000 = LINE ( 'NONE', #1941, #4992 ) ;
#7001 = CARTESIAN_POINT ( 'NONE',  ( -1.280008541599682248, 0.9450001350291937774, 0.6400000000000001243 ) ) ;
#7002 = CARTESIAN_POINT ( 'NONE',  ( 1.424240136852308325, 1.442473901760956023, -0.6400000000000001243 ) ) ;
#7003 = CARTESIAN_POINT ( 'NONE',  ( 3.666666666667149688, 1.720000000000000639, -0.6400000000000001243 ) ) ;
#7004 = VERTEX_POINT ( 'NONE', #6530 ) ;
#7005 = CARTESIAN_POINT ( 'NONE',  ( -3.109999999999999876, 13.40000000000000036, 3.850000000000000089 ) ) ;
#7006 = VERTEX_POINT ( 'NONE', #5499 ) ;
#7007 = EDGE_CURVE ( 'NONE', #1135, #6016, #2177, .T. ) ;
#7008 = VERTEX_POINT ( 'NONE', #6607 ) ;
#7009 = CARTESIAN_POINT ( 'NONE',  ( 1.674172195825665010, 2.974365374686354979, -0.6400000000000000133 ) ) ;
#7010 = CARTESIAN_POINT ( 'NONE',  ( -3.459999999999999964, 0.0000000000000000000, -2.000000000000000000 ) ) ;
#7011 = LINE ( 'NONE', #6584, #4700 ) ;
#7012 = VERTEX_POINT ( 'NONE', #1575 ) ;
#7013 = LINE ( 'NONE', #2033, #2659 ) ;
#7014 = EDGE_CURVE ( 'NONE', #2794, #2758, #1615, .T. ) ;
#7015 = CARTESIAN_POINT ( 'NONE',  ( 2.028333303692779754, 1.720001874985300772, 0.6400000000000001243 ) ) ;
#7016 = EDGE_CURVE ( 'NONE', #1736, #5479, #6060, .T. ) ;
#7017 = CARTESIAN_POINT ( 'NONE',  ( 0.6499999999999995781, 0.9999999999999850120, 0.0000000000000000000 ) ) ;
#7018 = PLANE ( 'NONE',  #3115 ) ;
#7019 = CARTESIAN_POINT ( 'NONE',  ( 1.355663587197480036, 2.897891519671150107, 0.6400000000000000133 ) ) ;
#7020 = CARTESIAN_POINT ( 'NONE',  ( 2.000000000000000000, 3.000000000000000000, 0.6500000000000000222 ) ) ;
#7021 = ORIENTED_EDGE ( 'NONE', *, *, #2079, .T. ) ;
#7022 = VECTOR ( 'NONE', #265, 1000.000000000000000 ) ;
#7023 = LINE ( 'NONE', #2043, #5640 ) ;
#7024 = LINE ( 'NONE', #3712, #4156 ) ;
#7025 = APPLICATION_PROTOCOL_DEFINITION ( 'draft international standard', 'automotive_design', 1998, #3874 ) ;
#7026 = CARTESIAN_POINT ( 'NONE',  ( 3.510000000000000231, 13.40000000000000036, 3.850000000000000089 ) ) ;
#7027 = EDGE_CURVE ( 'NONE', #5177, #2599, #1739, .T. ) ;
#7028 = CARTESIAN_POINT ( 'NONE',  ( -2.700000000000000178, 7.200000000000000178, -3.840000000000000302 ) ) ;
#7029 = AXIS2_PLACEMENT_3D ( 'NONE', #2163, #6635, #5416 ) ;
#7030 = DIRECTION ( 'NONE',  ( 0.0000000000000000000, 0.0000000000000000000, 1.000000000000000000 ) ) ;
#7031 = CARTESIAN_POINT ( 'NONE',  ( 4.000000000000000000, 3.000000000000000000, -1.149999999999999911 ) ) ;
#7032 = CARTESIAN_POINT ( 'NONE',  ( -5.421010862427519705E-17, 0.8333333333333369231, 0.6400000000000000133 ) ) ;
#7033 = EDGE_LOOP ( 'NONE', ( #4768, #5578, #4015, #6298 ) ) ;
#7034 = MECHANICAL_DESIGN_GEOMETRIC_PRESENTATION_REPRESENTATION (  '', ( #6450 ), #3437 ) ;
#7035 = CARTESIAN_POINT ( 'NONE',  ( 0.2494067796610175136, 10.96864406779659973, 0.2494067796610175136 ) ) ;
#7036 = ORIENTED_EDGE ( 'NONE', *, *, #3410, .T. ) ;
#7037 = DIRECTION ( 'NONE',  ( 0.0000000000000000000, -1.000000000000000000, 0.0000000000000000000 ) ) ;
#7038 = DIRECTION ( 'NONE',  ( -1.000000000000000000, 0.0000000000000000000, 0.0000000000000000000 ) ) ;
#7039 = CARTESIAN_POINT ( 'NONE',  ( 1.469999999999999973, 13.40000000000000036, 2.949999999999999734 ) ) ;
#7040 = CARTESIAN_POINT ( 'NONE',  ( 1.955494150633415140, 1.719997054779976775, -0.6400000000000001243 ) ) ;
#7041 = AXIS2_PLACEMENT_3D ( 'NONE', #2450, #5646, #2348 ) ;
#7042 = ORIENTED_EDGE ( 'NONE', *, *, #4540, .F. ) ;
#7043 = DIRECTION ( 'NONE',  ( 1.000000000000000000, 0.0000000000000000000, 0.0000000000000000000 ) ) ;
#7044 = EDGE_LOOP ( 'NONE', ( #6856, #1946, #3781, #5765, #2498 ) ) ;
#7045 = CARTESIAN_POINT ( 'NONE',  ( 1.279999999999998694, 0.5833333333333347026, -0.6400000000000001243 ) ) ;
#7046 = DIRECTION ( 'NONE',  ( 0.0000000000000000000, 1.000000000000000000, 0.0000000000000000000 ) ) ;
#7047 = DIRECTION ( 'NONE',  ( 0.0000000000000000000, 0.0000000000000000000, 1.000000000000000000 ) ) ;
#7048 = CARTESIAN_POINT ( 'NONE',  ( 3.666666666667149688, 3.000000000000000000, -0.6400000000000000133 ) ) ;
#7049 = ORIENTED_EDGE ( 'NONE', *, *, #2315, .F. ) ;
#7050 = FACE_OUTER_BOUND ( 'NONE', #5478, .T. ) ;
#7051 = VECTOR ( 'NONE', #691, 1000.000000000000000 ) ;
#7052 = CARTESIAN_POINT ( 'NONE',  ( 5.421010862427519705E-17, 0.6666666666666680729, -0.6400000000000000133 ) ) ;
#7053 = CARTESIAN_POINT ( 'NONE',  ( -5.208292492328140610E-06, 0.9583334156682049576, 0.6400000000000000133 ) ) ;
#7054 = PLANE ( 'NONE',  #439 ) ;
#7055 = CARTESIAN_POINT ( 'NONE',  ( -3.409999999999999698, 0.0000000000000000000, -1.489999999999999991 ) ) ;
#7056 = CARTESIAN_POINT ( 'NONE',  ( -2.550000000000000266, 0.2999999999999999889, -0.5699999999999999512 ) ) ;
#7057 = VECTOR ( 'NONE', #1862, 1000.000000000000000 ) ;
#7058 = EDGE_CURVE ( 'NONE', #4272, #5691, #6715, .T. ) ;
#7059 = ORIENTED_EDGE ( 'NONE', *, *, #7113, .T. ) ;
#7060 = EDGE_CURVE ( 'NONE', #6719, #1722, #3840, .T. ) ;
#7061 = DIRECTION ( 'NONE',  ( 1.000000000000000000, 0.0000000000000000000, 0.0000000000000000000 ) ) ;
#7062 = CARTESIAN_POINT ( 'NONE',  ( -3.959999999999999964, 3.200000000000000178, -2.000000000000000000 ) ) ;
#7063 = APPLICATION_PROTOCOL_DEFINITION ( 'draft international standard', 'automotive_design', 1998, #2769 ) ;
#7064 = CARTESIAN_POINT ( 'NONE',  ( 2.609999999999999876, 13.40000000000000036, 4.349999999999999645 ) ) ;
#7065 = CARTESIAN_POINT ( 'NONE',  ( 4.000000000000000000, 3.000000000000000000, 0.0000000000000000000 ) ) ;
#7066 = VECTOR ( 'NONE', #1994, 1000.000000000000000 ) ;
#7067 = FILL_AREA_STYLE_COLOUR ( '', #5903 ) ;
#7068 = CARTESIAN_POINT ( 'NONE',  ( -4.336808689942014778E-16, 0.9999999999999820144, 0.0000000000000000000 ) ) ;
#7069 = EDGE_CURVE ( 'NONE', #6136, #1385, #6304, .T. ) ;
#7070 = DIRECTION ( 'NONE',  ( 0.0000000000000000000, -1.000000000000000000, 0.0000000000000000000 ) ) ;
#7071 = CIRCLE ( 'NONE', #5088, 1.149999999999999911 ) ;
#7072 = EDGE_LOOP ( 'NONE', ( #5006, #6438, #4344, #4724 ) ) ;
#7073 = CARTESIAN_POINT ( 'NONE',  ( 2.700000000000000178, 7.799999999999999822, -2.000000000000000000 ) ) ;
#7074 = ORIENTED_EDGE ( 'NONE', *, *, #6360, .F. ) ;
#7075 = CARTESIAN_POINT ( 'NONE',  ( 2.709999999999999964, 6.299999999999999822, 2.949999999999999734 ) ) ;
#7076 = LINE ( 'NONE', #2567, #2040 ) ;
#7077 = DIRECTION ( 'NONE',  ( 0.0000000000000000000, 0.0000000000000000000, 1.000000000000000000 ) ) ;
#7078 = MECHANICAL_DESIGN_GEOMETRIC_PRESENTATION_REPRESENTATION (  '', ( #4525 ), #1029 ) ;
#7079 = CARTESIAN_POINT ( 'NONE',  ( 2.208333333333345916, 4.279999999999995808, 0.6400000000000001243 ) ) ;
#7080 = VECTOR ( 'NONE', #4904, 1000.000000000000000 ) ;
#7081 = CARTESIAN_POINT ( 'NONE',  ( 1.738958130906359978, 2.983969638426825277, -0.6400000000000000133 ) ) ;
#7082 = ORIENTED_EDGE ( 'NONE', *, *, #4874, .F. ) ;
#7083 = DIRECTION ( 'NONE',  ( 1.000000000000000000, -1.110223024625155924E-16, 0.0000000000000000000 ) ) ;
#7084 = EDGE_CURVE ( 'NONE', #3439, #4561, #652, .T. ) ;
#7085 = ORIENTED_EDGE ( 'NONE', *, *, #4411, .T. ) ;
#7086 = ORIENTED_EDGE ( 'NONE', *, *, #1826, .F. ) ;
#7087 = CARTESIAN_POINT ( 'NONE',  ( 3.666666666667149688, 1.720000000000000639, 0.6400000000000001243 ) ) ;
#7088 = PLANE ( 'NONE',  #4635 ) ;
#7089 = CARTESIAN_POINT ( 'NONE',  ( -4.009999999999999787, 6.250000000000000000, -2.899999999999999911 ) ) ;
#7090 = CARTESIAN_POINT ( 'NONE',  ( -0.5000000000000000000, 2.712842109675049684, -5.110000000000000320 ) ) ;
#7091 = CARTESIAN_POINT ( 'NONE',  ( 3.459999999999999964, 0.0000000000000000000, -1.500000000000000000 ) ) ;
#7092 = ORIENTED_EDGE ( 'NONE', *, *, #5588, .T. ) ;
#7093 = LINE ( 'NONE', #381, #1244 ) ;
#7094 = CARTESIAN_POINT ( 'NONE',  ( 2.333333333333300175, 3.000000000000000000, -0.6400000000000000133 ) ) ;
#7095 = CARTESIAN_POINT ( 'NONE',  ( 3.333333333333429849, 3.000000000000000000, 0.6400000000000000133 ) ) ;
#7096 = DIRECTION ( 'NONE',  ( 0.0000000000000000000, -1.000000000000000000, 0.0000000000000000000 ) ) ;
#7097 = CYLINDRICAL_SURFACE ( 'NONE', #6742, 0.6500000000000000222 ) ;
#7098 = LINE ( 'NONE', #3311, #5056 ) ;
#7099 = EDGE_LOOP ( 'NONE', ( #2460, #7021, #5654, #3401 ) ) ;
#7100 = CARTESIAN_POINT ( 'NONE',  ( -2.609999999999999876, 12.59999999999999964, 4.349999999999999645 ) ) ;
#7101 = PRODUCT_CONTEXT ( 'NONE', #3504, 'mechanical' ) ;
#7102 = LINE ( 'NONE', #7137, #4812 ) ;
#7103 = DIRECTION ( 'NONE',  ( -1.000000000000000000, 0.0000000000000000000, -3.614007241618350250E-16 ) ) ;
#7104 = EDGE_CURVE ( 'NONE', #3985, #3371, #1718, .T. ) ;
#7105 = EDGE_CURVE ( 'NONE', #6577, #6739, #5164, .T. ) ;
#7106 = PLANE ( 'NONE',  #4011 ) ;
#7107 = CARTESIAN_POINT ( 'NONE',  ( 0.0000000000000000000, -1.194949400765808041E-33, 0.6400000000000000133 ) ) ;
#7108 = ORIENTED_EDGE ( 'NONE', *, *, #3960, .T. ) ;
#7109 = LINE ( 'NONE', #864, #2410 ) ;
#7110 = ORIENTED_EDGE ( 'NONE', *, *, #22, .F. ) ;
#7111 = PLANE ( 'NONE',  #6806 ) ;
#7112 = DIRECTION ( 'NONE',  ( -1.000000000000000000, 1.833024472948824766E-16, 0.0000000000000000000 ) ) ;
#7113 = EDGE_CURVE ( 'NONE', #5543, #1635, #2823, .T. ) ;
#7114 = EDGE_CURVE ( 'NONE', #5781, #5802, #5787, .T. ) ;
#7115 = DIRECTION ( 'NONE',  ( 0.0000000000000000000, 1.000000000000000000, 0.0000000000000000000 ) ) ;
#7116 = CARTESIAN_POINT ( 'NONE',  ( 1.934550282381494846, 2.999991818833284807, 0.6400000000000000133 ) ) ;
#7117 = CARTESIAN_POINT ( 'NONE',  ( 2.166666666666659857, 3.000000000000000000, -0.6400000000000000133 ) ) ;
#7118 = ORIENTED_EDGE ( 'NONE', *, *, #718, .F. ) ;
#7119 = DIRECTION ( 'NONE',  ( 0.0000000000000000000, -1.000000000000000000, 0.0000000000000000000 ) ) ;
#7120 = ORIENTED_EDGE ( 'NONE', *, *, #3376, .F. ) ;
#7121 = VERTEX_POINT ( 'NONE', #3507 ) ;
#7122 = CARTESIAN_POINT ( 'NONE',  ( 1.303010529534182282, 1.186616369160203410, -0.6400000000000001243 ) ) ;
#7123 = CARTESIAN_POINT ( 'NONE',  ( 0.0000000000000000000, 10.90000000000000036, 0.2700000000000000178 ) ) ;
#7124 = DIRECTION ( 'NONE',  ( 1.000000000000000000, 0.0000000000000000000, -1.661612524881999902E-16 ) ) ;
#7125 = CARTESIAN_POINT ( 'NONE',  ( -3.759999999999999787, 0.0000000000000000000, 8.673617379884030542E-16 ) ) ;
#7126 = CARTESIAN_POINT ( 'NONE',  ( -4.336808689942014778E-16, 0.9999999999999850120, 0.0000000000000000000 ) ) ;
#7127 = ORIENTED_EDGE ( 'NONE', *, *, #945, .F. ) ;
#7128 = ORIENTED_EDGE ( 'NONE', *, *, #332, .F. ) ;
#7129 = CARTESIAN_POINT ( 'NONE',  ( 3.666666666667149688, 4.279999999999995808, 0.6400000000000001243 ) ) ;
#7130 = CARTESIAN_POINT ( 'NONE',  ( 1.279999999999998694, 0.8333333333333348136, 0.6400000000000001243 ) ) ;
#7131 = CARTESIAN_POINT ( 'NONE',  ( -0.5699999999999999512, -3.700000000000000178, 0.2700000000000000178 ) ) ;
#7132 = FACE_OUTER_BOUND ( 'NONE', #4112, .T. ) ;
#7133 = DIRECTION ( 'NONE',  ( 0.0000000000000000000, 0.0000000000000000000, -1.000000000000000000 ) ) ;
#7134 = VERTEX_POINT ( 'NONE', #3942 ) ;
#7135 = LINE ( 'NONE', #2161, #5189 ) ;
#7136 = APPLICATION_PROTOCOL_DEFINITION ( 'draft international standard', 'automotive_design', 1998, #1033 ) ;
#7137 = CARTESIAN_POINT ( 'NONE',  ( -3.959999999999999964, 9.400000000000000355, 2.100000000000000089 ) ) ;
#7138 = FACE_OUTER_BOUND ( 'NONE', #64, .T. ) ;
#7139 =( NAMED_UNIT ( * ) SI_UNIT ( $, .STERADIAN. ) SOLID_ANGLE_UNIT ( ) );
#7140 = CARTESIAN_POINT ( 'NONE',  ( 1.934550282381494846, 2.999991818833284807, 0.6400000000000000133 ) ) ;
#7141 = EDGE_CURVE ( 'NONE', #6101, #796, #4563, .T. ) ;
#7142 = ORIENTED_EDGE ( 'NONE', *, *, #7014, .F. ) ;
#7143 = CYLINDRICAL_SURFACE ( 'NONE', #2189, 1.149999999999999911 ) ;
#7144 = ORIENTED_EDGE ( 'NONE', *, *, #1447, .F. ) ;
#7145 = AXIS2_PLACEMENT_3D ( 'NONE', #187, #2432, #3106 ) ;
#7146 = PLANE ( 'NONE',  #4362 ) ;
#7147 = PLANE ( 'NONE',  #5754 ) ;
#7148 = DIRECTION ( 'NONE',  ( 3.798227098303920342E-65, -1.867108438696574904E-33, 1.000000000000000000 ) ) ;
#7149 = CARTESIAN_POINT ( 'NONE',  ( 0.0000000000000000000, 0.7916666666666679619, 0.6400000000000000133 ) ) ;
#7150 = CARTESIAN_POINT ( 'NONE',  ( 2.666666666666638541, 4.279999999999995808, -0.6400000000000001243 ) ) ;
#7151 = CARTESIAN_POINT ( 'NONE',  ( 2.208333333333345916, 1.720000000000000639, -0.6400000000000001243 ) ) ;
#7152 = EDGE_CURVE ( 'NONE', #1279, #1652, #2855, .T. ) ;
#7153 = ORIENTED_EDGE ( 'NONE', *, *, #4754, .F. ) ;
#7154 = EDGE_CURVE ( 'NONE', #4696, #1070, #217, .T. ) ;
#7155 = LINE ( 'NONE', #2064, #7167 ) ;
#7156 = ORIENTED_EDGE ( 'NONE', *, *, #3202, .T. ) ;
#7157 = ORIENTED_EDGE ( 'NONE', *, *, #4252, .T. ) ;
#7158 = CARTESIAN_POINT ( 'NONE',  ( 0.4006670468120264728, 2.229094171558219983, -0.6400000000000000133 ) ) ;
#7159 = CARTESIAN_POINT ( 'NONE',  ( -3.459999999999999964, 3.200000000000000178, -2.000000000000000000 ) ) ;
#7160 = DIRECTION ( 'NONE',  ( 7.228014483236689653E-17, 1.000000000000000000, 0.0000000000000000000 ) ) ;
#7161 = CIRCLE ( 'NONE', #4706, 0.6400000000000000133 ) ;
#7162 = ORIENTED_EDGE ( 'NONE', *, *, #3544, .F. ) ;
#7163 = ADVANCED_FACE ( 'NONE', ( #5751 ), #134, .F. ) ;
#7164 = ORIENTED_EDGE ( 'NONE', *, *, #6263, .T. ) ;
#7165 = CARTESIAN_POINT ( 'NONE',  ( 2.208333333333344584, 3.000000000000000000, 0.6400000000000000133 ) ) ;
#7166 = CARTESIAN_POINT ( 'NONE',  ( 1.084202172485503941E-16, 0.1666666666666674901, -0.6400000000000000133 ) ) ;
#7167 = VECTOR ( 'NONE', #2021, 1000.000000000000000 ) ;
#7168 = DIRECTION ( 'NONE',  ( 1.000000000000000000, 0.0000000000000000000, 0.0000000000000000000 ) ) ;
#7169 = CARTESIAN_POINT ( 'NONE',  ( 2.000000000000000000, 2.350000000000000089, -7.960204194457795477E-17 ) ) ;
#7170 = LINE ( 'NONE', #6005, #3073 ) ;
#7171 = ORIENTED_EDGE ( 'NONE', *, *, #3044, .F. ) ;
#7172 = DIRECTION ( 'NONE',  ( -8.673617379884060124E-16, 0.0000000000000000000, 1.000000000000000000 ) ) ;
#7173 = CARTESIAN_POINT ( 'NONE',  ( -1.820000000000000062, 11.90000000000000036, -5.660000000000000142 ) ) ;
#7174 = CARTESIAN_POINT ( 'NONE',  ( 0.2700000000000000178, 10.90000000000000036, 0.2700000000000000178 ) ) ;
#7175 = VECTOR ( 'NONE', #6362, 1000.000000000000000 ) ;
#7176 = DIRECTION ( 'NONE',  ( 0.0000000000000000000, 0.0000000000000000000, 1.000000000000000000 ) ) ;
#7177 = VERTEX_POINT ( 'NONE', #6859 ) ;
#7178 = DIRECTION ( 'NONE',  ( 1.000000000000000000, 1.062943306358337910E-16, -1.902109074535969807E-16 ) ) ;
#7179 = VERTEX_POINT ( 'NONE', #2418 ) ;
#7180 = FACE_OUTER_BOUND ( 'NONE', #3533, .T. ) ;
#7181 = CARTESIAN_POINT ( 'NONE',  ( 4.000000000000000000, 3.000000000000000000, 0.0000000000000000000 ) ) ;
#7182 = CARTESIAN_POINT ( 'NONE',  ( 4.000000000000000000, 4.279999999999995808, 0.6400000000000001243 ) ) ;
#7183 = ORIENTED_EDGE ( 'NONE', *, *, #3098, .F. ) ;
#7184 = CARTESIAN_POINT ( 'NONE',  ( -1.279999999999998694, 0.5833333333333347026, -0.6400000000000001243 ) ) ;
#7185 = ORIENTED_EDGE ( 'NONE', *, *, #1434, .F. ) ;
#7186 = PLANE ( 'NONE',  #4264 ) ;
#7187 = VERTEX_POINT ( 'NONE', #6274 ) ;
#7188 = EDGE_LOOP ( 'NONE', ( #939, #4875, #2174, #2526, #1157, #2608, #1459, #4566 ) ) ;
#7189 = CARTESIAN_POINT ( 'NONE',  ( 1.279999999999998694, 0.3333333333333334259, -0.6400000000000001243 ) ) ;
#7190 = EDGE_CURVE ( 'NONE', #6161, #7134, #4018, .T. ) ;
#7191 = LINE ( 'NONE', #5111, #4747 ) ;
#7192 = EDGE_CURVE ( 'NONE', #1487, #5781, #4981, .T. ) ;
#7193 = DIRECTION ( 'NONE',  ( 2.292646186502854756E-16, 0.7071067811865489050, -0.7071067811865460184 ) ) ;
#7194 = LINE ( 'NONE', #7125, #1966 ) ;
#7195 = PRODUCT_DEFINITION_FORMATION_WITH_SPECIFIED_SOURCE ( 'ANY', '', #3881, .NOT_KNOWN. ) ;
#7196 = CARTESIAN_POINT ( 'NONE',  ( 0.0000000000000000000, 0.7916666666666679619, 0.6400000000000000133 ) ) ;
#7197 = VECTOR ( 'NONE', #1742, 1000.000000000000000 ) ;
#7198 = VERTEX_POINT ( 'NONE', #713 ) ;
#7199 = CARTESIAN_POINT ( 'NONE',  ( 2.990000000000000213, 1.000000000000000000, -2.899999999999999911 ) ) ;
#7200 = ORIENTED_EDGE ( 'NONE', *, *, #2104, .F. ) ;
#7201 = CARTESIAN_POINT ( 'NONE',  ( 3.666666666667149688, 3.000000000000000000, 0.6400000000000000133 ) ) ;
#7202 = CARTESIAN_POINT ( 'NONE',  ( 5.421010862427519705E-17, 0.3333333333333330373, -0.6400000000000000133 ) ) ;
#7203 = AXIS2_PLACEMENT_3D ( 'NONE', #2643, #5700, #5863 ) ;
#7204 = DIRECTION ( 'NONE',  ( 0.0000000000000000000, -1.000000000000000000, 0.0000000000000000000 ) ) ;
#7205 = EDGE_CURVE ( 'NONE', #1359, #111, #3356, .T. ) ;
#7206 = DIRECTION ( 'NONE',  ( -1.000000000000000000, 1.110223024625155924E-16, 0.0000000000000000000 ) ) ;
#7207 = ORIENTED_EDGE ( 'NONE', *, *, #806, .F. ) ;
#7208 = DIRECTION ( 'NONE',  ( 0.9219821056073622678, -0.3872324843550896123, 0.0000000000000000000 ) ) ;
#7209 = ORIENTED_EDGE ( 'NONE', *, *, #3421, .T. ) ;
#7210 = CARTESIAN_POINT ( 'NONE',  ( -3.759999999999999787, 3.200000000000000178, 8.673601809425449371E-16 ) ) ;
#7211 = LINE ( 'NONE', #1565, #2482 ) ;
#7212 =( NAMED_UNIT ( * ) PLANE_ANGLE_UNIT ( ) SI_UNIT ( $, .RADIAN. ) );
#7213 = PLANE ( 'NONE',  #836 ) ;
#7214 = NEXT_ASSEMBLY_USAGE_OCCURRENCE ( 'NAUO1', ' ', ' ', #5894, #5715, $ ) ;
#7215 = NEXT_ASSEMBLY_USAGE_OCCURRENCE ( 'NAUO2', ' ', ' ', #5715, #6168, $ ) ;
#7216 = NEXT_ASSEMBLY_USAGE_OCCURRENCE ( 'NAUO3', ' ', ' ', #5715, #4443, $ ) ;
#7217 = NEXT_ASSEMBLY_USAGE_OCCURRENCE ( 'NAUO4', ' ', ' ', #5715, #4443, $ ) ;
#7218 = NEXT_ASSEMBLY_USAGE_OCCURRENCE ( 'NAUO5', ' ', ' ', #5715, #1849, $ ) ;
#7219 = NEXT_ASSEMBLY_USAGE_OCCURRENCE ( 'NAUO6', ' ', ' ', #5715, #4346, $ ) ;
#7220 = NEXT_ASSEMBLY_USAGE_OCCURRENCE ( 'NAUO7', ' ', ' ', #5715, #850, $ ) ;
ENDSEC;
END-ISO-10303-21;
