ISO-10303-21;
HEADER;
FILE_DESCRIPTION (( 'STEP AP214' ),
    '1' );
FILE_NAME ('070A639A-E992-4EA0-AF61-A353D90A06E2.STEP',
    '2025-12-24T04:20:14',
    ( '' ),
    ( '' ),
    'SwSTEP 2.0',
    'SolidWorks 2022',
    '' );
FILE_SCHEMA (( 'AUTOMOTIVE_DESIGN' ));
ENDSEC;

DATA;
#1 = ORIENTED_EDGE ( 'NONE', *, *, #4593, .T. ) ;
#2 = CARTESIAN_POINT ( 'NONE',  ( 2.498660254037842421, 16.49500000000000099, -0.04866025403784563635 ) ) ;
#3 = DIRECTION ( 'NONE',  ( -1.000000000000000000, -1.225696218315258576E-16, 1.221441296278566376E-16 ) ) ;
#4 = ADVANCED_FACE ( 'NONE', ( #3980 ), #4056, .T. ) ;
#5 =( GEOMETRIC_REPRESENTATION_CONTEXT ( 3 ) GLOBAL_UNCERTAINTY_ASSIGNED_CONTEXT ( ( #854 ) ) GLOBAL_UNIT_ASSIGNED_CONTEXT ( ( #65, #2010, #4591 ) ) REPRESENTATION_CONTEXT ( 'NONE', 'WORKASPACE' ) );
#6 = COLOUR_RGB ( '',0.0000000000000000000, 0.0000000000000000000, 0.7529411764705882248 ) ;
#7 = UNCERTAINTY_MEASURE_WITH_UNIT (LENGTH_MEASURE( 1.000000000000000082E-05 ), #1383, 'distance_accuracy_value', 'NONE');
#8 = ORIENTED_EDGE ( 'NONE', *, *, #679, .F. ) ;
#9 = STYLED_ITEM ( 'NONE', ( #2346 ), #3582 ) ;
#10 = DIRECTION ( 'NONE',  ( -1.225696218315258576E-16, 1.000000000000000000, -0.0000000000000000000 ) ) ;
#11 = ORIENTED_EDGE ( 'NONE', *, *, #384, .F. ) ;
#12 = MECHANICAL_DESIGN_GEOMETRIC_PRESENTATION_REPRESENTATION (  '', ( #4305 ), #1897 ) ;
#13 = CARTESIAN_POINT ( 'NONE',  ( 9.231510036652667138E-16, 12.92212896455523818, -5.025400000000002088 ) ) ;
#14 = UNCERTAINTY_MEASURE_WITH_UNIT (LENGTH_MEASURE( 1.000000000000000082E-05 ), #140, 'distance_accuracy_value', 'NONE');
#15 = MECHANICAL_DESIGN_GEOMETRIC_PRESENTATION_REPRESENTATION (  '', ( #4544 ), #3182 ) ;
#16 =( BOUNDED_CURVE ( )  B_SPLINE_CURVE ( 3, ( #1001, #2030, #4711, #1295 ),
 .UNSPECIFIED., .F., .F. ) 
 B_SPLINE_CURVE_WITH_KNOTS ( ( 4, 4 ),
 ( 4.712388980384680792, 5.759586531581119218 ),
 .UNSPECIFIED. ) 
 CURVE ( )  GEOMETRIC_REPRESENTATION_ITEM ( )  RATIONAL_B_SPLINE_CURVE ( ( 1.000000000000000000, 0.9106836025229855247, 0.9106836025229855247, 1.000000000000000000 ) ) 
 REPRESENTATION_ITEM ( '' )  );
#17 =( LENGTH_UNIT ( ) NAMED_UNIT ( * ) SI_UNIT ( .MILLI., .METRE. ) );
#18 = STYLED_ITEM ( 'NONE', ( #4328 ), #2659 ) ;
#19 = EDGE_LOOP ( 'NONE', ( #4065, #1799, #3204, #4549 ) ) ;
#20 = SURFACE_STYLE_USAGE ( .BOTH. , #326 ) ;
#21 = PRESENTATION_LAYER_ASSIGNMENT (  '', '', ( #2150 ) ) ;
#22 = PRODUCT_DEFINITION_SHAPE ( 'NONE', 'NONE',  #2082 ) ;
#23 = SURFACE_STYLE_FILL_AREA ( #4525 ) ;
#24 = UNCERTAINTY_MEASURE_WITH_UNIT (LENGTH_MEASURE( 1.000000000000000082E-05 ), #4332, 'distance_accuracy_value', 'NONE');
#25 = VECTOR ( 'NONE', #936, 1000.000000000000000 ) ;
#26 = DIRECTION ( 'NONE',  ( -1.000000000000000000, 0.0000000000000000000, 0.0000000000000000000 ) ) ;
#27 = PRESENTATION_STYLE_ASSIGNMENT (( #2618 ) ) ;
#28 = EDGE_LOOP ( 'NONE', ( #3178, #4871, #3002, #1510 ) ) ;
#29 =( NAMED_UNIT ( * ) SI_UNIT ( $, .STERADIAN. ) SOLID_ANGLE_UNIT ( ) );
#30 = ORIENTED_EDGE ( 'NONE', *, *, #3155, .T. ) ;
#31 =( NAMED_UNIT ( * ) PLANE_ANGLE_UNIT ( ) SI_UNIT ( $, .RADIAN. ) );
#32 = SHELL_BASED_SURFACE_MODEL ( 'NONE', ( #1180, #3976, #4911, #2123 ) );
#33 = STYLED_ITEM ( 'NONE', ( #3511 ), #3802 ) ;
#34 = AXIS2_PLACEMENT_3D ( 'NONE', #475, #3571, #3496 ) ;
#35 = DIRECTION ( 'NONE',  ( -1.225696218315258576E-16, 1.000000000000000000, -0.0000000000000000000 ) ) ;
#36 = EDGE_CURVE ( 'NONE', #2396, #528, #873, .T. ) ;
#37 = ORIENTED_EDGE ( 'NONE', *, *, #4593, .F. ) ;
#38 = AXIS2_PLACEMENT_3D ( 'NONE', #4615, #915, #4661 ) ;
#39 = DIRECTION ( 'NONE',  ( -1.836970198721029934E-16, 0.0000000000000000000, -1.000000000000000000 ) ) ;
#40 = EDGE_CURVE ( 'NONE', #4617, #1808, #1571, .T. ) ;
#41 =( GEOMETRIC_REPRESENTATION_CONTEXT ( 3 ) GLOBAL_UNCERTAINTY_ASSIGNED_CONTEXT ( ( #430 ) ) GLOBAL_UNIT_ASSIGNED_CONTEXT ( ( #306, #4819, #4849 ) ) REPRESENTATION_CONTEXT ( 'NONE', 'WORKASPACE' ) );
#42 =( NAMED_UNIT ( * ) PLANE_ANGLE_UNIT ( ) SI_UNIT ( $, .RADIAN. ) );
#43 = DIRECTION ( 'NONE',  ( -1.000000000000000000, 0.0000000000000000000, 0.0000000000000000000 ) ) ;
#44 = EDGE_LOOP ( 'NONE', ( #4278, #2050, #2182, #3036 ) ) ;
#45 = DIRECTION ( 'NONE',  ( 1.000000000000000000, -0.0000000000000000000, -0.0000000000000000000 ) ) ;
#46 = AXIS2_PLACEMENT_3D ( 'NONE', #2620, #4169, #388 ) ;
#47 = DIRECTION ( 'NONE',  ( 0.0000000000000000000, 0.0000000000000000000, 1.000000000000000000 ) ) ;
#48 = CARTESIAN_POINT ( 'NONE',  ( -0.05732050807569128575, 16.49000000000000199, -0.05000000000000043993 ) ) ;
#49 = DIRECTION ( 'NONE',  ( -1.225696218315258576E-16, 1.000000000000000000, -0.0000000000000000000 ) ) ;
#50 =( LENGTH_UNIT ( ) NAMED_UNIT ( * ) SI_UNIT ( .MILLI., .METRE. ) );
#51 = VERTEX_POINT ( 'NONE', #1279 ) ;
#52 = LINE ( 'NONE', #1608, #3568 ) ;
#53 = UNCERTAINTY_MEASURE_WITH_UNIT (LENGTH_MEASURE( 1.000000000000000082E-05 ), #1550, 'distance_accuracy_value', 'NONE');
#54 = UNCERTAINTY_MEASURE_WITH_UNIT (LENGTH_MEASURE( 1.000000000000000082E-05 ), #1026, 'distance_accuracy_value', 'NONE');
#55 = ORIENTED_EDGE ( 'NONE', *, *, #1747, .T. ) ;
#56 = FILL_AREA_STYLE_COLOUR ( '', #1234 ) ;
#57 = LINE ( 'NONE', #1849, #3979 ) ;
#58 = CARTESIAN_POINT ( 'NONE',  ( 8.673617379884035472E-16, 2.520480547234076329, 4.499999999999785949 ) ) ;
#59 = UNCERTAINTY_MEASURE_WITH_UNIT (LENGTH_MEASURE( 1.000000000000000082E-05 ), #3185, 'distance_accuracy_value', 'NONE');
#60 = DIRECTION ( 'NONE',  ( -0.0000000000000000000, -0.0000000000000000000, -1.000000000000000000 ) ) ;
#61 = LINE ( 'NONE', #2385, #1211 ) ;
#62 = DIRECTION ( 'NONE',  ( -1.000000000000000000, 0.0000000000000000000, 0.0000000000000000000 ) ) ;
#63 = LINE ( 'NONE', #2654, #4916 ) ;
#64 = ORIENTED_EDGE ( 'NONE', *, *, #1628, .T. ) ;
#65 =( LENGTH_UNIT ( ) NAMED_UNIT ( * ) SI_UNIT ( .MILLI., .METRE. ) );
#66 = FILL_AREA_STYLE ('',( #1860 ) ) ;
#67 = UNCERTAINTY_MEASURE_WITH_UNIT (LENGTH_MEASURE( 1.000000000000000082E-05 ), #400, 'distance_accuracy_value', 'NONE');
#68 = AXIS2_PLACEMENT_3D ( 'NONE', #2184, #2961, #4490 ) ;
#69 = DIRECTION ( 'NONE',  ( -1.000000000000000000, 0.0000000000000000000, 0.0000000000000000000 ) ) ;
#70 = CARTESIAN_POINT ( 'NONE',  ( 5.020290614649573158, 2.891139007125195892, 0.2265553011108394632 ) ) ;
#71 = ORIENTED_EDGE ( 'NONE', *, *, #2783, .T. ) ;
#72 = CARTESIAN_POINT ( 'NONE',  ( 1.734723475976807094E-15, 1.479519452858046424, 4.859999999999383924 ) ) ;
#73 =( GEOMETRIC_REPRESENTATION_CONTEXT ( 3 ) GLOBAL_UNCERTAINTY_ASSIGNED_CONTEXT ( ( #54 ) ) GLOBAL_UNIT_ASSIGNED_CONTEXT ( ( #1026, #1075, #228 ) ) REPRESENTATION_CONTEXT ( 'NONE', 'WORKASPACE' ) );
#74 = VECTOR ( 'NONE', #285, 1000.000000000000000 ) ;
#75 = MECHANICAL_DESIGN_GEOMETRIC_PRESENTATION_REPRESENTATION (  '', ( #2520 ), #1417 ) ;
#76 = DIRECTION ( 'NONE',  ( -1.000000000000000000, 0.0000000000000000000, 0.0000000000000000000 ) ) ;
#77 =( GEOMETRIC_REPRESENTATION_CONTEXT ( 3 ) GLOBAL_UNCERTAINTY_ASSIGNED_CONTEXT ( ( #4596 ) ) GLOBAL_UNIT_ASSIGNED_CONTEXT ( ( #2887, #4767, #2139 ) ) REPRESENTATION_CONTEXT ( 'NONE', 'WORKASPACE' ) );
#78 = AXIS2_PLACEMENT_3D ( 'NONE', #3961, #3878, #3101 ) ;
#79 = COLOUR_RGB ( '',1.000000000000000000, 1.000000000000000000, 1.000000000000000000 ) ;
#80 = ORIENTED_EDGE ( 'NONE', *, *, #4652, .F. ) ;
#81 =( GEOMETRIC_REPRESENTATION_CONTEXT ( 3 ) GLOBAL_UNCERTAINTY_ASSIGNED_CONTEXT ( ( #4188 ) ) GLOBAL_UNIT_ASSIGNED_CONTEXT ( ( #1645, #2833, #2113 ) ) REPRESENTATION_CONTEXT ( 'NONE', 'WORKASPACE' ) );
#82 =( GEOMETRIC_REPRESENTATION_CONTEXT ( 3 ) GLOBAL_UNCERTAINTY_ASSIGNED_CONTEXT ( ( #4277 ) ) GLOBAL_UNIT_ASSIGNED_CONTEXT ( ( #961, #3288, #2185 ) ) REPRESENTATION_CONTEXT ( 'NONE', 'WORKASPACE' ) );
#83 = DIRECTION ( 'NONE',  ( 0.0000000000000000000, -8.673617379880311063E-16, 1.000000000000000000 ) ) ;
#84 = LINE ( 'NONE', #837, #1280 ) ;
#85 = CARTESIAN_POINT ( 'NONE',  ( 2.500000000000000000, -3.740813662564058006, -0.002153792457473946171 ) ) ;
#86 = DIRECTION ( 'NONE',  ( -3.061515884555943639E-16, -3.752488442012314369E-32, -1.000000000000000000 ) ) ;
#87 = CARTESIAN_POINT ( 'NONE',  ( 2.407412430484044816E-32, 15.99999999999999645, 5.000000000000000000 ) ) ;
#88 = DIRECTION ( 'NONE',  ( -1.225696218315258576E-16, 1.000000000000000000, -0.0000000000000000000 ) ) ;
#89 = CARTESIAN_POINT ( 'NONE',  ( 1.734723475976807094E-15, 1.826506484316722911, 5.219999999998981011 ) ) ;
#90 = ORIENTED_EDGE ( 'NONE', *, *, #3461, .T. ) ;
#91 = EDGE_CURVE ( 'NONE', #2735, #3602, #2407, .T. ) ;
#92 = FILL_AREA_STYLE_COLOUR ( '', #1644 ) ;
#93 = VECTOR ( 'NONE', #3690, 1000.000000000000000 ) ;
#94 = CARTESIAN_POINT ( 'NONE',  ( 8.266365894244633347E-16, 16.00000000000000000, -4.500000000000000000 ) ) ;
#95 = ADVANCED_FACE ( 'NONE', ( #2858 ), #939, .T. ) ;
#96 = AXIS2_PLACEMENT_3D ( 'NONE', #4763, #645, #1346 ) ;
#97 = DIRECTION ( 'NONE',  ( -1.225696218315258576E-16, -1.000000000000000000, 0.0000000000000000000 ) ) ;
#98 = VERTEX_POINT ( 'NONE', #1080 ) ;
#99 = CARTESIAN_POINT ( 'NONE',  ( 8.673617379884035472E-16, 2.173493515775398510, 4.859999999999382148 ) ) ;
#100 =( LENGTH_UNIT ( ) NAMED_UNIT ( * ) SI_UNIT ( .MILLI., .METRE. ) );
#101 = EDGE_CURVE ( 'NONE', #3534, #4386, #4788, .T. ) ;
#102 =( NAMED_UNIT ( * ) SI_UNIT ( $, .STERADIAN. ) SOLID_ANGLE_UNIT ( ) );
#103 = COLOUR_RGB ( '',0.7529411764705882248, 0.7529411764705882248, 0.7529411764705882248 ) ;
#104 = UNCERTAINTY_MEASURE_WITH_UNIT (LENGTH_MEASURE( 1.000000000000000082E-05 ), #1084, 'distance_accuracy_value', 'NONE');
#105 = PRESENTATION_LAYER_ASSIGNMENT (  '', '', ( #590 ) ) ;
#106 = ORIENTED_EDGE ( 'NONE', *, *, #4799, .F. ) ;
#107 = DIRECTION ( 'NONE',  ( 0.0000000000000000000, -0.0000000000000000000, -1.000000000000000000 ) ) ;
#108 = DIRECTION ( 'NONE',  ( 0.0000000000000000000, 1.000000000000000000, 0.0000000000000000000 ) ) ;
#109 = CARTESIAN_POINT ( 'NONE',  ( 5.020290614649573158, 5.691139007125196159, 0.2265553011108394632 ) ) ;
#110 = MECHANICAL_DESIGN_GEOMETRIC_PRESENTATION_REPRESENTATION (  '', ( #2246 ), #1296 ) ;
#111 = CARTESIAN_POINT ( 'NONE',  ( -2.493660254037847412, 16.49000000000000199, -0.04366025403784489639 ) ) ;
#112 = ORIENTED_EDGE ( 'NONE', *, *, #1865, .F. ) ;
#113 = SURFACE_STYLE_FILL_AREA ( #4320 ) ;
#114 = CARTESIAN_POINT ( 'NONE',  ( -1.808179302409157003E-15, 2.155866574577305350, -4.878287999999353808 ) ) ;
#115 = CARTESIAN_POINT ( 'NONE',  ( 0.03999999999999843958, 16.49000000000000199, 2.490000000000000213 ) ) ;
#116 = DIRECTION ( 'NONE',  ( -1.225696218315258576E-16, 1.000000000000000000, -0.0000000000000000000 ) ) ;
#117 = DIRECTION ( 'NONE',  ( -1.225696218315258576E-16, 1.000000000000000000, -0.0000000000000000000 ) ) ;
#118 = ADVANCED_FACE ( 'NONE', ( #2579 ), #672, .T. ) ;
#119 =( LENGTH_UNIT ( ) NAMED_UNIT ( * ) SI_UNIT ( .MILLI., .METRE. ) );
#120 = CARTESIAN_POINT ( 'NONE',  ( 5.257839222268424553E-31, 15.99999999999999645, 0.0000000000000000000 ) ) ;
#121 = PRESENTATION_STYLE_ASSIGNMENT (( #1993 ) ) ;
#122 = EDGE_LOOP ( 'NONE', ( #1393, #2224, #2647, #778 ) ) ;
#123 = CARTESIAN_POINT ( 'NONE',  ( 5.020290614649573158, 14.09113900712519474, 0.2265553011108372428 ) ) ;
#124 = CARTESIAN_POINT ( 'NONE',  ( -5.000000000000000000, 12.92212896455523818, 0.0000000000000000000 ) ) ;
#125 = ADVANCED_FACE ( 'NONE', ( #3268, #1740, #4122, #4516, #4859, #1811 ), #1786, .T. ) ;
#126 = ORIENTED_EDGE ( 'NONE', *, *, #4024, .F. ) ;
#127 = AXIS2_PLACEMENT_3D ( 'NONE', #587, #4797, #2049 ) ;
#128 = SURFACE_STYLE_FILL_AREA ( #1920 ) ;
#129 = VECTOR ( 'NONE', #3419, 1000.000000000000000 ) ;
#130 = EDGE_LOOP ( 'NONE', ( #4366, #406, #1867, #2785 ) ) ;
#131 = AXIS2_PLACEMENT_3D ( 'NONE', #1795, #3275, #4813 ) ;
#132 = SURFACE_STYLE_USAGE ( .BOTH. , #911 ) ;
#133 = LINE ( 'NONE', #912, #3662 ) ;
#134 = FILL_AREA_STYLE_COLOUR ( '', #2952 ) ;
#135 = MECHANICAL_DESIGN_GEOMETRIC_PRESENTATION_REPRESENTATION (  '', ( #3541 ), #1397 ) ;
#136 = SURFACE_STYLE_USAGE ( .BOTH. , #1540 ) ;
#137 = CARTESIAN_POINT ( 'NONE',  ( -5.000000000000000000, 15.99999999999999645, 0.0000000000000000000 ) ) ;
#138 = DIRECTION ( 'NONE',  ( 0.9996191968304722897, 0.0000000000000000000, -0.02759458874492218272 ) ) ;
#139 = CYLINDRICAL_SURFACE ( 'NONE', #1904, 0.009999999999999998473 ) ;
#140 =( LENGTH_UNIT ( ) NAMED_UNIT ( * ) SI_UNIT ( .MILLI., .METRE. ) );
#141 = DIRECTION ( 'NONE',  ( -1.225696218315258576E-16, 1.000000000000000000, -0.0000000000000000000 ) ) ;
#142 = ORIENTED_EDGE ( 'NONE', *, *, #247, .F. ) ;
#143 = CARTESIAN_POINT ( 'NONE',  ( 1.522575649527979532E-15, 0.4999999999999987232, 0.0000000000000000000 ) ) ;
#144 = SURFACE_STYLE_FILL_AREA ( #4276 ) ;
#145 = SURFACE_STYLE_USAGE ( .BOTH. , #4795 ) ;
#146 = VERTEX_POINT ( 'NONE', #1835 ) ;
#147 = CARTESIAN_POINT ( 'NONE',  ( -0.04866025403784733638, 16.49500000000000099, -0.04866025403784505349 ) ) ;
#148 = AXIS2_PLACEMENT_3D ( 'NONE', #219, #1717, #2859 ) ;
#149 = ORIENTED_EDGE ( 'NONE', *, *, #1721, .F. ) ;
#150 = EDGE_CURVE ( 'NONE', #3578, #51, #4878, .T. ) ;
#151 = AXIS2_PLACEMENT_3D ( 'NONE', #2534, #1350, #3669 ) ;
#152 = VECTOR ( 'NONE', #3661, 1000.000000000000000 ) ;
#153 = ADVANCED_FACE ( 'NONE', ( #4030, #244 ), #425, .T. ) ;
#154 = COLOUR_RGB ( '',1.000000000000000000, 1.000000000000000000, 1.000000000000000000 ) ;
#155 = STYLED_ITEM ( 'NONE', ( #2950 ), #946 ) ;
#156 = PRESENTATION_LAYER_ASSIGNMENT (  '', '', ( #238 ) ) ;
#157 = DIRECTION ( 'NONE',  ( 0.0000000000000000000, 2.081668171172166620E-14, 1.000000000000000000 ) ) ;
#158 =( NAMED_UNIT ( * ) PLANE_ANGLE_UNIT ( ) SI_UNIT ( $, .RADIAN. ) );
#159 = MECHANICAL_DESIGN_GEOMETRIC_PRESENTATION_REPRESENTATION (  '', ( #155 ), #807 ) ;
#160 = MECHANICAL_DESIGN_GEOMETRIC_PRESENTATION_REPRESENTATION (  '', ( #1884 ), #1269 ) ;
#161 = CARTESIAN_POINT ( 'NONE',  ( 8.673617379884035472E-16, 2.173493515775398510, 4.859999999999382148 ) ) ;
#162 = PRESENTATION_STYLE_ASSIGNMENT (( #3535 ) ) ;
#163 = CARTESIAN_POINT ( 'NONE',  ( -4.500000000000000888, 16.50000000000000000, 0.0000000000000000000 ) ) ;
#164 = DIRECTION ( 'NONE',  ( -1.000000000000000000, -1.225696218315258576E-16, 0.0000000000000000000 ) ) ;
#165 = DIRECTION ( 'NONE',  ( -1.000000000000000000, 0.0000000000000000000, 0.0000000000000000000 ) ) ;
#166 = VECTOR ( 'NONE', #173, 1000.000000000000000 ) ;
#167 = UNCERTAINTY_MEASURE_WITH_UNIT (LENGTH_MEASURE( 1.000000000000000082E-05 ), #3244, 'distance_accuracy_value', 'NONE');
#168 = SURFACE_SIDE_STYLE ('',( #4719 ) ) ;
#169 = CYLINDRICAL_SURFACE ( 'NONE', #2854, 0.009999999999999998473 ) ;
#170 = ORIENTED_EDGE ( 'NONE', *, *, #4451, .F. ) ;
#171 = DIRECTION ( 'NONE',  ( -1.000000000000000000, 0.0000000000000000000, 0.0000000000000000000 ) ) ;
#172 = CIRCLE ( 'NONE', #4853, 5.000000000000000000 ) ;
#173 = DIRECTION ( 'NONE',  ( -1.225696218315258576E-16, 1.000000000000000000, -0.0000000000000000000 ) ) ;
#174 = MECHANICAL_DESIGN_GEOMETRIC_PRESENTATION_REPRESENTATION (  '', ( #258 ), #661 ) ;
#175 = CARTESIAN_POINT ( 'NONE',  ( 0.0000000000000000000, 12.92212896455523818, 0.0000000000000000000 ) ) ;
#176 = VERTEX_POINT ( 'NONE', #894 ) ;
#177 =( NAMED_UNIT ( * ) PLANE_ANGLE_UNIT ( ) SI_UNIT ( $, .RADIAN. ) );
#178 = VERTEX_POINT ( 'NONE', #114 ) ;
#179 = CARTESIAN_POINT ( 'NONE',  ( 0.0000000000000000000, 16.00000000000000000, 4.500000000000000000 ) ) ;
#180 = EDGE_CURVE ( 'NONE', #2509, #4048, #4061, .T. ) ;
#181 = ORIENTED_EDGE ( 'NONE', *, *, #3927, .F. ) ;
#182 = DIRECTION ( 'NONE',  ( 1.000000000000000000, 1.225696218315258576E-16, -0.0000000000000000000 ) ) ;
#183 = CYLINDRICAL_SURFACE ( 'NONE', #1978, 0.009999999999999592548 ) ;
#184 = DIRECTION ( 'NONE',  ( 1.000000000000000000, -0.0000000000000000000, -0.0000000000000000000 ) ) ;
#185 = FILL_AREA_STYLE ('',( #4138 ) ) ;
#186 = EDGE_CURVE ( 'NONE', #2900, #2024, #63, .T. ) ;
#187 =( LENGTH_UNIT ( ) NAMED_UNIT ( * ) SI_UNIT ( .MILLI., .METRE. ) );
#188 = EDGE_LOOP ( 'NONE', ( #30, #1214, #1705, #4530 ) ) ;
#189 = CARTESIAN_POINT ( 'NONE',  ( -0.04366025403784821318, 16.49000000000000199, -2.493660254037845636 ) ) ;
#190 = CARTESIAN_POINT ( 'NONE',  ( 1.734723475976807094E-15, 1.132532421399369937, -4.499999999999786837 ) ) ;
#191 = EDGE_CURVE ( 'NONE', #1517, #1750, #3336, .T. ) ;
#192 = SURFACE_STYLE_FILL_AREA ( #1321 ) ;
#193 = FILL_AREA_STYLE ('',( #3293 ) ) ;
#194 = DIRECTION ( 'NONE',  ( 0.9988722292758333010, 0.0000000000000000000, -0.04747914891325429043 ) ) ;
#195 = CIRCLE ( 'NONE', #1762, 0.5000000000002138290 ) ;
#196 = DIRECTION ( 'NONE',  ( 0.0000000000000000000, -5.204170427928195907E-15, 1.000000000000000000 ) ) ;
#197 = SURFACE_STYLE_USAGE ( .BOTH. , #4424 ) ;
#198 = FACE_BOUND ( 'NONE', #3623, .T. ) ;
#199 = VERTEX_POINT ( 'NONE', #2387 ) ;
#200 = SURFACE_STYLE_USAGE ( .BOTH. , #3547 ) ;
#201 = SURFACE_STYLE_FILL_AREA ( #3278 ) ;
#202 = VERTEX_POINT ( 'NONE', #2315 ) ;
#203 = CARTESIAN_POINT ( 'NONE',  ( -6.439807931028373416E-17, 16.52539999999999765, 0.0000000000000000000 ) ) ;
#204 = MECHANICAL_DESIGN_GEOMETRIC_PRESENTATION_REPRESENTATION (  '', ( #4023 ), #292 ) ;
#205 = ORIENTED_EDGE ( 'NONE', *, *, #4863, .F. ) ;
#206 = DIRECTION ( 'NONE',  ( 1.000000000000000000, 1.225696218315258576E-16, 6.123233995736766036E-17 ) ) ;
#207 =( BOUNDED_CURVE ( )  B_SPLINE_CURVE ( 3, ( #1109, #378, #4548, #1766 ),
 .UNSPECIFIED., .F., .T. ) 
 B_SPLINE_CURVE_WITH_KNOTS ( ( 4, 4 ),
 ( 0.5235987755984743419, 1.570796326794896780 ),
 .UNSPECIFIED. ) 
 CURVE ( )  GEOMETRIC_REPRESENTATION_ITEM ( )  RATIONAL_B_SPLINE_CURVE ( ( 1.000000000000000000, 0.9106836025229881892, 0.9106836025229881892, 1.000000000000000000 ) ) 
 REPRESENTATION_ITEM ( '' )  );
#208 =( GEOMETRIC_REPRESENTATION_CONTEXT ( 3 ) GLOBAL_UNCERTAINTY_ASSIGNED_CONTEXT ( ( #2270 ) ) GLOBAL_UNIT_ASSIGNED_CONTEXT ( ( #880, #4634, #3525 ) ) REPRESENTATION_CONTEXT ( 'NONE', 'WORKASPACE' ) );
#209 = VECTOR ( 'NONE', #278, 1000.000000000000000 ) ;
#210 = EDGE_LOOP ( 'NONE', ( #4804, #4744, #3870, #1708 ) ) ;
#211 = CARTESIAN_POINT ( 'NONE',  ( -0.04866025403784745434, 16.49500000000000099, 0.04866025403784520614 ) ) ;
#212 = SURFACE_STYLE_FILL_AREA ( #2161 ) ;
#213 = CARTESIAN_POINT ( 'NONE',  ( -2.500000000000000000, 0.4999999999999993339, -0.002153792457473946171 ) ) ;
#214 = COLOUR_RGB ( '',0.0000000000000000000, 0.0000000000000000000, 0.7529411764705882248 ) ;
#215 = CARTESIAN_POINT ( 'NONE',  ( 0.0000000000000000000, 0.0000000000000000000, 0.0000000000000000000 ) ) ;
#216 = ORIENTED_EDGE ( 'NONE', *, *, #1093, .F. ) ;
#217 = CARTESIAN_POINT ( 'NONE',  ( 0.03999999999999691302, 16.49000000000000199, -2.490000000000000213 ) ) ;
#218 = SURFACE_SIDE_STYLE ('',( #1347 ) ) ;
#219 = CARTESIAN_POINT ( 'NONE',  ( 0.0000000000000000000, 12.92212896455523818, 0.0000000000000000000 ) ) ;
#220 = EDGE_CURVE ( 'NONE', #1801, #2000, #2287, .T. ) ;
#221 = CARTESIAN_POINT ( 'NONE',  ( -2.500000000000002220, 16.49500000000000099, -0.04866025403784482450 ) ) ;
#222 = SURFACE_STYLE_FILL_AREA ( #3620 ) ;
#223 = FACE_OUTER_BOUND ( 'NONE', #588, .T. ) ;
#224 = CARTESIAN_POINT ( 'NONE',  ( -0.04000000000000149269, 16.49000000000000199, 2.500000000000000000 ) ) ;
#225 = ORIENTED_EDGE ( 'NONE', *, *, #2261, .F. ) ;
#226 =( NAMED_UNIT ( * ) PLANE_ANGLE_UNIT ( ) SI_UNIT ( $, .RADIAN. ) );
#227 = SURFACE_STYLE_USAGE ( .BOTH. , #1434 ) ;
#228 =( NAMED_UNIT ( * ) SI_UNIT ( $, .STERADIAN. ) SOLID_ANGLE_UNIT ( ) );
#229 = ORIENTED_EDGE ( 'NONE', *, *, #2722, .F. ) ;
#230 = CYLINDRICAL_SURFACE ( 'NONE', #4186, 0.009999999999999998473 ) ;
#231 = ORIENTED_EDGE ( 'NONE', *, *, #4889, .T. ) ;
#232 = CARTESIAN_POINT ( 'NONE',  ( 1.734723475976807094E-15, 0.4999999999999990563, 4.500000000000002665 ) ) ;
#233 =( BOUNDED_CURVE ( )  B_SPLINE_CURVE ( 3, ( #147, #2376, #517, #3180 ),
 .UNSPECIFIED., .F., .T. ) 
 B_SPLINE_CURVE_WITH_KNOTS ( ( 4, 4 ),
 ( 3.665191429188258798, 4.712388980384687898 ),
 .UNSPECIFIED. ) 
 CURVE ( )  GEOMETRIC_REPRESENTATION_ITEM ( )  RATIONAL_B_SPLINE_CURVE ( ( 1.000000000000000000, 0.9106836025229871900, 0.9106836025229871900, 1.000000000000000000 ) ) 
 REPRESENTATION_ITEM ( '' )  );
#234 = DIRECTION ( 'NONE',  ( 1.225696218315258576E-16, -1.000000000000000000, 0.0000000000000000000 ) ) ;
#235 = FACE_OUTER_BOUND ( 'NONE', #130, .T. ) ;
#236 = AXIS2_PLACEMENT_3D ( 'NONE', #2552, #2939, #1780 ) ;
#237 = PRESENTATION_LAYER_ASSIGNMENT (  '', '', ( #2281 ) ) ;
#238 = STYLED_ITEM ( 'NONE', ( #3905 ), #153 ) ;
#239 = SHAPE_DEFINITION_REPRESENTATION ( #22, #524 ) ;
#240 = ORIENTED_EDGE ( 'NONE', *, *, #3103, .F. ) ;
#241 = CARTESIAN_POINT ( 'NONE',  ( -0.04866025403784824538, 16.49500000000000099, -2.498660254037845085 ) ) ;
#242 = DIRECTION ( 'NONE',  ( -1.225696218315258576E-16, 1.000000000000000000, 0.0000000000000000000 ) ) ;
#243 = MECHANICAL_DESIGN_GEOMETRIC_PRESENTATION_REPRESENTATION (  '', ( #3483 ), #81 ) ;
#244 = FACE_BOUND ( 'NONE', #4762, .T. ) ;
#245 = COLOUR_RGB ( '',0.0000000000000000000, 0.0000000000000000000, 0.7529411764705882248 ) ;
#246 = AXIS2_PLACEMENT_3D ( 'NONE', #4829, #3373, #346 ) ;
#247 = EDGE_CURVE ( 'NONE', #1439, #1078, #1339, .T. ) ;
#248 = DIRECTION ( 'NONE',  ( -1.000000000000000000, -1.225696218315258576E-16, -6.123233995736766036E-17 ) ) ;
#249 = AXIS2_PLACEMENT_3D ( 'NONE', #1488, #4148, #295 ) ;
#250 = ORIENTED_EDGE ( 'NONE', *, *, #4383, .T. ) ;
#251 = DIRECTION ( 'NONE',  ( 1.000000000000000000, 1.225696218315258576E-16, 6.123233995736766036E-17 ) ) ;
#252 = EDGE_CURVE ( 'NONE', #2323, #3363, #803, .T. ) ;
#253 = AXIS2_PLACEMENT_3D ( 'NONE', #1675, #2420, #2398 ) ;
#254 = ORIENTED_EDGE ( 'NONE', *, *, #3711, .T. ) ;
#255 = DIRECTION ( 'NONE',  ( -0.0000000000000000000, -0.0000000000000000000, 1.000000000000000000 ) ) ;
#256 = ORIENTED_EDGE ( 'NONE', *, *, #186, .F. ) ;
#257 =( LENGTH_UNIT ( ) NAMED_UNIT ( * ) SI_UNIT ( .MILLI., .METRE. ) );
#258 = STYLED_ITEM ( 'NONE', ( #3134 ), #1179 ) ;
#259 = ADVANCED_FACE ( 'NONE', ( #1597, #3116 ), #1983, .T. ) ;
#260 = ADVANCED_FACE ( 'NONE', ( #623 ), #2046, .F. ) ;
#261 = VECTOR ( 'NONE', #4900, 1000.000000000000000 ) ;
#262 = COLOUR_RGB ( '',0.7529411764705882248, 0.7529411764705882248, 0.7529411764705882248 ) ;
#263 = CARTESIAN_POINT ( 'NONE',  ( -9.120523347314339547E-16, 2.155866574577307127, 0.0000000000000000000 ) ) ;
#264 =( GEOMETRIC_REPRESENTATION_CONTEXT ( 3 ) GLOBAL_UNCERTAINTY_ASSIGNED_CONTEXT ( ( #3044 ) ) GLOBAL_UNIT_ASSIGNED_CONTEXT ( ( #2309, #2727, #2350 ) ) REPRESENTATION_CONTEXT ( 'NONE', 'WORKASPACE' ) );
#265 =( NAMED_UNIT ( * ) PLANE_ANGLE_UNIT ( ) SI_UNIT ( $, .RADIAN. ) );
#266 = COLOUR_RGB ( '',0.0000000000000000000, 0.0000000000000000000, 0.7529411764705882248 ) ;
#267 = EDGE_LOOP ( 'NONE', ( #4705, #4499, #3698, #4092 ) ) ;
#268 = CARTESIAN_POINT ( 'NONE',  ( -2.507320508075691290, 16.50000000000000000, -0.05732050807568871142 ) ) ;
#269 = CARTESIAN_POINT ( 'NONE',  ( -4.719999999998765183, 1.826506484316722467, 0.0000000000000000000 ) ) ;
#270 =( NAMED_UNIT ( * ) SI_UNIT ( $, .STERADIAN. ) SOLID_ANGLE_UNIT ( ) );
#271 = FILL_AREA_STYLE ('',( #1007 ) ) ;
#272 =( NAMED_UNIT ( * ) SI_UNIT ( $, .STERADIAN. ) SOLID_ANGLE_UNIT ( ) );
#273 = CARTESIAN_POINT ( 'NONE',  ( 1.734723475976807094E-15, 1.479519452858046424, -4.859999999999383924 ) ) ;
#274 = CARTESIAN_POINT ( 'NONE',  ( 1.734723475976807094E-15, 1.826506484316722911, -5.219999999998981011 ) ) ;
#275 = DIRECTION ( 'NONE',  ( 0.0000000000000000000, -8.673617379884027583E-16, 1.000000000000000000 ) ) ;
#276 = AXIS2_PLACEMENT_3D ( 'NONE', #919, #117, #1956 ) ;
#277 = CARTESIAN_POINT ( 'NONE',  ( 2.507320508075686849, 16.50000000000000000, -0.05732050807568932205 ) ) ;
#278 = DIRECTION ( 'NONE',  ( -1.225696218315258576E-16, 1.000000000000000000, -0.0000000000000000000 ) ) ;
#279 = COLOUR_RGB ( '',0.0000000000000000000, 0.0000000000000000000, 0.7529411764705882248 ) ;
#280 = EDGE_CURVE ( 'NONE', #977, #4063, #3267, .T. ) ;
#281 = FACE_OUTER_BOUND ( 'NONE', #3986, .T. ) ;
#282 = VERTEX_POINT ( 'NONE', #4690 ) ;
#283 = CARTESIAN_POINT ( 'NONE',  ( -0.04000000000000226985, 16.50000000000000000, -0.05000000000000044686 ) ) ;
#284 = EDGE_LOOP ( 'NONE', ( #1386, #416, #11, #4815 ) ) ;
#285 = DIRECTION ( 'NONE',  ( 0.0000000000000000000, -1.000000000000000000, 0.0000000000000000000 ) ) ;
#286 = SURFACE_STYLE_USAGE ( .BOTH. , #3681 ) ;
#287 = ADVANCED_FACE ( 'NONE', ( #4736 ), #2605, .T. ) ;
#288 = EDGE_CURVE ( 'NONE', #3166, #2001, #1112, .T. ) ;
#289 = EDGE_LOOP ( 'NONE', ( #4671, #4837, #2723, #1583 ) ) ;
#290 =( LENGTH_UNIT ( ) NAMED_UNIT ( * ) SI_UNIT ( .MILLI., .METRE. ) );
#291 = SURFACE_STYLE_USAGE ( .BOTH. , #1832 ) ;
#292 =( GEOMETRIC_REPRESENTATION_CONTEXT ( 3 ) GLOBAL_UNCERTAINTY_ASSIGNED_CONTEXT ( ( #1603 ) ) GLOBAL_UNIT_ASSIGNED_CONTEXT ( ( #3899, #1318, #1092 ) ) REPRESENTATION_CONTEXT ( 'NONE', 'WORKASPACE' ) );
#293 = ORIENTED_EDGE ( 'NONE', *, *, #927, .T. ) ;
#294 = DIRECTION ( 'NONE',  ( -1.000000000000000000, 0.0000000000000000000, 0.0000000000000000000 ) ) ;
#295 = DIRECTION ( 'NONE',  ( -1.000000000000000000, 0.0000000000000000000, 0.0000000000000000000 ) ) ;
#296 = SURFACE_STYLE_FILL_AREA ( #2943 ) ;
#297 = LINE ( 'NONE', #4740, #2547 ) ;
#298 = ORIENTED_EDGE ( 'NONE', *, *, #1358, .F. ) ;
#299 = SURFACE_STYLE_FILL_AREA ( #1433 ) ;
#300 =( LENGTH_UNIT ( ) NAMED_UNIT ( * ) SI_UNIT ( .MILLI., .METRE. ) );
#301 =( NAMED_UNIT ( * ) SI_UNIT ( $, .STERADIAN. ) SOLID_ANGLE_UNIT ( ) );
#302 = SURFACE_SIDE_STYLE ('',( #2585 ) ) ;
#303 = ORIENTED_EDGE ( 'NONE', *, *, #654, .F. ) ;
#304 = SURFACE_STYLE_FILL_AREA ( #2266 ) ;
#305 =( NAMED_UNIT ( * ) PLANE_ANGLE_UNIT ( ) SI_UNIT ( $, .RADIAN. ) );
#306 =( LENGTH_UNIT ( ) NAMED_UNIT ( * ) SI_UNIT ( .MILLI., .METRE. ) );
#307 = EDGE_LOOP ( 'NONE', ( #1062, #4408, #2814, #4604 ) ) ;
#308 = FILL_AREA_STYLE ('',( #3009 ) ) ;
#309 = EDGE_CURVE ( 'NONE', #2928, #4329, #2369, .T. ) ;
#310 = FILL_AREA_STYLE ('',( #4800 ) ) ;
#311 = PRESENTATION_LAYER_ASSIGNMENT (  '', '', ( #2433 ) ) ;
#312 = ORIENTED_EDGE ( 'NONE', *, *, #2332, .F. ) ;
#313 = CARTESIAN_POINT ( 'NONE',  ( -2.500000000000002220, 16.49000000000000199, 2.490000000000000213 ) ) ;
#314 = MECHANICAL_DESIGN_GEOMETRIC_PRESENTATION_REPRESENTATION (  '', ( #3556 ), #3740 ) ;
#315 = FILL_AREA_STYLE_COLOUR ( '', #2599 ) ;
#316 = SURFACE_STYLE_USAGE ( .BOTH. , #3374 ) ;
#317 = TOROIDAL_SURFACE ( 'NONE', #719, 4.499999999999785949, 0.5000000000002142730 ) ;
#318 =( NAMED_UNIT ( * ) SI_UNIT ( $, .STERADIAN. ) SOLID_ANGLE_UNIT ( ) );
#319 =( GEOMETRIC_REPRESENTATION_CONTEXT ( 3 ) GLOBAL_UNCERTAINTY_ASSIGNED_CONTEXT ( ( #2691 ) ) GLOBAL_UNIT_ASSIGNED_CONTEXT ( ( #17, #1492, #749 ) ) REPRESENTATION_CONTEXT ( 'NONE', 'WORKASPACE' ) );
#320 = COLOUR_RGB ( '',0.0000000000000000000, 0.0000000000000000000, 0.7529411764705882248 ) ;
#321 = VECTOR ( 'NONE', #2345, 1000.000000000000000 ) ;
#322 = AXIS2_PLACEMENT_3D ( 'NONE', #2828, #4369, #2455 ) ;
#323 = AXIS2_PLACEMENT_3D ( 'NONE', #2482, #4375, #196 ) ;
#324 =( NAMED_UNIT ( * ) PLANE_ANGLE_UNIT ( ) SI_UNIT ( $, .RADIAN. ) );
#325 = VERTEX_POINT ( 'NONE', #3951 ) ;
#326 = SURFACE_SIDE_STYLE ('',( #299 ) ) ;
#327 = CARTESIAN_POINT ( 'NONE',  ( 0.05732050807568670608, 16.50000000000000000, 0.05732050807568900980 ) ) ;
#328 =( LENGTH_UNIT ( ) NAMED_UNIT ( * ) SI_UNIT ( .MILLI., .METRE. ) );
#329 = AXIS2_PLACEMENT_3D ( 'NONE', #2803, #616, #4684 ) ;
#330 = CIRCLE ( 'NONE', #963, 0.5254000000000002002 ) ;
#331 = FILL_AREA_STYLE_COLOUR ( '', #4211 ) ;
#332 = EDGE_LOOP ( 'NONE', ( #4166, #2588, #4226, #4309 ) ) ;
#333 = SURFACE_STYLE_USAGE ( .BOTH. , #2638 ) ;
#334 = ORIENTED_EDGE ( 'NONE', *, *, #4503, .T. ) ;
#335 = SURFACE_STYLE_FILL_AREA ( #1119 ) ;
#336 = VERTEX_POINT ( 'NONE', #542 ) ;
#337 = CIRCLE ( 'NONE', #664, 0.5254000000000005333 ) ;
#338 = CIRCLE ( 'NONE', #3106, 5.025400000000000311 ) ;
#339 = EDGE_CURVE ( 'NONE', #3056, #2911, #3342, .T. ) ;
#340 = MECHANICAL_DESIGN_GEOMETRIC_PRESENTATION_REPRESENTATION (  '', ( #4854 ), #2852 ) ;
#341 = DIRECTION ( 'NONE',  ( -1.000000000000000000, 0.0000000000000000000, 0.0000000000000000000 ) ) ;
#342 = CIRCLE ( 'NONE', #1593, 2.232151649782863512 ) ;
#343 = VERTEX_POINT ( 'NONE', #3393 ) ;
#344 = SURFACE_SIDE_STYLE ('',( #3015 ) ) ;
#345 = FACE_BOUND ( 'NONE', #4035, .T. ) ;
#346 = DIRECTION ( 'NONE',  ( -1.000000000000000000, 0.0000000000000000000, 0.0000000000000000000 ) ) ;
#347 = DIRECTION ( 'NONE',  ( 0.9996191968304722897, 0.0000000000000000000, -0.02759458874492218272 ) ) ;
#348 = CYLINDRICAL_SURFACE ( 'NONE', #4363, 5.025400000000000311 ) ;
#349 = PRESENTATION_LAYER_ASSIGNMENT (  '', '', ( #428 ) ) ;
#350 = ADVANCED_FACE ( 'NONE', ( #2188, #345 ), #1810, .T. ) ;
#351 = PRODUCT_RELATED_PRODUCT_CATEGORY ( 'part', '', ( #1990 ) ) ;
#352 = EDGE_CURVE ( 'NONE', #1894, #3331, #3769, .T. ) ;
#353 = COLOUR_RGB ( '',0.6980392156862744724, 0.6980392156862744724, 0.6980392156862744724 ) ;
#354 = SURFACE_SIDE_STYLE ('',( #3773 ) ) ;
#355 = SURFACE_SIDE_STYLE ('',( #1137 ) ) ;
#356 = ORIENTED_EDGE ( 'NONE', *, *, #439, .T. ) ;
#357 = FACE_OUTER_BOUND ( 'NONE', #1290, .T. ) ;
#358 = DIRECTION ( 'NONE',  ( -1.225696218315258576E-16, 1.000000000000000000, -0.0000000000000000000 ) ) ;
#359 = DIRECTION ( 'NONE',  ( 1.000000000000000000, -1.294466716064994772E-16, 0.0000000000000000000 ) ) ;
#360 =( LENGTH_UNIT ( ) NAMED_UNIT ( * ) SI_UNIT ( .MILLI., .METRE. ) );
#361 = AXIS2_PLACEMENT_3D ( 'NONE', #1601, #2760, #2738 ) ;
#362 = EDGE_LOOP ( 'NONE', ( #216, #3964, #3993, #2768 ) ) ;
#363 = SURFACE_STYLE_FILL_AREA ( #3777 ) ;
#364 = VERTEX_POINT ( 'NONE', #2501 ) ;
#365 = SURFACE_STYLE_USAGE ( .BOTH. , #2981 ) ;
#366 = CARTESIAN_POINT ( 'NONE',  ( -0.04366025403784742215, 16.49000000000000199, -0.04366025403784514619 ) ) ;
#367 = COLOUR_RGB ( '',1.000000000000000000, 1.000000000000000000, 1.000000000000000000 ) ;
#368 = ORIENTED_EDGE ( 'NONE', *, *, #3963, .F. ) ;
#369 = CARTESIAN_POINT ( 'NONE',  ( 1.999098222932169368E-16, 11.29113900712519580, 0.0000000000000000000 ) ) ;
#370 = SURFACE_STYLE_USAGE ( .BOTH. , #813 ) ;
#371 = ORIENTED_EDGE ( 'NONE', *, *, #861, .F. ) ;
#372 = CARTESIAN_POINT ( 'NONE',  ( 0.0000000000000000000, 12.92212896455523818, 0.0000000000000000000 ) ) ;
#373 = VECTOR ( 'NONE', #539, 1000.000000000000000 ) ;
#374 = UNCERTAINTY_MEASURE_WITH_UNIT (LENGTH_MEASURE( 1.000000000000000082E-05 ), #1060, 'distance_accuracy_value', 'NONE');
#375 = DIRECTION ( 'NONE',  ( -1.000000000000000000, 0.0000000000000000000, 0.0000000000000000000 ) ) ;
#376 = VECTOR ( 'NONE', #438, 1000.000000000000000 ) ;
#377 = FILL_AREA_STYLE_COLOUR ( '', #367 ) ;
#378 = CARTESIAN_POINT ( 'NONE',  ( 0.05049038105676482979, 16.49816987298108018, -2.500490381056768019 ) ) ;
#379 = VERTEX_POINT ( 'NONE', #269 ) ;
#380 = ADVANCED_FACE ( 'NONE', ( #717 ), #3349, .T. ) ;
#381 = FILL_AREA_STYLE_COLOUR ( '', #1188 ) ;
#382 = PRESENTATION_LAYER_ASSIGNMENT (  '', '', ( #1851 ) ) ;
#383 = FACE_OUTER_BOUND ( 'NONE', #4477, .T. ) ;
#384 = EDGE_CURVE ( 'NONE', #1484, #2800, #2611, .T. ) ;
#385 =( NAMED_UNIT ( * ) PLANE_ANGLE_UNIT ( ) SI_UNIT ( $, .RADIAN. ) );
#386 =( NAMED_UNIT ( * ) PLANE_ANGLE_UNIT ( ) SI_UNIT ( $, .RADIAN. ) );
#387 = VERTEX_POINT ( 'NONE', #838 ) ;
#388 = DIRECTION ( 'NONE',  ( -1.000000000000000000, 0.0000000000000000000, 0.0000000000000000000 ) ) ;
#389 = VERTEX_POINT ( 'NONE', #1132 ) ;
#390 = CARTESIAN_POINT ( 'NONE',  ( 0.05732050807568670608, 16.50000000000000000, 0.05732050807568900980 ) ) ;
#391 = ORIENTED_EDGE ( 'NONE', *, *, #439, .F. ) ;
#392 = SURFACE_STYLE_USAGE ( .BOTH. , #2627 ) ;
#393 = DIRECTION ( 'NONE',  ( -1.000000000000000000, 0.0000000000000000000, 0.0000000000000000000 ) ) ;
#394 = AXIS2_PLACEMENT_3D ( 'NONE', #3217, #2065, #4051 ) ;
#395 = UNCERTAINTY_MEASURE_WITH_UNIT (LENGTH_MEASURE( 1.000000000000000082E-05 ), #3745, 'distance_accuracy_value', 'NONE');
#396 =( BOUNDED_CURVE ( )  B_SPLINE_CURVE ( 3, ( #937, #189, #4398, #241 ),
 .UNSPECIFIED., .F., .T. ) 
 B_SPLINE_CURVE_WITH_KNOTS ( ( 4, 4 ),
 ( 4.712388980384689674, 5.759586531581496693 ),
 .UNSPECIFIED. ) 
 CURVE ( )  GEOMETRIC_REPRESENTATION_ITEM ( )  RATIONAL_B_SPLINE_CURVE ( ( 1.000000000000000000, 0.9106836025229242404, 0.9106836025229242404, 1.000000000000000000 ) ) 
 REPRESENTATION_ITEM ( '' )  );
#397 = ORIENTED_EDGE ( 'NONE', *, *, #4286, .T. ) ;
#398 = CIRCLE ( 'NONE', #1726, 0.2999999999999999334 ) ;
#399 = CIRCLE ( 'NONE', #4213, 0.9999999999997974953 ) ;
#400 =( LENGTH_UNIT ( ) NAMED_UNIT ( * ) SI_UNIT ( .MILLI., .METRE. ) );
#401 = MECHANICAL_DESIGN_GEOMETRIC_PRESENTATION_REPRESENTATION (  '', ( #560 ), #1028 ) ;
#402 = AXIS2_PLACEMENT_3D ( 'NONE', #776, #3001, #2616 ) ;
#403 = EDGE_CURVE ( 'NONE', #2800, #996, #1115, .T. ) ;
#404 = CIRCLE ( 'NONE', #877, 0.4746000000002146280 ) ;
#405 = PRESENTATION_LAYER_ASSIGNMENT (  '', '', ( #4456 ) ) ;
#406 = ORIENTED_EDGE ( 'NONE', *, *, #4451, .T. ) ;
#407 =( NAMED_UNIT ( * ) PLANE_ANGLE_UNIT ( ) SI_UNIT ( $, .RADIAN. ) );
#408 = CARTESIAN_POINT ( 'NONE',  ( 0.03999999999999691302, 16.49000000000000199, -2.490000000000000213 ) ) ;
#409 = PRESENTATION_LAYER_ASSIGNMENT (  '', '', ( #2767 ) ) ;
#410 = UNCERTAINTY_MEASURE_WITH_UNIT (LENGTH_MEASURE( 1.000000000000000082E-05 ), #3364, 'distance_accuracy_value', 'NONE');
#411 = ORIENTED_EDGE ( 'NONE', *, *, #3866, .T. ) ;
#412 = EDGE_CURVE ( 'NONE', #850, #2949, #4688, .T. ) ;
#413 = CYLINDRICAL_SURFACE ( 'NONE', #4734, 0.3000000000000000999 ) ;
#414 = EDGE_CURVE ( 'NONE', #2745, #2106, #2132, .T. ) ;
#415 = CARTESIAN_POINT ( 'NONE',  ( 5.019732501002773795, 6.691139007125193494, -0.2386017149486659439 ) ) ;
#416 = ORIENTED_EDGE ( 'NONE', *, *, #500, .T. ) ;
#417 =( NAMED_UNIT ( * ) SI_UNIT ( $, .STERADIAN. ) SOLID_ANGLE_UNIT ( ) );
#418 = DIRECTION ( 'NONE',  ( 1.225696218315258576E-16, -1.000000000000000000, 0.0000000000000000000 ) ) ;
#419 = SURFACE_STYLE_FILL_AREA ( #2728 ) ;
#420 = UNCERTAINTY_MEASURE_WITH_UNIT (LENGTH_MEASURE( 1.000000000000000082E-05 ), #841, 'distance_accuracy_value', 'NONE');
#421 = COLOUR_RGB ( '',0.7529411764705882248, 0.7529411764705882248, 0.7529411764705882248 ) ;
#422 = VECTOR ( 'NONE', #3213, 1000.000000000000000 ) ;
#423 = VECTOR ( 'NONE', #968, 1000.000000000000000 ) ;
#424 = DIRECTION ( 'NONE',  ( -1.000000000000000000, -1.225696218315258576E-16, 0.0000000000000000000 ) ) ;
#425 = CYLINDRICAL_SURFACE ( 'NONE', #2285, 5.025400000000000311 ) ;
#426 = EDGE_LOOP ( 'NONE', ( #90, #2153, #2448, #3181 ) ) ;
#427 = DIRECTION ( 'NONE',  ( -1.225696218315258576E-16, 1.000000000000000000, -0.0000000000000000000 ) ) ;
#428 = STYLED_ITEM ( 'NONE', ( #2850 ), #4748 ) ;
#429 = CARTESIAN_POINT ( 'NONE',  ( 6.439807931028373416E-17, 16.52539999999999765, 0.0000000000000000000 ) ) ;
#430 = UNCERTAINTY_MEASURE_WITH_UNIT (LENGTH_MEASURE( 1.000000000000000082E-05 ), #306, 'distance_accuracy_value', 'NONE');
#431 = CIRCLE ( 'NONE', #2623, 0.5254000000000005333 ) ;
#432 = CARTESIAN_POINT ( 'NONE',  ( -0.04366025403784674908, 16.49000000000000199, 2.493660254037845636 ) ) ;
#433 = DIRECTION ( 'NONE',  ( 0.9996191968304722897, 0.0000000000000000000, -0.02759458874492218272 ) ) ;
#434 = EDGE_LOOP ( 'NONE', ( #2855, #4336, #1729, #4109 ) ) ;
#435 = EDGE_CURVE ( 'NONE', #1808, #2323, #3788, .T. ) ;
#436 = CARTESIAN_POINT ( 'NONE',  ( -0.04866025403784733638, 16.49500000000000099, -0.04866025403784505349 ) ) ;
#437 = EDGE_LOOP ( 'NONE', ( #3402, #3524, #411, #3255 ) ) ;
#438 = DIRECTION ( 'NONE',  ( -3.061515884555943639E-16, -3.752488442012313821E-32, -1.000000000000000000 ) ) ;
#439 = EDGE_CURVE ( 'NONE', #3408, #3050, #2688, .T. ) ;
#440 = PRESENTATION_LAYER_ASSIGNMENT (  '', '', ( #1148 ) ) ;
#441 = ADVANCED_FACE ( 'NONE', ( #4563 ), #3573, .F. ) ;
#442 = DIRECTION ( 'NONE',  ( -1.225696218315258576E-16, 1.000000000000000000, -0.0000000000000000000 ) ) ;
#443 = DIRECTION ( 'NONE',  ( 0.0000000000000000000, 0.0000000000000000000, 1.000000000000000000 ) ) ;
#444 =( NAMED_UNIT ( * ) SI_UNIT ( $, .STERADIAN. ) SOLID_ANGLE_UNIT ( ) );
#445 = CYLINDRICAL_SURFACE ( 'NONE', #4649, 0.09999999999999982514 ) ;
#446 = LINE ( 'NONE', #3533, #1206 ) ;
#447 = FILL_AREA_STYLE_COLOUR ( '', #2403 ) ;
#448 = CARTESIAN_POINT ( 'NONE',  ( 2.561360065401231479E-15, 1.132532421399369937, -4.499999999999786837 ) ) ;
#449 = ORIENTED_EDGE ( 'NONE', *, *, #2569, .F. ) ;
#450 =( LENGTH_UNIT ( ) NAMED_UNIT ( * ) SI_UNIT ( .MILLI., .METRE. ) );
#451 = FILL_AREA_STYLE ('',( #1231 ) ) ;
#452 = CARTESIAN_POINT ( 'NONE',  ( 1.734723475976807094E-15, 0.4999999999999990563, -4.500000000000002665 ) ) ;
#453 = STYLED_ITEM ( 'NONE', ( #2466 ), #3585 ) ;
#454 = CARTESIAN_POINT ( 'NONE',  ( 2.489999999999997993, 16.49000000000000199, -0.04000000000000030614 ) ) ;
#455 = DIRECTION ( 'NONE',  ( -1.000000000000000000, 0.0000000000000000000, 0.0000000000000000000 ) ) ;
#456 = DIRECTION ( 'NONE',  ( 1.000000000000000000, 1.225696218315258576E-16, 0.0000000000000000000 ) ) ;
#457 = EDGE_LOOP ( 'NONE', ( #3365, #254, #4798, #4201 ) ) ;
#458 = UNCERTAINTY_MEASURE_WITH_UNIT (LENGTH_MEASURE( 1.000000000000000082E-05 ), #1524, 'distance_accuracy_value', 'NONE');
#459 = UNCERTAINTY_MEASURE_WITH_UNIT (LENGTH_MEASURE( 1.000000000000000082E-05 ), #50, 'distance_accuracy_value', 'NONE');
#460 = EDGE_LOOP ( 'NONE', ( #879, #952, #303, #4905 ) ) ;
#461 = CARTESIAN_POINT ( 'NONE',  ( 1.461290838612216542E-15, 0.9999999999999991118, 0.0000000000000000000 ) ) ;
#462 = EDGE_CURVE ( 'NONE', #3526, #4891, #4217, .T. ) ;
#463 = DIRECTION ( 'NONE',  ( -1.000000000000000000, -8.923474670663719436E-17, 0.0000000000000000000 ) ) ;
#464 = EDGE_CURVE ( 'NONE', #1679, #644, #4434, .T. ) ;
#465 = LINE ( 'NONE', #1947, #1664 ) ;
#466 = DIRECTION ( 'NONE',  ( -1.000000000000000000, -1.204669080539448604E-16, 0.0000000000000000000 ) ) ;
#467 = SURFACE_STYLE_FILL_AREA ( #3868 ) ;
#468 = EDGE_CURVE ( 'NONE', #3578, #1713, #1815, .T. ) ;
#469 = ORIENTED_EDGE ( 'NONE', *, *, #1508, .T. ) ;
#470 = CARTESIAN_POINT ( 'NONE',  ( -1.734723475976807094E-15, 1.132532421399369937, 0.0000000000000000000 ) ) ;
#471 = FILL_AREA_STYLE_COLOUR ( '', #4323 ) ;
#472 = CARTESIAN_POINT ( 'NONE',  ( 1.734723475976807094E-15, 1.826506484316722911, 0.0000000000000000000 ) ) ;
#473 = UNCERTAINTY_MEASURE_WITH_UNIT (LENGTH_MEASURE( 1.000000000000000082E-05 ), #4187, 'distance_accuracy_value', 'NONE');
#474 = CARTESIAN_POINT ( 'NONE',  ( -2.500000000000002220, 16.50000000000000000, -0.03999999999999969552 ) ) ;
#475 = CARTESIAN_POINT ( 'NONE',  ( -0.05732050807569128575, 16.49000000000000199, -0.05000000000000043993 ) ) ;
#476 = LINE ( 'NONE', #1962, #2098 ) ;
#477 = VERTEX_POINT ( 'NONE', #4247 ) ;
#478 = TOROIDAL_SURFACE ( 'NONE', #1648, 4.500000000000002665, 0.5254000000000002002 ) ;
#479 = AXIS2_PLACEMENT_3D ( 'NONE', #2843, #1360, #1289 ) ;
#480 = SURFACE_SIDE_STYLE ('',( #2718 ) ) ;
#481 = STYLED_ITEM ( 'NONE', ( #506 ), #1697 ) ;
#482 = COLOUR_RGB ( '',0.0000000000000000000, 0.0000000000000000000, 0.7529411764705882248 ) ;
#483 = AXIS2_PLACEMENT_3D ( 'NONE', #1943, #2716, #3499 ) ;
#484 = ORIENTED_EDGE ( 'NONE', *, *, #1003, .F. ) ;
#485 = LINE ( 'NONE', #4310, #2982 ) ;
#486 = PRESENTATION_LAYER_ASSIGNMENT (  '', '', ( #4137 ) ) ;
#487 = CIRCLE ( 'NONE', #3901, 4.500000000000002665 ) ;
#488 = VECTOR ( 'NONE', #538, 1000.000000000000000 ) ;
#489 = DIRECTION ( 'NONE',  ( 0.0000000000000000000, -0.0000000000000000000, -1.000000000000000000 ) ) ;
#490 = CARTESIAN_POINT ( 'NONE',  ( 8.673617379884035472E-16, 2.520480547234076329, 0.0000000000000000000 ) ) ;
#491 = DIRECTION ( 'NONE',  ( -1.225696218315256604E-16, -1.000000000000000000, 3.301719596452415999E-15 ) ) ;
#492 = VECTOR ( 'NONE', #4699, 1000.000000000000000 ) ;
#493 = DIRECTION ( 'NONE',  ( -1.225696218315258576E-16, 1.000000000000000000, -0.0000000000000000000 ) ) ;
#494 = EDGE_CURVE ( 'NONE', #1165, #535, #330, .T. ) ;
#495 = VERTEX_POINT ( 'NONE', #3256 ) ;
#496 =( NAMED_UNIT ( * ) SI_UNIT ( $, .STERADIAN. ) SOLID_ANGLE_UNIT ( ) );
#497 = DIRECTION ( 'NONE',  ( 1.836970198721029934E-16, 0.0000000000000000000, -1.000000000000000000 ) ) ;
#498 = SURFACE_STYLE_FILL_AREA ( #3906 ) ;
#499 = DIRECTION ( 'NONE',  ( -1.000000000000000000, 1.225696218315258576E-16, 1.836970198721029688E-16 ) ) ;
#500 = EDGE_CURVE ( 'NONE', #1014, #2800, #3739, .T. ) ;
#501 = CIRCLE ( 'NONE', #3422, 5.000000000000000000 ) ;
#502 = CARTESIAN_POINT ( 'NONE',  ( 0.0000000000000000000, 12.92212896455523818, 0.0000000000000000000 ) ) ;
#503 = PRESENTATION_LAYER_ASSIGNMENT (  '', '', ( #2701 ) ) ;
#504 = APPLICATION_CONTEXT ( 'automotive_design' ) ;
#505 = EDGE_CURVE ( 'NONE', #2276, #2303, #3435, .T. ) ;
#506 = PRESENTATION_STYLE_ASSIGNMENT (( #3908 ) ) ;
#507 =( NAMED_UNIT ( * ) PLANE_ANGLE_UNIT ( ) SI_UNIT ( $, .RADIAN. ) );
#508 = SURFACE_STYLE_FILL_AREA ( #1941 ) ;
#509 = AXIS2_PLACEMENT_3D ( 'NONE', #2562, #4125, #2217 ) ;
#510 = ORIENTED_EDGE ( 'NONE', *, *, #4587, .F. ) ;
#511 = LINE ( 'NONE', #4427, #3982 ) ;
#512 = DIRECTION ( 'NONE',  ( 1.225696218315256604E-16, -1.000000000000000000, 3.301719596452415999E-15 ) ) ;
#513 = CARTESIAN_POINT ( 'NONE',  ( -4.859999999999382148, 1.479519452858045980, 0.0000000000000000000 ) ) ;
#514 = PRESENTATION_LAYER_ASSIGNMENT (  '', '', ( #2229 ) ) ;
#515 = UNCERTAINTY_MEASURE_WITH_UNIT (LENGTH_MEASURE( 1.000000000000000082E-05 ), #638, 'distance_accuracy_value', 'NONE');
#516 = VERTEX_POINT ( 'NONE', #2472 ) ;
#517 = CARTESIAN_POINT ( 'NONE',  ( -0.05366025403784754899, 16.50000000000000000, -0.05366025403784525222 ) ) ;
#518 = ORIENTED_EDGE ( 'NONE', *, *, #3744, .T. ) ;
#519 = CYLINDRICAL_SURFACE ( 'NONE', #4127, 5.025400000000000311 ) ;
#520 = FILL_AREA_STYLE_COLOUR ( '', #583 ) ;
#521 = LINE ( 'NONE', #3735, #3607 ) ;
#522 = STYLED_ITEM ( 'NONE', ( #4225 ), #4262 ) ;
#523 = CYLINDRICAL_SURFACE ( 'NONE', #2384, 0.09999999999999961697 ) ;
#524 = MANIFOLD_SURFACE_SHAPE_REPRESENTATION ( '070A639A-E992-4EA0-AF61-A353D90A06E2', ( #32, #4475 ), #3836 ) ;
#525 = FILL_AREA_STYLE ('',( #1320 ) ) ;
#526 =( LENGTH_UNIT ( ) NAMED_UNIT ( * ) SI_UNIT ( .MILLI., .METRE. ) );
#527 = EDGE_CURVE ( 'NONE', #379, #3050, #1416, .T. ) ;
#528 = VERTEX_POINT ( 'NONE', #4753 ) ;
#529 = CARTESIAN_POINT ( 'NONE',  ( -1.461290838612216542E-15, 0.9999999999999991118, 0.0000000000000000000 ) ) ;
#530 = CYLINDRICAL_SURFACE ( 'NONE', #1120, 0.01000000000000002623 ) ;
#531 = ORIENTED_EDGE ( 'NONE', *, *, #4883, .T. ) ;
#532 = CIRCLE ( 'NONE', #2811, 5.025400000000000311 ) ;
#533 = DIRECTION ( 'NONE',  ( -1.225696218315258576E-16, 1.000000000000000000, -0.0000000000000000000 ) ) ;
#534 = ORIENTED_EDGE ( 'NONE', *, *, #4738, .F. ) ;
#535 = VERTEX_POINT ( 'NONE', #589 ) ;
#536 = STYLED_ITEM ( 'NONE', ( #2953 ), #3128 ) ;
#537 = CARTESIAN_POINT ( 'NONE',  ( -2.500000000000000000, 0.4999999999999993339, -0.002153792457473946171 ) ) ;
#538 = DIRECTION ( 'NONE',  ( -1.225696218315258576E-16, 1.000000000000000000, -0.0000000000000000000 ) ) ;
#539 = DIRECTION ( 'NONE',  ( 0.0000000000000000000, -1.000000000000000000, 0.0000000000000000000 ) ) ;
#540 = STYLED_ITEM ( 'NONE', ( #3322 ), #3120 ) ;
#541 = VERTEX_POINT ( 'NONE', #3303 ) ;
#542 = CARTESIAN_POINT ( 'NONE',  ( 1.734723475976807094E-15, 1.826506484316722911, -4.719999999998766960 ) ) ;
#543 = ORIENTED_EDGE ( 'NONE', *, *, #3579, .T. ) ;
#544 = DIRECTION ( 'NONE',  ( 0.0000000000000000000, 0.0000000000000000000, 1.000000000000000000 ) ) ;
#545 = CARTESIAN_POINT ( 'NONE',  ( 5.020290614649573158, 8.491139007125196869, 0.2265553011108394632 ) ) ;
#546 = PRESENTATION_STYLE_ASSIGNMENT (( #3954 ) ) ;
#547 = SURFACE_STYLE_USAGE ( .BOTH. , #4791 ) ;
#548 = VERTEX_POINT ( 'NONE', #1774 ) ;
#549 = SURFACE_STYLE_USAGE ( .BOTH. , #2145 ) ;
#550 = CARTESIAN_POINT ( 'NONE',  ( 5.020290614649573158, 6.691139007125193494, 0.2265553011108384363 ) ) ;
#551 = EDGE_CURVE ( 'NONE', #3683, #3166, #2200, .T. ) ;
#552 = FACE_OUTER_BOUND ( 'NONE', #2846, .T. ) ;
#553 = VERTEX_POINT ( 'NONE', #2822 ) ;
#554 = FILL_AREA_STYLE ('',( #4460 ) ) ;
#555 = PRESENTATION_LAYER_ASSIGNMENT (  '', '', ( #3556 ) ) ;
#556 = ORIENTED_EDGE ( 'NONE', *, *, #2598, .T. ) ;
#557 = DIRECTION ( 'NONE',  ( -1.000000000000000000, -1.225696218315258576E-16, 0.0000000000000000000 ) ) ;
#558 = EDGE_CURVE ( 'NONE', #1632, #387, #2493, .T. ) ;
#559 = AXIS2_PLACEMENT_3D ( 'NONE', #684, #2934, #3706 ) ;
#560 = STYLED_ITEM ( 'NONE', ( #1373 ), #118 ) ;
#561 = AXIS2_PLACEMENT_3D ( 'NONE', #2090, #3223, #4741 ) ;
#562 = ADVANCED_FACE ( 'NONE', ( #4358 ), #3329, .T. ) ;
#563 = VERTEX_POINT ( 'NONE', #4387 ) ;
#564 = CARTESIAN_POINT ( 'NONE',  ( 5.023804620177152458, 11.39113900712519545, 0.1266187122296502099 ) ) ;
#565 = PRESENTATION_STYLE_ASSIGNMENT (( #1294 ) ) ;
#566 = AXIS2_PLACEMENT_3D ( 'NONE', #1722, #251, #4811 ) ;
#567 = CARTESIAN_POINT ( 'NONE',  ( 1.918017371715892150, 0.2499999999999998890, 0.9312787012854190083 ) ) ;
#568 = DIRECTION ( 'NONE',  ( 1.000000000000000000, 0.0000000000000000000, 0.0000000000000000000 ) ) ;
#569 = VECTOR ( 'NONE', #4733, 1000.000000000000000 ) ;
#570 = MECHANICAL_DESIGN_GEOMETRIC_PRESENTATION_REPRESENTATION (  '', ( #3173 ), #5 ) ;
#571 = AXIS2_PLACEMENT_3D ( 'NONE', #58, #2351, #3895 ) ;
#572 = EDGE_LOOP ( 'NONE', ( #3014, #2606, #8, #4626 ) ) ;
#573 = LINE ( 'NONE', #4049, #2067 ) ;
#574 = DIRECTION ( 'NONE',  ( 1.000000000000000000, -1.225696218315258576E-16, -6.123233995736766036E-17 ) ) ;
#575 = AXIS2_PLACEMENT_3D ( 'NONE', #4599, #4437, #69 ) ;
#576 = DIRECTION ( 'NONE',  ( -1.225696218315258576E-16, 1.000000000000000000, -0.0000000000000000000 ) ) ;
#577 = FILL_AREA_STYLE_COLOUR ( '', #3559 ) ;
#578 = COLOUR_RGB ( '',0.0000000000000000000, 0.0000000000000000000, 0.7529411764705882248 ) ;
#579 = CARTESIAN_POINT ( 'NONE',  ( 5.023486311751855560, 9.391139007125195448, -0.1386738462787319437 ) ) ;
#580 = SURFACE_STYLE_FILL_AREA ( #3121 ) ;
#581 = ORIENTED_EDGE ( 'NONE', *, *, #3866, .F. ) ;
#582 = CARTESIAN_POINT ( 'NONE',  ( 5.020290614649572269, 11.29113900712519580, 0.2265553011108394632 ) ) ;
#583 = COLOUR_RGB ( '',0.0000000000000000000, 0.0000000000000000000, 0.7529411764705882248 ) ;
#584 = PRESENTATION_LAYER_ASSIGNMENT (  '', '', ( #3583 ) ) ;
#585 = DIRECTION ( 'NONE',  ( -1.000000000000000000, -1.225696218315258576E-16, 0.0000000000000000000 ) ) ;
#586 = ORIENTED_EDGE ( 'NONE', *, *, #2984, .F. ) ;
#587 = CARTESIAN_POINT ( 'NONE',  ( 1.734723475976807094E-15, 0.9999999999999995559, 0.0000000000000000000 ) ) ;
#588 = EDGE_LOOP ( 'NONE', ( #4568, #2936, #250, #1666 ) ) ;
#589 = CARTESIAN_POINT ( 'NONE',  ( 1.523576025478936117E-15, 0.4745999999999994112, 4.500000000000002665 ) ) ;
#590 = STYLED_ITEM ( 'NONE', ( #1558 ), #4749 ) ;
#591 = ORIENTED_EDGE ( 'NONE', *, *, #2910, .T. ) ;
#592 = STYLED_ITEM ( 'NONE', ( #4803 ), #524 ) ;
#593 = ADVANCED_FACE ( 'NONE', ( #1316 ), #716, .T. ) ;
#594 = LINE ( 'NONE', #3584, #3490 ) ;
#595 = CARTESIAN_POINT ( 'NONE',  ( 0.0000000000000000000, 12.92212896455523818, 5.000000000000000000 ) ) ;
#596 = ORIENTED_EDGE ( 'NONE', *, *, #4029, .T. ) ;
#597 = CARTESIAN_POINT ( 'NONE',  ( -2.500490381056770239, 16.49816987298108018, 0.05049038105676807026 ) ) ;
#598 = FILL_AREA_STYLE_COLOUR ( '', #79 ) ;
#599 = SURFACE_SIDE_STYLE ('',( #1009 ) ) ;
#600 = DIRECTION ( 'NONE',  ( -1.225696218315258576E-16, 1.000000000000000000, -0.0000000000000000000 ) ) ;
#601 = MECHANICAL_DESIGN_GEOMETRIC_PRESENTATION_REPRESENTATION (  '', ( #4016 ), #4639 ) ;
#602 = CARTESIAN_POINT ( 'NONE',  ( 4.939821237203092963, 15.75514727203652932, 0.9234778310697594472 ) ) ;
#603 = FILL_AREA_STYLE ('',( #4011 ) ) ;
#604 = ORIENTED_EDGE ( 'NONE', *, *, #1219, .F. ) ;
#605 =( LENGTH_UNIT ( ) NAMED_UNIT ( * ) SI_UNIT ( .MILLI., .METRE. ) );
#606 = FILL_AREA_STYLE ('',( #3250 ) ) ;
#607 = PRESENTATION_STYLE_ASSIGNMENT (( #2047 ) ) ;
#608 = ORIENTED_EDGE ( 'NONE', *, *, #618, .T. ) ;
#609 = MECHANICAL_DESIGN_GEOMETRIC_PRESENTATION_REPRESENTATION (  '', ( #1696 ), #3212 ) ;
#610 = ORIENTED_EDGE ( 'NONE', *, *, #2079, .T. ) ;
#611 = DIRECTION ( 'NONE',  ( -1.000000000000000000, 1.225696218315258576E-16, 6.123233995736766036E-17 ) ) ;
#612 =( GEOMETRIC_REPRESENTATION_CONTEXT ( 3 ) GLOBAL_UNCERTAINTY_ASSIGNED_CONTEXT ( ( #2328 ) ) GLOBAL_UNIT_ASSIGNED_CONTEXT ( ( #3916, #1221, #929 ) ) REPRESENTATION_CONTEXT ( 'NONE', 'WORKASPACE' ) );
#613 =( GEOMETRIC_REPRESENTATION_CONTEXT ( 3 ) GLOBAL_UNCERTAINTY_ASSIGNED_CONTEXT ( ( #2740 ) ) GLOBAL_UNIT_ASSIGNED_CONTEXT ( ( #300, #4457, #3227 ) ) REPRESENTATION_CONTEXT ( 'NONE', 'WORKASPACE' ) );
#614 = DIRECTION ( 'NONE',  ( 1.000000000000000000, 1.084202172485723959E-16, 0.0000000000000000000 ) ) ;
#615 = DIRECTION ( 'NONE',  ( -1.225696218315258576E-16, 1.000000000000000000, -0.0000000000000000000 ) ) ;
#616 = DIRECTION ( 'NONE',  ( -1.225696218315258576E-16, 1.000000000000000000, -0.0000000000000000000 ) ) ;
#617 =( GEOMETRIC_REPRESENTATION_CONTEXT ( 3 ) GLOBAL_UNCERTAINTY_ASSIGNED_CONTEXT ( ( #3197 ) ) GLOBAL_UNIT_ASSIGNED_CONTEXT ( ( #1142, #386, #4086 ) ) REPRESENTATION_CONTEXT ( 'NONE', 'WORKASPACE' ) );
#618 = EDGE_CURVE ( 'NONE', #1598, #2288, #953, .T. ) ;
#619 = EDGE_CURVE ( 'NONE', #528, #3291, #2268, .T. ) ;
#620 = DIRECTION ( 'NONE',  ( 1.225696218315258576E-16, -1.000000000000000000, 0.0000000000000000000 ) ) ;
#621 = ORIENTED_EDGE ( 'NONE', *, *, #4293, .T. ) ;
#622 = CARTESIAN_POINT ( 'NONE',  ( -2.500000000000000000, -3.740813662564058450, 0.2978462075425261091 ) ) ;
#623 = FACE_OUTER_BOUND ( 'NONE', #3628, .T. ) ;
#624 =( LENGTH_UNIT ( ) NAMED_UNIT ( * ) SI_UNIT ( .MILLI., .METRE. ) );
#625 = CYLINDRICAL_SURFACE ( 'NONE', #955, 0.009999999999999592548 ) ;
#626 = EDGE_CURVE ( 'NONE', #739, #4329, #1487, .T. ) ;
#627 = DIRECTION ( 'NONE',  ( 0.0000000000000000000, 0.0000000000000000000, 1.000000000000000000 ) ) ;
#628 = DIRECTION ( 'NONE',  ( 1.000000000000000000, 1.225696218315258576E-16, 0.0000000000000000000 ) ) ;
#629 = ORIENTED_EDGE ( 'NONE', *, *, #927, .F. ) ;
#630 = DIRECTION ( 'NONE',  ( 3.061515884555943639E-16, 3.752488442012314369E-32, 1.000000000000000000 ) ) ;
#631 = DIRECTION ( 'NONE',  ( -1.000000000000000000, 0.0000000000000000000, 0.0000000000000000000 ) ) ;
#632 = ORIENTED_EDGE ( 'NONE', *, *, #280, .T. ) ;
#633 = ORIENTED_EDGE ( 'NONE', *, *, #4541, .F. ) ;
#634 = VERTEX_POINT ( 'NONE', #3403 ) ;
#635 = CARTESIAN_POINT ( 'NONE',  ( 5.019732501002772906, 11.29113900712519580, -0.2386017149486681366 ) ) ;
#636 = DIRECTION ( 'NONE',  ( 3.061515884555943639E-16, 3.752488442012313821E-32, 1.000000000000000000 ) ) ;
#637 = PRESENTATION_LAYER_ASSIGNMENT (  '', '', ( #3723 ) ) ;
#638 =( LENGTH_UNIT ( ) NAMED_UNIT ( * ) SI_UNIT ( .MILLI., .METRE. ) );
#639 = AXIS2_PLACEMENT_3D ( 'NONE', #704, #4136, #1843 ) ;
#640 = PRESENTATION_LAYER_ASSIGNMENT (  '', '', ( #1957 ) ) ;
#641 = STYLED_ITEM ( 'NONE', ( #2922 ), #924 ) ;
#642 = MECHANICAL_DESIGN_GEOMETRIC_PRESENTATION_REPRESENTATION (  '', ( #238 ), #2763 ) ;
#643 = APPLICATION_PROTOCOL_DEFINITION ( 'draft international standard', 'automotive_design', 1998, #2502 ) ;
#644 = VERTEX_POINT ( 'NONE', #2 ) ;
#645 = DIRECTION ( 'NONE',  ( 1.225696218315258576E-16, 1.000000000000000000, 0.0000000000000000000 ) ) ;
#646 =( NAMED_UNIT ( * ) PLANE_ANGLE_UNIT ( ) SI_UNIT ( $, .RADIAN. ) );
#647 = EDGE_CURVE ( 'NONE', #2218, #4505, #4757, .T. ) ;
#648 = DIRECTION ( 'NONE',  ( -1.000000000000000000, -1.213366666613831467E-16, 0.0000000000000000000 ) ) ;
#649 = MECHANICAL_DESIGN_GEOMETRIC_PRESENTATION_REPRESENTATION (  '', ( #4535 ), #3323 ) ;
#650 = DIRECTION ( 'NONE',  ( 1.225696218315258576E-16, -1.000000000000000000, 0.0000000000000000000 ) ) ;
#651 = COLOUR_RGB ( '',0.0000000000000000000, 0.0000000000000000000, 0.7529411764705882248 ) ;
#652 = DIRECTION ( 'NONE',  ( -1.225696218315258576E-16, 1.000000000000000000, -0.0000000000000000000 ) ) ;
#653 = ORIENTED_EDGE ( 'NONE', *, *, #2816, .F. ) ;
#654 = EDGE_CURVE ( 'NONE', #4890, #2196, #4282, .T. ) ;
#655 = SURFACE_STYLE_FILL_AREA ( #4013 ) ;
#656 = COLOUR_RGB ( '',0.0000000000000000000, 0.0000000000000000000, 0.7529411764705882248 ) ;
#657 = CARTESIAN_POINT ( 'NONE',  ( 0.04866025403784147302, 16.49500000000000099, -0.04866025403784372816 ) ) ;
#658 = ORIENTED_EDGE ( 'NONE', *, *, #3553, .T. ) ;
#659 = PRESENTATION_STYLE_ASSIGNMENT (( #4728 ) ) ;
#660 = ORIENTED_EDGE ( 'NONE', *, *, #2781, .F. ) ;
#661 =( GEOMETRIC_REPRESENTATION_CONTEXT ( 3 ) GLOBAL_UNCERTAINTY_ASSIGNED_CONTEXT ( ( #1967 ) ) GLOBAL_UNIT_ASSIGNED_CONTEXT ( ( #2336, #3897, #444 ) ) REPRESENTATION_CONTEXT ( 'NONE', 'WORKASPACE' ) );
#662 = DIRECTION ( 'NONE',  ( 1.000000000000000000, -1.225696218315258576E-16, 0.0000000000000000000 ) ) ;
#663 = VECTOR ( 'NONE', #3348, 1000.000000000000000 ) ;
#664 = AXIS2_PLACEMENT_3D ( 'NONE', #4625, #3497, #97 ) ;
#665 = ORIENTED_EDGE ( 'NONE', *, *, #861, .T. ) ;
#666 = DIRECTION ( 'NONE',  ( -1.225696218315258576E-16, 1.000000000000000000, -0.0000000000000000000 ) ) ;
#667 = CARTESIAN_POINT ( 'NONE',  ( 8.673617379884035472E-16, 2.173493515775398510, -4.859999999999382148 ) ) ;
#668 = COLOUR_RGB ( '',0.0000000000000000000, 0.0000000000000000000, 0.7529411764705882248 ) ;
#669 = ORIENTED_EDGE ( 'NONE', *, *, #2181, .F. ) ;
#670 = CARTESIAN_POINT ( 'NONE',  ( -4.500000000000000888, 16.50000000000000000, 0.0000000000000000000 ) ) ;
#671 =( LENGTH_UNIT ( ) NAMED_UNIT ( * ) SI_UNIT ( .MILLI., .METRE. ) );
#672 = CYLINDRICAL_SURFACE ( 'NONE', #1651, 5.025400000000000311 ) ;
#673 = SURFACE_SIDE_STYLE ('',( #4373 ) ) ;
#674 = CARTESIAN_POINT ( 'NONE',  ( -2.269436794980713770E-15, 0.9999999999999991118, 5.025400000000002088 ) ) ;
#675 = VERTEX_POINT ( 'NONE', #2299 ) ;
#676 = AXIS2_PLACEMENT_3D ( 'NONE', #2066, #1788, #648 ) ;
#677 = PRESENTATION_LAYER_ASSIGNMENT (  '', '', ( #522 ) ) ;
#678 = DIRECTION ( 'NONE',  ( 1.000000000000000000, 0.0000000000000000000, 0.0000000000000000000 ) ) ;
#679 = EDGE_CURVE ( 'NONE', #4386, #548, #1218, .T. ) ;
#680 = DIRECTION ( 'NONE',  ( -1.000000000000000000, 0.0000000000000000000, 0.0000000000000000000 ) ) ;
#681 = ORIENTED_EDGE ( 'NONE', *, *, #4383, .F. ) ;
#682 = CIRCLE ( 'NONE', #914, 4.500000000000002665 ) ;
#683 = DIRECTION ( 'NONE',  ( 1.000000000000000000, -0.0000000000000000000, -0.0000000000000000000 ) ) ;
#684 = CARTESIAN_POINT ( 'NONE',  ( -3.772534888606711006E-16, 15.99999999999999645, 0.0000000000000000000 ) ) ;
#685 = PRESENTATION_STYLE_ASSIGNMENT (( #286 ) ) ;
#686 = AXIS2_PLACEMENT_3D ( 'NONE', #3059, #2641, #1844 ) ;
#687 = VERTEX_POINT ( 'NONE', #4486 ) ;
#688 = DIRECTION ( 'NONE',  ( 1.000000000000000000, 1.225696218315258576E-16, -1.221441296278566376E-16 ) ) ;
#689 =( NAMED_UNIT ( * ) PLANE_ANGLE_UNIT ( ) SI_UNIT ( $, .RADIAN. ) );
#690 =( NAMED_UNIT ( * ) PLANE_ANGLE_UNIT ( ) SI_UNIT ( $, .RADIAN. ) );
#691 = SURFACE_STYLE_USAGE ( .BOTH. , #4439 ) ;
#692 =( GEOMETRIC_REPRESENTATION_CONTEXT ( 3 ) GLOBAL_UNCERTAINTY_ASSIGNED_CONTEXT ( ( #1161 ) ) GLOBAL_UNIT_ASSIGNED_CONTEXT ( ( #3126, #4382, #1997 ) ) REPRESENTATION_CONTEXT ( 'NONE', 'WORKASPACE' ) );
#693 = ORIENTED_EDGE ( 'NONE', *, *, #1986, .T. ) ;
#694 = CARTESIAN_POINT ( 'NONE',  ( 5.023804620177153346, 8.591139007125196514, 0.1266187122296489886 ) ) ;
#695 = VECTOR ( 'NONE', #1824, 1000.000000000000000 ) ;
#696 = DIRECTION ( 'NONE',  ( -1.225696218315258576E-16, 1.000000000000000000, -0.0000000000000000000 ) ) ;
#697 = DIRECTION ( 'NONE',  ( -1.000000000000000000, -1.204669080539448604E-16, 0.0000000000000000000 ) ) ;
#698 = SURFACE_STYLE_USAGE ( .BOTH. , #4101 ) ;
#699 = ORIENTED_EDGE ( 'NONE', *, *, #3193, .T. ) ;
#700 = DIRECTION ( 'NONE',  ( -1.225696218315258576E-16, 1.000000000000000000, -0.0000000000000000000 ) ) ;
#701 = DIRECTION ( 'NONE',  ( 1.225696218315258576E-16, -1.000000000000000000, 0.0000000000000000000 ) ) ;
#702 = ORIENTED_EDGE ( 'NONE', *, *, #3927, .T. ) ;
#703 = VERTEX_POINT ( 'NONE', #3332 ) ;
#704 = CARTESIAN_POINT ( 'NONE',  ( 2.500000000000000000, 0.2500000000000000000, -0.002153792457473946171 ) ) ;
#705 = ADVANCED_FACE ( 'NONE', ( #2640 ), #4507, .F. ) ;
#706 = PRESENTATION_STYLE_ASSIGNMENT (( #2060 ) ) ;
#707 = ORIENTED_EDGE ( 'NONE', *, *, #1358, .T. ) ;
#708 = CARTESIAN_POINT ( 'NONE',  ( 0.0000000000000000000, 16.50000000000000000, -4.500000000000000000 ) ) ;
#709 = EDGE_CURVE ( 'NONE', #3050, #1630, #1650, .T. ) ;
#710 = DIRECTION ( 'NONE',  ( -3.061515884555943639E-16, -3.752488442012314369E-32, -1.000000000000000000 ) ) ;
#711 = EDGE_CURVE ( 'NONE', #3574, #2228, #2248, .T. ) ;
#712 = EDGE_CURVE ( 'NONE', #2675, #2478, #1874, .T. ) ;
#713 = AXIS2_PLACEMENT_3D ( 'NONE', #4423, #4709, #4608 ) ;
#714 = ORIENTED_EDGE ( 'NONE', *, *, #1245, .T. ) ;
#715 = AXIS2_PLACEMENT_3D ( 'NONE', #3687, #741, #2989 ) ;
#716 = TOROIDAL_SURFACE ( 'NONE', #1949, 4.500000000000000000, 0.5000000000000004441 ) ;
#717 = FACE_OUTER_BOUND ( 'NONE', #1040, .T. ) ;
#718 =( NAMED_UNIT ( * ) SI_UNIT ( $, .STERADIAN. ) SOLID_ANGLE_UNIT ( ) );
#719 = AXIS2_PLACEMENT_3D ( 'NONE', #4504, #1087, #4131 ) ;
#720 =( BOUNDED_CURVE ( )  B_SPLINE_CURVE ( 3, ( #327, #824, #1908, #3722 ),
 .UNSPECIFIED., .F., .T. ) 
 B_SPLINE_CURVE_WITH_KNOTS ( ( 4, 4 ),
 ( 4.712388980384691450, 5.759586531581128988 ),
 .UNSPECIFIED. ) 
 CURVE ( )  GEOMETRIC_REPRESENTATION_ITEM ( )  RATIONAL_B_SPLINE_CURVE ( ( 1.000000000000000000, 0.9106836025229858578, 0.9106836025229858578, 1.000000000000000000 ) ) 
 REPRESENTATION_ITEM ( '' )  );
#721 = CARTESIAN_POINT ( 'NONE',  ( -1.917876647269745494, 0.2499999999999994726, -0.9354985316648515292 ) ) ;
#722 =( NAMED_UNIT ( * ) SI_UNIT ( $, .STERADIAN. ) SOLID_ANGLE_UNIT ( ) );
#723 = AXIS2_PLACEMENT_3D ( 'NONE', #1022, #3338, #3037 ) ;
#724 = CIRCLE ( 'NONE', #566, 0.5254000000000005333 ) ;
#725 = ORIENTED_EDGE ( 'NONE', *, *, #180, .F. ) ;
#726 = FACE_OUTER_BOUND ( 'NONE', #2221, .T. ) ;
#727 = PRESENTATION_LAYER_ASSIGNMENT (  '', '', ( #1268 ) ) ;
#728 = COLOUR_RGB ( '',0.0000000000000000000, 0.0000000000000000000, 0.7529411764705882248 ) ;
#729 = CARTESIAN_POINT ( 'NONE',  ( 1.734723475976807094E-15, 1.132532421399369937, 0.0000000000000000000 ) ) ;
#730 = CARTESIAN_POINT ( 'NONE',  ( -0.04000000000000226985, 16.49000000000000199, -0.04999999999999999584 ) ) ;
#731 = STYLED_ITEM ( 'NONE', ( #3159 ), #1452 ) ;
#732 = MECHANICAL_DESIGN_GEOMETRIC_PRESENTATION_REPRESENTATION (  '', ( #4682 ), #799 ) ;
#733 = FILL_AREA_STYLE ('',( #1822 ) ) ;
#734 = VERTEX_POINT ( 'NONE', #123 ) ;
#735 = FILL_AREA_STYLE_COLOUR ( '', #2898 ) ;
#736 = ORIENTED_EDGE ( 'NONE', *, *, #2589, .T. ) ;
#737 =( GEOMETRIC_REPRESENTATION_CONTEXT ( 3 ) GLOBAL_UNCERTAINTY_ASSIGNED_CONTEXT ( ( #4253 ) ) GLOBAL_UNIT_ASSIGNED_CONTEXT ( ( #989, #2970, #722 ) ) REPRESENTATION_CONTEXT ( 'NONE', 'WORKASPACE' ) );
#738 = CARTESIAN_POINT ( 'NONE',  ( 0.0000000000000000000, 16.00000000000000000, 0.0000000000000000000 ) ) ;
#739 = VERTEX_POINT ( 'NONE', #72 ) ;
#740 = SURFACE_SIDE_STYLE ('',( #4874 ) ) ;
#741 = DIRECTION ( 'NONE',  ( -1.225696218315258576E-16, 1.000000000000000000, 0.0000000000000000000 ) ) ;
#742 = MECHANICAL_DESIGN_GEOMETRIC_PRESENTATION_REPRESENTATION (  '', ( #2306 ), #2380 ) ;
#743 = EDGE_CURVE ( 'NONE', #2344, #3387, #4676, .T. ) ;
#744 =( NAMED_UNIT ( * ) PLANE_ANGLE_UNIT ( ) SI_UNIT ( $, .RADIAN. ) );
#745 = STYLED_ITEM ( 'NONE', ( #2257 ), #3938 ) ;
#746 = ORIENTED_EDGE ( 'NONE', *, *, #1094, .F. ) ;
#747 =( NAMED_UNIT ( * ) PLANE_ANGLE_UNIT ( ) SI_UNIT ( $, .RADIAN. ) );
#748 = EDGE_CURVE ( 'NONE', #202, #2900, #399, .T. ) ;
#749 =( NAMED_UNIT ( * ) SI_UNIT ( $, .STERADIAN. ) SOLID_ANGLE_UNIT ( ) );
#750 =( GEOMETRIC_REPRESENTATION_CONTEXT ( 3 ) GLOBAL_UNCERTAINTY_ASSIGNED_CONTEXT ( ( #1153 ) ) GLOBAL_UNIT_ASSIGNED_CONTEXT ( ( #2708, #1951, #3488 ) ) REPRESENTATION_CONTEXT ( 'NONE', 'WORKASPACE' ) );
#751 = SURFACE_STYLE_USAGE ( .BOTH. , #1515 ) ;
#752 = SURFACE_STYLE_FILL_AREA ( #3750 ) ;
#753 = ORIENTED_EDGE ( 'NONE', *, *, #4471, .T. ) ;
#754 = DIRECTION ( 'NONE',  ( -1.000000000000000000, -1.225696218315258576E-16, 0.0000000000000000000 ) ) ;
#755 =( LENGTH_UNIT ( ) NAMED_UNIT ( * ) SI_UNIT ( .MILLI., .METRE. ) );
#756 = SURFACE_STYLE_FILL_AREA ( #66 ) ;
#757 = CARTESIAN_POINT ( 'NONE',  ( 1.917876647269837642, 0.4999999999999998890, -0.9354985316646698967 ) ) ;
#758 = VECTOR ( 'NONE', #3118, 1000.000000000000000 ) ;
#759 = ORIENTED_EDGE ( 'NONE', *, *, #1428, .T. ) ;
#760 = ORIENTED_EDGE ( 'NONE', *, *, #2079, .F. ) ;
#761 = DIRECTION ( 'NONE',  ( -1.225696218315258576E-16, 1.000000000000000000, -0.0000000000000000000 ) ) ;
#762 = CARTESIAN_POINT ( 'NONE',  ( 2.500000000000000000, -3.740813662564058006, -0.3021537924574740352 ) ) ;
#763 = VERTEX_POINT ( 'NONE', #1625 ) ;
#764 = SURFACE_STYLE_USAGE ( .BOTH. , #740 ) ;
#765 = ORIENTED_EDGE ( 'NONE', *, *, #191, .F. ) ;
#766 = VECTOR ( 'NONE', #913, 1000.000000000000000 ) ;
#767 = CYLINDRICAL_SURFACE ( 'NONE', #1114, 5.025400000000002088 ) ;
#768 = FILL_AREA_STYLE ('',( #1878 ) ) ;
#769 = EDGE_CURVE ( 'NONE', #3877, #51, #956, .T. ) ;
#770 = COLOUR_RGB ( '',0.7529411764705882248, 0.7529411764705882248, 0.7529411764705882248 ) ;
#771 = PRESENTATION_LAYER_ASSIGNMENT (  '', '', ( #1703 ) ) ;
#772 = EDGE_LOOP ( 'NONE', ( #3192, #707, #2473, #3253 ) ) ;
#773 = LINE ( 'NONE', #3795, #129 ) ;
#774 = EDGE_CURVE ( 'NONE', #1439, #199, #52, .T. ) ;
#775 = UNCERTAINTY_MEASURE_WITH_UNIT (LENGTH_MEASURE( 1.000000000000000082E-05 ), #4620, 'distance_accuracy_value', 'NONE');
#776 = CARTESIAN_POINT ( 'NONE',  ( 4.205351415899638109E-16, 9.491139007125191540, 0.0000000000000000000 ) ) ;
#777 = FACE_OUTER_BOUND ( 'NONE', #2201, .T. ) ;
#778 = ORIENTED_EDGE ( 'NONE', *, *, #4177, .F. ) ;
#779 = CIRCLE ( 'NONE', #4814, 0.9999999999997974953 ) ;
#780 = DIRECTION ( 'NONE',  ( 1.225696218315259069E-16, -1.000000000000000000, 1.650859798226208986E-15 ) ) ;
#781 = ORIENTED_EDGE ( 'NONE', *, *, #917, .T. ) ;
#782 = DIRECTION ( 'NONE',  ( -1.225696218315258576E-16, 1.000000000000000000, -0.0000000000000000000 ) ) ;
#783 = ORIENTED_EDGE ( 'NONE', *, *, #951, .T. ) ;
#784 = DIRECTION ( 'NONE',  ( -1.084202172485504040E-15, 1.000000000000000000, 0.0000000000000000000 ) ) ;
#785 = SURFACE_SIDE_STYLE ('',( #2051 ) ) ;
#786 = CARTESIAN_POINT ( 'NONE',  ( 2.499999999999997780, 16.49000000000000199, 0.05732050807568871142 ) ) ;
#787 = COLOUR_RGB ( '',0.7529411764705882248, 0.7529411764705882248, 0.7529411764705882248 ) ;
#788 =( GEOMETRIC_REPRESENTATION_CONTEXT ( 3 ) GLOBAL_UNCERTAINTY_ASSIGNED_CONTEXT ( ( #1629 ) ) GLOBAL_UNIT_ASSIGNED_CONTEXT ( ( #3269, #4370, #2886 ) ) REPRESENTATION_CONTEXT ( 'NONE', 'WORKASPACE' ) );
#789 = EDGE_CURVE ( 'NONE', #2134, #3229, #1807, .T. ) ;
#790 = EDGE_LOOP ( 'NONE', ( #1293, #1981, #4776, #231 ) ) ;
#791 = DIRECTION ( 'NONE',  ( -1.000000000000000000, -1.204669080539448604E-16, 0.0000000000000000000 ) ) ;
#792 =( GEOMETRIC_REPRESENTATION_CONTEXT ( 3 ) GLOBAL_UNCERTAINTY_ASSIGNED_CONTEXT ( ( #2636 ) ) GLOBAL_UNIT_ASSIGNED_CONTEXT ( ( #4401, #1033, #3592 ) ) REPRESENTATION_CONTEXT ( 'NONE', 'WORKASPACE' ) );
#793 =( NAMED_UNIT ( * ) PLANE_ANGLE_UNIT ( ) SI_UNIT ( $, .RADIAN. ) );
#794 = AXIS2_PLACEMENT_3D ( 'NONE', #4045, #2130, #3234 ) ;
#795 = COLOUR_RGB ( '',0.0000000000000000000, 0.0000000000000000000, 0.7529411764705882248 ) ;
#796 = MECHANICAL_DESIGN_GEOMETRIC_PRESENTATION_REPRESENTATION (  '', ( #1027 ), #3888 ) ;
#797 = DIRECTION ( 'NONE',  ( 1.225696218315258576E-16, -1.000000000000000000, 0.0000000000000000000 ) ) ;
#798 = PRESENTATION_LAYER_ASSIGNMENT (  '', '', ( #2932 ) ) ;
#799 =( GEOMETRIC_REPRESENTATION_CONTEXT ( 3 ) GLOBAL_UNCERTAINTY_ASSIGNED_CONTEXT ( ( #7 ) ) GLOBAL_UNIT_ASSIGNED_CONTEXT ( ( #1383, #1311, #4870 ) ) REPRESENTATION_CONTEXT ( 'NONE', 'WORKASPACE' ) );
#800 = EDGE_CURVE ( 'NONE', #4242, #3736, #851, .T. ) ;
#801 = PRESENTATION_LAYER_ASSIGNMENT (  '', '', ( #3249 ) ) ;
#802 = DIRECTION ( 'NONE',  ( 1.836970198721034371E-16, -3.655127425149647273E-15, -1.000000000000000000 ) ) ;
#803 = CIRCLE ( 'NONE', #4768, 0.5254000000002139181 ) ;
#804 = VERTEX_POINT ( 'NONE', #3151 ) ;
#805 = DIRECTION ( 'NONE',  ( -1.000000000000000000, -8.629778107099966787E-17, 0.0000000000000000000 ) ) ;
#806 = FACE_OUTER_BOUND ( 'NONE', #2904, .T. ) ;
#807 =( GEOMETRIC_REPRESENTATION_CONTEXT ( 3 ) GLOBAL_UNCERTAINTY_ASSIGNED_CONTEXT ( ( #104 ) ) GLOBAL_UNIT_ASSIGNED_CONTEXT ( ( #1084, #3794, #1518 ) ) REPRESENTATION_CONTEXT ( 'NONE', 'WORKASPACE' ) );
#808 =( GEOMETRIC_REPRESENTATION_CONTEXT ( 3 ) GLOBAL_UNCERTAINTY_ASSIGNED_CONTEXT ( ( #1917 ) ) GLOBAL_UNIT_ASSIGNED_CONTEXT ( ( #3460, #1587, #2676 ) ) REPRESENTATION_CONTEXT ( 'NONE', 'WORKASPACE' ) );
#809 = UNCERTAINTY_MEASURE_WITH_UNIT (LENGTH_MEASURE( 1.000000000000000082E-05 ), #671, 'distance_accuracy_value', 'NONE');
#810 = UNCERTAINTY_MEASURE_WITH_UNIT (LENGTH_MEASURE( 1.000000000000000082E-05 ), #3792, 'distance_accuracy_value', 'NONE');
#811 = ORIENTED_EDGE ( 'NONE', *, *, #4587, .T. ) ;
#812 = CARTESIAN_POINT ( 'NONE',  ( -1.734723475976807094E-15, 1.826506484316722911, 0.0000000000000000000 ) ) ;
#813 = SURFACE_SIDE_STYLE ('',( #222 ) ) ;
#814 =( NAMED_UNIT ( * ) PLANE_ANGLE_UNIT ( ) SI_UNIT ( $, .RADIAN. ) );
#815 = COLOUR_RGB ( '',0.2509803921568627416, 0.2509803921568627416, 0.2509803921568627416 ) ;
#816 = UNCERTAINTY_MEASURE_WITH_UNIT (LENGTH_MEASURE( 1.000000000000000082E-05 ), #2556, 'distance_accuracy_value', 'NONE');
#817 = AXIS2_PLACEMENT_3D ( 'NONE', #4517, #2969, #1876 ) ;
#818 = AXIS2_PLACEMENT_3D ( 'NONE', #1612, #3921, #1925 ) ;
#819 = CARTESIAN_POINT ( 'NONE',  ( -2.498660254037847306, 16.49500000000000099, -0.04866025403784497022 ) ) ;
#820 = DIRECTION ( 'NONE',  ( -1.000000000000000000, 0.0000000000000000000, 0.0000000000000000000 ) ) ;
#821 = ORIENTED_EDGE ( 'NONE', *, *, #3552, .F. ) ;
#822 = DIRECTION ( 'NONE',  ( 0.0000000000000000000, 1.734723475976065171E-15, 1.000000000000000000 ) ) ;
#823 = AXIS2_PLACEMENT_3D ( 'NONE', #3969, #234, #2525 ) ;
#824 = CARTESIAN_POINT ( 'NONE',  ( 0.05366025403784285136, 16.50000000000000000, 0.05366025403784530773 ) ) ;
#825 = UNCERTAINTY_MEASURE_WITH_UNIT (LENGTH_MEASURE( 1.000000000000000082E-05 ), #3816, 'distance_accuracy_value', 'NONE');
#826 = CIRCLE ( 'NONE', #2389, 0.5000000000002147171 ) ;
#827 = PRESENTATION_STYLE_ASSIGNMENT (( #1621 ) ) ;
#828 = LINE ( 'NONE', #3710, #975 ) ;
#829 =( NAMED_UNIT ( * ) SI_UNIT ( $, .STERADIAN. ) SOLID_ANGLE_UNIT ( ) );
#830 = ORIENTED_EDGE ( 'NONE', *, *, #1034, .F. ) ;
#831 = EDGE_CURVE ( 'NONE', #3363, #3903, #404, .T. ) ;
#832 = EDGE_CURVE ( 'NONE', #3426, #3154, #4839, .T. ) ;
#833 = EDGE_LOOP ( 'NONE', ( #2621, #2444, #1777, #4141 ) ) ;
#834 = MECHANICAL_DESIGN_GEOMETRIC_PRESENTATION_REPRESENTATION (  '', ( #3519 ), #1454 ) ;
#835 = ADVANCED_FACE ( 'NONE', ( #1215 ), #3074, .F. ) ;
#836 = SURFACE_STYLE_FILL_AREA ( #3184 ) ;
#837 = CARTESIAN_POINT ( 'NONE',  ( 5.020290614649573158, 14.09113900712519474, 0.2265553011108372428 ) ) ;
#838 = CARTESIAN_POINT ( 'NONE',  ( 5.019732501002772906, 14.09113900712519474, -0.2386017149486681366 ) ) ;
#839 = DIRECTION ( 'NONE',  ( 1.000000000000000000, 0.0000000000000000000, 0.0000000000000000000 ) ) ;
#840 = LINE ( 'NONE', #4221, #373 ) ;
#841 =( LENGTH_UNIT ( ) NAMED_UNIT ( * ) SI_UNIT ( .MILLI., .METRE. ) );
#842 =( NAMED_UNIT ( * ) PLANE_ANGLE_UNIT ( ) SI_UNIT ( $, .RADIAN. ) );
#843 = ORIENTED_EDGE ( 'NONE', *, *, #2392, .F. ) ;
#844 = CARTESIAN_POINT ( 'NONE',  ( 8.959716264484332725E-17, 12.19113900712519616, 0.0000000000000000000 ) ) ;
#845 = LINE ( 'NONE', #3146, #3038 ) ;
#846 = MECHANICAL_DESIGN_GEOMETRIC_PRESENTATION_REPRESENTATION (  '', ( #1313 ), #612 ) ;
#847 = AXIS2_PLACEMENT_3D ( 'NONE', #1381, #3700, #2093 ) ;
#848 = PRESENTATION_STYLE_ASSIGNMENT (( #2791 ) ) ;
#849 = DIRECTION ( 'NONE',  ( -1.000000000000000000, 0.0000000000000000000, 0.0000000000000000000 ) ) ;
#850 = VERTEX_POINT ( 'NONE', #99 ) ;
#851 = LINE ( 'NONE', #3852, #2206 ) ;
#852 =( GEOMETRIC_REPRESENTATION_CONTEXT ( 3 ) GLOBAL_UNCERTAINTY_ASSIGNED_CONTEXT ( ( #1147 ) ) GLOBAL_UNIT_ASSIGNED_CONTEXT ( ( #3543, #2744, #829 ) ) REPRESENTATION_CONTEXT ( 'NONE', 'WORKASPACE' ) );
#853 = CARTESIAN_POINT ( 'NONE',  ( 0.05732050807568667139, 16.50000000000000000, -0.05732050807568902367 ) ) ;
#854 = UNCERTAINTY_MEASURE_WITH_UNIT (LENGTH_MEASURE( 1.000000000000000082E-05 ), #65, 'distance_accuracy_value', 'NONE');
#855 = UNCERTAINTY_MEASURE_WITH_UNIT (LENGTH_MEASURE( 1.000000000000000082E-05 ), #4402, 'distance_accuracy_value', 'NONE');
#856 = ORIENTED_EDGE ( 'NONE', *, *, #3222, .T. ) ;
#857 = EDGE_CURVE ( 'NONE', #1230, #553, #2362, .T. ) ;
#858 = EDGE_CURVE ( 'NONE', #1863, #2735, #4492, .T. ) ;
#859 = CARTESIAN_POINT ( 'NONE',  ( 1.734723475976807094E-15, 1.826506484316722911, -5.219999999998981011 ) ) ;
#860 = DIRECTION ( 'NONE',  ( -1.225696218315258576E-16, 1.000000000000000000, -0.0000000000000000000 ) ) ;
#861 = EDGE_CURVE ( 'NONE', #1610, #4601, #511, .T. ) ;
#862 =( NAMED_UNIT ( * ) PLANE_ANGLE_UNIT ( ) SI_UNIT ( $, .RADIAN. ) );
#863 = PRESENTATION_STYLE_ASSIGNMENT (( #4269 ) ) ;
#864 = DIRECTION ( 'NONE',  ( 1.000000000000000000, 1.225696218315258576E-16, 1.836970198721029688E-16 ) ) ;
#865 = ORIENTED_EDGE ( 'NONE', *, *, #558, .T. ) ;
#866 = CARTESIAN_POINT ( 'NONE',  ( 0.0000000000000000000, 12.92212896455523818, 5.000000000000001776 ) ) ;
#867 = FILL_AREA_STYLE_COLOUR ( '', #266 ) ;
#868 = UNCERTAINTY_MEASURE_WITH_UNIT (LENGTH_MEASURE( 1.000000000000000082E-05 ), #526, 'distance_accuracy_value', 'NONE');
#869 = DIRECTION ( 'NONE',  ( 1.225696218315258576E-16, -1.000000000000000000, 0.0000000000000000000 ) ) ;
#870 = ORIENTED_EDGE ( 'NONE', *, *, #1366, .F. ) ;
#871 = DIRECTION ( 'NONE',  ( 1.225696218315258576E-16, -1.000000000000000000, 0.0000000000000000000 ) ) ;
#872 = AXIS2_PLACEMENT_3D ( 'NONE', #4117, #710, #3712 ) ;
#873 = CIRCLE ( 'NONE', #322, 5.025400000000000311 ) ;
#874 = CARTESIAN_POINT ( 'NONE',  ( 1.918017371715892150, 0.4999999999999998890, 0.9312787012854190083 ) ) ;
#875 = AXIS2_PLACEMENT_3D ( 'NONE', #1162, #2662, #2295 ) ;
#876 = DIRECTION ( 'NONE',  ( 1.225696218315258576E-16, 1.000000000000000000, 0.0000000000000000000 ) ) ;
#877 = AXIS2_PLACEMENT_3D ( 'NONE', #4627, #3177, #1185 ) ;
#878 = AXIS2_PLACEMENT_3D ( 'NONE', #1906, #3443, #1933 ) ;
#879 = ORIENTED_EDGE ( 'NONE', *, *, #712, .T. ) ;
#880 =( LENGTH_UNIT ( ) NAMED_UNIT ( * ) SI_UNIT ( .MILLI., .METRE. ) );
#881 = PRESENTATION_LAYER_ASSIGNMENT (  '', '', ( #3012 ) ) ;
#882 = ORIENTED_EDGE ( 'NONE', *, *, #4540, .T. ) ;
#883 = VECTOR ( 'NONE', #4867, 1000.000000000000000 ) ;
#884 = AXIS2_PLACEMENT_3D ( 'NONE', #2167, #2967, #2942 ) ;
#885 = CARTESIAN_POINT ( 'NONE',  ( -2.500000000000000000, 0.4999999999999993339, -0.002153792457473946171 ) ) ;
#886 = SURFACE_STYLE_FILL_AREA ( #3158 ) ;
#887 = DIRECTION ( 'NONE',  ( -1.225696218315258576E-16, -1.000000000000000000, -0.0000000000000000000 ) ) ;
#888 = CIRCLE ( 'NONE', #2612, 5.025399999999999423 ) ;
#889 = DIRECTION ( 'NONE',  ( 0.0000000000000000000, 1.000000000000000000, 0.0000000000000000000 ) ) ;
#890 = EDGE_CURVE ( 'NONE', #282, #1344, #724, .T. ) ;
#891 = ADVANCED_FACE ( 'NONE', ( #2838 ), #1701, .T. ) ;
#892 = DIRECTION ( 'NONE',  ( 1.084202172485504040E-15, -1.000000000000000000, 0.0000000000000000000 ) ) ;
#893 = CIRCLE ( 'NONE', #2053, 0.5000000000000004441 ) ;
#894 = CARTESIAN_POINT ( 'NONE',  ( 1.734723475976807094E-15, 0.9999999999999991118, -5.000000000000002665 ) ) ;
#895 =( NAMED_UNIT ( * ) PLANE_ANGLE_UNIT ( ) SI_UNIT ( $, .RADIAN. ) );
#896 = DIRECTION ( 'NONE',  ( -8.673617379884072943E-16, 1.000000000000000000, 0.0000000000000000000 ) ) ;
#897 = CIRCLE ( 'NONE', #1669, 4.878287999999355584 ) ;
#898 = DIRECTION ( 'NONE',  ( 0.9988722292758334120, 1.725955621419993604E-16, -0.04747914891325386716 ) ) ;
#899 = PRESENTATION_LAYER_ASSIGNMENT (  '', '', ( #18 ) ) ;
#900 = MECHANICAL_DESIGN_GEOMETRIC_PRESENTATION_REPRESENTATION (  '', ( #428 ), #2704 ) ;
#901 = LINE ( 'NONE', #1605, #1686 ) ;
#902 = VERTEX_POINT ( 'NONE', #2869 ) ;
#903 =( NAMED_UNIT ( * ) SI_UNIT ( $, .STERADIAN. ) SOLID_ANGLE_UNIT ( ) );
#904 = CARTESIAN_POINT ( 'NONE',  ( -2.507320508075691290, 16.50000000000000000, 0.05732050807568932205 ) ) ;
#905 = SURFACE_STYLE_FILL_AREA ( #2747 ) ;
#906 = AXIS2_PLACEMENT_3D ( 'NONE', #3873, #2789, #194 ) ;
#907 = ORIENTED_EDGE ( 'NONE', *, *, #4651, .T. ) ;
#908 = EDGE_LOOP ( 'NONE', ( #2490, #397, #1437, #1663 ) ) ;
#909 = CARTESIAN_POINT ( 'NONE',  ( 2.503660254037843202, 16.50000000000000000, 0.05366025403784499548 ) ) ;
#910 =( GEOMETRIC_REPRESENTATION_CONTEXT ( 3 ) GLOBAL_UNCERTAINTY_ASSIGNED_CONTEXT ( ( #2292 ) ) GLOBAL_UNIT_ASSIGNED_CONTEXT ( ( #3195, #2360, #2711 ) ) REPRESENTATION_CONTEXT ( 'NONE', 'WORKASPACE' ) );
#911 = SURFACE_SIDE_STYLE ('',( #886 ) ) ;
#912 = CARTESIAN_POINT ( 'NONE',  ( 5.023486311751855560, 12.19113900712519616, -0.1386738462787319437 ) ) ;
#913 = DIRECTION ( 'NONE',  ( -1.225696218315258576E-16, 1.000000000000000000, -0.0000000000000000000 ) ) ;
#914 = AXIS2_PLACEMENT_3D ( 'NONE', #1932, #3140, #3904 ) ;
#915 = DIRECTION ( 'NONE',  ( -1.225696218315258576E-16, 1.000000000000000000, -0.0000000000000000000 ) ) ;
#916 = DIRECTION ( 'NONE',  ( 0.0000000000000000000, 1.734723475976065171E-15, 1.000000000000000000 ) ) ;
#917 = EDGE_CURVE ( 'NONE', #644, #1610, #2061, .T. ) ;
#918 =( LENGTH_UNIT ( ) NAMED_UNIT ( * ) SI_UNIT ( .MILLI., .METRE. ) );
#919 = CARTESIAN_POINT ( 'NONE',  ( 1.317456182161878055E-15, 2.173493515775398510, 0.0000000000000000000 ) ) ;
#920 = SURFACE_SIDE_STYLE ('',( #1281 ) ) ;
#921 = FILL_AREA_STYLE ('',( #3570 ) ) ;
#922 = DIRECTION ( 'NONE',  ( -1.000000000000000000, 0.0000000000000000000, 0.0000000000000000000 ) ) ;
#923 = VERTEX_POINT ( 'NONE', #1768 ) ;
#924 = ADVANCED_FACE ( 'NONE', ( #2465 ), #4722, .T. ) ;
#925 = CIRCLE ( 'NONE', #1458, 0.2999999999999999334 ) ;
#926 = CARTESIAN_POINT ( 'NONE',  ( 1.734723475976807094E-15, 0.9999999999999991118, -5.000000000000002665 ) ) ;
#927 = EDGE_CURVE ( 'NONE', #804, #3509, #3169, .T. ) ;
#928 = ORIENTED_EDGE ( 'NONE', *, *, #3791, .T. ) ;
#929 =( NAMED_UNIT ( * ) SI_UNIT ( $, .STERADIAN. ) SOLID_ANGLE_UNIT ( ) );
#930 = ORIENTED_EDGE ( 'NONE', *, *, #1506, .T. ) ;
#931 =( GEOMETRIC_REPRESENTATION_CONTEXT ( 3 ) GLOBAL_UNCERTAINTY_ASSIGNED_CONTEXT ( ( #67 ) ) GLOBAL_UNIT_ASSIGNED_CONTEXT ( ( #400, #1570, #4571 ) ) REPRESENTATION_CONTEXT ( 'NONE', 'WORKASPACE' ) );
#932 = FACE_BOUND ( 'NONE', #4397, .T. ) ;
#933 = DIRECTION ( 'NONE',  ( -1.000000000000000000, 0.0000000000000000000, 0.0000000000000000000 ) ) ;
#934 = CARTESIAN_POINT ( 'NONE',  ( 2.407412430484044816E-32, 15.99999999999999645, -5.000000000000000000 ) ) ;
#935 = DIRECTION ( 'NONE',  ( 0.0000000000000000000, 0.0000000000000000000, 1.000000000000000000 ) ) ;
#936 = DIRECTION ( 'NONE',  ( -1.000000000000000000, -1.225696218315258576E-16, -0.0000000000000000000 ) ) ;
#937 = CARTESIAN_POINT ( 'NONE',  ( -0.04000000000000301925, 16.49000000000000199, -2.490000000000000213 ) ) ;
#938 = DIRECTION ( 'NONE',  ( -1.000000000000000000, -1.225696218315258576E-16, 0.0000000000000000000 ) ) ;
#939 = CYLINDRICAL_SURFACE ( 'NONE', #3407, 5.025400000000000311 ) ;
#940 = SURFACE_STYLE_USAGE ( .BOTH. , #988 ) ;
#941 = DIRECTION ( 'NONE',  ( -1.000000000000000000, -1.225696218315258576E-16, 0.0000000000000000000 ) ) ;
#942 =( NAMED_UNIT ( * ) PLANE_ANGLE_UNIT ( ) SI_UNIT ( $, .RADIAN. ) );
#943 = SURFACE_STYLE_USAGE ( .BOTH. , #4743 ) ;
#944 = ORIENTED_EDGE ( 'NONE', *, *, #2651, .T. ) ;
#945 = SURFACE_SIDE_STYLE ('',( #144 ) ) ;
#946 = ADVANCED_FACE ( 'NONE', ( #726 ), #1883, .T. ) ;
#947 =( GEOMETRIC_REPRESENTATION_CONTEXT ( 3 ) GLOBAL_UNCERTAINTY_ASSIGNED_CONTEXT ( ( #4879 ) ) GLOBAL_UNIT_ASSIGNED_CONTEXT ( ( #290, #3308, #4822 ) ) REPRESENTATION_CONTEXT ( 'NONE', 'WORKASPACE' ) );
#948 = CARTESIAN_POINT ( 'NONE',  ( 5.023486311751856448, 6.591139007125195626, -0.1386738462787319437 ) ) ;
#949 = CIRCLE ( 'NONE', #3886, 0.5000000000002147171 ) ;
#950 = ORIENTED_EDGE ( 'NONE', *, *, #3648, .F. ) ;
#951 = EDGE_CURVE ( 'NONE', #2106, #634, #3721, .T. ) ;
#952 = ORIENTED_EDGE ( 'NONE', *, *, #4055, .F. ) ;
#953 = LINE ( 'NONE', #4847, #3476 ) ;
#954 = STYLED_ITEM ( 'NONE', ( #3759 ), #1659 ) ;
#955 = AXIS2_PLACEMENT_3D ( 'NONE', #2087, #1742, #3981 ) ;
#956 = CIRCLE ( 'NONE', #3730, 2.233871677699888370 ) ;
#957 = ORIENTED_EDGE ( 'NONE', *, *, #1003, .T. ) ;
#958 = CARTESIAN_POINT ( 'NONE',  ( -0.05732050807569125106, 16.50000000000000000, 0.05732050807568902367 ) ) ;
#959 = FACE_OUTER_BOUND ( 'NONE', #1767, .T. ) ;
#960 = MECHANICAL_DESIGN_GEOMETRIC_PRESENTATION_REPRESENTATION (  '', ( #4456 ), #3651 ) ;
#961 =( LENGTH_UNIT ( ) NAMED_UNIT ( * ) SI_UNIT ( .MILLI., .METRE. ) );
#962 = CIRCLE ( 'NONE', #3984, 4.719999999998766960 ) ;
#963 = AXIS2_PLACEMENT_3D ( 'NONE', #4066, #206, #4462 ) ;
#964 = CARTESIAN_POINT ( 'NONE',  ( -0.05049038105677094990, 16.49816987298108018, -2.500490381056768019 ) ) ;
#965 = PRESENTATION_STYLE_ASSIGNMENT (( #698 ) ) ;
#966 = CARTESIAN_POINT ( 'NONE',  ( 1.734723475976807094E-15, 1.826506484316722911, 0.0000000000000000000 ) ) ;
#967 = DIRECTION ( 'NONE',  ( 1.000000000000000000, 1.225696218315258576E-16, 1.836970198721029688E-16 ) ) ;
#968 = DIRECTION ( 'NONE',  ( 3.061515884555943639E-16, 3.752488442012313821E-32, 1.000000000000000000 ) ) ;
#969 = EDGE_LOOP ( 'NONE', ( #633, #4133, #1379, #765 ) ) ;
#970 = CARTESIAN_POINT ( 'NONE',  ( 2.500490381056765354, 16.49816987298108018, -0.05049038105676821597 ) ) ;
#971 = SURFACE_STYLE_FILL_AREA ( #4108 ) ;
#972 = PRESENTATION_LAYER_ASSIGNMENT (  '', '', ( #4854 ) ) ;
#973 =( GEOMETRIC_REPRESENTATION_CONTEXT ( 3 ) GLOBAL_UNCERTAINTY_ASSIGNED_CONTEXT ( ( #4632 ) ) GLOBAL_UNIT_ASSIGNED_CONTEXT ( ( #2731, #158, #3947 ) ) REPRESENTATION_CONTEXT ( 'NONE', 'WORKASPACE' ) );
#974 = DIRECTION ( 'NONE',  ( 0.0000000000000000000, -1.000000000000000000, 0.0000000000000000000 ) ) ;
#975 = VECTOR ( 'NONE', #2203, 1000.000000000000000 ) ;
#976 = ORIENTED_EDGE ( 'NONE', *, *, #4478, .F. ) ;
#977 = VERTEX_POINT ( 'NONE', #3699 ) ;
#978 = COLOUR_RGB ( '',0.0000000000000000000, 0.0000000000000000000, 0.7529411764705882248 ) ;
#979 = ADVANCED_FACE ( 'NONE', ( #1793 ), #4842, .T. ) ;
#980 = CIRCLE ( 'NONE', #823, 0.09999999999999982514 ) ;
#981 = ADVANCED_FACE ( 'NONE', ( #357 ), #3341, .T. ) ;
#982 = DIRECTION ( 'NONE',  ( -1.000000000000000000, -1.378223100617526651E-16, 0.0000000000000000000 ) ) ;
#983 = EDGE_CURVE ( 'NONE', #535, #4617, #487, .T. ) ;
#984 =( NAMED_UNIT ( * ) PLANE_ANGLE_UNIT ( ) SI_UNIT ( $, .RADIAN. ) );
#985 = ORIENTED_EDGE ( 'NONE', *, *, #1688, .F. ) ;
#986 = CARTESIAN_POINT ( 'NONE',  ( -0.04866025403784668413, 16.49500000000000099, 2.498660254037845085 ) ) ;
#987 = FILL_AREA_STYLE_COLOUR ( '', #4287 ) ;
#988 = SURFACE_SIDE_STYLE ('',( #2034 ) ) ;
#989 =( LENGTH_UNIT ( ) NAMED_UNIT ( * ) SI_UNIT ( .MILLI., .METRE. ) );
#990 = CARTESIAN_POINT ( 'NONE',  ( 8.862997045497617592E-16, 5.691139007125195270, 0.0000000000000000000 ) ) ;
#991 = DIRECTION ( 'NONE',  ( -1.000000000000000000, 1.370846089879613558E-16, 0.0000000000000000000 ) ) ;
#992 = VERTEX_POINT ( 'NONE', #4663 ) ;
#993 = EDGE_LOOP ( 'NONE', ( #2464, #4270, #2821, #4537 ) ) ;
#994 = DIRECTION ( 'NONE',  ( 0.9988722292758333010, 0.0000000000000000000, -0.04747914891325429043 ) ) ;
#995 = PRESENTATION_LAYER_ASSIGNMENT (  '', '', ( #3131 ) ) ;
#996 = VERTEX_POINT ( 'NONE', #3537 ) ;
#997 = PRESENTATION_STYLE_ASSIGNMENT (( #2875 ) ) ;
#998 = EDGE_CURVE ( 'NONE', #2099, #4590, #2317, .T. ) ;
#999 = CARTESIAN_POINT ( 'NONE',  ( 1.461290838612216542E-15, 0.9999999999999991118, 0.0000000000000000000 ) ) ;
#1000 = CARTESIAN_POINT ( 'NONE',  ( -4.385382997764345347E-16, 16.50000000000000000, 0.0000000000000000000 ) ) ;
#1001 = CARTESIAN_POINT ( 'NONE',  ( 0.03999999999999766243, 16.49000000000000199, -0.04000000000000000777 ) ) ;
#1002 = MECHANICAL_DESIGN_GEOMETRIC_PRESENTATION_REPRESENTATION (  '', ( #1851 ), #2020 ) ;
#1003 = EDGE_CURVE ( 'NONE', #3587, #3408, #3251, .T. ) ;
#1004 = SURFACE_STYLE_USAGE ( .BOTH. , #3264 ) ;
#1005 = ORIENTED_EDGE ( 'NONE', *, *, #4019, .F. ) ;
#1006 = DIRECTION ( 'NONE',  ( 1.225696218315258576E-16, 1.000000000000000000, 0.0000000000000000000 ) ) ;
#1007 = FILL_AREA_STYLE_COLOUR ( '', #3404 ) ;
#1008 = AXIS2_PLACEMENT_3D ( 'NONE', #175, #2977, #2923 ) ;
#1009 = SURFACE_STYLE_FILL_AREA ( #4371 ) ;
#1010 = CARTESIAN_POINT ( 'NONE',  ( 5.023804620177153346, 5.791139007125195803, 0.1266187122296502099 ) ) ;
#1011 = SURFACE_STYLE_USAGE ( .BOTH. , #2673 ) ;
#1012 = DIRECTION ( 'NONE',  ( -1.000000000000000000, 0.0000000000000000000, 0.0000000000000000000 ) ) ;
#1013 =( NAMED_UNIT ( * ) PLANE_ANGLE_UNIT ( ) SI_UNIT ( $, .RADIAN. ) );
#1014 = VERTEX_POINT ( 'NONE', #137 ) ;
#1015 = FILL_AREA_STYLE_COLOUR ( '', #1419 ) ;
#1016 = DIRECTION ( 'NONE',  ( 1.000000000000000000, 0.0000000000000000000, 0.0000000000000000000 ) ) ;
#1017 = ORIENTED_EDGE ( 'NONE', *, *, #414, .T. ) ;
#1018 = CARTESIAN_POINT ( 'NONE',  ( 5.023804620177153346, 3.791139007125195803, 0.1266187122296524303 ) ) ;
#1019 = ORIENTED_EDGE ( 'NONE', *, *, #4293, .F. ) ;
#1020 = CARTESIAN_POINT ( 'NONE',  ( 5.019732501002773795, 15.09113900712519296, -0.2386017149486681921 ) ) ;
#1021 = ORIENTED_EDGE ( 'NONE', *, *, #4713, .T. ) ;
#1022 = CARTESIAN_POINT ( 'NONE',  ( 1.734723475976807094E-15, 1.826506484316722911, 0.0000000000000000000 ) ) ;
#1023 = CARTESIAN_POINT ( 'NONE',  ( -1.918017371715800445, 0.2499999999999994726, 0.9312787012856003077 ) ) ;
#1024 = DIRECTION ( 'NONE',  ( 0.0000000000000000000, -1.000000000000000000, 0.0000000000000000000 ) ) ;
#1025 = CIRCLE ( 'NONE', #2674, 5.025400000000002088 ) ;
#1026 =( LENGTH_UNIT ( ) NAMED_UNIT ( * ) SI_UNIT ( .MILLI., .METRE. ) );
#1027 = STYLED_ITEM ( 'NONE', ( #2154 ), #562 ) ;
#1028 =( GEOMETRIC_REPRESENTATION_CONTEXT ( 3 ) GLOBAL_UNCERTAINTY_ASSIGNED_CONTEXT ( ( #395 ) ) GLOBAL_UNIT_ASSIGNED_CONTEXT ( ( #3745, #646, #270 ) ) REPRESENTATION_CONTEXT ( 'NONE', 'WORKASPACE' ) );
#1029 = AXIS2_PLACEMENT_3D ( 'NONE', #4036, #630, #3649 ) ;
#1030 = PRESENTATION_LAYER_ASSIGNMENT (  '', '', ( #3171 ) ) ;
#1031 = VERTEX_POINT ( 'NONE', #3822 ) ;
#1032 = DIRECTION ( 'NONE',  ( 1.000000000000000000, 0.0000000000000000000, 0.0000000000000000000 ) ) ;
#1033 =( NAMED_UNIT ( * ) PLANE_ANGLE_UNIT ( ) SI_UNIT ( $, .RADIAN. ) );
#1034 = EDGE_CURVE ( 'NONE', #495, #1499, #1111, .T. ) ;
#1035 = FILL_AREA_STYLE_COLOUR ( '', #578 ) ;
#1036 = MECHANICAL_DESIGN_GEOMETRIC_PRESENTATION_REPRESENTATION (  '', ( #2767 ), #808 ) ;
#1037 = ADVANCED_FACE ( 'NONE', ( #1255 ), #1332, .T. ) ;
#1038 = CARTESIAN_POINT ( 'NONE',  ( -0.05732050807569050166, 16.50000000000000000, 2.507320508075689069 ) ) ;
#1039 =( NAMED_UNIT ( * ) SI_UNIT ( $, .STERADIAN. ) SOLID_ANGLE_UNIT ( ) );
#1040 = EDGE_LOOP ( 'NONE', ( #1647, #3826, #1771, #1228 ) ) ;
#1041 = FILL_AREA_STYLE_COLOUR ( '', #4060 ) ;
#1042 =( GEOMETRIC_REPRESENTATION_CONTEXT ( 3 ) GLOBAL_UNCERTAINTY_ASSIGNED_CONTEXT ( ( #3097 ) ) GLOBAL_UNIT_ASSIGNED_CONTEXT ( ( #100, #1996, #1652 ) ) REPRESENTATION_CONTEXT ( 'NONE', 'WORKASPACE' ) );
#1043 = CARTESIAN_POINT ( 'NONE',  ( -1.917876647269745494, 0.4999999999999994449, -0.9354985316648515292 ) ) ;
#1044 =( NAMED_UNIT ( * ) SI_UNIT ( $, .STERADIAN. ) SOLID_ANGLE_UNIT ( ) );
#1045 = VERTEX_POINT ( 'NONE', #2736 ) ;
#1046 = ORIENTED_EDGE ( 'NONE', *, *, #858, .T. ) ;
#1047 = SURFACE_SIDE_STYLE ('',( #4088 ) ) ;
#1048 =( GEOMETRIC_REPRESENTATION_CONTEXT ( 3 ) GLOBAL_UNCERTAINTY_ASSIGNED_CONTEXT ( ( #3085 ) ) GLOBAL_UNIT_ASSIGNED_CONTEXT ( ( #1272, #814, #3528 ) ) REPRESENTATION_CONTEXT ( 'NONE', 'WORKASPACE' ) );
#1049 = AXIS2_PLACEMENT_3D ( 'NONE', #3959, #248, #2835 ) ;
#1050 = ORIENTED_EDGE ( 'NONE', *, *, #3900, .F. ) ;
#1051 = CARTESIAN_POINT ( 'NONE',  ( 1.970924883378093462, 0.4999999999999998890, 0.8464212018542315308 ) ) ;
#1052 = DIRECTION ( 'NONE',  ( 1.000000000000000000, -0.0000000000000000000, -0.0000000000000000000 ) ) ;
#1053 = AXIS2_PLACEMENT_3D ( 'NONE', #2342, #2412, #1602 ) ;
#1054 = ORIENTED_EDGE ( 'NONE', *, *, #858, .F. ) ;
#1055 = SURFACE_STYLE_FILL_AREA ( #2500 ) ;
#1056 =( NAMED_UNIT ( * ) PLANE_ANGLE_UNIT ( ) SI_UNIT ( $, .RADIAN. ) );
#1057 = DIRECTION ( 'NONE',  ( -1.225696218315258576E-16, 1.000000000000000000, -0.0000000000000000000 ) ) ;
#1058 =( NAMED_UNIT ( * ) SI_UNIT ( $, .STERADIAN. ) SOLID_ANGLE_UNIT ( ) );
#1059 = ADVANCED_FACE ( 'NONE', ( #3871 ), #4297, .T. ) ;
#1060 =( LENGTH_UNIT ( ) NAMED_UNIT ( * ) SI_UNIT ( .MILLI., .METRE. ) );
#1061 = SURFACE_STYLE_USAGE ( .BOTH. , #355 ) ;
#1062 = ORIENTED_EDGE ( 'NONE', *, *, #4151, .F. ) ;
#1063 = CIRCLE ( 'NONE', #4404, 5.025400000000000311 ) ;
#1064 = ADVANCED_FACE ( 'NONE', ( #2809 ), #4716, .T. ) ;
#1065 = EDGE_LOOP ( 'NONE', ( #1448, #3549 ) ) ;
#1066 = MECHANICAL_DESIGN_GEOMETRIC_PRESENTATION_REPRESENTATION (  '', ( #3446 ), #3688 ) ;
#1067 = DIRECTION ( 'NONE',  ( -1.000000000000000000, -8.923474670663719436E-17, 0.0000000000000000000 ) ) ;
#1068 = ORIENTED_EDGE ( 'NONE', *, *, #339, .T. ) ;
#1069 = EDGE_CURVE ( 'NONE', #2175, #1753, #1724, .T. ) ;
#1070 = ADVANCED_FACE ( 'NONE', ( #3640 ), #2086, .T. ) ;
#1071 = SURFACE_SIDE_STYLE ('',( #3188 ) ) ;
#1072 = ORIENTED_EDGE ( 'NONE', *, *, #191, .T. ) ;
#1073 = DIRECTION ( 'NONE',  ( 1.225696218315258576E-16, 1.000000000000000000, 0.0000000000000000000 ) ) ;
#1074 = CARTESIAN_POINT ( 'NONE',  ( -2.561360065401270922E-15, 0.9999999999999995559, -4.500000000000002665 ) ) ;
#1075 =( NAMED_UNIT ( * ) PLANE_ANGLE_UNIT ( ) SI_UNIT ( $, .RADIAN. ) );
#1076 = AXIS2_PLACEMENT_3D ( 'NONE', #4556, #1146, #780 ) ;
#1077 = MECHANICAL_DESIGN_GEOMETRIC_PRESENTATION_REPRESENTATION (  '', ( #9 ), #2730 ) ;
#1078 = VERTEX_POINT ( 'NONE', #4031 ) ;
#1079 = MECHANICAL_DESIGN_GEOMETRIC_PRESENTATION_REPRESENTATION (  '', ( #1706 ), #617 ) ;
#1080 = CARTESIAN_POINT ( 'NONE',  ( 1.734723475976807094E-15, 1.826506484316722911, 4.719999999998766960 ) ) ;
#1081 = FACE_OUTER_BOUND ( 'NONE', #28, .T. ) ;
#1082 = DIRECTION ( 'NONE',  ( -6.585777723484378812E-17, 1.000000000000000000, 0.0000000000000000000 ) ) ;
#1083 =( NAMED_UNIT ( * ) PLANE_ANGLE_UNIT ( ) SI_UNIT ( $, .RADIAN. ) );
#1084 =( LENGTH_UNIT ( ) NAMED_UNIT ( * ) SI_UNIT ( .MILLI., .METRE. ) );
#1085 = FILL_AREA_STYLE ('',( #2999 ) ) ;
#1086 = CARTESIAN_POINT ( 'NONE',  ( 0.0000000000000000000, 12.92212896455523818, 0.0000000000000000000 ) ) ;
#1087 = DIRECTION ( 'NONE',  ( -1.225696218315258576E-16, 1.000000000000000000, -0.0000000000000000000 ) ) ;
#1088 = ORIENTED_EDGE ( 'NONE', *, *, #3355, .T. ) ;
#1089 = CYLINDRICAL_SURFACE ( 'NONE', #3386, 0.009999999999999592548 ) ;
#1090 = ORIENTED_EDGE ( 'NONE', *, *, #3257, .T. ) ;
#1091 =( NAMED_UNIT ( * ) PLANE_ANGLE_UNIT ( ) SI_UNIT ( $, .RADIAN. ) );
#1092 =( NAMED_UNIT ( * ) SI_UNIT ( $, .STERADIAN. ) SOLID_ANGLE_UNIT ( ) );
#1093 = EDGE_CURVE ( 'NONE', #1889, #1792, #4445, .T. ) ;
#1094 = EDGE_CURVE ( 'NONE', #4485, #923, #3746, .T. ) ;
#1095 = ORIENTED_EDGE ( 'NONE', *, *, #2589, .F. ) ;
#1096 =( LENGTH_UNIT ( ) NAMED_UNIT ( * ) SI_UNIT ( .MILLI., .METRE. ) );
#1097 = SURFACE_SIDE_STYLE ('',( #2209 ) ) ;
#1098 = MECHANICAL_DESIGN_GEOMETRIC_PRESENTATION_REPRESENTATION (  '', ( #3012 ), #3241 ) ;
#1099 = ORIENTED_EDGE ( 'NONE', *, *, #352, .T. ) ;
#1101 = VECTOR ( 'NONE', #974, 1000.000000000000000 ) ;
#1100 = DIRECTION ( 'NONE',  ( -1.225696218315258576E-16, 1.000000000000000000, -0.0000000000000000000 ) ) ;
#1102 = AXIS2_PLACEMENT_3D ( 'NONE', #2138, #544, #2456 ) ;
#1103 = CYLINDRICAL_SURFACE ( 'NONE', #2937, 0.009999999999999592548 ) ;
#1104 = PRODUCT_DEFINITION_CONTEXT ( 'detailed design', #2502, 'design' ) ;
#1105 =( NAMED_UNIT ( * ) PLANE_ANGLE_UNIT ( ) SI_UNIT ( $, .RADIAN. ) );
#1106 = PRESENTATION_LAYER_ASSIGNMENT (  '', '', ( #641 ) ) ;
#1107 = COLOUR_RGB ( '',0.0000000000000000000, 0.0000000000000000000, 0.7529411764705882248 ) ;
#1108 = DIRECTION ( 'NONE',  ( -1.225696218315258576E-16, 1.000000000000000000, -0.0000000000000000000 ) ) ;
#1109 = CARTESIAN_POINT ( 'NONE',  ( 0.04866025403784209752, 16.49500000000000099, -2.498660254037845085 ) ) ;
#1110 = VERTEX_POINT ( 'NONE', #1852 ) ;
#1111 = CIRCLE ( 'NONE', #2603, 5.025400000000000311 ) ;
#1112 = CIRCLE ( 'NONE', #4536, 0.5254000000002140291 ) ;
#1113 = CARTESIAN_POINT ( 'NONE',  ( 2.498660254037842865, 16.49500000000000099, 0.04866025403784500492 ) ) ;
#1114 = AXIS2_PLACEMENT_3D ( 'NONE', #1133, #3789, #1032 ) ;
#1115 = CIRCLE ( 'NONE', #4290, 5.000000000000000000 ) ;
#1116 = VERTEX_POINT ( 'NONE', #1490 ) ;
#1117 = PLANE ( 'NONE',  #1466 ) ;
#1118 = ORIENTED_EDGE ( 'NONE', *, *, #2301, .T. ) ;
#1119 = FILL_AREA_STYLE ('',( #3733 ) ) ;
#1120 = AXIS2_PLACEMENT_3D ( 'NONE', #1626, #4629, #4331 ) ;
#1121 = CARTESIAN_POINT ( 'NONE',  ( 5.020290614649573158, 5.691139007125196159, 0.2265553011108394632 ) ) ;
#1122 = VERTEX_POINT ( 'NONE', #1396 ) ;
#1123 = CARTESIAN_POINT ( 'NONE',  ( 9.672091117137886365E-16, 2.520480547234075885, 5.025400000000000311 ) ) ;
#1124 = ADVANCED_FACE ( 'NONE', ( #2916 ), #767, .T. ) ;
#1125 = PRESENTATION_LAYER_ASSIGNMENT (  '', '', ( #1975 ) ) ;
#1126 = ADVANCED_FACE ( 'NONE', ( #1787 ), #1817, .T. ) ;
#1127 =( GEOMETRIC_REPRESENTATION_CONTEXT ( 3 ) GLOBAL_UNCERTAINTY_ASSIGNED_CONTEXT ( ( #855 ) ) GLOBAL_UNIT_ASSIGNED_CONTEXT ( ( #4402, #1013, #2813 ) ) REPRESENTATION_CONTEXT ( 'NONE', 'WORKASPACE' ) );
#1128 =( GEOMETRIC_REPRESENTATION_CONTEXT ( 3 ) GLOBAL_UNCERTAINTY_ASSIGNED_CONTEXT ( ( #59 ) ) GLOBAL_UNIT_ASSIGNED_CONTEXT ( ( #3185, #1757, #4710 ) ) REPRESENTATION_CONTEXT ( 'NONE', 'WORKASPACE' ) );
#1129 =( LENGTH_UNIT ( ) NAMED_UNIT ( * ) SI_UNIT ( .MILLI., .METRE. ) );
#1130 = EDGE_LOOP ( 'NONE', ( #518, #1151, #1406, #1158 ) ) ;
#1131 =( NAMED_UNIT ( * ) SI_UNIT ( $, .STERADIAN. ) SOLID_ANGLE_UNIT ( ) );
#1132 = CARTESIAN_POINT ( 'NONE',  ( -4.500000000000000888, 0.4999999999999981681, 0.0000000000000000000 ) ) ;
#1133 = CARTESIAN_POINT ( 'NONE',  ( 0.0000000000000000000, 12.92212896455523818, 0.0000000000000000000 ) ) ;
#1134 = EDGE_CURVE ( 'NONE', #3154, #3578, #3912, .T. ) ;
#1135 = SURFACE_SIDE_STYLE ('',( #4198 ) ) ;
#1136 = PRESENTATION_STYLE_ASSIGNMENT (( #4547 ) ) ;
#1137 = SURFACE_STYLE_FILL_AREA ( #3295 ) ;
#1138 = ORIENTED_EDGE ( 'NONE', *, *, #4595, .F. ) ;
#1139 = SURFACE_STYLE_USAGE ( .BOTH. , #4550 ) ;
#1140 = FACE_OUTER_BOUND ( 'NONE', #4214, .T. ) ;
#1141 = COLOUR_RGB ( '',0.0000000000000000000, 0.0000000000000000000, 0.7529411764705882248 ) ;
#1142 =( LENGTH_UNIT ( ) NAMED_UNIT ( * ) SI_UNIT ( .MILLI., .METRE. ) );
#1143 = ORIENTED_EDGE ( 'NONE', *, *, #464, .T. ) ;
#1144 = CARTESIAN_POINT ( 'NONE',  ( 0.0000000000000000000, 16.00000000000000000, 0.0000000000000000000 ) ) ;
#1145 = AXIS2_PLACEMENT_3D ( 'NONE', #2114, #652, #3274 ) ;
#1146 = DIRECTION ( 'NONE',  ( 1.000000000000000000, 1.225696218315258576E-16, 6.123233995736766036E-17 ) ) ;
#1147 = UNCERTAINTY_MEASURE_WITH_UNIT (LENGTH_MEASURE( 1.000000000000000082E-05 ), #3543, 'distance_accuracy_value', 'NONE');
#1148 = STYLED_ITEM ( 'NONE', ( #1136 ), #4283 ) ;
#1149 = EDGE_LOOP ( 'NONE', ( #2709, #610, #3233, #608, #3742, #1306, #665, #1237, #1459, #2826, #4493, #4817 ) ) ;
#1150 = EDGE_CURVE ( 'NONE', #1110, #516, #4860, .T. ) ;
#1151 = ORIENTED_EDGE ( 'NONE', *, *, #4388, .T. ) ;
#1152 = DIRECTION ( 'NONE',  ( 1.000000000000000000, -0.0000000000000000000, -0.0000000000000000000 ) ) ;
#1153 = UNCERTAINTY_MEASURE_WITH_UNIT (LENGTH_MEASURE( 1.000000000000000082E-05 ), #2708, 'distance_accuracy_value', 'NONE');
#1154 = FILL_AREA_STYLE ('',( #1853 ) ) ;
#1155 = ADVANCED_FACE ( 'NONE', ( #1081 ), #1103, .T. ) ;
#1156 =( LENGTH_UNIT ( ) NAMED_UNIT ( * ) SI_UNIT ( .MILLI., .METRE. ) );
#1157 = CARTESIAN_POINT ( 'NONE',  ( 4.327921037731158370E-16, 9.391139007125195448, 0.0000000000000000000 ) ) ;
#1158 = ORIENTED_EDGE ( 'NONE', *, *, #711, .T. ) ;
#1159 = CARTESIAN_POINT ( 'NONE',  ( -1.970924883378000203, 0.2499999999999994726, 0.8464212018544120530 ) ) ;
#1160 =( LENGTH_UNIT ( ) NAMED_UNIT ( * ) SI_UNIT ( .MILLI., .METRE. ) );
#1161 = UNCERTAINTY_MEASURE_WITH_UNIT (LENGTH_MEASURE( 1.000000000000000082E-05 ), #3126, 'distance_accuracy_value', 'NONE');
#1162 = CARTESIAN_POINT ( 'NONE',  ( 1.734723475976807094E-15, 1.826506484316722911, 0.0000000000000000000 ) ) ;
#1163 = DIRECTION ( 'NONE',  ( -1.225696218315258576E-16, 1.000000000000000000, -0.0000000000000000000 ) ) ;
#1164 = ORIENTED_EDGE ( 'NONE', *, *, #3461, .F. ) ;
#1165 = VERTEX_POINT ( 'NONE', #2352 ) ;
#1166 = FILL_AREA_STYLE ('',( #3784 ) ) ;
#1167 = EDGE_LOOP ( 'NONE', ( #2696, #1384, #930, #4173 ) ) ;
#1168 = SURFACE_STYLE_USAGE ( .BOTH. , #4246 ) ;
#1169 = DIRECTION ( 'NONE',  ( -1.000000000000000000, 0.0000000000000000000, 0.0000000000000000000 ) ) ;
#1170 = SURFACE_STYLE_USAGE ( .BOTH. , #1638 ) ;
#1171 = UNCERTAINTY_MEASURE_WITH_UNIT (LENGTH_MEASURE( 1.000000000000000082E-05 ), #4737, 'distance_accuracy_value', 'NONE');
#1172 = CARTESIAN_POINT ( 'NONE',  ( 0.0000000000000000000, 12.92212896455523818, 0.0000000000000000000 ) ) ;
#1173 = ORIENTED_EDGE ( 'NONE', *, *, #2419, .T. ) ;
#1174 = EDGE_CURVE ( 'NONE', #2940, #977, #3277, .T. ) ;
#1175 =( NAMED_UNIT ( * ) SI_UNIT ( $, .STERADIAN. ) SOLID_ANGLE_UNIT ( ) );
#1176 = CIRCLE ( 'NONE', #4832, 4.878287999999354696 ) ;
#1177 = STYLED_ITEM ( 'NONE', ( #997 ), #593 ) ;
#1178 =( LENGTH_UNIT ( ) NAMED_UNIT ( * ) SI_UNIT ( .MILLI., .METRE. ) );
#1179 = ADVANCED_FACE ( 'NONE', ( #2677 ), #4658, .T. ) ;
#1180 = CLOSED_SHELL ( 'NONE', ( #2264, #1573, #4655, #705, #3860, #891, #2876, #2232, #1779, #2506, #4230, #4802, #1657, #3128, #4748, #2629, #3246, #2442, #3675, #1697, #4674, #1723, #562, #259, #593, #1840, #3582, #3283, #1567, #1070, #4081, #3045, #2903, #4745, #1662, #3399, #2659, #3458, #2699, #1452, #2357, #835, #2726, #3828, #3120, #1059, #1502, #3713, #1179, #924, #1659, #2447, #1155, #4084, #3520, #3832, #1716, #2475, #380, #946, #4052, #4114, #2749, #3802, #4749, #2204, #4283, #1064, #1473 ) ) ;
#1181 = AXIS2_PLACEMENT_3D ( 'NONE', #966, #3767, #3837 ) ;
#1182 = DIRECTION ( 'NONE',  ( 1.000000000000000000, 1.225696218315258576E-16, -1.221441296278566376E-16 ) ) ;
#1183 = DIRECTION ( 'NONE',  ( 1.225696218315258576E-16, -1.000000000000000000, 0.0000000000000000000 ) ) ;
#1184 = EDGE_LOOP ( 'NONE', ( #298, #1841, #753, #3856 ) ) ;
#1185 = DIRECTION ( 'NONE',  ( 1.836970198721026236E-16, 1.827563712574823636E-15, -1.000000000000000000 ) ) ;
#1186 = CARTESIAN_POINT ( 'NONE',  ( 1.734723475976807094E-15, 1.132532421399370604, -5.000000000000000888 ) ) ;
#1187 = AXIS2_PLACEMENT_3D ( 'NONE', #567, #1340, #2058 ) ;
#1188 = COLOUR_RGB ( '',0.0000000000000000000, 0.0000000000000000000, 0.7529411764705882248 ) ;
#1189 = AXIS2_PLACEMENT_3D ( 'NONE', #4175, #860, #463 ) ;
#1190 = UNCERTAINTY_MEASURE_WITH_UNIT (LENGTH_MEASURE( 1.000000000000000082E-05 ), #605, 'distance_accuracy_value', 'NONE');
#1191 = UNCERTAINTY_MEASURE_WITH_UNIT (LENGTH_MEASURE( 1.000000000000000082E-05 ), #1678, 'distance_accuracy_value', 'NONE');
#1192 = ORIENTED_EDGE ( 'NONE', *, *, #2383, .T. ) ;
#1193 = CIRCLE ( 'NONE', #4394, 5.000000000000000888 ) ;
#1194 = COLOUR_RGB ( '',0.7529411764705882248, 0.7529411764705882248, 0.7529411764705882248 ) ;
#1195 = CARTESIAN_POINT ( 'NONE',  ( 5.023804620177153346, 6.591139007125195626, 0.1266187122296546508 ) ) ;
#1196 = CARTESIAN_POINT ( 'NONE',  ( 1.734723475976807094E-15, 1.826506484316722911, 0.0000000000000000000 ) ) ;
#1197 = CARTESIAN_POINT ( 'NONE',  ( 2.498660254037842421, 16.49500000000000099, -0.04866025403784563635 ) ) ;
#1198 = CIRCLE ( 'NONE', #4074, 0.5000000000000004441 ) ;
#1199 = DIRECTION ( 'NONE',  ( 1.000000000000000000, -1.225696218315258576E-16, -6.123233995736766036E-17 ) ) ;
#1200 = CARTESIAN_POINT ( 'NONE',  ( 0.04999999999999753253, 16.49000000000000199, -0.04000000000000000777 ) ) ;
#1201 = COLOUR_RGB ( '',0.0000000000000000000, 0.0000000000000000000, 0.7529411764705882248 ) ;
#1202 = DIRECTION ( 'NONE',  ( -1.225696218315258576E-16, 1.000000000000000000, -0.0000000000000000000 ) ) ;
#1203 = PRESENTATION_STYLE_ASSIGNMENT (( #3141 ) ) ;
#1204 = ORIENTED_EDGE ( 'NONE', *, *, #3103, .T. ) ;
#1205 = FILL_AREA_STYLE ('',( #1642 ) ) ;
#1206 = VECTOR ( 'NONE', #1274, 1000.000000000000000 ) ;
#1207 = SURFACE_STYLE_FILL_AREA ( #451 ) ;
#1208 = DIRECTION ( 'NONE',  ( -1.000000000000000000, -1.225696218315258576E-16, 1.221441296278566376E-16 ) ) ;
#1209 = UNCERTAINTY_MEASURE_WITH_UNIT (LENGTH_MEASURE( 1.000000000000000082E-05 ), #2542, 'distance_accuracy_value', 'NONE');
#1210 = EDGE_CURVE ( 'NONE', #2396, #2271, #2225, .T. ) ;
#1211 = VECTOR ( 'NONE', #2133, 1000.000000000000000 ) ;
#1212 =( NAMED_UNIT ( * ) PLANE_ANGLE_UNIT ( ) SI_UNIT ( $, .RADIAN. ) );
#1213 =( LENGTH_UNIT ( ) NAMED_UNIT ( * ) SI_UNIT ( .MILLI., .METRE. ) );
#1214 = ORIENTED_EDGE ( 'NONE', *, *, #2155, .F. ) ;
#1215 = FACE_OUTER_BOUND ( 'NONE', #2039, .T. ) ;
#1216 = FILL_AREA_STYLE ('',( #3102 ) ) ;
#1217 = DIRECTION ( 'NONE',  ( -1.225696218315258576E-16, 1.000000000000000000, -0.0000000000000000000 ) ) ;
#1218 =( BOUNDED_CURVE ( )  B_SPLINE_CURVE ( 3, ( #3033, #4531, #4555, #4112 ),
 .UNSPECIFIED., .F., .F. ) 
 B_SPLINE_CURVE_WITH_KNOTS ( ( 4, 4 ),
 ( 4.712388980384689674, 5.759586531581126323 ),
 .UNSPECIFIED. ) 
 CURVE ( )  GEOMETRIC_REPRESENTATION_ITEM ( )  RATIONAL_B_SPLINE_CURVE ( ( 1.000000000000000000, 0.9106836025229858578, 0.9106836025229858578, 1.000000000000000000 ) ) 
 REPRESENTATION_ITEM ( '' )  );
#1219 = EDGE_CURVE ( 'NONE', #3473, #3291, #338, .T. ) ;
#1220 = ORIENTED_EDGE ( 'NONE', *, *, #1634, .T. ) ;
#1221 =( NAMED_UNIT ( * ) PLANE_ANGLE_UNIT ( ) SI_UNIT ( $, .RADIAN. ) );
#1222 = EDGE_CURVE ( 'NONE', #2375, #2316, #3027, .T. ) ;
#1223 = VECTOR ( 'NONE', #4742, 1000.000000000000000 ) ;
#1224 = DIRECTION ( 'NONE',  ( -1.225696218315258576E-16, 1.000000000000000000, -0.0000000000000000000 ) ) ;
#1225 = CARTESIAN_POINT ( 'NONE',  ( 1.734723475976807094E-15, 1.826506484316722911, 0.0000000000000000000 ) ) ;
#1226 = VECTOR ( 'NONE', #2406, 1000.000000000000000 ) ;
#1227 = CARTESIAN_POINT ( 'NONE',  ( -2.490000000000001990, 16.49000000000000199, -0.03999999999999969552 ) ) ;
#1228 = ORIENTED_EDGE ( 'NONE', *, *, #1222, .T. ) ;
#1229 = DIRECTION ( 'NONE',  ( 0.0000000000000000000, -1.000000000000000000, 0.0000000000000000000 ) ) ;
#1230 = VERTEX_POINT ( 'NONE', #3865 ) ;
#1231 = FILL_AREA_STYLE_COLOUR ( '', #1141 ) ;
#1232 = PRESENTATION_LAYER_ASSIGNMENT (  '', '', ( #4496 ) ) ;
#1233 = DIRECTION ( 'NONE',  ( -1.225696218315258576E-16, 1.000000000000000000, -0.0000000000000000000 ) ) ;
#1234 = COLOUR_RGB ( '',0.0000000000000000000, 0.0000000000000000000, 0.7529411764705882248 ) ;
#1235 = CYLINDRICAL_SURFACE ( 'NONE', #3931, 1.000000000000000000 ) ;
#1236 = DIRECTION ( 'NONE',  ( 0.0000000000000000000, 0.0000000000000000000, 1.000000000000000000 ) ) ;
#1237 = ORIENTED_EDGE ( 'NONE', *, *, #3285, .T. ) ;
#1238 = MECHANICAL_DESIGN_GEOMETRIC_PRESENTATION_REPRESENTATION (  '', ( #2732 ), #852 ) ;
#1239 = FACE_OUTER_BOUND ( 'NONE', #572, .T. ) ;
#1240 = CYLINDRICAL_SURFACE ( 'NONE', #1008, 5.025400000000000311 ) ;
#1241 = UNCERTAINTY_MEASURE_WITH_UNIT (LENGTH_MEASURE( 1.000000000000000082E-05 ), #450, 'distance_accuracy_value', 'NONE');
#1242 = EDGE_LOOP ( 'NONE', ( #1402, #4866, #4750, #2515 ) ) ;
#1243 = LINE ( 'NONE', #4704, #376 ) ;
#1244 =( BOUNDED_CURVE ( )  B_SPLINE_CURVE ( 3, ( #657, #2894, #3298, #1472 ),
 .UNSPECIFIED., .F., .T. ) 
 B_SPLINE_CURVE_WITH_KNOTS ( ( 4, 4 ),
 ( 0.5235987755980797687, 1.570796326794895004 ),
 .UNSPECIFIED. ) 
 CURVE ( )  GEOMETRIC_REPRESENTATION_ITEM ( )  RATIONAL_B_SPLINE_CURVE ( ( 1.000000000000000000, 0.9106836025229227971, 0.9106836025229227971, 1.000000000000000000 ) ) 
 REPRESENTATION_ITEM ( '' )  );
#1245 = EDGE_CURVE ( 'NONE', #2735, #2940, #465, .T. ) ;
#1246 = EDGE_CURVE ( 'NONE', #1823, #541, #16, .T. ) ;
#1247 = DIRECTION ( 'NONE',  ( -1.000000000000000000, -1.370846089879613558E-16, 0.0000000000000000000 ) ) ;
#1248 = DIRECTION ( 'NONE',  ( -1.225696218315258576E-16, 1.000000000000000000, -0.0000000000000000000 ) ) ;
#1249 = CARTESIAN_POINT ( 'NONE',  ( -5.918162081802621842E-16, 2.520480547234076329, 4.499999999999785949 ) ) ;
#1250 = CARTESIAN_POINT ( 'NONE',  ( -2.018017371715800312, 0.2499999999999994726, 0.9312787012856003077 ) ) ;
#1251 = DIRECTION ( 'NONE',  ( 0.0000000000000000000, 0.0000000000000000000, 1.000000000000000000 ) ) ;
#1252 = CARTESIAN_POINT ( 'NONE',  ( -5.000000000000001776, 12.92212896455523818, 0.0000000000000000000 ) ) ;
#1253 = DIRECTION ( 'NONE',  ( 0.9996191968304722897, 0.0000000000000000000, -0.02759458874492218272 ) ) ;
#1254 = SURFACE_STYLE_FILL_AREA ( #2411 ) ;
#1255 = FACE_OUTER_BOUND ( 'NONE', #19, .T. ) ;
#1256 = DIRECTION ( 'NONE',  ( -1.000000000000000000, 0.0000000000000000000, 0.0000000000000000000 ) ) ;
#1257 = PRESENTATION_LAYER_ASSIGNMENT (  '', '', ( #3885 ) ) ;
#1258 =( NAMED_UNIT ( * ) PLANE_ANGLE_UNIT ( ) SI_UNIT ( $, .RADIAN. ) );
#1259 = FACE_OUTER_BOUND ( 'NONE', #2980, .T. ) ;
#1260 = ORIENTED_EDGE ( 'NONE', *, *, #1325, .T. ) ;
#1261 = CIRCLE ( 'NONE', #2118, 0.4746000000002141839 ) ;
#1262 = AXIS2_PLACEMENT_3D ( 'NONE', #529, #3471, #2794 ) ;
#1263 = PRESENTATION_STYLE_ASSIGNMENT (( #4724 ) ) ;
#1264 = MECHANICAL_DESIGN_GEOMETRIC_PRESENTATION_REPRESENTATION (  '', ( #954 ), #4758 ) ;
#1265 = FACE_OUTER_BOUND ( 'NONE', #3689, .T. ) ;
#1266 = ORIENTED_EDGE ( 'NONE', *, *, #983, .T. ) ;
#1267 = ORIENTED_EDGE ( 'NONE', *, *, #2025, .T. ) ;
#1268 = STYLED_ITEM ( 'NONE', ( #2563 ), #979 ) ;
#1269 =( GEOMETRIC_REPRESENTATION_CONTEXT ( 3 ) GLOBAL_UNCERTAINTY_ASSIGNED_CONTEXT ( ( #2327 ) ) GLOBAL_UNIT_ASSIGNED_CONTEXT ( ( #1449, #4121, #2628 ) ) REPRESENTATION_CONTEXT ( 'NONE', 'WORKASPACE' ) );
#1270 = EDGE_CURVE ( 'NONE', #343, #4259, #893, .T. ) ;
#1271 = DIRECTION ( 'NONE',  ( 1.225696218315257837E-16, -1.000000000000000000, 0.0000000000000000000 ) ) ;
#1272 =( LENGTH_UNIT ( ) NAMED_UNIT ( * ) SI_UNIT ( .MILLI., .METRE. ) );
#1273 = SURFACE_SIDE_STYLE ('',( #3161 ) ) ;
#1274 = DIRECTION ( 'NONE',  ( -3.061515884555943639E-16, -3.752488442012313821E-32, -1.000000000000000000 ) ) ;
#1275 = AXIS2_PLACEMENT_3D ( 'NONE', #2451, #4340, #4022 ) ;
#1276 = FACE_OUTER_BOUND ( 'NONE', #833, .T. ) ;
#1277 = DIRECTION ( 'NONE',  ( -1.225696218315258576E-16, 1.000000000000000000, -0.0000000000000000000 ) ) ;
#1278 = EDGE_CURVE ( 'NONE', #3073, #1792, #133, .T. ) ;
#1279 = CARTESIAN_POINT ( 'NONE',  ( 2.007754434547895261, 0.4999999999999998890, -0.9793389622510592085 ) ) ;
#1280 = VECTOR ( 'NONE', #108, 1000.000000000000000 ) ;
#1281 = SURFACE_STYLE_FILL_AREA ( #2068 ) ;
#1282 = CIRCLE ( 'NONE', #1049, 0.4746000000002141839 ) ;
#1283 = SURFACE_STYLE_USAGE ( .BOTH. , #2743 ) ;
#1284 = FILL_AREA_STYLE ('',( #1673 ) ) ;
#1285 = ORIENTED_EDGE ( 'NONE', *, *, #3707, .T. ) ;
#1286 = PRESENTATION_STYLE_ASSIGNMENT (( #4698 ) ) ;
#1287 = LINE ( 'NONE', #124, #166 ) ;
#1288 = CIRCLE ( 'NONE', #4707, 2.232151649782863512 ) ;
#1289 = DIRECTION ( 'NONE',  ( -1.000000000000000000, -1.084202172485504434E-16, 0.0000000000000000000 ) ) ;
#1290 = EDGE_LOOP ( 'NONE', ( #3041, #3199, #596, #3300 ) ) ;
#1291 = DIRECTION ( 'NONE',  ( -1.225696218315258576E-16, 1.000000000000000000, -0.0000000000000000000 ) ) ;
#1292 = EDGE_LOOP ( 'NONE', ( #3728, #1496, #2715, #4043 ) ) ;
#1293 = ORIENTED_EDGE ( 'NONE', *, *, #4326, .F. ) ;
#1294 = SURFACE_STYLE_USAGE ( .BOTH. , #2497 ) ;
#1295 = CARTESIAN_POINT ( 'NONE',  ( 0.04866025403784147302, 16.49500000000000099, -0.04866025403784372816 ) ) ;
#1296 =( GEOMETRIC_REPRESENTATION_CONTEXT ( 3 ) GLOBAL_UNCERTAINTY_ASSIGNED_CONTEXT ( ( #14 ) ) GLOBAL_UNIT_ASSIGNED_CONTEXT ( ( #140, #2170, #3318 ) ) REPRESENTATION_CONTEXT ( 'NONE', 'WORKASPACE' ) );
#1297 = EDGE_CURVE ( 'NONE', #3431, #1122, #1505, .T. ) ;
#1298 = AXIS2_PLACEMENT_3D ( 'NONE', #89, #62, #3464 ) ;
#1299 = SURFACE_STYLE_FILL_AREA ( #4714 ) ;
#1300 = SURFACE_STYLE_FILL_AREA ( #525 ) ;
#1301 = LINE ( 'NONE', #866, #758 ) ;
#1302 = EDGE_CURVE ( 'NONE', #634, #4872, #1441, .T. ) ;
#1303 = DIRECTION ( 'NONE',  ( 1.000000000000000000, 1.225696218315258576E-16, 1.836970198721029688E-16 ) ) ;
#1304 = EDGE_CURVE ( 'NONE', #146, #3363, #1590, .T. ) ;
#1305 =( LENGTH_UNIT ( ) NAMED_UNIT ( * ) SI_UNIT ( .MILLI., .METRE. ) );
#1306 = ORIENTED_EDGE ( 'NONE', *, *, #1429, .T. ) ;
#1307 = SURFACE_STYLE_FILL_AREA ( #4454 ) ;
#1308 = AXIS2_PLACEMENT_3D ( 'NONE', #3202, #876, #2073 ) ;
#1309 = DIRECTION ( 'NONE',  ( -1.000000000000000000, -8.673617379884035472E-17, 0.0000000000000000000 ) ) ;
#1310 = SURFACE_STYLE_USAGE ( .BOTH. , #1965 ) ;
#1311 =( NAMED_UNIT ( * ) PLANE_ANGLE_UNIT ( ) SI_UNIT ( $, .RADIAN. ) );
#1312 = ORIENTED_EDGE ( 'NONE', *, *, #647, .F. ) ;
#1313 = STYLED_ITEM ( 'NONE', ( #1631 ), #2264 ) ;
#1314 = FACE_OUTER_BOUND ( 'NONE', #4170, .T. ) ;
#1315 = VERTEX_POINT ( 'NONE', #1368 ) ;
#1316 = FACE_OUTER_BOUND ( 'NONE', #284, .T. ) ;
#1317 = FILL_AREA_STYLE_COLOUR ( '', #3738 ) ;
#1318 =( NAMED_UNIT ( * ) PLANE_ANGLE_UNIT ( ) SI_UNIT ( $, .RADIAN. ) );
#1319 = LINE ( 'NONE', #595, #2788 ) ;
#1320 = FILL_AREA_STYLE_COLOUR ( '', #728 ) ;
#1321 = FILL_AREA_STYLE ('',( #1617 ) ) ;
#1322 = PRESENTATION_STYLE_ASSIGNMENT (( #4789 ) ) ;
#1323 = FILL_AREA_STYLE_COLOUR ( '', #1661 ) ;
#1324 = FACE_OUTER_BOUND ( 'NONE', #2074, .T. ) ;
#1325 = EDGE_CURVE ( 'NONE', #3123, #644, #594, .T. ) ;
#1326 = DIRECTION ( 'NONE',  ( 1.836970198721029934E-16, 0.0000000000000000000, -1.000000000000000000 ) ) ;
#1327 = DIRECTION ( 'NONE',  ( 3.061515884555943639E-16, 3.752488442012314369E-32, 1.000000000000000000 ) ) ;
#1328 = VERTEX_POINT ( 'NONE', #934 ) ;
#1329 =( GEOMETRIC_REPRESENTATION_CONTEXT ( 3 ) GLOBAL_UNCERTAINTY_ASSIGNED_CONTEXT ( ( #3077 ) ) GLOBAL_UNIT_ASSIGNED_CONTEXT ( ( #4754, #1778, #3998 ) ) REPRESENTATION_CONTEXT ( 'NONE', 'WORKASPACE' ) );
#1330 = ORIENTED_EDGE ( 'NONE', *, *, #998, .T. ) ;
#1331 = STYLED_ITEM ( 'NONE', ( #607 ), #1567 ) ;
#1332 = TOROIDAL_SURFACE ( 'NONE', #4130, 4.499999999999786837, 0.5254000000002140291 ) ;
#1333 = VERTEX_POINT ( 'NONE', #2476 ) ;
#1334 = EDGE_CURVE ( 'NONE', #3229, #3509, #1341, .T. ) ;
#1335 = MECHANICAL_DESIGN_GEOMETRIC_PRESENTATION_REPRESENTATION (  '', ( #4830 ), #3808 ) ;
#1336 = AXIS2_PLACEMENT_3D ( 'NONE', #990, #4347, #2435 ) ;
#1337 = CARTESIAN_POINT ( 'NONE',  ( 0.0000000000000000000, 12.92212896455523818, 0.0000000000000000000 ) ) ;
#1338 = AXIS2_PLACEMENT_3D ( 'NONE', #4618, #3143, #1543 ) ;
#1339 = CIRCLE ( 'NONE', #878, 5.025400000000000311 ) ;
#1340 = DIRECTION ( 'NONE',  ( 1.225696218315258576E-16, -1.000000000000000000, 0.0000000000000000000 ) ) ;
#1341 = CIRCLE ( 'NONE', #3340, 0.5000000000000004441 ) ;
#1342 = VECTOR ( 'NONE', #3016, 1000.000000000000000 ) ;
#1343 = CARTESIAN_POINT ( 'NONE',  ( -0.05000000000000156403, 16.50000000000000000, 2.507320508075689069 ) ) ;
#1344 = VERTEX_POINT ( 'NONE', #3970 ) ;
#1345 = AXIS2_PLACEMENT_3D ( 'NONE', #4353, #2440, #3987 ) ;
#1346 = DIRECTION ( 'NONE',  ( 1.000000000000000000, -1.225696218315258576E-16, 0.0000000000000000000 ) ) ;
#1347 = SURFACE_STYLE_FILL_AREA ( #2008 ) ;
#1348 = CARTESIAN_POINT ( 'NONE',  ( 1.734723475976807094E-15, 1.132532421399369937, 0.0000000000000000000 ) ) ;
#1349 =( NAMED_UNIT ( * ) SI_UNIT ( $, .STERADIAN. ) SOLID_ANGLE_UNIT ( ) );
#1350 = DIRECTION ( 'NONE',  ( 0.0000000000000000000, 0.0000000000000000000, -1.000000000000000000 ) ) ;
#1351 = CARTESIAN_POINT ( 'NONE',  ( 0.0000000000000000000, 16.50000000000000000, -4.500000000000000000 ) ) ;
#1352 =( NAMED_UNIT ( * ) SI_UNIT ( $, .STERADIAN. ) SOLID_ANGLE_UNIT ( ) );
#1353 = ORIENTED_EDGE ( 'NONE', *, *, #3744, .F. ) ;
#1354 = SURFACE_SIDE_STYLE ('',( #655 ) ) ;
#1355 = AXIS2_PLACEMENT_3D ( 'NONE', #2454, #3312, #294 ) ;
#1356 = CIRCLE ( 'NONE', #2062, 0.5000000000000004441 ) ;
#1357 = SURFACE_STYLE_FILL_AREA ( #3362 ) ;
#1358 = EDGE_CURVE ( 'NONE', #2868, #703, #3529, .T. ) ;
#1359 = CIRCLE ( 'NONE', #1446, 4.500000000000000000 ) ;
#1360 = DIRECTION ( 'NONE',  ( -1.225696218315258576E-16, 1.000000000000000000, -0.0000000000000000000 ) ) ;
#1361 = ORIENTED_EDGE ( 'NONE', *, *, #1069, .F. ) ;
#1362 = CARTESIAN_POINT ( 'NONE',  ( -1.459177946168652419E-15, 0.9999999999999995559, 4.500000000000002665 ) ) ;
#1363 = EDGE_LOOP ( 'NONE', ( #3666, #1577, #1370, #4856 ) ) ;
#1364 = VECTOR ( 'NONE', #1789, 1000.000000000000000 ) ;
#1365 = EDGE_CURVE ( 'NONE', #2900, #2116, #2610, .T. ) ;
#1366 = EDGE_CURVE ( 'NONE', #687, #553, #4002, .T. ) ;
#1367 =( LENGTH_UNIT ( ) NAMED_UNIT ( * ) SI_UNIT ( .MILLI., .METRE. ) );
#1368 = CARTESIAN_POINT ( 'NONE',  ( 4.488363120374365043E-16, 2.520480547234075885, -5.000000000000000000 ) ) ;
#1369 =( BOUNDED_CURVE ( )  B_SPLINE_CURVE ( 3, ( #1038, #2091, #1790, #2462 ),
 .UNSPECIFIED., .F., .T. ) 
 B_SPLINE_CURVE_WITH_KNOTS ( ( 4, 4 ),
 ( 4.712388980384689674, 5.759586531581128099 ),
 .UNSPECIFIED. ) 
 CURVE ( )  GEOMETRIC_REPRESENTATION_ITEM ( )  RATIONAL_B_SPLINE_CURVE ( ( 1.000000000000000000, 0.9106836025229855247, 0.9106836025229855247, 1.000000000000000000 ) ) 
 REPRESENTATION_ITEM ( '' )  );
#1370 = ORIENTED_EDGE ( 'NONE', *, *, #1278, .F. ) ;
#1371 = FACE_OUTER_BOUND ( 'NONE', #1432, .T. ) ;
#1372 =( NAMED_UNIT ( * ) PLANE_ANGLE_UNIT ( ) SI_UNIT ( $, .RADIAN. ) );
#1373 = PRESENTATION_STYLE_ASSIGNMENT (( #3350 ) ) ;
#1374 = SURFACE_STYLE_FILL_AREA ( #3616 ) ;
#1375 =( LENGTH_UNIT ( ) NAMED_UNIT ( * ) SI_UNIT ( .MILLI., .METRE. ) );
#1376 = AXIS2_PLACEMENT_3D ( 'NONE', #120, #4666, #922 ) ;
#1377 = DIRECTION ( 'NONE',  ( 0.0000000000000000000, 0.0000000000000000000, 1.000000000000000000 ) ) ;
#1378 = DIRECTION ( 'NONE',  ( 1.000000000000000000, -0.0000000000000000000, -0.0000000000000000000 ) ) ;
#1379 = ORIENTED_EDGE ( 'NONE', *, *, #4824, .F. ) ;
#1380 =( LENGTH_UNIT ( ) NAMED_UNIT ( * ) SI_UNIT ( .MILLI., .METRE. ) );
#1381 = CARTESIAN_POINT ( 'NONE',  ( 1.734723475976807094E-15, 0.9999999999999995559, 0.0000000000000000000 ) ) ;
#1382 =( LENGTH_UNIT ( ) NAMED_UNIT ( * ) SI_UNIT ( .MILLI., .METRE. ) );
#1383 =( LENGTH_UNIT ( ) NAMED_UNIT ( * ) SI_UNIT ( .MILLI., .METRE. ) );
#1384 = ORIENTED_EDGE ( 'NONE', *, *, #2816, .T. ) ;
#1385 = CARTESIAN_POINT ( 'NONE',  ( 2.500000000000000000, 0.5000000000000000000, 0.2978462075425261091 ) ) ;
#1386 = ORIENTED_EDGE ( 'NONE', *, *, #3355, .F. ) ;
#1387 = PRESENTATION_LAYER_ASSIGNMENT (  '', '', ( #3530 ) ) ;
#1388 = STYLED_ITEM ( 'NONE', ( #4907 ), #3713 ) ;
#1389 = CARTESIAN_POINT ( 'NONE',  ( 5.023804620177153346, 2.991139007125195093, 0.1266187122296512091 ) ) ;
#1390 = EDGE_CURVE ( 'NONE', #4012, #379, #4607, .T. ) ;
#1391 = FACE_OUTER_BOUND ( 'NONE', #2643, .T. ) ;
#1392 = AXIS2_PLACEMENT_3D ( 'NONE', #2615, #1936, #359 ) ;
#1393 = ORIENTED_EDGE ( 'NONE', *, *, #1781, .F. ) ;
#1394 = DIRECTION ( 'NONE',  ( 1.000000000000000000, 0.0000000000000000000, 0.0000000000000000000 ) ) ;
#1395 = FILL_AREA_STYLE ('',( #4858 ) ) ;
#1396 = CARTESIAN_POINT ( 'NONE',  ( 5.019732501002773795, 8.491139007125196869, -0.2386017149486681366 ) ) ;
#1397 =( GEOMETRIC_REPRESENTATION_CONTEXT ( 3 ) GLOBAL_UNCERTAINTY_ASSIGNED_CONTEXT ( ( #3447 ) ) GLOBAL_UNIT_ASSIGNED_CONTEXT ( ( #3522, #3501, #102 ) ) REPRESENTATION_CONTEXT ( 'NONE', 'WORKASPACE' ) );
#1398 = SURFACE_SIDE_STYLE ('',( #2481 ) ) ;
#1399 = DIRECTION ( 'NONE',  ( -1.000000000000000000, -1.225696218315258576E-16, 0.0000000000000000000 ) ) ;
#1400 = CARTESIAN_POINT ( 'NONE',  ( 2.007974264412113463, 0.4999999999999998890, 0.9749565842061885812 ) ) ;
#1401 = SURFACE_STYLE_USAGE ( .BOTH. , #2613 ) ;
#1402 = ORIENTED_EDGE ( 'NONE', *, *, #1219, .T. ) ;
#1403 = SURFACE_STYLE_USAGE ( .BOTH. , #1354 ) ;
#1404 = DIRECTION ( 'NONE',  ( 1.000000000000000000, 1.084202172485723959E-16, 0.0000000000000000000 ) ) ;
#1405 = DIRECTION ( 'NONE',  ( 1.225696218315258576E-16, -1.000000000000000000, 0.0000000000000000000 ) ) ;
#1406 = ORIENTED_EDGE ( 'NONE', *, *, #2214, .F. ) ;
#1407 = ORIENTED_EDGE ( 'NONE', *, *, #3130, .T. ) ;
#1408 = PRESENTATION_LAYER_ASSIGNMENT (  '', '', ( #4825 ) ) ;
#1409 = PRESENTATION_LAYER_ASSIGNMENT (  '', '', ( #4903 ) ) ;
#1410 = ORIENTED_EDGE ( 'NONE', *, *, #2181, .T. ) ;
#1411 = AXIS2_PLACEMENT_3D ( 'NONE', #757, #1405, #4182 ) ;
#1412 = MECHANICAL_DESIGN_GEOMETRIC_PRESENTATION_REPRESENTATION (  '', ( #2926 ), #319 ) ;
#1413 = PRESENTATION_LAYER_ASSIGNMENT (  '', '', ( #1556 ) ) ;
#1414 = SURFACE_STYLE_FILL_AREA ( #310 ) ;
#1415 = PRESENTATION_LAYER_ASSIGNMENT (  '', '', ( #1805 ) ) ;
#1416 = CIRCLE ( 'NONE', #2279, 0.5000000000002138290 ) ;
#1417 =( GEOMETRIC_REPRESENTATION_CONTEXT ( 3 ) GLOBAL_UNCERTAINTY_ASSIGNED_CONTEXT ( ( #1969 ) ) GLOBAL_UNIT_ASSIGNED_CONTEXT ( ( #4645, #1212, #3448 ) ) REPRESENTATION_CONTEXT ( 'NONE', 'WORKASPACE' ) );
#1418 = EDGE_CURVE ( 'NONE', #1315, #1328, #4395, .T. ) ;
#1419 = COLOUR_RGB ( '',0.7529411764705882248, 0.7529411764705882248, 0.7529411764705882248 ) ;
#1420 = ORIENTED_EDGE ( 'NONE', *, *, #2722, .T. ) ;
#1421 = CARTESIAN_POINT ( 'NONE',  ( -2.507320508075691290, 16.50000000000000000, 0.05732050807568932205 ) ) ;
#1422 = SURFACE_SIDE_STYLE ('',( #2968 ) ) ;
#1423 = PRESENTATION_STYLE_ASSIGNMENT (( #316 ) ) ;
#1424 = FILL_AREA_STYLE_COLOUR ( '', #1911 ) ;
#1425 = COLOUR_RGB ( '',0.7529411764705882248, 0.7529411764705882248, 0.7529411764705882248 ) ;
#1426 = DIRECTION ( 'NONE',  ( 0.0000000000000000000, -1.000000000000000000, 0.0000000000000000000 ) ) ;
#1427 = AXIS2_PLACEMENT_3D ( 'NONE', #1225, #3839, #557 ) ;
#1428 = EDGE_CURVE ( 'NONE', #2509, #379, #962, .T. ) ;
#1429 = EDGE_CURVE ( 'NONE', #2986, #1610, #2004, .T. ) ;
#1430 = CARTESIAN_POINT ( 'NONE',  ( -2.500000000000000000, 0.2499999999999993616, -0.002153792457473946171 ) ) ;
#1431 = LINE ( 'NONE', #1791, #2381 ) ;
#1432 = EDGE_LOOP ( 'NONE', ( #3444, #3369, #2685, #1457 ) ) ;
#1433 = FILL_AREA_STYLE ('',( #3359 ) ) ;
#1434 = SURFACE_SIDE_STYLE ('',( #971 ) ) ;
#1435 = CIRCLE ( 'NONE', #253, 0.5254000000002139181 ) ;
#1436 = SURFACE_STYLE_USAGE ( .BOTH. , #2543 ) ;
#1437 = ORIENTED_EDGE ( 'NONE', *, *, #2877, .F. ) ;
#1438 = DIRECTION ( 'NONE',  ( 0.0000000000000000000, 1.734723475976062213E-15, 1.000000000000000000 ) ) ;
#1439 = VERTEX_POINT ( 'NONE', #3635 ) ;
#1440 = DIRECTION ( 'NONE',  ( -1.225696218315258576E-16, -1.000000000000000000, -0.0000000000000000000 ) ) ;
#1441 = CIRCLE ( 'NONE', #4306, 1.000000000000000000 ) ;
#1442 = VECTOR ( 'NONE', #784, 1000.000000000000000 ) ;
#1443 = ORIENTED_EDGE ( 'NONE', *, *, #2084, .F. ) ;
#1444 = FILL_AREA_STYLE_COLOUR ( '', #2761 ) ;
#1445 = SURFACE_STYLE_USAGE ( .BOTH. , #2321 ) ;
#1446 = AXIS2_PLACEMENT_3D ( 'NONE', #1000, #615, #933 ) ;
#1447 = MECHANICAL_DESIGN_GEOMETRIC_PRESENTATION_REPRESENTATION (  '', ( #3432 ), #1599 ) ;
#1448 = ORIENTED_EDGE ( 'NONE', *, *, #1864, .F. ) ;
#1449 =( LENGTH_UNIT ( ) NAMED_UNIT ( * ) SI_UNIT ( .MILLI., .METRE. ) );
#1450 =( LENGTH_UNIT ( ) NAMED_UNIT ( * ) SI_UNIT ( .MILLI., .METRE. ) );
#1451 = DIRECTION ( 'NONE',  ( -1.225696218315258576E-16, 1.000000000000000000, -0.0000000000000000000 ) ) ;
#1452 = ADVANCED_FACE ( 'NONE', ( #235 ), #2879, .F. ) ;
#1453 = DIRECTION ( 'NONE',  ( -1.225696218315258576E-16, 1.000000000000000000, -0.0000000000000000000 ) ) ;
#1454 =( GEOMETRIC_REPRESENTATION_CONTEXT ( 3 ) GLOBAL_UNCERTAINTY_ASSIGNED_CONTEXT ( ( #374 ) ) GLOBAL_UNIT_ASSIGNED_CONTEXT ( ( #1060, #3646, #2483 ) ) REPRESENTATION_CONTEXT ( 'NONE', 'WORKASPACE' ) );
#1455 = ORIENTED_EDGE ( 'NONE', *, *, #352, .F. ) ;
#1456 =( NAMED_UNIT ( * ) SI_UNIT ( $, .STERADIAN. ) SOLID_ANGLE_UNIT ( ) );
#1457 = ORIENTED_EDGE ( 'NONE', *, *, #1482, .F. ) ;
#1458 = AXIS2_PLACEMENT_3D ( 'NONE', #4508, #4067, #568 ) ;
#1459 = ORIENTED_EDGE ( 'NONE', *, *, #4685, .T. ) ;
#1460 =( NAMED_UNIT ( * ) PLANE_ANGLE_UNIT ( ) SI_UNIT ( $, .RADIAN. ) );
#1461 = PLANE ( 'NONE',  #715 ) ;
#1462 = COLOUR_RGB ( '',0.0000000000000000000, 0.0000000000000000000, 0.7529411764705882248 ) ;
#1463 =( GEOMETRIC_REPRESENTATION_CONTEXT ( 3 ) GLOBAL_UNCERTAINTY_ASSIGNED_CONTEXT ( ( #1191 ) ) GLOBAL_UNIT_ASSIGNED_CONTEXT ( ( #1678, #2820, #4816 ) ) REPRESENTATION_CONTEXT ( 'NONE', 'WORKASPACE' ) );
#1464 = MECHANICAL_DESIGN_GEOMETRIC_PRESENTATION_REPRESENTATION (  '', ( #1703 ), #3215 ) ;
#1465 = VERTEX_POINT ( 'NONE', #4512 ) ;
#1466 = AXIS2_PLACEMENT_3D ( 'NONE', #2664, #869, #456 ) ;
#1467 = DIRECTION ( 'NONE',  ( -1.000000000000000000, -1.225696218315258576E-16, -0.0000000000000000000 ) ) ;
#1468 = FACE_BOUND ( 'NONE', #2955, .T. ) ;
#1469 = CIRCLE ( 'NONE', #4581, 0.5000000000002138290 ) ;
#1470 = SURFACE_STYLE_FILL_AREA ( #2972 ) ;
#1471 =( LENGTH_UNIT ( ) NAMED_UNIT ( * ) SI_UNIT ( .MILLI., .METRE. ) );
#1472 = CARTESIAN_POINT ( 'NONE',  ( 0.05732050807568667139, 16.50000000000000000, -0.05732050807568902367 ) ) ;
#1473 = ADVANCED_FACE ( 'NONE', ( #4144 ), #1461, .F. ) ;
#1474 = CARTESIAN_POINT ( 'NONE',  ( 1.734723475976807094E-15, 1.826506484316722911, 5.219999999998981011 ) ) ;
#1475 = EDGE_LOOP ( 'NONE', ( #3783, #1017, #469, #2032, #1970, #1942, #3595, #3883, #1523, #1639, #4873 ) ) ;
#1476 = SURFACE_SIDE_STYLE ('',( #363 ) ) ;
#1477 = ORIENTED_EDGE ( 'NONE', *, *, #4326, .T. ) ;
#1478 = DIRECTION ( 'NONE',  ( -1.000000000000000000, -1.338521200599557792E-16, 0.0000000000000000000 ) ) ;
#1479 = FILL_AREA_STYLE_COLOUR ( '', #3853 ) ;
#1480 = ORIENTED_EDGE ( 'NONE', *, *, #2330, .F. ) ;
#1481 = SURFACE_SIDE_STYLE ('',( #2594 ) ) ;
#1482 = EDGE_CURVE ( 'NONE', #1913, #4521, #3163, .T. ) ;
#1483 = PRESENTATION_STYLE_ASSIGNMENT (( #370 ) ) ;
#1484 = VERTEX_POINT ( 'NONE', #4491 ) ;
#1486 = COLOUR_RGB ( '',0.7529411764705882248, 0.7529411764705882248, 0.7529411764705882248 ) ;
#1485 = DIRECTION ( 'NONE',  ( 1.000000000000000000, -1.225696218315258576E-16, -1.836970198721029688E-16 ) ) ;
#1487 = CIRCLE ( 'NONE', #3806, 4.859999999999383924 ) ;
#1488 = CARTESIAN_POINT ( 'NONE',  ( 0.0000000000000000000, 12.92212896455523818, 0.0000000000000000000 ) ) ;
#1489 = AXIS2_PLACEMENT_3D ( 'NONE', #4296, #3614, #4006 ) ;
#1490 = CARTESIAN_POINT ( 'NONE',  ( 1.970796952063498253, 0.4999999999999998890, -0.8506490099185457510 ) ) ;
#1491 = PRESENTATION_LAYER_ASSIGNMENT (  '', '', ( #1877 ) ) ;
#1492 =( NAMED_UNIT ( * ) PLANE_ANGLE_UNIT ( ) SI_UNIT ( $, .RADIAN. ) );
#1493 =( GEOMETRIC_REPRESENTATION_CONTEXT ( 3 ) GLOBAL_UNCERTAINTY_ASSIGNED_CONTEXT ( ( #4578 ) ) GLOBAL_UNIT_ASSIGNED_CONTEXT ( ( #1096, #31, #4191 ) ) REPRESENTATION_CONTEXT ( 'NONE', 'WORKASPACE' ) );
#1494 = AXIS2_PLACEMENT_3D ( 'NONE', #163, #242, #938 ) ;
#1495 = CARTESIAN_POINT ( 'NONE',  ( 1.734723475976807094E-15, 1.132532421399369937, 0.0000000000000000000 ) ) ;
#1496 = ORIENTED_EDGE ( 'NONE', *, *, #4151, .T. ) ;
#1497 = SURFACE_STYLE_FILL_AREA ( #4906 ) ;
#1498 = DIRECTION ( 'NONE',  ( -1.000000000000000000, 0.0000000000000000000, 0.0000000000000000000 ) ) ;
#1499 = VERTEX_POINT ( 'NONE', #2962 ) ;
#1500 = CARTESIAN_POINT ( 'NONE',  ( 1.274926112935544208E-15, 2.520480547234075885, 0.0000000000000000000 ) ) ;
#1501 = CIRCLE ( 'NONE', #2848, 5.000000000000000000 ) ;
#1502 = ADVANCED_FACE ( 'NONE', ( #3310 ), #1758, .T. ) ;
#1503 = PRESENTATION_STYLE_ASSIGNMENT (( #4534 ) ) ;
#1504 = ORIENTED_EDGE ( 'NONE', *, *, #3434, .T. ) ;
#1505 = CIRCLE ( 'NONE', #1275, 5.025400000000000311 ) ;
#1506 = EDGE_CURVE ( 'NONE', #1882, #3877, #2120, .T. ) ;
#1507 = PRESENTATION_LAYER_ASSIGNMENT (  '', '', ( #3665 ) ) ;
#1508 = EDGE_CURVE ( 'NONE', #2106, #675, #2929, .T. ) ;
#1509 = COLOUR_RGB ( '',0.0000000000000000000, 0.0000000000000000000, 0.7529411764705882248 ) ;
#1510 = ORIENTED_EDGE ( 'NONE', *, *, #4352, .F. ) ;
#1511 = CARTESIAN_POINT ( 'NONE',  ( -1.693998327412827735E-15, 2.520480547234076329, -4.499999999999785949 ) ) ;
#1512 = DIRECTION ( 'NONE',  ( -1.225696218315258576E-16, 1.000000000000000000, -0.0000000000000000000 ) ) ;
#1513 = STYLED_ITEM ( 'NONE', ( #546 ), #3399 ) ;
#1514 = PRODUCT_DEFINITION_FORMATION_WITH_SPECIFIED_SOURCE ( 'ANY', '', #1990, .NOT_KNOWN. ) ;
#1515 = SURFACE_SIDE_STYLE ('',( #1470 ) ) ;
#1516 = DIRECTION ( 'NONE',  ( -1.225696218315258576E-16, 1.000000000000000000, -0.0000000000000000000 ) ) ;
#1517 = VERTEX_POINT ( 'NONE', #4384 ) ;
#1518 =( NAMED_UNIT ( * ) SI_UNIT ( $, .STERADIAN. ) SOLID_ANGLE_UNIT ( ) );
#1519 = CARTESIAN_POINT ( 'NONE',  ( 2.489999999999997993, 16.49000000000000199, 0.03999999999999969552 ) ) ;
#1520 = DIRECTION ( 'NONE',  ( 3.061515884555943639E-16, 3.752488442012313821E-32, 1.000000000000000000 ) ) ;
#1521 = DIRECTION ( 'NONE',  ( 1.000000000000000000, -1.225696218315258576E-16, -1.836970198721029688E-16 ) ) ;
#1522 = PRESENTATION_STYLE_ASSIGNMENT (( #3799 ) ) ;
#1523 = ORIENTED_EDGE ( 'NONE', *, *, #748, .T. ) ;
#1524 =( LENGTH_UNIT ( ) NAMED_UNIT ( * ) SI_UNIT ( .MILLI., .METRE. ) );
#1525 = PRESENTATION_LAYER_ASSIGNMENT (  '', '', ( #4016 ) ) ;
#1526 = CARTESIAN_POINT ( 'NONE',  ( -1.918017371715800445, 0.4999999999999994449, 0.9312787012856003077 ) ) ;
#1527 = UNCERTAINTY_MEASURE_WITH_UNIT (LENGTH_MEASURE( 1.000000000000000082E-05 ), #3536, 'distance_accuracy_value', 'NONE');
#1528 = UNCERTAINTY_MEASURE_WITH_UNIT (LENGTH_MEASURE( 1.000000000000000082E-05 ), #4264, 'distance_accuracy_value', 'NONE');
#1529 = ORIENTED_EDGE ( 'NONE', *, *, #2783, .F. ) ;
#1530 = STYLED_ITEM ( 'NONE', ( #685 ), #2903 ) ;
#1531 = EDGE_CURVE ( 'NONE', #2316, #2375, #1873, .T. ) ;
#1532 = FILL_AREA_STYLE_COLOUR ( '', #1732 ) ;
#1533 = ORIENTED_EDGE ( 'NONE', *, *, #2498, .T. ) ;
#1534 = CARTESIAN_POINT ( 'NONE',  ( -2.007974264412017984, 0.4999999999999994449, 0.9749565842063789844 ) ) ;
#1535 = MECHANICAL_DESIGN_GEOMETRIC_PRESENTATION_REPRESENTATION (  '', ( #1530 ), #41 ) ;
#1536 = SURFACE_STYLE_USAGE ( .BOTH. , #3111 ) ;
#1537 = UNCERTAINTY_MEASURE_WITH_UNIT (LENGTH_MEASURE( 1.000000000000000082E-05 ), #2607, 'distance_accuracy_value', 'NONE');
#1538 = SURFACE_STYLE_USAGE ( .BOTH. , #4565 ) ;
#1539 = CIRCLE ( 'NONE', #3780, 5.000000000000002665 ) ;
#1540 = SURFACE_SIDE_STYLE ('',( #4268 ) ) ;
#1541 = LINE ( 'NONE', #3819, #2798 ) ;
#1542 = ORIENTED_EDGE ( 'NONE', *, *, #2025, .F. ) ;
#1543 = DIRECTION ( 'NONE',  ( -1.000000000000000000, -1.225696218315258576E-16, 0.0000000000000000000 ) ) ;
#1544 =( NAMED_UNIT ( * ) PLANE_ANGLE_UNIT ( ) SI_UNIT ( $, .RADIAN. ) );
#1545 = SURFACE_STYLE_USAGE ( .BOTH. , #4129 ) ;
#1546 = UNCERTAINTY_MEASURE_WITH_UNIT (LENGTH_MEASURE( 1.000000000000000082E-05 ), #3196, 'distance_accuracy_value', 'NONE');
#1547 = SURFACE_SIDE_STYLE ('',( #4302 ) ) ;
#1548 = DIRECTION ( 'NONE',  ( 0.0000000000000000000, -5.204170427928195907E-15, 1.000000000000000000 ) ) ;
#1549 = ORIENTED_EDGE ( 'NONE', *, *, #3772, .F. ) ;
#1550 =( LENGTH_UNIT ( ) NAMED_UNIT ( * ) SI_UNIT ( .MILLI., .METRE. ) );
#1551 = CARTESIAN_POINT ( 'NONE',  ( 0.04683012701892039914, 16.49183012701892181, -2.496830127018923928 ) ) ;
#1552 = ORIENTED_EDGE ( 'NONE', *, *, #91, .F. ) ;
#1553 = CARTESIAN_POINT ( 'NONE',  ( 0.04999999999999844152, 16.49000000000000199, 2.507320508075689069 ) ) ;
#1554 = FILL_AREA_STYLE ('',( #3532 ) ) ;
#1555 = EDGE_CURVE ( 'NONE', #4521, #2210, #4429, .T. ) ;
#1556 = STYLED_ITEM ( 'NONE', ( #1611 ), #1854 ) ;
#1557 = PRESENTATION_LAYER_ASSIGNMENT (  '', '', ( #4518 ) ) ;
#1558 = PRESENTATION_STYLE_ASSIGNMENT (( #1170 ) ) ;
#1559 =( NAMED_UNIT ( * ) SI_UNIT ( $, .STERADIAN. ) SOLID_ANGLE_UNIT ( ) );
#1560 = FILL_AREA_STYLE ('',( #3508 ) ) ;
#1561 = PRESENTATION_LAYER_ASSIGNMENT (  '', '', ( #4830 ) ) ;
#1562 = ORIENTED_EDGE ( 'NONE', *, *, #709, .F. ) ;
#1563 = SURFACE_SIDE_STYLE ('',( #3071 ) ) ;
#1564 = PRESENTATION_LAYER_ASSIGNMENT (  '', '', ( #4212 ) ) ;
#1565 = LINE ( 'NONE', #545, #2632 ) ;
#1566 = PRESENTATION_LAYER_ASSIGNMENT (  '', '', ( #4284 ) ) ;
#1567 = ADVANCED_FACE ( 'NONE', ( #3991 ), #4675, .T. ) ;
#1568 = AXIS2_PLACEMENT_3D ( 'NONE', #4702, #4775, #1016 ) ;
#1569 = AXIS2_PLACEMENT_3D ( 'NONE', #1730, #4818, #3603 ) ;
#1570 =( NAMED_UNIT ( * ) PLANE_ANGLE_UNIT ( ) SI_UNIT ( $, .RADIAN. ) );
#1571 = CIRCLE ( 'NONE', #1489, 0.5254000000000005333 ) ;
#1572 = CIRCLE ( 'NONE', #1336, 5.025399999999999423 ) ;
#1573 = ADVANCED_FACE ( 'NONE', ( #552 ), #2595, .F. ) ;
#1574 = SURFACE_STYLE_FILL_AREA ( #2366 ) ;
#1575 = CARTESIAN_POINT ( 'NONE',  ( 1.734723475976807094E-15, 1.826506484316722911, -4.719999999998766960 ) ) ;
#1576 = COLOUR_RGB ( '',0.0000000000000000000, 0.0000000000000000000, 0.7529411764705882248 ) ;
#1577 = ORIENTED_EDGE ( 'NONE', *, *, #1093, .T. ) ;
#1578 = DIRECTION ( 'NONE',  ( -1.000000000000000000, -1.456039999936597858E-16, 0.0000000000000000000 ) ) ;
#1579 = CARTESIAN_POINT ( 'NONE',  ( 4.488363120374365043E-16, 2.520480547234075885, 5.000000000000000000 ) ) ;
#1580 = FILL_AREA_STYLE ('',( #1479 ) ) ;
#1581 = VECTOR ( 'NONE', #3945, 1000.000000000000000 ) ;
#1582 = UNCERTAINTY_MEASURE_WITH_UNIT (LENGTH_MEASURE( 1.000000000000000082E-05 ), #1129, 'distance_accuracy_value', 'NONE');
#1583 = ORIENTED_EDGE ( 'NONE', *, *, #800, .F. ) ;
#1584 = SURFACE_STYLE_FILL_AREA ( #3474 ) ;
#1585 = PRESENTATION_LAYER_ASSIGNMENT (  '', '', ( #4305 ) ) ;
#1586 = CARTESIAN_POINT ( 'NONE',  ( 1.734723475976807094E-15, 1.132532421399370604, 5.000000000000000888 ) ) ;
#1587 =( NAMED_UNIT ( * ) PLANE_ANGLE_UNIT ( ) SI_UNIT ( $, .RADIAN. ) );
#1588 = PRESENTATION_LAYER_ASSIGNMENT (  '', '', ( #4780 ) ) ;
#1589 =( LENGTH_UNIT ( ) NAMED_UNIT ( * ) SI_UNIT ( .MILLI., .METRE. ) );
#1590 = CIRCLE ( 'NONE', #329, 4.878287999999355584 ) ;
#1591 = SURFACE_STYLE_FILL_AREA ( #1554 ) ;
#1592 = PRESENTATION_LAYER_ASSIGNMENT (  '', '', ( #2306 ) ) ;
#1593 = AXIS2_PLACEMENT_3D ( 'NONE', #2907, #1183, #2524 ) ;
#1594 = FILL_AREA_STYLE_COLOUR ( '', #3034 ) ;
#1595 = ORIENTED_EDGE ( 'NONE', *, *, #414, .F. ) ;
#1596 = DIRECTION ( 'NONE',  ( -1.225696218315258576E-16, 1.000000000000000000, -0.0000000000000000000 ) ) ;
#1597 = FACE_BOUND ( 'NONE', #1149, .T. ) ;
#1598 = VERTEX_POINT ( 'NONE', #3228 ) ;
#1599 =( GEOMETRIC_REPRESENTATION_CONTEXT ( 3 ) GLOBAL_UNCERTAINTY_ASSIGNED_CONTEXT ( ( #775 ) ) GLOBAL_UNIT_ASSIGNED_CONTEXT ( ( #4620, #1643, #2810 ) ) REPRESENTATION_CONTEXT ( 'NONE', 'WORKASPACE' ) );
#1600 = CARTESIAN_POINT ( 'NONE',  ( 1.217237683494881454E-15, 2.991139007125194649, 0.0000000000000000000 ) ) ;
#1601 = CARTESIAN_POINT ( 'NONE',  ( 1.734723475976807094E-15, 1.826506484316722911, 0.0000000000000000000 ) ) ;
#1602 = DIRECTION ( 'NONE',  ( -1.000000000000000000, -1.338521200599557792E-16, 0.0000000000000000000 ) ) ;
#1603 = UNCERTAINTY_MEASURE_WITH_UNIT (LENGTH_MEASURE( 1.000000000000000082E-05 ), #3899, 'distance_accuracy_value', 'NONE');
#1604 = EDGE_CURVE ( 'NONE', #51, #1116, #2202, .T. ) ;
#1605 = CARTESIAN_POINT ( 'NONE',  ( 0.04866025403784066811, 16.49500000000000099, -2.500000000000000000 ) ) ;
#1606 = CARTESIAN_POINT ( 'NONE',  ( 5.023804620177152458, 12.19113900712519616, 0.1266187122296502099 ) ) ;
#1607 = ORIENTED_EDGE ( 'NONE', *, *, #3069, .T. ) ;
#1608 = CARTESIAN_POINT ( 'NONE',  ( 5.023804620177152458, 14.19113900712519616, 0.1266187122296489886 ) ) ;
#1609 = CARTESIAN_POINT ( 'NONE',  ( 2.500000000000000000, -3.740813662564058006, 0.2978462075425261091 ) ) ;
#1610 = VERTEX_POINT ( 'NONE', #4083 ) ;
#1611 = PRESENTATION_STYLE_ASSIGNMENT (( #1011 ) ) ;
#1612 = CARTESIAN_POINT ( 'NONE',  ( 1.734723475976807094E-15, 1.826506484316722911, 0.0000000000000000000 ) ) ;
#1613 =( NAMED_UNIT ( * ) PLANE_ANGLE_UNIT ( ) SI_UNIT ( $, .RADIAN. ) );
#1614 = CARTESIAN_POINT ( 'NONE',  ( 0.04866025403784215997, 16.49500000000000099, 2.498660254037843753 ) ) ;
#1615 =( LENGTH_UNIT ( ) NAMED_UNIT ( * ) SI_UNIT ( .MILLI., .METRE. ) );
#1616 =( LENGTH_UNIT ( ) NAMED_UNIT ( * ) SI_UNIT ( .MILLI., .METRE. ) );
#1617 = FILL_AREA_STYLE_COLOUR ( '', #2755 ) ;
#1618 = DIRECTION ( 'NONE',  ( 1.000000000000000000, 1.225696218315258576E-16, -1.221441296278566376E-16 ) ) ;
#1619 = CARTESIAN_POINT ( 'NONE',  ( -9.231510036652667138E-16, 15.99999999999999645, -5.025400000000000311 ) ) ;
#1620 = AXIS2_PLACEMENT_3D ( 'NONE', #729, #4523, #3377 ) ;
#1621 = SURFACE_STYLE_USAGE ( .BOTH. , #3514 ) ;
#1622 = FILL_AREA_STYLE_COLOUR ( '', #4598 ) ;
#1623 = CARTESIAN_POINT ( 'NONE',  ( -2.606439314077658241E-15, 1.826506484316722911, -4.745399999998766383 ) ) ;
#1624 = VERTEX_POINT ( 'NONE', #4913 ) ;
#1625 = CARTESIAN_POINT ( 'NONE',  ( -7.622385101141795389E-16, 16.52539999999999765, -4.500000000000000000 ) ) ;
#1626 = CARTESIAN_POINT ( 'NONE',  ( -2.507320508075691290, 16.49000000000000199, 0.05000000000000030809 ) ) ;
#1627 = CARTESIAN_POINT ( 'NONE',  ( -2.500000000000002220, 16.49000000000000199, -0.04999999999999969746 ) ) ;
#1628 = EDGE_CURVE ( 'NONE', #902, #3960, #3477, .T. ) ;
#1629 = UNCERTAINTY_MEASURE_WITH_UNIT (LENGTH_MEASURE( 1.000000000000000082E-05 ), #3269, 'distance_accuracy_value', 'NONE');
#1630 = VERTEX_POINT ( 'NONE', #4482 ) ;
#1631 = PRESENTATION_STYLE_ASSIGNMENT (( #2401 ) ) ;
#1632 = VERTEX_POINT ( 'NONE', #3380 ) ;
#1633 = PRESENTATION_LAYER_ASSIGNMENT (  '', '', ( #3541 ) ) ;
#1634 = EDGE_CURVE ( 'NONE', #4891, #3503, #2036, .T. ) ;
#1635 = CARTESIAN_POINT ( 'NONE',  ( 1.415090661399410417E-15, 1.826506484316722911, 5.219999999998981011 ) ) ;
#1636 = FACE_OUTER_BOUND ( 'NONE', #2370, .T. ) ;
#1637 = DIRECTION ( 'NONE',  ( 0.0000000000000000000, -0.0000000000000000000, -1.000000000000000000 ) ) ;
#1638 = SURFACE_SIDE_STYLE ('',( #467 ) ) ;
#1639 = ORIENTED_EDGE ( 'NONE', *, *, #1365, .T. ) ;
#1640 = CARTESIAN_POINT ( 'NONE',  ( 1.918017371715892150, 0.2499999999999998890, 0.9312787012854190083 ) ) ;
#1641 =( NAMED_UNIT ( * ) SI_UNIT ( $, .STERADIAN. ) SOLID_ANGLE_UNIT ( ) );
#1642 = FILL_AREA_STYLE_COLOUR ( '', #1734 ) ;
#1643 =( NAMED_UNIT ( * ) PLANE_ANGLE_UNIT ( ) SI_UNIT ( $, .RADIAN. ) );
#1644 = COLOUR_RGB ( '',0.7529411764705882248, 0.7529411764705882248, 0.7529411764705882248 ) ;
#1645 =( LENGTH_UNIT ( ) NAMED_UNIT ( * ) SI_UNIT ( .MILLI., .METRE. ) );
#1646 = AXIS2_PLACEMENT_3D ( 'NONE', #721, #2997, #2215 ) ;
#1647 = ORIENTED_EDGE ( 'NONE', *, *, #1689, .F. ) ;
#1648 = AXIS2_PLACEMENT_3D ( 'NONE', #4679, #2426, #3581 ) ;
#1649 = DIRECTION ( 'NONE',  ( 3.061515884555943639E-16, 3.752488442012314369E-32, 1.000000000000000000 ) ) ;
#1650 = CIRCLE ( 'NONE', #3406, 4.859999999999383924 ) ;
#1651 = AXIS2_PLACEMENT_3D ( 'NONE', #2137, #1006, #3292 ) ;
#1652 =( NAMED_UNIT ( * ) SI_UNIT ( $, .STERADIAN. ) SOLID_ANGLE_UNIT ( ) );
#1653 = PRESENTATION_STYLE_ASSIGNMENT (( #2421 ) ) ;
#1654 = ORIENTED_EDGE ( 'NONE', *, *, #4388, .F. ) ;
#1655 = CARTESIAN_POINT ( 'NONE',  ( 2.500000000000000000, 0.5000000000000000000, -0.3021537924574740352 ) ) ;
#1656 = ORIENTED_EDGE ( 'NONE', *, *, #558, .F. ) ;
#1657 = ADVANCED_FACE ( 'NONE', ( #1140 ), #317, .T. ) ;
#1658 = DIRECTION ( 'NONE',  ( 1.225696218315258576E-16, -1.000000000000000000, 0.0000000000000000000 ) ) ;
#1659 = ADVANCED_FACE ( 'NONE', ( #281 ), #4888, .T. ) ;
#1660 = DIRECTION ( 'NONE',  ( 0.0000000000000000000, 0.0000000000000000000, 1.000000000000000000 ) ) ;
#1661 = COLOUR_RGB ( '',0.7529411764705882248, 0.7529411764705882248, 0.7529411764705882248 ) ;
#1662 = ADVANCED_FACE ( 'NONE', ( #4621 ), #1960, .F. ) ;
#1663 = ORIENTED_EDGE ( 'NONE', *, *, #2498, .F. ) ;
#1664 = VECTOR ( 'NONE', #86, 1000.000000000000000 ) ;
#1665 =( LENGTH_UNIT ( ) NAMED_UNIT ( * ) SI_UNIT ( .MILLI., .METRE. ) );
#1666 = ORIENTED_EDGE ( 'NONE', *, *, #2112, .T. ) ;
#1667 =( NAMED_UNIT ( * ) SI_UNIT ( $, .STERADIAN. ) SOLID_ANGLE_UNIT ( ) );
#1668 = DIRECTION ( 'NONE',  ( 0.0000000000000000000, 1.000000000000000000, 0.0000000000000000000 ) ) ;
#1669 = AXIS2_PLACEMENT_3D ( 'NONE', #1784, #2107, #4827 ) ;
#1670 = SURFACE_STYLE_USAGE ( .BOTH. , #2363 ) ;
#1671 = SURFACE_STYLE_FILL_AREA ( #4032 ) ;
#1672 = PRESENTATION_STYLE_ASSIGNMENT (( #3933 ) ) ;
#1673 = FILL_AREA_STYLE_COLOUR ( '', #1825 ) ;
#1674 = ORIENTED_EDGE ( 'NONE', *, *, #3609, .F. ) ;
#1675 = CARTESIAN_POINT ( 'NONE',  ( -2.561360065401231479E-15, 1.132532421399369937, -4.499999999999786837 ) ) ;
#1676 =( GEOMETRIC_REPRESENTATION_CONTEXT ( 3 ) GLOBAL_UNCERTAINTY_ASSIGNED_CONTEXT ( ( #3841 ) ) GLOBAL_UNIT_ASSIGNED_CONTEXT ( ( #2805, #984, #4441 ) ) REPRESENTATION_CONTEXT ( 'NONE', 'WORKASPACE' ) );
#1677 = ORIENTED_EDGE ( 'NONE', *, *, #4685, .F. ) ;
#1678 =( LENGTH_UNIT ( ) NAMED_UNIT ( * ) SI_UNIT ( .MILLI., .METRE. ) );
#1679 = VERTEX_POINT ( 'NONE', #454 ) ;
#1680 = CARTESIAN_POINT ( 'NONE',  ( 2.489999999999997993, 16.49000000000000199, -0.04000000000000030614 ) ) ;
#1681 = ORIENTED_EDGE ( 'NONE', *, *, #1325, .F. ) ;
#1682 = CARTESIAN_POINT ( 'NONE',  ( -1.427006474755051523E-15, 1.132532421399370604, 5.025400000000001199 ) ) ;
#1683 = STYLED_ITEM ( 'NONE', ( #3492 ), #3771 ) ;
#1684 = SURFACE_STYLE_USAGE ( .BOTH. , #3261 ) ;
#1685 = CARTESIAN_POINT ( 'NONE',  ( 1.734723475976807094E-15, 1.826506484316722911, 0.0000000000000000000 ) ) ;
#1686 = VECTOR ( 'NONE', #4646, 1000.000000000000000 ) ;
#1687 =( LENGTH_UNIT ( ) NAMED_UNIT ( * ) SI_UNIT ( .MILLI., .METRE. ) );
#1688 = EDGE_CURVE ( 'NONE', #4432, #4218, #3112, .T. ) ;
#1689 = EDGE_CURVE ( 'NONE', #2911, #2316, #3874, .T. ) ;
#1690 = ORIENTED_EDGE ( 'NONE', *, *, #800, .T. ) ;
#1691 = CARTESIAN_POINT ( 'NONE',  ( -2.503660254037847643, 16.50000000000000000, 0.05366025403784552283 ) ) ;
#1692 =( NAMED_UNIT ( * ) SI_UNIT ( $, .STERADIAN. ) SOLID_ANGLE_UNIT ( ) );
#1693 =( NAMED_UNIT ( * ) SI_UNIT ( $, .STERADIAN. ) SOLID_ANGLE_UNIT ( ) );
#1694 = PRESENTATION_STYLE_ASSIGNMENT (( #940 ) ) ;
#1695 = PRESENTATION_STYLE_ASSIGNMENT (( #2504 ) ) ;
#1696 = STYLED_ITEM ( 'NONE', ( #1503 ), #2945 ) ;
#1697 = ADVANCED_FACE ( 'NONE', ( #3148 ), #3010, .F. ) ;
#1698 = CARTESIAN_POINT ( 'NONE',  ( 5.023486311751856448, 8.591139007125196514, -0.1386738462787319437 ) ) ;
#1699 = DIRECTION ( 'NONE',  ( -1.000000000000000000, -8.673617379884035472E-17, 0.0000000000000000000 ) ) ;
#1700 = ORIENTED_EDGE ( 'NONE', *, *, #2600, .T. ) ;
#1701 = CYLINDRICAL_SURFACE ( 'NONE', #3335, 0.1000000000000000472 ) ;
#1702 = CIRCLE ( 'NONE', #46, 0.5000000000002138290 ) ;
#1703 = STYLED_ITEM ( 'NONE', ( #4037 ), #3608 ) ;
#1704 = SURFACE_STYLE_FILL_AREA ( #2468 ) ;
#1705 = ORIENTED_EDGE ( 'NONE', *, *, #712, .F. ) ;
#1706 = STYLED_ITEM ( 'NONE', ( #3330 ), #2442 ) ;
#1707 = CARTESIAN_POINT ( 'NONE',  ( -0.05000000000000309058, 16.49500000000000099, -2.498660254037845085 ) ) ;
#1708 = ORIENTED_EDGE ( 'NONE', *, *, #435, .T. ) ;
#1709 = CARTESIAN_POINT ( 'NONE',  ( -0.04366025403784747072, 16.49000000000000199, 0.04366025403784522252 ) ) ;
#1710 = CARTESIAN_POINT ( 'NONE',  ( -1.970924883378000203, 0.2499999999999994726, 0.8464212018544120530 ) ) ;
#1711 = DIRECTION ( 'NONE',  ( -1.000000000000000000, 0.0000000000000000000, 0.0000000000000000000 ) ) ;
#1712 = DIRECTION ( 'NONE',  ( 0.0000000000000000000, 0.0000000000000000000, 1.000000000000000000 ) ) ;
#1713 = VERTEX_POINT ( 'NONE', #3824 ) ;
#1714 = CARTESIAN_POINT ( 'NONE',  ( 2.198077116600810330E-15, 2.520480547234075885, -5.025400000000000311 ) ) ;
#1715 = SURFACE_STYLE_USAGE ( .BOTH. , #2085 ) ;
#1716 = ADVANCED_FACE ( 'NONE', ( #4597 ), #2764, .T. ) ;
#1717 = DIRECTION ( 'NONE',  ( -1.225696218315258576E-16, 1.000000000000000000, -0.0000000000000000000 ) ) ;
#1718 = CYLINDRICAL_SURFACE ( 'NONE', #4694, 5.025400000000000311 ) ;
#1719 = SURFACE_STYLE_FILL_AREA ( #603 ) ;
#1720 = ORIENTED_EDGE ( 'NONE', *, *, #1865, .T. ) ;
#1721 = EDGE_CURVE ( 'NONE', #1894, #3587, #2935, .T. ) ;
#1722 = CARTESIAN_POINT ( 'NONE',  ( -2.755455298081544285E-16, 16.00000000000000000, 4.500000000000000000 ) ) ;
#1723 = ADVANCED_FACE ( 'NONE', ( #3956 ), #3542, .T. ) ;
#1724 = CIRCLE ( 'NONE', #394, 5.025400000000000311 ) ;
#1725 = FILL_AREA_STYLE_COLOUR ( '', #795 ) ;
#1726 = AXIS2_PLACEMENT_3D ( 'NONE', #885, #1658, #3109 ) ;
#1727 = VERTEX_POINT ( 'NONE', #2414 ) ;
#1728 = MECHANICAL_DESIGN_GEOMETRIC_PRESENTATION_REPRESENTATION (  '', ( #4364 ), #73 ) ;
#1729 = ORIENTED_EDGE ( 'NONE', *, *, #3401, .F. ) ;
#1730 = CARTESIAN_POINT ( 'NONE',  ( 0.0000000000000000000, 16.00000000000000000, 0.0000000000000000000 ) ) ;
#1731 =( GEOMETRIC_REPRESENTATION_CONTEXT ( 3 ) GLOBAL_UNCERTAINTY_ASSIGNED_CONTEXT ( ( #1171 ) ) GLOBAL_UNIT_ASSIGNED_CONTEXT ( ( #4737, #3216, #1693 ) ) REPRESENTATION_CONTEXT ( 'NONE', 'WORKASPACE' ) );
#1732 = COLOUR_RGB ( '',0.0000000000000000000, 0.0000000000000000000, 0.7529411764705882248 ) ;
#1733 = DIRECTION ( 'NONE',  ( 1.000000000000000000, -8.890021847710901182E-17, 0.0000000000000000000 ) ) ;
#1734 = COLOUR_RGB ( '',0.0000000000000000000, 0.0000000000000000000, 0.7529411764705882248 ) ;
#1735 = AXIS2_PLACEMENT_3D ( 'NONE', #1157, #1516, #1253 ) ;
#1736 = DIRECTION ( 'NONE',  ( -1.000000000000000000, -1.084202172485504434E-16, 0.0000000000000000000 ) ) ;
#1737 = DIRECTION ( 'NONE',  ( 1.000000000000000000, -0.0000000000000000000, -0.0000000000000000000 ) ) ;
#1738 = MECHANICAL_DESIGN_GEOMETRIC_PRESENTATION_REPRESENTATION (  '', ( #4223 ), #737 ) ;
#1739 = LINE ( 'NONE', #622, #422 ) ;
#1740 = FACE_BOUND ( 'NONE', #1944, .T. ) ;
#1741 =( BOUNDED_CURVE ( )  B_SPLINE_CURVE ( 3, ( #2530, #964, #4076, #3637 ),
 .UNSPECIFIED., .F., .T. ) 
 B_SPLINE_CURVE_WITH_KNOTS ( ( 4, 4 ),
 ( 0.5235987755984740089, 1.570796326794896558 ),
 .UNSPECIFIED. ) 
 CURVE ( )  GEOMETRIC_REPRESENTATION_ITEM ( )  RATIONAL_B_SPLINE_CURVE ( ( 1.000000000000000000, 0.9106836025229881892, 0.9106836025229881892, 1.000000000000000000 ) ) 
 REPRESENTATION_ITEM ( '' )  );
#1742 = DIRECTION ( 'NONE',  ( 1.000000000000000000, 1.225696218315258576E-16, -1.221441296278566376E-16 ) ) ;
#1743 = ORIENTED_EDGE ( 'NONE', *, *, #150, .F. ) ;
#1744 = CARTESIAN_POINT ( 'NONE',  ( 1.461290838612216542E-15, 0.9999999999999991118, 0.0000000000000000000 ) ) ;
#1745 = AXIS2_PLACEMENT_3D ( 'NONE', #2258, #2537, #4836 ) ;
#1746 = CARTESIAN_POINT ( 'NONE',  ( -2.007754434547799338, 0.2499999999999994726, -0.9793389622512506110 ) ) ;
#1747 = EDGE_CURVE ( 'NONE', #3004, #2000, #1572, .T. ) ;
#1748 = AXIS2_PLACEMENT_3D ( 'NONE', #3309, #1202, #2339 ) ;
#1749 = CARTESIAN_POINT ( 'NONE',  ( 1.734723475976807094E-15, 1.132532421399369937, 0.0000000000000000000 ) ) ;
#1750 = VERTEX_POINT ( 'NONE', #579 ) ;
#1751 = DIRECTION ( 'NONE',  ( -1.225696218315258576E-16, 1.000000000000000000, -0.0000000000000000000 ) ) ;
#1752 = EDGE_CURVE ( 'NONE', #739, #1045, #3086, .T. ) ;
#1753 = VERTEX_POINT ( 'NONE', #1698 ) ;
#1754 = CIRCLE ( 'NONE', #3591, 0.5000000000000004441 ) ;
#1755 = ORIENTED_EDGE ( 'NONE', *, *, #3276, .T. ) ;
#1756 = CARTESIAN_POINT ( 'NONE',  ( -9.231510036652667138E-16, 12.92212896455523818, -5.025400000000002088 ) ) ;
#1757 =( NAMED_UNIT ( * ) PLANE_ANGLE_UNIT ( ) SI_UNIT ( $, .RADIAN. ) );
#1758 = CYLINDRICAL_SURFACE ( 'NONE', #1568, 0.009999999999999998473 ) ;
#1759 = AXIS2_PLACEMENT_3D ( 'NONE', #4299, #499, #4642 ) ;
#1760 = FILL_AREA_STYLE_COLOUR ( '', #353 ) ;
#1761 = ORIENTED_EDGE ( 'NONE', *, *, #3619, .T. ) ;
#1762 = AXIS2_PLACEMENT_3D ( 'NONE', #274, #1012, #2507 ) ;
#1763 = SURFACE_STYLE_FILL_AREA ( #4097 ) ;
#1764 = PRESENTATION_LAYER_ASSIGNMENT (  '', '', ( #3446 ) ) ;
#1765 = CARTESIAN_POINT ( 'NONE',  ( -0.04000000000000149269, 16.49000000000000199, 2.490000000000000213 ) ) ;
#1766 = CARTESIAN_POINT ( 'NONE',  ( 0.05732050807568592199, 16.50000000000000000, -2.507320508075689069 ) ) ;
#1767 = EDGE_LOOP ( 'NONE', ( #2164, #510, #4850, #2402 ) ) ;
#1768 = CARTESIAN_POINT ( 'NONE',  ( -0.04000000000000301925, 16.49000000000000199, -2.490000000000000213 ) ) ;
#1769 = CARTESIAN_POINT ( 'NONE',  ( 4.488363120374365043E-16, 2.520480547234075885, 5.000000000000000000 ) ) ;
#1770 = FILL_AREA_STYLE_COLOUR ( '', #214 ) ;
#1771 = ORIENTED_EDGE ( 'NONE', *, *, #3654, .T. ) ;
#1772 = CIRCLE ( 'NONE', #1922, 4.500000000000002665 ) ;
#1773 = EDGE_LOOP ( 'NONE', ( #3306, #1260, #3302, #2347 ) ) ;
#1774 = CARTESIAN_POINT ( 'NONE',  ( -2.498660254037847306, 16.49500000000000099, -0.04866025403784497022 ) ) ;
#1775 = EDGE_CURVE ( 'NONE', #804, #2134, #2208, .T. ) ;
#1776 = CIRCLE ( 'NONE', #4501, 0.5000000000002147171 ) ;
#1777 = ORIENTED_EDGE ( 'NONE', *, *, #2141, .F. ) ;
#1778 =( NAMED_UNIT ( * ) PLANE_ANGLE_UNIT ( ) SI_UNIT ( $, .RADIAN. ) );
#1779 = ADVANCED_FACE ( 'NONE', ( #1324 ), #2601, .T. ) ;
#1780 = DIRECTION ( 'NONE',  ( 0.9996191968304722897, 1.725955621419993357E-16, -0.02759458874492218272 ) ) ;
#1781 = EDGE_CURVE ( 'NONE', #379, #3503, #3898, .T. ) ;
#1782 = AXIS2_PLACEMENT_3D ( 'NONE', #1086, #4228, #3096 ) ;
#1783 = VERTEX_POINT ( 'NONE', #4118 ) ;
#1784 = CARTESIAN_POINT ( 'NONE',  ( -1.775093017686443988E-15, 1.497146394056139584, 0.0000000000000000000 ) ) ;
#1785 = SURFACE_STYLE_USAGE ( .BOTH. , #2531 ) ;
#1786 = CYLINDRICAL_SURFACE ( 'NONE', #246, 5.025400000000000311 ) ;
#1787 = FACE_OUTER_BOUND ( 'NONE', #790, .T. ) ;
#1788 = DIRECTION ( 'NONE',  ( -1.225696218315258576E-16, 1.000000000000000000, -0.0000000000000000000 ) ) ;
#1789 = DIRECTION ( 'NONE',  ( -1.000000000000000000, -1.225696218315258576E-16, 1.221441296278566376E-16 ) ) ;
#1790 = CARTESIAN_POINT ( 'NONE',  ( -0.05049038105676931232, 16.49816987298108018, 2.500490381056768019 ) ) ;
#1791 = CARTESIAN_POINT ( 'NONE',  ( -0.05732050807569204209, 16.50000000000000000, -2.500000000000000000 ) ) ;
#1792 = VERTEX_POINT ( 'NONE', #2646 ) ;
#1793 = FACE_OUTER_BOUND ( 'NONE', #2874, .T. ) ;
#1794 = DIRECTION ( 'NONE',  ( -1.000000000000000000, -1.225696218315258576E-16, 0.0000000000000000000 ) ) ;
#1795 = CARTESIAN_POINT ( 'NONE',  ( 2.499999999999997780, 16.49000000000000199, 0.05732050807568871142 ) ) ;
#1796 =( LENGTH_UNIT ( ) NAMED_UNIT ( * ) SI_UNIT ( .MILLI., .METRE. ) );
#1797 = ORIENTED_EDGE ( 'NONE', *, *, #769, .T. ) ;
#1798 = SURFACE_SIDE_STYLE ('',( #304 ) ) ;
#1799 = ORIENTED_EDGE ( 'NONE', *, *, #3548, .F. ) ;
#1800 = AXIS2_PLACEMENT_3D ( 'NONE', #1074, #1521, #3057 ) ;
#1801 = VERTEX_POINT ( 'NONE', #415 ) ;
#1802 = AXIS2_PLACEMENT_3D ( 'NONE', #1474, #680, #3028 ) ;
#1803 = CIRCLE ( 'NONE', #2514, 0.9999999999997974953 ) ;
#1804 = PRESENTATION_STYLE_ASSIGNMENT (( #691 ) ) ;
#1805 = STYLED_ITEM ( 'NONE', ( #2162 ), #1473 ) ;
#1806 = EDGE_CURVE ( 'NONE', #996, #1014, #2365, .T. ) ;
#1807 = CIRCLE ( 'NONE', #2127, 4.500000000000002665 ) ;
#1808 = VERTEX_POINT ( 'NONE', #4513 ) ;
#1809 = LINE ( 'NONE', #4876, #663 ) ;
#1810 = CYLINDRICAL_SURFACE ( 'NONE', #249, 5.025400000000000311 ) ;
#1811 = FACE_BOUND ( 'NONE', #2957, .T. ) ;
#1812 =( LENGTH_UNIT ( ) NAMED_UNIT ( * ) SI_UNIT ( .MILLI., .METRE. ) );
#1813 = FACE_OUTER_BOUND ( 'NONE', #3450, .T. ) ;
#1814 = PRESENTATION_LAYER_ASSIGNMENT (  '', '', ( #731 ) ) ;
#1815 = CIRCLE ( 'NONE', #4609, 0.09999999999999961697 ) ;
#1816 = COLOUR_RGB ( '',1.000000000000000000, 1.000000000000000000, 1.000000000000000000 ) ;
#1817 = TOROIDAL_SURFACE ( 'NONE', #4613, 4.499999999999785949, 0.5000000000002142730 ) ;
#1818 = DIRECTION ( 'NONE',  ( 0.9996191968304722897, 1.725955621419993357E-16, -0.02759458874492218272 ) ) ;
#1819 = ORIENTED_EDGE ( 'NONE', *, *, #1531, .F. ) ;
#1820 = CARTESIAN_POINT ( 'NONE',  ( 0.0000000000000000000, 12.92212896455523818, -5.000000000000000000 ) ) ;
#1821 =( NAMED_UNIT ( * ) PLANE_ANGLE_UNIT ( ) SI_UNIT ( $, .RADIAN. ) );
#1822 = FILL_AREA_STYLE_COLOUR ( '', #3409 ) ;
#1823 = VERTEX_POINT ( 'NONE', #2576 ) ;
#1824 = DIRECTION ( 'NONE',  ( 0.0000000000000000000, 1.000000000000000000, 0.0000000000000000000 ) ) ;
#1825 = COLOUR_RGB ( '',0.7529411764705882248, 0.7529411764705882248, 0.7529411764705882248 ) ;
#1826 = ORIENTED_EDGE ( 'NONE', *, *, #1930, .T. ) ;
#1827 = FILL_AREA_STYLE_COLOUR ( '', #3527 ) ;
#1828 = STYLED_ITEM ( 'NONE', ( #3065 ), #4655 ) ;
#1829 =( GEOMETRIC_REPRESENTATION_CONTEXT ( 3 ) GLOBAL_UNCERTAINTY_ASSIGNED_CONTEXT ( ( #810 ) ) GLOBAL_UNIT_ASSIGNED_CONTEXT ( ( #3792, #1083, #4865 ) ) REPRESENTATION_CONTEXT ( 'NONE', 'WORKASPACE' ) );
#1830 = CIRCLE ( 'NONE', #3989, 0.1000000000000000472 ) ;
#1831 = VERTEX_POINT ( 'NONE', #390 ) ;
#1832 = SURFACE_SIDE_STYLE ('',( #2205 ) ) ;
#1833 = ORIENTED_EDGE ( 'NONE', *, *, #1302, .T. ) ;
#1834 = CARTESIAN_POINT ( 'NONE',  ( -3.472419825897713220E-16, 15.75514727203652932, 0.0000000000000000000 ) ) ;
#1835 = CARTESIAN_POINT ( 'NONE',  ( 1.476384028460536174E-15, 1.497146394056139584, 4.878287999999355584 ) ) ;
#1836 = EDGE_CURVE ( 'NONE', #4259, #3610, #57, .T. ) ;
#1837 = EDGE_LOOP ( 'NONE', ( #2523, #944, #621, #4069 ) ) ;
#1838 = CARTESIAN_POINT ( 'NONE',  ( 8.673617379884035472E-16, 2.520480547234076329, 0.0000000000000000000 ) ) ;
#1839 = FILL_AREA_STYLE ('',( #3052 ) ) ;
#1840 = ADVANCED_FACE ( 'NONE', ( #4542 ), #1869, .T. ) ;
#1841 = ORIENTED_EDGE ( 'NONE', *, *, #4440, .F. ) ;
#1842 = ORIENTED_EDGE ( 'NONE', *, *, #3515, .T. ) ;
#1843 = DIRECTION ( 'NONE',  ( -1.000000000000000000, -1.084202172485723959E-16, 0.0000000000000000000 ) ) ;
#1844 = DIRECTION ( 'NONE',  ( 1.000000000000000000, 0.0000000000000000000, 0.0000000000000000000 ) ) ;
#1845 = ORIENTED_EDGE ( 'NONE', *, *, #4113, .F. ) ;
#1846 = DIRECTION ( 'NONE',  ( 0.9988722292758333010, 0.0000000000000000000, -0.04747914891325429043 ) ) ;
#1847 = CIRCLE ( 'NONE', #2413, 4.500000000000000000 ) ;
#1848 = COLOUR_RGB ( '',0.0000000000000000000, 0.0000000000000000000, 0.7529411764705882248 ) ;
#1849 = CARTESIAN_POINT ( 'NONE',  ( 0.0000000000000000000, 12.92212896455523818, 5.000000000000000000 ) ) ;
#1850 = ORIENTED_EDGE ( 'NONE', *, *, #3493, .F. ) ;
#1851 = STYLED_ITEM ( 'NONE', ( #1522 ), #2447 ) ;
#1852 = CARTESIAN_POINT ( 'NONE',  ( -0.04000000000000226985, 16.49000000000000199, -0.03999999999999999389 ) ) ;
#1853 = FILL_AREA_STYLE_COLOUR ( '', #482 ) ;
#1854 = ADVANCED_FACE ( 'NONE', ( #3040 ), #478, .T. ) ;
#1855 = FACE_OUTER_BOUND ( 'NONE', #3139, .T. ) ;
#1856 = CYLINDRICAL_SURFACE ( 'NONE', #3272, 0.009999999999999592548 ) ;
#1857 = EDGE_LOOP ( 'NONE', ( #1595, #4041, #856, #4846 ) ) ;
#1858 =( NAMED_UNIT ( * ) PLANE_ANGLE_UNIT ( ) SI_UNIT ( $, .RADIAN. ) );
#1859 = FACE_OUTER_BOUND ( 'NONE', #3371, .T. ) ;
#1860 = FILL_AREA_STYLE_COLOUR ( '', #2575 ) ;
#1861 =( BOUNDED_CURVE ( )  B_SPLINE_CURVE ( 3, ( #2719, #366, #3827, #436 ),
 .UNSPECIFIED., .F., .T. ) 
 B_SPLINE_CURVE_WITH_KNOTS ( ( 4, 4 ),
 ( 4.712388980384689674, 5.759586531581488700 ),
 .UNSPECIFIED. ) 
 CURVE ( )  GEOMETRIC_REPRESENTATION_ITEM ( )  RATIONAL_B_SPLINE_CURVE ( ( 1.000000000000000000, 0.9106836025229254616, 0.9106836025229254616, 1.000000000000000000 ) ) 
 REPRESENTATION_ITEM ( '' )  );
#1862 = EDGE_CURVE ( 'NONE', #1465, #1783, #3327, .T. ) ;
#1863 = VERTEX_POINT ( 'NONE', #3132 ) ;
#1864 = EDGE_CURVE ( 'NONE', #992, #703, #2040, .T. ) ;
#1865 = EDGE_CURVE ( 'NONE', #4432, #2735, #3967, .T. ) ;
#1866 = SURFACE_STYLE_FILL_AREA ( #3782 ) ;
#1867 = ORIENTED_EDGE ( 'NONE', *, *, #1688, .T. ) ;
#1868 = PRESENTATION_STYLE_ASSIGNMENT (( #4171 ) ) ;
#1869 = CYLINDRICAL_SURFACE ( 'NONE', #3642, 5.000000000000000000 ) ;
#1870 = AXIS2_PLACEMENT_3D ( 'NONE', #2878, #3684, #2077 ) ;
#1871 = ORIENTED_EDGE ( 'NONE', *, *, #789, .T. ) ;
#1873 = CIRCLE ( 'NONE', #3729, 0.2999999999999999334 ) ;
#1872 = DIRECTION ( 'NONE',  ( -1.000000000000000000, 0.0000000000000000000, 0.0000000000000000000 ) ) ;
#1874 = CIRCLE ( 'NONE', #1262, 5.025400000000002088 ) ;
#1875 = STYLED_ITEM ( 'NONE', ( #4399 ), #95 ) ;
#1876 = DIRECTION ( 'NONE',  ( -1.000000000000000000, -1.213366666613831467E-16, 0.0000000000000000000 ) ) ;
#1877 = STYLED_ITEM ( 'NONE', ( #3932 ), #1716 ) ;
#1878 = FILL_AREA_STYLE_COLOUR ( '', #1816 ) ;
#1879 =( GEOMETRIC_REPRESENTATION_CONTEXT ( 3 ) GLOBAL_UNCERTAINTY_ASSIGNED_CONTEXT ( ( #3076 ) ) GLOBAL_UNIT_ASSIGNED_CONTEXT ( ( #1380, #3297, #2510 ) ) REPRESENTATION_CONTEXT ( 'NONE', 'WORKASPACE' ) );
#1880 = STYLED_ITEM ( 'NONE', ( #4787 ), #260 ) ;
#1881 = FILL_AREA_STYLE ('',( #4589 ) ) ;
#1882 = VERTEX_POINT ( 'NONE', #3891 ) ;
#1883 = PLANE ( 'NONE',  #4216 ) ;
#1884 = STYLED_ITEM ( 'NONE', ( #3313 ), #380 ) ;
#1885 = CYLINDRICAL_SURFACE ( 'NONE', #2553, 0.009999999999999592548 ) ;
#1886 = DIRECTION ( 'NONE',  ( 1.000000000000000000, 0.0000000000000000000, 0.0000000000000000000 ) ) ;
#1887 = UNCERTAINTY_MEASURE_WITH_UNIT (LENGTH_MEASURE( 1.000000000000000082E-05 ), #4650, 'distance_accuracy_value', 'NONE');
#1888 = CARTESIAN_POINT ( 'NONE',  ( 5.023804620177152458, 11.39113900712519545, 0.1266187122296489886 ) ) ;
#1889 = VERTEX_POINT ( 'NONE', #564 ) ;
#1890 = DIRECTION ( 'NONE',  ( -1.225696218315258576E-16, 1.000000000000000000, -0.0000000000000000000 ) ) ;
#1891 = SURFACE_SIDE_STYLE ('',( #2249 ) ) ;
#1892 = EDGE_CURVE ( 'NONE', #3154, #3877, #3081, .T. ) ;
#1893 = EDGE_CURVE ( 'NONE', #3610, #850, #949, .T. ) ;
#1894 = VERTEX_POINT ( 'NONE', #1586 ) ;
#1895 = FACE_OUTER_BOUND ( 'NONE', #3153, .T. ) ;
#1896 = CIRCLE ( 'NONE', #4308, 5.025400000000000311 ) ;
#1897 =( GEOMETRIC_REPRESENTATION_CONTEXT ( 3 ) GLOBAL_UNCERTAINTY_ASSIGNED_CONTEXT ( ( #2283 ) ) GLOBAL_UNIT_ASSIGNED_CONTEXT ( ( #1213, #507, #1992 ) ) REPRESENTATION_CONTEXT ( 'NONE', 'WORKASPACE' ) );
#1898 = FILL_AREA_STYLE ('',( #1532 ) ) ;
#1899 = ORIENTED_EDGE ( 'NONE', *, *, #40, .T. ) ;
#1900 = LINE ( 'NONE', #694, #1442 ) ;
#1901 = DIRECTION ( 'NONE',  ( -1.000000000000000000, 0.0000000000000000000, 0.0000000000000000000 ) ) ;
#1902 = SURFACE_SIDE_STYLE ('',( #419 ) ) ;
#1903 = CARTESIAN_POINT ( 'NONE',  ( -2.493660254037847412, 16.49000000000000554, 0.04366025403784563191 ) ) ;
#1904 = AXIS2_PLACEMENT_3D ( 'NONE', #3220, #2946, #2535 ) ;
#1905 = DIRECTION ( 'NONE',  ( -1.225696218315258576E-16, -1.000000000000000000, -0.0000000000000000000 ) ) ;
#1906 = CARTESIAN_POINT ( 'NONE',  ( -1.555420810182083880E-16, 14.19113900712519616, 0.0000000000000000000 ) ) ;
#1907 = ORIENTED_EDGE ( 'NONE', *, *, #4113, .T. ) ;
#1908 = CARTESIAN_POINT ( 'NONE',  ( 0.05049038105676542654, 16.49816987298108018, 0.05049038105676788984 ) ) ;
#1909 =( NAMED_UNIT ( * ) PLANE_ANGLE_UNIT ( ) SI_UNIT ( $, .RADIAN. ) );
#1910 = FILL_AREA_STYLE_COLOUR ( '', #3167 ) ;
#1911 = COLOUR_RGB ( '',0.7529411764705882248, 0.7529411764705882248, 0.7529411764705882248 ) ;
#1912 =( NAMED_UNIT ( * ) SI_UNIT ( $, .STERADIAN. ) SOLID_ANGLE_UNIT ( ) );
#1913 = VERTEX_POINT ( 'NONE', #1195 ) ;
#1914 = DIRECTION ( 'NONE',  ( 1.000000000000000000, 1.084202172485723959E-16, 0.0000000000000000000 ) ) ;
#1915 = PRESENTATION_LAYER_ASSIGNMENT (  '', '', ( #2246 ) ) ;
#1916 = FILL_AREA_STYLE_COLOUR ( '', #1462 ) ;
#1917 = UNCERTAINTY_MEASURE_WITH_UNIT (LENGTH_MEASURE( 1.000000000000000082E-05 ), #3460, 'distance_accuracy_value', 'NONE');
#1918 = UNCERTAINTY_MEASURE_WITH_UNIT (LENGTH_MEASURE( 1.000000000000000082E-05 ), #1471, 'distance_accuracy_value', 'NONE');
#1919 = ORIENTED_EDGE ( 'NONE', *, *, #3222, .F. ) ;
#1920 = FILL_AREA_STYLE ('',( #56 ) ) ;
#1921 = EDGE_CURVE ( 'NONE', #703, #992, #398, .T. ) ;
#1922 = AXIS2_PLACEMENT_3D ( 'NONE', #4638, #4249, #466 ) ;
#1923 = SURFACE_STYLE_FILL_AREA ( #4582 ) ;
#1924 = EDGE_CURVE ( 'NONE', #1465, #1953, #1261, .T. ) ;
#1925 = DIRECTION ( 'NONE',  ( -1.000000000000000000, -1.378223100617526651E-16, 0.0000000000000000000 ) ) ;
#1926 = FILL_AREA_STYLE ('',( #3864 ) ) ;
#1927 = CIRCLE ( 'NONE', #1076, 0.5254000000002140291 ) ;
#1928 = UNCERTAINTY_MEASURE_WITH_UNIT (LENGTH_MEASURE( 1.000000000000000082E-05 ), #2653, 'distance_accuracy_value', 'NONE');
#1929 = MECHANICAL_DESIGN_GEOMETRIC_PRESENTATION_REPRESENTATION (  '', ( #453 ), #613 ) ;
#1930 = EDGE_CURVE ( 'NONE', #389, #2129, #4524, .T. ) ;
#1931 = FILL_AREA_STYLE ('',( #1594 ) ) ;
#1932 = CARTESIAN_POINT ( 'NONE',  ( 1.522575649527979532E-15, 0.4999999999999987232, 0.0000000000000000000 ) ) ;
#1933 = DIRECTION ( 'NONE',  ( 0.9996191968304722897, 0.0000000000000000000, -0.02759458874492218272 ) ) ;
#1934 = ORIENTED_EDGE ( 'NONE', *, *, #1836, .T. ) ;
#1935 = DIRECTION ( 'NONE',  ( 0.9988722292758333010, 0.0000000000000000000, -0.04747914891325429043 ) ) ;
#1936 = DIRECTION ( 'NONE',  ( -1.225696218315258576E-16, -1.000000000000000000, -0.0000000000000000000 ) ) ;
#1937 = UNCERTAINTY_MEASURE_WITH_UNIT (LENGTH_MEASURE( 1.000000000000000082E-05 ), #1450, 'distance_accuracy_value', 'NONE');
#1938 = AXIS2_PLACEMENT_3D ( 'NONE', #3674, #4481, #631 ) ;
#1939 = FILL_AREA_STYLE ('',( #1910 ) ) ;
#1940 = CARTESIAN_POINT ( 'NONE',  ( 5.019732501002772906, 9.491139007125191540, -0.2386017149486681366 ) ) ;
#1941 = FILL_AREA_STYLE ('',( #3449 ) ) ;
#1942 = ORIENTED_EDGE ( 'NONE', *, *, #1134, .T. ) ;
#1943 = CARTESIAN_POINT ( 'NONE',  ( 2.499999999999997780, 16.50000000000000000, 0.03999999999999969552 ) ) ;
#1944 = EDGE_LOOP ( 'NONE', ( #2192, #4087, #4168, #3915 ) ) ;
#1945 = DIRECTION ( 'NONE',  ( -1.225696218315258576E-16, 1.000000000000000000, -0.0000000000000000000 ) ) ;
#1946 = DIRECTION ( 'NONE',  ( 1.000000000000000000, 1.225696218315258576E-16, -1.221441296278566376E-16 ) ) ;
#1947 = CARTESIAN_POINT ( 'NONE',  ( 0.04866025403784066811, 16.49500000000000099, -2.500000000000000000 ) ) ;
#1948 = VECTOR ( 'NONE', #4467, 1000.000000000000000 ) ;
#1949 = AXIS2_PLACEMENT_3D ( 'NONE', #1144, #2197, #4575 ) ;
#1950 = EDGE_CURVE ( 'NONE', #3248, #3050, #3082, .T. ) ;
#1951 =( NAMED_UNIT ( * ) PLANE_ANGLE_UNIT ( ) SI_UNIT ( $, .RADIAN. ) );
#1952 =( NAMED_UNIT ( * ) SI_UNIT ( $, .STERADIAN. ) SOLID_ANGLE_UNIT ( ) );
#1953 = VERTEX_POINT ( 'NONE', #2776 ) ;
#1954 = DIRECTION ( 'NONE',  ( 1.000000000000000000, -1.225696218315258576E-16, 0.0000000000000000000 ) ) ;
#1955 = MECHANICAL_DESIGN_GEOMETRIC_PRESENTATION_REPRESENTATION (  '', ( #3973 ), #792 ) ;
#1956 = DIRECTION ( 'NONE',  ( -1.000000000000000000, -8.923474670663719436E-17, 0.0000000000000000000 ) ) ;
#1957 = STYLED_ITEM ( 'NONE', ( #1868 ), #2232 ) ;
#1958 = DIRECTION ( 'NONE',  ( 1.836970198721027962E-16, 0.0000000000000000000, -1.000000000000000000 ) ) ;
#1959 =( GEOMETRIC_REPRESENTATION_CONTEXT ( 3 ) GLOBAL_UNCERTAINTY_ASSIGNED_CONTEXT ( ( #4241 ) ) GLOBAL_UNIT_ASSIGNED_CONTEXT ( ( #3811, #744, #3436 ) ) REPRESENTATION_CONTEXT ( 'NONE', 'WORKASPACE' ) );
#1960 = CYLINDRICAL_SURFACE ( 'NONE', #4678, 0.009999999999999592548 ) ;
#1961 =( NAMED_UNIT ( * ) SI_UNIT ( $, .STERADIAN. ) SOLID_ANGLE_UNIT ( ) );
#1962 = CARTESIAN_POINT ( 'NONE',  ( 0.0000000000000000000, 12.92212896455523818, -5.000000000000001776 ) ) ;
#1963 = ORIENTED_EDGE ( 'NONE', *, *, #3434, .F. ) ;
#1964 = CARTESIAN_POINT ( 'NONE',  ( 2.007754434547895261, 0.2499999999999998890, -0.9793389622510592085 ) ) ;
#1965 = SURFACE_SIDE_STYLE ('',( #3880 ) ) ;
#1966 = COLOUR_RGB ( '',0.2509803921568627416, 0.2509803921568627416, 0.2509803921568627416 ) ;
#1967 = UNCERTAINTY_MEASURE_WITH_UNIT (LENGTH_MEASURE( 1.000000000000000082E-05 ), #2336, 'distance_accuracy_value', 'NONE');
#1968 =( GEOMETRIC_REPRESENTATION_CONTEXT ( 3 ) GLOBAL_UNCERTAINTY_ASSIGNED_CONTEXT ( ( #809 ) ) GLOBAL_UNIT_ASSIGNED_CONTEXT ( ( #671, #2136, #4515 ) ) REPRESENTATION_CONTEXT ( 'NONE', 'WORKASPACE' ) );
#1969 = UNCERTAINTY_MEASURE_WITH_UNIT (LENGTH_MEASURE( 1.000000000000000082E-05 ), #4645, 'distance_accuracy_value', 'NONE');
#1970 = ORIENTED_EDGE ( 'NONE', *, *, #832, .T. ) ;
#1971 = PRESENTATION_LAYER_ASSIGNMENT (  '', '', ( #2698 ) ) ;
#1972 = DIRECTION ( 'NONE',  ( -1.000000000000000000, 0.0000000000000000000, 0.0000000000000000000 ) ) ;
#1973 = CARTESIAN_POINT ( 'NONE',  ( -2.007754434547799338, 0.2499999999999994726, -0.9793389622512506110 ) ) ;
#1974 = DIRECTION ( 'NONE',  ( -1.225696218315258576E-16, 1.000000000000000000, -0.0000000000000000000 ) ) ;
#1975 = STYLED_ITEM ( 'NONE', ( #3944 ), #4674 ) ;
#1976 = VECTOR ( 'NONE', #3099, 1000.000000000000000 ) ;
#1977 = CARTESIAN_POINT ( 'NONE',  ( 0.04866025403784277059, 16.49500000000000099, 0.04866025403784522002 ) ) ;
#1978 = AXIS2_PLACEMENT_3D ( 'NONE', #2908, #4438, #1024 ) ;
#1979 =( GEOMETRIC_REPRESENTATION_CONTEXT ( 3 ) GLOBAL_UNCERTAINTY_ASSIGNED_CONTEXT ( ( #1918 ) ) GLOBAL_UNIT_ASSIGNED_CONTEXT ( ( #1471, #3357, #1039 ) ) REPRESENTATION_CONTEXT ( 'NONE', 'WORKASPACE' ) );
#1980 =( NAMED_UNIT ( * ) SI_UNIT ( $, .STERADIAN. ) SOLID_ANGLE_UNIT ( ) );
#1981 = ORIENTED_EDGE ( 'NONE', *, *, #1893, .T. ) ;
#1982 =( NAMED_UNIT ( * ) SI_UNIT ( $, .STERADIAN. ) SOLID_ANGLE_UNIT ( ) );
#1983 = PLANE ( 'NONE',  #1494 ) ;
#1984 = ORIENTED_EDGE ( 'NONE', *, *, #3410, .F. ) ;
#1985 = TOROIDAL_SURFACE ( 'NONE', #2787, 5.219999999998981011, 0.5000000000002142730 ) ;
#1986 = EDGE_CURVE ( 'NONE', #1953, #3903, #2831, .T. ) ;
#1987 = SURFACE_STYLE_USAGE ( .BOTH. , #2388 ) ;
#1988 = AXIS2_PLACEMENT_3D ( 'NONE', #2429, #3563, #3290 ) ;
#1989 = SURFACE_STYLE_FILL_AREA ( #3567 ) ;
#1990 = PRODUCT ( '070A639A-E992-4EA0-AF61-A353D90A06E2', '070A639A-E992-4EA0-AF61-A353D90A06E2', '', ( #4026 ) ) ;
#1991 = EDGE_CURVE ( 'NONE', #3123, #4601, #2565, .T. ) ;
#1992 =( NAMED_UNIT ( * ) SI_UNIT ( $, .STERADIAN. ) SOLID_ANGLE_UNIT ( ) );
#1993 = SURFACE_STYLE_USAGE ( .BOTH. , #3910 ) ;
#1994 = ORIENTED_EDGE ( 'NONE', *, *, #1429, .F. ) ;
#1995 = CARTESIAN_POINT ( 'NONE',  ( 0.05732050807568744855, 16.50000000000000000, 2.507320508075689069 ) ) ;
#1996 =( NAMED_UNIT ( * ) PLANE_ANGLE_UNIT ( ) SI_UNIT ( $, .RADIAN. ) );
#1997 =( NAMED_UNIT ( * ) SI_UNIT ( $, .STERADIAN. ) SOLID_ANGLE_UNIT ( ) );
#1998 = ADVANCED_FACE ( 'NONE', ( #3943, #932 ), #519, .T. ) ;
#1999 = CIRCLE ( 'NONE', #1759, 0.4746000000002146280 ) ;
#2000 = VERTEX_POINT ( 'NONE', #4070 ) ;
#2001 = VERTEX_POINT ( 'NONE', #1682 ) ;
#2002 = AXIS2_PLACEMENT_3D ( 'NONE', #3696, #4010, #991 ) ;
#2003 = CARTESIAN_POINT ( 'NONE',  ( 2.507320508075686849, 16.50000000000000000, 0.05732050807568871142 ) ) ;
#2004 = LINE ( 'NONE', #3210, #569 ) ;
#2005 = CARTESIAN_POINT ( 'NONE',  ( -2.500000000000002220, 16.50000000000000000, -0.03999999999999969552 ) ) ;
#2006 = DIRECTION ( 'NONE',  ( -1.000000000000000000, 0.0000000000000000000, 0.0000000000000000000 ) ) ;
#2007 = ORIENTED_EDGE ( 'NONE', *, *, #2947, .T. ) ;
#2008 = FILL_AREA_STYLE ('',( #987 ) ) ;
#2009 = CARTESIAN_POINT ( 'NONE',  ( 0.0000000000000000000, 12.92212896455523818, 0.0000000000000000000 ) ) ;
#2010 =( NAMED_UNIT ( * ) PLANE_ANGLE_UNIT ( ) SI_UNIT ( $, .RADIAN. ) );
#2011 = CARTESIAN_POINT ( 'NONE',  ( 5.023486311751856448, 3.791139007125195803, -0.1386738462787297232 ) ) ;
#2012 = AXIS2_PLACEMENT_3D ( 'NONE', #4356, #3206, #3577 ) ;
#2013 = PRESENTATION_LAYER_ASSIGNMENT (  '', '', ( #1388 ) ) ;
#2014 = EDGE_CURVE ( 'NONE', #4048, #4012, #3162, .T. ) ;
#2015 = DIRECTION ( 'NONE',  ( -1.000000000000000000, -1.301042606982605074E-16, 0.0000000000000000000 ) ) ;
#2016 = DIRECTION ( 'NONE',  ( -1.225696218315258576E-16, 1.000000000000000000, -0.0000000000000000000 ) ) ;
#2017 = LINE ( 'NONE', #3072, #2302 ) ;
#2018 = ORIENTED_EDGE ( 'NONE', *, *, #2781, .T. ) ;
#2019 = DIRECTION ( 'NONE',  ( -1.225696218315258576E-16, 1.000000000000000000, -0.0000000000000000000 ) ) ;
#2020 =( GEOMETRIC_REPRESENTATION_CONTEXT ( 3 ) GLOBAL_UNCERTAINTY_ASSIGNED_CONTEXT ( ( #410 ) ) GLOBAL_UNIT_ASSIGNED_CONTEXT ( ( #3364, #3382, #1456 ) ) REPRESENTATION_CONTEXT ( 'NONE', 'WORKASPACE' ) );
#2021 = FACE_OUTER_BOUND ( 'NONE', #267, .T. ) ;
#2022 = PLANE ( 'NONE',  #4267 ) ;
#2023 = EDGE_CURVE ( 'NONE', #495, #2344, #3605, .T. ) ;
#2024 = VERTEX_POINT ( 'NONE', #1051 ) ;
#2025 = EDGE_CURVE ( 'NONE', #1031, #2024, #1803, .T. ) ;
#2026 = ORIENTED_EDGE ( 'NONE', *, *, #3156, .F. ) ;
#2027 = ORIENTED_EDGE ( 'NONE', *, *, #2661, .T. ) ;
#2028 = DIRECTION ( 'NONE',  ( -1.000000000000000000, 0.0000000000000000000, 0.0000000000000000000 ) ) ;
#2029 = SURFACE_STYLE_FILL_AREA ( #3110 ) ;
#2030 = CARTESIAN_POINT ( 'NONE',  ( 0.04366025403784148939, 16.49000000000000199, -0.04366025403784374453 ) ) ;
#2031 = FACE_OUTER_BOUND ( 'NONE', #2546, .T. ) ;
#2032 = ORIENTED_EDGE ( 'NONE', *, *, #4738, .T. ) ;
#2033 = CARTESIAN_POINT ( 'NONE',  ( 0.04866025403784215997, 16.49500000000000099, 2.498660254037843753 ) ) ;
#2034 = SURFACE_STYLE_FILL_AREA ( #193 ) ;
#2035 = DIRECTION ( 'NONE',  ( -1.225696218315258576E-16, 1.000000000000000000, -0.0000000000000000000 ) ) ;
#2036 = CIRCLE ( 'NONE', #1802, 0.5000000000002138290 ) ;
#2037 = CARTESIAN_POINT ( 'NONE',  ( 1.445046389840879204E-15, 1.132532421399370604, 0.0000000000000000000 ) ) ;
#2038 = CARTESIAN_POINT ( 'NONE',  ( -2.490000000000001990, 16.49000000000000199, 0.04000000000000030614 ) ) ;
#2039 = EDGE_LOOP ( 'NONE', ( #581, #3150, #4896, #3231 ) ) ;
#2040 = CIRCLE ( 'NONE', #2199, 0.2999999999999999334 ) ;
#2041 = PRESENTATION_LAYER_ASSIGNMENT (  '', '', ( #1331 ) ) ;
#2042 = PRESENTATION_LAYER_ASSIGNMENT (  '', '', ( #1027 ) ) ;
#2043 = DIRECTION ( 'NONE',  ( 1.000000000000000000, 1.225696218315258576E-16, 6.123233995736766036E-17 ) ) ;
#2044 = AXIS2_PLACEMENT_3D ( 'NONE', #2234, #442, #2254 ) ;
#2045 = MECHANICAL_DESIGN_GEOMETRIC_PRESENTATION_REPRESENTATION (  '', ( #4915 ), #4372 ) ;
#2046 = TOROIDAL_SURFACE ( 'NONE', #4683, 5.219999999998981011, 0.4746000000002142394 ) ;
#2047 = SURFACE_STYLE_USAGE ( .BOTH. , #2871 ) ;
#2048 = ORIENTED_EDGE ( 'NONE', *, *, #917, .F. ) ;
#2049 = DIRECTION ( 'NONE',  ( -1.000000000000000000, -1.225696218315258576E-16, 0.0000000000000000000 ) ) ;
#2050 = ORIENTED_EDGE ( 'NONE', *, *, #247, .T. ) ;
#2051 = SURFACE_STYLE_FILL_AREA ( #1926 ) ;
#2052 = EDGE_CURVE ( 'NONE', #4194, #2276, #2432, .T. ) ;
#2053 = AXIS2_PLACEMENT_3D ( 'NONE', #4047, #2779, #157 ) ;
#2054 = PRESENTATION_LAYER_ASSIGNMENT (  '', '', ( #1884 ) ) ;
#2055 = VECTOR ( 'NONE', #1082, 1000.000000000000000 ) ;
#2056 =( NAMED_UNIT ( * ) PLANE_ANGLE_UNIT ( ) SI_UNIT ( $, .RADIAN. ) );
#2057 = SURFACE_SIDE_STYLE ('',( #212 ) ) ;
#2058 = DIRECTION ( 'NONE',  ( 1.000000000000000000, 0.0000000000000000000, 0.0000000000000000000 ) ) ;
#2059 = CIRCLE ( 'NONE', #3020, 0.5254000000002143622 ) ;
#2060 = SURFACE_STYLE_USAGE ( .BOTH. , #1071 ) ;
#2061 =( BOUNDED_CURVE ( )  B_SPLINE_CURVE ( 3, ( #4746, #970, #2439, #277 ),
 .UNSPECIFIED., .F., .F. ) 
 B_SPLINE_CURVE_WITH_KNOTS ( ( 4, 4 ),
 ( 0.5235987755984727876, 1.570796326794896780 ),
 .UNSPECIFIED. ) 
 CURVE ( )  GEOMETRIC_REPRESENTATION_ITEM ( )  RATIONAL_B_SPLINE_CURVE ( ( 1.000000000000000000, 0.9106836025229880782, 0.9106836025229880782, 1.000000000000000000 ) ) 
 REPRESENTATION_ITEM ( '' )  );
#2062 = AXIS2_PLACEMENT_3D ( 'NONE', #3122, #4647, #1236 ) ;
#2063 = CARTESIAN_POINT ( 'NONE',  ( -4.999999999999999112, 2.520480547234075441, 0.0000000000000000000 ) ) ;
#2064 = CARTESIAN_POINT ( 'NONE',  ( 0.0000000000000000000, 16.00000000000000000, 0.0000000000000000000 ) ) ;
#2065 = DIRECTION ( 'NONE',  ( -1.225696218315258576E-16, 1.000000000000000000, -0.0000000000000000000 ) ) ;
#2066 = CARTESIAN_POINT ( 'NONE',  ( 1.541450744646099934E-15, 0.2499999999999996669, 0.0000000000000000000 ) ) ;
#2067 = VECTOR ( 'NONE', #4786, 1000.000000000000000 ) ;
#2068 = FILL_AREA_STYLE ('',( #3170 ) ) ;
#2069 =( NAMED_UNIT ( * ) SI_UNIT ( $, .STERADIAN. ) SOLID_ANGLE_UNIT ( ) );
#2070 = CARTESIAN_POINT ( 'NONE',  ( 1.734723475976807094E-15, 0.9999999999999995559, 0.0000000000000000000 ) ) ;
#2071 = EDGE_LOOP ( 'NONE', ( #1138, #1005, #1330, #3280 ) ) ;
#2072 = DIRECTION ( 'NONE',  ( 1.000000000000000000, 0.0000000000000000000, 0.0000000000000000000 ) ) ;
#2073 = DIRECTION ( 'NONE',  ( 1.000000000000000000, -1.225696218315258576E-16, 0.0000000000000000000 ) ) ;
#2074 = EDGE_LOOP ( 'NONE', ( #2018, #1826, #225, #2425 ) ) ;
#2075 = ORIENTED_EDGE ( 'NONE', *, *, #4440, .T. ) ;
#2076 = EDGE_CURVE ( 'NONE', #1165, #1808, #1025, .T. ) ;
#2077 = DIRECTION ( 'NONE',  ( -1.000000000000000000, -8.923474670663719436E-17, 0.0000000000000000000 ) ) ;
#2078 = CARTESIAN_POINT ( 'NONE',  ( -2.500000000000000000, -3.740813662564058450, -0.3021537924574740352 ) ) ;
#2079 = EDGE_CURVE ( 'NONE', #4386, #1624, #2849, .T. ) ;
#2080 = EDGE_LOOP ( 'NONE', ( #3544, #4633, #1549, #4017 ) ) ;
#2081 = DIRECTION ( 'NONE',  ( -1.225696218315258576E-16, 1.000000000000000000, -0.0000000000000000000 ) ) ;
#2082 = PRODUCT_DEFINITION ( 'UNKNOWN', '', #1514, #1104 ) ;
#2083 = DIRECTION ( 'NONE',  ( -1.225696218315258576E-16, 1.000000000000000000, -0.0000000000000000000 ) ) ;
#2084 = EDGE_CURVE ( 'NONE', #2940, #3123, #3209, .T. ) ;
#2085 = SURFACE_SIDE_STYLE ('',( #1254 ) ) ;
#2086 = CYLINDRICAL_SURFACE ( 'NONE', #148, 5.000000000000001776 ) ;
#2087 = CARTESIAN_POINT ( 'NONE',  ( -2.500000000000002220, 16.49000000000000199, -0.05732050807568871142 ) ) ;
#2088 = CYLINDRICAL_SURFACE ( 'NONE', #4465, 0.009999999999999592548 ) ;
#2089 = CIRCLE ( 'NONE', #2804, 5.025400000000001199 ) ;
#2090 = CARTESIAN_POINT ( 'NONE',  ( 1.734723475976807094E-15, 0.9999999999999995559, 4.500000000000002665 ) ) ;
#2091 = CARTESIAN_POINT ( 'NONE',  ( -0.05366025403784671632, 16.50000000000000000, 2.503660254037844091 ) ) ;
#2092 = ORIENTED_EDGE ( 'NONE', *, *, #1222, .F. ) ;
#2093 = DIRECTION ( 'NONE',  ( -1.000000000000000000, -1.225696218315258576E-16, 0.0000000000000000000 ) ) ;
#2094 = AXIS2_PLACEMENT_3D ( 'NONE', #203, #2931, #3629 ) ;
#2095 = CYLINDRICAL_SURFACE ( 'NONE', #131, 0.009999999999999592548 ) ;
#2096 = PRESENTATION_LAYER_ASSIGNMENT (  '', '', ( #4261 ) ) ;
#2097 = ORIENTED_EDGE ( 'NONE', *, *, #743, .F. ) ;
#2098 = VECTOR ( 'NONE', #3850, 1000.000000000000000 ) ;
#2099 = VERTEX_POINT ( 'NONE', #2159 ) ;
#2100 =( LENGTH_UNIT ( ) NAMED_UNIT ( * ) SI_UNIT ( .MILLI., .METRE. ) );
#2101 = ORIENTED_EDGE ( 'NONE', *, *, #220, .F. ) ;
#2102 = CARTESIAN_POINT ( 'NONE',  ( 2.007974264412113463, 0.2499999999999998890, 0.9749565842061885812 ) ) ;
#2103 = DIRECTION ( 'NONE',  ( -1.000000000000000000, 0.0000000000000000000, 0.0000000000000000000 ) ) ;
#2104 = DIRECTION ( 'NONE',  ( 0.0000000000000000000, -1.000000000000000000, 0.0000000000000000000 ) ) ;
#2105 =( NAMED_UNIT ( * ) PLANE_ANGLE_UNIT ( ) SI_UNIT ( $, .RADIAN. ) );
#2106 = VERTEX_POINT ( 'NONE', #1710 ) ;
#2107 = DIRECTION ( 'NONE',  ( -1.225696218315258576E-16, -1.000000000000000000, -0.0000000000000000000 ) ) ;
#2108 = DIRECTION ( 'NONE',  ( -1.000000000000000000, 0.0000000000000000000, 0.0000000000000000000 ) ) ;
#2109 = PRESENTATION_STYLE_ASSIGNMENT (( #3240 ) ) ;
#2110 = EDGE_CURVE ( 'NONE', #3291, #763, #2927, .T. ) ;
#2111 = LINE ( 'NONE', #221, #1364 ) ;
#2112 = EDGE_CURVE ( 'NONE', #1328, #3952, #3560, .T. ) ;
#2113 =( NAMED_UNIT ( * ) SI_UNIT ( $, .STERADIAN. ) SOLID_ANGLE_UNIT ( ) );
#2114 = CARTESIAN_POINT ( 'NONE',  ( 0.0000000000000000000, 16.00000000000000000, 0.0000000000000000000 ) ) ;
#2115 = LINE ( 'NONE', #224, #423 ) ;
#2116 = VERTEX_POINT ( 'NONE', #2102 ) ;
#2117 =( NAMED_UNIT ( * ) SI_UNIT ( $, .STERADIAN. ) SOLID_ANGLE_UNIT ( ) );
#2118 = AXIS2_PLACEMENT_3D ( 'NONE', #1635, #3920, #1271 ) ;
#2119 = EDGE_LOOP ( 'NONE', ( #4583, #3114, #1267, #256 ) ) ;
#2120 = CIRCLE ( 'NONE', #3805, 0.09999999999999982514 ) ;
#2121 = STYLED_ITEM ( 'NONE', ( #4185 ), #705 ) ;
#2122 = SURFACE_SIDE_STYLE ('',( #3230 ) ) ;
#2123 = OPEN_SHELL ( 'NONE', ( #3039, #1854, #1124, #1037, #2180, #4324, #118, #2840 ) ) ;
#2124 = ORIENTED_EDGE ( 'NONE', *, *, #4240, .F. ) ;
#2125 = DIRECTION ( 'NONE',  ( -1.225696218315257837E-16, -1.000000000000000000, 0.0000000000000000000 ) ) ;
#2126 =( GEOMETRIC_REPRESENTATION_CONTEXT ( 3 ) GLOBAL_UNCERTAINTY_ASSIGNED_CONTEXT ( ( #2721 ) ) GLOBAL_UNIT_ASSIGNED_CONTEXT ( ( #4538, #1460, #4580 ) ) REPRESENTATION_CONTEXT ( 'NONE', 'WORKASPACE' ) );
#2127 = AXIS2_PLACEMENT_3D ( 'NONE', #143, #3451, #2324 ) ;
#2128 = VECTOR ( 'NONE', #1229, 1000.000000000000000 ) ;
#2129 = VERTEX_POINT ( 'NONE', #2496 ) ;
#2130 = DIRECTION ( 'NONE',  ( 1.000000000000000000, -1.225696218315258576E-16, -1.836970198721029688E-16 ) ) ;
#2131 = SURFACE_STYLE_FILL_AREA ( #3634 ) ;
#2132 = CIRCLE ( 'NONE', #3175, 0.1000000000000000472 ) ;
#2133 = DIRECTION ( 'NONE',  ( -1.225696218315258576E-16, 1.000000000000000000, -0.0000000000000000000 ) ) ;
#2134 = VERTEX_POINT ( 'NONE', #232 ) ;
#2135 = AXIS2_PLACEMENT_3D ( 'NONE', #874, #3879, #2072 ) ;
#2136 =( NAMED_UNIT ( * ) PLANE_ANGLE_UNIT ( ) SI_UNIT ( $, .RADIAN. ) );
#2137 = CARTESIAN_POINT ( 'NONE',  ( 0.0000000000000000000, 12.92212896455523818, 0.0000000000000000000 ) ) ;
#2138 = CARTESIAN_POINT ( 'NONE',  ( 2.507320508075686849, 16.49000000000000199, -0.05000000000000030809 ) ) ;
#2139 =( NAMED_UNIT ( * ) SI_UNIT ( $, .STERADIAN. ) SOLID_ANGLE_UNIT ( ) );
#2140 = PRESENTATION_LAYER_ASSIGNMENT (  '', '', ( #4544 ) ) ;
#2141 = EDGE_CURVE ( 'NONE', #2271, #178, #1176, .T. ) ;
#2142 = DIRECTION ( 'NONE',  ( 1.225696218315258576E-16, -1.000000000000000000, 0.0000000000000000000 ) ) ;
#2143 =( NAMED_UNIT ( * ) PLANE_ANGLE_UNIT ( ) SI_UNIT ( $, .RADIAN. ) );
#2144 = ORIENTED_EDGE ( 'NONE', *, *, #4893, .T. ) ;
#2145 = SURFACE_SIDE_STYLE ('',( #1307 ) ) ;
#2146 = CIRCLE ( 'NONE', #3663, 0.5254000000002139181 ) ;
#2147 = COLOUR_RGB ( '',0.0000000000000000000, 0.0000000000000000000, 0.7529411764705882248 ) ;
#2148 = DIRECTION ( 'NONE',  ( -1.225696218315258576E-16, 1.000000000000000000, -0.0000000000000000000 ) ) ;
#2149 = FILL_AREA_STYLE ('',( #2194 ) ) ;
#2150 = STYLED_ITEM ( 'NONE', ( #3113 ), #4802 ) ;
#2151 =( LENGTH_UNIT ( ) NAMED_UNIT ( * ) SI_UNIT ( .MILLI., .METRE. ) );
#2152 = ORIENTED_EDGE ( 'NONE', *, *, #2014, .T. ) ;
#2153 = ORIENTED_EDGE ( 'NONE', *, *, #1366, .T. ) ;
#2154 = PRESENTATION_STYLE_ASSIGNMENT (( #4409 ) ) ;
#2155 = EDGE_CURVE ( 'NONE', #2478, #364, #4781, .T. ) ;
#2156 = AXIS2_PLACEMENT_3D ( 'NONE', #4910, #797, #1498 ) ;
#2157 = CARTESIAN_POINT ( 'NONE',  ( 1.970924883378093462, 0.2499999999999998890, 0.8464212018542315308 ) ) ;
#2158 = VERTEX_POINT ( 'NONE', #635 ) ;
#2159 = CARTESIAN_POINT ( 'NONE',  ( -2.007974264412017984, 0.2499999999999994726, 0.9749565842063789844 ) ) ;
#2160 = FILL_AREA_STYLE ('',( #3798 ) ) ;
#2161 = FILL_AREA_STYLE ('',( #3287 ) ) ;
#2162 = PRESENTATION_STYLE_ASSIGNMENT (( #291 ) ) ;
#2163 = AXIS2_PLACEMENT_3D ( 'NONE', #4251, #3095, #1935 ) ;
#2164 = ORIENTED_EDGE ( 'NONE', *, *, #1604, .T. ) ;
#2165 = AXIS2_PLACEMENT_3D ( 'NONE', #4884, #1451, #1818 ) ;
#2166 = DIRECTION ( 'NONE',  ( -1.000000000000000000, -8.673617379884035472E-17, 0.0000000000000000000 ) ) ;
#2167 = CARTESIAN_POINT ( 'NONE',  ( 2.500000000000000000, -3.740813662564058006, -0.002153792457473946171 ) ) ;
#2168 = FILL_AREA_STYLE ('',( #1035 ) ) ;
#2169 = CIRCLE ( 'NONE', #1298, 0.5000000000002138290 ) ;
#2170 =( NAMED_UNIT ( * ) PLANE_ANGLE_UNIT ( ) SI_UNIT ( $, .RADIAN. ) );
#2171 = DIRECTION ( 'NONE',  ( 3.061515884555943639E-16, 3.752488442012313821E-32, 1.000000000000000000 ) ) ;
#2172 = COLOUR_RGB ( '',0.7529411764705882248, 0.7529411764705882248, 0.7529411764705882248 ) ;
#2173 = SURFACE_STYLE_FILL_AREA ( #2149 ) ;
#2174 = DIRECTION ( 'NONE',  ( -1.225696218315258576E-16, 1.000000000000000000, -0.0000000000000000000 ) ) ;
#2175 = VERTEX_POINT ( 'NONE', #3286 ) ;
#2176 = FILL_AREA_STYLE_COLOUR ( '', #2338 ) ;
#2177 = ORIENTED_EDGE ( 'NONE', *, *, #647, .T. ) ;
#2178 = CARTESIAN_POINT ( 'NONE',  ( -0.04866025403784745434, 16.49500000000000099, 0.04866025403784520614 ) ) ;
#2179 = FACE_OUTER_BOUND ( 'NONE', #1773, .T. ) ;
#2180 = ADVANCED_FACE ( 'NONE', ( #4436 ), #2837, .F. ) ;
#2181 = EDGE_CURVE ( 'NONE', #98, #336, #3011, .T. ) ;
#2182 = ORIENTED_EDGE ( 'NONE', *, *, #3344, .F. ) ;
#2183 = CARTESIAN_POINT ( 'NONE',  ( -0.05049038105677010335, 16.49816987298108018, 0.05049038105676783433 ) ) ;
#2184 = CARTESIAN_POINT ( 'NONE',  ( -1.918017371715800445, 0.2499999999999994726, 0.9312787012856003077 ) ) ;
#2185 =( NAMED_UNIT ( * ) SI_UNIT ( $, .STERADIAN. ) SOLID_ANGLE_UNIT ( ) );
#2186 = ORIENTED_EDGE ( 'NONE', *, *, #2052, .F. ) ;
#2187 = DIRECTION ( 'NONE',  ( -1.225696218315258576E-16, 1.000000000000000000, -0.0000000000000000000 ) ) ;
#2188 = FACE_OUTER_BOUND ( 'NONE', #2992, .T. ) ;
#2189 = FILL_AREA_STYLE ('',( #3315 ) ) ;
#2190 = FACE_OUTER_BOUND ( 'NONE', #44, .T. ) ;
#2191 =( NAMED_UNIT ( * ) SI_UNIT ( $, .STERADIAN. ) SOLID_ANGLE_UNIT ( ) );
#2192 = ORIENTED_EDGE ( 'NONE', *, *, #3376, .T. ) ;
#2193 = FILL_AREA_STYLE_COLOUR ( '', #1848 ) ;
#2194 = FILL_AREA_STYLE_COLOUR ( '', #4193 ) ;
#2195 = ORIENTED_EDGE ( 'NONE', *, *, #1302, .F. ) ;
#2196 = VERTEX_POINT ( 'NONE', #4116 ) ;
#2197 = DIRECTION ( 'NONE',  ( -1.225696218315258576E-16, 1.000000000000000000, -0.0000000000000000000 ) ) ;
#2198 =( GEOMETRIC_REPRESENTATION_CONTEXT ( 3 ) GLOBAL_UNCERTAINTY_ASSIGNED_CONTEXT ( ( #3790 ) ) GLOBAL_UNIT_ASSIGNED_CONTEXT ( ( #1305, #3875, #1961 ) ) REPRESENTATION_CONTEXT ( 'NONE', 'WORKASPACE' ) );
#2199 = AXIS2_PLACEMENT_3D ( 'NONE', #537, #2378, #3862 ) ;
#2200 = CIRCLE ( 'NONE', #2355, 0.4746000000002141839 ) ;
#2201 = EDGE_LOOP ( 'NONE', ( #1420, #3821, #976, #1480 ) ) ;
#2202 = CIRCLE ( 'NONE', #1411, 0.09999999999999961697 ) ;
#2203 = DIRECTION ( 'NONE',  ( 6.585777723484378812E-17, -1.000000000000000000, 0.0000000000000000000 ) ) ;
#2204 = ADVANCED_FACE ( 'NONE', ( #1895 ), #3737, .F. ) ;
#2205 = SURFACE_STYLE_FILL_AREA ( #4073 ) ;
#2206 = VECTOR ( 'NONE', #1649, 1000.000000000000000 ) ;
#2207 = VECTOR ( 'NONE', #2503, 1000.000000000000000 ) ;
#2208 = CIRCLE ( 'NONE', #561, 0.5000000000000004441 ) ;
#2209 = SURFACE_STYLE_FILL_AREA ( #1898 ) ;
#2210 = VERTEX_POINT ( 'NONE', #3062 ) ;
#2211 = CARTESIAN_POINT ( 'NONE',  ( 5.023486311751856448, 6.591139007125195626, -0.1386738462787319437 ) ) ;
#2212 = SURFACE_STYLE_USAGE ( .BOTH. , #3691 ) ;
#2213 =( LENGTH_UNIT ( ) NAMED_UNIT ( * ) SI_UNIT ( .MILLI., .METRE. ) );
#2214 = EDGE_CURVE ( 'NONE', #3574, #2158, #3480, .T. ) ;
#2215 = DIRECTION ( 'NONE',  ( -1.000000000000000000, 0.0000000000000000000, 0.0000000000000000000 ) ) ;
#2216 = DIRECTION ( 'NONE',  ( -1.000000000000000000, 0.0000000000000000000, 0.0000000000000000000 ) ) ;
#2217 = DIRECTION ( 'NONE',  ( 0.0000000000000000000, 1.000000000000000000, 0.0000000000000000000 ) ) ;
#2218 = VERTEX_POINT ( 'NONE', #1123 ) ;
#2219 = CARTESIAN_POINT ( 'NONE',  ( 2.496830127018921708, 16.49183012701892181, 0.04683012701892330654 ) ) ;
#2220 = SURFACE_STYLE_FILL_AREA ( #733 ) ;
#2221 = EDGE_LOOP ( 'NONE', ( #1068, #1204 ) ) ;
#2222 = CARTESIAN_POINT ( 'NONE',  ( 1.734723475976807094E-15, 0.9999999999999995559, 0.0000000000000000000 ) ) ;
#2223 = MECHANICAL_DESIGN_GEOMETRIC_PRESENTATION_REPRESENTATION (  '', ( #18 ), #1127 ) ;
#2224 = ORIENTED_EDGE ( 'NONE', *, *, #527, .T. ) ;
#2225 = CIRCLE ( 'NONE', #2453, 0.5254000000002143622 ) ;
#2226 = COLOUR_RGB ( '',1.000000000000000000, 1.000000000000000000, 1.000000000000000000 ) ;
#2227 = COLOUR_RGB ( '',0.2509803921568627416, 0.2509803921568627416, 0.2509803921568627416 ) ;
#2228 = VERTEX_POINT ( 'NONE', #3388 ) ;
#2229 = STYLED_ITEM ( 'NONE', ( #3379 ), #3246 ) ;
#2230 = TOROIDAL_SURFACE ( 'NONE', #1748, 4.500000000000000000, 0.5000000000000004441 ) ;
#2231 = FILL_AREA_STYLE_COLOUR ( '', #1966 ) ;
#2232 = ADVANCED_FACE ( 'NONE', ( #4897 ), #413, .T. ) ;
#2233 = PRESENTATION_LAYER_ASSIGNMENT (  '', '', ( #592 ) ) ;
#2234 = CARTESIAN_POINT ( 'NONE',  ( 1.734723475976807094E-15, 0.9999999999999995559, 0.0000000000000000000 ) ) ;
#2235 = VERTEX_POINT ( 'NONE', #3834 ) ;
#2236 = UNCERTAINTY_MEASURE_WITH_UNIT (LENGTH_MEASURE( 1.000000000000000082E-05 ), #1367, 'distance_accuracy_value', 'NONE');
#2237 = CARTESIAN_POINT ( 'NONE',  ( -2.007754434547799338, 0.4999999999999994449, -0.9793389622512506110 ) ) ;
#2238 = MECHANICAL_DESIGN_GEOMETRIC_PRESENTATION_REPRESENTATION (  '', ( #33 ), #3843 ) ;
#2239 = EDGE_CURVE ( 'NONE', #563, #2276, #485, .T. ) ;
#2240 = EDGE_CURVE ( 'NONE', #1823, #4485, #1243, .T. ) ;
#2241 = CARTESIAN_POINT ( 'NONE',  ( 0.0000000000000000000, 12.92212896455523818, 0.0000000000000000000 ) ) ;
#2242 = FACE_OUTER_BOUND ( 'NONE', #332, .T. ) ;
#2243 = ORIENTED_EDGE ( 'NONE', *, *, #774, .T. ) ;
#2244 = CARTESIAN_POINT ( 'NONE',  ( 1.799121555287090594E-15, 0.4745999999999994112, 0.0000000000000000000 ) ) ;
#2245 = SURFACE_SIDE_STYLE ('',( #4161 ) ) ;
#2246 = STYLED_ITEM ( 'NONE', ( #1672 ), #4114 ) ;
#2247 = SURFACE_STYLE_USAGE ( .BOTH. , #3299 ) ;
#2248 = LINE ( 'NONE', #4236, #321 ) ;
#2249 = SURFACE_STYLE_FILL_AREA ( #1580 ) ;
#2250 = ORIENTED_EDGE ( 'NONE', *, *, #2750, .F. ) ;
#2251 = SURFACE_STYLE_FILL_AREA ( #2622 ) ;
#2252 = MECHANICAL_DESIGN_GEOMETRIC_PRESENTATION_REPRESENTATION (  '', ( #4028 ), #1463 ) ;
#2253 = CIRCLE ( 'NONE', #2895, 5.000000000000000000 ) ;
#2254 = DIRECTION ( 'NONE',  ( -1.000000000000000000, -1.225696218315258576E-16, 0.0000000000000000000 ) ) ;
#2255 = ORIENTED_EDGE ( 'NONE', *, *, #4029, .F. ) ;
#2256 = CARTESIAN_POINT ( 'NONE',  ( -3.772534888606711006E-16, 15.99999999999999645, 0.0000000000000000000 ) ) ;
#2257 = PRESENTATION_STYLE_ASSIGNMENT (( #3718 ) ) ;
#2258 = CARTESIAN_POINT ( 'NONE',  ( 1.734723475976807094E-15, 1.826506484316722911, 5.219999999998981011 ) ) ;
#2259 = CIRCLE ( 'NONE', #3147, 0.09999999999999982514 ) ;
#2260 = ORIENTED_EDGE ( 'NONE', *, *, #3410, .T. ) ;
#2261 = EDGE_CURVE ( 'NONE', #176, #2129, #1539, .T. ) ;
#2262 = DIRECTION ( 'NONE',  ( 1.225696218315258576E-16, -1.000000000000000000, 0.0000000000000000000 ) ) ;
#2263 = PRESENTATION_STYLE_ASSIGNMENT (( #1545 ) ) ;
#2264 = ADVANCED_FACE ( 'NONE', ( #3456 ), #3135, .F. ) ;
#2265 = DIRECTION ( 'NONE',  ( -0.0000000000000000000, 1.000000000000000000, -0.0000000000000000000 ) ) ;
#2266 = FILL_AREA_STYLE ('',( #2176 ) ) ;
#2267 = VERTEX_POINT ( 'NONE', #2348 ) ;
#2268 = LINE ( 'NONE', #3801, #3975 ) ;
#2269 = CYLINDRICAL_SURFACE ( 'NONE', #2486, 5.025400000000002088 ) ;
#2270 = UNCERTAINTY_MEASURE_WITH_UNIT (LENGTH_MEASURE( 1.000000000000000082E-05 ), #880, 'distance_accuracy_value', 'NONE');
#2271 = VERTEX_POINT ( 'NONE', #2724 ) ;
#2272 = SURFACE_STYLE_USAGE ( .BOTH. , #1481 ) ;
#2273 =( GEOMETRIC_REPRESENTATION_CONTEXT ( 3 ) GLOBAL_UNCERTAINTY_ASSIGNED_CONTEXT ( ( #3523 ) ) GLOBAL_UNIT_ASSIGNED_CONTEXT ( ( #4400, #4420, #1349 ) ) REPRESENTATION_CONTEXT ( 'NONE', 'WORKASPACE' ) );
#2274 = SURFACE_STYLE_USAGE ( .BOTH. , #1097 ) ;
#2275 = AXIS2_PLACEMENT_3D ( 'NONE', #4338, #107, #2028 ) ;
#2276 = VERTEX_POINT ( 'NONE', #3107 ) ;
#2278 = MECHANICAL_DESIGN_GEOMETRIC_PRESENTATION_REPRESENTATION (  '', ( #1805 ), #3643 ) ;
#2277 = CARTESIAN_POINT ( 'NONE',  ( 4.488363120374365043E-16, 2.520480547234075885, -5.000000000000000000 ) ) ;
#2279 = AXIS2_PLACEMENT_3D ( 'NONE', #4044, #3232, #4730 ) ;
#2280 = PRESENTATION_STYLE_ASSIGNMENT (( #4584 ) ) ;
#2281 = STYLED_ITEM ( 'NONE', ( #4662 ), #4 ) ;
#2282 = DIRECTION ( 'NONE',  ( -1.000000000000000000, -1.225696218315258576E-16, 1.221441296278566376E-16 ) ) ;
#2283 = UNCERTAINTY_MEASURE_WITH_UNIT (LENGTH_MEASURE( 1.000000000000000082E-05 ), #1213, 'distance_accuracy_value', 'NONE');
#2284 = MECHANICAL_DESIGN_GEOMETRIC_PRESENTATION_REPRESENTATION (  '', ( #1877 ), #4450 ) ;
#2285 = AXIS2_PLACEMENT_3D ( 'NONE', #1172, #2684, #820 ) ;
#2286 = FILL_AREA_STYLE ('',( #3719 ) ) ;
#2287 = LINE ( 'NONE', #2757, #2128 ) ;
#2288 = VERTEX_POINT ( 'NONE', #4260 ) ;
#2289 = CARTESIAN_POINT ( 'NONE',  ( -2.007974264412017984, 0.2499999999999994726, 0.9749565842063789844 ) ) ;
#2290 = MECHANICAL_DESIGN_GEOMETRIC_PRESENTATION_REPRESENTATION (  '', ( #1268 ), #3013 ) ;
#2291 = AXIS2_PLACEMENT_3D ( 'NONE', #2650, #1057, #697 ) ;
#2292 = UNCERTAINTY_MEASURE_WITH_UNIT (LENGTH_MEASURE( 1.000000000000000082E-05 ), #3195, 'distance_accuracy_value', 'NONE');
#2293 = EDGE_CURVE ( 'NONE', #343, #3952, #1847, .T. ) ;
#2294 =( GEOMETRIC_REPRESENTATION_CONTEXT ( 3 ) GLOBAL_UNCERTAINTY_ASSIGNED_CONTEXT ( ( #4670 ) ) GLOBAL_UNIT_ASSIGNED_CONTEXT ( ( #2213, #4078, #2630 ) ) REPRESENTATION_CONTEXT ( 'NONE', 'WORKASPACE' ) );
#2295 = DIRECTION ( 'NONE',  ( -1.000000000000000000, -1.225696218315258576E-16, 0.0000000000000000000 ) ) ;
#2296 = PRESENTATION_STYLE_ASSIGNMENT (( #1445 ) ) ;
#2297 = CARTESIAN_POINT ( 'NONE',  ( -1.415090661399410417E-15, 1.826506484316722911, 5.219999999998981011 ) ) ;
#2298 = EDGE_LOOP ( 'NONE', ( #1654, #1353, #4875, #4337 ) ) ;
#2299 = CARTESIAN_POINT ( 'NONE',  ( -1.970796952063404550, 0.2499999999999994726, -0.8506490099187260512 ) ) ;
#2300 = DIRECTION ( 'NONE',  ( -1.000000000000000000, 0.0000000000000000000, 0.0000000000000000000 ) ) ;
#2301 = EDGE_CURVE ( 'NONE', #3736, #1624, #233, .T. ) ;
#2302 = VECTOR ( 'NONE', #141, 1000.000000000000000 ) ;
#2303 = VERTEX_POINT ( 'NONE', #3550 ) ;
#2304 = PRESENTATION_STYLE_ASSIGNMENT (( #2272 ) ) ;
#2305 = ADVANCED_FACE ( 'NONE', ( #2799 ), #4341, .T. ) ;
#2306 = STYLED_ITEM ( 'NONE', ( #2993 ), #32 ) ;
#2307 = AXIS2_PLACEMENT_3D ( 'NONE', #4058, #2416, #4377 ) ;
#2308 = AXIS2_PLACEMENT_3D ( 'NONE', #3948, #2681, #4660 ) ;
#2309 =( LENGTH_UNIT ( ) NAMED_UNIT ( * ) SI_UNIT ( .MILLI., .METRE. ) );
#2310 = FILL_AREA_STYLE ('',( #2608 ) ) ;
#2311 = LINE ( 'NONE', #3462, #2725 ) ;
#2312 =( GEOMETRIC_REPRESENTATION_CONTEXT ( 3 ) GLOBAL_UNCERTAINTY_ASSIGNED_CONTEXT ( ( #1546 ) ) GLOBAL_UNIT_ASSIGNED_CONTEXT ( ( #3196, #3617, #2191 ) ) REPRESENTATION_CONTEXT ( 'NONE', 'WORKASPACE' ) );
#2313 = LINE ( 'NONE', #4291, #4635 ) ;
#2314 = UNCERTAINTY_MEASURE_WITH_UNIT (LENGTH_MEASURE( 1.000000000000000082E-05 ), #2758, 'distance_accuracy_value', 'NONE');
#2315 = CARTESIAN_POINT ( 'NONE',  ( 1.500000000000202505, 0.2499999999999998890, -0.002153792457473946171 ) ) ;
#2316 = VERTEX_POINT ( 'NONE', #1655 ) ;
#2317 = LINE ( 'NONE', #2289, #4687 ) ;
#2318 = SURFACE_STYLE_USAGE ( .BOTH. , #3145 ) ;
#2319 = CARTESIAN_POINT ( 'NONE',  ( 5.020290614649573158, 15.09113900712519296, 0.2265553011108362713 ) ) ;
#2320 = CARTESIAN_POINT ( 'NONE',  ( -0.04866025403784668413, 16.49500000000000099, 2.498660254037845085 ) ) ;
#2321 = SURFACE_SIDE_STYLE ('',( #4094 ) ) ;
#2322 = CARTESIAN_POINT ( 'NONE',  ( -2.384441842277483058E-15, 0.9999999999999991118, -5.025400000000002088 ) ) ;
#2323 = VERTEX_POINT ( 'NONE', #4431 ) ;
#2324 = DIRECTION ( 'NONE',  ( -1.000000000000000000, -1.204669080539448604E-16, 0.0000000000000000000 ) ) ;
#2325 = AXIS2_PLACEMENT_3D ( 'NONE', #4792, #2561, #1377 ) ;
#2326 = LINE ( 'NONE', #4258, #3211 ) ;
#2327 = UNCERTAINTY_MEASURE_WITH_UNIT (LENGTH_MEASURE( 1.000000000000000082E-05 ), #1449, 'distance_accuracy_value', 'NONE');
#2328 = UNCERTAINTY_MEASURE_WITH_UNIT (LENGTH_MEASURE( 1.000000000000000082E-05 ), #3916, 'distance_accuracy_value', 'NONE');
#2329 = ORIENTED_EDGE ( 'NONE', *, *, #890, .T. ) ;
#2330 = EDGE_CURVE ( 'NONE', #4697, #4242, #4064, .T. ) ;
#2331 = COLOUR_RGB ( '',0.0000000000000000000, 0.0000000000000000000, 0.7529411764705882248 ) ;
#2332 = EDGE_CURVE ( 'NONE', #282, #2267, #3384, .T. ) ;
#2333 = SURFACE_SIDE_STYLE ('',( #836 ) ) ;
#2334 = DIRECTION ( 'NONE',  ( -1.000000000000000000, 0.0000000000000000000, 0.0000000000000000000 ) ) ;
#2335 = CARTESIAN_POINT ( 'NONE',  ( 1.402516320614545356E-15, 1.479519452858046424, 0.0000000000000000000 ) ) ;
#2336 =( LENGTH_UNIT ( ) NAMED_UNIT ( * ) SI_UNIT ( .MILLI., .METRE. ) );
#2337 = VECTOR ( 'NONE', #2614, 1000.000000000000000 ) ;
#2338 = COLOUR_RGB ( '',0.7529411764705882248, 0.7529411764705882248, 0.7529411764705882248 ) ;
#2339 = DIRECTION ( 'NONE',  ( -1.000000000000000000, -1.225696218315258576E-16, 0.0000000000000000000 ) ) ;
#2340 = ORIENTED_EDGE ( 'NONE', *, *, #2877, .T. ) ;
#2341 = FACE_OUTER_BOUND ( 'NONE', #3934, .T. ) ;
#2342 = CARTESIAN_POINT ( 'NONE',  ( 1.402516320614545356E-15, 1.479519452858046424, 0.0000000000000000000 ) ) ;
#2343 = UNCERTAINTY_MEASURE_WITH_UNIT (LENGTH_MEASURE( 1.000000000000000082E-05 ), #755, 'distance_accuracy_value', 'NONE');
#2344 = VERTEX_POINT ( 'NONE', #1018 ) ;
#2345 = DIRECTION ( 'NONE',  ( 0.0000000000000000000, 1.000000000000000000, 0.0000000000000000000 ) ) ;
#2346 = PRESENTATION_STYLE_ASSIGNMENT (( #4257 ) ) ;
#2347 = ORIENTED_EDGE ( 'NONE', *, *, #2815, .F. ) ;
#2348 = CARTESIAN_POINT ( 'NONE',  ( 7.622385101141795389E-16, 16.52539999999999765, -4.500000000000000000 ) ) ;
#2349 = EDGE_CURVE ( 'NONE', #4489, #1484, #2893, .T. ) ;
#2350 =( NAMED_UNIT ( * ) SI_UNIT ( $, .STERADIAN. ) SOLID_ANGLE_UNIT ( ) );
#2351 = DIRECTION ( 'NONE',  ( 1.000000000000000000, -0.0000000000000000000, -0.0000000000000000000 ) ) ;
#2352 = CARTESIAN_POINT ( 'NONE',  ( 2.269436794980713770E-15, 0.9999999999999991118, 5.025400000000002088 ) ) ;
#2353 = MECHANICAL_DESIGN_GEOMETRIC_PRESENTATION_REPRESENTATION (  '', ( #4903 ), #788 ) ;
#2354 = VECTOR ( 'NONE', #182, 1000.000000000000000 ) ;
#2355 = AXIS2_PLACEMENT_3D ( 'NONE', #4433, #611, #2125 ) ;
#2356 = SURFACE_STYLE_FILL_AREA ( #1881 ) ;
#2357 = ADVANCED_FACE ( 'NONE', ( #1314 ), #230, .F. ) ;
#2358 = EDGE_LOOP ( 'NONE', ( #4506, #2891, #1285, #3346 ) ) ;
#2359 = PRESENTATION_STYLE_ASSIGNMENT (( #3510 ) ) ;
#2360 =( NAMED_UNIT ( * ) PLANE_ANGLE_UNIT ( ) SI_UNIT ( $, .RADIAN. ) );
#2361 = MECHANICAL_DESIGN_GEOMETRIC_PRESENTATION_REPRESENTATION (  '', ( #3892 ), #1493 ) ;
#2362 = CIRCLE ( 'NONE', #4215, 5.025399999999999423 ) ;
#2363 = SURFACE_SIDE_STYLE ('',( #3513 ) ) ;
#2364 = AXIS2_PLACEMENT_3D ( 'NONE', #1348, #3142, #164 ) ;
#2365 = CIRCLE ( 'NONE', #2679, 5.000000000000000000 ) ;
#2366 = FILL_AREA_STYLE ('',( #4231 ) ) ;
#2367 = FILL_AREA_STYLE ('',( #3958 ) ) ;
#2368 = CARTESIAN_POINT ( 'NONE',  ( 1.274926112935544208E-15, 2.520480547234075885, 0.0000000000000000000 ) ) ;
#2369 = CIRCLE ( 'NONE', #2374, 0.5000000000002138290 ) ;
#2370 = EDGE_LOOP ( 'NONE', ( #4351, #3061, #2577, #1173 ) ) ;
#2371 = DIRECTION ( 'NONE',  ( 0.9988722292758334120, 8.629778107099968020E-17, -0.04747914891325386716 ) ) ;
#2372 = PRESENTATION_STYLE_ASSIGNMENT (( #1310 ) ) ;
#2373 = UNCERTAINTY_MEASURE_WITH_UNIT (LENGTH_MEASURE( 1.000000000000000082E-05 ), #1812, 'distance_accuracy_value', 'NONE');
#2374 = AXIS2_PLACEMENT_3D ( 'NONE', #190, #4368, #916 ) ;
#2375 = VERTEX_POINT ( 'NONE', #1385 ) ;
#2376 = CARTESIAN_POINT ( 'NONE',  ( -0.05049038105677015886, 16.49816987298108018, -0.05049038105676785515 ) ) ;
#2377 = ORIENTED_EDGE ( 'NONE', *, *, #4177, .T. ) ;
#2378 = DIRECTION ( 'NONE',  ( 1.225696218315258576E-16, -1.000000000000000000, 0.0000000000000000000 ) ) ;
#2379 = DIRECTION ( 'NONE',  ( -1.000000000000000000, -1.225696218315258576E-16, 0.0000000000000000000 ) ) ;
#2380 =( GEOMETRIC_REPRESENTATION_CONTEXT ( 3 ) GLOBAL_UNCERTAINTY_ASSIGNED_CONTEXT ( ( #1537 ) ) GLOBAL_UNIT_ASSIGNED_CONTEXT ( ( #2607, #2648, #1131 ) ) REPRESENTATION_CONTEXT ( 'NONE', 'WORKASPACE' ) );
#2381 = VECTOR ( 'NONE', #3774, 1000.000000000000000 ) ;
#2382 = LINE ( 'NONE', #1200, #1226 ) ;
#2383 = EDGE_CURVE ( 'NONE', #516, #2626, #2899, .T. ) ;
#2384 = AXIS2_PLACEMENT_3D ( 'NONE', #3089, #88, #2006 ) ;
#2385 = CARTESIAN_POINT ( 'NONE',  ( 0.0000000000000000000, 12.92212896455523818, -5.000000000000001776 ) ) ;
#2386 =( NAMED_UNIT ( * ) PLANE_ANGLE_UNIT ( ) SI_UNIT ( $, .RADIAN. ) );
#2387 = CARTESIAN_POINT ( 'NONE',  ( 5.023804620177152458, 14.99113900712519687, 0.1266187122296502099 ) ) ;
#2388 = SURFACE_SIDE_STYLE ('',( #498 ) ) ;
#2389 = AXIS2_PLACEMENT_3D ( 'NONE', #2853, #1737, #3191 ) ;
#2390 = SURFACE_SIDE_STYLE ('',( #1989 ) ) ;
#2391 = EDGE_CURVE ( 'NONE', #2675, #4890, #4806, .T. ) ;
#2392 = EDGE_CURVE ( 'NONE', #3207, #1632, #532, .T. ) ;
#2393 = DIRECTION ( 'NONE',  ( -0.0000000000000000000, 1.000000000000000000, -0.0000000000000000000 ) ) ;
#2394 = SURFACE_SIDE_STYLE ('',( #2766 ) ) ;
#2395 = CARTESIAN_POINT ( 'NONE',  ( 0.0000000000000000000, 12.92212896455523818, 0.0000000000000000000 ) ) ;
#2396 = VERTEX_POINT ( 'NONE', #4042 ) ;
#2397 = FILL_AREA_STYLE_COLOUR ( '', #3088 ) ;
#2398 = DIRECTION ( 'NONE',  ( -1.836970198721029934E-16, 0.0000000000000000000, -1.000000000000000000 ) ) ;
#2399 =( GEOMETRIC_REPRESENTATION_CONTEXT ( 3 ) GLOBAL_UNCERTAINTY_ASSIGNED_CONTEXT ( ( #3495 ) ) GLOBAL_UNIT_ASSIGNED_CONTEXT ( ( #1160, #793, #3168 ) ) REPRESENTATION_CONTEXT ( 'NONE', 'WORKASPACE' ) );
#2400 = EDGE_LOOP ( 'NONE', ( #3807, #2007, #591, #3703 ) ) ;
#2401 = SURFACE_STYLE_USAGE ( .BOTH. , #4672 ) ;
#2402 = ORIENTED_EDGE ( 'NONE', *, *, #150, .T. ) ;
#2403 = COLOUR_RGB ( '',1.000000000000000000, 1.000000000000000000, 1.000000000000000000 ) ;
#2404 = DIRECTION ( 'NONE',  ( 1.000000000000000000, -0.0000000000000000000, -0.0000000000000000000 ) ) ;
#2405 = CARTESIAN_POINT ( 'NONE',  ( 1.734723475976807094E-15, 0.9999999999999995559, -4.500000000000002665 ) ) ;
#2406 = DIRECTION ( 'NONE',  ( -1.000000000000000000, -1.225696218315258576E-16, 1.221441296278566376E-16 ) ) ;
#2407 =( BOUNDED_CURVE ( )  B_SPLINE_CURVE ( 3, ( #2033, #2807, #3566, #115 ),
 .UNSPECIFIED., .F., .T. ) 
 B_SPLINE_CURVE_WITH_KNOTS ( ( 4, 4 ),
 ( 0.5235987755984745640, 1.570796326794896780 ),
 .UNSPECIFIED. ) 
 CURVE ( )  GEOMETRIC_REPRESENTATION_ITEM ( )  RATIONAL_B_SPLINE_CURVE ( ( 1.000000000000000000, 0.9106836025229883003, 0.9106836025229883003, 1.000000000000000000 ) ) 
 REPRESENTATION_ITEM ( '' )  );
#2408 = ORIENTED_EDGE ( 'NONE', *, *, #2240, .F. ) ;
#2409 = CYLINDRICAL_SURFACE ( 'NONE', #38, 5.025400000000000311 ) ;
#2410 = DIRECTION ( 'NONE',  ( -1.225696218315259069E-16, -1.000000000000000000, 1.650859798226208986E-15 ) ) ;
#2411 = FILL_AREA_STYLE ('',( #598 ) ) ;
#2412 = DIRECTION ( 'NONE',  ( -1.225696218315258576E-16, 1.000000000000000000, -0.0000000000000000000 ) ) ;
#2413 = AXIS2_PLACEMENT_3D ( 'NONE', #3940, #533, #1972 ) ;
#2414 = CARTESIAN_POINT ( 'NONE',  ( 1.734723475976807094E-15, 0.4999999999999990563, 4.500000000000002665 ) ) ;
#2415 = EDGE_CURVE ( 'NONE', #1889, #2570, #3030, .T. ) ;
#2416 = DIRECTION ( 'NONE',  ( -1.000000000000000000, 1.225696218315258576E-16, 1.836970198721029688E-16 ) ) ;
#2417 = EDGE_LOOP ( 'NONE', ( #2586, #3992, #4442, #4345 ) ) ;
#2418 = DIRECTION ( 'NONE',  ( 0.9996191968304722897, 8.629778107099966787E-17, -0.02759458874492174210 ) ) ;
#2419 = EDGE_CURVE ( 'NONE', #4048, #4557, #1776, .T. ) ;
#2420 = DIRECTION ( 'NONE',  ( 1.000000000000000000, -1.225696218315258576E-16, -1.836970198721029688E-16 ) ) ;
#2421 = SURFACE_STYLE_USAGE ( .BOTH. , #4603 ) ;
#2422 = DIRECTION ( 'NONE',  ( -1.225696218315258576E-16, 1.000000000000000000, -0.0000000000000000000 ) ) ;
#2423 = ORIENTED_EDGE ( 'NONE', *, *, #1689, .T. ) ;
#2424 = ORIENTED_EDGE ( 'NONE', *, *, #3285, .F. ) ;
#2425 = ORIENTED_EDGE ( 'NONE', *, *, #4820, .F. ) ;
#2426 = DIRECTION ( 'NONE',  ( 1.225696218315258576E-16, 1.000000000000000000, 0.0000000000000000000 ) ) ;
#2427 = DIRECTION ( 'NONE',  ( -1.225696218315258576E-16, 1.000000000000000000, -0.0000000000000000000 ) ) ;
#2428 = CARTESIAN_POINT ( 'NONE',  ( 1.445046389840879204E-15, 1.132532421399370604, 0.0000000000000000000 ) ) ;
#2429 = CARTESIAN_POINT ( 'NONE',  ( 1.461290838612216542E-15, 0.9999999999999991118, 0.0000000000000000000 ) ) ;
#2430 = CARTESIAN_POINT ( 'NONE',  ( -2.500000000000000000, -3.740813662564058450, -0.002153792457473946171 ) ) ;
#2431 = CARTESIAN_POINT ( 'NONE',  ( 1.541450744646099934E-15, 0.2499999999999996669, 0.0000000000000000000 ) ) ;
#2432 =( BOUNDED_CURVE ( )  B_SPLINE_CURVE ( 3, ( #958, #2906, #2183, #211 ),
 .UNSPECIFIED., .F., .T. ) 
 B_SPLINE_CURVE_WITH_KNOTS ( ( 4, 4 ),
 ( 4.712388980384692339, 5.759586531581127211 ),
 .UNSPECIFIED. ) 
 CURVE ( )  GEOMETRIC_REPRESENTATION_ITEM ( )  RATIONAL_B_SPLINE_CURVE ( ( 1.000000000000000000, 0.9106836025229860798, 0.9106836025229860798, 1.000000000000000000 ) ) 
 REPRESENTATION_ITEM ( '' )  );
#2433 = STYLED_ITEM ( 'NONE', ( #2812 ), #4081 ) ;
#2434 = VECTOR ( 'NONE', #1467, 1000.000000000000000 ) ;
#2435 = DIRECTION ( 'NONE',  ( 0.9988722292758334120, 1.725955621419993604E-16, -0.04747914891325386716 ) ) ;
#2436 = FILL_AREA_STYLE ('',( #1622 ) ) ;
#2437 = ORIENTED_EDGE ( 'NONE', *, *, #3353, .T. ) ;
#2438 = VECTOR ( 'NONE', #4410, 1000.000000000000000 ) ;
#2439 = CARTESIAN_POINT ( 'NONE',  ( 2.503660254037843202, 16.50000000000000000, -0.05366025403784559222 ) ) ;
#2440 = DIRECTION ( 'NONE',  ( -1.225696218315258576E-16, 1.000000000000000000, -0.0000000000000000000 ) ) ;
#2441 = PRESENTATION_LAYER_ASSIGNMENT (  '', '', ( #3483 ) ) ;
#2442 = ADVANCED_FACE ( 'NONE', ( #3704 ), #3137, .T. ) ;
#2443 = ORIENTED_EDGE ( 'NONE', *, *, #2349, .T. ) ;
#2444 = ORIENTED_EDGE ( 'NONE', *, *, #4564, .F. ) ;
#2445 = FILL_AREA_STYLE ('',( #3631 ) ) ;
#2446 = EDGE_CURVE ( 'NONE', #4891, #4048, #4189, .T. ) ;
#2447 = ADVANCED_FACE ( 'NONE', ( #777 ), #1089, .T. ) ;
#2448 = ORIENTED_EDGE ( 'NONE', *, *, #857, .F. ) ;
#2449 = SURFACE_STYLE_USAGE ( .BOTH. , #2333 ) ;
#2450 = CARTESIAN_POINT ( 'NONE',  ( 0.0000000000000000000, 12.92212896455523818, 0.0000000000000000000 ) ) ;
#2451 = CARTESIAN_POINT ( 'NONE',  ( 5.431047634214890522E-16, 8.491139007125196869, 0.0000000000000000000 ) ) ;
#2452 = AXIS2_PLACEMENT_3D ( 'NONE', #2395, #1163, #849 ) ;
#2453 = AXIS2_PLACEMENT_3D ( 'NONE', #1249, #1199, #491 ) ;
#2454 = CARTESIAN_POINT ( 'NONE',  ( -3.772534888606711006E-16, 15.99999999999999645, 0.0000000000000000000 ) ) ;
#2455 = DIRECTION ( 'NONE',  ( 1.000000000000000000, -8.629778107099966787E-17, 0.0000000000000000000 ) ) ;
#2456 = DIRECTION ( 'NONE',  ( 1.000000000000000000, 0.0000000000000000000, 0.0000000000000000000 ) ) ;
#2457 = CIRCLE ( 'NONE', #1355, 5.000000000000000000 ) ;
#2458 =( NAMED_UNIT ( * ) PLANE_ANGLE_UNIT ( ) SI_UNIT ( $, .RADIAN. ) );
#2459 = CIRCLE ( 'NONE', #4001, 5.025400000000000311 ) ;
#2460 = FILL_AREA_STYLE_COLOUR ( '', #1107 ) ;
#2461 =( GEOMETRIC_REPRESENTATION_CONTEXT ( 3 ) GLOBAL_UNCERTAINTY_ASSIGNED_CONTEXT ( ( #2236 ) ) GLOBAL_UNIT_ASSIGNED_CONTEXT ( ( #1367, #3235, #4339 ) ) REPRESENTATION_CONTEXT ( 'NONE', 'WORKASPACE' ) );
#2462 = CARTESIAN_POINT ( 'NONE',  ( -0.04866025403784668413, 16.49500000000000099, 2.498660254037845085 ) ) ;
#2463 = FACE_OUTER_BOUND ( 'NONE', #3679, .T. ) ;
#2464 = ORIENTED_EDGE ( 'NONE', *, *, #1986, .F. ) ;
#2465 = FACE_OUTER_BOUND ( 'NONE', #3762, .T. ) ;
#2466 = PRESENTATION_STYLE_ASSIGNMENT (( #4405 ) ) ;
#2467 = CARTESIAN_POINT ( 'NONE',  ( 2.500000000000000000, 0.5000000000000000000, -0.002153792457473946171 ) ) ;
#2468 = FILL_AREA_STYLE ('',( #1725 ) ) ;
#2469 = ORIENTED_EDGE ( 'NONE', *, *, #2720, .T. ) ;
#2470 =( LENGTH_UNIT ( ) NAMED_UNIT ( * ) SI_UNIT ( .MILLI., .METRE. ) );
#2471 = EDGE_LOOP ( 'NONE', ( #725, #759, #3032, #3604 ) ) ;
#2472 = CARTESIAN_POINT ( 'NONE',  ( -2.490000000000001990, 16.49000000000000199, -0.03999999999999969552 ) ) ;
#2473 = ORIENTED_EDGE ( 'NONE', *, *, #1921, .T. ) ;
#2474 = DIRECTION ( 'NONE',  ( 1.000000000000000000, -0.0000000000000000000, -0.0000000000000000000 ) ) ;
#2475 = ADVANCED_FACE ( 'NONE', ( #3400 ), #1117, .T. ) ;
#2476 = CARTESIAN_POINT ( 'NONE',  ( 4.949854798618407159, 15.75514727203652932, -0.8680913734131501247 ) ) ;
#2477 = CIRCLE ( 'NONE', #2325, 0.5000000000002138290 ) ;
#2478 = VERTEX_POINT ( 'NONE', #2322 ) ;
#2479 = DIRECTION ( 'NONE',  ( -1.000000000000000000, -1.225696218315258576E-16, 0.0000000000000000000 ) ) ;
#2480 = DIRECTION ( 'NONE',  ( -1.000000000000000000, -1.214301649924829473E-16, 0.0000000000000000000 ) ) ;
#2481 = SURFACE_STYLE_FILL_AREA ( #2860 ) ;
#2482 = CARTESIAN_POINT ( 'NONE',  ( 1.734723475976807094E-15, 1.132532421399369937, 4.499999999999786837 ) ) ;
#2483 =( NAMED_UNIT ( * ) SI_UNIT ( $, .STERADIAN. ) SOLID_ANGLE_UNIT ( ) );
#2484 = FACE_OUTER_BOUND ( 'NONE', #3279, .T. ) ;
#2485 = VERTEX_POINT ( 'NONE', #3516 ) ;
#2486 = AXIS2_PLACEMENT_3D ( 'NONE', #2667, #1217, #76 ) ;
#2487 = FACE_OUTER_BOUND ( 'NONE', #993, .T. ) ;
#2488 = COLOUR_RGB ( '',0.0000000000000000000, 0.0000000000000000000, 0.7529411764705882248 ) ;
#2489 = TOROIDAL_SURFACE ( 'NONE', #1620, 4.499999999999786837, 0.5000000000002140510 ) ;
#2490 = ORIENTED_EDGE ( 'NONE', *, *, #2261, .T. ) ;
#2491 = DIRECTION ( 'NONE',  ( -1.225696218315259316E-16, -1.000000000000000000, 1.650859798226880898E-15 ) ) ;
#2492 = EDGE_LOOP ( 'NONE', ( #669, #2027, #4810, #3705 ) ) ;
#2493 = LINE ( 'NONE', #1020, #74 ) ;
#2494 = MECHANICAL_DESIGN_GEOMETRIC_PRESENTATION_REPRESENTATION (  '', ( #540 ), #3144 ) ;
#2495 = PRESENTATION_LAYER_ASSIGNMENT (  '', '', ( #4894 ) ) ;
#2496 = CARTESIAN_POINT ( 'NONE',  ( -5.000000000000000888, 0.9999999999999985567, 0.0000000000000000000 ) ) ;
#2497 = SURFACE_SIDE_STYLE ('',( #2131 ) ) ;
#2498 = EDGE_CURVE ( 'NONE', #176, #3587, #476, .T. ) ;
#2499 = VERTEX_POINT ( 'NONE', #1623 ) ;
#2500 = FILL_AREA_STYLE ('',( #4417 ) ) ;
#2501 = CARTESIAN_POINT ( 'NONE',  ( -2.657874479642073611E-15, 1.132532421399370604, -5.025400000000001199 ) ) ;
#2502 = APPLICATION_CONTEXT ( 'automotive_design' ) ;
#2503 = DIRECTION ( 'NONE',  ( -1.225696218315258576E-16, 1.000000000000000000, -0.0000000000000000000 ) ) ;
#2504 = SURFACE_STYLE_USAGE ( .BOTH. , #599 ) ;
#2505 = FACE_OUTER_BOUND ( 'NONE', #3319, .T. ) ;
#2506 = ADVANCED_FACE ( 'NONE', ( #3876 ), #4573, .T. ) ;
#2507 = DIRECTION ( 'NONE',  ( 0.0000000000000000000, 0.0000000000000000000, 1.000000000000000000 ) ) ;
#2508 = PLANE ( 'NONE',  #3354 ) ;
#2509 = VERTEX_POINT ( 'NONE', #1575 ) ;
#2510 =( NAMED_UNIT ( * ) SI_UNIT ( $, .STERADIAN. ) SOLID_ANGLE_UNIT ( ) );
#2511 = LINE ( 'NONE', #4812, #209 ) ;
#2512 =( GEOMETRIC_REPRESENTATION_CONTEXT ( 3 ) GLOBAL_UNCERTAINTY_ASSIGNED_CONTEXT ( ( #2771 ) ) GLOBAL_UNIT_ASSIGNED_CONTEXT ( ( #918, #3615, #1667 ) ) REPRESENTATION_CONTEXT ( 'NONE', 'WORKASPACE' ) );
#2513 = DIRECTION ( 'NONE',  ( 1.000000000000000000, 0.0000000000000000000, 0.0000000000000000000 ) ) ;
#2514 = AXIS2_PLACEMENT_3D ( 'NONE', #3633, #666, #614 ) ;
#2515 = ORIENTED_EDGE ( 'NONE', *, *, #4142, .F. ) ;
#2516 = AXIS2_PLACEMENT_3D ( 'NONE', #1749, #2422, #585 ) ;
#2517 = AXIS2_PLACEMENT_3D ( 'NONE', #3935, #4602, #2418 ) ;
#2518 = VECTOR ( 'NONE', #3314, 1000.000000000000000 ) ;
#2519 = ORIENTED_EDGE ( 'NONE', *, *, #3994, .F. ) ;
#2520 = STYLED_ITEM ( 'NONE', ( #827 ), #1662 ) ;
#2521 = CYLINDRICAL_SURFACE ( 'NONE', #4413, 0.3000000000000000999 ) ;
#2522 = VECTOR ( 'NONE', #4715, 1000.000000000000000 ) ;
#2523 = ORIENTED_EDGE ( 'NONE', *, *, #4893, .F. ) ;
#2524 = DIRECTION ( 'NONE',  ( 1.000000000000000000, 1.457161979909795318E-16, 0.0000000000000000000 ) ) ;
#2525 = DIRECTION ( 'NONE',  ( 1.000000000000000000, 0.0000000000000000000, 0.0000000000000000000 ) ) ;
#2526 = AXIS2_PLACEMENT_3D ( 'NONE', #2335, #3415, #3439 ) ;
#2527 = DIRECTION ( 'NONE',  ( 1.000000000000000000, 0.0000000000000000000, 0.0000000000000000000 ) ) ;
#2528 = ORIENTED_EDGE ( 'NONE', *, *, #186, .T. ) ;
#2529 = PRESENTATION_LAYER_ASSIGNMENT (  '', '', ( #3179 ) ) ;
#2530 = CARTESIAN_POINT ( 'NONE',  ( -0.04866025403784824538, 16.49500000000000099, -2.498660254037845085 ) ) ;
#2531 = SURFACE_SIDE_STYLE ('',( #4444 ) ) ;
#2532 = PRESENTATION_STYLE_ASSIGNMENT (( #2885 ) ) ;
#2533 = EDGE_CURVE ( 'NONE', #4505, #4778, #2017, .T. ) ;
#2534 = CARTESIAN_POINT ( 'NONE',  ( -2.490000000000001990, 16.50000000000000000, 0.05000000000000030809 ) ) ;
#2535 = DIRECTION ( 'NONE',  ( 1.000000000000000000, 0.0000000000000000000, 0.0000000000000000000 ) ) ;
#2536 = LINE ( 'NONE', #4809, #1223 ) ;
#2537 = DIRECTION ( 'NONE',  ( -1.000000000000000000, 0.0000000000000000000, 0.0000000000000000000 ) ) ;
#2538 = ORIENTED_EDGE ( 'NONE', *, *, #3156, .T. ) ;
#2539 = EDGE_CURVE ( 'NONE', #3903, #1783, #3031, .T. ) ;
#2540 = CARTESIAN_POINT ( 'NONE',  ( 0.05049038105676394855, 16.49816987298108018, 2.500490381056765354 ) ) ;
#2541 = AXIS2_PLACEMENT_3D ( 'NONE', #4208, #4600, #802 ) ;
#2542 =( LENGTH_UNIT ( ) NAMED_UNIT ( * ) SI_UNIT ( .MILLI., .METRE. ) );
#2543 = SURFACE_SIDE_STYLE ('',( #2173 ) ) ;
#2544 = EDGE_CURVE ( 'NONE', #2271, #3683, #3747, .T. ) ;
#2545 = ORIENTED_EDGE ( 'NONE', *, *, #2110, .F. ) ;
#2546 = EDGE_LOOP ( 'NONE', ( #3064, #2545, #604, #449 ) ) ;
#2547 = VECTOR ( 'NONE', #600, 1000.000000000000000 ) ;
#2548 = CARTESIAN_POINT ( 'NONE',  ( -2.500000000000000000, -3.740813662564058450, -0.3021537924574740352 ) ) ;
#2549 = ORIENTED_EDGE ( 'NONE', *, *, #2392, .T. ) ;
#2550 = DIRECTION ( 'NONE',  ( -1.225696218315258576E-16, 1.000000000000000000, -0.0000000000000000000 ) ) ;
#2551 =( NAMED_UNIT ( * ) SI_UNIT ( $, .STERADIAN. ) SOLID_ANGLE_UNIT ( ) );
#2552 = CARTESIAN_POINT ( 'NONE',  ( 7.759870449013884947E-16, 6.591139007125194738, 0.0000000000000000000 ) ) ;
#2553 = AXIS2_PLACEMENT_3D ( 'NONE', #4271, #1618, #1668 ) ;
#2554 = ORIENTED_EDGE ( 'NONE', *, *, #2815, .T. ) ;
#2555 = COLOUR_RGB ( '',0.2509803921568627416, 0.2509803921568627416, 0.2509803921568627416 ) ;
#2556 =( LENGTH_UNIT ( ) NAMED_UNIT ( * ) SI_UNIT ( .MILLI., .METRE. ) );
#2557 = CARTESIAN_POINT ( 'NONE',  ( 0.0000000000000000000, 12.92212896455523818, 5.000000000000001776 ) ) ;
#2558 = SURFACE_STYLE_FILL_AREA ( #2189 ) ;
#2559 = FACE_BOUND ( 'NONE', #362, .T. ) ;
#2560 = COLOUR_RGB ( '',0.0000000000000000000, 0.0000000000000000000, 0.7529411764705882248 ) ;
#2561 = DIRECTION ( 'NONE',  ( -1.000000000000000000, 0.0000000000000000000, 0.0000000000000000000 ) ) ;
#2562 = CARTESIAN_POINT ( 'NONE',  ( -0.05000000000000309058, 16.50000000000000000, -2.490000000000000213 ) ) ;
#2563 = PRESENTATION_STYLE_ASSIGNMENT (( #4838 ) ) ;
#2564 =( NAMED_UNIT ( * ) PLANE_ANGLE_UNIT ( ) SI_UNIT ( $, .RADIAN. ) );
#2565 =( BOUNDED_CURVE ( )  B_SPLINE_CURVE ( 3, ( #3157, #4245, #909, #2003 ),
 .UNSPECIFIED., .F., .F. ) 
 B_SPLINE_CURVE_WITH_KNOTS ( ( 4, 4 ),
 ( 0.5235987755984745640, 1.570796326794896780 ),
 .UNSPECIFIED. ) 
 CURVE ( )  GEOMETRIC_REPRESENTATION_ITEM ( )  RATIONAL_B_SPLINE_CURVE ( ( 1.000000000000000000, 0.9106836025229883003, 0.9106836025229883003, 1.000000000000000000 ) ) 
 REPRESENTATION_ITEM ( '' )  );
#2566 = EDGE_CURVE ( 'NONE', #1230, #4514, #4234, .T. ) ;
#2567 = ORIENTED_EDGE ( 'NONE', *, *, #2240, .T. ) ;
#2568 = CIRCLE ( 'NONE', #3855, 0.1000000000000000472 ) ;
#2569 = EDGE_CURVE ( 'NONE', #477, #3473, #337, .T. ) ;
#2570 = VERTEX_POINT ( 'NONE', #1606 ) ;
#2571 = CARTESIAN_POINT ( 'NONE',  ( -1.799121555287090594E-15, 0.4745999999999994112, 0.0000000000000000000 ) ) ;
#2572 = PRESENTATION_LAYER_ASSIGNMENT (  '', '', ( #4028 ) ) ;
#2573 = ORIENTED_EDGE ( 'NONE', *, *, #4713, .F. ) ;
#2574 = FACE_OUTER_BOUND ( 'NONE', #2071, .T. ) ;
#2575 = COLOUR_RGB ( '',0.0000000000000000000, 0.0000000000000000000, 0.7529411764705882248 ) ;
#2576 = CARTESIAN_POINT ( 'NONE',  ( 0.03999999999999766243, 16.49000000000000199, -0.04000000000000000777 ) ) ;
#2577 = ORIENTED_EDGE ( 'NONE', *, *, #2446, .T. ) ;
#2578 = CARTESIAN_POINT ( 'NONE',  ( 5.020290614649573158, 3.891139007125193228, 0.2265553011108384363 ) ) ;
#2579 = FACE_OUTER_BOUND ( 'NONE', #1242, .T. ) ;
#2580 = CARTESIAN_POINT ( 'NONE',  ( 1.876528601100642451E-16, 11.39113900712519545, 0.0000000000000000000 ) ) ;
#2581 = DIRECTION ( 'NONE',  ( -1.225696218315258576E-16, 1.000000000000000000, -0.0000000000000000000 ) ) ;
#2582 =( NAMED_UNIT ( * ) SI_UNIT ( $, .STERADIAN. ) SOLID_ANGLE_UNIT ( ) );
#2583 = PRESENTATION_STYLE_ASSIGNMENT (( #4592 ) ) ;
#2584 = DIRECTION ( 'NONE',  ( 0.9849673257090790779, 8.629778107099966787E-17, -0.1727407516641764063 ) ) ;
#2585 = SURFACE_STYLE_FILL_AREA ( #4165 ) ;
#2586 = ORIENTED_EDGE ( 'NONE', *, *, #1390, .T. ) ;
#2587 = DIRECTION ( 'NONE',  ( -1.225696218315258576E-16, 1.000000000000000000, -0.0000000000000000000 ) ) ;
#2588 = ORIENTED_EDGE ( 'NONE', *, *, #2914, .T. ) ;
#2589 = EDGE_CURVE ( 'NONE', #996, #4135, #1356, .T. ) ;
#2590 = DIRECTION ( 'NONE',  ( -0.0000000000000000000, 1.000000000000000000, -0.0000000000000000000 ) ) ;
#2591 = MECHANICAL_DESIGN_GEOMETRIC_PRESENTATION_REPRESENTATION (  '', ( #1556 ), #4281 ) ;
#2592 = AXIS2_PLACEMENT_3D ( 'NONE', #1500, #1890, #805 ) ;
#2593 = ORIENTED_EDGE ( 'NONE', *, *, #4318, .T. ) ;
#2594 = SURFACE_STYLE_FILL_AREA ( #1166 ) ;
#2595 = TOROIDAL_SURFACE ( 'NONE', #3972, 5.219999999998981011, 0.5000000000002142730 ) ;
#2596 = PRESENTATION_LAYER_ASSIGNMENT (  '', '', ( #3973 ) ) ;
#2597 = MECHANICAL_DESIGN_GEOMETRIC_PRESENTATION_REPRESENTATION (  '', ( #4284 ), #2126 ) ;
#2598 = EDGE_CURVE ( 'NONE', #3526, #4557, #172, .T. ) ;
#2599 = COLOUR_RGB ( '',0.0000000000000000000, 0.0000000000000000000, 0.7529411764705882248 ) ;
#2600 = EDGE_CURVE ( 'NONE', #2303, #4218, #2115, .T. ) ;
#2601 = TOROIDAL_SURFACE ( 'NONE', #2044, 4.500000000000002665, 0.5000000000000002220 ) ;
#2602 = EDGE_CURVE ( 'NONE', #2499, #178, #3995, .T. ) ;
#2603 = AXIS2_PLACEMENT_3D ( 'NONE', #1600, #427, #3491 ) ;
#2604 =( NAMED_UNIT ( * ) PLANE_ANGLE_UNIT ( ) SI_UNIT ( $, .RADIAN. ) );
#2605 = TOROIDAL_SURFACE ( 'NONE', #3252, 4.500000000000000000, 0.5254000000000004222 ) ;
#2606 = ORIENTED_EDGE ( 'NONE', *, *, #4533, .F. ) ;
#2607 =( LENGTH_UNIT ( ) NAMED_UNIT ( * ) SI_UNIT ( .MILLI., .METRE. ) );
#2608 = FILL_AREA_STYLE_COLOUR ( '', #421 ) ;
#2609 = DIRECTION ( 'NONE',  ( -1.000000000000000000, 0.0000000000000000000, 0.0000000000000000000 ) ) ;
#2610 = CIRCLE ( 'NONE', #1187, 0.09999999999999939493 ) ;
#2611 = CIRCLE ( 'NONE', #3258, 0.5000000000000004441 ) ;
#2612 = AXIS2_PLACEMENT_3D ( 'NONE', #4448, #3271, #2862 ) ;
#2613 = SURFACE_SIDE_STYLE ('',( #752 ) ) ;
#2614 = DIRECTION ( 'NONE',  ( -0.0000000000000000000, 1.000000000000000000, -0.0000000000000000000 ) ) ;
#2615 = CARTESIAN_POINT ( 'NONE',  ( -1.734723475976807094E-15, 1.132532421399370604, 0.0000000000000000000 ) ) ;
#2616 = DIRECTION ( 'NONE',  ( 0.9988722292758333010, 0.0000000000000000000, -0.04747914891325429043 ) ) ;
#2617 = EDGE_LOOP ( 'NONE', ( #4752, #658, #1455, #1529 ) ) ;
#2618 = SURFACE_STYLE_USAGE ( .BOTH. , #1476 ) ;
#2619 = DIRECTION ( 'NONE',  ( 1.225696218315258576E-16, 1.000000000000000000, 0.0000000000000000000 ) ) ;
#2620 = CARTESIAN_POINT ( 'NONE',  ( -4.499999999999785061, 2.520480547234075885, 0.0000000000000000000 ) ) ;
#2621 = ORIENTED_EDGE ( 'NONE', *, *, #36, .T. ) ;
#2622 = FILL_AREA_STYLE ('',( #1444 ) ) ;
#2623 = AXIS2_PLACEMENT_3D ( 'NONE', #94, #1303, #1958 ) ;
#2624 = EDGE_CURVE ( 'NONE', #1953, #146, #1282, .T. ) ;
#2625 = PRESENTATION_STYLE_ASSIGNMENT (( #2274 ) ) ;
#2626 = VERTEX_POINT ( 'NONE', #2038 ) ;
#2627 = SURFACE_SIDE_STYLE ('',( #1055 ) ) ;
#2628 =( NAMED_UNIT ( * ) SI_UNIT ( $, .STERADIAN. ) SOLID_ANGLE_UNIT ( ) );
#2629 = ADVANCED_FACE ( 'NONE', ( #3174, #2463, #3572, #198 ), #2508, .T. ) ;
#2630 =( NAMED_UNIT ( * ) SI_UNIT ( $, .STERADIAN. ) SOLID_ANGLE_UNIT ( ) );
#2631 = DIRECTION ( 'NONE',  ( -1.225696218315258576E-16, 1.000000000000000000, -0.0000000000000000000 ) ) ;
#2632 = VECTOR ( 'NONE', #896, 1000.000000000000000 ) ;
#2633 = EDGE_LOOP ( 'NONE', ( #2973, #1842, #3751, #950 ) ) ;
#2634 = PRESENTATION_STYLE_ASSIGNMENT (( #1139 ) ) ;
#2635 = FILL_AREA_STYLE_COLOUR ( '', #978 ) ;
#2636 = UNCERTAINTY_MEASURE_WITH_UNIT (LENGTH_MEASURE( 1.000000000000000082E-05 ), #4401, 'distance_accuracy_value', 'NONE');
#2637 = PRESENTATION_STYLE_ASSIGNMENT (( #3726 ) ) ;
#2638 = SURFACE_SIDE_STYLE ('',( #3761 ) ) ;
#2639 = ORIENTED_EDGE ( 'NONE', *, *, #3093, .T. ) ;
#2640 = FACE_OUTER_BOUND ( 'NONE', #2119, .T. ) ;
#2641 = DIRECTION ( 'NONE',  ( 0.0000000000000000000, 0.0000000000000000000, 1.000000000000000000 ) ) ;
#2642 = PRESENTATION_LAYER_ASSIGNMENT (  '', '', ( #1530 ) ) ;
#2643 = EDGE_LOOP ( 'NONE', ( #2255, #928, #293, #3812 ) ) ;
#2644 = AXIS2_PLACEMENT_3D ( 'NONE', #1362, #2873, #2491 ) ;
#2645 = MECHANICAL_DESIGN_GEOMETRIC_PRESENTATION_REPRESENTATION (  '', ( #1388 ), #2399 ) ;
#2646 = CARTESIAN_POINT ( 'NONE',  ( 5.023486311751855560, 11.39113900712519545, -0.1386738462787319437 ) ) ;
#2647 = ORIENTED_EDGE ( 'NONE', *, *, #709, .T. ) ;
#2648 =( NAMED_UNIT ( * ) PLANE_ANGLE_UNIT ( ) SI_UNIT ( $, .RADIAN. ) );
#2649 = CARTESIAN_POINT ( 'NONE',  ( -1.918017371715800445, 0.2499999999999994726, 0.9312787012856003077 ) ) ;
#2650 = CARTESIAN_POINT ( 'NONE',  ( 1.522575649527979532E-15, 0.4999999999999987232, 0.0000000000000000000 ) ) ;
#2651 = EDGE_CURVE ( 'NONE', #3331, #1727, #1198, .T. ) ;
#2652 = AXIS2_PLACEMENT_3D ( 'NONE', #2690, #4594, #2584 ) ;
#2653 =( LENGTH_UNIT ( ) NAMED_UNIT ( * ) SI_UNIT ( .MILLI., .METRE. ) );
#2654 = CARTESIAN_POINT ( 'NONE',  ( 1.970924883378093462, 0.2499999999999998890, 0.8464212018542315308 ) ) ;
#2655 = CIRCLE ( 'NONE', #2990, 0.2999999999999999334 ) ;
#2656 = ORIENTED_EDGE ( 'NONE', *, *, #1508, .F. ) ;
#2657 = CARTESIAN_POINT ( 'NONE',  ( 1.734723475976807094E-15, 1.132532421399369937, -4.499999999999786837 ) ) ;
#2658 = FACE_OUTER_BOUND ( 'NONE', #4785, .T. ) ;
#2659 = ADVANCED_FACE ( 'NONE', ( #2484 ), #169, .F. ) ;
#2660 =( NAMED_UNIT ( * ) SI_UNIT ( $, .STERADIAN. ) SOLID_ANGLE_UNIT ( ) );
#2661 = EDGE_CURVE ( 'NONE', #98, #739, #4389, .T. ) ;
#2662 = DIRECTION ( 'NONE',  ( -1.225696218315258576E-16, 1.000000000000000000, -0.0000000000000000000 ) ) ;
#2663 = CARTESIAN_POINT ( 'NONE',  ( -4.859999999999382148, 2.173493515775398066, 0.0000000000000000000 ) ) ;
#2664 = CARTESIAN_POINT ( 'NONE',  ( -2.500000000000000000, -3.740813662564058450, -0.002153792457473946171 ) ) ;
#2665 = ORIENTED_EDGE ( 'NONE', *, *, #2817, .T. ) ;
#2666 = DIRECTION ( 'NONE',  ( -1.225696218315258576E-16, 1.000000000000000000, -0.0000000000000000000 ) ) ;
#2667 = CARTESIAN_POINT ( 'NONE',  ( 0.0000000000000000000, 12.92212896455523818, 0.0000000000000000000 ) ) ;
#2668 = UNCERTAINTY_MEASURE_WITH_UNIT (LENGTH_MEASURE( 1.000000000000000082E-05 ), #2100, 'distance_accuracy_value', 'NONE');
#2669 = UNCERTAINTY_MEASURE_WITH_UNIT (LENGTH_MEASURE( 1.000000000000000082E-05 ), #4770, 'distance_accuracy_value', 'NONE');
#2670 = ORIENTED_EDGE ( 'NONE', *, *, #527, .F. ) ;
#2671 = SURFACE_SIDE_STYLE ('',( #2251 ) ) ;
#2672 = COLOUR_RGB ( '',0.0000000000000000000, 0.0000000000000000000, 0.7529411764705882248 ) ;
#2673 = SURFACE_SIDE_STYLE ('',( #1923 ) ) ;
#2674 = AXIS2_PLACEMENT_3D ( 'NONE', #999, #2550, #4093 ) ;
#2675 = VERTEX_POINT ( 'NONE', #674 ) ;
#2676 =( NAMED_UNIT ( * ) SI_UNIT ( $, .STERADIAN. ) SOLID_ANGLE_UNIT ( ) );
#2677 = FACE_OUTER_BOUND ( 'NONE', #3942, .T. ) ;
#2678 = UNCERTAINTY_MEASURE_WITH_UNIT (LENGTH_MEASURE( 1.000000000000000082E-05 ), #1615, 'distance_accuracy_value', 'NONE');
#2679 = AXIS2_PLACEMENT_3D ( 'NONE', #4898, #35, #2991 ) ;
#2680 = DIRECTION ( 'NONE',  ( 1.000000000000000000, 1.225696218315258576E-16, -1.221441296278566376E-16 ) ) ;
#2681 = DIRECTION ( 'NONE',  ( -1.225696218315258576E-16, 1.000000000000000000, -0.0000000000000000000 ) ) ;
#2682 = EDGE_CURVE ( 'NONE', #2288, #2986, #4082, .T. ) ;
#2683 = SURFACE_STYLE_USAGE ( .BOTH. , #354 ) ;
#2684 = DIRECTION ( 'NONE',  ( -1.225696218315258576E-16, 1.000000000000000000, -0.0000000000000000000 ) ) ;
#2685 = ORIENTED_EDGE ( 'NONE', *, *, #1555, .F. ) ;
#2686 = PRESENTATION_LAYER_ASSIGNMENT (  '', '', ( #4682 ) ) ;
#2687 = PRESENTATION_LAYER_ASSIGNMENT (  '', '', ( #3173 ) ) ;
#2688 = CIRCLE ( 'NONE', #2526, 4.859999999999383924 ) ;
#2689 = LINE ( 'NONE', #4500, #2337 ) ;
#2690 = CARTESIAN_POINT ( 'NONE',  ( 1.267027503567838662E-15, 2.584922366093256318, 0.0000000000000000000 ) ) ;
#2691 = UNCERTAINTY_MEASURE_WITH_UNIT (LENGTH_MEASURE( 1.000000000000000082E-05 ), #17, 'distance_accuracy_value', 'NONE');
#2692 = CARTESIAN_POINT ( 'NONE',  ( 2.500000000000000000, -3.740813662564058006, -0.3021537924574740352 ) ) ;
#2693 = EDGE_CURVE ( 'NONE', #1624, #1598, #1431, .T. ) ;
#2694 = CARTESIAN_POINT ( 'NONE',  ( -2.535977784834290839E-16, 14.99113900712519687, 0.0000000000000000000 ) ) ;
#2695 = DIRECTION ( 'NONE',  ( -1.000000000000000000, 1.225696218315258576E-16, 6.123233995736766036E-17 ) ) ;
#2696 = ORIENTED_EDGE ( 'NONE', *, *, #832, .F. ) ;
#2697 = DIRECTION ( 'NONE',  ( 0.0000000000000000000, 1.000000000000000000, 0.0000000000000000000 ) ) ;
#2698 = STYLED_ITEM ( 'NONE', ( #4053 ), #3458 ) ;
#2699 = ADVANCED_FACE ( 'NONE', ( #3022 ), #4520, .F. ) ;
#2700 =( NAMED_UNIT ( * ) PLANE_ANGLE_UNIT ( ) SI_UNIT ( $, .RADIAN. ) );
#2701 = STYLED_ITEM ( 'NONE', ( #4034 ), #2629 ) ;
#2702 = ORIENTED_EDGE ( 'NONE', *, *, #3093, .F. ) ;
#2703 = DIRECTION ( 'NONE',  ( 0.0000000000000000000, 0.0000000000000000000, 1.000000000000000000 ) ) ;
#2704 =( GEOMETRIC_REPRESENTATION_CONTEXT ( 3 ) GLOBAL_UNCERTAINTY_ASSIGNED_CONTEXT ( ( #4150 ) ) GLOBAL_UNIT_ASSIGNED_CONTEXT ( ( #4823, #690, #2551 ) ) REPRESENTATION_CONTEXT ( 'NONE', 'WORKASPACE' ) );
#2705 = DIRECTION ( 'NONE',  ( -1.225696218315258576E-16, 1.000000000000000000, -0.0000000000000000000 ) ) ;
#2706 = DIRECTION ( 'NONE',  ( 1.225696218315258576E-16, -1.000000000000000000, 0.0000000000000000000 ) ) ;
#2707 = CARTESIAN_POINT ( 'NONE',  ( 2.500000000000000000, 0.5000000000000000000, -0.002153792457473946171 ) ) ;
#2708 =( LENGTH_UNIT ( ) NAMED_UNIT ( * ) SI_UNIT ( .MILLI., .METRE. ) );
#2709 = ORIENTED_EDGE ( 'NONE', *, *, #101, .T. ) ;
#2710 =( NAMED_UNIT ( * ) SI_UNIT ( $, .STERADIAN. ) SOLID_ANGLE_UNIT ( ) );
#2711 =( NAMED_UNIT ( * ) SI_UNIT ( $, .STERADIAN. ) SOLID_ANGLE_UNIT ( ) );
#2712 = CARTESIAN_POINT ( 'NONE',  ( 1.734723475976807094E-15, 0.9999999999999991118, 5.000000000000002665 ) ) ;
#2713 = CARTESIAN_POINT ( 'NONE',  ( -0.04000000000000149269, 16.49000000000000199, 2.490000000000000213 ) ) ;
#2714 =( NAMED_UNIT ( * ) SI_UNIT ( $, .STERADIAN. ) SOLID_ANGLE_UNIT ( ) );
#2715 = ORIENTED_EDGE ( 'NONE', *, *, #2544, .F. ) ;
#2716 = DIRECTION ( 'NONE',  ( -1.000000000000000000, -1.225696218315258576E-16, 1.221441296278566376E-16 ) ) ;
#2717 = AXIS2_PLACEMENT_3D ( 'NONE', #3621, #967, #1326 ) ;
#2718 = SURFACE_STYLE_FILL_AREA ( #1216 ) ;
#2719 = CARTESIAN_POINT ( 'NONE',  ( -0.04000000000000226985, 16.49000000000000199, -0.03999999999999999389 ) ) ;
#2720 = EDGE_CURVE ( 'NONE', #3602, #977, #2948, .T. ) ;
#2721 = UNCERTAINTY_MEASURE_WITH_UNIT (LENGTH_MEASURE( 1.000000000000000082E-05 ), #4538, 'distance_accuracy_value', 'NONE');
#2722 = EDGE_CURVE ( 'NONE', #4697, #2288, #207, .T. ) ;
#2723 = ORIENTED_EDGE ( 'NONE', *, *, #2301, .F. ) ;
#2724 = CARTESIAN_POINT ( 'NONE',  ( -6.133433455055266336E-16, 2.155866574577305350, 4.878287999999353808 ) ) ;
#2725 = VECTOR ( 'NONE', #60, 1000.000000000000000 ) ;
#2726 = ADVANCED_FACE ( 'NONE', ( #2242 ), #1856, .F. ) ;
#2727 =( NAMED_UNIT ( * ) PLANE_ANGLE_UNIT ( ) SI_UNIT ( $, .RADIAN. ) );
#2728 = FILL_AREA_STYLE ('',( #4220 ) ) ;
#2729 = VECTOR ( 'NONE', #255, 1000.000000000000000 ) ;
#2730 =( GEOMETRIC_REPRESENTATION_CONTEXT ( 3 ) GLOBAL_UNCERTAINTY_ASSIGNED_CONTEXT ( ( #1887 ) ) GLOBAL_UNIT_ASSIGNED_CONTEXT ( ( #4650, #4480, #4747 ) ) REPRESENTATION_CONTEXT ( 'NONE', 'WORKASPACE' ) );
#2731 =( LENGTH_UNIT ( ) NAMED_UNIT ( * ) SI_UNIT ( .MILLI., .METRE. ) );
#2732 = STYLED_ITEM ( 'NONE', ( #27 ), #2475 ) ;
#2733 =( LENGTH_UNIT ( ) NAMED_UNIT ( * ) SI_UNIT ( .MILLI., .METRE. ) );
#2734 = SURFACE_STYLE_FILL_AREA ( #3115 ) ;
#2735 = VERTEX_POINT ( 'NONE', #1614 ) ;
#2736 = CARTESIAN_POINT ( 'NONE',  ( 1.734723475976807094E-15, 1.132532421399370604, 5.000000000000000888 ) ) ;
#2737 = PRESENTATION_LAYER_ASSIGNMENT (  '', '', ( #540 ) ) ;
#2738 = DIRECTION ( 'NONE',  ( -1.000000000000000000, -1.225696218315258576E-16, 0.0000000000000000000 ) ) ;
#2739 = FACE_OUTER_BOUND ( 'NONE', #4653, .T. ) ;
#2740 = UNCERTAINTY_MEASURE_WITH_UNIT (LENGTH_MEASURE( 1.000000000000000082E-05 ), #300, 'distance_accuracy_value', 'NONE');
#2741 =( GEOMETRIC_REPRESENTATION_CONTEXT ( 3 ) GLOBAL_UNCERTAINTY_ASSIGNED_CONTEXT ( ( #24 ) ) GLOBAL_UNIT_ASSIGNED_CONTEXT ( ( #4332, #3937, #4700 ) ) REPRESENTATION_CONTEXT ( 'NONE', 'WORKASPACE' ) );
#2742 = CARTESIAN_POINT ( 'NONE',  ( -0.04683012701892509677, 16.49183012701892181, 2.496830127018923928 ) ) ;
#2743 = SURFACE_SIDE_STYLE ('',( #4624 ) ) ;
#2744 =( NAMED_UNIT ( * ) PLANE_ANGLE_UNIT ( ) SI_UNIT ( $, .RADIAN. ) );
#2745 = VERTEX_POINT ( 'NONE', #1250 ) ;
#2746 = CARTESIAN_POINT ( 'NONE',  ( 1.229494645678033973E-15, 2.891139007125195448, 0.0000000000000000000 ) ) ;
#2747 = FILL_AREA_STYLE ('',( #3597 ) ) ;
#2748 = ORIENTED_EDGE ( 'NONE', *, *, #1334, .T. ) ;
#2749 = ADVANCED_FACE ( 'NONE', ( #2753 ), #445, .T. ) ;
#2750 = EDGE_CURVE ( 'NONE', #3004, #3489, #3867, .T. ) ;
#2751 = DIRECTION ( 'NONE',  ( 1.000000000000000000, 1.084202172485723959E-16, 0.0000000000000000000 ) ) ;
#2752 = CARTESIAN_POINT ( 'NONE',  ( -5.257839222268424553E-31, 15.99999999999999645, 0.0000000000000000000 ) ) ;
#2753 = FACE_OUTER_BOUND ( 'NONE', #2933, .T. ) ;
#2754 = AXIS2_PLACEMENT_3D ( 'NONE', #4314, #2705, #1247 ) ;
#2755 = COLOUR_RGB ( '',0.0000000000000000000, 0.0000000000000000000, 0.7529411764705882248 ) ;
#2756 = CARTESIAN_POINT ( 'NONE',  ( 1.274926112935544208E-15, 2.520480547234075885, 0.0000000000000000000 ) ) ;
#2757 = CARTESIAN_POINT ( 'NONE',  ( 5.019732501002774683, 6.691139007125193494, -0.2386017149486659716 ) ) ;
#2758 =( LENGTH_UNIT ( ) NAMED_UNIT ( * ) SI_UNIT ( .MILLI., .METRE. ) );
#2759 = DIRECTION ( 'NONE',  ( 1.225696218315258576E-16, 1.000000000000000000, 0.0000000000000000000 ) ) ;
#2760 = DIRECTION ( 'NONE',  ( -1.225696218315258576E-16, 1.000000000000000000, -0.0000000000000000000 ) ) ;
#2761 = COLOUR_RGB ( '',0.7529411764705882248, 0.7529411764705882248, 0.7529411764705882248 ) ;
#2762 = CARTESIAN_POINT ( 'NONE',  ( 2.671219985364167036E-15, 1.497146394056139584, -4.878287999999355584 ) ) ;
#2763 =( GEOMETRIC_REPRESENTATION_CONTEXT ( 3 ) GLOBAL_UNCERTAINTY_ASSIGNED_CONTEXT ( ( #3429 ) ) GLOBAL_UNIT_ASSIGNED_CONTEXT ( ( #1616, #4200, #4294 ) ) REPRESENTATION_CONTEXT ( 'NONE', 'WORKASPACE' ) );
#2764 = CYLINDRICAL_SURFACE ( 'NONE', #4764, 0.3000000000000000999 ) ;
#2765 = PRESENTATION_LAYER_ASSIGNMENT (  '', '', ( #4535 ) ) ;
#2766 = SURFACE_STYLE_FILL_AREA ( #2367 ) ;
#2767 = STYLED_ITEM ( 'NONE', ( #2280 ), #441 ) ;
#2768 = ORIENTED_EDGE ( 'NONE', *, *, #1278, .T. ) ;
#2769 =( NAMED_UNIT ( * ) PLANE_ANGLE_UNIT ( ) SI_UNIT ( $, .RADIAN. ) );
#2770 = FILL_AREA_STYLE_COLOUR ( '', #1194 ) ;
#2771 = UNCERTAINTY_MEASURE_WITH_UNIT (LENGTH_MEASURE( 1.000000000000000082E-05 ), #918, 'distance_accuracy_value', 'NONE');
#2772 = EDGE_LOOP ( 'NONE', ( #142, #2243, #3708, #4126 ) ) ;
#2773 =( GEOMETRIC_REPRESENTATION_CONTEXT ( 3 ) GLOBAL_UNCERTAINTY_ASSIGNED_CONTEXT ( ( #3796 ) ) GLOBAL_UNIT_ASSIGNED_CONTEXT ( ( #1375, #2458, #1058 ) ) REPRESENTATION_CONTEXT ( 'NONE', 'WORKASPACE' ) );
#2774 = CARTESIAN_POINT ( 'NONE',  ( 1.734723475976807094E-15, 1.826506484316722911, 0.0000000000000000000 ) ) ;
#2775 = ORIENTED_EDGE ( 'NONE', *, *, #2817, .F. ) ;
#2776 = CARTESIAN_POINT ( 'NONE',  ( 1.444151529943190309E-15, 1.826506484316722911, 4.745399999998766383 ) ) ;
#2777 = FILL_AREA_STYLE_COLOUR ( '', #1201 ) ;
#2778 = CIRCLE ( 'NONE', #3263, 0.5000000000002138290 ) ;
#2779 = DIRECTION ( 'NONE',  ( 1.000000000000000000, -0.0000000000000000000, -0.0000000000000000000 ) ) ;
#2780 = DIRECTION ( 'NONE',  ( -1.225696218315258576E-16, 1.000000000000000000, -0.0000000000000000000 ) ) ;
#2781 = EDGE_CURVE ( 'NONE', #4180, #389, #1772, .T. ) ;
#2782 = STYLED_ITEM ( 'NONE', ( #4732 ), #4745 ) ;
#2783 = EDGE_CURVE ( 'NONE', #3248, #1894, #2889, .T. ) ;
#2784 = FACE_OUTER_BOUND ( 'NONE', #122, .T. ) ;
#2785 = ORIENTED_EDGE ( 'NONE', *, *, #2600, .F. ) ;
#2786 = LINE ( 'NONE', #1252, #4330 ) ;
#2787 = AXIS2_PLACEMENT_3D ( 'NONE', #472, #4252, #941 ) ;
#2788 = VECTOR ( 'NONE', #620, 1000.000000000000000 ) ;
#2789 = DIRECTION ( 'NONE',  ( -1.225696218315258576E-16, 1.000000000000000000, -0.0000000000000000000 ) ) ;
#2790 = CARTESIAN_POINT ( 'NONE',  ( 0.0000000000000000000, 12.92212896455523818, 0.0000000000000000000 ) ) ;
#2791 = SURFACE_STYLE_USAGE ( .BOTH. , #3985 ) ;
#2792 = SURFACE_SIDE_STYLE ('',( #2890 ) ) ;
#2793 = ORIENTED_EDGE ( 'NONE', *, *, #3963, .T. ) ;
#2794 = DIRECTION ( 'NONE',  ( 1.000000000000000000, -1.294466716064994525E-16, 0.0000000000000000000 ) ) ;
#2795 = PRESENTATION_STYLE_ASSIGNMENT (( #200 ) ) ;
#2796 = DIRECTION ( 'NONE',  ( 1.225696218315258576E-16, -1.000000000000000000, 0.0000000000000000000 ) ) ;
#2797 = VERTEX_POINT ( 'NONE', #4659 ) ;
#2798 = VECTOR ( 'NONE', #1905, 1000.000000000000000 ) ;
#2799 = FACE_OUTER_BOUND ( 'NONE', #3517, .T. ) ;
#2800 = VERTEX_POINT ( 'NONE', #87 ) ;
#2801 = STYLED_ITEM ( 'NONE', ( #863 ), #4324 ) ;
#2802 = CARTESIAN_POINT ( 'NONE',  ( 8.673617379884035472E-16, 2.520480547234076329, 4.499999999999785949 ) ) ;
#2803 = CARTESIAN_POINT ( 'NONE',  ( 1.775093017686443988E-15, 1.497146394056139584, 0.0000000000000000000 ) ) ;
#2804 = AXIS2_PLACEMENT_3D ( 'NONE', #4576, #4630, #3854 ) ;
#2805 =( LENGTH_UNIT ( ) NAMED_UNIT ( * ) SI_UNIT ( .MILLI., .METRE. ) );
#2806 = DIRECTION ( 'NONE',  ( -1.225696218315258576E-16, 1.000000000000000000, -0.0000000000000000000 ) ) ;
#2807 = CARTESIAN_POINT ( 'NONE',  ( 0.04683012701891953872, 16.49183012701892181, 2.496830127018921264 ) ) ;
#2808 = EDGE_CURVE ( 'NONE', #3387, #1499, #840, .T. ) ;
#2809 = FACE_OUTER_BOUND ( 'NONE', #434, .T. ) ;
#2810 =( NAMED_UNIT ( * ) SI_UNIT ( $, .STERADIAN. ) SOLID_ANGLE_UNIT ( ) );
#2811 = AXIS2_PLACEMENT_3D ( 'NONE', #4407, #1751, #994 ) ;
#2812 = PRESENTATION_STYLE_ASSIGNMENT (( #1283 ) ) ;
#2813 =( NAMED_UNIT ( * ) SI_UNIT ( $, .STERADIAN. ) SOLID_ANGLE_UNIT ( ) );
#2814 = ORIENTED_EDGE ( 'NONE', *, *, #4348, .F. ) ;
#2815 = EDGE_CURVE ( 'NONE', #4063, #1679, #2311, .T. ) ;
#2816 = EDGE_CURVE ( 'NONE', #3426, #1882, #4289, .T. ) ;
#2817 = EDGE_CURVE ( 'NONE', #1679, #1823, #2382, .T. ) ;
#2818 = CARTESIAN_POINT ( 'NONE',  ( -1.917876647269745494, 0.4999999999999994449, -0.9354985316648515292 ) ) ;
#2819 = EDGE_LOOP ( 'NONE', ( #1143, #2260, #4385, #2775 ) ) ;
#2820 =( NAMED_UNIT ( * ) PLANE_ANGLE_UNIT ( ) SI_UNIT ( $, .RADIAN. ) );
#2821 = ORIENTED_EDGE ( 'NONE', *, *, #1304, .T. ) ;
#2822 = CARTESIAN_POINT ( 'NONE',  ( 5.019732501002773795, 2.891139007125195892, -0.2386017149486659439 ) ) ;
#2823 = CARTESIAN_POINT ( 'NONE',  ( 2.499999999999997780, 16.49500000000000099, 0.04866025403784495634 ) ) ;
#2824 = FILL_AREA_STYLE_COLOUR ( '', #668 ) ;
#2825 = SURFACE_STYLE_USAGE ( .BOTH. , #4412 ) ;
#2826 = ORIENTED_EDGE ( 'NONE', *, *, #4863, .T. ) ;
#2827 = CARTESIAN_POINT ( 'NONE',  ( 5.023804620177153346, 5.791139007125195803, 0.1266187122296489886 ) ) ;
#2828 = CARTESIAN_POINT ( 'NONE',  ( -1.274926112935544208E-15, 2.520480547234075885, 0.0000000000000000000 ) ) ;
#2829 = SURFACE_STYLE_USAGE ( .BOTH. , #4007 ) ;
#2830 = TOROIDAL_SURFACE ( 'NONE', #2921, 4.500000000000002665, 0.5000000000000002220 ) ;
#2831 = CIRCLE ( 'NONE', #2754, 4.745399999998766383 ) ;
#2832 = AXIS2_PLACEMENT_3D ( 'NONE', #48, #4273, #26 ) ;
#2833 =( NAMED_UNIT ( * ) PLANE_ANGLE_UNIT ( ) SI_UNIT ( $, .RADIAN. ) );
#2834 = FILL_AREA_STYLE ('',( #4033 ) ) ;
#2835 = DIRECTION ( 'NONE',  ( 1.225696218315257837E-16, -1.000000000000000000, 0.0000000000000000000 ) ) ;
#2836 = ORIENTED_EDGE ( 'NONE', *, *, #2845, .T. ) ;
#2837 = TOROIDAL_SURFACE ( 'NONE', #4059, 5.219999999998981011, 0.4746000000002142394 ) ;
#2838 = FACE_OUTER_BOUND ( 'NONE', #1857, .T. ) ;
#2839 = CARTESIAN_POINT ( 'NONE',  ( 0.03999999999999843958, 16.49000000000000199, 2.490000000000000213 ) ) ;
#2840 = ADVANCED_FACE ( 'NONE', ( #2031 ), #2976, .T. ) ;
#2841 = PRESENTATION_LAYER_ASSIGNMENT (  '', '', ( #155 ) ) ;
#2842 = MECHANICAL_DESIGN_GEOMETRIC_PRESENTATION_REPRESENTATION (  '', ( #1880 ), #4140 ) ;
#2843 = CARTESIAN_POINT ( 'NONE',  ( -2.500000000000000000, 0.2499999999999993616, -0.002153792457473946171 ) ) ;
#2844 = ORIENTED_EDGE ( 'NONE', *, *, #4622, .T. ) ;
#2845 = EDGE_CURVE ( 'NONE', #3960, #1122, #521, .T. ) ;
#2846 = EDGE_LOOP ( 'NONE', ( #1220, #4075, #4416, #4668 ) ) ;
#2847 =( NAMED_UNIT ( * ) SI_UNIT ( $, .STERADIAN. ) SOLID_ANGLE_UNIT ( ) );
#2848 = AXIS2_PLACEMENT_3D ( 'NONE', #3936, #3201, #1309 ) ;
#2849 = LINE ( 'NONE', #3709, #3804 ) ;
#2850 = PRESENTATION_STYLE_ASSIGNMENT (( #1684 ) ) ;
#2851 = CARTESIAN_POINT ( 'NONE',  ( -5.219999999998979234, 1.826506484316722245, 0.0000000000000000000 ) ) ;
#2852 =( GEOMETRIC_REPRESENTATION_CONTEXT ( 3 ) GLOBAL_UNCERTAINTY_ASSIGNED_CONTEXT ( ( #816 ) ) GLOBAL_UNIT_ASSIGNED_CONTEXT ( ( #2556, #747, #417 ) ) REPRESENTATION_CONTEXT ( 'NONE', 'WORKASPACE' ) );
#2853 = CARTESIAN_POINT ( 'NONE',  ( 8.673617379884035472E-16, 2.520480547234076329, -4.499999999999785949 ) ) ;
#2854 = AXIS2_PLACEMENT_3D ( 'NONE', #3225, #1327, #4476 ) ;
#2855 = ORIENTED_EDGE ( 'NONE', *, *, #4024, .T. ) ;
#2856 = CARTESIAN_POINT ( 'NONE',  ( 1.734723475976807094E-15, 1.479519452858046424, -4.859999999999383924 ) ) ;
#2857 = DIRECTION ( 'NONE',  ( -1.000000000000000000, -1.225696218315258576E-16, 0.0000000000000000000 ) ) ;
#2858 = FACE_OUTER_BOUND ( 'NONE', #969, .T. ) ;
#2859 = DIRECTION ( 'NONE',  ( -1.000000000000000000, 0.0000000000000000000, 0.0000000000000000000 ) ) ;
#2860 = FILL_AREA_STYLE ('',( #2944 ) ) ;
#2861 = VECTOR ( 'NONE', #3372, 1000.000000000000000 ) ;
#2862 = DIRECTION ( 'NONE',  ( 0.9988722292758334120, 8.629778107099968020E-17, -0.04747914891325386716 ) ) ;
#2863 = PRESENTATION_LAYER_ASSIGNMENT (  '', '', ( #4393 ) ) ;
#2864 = MECHANICAL_DESIGN_GEOMETRIC_PRESENTATION_REPRESENTATION (  '', ( #745 ), #4848 ) ;
#2865 = SURFACE_STYLE_USAGE ( .BOTH. , #168 ) ;
#2866 = PRESENTATION_STYLE_ASSIGNMENT (( #197 ) ) ;
#2867 = DIRECTION ( 'NONE',  ( 1.225696218315258576E-16, -1.000000000000000000, 0.0000000000000000000 ) ) ;
#2868 = VERTEX_POINT ( 'NONE', #2548 ) ;
#2869 = CARTESIAN_POINT ( 'NONE',  ( 5.020290614649572269, 9.491139007125191540, 0.2265553011108407955 ) ) ;
#2870 = DIRECTION ( 'NONE',  ( 1.225696218315258576E-16, -1.000000000000000000, 0.0000000000000000000 ) ) ;
#2871 = SURFACE_SIDE_STYLE ('',( #1704 ) ) ;
#2872 = ORIENTED_EDGE ( 'NONE', *, *, #857, .T. ) ;
#2873 = DIRECTION ( 'NONE',  ( 1.000000000000000000, -1.225696218315258576E-16, -6.123233995736766036E-17 ) ) ;
#2874 = EDGE_LOOP ( 'NONE', ( #1312, #2960, #3470, #3760 ) ) ;
#2875 = SURFACE_STYLE_USAGE ( .BOTH. , #3659 ) ;
#2876 = ADVANCED_FACE ( 'NONE', ( #4342 ), #2521, .T. ) ;
#2877 = EDGE_CURVE ( 'NONE', #3587, #3248, #3060, .T. ) ;
#2878 = CARTESIAN_POINT ( 'NONE',  ( 1.317456182161878055E-15, 2.173493515775398510, 0.0000000000000000000 ) ) ;
#2879 = CYLINDRICAL_SURFACE ( 'NONE', #872, 0.009999999999999998473 ) ;
#2880 = CIRCLE ( 'NONE', #2165, 5.025400000000000311 ) ;
#2881 = EDGE_CURVE ( 'NONE', #2868, #4459, #925, .T. ) ;
#2882 = ORIENTED_EDGE ( 'NONE', *, *, #4089, .F. ) ;
#2883 = CYLINDRICAL_SURFACE ( 'NONE', #3186, 5.025400000000000311 ) ;
#2884 = CARTESIAN_POINT ( 'NONE',  ( 1.734723475976807094E-15, 1.826506484316722911, 0.0000000000000000000 ) ) ;
#2885 = SURFACE_STYLE_USAGE ( .BOTH. , #1422 ) ;
#2886 =( NAMED_UNIT ( * ) SI_UNIT ( $, .STERADIAN. ) SOLID_ANGLE_UNIT ( ) );
#2887 =( LENGTH_UNIT ( ) NAMED_UNIT ( * ) SI_UNIT ( .MILLI., .METRE. ) );
#2888 = CARTESIAN_POINT ( 'NONE',  ( 3.077170012217550289E-16, 15.99999999999999645, 5.025400000000000311 ) ) ;
#2889 = CIRCLE ( 'NONE', #4570, 5.000000000000000888 ) ;
#2890 = SURFACE_STYLE_FILL_AREA ( #1284 ) ;
#2891 = ORIENTED_EDGE ( 'NONE', *, *, #2084, .T. ) ;
#2892 = SURFACE_STYLE_FILL_AREA ( #606 ) ;
#2893 = CIRCLE ( 'NONE', #2012, 4.500000000000000000 ) ;
#2894 = CARTESIAN_POINT ( 'NONE',  ( 0.05049038105676304650, 16.49816987298108018, -0.05049038105676554450 ) ) ;
#2895 = AXIS2_PLACEMENT_3D ( 'NONE', #4227, #1453, #3754 ) ;
#2896 = DIRECTION ( 'NONE',  ( 1.225696218315258576E-16, -1.000000000000000000, 0.0000000000000000000 ) ) ;
#2897 = ORIENTED_EDGE ( 'NONE', *, *, #2720, .F. ) ;
#2898 = COLOUR_RGB ( '',0.7529411764705882248, 0.7529411764705882248, 0.7529411764705882248 ) ;
#2899 = LINE ( 'NONE', #3965, #2729 ) ;
#2900 = VERTEX_POINT ( 'NONE', #2157 ) ;
#2901 = CARTESIAN_POINT ( 'NONE',  ( -0.04683012701892580454, 16.49183012701892181, 0.04683012701892356328 ) ) ;
#2902 = PRESENTATION_LAYER_ASSIGNMENT (  '', '', ( #536 ) ) ;
#2903 = ADVANCED_FACE ( 'NONE', ( #2179 ), #3586, .F. ) ;
#2904 = EDGE_LOOP ( 'NONE', ( #3296, #1192, #2844, #1700, #882, #2469, #632, #2554, #2665, #2567, #3129, #4721 ) ) ;
#2905 = MECHANICAL_DESIGN_GEOMETRIC_PRESENTATION_REPRESENTATION (  '', ( #4894 ), #2741 ) ;
#2906 = CARTESIAN_POINT ( 'NONE',  ( -0.05366025403784752124, 16.50000000000000000, 0.05366025403784523140 ) ) ;
#2907 = CARTESIAN_POINT ( 'NONE',  ( 1.510808339188218439E-15, 0.4999999999999996669, 0.0000000000000000000 ) ) ;
#2908 = CARTESIAN_POINT ( 'NONE',  ( 2.499999999999997780, 16.50000000000000000, 0.03999999999999969552 ) ) ;
#2909 =( NAMED_UNIT ( * ) SI_UNIT ( $, .STERADIAN. ) SOLID_ANGLE_UNIT ( ) );
#2910 = EDGE_CURVE ( 'NONE', #2797, #2323, #2089, .T. ) ;
#2911 = VERTEX_POINT ( 'NONE', #762 ) ;
#2912 = CARTESIAN_POINT ( 'NONE',  ( -0.04866025403784753067, 16.49500000000000099, -0.05000000000000044686 ) ) ;
#2913 = FILL_AREA_STYLE_COLOUR ( '', #651 ) ;
#2914 = EDGE_CURVE ( 'NONE', #3736, #548, #2326, .T. ) ;
#2915 = FILL_AREA_STYLE_COLOUR ( '', #154 ) ;
#2916 = FACE_OUTER_BOUND ( 'NONE', #188, .T. ) ;
#2917 = CYLINDRICAL_SURFACE ( 'NONE', #1646, 0.09999999999999982514 ) ;
#2918 = SURFACE_STYLE_USAGE ( .BOTH. , #673 ) ;
#2919 = CARTESIAN_POINT ( 'NONE',  ( 0.05732050807568667139, 16.50000000000000000, -0.05000000000000012768 ) ) ;
#2920 = EDGE_LOOP ( 'NONE', ( #2340, #3851, #391, #484 ) ) ;
#2921 = AXIS2_PLACEMENT_3D ( 'NONE', #2070, #2016, #3909 ) ;
#2922 = PRESENTATION_STYLE_ASSIGNMENT (( #1403 ) ) ;
#2923 = DIRECTION ( 'NONE',  ( -1.000000000000000000, 0.0000000000000000000, 0.0000000000000000000 ) ) ;
#2924 = AXIS2_PLACEMENT_3D ( 'NONE', #2580, #4472, #347 ) ;
#2925 =( BOUNDED_CURVE ( )  B_SPLINE_CURVE ( 3, ( #408, #3385, #1551, #3427 ),
 .UNSPECIFIED., .F., .T. ) 
 B_SPLINE_CURVE_WITH_KNOTS ( ( 4, 4 ),
 ( 4.712388980384689674, 5.759586531581494917 ),
 .UNSPECIFIED. ) 
 CURVE ( )  GEOMETRIC_REPRESENTATION_ITEM ( )  RATIONAL_B_SPLINE_CURVE ( ( 1.000000000000000000, 0.9106836025229245735, 0.9106836025229245735, 1.000000000000000000 ) ) 
 REPRESENTATION_ITEM ( '' )  );
#2926 = STYLED_ITEM ( 'NONE', ( #4473 ), #3863 ) ;
#2927 = CIRCLE ( 'NONE', #794, 0.5254000000000005333 ) ;
#2928 = VERTEX_POINT ( 'NONE', #1186 ) ;
#2929 = CIRCLE ( 'NONE', #479, 1.000000000000000000 ) ;
#2930 =( GEOMETRIC_REPRESENTATION_CONTEXT ( 3 ) GLOBAL_UNCERTAINTY_ASSIGNED_CONTEXT ( ( #458 ) ) GLOBAL_UNIT_ASSIGNED_CONTEXT ( ( #1524, #407, #29 ) ) REPRESENTATION_CONTEXT ( 'NONE', 'WORKASPACE' ) );
#2931 = DIRECTION ( 'NONE',  ( -1.225696218315258576E-16, 1.000000000000000000, -0.0000000000000000000 ) ) ;
#2932 = STYLED_ITEM ( 'NONE', ( #2532 ), #125 ) ;
#2933 = EDGE_LOOP ( 'NONE', ( #653, #534, #1504, #1607 ) ) ;
#2934 = DIRECTION ( 'NONE',  ( -1.225696218315258576E-16, 1.000000000000000000, -0.0000000000000000000 ) ) ;
#2935 = CIRCLE ( 'NONE', #4834, 5.000000000000000888 ) ;
#2936 = ORIENTED_EDGE ( 'NONE', *, *, #1270, .T. ) ;
#2937 = AXIS2_PLACEMENT_3D ( 'NONE', #786, #2282, #4637 ) ;
#2938 = MECHANICAL_DESIGN_GEOMETRIC_PRESENTATION_REPRESENTATION (  '', ( #3655 ), #1968 ) ;
#2939 = DIRECTION ( 'NONE',  ( -1.225696218315258576E-16, 1.000000000000000000, -0.0000000000000000000 ) ) ;
#2940 = VERTEX_POINT ( 'NONE', #4237 ) ;
#2941 = CARTESIAN_POINT ( 'NONE',  ( -2.498660254037846862, 16.49500000000000099, 0.04866025403784559472 ) ) ;
#2942 = DIRECTION ( 'NONE',  ( 1.000000000000000000, 0.0000000000000000000, 0.0000000000000000000 ) ) ;
#2943 = FILL_AREA_STYLE ('',( #4149 ) ) ;
#2944 = FILL_AREA_STYLE_COLOUR ( '', #3803 ) ;
#2945 = ADVANCED_FACE ( 'NONE', ( #4895 ), #2269, .T. ) ;
#2946 = DIRECTION ( 'NONE',  ( 3.061515884555943639E-16, 3.752488442012314369E-32, 1.000000000000000000 ) ) ;
#2947 = EDGE_CURVE ( 'NONE', #146, #2797, #1927, .T. ) ;
#2948 = LINE ( 'NONE', #4156, #3753 ) ;
#2949 = VERTEX_POINT ( 'NONE', #3006 ) ;
#2950 = PRESENTATION_STYLE_ASSIGNMENT (( #20 ) ) ;
#2951 = AXIS2_PLACEMENT_3D ( 'NONE', #1196, #3893, #3133 ) ;
#2952 = COLOUR_RGB ( '',0.2509803921568627416, 0.2509803921568627416, 0.2509803921568627416 ) ;
#2953 = PRESENTATION_STYLE_ASSIGNMENT (( #3625 ) ) ;
#2954 =( NAMED_UNIT ( * ) PLANE_ANGLE_UNIT ( ) SI_UNIT ( $, .RADIAN. ) );
#2955 = EDGE_LOOP ( 'NONE', ( #368, #1, #181, #2026 ) ) ;
#2956 = FILL_AREA_STYLE ('',( #4110 ) ) ;
#2957 = EDGE_LOOP ( 'NONE', ( #2549, #865, #4561, #907 ) ) ;
#2958 = DIRECTION ( 'NONE',  ( 1.000000000000000000, -1.204669080539448604E-16, 0.0000000000000000000 ) ) ;
#2959 = AXIS2_PLACEMENT_3D ( 'NONE', #502, #4272, #165 ) ;
#2960 = ORIENTED_EDGE ( 'NONE', *, *, #3494, .T. ) ;
#2961 = DIRECTION ( 'NONE',  ( -1.225696218315258576E-16, 1.000000000000000000, -0.0000000000000000000 ) ) ;
#2962 = CARTESIAN_POINT ( 'NONE',  ( 5.023486311751856448, 2.991139007125195093, -0.1386738462787297232 ) ) ;
#2963 = MECHANICAL_DESIGN_GEOMETRIC_PRESENTATION_REPRESENTATION (  '', ( #4487 ), #77 ) ;
#2964 = EDGE_LOOP ( 'NONE', ( #80, #2377, #2437, #4430 ) ) ;
#2965 = CIRCLE ( 'NONE', #2002, 4.745399999998766383 ) ;
#2966 = CARTESIAN_POINT ( 'NONE',  ( 1.970796952063498253, 0.2499999999999998890, -0.8506490099185457510 ) ) ;
#2967 = DIRECTION ( 'NONE',  ( 1.225696218315258576E-16, -1.000000000000000000, 0.0000000000000000000 ) ) ;
#2968 = SURFACE_STYLE_FILL_AREA ( #4077 ) ;
#2969 = DIRECTION ( 'NONE',  ( 1.225696218315258576E-16, -1.000000000000000000, 0.0000000000000000000 ) ) ;
#2970 =( NAMED_UNIT ( * ) PLANE_ANGLE_UNIT ( ) SI_UNIT ( $, .RADIAN. ) );
#2971 = EDGE_CURVE ( 'NONE', #4485, #4697, #2925, .T. ) ;
#2972 = FILL_AREA_STYLE ('',( #377 ) ) ;
#2973 = ORIENTED_EDGE ( 'NONE', *, *, #3552, .T. ) ;
#2974 = SURFACE_SIDE_STYLE ('',( #4522 ) ) ;
#2975 = CARTESIAN_POINT ( 'NONE',  ( 2.493660254037842972, 16.49000000000000199, 0.04366025403784495190 ) ) ;
#2976 = TOROIDAL_SURFACE ( 'NONE', #3695, 4.500000000000000000, 0.5254000000000004222 ) ;
#2977 = DIRECTION ( 'NONE',  ( -1.225696218315258576E-16, 1.000000000000000000, -0.0000000000000000000 ) ) ;
#2978 = EDGE_CURVE ( 'NONE', #4590, #3656, #2568, .T. ) ;
#2979 = EDGE_LOOP ( 'NONE', ( #3237, #1021, #2443 ) ) ;
#2980 = EDGE_LOOP ( 'NONE', ( #1833, #1963, #2656, #783 ) ) ;
#2981 = SURFACE_SIDE_STYLE ('',( #335 ) ) ;
#2982 = VECTOR ( 'NONE', #3884, 1000.000000000000000 ) ;
#2983 = COLOUR_RGB ( '',0.0000000000000000000, 0.0000000000000000000, 0.7529411764705882248 ) ;
#2984 = EDGE_CURVE ( 'NONE', #1110, #3736, #1861, .T. ) ;
#2985 = DIRECTION ( 'NONE',  ( -1.225696218315258576E-16, 1.000000000000000000, -0.0000000000000000000 ) ) ;
#2986 = VERTEX_POINT ( 'NONE', #853 ) ;
#2987 = PRESENTATION_STYLE_ASSIGNMENT (( #764 ) ) ;
#2988 = AXIS2_PLACEMENT_3D ( 'NONE', #429, #4163, #1886 ) ;
#2989 = DIRECTION ( 'NONE',  ( -1.000000000000000000, -1.225696218315258576E-16, 0.0000000000000000000 ) ) ;
#2990 = AXIS2_PLACEMENT_3D ( 'NONE', #4014, #2870, #4458 ) ;
#2991 = DIRECTION ( 'NONE',  ( -1.000000000000000000, 0.0000000000000000000, 0.0000000000000000000 ) ) ;
#2992 = EDGE_LOOP ( 'NONE', ( #2101, #4311, #2250, #55 ) ) ;
#2993 = PRESENTATION_STYLE_ASSIGNMENT (( #4857 ) ) ;
#2994 =( NAMED_UNIT ( * ) PLANE_ANGLE_UNIT ( ) SI_UNIT ( $, .RADIAN. ) );
#2995 = DIRECTION ( 'NONE',  ( -1.225696218315258576E-16, 1.000000000000000000, -0.0000000000000000000 ) ) ;
#2996 = UNCERTAINTY_MEASURE_WITH_UNIT (LENGTH_MEASURE( 1.000000000000000082E-05 ), #3048, 'distance_accuracy_value', 'NONE');
#2997 = DIRECTION ( 'NONE',  ( -1.225696218315258576E-16, 1.000000000000000000, -0.0000000000000000000 ) ) ;
#2998 = FILL_AREA_STYLE_COLOUR ( '', #245 ) ;
#2999 = FILL_AREA_STYLE_COLOUR ( '', #2983 ) ;
#3000 = DIRECTION ( 'NONE',  ( -1.000000000000000000, 0.0000000000000000000, 0.0000000000000000000 ) ) ;
#3001 = DIRECTION ( 'NONE',  ( -1.225696218315258576E-16, 1.000000000000000000, -0.0000000000000000000 ) ) ;
#3002 = ORIENTED_EDGE ( 'NONE', *, *, #4390, .F. ) ;
#3003 = DIRECTION ( 'NONE',  ( 0.0000000000000000000, 1.000000000000000000, 0.0000000000000000000 ) ) ;
#3004 = VERTEX_POINT ( 'NONE', #1121 ) ;
#3005 = DIRECTION ( 'NONE',  ( 1.000000000000000000, 1.225696218315258576E-16, -0.0000000000000000000 ) ) ;
#3006 = CARTESIAN_POINT ( 'NONE',  ( 8.673617379884035472E-16, 2.173493515775398510, -4.859999999999382148 ) ) ;
#3007 = EDGE_CURVE ( 'NONE', #4012, #4403, #1702, .T. ) ;
#3008 = ORIENTED_EDGE ( 'NONE', *, *, #1297, .F. ) ;
#3009 = FILL_AREA_STYLE_COLOUR ( '', #320 ) ;
#3010 = TOROIDAL_SURFACE ( 'NONE', #875, 5.219999999998981011, 0.5000000000002142730 ) ;
#3011 = CIRCLE ( 'NONE', #723, 4.719999999998766960 ) ;
#3012 = STYLED_ITEM ( 'NONE', ( #2625 ), #1840 ) ;
#3013 =( GEOMETRIC_REPRESENTATION_CONTEXT ( 3 ) GLOBAL_UNCERTAINTY_ASSIGNED_CONTEXT ( ( #3127 ) ) GLOBAL_UNIT_ASSIGNED_CONTEXT ( ( #4107, #1858, #2582 ) ) REPRESENTATION_CONTEXT ( 'NONE', 'WORKASPACE' ) );
#3014 = ORIENTED_EDGE ( 'NONE', *, *, #4390, .T. ) ;
#3015 = SURFACE_STYLE_FILL_AREA ( #3743 ) ;
#3016 = DIRECTION ( 'NONE',  ( 1.225696218315258576E-16, -1.000000000000000000, 0.0000000000000000000 ) ) ;
#3017 = SURFACE_STYLE_USAGE ( .BOTH. , #4123 ) ;
#3018 = LINE ( 'NONE', #4902, #2055 ) ;
#3019 = PRESENTATION_LAYER_ASSIGNMENT (  '', '', ( #3655 ) ) ;
#3020 = AXIS2_PLACEMENT_3D ( 'NONE', #3521, #2043, #512 ) ;
#3021 = SURFACE_STYLE_FILL_AREA ( #3395 ) ;
#3022 = FACE_OUTER_BOUND ( 'NONE', #4379, .T. ) ;
#3023 = ORIENTED_EDGE ( 'NONE', *, *, #4628, .F. ) ;
#3024 = FILL_AREA_STYLE ('',( #2998 ) ) ;
#3025 = LINE ( 'NONE', #1820, #3781 ) ;
#3026 = CARTESIAN_POINT ( 'NONE',  ( -1.476384028460536174E-15, 1.497146394056139584, 4.878287999999355584 ) ) ;
#3027 = CIRCLE ( 'NONE', #3421, 0.2999999999999999334 ) ;
#3028 = DIRECTION ( 'NONE',  ( 0.0000000000000000000, 0.0000000000000000000, 1.000000000000000000 ) ) ;
#3029 = VECTOR ( 'NONE', #1946, 1000.000000000000000 ) ;
#3030 = LINE ( 'NONE', #1888, #695 ) ;
#3031 = CIRCLE ( 'NONE', #2541, 0.4746000000002146280 ) ;
#3032 = ORIENTED_EDGE ( 'NONE', *, *, #1390, .F. ) ;
#3033 = CARTESIAN_POINT ( 'NONE',  ( -2.507320508075691290, 16.50000000000000000, -0.05732050807568871142 ) ) ;
#3034 = COLOUR_RGB ( '',0.0000000000000000000, 0.0000000000000000000, 0.7529411764705882248 ) ;
#3035 = UNCERTAINTY_MEASURE_WITH_UNIT (LENGTH_MEASURE( 1.000000000000000082E-05 ), #2151, 'distance_accuracy_value', 'NONE');
#3036 = ORIENTED_EDGE ( 'NONE', *, *, #3955, .F. ) ;
#3037 = DIRECTION ( 'NONE',  ( -1.000000000000000000, -1.378223100617526651E-16, 0.0000000000000000000 ) ) ;
#3038 = VECTOR ( 'NONE', #4665, 1000.000000000000000 ) ;
#3039 = ADVANCED_FACE ( 'NONE', ( #3453 ), #3454, .F. ) ;
#3040 = FACE_OUTER_BOUND ( 'NONE', #460, .T. ) ;
#3041 = ORIENTED_EDGE ( 'NONE', *, *, #626, .F. ) ;
#3042 = PRESENTATION_STYLE_ASSIGNMENT (( #392 ) ) ;
#3043 = DIRECTION ( 'NONE',  ( -1.225696218315258576E-16, 1.000000000000000000, -0.0000000000000000000 ) ) ;
#3044 = UNCERTAINTY_MEASURE_WITH_UNIT (LENGTH_MEASURE( 1.000000000000000082E-05 ), #2309, 'distance_accuracy_value', 'NONE');
#3045 = ADVANCED_FACE ( 'NONE', ( #806 ), #2022, .F. ) ;
#3046 = MECHANICAL_DESIGN_GEOMETRIC_PRESENTATION_REPRESENTATION (  '', ( #1683 ), #910 ) ;
#3047 = COLOUR_RGB ( '',0.2509803921568627416, 0.2509803921568627416, 0.2509803921568627416 ) ;
#3048 =( LENGTH_UNIT ( ) NAMED_UNIT ( * ) SI_UNIT ( .MILLI., .METRE. ) );
#3049 = SURFACE_STYLE_USAGE ( .BOTH. , #3417 ) ;
#3050 = VERTEX_POINT ( 'NONE', #513 ) ;
#3051 = CARTESIAN_POINT ( 'NONE',  ( 2.500000000000000000, -3.740813662564058006, -0.002153792457473946171 ) ) ;
#3052 = FILL_AREA_STYLE_COLOUR ( '', #3531 ) ;
#3053 = AXIS2_PLACEMENT_3D ( 'NONE', #1640, #1596, #3950 ) ;
#3054 = UNCERTAINTY_MEASURE_WITH_UNIT (LENGTH_MEASURE( 1.000000000000000082E-05 ), #1382, 'distance_accuracy_value', 'NONE');
#3055 =( NAMED_UNIT ( * ) SI_UNIT ( $, .STERADIAN. ) SOLID_ANGLE_UNIT ( ) );
#3056 = VERTEX_POINT ( 'NONE', #1609 ) ;
#3057 = DIRECTION ( 'NONE',  ( -1.836970198721027962E-16, 0.0000000000000000000, -1.000000000000000000 ) ) ;
#3058 = ORIENTED_EDGE ( 'NONE', *, *, #2971, .T. ) ;
#3059 = CARTESIAN_POINT ( 'NONE',  ( 2.489999999999997993, 16.50000000000000000, -0.05000000000000030809 ) ) ;
#3060 = CIRCLE ( 'NONE', #3452, 5.000000000000000888 ) ;
#3061 = ORIENTED_EDGE ( 'NONE', *, *, #462, .T. ) ;
#3062 = CARTESIAN_POINT ( 'NONE',  ( 5.023486311751856448, 5.791139007125195803, -0.1386738462787319437 ) ) ;
#3063 = ADVANCED_FACE ( 'NONE', ( #1265, #4725 ), #1240, .T. ) ;
#3064 = ORIENTED_EDGE ( 'NONE', *, *, #3183, .T. ) ;
#3065 = PRESENTATION_STYLE_ASSIGNMENT (( #132 ) ) ;
#3066 = DIRECTION ( 'NONE',  ( -0.0000000000000000000, 1.000000000000000000, -0.0000000000000000000 ) ) ;
#3067 = FILL_AREA_STYLE ('',( #134 ) ) ;
#3068 = PRESENTATION_LAYER_ASSIGNMENT (  '', '', ( #4346 ) ) ;
#3069 = EDGE_CURVE ( 'NONE', #4872, #1882, #2259, .T. ) ;
#3070 = EDGE_LOOP ( 'NONE', ( #312, #2329, #4826, #1755 ) ) ;
#3071 = SURFACE_STYLE_FILL_AREA ( #1205 ) ;
#3072 = CARTESIAN_POINT ( 'NONE',  ( 9.231510036652663194E-16, 12.92212896455523818, -5.025400000000000311 ) ) ;
#3073 = VERTEX_POINT ( 'NONE', #4502 ) ;
#3074 = CYLINDRICAL_SURFACE ( 'NONE', #483, 0.009999999999999592548 ) ;
#3075 =( NAMED_UNIT ( * ) SI_UNIT ( $, .STERADIAN. ) SOLID_ANGLE_UNIT ( ) );
#3076 = UNCERTAINTY_MEASURE_WITH_UNIT (LENGTH_MEASURE( 1.000000000000000082E-05 ), #1380, 'distance_accuracy_value', 'NONE');
#3077 = UNCERTAINTY_MEASURE_WITH_UNIT (LENGTH_MEASURE( 1.000000000000000082E-05 ), #4754, 'distance_accuracy_value', 'NONE');
#3078 = ORIENTED_EDGE ( 'NONE', *, *, #403, .F. ) ;
#3079 = DIRECTION ( 'NONE',  ( -1.000000000000000000, -1.301042606982604581E-16, 0.0000000000000000000 ) ) ;
#3080 = MECHANICAL_DESIGN_GEOMETRIC_PRESENTATION_REPRESENTATION (  '', ( #2433 ), #2198 ) ;
#3081 = LINE ( 'NONE', #1973, #4449 ) ;
#3082 = CIRCLE ( 'NONE', #4908, 0.5000000000002138290 ) ;
#3083 = COLOUR_RGB ( '',0.0000000000000000000, 0.0000000000000000000, 0.7529411764705882248 ) ;
#3084 =( GEOMETRIC_REPRESENTATION_CONTEXT ( 3 ) GLOBAL_UNCERTAINTY_ASSIGNED_CONTEXT ( ( #2314 ) ) GLOBAL_UNIT_ASSIGNED_CONTEXT ( ( #2758, #4322, #3926 ) ) REPRESENTATION_CONTEXT ( 'NONE', 'WORKASPACE' ) );
#3085 = UNCERTAINTY_MEASURE_WITH_UNIT (LENGTH_MEASURE( 1.000000000000000082E-05 ), #1272, 'distance_accuracy_value', 'NONE');
#3086 = CIRCLE ( 'NONE', #323, 0.5000000000002138290 ) ;
#3087 = SURFACE_STYLE_USAGE ( .BOTH. , #4266 ) ;
#3088 = COLOUR_RGB ( '',0.7529411764705882248, 0.7529411764705882248, 0.7529411764705882248 ) ;
#3089 = CARTESIAN_POINT ( 'NONE',  ( 1.917876647269837642, 0.2499999999999998890, -0.9354985316646698967 ) ) ;
#3090 =( NAMED_UNIT ( * ) PLANE_ANGLE_UNIT ( ) SI_UNIT ( $, .RADIAN. ) );
#3091 = SURFACE_STYLE_FILL_AREA ( #1560 ) ;
#3092 = ORIENTED_EDGE ( 'NONE', *, *, #1428, .F. ) ;
#3093 = EDGE_CURVE ( 'NONE', #1116, #1031, #779, .T. ) ;
#3094 = COLOUR_RGB ( '',0.7529411764705882248, 0.7529411764705882248, 0.7529411764705882248 ) ;
#3095 = DIRECTION ( 'NONE',  ( -1.225696218315258576E-16, 1.000000000000000000, -0.0000000000000000000 ) ) ;
#3096 = DIRECTION ( 'NONE',  ( -1.000000000000000000, 0.0000000000000000000, 0.0000000000000000000 ) ) ;
#3097 = UNCERTAINTY_MEASURE_WITH_UNIT (LENGTH_MEASURE( 1.000000000000000082E-05 ), #100, 'distance_accuracy_value', 'NONE');
#3098 = DIRECTION ( 'NONE',  ( 0.0000000000000000000, 1.000000000000000000, 0.0000000000000000000 ) ) ;
#3099 = DIRECTION ( 'NONE',  ( 0.0000000000000000000, 1.000000000000000000, 0.0000000000000000000 ) ) ;
#3100 = ORIENTED_EDGE ( 'NONE', *, *, #4414, .T. ) ;
#3101 = DIRECTION ( 'NONE',  ( 1.000000000000000000, 0.0000000000000000000, 0.0000000000000000000 ) ) ;
#3102 = FILL_AREA_STYLE_COLOUR ( '', #656 ) ;
#3103 = EDGE_CURVE ( 'NONE', #2911, #3056, #2655, .T. ) ;
#3104 = DIRECTION ( 'NONE',  ( 1.225696218315258576E-16, -1.000000000000000000, 0.0000000000000000000 ) ) ;
#3105 = ORIENTED_EDGE ( 'NONE', *, *, #2539, .T. ) ;
#3106 = AXIS2_PLACEMENT_3D ( 'NONE', #2752, #887, #3922 ) ;
#3107 = CARTESIAN_POINT ( 'NONE',  ( -0.04866025403784745434, 16.49500000000000099, 0.04866025403784520614 ) ) ;
#3108 = VECTOR ( 'NONE', #4367, 1000.000000000000000 ) ;
#3109 = DIRECTION ( 'NONE',  ( 1.000000000000000000, 0.0000000000000000000, 0.0000000000000000000 ) ) ;
#3110 = FILL_AREA_STYLE ('',( #2777 ) ) ;
#3111 = SURFACE_SIDE_STYLE ('',( #4196 ) ) ;
#3112 =( BOUNDED_CURVE ( )  B_SPLINE_CURVE ( 3, ( #2320, #2742, #432, #2713 ),
 .UNSPECIFIED., .F., .T. ) 
 B_SPLINE_CURVE_WITH_KNOTS ( ( 4, 4 ),
 ( 0.5235987755980736624, 1.570796326794896558 ),
 .UNSPECIFIED. ) 
 CURVE ( )  GEOMETRIC_REPRESENTATION_ITEM ( )  RATIONAL_B_SPLINE_CURVE ( ( 1.000000000000000000, 0.9106836025229215759, 0.9106836025229215759, 1.000000000000000000 ) ) 
 REPRESENTATION_ITEM ( '' )  );
#3113 = PRESENTATION_STYLE_ASSIGNMENT (( #136 ) ) ;
#3114 = ORIENTED_EDGE ( 'NONE', *, *, #3609, .T. ) ;
#3115 = FILL_AREA_STYLE ('',( #4250 ) ) ;
#3116 = FACE_OUTER_BOUND ( 'NONE', #2979, .T. ) ;
#3117 = ORIENTED_EDGE ( 'NONE', *, *, #4824, .T. ) ;
#3118 = DIRECTION ( 'NONE',  ( 1.225696218315258576E-16, -1.000000000000000000, 0.0000000000000000000 ) ) ;
#3119 = CARTESIAN_POINT ( 'NONE',  ( -4.500000000000000000, 16.00000000000000000, 0.0000000000000000000 ) ) ;
#3120 = ADVANCED_FACE ( 'NONE', ( #4841 ), #2095, .T. ) ;
#3121 = FILL_AREA_STYLE ('',( #3149 ) ) ;
#3122 = CARTESIAN_POINT ( 'NONE',  ( 0.0000000000000000000, 16.00000000000000000, -4.500000000000000000 ) ) ;
#3123 = VERTEX_POINT ( 'NONE', #4773 ) ;
#3124 = FILL_AREA_STYLE ('',( #2397 ) ) ;
#3125 = VECTOR ( 'NONE', #2142, 1000.000000000000000 ) ;
#3126 =( LENGTH_UNIT ( ) NAMED_UNIT ( * ) SI_UNIT ( .MILLI., .METRE. ) );
#3127 = UNCERTAINTY_MEASURE_WITH_UNIT (LENGTH_MEASURE( 1.000000000000000082E-05 ), #4107, 'distance_accuracy_value', 'NONE');
#3128 = ADVANCED_FACE ( 'NONE', ( #3653 ), #4038, .T. ) ;
#3129 = ORIENTED_EDGE ( 'NONE', *, *, #1094, .T. ) ;
#3130 = EDGE_CURVE ( 'NONE', #541, #2986, #1244, .T. ) ;
#3131 = STYLED_ITEM ( 'NONE', ( #706 ), #2876 ) ;
#3132 = CARTESIAN_POINT ( 'NONE',  ( 0.05732050807568744855, 16.50000000000000000, 2.507320508075689069 ) ) ;
#3133 = DIRECTION ( 'NONE',  ( -1.000000000000000000, -1.225696218315258576E-16, 0.0000000000000000000 ) ) ;
#3134 = PRESENTATION_STYLE_ASSIGNMENT (( #3440 ) ) ;
#3135 = TOROIDAL_SURFACE ( 'NONE', #3857, 5.219999999998981011, 0.5000000000002142730 ) ;
#3136 = DIRECTION ( 'NONE',  ( -1.000000000000000000, -1.301042606982605074E-16, 0.0000000000000000000 ) ) ;
#3137 = TOROIDAL_SURFACE ( 'NONE', #3618, 4.500000000000002665, 0.5000000000000002220 ) ;
#3138 = CARTESIAN_POINT ( 'NONE',  ( 1.734723475976807094E-15, 0.9999999999999995559, -4.500000000000002665 ) ) ;
#3139 = EDGE_LOOP ( 'NONE', ( #3498, #4406, #4426, #2097 ) ) ;
#3140 = DIRECTION ( 'NONE',  ( -1.225696218315258576E-16, 1.000000000000000000, -0.0000000000000000000 ) ) ;
#3141 = SURFACE_STYLE_USAGE ( .BOTH. , #4616 ) ;
#3142 = DIRECTION ( 'NONE',  ( -1.225696218315258576E-16, 1.000000000000000000, -0.0000000000000000000 ) ) ;
#3143 = DIRECTION ( 'NONE',  ( -1.225696218315258576E-16, 1.000000000000000000, -0.0000000000000000000 ) ) ;
#3144 =( GEOMETRIC_REPRESENTATION_CONTEXT ( 3 ) GLOBAL_UNCERTAINTY_ASSIGNED_CONTEXT ( ( #3054 ) ) GLOBAL_UNIT_ASSIGNED_CONTEXT ( ( #1382, #3702, #301 ) ) REPRESENTATION_CONTEXT ( 'NONE', 'WORKASPACE' ) );
#3145 = SURFACE_SIDE_STYLE ('',( #1207 ) ) ;
#3146 = CARTESIAN_POINT ( 'NONE',  ( 5.023486311751855560, 14.99113900712519687, -0.1386738462787319437 ) ) ;
#3147 = AXIS2_PLACEMENT_3D ( 'NONE', #1043, #701, #678 ) ;
#3148 = FACE_OUTER_BOUND ( 'NONE', #2964, .T. ) ;
#3149 = FILL_AREA_STYLE_COLOUR ( '', #787 ) ;
#3150 = ORIENTED_EDGE ( 'NONE', *, *, #2239, .T. ) ;
#3151 = CARTESIAN_POINT ( 'NONE',  ( 1.734723475976807094E-15, 0.9999999999999991118, 5.000000000000002665 ) ) ;
#3152 = DIRECTION ( 'NONE',  ( -1.000000000000000000, -1.225696218315258576E-16, 0.0000000000000000000 ) ) ;
#3153 = EDGE_LOOP ( 'NONE', ( #1674, #4435, #811, #2639 ) ) ;
#3154 = VERTEX_POINT ( 'NONE', #1746 ) ;
#3155 = EDGE_CURVE ( 'NONE', #2001, #364, #4739, .T. ) ;
#3156 = EDGE_CURVE ( 'NONE', #4355, #325, #4192, .T. ) ;
#3157 = CARTESIAN_POINT ( 'NONE',  ( 2.498660254037842865, 16.49500000000000099, 0.04866025403784500492 ) ) ;
#3158 = FILL_AREA_STYLE ('',( #520 ) ) ;
#3159 = PRESENTATION_STYLE_ASSIGNMENT (( #2825 ) ) ;
#3160 = COLOUR_RGB ( '',0.2509803921568627416, 0.2509803921568627416, 0.2509803921568627416 ) ;
#3161 = SURFACE_STYLE_FILL_AREA ( #3067 ) ;
#3162 = CIRCLE ( 'NONE', #1870, 4.859999999999383924 ) ;
#3163 = CIRCLE ( 'NONE', #236, 5.025400000000000311 ) ;
#3164 = COLOUR_RGB ( '',0.2509803921568627416, 0.2509803921568627416, 0.2509803921568627416 ) ;
#3165 = MECHANICAL_DESIGN_GEOMETRIC_PRESENTATION_REPRESENTATION (  '', ( #1875 ), #3084 ) ;
#3166 = VERTEX_POINT ( 'NONE', #3026 ) ;
#3167 = COLOUR_RGB ( '',0.0000000000000000000, 0.0000000000000000000, 0.7529411764705882248 ) ;
#3168 =( NAMED_UNIT ( * ) SI_UNIT ( $, .STERADIAN. ) SOLID_ANGLE_UNIT ( ) );
#3169 = CIRCLE ( 'NONE', #3809, 5.000000000000002665 ) ;
#3170 = FILL_AREA_STYLE_COLOUR ( '', #103 ) ;
#3171 = STYLED_ITEM ( 'NONE', ( #3238 ), #287 ) ;
#3172 = FILL_AREA_STYLE_COLOUR ( '', #3644 ) ;
#3173 = STYLED_ITEM ( 'NONE', ( #2634 ), #981 ) ;
#3174 = FACE_BOUND ( 'NONE', #1065, .T. ) ;
#3175 = AXIS2_PLACEMENT_3D ( 'NONE', #2649, #418, #1901 ) ;
#3176 = ORIENTED_EDGE ( 'NONE', *, *, #3007, .T. ) ;
#3177 = DIRECTION ( 'NONE',  ( -1.000000000000000000, -1.225696218315258576E-16, -1.836970198721029688E-16 ) ) ;
#3178 = ORIENTED_EDGE ( 'NONE', *, *, #2052, .T. ) ;
#3179 = STYLED_ITEM ( 'NONE', ( #1263 ), #3520 ) ;
#3180 = CARTESIAN_POINT ( 'NONE',  ( -0.05732050807569129269, 16.50000000000000000, -0.05732050807568900980 ) ) ;
#3181 = ORIENTED_EDGE ( 'NONE', *, *, #2566, .T. ) ;
#3182 =( GEOMETRIC_REPRESENTATION_CONTEXT ( 3 ) GLOBAL_UNCERTAINTY_ASSIGNED_CONTEXT ( ( #3881 ) ) GLOBAL_UNIT_ASSIGNED_CONTEXT ( ( #1589, #1613, #3482 ) ) REPRESENTATION_CONTEXT ( 'NONE', 'WORKASPACE' ) );
#3183 = EDGE_CURVE ( 'NONE', #477, #763, #3304, .T. ) ;
#3184 = FILL_AREA_STYLE ('',( #3554 ) ) ;
#3185 =( LENGTH_UNIT ( ) NAMED_UNIT ( * ) SI_UNIT ( .MILLI., .METRE. ) );
#3186 = AXIS2_PLACEMENT_3D ( 'NONE', #372, #1100, #1872 ) ;
#3187 = DIRECTION ( 'NONE',  ( 0.0000000000000000000, -1.000000000000000000, 0.0000000000000000000 ) ) ;
#3188 = SURFACE_STYLE_FILL_AREA ( #3764 ) ;
#3189 = CIRCLE ( 'NONE', #3504, 0.9999999999997974953 ) ;
#3190 = ADVANCED_FACE ( 'NONE', ( #383 ), #3847, .T. ) ;
#3191 = DIRECTION ( 'NONE',  ( 0.0000000000000000000, 1.734723475976062213E-15, 1.000000000000000000 ) ) ;
#3192 = ORIENTED_EDGE ( 'NONE', *, *, #2881, .F. ) ;
#3193 = EDGE_CURVE ( 'NONE', #336, #2949, #1469, .T. ) ;
#3194 = SURFACE_SIDE_STYLE ('',( #192 ) ) ;
#3195 =( LENGTH_UNIT ( ) NAMED_UNIT ( * ) SI_UNIT ( .MILLI., .METRE. ) );
#3196 =( LENGTH_UNIT ( ) NAMED_UNIT ( * ) SI_UNIT ( .MILLI., .METRE. ) );
#3197 = UNCERTAINTY_MEASURE_WITH_UNIT (LENGTH_MEASURE( 1.000000000000000082E-05 ), #1142, 'distance_accuracy_value', 'NONE');
#3198 = PRESENTATION_STYLE_ASSIGNMENT (( #2865 ) ) ;
#3199 = ORIENTED_EDGE ( 'NONE', *, *, #1752, .T. ) ;
#3200 = CARTESIAN_POINT ( 'NONE',  ( -1.918017371715800445, 0.2499999999999994726, 0.9312787012856003077 ) ) ;
#3201 = DIRECTION ( 'NONE',  ( -1.225696218315258576E-16, 1.000000000000000000, -0.0000000000000000000 ) ) ;
#3202 = CARTESIAN_POINT ( 'NONE',  ( -1.734723475976807094E-15, 1.826506484316722911, 0.0000000000000000000 ) ) ;
#3203 =( NAMED_UNIT ( * ) PLANE_ANGLE_UNIT ( ) SI_UNIT ( $, .RADIAN. ) );
#3204 = ORIENTED_EDGE ( 'NONE', *, *, #3155, .F. ) ;
#3205 = MECHANICAL_DESIGN_GEOMETRIC_PRESENTATION_REPRESENTATION (  '', ( #1148 ), #4723 ) ;
#3206 = DIRECTION ( 'NONE',  ( -1.225696218315258576E-16, 1.000000000000000000, -0.0000000000000000000 ) ) ;
#3207 = VERTEX_POINT ( 'NONE', #2319 ) ;
#3208 = DIRECTION ( 'NONE',  ( -1.000000000000000000, 0.0000000000000000000, 0.0000000000000000000 ) ) ;
#3209 = LINE ( 'NONE', #2823, #152 ) ;
#3210 = CARTESIAN_POINT ( 'NONE',  ( 2.499999999999997780, 16.50000000000000000, -0.05732050807568932205 ) ) ;
#3211 = VECTOR ( 'NONE', #3, 1000.000000000000000 ) ;
#3212 =( GEOMETRIC_REPRESENTATION_CONTEXT ( 3 ) GLOBAL_UNCERTAINTY_ASSIGNED_CONTEXT ( ( #473 ) ) GLOBAL_UNIT_ASSIGNED_CONTEXT ( ( #4187, #2700, #3075 ) ) REPRESENTATION_CONTEXT ( 'NONE', 'WORKASPACE' ) );
#3213 = DIRECTION ( 'NONE',  ( -0.0000000000000000000, 1.000000000000000000, -0.0000000000000000000 ) ) ;
#3214 = SURFACE_STYLE_USAGE ( .BOTH. , #218 ) ;
#3215 =( GEOMETRIC_REPRESENTATION_CONTEXT ( 3 ) GLOBAL_UNCERTAINTY_ASSIGNED_CONTEXT ( ( #1209 ) ) GLOBAL_UNIT_ASSIGNED_CONTEXT ( ( #2542, #2564, #3652 ) ) REPRESENTATION_CONTEXT ( 'NONE', 'WORKASPACE' ) );
#3216 =( NAMED_UNIT ( * ) PLANE_ANGLE_UNIT ( ) SI_UNIT ( $, .RADIAN. ) );
#3217 = CARTESIAN_POINT ( 'NONE',  ( 5.308478012383365330E-16, 8.591139007125196514, 0.0000000000000000000 ) ) ;
#3218 = FACE_OUTER_BOUND ( 'NONE', #437, .T. ) ;
#3219 = EDGE_CURVE ( 'NONE', #923, #1110, #3420, .T. ) ;
#3220 = CARTESIAN_POINT ( 'NONE',  ( 0.03999999999999691302, 16.50000000000000000, -2.500000000000000000 ) ) ;
#3221 = COLOUR_RGB ( '',0.0000000000000000000, 0.0000000000000000000, 0.7529411764705882248 ) ;
#3222 = EDGE_CURVE ( 'NONE', #3656, #634, #4784, .T. ) ;
#3223 = DIRECTION ( 'NONE',  ( 1.000000000000000000, -0.0000000000000000000, -0.0000000000000000000 ) ) ;
#3224 = DIRECTION ( 'NONE',  ( -1.000000000000000000, -1.084202172485504434E-16, 0.0000000000000000000 ) ) ;
#3225 = CARTESIAN_POINT ( 'NONE',  ( 0.03999999999999691302, 16.50000000000000000, -2.500000000000000000 ) ) ;
#3226 = ORIENTED_EDGE ( 'NONE', *, *, #4540, .F. ) ;
#3227 =( NAMED_UNIT ( * ) SI_UNIT ( $, .STERADIAN. ) SOLID_ANGLE_UNIT ( ) );
#3228 = CARTESIAN_POINT ( 'NONE',  ( -0.05732050807569204209, 16.50000000000000000, -2.507320508075689069 ) ) ;
#3229 = VERTEX_POINT ( 'NONE', #452 ) ;
#3230 = SURFACE_STYLE_FILL_AREA ( #554 ) ;
#3231 = ORIENTED_EDGE ( 'NONE', *, *, #4622, .F. ) ;
#3232 = DIRECTION ( 'NONE',  ( 0.0000000000000000000, -0.0000000000000000000, -1.000000000000000000 ) ) ;
#3233 = ORIENTED_EDGE ( 'NONE', *, *, #2693, .T. ) ;
#3234 = DIRECTION ( 'NONE',  ( -1.836970198721027962E-16, 0.0000000000000000000, -1.000000000000000000 ) ) ;
#3235 =( NAMED_UNIT ( * ) PLANE_ANGLE_UNIT ( ) SI_UNIT ( $, .RADIAN. ) );
#3236 = CARTESIAN_POINT ( 'NONE',  ( 0.0000000000000000000, 12.92212896455523818, -5.000000000000000000 ) ) ;
#3237 = ORIENTED_EDGE ( 'NONE', *, *, #3900, .T. ) ;
#3238 = PRESENTATION_STYLE_ASSIGNMENT (( #3978 ) ) ;
#3239 = PRESENTATION_STYLE_ASSIGNMENT (( #2829 ) ) ;
#3240 = SURFACE_STYLE_USAGE ( .BOTH. , #3316 ) ;
#3241 =( GEOMETRIC_REPRESENTATION_CONTEXT ( 3 ) GLOBAL_UNCERTAINTY_ASSIGNED_CONTEXT ( ( #1582 ) ) GLOBAL_UNIT_ASSIGNED_CONTEXT ( ( #1129, #2604, #3785 ) ) REPRESENTATION_CONTEXT ( 'NONE', 'WORKASPACE' ) );
#3242 = MECHANICAL_DESIGN_GEOMETRIC_PRESENTATION_REPRESENTATION (  '', ( #2121 ), #2930 ) ;
#3243 = PRESENTATION_LAYER_ASSIGNMENT (  '', '', ( #481 ) ) ;
#3244 =( LENGTH_UNIT ( ) NAMED_UNIT ( * ) SI_UNIT ( .MILLI., .METRE. ) );
#3245 =( BOUNDED_CURVE ( )  B_SPLINE_CURVE ( 3, ( #1421, #1691, #597, #2941 ),
 .UNSPECIFIED., .F., .T. ) 
 B_SPLINE_CURVE_WITH_KNOTS ( ( 4, 4 ),
 ( 4.712388980384689674, 5.759586531581136981 ),
 .UNSPECIFIED. ) 
 CURVE ( )  GEOMETRIC_REPRESENTATION_ITEM ( )  RATIONAL_B_SPLINE_CURVE ( ( 1.000000000000000000, 0.9106836025229840814, 0.9106836025229840814, 1.000000000000000000 ) ) 
 REPRESENTATION_ITEM ( '' )  );
#3246 = ADVANCED_FACE ( 'NONE', ( #3756 ), #4552, .T. ) ;
#3247 = SURFACE_STYLE_FILL_AREA ( #2834 ) ;
#3248 = VERTEX_POINT ( 'NONE', #3593 ) ;
#3249 = STYLED_ITEM ( 'NONE', ( #4380 ), #891 ) ;
#3250 = FILL_AREA_STYLE_COLOUR ( '', #4103 ) ;
#3251 = CIRCLE ( 'NONE', #4139, 0.5000000000002138290 ) ;
#3252 = AXIS2_PLACEMENT_3D ( 'NONE', #2064, #1277, #2479 ) ;
#3253 = ORIENTED_EDGE ( 'NONE', *, *, #4471, .F. ) ;
#3254 = DIRECTION ( 'NONE',  ( -3.061515884555943639E-16, -3.752488442012314369E-32, -1.000000000000000000 ) ) ;
#3255 = ORIENTED_EDGE ( 'NONE', *, *, #2383, .F. ) ;
#3256 = CARTESIAN_POINT ( 'NONE',  ( 5.023804620177153346, 2.991139007125195093, 0.1266187122296524303 ) ) ;
#3257 = EDGE_CURVE ( 'NONE', #734, #387, #4164, .T. ) ;
#3258 = AXIS2_PLACEMENT_3D ( 'NONE', #179, #1152, #3814 ) ;
#3259 = MECHANICAL_DESIGN_GEOMETRIC_PRESENTATION_REPRESENTATION (  '', ( #3179 ), #1042 ) ;
#3260 = DIRECTION ( 'NONE',  ( -1.225696218315258576E-16, -1.000000000000000000, -0.0000000000000000000 ) ) ;
#3261 = SURFACE_SIDE_STYLE ('',( #3999 ) ) ;
#3262 = FILL_AREA_STYLE ('',( #1317 ) ) ;
#3263 = AXIS2_PLACEMENT_3D ( 'NONE', #859, #2334, #4219 ) ;
#3264 = SURFACE_SIDE_STYLE ('',( #1299 ) ) ;
#3265 = ORIENTED_EDGE ( 'NONE', *, *, #1991, .T. ) ;
#3266 = LINE ( 'NONE', #2827, #93 ) ;
#3267 = LINE ( 'NONE', #4321, #2522 ) ;
#3268 = FACE_OUTER_BOUND ( 'NONE', #4543, .T. ) ;
#3269 =( LENGTH_UNIT ( ) NAMED_UNIT ( * ) SI_UNIT ( .MILLI., .METRE. ) );
#3270 = FACE_OUTER_BOUND ( 'NONE', #1167, .T. ) ;
#3271 = DIRECTION ( 'NONE',  ( -1.225696218315258576E-16, 1.000000000000000000, -0.0000000000000000000 ) ) ;
#3272 = AXIS2_PLACEMENT_3D ( 'NONE', #2005, #2680, #889 ) ;
#3273 = PRESENTATION_LAYER_ASSIGNMENT (  '', '', ( #3432 ) ) ;
#3274 = DIRECTION ( 'NONE',  ( -1.000000000000000000, -1.225696218315258576E-16, 0.0000000000000000000 ) ) ;
#3275 = DIRECTION ( 'NONE',  ( -1.000000000000000000, -1.225696218315258576E-16, 1.221441296278566376E-16 ) ) ;
#3276 = EDGE_CURVE ( 'NONE', #4778, #2267, #431, .T. ) ;
#3277 =( BOUNDED_CURVE ( )  B_SPLINE_CURVE ( 3, ( #1977, #4585, #4265, #3815 ),
 .UNSPECIFIED., .F., .T. ) 
 B_SPLINE_CURVE_WITH_KNOTS ( ( 4, 4 ),
 ( 0.5235987755980818781, 1.570796326794895226 ),
 .UNSPECIFIED. ) 
 CURVE ( )  GEOMETRIC_REPRESENTATION_ITEM ( )  RATIONAL_B_SPLINE_CURVE ( ( 1.000000000000000000, 0.9106836025229230192, 0.9106836025229230192, 1.000000000000000000 ) ) 
 REPRESENTATION_ITEM ( '' )  );
#3278 = FILL_AREA_STYLE ('',( #4040 ) ) ;
#3279 = EDGE_LOOP ( 'NONE', ( #3966, #1907, #4111, #2408 ) ) ;
#3280 = ORIENTED_EDGE ( 'NONE', *, *, #2978, .T. ) ;
#3281 = FILL_AREA_STYLE ('',( #4018 ) ) ;
#3282 = CIRCLE ( 'NONE', #276, 4.859999999999383924 ) ;
#3283 = ADVANCED_FACE ( 'NONE', ( #2739 ), #1985, .F. ) ;
#3284 = CIRCLE ( 'NONE', #1376, 5.025400000000000311 ) ;
#3285 = EDGE_CURVE ( 'NONE', #4601, #1831, #3983, .T. ) ;
#3286 = CARTESIAN_POINT ( 'NONE',  ( 5.023804620177153346, 8.591139007125196514, 0.1266187122296502099 ) ) ;
#3287 = FILL_AREA_STYLE_COLOUR ( '', #4238 ) ;
#3288 =( NAMED_UNIT ( * ) PLANE_ANGLE_UNIT ( ) SI_UNIT ( $, .RADIAN. ) );
#3289 = AXIS2_PLACEMENT_3D ( 'NONE', #2241, #3749, #4566 ) ;
#3290 = DIRECTION ( 'NONE',  ( -1.000000000000000000, -1.301042606982604581E-16, 0.0000000000000000000 ) ) ;
#3291 = VERTEX_POINT ( 'NONE', #1619 ) ;
#3292 = DIRECTION ( 'NONE',  ( 1.000000000000000000, 0.0000000000000000000, 0.0000000000000000000 ) ) ;
#3293 = FILL_AREA_STYLE_COLOUR ( '', #3160 ) ;
#3294 = FACE_OUTER_BOUND ( 'NONE', #2920, .T. ) ;
#3295 = FILL_AREA_STYLE ('',( #3720 ) ) ;
#3296 = ORIENTED_EDGE ( 'NONE', *, *, #1150, .T. ) ;
#3297 =( NAMED_UNIT ( * ) PLANE_ANGLE_UNIT ( ) SI_UNIT ( $, .RADIAN. ) );
#3298 = CARTESIAN_POINT ( 'NONE',  ( 0.05366025403784138725, 16.50000000000000000, -0.05366025403784387138 ) ) ;
#3299 = SURFACE_SIDE_STYLE ('',( #2220 ) ) ;
#3300 = ORIENTED_EDGE ( 'NONE', *, *, #309, .T. ) ;
#3301 = SURFACE_SIDE_STYLE ('',( #1584 ) ) ;
#3302 = ORIENTED_EDGE ( 'NONE', *, *, #464, .F. ) ;
#3303 = CARTESIAN_POINT ( 'NONE',  ( 0.04866025403784147302, 16.49500000000000099, -0.04866025403784372816 ) ) ;
#3304 = CIRCLE ( 'NONE', #2988, 4.499999999999999112 ) ;
#3305 = DIRECTION ( 'NONE',  ( 8.673617379884072943E-16, -1.000000000000000000, 0.0000000000000000000 ) ) ;
#3306 = ORIENTED_EDGE ( 'NONE', *, *, #3707, .F. ) ;
#3307 = PRESENTATION_STYLE_ASSIGNMENT (( #2449 ) ) ;
#3308 =( NAMED_UNIT ( * ) PLANE_ANGLE_UNIT ( ) SI_UNIT ( $, .RADIAN. ) );
#3309 = CARTESIAN_POINT ( 'NONE',  ( 0.0000000000000000000, 16.00000000000000000, 0.0000000000000000000 ) ) ;
#3310 = FACE_OUTER_BOUND ( 'NONE', #3658, .T. ) ;
#3311 = ORIENTED_EDGE ( 'NONE', *, *, #1862, .F. ) ;
#3312 = DIRECTION ( 'NONE',  ( -1.225696218315258576E-16, 1.000000000000000000, -0.0000000000000000000 ) ) ;
#3313 = PRESENTATION_STYLE_ASSIGNMENT (( #1785 ) ) ;
#3314 = DIRECTION ( 'NONE',  ( -0.0000000000000000000, -0.0000000000000000000, -1.000000000000000000 ) ) ;
#3315 = FILL_AREA_STYLE_COLOUR ( '', #3345 ) ;
#3316 = SURFACE_SIDE_STYLE ('',( #1374 ) ) ;
#3317 = FILL_AREA_STYLE ('',( #1323 ) ) ;
#3318 =( NAMED_UNIT ( * ) SI_UNIT ( $, .STERADIAN. ) SOLID_ANGLE_UNIT ( ) );
#3319 = EDGE_LOOP ( 'NONE', ( #985, #1720, #3455, #3226 ) ) ;
#3320 = DIRECTION ( 'NONE',  ( -1.000000000000000000, -1.301042606982604581E-16, 0.0000000000000000000 ) ) ;
#3321 = CARTESIAN_POINT ( 'NONE',  ( 8.673617379884035472E-16, 2.520480547234076329, 0.0000000000000000000 ) ) ;
#3322 = PRESENTATION_STYLE_ASSIGNMENT (( #1436 ) ) ;
#3323 =( GEOMETRIC_REPRESENTATION_CONTEXT ( 3 ) GLOBAL_UNCERTAINTY_ASSIGNED_CONTEXT ( ( #1241 ) ) GLOBAL_UNIT_ASSIGNED_CONTEXT ( ( #450, #895, #2710 ) ) REPRESENTATION_CONTEXT ( 'NONE', 'WORKASPACE' ) );
#3324 = MECHANICAL_DESIGN_GEOMETRIC_PRESENTATION_REPRESENTATION (  '', ( #481 ), #4912 ) ;
#3325 = PRESENTATION_LAYER_ASSIGNMENT (  '', '', ( #2926 ) ) ;
#3326 = CARTESIAN_POINT ( 'NONE',  ( 1.734723475976807094E-15, 1.826506484316722911, 0.0000000000000000000 ) ) ;
#3327 = CIRCLE ( 'NONE', #713, 4.878287999999354696 ) ;
#3328 = ORIENTED_EDGE ( 'NONE', *, *, #1924, .T. ) ;
#3329 = TOROIDAL_SURFACE ( 'NONE', #1569, 4.500000000000000000, 0.5000000000000004441 ) ;
#3330 = PRESENTATION_STYLE_ASSIGNMENT (( #333 ) ) ;
#3331 = VERTEX_POINT ( 'NONE', #2712 ) ;
#3332 = CARTESIAN_POINT ( 'NONE',  ( -2.500000000000000000, 0.4999999999999993339, -0.3021537924574740352 ) ) ;
#3333 = MECHANICAL_DESIGN_GEOMETRIC_PRESENTATION_REPRESENTATION (  '', ( #4137 ), #1959 ) ;
#3334 = CARTESIAN_POINT ( 'NONE',  ( 2.500000000000000000, -3.740813662564058006, -0.002153792457473946171 ) ) ;
#3335 = AXIS2_PLACEMENT_3D ( 'NONE', #3200, #3575, #171 ) ;
#3336 = CIRCLE ( 'NONE', #1735, 5.025400000000000311 ) ;
#3337 = ORIENTED_EDGE ( 'NONE', *, *, #3902, .F. ) ;
#3338 = DIRECTION ( 'NONE',  ( -1.225696218315258576E-16, 1.000000000000000000, -0.0000000000000000000 ) ) ;
#3339 = CARTESIAN_POINT ( 'NONE',  ( 1.734723475976807094E-15, 1.132532421399369937, 4.499999999999786837 ) ) ;
#3340 = AXIS2_PLACEMENT_3D ( 'NONE', #2405, #184, #1660 ) ;
#3341 = TOROIDAL_SURFACE ( 'NONE', #1338, 4.499999999999786837, 0.5000000000002140510 ) ;
#3342 = CIRCLE ( 'NONE', #884, 0.2999999999999999334 ) ;
#3343 = CIRCLE ( 'NONE', #3755, 0.5000000000002138290 ) ;
#3344 = EDGE_CURVE ( 'NONE', #2235, #1078, #845, .T. ) ;
#3345 = COLOUR_RGB ( '',0.0000000000000000000, 0.0000000000000000000, 0.7529411764705882248 ) ;
#3346 = ORIENTED_EDGE ( 'NONE', *, *, #280, .F. ) ;
#3347 = PRESENTATION_LAYER_ASSIGNMENT (  '', '', ( #4223 ) ) ;
#3348 = DIRECTION ( 'NONE',  ( -1.225696218315258576E-16, 1.000000000000000000, -0.0000000000000000000 ) ) ;
#3349 = CYLINDRICAL_SURFACE ( 'NONE', #4378, 0.3000000000000000999 ) ;
#3350 = SURFACE_STYLE_USAGE ( .BOTH. , #3668 ) ;
#3351 = DIRECTION ( 'NONE',  ( -1.000000000000000000, -1.225696218315258576E-16, 0.0000000000000000000 ) ) ;
#3352 = CARTESIAN_POINT ( 'NONE',  ( -4.385382997764345347E-16, 16.50000000000000000, 0.0000000000000000000 ) ) ;
#3353 = EDGE_CURVE ( 'NONE', #1630, #3408, #3835, .T. ) ;
#3354 = AXIS2_PLACEMENT_3D ( 'NONE', #3622, #2867, #628 ) ;
#3355 = EDGE_CURVE ( 'NONE', #1014, #4489, #1754, .T. ) ;
#3356 = CYLINDRICAL_SURFACE ( 'NONE', #3289, 5.025400000000000311 ) ;
#3357 =( NAMED_UNIT ( * ) PLANE_ANGLE_UNIT ( ) SI_UNIT ( $, .RADIAN. ) );
#3358 = ORIENTED_EDGE ( 'NONE', *, *, #2330, .T. ) ;
#3359 = FILL_AREA_STYLE_COLOUR ( '', #4455 ) ;
#3360 = TOROIDAL_SURFACE ( 'NONE', #2951, 5.219999999998981011, 0.5000000000002142730 ) ;
#3361 = MECHANICAL_DESIGN_GEOMETRIC_PRESENTATION_REPRESENTATION (  '', ( #3583 ), #973 ) ;
#3362 = FILL_AREA_STYLE ('',( #1770 ) ) ;
#3363 = VERTEX_POINT ( 'NONE', #2762 ) ;
#3364 =( LENGTH_UNIT ( ) NAMED_UNIT ( * ) SI_UNIT ( .MILLI., .METRE. ) );
#3365 = ORIENTED_EDGE ( 'NONE', *, *, #3515, .F. ) ;
#3366 = CARTESIAN_POINT ( 'NONE',  ( 1.402516320614545356E-15, 1.479519452858046424, 0.0000000000000000000 ) ) ;
#3367 = AXIS2_PLACEMENT_3D ( 'NONE', #3138, #4224, #1251 ) ;
#3368 = DIRECTION ( 'NONE',  ( 1.225696218315258576E-16, 1.000000000000000000, 0.0000000000000000000 ) ) ;
#3369 = ORIENTED_EDGE ( 'NONE', *, *, #4240, .T. ) ;
#3370 = DIRECTION ( 'NONE',  ( 1.000000000000000000, -1.225696218315258576E-16, 0.0000000000000000000 ) ) ;
#3371 = EDGE_LOOP ( 'NONE', ( #3381, #4254, #4899, #957 ) ) ;
#3372 = DIRECTION ( 'NONE',  ( 1.000000000000000000, 1.225696218315258576E-16, -0.0000000000000000000 ) ) ;
#3373 = DIRECTION ( 'NONE',  ( -1.225696218315258576E-16, 1.000000000000000000, -0.0000000000000000000 ) ) ;
#3374 = SURFACE_SIDE_STYLE ('',( #2558 ) ) ;
#3375 = CARTESIAN_POINT ( 'NONE',  ( 0.0000000000000000000, 12.92212896455523818, 0.0000000000000000000 ) ) ;
#3376 = EDGE_CURVE ( 'NONE', #3489, #1801, #4244, .T. ) ;
#3377 = DIRECTION ( 'NONE',  ( -1.000000000000000000, -1.225696218315258576E-16, 0.0000000000000000000 ) ) ;
#3378 = VECTOR ( 'NONE', #4317, 1000.000000000000000 ) ;
#3379 = PRESENTATION_STYLE_ASSIGNMENT (( #4181 ) ) ;
#3380 = CARTESIAN_POINT ( 'NONE',  ( 5.019732501002772906, 15.09113900712519296, -0.2386017149486681366 ) ) ;
#3381 = ORIENTED_EDGE ( 'NONE', *, *, #3353, .F. ) ;
#3382 =( NAMED_UNIT ( * ) PLANE_ANGLE_UNIT ( ) SI_UNIT ( $, .RADIAN. ) );
#3383 = ORIENTED_EDGE ( 'NONE', *, *, #3219, .F. ) ;
#3384 = CIRCLE ( 'NONE', #2094, 4.499999999999999112 ) ;
#3385 = CARTESIAN_POINT ( 'NONE',  ( 0.04366025403784210696, 16.49000000000000199, -2.493660254037845636 ) ) ;
#3386 = AXIS2_PLACEMENT_3D ( 'NONE', #4134, #3424, #3003 ) ;
#3387 = VERTEX_POINT ( 'NONE', #2011 ) ;
#3388 = CARTESIAN_POINT ( 'NONE',  ( 5.020290614649572269, 12.29113900712519225, 0.2265553011108407955 ) ) ;
#3389 = MECHANICAL_DESIGN_GEOMETRIC_PRESENTATION_REPRESENTATION (  '', ( #4346 ), #931 ) ;
#3390 = DIRECTION ( 'NONE',  ( 1.225696218315258576E-16, -1.000000000000000000, 0.0000000000000000000 ) ) ;
#3391 = ORIENTED_EDGE ( 'NONE', *, *, #1555, .T. ) ;
#3392 = LINE ( 'NONE', #4174, #3752 ) ;
#3393 = CARTESIAN_POINT ( 'NONE',  ( 0.0000000000000000000, 16.50000000000000000, 4.500000000000000000 ) ) ;
#3394 = CARTESIAN_POINT ( 'NONE',  ( 2.606439314077658241E-15, 1.826506484316722911, -4.745399999998766383 ) ) ;
#3395 = FILL_AREA_STYLE ('',( #4519 ) ) ;
#3396 = DIRECTION ( 'NONE',  ( -3.061515884555943639E-16, -3.752488442012313821E-32, -1.000000000000000000 ) ) ;
#3397 = ORIENTED_EDGE ( 'NONE', *, *, #1531, .T. ) ;
#3398 = SURFACE_STYLE_USAGE ( .BOTH. , #2245 ) ;
#3399 = ADVANCED_FACE ( 'NONE', ( #3540 ), #139, .F. ) ;
#3400 = FACE_OUTER_BOUND ( 'NONE', #4692, .T. ) ;
#3401 = EDGE_CURVE ( 'NONE', #2116, #2099, #1288, .T. ) ;
#3402 = ORIENTED_EDGE ( 'NONE', *, *, #4774, .T. ) ;
#3403 = CARTESIAN_POINT ( 'NONE',  ( -1.970924883378000203, 0.4999999999999994449, 0.8464212018544120530 ) ) ;
#3404 = COLOUR_RGB ( '',0.0000000000000000000, 0.0000000000000000000, 0.7529411764705882248 ) ;
#3405 = MECHANICAL_DESIGN_GEOMETRIC_PRESENTATION_REPRESENTATION (  '', ( #1331 ), #4361 ) ;
#3406 = AXIS2_PLACEMENT_3D ( 'NONE', #4892, #761, #1478 ) ;
#3407 = AXIS2_PLACEMENT_3D ( 'NONE', #2009, #696, #2108 ) ;
#3408 = VERTEX_POINT ( 'NONE', #273 ) ;
#3409 = COLOUR_RGB ( '',0.7529411764705882248, 0.7529411764705882248, 0.7529411764705882248 ) ;
#3410 = EDGE_CURVE ( 'NONE', #644, #541, #2111, .T. ) ;
#3411 = MECHANICAL_DESIGN_GEOMETRIC_PRESENTATION_REPRESENTATION (  '', ( #1957 ), #208 ) ;
#3412 = CARTESIAN_POINT ( 'NONE',  ( 0.0000000000000000000, 12.92212896455523818, 0.0000000000000000000 ) ) ;
#3413 = ORIENTED_EDGE ( 'NONE', *, *, #1991, .F. ) ;
#3414 = CARTESIAN_POINT ( 'NONE',  ( 2.507320508075686849, 16.50000000000000000, 0.05732050807568871142 ) ) ;
#3415 = DIRECTION ( 'NONE',  ( -1.225696218315258576E-16, 1.000000000000000000, -0.0000000000000000000 ) ) ;
#3416 =( NAMED_UNIT ( * ) SI_UNIT ( $, .STERADIAN. ) SOLID_ANGLE_UNIT ( ) );
#3417 = SURFACE_SIDE_STYLE ('',( #2356 ) ) ;
#3418 = VERTEX_POINT ( 'NONE', #1010 ) ;
#3419 = DIRECTION ( 'NONE',  ( 1.225696218315258576E-16, -1.000000000000000000, 0.0000000000000000000 ) ) ;
#3420 = LINE ( 'NONE', #730, #3919 ) ;
#3421 = AXIS2_PLACEMENT_3D ( 'NONE', #2707, #4248, #839 ) ;
#3422 = AXIS2_PLACEMENT_3D ( 'NONE', #2756, #2081, #2166 ) ;
#3423 = CYLINDRICAL_SURFACE ( 'NONE', #68, 0.1000000000000000472 ) ;
#3424 = DIRECTION ( 'NONE',  ( 1.000000000000000000, 1.225696218315258576E-16, 0.0000000000000000000 ) ) ;
#3425 = MECHANICAL_DESIGN_GEOMETRIC_PRESENTATION_REPRESENTATION (  '', ( #4780 ), #4229 ) ;
#3426 = VERTEX_POINT ( 'NONE', #4790 ) ;
#3427 = CARTESIAN_POINT ( 'NONE',  ( 0.04866025403784209752, 16.49500000000000099, -2.498660254037845085 ) ) ;
#3428 = MECHANICAL_DESIGN_GEOMETRIC_PRESENTATION_REPRESENTATION (  '', ( #2150 ), #3829 ) ;
#3429 = UNCERTAINTY_MEASURE_WITH_UNIT (LENGTH_MEASURE( 1.000000000000000082E-05 ), #1616, 'distance_accuracy_value', 'NONE');
#3430 = UNCERTAINTY_MEASURE_WITH_UNIT (LENGTH_MEASURE( 1.000000000000000082E-05 ), #1796, 'distance_accuracy_value', 'NONE');
#3431 = VERTEX_POINT ( 'NONE', #4008 ) ;
#3432 = STYLED_ITEM ( 'NONE', ( #3907 ), #3283 ) ;
#3433 = CIRCLE ( 'NONE', #1988, 5.000000000000002665 ) ;
#3434 = EDGE_CURVE ( 'NONE', #675, #4872, #297, .T. ) ;
#3435 =( BOUNDED_CURVE ( )  B_SPLINE_CURVE ( 3, ( #2178, #2901, #1709, #3680 ),
 .UNSPECIFIED., .F., .T. ) 
 B_SPLINE_CURVE_WITH_KNOTS ( ( 4, 4 ),
 ( 0.5235987755980812119, 1.570796326794897890 ),
 .UNSPECIFIED. ) 
 CURVE ( )  GEOMETRIC_REPRESENTATION_ITEM ( )  RATIONAL_B_SPLINE_CURVE ( ( 1.000000000000000000, 0.9106836025229224640, 0.9106836025229224640, 1.000000000000000000 ) ) 
 REPRESENTATION_ITEM ( '' )  );
#3436 =( NAMED_UNIT ( * ) SI_UNIT ( $, .STERADIAN. ) SOLID_ANGLE_UNIT ( ) );
#3437 = ORIENTED_EDGE ( 'NONE', *, *, #1806, .T. ) ;
#3438 = LINE ( 'NONE', #313, #2861 ) ;
#3439 = DIRECTION ( 'NONE',  ( -1.000000000000000000, -1.338521200599557792E-16, 0.0000000000000000000 ) ) ;
#3440 = SURFACE_STYLE_USAGE ( .BOTH. , #1902 ) ;
#3441 = UNCERTAINTY_MEASURE_WITH_UNIT (LENGTH_MEASURE( 1.000000000000000082E-05 ), #2733, 'distance_accuracy_value', 'NONE');
#3442 = MECHANICAL_DESIGN_GEOMETRIC_PRESENTATION_REPRESENTATION (  '', ( #522 ), #4091 ) ;
#3443 = DIRECTION ( 'NONE',  ( -1.225696218315258576E-16, 1.000000000000000000, -0.0000000000000000000 ) ) ;
#3444 = ORIENTED_EDGE ( 'NONE', *, *, #4503, .F. ) ;
#3445 = CARTESIAN_POINT ( 'NONE',  ( -2.018017371715800312, 0.4999999999999994449, 0.9312787012856003077 ) ) ;
#3446 = STYLED_ITEM ( 'NONE', ( #162 ), #4295 ) ;
#3447 = UNCERTAINTY_MEASURE_WITH_UNIT (LENGTH_MEASURE( 1.000000000000000082E-05 ), #3522, 'distance_accuracy_value', 'NONE');
#3448 =( NAMED_UNIT ( * ) SI_UNIT ( $, .STERADIAN. ) SOLID_ANGLE_UNIT ( ) );
#3449 = FILL_AREA_STYLE_COLOUR ( '', #2147 ) ;
#3450 = EDGE_LOOP ( 'NONE', ( #2882, #4235, #2177, #4157 ) ) ;
#3451 = DIRECTION ( 'NONE',  ( -1.225696218315258576E-16, 1.000000000000000000, -0.0000000000000000000 ) ) ;
#3452 = AXIS2_PLACEMENT_3D ( 'NONE', #2428, #2985, #3971 ) ;
#3453 = FACE_OUTER_BOUND ( 'NONE', #1292, .T. ) ;
#3454 = TOROIDAL_SURFACE ( 'NONE', #1308, 5.219999999998981011, 0.4746000000002142394 ) ;
#3455 = ORIENTED_EDGE ( 'NONE', *, *, #91, .T. ) ;
#3456 = FACE_OUTER_BOUND ( 'NONE', #2471, .T. ) ;
#3457 = TOROIDAL_SURFACE ( 'NONE', #4807, 4.499999999999785949, 0.5000000000002142730 ) ;
#3458 = ADVANCED_FACE ( 'NONE', ( #2505 ), #2088, .F. ) ;
#3459 = FACE_OUTER_BOUND ( 'NONE', #2417, .T. ) ;
#3460 =( LENGTH_UNIT ( ) NAMED_UNIT ( * ) SI_UNIT ( .MILLI., .METRE. ) );
#3461 = EDGE_CURVE ( 'NONE', #4514, #687, #888, .T. ) ;
#3462 = CARTESIAN_POINT ( 'NONE',  ( 2.489999999999997549, 16.49000000000000199, -0.04999999999999969746 ) ) ;
#3463 =( BOUNDED_CURVE ( )  B_SPLINE_CURVE ( 3, ( #1227, #111, #4614, #819 ),
 .UNSPECIFIED., .F., .T. ) 
 B_SPLINE_CURVE_WITH_KNOTS ( ( 4, 4 ),
 ( 4.712388980384689674, 5.759586531581497582 ),
 .UNSPECIFIED. ) 
 CURVE ( )  GEOMETRIC_REPRESENTATION_ITEM ( )  RATIONAL_B_SPLINE_CURVE ( ( 1.000000000000000000, 0.9106836025229239073, 0.9106836025229239073, 1.000000000000000000 ) ) 
 REPRESENTATION_ITEM ( '' )  );
#3464 = DIRECTION ( 'NONE',  ( 0.0000000000000000000, 0.0000000000000000000, 1.000000000000000000 ) ) ;
#3465 = CARTESIAN_POINT ( 'NONE',  ( 1.734723475976807094E-15, 1.826506484316722911, -5.219999999998981011 ) ) ;
#3466 = EDGE_LOOP ( 'NONE', ( #1118, #760, #3636, #4005 ) ) ;
#3467 = SURFACE_SIDE_STYLE ('',( #23 ) ) ;
#3468 = CYLINDRICAL_SURFACE ( 'NONE', #575, 5.025400000000000311 ) ;
#3469 = DIRECTION ( 'NONE',  ( -1.225696218315257837E-16, -1.000000000000000000, 0.0000000000000000000 ) ) ;
#3470 = ORIENTED_EDGE ( 'NONE', *, *, #1862, .T. ) ;
#3471 = DIRECTION ( 'NONE',  ( -1.225696218315258576E-16, -1.000000000000000000, -0.0000000000000000000 ) ) ;
#3472 = UNCERTAINTY_MEASURE_WITH_UNIT (LENGTH_MEASURE( 1.000000000000000082E-05 ), #360, 'distance_accuracy_value', 'NONE');
#3473 = VERTEX_POINT ( 'NONE', #2888 ) ;
#3474 = FILL_AREA_STYLE ('',( #3858 ) ) ;
#3475 = COLOUR_RGB ( '',0.0000000000000000000, 0.0000000000000000000, 0.7529411764705882248 ) ;
#3476 = VECTOR ( 'NONE', #3005, 1000.000000000000000 ) ;
#3477 = CIRCLE ( 'NONE', #402, 5.025400000000000311 ) ;
#3478 =( GEOMETRIC_REPRESENTATION_CONTEXT ( 3 ) GLOBAL_UNCERTAINTY_ASSIGNED_CONTEXT ( ( #1937 ) ) GLOBAL_UNIT_ASSIGNED_CONTEXT ( ( #1450, #1105, #318 ) ) REPRESENTATION_CONTEXT ( 'NONE', 'WORKASPACE' ) );
#3479 = CARTESIAN_POINT ( 'NONE',  ( 0.04999999999999844152, 16.49500000000000099, 2.498660254037845085 ) ) ;
#3480 = CIRCLE ( 'NONE', #4914, 5.025400000000000311 ) ;
#3481 = CARTESIAN_POINT ( 'NONE',  ( 2.625758144711554422E-15, 0.4745999999999994112, -4.500000000000002665 ) ) ;
#3482 =( NAMED_UNIT ( * ) SI_UNIT ( $, .STERADIAN. ) SOLID_ANGLE_UNIT ( ) );
#3483 = STYLED_ITEM ( 'NONE', ( #3198 ), #1723 ) ;
#3484 = CARTESIAN_POINT ( 'NONE',  ( 1.445046389840879204E-15, 1.132532421399370604, 0.0000000000000000000 ) ) ;
#3485 = ADVANCED_FACE ( 'NONE', ( #3671, #2559 ), #1718, .T. ) ;
#3486 = AXIS2_PLACEMENT_3D ( 'NONE', #1838, #4158, #754 ) ;
#3487 =( GEOMETRIC_REPRESENTATION_CONTEXT ( 3 ) GLOBAL_UNCERTAINTY_ASSIGNED_CONTEXT ( ( #1527 ) ) GLOBAL_UNIT_ASSIGNED_CONTEXT ( ( #3536, #1372, #1641 ) ) REPRESENTATION_CONTEXT ( 'NONE', 'WORKASPACE' ) );
#3488 =( NAMED_UNIT ( * ) SI_UNIT ( $, .STERADIAN. ) SOLID_ANGLE_UNIT ( ) );
#3489 = VERTEX_POINT ( 'NONE', #550 ) ;
#3490 = VECTOR ( 'NONE', #4316, 1000.000000000000000 ) ;
#3491 = DIRECTION ( 'NONE',  ( 0.9996191968304722897, 8.629778107099966787E-17, -0.02759458874492174210 ) ) ;
#3492 = PRESENTATION_STYLE_ASSIGNMENT (( #2318 ) ) ;
#3493 = EDGE_CURVE ( 'NONE', #2116, #4147, #3546, .T. ) ;
#3494 = EDGE_CURVE ( 'NONE', #2218, #1465, #2059, .T. ) ;
#3495 = UNCERTAINTY_MEASURE_WITH_UNIT (LENGTH_MEASURE( 1.000000000000000082E-05 ), #1160, 'distance_accuracy_value', 'NONE');
#3496 = DIRECTION ( 'NONE',  ( -1.000000000000000000, 0.0000000000000000000, 0.0000000000000000000 ) ) ;
#3497 = DIRECTION ( 'NONE',  ( 1.000000000000000000, -1.225696218315258576E-16, -6.123233995736766036E-17 ) ) ;
#3498 = ORIENTED_EDGE ( 'NONE', *, *, #2023, .F. ) ;
#3499 = DIRECTION ( 'NONE',  ( 0.0000000000000000000, -1.000000000000000000, 0.0000000000000000000 ) ) ;
#3500 = CARTESIAN_POINT ( 'NONE',  ( 2.007974264412113463, 0.2499999999999998890, 0.9749565842061885812 ) ) ;
#3501 =( NAMED_UNIT ( * ) PLANE_ANGLE_UNIT ( ) SI_UNIT ( $, .RADIAN. ) );
#3502 = MECHANICAL_DESIGN_GEOMETRIC_PRESENTATION_REPRESENTATION (  '', ( #1828 ), #1048 ) ;
#3503 = VERTEX_POINT ( 'NONE', #3962 ) ;
#3504 = AXIS2_PLACEMENT_3D ( 'NONE', #4657, #1248, #2751 ) ;
#3505 = MECHANICAL_DESIGN_GEOMETRIC_PRESENTATION_REPRESENTATION (  '', ( #4393 ), #1829 ) ;
#3506 = PRESENTATION_LAYER_ASSIGNMENT (  '', '', ( #2782 ) ) ;
#3507 =( NAMED_UNIT ( * ) SI_UNIT ( $, .STERADIAN. ) SOLID_ANGLE_UNIT ( ) );
#3508 = FILL_AREA_STYLE_COLOUR ( '', #4606 ) ;
#3509 = VERTEX_POINT ( 'NONE', #926 ) ;
#3510 = SURFACE_STYLE_USAGE ( .BOTH. , #1563 ) ;
#3511 = PRESENTATION_STYLE_ASSIGNMENT (( #4664 ) ) ;
#3512 = PRESENTATION_LAYER_ASSIGNMENT (  '', '', ( #33 ) ) ;
#3513 = SURFACE_STYLE_FILL_AREA ( #4643 ) ;
#3514 = SURFACE_SIDE_STYLE ('',( #1574 ) ) ;
#3515 = EDGE_CURVE ( 'NONE', #4403, #1014, #1287, .T. ) ;
#3516 = CARTESIAN_POINT ( 'NONE',  ( -2.671219985364167036E-15, 1.497146394056139584, -4.878287999999355584 ) ) ;
#3517 = EDGE_LOOP ( 'NONE', ( #629, #4209, #1871, #2748 ) ) ;
#3518 = CARTESIAN_POINT ( 'NONE',  ( 0.05366025403784226155, 16.50000000000000000, 2.503660254037843647 ) ) ;
#3519 = STYLED_ITEM ( 'NONE', ( #2866 ), #4172 ) ;
#3520 = ADVANCED_FACE ( 'NONE', ( #1239 ), #530, .T. ) ;
#3521 = CARTESIAN_POINT ( 'NONE',  ( 5.918162081802621842E-16, 2.520480547234076329, 4.499999999999785949 ) ) ;
#3522 =( LENGTH_UNIT ( ) NAMED_UNIT ( * ) SI_UNIT ( .MILLI., .METRE. ) );
#3523 = UNCERTAINTY_MEASURE_WITH_UNIT (LENGTH_MEASURE( 1.000000000000000082E-05 ), #4400, 'distance_accuracy_value', 'NONE');
#3524 = ORIENTED_EDGE ( 'NONE', *, *, #4533, .T. ) ;
#3525 =( NAMED_UNIT ( * ) SI_UNIT ( $, .STERADIAN. ) SOLID_ANGLE_UNIT ( ) );
#3526 = VERTEX_POINT ( 'NONE', #1579 ) ;
#3527 = COLOUR_RGB ( '',0.7529411764705882248, 0.7529411764705882248, 0.7529411764705882248 ) ;
#3528 =( NAMED_UNIT ( * ) SI_UNIT ( $, .STERADIAN. ) SOLID_ANGLE_UNIT ( ) );
#3529 = LINE ( 'NONE', #2078, #1581 ) ;
#3530 = STYLED_ITEM ( 'NONE', ( #4751 ), #2357 ) ;
#3531 = COLOUR_RGB ( '',0.7529411764705882248, 0.7529411764705882248, 0.7529411764705882248 ) ;
#3532 = FILL_AREA_STYLE_COLOUR ( '', #2331 ) ;
#3533 = CARTESIAN_POINT ( 'NONE',  ( -0.05732050807569125106, 16.50000000000000000, 0.05000000000000012768 ) ) ;
#3534 = VERTEX_POINT ( 'NONE', #904 ) ;
#3535 = SURFACE_STYLE_USAGE ( .BOTH. , #4689 ) ;
#3536 =( LENGTH_UNIT ( ) NAMED_UNIT ( * ) SI_UNIT ( .MILLI., .METRE. ) );
#3537 = CARTESIAN_POINT ( 'NONE',  ( 2.407412430484044816E-32, 15.99999999999999645, -5.000000000000000000 ) ) ;
#3538 =( GEOMETRIC_REPRESENTATION_CONTEXT ( 3 ) GLOBAL_UNCERTAINTY_ASSIGNED_CONTEXT ( ( #4205 ) ) GLOBAL_UNIT_ASSIGNED_CONTEXT ( ( #328, #1821, #4869 ) ) REPRESENTATION_CONTEXT ( 'NONE', 'WORKASPACE' ) );
#3539 =( NAMED_UNIT ( * ) PLANE_ANGLE_UNIT ( ) SI_UNIT ( $, .RADIAN. ) );
#3540 = FACE_OUTER_BOUND ( 'NONE', #4771, .T. ) ;
#3541 = STYLED_ITEM ( 'NONE', ( #2372 ), #3045 ) ;
#3542 = CYLINDRICAL_SURFACE ( 'NONE', #4532, 5.000000000000000000 ) ;
#3543 =( LENGTH_UNIT ( ) NAMED_UNIT ( * ) SI_UNIT ( .MILLI., .METRE. ) );
#3544 = ORIENTED_EDGE ( 'NONE', *, *, #2845, .F. ) ;
#3545 = CARTESIAN_POINT ( 'NONE',  ( 2.500000000000000000, 0.2500000000000000000, -0.002153792457473946171 ) ) ;
#3546 = LINE ( 'NONE', #3500, #492 ) ;
#3547 = SURFACE_SIDE_STYLE ('',( #905 ) ) ;
#3548 = EDGE_CURVE ( 'NONE', #364, #2485, #1435, .T. ) ;
#3549 = ORIENTED_EDGE ( 'NONE', *, *, #1921, .F. ) ;
#3550 = CARTESIAN_POINT ( 'NONE',  ( -0.04000000000000224903, 16.49000000000000199, 0.04000000000000000777 ) ) ;
#3551 = EDGE_LOOP ( 'NONE', ( #149, #1099, #2144, #1533 ) ) ;
#3552 = EDGE_CURVE ( 'NONE', #4557, #4403, #1501, .T. ) ;
#3553 = EDGE_CURVE ( 'NONE', #2129, #3331, #4146, .T. ) ;
#3554 = FILL_AREA_STYLE_COLOUR ( '', #3974 ) ;
#3555 = CARTESIAN_POINT ( 'NONE',  ( 5.019732501002774683, 3.891139007125193228, -0.2386017149486659716 ) ) ;
#3556 = STYLED_ITEM ( 'NONE', ( #4099 ), #1124 ) ;
#3557 = PRESENTATION_STYLE_ASSIGNMENT (( #3842 ) ) ;
#3558 = COLOUR_RGB ( '',0.7529411764705882248, 0.7529411764705882248, 0.7529411764705882248 ) ;
#3559 = COLOUR_RGB ( '',0.2509803921568627416, 0.2509803921568627416, 0.2509803921568627416 ) ;
#3560 = CIRCLE ( 'NONE', #4755, 0.5000000000000004441 ) ;
#3561 = AXIS2_PLACEMENT_3D ( 'NONE', #2571, #1440, #2958 ) ;
#3562 = MECHANICAL_DESIGN_GEOMETRIC_PRESENTATION_REPRESENTATION (  '', ( #2932 ), #3731 ) ;
#3563 = DIRECTION ( 'NONE',  ( -1.225696218315258576E-16, 1.000000000000000000, -0.0000000000000000000 ) ) ;
#3564 = ORIENTED_EDGE ( 'NONE', *, *, #2076, .F. ) ;
#3565 = PRESENTATION_LAYER_ASSIGNMENT (  '', '', ( #954 ) ) ;
#3566 = CARTESIAN_POINT ( 'NONE',  ( 0.04366025403784215553, 16.49000000000000199, 2.493660254037843860 ) ) ;
#3567 = FILL_AREA_STYLE ('',( #471 ) ) ;
#3568 = VECTOR ( 'NONE', #2697, 1000.000000000000000 ) ;
#3569 = PRESENTATION_LAYER_ASSIGNMENT (  '', '', ( #1880 ) ) ;
#3570 = FILL_AREA_STYLE_COLOUR ( '', #3734 ) ;
#3571 = DIRECTION ( 'NONE',  ( -3.061515884555943639E-16, -3.752488442012314369E-32, -1.000000000000000000 ) ) ;
#3572 = FACE_BOUND ( 'NONE', #3732, .T. ) ;
#3573 = TOROIDAL_SURFACE ( 'NONE', #1427, 5.219999999998981011, 0.5000000000002142730 ) ;
#3574 = VERTEX_POINT ( 'NONE', #582 ) ;
#3575 = DIRECTION ( 'NONE',  ( -1.225696218315258576E-16, 1.000000000000000000, -0.0000000000000000000 ) ) ;
#3576 = ORIENTED_EDGE ( 'NONE', *, *, #2808, .T. ) ;
#3577 = DIRECTION ( 'NONE',  ( -1.000000000000000000, 0.0000000000000000000, 0.0000000000000000000 ) ) ;
#3578 = VERTEX_POINT ( 'NONE', #1964 ) ;
#3579 = EDGE_CURVE ( 'NONE', #2024, #4147, #4301, .T. ) ;
#3580 = CARTESIAN_POINT ( 'NONE',  ( 1.917876647269837642, 0.2499999999999998890, -0.9354985316646698967 ) ) ;
#3581 = DIRECTION ( 'NONE',  ( 1.000000000000000000, -1.225696218315258576E-16, 0.0000000000000000000 ) ) ;
#3582 = ADVANCED_FACE ( 'NONE', ( #2021 ), #3457, .T. ) ;
#3583 = STYLED_ITEM ( 'NONE', ( #3557 ), #2749 ) ;
#3584 = CARTESIAN_POINT ( 'NONE',  ( 2.498660254037842865, 16.49500000000000099, -0.05000000000000030809 ) ) ;
#3585 = ADVANCED_FACE ( 'NONE', ( #3596 ), #4418, .T. ) ;
#3586 = CYLINDRICAL_SURFACE ( 'NONE', #686, 0.01000000000000002623 ) ;
#3587 = VERTEX_POINT ( 'NONE', #3624 ) ;
#3588 = DIRECTION ( 'NONE',  ( 1.225696218315258576E-16, -1.000000000000000000, 0.0000000000000000000 ) ) ;
#3589 = CARTESIAN_POINT ( 'NONE',  ( -1.459177946168665633E-15, 1.132532421399369937, 4.499999999999786837 ) ) ;
#3590 = ORIENTED_EDGE ( 'NONE', *, *, #494, .T. ) ;
#3591 = AXIS2_PLACEMENT_3D ( 'NONE', #3119, #3930, #1256 ) ;
#3592 =( NAMED_UNIT ( * ) SI_UNIT ( $, .STERADIAN. ) SOLID_ANGLE_UNIT ( ) );
#3593 = CARTESIAN_POINT ( 'NONE',  ( -4.999999999999999112, 1.132532421399369937, 0.0000000000000000000 ) ) ;
#3594 = CYLINDRICAL_SURFACE ( 'NONE', #34, 0.009999999999999998473 ) ;
#3595 = ORIENTED_EDGE ( 'NONE', *, *, #468, .T. ) ;
#3596 = FACE_OUTER_BOUND ( 'NONE', #4673, .T. ) ;
#3597 = FILL_AREA_STYLE_COLOUR ( '', #4039 ) ;
#3598 = PRESENTATION_LAYER_ASSIGNMENT (  '', '', ( #4487 ) ) ;
#3599 = ORIENTED_EDGE ( 'NONE', *, *, #4145, .T. ) ;
#3600 = TOROIDAL_SURFACE ( 'NONE', #1145, 4.500000000000000000, 0.5000000000000004441 ) ;
#3601 = DIRECTION ( 'NONE',  ( -1.000000000000000000, -1.225696218315258576E-16, -0.0000000000000000000 ) ) ;
#3602 = VERTEX_POINT ( 'NONE', #2839 ) ;
#3603 = DIRECTION ( 'NONE',  ( -1.000000000000000000, -1.225696218315258576E-16, 0.0000000000000000000 ) ) ;
#3604 = ORIENTED_EDGE ( 'NONE', *, *, #2014, .F. ) ;
#3605 = LINE ( 'NONE', #1389, #1948 ) ;
#3606 = FACE_OUTER_BOUND ( 'NONE', #2358, .T. ) ;
#3607 = VECTOR ( 'NONE', #3305, 1000.000000000000000 ) ;
#3608 = ADVANCED_FACE ( 'NONE', ( #2487 ), #3859, .F. ) ;
#3609 = EDGE_CURVE ( 'NONE', #202, #1031, #2511, .T. ) ;
#3610 = VERTEX_POINT ( 'NONE', #1769 ) ;
#3611 = DIRECTION ( 'NONE',  ( 3.061515884555943639E-16, 3.752488442012314369E-32, 1.000000000000000000 ) ) ;
#3612 = VECTOR ( 'NONE', #3601, 1000.000000000000000 ) ;
#3613 = PRESENTATION_LAYER_ASSIGNMENT (  '', '', ( #453 ) ) ;
#3614 = DIRECTION ( 'NONE',  ( 1.000000000000000000, 1.225696218315258576E-16, 1.836970198721029688E-16 ) ) ;
#3615 =( NAMED_UNIT ( * ) PLANE_ANGLE_UNIT ( ) SI_UNIT ( $, .RADIAN. ) );
#3616 = FILL_AREA_STYLE ('',( #1424 ) ) ;
#3617 =( NAMED_UNIT ( * ) PLANE_ANGLE_UNIT ( ) SI_UNIT ( $, .RADIAN. ) );
#3618 = AXIS2_PLACEMENT_3D ( 'NONE', #2222, #4183, #4484 ) ;
#3619 = EDGE_CURVE ( 'NONE', #1831, #2940, #720, .T. ) ;
#3620 = FILL_AREA_STYLE ('',( #2460 ) ) ;
#3621 = CARTESIAN_POINT ( 'NONE',  ( 1.693998327412827735E-15, 2.520480547234076329, -4.499999999999785949 ) ) ;
#3622 = CARTESIAN_POINT ( 'NONE',  ( 4.593169772145289166E-32, 0.4999999999999996669, 0.0000000000000000000 ) ) ;
#3623 = EDGE_LOOP ( 'NONE', ( #2195, #1919, #4184, #126, #3714, #1542, #2702, #3911, #3941, #4886, #3632 ) ) ;
#3624 = CARTESIAN_POINT ( 'NONE',  ( 1.734723475976807094E-15, 1.132532421399370604, -5.000000000000000888 ) ) ;
#3625 = SURFACE_STYLE_USAGE ( .BOTH. , #4428 ) ;
#3626 =( BOUNDED_CURVE ( )  B_SPLINE_CURVE ( 3, ( #1113, #2219, #2975, #1519 ),
 .UNSPECIFIED., .F., .T. ) 
 B_SPLINE_CURVE_WITH_KNOTS ( ( 4, 4 ),
 ( 0.5235987755980728853, 1.570796326794896780 ),
 .UNSPECIFIED. ) 
 CURVE ( )  GEOMETRIC_REPRESENTATION_ITEM ( )  RATIONAL_B_SPLINE_CURVE ( ( 1.000000000000000000, 0.9106836025229212428, 0.9106836025229212428, 1.000000000000000000 ) ) 
 REPRESENTATION_ITEM ( '' )  );
#3627 = DIRECTION ( 'NONE',  ( 1.000000000000000000, 0.0000000000000000000, 0.0000000000000000000 ) ) ;
#3628 = EDGE_LOOP ( 'NONE', ( #3328, #693, #3105, #3311 ) ) ;
#3629 = DIRECTION ( 'NONE',  ( -1.000000000000000000, 0.0000000000000000000, 0.0000000000000000000 ) ) ;
#3630 = ORIENTED_EDGE ( 'NONE', *, *, #1930, .F. ) ;
#3631 = FILL_AREA_STYLE_COLOUR ( '', #4298 ) ;
#3632 = ORIENTED_EDGE ( 'NONE', *, *, #3069, .F. ) ;
#3633 = CARTESIAN_POINT ( 'NONE',  ( 2.500000000000000000, 0.5000000000000000000, -0.002153792457473946171 ) ) ;
#3634 = FILL_AREA_STYLE ('',( #4782 ) ) ;
#3635 = CARTESIAN_POINT ( 'NONE',  ( 5.023804620177152458, 14.19113900712519616, 0.1266187122296502099 ) ) ;
#3636 = ORIENTED_EDGE ( 'NONE', *, *, #679, .T. ) ;
#3637 = CARTESIAN_POINT ( 'NONE',  ( -0.05732050807569204209, 16.50000000000000000, -2.507320508075689069 ) ) ;
#3638 = SURFACE_SIDE_STYLE ('',( #1300 ) ) ;
#3639 = EDGE_CURVE ( 'NONE', #1344, #2218, #773, .T. ) ;
#3640 = FACE_OUTER_BOUND ( 'NONE', #2617, .T. ) ;
#3641 = DIRECTION ( 'NONE',  ( 1.000000000000000000, 1.214301649924829473E-16, 0.0000000000000000000 ) ) ;
#3642 = AXIS2_PLACEMENT_3D ( 'NONE', #3412, #10, #341 ) ;
#3643 =( GEOMETRIC_REPRESENTATION_CONTEXT ( 3 ) GLOBAL_UNCERTAINTY_ASSIGNED_CONTEXT ( ( #515 ) ) GLOBAL_UNIT_ASSIGNED_CONTEXT ( ( #638, #265, #2909 ) ) REPRESENTATION_CONTEXT ( 'NONE', 'WORKASPACE' ) );
#3644 = COLOUR_RGB ( '',0.7529411764705882248, 0.7529411764705882248, 0.7529411764705882248 ) ;
#3645 = CARTESIAN_POINT ( 'NONE',  ( -2.500000000000000000, -3.740813662564058450, -0.002153792457473946171 ) ) ;
#3646 =( NAMED_UNIT ( * ) PLANE_ANGLE_UNIT ( ) SI_UNIT ( $, .RADIAN. ) );
#3647 = ORIENTED_EDGE ( 'NONE', *, *, #1134, .F. ) ;
#3648 = EDGE_CURVE ( 'NONE', #4557, #996, #3025, .T. ) ;
#3649 = DIRECTION ( 'NONE',  ( 1.000000000000000000, 0.0000000000000000000, 0.0000000000000000000 ) ) ;
#3650 =( GEOMETRIC_REPRESENTATION_CONTEXT ( 3 ) GLOBAL_UNCERTAINTY_ASSIGNED_CONTEXT ( ( #1190 ) ) GLOBAL_UNIT_ASSIGNED_CONTEXT ( ( #605, #226, #2117 ) ) REPRESENTATION_CONTEXT ( 'NONE', 'WORKASPACE' ) );
#3651 =( GEOMETRIC_REPRESENTATION_CONTEXT ( 3 ) GLOBAL_UNCERTAINTY_ASSIGNED_CONTEXT ( ( #4577 ) ) GLOBAL_UNIT_ASSIGNED_CONTEXT ( ( #3869, #842, #1952 ) ) REPRESENTATION_CONTEXT ( 'NONE', 'WORKASPACE' ) );
#3652 =( NAMED_UNIT ( * ) SI_UNIT ( $, .STERADIAN. ) SOLID_ANGLE_UNIT ( ) );
#3653 = FACE_OUTER_BOUND ( 'NONE', #2633, .T. ) ;
#3654 = EDGE_CURVE ( 'NONE', #3056, #2375, #2689, .T. ) ;
#3655 = STYLED_ITEM ( 'NONE', ( #4828 ), #350 ) ;
#3656 = VERTEX_POINT ( 'NONE', #3445 ) ;
#3657 =( NAMED_UNIT ( * ) SI_UNIT ( $, .STERADIAN. ) SOLID_ANGLE_UNIT ( ) );
#3658 = EDGE_LOOP ( 'NONE', ( #1761, #4106, #1054, #1677 ) ) ;
#3659 = SURFACE_SIDE_STYLE ('',( #4779 ) ) ;
#3660 = ORIENTED_EDGE ( 'NONE', *, *, #1365, .F. ) ;
#3661 = DIRECTION ( 'NONE',  ( 1.000000000000000000, 1.225696218315258576E-16, -1.221441296278566376E-16 ) ) ;
#3662 = VECTOR ( 'NONE', #3187, 1000.000000000000000 ) ;
#3663 = AXIS2_PLACEMENT_3D ( 'NONE', #1511, #1485, #39 ) ;
#3664 = CARTESIAN_POINT ( 'NONE',  ( -1.523576025478936117E-15, 0.4745999999999994112, 4.500000000000002665 ) ) ;
#3665 = STYLED_ITEM ( 'NONE', ( #3697 ), #2699 ) ;
#3666 = ORIENTED_EDGE ( 'NONE', *, *, #2415, .F. ) ;
#3667 = CARTESIAN_POINT ( 'NONE',  ( 4.939821237203093851, 2.584922366093256763, 0.9234778310697571158 ) ) ;
#3668 = SURFACE_SIDE_STYLE ('',( #4098 ) ) ;
#3669 = DIRECTION ( 'NONE',  ( -1.000000000000000000, 0.0000000000000000000, 0.0000000000000000000 ) ) ;
#3670 = COLOUR_RGB ( '',0.2509803921568627416, 0.2509803921568627416, 0.2509803921568627416 ) ;
#3671 = FACE_OUTER_BOUND ( 'NONE', #2298, .T. ) ;
#3672 = AXIS2_PLACEMENT_3D ( 'NONE', #4717, #1233, #898 ) ;
#3673 = LINE ( 'NONE', #4057, #3125 ) ;
#3674 = CARTESIAN_POINT ( 'NONE',  ( 0.0000000000000000000, 12.92212896455523818, 0.0000000000000000000 ) ) ;
#3675 = ADVANCED_FACE ( 'NONE', ( #1859 ), #2489, .T. ) ;
#3676 =( NAMED_UNIT ( * ) SI_UNIT ( $, .STERADIAN. ) SOLID_ANGLE_UNIT ( ) );
#3677 = EDGE_LOOP ( 'NONE', ( #3630, #4821, #4796, #3917 ) ) ;
#3678 = SURFACE_STYLE_USAGE ( .BOTH. , #2122 ) ;
#3679 = EDGE_LOOP ( 'NONE', ( #1019, #3337, #660 ) ) ;
#3680 = CARTESIAN_POINT ( 'NONE',  ( -0.04000000000000224903, 16.49000000000000199, 0.04000000000000000777 ) ) ;
#3681 = SURFACE_SIDE_STYLE ('',( #4090 ) ) ;
#3682 = TOROIDAL_SURFACE ( 'NONE', #361, 5.219999999998981011, 0.5000000000002142730 ) ;
#3683 = VERTEX_POINT ( 'NONE', #3775 ) ;
#3684 = DIRECTION ( 'NONE',  ( -1.225696218315258576E-16, 1.000000000000000000, -0.0000000000000000000 ) ) ;
#3685 = CARTESIAN_POINT ( 'NONE',  ( 1.445046389840879204E-15, 1.132532421399370604, 0.0000000000000000000 ) ) ;
#3686 = FILL_AREA_STYLE ('',( #2824 ) ) ;
#3687 = CARTESIAN_POINT ( 'NONE',  ( -0.9590086858578994455, 0.2499999999999995837, 0.4656393506428001539 ) ) ;
#3688 =( GEOMETRIC_REPRESENTATION_CONTEXT ( 3 ) GLOBAL_UNCERTAINTY_ASSIGNED_CONTEXT ( ( #2678 ) ) GLOBAL_UNIT_ASSIGNED_CONTEXT ( ( #1615, #3090, #1982 ) ) REPRESENTATION_CONTEXT ( 'NONE', 'WORKASPACE' ) );
#3689 = EDGE_LOOP ( 'NONE', ( #1656, #843, #4574, #1090 ) ) ;
#3690 = DIRECTION ( 'NONE',  ( 0.0000000000000000000, 1.000000000000000000, 0.0000000000000000000 ) ) ;
#3691 = SURFACE_SIDE_STYLE ('',( #1763 ) ) ;
#3692 = PRESENTATION_LAYER_ASSIGNMENT (  '', '', ( #4023 ) ) ;
#3693 = CARTESIAN_POINT ( 'NONE',  ( 8.673617379884035472E-16, 2.520480547234076329, 0.0000000000000000000 ) ) ;
#3694 = SURFACE_STYLE_FILL_AREA ( #2168 ) ;
#3695 = AXIS2_PLACEMENT_3D ( 'NONE', #738, #3368, #662 ) ;
#3696 = CARTESIAN_POINT ( 'NONE',  ( -1.734723475976807094E-15, 1.826506484316722911, 0.0000000000000000000 ) ) ;
#3697 = PRESENTATION_STYLE_ASSIGNMENT (( #1401 ) ) ;
#3698 = ORIENTED_EDGE ( 'NONE', *, *, #462, .F. ) ;
#3699 = CARTESIAN_POINT ( 'NONE',  ( 0.03999999999999769018, 16.49000000000000199, 0.03999999999999999389 ) ) ;
#3700 = DIRECTION ( 'NONE',  ( -1.225696218315258576E-16, 1.000000000000000000, -0.0000000000000000000 ) ) ;
#3701 = PRESENTATION_LAYER_ASSIGNMENT (  '', '', ( #1313 ) ) ;
#3702 =( NAMED_UNIT ( * ) PLANE_ANGLE_UNIT ( ) SI_UNIT ( $, .RADIAN. ) );
#3703 = ORIENTED_EDGE ( 'NONE', *, *, #252, .T. ) ;
#3704 = FACE_OUTER_BOUND ( 'NONE', #1837, .T. ) ;
#3705 = ORIENTED_EDGE ( 'NONE', *, *, #4178, .T. ) ;
#3706 = DIRECTION ( 'NONE',  ( -1.000000000000000000, 0.0000000000000000000, 0.0000000000000000000 ) ) ;
#3707 = EDGE_CURVE ( 'NONE', #3123, #4063, #3626, .T. ) ;
#3708 = ORIENTED_EDGE ( 'NONE', *, *, #3955, .T. ) ;
#3709 = CARTESIAN_POINT ( 'NONE',  ( -0.05000000000000229955, 16.50000000000000000, -0.05732050807568900980 ) ) ;
#3710 = CARTESIAN_POINT ( 'NONE',  ( 4.939821237203092963, 15.75514727203652932, 0.9234778310697583370 ) ) ;
#3711 = EDGE_CURVE ( 'NONE', #4403, #3526, #2253, .T. ) ;
#3712 = DIRECTION ( 'NONE',  ( -1.000000000000000000, 0.0000000000000000000, 0.0000000000000000000 ) ) ;
#3713 = ADVANCED_FACE ( 'NONE', ( #2658 ), #1885, .T. ) ;
#3714 = ORIENTED_EDGE ( 'NONE', *, *, #3579, .F. ) ;
#3715 = DIRECTION ( 'NONE',  ( -0.0000000000000000000, -0.0000000000000000000, 1.000000000000000000 ) ) ;
#3716 = CARTESIAN_POINT ( 'NONE',  ( -2.507320508075691290, 16.50000000000000000, -0.04999999999999969746 ) ) ;
#3717 = CARTESIAN_POINT ( 'NONE',  ( -2.500000000000002220, 16.49000000000000199, -2.490000000000000213 ) ) ;
#3718 = SURFACE_STYLE_USAGE ( .BOTH. , #1135 ) ;
#3719 = FILL_AREA_STYLE_COLOUR ( '', #279 ) ;
#3720 = FILL_AREA_STYLE_COLOUR ( '', #4160 ) ;
#3721 = LINE ( 'NONE', #1159, #883 ) ;
#3722 = CARTESIAN_POINT ( 'NONE',  ( 0.04866025403784277059, 16.49500000000000099, 0.04866025403784522002 ) ) ;
#3723 = STYLED_ITEM ( 'NONE', ( #3307 ), #1998 ) ;
#3724 = PRESENTATION_LAYER_ASSIGNMENT (  '', '', ( #2520 ) ) ;
#3725 = CIRCLE ( 'NONE', #4691, 4.500000000000000000 ) ;
#3726 = SURFACE_STYLE_USAGE ( .BOTH. , #302 ) ;
#3727 = COLOUR_RGB ( '',0.0000000000000000000, 0.0000000000000000000, 0.7529411764705882248 ) ;
#3728 = ORIENTED_EDGE ( 'NONE', *, *, #2602, .F. ) ;
#3729 = AXIS2_PLACEMENT_3D ( 'NONE', #4354, #2796, #2513 ) ;
#3730 = AXIS2_PLACEMENT_3D ( 'NONE', #4255, #871, #1578 ) ;
#3731 =( GEOMETRIC_REPRESENTATION_CONTEXT ( 3 ) GLOBAL_UNCERTAINTY_ASSIGNED_CONTEXT ( ( #3818 ) ) GLOBAL_UNIT_ASSIGNED_CONTEXT ( ( #624, #2994, #718 ) ) REPRESENTATION_CONTEXT ( 'NONE', 'WORKASPACE' ) );
#3732 = EDGE_LOOP ( 'NONE', ( #2092, #1819 ) ) ;
#3733 = FILL_AREA_STYLE_COLOUR ( '', #3164 ) ;
#3734 = COLOUR_RGB ( '',0.0000000000000000000, 0.0000000000000000000, 0.7529411764705882248 ) ;
#3735 = CARTESIAN_POINT ( 'NONE',  ( 5.019732501002773795, 9.491139007125191540, -0.2386017149486681921 ) ) ;
#3736 = VERTEX_POINT ( 'NONE', #4693 ) ;
#3737 = CYLINDRICAL_SURFACE ( 'NONE', #4132, 0.9999999999997974953 ) ;
#3738 = COLOUR_RGB ( '',0.7529411764705882248, 0.7529411764705882248, 0.7529411764705882248 ) ;
#3739 = CIRCLE ( 'NONE', #559, 5.000000000000000000 ) ;
#3740 =( GEOMETRIC_REPRESENTATION_CONTEXT ( 3 ) GLOBAL_UNCERTAINTY_ASSIGNED_CONTEXT ( ( #2373 ) ) GLOBAL_UNIT_ASSIGNED_CONTEXT ( ( #1812, #1056, #4901 ) ) REPRESENTATION_CONTEXT ( 'NONE', 'WORKASPACE' ) );
#3741 = EDGE_CURVE ( 'NONE', #4012, #4891, #3282, .T. ) ;
#3742 = ORIENTED_EDGE ( 'NONE', *, *, #2682, .T. ) ;
#3743 = FILL_AREA_STYLE ('',( #4562 ) ) ;
#3744 = EDGE_CURVE ( 'NONE', #2228, #3939, #4558, .T. ) ;
#3745 =( LENGTH_UNIT ( ) NAMED_UNIT ( * ) SI_UNIT ( .MILLI., .METRE. ) );
#3746 = LINE ( 'NONE', #3717, #2434 ) ;
#3747 = CIRCLE ( 'NONE', #4470, 0.4746000000002141839 ) ;
#3748 = PRESENTATION_LAYER_ASSIGNMENT (  '', '', ( #258 ) ) ;
#3749 = DIRECTION ( 'NONE',  ( -1.225696218315258576E-16, 1.000000000000000000, -0.0000000000000000000 ) ) ;
#3750 = FILL_AREA_STYLE ('',( #4885 ) ) ;
#3751 = ORIENTED_EDGE ( 'NONE', *, *, #1806, .F. ) ;
#3752 = VECTOR ( 'NONE', #3715, 1000.000000000000000 ) ;
#3753 = VECTOR ( 'NONE', #3396, 1000.000000000000000 ) ;
#3754 = DIRECTION ( 'NONE',  ( -1.000000000000000000, -8.673617379884035472E-17, 0.0000000000000000000 ) ) ;
#3755 = AXIS2_PLACEMENT_3D ( 'NONE', #3339, #1052, #1548 ) ;
#3756 = FACE_OUTER_BOUND ( 'NONE', #3551, .T. ) ;
#3757 = MECHANICAL_DESIGN_GEOMETRIC_PRESENTATION_REPRESENTATION (  '', ( #2229 ), #4553 ) ;
#3758 = AXIS2_PLACEMENT_3D ( 'NONE', #2450, #4021, #2103 ) ;
#3759 = PRESENTATION_STYLE_ASSIGNMENT (( #2247 ) ) ;
#3760 = ORIENTED_EDGE ( 'NONE', *, *, #4152, .T. ) ;
#3761 = SURFACE_STYLE_FILL_AREA ( #2956 ) ;
#3762 = EDGE_LOOP ( 'NONE', ( #1407, #4303, #229, #1845 ) ) ;
#3763 = MECHANICAL_DESIGN_GEOMETRIC_PRESENTATION_REPRESENTATION (  '', ( #592 ), #1676 ) ;
#3764 = FILL_AREA_STYLE ('',( #1827 ) ) ;
#3765 = ORIENTED_EDGE ( 'NONE', *, *, #3130, .F. ) ;
#3766 = DIRECTION ( 'NONE',  ( -1.000000000000000000, -1.084202172485723959E-16, 0.0000000000000000000 ) ) ;
#3767 = DIRECTION ( 'NONE',  ( -1.225696218315258576E-16, 1.000000000000000000, -0.0000000000000000000 ) ) ;
#3768 = EDGE_LOOP ( 'NONE', ( #3437, #1088, #2573, #1095 ) ) ;
#3769 = LINE ( 'NONE', #2557, #1342 ) ;
#3770 = DIRECTION ( 'NONE',  ( -1.225696218315258576E-16, 1.000000000000000000, -0.0000000000000000000 ) ) ;
#3771 = ADVANCED_FACE ( 'NONE', ( #4619 ), #3682, .F. ) ;
#3772 = EDGE_CURVE ( 'NONE', #3431, #902, #1565, .T. ) ;
#3773 = SURFACE_STYLE_FILL_AREA ( #2286 ) ;
#3774 = DIRECTION ( 'NONE',  ( -3.061515884555943639E-16, -3.752488442012313821E-32, -1.000000000000000000 ) ) ;
#3775 = CARTESIAN_POINT ( 'NONE',  ( -1.444151529943190309E-15, 1.826506484316722911, 4.745399999998766383 ) ) ;
#3776 = EDGE_CURVE ( 'NONE', #2570, #3073, #1063, .T. ) ;
#3777 = FILL_AREA_STYLE ('',( #735 ) ) ;
#3778 = ORIENTED_EDGE ( 'NONE', *, *, #2566, .F. ) ;
#3779 =( NAMED_UNIT ( * ) SI_UNIT ( $, .STERADIAN. ) SOLID_ANGLE_UNIT ( ) );
#3780 = AXIS2_PLACEMENT_3D ( 'NONE', #461, #1291, #3079 ) ;
#3781 = VECTOR ( 'NONE', #358, 1000.000000000000000 ) ;
#3782 = FILL_AREA_STYLE ('',( #1916 ) ) ;
#3783 = ORIENTED_EDGE ( 'NONE', *, *, #4019, .T. ) ;
#3784 = FILL_AREA_STYLE_COLOUR ( '', #4760 ) ;
#3785 =( NAMED_UNIT ( * ) SI_UNIT ( $, .STERADIAN. ) SOLID_ANGLE_UNIT ( ) );
#3786 = ORIENTED_EDGE ( 'NONE', *, *, #4414, .F. ) ;
#3787 = DIRECTION ( 'NONE',  ( 0.9849673257090792999, 0.0000000000000000000, -0.1727407516641759899 ) ) ;
#3788 = LINE ( 'NONE', #13, #4843 ) ;
#3789 = DIRECTION ( 'NONE',  ( 1.225696218315258576E-16, 1.000000000000000000, 0.0000000000000000000 ) ) ;
#3790 = UNCERTAINTY_MEASURE_WITH_UNIT (LENGTH_MEASURE( 1.000000000000000082E-05 ), #1305, 'distance_accuracy_value', 'NONE');
#3791 = EDGE_CURVE ( 'NONE', #1045, #804, #1301, .T. ) ;
#3792 =( LENGTH_UNIT ( ) NAMED_UNIT ( * ) SI_UNIT ( .MILLI., .METRE. ) );
#3793 = EDGE_LOOP ( 'NONE', ( #240, #2423, #3397, #4274 ) ) ;
#3794 =( NAMED_UNIT ( * ) PLANE_ANGLE_UNIT ( ) SI_UNIT ( $, .RADIAN. ) );
#3795 = CARTESIAN_POINT ( 'NONE',  ( -3.077170012217554234E-16, 12.92212896455523818, 5.025400000000000311 ) ) ;
#3796 = UNCERTAINTY_MEASURE_WITH_UNIT (LENGTH_MEASURE( 1.000000000000000082E-05 ), #1375, 'distance_accuracy_value', 'NONE');
#3797 = EDGE_CURVE ( 'NONE', #2485, #2499, #1999, .T. ) ;
#3798 = FILL_AREA_STYLE_COLOUR ( '', #2227 ) ;
#3799 = SURFACE_STYLE_USAGE ( .BOTH. , #1798 ) ;
#3800 = ORIENTED_EDGE ( 'NONE', *, *, #403, .T. ) ;
#3801 = CARTESIAN_POINT ( 'NONE',  ( -9.231510036652663194E-16, 12.92212896455523818, -5.025400000000000311 ) ) ;
#3802 = ADVANCED_FACE ( 'NONE', ( #2341 ), #3872, .T. ) ;
#3803 = COLOUR_RGB ( '',0.7529411764705882248, 0.7529411764705882248, 0.7529411764705882248 ) ;
#3804 = VECTOR ( 'NONE', #688, 1000.000000000000000 ) ;
#3805 = AXIS2_PLACEMENT_3D ( 'NONE', #2818, #2896, #3627 ) ;
#3806 = AXIS2_PLACEMENT_3D ( 'NONE', #3366, #2666, #4210 ) ;
#3807 = ORIENTED_EDGE ( 'NONE', *, *, #1304, .F. ) ;
#3808 =( GEOMETRIC_REPRESENTATION_CONTEXT ( 3 ) GLOBAL_UNCERTAINTY_ASSIGNED_CONTEXT ( ( #3430 ) ) GLOBAL_UNIT_ASSIGNED_CONTEXT ( ( #1796, #2954, #3676 ) ) REPRESENTATION_CONTEXT ( 'NONE', 'WORKASPACE' ) );
#3809 = AXIS2_PLACEMENT_3D ( 'NONE', #1744, #4479, #3320 ) ;
#3810 = MECHANICAL_DESIGN_GEOMETRIC_PRESENTATION_REPRESENTATION (  '', ( #3171 ), #3487 ) ;
#3811 =( LENGTH_UNIT ( ) NAMED_UNIT ( * ) SI_UNIT ( .MILLI., .METRE. ) );
#3812 = ORIENTED_EDGE ( 'NONE', *, *, #4861, .T. ) ;
#3813 = LINE ( 'NONE', #2966, #261 ) ;
#3814 = DIRECTION ( 'NONE',  ( 0.0000000000000000000, 2.081668171172166620E-14, 1.000000000000000000 ) ) ;
#3815 = CARTESIAN_POINT ( 'NONE',  ( 0.03999999999999769018, 16.49000000000000199, 0.03999999999999999389 ) ) ;
#3816 =( LENGTH_UNIT ( ) NAMED_UNIT ( * ) SI_UNIT ( .MILLI., .METRE. ) );
#3817 = PRESENTATION_LAYER_ASSIGNMENT (  '', '', ( #9 ) ) ;
#3818 = UNCERTAINTY_MEASURE_WITH_UNIT (LENGTH_MEASURE( 1.000000000000000082E-05 ), #624, 'distance_accuracy_value', 'NONE');
#3819 = CARTESIAN_POINT ( 'NONE',  ( 3.077170012217555220E-16, 12.92212896455523818, 5.025400000000002088 ) ) ;
#3820 = DIRECTION ( 'NONE',  ( 0.0000000000000000000, 0.0000000000000000000, 1.000000000000000000 ) ) ;
#3821 = ORIENTED_EDGE ( 'NONE', *, *, #618, .F. ) ;
#3822 = CARTESIAN_POINT ( 'NONE',  ( 1.500000000000202505, 0.4999999999999998890, -0.002153792457473946171 ) ) ;
#3823 = AXIS2_PLACEMENT_3D ( 'NONE', #1553, #4288, #4611 ) ;
#3824 = CARTESIAN_POINT ( 'NONE',  ( 1.970796952063498253, 0.2499999999999998890, -0.8506490099185457510 ) ) ;
#3825 = VECTOR ( 'NONE', #3611, 1000.000000000000000 ) ;
#3826 = ORIENTED_EDGE ( 'NONE', *, *, #339, .F. ) ;
#3827 = CARTESIAN_POINT ( 'NONE',  ( -0.04683012701892570739, 16.49183012701892181, -0.04683012701892343144 ) ) ;
#3828 = ADVANCED_FACE ( 'NONE', ( #3218 ), #4831, .F. ) ;
#3829 =( GEOMETRIC_REPRESENTATION_CONTEXT ( 3 ) GLOBAL_UNCERTAINTY_ASSIGNED_CONTEXT ( ( #3441 ) ) GLOBAL_UNIT_ASSIGNED_CONTEXT ( ( #2733, #862, #1980 ) ) REPRESENTATION_CONTEXT ( 'NONE', 'WORKASPACE' ) );
#3830 = UNCERTAINTY_MEASURE_WITH_UNIT (LENGTH_MEASURE( 1.000000000000000082E-05 ), #257, 'distance_accuracy_value', 'NONE');
#3831 = UNCERTAINTY_MEASURE_WITH_UNIT (LENGTH_MEASURE( 1.000000000000000082E-05 ), #119, 'distance_accuracy_value', 'NONE');
#3832 = ADVANCED_FACE ( 'NONE', ( #4447 ), #625, .T. ) ;
#3833 = ORIENTED_EDGE ( 'NONE', *, *, #3772, .T. ) ;
#3834 = CARTESIAN_POINT ( 'NONE',  ( 5.023486311751855560, 14.99113900712519687, -0.1386738462787319437 ) ) ;
#3835 = CIRCLE ( 'NONE', #1053, 4.859999999999383924 ) ;
#3836 =( GEOMETRIC_REPRESENTATION_CONTEXT ( 3 ) GLOBAL_UNCERTAINTY_ASSIGNED_CONTEXT ( ( #4586 ) ) GLOBAL_UNIT_ASSIGNED_CONTEXT ( ( #187, #2105, #4415 ) ) REPRESENTATION_CONTEXT ( 'NONE', 'WORKASPACE' ) );
#3837 = DIRECTION ( 'NONE',  ( -1.000000000000000000, -1.378223100617526651E-16, 0.0000000000000000000 ) ) ;
#3838 = CARTESIAN_POINT ( 'NONE',  ( -2.500000000000002220, 16.49000000000000199, 0.04000000000000030614 ) ) ;
#3839 = DIRECTION ( 'NONE',  ( -1.225696218315258576E-16, 1.000000000000000000, -0.0000000000000000000 ) ) ;
#3840 = PRESENTATION_STYLE_ASSIGNMENT (( #1536 ) ) ;
#3841 = UNCERTAINTY_MEASURE_WITH_UNIT (LENGTH_MEASURE( 1.000000000000000082E-05 ), #2805, 'distance_accuracy_value', 'NONE');
#3842 = SURFACE_STYLE_USAGE ( .BOTH. , #1273 ) ;
#3843 =( GEOMETRIC_REPRESENTATION_CONTEXT ( 3 ) GLOBAL_UNCERTAINTY_ASSIGNED_CONTEXT ( ( #868 ) ) GLOBAL_UNIT_ASSIGNED_CONTEXT ( ( #526, #3539, #272 ) ) REPRESENTATION_CONTEXT ( 'NONE', 'WORKASPACE' ) );
#3844 = PRESENTATION_LAYER_ASSIGNMENT (  '', '', ( #3519 ) ) ;
#3845 = ORIENTED_EDGE ( 'NONE', *, *, #2419, .F. ) ;
#3846 = PRESENTATION_LAYER_ASSIGNMENT (  '', '', ( #2801 ) ) ;
#3847 = CYLINDRICAL_SURFACE ( 'NONE', #1782, 5.000000000000000000 ) ;
#3848 = UNCERTAINTY_MEASURE_WITH_UNIT (LENGTH_MEASURE( 1.000000000000000082E-05 ), #1687, 'distance_accuracy_value', 'NONE');
#3849 = CARTESIAN_POINT ( 'NONE',  ( 5.019732501002772906, 12.29113900712519225, -0.2386017149486681366 ) ) ;
#3850 = DIRECTION ( 'NONE',  ( -1.225696218315258576E-16, 1.000000000000000000, -0.0000000000000000000 ) ) ;
#3851 = ORIENTED_EDGE ( 'NONE', *, *, #1950, .T. ) ;
#3852 = CARTESIAN_POINT ( 'NONE',  ( -0.04866025403784753067, 16.49500000000000099, -0.05000000000000044686 ) ) ;
#3853 = COLOUR_RGB ( '',0.0000000000000000000, 0.0000000000000000000, 0.7529411764705882248 ) ;
#3854 = DIRECTION ( 'NONE',  ( -1.000000000000000000, -1.294466716064994772E-16, 0.0000000000000000000 ) ) ;
#3855 = AXIS2_PLACEMENT_3D ( 'NONE', #1526, #3104, #2300 ) ;
#3856 = ORIENTED_EDGE ( 'NONE', *, *, #1864, .T. ) ;
#3857 = AXIS2_PLACEMENT_3D ( 'NONE', #2774, #1945, #4279 ) ;
#3858 = FILL_AREA_STYLE_COLOUR ( '', #2488 ) ;
#3859 = TOROIDAL_SURFACE ( 'NONE', #4497, 5.219999999998981011, 0.4746000000002142394 ) ;
#3860 = ADVANCED_FACE ( 'NONE', ( #3270 ), #2917, .T. ) ;
#3861 = AXIS2_PLACEMENT_3D ( 'NONE', #4529, #2587, #1067 ) ;
#3862 = DIRECTION ( 'NONE',  ( 1.000000000000000000, 0.0000000000000000000, 0.0000000000000000000 ) ) ;
#3863 = ADVANCED_FACE ( 'NONE', ( #1468, #1813 ), #348, .T. ) ;
#3864 = FILL_AREA_STYLE_COLOUR ( '', #6 ) ;
#3865 = CARTESIAN_POINT ( 'NONE',  ( 5.020290614649573158, 2.891139007125195892, 0.2265553011108394632 ) ) ;
#3866 = EDGE_CURVE ( 'NONE', #563, #2626, #3957, .T. ) ;
#3867 = LINE ( 'NONE', #109, #3378 ) ;
#3868 = FILL_AREA_STYLE ('',( #4640 ) ) ;
#3869 =( LENGTH_UNIT ( ) NAMED_UNIT ( * ) SI_UNIT ( .MILLI., .METRE. ) );
#3870 = ORIENTED_EDGE ( 'NONE', *, *, #2076, .T. ) ;
#3871 = FACE_OUTER_BOUND ( 'NONE', #4579, .T. ) ;
#3872 = CYLINDRICAL_SURFACE ( 'NONE', #676, 2.233871677699888370 ) ;
#3873 = CARTESIAN_POINT ( 'NONE',  ( -1.432851188350556716E-16, 14.09113900712519474, 0.0000000000000000000 ) ) ;
#3874 = LINE ( 'NONE', #2692, #3890 ) ;
#3875 =( NAMED_UNIT ( * ) PLANE_ANGLE_UNIT ( ) SI_UNIT ( $, .RADIAN. ) );
#3876 = FACE_OUTER_BOUND ( 'NONE', #908, .T. ) ;
#3877 = VERTEX_POINT ( 'NONE', #2237 ) ;
#3878 = DIRECTION ( 'NONE',  ( 1.225696218315258576E-16, -1.000000000000000000, 0.0000000000000000000 ) ) ;
#3879 = DIRECTION ( 'NONE',  ( 1.225696218315258576E-16, -1.000000000000000000, 0.0000000000000000000 ) ) ;
#3880 = SURFACE_STYLE_FILL_AREA ( #3988 ) ;
#3881 = UNCERTAINTY_MEASURE_WITH_UNIT (LENGTH_MEASURE( 1.000000000000000082E-05 ), #1589, 'distance_accuracy_value', 'NONE');
#3882 = UNCERTAINTY_MEASURE_WITH_UNIT (LENGTH_MEASURE( 1.000000000000000082E-05 ), #2470, 'distance_accuracy_value', 'NONE');
#3883 = ORIENTED_EDGE ( 'NONE', *, *, #4681, .T. ) ;
#3884 = DIRECTION ( 'NONE',  ( 1.000000000000000000, 1.225696218315258576E-16, -1.221441296278566376E-16 ) ) ;
#3885 = STYLED_ITEM ( 'NONE', ( #1694 ), #1064 ) ;
#3886 = AXIS2_PLACEMENT_3D ( 'NONE', #2802, #2404, #83 ) ;
#3887 = PRESENTATION_LAYER_ASSIGNMENT (  '', '', ( #4364 ) ) ;
#3888 =( GEOMETRIC_REPRESENTATION_CONTEXT ( 3 ) GLOBAL_UNCERTAINTY_ASSIGNED_CONTEXT ( ( #2668 ) ) GLOBAL_UNIT_ASSIGNED_CONTEXT ( ( #2100, #305, #2847 ) ) REPRESENTATION_CONTEXT ( 'NONE', 'WORKASPACE' ) );
#3889 = AXIS2_PLACEMENT_3D ( 'NONE', #2431, #576, #2480 ) ;
#3890 = VECTOR ( 'NONE', #2265, 1000.000000000000000 ) ;
#3891 = CARTESIAN_POINT ( 'NONE',  ( -2.017876647269745138, 0.4999999999999994449, -0.9354985316648515292 ) ) ;
#3892 = STYLED_ITEM ( 'NONE', ( #2987 ), #2180 ) ;
#3893 = DIRECTION ( 'NONE',  ( -1.225696218315258576E-16, 1.000000000000000000, -0.0000000000000000000 ) ) ;
#3894 = MECHANICAL_DESIGN_GEOMETRIC_PRESENTATION_REPRESENTATION (  '', ( #641 ), #3650 ) ;
#3895 = DIRECTION ( 'NONE',  ( 0.0000000000000000000, -8.673617379880311063E-16, 1.000000000000000000 ) ) ;
#3896 = PRESENTATION_LAYER_ASSIGNMENT (  '', '', ( #560 ) ) ;
#3897 =( NAMED_UNIT ( * ) PLANE_ANGLE_UNIT ( ) SI_UNIT ( $, .RADIAN. ) );
#3898 = CIRCLE ( 'NONE', #1181, 4.719999999998766960 ) ;
#3899 =( LENGTH_UNIT ( ) NAMED_UNIT ( * ) SI_UNIT ( .MILLI., .METRE. ) );
#3900 = EDGE_CURVE ( 'NONE', #1484, #4135, #3725, .T. ) ;
#3901 = AXIS2_PLACEMENT_3D ( 'NONE', #2244, #4202, #791 ) ;
#3902 = EDGE_CURVE ( 'NONE', #389, #1727, #4463, .T. ) ;
#3903 = VERTEX_POINT ( 'NONE', #3394 ) ;
#3904 = DIRECTION ( 'NONE',  ( -1.000000000000000000, -1.204669080539448604E-16, 0.0000000000000000000 ) ) ;
#3905 = PRESENTATION_STYLE_ASSIGNMENT (( #3049 ) ) ;
#3906 = FILL_AREA_STYLE ('',( #92 ) ) ;
#3907 = PRESENTATION_STYLE_ASSIGNMENT (( #1670 ) ) ;
#3908 = SURFACE_STYLE_USAGE ( .BOTH. , #1547 ) ;
#3909 = DIRECTION ( 'NONE',  ( -1.000000000000000000, -1.225696218315258576E-16, 0.0000000000000000000 ) ) ;
#3910 = SURFACE_SIDE_STYLE ('',( #508 ) ) ;
#3911 = ORIENTED_EDGE ( 'NONE', *, *, #1604, .F. ) ;
#3912 = CIRCLE ( 'NONE', #817, 2.233871677699888370 ) ;
#3913 = DIRECTION ( 'NONE',  ( 1.225696218315258576E-16, -1.000000000000000000, -0.0000000000000000000 ) ) ;
#3914 = MECHANICAL_DESIGN_GEOMETRIC_PRESENTATION_REPRESENTATION (  '', ( #1975 ), #264 ) ;
#3915 = ORIENTED_EDGE ( 'NONE', *, *, #2750, .T. ) ;
#3916 =( LENGTH_UNIT ( ) NAMED_UNIT ( * ) SI_UNIT ( .MILLI., .METRE. ) );
#3917 = ORIENTED_EDGE ( 'NONE', *, *, #3553, .F. ) ;
#3918 = VECTOR ( 'NONE', #636, 1000.000000000000000 ) ;
#3919 = VECTOR ( 'NONE', #1520, 1000.000000000000000 ) ;
#3920 = DIRECTION ( 'NONE',  ( -1.000000000000000000, -1.225696218315258576E-16, -6.123233995736766036E-17 ) ) ;
#3921 = DIRECTION ( 'NONE',  ( -1.225696218315258576E-16, 1.000000000000000000, -0.0000000000000000000 ) ) ;
#3922 = DIRECTION ( 'NONE',  ( 1.000000000000000000, 0.0000000000000000000, 0.0000000000000000000 ) ) ;
#3923 = CARTESIAN_POINT ( 'NONE',  ( -2.017876647269745138, 0.2499999999999994726, -0.9354985316648515292 ) ) ;
#3924 =( NAMED_UNIT ( * ) PLANE_ANGLE_UNIT ( ) SI_UNIT ( $, .RADIAN. ) );
#3925 =( NAMED_UNIT ( * ) PLANE_ANGLE_UNIT ( ) SI_UNIT ( $, .RADIAN. ) );
#3926 =( NAMED_UNIT ( * ) SI_UNIT ( $, .STERADIAN. ) SOLID_ANGLE_UNIT ( ) );
#3927 = EDGE_CURVE ( 'NONE', #325, #1333, #3018, .T. ) ;
#3928 = PRESENTATION_STYLE_ASSIGNMENT (( #1987 ) ) ;
#3929 = PRESENTATION_LAYER_ASSIGNMENT (  '', '', ( #1683 ) ) ;
#3930 = DIRECTION ( 'NONE',  ( 0.0000000000000000000, -0.0000000000000000000, -1.000000000000000000 ) ) ;
#3931 = AXIS2_PLACEMENT_3D ( 'NONE', #1430, #4452, #3224 ) ;
#3932 = PRESENTATION_STYLE_ASSIGNMENT (( #547 ) ) ;
#3933 = SURFACE_STYLE_USAGE ( .BOTH. , #2394 ) ;
#3934 = EDGE_LOOP ( 'NONE', ( #1797, #1743, #3647, #4190 ) ) ;
#3935 = CARTESIAN_POINT ( 'NONE',  ( 1.119181986029660709E-15, 3.791139007125195359, 0.0000000000000000000 ) ) ;
#3936 = CARTESIAN_POINT ( 'NONE',  ( 1.274926112935544208E-15, 2.520480547234075885, 0.0000000000000000000 ) ) ;
#3937 =( NAMED_UNIT ( * ) PLANE_ANGLE_UNIT ( ) SI_UNIT ( $, .RADIAN. ) );
#3938 = ADVANCED_FACE ( 'NONE', ( #2190 ), #3468, .T. ) ;
#3939 = VERTEX_POINT ( 'NONE', #3849 ) ;
#3940 = CARTESIAN_POINT ( 'NONE',  ( -4.385382997764345347E-16, 16.50000000000000000, 0.0000000000000000000 ) ) ;
#3941 = ORIENTED_EDGE ( 'NONE', *, *, #769, .F. ) ;
#3942 = EDGE_LOOP ( 'NONE', ( #1046, #112, #4708, #205 ) ) ;
#3943 = FACE_OUTER_BOUND ( 'NONE', #4727, .T. ) ;
#3944 = PRESENTATION_STYLE_ASSIGNMENT (( #1168 ) ) ;
#3945 = DIRECTION ( 'NONE',  ( -0.0000000000000000000, 1.000000000000000000, -0.0000000000000000000 ) ) ;
#3946 =( GEOMETRIC_REPRESENTATION_CONTEXT ( 3 ) GLOBAL_UNCERTAINTY_ASSIGNED_CONTEXT ( ( #3882 ) ) GLOBAL_UNIT_ASSIGNED_CONTEXT ( ( #2470, #177, #3657 ) ) REPRESENTATION_CONTEXT ( 'NONE', 'WORKASPACE' ) );
#3947 =( NAMED_UNIT ( * ) SI_UNIT ( $, .STERADIAN. ) SOLID_ANGLE_UNIT ( ) );
#3948 = CARTESIAN_POINT ( 'NONE',  ( 1.734723475976807094E-15, 1.826506484316722911, 0.0000000000000000000 ) ) ;
#3949 = EDGE_LOOP ( 'NONE', ( #543, #1850, #3660, #2528 ) ) ;
#3950 = DIRECTION ( 'NONE',  ( -1.000000000000000000, 0.0000000000000000000, 0.0000000000000000000 ) ) ;
#3951 = CARTESIAN_POINT ( 'NONE',  ( 4.949854798618408047, 2.584922366093256763, -0.8680913734131501247 ) ) ;
#3952 = VERTEX_POINT ( 'NONE', #708 ) ;
#3953 = MECHANICAL_DESIGN_GEOMETRIC_PRESENTATION_REPRESENTATION (  '', ( #536 ), #3538 ) ;
#3954 = SURFACE_STYLE_USAGE ( .BOTH. , #920 ) ;
#3955 = EDGE_CURVE ( 'NONE', #199, #2235, #2459, .T. ) ;
#3956 = FACE_OUTER_BOUND ( 'NONE', #4085, .T. ) ;
#3957 =( BOUNDED_CURVE ( )  B_SPLINE_CURVE ( 3, ( #4100, #4176, #1903, #4153 ),
 .UNSPECIFIED., .F., .T. ) 
 B_SPLINE_CURVE_WITH_KNOTS ( ( 4, 4 ),
 ( 3.665191429187865779, 4.712388980384679016 ),
 .UNSPECIFIED. ) 
 CURVE ( )  GEOMETRIC_REPRESENTATION_ITEM ( )  RATIONAL_B_SPLINE_CURVE ( ( 1.000000000000000000, 0.9106836025229230192, 0.9106836025229230192, 1.000000000000000000 ) ) 
 REPRESENTATION_ITEM ( '' )  );
#3958 = FILL_AREA_STYLE_COLOUR ( '', #3047 ) ;
#3959 = CARTESIAN_POINT ( 'NONE',  ( 1.415090661399410417E-15, 1.826506484316722911, 5.219999999998981011 ) ) ;
#3960 = VERTEX_POINT ( 'NONE', #1940 ) ;
#3961 = CARTESIAN_POINT ( 'NONE',  ( -1.917876647269745494, 0.2499999999999994726, -0.9354985316648515292 ) ) ;
#3962 = CARTESIAN_POINT ( 'NONE',  ( 1.734723475976807094E-15, 1.826506484316722467, 4.719999999998766960 ) ) ;
#3963 = EDGE_CURVE ( 'NONE', #4115, #4355, #828, .T. ) ;
#3964 = ORIENTED_EDGE ( 'NONE', *, *, #2415, .T. ) ;
#3965 = CARTESIAN_POINT ( 'NONE',  ( -2.490000000000001990, 16.49000000000000199, -0.04999999999999969746 ) ) ;
#3966 = ORIENTED_EDGE ( 'NONE', *, *, #1246, .T. ) ;
#3967 = LINE ( 'NONE', #3479, #2354 ) ;
#3968 = CIRCLE ( 'NONE', #1800, 0.5254000000000005333 ) ;
#3969 = CARTESIAN_POINT ( 'NONE',  ( -1.917876647269745494, 0.2499999999999994726, -0.9354985316648515292 ) ) ;
#3970 = CARTESIAN_POINT ( 'NONE',  ( -3.077170012217550289E-16, 15.99999999999999645, 5.025400000000000311 ) ) ;
#3971 = DIRECTION ( 'NONE',  ( -1.000000000000000000, -1.301042606982605074E-16, 0.0000000000000000000 ) ) ;
#3972 = AXIS2_PLACEMENT_3D ( 'NONE', #3326, #2174, #4844 ) ;
#3973 = STYLED_ITEM ( 'NONE', ( #1322 ), #3832 ) ;
#3974 = COLOUR_RGB ( '',0.0000000000000000000, 0.0000000000000000000, 0.7529411764705882248 ) ;
#3975 = VECTOR ( 'NONE', #2619, 1000.000000000000000 ) ;
#3976 = OPEN_SHELL ( 'NONE', ( #441, #2305, #4712, #981, #3771, #1126, #3190, #4172 ) ) ;
#3977 = LINE ( 'NONE', #1343, #25 ) ;
#3978 = SURFACE_STYLE_USAGE ( .BOTH. , #3638 ) ;
#3979 = VECTOR ( 'NONE', #3390, 1000.000000000000000 ) ;
#3980 = FACE_OUTER_BOUND ( 'NONE', #2400, .T. ) ;
#3981 = DIRECTION ( 'NONE',  ( 0.0000000000000000000, 1.000000000000000000, 0.0000000000000000000 ) ) ;
#3982 = VECTOR ( 'NONE', #4772, 1000.000000000000000 ) ;
#3983 = LINE ( 'NONE', #4300, #4080 ) ;
#3984 = AXIS2_PLACEMENT_3D ( 'NONE', #1685, #4756, #982 ) ;
#3985 = SURFACE_SIDE_STYLE ('',( #580 ) ) ;
#3986 = EDGE_LOOP ( 'NONE', ( #3599, #170, #2186, #106 ) ) ;
#3987 = DIRECTION ( 'NONE',  ( -1.000000000000000000, -1.301042606982604581E-16, 0.0000000000000000000 ) ) ;
#3988 = FILL_AREA_STYLE ('',( #4307 ) ) ;
#3989 = AXIS2_PLACEMENT_3D ( 'NONE', #1023, #4207, #455 ) ;
#3990 = PRESENTATION_LAYER_ASSIGNMENT (  '', '', ( #4222 ) ) ;
#3991 = FACE_OUTER_BOUND ( 'NONE', #4648, .T. ) ;
#3992 = ORIENTED_EDGE ( 'NONE', *, *, #1781, .T. ) ;
#3993 = ORIENTED_EDGE ( 'NONE', *, *, #3776, .T. ) ;
#3994 = EDGE_CURVE ( 'NONE', #1630, #1894, #3343, .T. ) ;
#3995 = CIRCLE ( 'NONE', #2307, 0.4746000000002146280 ) ;
#3996 = VECTOR ( 'NONE', #4808, 1000.000000000000000 ) ;
#3997 = ORIENTED_EDGE ( 'NONE', *, *, #2023, .T. ) ;
#3998 =( NAMED_UNIT ( * ) SI_UNIT ( $, .STERADIAN. ) SOLID_ANGLE_UNIT ( ) );
#3999 = SURFACE_STYLE_FILL_AREA ( #3686 ) ;
#4000 = COLOUR_RGB ( '',1.000000000000000000, 1.000000000000000000, 1.000000000000000000 ) ;
#4001 = AXIS2_PLACEMENT_3D ( 'NONE', #2694, #49, #433 ) ;
#4002 = LINE ( 'NONE', #3555, #4769 ) ;
#4003 = MECHANICAL_DESIGN_GEOMETRIC_PRESENTATION_REPRESENTATION (  '', ( #590 ), #750 ) ;
#4004 = CARTESIAN_POINT ( 'NONE',  ( -1.970796952063404550, 0.4999999999999994449, -0.8506490099187260512 ) ) ;
#4005 = ORIENTED_EDGE ( 'NONE', *, *, #2914, .F. ) ;
#4006 = DIRECTION ( 'NONE',  ( 1.836970198721027962E-16, 0.0000000000000000000, -1.000000000000000000 ) ) ;
#4007 = SURFACE_SIDE_STYLE ('',( #4766 ) ) ;
#4008 = CARTESIAN_POINT ( 'NONE',  ( 5.020290614649573158, 8.491139007125196869, 0.2265553011108394632 ) ) ;
#4009 = DIRECTION ( 'NONE',  ( -1.000000000000000000, 0.0000000000000000000, 0.0000000000000000000 ) ) ;
#4010 = DIRECTION ( 'NONE',  ( 1.225696218315258576E-16, 1.000000000000000000, 0.0000000000000000000 ) ) ;
#4011 = FILL_AREA_STYLE_COLOUR ( '', #815 ) ;
#4012 = VERTEX_POINT ( 'NONE', #2663 ) ;
#4013 = FILL_AREA_STYLE ('',( #1015 ) ) ;
#4014 = CARTESIAN_POINT ( 'NONE',  ( 2.500000000000000000, -3.740813662564058006, -0.002153792457473946171 ) ) ;
#4015 = VERTEX_POINT ( 'NONE', #4852 ) ;
#4016 = STYLED_ITEM ( 'NONE', ( #4588 ), #4230 ) ;
#4017 = ORIENTED_EDGE ( 'NONE', *, *, #1297, .T. ) ;
#4018 = FILL_AREA_STYLE_COLOUR ( '', #3083 ) ;
#4019 = EDGE_CURVE ( 'NONE', #2099, #2745, #1830, .T. ) ;
#4020 = DIRECTION ( 'NONE',  ( 0.0000000000000000000, 0.0000000000000000000, 1.000000000000000000 ) ) ;
#4021 = DIRECTION ( 'NONE',  ( -1.225696218315258576E-16, 1.000000000000000000, -0.0000000000000000000 ) ) ;
#4022 = DIRECTION ( 'NONE',  ( 0.9988722292758333010, 0.0000000000000000000, -0.04747914891325429043 ) ) ;
#4023 = STYLED_ITEM ( 'NONE', ( #4612 ), #2840 ) ;
#4024 = EDGE_CURVE ( 'NONE', #4147, #4590, #342, .T. ) ;
#4025 = MECHANICAL_DESIGN_GEOMETRIC_PRESENTATION_REPRESENTATION (  '', ( #4496 ), #692 ) ;
#4026 = PRODUCT_CONTEXT ( 'NONE', #504, 'mechanical' ) ;
#4027 = LINE ( 'NONE', #4735, #3108 ) ;
#4028 = STYLED_ITEM ( 'NONE', ( #659 ), #2305 ) ;
#4029 = EDGE_CURVE ( 'NONE', #1045, #2928, #1193, .T. ) ;
#4030 = FACE_OUTER_BOUND ( 'NONE', #2080, .T. ) ;
#4031 = CARTESIAN_POINT ( 'NONE',  ( 5.023486311751855560, 14.19113900712519616, -0.1386738462787319437 ) ) ;
#4032 = FILL_AREA_STYLE ('',( #3172 ) ) ;
#4033 = FILL_AREA_STYLE_COLOUR ( '', #4718 ) ;
#4034 = PRESENTATION_STYLE_ASSIGNMENT (( #943 ) ) ;
#4035 = EDGE_LOOP ( 'NONE', ( #2124, #334, #4453, #3391 ) ) ;
#4036 = CARTESIAN_POINT ( 'NONE',  ( 0.05732050807568592199, 16.49000000000000199, -2.500000000000000000 ) ) ;
#4037 = PRESENTATION_STYLE_ASSIGNMENT (( #227 ) ) ;
#4038 = CYLINDRICAL_SURFACE ( 'NONE', #1938, 5.000000000000000000 ) ;
#4039 = COLOUR_RGB ( '',0.0000000000000000000, 0.0000000000000000000, 0.7529411764705882248 ) ;
#4040 = FILL_AREA_STYLE_COLOUR ( '', #3475 ) ;
#4041 = ORIENTED_EDGE ( 'NONE', *, *, #4595, .T. ) ;
#4042 = CARTESIAN_POINT ( 'NONE',  ( -9.672091117137886365E-16, 2.520480547234075885, 5.025400000000000311 ) ) ;
#4043 = ORIENTED_EDGE ( 'NONE', *, *, #2141, .T. ) ;
#4044 = CARTESIAN_POINT ( 'NONE',  ( -5.219999999998979234, 1.826506484316722245, 0.0000000000000000000 ) ) ;
#4045 = CARTESIAN_POINT ( 'NONE',  ( -8.266365894244633347E-16, 16.00000000000000000, -4.500000000000000000 ) ) ;
#4046 = SURFACE_STYLE_USAGE ( .BOTH. , #2057 ) ;
#4047 = CARTESIAN_POINT ( 'NONE',  ( 0.0000000000000000000, 16.00000000000000000, 4.500000000000000000 ) ) ;
#4048 = VERTEX_POINT ( 'NONE', #667 ) ;
#4049 = CARTESIAN_POINT ( 'NONE',  ( 5.019732501002773795, 12.29113900712519225, -0.2386017149486681921 ) ) ;
#4050 = MECHANICAL_DESIGN_GEOMETRIC_PRESENTATION_REPRESENTATION (  '', ( #3885 ), #2273 ) ;
#4051 = DIRECTION ( 'NONE',  ( 0.9996191968304722897, 0.0000000000000000000, -0.02759458874492218272 ) ) ;
#4052 = ADVANCED_FACE ( 'NONE', ( #2574 ), #3423, .T. ) ;
#4053 = PRESENTATION_STYLE_ASSIGNMENT (( #2918 ) ) ;
#4054 = MECHANICAL_DESIGN_GEOMETRIC_PRESENTATION_REPRESENTATION (  '', ( #3723 ), #1329 ) ;
#4055 = EDGE_CURVE ( 'NONE', #2196, #2478, #3968, .T. ) ;
#4056 = TOROIDAL_SURFACE ( 'NONE', #2364, 4.499999999999786837, 0.5254000000002140291 ) ;
#4057 = CARTESIAN_POINT ( 'NONE',  ( -3.077170012217555220E-16, 12.92212896455523818, 5.025400000000002088 ) ) ;
#4058 = CARTESIAN_POINT ( 'NONE',  ( -2.693621919708997717E-15, 1.826506484316722911, -5.219999999998981011 ) ) ;
#4059 = AXIS2_PLACEMENT_3D ( 'NONE', #812, #1073, #3370 ) ;
#4060 = COLOUR_RGB ( '',0.2509803921568627416, 0.2509803921568627416, 0.2509803921568627416 ) ;
#4061 = CIRCLE ( 'NONE', #4374, 0.5000000000002138290 ) ;
#4062 = DIRECTION ( 'NONE',  ( -1.225696218315258576E-16, 1.000000000000000000, -0.0000000000000000000 ) ) ;
#4063 = VERTEX_POINT ( 'NONE', #4572 ) ;
#4064 = LINE ( 'NONE', #1707, #3612 ) ;
#4065 = ORIENTED_EDGE ( 'NONE', *, *, #4348, .T. ) ;
#4066 = CARTESIAN_POINT ( 'NONE',  ( 1.459177946168652419E-15, 0.9999999999999995559, 4.500000000000002665 ) ) ;
#4067 = DIRECTION ( 'NONE',  ( 1.225696218315258576E-16, -1.000000000000000000, 0.0000000000000000000 ) ) ;
#4068 = MECHANICAL_DESIGN_GEOMETRIC_PRESENTATION_REPRESENTATION (  '', ( #2698 ), #2773 ) ;
#4069 = ORIENTED_EDGE ( 'NONE', *, *, #4820, .T. ) ;
#4070 = CARTESIAN_POINT ( 'NONE',  ( 5.019732501002773795, 5.691139007125196159, -0.2386017149486659439 ) ) ;
#4071 = DIRECTION ( 'NONE',  ( -1.225696218315258576E-16, 1.000000000000000000, -0.0000000000000000000 ) ) ;
#4072 = FACE_OUTER_BOUND ( 'NONE', #3768, .T. ) ;
#4073 = FILL_AREA_STYLE ('',( #2231 ) ) ;
#4074 = AXIS2_PLACEMENT_3D ( 'NONE', #4696, #1378, #275 ) ;
#4075 = ORIENTED_EDGE ( 'NONE', *, *, #4652, .T. ) ;
#4076 = CARTESIAN_POINT ( 'NONE',  ( -0.05366025403784832615, 16.50000000000000000, -2.503660254037845867 ) ) ;
#4077 = FILL_AREA_STYLE ('',( #2915 ) ) ;
#4078 =( NAMED_UNIT ( * ) PLANE_ANGLE_UNIT ( ) SI_UNIT ( $, .RADIAN. ) );
#4079 = CARTESIAN_POINT ( 'NONE',  ( 1.541450744646099934E-15, 0.2499999999999996669, 0.0000000000000000000 ) ) ;
#4080 = VECTOR ( 'NONE', #1208, 1000.000000000000000 ) ;
#4081 = ADVANCED_FACE ( 'NONE', ( #4720 ), #2830, .T. ) ;
#4082 = LINE ( 'NONE', #2919, #4546 ) ;
#4083 = CARTESIAN_POINT ( 'NONE',  ( 2.507320508075686849, 16.50000000000000000, -0.05732050807568932205 ) ) ;
#4084 = ADVANCED_FACE ( 'NONE', ( #4349 ), #3594, .T. ) ;
#4085 = EDGE_LOOP ( 'NONE', ( #3078, #531, #556, #4466 ) ) ;
#4086 =( NAMED_UNIT ( * ) SI_UNIT ( $, .STERADIAN. ) SOLID_ANGLE_UNIT ( ) );
#4087 = ORIENTED_EDGE ( 'NONE', *, *, #220, .T. ) ;
#4088 = SURFACE_STYLE_FILL_AREA ( #3281 ) ;
#4089 = EDGE_CURVE ( 'NONE', #1344, #4778, #3284, .T. ) ;
#4090 = SURFACE_STYLE_FILL_AREA ( #185 ) ;
#4091 =( GEOMETRIC_REPRESENTATION_CONTEXT ( 3 ) GLOBAL_UNCERTAINTY_ASSIGNED_CONTEXT ( ( #2996 ) ) GLOBAL_UNIT_ASSIGNED_CONTEXT ( ( #3048, #324, #4498 ) ) REPRESENTATION_CONTEXT ( 'NONE', 'WORKASPACE' ) );
#4092 = ORIENTED_EDGE ( 'NONE', *, *, #3711, .F. ) ;
#4093 = DIRECTION ( 'NONE',  ( -1.000000000000000000, -1.294466716064994525E-16, 0.0000000000000000000 ) ) ;
#4094 = SURFACE_STYLE_FILL_AREA ( #2160 ) ;
#4095 = MECHANICAL_DESIGN_GEOMETRIC_PRESENTATION_REPRESENTATION (  '', ( #2801 ), #4469 ) ;
#4096 = ORIENTED_EDGE ( 'NONE', *, *, #384, .T. ) ;
#4097 = FILL_AREA_STYLE ('',( #2913 ) ) ;
#4098 = SURFACE_STYLE_FILL_AREA ( #4446 ) ;
#4099 = PRESENTATION_STYLE_ASSIGNMENT (( #3017 ) ) ;
#4100 = CARTESIAN_POINT ( 'NONE',  ( -2.498660254037846862, 16.49500000000000099, 0.04866025403784559472 ) ) ;
#4101 = SURFACE_SIDE_STYLE ('',( #3694 ) ) ;
#4102 = COLOUR_RGB ( '',0.7529411764705882248, 0.7529411764705882248, 0.7529411764705882248 ) ;
#4103 = COLOUR_RGB ( '',0.0000000000000000000, 0.0000000000000000000, 0.7529411764705882248 ) ;
#4104 = CARTESIAN_POINT ( 'NONE',  ( -0.05732050807569125106, 16.50000000000000000, 0.05732050807568902367 ) ) ;
#4105 = PRESENTATION_STYLE_ASSIGNMENT (( #1061 ) ) ;
#4106 = ORIENTED_EDGE ( 'NONE', *, *, #1245, .F. ) ;
#4107 =( LENGTH_UNIT ( ) NAMED_UNIT ( * ) SI_UNIT ( .MILLI., .METRE. ) );
#4108 = FILL_AREA_STYLE ('',( #2193 ) ) ;
#4109 = ORIENTED_EDGE ( 'NONE', *, *, #3493, .T. ) ;
#4110 = FILL_AREA_STYLE_COLOUR ( '', #3221 ) ;
#4111 = ORIENTED_EDGE ( 'NONE', *, *, #2971, .F. ) ;
#4112 = CARTESIAN_POINT ( 'NONE',  ( -2.498660254037847306, 16.49500000000000099, -0.04866025403784497022 ) ) ;
#4113 = EDGE_CURVE ( 'NONE', #541, #4697, #901, .T. ) ;
#4114 = ADVANCED_FACE ( 'NONE', ( #1259 ), #1235, .F. ) ;
#4115 = VERTEX_POINT ( 'NONE', #602 ) ;
#4116 = CARTESIAN_POINT ( 'NONE',  ( -2.625758144711554422E-15, 0.4745999999999994112, -4.500000000000002665 ) ) ;
#4117 = CARTESIAN_POINT ( 'NONE',  ( -0.04000000000000226985, 16.50000000000000000, -0.05000000000000044686 ) ) ;
#4118 = CARTESIAN_POINT ( 'NONE',  ( 1.808179302409157003E-15, 2.155866574577305350, -4.878287999999353808 ) ) ;
#4119 = EDGE_LOOP ( 'NONE', ( #2593, #1410, #699, #4703 ) ) ;
#4120 = LINE ( 'NONE', #3838, #3029 ) ;
#4121 =( NAMED_UNIT ( * ) PLANE_ANGLE_UNIT ( ) SI_UNIT ( $, .RADIAN. ) );
#4122 = FACE_BOUND ( 'NONE', #426, .T. ) ;
#4123 = SURFACE_SIDE_STYLE ('',( #296 ) ) ;
#4124 = CARTESIAN_POINT ( 'NONE',  ( 2.407412430484044816E-32, 15.99999999999999645, 5.000000000000000000 ) ) ;
#4125 = DIRECTION ( 'NONE',  ( 1.000000000000000000, 1.225696218315258576E-16, 0.0000000000000000000 ) ) ;
#4126 = ORIENTED_EDGE ( 'NONE', *, *, #3344, .T. ) ;
#4127 = AXIS2_PLACEMENT_3D ( 'NONE', #1337, #4359, #4731 ) ;
#4128 =( GEOMETRIC_REPRESENTATION_CONTEXT ( 3 ) GLOBAL_UNCERTAINTY_ASSIGNED_CONTEXT ( ( #3830 ) ) GLOBAL_UNIT_ASSIGNED_CONTEXT ( ( #257, #1091, #3779 ) ) REPRESENTATION_CONTEXT ( 'NONE', 'WORKASPACE' ) );
#4129 = SURFACE_SIDE_STYLE ('',( #756 ) ) ;
#4130 = AXIS2_PLACEMENT_3D ( 'NONE', #470, #2759, #1954 ) ;
#4131 = DIRECTION ( 'NONE',  ( -1.000000000000000000, -1.225696218315258576E-16, 0.0000000000000000000 ) ) ;
#4132 = AXIS2_PLACEMENT_3D ( 'NONE', #4851, #4511, #3766 ) ;
#4133 = ORIENTED_EDGE ( 'NONE', *, *, #1069, .T. ) ;
#4134 = CARTESIAN_POINT ( 'NONE',  ( -0.05000000000000309058, 16.49000000000000199, -2.507320508075689069 ) ) ;
#4135 = VERTEX_POINT ( 'NONE', #1351 ) ;
#4136 = DIRECTION ( 'NONE',  ( -1.225696218315258576E-16, 1.000000000000000000, -0.0000000000000000000 ) ) ;
#4137 = STYLED_ITEM ( 'NONE', ( #1483 ), #1779 ) ;
#4138 = FILL_AREA_STYLE_COLOUR ( '', #2172 ) ;
#4139 = AXIS2_PLACEMENT_3D ( 'NONE', #2657, #45, #822 ) ;
#4140 =( GEOMETRIC_REPRESENTATION_CONTEXT ( 3 ) GLOBAL_UNCERTAINTY_ASSIGNED_CONTEXT ( ( #4239 ) ) GLOBAL_UNIT_ASSIGNED_CONTEXT ( ( #1665, #3925, #1692 ) ) REPRESENTATION_CONTEXT ( 'NONE', 'WORKASPACE' ) );
#4141 = ORIENTED_EDGE ( 'NONE', *, *, #1210, .F. ) ;
#4142 = EDGE_CURVE ( 'NONE', #3473, #2396, #2536, .T. ) ;
#4143 = AXIS2_PLACEMENT_3D ( 'NONE', #2851, #1637, #1711 ) ;
#4144 = FACE_OUTER_BOUND ( 'NONE', #1475, .T. ) ;
#4145 = EDGE_CURVE ( 'NONE', #4015, #4432, #1369, .T. ) ;
#4146 = CIRCLE ( 'NONE', #1345, 5.000000000000002665 ) ;
#4147 = VERTEX_POINT ( 'NONE', #1400 ) ;
#4148 = DIRECTION ( 'NONE',  ( -1.225696218315258576E-16, 1.000000000000000000, -0.0000000000000000000 ) ) ;
#4149 = FILL_AREA_STYLE_COLOUR ( '', #2672 ) ;
#4150 = UNCERTAINTY_MEASURE_WITH_UNIT (LENGTH_MEASURE( 1.000000000000000082E-05 ), #4823, 'distance_accuracy_value', 'NONE');
#4151 = EDGE_CURVE ( 'NONE', #2499, #3683, #2965, .T. ) ;
#4152 = EDGE_CURVE ( 'NONE', #1783, #4505, #4488, .T. ) ;
#4153 = CARTESIAN_POINT ( 'NONE',  ( -2.490000000000001990, 16.49000000000000199, 0.04000000000000030614 ) ) ;
#4154 =( GEOMETRIC_REPRESENTATION_CONTEXT ( 3 ) GLOBAL_UNCERTAINTY_ASSIGNED_CONTEXT ( ( #2669 ) ) GLOBAL_UNIT_ASSIGNED_CONTEXT ( ( #4770, #2143, #1352 ) ) REPRESENTATION_CONTEXT ( 'NONE', 'WORKASPACE' ) );
#4155 = CARTESIAN_POINT ( 'NONE',  ( -0.04866025403784824538, 16.49500000000000099, -2.498660254037845085 ) ) ;
#4156 = CARTESIAN_POINT ( 'NONE',  ( 0.03999999999999750283, 16.49000000000000199, -0.05000000000000047462 ) ) ;
#4157 = ORIENTED_EDGE ( 'NONE', *, *, #2533, .T. ) ;
#4158 = DIRECTION ( 'NONE',  ( -1.225696218315258576E-16, 1.000000000000000000, -0.0000000000000000000 ) ) ;
#4159 = AXIS2_PLACEMENT_3D ( 'NONE', #490, #1974, #2379 ) ;
#4160 = COLOUR_RGB ( '',0.7529411764705882248, 0.7529411764705882248, 0.7529411764705882248 ) ;
#4161 = SURFACE_STYLE_FILL_AREA ( #1839 ) ;
#4162 = PRESENTATION_LAYER_ASSIGNMENT (  '', '', ( #745 ) ) ;
#4163 = DIRECTION ( 'NONE',  ( -1.225696218315258576E-16, -1.000000000000000000, -0.0000000000000000000 ) ) ;
#4164 = CIRCLE ( 'NONE', #906, 5.025400000000000311 ) ;
#4165 = FILL_AREA_STYLE ('',( #331 ) ) ;
#4166 = ORIENTED_EDGE ( 'NONE', *, *, #2984, .T. ) ;
#4167 = CARTESIAN_POINT ( 'NONE',  ( 8.673617379884035472E-16, 2.520480547234076329, -4.499999999999785949 ) ) ;
#4168 = ORIENTED_EDGE ( 'NONE', *, *, #1747, .F. ) ;
#4169 = DIRECTION ( 'NONE',  ( 0.0000000000000000000, -0.0000000000000000000, -1.000000000000000000 ) ) ;
#4170 = EDGE_LOOP ( 'NONE', ( #3100, #1690, #586, #3383 ) ) ;
#4171 = SURFACE_STYLE_USAGE ( .BOTH. , #2671 ) ;
#4172 = ADVANCED_FACE ( 'NONE', ( #223 ), #3600, .T. ) ;
#4173 = ORIENTED_EDGE ( 'NONE', *, *, #1892, .F. ) ;
#4174 = CARTESIAN_POINT ( 'NONE',  ( -2.498660254037847306, 16.49500000000000099, 0.05000000000000030809 ) ) ;
#4175 = CARTESIAN_POINT ( 'NONE',  ( 1.317456182161878055E-15, 2.173493515775398510, 0.0000000000000000000 ) ) ;
#4176 = CARTESIAN_POINT ( 'NONE',  ( -2.496830127018925705, 16.49183012701892537, 0.04683012701892393104 ) ) ;
#4177 = EDGE_CURVE ( 'NONE', #3503, #1630, #2477, .T. ) ;
#4178 = EDGE_CURVE ( 'NONE', #4329, #336, #195, .T. ) ;
#4179 = SURFACE_SIDE_STYLE ('',( #3021 ) ) ;
#4180 = VERTEX_POINT ( 'NONE', #4835 ) ;
#4181 = SURFACE_STYLE_USAGE ( .BOTH. , #3467 ) ;
#4182 = DIRECTION ( 'NONE',  ( -1.000000000000000000, 0.0000000000000000000, 0.0000000000000000000 ) ) ;
#4183 = DIRECTION ( 'NONE',  ( -1.225696218315258576E-16, 1.000000000000000000, -0.0000000000000000000 ) ) ;
#4184 = ORIENTED_EDGE ( 'NONE', *, *, #2978, .F. ) ;
#4185 = PRESENTATION_STYLE_ASSIGNMENT (( #365 ) ) ;
#4186 = AXIS2_PLACEMENT_3D ( 'NONE', #283, #3254, #4777 ) ;
#4187 =( LENGTH_UNIT ( ) NAMED_UNIT ( * ) SI_UNIT ( .MILLI., .METRE. ) );
#4188 = UNCERTAINTY_MEASURE_WITH_UNIT (LENGTH_MEASURE( 1.000000000000000082E-05 ), #1645, 'distance_accuracy_value', 'NONE');
#4189 = CIRCLE ( 'NONE', #3861, 4.859999999999383924 ) ;
#4190 = ORIENTED_EDGE ( 'NONE', *, *, #1892, .T. ) ;
#4191 =( NAMED_UNIT ( * ) SI_UNIT ( $, .STERADIAN. ) SOLID_ANGLE_UNIT ( ) );
#4192 = CIRCLE ( 'NONE', #2652, 5.025400000000000311 ) ;
#4193 = COLOUR_RGB ( '',0.7529411764705882248, 0.7529411764705882248, 0.7529411764705882248 ) ;
#4194 = VERTEX_POINT ( 'NONE', #4104 ) ;
#4195 = CARTESIAN_POINT ( 'NONE',  ( 2.493660254037841639, 16.49000000000000199, -0.04366025403784563885 ) ) ;
#4196 = SURFACE_STYLE_FILL_AREA ( #2310 ) ;
#4197 = UNCERTAINTY_MEASURE_WITH_UNIT (LENGTH_MEASURE( 1.000000000000000082E-05 ), #1156, 'distance_accuracy_value', 'NONE');
#4198 = SURFACE_STYLE_FILL_AREA ( #768 ) ;
#4199 = FACE_OUTER_BOUND ( 'NONE', #3949, .T. ) ;
#4200 =( NAMED_UNIT ( * ) PLANE_ANGLE_UNIT ( ) SI_UNIT ( $, .RADIAN. ) );
#4201 = ORIENTED_EDGE ( 'NONE', *, *, #500, .F. ) ;
#4202 = DIRECTION ( 'NONE',  ( -1.225696218315258576E-16, 1.000000000000000000, -0.0000000000000000000 ) ) ;
#4203 = CARTESIAN_POINT ( 'NONE',  ( 1.734723475976807094E-15, 1.826506484316722911, -5.219999999998981011 ) ) ;
#4204 = EDGE_CURVE ( 'NONE', #2797, #1165, #3673, .T. ) ;
#4205 = UNCERTAINTY_MEASURE_WITH_UNIT (LENGTH_MEASURE( 1.000000000000000082E-05 ), #328, 'distance_accuracy_value', 'NONE');
#4206 = MECHANICAL_DESIGN_GEOMETRIC_PRESENTATION_REPRESENTATION (  '', ( #4825 ), #947 ) ;
#4207 = DIRECTION ( 'NONE',  ( 1.225696218315258576E-16, -1.000000000000000000, 0.0000000000000000000 ) ) ;
#4208 = CARTESIAN_POINT ( 'NONE',  ( 2.693621919708997717E-15, 1.826506484316722911, -5.219999999998981011 ) ) ;
#4209 = ORIENTED_EDGE ( 'NONE', *, *, #1775, .T. ) ;
#4210 = DIRECTION ( 'NONE',  ( -1.000000000000000000, -1.338521200599557792E-16, 0.0000000000000000000 ) ) ;
#4211 = COLOUR_RGB ( '',0.0000000000000000000, 0.0000000000000000000, 0.7529411764705882248 ) ;
#4212 = STYLED_ITEM ( 'NONE', ( #1695 ), #3860 ) ;
#4213 = AXIS2_PLACEMENT_3D ( 'NONE', #3545, #2019, #1914 ) ;
#4214 = EDGE_LOOP ( 'NONE', ( #2152, #3176, #821, #3845 ) ) ;
#4215 = AXIS2_PLACEMENT_3D ( 'NONE', #2746, #4275, #2371 ) ;
#4216 = AXIS2_PLACEMENT_3D ( 'NONE', #3051, #2262, #4569 ) ;
#4217 = CIRCLE ( 'NONE', #571, 0.5000000000002147171 ) ;
#4218 = VERTEX_POINT ( 'NONE', #1765 ) ;
#4219 = DIRECTION ( 'NONE',  ( 0.0000000000000000000, 0.0000000000000000000, 1.000000000000000000 ) ) ;
#4220 = FILL_AREA_STYLE_COLOUR ( '', #1425 ) ;
#4221 = CARTESIAN_POINT ( 'NONE',  ( 5.023486311751856448, 3.791139007125195803, -0.1386738462787297232 ) ) ;
#4222 = STYLED_ITEM ( 'NONE', ( #1423 ), #1126 ) ;
#4223 = STYLED_ITEM ( 'NONE', ( #965 ), #3485 ) ;
#4224 = DIRECTION ( 'NONE',  ( 1.000000000000000000, -0.0000000000000000000, -0.0000000000000000000 ) ) ;
#4225 = PRESENTATION_STYLE_ASSIGNMENT (( #751 ) ) ;
#4226 = ORIENTED_EDGE ( 'NONE', *, *, #4774, .F. ) ;
#4227 = CARTESIAN_POINT ( 'NONE',  ( 1.274926112935544208E-15, 2.520480547234075885, 0.0000000000000000000 ) ) ;
#4228 = DIRECTION ( 'NONE',  ( -1.225696218315258576E-16, 1.000000000000000000, -0.0000000000000000000 ) ) ;
#4229 =( GEOMETRIC_REPRESENTATION_CONTEXT ( 3 ) GLOBAL_UNCERTAINTY_ASSIGNED_CONTEXT ( ( #459 ) ) GLOBAL_UNIT_ASSIGNED_CONTEXT ( ( #50, #4667, #2714 ) ) REPRESENTATION_CONTEXT ( 'NONE', 'WORKASPACE' ) );
#4230 = ADVANCED_FACE ( 'NONE', ( #3294 ), #4325, .T. ) ;
#4231 = FILL_AREA_STYLE_COLOUR ( '', #3558 ) ;
#4232 = AXIS2_PLACEMENT_3D ( 'NONE', #2430, #3588, #1394 ) ;
#4233 = DIRECTION ( 'NONE',  ( -1.000000000000000000, -1.301042606982605074E-16, 0.0000000000000000000 ) ) ;
#4234 = LINE ( 'NONE', #70, #1976 ) ;
#4235 = ORIENTED_EDGE ( 'NONE', *, *, #3639, .T. ) ;
#4236 = CARTESIAN_POINT ( 'NONE',  ( 5.020290614649572269, 11.29113900712519580, 0.2265553011108394632 ) ) ;
#4237 = CARTESIAN_POINT ( 'NONE',  ( 0.04866025403784277059, 16.49500000000000099, 0.04866025403784522002 ) ) ;
#4238 = COLOUR_RGB ( '',0.7529411764705882248, 0.7529411764705882248, 0.7529411764705882248 ) ;
#4239 = UNCERTAINTY_MEASURE_WITH_UNIT (LENGTH_MEASURE( 1.000000000000000082E-05 ), #1665, 'distance_accuracy_value', 'NONE');
#4240 = EDGE_CURVE ( 'NONE', #3418, #2210, #2880, .T. ) ;
#4241 = UNCERTAINTY_MEASURE_WITH_UNIT (LENGTH_MEASURE( 1.000000000000000082E-05 ), #3811, 'distance_accuracy_value', 'NONE');
#4242 = VERTEX_POINT ( 'NONE', #4155 ) ;
#4243 = EDGE_CURVE ( 'NONE', #2001, #2675, #1541, .T. ) ;
#4244 = CIRCLE ( 'NONE', #3672, 5.025399999999999423 ) ;
#4245 = CARTESIAN_POINT ( 'NONE',  ( 2.500490381056764910, 16.49816987298108018, 0.05049038105676761923 ) ) ;
#4246 = SURFACE_SIDE_STYLE ('',( #2029 ) ) ;
#4247 = CARTESIAN_POINT ( 'NONE',  ( 3.399436091184381750E-16, 16.52539999999999765, 4.500000000000000000 ) ) ;
#4248 = DIRECTION ( 'NONE',  ( 1.225696218315258576E-16, -1.000000000000000000, 0.0000000000000000000 ) ) ;
#4249 = DIRECTION ( 'NONE',  ( -1.225696218315258576E-16, 1.000000000000000000, -0.0000000000000000000 ) ) ;
#4250 = FILL_AREA_STYLE_COLOUR ( '', #2560 ) ;
#4251 = CARTESIAN_POINT ( 'NONE',  ( 7.734020046169138737E-17, 12.29113900712519225, 0.0000000000000000000 ) ) ;
#4252 = DIRECTION ( 'NONE',  ( -1.225696218315258576E-16, 1.000000000000000000, -0.0000000000000000000 ) ) ;
#4253 = UNCERTAINTY_MEASURE_WITH_UNIT (LENGTH_MEASURE( 1.000000000000000082E-05 ), #989, 'distance_accuracy_value', 'NONE');
#4254 = ORIENTED_EDGE ( 'NONE', *, *, #3994, .T. ) ;
#4255 = CARTESIAN_POINT ( 'NONE',  ( 1.510808339188218439E-15, 0.4999999999999996669, 0.0000000000000000000 ) ) ;
#4256 = MECHANICAL_DESIGN_GEOMETRIC_PRESENTATION_REPRESENTATION (  '', ( #3131 ), #4801 ) ;
#4257 = SURFACE_STYLE_USAGE ( .BOTH. , #480 ) ;
#4258 = CARTESIAN_POINT ( 'NONE',  ( -2.500000000000002220, 16.49500000000000099, -0.04866025403784495634 ) ) ;
#4259 = VERTEX_POINT ( 'NONE', #4124 ) ;
#4260 = CARTESIAN_POINT ( 'NONE',  ( 0.05732050807568592199, 16.50000000000000000, -2.507320508075689069 ) ) ;
#4261 = STYLED_ITEM ( 'NONE', ( #2583 ), #3675 ) ;
#4262 = ADVANCED_FACE ( 'NONE', ( #1855 ), #3356, .T. ) ;
#4263 = PRESENTATION_LAYER_ASSIGNMENT (  '', '', ( #1706 ) ) ;
#4264 =( LENGTH_UNIT ( ) NAMED_UNIT ( * ) SI_UNIT ( .MILLI., .METRE. ) );
#4265 = CARTESIAN_POINT ( 'NONE',  ( 0.04366025403784282860, 16.49000000000000554, 0.04366025403784528497 ) ) ;
#4266 = SURFACE_SIDE_STYLE ('',( #1591 ) ) ;
#4267 = AXIS2_PLACEMENT_3D ( 'NONE', #1627, #3913, #3152 ) ;
#4268 = SURFACE_STYLE_FILL_AREA ( #1931 ) ;
#4269 = SURFACE_STYLE_USAGE ( .BOTH. , #4292 ) ;
#4270 = ORIENTED_EDGE ( 'NONE', *, *, #2624, .T. ) ;
#4271 = CARTESIAN_POINT ( 'NONE',  ( -2.500000000000002220, 16.49000000000000199, -0.05732050807568871142 ) ) ;
#4272 = DIRECTION ( 'NONE',  ( -1.225696218315258576E-16, 1.000000000000000000, -0.0000000000000000000 ) ) ;
#4273 = DIRECTION ( 'NONE',  ( -3.061515884555943639E-16, -3.752488442012314369E-32, -1.000000000000000000 ) ) ;
#4274 = ORIENTED_EDGE ( 'NONE', *, *, #3654, .F. ) ;
#4275 = DIRECTION ( 'NONE',  ( -1.225696218315258576E-16, 1.000000000000000000, -0.0000000000000000000 ) ) ;
#4276 = FILL_AREA_STYLE ('',( #2770 ) ) ;
#4277 = UNCERTAINTY_MEASURE_WITH_UNIT (LENGTH_MEASURE( 1.000000000000000082E-05 ), #961, 'distance_accuracy_value', 'NONE');
#4278 = ORIENTED_EDGE ( 'NONE', *, *, #774, .F. ) ;
#4279 = DIRECTION ( 'NONE',  ( -1.000000000000000000, -1.225696218315258576E-16, 0.0000000000000000000 ) ) ;
#4280 = MECHANICAL_DESIGN_GEOMETRIC_PRESENTATION_REPRESENTATION (  '', ( #4518 ), #2512 ) ;
#4281 =( GEOMETRIC_REPRESENTATION_CONTEXT ( 3 ) GLOBAL_UNCERTAINTY_ASSIGNED_CONTEXT ( ( #1528 ) ) GLOBAL_UNIT_ASSIGNED_CONTEXT ( ( #4264, #2056, #3507 ) ) REPRESENTATION_CONTEXT ( 'NONE', 'WORKASPACE' ) );
#4282 = CIRCLE ( 'NONE', #3561, 4.500000000000002665 ) ;
#4283 = ADVANCED_FACE ( 'NONE', ( #4199 ), #4904, .T. ) ;
#4284 = STYLED_ITEM ( 'NONE', ( #2304 ), #2204 ) ;
#4285 = LINE ( 'NONE', #4315, #3918 ) ;
#4286 = EDGE_CURVE ( 'NONE', #2129, #3248, #2786, .T. ) ;
#4287 = COLOUR_RGB ( '',0.0000000000000000000, 0.0000000000000000000, 0.7529411764705882248 ) ;
#4288 = DIRECTION ( 'NONE',  ( -1.000000000000000000, -1.225696218315258576E-16, 0.0000000000000000000 ) ) ;
#4289 = LINE ( 'NONE', #3923, #766 ) ;
#4290 = AXIS2_PLACEMENT_3D ( 'NONE', #2256, #1512, #393 ) ;
#4291 = CARTESIAN_POINT ( 'NONE',  ( 5.023486311751855560, 9.391139007125195448, -0.1386738462787319437 ) ) ;
#4292 = SURFACE_SIDE_STYLE ('',( #2734 ) ) ;
#4293 = EDGE_CURVE ( 'NONE', #1727, #4180, #682, .T. ) ;
#4294 =( NAMED_UNIT ( * ) SI_UNIT ( $, .STERADIAN. ) SOLID_ANGLE_UNIT ( ) );
#4295 = ADVANCED_FACE ( 'NONE', ( #4344 ), #2409, .T. ) ;
#4296 = CARTESIAN_POINT ( 'NONE',  ( 2.561360065401270922E-15, 0.9999999999999995559, -4.500000000000002665 ) ) ;
#4297 = CYLINDRICAL_SURFACE ( 'NONE', #1102, 0.01000000000000002623 ) ;
#4298 = COLOUR_RGB ( '',0.0000000000000000000, 0.0000000000000000000, 0.7529411764705882248 ) ;
#4299 = CARTESIAN_POINT ( 'NONE',  ( -2.693621919708997717E-15, 1.826506484316722911, -5.219999999998981011 ) ) ;
#4300 = CARTESIAN_POINT ( 'NONE',  ( 0.04999999999999753253, 16.50000000000000000, 0.05732050807568900980 ) ) ;
#4301 = CIRCLE ( 'NONE', #2135, 0.09999999999999939493 ) ;
#4302 = SURFACE_STYLE_FILL_AREA ( #1939 ) ;
#4303 = ORIENTED_EDGE ( 'NONE', *, *, #2682, .F. ) ;
#4304 = SURFACE_STYLE_FILL_AREA ( #3124 ) ;
#4305 = STYLED_ITEM ( 'NONE', ( #848 ), #4084 ) ;
#4306 = AXIS2_PLACEMENT_3D ( 'NONE', #213, #2427, #1736 ) ;
#4307 = FILL_AREA_STYLE_COLOUR ( '', #4102 ) ;
#4308 = AXIS2_PLACEMENT_3D ( 'NONE', #1834, #2187, #3787 ) ;
#4309 = ORIENTED_EDGE ( 'NONE', *, *, #1150, .F. ) ;
#4310 = CARTESIAN_POINT ( 'NONE',  ( 2.499999999999997780, 16.49500000000000099, 0.04866025403784509512 ) ) ;
#4311 = ORIENTED_EDGE ( 'NONE', *, *, #3376, .F. ) ;
#4312 = MECHANICAL_DESIGN_GEOMETRIC_PRESENTATION_REPRESENTATION (  '', ( #2782 ), #1128 ) ;
#4313 = PRESENTATION_LAYER_ASSIGNMENT (  '', '', ( #1513 ) ) ;
#4314 = CARTESIAN_POINT ( 'NONE',  ( 1.734723475976807094E-15, 1.826506484316722911, 0.0000000000000000000 ) ) ;
#4315 = CARTESIAN_POINT ( 'NONE',  ( 0.05732050807568744855, 16.50000000000000000, 2.500000000000000000 ) ) ;
#4316 = DIRECTION ( 'NONE',  ( -0.0000000000000000000, -0.0000000000000000000, -1.000000000000000000 ) ) ;
#4317 = DIRECTION ( 'NONE',  ( 0.0000000000000000000, 1.000000000000000000, 0.0000000000000000000 ) ) ;
#4318 = EDGE_CURVE ( 'NONE', #850, #98, #2169, .T. ) ;
#4319 = CARTESIAN_POINT ( 'NONE',  ( 9.231510036652667138E-16, 15.99999999999999645, -5.025400000000000311 ) ) ;
#4320 = FILL_AREA_STYLE ('',( #447 ) ) ;
#4321 = CARTESIAN_POINT ( 'NONE',  ( -2.500000000000002220, 16.49000000000000199, 0.04000000000000030614 ) ) ;
#4322 =( NAMED_UNIT ( * ) PLANE_ANGLE_UNIT ( ) SI_UNIT ( $, .RADIAN. ) );
#4323 = COLOUR_RGB ( '',0.2509803921568627416, 0.2509803921568627416, 0.2509803921568627416 ) ;
#4324 = ADVANCED_FACE ( 'NONE', ( #1276 ), #4623, .T. ) ;
#4325 = TOROIDAL_SURFACE ( 'NONE', #4559, 4.499999999999786837, 0.5000000000002140510 ) ;
#4326 = EDGE_CURVE ( 'NONE', #3610, #1315, #501, .T. ) ;
#4327 = DIRECTION ( 'NONE',  ( -1.225696218315258576E-16, 1.000000000000000000, -0.0000000000000000000 ) ) ;
#4328 = PRESENTATION_STYLE_ASSIGNMENT (( #4425 ) ) ;
#4329 = VERTEX_POINT ( 'NONE', #2856 ) ;
#4330 = VECTOR ( 'NONE', #2806, 1000.000000000000000 ) ;
#4331 = DIRECTION ( 'NONE',  ( -1.000000000000000000, 0.0000000000000000000, 0.0000000000000000000 ) ) ;
#4332 =( LENGTH_UNIT ( ) NAMED_UNIT ( * ) SI_UNIT ( .MILLI., .METRE. ) );
#4333 = PRESENTATION_STYLE_ASSIGNMENT (( #145 ) ) ;
#4334 = ORIENTED_EDGE ( 'NONE', *, *, #1418, .T. ) ;
#4335 = DIRECTION ( 'NONE',  ( -0.0000000000000000000, 1.000000000000000000, -0.0000000000000000000 ) ) ;
#4336 = ORIENTED_EDGE ( 'NONE', *, *, #998, .F. ) ;
#4337 = ORIENTED_EDGE ( 'NONE', *, *, #2214, .T. ) ;
#4338 = CARTESIAN_POINT ( 'NONE',  ( -4.500000000000000888, 0.9999999999999988898, 0.0000000000000000000 ) ) ;
#4339 =( NAMED_UNIT ( * ) SI_UNIT ( $, .STERADIAN. ) SOLID_ANGLE_UNIT ( ) );
#4340 = DIRECTION ( 'NONE',  ( -1.225696218315258576E-16, 1.000000000000000000, -0.0000000000000000000 ) ) ;
#4341 = TOROIDAL_SURFACE ( 'NONE', #127, 4.500000000000002665, 0.5000000000000002220 ) ;
#4342 = FACE_OUTER_BOUND ( 'NONE', #3793, .T. ) ;
#4343 = APPLICATION_PROTOCOL_DEFINITION ( 'draft international standard', 'automotive_design', 1998, #504 ) ;
#4344 = FACE_OUTER_BOUND ( 'NONE', #1363, .T. ) ;
#4345 = ORIENTED_EDGE ( 'NONE', *, *, #3741, .F. ) ;
#4346 = STYLED_ITEM ( 'NONE', ( #2263 ), #3190 ) ;
#4347 = DIRECTION ( 'NONE',  ( -1.225696218315258576E-16, 1.000000000000000000, -0.0000000000000000000 ) ) ;
#4348 = EDGE_CURVE ( 'NONE', #3166, #2485, #897, .T. ) ;
#4349 = FACE_OUTER_BOUND ( 'NONE', #289, .T. ) ;
#4350 = DIRECTION ( 'NONE',  ( -1.225696218315258576E-16, 1.000000000000000000, -0.0000000000000000000 ) ) ;
#4351 = ORIENTED_EDGE ( 'NONE', *, *, #2598, .F. ) ;
#4352 = EDGE_CURVE ( 'NONE', #4194, #3534, #4027, .T. ) ;
#4353 = CARTESIAN_POINT ( 'NONE',  ( 1.461290838612216542E-15, 0.9999999999999991118, 0.0000000000000000000 ) ) ;
#4354 = CARTESIAN_POINT ( 'NONE',  ( 2.500000000000000000, 0.5000000000000000000, -0.002153792457473946171 ) ) ;
#4355 = VERTEX_POINT ( 'NONE', #3667 ) ;
#4356 = CARTESIAN_POINT ( 'NONE',  ( -4.385382997764345347E-16, 16.50000000000000000, 0.0000000000000000000 ) ) ;
#4357 = EDGE_LOOP ( 'NONE', ( #1050, #4096, #3800, #736 ) ) ;
#4358 = FACE_OUTER_BOUND ( 'NONE', #4357, .T. ) ;
#4359 = DIRECTION ( 'NONE',  ( -1.225696218315258576E-16, 1.000000000000000000, -0.0000000000000000000 ) ) ;
#4360 = CARTESIAN_POINT ( 'NONE',  ( 0.04866025403784209752, 16.49500000000000099, -2.498660254037845085 ) ) ;
#4361 =( GEOMETRIC_REPRESENTATION_CONTEXT ( 3 ) GLOBAL_UNCERTAINTY_ASSIGNED_CONTEXT ( ( #3035 ) ) GLOBAL_UNIT_ASSIGNED_CONTEXT ( ( #2151, #3203, #4726 ) ) REPRESENTATION_CONTEXT ( 'NONE', 'WORKASPACE' ) );
#4362 =( NAMED_UNIT ( * ) PLANE_ANGLE_UNIT ( ) SI_UNIT ( $, .RADIAN. ) );
#4363 = AXIS2_PLACEMENT_3D ( 'NONE', #3375, #2631, #2609 ) ;
#4364 = STYLED_ITEM ( 'NONE', ( #1804 ), #1502 ) ;
#4365 = PRESENTATION_LAYER_ASSIGNMENT (  '', '', ( #1177 ) ) ;
#4366 = ORIENTED_EDGE ( 'NONE', *, *, #505, .F. ) ;
#4367 = DIRECTION ( 'NONE',  ( -1.000000000000000000, -1.225696218315258576E-16, 1.221441296278566376E-16 ) ) ;
#4368 = DIRECTION ( 'NONE',  ( 1.000000000000000000, -0.0000000000000000000, -0.0000000000000000000 ) ) ;
#4369 = DIRECTION ( 'NONE',  ( -1.225696218315258576E-16, -1.000000000000000000, -0.0000000000000000000 ) ) ;
#4370 =( NAMED_UNIT ( * ) PLANE_ANGLE_UNIT ( ) SI_UNIT ( $, .RADIAN. ) );
#4371 = FILL_AREA_STYLE ('',( #577 ) ) ;
#4372 =( GEOMETRIC_REPRESENTATION_CONTEXT ( 3 ) GLOBAL_UNCERTAINTY_ASSIGNED_CONTEXT ( ( #53 ) ) GLOBAL_UNIT_ASSIGNED_CONTEXT ( ( #1550, #2769, #903 ) ) REPRESENTATION_CONTEXT ( 'NONE', 'WORKASPACE' ) );
#4373 = SURFACE_STYLE_FILL_AREA ( #3317 ) ;
#4374 = AXIS2_PLACEMENT_3D ( 'NONE', #3465, #43, #3820 ) ;
#4375 = DIRECTION ( 'NONE',  ( 1.000000000000000000, -0.0000000000000000000, -0.0000000000000000000 ) ) ;
#4376 = MECHANICAL_DESIGN_GEOMETRIC_PRESENTATION_REPRESENTATION (  '', ( #731 ), #82 ) ;
#4377 = DIRECTION ( 'NONE',  ( -1.836970198721034371E-16, -3.655127425149647273E-15, -1.000000000000000000 ) ) ;
#4378 = AXIS2_PLACEMENT_3D ( 'NONE', #85, #3066, #443 ) ;
#4379 = EDGE_LOOP ( 'NONE', ( #3058, #3358, #3786, #746 ) ) ;
#4380 = PRESENTATION_STYLE_ASSIGNMENT (( #549 ) ) ;
#4381 = DIRECTION ( 'NONE',  ( -1.000000000000000000, -1.225696218315258576E-16, 0.0000000000000000000 ) ) ;
#4382 =( NAMED_UNIT ( * ) PLANE_ANGLE_UNIT ( ) SI_UNIT ( $, .RADIAN. ) );
#4383 = EDGE_CURVE ( 'NONE', #4259, #1328, #2457, .T. ) ;
#4384 = CARTESIAN_POINT ( 'NONE',  ( 5.023804620177152458, 9.391139007125195448, 0.1266187122296502099 ) ) ;
#4385 = ORIENTED_EDGE ( 'NONE', *, *, #1246, .F. ) ;
#4386 = VERTEX_POINT ( 'NONE', #268 ) ;
#4387 = CARTESIAN_POINT ( 'NONE',  ( -2.498660254037846862, 16.49500000000000099, 0.04866025403784559472 ) ) ;
#4388 = EDGE_CURVE ( 'NONE', #3939, #2158, #573, .T. ) ;
#4389 = CIRCLE ( 'NONE', #1745, 0.5000000000002138290 ) ;
#4390 = EDGE_CURVE ( 'NONE', #3534, #563, #3245, .T. ) ;
#4391 = CARTESIAN_POINT ( 'NONE',  ( 0.0000000000000000000, 16.00000000000000000, -4.500000000000000000 ) ) ;
#4392 = PRESENTATION_LAYER_ASSIGNMENT (  '', '', ( #1828 ) ) ;
#4393 = STYLED_ITEM ( 'NONE', ( #4105 ), #2726 ) ;
#4394 = AXIS2_PLACEMENT_3D ( 'NONE', #3685, #4071, #4233 ) ;
#4395 = LINE ( 'NONE', #3236, #488 ) ;
#4396 = MECHANICAL_DESIGN_GEOMETRIC_PRESENTATION_REPRESENTATION (  '', ( #1513 ), #2312 ) ;
#4397 = EDGE_LOOP ( 'NONE', ( #830, #3997, #4845, #3576 ) ) ;
#4398 = CARTESIAN_POINT ( 'NONE',  ( -0.04683012701892651924, 16.49183012701892181, -2.496830127018923928 ) ) ;
#4399 = PRESENTATION_STYLE_ASSIGNMENT (( #1715 ) ) ;
#4400 =( LENGTH_UNIT ( ) NAMED_UNIT ( * ) SI_UNIT ( .MILLI., .METRE. ) );
#4401 =( LENGTH_UNIT ( ) NAMED_UNIT ( * ) SI_UNIT ( .MILLI., .METRE. ) );
#4402 =( LENGTH_UNIT ( ) NAMED_UNIT ( * ) SI_UNIT ( .MILLI., .METRE. ) );
#4403 = VERTEX_POINT ( 'NONE', #2063 ) ;
#4404 = AXIS2_PLACEMENT_3D ( 'NONE', #844, #2035, #138 ) ;
#4405 = SURFACE_STYLE_USAGE ( .BOTH. , #4840 ) ;
#4406 = ORIENTED_EDGE ( 'NONE', *, *, #1034, .T. ) ;
#4407 = CARTESIAN_POINT ( 'NONE',  ( -2.658547406665810608E-16, 15.09113900712519296, 0.0000000000000000000 ) ) ;
#4408 = ORIENTED_EDGE ( 'NONE', *, *, #3797, .F. ) ;
#4409 = SURFACE_STYLE_USAGE ( .BOTH. , #1047 ) ;
#4410 = DIRECTION ( 'NONE',  ( 1.225696218315258576E-16, 1.000000000000000000, 0.0000000000000000000 ) ) ;
#4411 = CYLINDRICAL_SURFACE ( 'NONE', #3758, 5.000000000000001776 ) ;
#4412 = SURFACE_SIDE_STYLE ('',( #4783 ) ) ;
#4413 = AXIS2_PLACEMENT_3D ( 'NONE', #3334, #2590, #935 ) ;
#4414 = EDGE_CURVE ( 'NONE', #923, #4242, #396, .T. ) ;
#4415 =( NAMED_UNIT ( * ) SI_UNIT ( $, .STERADIAN. ) SOLID_ANGLE_UNIT ( ) );
#4416 = ORIENTED_EDGE ( 'NONE', *, *, #180, .T. ) ;
#4417 = FILL_AREA_STYLE_COLOUR ( '', #4000 ) ;
#4418 = TOROIDAL_SURFACE ( 'NONE', #847, 4.500000000000002665, 0.5254000000000002002 ) ;
#4419 = CARTESIAN_POINT ( 'NONE',  ( 2.007754434547895261, 0.2499999999999998890, -0.9793389622510592085 ) ) ;
#4420 =( NAMED_UNIT ( * ) PLANE_ANGLE_UNIT ( ) SI_UNIT ( $, .RADIAN. ) );
#4421 = CARTESIAN_POINT ( 'NONE',  ( 0.04999999999999844152, 16.50000000000000000, 2.490000000000000213 ) ) ;
#4422 = PRESENTATION_LAYER_ASSIGNMENT (  '', '', ( #2732 ) ) ;
#4423 = CARTESIAN_POINT ( 'NONE',  ( 9.120523347314339547E-16, 2.155866574577307127, 0.0000000000000000000 ) ) ;
#4424 = SURFACE_SIDE_STYLE ('',( #3247 ) ) ;
#4425 = SURFACE_STYLE_USAGE ( .BOTH. , #2792 ) ;
#4426 = ORIENTED_EDGE ( 'NONE', *, *, #2808, .F. ) ;
#4427 = CARTESIAN_POINT ( 'NONE',  ( 2.507320508075686849, 16.50000000000000000, 0.04999999999999969746 ) ) ;
#4428 = SURFACE_SIDE_STYLE ('',( #1357 ) ) ;
#4429 = LINE ( 'NONE', #948, #1101 ) ;
#4430 = ORIENTED_EDGE ( 'NONE', *, *, #4628, .T. ) ;
#4431 = CARTESIAN_POINT ( 'NONE',  ( 2.657874479642073611E-15, 1.132532421399370604, -5.025400000000001199 ) ) ;
#4432 = VERTEX_POINT ( 'NONE', #986 ) ;
#4433 = CARTESIAN_POINT ( 'NONE',  ( -1.415090661399410417E-15, 1.826506484316722911, 5.219999999998981011 ) ) ;
#4434 =( BOUNDED_CURVE ( )  B_SPLINE_CURVE ( 3, ( #1680, #4195, #4610, #1197 ),
 .UNSPECIFIED., .F., .T. ) 
 B_SPLINE_CURVE_WITH_KNOTS ( ( 4, 4 ),
 ( 4.712388980384710990, 5.759586531581498470 ),
 .UNSPECIFIED. ) 
 CURVE ( )  GEOMETRIC_REPRESENTATION_ITEM ( )  RATIONAL_B_SPLINE_CURVE ( ( 1.000000000000000000, 0.9106836025229274600, 0.9106836025229274600, 1.000000000000000000 ) ) 
 REPRESENTATION_ITEM ( '' )  );
#4435 = ORIENTED_EDGE ( 'NONE', *, *, #4681, .F. ) ;
#4436 = FACE_OUTER_BOUND ( 'NONE', #307, .T. ) ;
#4437 = DIRECTION ( 'NONE',  ( -1.225696218315258576E-16, 1.000000000000000000, -0.0000000000000000000 ) ) ;
#4438 = DIRECTION ( 'NONE',  ( -1.000000000000000000, -1.225696218315258576E-16, 1.221441296278566376E-16 ) ) ;
#4439 = SURFACE_SIDE_STYLE ('',( #1414 ) ) ;
#4440 = EDGE_CURVE ( 'NONE', #4459, #2868, #4545, .T. ) ;
#4441 =( NAMED_UNIT ( * ) SI_UNIT ( $, .STERADIAN. ) SOLID_ANGLE_UNIT ( ) );
#4442 = ORIENTED_EDGE ( 'NONE', *, *, #1634, .F. ) ;
#4443 = CARTESIAN_POINT ( 'NONE',  ( -2.500000000000000000, -3.740813662564058450, 0.2978462075425261091 ) ) ;
#4444 = SURFACE_STYLE_FILL_AREA ( #1395 ) ;
#4445 = CIRCLE ( 'NONE', #2924, 5.025400000000000311 ) ;
#4446 = FILL_AREA_STYLE ('',( #315 ) ) ;
#4447 = FACE_OUTER_BOUND ( 'NONE', #3466, .T. ) ;
#4448 = CARTESIAN_POINT ( 'NONE',  ( 1.106925023846508387E-15, 3.891139007125192784, 0.0000000000000000000 ) ) ;
#4449 = VECTOR ( 'NONE', #1224, 1000.000000000000000 ) ;
#4450 =( GEOMETRIC_REPRESENTATION_CONTEXT ( 3 ) GLOBAL_UNCERTAINTY_ASSIGNED_CONTEXT ( ( #167 ) ) GLOBAL_UNIT_ASSIGNED_CONTEXT ( ( #3244, #942, #2069 ) ) REPRESENTATION_CONTEXT ( 'NONE', 'WORKASPACE' ) );
#4451 = EDGE_CURVE ( 'NONE', #2276, #4432, #4805, .T. ) ;
#4452 = DIRECTION ( 'NONE',  ( -1.225696218315258576E-16, 1.000000000000000000, -0.0000000000000000000 ) ) ;
#4453 = ORIENTED_EDGE ( 'NONE', *, *, #1482, .T. ) ;
#4454 = FILL_AREA_STYLE ('',( #1041 ) ) ;
#4455 = COLOUR_RGB ( '',0.7529411764705882248, 0.7529411764705882248, 0.7529411764705882248 ) ;
#4456 = STYLED_ITEM ( 'NONE', ( #1203 ), #259 ) ;
#4457 =( NAMED_UNIT ( * ) PLANE_ANGLE_UNIT ( ) SI_UNIT ( $, .RADIAN. ) );
#4458 = DIRECTION ( 'NONE',  ( 1.000000000000000000, 0.0000000000000000000, 0.0000000000000000000 ) ) ;
#4459 = VERTEX_POINT ( 'NONE', #4443 ) ;
#4460 = FILL_AREA_STYLE_COLOUR ( '', #770 ) ;
#4461 = ORIENTED_EDGE ( 'NONE', *, *, #2881, .T. ) ;
#4462 = DIRECTION ( 'NONE',  ( 1.225696218315259316E-16, -1.000000000000000000, 1.650859798226880898E-15 ) ) ;
#4463 = CIRCLE ( 'NONE', #2291, 4.500000000000002665 ) ;
#4464 =( NAMED_UNIT ( * ) SI_UNIT ( $, .STERADIAN. ) SOLID_ANGLE_UNIT ( ) );
#4465 = AXIS2_PLACEMENT_3D ( 'NONE', #4421, #1399, #1426 ) ;
#4466 = ORIENTED_EDGE ( 'NONE', *, *, #3648, .T. ) ;
#4467 = DIRECTION ( 'NONE',  ( 0.0000000000000000000, 1.000000000000000000, 0.0000000000000000000 ) ) ;
#4468 = MECHANICAL_DESIGN_GEOMETRIC_PRESENTATION_REPRESENTATION (  '', ( #2701 ), #4154 ) ;
#4469 =( GEOMETRIC_REPRESENTATION_CONTEXT ( 3 ) GLOBAL_UNCERTAINTY_ASSIGNED_CONTEXT ( ( #420 ) ) GLOBAL_UNIT_ASSIGNED_CONTEXT ( ( #841, #3924, #496 ) ) REPRESENTATION_CONTEXT ( 'NONE', 'WORKASPACE' ) );
#4470 = AXIS2_PLACEMENT_3D ( 'NONE', #2297, #2695, #3469 ) ;
#4471 = EDGE_CURVE ( 'NONE', #4459, #992, #1739, .T. ) ;
#4472 = DIRECTION ( 'NONE',  ( -1.225696218315258576E-16, 1.000000000000000000, -0.0000000000000000000 ) ) ;
#4473 = PRESENTATION_STYLE_ASSIGNMENT (( #1538 ) ) ;
#4474 = TOROIDAL_SURFACE ( 'NONE', #2308, 5.219999999998981011, 0.5000000000002142730 ) ;
#4475 = AXIS2_PLACEMENT_3D ( 'NONE', #215, #1712, #2527 ) ;
#4476 = DIRECTION ( 'NONE',  ( 1.000000000000000000, 0.0000000000000000000, 0.0000000000000000000 ) ) ;
#4477 = EDGE_LOOP ( 'NONE', ( #681, #1934, #1477, #4334 ) ) ;
#4478 = EDGE_CURVE ( 'NONE', #4242, #1598, #1741, .T. ) ;
#4479 = DIRECTION ( 'NONE',  ( -1.225696218315258576E-16, 1.000000000000000000, -0.0000000000000000000 ) ) ;
#4480 =( NAMED_UNIT ( * ) PLANE_ANGLE_UNIT ( ) SI_UNIT ( $, .RADIAN. ) );
#4481 = DIRECTION ( 'NONE',  ( -1.225696218315258576E-16, 1.000000000000000000, -0.0000000000000000000 ) ) ;
#4482 = CARTESIAN_POINT ( 'NONE',  ( 1.734723475976807094E-15, 1.479519452858046424, 4.859999999999383924 ) ) ;
#4483 = ORIENTED_EDGE ( 'NONE', *, *, #1174, .T. ) ;
#4484 = DIRECTION ( 'NONE',  ( -1.000000000000000000, -1.225696218315258576E-16, 0.0000000000000000000 ) ) ;
#4485 = VERTEX_POINT ( 'NONE', #217 ) ;
#4486 = CARTESIAN_POINT ( 'NONE',  ( 5.019732501002773795, 3.891139007125193228, -0.2386017149486659439 ) ) ;
#4487 = STYLED_ITEM ( 'NONE', ( #2109 ), #3828 ) ;
#4488 = CIRCLE ( 'NONE', #2717, 0.5254000000002139181 ) ;
#4489 = VERTEX_POINT ( 'NONE', #670 ) ;
#4490 = DIRECTION ( 'NONE',  ( -1.000000000000000000, 0.0000000000000000000, 0.0000000000000000000 ) ) ;
#4491 = CARTESIAN_POINT ( 'NONE',  ( 0.0000000000000000000, 16.50000000000000000, 4.500000000000000000 ) ) ;
#4492 =( BOUNDED_CURVE ( )  B_SPLINE_CURVE ( 3, ( #1995, #3518, #2540, #4793 ),
 .UNSPECIFIED., .F., .F. ) 
 B_SPLINE_CURVE_WITH_KNOTS ( ( 4, 4 ),
 ( 4.712388980384689674, 5.759586531581497582 ),
 .UNSPECIFIED. ) 
 CURVE ( )  GEOMETRIC_REPRESENTATION_ITEM ( )  RATIONAL_B_SPLINE_CURVE ( ( 1.000000000000000000, 0.9106836025229239073, 0.9106836025229239073, 1.000000000000000000 ) ) 
 REPRESENTATION_ITEM ( '' )  );
#4493 = ORIENTED_EDGE ( 'NONE', *, *, #4799, .T. ) ;
#4494 = CARTESIAN_POINT ( 'NONE',  ( -2.500000000000002220, 16.49000000000000199, -0.03999999999999969552 ) ) ;
#4495 = CARTESIAN_POINT ( 'NONE',  ( 0.0000000000000000000, 12.92212896455523818, 0.0000000000000000000 ) ) ;
#4496 = STYLED_ITEM ( 'NONE', ( #1653 ), #3039 ) ;
#4497 = AXIS2_PLACEMENT_3D ( 'NONE', #4794, #2148, #4381 ) ;
#4498 =( NAMED_UNIT ( * ) SI_UNIT ( $, .STERADIAN. ) SOLID_ANGLE_UNIT ( ) );
#4499 = ORIENTED_EDGE ( 'NONE', *, *, #3741, .T. ) ;
#4500 = CARTESIAN_POINT ( 'NONE',  ( 2.500000000000000000, -3.740813662564058006, 0.2978462075425261091 ) ) ;
#4501 = AXIS2_PLACEMENT_3D ( 'NONE', #4167, #683, #1438 ) ;
#4502 = CARTESIAN_POINT ( 'NONE',  ( 5.023486311751855560, 12.19113900712519616, -0.1386738462787319437 ) ) ;
#4503 = EDGE_CURVE ( 'NONE', #3418, #1913, #3266, .T. ) ;
#4504 = CARTESIAN_POINT ( 'NONE',  ( 8.673617379884035472E-16, 2.520480547234076329, 0.0000000000000000000 ) ) ;
#4505 = VERTEX_POINT ( 'NONE', #1714 ) ;
#4506 = ORIENTED_EDGE ( 'NONE', *, *, #1174, .F. ) ;
#4507 = CYLINDRICAL_SURFACE ( 'NONE', #639, 0.9999999999997974953 ) ;
#4508 = CARTESIAN_POINT ( 'NONE',  ( -2.500000000000000000, -3.740813662564058450, -0.002153792457473946171 ) ) ;
#4509 = EDGE_LOOP ( 'NONE', ( #64, #2836, #3008, #3833 ) ) ;
#4510 = ADVANCED_FACE ( 'NONE', ( #1371 ), #2883, .T. ) ;
#4511 = DIRECTION ( 'NONE',  ( -1.225696218315258576E-16, 1.000000000000000000, -0.0000000000000000000 ) ) ;
#4512 = CARTESIAN_POINT ( 'NONE',  ( 6.133433455055266336E-16, 2.155866574577305350, 4.878287999999353808 ) ) ;
#4513 = CARTESIAN_POINT ( 'NONE',  ( 2.384441842277483058E-15, 0.9999999999999991118, -5.025400000000002088 ) ) ;
#4514 = VERTEX_POINT ( 'NONE', #2578 ) ;
#4515 =( NAMED_UNIT ( * ) SI_UNIT ( $, .STERADIAN. ) SOLID_ANGLE_UNIT ( ) );
#4516 = FACE_BOUND ( 'NONE', #4509, .T. ) ;
#4517 = CARTESIAN_POINT ( 'NONE',  ( 1.541450744646099934E-15, 0.2499999999999996669, 0.0000000000000000000 ) ) ;
#4518 = STYLED_ITEM ( 'NONE', ( #3928 ), #1059 ) ;
#4519 = FILL_AREA_STYLE_COLOUR ( '', #2555 ) ;
#4520 = CYLINDRICAL_SURFACE ( 'NONE', #509, 0.009999999999999592548 ) ;
#4521 = VERTEX_POINT ( 'NONE', #2211 ) ;
#4522 = SURFACE_STYLE_FILL_AREA ( #3024 ) ;
#4523 = DIRECTION ( 'NONE',  ( -1.225696218315258576E-16, 1.000000000000000000, -0.0000000000000000000 ) ) ;
#4524 = CIRCLE ( 'NONE', #2275, 0.5000000000000004441 ) ;
#4525 = FILL_AREA_STYLE ('',( #2635 ) ) ;
#4526 = MECHANICAL_DESIGN_GEOMETRIC_PRESENTATION_REPRESENTATION (  '', ( #2281 ), #1731 ) ;
#4527 = ORIENTED_EDGE ( 'NONE', *, *, #4541, .T. ) ;
#4528 = MECHANICAL_DESIGN_GEOMETRIC_PRESENTATION_REPRESENTATION (  '', ( #3249 ), #1879 ) ;
#4529 = CARTESIAN_POINT ( 'NONE',  ( 1.317456182161878055E-15, 2.173493515775398510, 0.0000000000000000000 ) ) ;
#4530 = ORIENTED_EDGE ( 'NONE', *, *, #4243, .F. ) ;
#4531 = CARTESIAN_POINT ( 'NONE',  ( -2.503660254037847643, 16.50000000000000000, -0.05366025403784493303 ) ) ;
#4532 = AXIS2_PLACEMENT_3D ( 'NONE', #2790, #4327, #4009 ) ;
#4533 = EDGE_CURVE ( 'NONE', #548, #563, #3392, .T. ) ;
#4534 = SURFACE_STYLE_USAGE ( .BOTH. , #1891 ) ;
#4535 = STYLED_ITEM ( 'NONE', ( #2359 ), #1037 ) ;
#4536 = AXIS2_PLACEMENT_3D ( 'NONE', #3589, #574, #2410 ) ;
#4537 = ORIENTED_EDGE ( 'NONE', *, *, #831, .T. ) ;
#4538 =( LENGTH_UNIT ( ) NAMED_UNIT ( * ) SI_UNIT ( .MILLI., .METRE. ) );
#4539 = MECHANICAL_DESIGN_GEOMETRIC_PRESENTATION_REPRESENTATION (  '', ( #4222 ), #2294 ) ;
#4540 = EDGE_CURVE ( 'NONE', #4218, #3602, #3438, .T. ) ;
#4541 = EDGE_CURVE ( 'NONE', #2175, #1517, #1900, .T. ) ;
#4542 = FACE_OUTER_BOUND ( 'NONE', #457, .T. ) ;
#4543 = EDGE_LOOP ( 'NONE', ( #37, #2793, #2538, #702 ) ) ;
#4544 = STYLED_ITEM ( 'NONE', ( #3840 ), #1155 ) ;
#4545 = CIRCLE ( 'NONE', #4232, 0.2999999999999999334 ) ;
#4546 = VECTOR ( 'NONE', #2171, 1000.000000000000000 ) ;
#4547 = SURFACE_STYLE_USAGE ( .BOTH. , #4179 ) ;
#4548 = CARTESIAN_POINT ( 'NONE',  ( 0.05366025403784221298, 16.50000000000000000, -2.503660254037845867 ) ) ;
#4549 = ORIENTED_EDGE ( 'NONE', *, *, #288, .F. ) ;
#4550 = SURFACE_SIDE_STYLE ('',( #1497 ) ) ;
#4551 = MECHANICAL_DESIGN_GEOMETRIC_PRESENTATION_REPRESENTATION (  '', ( #4862 ), #2461 ) ;
#4552 = CYLINDRICAL_SURFACE ( 'NONE', #2959, 5.000000000000001776 ) ;
#4553 =( GEOMETRIC_REPRESENTATION_CONTEXT ( 3 ) GLOBAL_UNCERTAINTY_ASSIGNED_CONTEXT ( ( #4644 ) ) GLOBAL_UNIT_ASSIGNED_CONTEXT ( ( #1178, #1909, #2660 ) ) REPRESENTATION_CONTEXT ( 'NONE', 'WORKASPACE' ) );
#4554 = ORIENTED_EDGE ( 'NONE', *, *, #1950, .F. ) ;
#4555 = CARTESIAN_POINT ( 'NONE',  ( -2.500490381056770683, 16.49816987298108018, -0.05049038105676752208 ) ) ;
#4556 = CARTESIAN_POINT ( 'NONE',  ( 1.459177946168665633E-15, 1.132532421399369937, 4.499999999999786837 ) ) ;
#4557 = VERTEX_POINT ( 'NONE', #2277 ) ;
#4558 = CIRCLE ( 'NONE', #2163, 5.025400000000000311 ) ;
#4559 = AXIS2_PLACEMENT_3D ( 'NONE', #1495, #1108, #424 ) ;
#4560 = FILL_AREA_STYLE_COLOUR ( '', #3727 ) ;
#4561 = ORIENTED_EDGE ( 'NONE', *, *, #3257, .F. ) ;
#4562 = FILL_AREA_STYLE_COLOUR ( '', #2226 ) ;
#4563 = FACE_OUTER_BOUND ( 'NONE', #4119, .T. ) ;
#4564 = EDGE_CURVE ( 'NONE', #178, #528, #2146, .T. ) ;
#4565 = SURFACE_SIDE_STYLE ('',( #4880 ) ) ;
#4566 = DIRECTION ( 'NONE',  ( -1.000000000000000000, 0.0000000000000000000, 0.0000000000000000000 ) ) ;
#4567 = DIRECTION ( 'NONE',  ( -1.225696218315258576E-16, 1.000000000000000000, -0.0000000000000000000 ) ) ;
#4568 = ORIENTED_EDGE ( 'NONE', *, *, #2293, .F. ) ;
#4569 = DIRECTION ( 'NONE',  ( 1.000000000000000000, 1.225696218315258576E-16, 0.0000000000000000000 ) ) ;
#4570 = AXIS2_PLACEMENT_3D ( 'NONE', #3484, #493, #3136 ) ;
#4571 =( NAMED_UNIT ( * ) SI_UNIT ( $, .STERADIAN. ) SOLID_ANGLE_UNIT ( ) );
#4572 = CARTESIAN_POINT ( 'NONE',  ( 2.489999999999997993, 16.49000000000000199, 0.03999999999999969552 ) ) ;
#4573 = CYLINDRICAL_SURFACE ( 'NONE', #2452, 5.000000000000001776 ) ;
#4574 = ORIENTED_EDGE ( 'NONE', *, *, #4651, .F. ) ;
#4575 = DIRECTION ( 'NONE',  ( -1.000000000000000000, -1.225696218315258576E-16, 0.0000000000000000000 ) ) ;
#4576 = CARTESIAN_POINT ( 'NONE',  ( 1.734723475976807094E-15, 1.132532421399370604, 0.0000000000000000000 ) ) ;
#4577 = UNCERTAINTY_MEASURE_WITH_UNIT (LENGTH_MEASURE( 1.000000000000000082E-05 ), #3869, 'distance_accuracy_value', 'NONE');
#4578 = UNCERTAINTY_MEASURE_WITH_UNIT (LENGTH_MEASURE( 1.000000000000000082E-05 ), #1096, 'distance_accuracy_value', 'NONE');
#4579 = EDGE_LOOP ( 'NONE', ( #3265, #371, #2048, #1681 ) ) ;
#4580 =( NAMED_UNIT ( * ) SI_UNIT ( $, .STERADIAN. ) SOLID_ANGLE_UNIT ( ) );
#4581 = AXIS2_PLACEMENT_3D ( 'NONE', #4203, #3000, #47 ) ;
#4582 = FILL_AREA_STYLE ('',( #4560 ) ) ;
#4583 = ORIENTED_EDGE ( 'NONE', *, *, #748, .F. ) ;
#4584 = SURFACE_STYLE_USAGE ( .BOTH. , #785 ) ;
#4585 = CARTESIAN_POINT ( 'NONE',  ( 0.04683012701892116242, 16.49183012701892537, 0.04683012701892360491 ) ) ;
#4586 = UNCERTAINTY_MEASURE_WITH_UNIT (LENGTH_MEASURE( 1.000000000000000082E-05 ), #187, 'distance_accuracy_value', 'NONE');
#4587 = EDGE_CURVE ( 'NONE', #1713, #1116, #3813, .T. ) ;
#4588 = PRESENTATION_STYLE_ASSIGNMENT (( #2683 ) ) ;
#4589 = FILL_AREA_STYLE_COLOUR ( '', #1576 ) ;
#4590 = VERTEX_POINT ( 'NONE', #1534 ) ;
#4591 =( NAMED_UNIT ( * ) SI_UNIT ( $, .STERADIAN. ) SOLID_ANGLE_UNIT ( ) );
#4592 = SURFACE_STYLE_USAGE ( .BOTH. , #4887 ) ;
#4593 = EDGE_CURVE ( 'NONE', #4115, #1333, #1896, .T. ) ;
#4594 = DIRECTION ( 'NONE',  ( -1.225696218315258576E-16, 1.000000000000000000, -0.0000000000000000000 ) ) ;
#4595 = EDGE_CURVE ( 'NONE', #2745, #3656, #1809, .T. ) ;
#4596 = UNCERTAINTY_MEASURE_WITH_UNIT (LENGTH_MEASURE( 1.000000000000000082E-05 ), #2887, 'distance_accuracy_value', 'NONE');
#4597 = FACE_OUTER_BOUND ( 'NONE', #1184, .T. ) ;
#4598 = COLOUR_RGB ( '',0.0000000000000000000, 0.0000000000000000000, 0.7529411764705882248 ) ;
#4599 = CARTESIAN_POINT ( 'NONE',  ( 0.0000000000000000000, 12.92212896455523818, 0.0000000000000000000 ) ) ;
#4600 = DIRECTION ( 'NONE',  ( -1.000000000000000000, -1.225696218315258576E-16, -1.836970198721029688E-16 ) ) ;
#4601 = VERTEX_POINT ( 'NONE', #3414 ) ;
#4602 = DIRECTION ( 'NONE',  ( -1.225696218315258576E-16, 1.000000000000000000, -0.0000000000000000000 ) ) ;
#4603 = SURFACE_SIDE_STYLE ('',( #1866 ) ) ;
#4604 = ORIENTED_EDGE ( 'NONE', *, *, #551, .F. ) ;
#4605 = CARTESIAN_POINT ( 'NONE',  ( -2.500000000000000000, -3.740813662564058450, -0.002153792457473946171 ) ) ;
#4606 = COLOUR_RGB ( '',0.7529411764705882248, 0.7529411764705882248, 0.7529411764705882248 ) ;
#4607 = CIRCLE ( 'NONE', #4143, 0.5000000000002138290 ) ;
#4608 = DIRECTION ( 'NONE',  ( -1.000000000000000000, -8.890021847710901182E-17, 0.0000000000000000000 ) ) ;
#4609 = AXIS2_PLACEMENT_3D ( 'NONE', #3580, #2706, #3208 ) ;
#4610 = CARTESIAN_POINT ( 'NONE',  ( 2.496830127018920820, 16.49183012701892537, -0.04683012701892386165 ) ) ;
#4611 = DIRECTION ( 'NONE',  ( 0.0000000000000000000, -1.000000000000000000, 0.0000000000000000000 ) ) ;
#4612 = PRESENTATION_STYLE_ASSIGNMENT (( #3087 ) ) ;
#4613 = AXIS2_PLACEMENT_3D ( 'NONE', #3693, #2995, #3351 ) ;
#4614 = CARTESIAN_POINT ( 'NONE',  ( -2.496830127018927037, 16.49183012701892181, -0.04683012701892319551 ) ) ;
#4615 = CARTESIAN_POINT ( 'NONE',  ( 0.0000000000000000000, 12.92212896455523818, 0.0000000000000000000 ) ) ;
#4616 = SURFACE_SIDE_STYLE ('',( #3091 ) ) ;
#4617 = VERTEX_POINT ( 'NONE', #3481 ) ;
#4618 = CARTESIAN_POINT ( 'NONE',  ( 1.734723475976807094E-15, 1.132532421399369937, 0.0000000000000000000 ) ) ;
#4619 = FACE_OUTER_BOUND ( 'NONE', #2492, .T. ) ;
#4620 =( LENGTH_UNIT ( ) NAMED_UNIT ( * ) SI_UNIT ( .MILLI., .METRE. ) );
#4621 = FACE_OUTER_BOUND ( 'NONE', #2819, .T. ) ;
#4622 = EDGE_CURVE ( 'NONE', #2626, #2303, #4120, .T. ) ;
#4623 = TOROIDAL_SURFACE ( 'NONE', #96, 4.499999999999785949, 0.5254000000002142512 ) ;
#4624 = SURFACE_STYLE_FILL_AREA ( #2436 ) ;
#4625 = CARTESIAN_POINT ( 'NONE',  ( 2.755455298081544285E-16, 16.00000000000000000, 4.500000000000000000 ) ) ;
#4626 = ORIENTED_EDGE ( 'NONE', *, *, #101, .F. ) ;
#4627 = CARTESIAN_POINT ( 'NONE',  ( 2.693621919708997717E-15, 1.826506484316722911, -5.219999999998981011 ) ) ;
#4628 = EDGE_CURVE ( 'NONE', #3408, #2509, #2778, .T. ) ;
#4629 = DIRECTION ( 'NONE',  ( 0.0000000000000000000, 0.0000000000000000000, -1.000000000000000000 ) ) ;
#4630 = DIRECTION ( 'NONE',  ( -1.225696218315258576E-16, 1.000000000000000000, -0.0000000000000000000 ) ) ;
#4631 = TOROIDAL_SURFACE ( 'NONE', #4159, 4.499999999999785949, 0.5000000000002142730 ) ;
#4632 = UNCERTAINTY_MEASURE_WITH_UNIT (LENGTH_MEASURE( 1.000000000000000082E-05 ), #2731, 'distance_accuracy_value', 'NONE');
#4633 = ORIENTED_EDGE ( 'NONE', *, *, #1628, .F. ) ;
#4634 =( NAMED_UNIT ( * ) PLANE_ANGLE_UNIT ( ) SI_UNIT ( $, .RADIAN. ) );
#4635 = VECTOR ( 'NONE', #892, 1000.000000000000000 ) ;
#4636 = CARTESIAN_POINT ( 'NONE',  ( -4.499999999999785061, 1.132532421399369271, 0.0000000000000000000 ) ) ;
#4637 = DIRECTION ( 'NONE',  ( 0.0000000000000000000, -1.000000000000000000, 0.0000000000000000000 ) ) ;
#4638 = CARTESIAN_POINT ( 'NONE',  ( 1.522575649527979532E-15, 0.4999999999999987232, 0.0000000000000000000 ) ) ;
#4639 =( GEOMETRIC_REPRESENTATION_CONTEXT ( 3 ) GLOBAL_UNCERTAINTY_ASSIGNED_CONTEXT ( ( #1928 ) ) GLOBAL_UNIT_ASSIGNED_CONTEXT ( ( #2653, #42, #3416 ) ) REPRESENTATION_CONTEXT ( 'NONE', 'WORKASPACE' ) );
#4640 = FILL_AREA_STYLE_COLOUR ( '', #3670 ) ;
#4641 = ORIENTED_EDGE ( 'NONE', *, *, #3619, .F. ) ;
#4642 = DIRECTION ( 'NONE',  ( -1.836970198721026236E-16, 1.827563712574823636E-15, -1.000000000000000000 ) ) ;
#4643 = FILL_AREA_STYLE ('',( #867 ) ) ;
#4644 = UNCERTAINTY_MEASURE_WITH_UNIT (LENGTH_MEASURE( 1.000000000000000082E-05 ), #1178, 'distance_accuracy_value', 'NONE');
#4645 =( LENGTH_UNIT ( ) NAMED_UNIT ( * ) SI_UNIT ( .MILLI., .METRE. ) );
#4646 = DIRECTION ( 'NONE',  ( -3.061515884555943639E-16, -3.752488442012314369E-32, -1.000000000000000000 ) ) ;
#4647 = DIRECTION ( 'NONE',  ( 1.000000000000000000, -0.0000000000000000000, -0.0000000000000000000 ) ) ;
#4648 = EDGE_LOOP ( 'NONE', ( #4554, #71, #2519, #1562 ) ) ;
#4649 = AXIS2_PLACEMENT_3D ( 'NONE', #4686, #2780, #1169 ) ;
#4650 =( LENGTH_UNIT ( ) NAMED_UNIT ( * ) SI_UNIT ( .MILLI., .METRE. ) );
#4651 = EDGE_CURVE ( 'NONE', #734, #3207, #84, .T. ) ;
#4652 = EDGE_CURVE ( 'NONE', #3503, #2509, #4701, .T. ) ;
#4653 = EDGE_LOOP ( 'NONE', ( #3092, #3023, #356, #2670 ) ) ;
#4654 =( GEOMETRIC_REPRESENTATION_CONTEXT ( 3 ) GLOBAL_UNCERTAINTY_ASSIGNED_CONTEXT ( ( #2343 ) ) GLOBAL_UNIT_ASSIGNED_CONTEXT ( ( #755, #1544, #1175 ) ) REPRESENTATION_CONTEXT ( 'NONE', 'WORKASPACE' ) );
#4655 = ADVANCED_FACE ( 'NONE', ( #3459 ), #3360, .F. ) ;
#4656 = DIRECTION ( 'NONE',  ( -1.000000000000000000, 0.0000000000000000000, 0.0000000000000000000 ) ) ;
#4657 = CARTESIAN_POINT ( 'NONE',  ( 2.500000000000000000, 0.2500000000000000000, -0.002153792457473946171 ) ) ;
#4658 = CYLINDRICAL_SURFACE ( 'NONE', #3823, 0.009999999999999592548 ) ;
#4659 = CARTESIAN_POINT ( 'NONE',  ( 1.427006474755051523E-15, 1.132532421399370604, 5.025400000000001199 ) ) ;
#4660 = DIRECTION ( 'NONE',  ( -1.000000000000000000, -1.225696218315258576E-16, 0.0000000000000000000 ) ) ;
#4661 = DIRECTION ( 'NONE',  ( -1.000000000000000000, 0.0000000000000000000, 0.0000000000000000000 ) ) ;
#4662 = PRESENTATION_STYLE_ASSIGNMENT (( #4765 ) ) ;
#4663 = CARTESIAN_POINT ( 'NONE',  ( -2.500000000000000000, 0.4999999999999993339, 0.2978462075425261091 ) ) ;
#4664 = SURFACE_STYLE_USAGE ( .BOTH. , #2390 ) ;
#4665 = DIRECTION ( 'NONE',  ( 0.0000000000000000000, -1.000000000000000000, 0.0000000000000000000 ) ) ;
#4666 = DIRECTION ( 'NONE',  ( -1.225696218315258576E-16, 1.000000000000000000, -0.0000000000000000000 ) ) ;
#4667 =( NAMED_UNIT ( * ) PLANE_ANGLE_UNIT ( ) SI_UNIT ( $, .RADIAN. ) );
#4668 = ORIENTED_EDGE ( 'NONE', *, *, #2446, .F. ) ;
#4669 = SURFACE_SIDE_STYLE ('',( #4304 ) ) ;
#4670 = UNCERTAINTY_MEASURE_WITH_UNIT (LENGTH_MEASURE( 1.000000000000000082E-05 ), #2213, 'distance_accuracy_value', 'NONE');
#4671 = ORIENTED_EDGE ( 'NONE', *, *, #4478, .T. ) ;
#4672 = SURFACE_SIDE_STYLE ('',( #128 ) ) ;
#4673 = EDGE_LOOP ( 'NONE', ( #3564, #3590, #1266, #1899 ) ) ;
#4674 = ADVANCED_FACE ( 'NONE', ( #1636 ), #4631, .T. ) ;
#4675 = TOROIDAL_SURFACE ( 'NONE', #2516, 4.499999999999786837, 0.5000000000002140510 ) ;
#4676 = CIRCLE ( 'NONE', #2517, 5.025400000000000311 ) ;
#4677 = PRESENTATION_LAYER_ASSIGNMENT (  '', '', ( #1875 ) ) ;
#4678 = AXIS2_PLACEMENT_3D ( 'NONE', #474, #1182, #3098 ) ;
#4679 = CARTESIAN_POINT ( 'NONE',  ( -1.734723475976807094E-15, 0.9999999999999995559, 0.0000000000000000000 ) ) ;
#4680 = PRESENTATION_LAYER_ASSIGNMENT (  '', '', ( #3892 ) ) ;
#4681 = EDGE_CURVE ( 'NONE', #1713, #202, #3189, .T. ) ;
#4682 = STYLED_ITEM ( 'NONE', ( #4333 ), #1573 ) ;
#4683 = AXIS2_PLACEMENT_3D ( 'NONE', #2884, #2083, #2857 ) ;
#4684 = DIRECTION ( 'NONE',  ( -1.000000000000000000, -1.333503277156634807E-16, 0.0000000000000000000 ) ) ;
#4685 = EDGE_CURVE ( 'NONE', #1831, #1863, #4285, .T. ) ;
#4686 = CARTESIAN_POINT ( 'NONE',  ( -1.917876647269745494, 0.2499999999999994726, -0.9354985316648515292 ) ) ;
#4687 = VECTOR ( 'NONE', #116, 1000.000000000000000 ) ;
#4688 = CIRCLE ( 'NONE', #1189, 4.859999999999383924 ) ;
#4689 = SURFACE_SIDE_STYLE ('',( #113 ) ) ;
#4690 = CARTESIAN_POINT ( 'NONE',  ( -3.399436091184381750E-16, 16.52539999999999765, 4.500000000000000000 ) ) ;
#4691 = AXIS2_PLACEMENT_3D ( 'NONE', #3352, #3770, #375 ) ;
#4692 = EDGE_LOOP ( 'NONE', ( #2075, #4461 ) ) ;
#4693 = CARTESIAN_POINT ( 'NONE',  ( -0.04866025403784733638, 16.49500000000000099, -0.04866025403784505349 ) ) ;
#4694 = AXIS2_PLACEMENT_3D ( 'NONE', #4495, #2581, #2216 ) ;
#4695 = DIRECTION ( 'NONE',  ( -1.225696218315258576E-16, 1.000000000000000000, -0.0000000000000000000 ) ) ;
#4696 = CARTESIAN_POINT ( 'NONE',  ( 1.734723475976807094E-15, 0.9999999999999995559, 4.500000000000002665 ) ) ;
#4697 = VERTEX_POINT ( 'NONE', #4360 ) ;
#4698 = SURFACE_STYLE_USAGE ( .BOTH. , #4669 ) ;
#4699 = DIRECTION ( 'NONE',  ( -1.225696218315258576E-16, 1.000000000000000000, -0.0000000000000000000 ) ) ;
#4700 =( NAMED_UNIT ( * ) SI_UNIT ( $, .STERADIAN. ) SOLID_ANGLE_UNIT ( ) );
#4701 = CIRCLE ( 'NONE', #818, 4.719999999998766960 ) ;
#4702 = CARTESIAN_POINT ( 'NONE',  ( 0.05732050807568592199, 16.49000000000000199, -2.500000000000000000 ) ) ;
#4703 = ORIENTED_EDGE ( 'NONE', *, *, #412, .F. ) ;
#4704 = CARTESIAN_POINT ( 'NONE',  ( 0.03999999999999793998, 16.49000000000000199, -0.05000000000000047462 ) ) ;
#4705 = ORIENTED_EDGE ( 'NONE', *, *, #3007, .F. ) ;
#4706 = PRESENTATION_LAYER_ASSIGNMENT (  '', '', ( #4862 ) ) ;
#4707 = AXIS2_PLACEMENT_3D ( 'NONE', #4079, #650, #3641 ) ;
#4708 = ORIENTED_EDGE ( 'NONE', *, *, #4145, .F. ) ;
#4709 = DIRECTION ( 'NONE',  ( -1.225696218315258576E-16, 1.000000000000000000, -0.0000000000000000000 ) ) ;
#4710 =( NAMED_UNIT ( * ) SI_UNIT ( $, .STERADIAN. ) SOLID_ANGLE_UNIT ( ) );
#4711 = CARTESIAN_POINT ( 'NONE',  ( 0.04683012701891892809, 16.49183012701892181, -0.04683012701892117630 ) ) ;
#4712 = ADVANCED_FACE ( 'NONE', ( #1391 ), #4411, .T. ) ;
#4713 = EDGE_CURVE ( 'NONE', #4135, #4489, #1359, .T. ) ;
#4714 = FILL_AREA_STYLE ('',( #1760 ) ) ;
#4715 = DIRECTION ( 'NONE',  ( 1.000000000000000000, 1.225696218315258576E-16, -1.221441296278566376E-16 ) ) ;
#4716 = CYLINDRICAL_SURFACE ( 'NONE', #3889, 2.232151649782863512 ) ;
#4717 = CARTESIAN_POINT ( 'NONE',  ( 7.637300827182361727E-16, 6.691139007125192606, 0.0000000000000000000 ) ) ;
#4718 = COLOUR_RGB ( '',0.0000000000000000000, 0.0000000000000000000, 0.7529411764705882248 ) ;
#4719 = SURFACE_STYLE_FILL_AREA ( #921 ) ;
#4720 = FACE_OUTER_BOUND ( 'NONE', #3677, .T. ) ;
#4721 = ORIENTED_EDGE ( 'NONE', *, *, #3219, .T. ) ;
#4722 = CYLINDRICAL_SURFACE ( 'NONE', #1029, 0.009999999999999998473 ) ;
#4723 =( GEOMETRIC_REPRESENTATION_CONTEXT ( 3 ) GLOBAL_UNCERTAINTY_ASSIGNED_CONTEXT ( ( #4197 ) ) GLOBAL_UNIT_ASSIGNED_CONTEXT ( ( #1156, #2386, #1559 ) ) REPRESENTATION_CONTEXT ( 'NONE', 'WORKASPACE' ) );
#4724 = SURFACE_STYLE_USAGE ( .BOTH. , #945 ) ;
#4725 = FACE_BOUND ( 'NONE', #2772, .T. ) ;
#4726 =( NAMED_UNIT ( * ) SI_UNIT ( $, .STERADIAN. ) SOLID_ANGLE_UNIT ( ) );
#4727 = EDGE_LOOP ( 'NONE', ( #870, #1164, #3778, #2872 ) ) ;
#4728 = SURFACE_STYLE_USAGE ( .BOTH. , #3301 ) ;
#4729 = EDGE_LOOP ( 'NONE', ( #4641, #2424, #3413, #1443 ) ) ;
#4730 = DIRECTION ( 'NONE',  ( -1.000000000000000000, 0.0000000000000000000, 0.0000000000000000000 ) ) ;
#4731 = DIRECTION ( 'NONE',  ( -1.000000000000000000, 0.0000000000000000000, 0.0000000000000000000 ) ) ;
#4732 = PRESENTATION_STYLE_ASSIGNMENT (( #4046 ) ) ;
#4733 = DIRECTION ( 'NONE',  ( 1.000000000000000000, 1.225696218315258576E-16, -1.221441296278566376E-16 ) ) ;
#4734 = AXIS2_PLACEMENT_3D ( 'NONE', #4605, #4335, #2703 ) ;
#4735 = CARTESIAN_POINT ( 'NONE',  ( -2.500000000000002220, 16.50000000000000000, 0.05732050807568932205 ) ) ;
#4736 = FACE_OUTER_BOUND ( 'NONE', #3070, .T. ) ;
#4737 =( LENGTH_UNIT ( ) NAMED_UNIT ( * ) SI_UNIT ( .MILLI., .METRE. ) );
#4738 = EDGE_CURVE ( 'NONE', #675, #3426, #980, .T. ) ;
#4739 = CIRCLE ( 'NONE', #1392, 5.025400000000001199 ) ;
#4740 = CARTESIAN_POINT ( 'NONE',  ( -1.970796952063404550, 0.2499999999999994726, -0.8506490099187260512 ) ) ;
#4741 = DIRECTION ( 'NONE',  ( 0.0000000000000000000, -8.673617379884027583E-16, 1.000000000000000000 ) ) ;
#4742 = DIRECTION ( 'NONE',  ( -1.225696218315258576E-16, -1.000000000000000000, -0.0000000000000000000 ) ) ;
#4743 = SURFACE_SIDE_STYLE ('',( #1719 ) ) ;
#4744 = ORIENTED_EDGE ( 'NONE', *, *, #4204, .T. ) ;
#4745 = ADVANCED_FACE ( 'NONE', ( #3606 ), #183, .F. ) ;
#4746 = CARTESIAN_POINT ( 'NONE',  ( 2.498660254037842421, 16.49500000000000099, -0.04866025403784563635 ) ) ;
#4747 =( NAMED_UNIT ( * ) SI_UNIT ( $, .STERADIAN. ) SOLID_ANGLE_UNIT ( ) );
#4748 = ADVANCED_FACE ( 'NONE', ( #4072 ), #2230, .T. ) ;
#4749 = ADVANCED_FACE ( 'NONE', ( #959 ), #523, .T. ) ;
#4750 = ORIENTED_EDGE ( 'NONE', *, *, #36, .F. ) ;
#4751 = PRESENTATION_STYLE_ASSIGNMENT (( #3678 ) ) ;
#4752 = ORIENTED_EDGE ( 'NONE', *, *, #4286, .F. ) ;
#4753 = CARTESIAN_POINT ( 'NONE',  ( -2.198077116600810330E-15, 2.520480547234075885, -5.025400000000000311 ) ) ;
#4754 =( LENGTH_UNIT ( ) NAMED_UNIT ( * ) SI_UNIT ( .MILLI., .METRE. ) );
#4755 = AXIS2_PLACEMENT_3D ( 'NONE', #4391, #2474, #4020 ) ;
#4756 = DIRECTION ( 'NONE',  ( -1.225696218315258576E-16, 1.000000000000000000, -0.0000000000000000000 ) ) ;
#4757 = CIRCLE ( 'NONE', #2592, 5.025400000000000311 ) ;
#4758 =( GEOMETRIC_REPRESENTATION_CONTEXT ( 3 ) GLOBAL_UNCERTAINTY_ASSIGNED_CONTEXT ( ( #3472 ) ) GLOBAL_UNIT_ASSIGNED_CONTEXT ( ( #360, #385, #1044 ) ) REPRESENTATION_CONTEXT ( 'NONE', 'WORKASPACE' ) );
#4759 = MECHANICAL_DESIGN_GEOMETRIC_PRESENTATION_REPRESENTATION (  '', ( #4212 ), #3478 ) ;
#4760 = COLOUR_RGB ( '',0.2509803921568627416, 0.2509803921568627416, 0.2509803921568627416 ) ;
#4761 = PRESENTATION_LAYER_ASSIGNMENT (  '', '', ( #4915 ) ) ;
#4762 = EDGE_LOOP ( 'NONE', ( #1361, #4527, #1072, #3117 ) ) ;
#4763 = CARTESIAN_POINT ( 'NONE',  ( -8.673617379884035472E-16, 2.520480547234076329, 0.0000000000000000000 ) ) ;
#4764 = AXIS2_PLACEMENT_3D ( 'NONE', #3645, #2393, #627 ) ;
#4765 = SURFACE_STYLE_USAGE ( .BOTH. , #3194 ) ;
#4766 = SURFACE_STYLE_FILL_AREA ( #271 ) ;
#4767 =( NAMED_UNIT ( * ) PLANE_ANGLE_UNIT ( ) SI_UNIT ( $, .RADIAN. ) );
#4768 = AXIS2_PLACEMENT_3D ( 'NONE', #448, #864, #497 ) ;
#4769 = VECTOR ( 'NONE', #2104, 1000.000000000000000 ) ;
#4770 =( LENGTH_UNIT ( ) NAMED_UNIT ( * ) SI_UNIT ( .MILLI., .METRE. ) );
#4771 = EDGE_LOOP ( 'NONE', ( #1552, #714, #4483, #2897 ) ) ;
#4772 = DIRECTION ( 'NONE',  ( -0.0000000000000000000, -0.0000000000000000000, 1.000000000000000000 ) ) ;
#4773 = CARTESIAN_POINT ( 'NONE',  ( 2.498660254037842865, 16.49500000000000099, 0.04866025403784500492 ) ) ;
#4774 = EDGE_CURVE ( 'NONE', #516, #548, #3463, .T. ) ;
#4775 = DIRECTION ( 'NONE',  ( 3.061515884555943639E-16, 3.752488442012314369E-32, 1.000000000000000000 ) ) ;
#4776 = ORIENTED_EDGE ( 'NONE', *, *, #412, .T. ) ;
#4777 = DIRECTION ( 'NONE',  ( -1.000000000000000000, 0.0000000000000000000, 0.0000000000000000000 ) ) ;
#4778 = VERTEX_POINT ( 'NONE', #4319 ) ;
#4779 = SURFACE_STYLE_FILL_AREA ( #2445 ) ;
#4780 = STYLED_ITEM ( 'NONE', ( #121 ), #2506 ) ;
#4781 = LINE ( 'NONE', #1756, #2438 ) ;
#4782 = FILL_AREA_STYLE_COLOUR ( '', #1509 ) ;
#4783 = SURFACE_STYLE_FILL_AREA ( #3262 ) ;
#4784 = CIRCLE ( 'NONE', #2156, 0.1000000000000000472 ) ;
#4785 = EDGE_LOOP ( 'NONE', ( #781, #1994, #3765, #1984 ) ) ;
#4786 = DIRECTION ( 'NONE',  ( 0.0000000000000000000, -1.000000000000000000, 0.0000000000000000000 ) ) ;
#4787 = PRESENTATION_STYLE_ASSIGNMENT (( #3214 ) ) ;
#4788 = LINE ( 'NONE', #3716, #2518 ) ;
#4789 = SURFACE_STYLE_USAGE ( .BOTH. , #1398 ) ;
#4790 = CARTESIAN_POINT ( 'NONE',  ( -2.017876647269745138, 0.2499999999999994726, -0.9354985316648515292 ) ) ;
#4791 = SURFACE_SIDE_STYLE ('',( #1671 ) ) ;
#4792 = CARTESIAN_POINT ( 'NONE',  ( 1.734723475976807094E-15, 1.826506484316722911, 5.219999999998981011 ) ) ;
#4793 = CARTESIAN_POINT ( 'NONE',  ( 0.04866025403784215997, 16.49500000000000099, 2.498660254037843753 ) ) ;
#4794 = CARTESIAN_POINT ( 'NONE',  ( 1.734723475976807094E-15, 1.826506484316722911, 0.0000000000000000000 ) ) ;
#4795 = SURFACE_SIDE_STYLE ('',( #201 ) ) ;
#4796 = ORIENTED_EDGE ( 'NONE', *, *, #2651, .F. ) ;
#4797 = DIRECTION ( 'NONE',  ( -1.225696218315258576E-16, 1.000000000000000000, -0.0000000000000000000 ) ) ;
#4798 = ORIENTED_EDGE ( 'NONE', *, *, #4883, .F. ) ;
#4799 = EDGE_CURVE ( 'NONE', #4015, #4194, #446, .T. ) ;
#4800 = FILL_AREA_STYLE_COLOUR ( '', #1486 ) ;
#4801 =( GEOMETRIC_REPRESENTATION_CONTEXT ( 3 ) GLOBAL_UNCERTAINTY_ASSIGNED_CONTEXT ( ( #3848 ) ) GLOBAL_UNIT_ASSIGNED_CONTEXT ( ( #1687, #4362, #4464 ) ) REPRESENTATION_CONTEXT ( 'NONE', 'WORKASPACE' ) );
#4802 = ADVANCED_FACE ( 'NONE', ( #2784 ), #4474, .F. ) ;
#4803 = PRESENTATION_STYLE_ASSIGNMENT (( #1004 ) ) ;
#4804 = ORIENTED_EDGE ( 'NONE', *, *, #2910, .F. ) ;
#4805 = LINE ( 'NONE', #2912, #3825 ) ;
#4806 = CIRCLE ( 'NONE', #2644, 0.5254000000000002002 ) ;
#4807 = AXIS2_PLACEMENT_3D ( 'NONE', #3321, #700, #1794 ) ;
#4808 = DIRECTION ( 'NONE',  ( -1.000000000000000000, -1.225696218315258576E-16, 1.221441296278566376E-16 ) ) ;
#4809 = CARTESIAN_POINT ( 'NONE',  ( 3.077170012217554234E-16, 12.92212896455523818, 5.025400000000000311 ) ) ;
#4810 = ORIENTED_EDGE ( 'NONE', *, *, #626, .T. ) ;
#4811 = DIRECTION ( 'NONE',  ( 1.225696218315258576E-16, -1.000000000000000000, 0.0000000000000000000 ) ) ;
#4812 = CARTESIAN_POINT ( 'NONE',  ( 1.500000000000202505, 0.2499999999999998890, -0.002153792457473946171 ) ) ;
#4813 = DIRECTION ( 'NONE',  ( 0.0000000000000000000, -1.000000000000000000, 0.0000000000000000000 ) ) ;
#4814 = AXIS2_PLACEMENT_3D ( 'NONE', #2467, #4062, #1404 ) ;
#4815 = ORIENTED_EDGE ( 'NONE', *, *, #2349, .F. ) ;
#4816 =( NAMED_UNIT ( * ) SI_UNIT ( $, .STERADIAN. ) SOLID_ANGLE_UNIT ( ) );
#4817 = ORIENTED_EDGE ( 'NONE', *, *, #4352, .T. ) ;
#4818 = DIRECTION ( 'NONE',  ( -1.225696218315258576E-16, 1.000000000000000000, -0.0000000000000000000 ) ) ;
#4819 =( NAMED_UNIT ( * ) PLANE_ANGLE_UNIT ( ) SI_UNIT ( $, .RADIAN. ) );
#4820 = EDGE_CURVE ( 'NONE', #4180, #176, #4864, .T. ) ;
#4821 = ORIENTED_EDGE ( 'NONE', *, *, #3902, .T. ) ;
#4822 =( NAMED_UNIT ( * ) SI_UNIT ( $, .STERADIAN. ) SOLID_ANGLE_UNIT ( ) );
#4823 =( LENGTH_UNIT ( ) NAMED_UNIT ( * ) SI_UNIT ( .MILLI., .METRE. ) );
#4824 = EDGE_CURVE ( 'NONE', #1750, #1753, #2313, .T. ) ;
#4825 = STYLED_ITEM ( 'NONE', ( #2296 ), #4052 ) ;
#4826 = ORIENTED_EDGE ( 'NONE', *, *, #4089, .T. ) ;
#4827 = DIRECTION ( 'NONE',  ( 1.000000000000000000, -1.333503277156634807E-16, 0.0000000000000000000 ) ) ;
#4828 = PRESENTATION_STYLE_ASSIGNMENT (( #2212 ) ) ;
#4829 = CARTESIAN_POINT ( 'NONE',  ( 0.0000000000000000000, 12.92212896455523818, 0.0000000000000000000 ) ) ;
#4830 = STYLED_ITEM ( 'NONE', ( #2637 ), #1657 ) ;
#4831 = CYLINDRICAL_SURFACE ( 'NONE', #151, 0.01000000000000002623 ) ;
#4832 = AXIS2_PLACEMENT_3D ( 'NONE', #263, #3260, #1733 ) ;
#4833 = MECHANICAL_DESIGN_GEOMETRIC_PRESENTATION_REPRESENTATION (  '', ( #1177 ), #4128 ) ;
#4834 = AXIS2_PLACEMENT_3D ( 'NONE', #2037, #4695, #2015 ) ;
#4835 = CARTESIAN_POINT ( 'NONE',  ( 1.734723475976807094E-15, 0.4999999999999990563, -4.500000000000002665 ) ) ;
#4836 = DIRECTION ( 'NONE',  ( 0.0000000000000000000, 0.0000000000000000000, 1.000000000000000000 ) ) ;
#4837 = ORIENTED_EDGE ( 'NONE', *, *, #2693, .F. ) ;
#4838 = SURFACE_STYLE_USAGE ( .BOTH. , #2974 ) ;
#4839 = CIRCLE ( 'NONE', #78, 0.09999999999999982514 ) ;
#4840 = SURFACE_SIDE_STYLE ('',( #2892 ) ) ;
#4841 = FACE_OUTER_BOUND ( 'NONE', #4729, .T. ) ;
#4842 = TOROIDAL_SURFACE ( 'NONE', #3486, 4.499999999999785949, 0.5254000000002142512 ) ;
#4843 = VECTOR ( 'NONE', #3043, 1000.000000000000000 ) ;
#4844 = DIRECTION ( 'NONE',  ( -1.000000000000000000, -1.225696218315258576E-16, 0.0000000000000000000 ) ) ;
#4845 = ORIENTED_EDGE ( 'NONE', *, *, #743, .T. ) ;
#4846 = ORIENTED_EDGE ( 'NONE', *, *, #951, .F. ) ;
#4847 = CARTESIAN_POINT ( 'NONE',  ( 0.04999999999999691497, 16.50000000000000000, -2.507320508075689069 ) ) ;
#4848 =( GEOMETRIC_REPRESENTATION_CONTEXT ( 3 ) GLOBAL_UNCERTAINTY_ASSIGNED_CONTEXT ( ( #825 ) ) GLOBAL_UNIT_ASSIGNED_CONTEXT ( ( #3816, #689, #1912 ) ) REPRESENTATION_CONTEXT ( 'NONE', 'WORKASPACE' ) );
#4849 =( NAMED_UNIT ( * ) SI_UNIT ( $, .STERADIAN. ) SOLID_ANGLE_UNIT ( ) );
#4850 = ORIENTED_EDGE ( 'NONE', *, *, #468, .F. ) ;
#4851 = CARTESIAN_POINT ( 'NONE',  ( 2.500000000000000000, 0.2500000000000000000, -0.002153792457473946171 ) ) ;
#4852 = CARTESIAN_POINT ( 'NONE',  ( -0.05732050807569050166, 16.50000000000000000, 2.507320508075689069 ) ) ;
#4853 = AXIS2_PLACEMENT_3D ( 'NONE', #2368, #4350, #1699 ) ;
#4854 = STYLED_ITEM ( 'NONE', ( #3042 ), #4510 ) ;
#4855 = MECHANICAL_DESIGN_GEOMETRIC_PRESENTATION_REPRESENTATION (  '', ( #3665 ), #1979 ) ;
#4856 = ORIENTED_EDGE ( 'NONE', *, *, #3776, .F. ) ;
#4857 = SURFACE_STYLE_USAGE ( .BOTH. , #344 ) ;
#4858 = FILL_AREA_STYLE_COLOUR ( '', #3094 ) ;
#4859 = FACE_BOUND ( 'NONE', #1130, .T. ) ;
#4860 = LINE ( 'NONE', #4494, #3996 ) ;
#4861 = EDGE_CURVE ( 'NONE', #3509, #2928, #61, .T. ) ;
#4862 = STYLED_ITEM ( 'NONE', ( #565 ), #4712 ) ;
#4863 = EDGE_CURVE ( 'NONE', #1863, #4015, #3977, .T. ) ;
#4864 = CIRCLE ( 'NONE', #3367, 0.5000000000000004441 ) ;
#4865 =( NAMED_UNIT ( * ) SI_UNIT ( $, .STERADIAN. ) SOLID_ANGLE_UNIT ( ) );
#4866 = ORIENTED_EDGE ( 'NONE', *, *, #619, .F. ) ;
#4867 = DIRECTION ( 'NONE',  ( -1.225696218315258576E-16, 1.000000000000000000, -0.0000000000000000000 ) ) ;
#4868 = SURFACE_STYLE_FILL_AREA ( #1085 ) ;
#4869 =( NAMED_UNIT ( * ) SI_UNIT ( $, .STERADIAN. ) SOLID_ANGLE_UNIT ( ) );
#4870 =( NAMED_UNIT ( * ) SI_UNIT ( $, .STERADIAN. ) SOLID_ANGLE_UNIT ( ) );
#4871 = ORIENTED_EDGE ( 'NONE', *, *, #2239, .F. ) ;
#4872 = VERTEX_POINT ( 'NONE', #4004 ) ;
#4873 = ORIENTED_EDGE ( 'NONE', *, *, #3401, .T. ) ;
#4874 = SURFACE_STYLE_FILL_AREA ( #308 ) ;
#4875 = ORIENTED_EDGE ( 'NONE', *, *, #711, .F. ) ;
#4876 = CARTESIAN_POINT ( 'NONE',  ( -2.018017371715800312, 0.2499999999999994726, 0.9312787012856003077 ) ) ;
#4877 = PRESENTATION_LAYER_ASSIGNMENT (  '', '', ( #1696 ) ) ;
#4878 = LINE ( 'NONE', #4419, #2207 ) ;
#4879 = UNCERTAINTY_MEASURE_WITH_UNIT (LENGTH_MEASURE( 1.000000000000000082E-05 ), #290, 'distance_accuracy_value', 'NONE');
#4880 = SURFACE_STYLE_FILL_AREA ( #1154 ) ;
#4881 = MECHANICAL_DESIGN_GEOMETRIC_PRESENTATION_REPRESENTATION (  '', ( #3530 ), #3946 ) ;
#4882 = MECHANICAL_DESIGN_GEOMETRIC_PRESENTATION_REPRESENTATION (  '', ( #4261 ), #4654 ) ;
#4883 = EDGE_CURVE ( 'NONE', #2800, #3526, #1319, .T. ) ;
#4884 = CARTESIAN_POINT ( 'NONE',  ( 8.740427423666090428E-16, 5.791139007125194915, 0.0000000000000000000 ) ) ;
#4885 = FILL_AREA_STYLE_COLOUR ( '', #262 ) ;
#4886 = ORIENTED_EDGE ( 'NONE', *, *, #1506, .F. ) ;
#4887 = SURFACE_SIDE_STYLE ('',( #4868 ) ) ;
#4888 = CYLINDRICAL_SURFACE ( 'NONE', #2832, 0.009999999999999998473 ) ;
#4889 = EDGE_CURVE ( 'NONE', #2949, #1315, #826, .T. ) ;
#4890 = VERTEX_POINT ( 'NONE', #3664 ) ;
#4891 = VERTEX_POINT ( 'NONE', #161 ) ;
#4892 = CARTESIAN_POINT ( 'NONE',  ( 1.402516320614545356E-15, 1.479519452858046424, 0.0000000000000000000 ) ) ;
#4893 = EDGE_CURVE ( 'NONE', #3331, #176, #3433, .T. ) ;
#4894 = STYLED_ITEM ( 'NONE', ( #2795 ), #3063 ) ;
#4895 = FACE_OUTER_BOUND ( 'NONE', #210, .T. ) ;
#4896 = ORIENTED_EDGE ( 'NONE', *, *, #505, .T. ) ;
#4897 = FACE_OUTER_BOUND ( 'NONE', #772, .T. ) ;
#4898 = CARTESIAN_POINT ( 'NONE',  ( -3.772534888606711006E-16, 15.99999999999999645, 0.0000000000000000000 ) ) ;
#4899 = ORIENTED_EDGE ( 'NONE', *, *, #1721, .T. ) ;
#4900 = DIRECTION ( 'NONE',  ( -1.225696218315258576E-16, 1.000000000000000000, -0.0000000000000000000 ) ) ;
#4901 =( NAMED_UNIT ( * ) SI_UNIT ( $, .STERADIAN. ) SOLID_ANGLE_UNIT ( ) );
#4902 = CARTESIAN_POINT ( 'NONE',  ( 4.949854798618408047, 2.584922366093256763, -0.8680913734131501247 ) ) ;
#4903 = STYLED_ITEM ( 'NONE', ( #3239 ), #1070 ) ;
#4904 = CYLINDRICAL_SURFACE ( 'NONE', #3053, 0.09999999999999939493 ) ;
#4905 = ORIENTED_EDGE ( 'NONE', *, *, #2391, .F. ) ;
#4906 = FILL_AREA_STYLE ('',( #381 ) ) ;
#4907 = PRESENTATION_STYLE_ASSIGNMENT (( #3398 ) ) ;
#4908 = AXIS2_PLACEMENT_3D ( 'NONE', #4636, #489, #4656 ) ;
#4909 = PRESENTATION_LAYER_ASSIGNMENT (  '', '', ( #2121 ) ) ;
#4910 = CARTESIAN_POINT ( 'NONE',  ( -1.918017371715800445, 0.4999999999999994449, 0.9312787012856003077 ) ) ;
#4911 = OPEN_SHELL ( 'NONE', ( #260, #3063, #125, #3485, #3938, #153, #4295, #1998, #95, #350, #4262, #4510, #3585, #2945, #4, #3608, #979, #3863, #287 ) ) ;
#4912 =( GEOMETRIC_REPRESENTATION_CONTEXT ( 3 ) GLOBAL_UNCERTAINTY_ASSIGNED_CONTEXT ( ( #3831 ) ) GLOBAL_UNIT_ASSIGNED_CONTEXT ( ( #119, #1258, #3055 ) ) REPRESENTATION_CONTEXT ( 'NONE', 'WORKASPACE' ) );
#4913 = CARTESIAN_POINT ( 'NONE',  ( -0.05732050807569129269, 16.50000000000000000, -0.05732050807568900980 ) ) ;
#4914 = AXIS2_PLACEMENT_3D ( 'NONE', #369, #782, #1846 ) ;
#4915 = STYLED_ITEM ( 'NONE', ( #1286 ), #835 ) ;
#4916 = VECTOR ( 'NONE', #4567, 1000.000000000000000 ) ;
ENDSEC;
END-ISO-10303-21;
