ISO-10303-21;
HEADER;
FILE_DESCRIPTION (( 'STEP AP214' ),
    '1' );
FILE_NAME ('CAPAE1030X1250N.STEP',
    '2026-04-08T06:23:58',
    ( '' ),
    ( '' ),
    'SwSTEP 2.0',
    'SolidWorks 2020',
    '' );
FILE_SCHEMA (( 'AUTOMOTIVE_DESIGN' ));
ENDSEC;

DATA;
#1 = EDGE_LOOP ( 'NONE', ( #1765, #3962, #5954, #6710 ) ) ;
#2 = ORIENTED_EDGE ( 'NONE', *, *, #3942, .T. ) ;
#3 = CARTESIAN_POINT ( 'NONE',  ( -5.149999830640999754, -1.249999958892999974, 1.049999966214999914 ) ) ;
#4 = CARTESIAN_POINT ( 'NONE',  ( 3.730235930644000053, -5.150999830607999819, 0.7567137122360000356 ) ) ;
#5 = ORIENTED_EDGE ( 'NONE', *, *, #3389, .T. ) ;
#6 = CARTESIAN_POINT ( 'NONE',  ( -4.499999852016000723, 5.510910414935000200E-16, 9.549999686690000544 ) ) ;
#7 = LINE ( 'NONE', #115, #8086 ) ;
#8 = CARTESIAN_POINT ( 'NONE',  ( 3.559052214788000157, -5.149999830640999754, 0.7737325255350000486 ) ) ;
#9 = CARTESIAN_POINT ( 'NONE',  ( 3.527966885400999786, -5.149999830640999754, 1.206815086515000024 ) ) ;
#10 = VECTOR ( 'NONE', #3317, 1000.000000000000000 ) ;
#11 = VECTOR ( 'NONE', #1316, 1000.000000000000000 ) ;
#12 = CARTESIAN_POINT ( 'NONE',  ( 3.688781596661999895, -5.149999830640999754, 0.7027309946709999755 ) ) ;
#13 = LINE ( 'NONE', #3970, #5299 ) ;
#14 = VECTOR ( 'NONE', #2343, 1000.000000000000000 ) ;
#15 = VERTEX_POINT ( 'NONE', #4714 ) ;
#16 = VECTOR ( 'NONE', #6308, 1000.000000000000000 ) ;
#17 = ADVANCED_FACE ( 'NONE', ( #6285, #1963 ), #1205, .F. ) ;
#18 = ORIENTED_EDGE ( 'NONE', *, *, #7769, .T. ) ;
#19 = VECTOR ( 'NONE', #4835, 1000.000000000000000 ) ;
#20 =( NAMED_UNIT ( * ) PLANE_ANGLE_UNIT ( ) SI_UNIT ( $, .RADIAN. ) );
#21 = ORIENTED_EDGE ( 'NONE', *, *, #8819, .F. ) ;
#22 = CARTESIAN_POINT ( 'NONE',  ( 3.597243964676000161, -5.150999830607999819, 1.049420338241000117 ) ) ;
#23 = AXIS2_PLACEMENT_3D ( 'NONE', #6979, #5441, #3628 ) ;
#24 = EDGE_LOOP ( 'NONE', ( #10356, #7439, #4900, #6981 ) ) ;
#25 = VECTOR ( 'NONE', #2863, 1000.000000000000000 ) ;
#26 = CARTESIAN_POINT ( 'NONE',  ( 4.374339808138000052, -5.150999830607999819, 0.9046818152369999755 ) ) ;
#27 = MECHANICAL_DESIGN_GEOMETRIC_PRESENTATION_REPRESENTATION (  '', ( #9041 ), #4294 ) ;
#28 = AXIS2_PLACEMENT_3D ( 'NONE', #7569, #9905, #2832 ) ;
#29 = STYLED_ITEM ( 'NONE', ( #1567 ), #9299 ) ;
#30 = PRESENTATION_LAYER_ASSIGNMENT (  '', '', ( #7349 ) ) ;
#31 = DIRECTION ( 'NONE',  ( 0.000000000000000000, 0.000000000000000000, 1.000000000000000000 ) ) ;
#32 =( LENGTH_UNIT ( ) NAMED_UNIT ( * ) SI_UNIT ( .MILLI., .METRE. ) );
#33 = LINE ( 'NONE', #1586, #9540 ) ;
#34 =( GEOMETRIC_REPRESENTATION_CONTEXT ( 3 ) GLOBAL_UNCERTAINTY_ASSIGNED_CONTEXT ( ( #8038 ) ) GLOBAL_UNIT_ASSIGNED_CONTEXT ( ( #3700, #6894, #1193 ) ) REPRESENTATION_CONTEXT ( 'NONE', 'WORKASPACE' ) );
#35 = VECTOR ( 'NONE', #4945, 1000.000000000000114 ) ;
#36 = VERTEX_POINT ( 'NONE', #9302 ) ;
#37 = LINE ( 'NONE', #9767, #6685 ) ;
#38 = CARTESIAN_POINT ( 'NONE',  ( 3.604901802074000017, -5.150999830607999819, 0.7657129420589999791 ) ) ;
#39 = LINE ( 'NONE', #1590, #8801 ) ;
#40 = CARTESIAN_POINT ( 'NONE',  ( 4.109567374536999829, -5.150999830607999819, 1.191772435941999886 ) ) ;
#41 = CARTESIAN_POINT ( 'NONE',  ( 3.665320914043999956, -5.150999830607999819, 0.8034445021470000281 ) ) ;
#42 = AXIS2_PLACEMENT_3D ( 'NONE', #6643, #8994, #1806 ) ;
#43 = PLANE ( 'NONE',  #3239 ) ;
#44 = CARTESIAN_POINT ( 'NONE',  ( 3.757227655813999867, -5.149999830640999754, 0.7213775769910000246 ) ) ;
#45 = ORIENTED_EDGE ( 'NONE', *, *, #395, .T. ) ;
#46 = LINE ( 'NONE', #6532, #7004 ) ;
#47 = EDGE_CURVE ( 'NONE', #4377, #9979, #10326, .T. ) ;
#48 = EDGE_CURVE ( 'NONE', #3319, #3850, #2266, .T. ) ;
#49 = ORIENTED_EDGE ( 'NONE', *, *, #8232, .F. ) ;
#50 = CARTESIAN_POINT ( 'NONE',  ( 3.214000198588000234, -5.150999830607999819, 0.8606567064119999833 ) ) ;
#51 = EDGE_LOOP ( 'NONE', ( #4428, #2205, #5393, #8495 ) ) ;
#52 = FILL_AREA_STYLE_COLOUR ( '', #7091 ) ;
#53 = EDGE_CURVE ( 'NONE', #7290, #1331, #4769, .T. ) ;
#54 = B_SPLINE_CURVE_WITH_KNOTS ( 'NONE', 3,
 ( #5333, #4520, #3719, #471 ),
 .UNSPECIFIED., .F., .F.,
 ( 4, 4 ),
 ( 1.000000000000000000, 2.000000000000000000 ),
 .UNSPECIFIED. ) ;
#55 = STYLED_ITEM ( 'NONE', ( #7210 ), #4856 ) ;
#56 = CARTESIAN_POINT ( 'NONE',  ( 3.762760726309000159, -5.150999830607999819, 0.7318401532079999994 ) ) ;
#57 = DIRECTION ( 'NONE',  ( -0.9999748501857349536, 0.000000000000000000, 0.007092178509959120268 ) ) ;
#58 = DIRECTION ( 'NONE',  ( 0.000000000000000000, 0.000000000000000000, 1.000000000000000000 ) ) ;
#59 = VERTEX_POINT ( 'NONE', #2805 ) ;
#60 = ORIENTED_EDGE ( 'NONE', *, *, #2174, .T. ) ;
#61 = ADVANCED_FACE ( 'NONE', ( #8765 ), #9494, .F. ) ;
#62 =( LENGTH_UNIT ( ) NAMED_UNIT ( * ) SI_UNIT ( .MILLI., .METRE. ) );
#63 = EDGE_CURVE ( 'NONE', #5772, #5997, #9251, .T. ) ;
#64 = LINE ( 'NONE', #4871, #7759 ) ;
#65 = ORIENTED_EDGE ( 'NONE', *, *, #987, .F. ) ;
#66 = CARTESIAN_POINT ( 'NONE',  ( 3.513523021490000176, -5.149999830640999754, 0.7462932011560000634 ) ) ;
#67 = CARTESIAN_POINT ( 'NONE',  ( 3.593283025510999984, -5.150999830607999819, 1.026053289904000021 ) ) ;
#68 = EDGE_CURVE ( 'NONE', #1245, #1462, #6277, .T. ) ;
#69 = LINE ( 'NONE', #3314, #7614 ) ;
#70 = CARTESIAN_POINT ( 'NONE',  ( 3.703857706782999859, -5.150999830607999819, 0.7026240695180000495 ) ) ;
#71 = CARTESIAN_POINT ( 'NONE',  ( 3.797024665003999822, -5.150999830607999819, 0.6369767941689999935 ) ) ;
#72 = VERTEX_POINT ( 'NONE', #3660 ) ;
#73 = ORIENTED_EDGE ( 'NONE', *, *, #288, .F. ) ;
#74 = ORIENTED_EDGE ( 'NONE', *, *, #516, .T. ) ;
#75 = CARTESIAN_POINT ( 'NONE',  ( 4.229213152248999741, -5.150999830607999819, 0.8058918381530000286 ) ) ;
#76 = CARTESIAN_POINT ( 'NONE',  ( 3.604816999366999397, -5.149999830640999754, 0.7537560271359999842 ) ) ;
#77 = DIRECTION ( 'NONE',  ( 0.000000000000000000, 0.000000000000000000, -1.000000000000000000 ) ) ;
#78 = EDGE_CURVE ( 'NONE', #3600, #6640, #10375, .T. ) ;
#79 = CARTESIAN_POINT ( 'NONE',  ( 2.528773455554000016, -5.150999830607999819, 1.091096276592999903 ) ) ;
#80 = ORIENTED_EDGE ( 'NONE', *, *, #1555, .T. ) ;
#81 = CARTESIAN_POINT ( 'NONE',  ( 3.542652852009999798, -5.149999830640999754, 0.8291653461980000861 ) ) ;
#82 = EDGE_CURVE ( 'NONE', #5970, #3481, #3110, .T. ) ;
#83 = CARTESIAN_POINT ( 'NONE',  ( 2.192932865141000054, 3.929509399037999895, 10.04899967027999885 ) ) ;
#84 = ORIENTED_EDGE ( 'NONE', *, *, #2995, .F. ) ;
#85 = FACE_OUTER_BOUND ( 'NONE', #3063, .T. ) ;
#86 = DIRECTION ( 'NONE',  ( -0.9999748501857348426, 1.224615999507675655E-16, 0.007092178509961118670 ) ) ;
#87 = PLANE ( 'NONE',  #6748 ) ;
#88 = CARTESIAN_POINT ( 'NONE',  ( 3.846775474775999903, -5.150999830607999819, 0.7318681610489999878 ) ) ;
#89 =( NAMED_UNIT ( * ) SI_UNIT ( $, .STERADIAN. ) SOLID_ANGLE_UNIT ( ) );
#90 = CARTESIAN_POINT ( 'NONE',  ( 3.836696332234999840, -5.149999830640999754, 0.6521882106309999649 ) ) ;
#91 = LINE ( 'NONE', #5948, #7188 ) ;
#92 = VECTOR ( 'NONE', #106, 1000.000000000000000 ) ;
#93 = ORIENTED_EDGE ( 'NONE', *, *, #6636, .F. ) ;
#94 = FACE_OUTER_BOUND ( 'NONE', #130, .T. ) ;
#95 = EDGE_CURVE ( 'NONE', #7873, #7239, #4673, .T. ) ;
#96 = VECTOR ( 'NONE', #4054, 999.9999999999998863 ) ;
#97 = ORIENTED_EDGE ( 'NONE', *, *, #1155, .F. ) ;
#98 = CARTESIAN_POINT ( 'NONE',  ( 3.717382400487999838, -5.149999830640999754, 1.143500555746000069 ) ) ;
#99 = FACE_OUTER_BOUND ( 'NONE', #8089, .T. ) ;
#100 = ORIENTED_EDGE ( 'NONE', *, *, #1958, .T. ) ;
#101 = UNCERTAINTY_MEASURE_WITH_UNIT (LENGTH_MEASURE( 1.000000000000000082E-05 ), #5509, 'distance_accuracy_value', 'NONE');
#102 = CARTESIAN_POINT ( 'NONE',  ( 3.969126090162000242, -5.150999830607999819, 0.7273611627060000417 ) ) ;
#103 = CARTESIAN_POINT ( 'NONE',  ( 4.207317222172000548, -5.150999830607999819, 0.8633392320939999864 ) ) ;
#104 = CARTESIAN_POINT ( 'NONE',  ( 3.019791546220999656, -5.149999830640999754, 0.7984090478490000198 ) ) ;
#105 = STYLED_ITEM ( 'NONE', ( #1239 ), #7462 ) ;
#106 = DIRECTION ( 'NONE',  ( 1.000000000000000000, -2.446283049834999907E-16, 0.000000000000000000 ) ) ;
#107 = VERTEX_POINT ( 'NONE', #7212 ) ;
#108 = ORIENTED_EDGE ( 'NONE', *, *, #1694, .T. ) ;
#109 = CARTESIAN_POINT ( 'NONE',  ( 3.706500545910000000, -5.149999830640999754, 0.7234010062100000304 ) ) ;
#110 = B_SPLINE_CURVE_WITH_KNOTS ( 'NONE', 3,
 ( #2364, #7096, #7046, #2997 ),
 .UNSPECIFIED., .F., .F.,
 ( 4, 4 ),
 ( 1.000000000000000000, 2.000000000000000000 ),
 .UNSPECIFIED. ) ;
#111 = CARTESIAN_POINT ( 'NONE',  ( 2.383152860003000306, -5.150999830607999819, 0.9475267208019999554 ) ) ;
#112 = ORIENTED_EDGE ( 'NONE', *, *, #1406, .T. ) ;
#113 = FACE_OUTER_BOUND ( 'NONE', #1676, .T. ) ;
#114 = AXIS2_PLACEMENT_3D ( 'NONE', #585, #7911, #8737 ) ;
#115 = CARTESIAN_POINT ( 'NONE',  ( 4.118035977518000657, -5.150999830607999819, 0.8831044727429999686 ) ) ;
#116 = LINE ( 'NONE', #5764, #9706 ) ;
#117 = CARTESIAN_POINT ( 'NONE',  ( 3.001148079577999894, -5.149999830640999754, 1.024120916380999891 ) ) ;
#118 = ADVANCED_FACE ( 'NONE', ( #4460 ), #7702, .F. ) ;
#119 = CARTESIAN_POINT ( 'NONE',  ( 3.559052214788000157, -5.149999830640999754, 0.7737325255350000486 ) ) ;
#120 = EDGE_CURVE ( 'NONE', #5535, #1112, #116, .T. ) ;
#121 = CARTESIAN_POINT ( 'NONE',  ( 3.790111635170000159, -5.150999830607999819, 1.142984734057999940 ) ) ;
#122 = ORIENTED_EDGE ( 'NONE', *, *, #6580, .T. ) ;
#123 = CARTESIAN_POINT ( 'NONE',  ( 4.222094683917999802, -5.150999830607999819, 0.8504450814610000631 ) ) ;
#124 = ORIENTED_EDGE ( 'NONE', *, *, #2601, .T. ) ;
#125 = AXIS2_PLACEMENT_3D ( 'NONE', #2624, #8255, #812 ) ;
#126 = ORIENTED_EDGE ( 'NONE', *, *, #284, .F. ) ;
#127 = DIRECTION ( 'NONE',  ( -0.3625544875040958015, 4.440011926378172531E-17, -0.9319625762822465465 ) ) ;
#128 = VERTEX_POINT ( 'NONE', #1616 ) ;
#129 = CARTESIAN_POINT ( 'NONE',  ( 3.849438959200000010, -5.150999830607999819, 0.7408953917490000984 ) ) ;
#130 = EDGE_LOOP ( 'NONE', ( #5883, #6282, #2592, #6804 ) ) ;
#131 = EDGE_CURVE ( 'NONE', #3162, #689, #5713, .T. ) ;
#132 = CARTESIAN_POINT ( 'NONE',  ( 3.539431146865999800, -5.149999830640999754, 0.7560913781960000302 ) ) ;
#133 = VECTOR ( 'NONE', #4889, 1000.000000000000000 ) ;
#134 = CARTESIAN_POINT ( 'NONE',  ( 3.489029962721999834, -5.150999830607999819, 0.7307661757790000490 ) ) ;
#135 = ORIENTED_EDGE ( 'NONE', *, *, #4087, .T. ) ;
#136 = ORIENTED_EDGE ( 'NONE', *, *, #3284, .T. ) ;
#137 = DIRECTION ( 'NONE',  ( 1.224646799146999945E-16, 1.000000000000000000, 0.000000000000000000 ) ) ;
#138 = DIRECTION ( 'NONE',  ( 0.007092178509952119791, -8.685413711194700105E-19, 0.9999748501857349536 ) ) ;
#139 = ORIENTED_EDGE ( 'NONE', *, *, #7309, .T. ) ;
#140 = CARTESIAN_POINT ( 'NONE',  ( 3.821446569039999908, -5.149999830640999754, 0.6791227954329999150 ) ) ;
#141 =( LENGTH_UNIT ( ) NAMED_UNIT ( * ) SI_UNIT ( .MILLI., .METRE. ) );
#142 = LINE ( 'NONE', #8172, #9133 ) ;
#143 = B_SPLINE_CURVE_WITH_KNOTS ( 'NONE', 3,
 ( #1671, #7367, #8206, #10378 ),
 .UNSPECIFIED., .F., .F.,
 ( 4, 4 ),
 ( 2.000000000000000000, 3.000000000000000000 ),
 .UNSPECIFIED. ) ;
#144 = FACE_OUTER_BOUND ( 'NONE', #2828, .T. ) ;
#145 = LINE ( 'NONE', #4409, #5745 ) ;
#146 = VECTOR ( 'NONE', #9873, 1000.000000000000000 ) ;
#147 = LINE ( 'NONE', #5166, #8009 ) ;
#148 = CARTESIAN_POINT ( 'NONE',  ( 3.649847018507999863, -5.150999830607999819, 1.062668429436999906 ) ) ;
#149 = ORIENTED_EDGE ( 'NONE', *, *, #1617, .F. ) ;
#150 = EDGE_CURVE ( 'NONE', #8281, #4831, #3158, .T. ) ;
#151 = VERTEX_POINT ( 'NONE', #3210 ) ;
#152 = FACE_OUTER_BOUND ( 'NONE', #290, .T. ) ;
#153 = ORIENTED_EDGE ( 'NONE', *, *, #47, .F. ) ;
#154 = CARTESIAN_POINT ( 'NONE',  ( 3.664512342141999834, -5.149999830640999754, 0.7114293499519999120 ) ) ;
#155 = CARTESIAN_POINT ( 'NONE',  ( 2.418522233773000352, -5.149999830640999754, 0.8373780778049999540 ) ) ;
#156 = CARTESIAN_POINT ( 'NONE',  ( 4.146443853371999388, -5.149999830640999754, 0.7029163779229998799 ) ) ;
#157 = EDGE_CURVE ( 'NONE', #1238, #9972, #7308, .T. ) ;
#158 = ADVANCED_FACE ( 'NONE', ( #7257 ), #7299, .T. ) ;
#159 = FACE_OUTER_BOUND ( 'NONE', #652, .T. ) ;
#160 = VERTEX_POINT ( 'NONE', #765 ) ;
#161 = ORIENTED_EDGE ( 'NONE', *, *, #3329, .F. ) ;
#162 = CARTESIAN_POINT ( 'NONE',  ( 2.954723762168999457, -5.149999830640999754, 0.7988705317950000051 ) ) ;
#163 = CARTESIAN_POINT ( 'NONE',  ( 5.149999830640999754, -5.149999830640999754, 0.04999999910078999771 ) ) ;
#164 = ORIENTED_EDGE ( 'NONE', *, *, #8730, .T. ) ;
#165 = CARTESIAN_POINT ( 'NONE',  ( 2.603501313235999870, -5.149999830640999754, 0.6177165876150000345 ) ) ;
#166 = ORIENTED_EDGE ( 'NONE', *, *, #7952, .F. ) ;
#167 = DIRECTION ( 'NONE',  ( 1.224646799146999945E-16, 1.000000000000000000, 0.000000000000000000 ) ) ;
#168 = CARTESIAN_POINT ( 'NONE',  ( 2.528773455554000016, -5.149999830640999754, 1.091096276592999903 ) ) ;
#169 = DIRECTION ( 'NONE',  ( 1.000000000000000000, -2.449293598295000758E-16, 0.000000000000000000 ) ) ;
#170 = FACE_OUTER_BOUND ( 'NONE', #5721, .T. ) ;
#171 =( LENGTH_UNIT ( ) NAMED_UNIT ( * ) SI_UNIT ( .MILLI., .METRE. ) );
#172 = B_SPLINE_SURFACE_WITH_KNOTS ( 'NONE', 3, 1, ( 
 ( #799, #3250 ),
 ( #2507, #8802 ),
 ( #56, #4811 ),
 ( #6540, #10363 ) ),
 .UNSPECIFIED., .F., .F., .F.,
 ( 4, 4 ),
 ( 2, 2 ),
 ( 17.00000000000000000, 18.00000000000000000 ),
 ( 0.000000000000000000, 1.000000000000000000 ),
 .UNSPECIFIED. ) ;
#173 = ORIENTED_EDGE ( 'NONE', *, *, #4087, .F. ) ;
#174 = CARTESIAN_POINT ( 'NONE',  ( 3.012715674600999982, -5.150999830607999819, 1.024038874869000137 ) ) ;
#175 = VERTEX_POINT ( 'NONE', #9009 ) ;
#176 = PLANE ( 'NONE',  #4112 ) ;
#177 = EDGE_CURVE ( 'NONE', #8909, #10162, #6608, .T. ) ;
#178 = VERTEX_POINT ( 'NONE', #4826 ) ;
#179 = CARTESIAN_POINT ( 'NONE',  ( 3.546263882025999958, -5.149999830640999754, 0.7665447367279999424 ) ) ;
#180 = AXIS2_PLACEMENT_3D ( 'NONE', #3448, #9250, #1962 ) ;
#181 = ORIENTED_EDGE ( 'NONE', *, *, #5191, .T. ) ;
#182 = CARTESIAN_POINT ( 'NONE',  ( 3.832810988535999996, -5.149999830640999754, 0.7054527093399999282 ) ) ;
#183 = B_SPLINE_CURVE_WITH_KNOTS ( 'NONE', 3,
 ( #6508, #1514, #7259, #3215 ),
 .UNSPECIFIED., .F., .F.,
 ( 4, 4 ),
 ( 23.00000000000000000, 24.00000000000000000 ),
 .UNSPECIFIED. ) ;
#184 = CARTESIAN_POINT ( 'NONE',  ( 3.649847018507999863, -5.150999830607999819, 1.062668429436999906 ) ) ;
#185 = VERTEX_POINT ( 'NONE', #1669 ) ;
#186 = STYLED_ITEM ( 'NONE', ( #1520 ), #4529 ) ;
#187 = EDGE_CURVE ( 'NONE', #10410, #1306, #9068, .T. ) ;
#188 =( GEOMETRIC_REPRESENTATION_CONTEXT ( 3 ) GLOBAL_UNCERTAINTY_ASSIGNED_CONTEXT ( ( #796 ) ) GLOBAL_UNIT_ASSIGNED_CONTEXT ( ( #7893, #7645, #9693 ) ) REPRESENTATION_CONTEXT ( 'NONE', 'WORKASPACE' ) );
#189 = VECTOR ( 'NONE', #2511, 1000.000000000000000 ) ;
#190 = PRESENTATION_LAYER_ASSIGNMENT (  '', '', ( #3598 ) ) ;
#191 = EDGE_LOOP ( 'NONE', ( #4530, #7442, #8582, #3046 ) ) ;
#192 = VECTOR ( 'NONE', #7103, 1000.000000000000000 ) ;
#193 = CARTESIAN_POINT ( 'NONE',  ( -5.149999830640999754, -0.4499999852019999635, 0.3499999892349999753 ) ) ;
#194 = B_SPLINE_SURFACE_WITH_KNOTS ( 'NONE', 3, 1, ( 
 ( #3229, #140 ),
 ( #9724, #10507 ),
 ( #6467, #2450 ),
 ( #8282, #8170 ) ),
 .UNSPECIFIED., .F., .F., .F.,
 ( 4, 4 ),
 ( 2, 2 ),
 ( 5.000000000000000000, 6.000000000000000000 ),
 ( 0.000000000000000000, 1.000000000000000000 ),
 .UNSPECIFIED. ) ;
#195 = B_SPLINE_CURVE_WITH_KNOTS ( 'NONE', 3,
 ( #1574, #5526, #4022, #8821 ),
 .UNSPECIFIED., .F., .F.,
 ( 4, 4 ),
 ( 7.000000000000000000, 8.000000000000000000 ),
 .UNSPECIFIED. ) ;
#196 = ORIENTED_EDGE ( 'NONE', *, *, #78, .F. ) ;
#197 = DIRECTION ( 'NONE',  ( -1.000000000000000000, 1.224646799146999945E-16, 0.000000000000000000 ) ) ;
#198 = CARTESIAN_POINT ( 'NONE',  ( 3.789946454243000140, -5.150999830607999819, 1.119694743251999913 ) ) ;
#199 = PLANE ( 'NONE',  #4877 ) ;
#200 = CARTESIAN_POINT ( 'NONE',  ( 2.799996873487999860, -5.149999830640999754, 1.206300488801999915 ) ) ;
#201 = UNCERTAINTY_MEASURE_WITH_UNIT (LENGTH_MEASURE( 1.000000000000000082E-05 ), #726, 'distance_accuracy_value', 'NONE');
#202 = EDGE_CURVE ( 'NONE', #8243, #6681, #964, .T. ) ;
#203 = CARTESIAN_POINT ( 'NONE',  ( 3.919895581101999316, -5.149999830640999754, 1.050355308329999904 ) ) ;
#204 = ADVANCED_FACE ( 'NONE', ( #4169 ), #7365, .F. ) ;
#205 = AXIS2_PLACEMENT_3D ( 'NONE', #5101, #8451, #253 ) ;
#206 = CARTESIAN_POINT ( 'NONE',  ( 5.799999809265000472, 0.4499999852019999635, -3.712307892621000249 ) ) ;
#207 = VECTOR ( 'NONE', #4824, 1000.000000000000000 ) ;
#208 = ORIENTED_EDGE ( 'NONE', *, *, #7956, .T. ) ;
#209 = PRESENTATION_STYLE_ASSIGNMENT (( #7491 ) ) ;
#210 = COLOUR_RGB ( '',0.2470588235294117752, 0.2470588235294117752, 0.2470588235294117752 ) ;
#211 = ORIENTED_EDGE ( 'NONE', *, *, #2613, .F. ) ;
#212 = PLANE ( 'NONE',  #10384 ) ;
#213 = UNCERTAINTY_MEASURE_WITH_UNIT (LENGTH_MEASURE( 1.000000000000000082E-05 ), #1289, 'distance_accuracy_value', 'NONE');
#214 =( LENGTH_UNIT ( ) NAMED_UNIT ( * ) SI_UNIT ( .MILLI., .METRE. ) );
#215 = MECHANICAL_DESIGN_GEOMETRIC_PRESENTATION_REPRESENTATION (  '', ( #1235 ), #2762 ) ;
#216 =( LENGTH_UNIT ( ) NAMED_UNIT ( * ) SI_UNIT ( .MILLI., .METRE. ) );
#217 = CARTESIAN_POINT ( 'NONE',  ( 4.355807136685999836, -5.150999830607999819, 0.8645736134990000821 ) ) ;
#218 = B_SPLINE_CURVE_WITH_KNOTS ( 'NONE', 3,
 ( #7826, #1440, #8799, #546 ),
 .UNSPECIFIED., .F., .F.,
 ( 4, 4 ),
 ( 21.00000000000000000, 22.00000000000000000 ),
 .UNSPECIFIED. ) ;
#219 = EDGE_CURVE ( 'NONE', #8967, #1929, #7719, .T. ) ;
#220 = LINE ( 'NONE', #6810, #6823 ) ;
#221 = CIRCLE ( 'NONE', #388, 4.876664484086999707 ) ;
#222 = CARTESIAN_POINT ( 'NONE',  ( 3.976819062679000538, -5.149999830640999754, 1.130326892396000149 ) ) ;
#223 = ORIENTED_EDGE ( 'NONE', *, *, #7568, .F. ) ;
#224 = VERTEX_POINT ( 'NONE', #910 ) ;
#225 = DIRECTION ( 'NONE',  ( -1.224646799147343839E-16, -1.000000000000000000, 0.000000000000000000 ) ) ;
#226 = EDGE_CURVE ( 'NONE', #1425, #10097, #8253, .T. ) ;
#227 = CARTESIAN_POINT ( 'NONE',  ( 4.042340543815000409, -5.150999830607999819, 0.7952596890100001037 ) ) ;
#228 = VERTEX_POINT ( 'NONE', #2563 ) ;
#229 = CARTESIAN_POINT ( 'NONE',  ( 4.359859143105000001, -5.150999830607999819, 0.8787899164679999764 ) ) ;
#230 = ORIENTED_EDGE ( 'NONE', *, *, #7101, .F. ) ;
#231 = LINE ( 'NONE', #2672, #3170 ) ;
#232 = ADVANCED_FACE ( 'NONE', ( #4014 ), #4221, .T. ) ;
#233 = CARTESIAN_POINT ( 'NONE',  ( 2.383152860003000306, -5.149999830640999754, 0.9475267208019999554 ) ) ;
#234 = CARTESIAN_POINT ( 'NONE',  ( 2.904105339003999919, -5.150999830607999819, 1.205562114409999941 ) ) ;
#235 = B_SPLINE_SURFACE_WITH_KNOTS ( 'NONE', 3, 1, ( 
 ( #1619, #3111 ),
 ( #8814, #3057 ),
 ( #10432, #5619 ),
 ( #3005, #6346 ) ),
 .UNSPECIFIED., .F., .F., .F.,
 ( 4, 4 ),
 ( 2, 2 ),
 ( 9.000000000000000000, 10.00000000000000000 ),
 ( 0.000000000000000000, 1.000000000000000000 ),
 .UNSPECIFIED. ) ;
#236 = CARTESIAN_POINT ( 'NONE',  ( 3.748826853226999489, -5.149999830640999754, 0.7757138849769998901 ) ) ;
#237 = VERTEX_POINT ( 'NONE', #10009 ) ;
#238 = AXIS2_PLACEMENT_3D ( 'NONE', #2423, #3964, #6344 ) ;
#239 = CARTESIAN_POINT ( 'NONE',  ( 3.954669080421999716, -5.150999830607999819, 1.071320276524999837 ) ) ;
#240 = ORIENTED_EDGE ( 'NONE', *, *, #1098, .F. ) ;
#241 = CARTESIAN_POINT ( 'NONE',  ( 2.990298348472000267, -5.149999830640999754, 1.125419510863000072 ) ) ;
#242 = ORIENTED_EDGE ( 'NONE', *, *, #1016, .F. ) ;
#243 = CARTESIAN_POINT ( 'NONE',  ( 3.649847018507999863, -5.149999830640999754, 1.062668429436999906 ) ) ;
#244 = ORIENTED_EDGE ( 'NONE', *, *, #654, .T. ) ;
#245 = DIRECTION ( 'NONE',  ( -0.9999748501857348426, 0.000000000000000000, 0.007092178509963118806 ) ) ;
#246 =( NAMED_UNIT ( * ) SI_UNIT ( $, .STERADIAN. ) SOLID_ANGLE_UNIT ( ) );
#247 = ORIENTED_EDGE ( 'NONE', *, *, #3710, .T. ) ;
#248 = CARTESIAN_POINT ( 'NONE',  ( 2.449246163935000276, -5.150999830607999819, 1.091660312527000132 ) ) ;
#249 = ORIENTED_EDGE ( 'NONE', *, *, #4310, .T. ) ;
#250 = CARTESIAN_POINT ( 'NONE',  ( 2.633835545335000194, -5.150999830607999819, 0.8170526218750000513 ) ) ;
#251 = ORIENTED_EDGE ( 'NONE', *, *, #5873, .T. ) ;
#252 = CARTESIAN_POINT ( 'NONE',  ( 3.214359130545999754, -5.150999830607999819, 0.9112649828970000865 ) ) ;
#253 = DIRECTION ( 'NONE',  ( -1.000000000000000000, 1.224646799146999945E-16, 0.000000000000000000 ) ) ;
#254 = CARTESIAN_POINT ( 'NONE',  ( 3.479283045296999610, -5.150999830607999819, 0.8225442560619999899 ) ) ;
#255 = ADVANCED_FACE ( 'NONE', ( #2041 ), #10504, .F. ) ;
#256 = CARTESIAN_POINT ( 'NONE',  ( 3.849184916302999859, -5.149999830640999754, 0.6830852013049999449 ) ) ;
#257 = EDGE_CURVE ( 'NONE', #3166, #2903, #355, .T. ) ;
#258 = CARTESIAN_POINT ( 'NONE',  ( 4.146452337122999765, -5.149999830640999754, 0.7261035016779999740 ) ) ;
#259 = ORIENTED_EDGE ( 'NONE', *, *, #6220, .T. ) ;
#260 = LINE ( 'NONE', #5223, #635 ) ;
#261 = CARTESIAN_POINT ( 'NONE',  ( 3.706339445132999622, -5.150999830607999819, 0.8546228936949999966 ) ) ;
#262 = ORIENTED_EDGE ( 'NONE', *, *, #9552, .T. ) ;
#263 = CARTESIAN_POINT ( 'NONE',  ( 4.246179205575999482, -5.150999830607999819, 0.7497271494970000338 ) ) ;
#264 = DIRECTION ( 'NONE',  ( 1.224646799146999945E-16, 1.000000000000000000, 0.000000000000000000 ) ) ;
#265 = CARTESIAN_POINT ( 'NONE',  ( 3.634914699641999647, -5.149999830640999754, 1.053728213688000181 ) ) ;
#266 = DIRECTION ( 'NONE',  ( 0.007092178509971119350, -8.685413711217697635E-19, 0.9999748501857348426 ) ) ;
#267 = DIRECTION ( 'NONE',  ( 0.000000000000000000, -1.000000000000000000, 1.726713446069260113E-14 ) ) ;
#268 = ORIENTED_EDGE ( 'NONE', *, *, #10002, .T. ) ;
#269 = ORIENTED_EDGE ( 'NONE', *, *, #1083, .F. ) ;
#270 = CARTESIAN_POINT ( 'NONE',  ( 2.249999926008000362, -0.4499999852019999635, 7.450579042612001036E-10 ) ) ;
#271 = VECTOR ( 'NONE', #5144, 1000.000000000000000 ) ;
#272 = ORIENTED_EDGE ( 'NONE', *, *, #8825, .T. ) ;
#273 = VERTEX_POINT ( 'NONE', #1131 ) ;
#274 = CARTESIAN_POINT ( 'NONE',  ( 3.954669080421999716, -5.150999830607999819, 1.071320276524999837 ) ) ;
#275 = ORIENTED_EDGE ( 'NONE', *, *, #3657, .T. ) ;
#276 = CARTESIAN_POINT ( 'NONE',  ( 3.513430844633000039, -5.150999830607999819, 0.7332965545009999531 ) ) ;
#277 = DIRECTION ( 'NONE',  ( 0.007092178509953119860, -8.685413711194700105E-19, 0.9999748501857349536 ) ) ;
#278 = CARTESIAN_POINT ( 'NONE',  ( 3.562050848458000019, -5.149999830640999754, 0.7933631763709999563 ) ) ;
#279 = B_SPLINE_CURVE_WITH_KNOTS ( 'NONE', 3,
 ( #1496, #8754, #9583, #3198 ),
 .UNSPECIFIED., .F., .F.,
 ( 4, 4 ),
 ( 5.000000000000000000, 6.000000000000000000 ),
 .UNSPECIFIED. ) ;
#280 = CARTESIAN_POINT ( 'NONE',  ( 4.180793746149999990, -5.150999830607999819, 0.9060545129810000375 ) ) ;
#281 = ADVANCED_FACE ( 'NONE', ( #9228 ), #1939, .F. ) ;
#282 = ORIENTED_EDGE ( 'NONE', *, *, #1632, .F. ) ;
#283 = CARTESIAN_POINT ( 'NONE',  ( 3.575721517814999917, -5.149999830640999754, 1.049572983115000024 ) ) ;
#284 = EDGE_CURVE ( 'NONE', #6182, #5611, #5189, .T. ) ;
#285 = CARTESIAN_POINT ( 'NONE',  ( 5.149999830640999754, -5.149999830640999754, 2.049999933330000079 ) ) ;
#286 = AXIS2_PLACEMENT_3D ( 'NONE', #9420, #2975, #10301 ) ;
#287 = ORIENTED_EDGE ( 'NONE', *, *, #7470, .F. ) ;
#288 = EDGE_CURVE ( 'NONE', #6788, #8035, #3532, .T. ) ;
#289 = EDGE_LOOP ( 'NONE', ( #9521, #9704, #5924, #6702, #4557, #8989, #4113, #196 ) ) ;
#290 = EDGE_LOOP ( 'NONE', ( #5757, #9276, #6403, #3460 ) ) ;
#291 = DIRECTION ( 'NONE',  ( 0.000000000000000000, 0.000000000000000000, 1.000000000000000000 ) ) ;
#292 = CARTESIAN_POINT ( 'NONE',  ( 3.561801304313000127, -5.149999830640999754, 1.205327379902000118 ) ) ;
#293 =( GEOMETRIC_REPRESENTATION_CONTEXT ( 3 ) GLOBAL_UNCERTAINTY_ASSIGNED_CONTEXT ( ( #2125 ) ) GLOBAL_UNIT_ASSIGNED_CONTEXT ( ( #9350, #4304, #1207 ) ) REPRESENTATION_CONTEXT ( 'NONE', 'WORKASPACE' ) );
#294 = ADVANCED_FACE ( 'NONE', ( #10062, #1182 ), #3636, .F. ) ;
#295 = EDGE_CURVE ( 'NONE', #5997, #6374, #9731, .T. ) ;
#296 = ORIENTED_EDGE ( 'NONE', *, *, #3914, .F. ) ;
#297 = VECTOR ( 'NONE', #7366, 1000.000000000000000 ) ;
#298 = DIRECTION ( 'NONE',  ( -1.000000000000000000, 1.224646799147000192E-16, 0.000000000000000000 ) ) ;
#299 = EDGE_LOOP ( 'NONE', ( #6985, #482, #2695, #8483 ) ) ;
#300 = LINE ( 'NONE', #7477, #9363 ) ;
#301 = VECTOR ( 'NONE', #6268, 1000.000000000000114 ) ;
#302 = VECTOR ( 'NONE', #1748, 1000.000000000000000 ) ;
#303 = VERTEX_POINT ( 'NONE', #3421 ) ;
#304 = SURFACE_SIDE_STYLE ('',( #8225 ) ) ;
#305 = CARTESIAN_POINT ( 'NONE',  ( 3.928399656579000254, -5.150999830607999819, 1.230489567224000158 ) ) ;
#306 = DIRECTION ( 'NONE',  ( 0.000000000000000000, 0.000000000000000000, 1.000000000000000000 ) ) ;
#307 = CARTESIAN_POINT ( 'NONE',  ( 2.625252213153999925, -5.150999830607999819, 1.237906332211999860 ) ) ;
#308 = CARTESIAN_POINT ( 'NONE',  ( 3.078480758888999969, -5.149999830640999754, 0.7141234516050000147 ) ) ;
#309 = B_SPLINE_CURVE_WITH_KNOTS ( 'NONE', 3,
 ( #3584, #3640, #2787, #5975 ),
 .UNSPECIFIED., .F., .F.,
 ( 4, 4 ),
 ( 5.000000000000000000, 6.000000000000000000 ),
 .UNSPECIFIED. ) ;
#310 = CARTESIAN_POINT ( 'NONE',  ( 0.000000000000000000, 0.000000000000000000, 2.049999933330000079 ) ) ;
#311 = VERTEX_POINT ( 'NONE', #5292 ) ;
#312 = EDGE_CURVE ( 'NONE', #224, #1829, #1099, .T. ) ;
#313 = ORIENTED_EDGE ( 'NONE', *, *, #7517, .F. ) ;
#314 = DIRECTION ( 'NONE',  ( -0.9999748501857348426, 1.224615999507673436E-16, 0.007092178509967119078 ) ) ;
#315 = CARTESIAN_POINT ( 'NONE',  ( 4.225613530116000049, -5.149999830640999754, 0.7308449608110000328 ) ) ;
#316 = DIRECTION ( 'NONE',  ( 1.000000000000000000, -1.224646799147000192E-16, 0.000000000000000000 ) ) ;
#317 = CARTESIAN_POINT ( 'NONE',  ( 4.229033223025000510, -5.149999830640999754, 0.7805223838829999927 ) ) ;
#318 = B_SPLINE_CURVE_WITH_KNOTS ( 'NONE', 3,
 ( #4226, #5923, #4386, #5020 ),
 .UNSPECIFIED., .F., .F.,
 ( 4, 4 ),
 ( 3.000000000000000000, 4.000000000000000000 ),
 .UNSPECIFIED. ) ;
#319 = FACE_OUTER_BOUND ( 'NONE', #10166, .T. ) ;
#320 = CARTESIAN_POINT ( 'NONE',  ( 3.534044812642999744, -5.149999830640999754, 0.7076756440860000330 ) ) ;
#321 = ORIENTED_EDGE ( 'NONE', *, *, #3490, .T. ) ;
#322 = ORIENTED_EDGE ( 'NONE', *, *, #5940, .T. ) ;
#323 = CARTESIAN_POINT ( 'NONE',  ( 3.019791546220999656, -5.150999830607999819, 0.7984090478490000198 ) ) ;
#324 = VECTOR ( 'NONE', #4439, 1000.000000000000000 ) ;
#325 = EDGE_CURVE ( 'NONE', #3346, #5916, #5072, .T. ) ;
#326 = CARTESIAN_POINT ( 'NONE',  ( 3.001148079577999894, -5.149999830640999754, 1.024120916380999891 ) ) ;
#327 = ORIENTED_EDGE ( 'NONE', *, *, #1489, .F. ) ;
#328 = ORIENTED_EDGE ( 'NONE', *, *, #7382, .F. ) ;
#329 = DIRECTION ( 'NONE',  ( 1.224646799146999945E-16, 1.000000000000000000, 0.000000000000000000 ) ) ;
#330 = ORIENTED_EDGE ( 'NONE', *, *, #10437, .T. ) ;
#331 = SURFACE_STYLE_USAGE ( .BOTH. , #9432 ) ;
#332 = PRESENTATION_STYLE_ASSIGNMENT (( #9277 ) ) ;
#333 = CARTESIAN_POINT ( 'NONE',  ( 3.604901802074000017, -5.150999830607999819, 0.7657129420589999791 ) ) ;
#334 = EDGE_CURVE ( 'NONE', #6737, #7189, #7516, .T. ) ;
#335 = CARTESIAN_POINT ( 'NONE',  ( 2.749121908788000113, -5.150999830607999819, 0.7612861434059999821 ) ) ;
#336 = VERTEX_POINT ( 'NONE', #5132 ) ;
#337 = LINE ( 'NONE', #5872, #5930 ) ;
#338 =( GEOMETRIC_REPRESENTATION_CONTEXT ( 3 ) GLOBAL_UNCERTAINTY_ASSIGNED_CONTEXT ( ( #5214 ) ) GLOBAL_UNIT_ASSIGNED_CONTEXT ( ( #8948, #9741, #9784 ) ) REPRESENTATION_CONTEXT ( 'NONE', 'WORKASPACE' ) );
#339 = DIRECTION ( 'NONE',  ( 0.000000000000000000, 0.000000000000000000, -1.000000000000000000 ) ) ;
#340 = ORIENTED_EDGE ( 'NONE', *, *, #1471, .T. ) ;
#341 = CARTESIAN_POINT ( 'NONE',  ( 3.485515178107999823, -5.149999830640999754, 0.8875905359869999955 ) ) ;
#342 = ORIENTED_EDGE ( 'NONE', *, *, #325, .T. ) ;
#343 = LINE ( 'NONE', #2002, #3441 ) ;
#344 = ORIENTED_EDGE ( 'NONE', *, *, #7546, .T. ) ;
#345 = FACE_OUTER_BOUND ( 'NONE', #5156, .T. ) ;
#346 = CARTESIAN_POINT ( 'NONE',  ( 4.108560826473000027, -5.150999830607999819, 1.196458602886999900 ) ) ;
#347 = ADVANCED_FACE ( 'NONE', ( #10219 ), #9662, .F. ) ;
#348 = VERTEX_POINT ( 'NONE', #3800 ) ;
#349 = ORIENTED_EDGE ( 'NONE', *, *, #3830, .T. ) ;
#350 = B_SPLINE_CURVE_WITH_KNOTS ( 'NONE', 3,
 ( #6951, #6132, #6284, #4443 ),
 .UNSPECIFIED., .F., .F.,
 ( 4, 4 ),
 ( 4.000000000000000000, 5.000000000000000000 ),
 .UNSPECIFIED. ) ;
#351 = VECTOR ( 'NONE', #7313, 1000.000000000000000 ) ;
#352 = DIRECTION ( 'NONE',  ( 1.224646799146999945E-16, 1.000000000000000000, 0.000000000000000000 ) ) ;
#353 = ORIENTED_EDGE ( 'NONE', *, *, #6632, .F. ) ;
#354 = DIRECTION ( 'NONE',  ( -1.000000000000000000, 2.446283049834999907E-16, 0.000000000000000000 ) ) ;
#355 = LINE ( 'NONE', #6666, #3777 ) ;
#356 = CARTESIAN_POINT ( 'NONE',  ( 3.691653781092000042, -5.149999830640999754, 0.8144874076079999803 ) ) ;
#357 = CARTESIAN_POINT ( 'NONE',  ( 3.785124898571999630, -5.149999830640999754, 0.6377890403820000165 ) ) ;
#358 = LINE ( 'NONE', #6862, #2579 ) ;
#359 = SURFACE_STYLE_FILL_AREA ( #992 ) ;
#360 = MECHANICAL_DESIGN_GEOMETRIC_PRESENTATION_REPRESENTATION (  '', ( #5465 ), #9861 ) ;
#361 = B_SPLINE_SURFACE_WITH_KNOTS ( 'NONE', 3, 1, ( 
 ( #6881, #10109 ),
 ( #2829, #8524 ),
 ( #9327, #1079 ),
 ( #3681, #4329 ) ),
 .UNSPECIFIED., .F., .F., .F.,
 ( 4, 4 ),
 ( 2, 2 ),
 ( 3.000000000000000000, 4.000000000000000000 ),
 ( 0.000000000000000000, 1.000000000000000000 ),
 .UNSPECIFIED. ) ;
#362 = FACE_OUTER_BOUND ( 'NONE', #10383, .T. ) ;
#363 =( GEOMETRIC_REPRESENTATION_CONTEXT ( 3 ) GLOBAL_UNCERTAINTY_ASSIGNED_CONTEXT ( ( #841 ) ) GLOBAL_UNIT_ASSIGNED_CONTEXT ( ( #5383, #3625, #8572 ) ) REPRESENTATION_CONTEXT ( 'NONE', 'WORKASPACE' ) );
#364 = VECTOR ( 'NONE', #2448, 1000.000000000000000 ) ;
#365 = CARTESIAN_POINT ( 'NONE',  ( 3.485515178107999823, -5.150999830607999819, 0.8875905359869999955 ) ) ;
#366 = CARTESIAN_POINT ( 'NONE',  ( 3.697120481929000224, -5.149999830640999754, 0.8009314433930000421 ) ) ;
#367 = ORIENTED_EDGE ( 'NONE', *, *, #1632, .T. ) ;
#368 = CARTESIAN_POINT ( 'NONE',  ( 3.651016558460999928, -5.150999830607999819, 1.227569882195999718 ) ) ;
#369 = FACE_OUTER_BOUND ( 'NONE', #487, .T. ) ;
#370 = CARTESIAN_POINT ( 'NONE',  ( 3.593774455652000377, -5.150999830607999819, 0.7361580162460000798 ) ) ;
#371 = CIRCLE ( 'NONE', #1557, 4.499999852016000723 ) ;
#372 = VECTOR ( 'NONE', #6410, 1000.000000000000000 ) ;
#373 = VECTOR ( 'NONE', #6354, 1000.000000000000114 ) ;
#374 = DIRECTION ( 'NONE',  ( 0.000000000000000000, -1.000000000000000000, 1.726713446069499927E-14 ) ) ;
#375 = PLANE ( 'NONE',  #10393 ) ;
#376 = ADVANCED_FACE ( 'NONE', ( #3895 ), #4843, .F. ) ;
#377 = VERTEX_POINT ( 'NONE', #7041 ) ;
#378 = EDGE_CURVE ( 'NONE', #3554, #4872, #8685, .T. ) ;
#379 = SURFACE_SIDE_STYLE ('',( #2929 ) ) ;
#380 = VECTOR ( 'NONE', #9070, 1000.000000000000000 ) ;
#381 = FILL_AREA_STYLE ('',( #10161 ) ) ;
#382 = EDGE_LOOP ( 'NONE', ( #7885, #5416, #448, #4612 ) ) ;
#383 = VERTEX_POINT ( 'NONE', #9529 ) ;
#384 = CARTESIAN_POINT ( 'NONE',  ( 2.946058334734000361, -5.149999830640999754, 0.8003779915239999099 ) ) ;
#385 = ORIENTED_EDGE ( 'NONE', *, *, #7922, .T. ) ;
#386 = CARTESIAN_POINT ( 'NONE',  ( 4.118035977518000657, -5.150999830607999819, 0.8831044727429999686 ) ) ;
#387 = DIRECTION ( 'NONE',  ( 1.224646799146999945E-16, 1.000000000000000000, 0.000000000000000000 ) ) ;
#388 = AXIS2_PLACEMENT_3D ( 'NONE', #3614, #6801, #1969 ) ;
#389 = LINE ( 'NONE', #278, #10314 ) ;
#390 = CARTESIAN_POINT ( 'NONE',  ( 5.149999830640999754, -5.149999830640999754, 0.04999999910078999771 ) ) ;
#391 = EDGE_CURVE ( 'NONE', #9996, #1743, #10313, .T. ) ;
#392 = VECTOR ( 'NONE', #9417, 1000.000000000000114 ) ;
#393 =( LENGTH_UNIT ( ) NAMED_UNIT ( * ) SI_UNIT ( .MILLI., .METRE. ) );
#394 = DIRECTION ( 'NONE',  ( -1.000000000000000000, 1.224646799146999945E-16, 0.000000000000000000 ) ) ;
#395 = EDGE_CURVE ( 'NONE', #36, #8919, #7319, .T. ) ;
#396 = ORIENTED_EDGE ( 'NONE', *, *, #8218, .T. ) ;
#397 = EDGE_CURVE ( 'NONE', #1987, #336, #4590, .T. ) ;
#398 = DIRECTION ( 'NONE',  ( -1.000000000000000000, 1.224646799146999945E-16, 0.000000000000000000 ) ) ;
#399 = CARTESIAN_POINT ( 'NONE',  ( 3.566033526276999766, -5.150999830607999819, 0.7245012268460000460 ) ) ;
#400 = VERTEX_POINT ( 'NONE', #7778 ) ;
#401 = DIRECTION ( 'NONE',  ( 1.224646799146999945E-16, 1.000000000000000000, 0.000000000000000000 ) ) ;
#402 = ADVANCED_FACE ( 'NONE', ( #10270 ), #6331, .F. ) ;
#403 = VERTEX_POINT ( 'NONE', #9433 ) ;
#404 = CARTESIAN_POINT ( 'NONE',  ( 5.799999809265000472, -0.4499999852019999635, -3.712307892621000249 ) ) ;
#405 =( NAMED_UNIT ( * ) SI_UNIT ( $, .STERADIAN. ) SOLID_ANGLE_UNIT ( ) );
#406 = ORIENTED_EDGE ( 'NONE', *, *, #4967, .F. ) ;
#407 = CARTESIAN_POINT ( 'NONE',  ( 2.659247335996000050, -5.149999830640999754, 0.7301109829720000555 ) ) ;
#408 = AXIS2_PLACEMENT_3D ( 'NONE', #7230, #5041, #6574 ) ;
#409 = ORIENTED_EDGE ( 'NONE', *, *, #2496, .T. ) ;
#410 = VERTEX_POINT ( 'NONE', #7881 ) ;
#411 = CARTESIAN_POINT ( 'NONE',  ( 3.488865519211000077, -5.149999830640999754, 0.7075801581470000379 ) ) ;
#412 = EDGE_LOOP ( 'NONE', ( #7522, #10015, #9428, #4266 ) ) ;
#413 = CARTESIAN_POINT ( 'NONE',  ( 2.602670668108999941, -5.150999830607999819, 0.7044837779389999666 ) ) ;
#414 = CARTESIAN_POINT ( 'NONE',  ( 4.052252642168000740, -5.150999830607999819, 0.7267715995329999679 ) ) ;
#415 = CARTESIAN_POINT ( 'NONE',  ( 3.944150803854999499, -5.149999830640999754, 0.9077328691820000239 ) ) ;
#416 = EDGE_CURVE ( 'NONE', #377, #5932, #2096, .T. ) ;
#417 = LINE ( 'NONE', #6911, #25 ) ;
#418 = UNCERTAINTY_MEASURE_WITH_UNIT (LENGTH_MEASURE( 1.000000000000000082E-05 ), #6146, 'distance_accuracy_value', 'NONE');
#419 = CARTESIAN_POINT ( 'NONE',  ( 3.539375103337000006, -5.150999830607999819, 0.7481894170299999702 ) ) ;
#420 = DIRECTION ( 'NONE',  ( -0.007092178509961118670, 8.685413711205699091E-19, -0.9999748501857348426 ) ) ;
#421 = EDGE_CURVE ( 'NONE', #4834, #506, #2143, .T. ) ;
#422 = SURFACE_STYLE_FILL_AREA ( #8457 ) ;
#423 = LINE ( 'NONE', #1270, #392 ) ;
#424 = ORIENTED_EDGE ( 'NONE', *, *, #7861, .F. ) ;
#425 = FILL_AREA_STYLE_COLOUR ( '', #722 ) ;
#426 =( NAMED_UNIT ( * ) PLANE_ANGLE_UNIT ( ) SI_UNIT ( $, .RADIAN. ) );
#427 = CARTESIAN_POINT ( 'NONE',  ( 2.539510405645000191, -5.149999830640999754, 1.177781452984000055 ) ) ;
#428 = PLANE ( 'NONE',  #1034 ) ;
#429 = DIRECTION ( 'NONE',  ( -0.007092178509962118738, 8.685413711206696723E-19, -0.9999748501857348426 ) ) ;
#430 = EDGE_CURVE ( 'NONE', #693, #1649, #218, .T. ) ;
#431 = EDGE_LOOP ( 'NONE', ( #3619, #9574, #8417, #2272 ) ) ;
#432 = CARTESIAN_POINT ( 'NONE',  ( 4.192510610491999579, -5.150999830607999819, 0.7328473713860000904 ) ) ;
#433 =( NAMED_UNIT ( * ) PLANE_ANGLE_UNIT ( ) SI_UNIT ( $, .RADIAN. ) );
#434 = VERTEX_POINT ( 'NONE', #9581 ) ;
#435 = ORIENTED_EDGE ( 'NONE', *, *, #9382, .T. ) ;
#436 = B_SPLINE_CURVE_WITH_KNOTS ( 'NONE', 3,
 ( #6798, #9093, #9929, #9256 ),
 .UNSPECIFIED., .F., .F.,
 ( 4, 4 ),
 ( 8.000000000000000000, 9.000000000000000000 ),
 .UNSPECIFIED. ) ;
#437 = DIRECTION ( 'NONE',  ( 1.224646799146999945E-16, 1.000000000000000000, 0.000000000000000000 ) ) ;
#438 = VERTEX_POINT ( 'NONE', #3843 ) ;
#439 = CARTESIAN_POINT ( 'NONE',  ( 3.124279453974000198, -5.150999830607999819, 0.8511708349069999624 ) ) ;
#440 = CARTESIAN_POINT ( 'NONE',  ( 3.785749109799999790, -5.149999830640999754, 0.6598280347419999137 ) ) ;
#441 = DIRECTION ( 'NONE',  ( -1.224646799147343839E-16, -1.000000000000000000, 0.000000000000000000 ) ) ;
#442 = DIRECTION ( 'NONE',  ( 0.000000000000000000, 0.000000000000000000, 1.000000000000000000 ) ) ;
#443 = EDGE_LOOP ( 'NONE', ( #1021, #9619, #10159, #9968, #6188, #3268, #1725, #817, #9723, #5961, #4286, #8486 ) ) ;
#444 = DIRECTION ( 'NONE',  ( 0.000000000000000000, 0.000000000000000000, -1.000000000000000000 ) ) ;
#445 = DIRECTION ( 'NONE',  ( -0.007092178509961118670, 8.685413711205699091E-19, -0.9999748501857348426 ) ) ;
#446 = ORIENTED_EDGE ( 'NONE', *, *, #8660, .F. ) ;
#447 = CARTESIAN_POINT ( 'NONE',  ( 3.722247340639000424, -5.150999830607999819, 0.8545100692229999906 ) ) ;
#448 = ORIENTED_EDGE ( 'NONE', *, *, #7987, .F. ) ;
#449 = VECTOR ( 'NONE', #3103, 1000.000000000000114 ) ;
#450 = DIRECTION ( 'NONE',  ( 0.007092178509967119078, -8.685413711212699846E-19, 0.9999748501857348426 ) ) ;
#451 = CARTESIAN_POINT ( 'NONE',  ( 2.749121908788000113, -5.150999830607999819, 0.7612861434059999821 ) ) ;
#452 = EDGE_CURVE ( 'NONE', #4905, #4006, #3683, .T. ) ;
#453 = ORIENTED_EDGE ( 'NONE', *, *, #5280, .T. ) ;
#454 = EDGE_CURVE ( 'NONE', #9897, #5984, #5057, .T. ) ;
#455 = FACE_OUTER_BOUND ( 'NONE', #9680, .T. ) ;
#456 = CARTESIAN_POINT ( 'NONE',  ( 3.498266314353000173, -5.150999830607999819, 1.160755344118000076 ) ) ;
#457 = ORIENTED_EDGE ( 'NONE', *, *, #4686, .F. ) ;
#458 = AXIS2_PLACEMENT_3D ( 'NONE', #2473, #5712, #4966 ) ;
#459 = ORIENTED_EDGE ( 'NONE', *, *, #3994, .T. ) ;
#460 = PRESENTATION_STYLE_ASSIGNMENT (( #10134 ) ) ;
#461 = EDGE_CURVE ( 'NONE', #3162, #1249, #9381, .T. ) ;
#462 = ORIENTED_EDGE ( 'NONE', *, *, #7751, .F. ) ;
#463 = CARTESIAN_POINT ( 'NONE',  ( 2.351649519926000131, -5.150999830607999819, 0.7872415132179999553 ) ) ;
#464 = CARTESIAN_POINT ( 'NONE',  ( 3.605138512242000104, -5.150999830607999819, 0.7990883306699999578 ) ) ;
#465 = PRESENTATION_LAYER_ASSIGNMENT (  '', '', ( #5049 ) ) ;
#466 = CARTESIAN_POINT ( 'NONE',  ( 4.090506286169000028, -5.149999830640999754, 0.7033131071129999912 ) ) ;
#467 = CARTESIAN_POINT ( 'NONE',  ( 3.408191608997999555, -5.150999830607999819, 1.053984495517999997 ) ) ;
#468 = PLANE ( 'NONE',  #6494 ) ;
#469 = AXIS2_PLACEMENT_3D ( 'NONE', #1970, #1162, #4412 ) ;
#470 = VECTOR ( 'NONE', #8160, 1000.000000000000000 ) ;
#471 = CARTESIAN_POINT ( 'NONE',  ( 3.578504428634000423, -5.150999830607999819, 0.8555295452540000456 ) ) ;
#472 = DIRECTION ( 'NONE',  ( 0.1317146119120151948, -1.613038778785185994E-17, -0.9912876782291139000 ) ) ;
#473 = ORIENTED_EDGE ( 'NONE', *, *, #3941, .F. ) ;
#474 = FACE_OUTER_BOUND ( 'NONE', #6790, .T. ) ;
#475 = FACE_BOUND ( 'NONE', #9975, .T. ) ;
#476 = LINE ( 'NONE', #6012, #3693 ) ;
#477 = DIRECTION ( 'NONE',  ( 0.000000000000000000, -1.000000000000000000, 1.726713446069499927E-14 ) ) ;
#478 = VECTOR ( 'NONE', #5732, 1000.000000000000000 ) ;
#479 = CARTESIAN_POINT ( 'NONE',  ( 3.525780790067999604, -5.149999830640999754, 0.7153246789210000456 ) ) ;
#480 = CARTESIAN_POINT ( 'NONE',  ( 4.063920553127000623, -5.150999830607999819, 1.081775093642999952 ) ) ;
#481 = EDGE_CURVE ( 'NONE', #4582, #5446, #6436, .T. ) ;
#482 = ORIENTED_EDGE ( 'NONE', *, *, #4452, .F. ) ;
#483 = CARTESIAN_POINT ( 'NONE',  ( 4.146452337122999765, -5.149999830640999754, 0.7261035016779999740 ) ) ;
#484 = DIRECTION ( 'NONE',  ( 0.9999748501857350647, -1.224615999507675901E-16, -0.007092178509947121186 ) ) ;
#485 = ORIENTED_EDGE ( 'NONE', *, *, #8218, .F. ) ;
#486 = ORIENTED_EDGE ( 'NONE', *, *, #6032, .F. ) ;
#487 = EDGE_LOOP ( 'NONE', ( #1252, #9896, #4952, #9887 ) ) ;
#488 = DIRECTION ( 'NONE',  ( -0.9999748501857348426, 1.224615999507674915E-16, 0.007092178509961118670 ) ) ;
#489 = CARTESIAN_POINT ( 'NONE',  ( -1.249999958892999974, -6.749999778023999752, 0.5499999826579999862 ) ) ;
#490 = EDGE_CURVE ( 'NONE', #1330, #7189, #744, .T. ) ;
#491 = CARTESIAN_POINT ( 'NONE',  ( -5.149999830640999754, 3.649999879969000105, 0.04999999910078999771 ) ) ;
#492 = DIRECTION ( 'NONE',  ( 1.224646799146999945E-16, 1.000000000000000000, 0.000000000000000000 ) ) ;
#493 = VECTOR ( 'NONE', #10369, 1000.000000000000000 ) ;
#494 = AXIS2_PLACEMENT_3D ( 'NONE', #4791, #4847, #2391 ) ;
#495 = ORIENTED_EDGE ( 'NONE', *, *, #7345, .F. ) ;
#496 = CARTESIAN_POINT ( 'NONE',  ( 3.889880485214999961, -5.150999830607999819, 0.8499938462320000276 ) ) ;
#497 = CARTESIAN_POINT ( 'NONE',  ( 3.709024302983000343, -5.150999830607999819, 0.7933605722100000035 ) ) ;
#498 = ORIENTED_EDGE ( 'NONE', *, *, #5699, .F. ) ;
#499 = DIRECTION ( 'NONE',  ( -0.9999748501857348426, 1.224615999507675655E-16, 0.007092178509961118670 ) ) ;
#500 = ORIENTED_EDGE ( 'NONE', *, *, #1320, .T. ) ;
#501 = CARTESIAN_POINT ( 'NONE',  ( -2.249999926008000362, 0.4499999852019999635, 7.450579042612001036E-10 ) ) ;
#502 = PRESENTATION_STYLE_ASSIGNMENT (( #10076 ) ) ;
#503 = FACE_OUTER_BOUND ( 'NONE', #1432, .T. ) ;
#504 = DIRECTION ( 'NONE',  ( 1.224646799146999945E-16, 1.000000000000000000, 0.000000000000000000 ) ) ;
#505 = CARTESIAN_POINT ( 'NONE',  ( 3.124915277551999715, -5.149999830640999754, 0.7369305303679999364 ) ) ;
#506 = VERTEX_POINT ( 'NONE', #1655 ) ;
#507 = ORIENTED_EDGE ( 'NONE', *, *, #6041, .T. ) ;
#508 = EDGE_CURVE ( 'NONE', #8581, #2301, #2406, .T. ) ;
#509 =( NAMED_UNIT ( * ) SI_UNIT ( $, .STERADIAN. ) SOLID_ANGLE_UNIT ( ) );
#510 = ORIENTED_EDGE ( 'NONE', *, *, #7225, .F. ) ;
#511 = B_SPLINE_CURVE_WITH_KNOTS ( 'NONE', 3,
 ( #1439, #10466, #4001, #1493 ),
 .UNSPECIFIED., .F., .F.,
 ( 4, 4 ),
 ( 11.00000000000000000, 12.00000000000000000 ),
 .UNSPECIFIED. ) ;
#512 = PLANE ( 'NONE',  #3707 ) ;
#513 = LINE ( 'NONE', #5424, #5033 ) ;
#514 = FACE_OUTER_BOUND ( 'NONE', #826, .T. ) ;
#515 = UNCERTAINTY_MEASURE_WITH_UNIT (LENGTH_MEASURE( 1.000000000000000082E-05 ), #8774, 'distance_accuracy_value', 'NONE');
#516 = EDGE_CURVE ( 'NONE', #6085, #1908, #10249, .T. ) ;
#517 = FACE_OUTER_BOUND ( 'NONE', #10322, .T. ) ;
#518 = DIRECTION ( 'NONE',  ( 1.224646799146999945E-16, 1.000000000000000000, 0.000000000000000000 ) ) ;
#519 = B_SPLINE_CURVE_WITH_KNOTS ( 'NONE', 3,
 ( #2713, #1927, #5005, #8192 ),
 .UNSPECIFIED., .F., .F.,
 ( 4, 4 ),
 ( 4.000000000000000000, 5.000000000000000000 ),
 .UNSPECIFIED. ) ;
#520 = CARTESIAN_POINT ( 'NONE',  ( 3.381773939243000182, -5.149999830640999754, 1.030984675135000250 ) ) ;
#521 = EDGE_LOOP ( 'NONE', ( #5858, #6674, #8181, #6309 ) ) ;
#522 =( LENGTH_UNIT ( ) NAMED_UNIT ( * ) SI_UNIT ( .MILLI., .METRE. ) );
#523 = DIRECTION ( 'NONE',  ( 0.000000000000000000, 0.000000000000000000, 1.000000000000000000 ) ) ;
#524 = CARTESIAN_POINT ( 'NONE',  ( 3.969776490060000107, -5.150999830607999819, 0.8190655015040000375 ) ) ;
#525 = CARTESIAN_POINT ( 'NONE',  ( 3.542861907959999890, -5.149999830640999754, 0.8513112633909999394 ) ) ;
#526 = AXIS2_PLACEMENT_3D ( 'NONE', #5733, #8018, #5636 ) ;
#527 = EDGE_CURVE ( 'NONE', #8047, #383, #897, .T. ) ;
#528 = EDGE_CURVE ( 'NONE', #5340, #10077, #10467, .T. ) ;
#529 = CARTESIAN_POINT ( 'NONE',  ( 3.976998991903000658, -5.150999830607999819, 1.155696346667000052 ) ) ;
#530 = STYLED_ITEM ( 'NONE', ( #8229 ), #10133 ) ;
#531 = DIRECTION ( 'NONE',  ( 1.224646799146999945E-16, 1.000000000000000000, 0.000000000000000000 ) ) ;
#532 = ORIENTED_EDGE ( 'NONE', *, *, #2956, .F. ) ;
#533 = LINE ( 'NONE', #10160, #1857 ) ;
#534 = VECTOR ( 'NONE', #621, 1000.000000000000114 ) ;
#535 = ORIENTED_EDGE ( 'NONE', *, *, #4360, .F. ) ;
#536 = ORIENTED_EDGE ( 'NONE', *, *, #10493, .F. ) ;
#537 = COLOUR_RGB ( '',0.2470588235294117752, 0.2470588235294117752, 0.2470588235294117752 ) ;
#538 = CARTESIAN_POINT ( 'NONE',  ( 8.299999727051998732, 0.4999999835569999274, 0.3499999892349999753 ) ) ;
#539 = CARTESIAN_POINT ( 'NONE',  ( 3.593283025510999984, -5.149999830640999754, 1.026053289904000021 ) ) ;
#540 = AXIS2_PLACEMENT_3D ( 'NONE', #2347, #5594, #4855 ) ;
#541 = STYLED_ITEM ( 'NONE', ( #9656 ), #8940 ) ;
#542 = VERTEX_POINT ( 'NONE', #103 ) ;
#543 = AXIS2_PLACEMENT_3D ( 'NONE', #4393, #2109, #10178 ) ;
#544 = DIRECTION ( 'NONE',  ( 1.224646799146999945E-16, 1.000000000000000000, 0.000000000000000000 ) ) ;
#545 = MECHANICAL_DESIGN_GEOMETRIC_PRESENTATION_REPRESENTATION (  '', ( #6472 ), #9215 ) ;
#546 = CARTESIAN_POINT ( 'NONE',  ( 3.001148079577999894, -5.150999830607999819, 1.024120916380999891 ) ) ;
#547 = DIRECTION ( 'NONE',  ( 1.224646799146999945E-16, 1.000000000000000000, 0.000000000000000000 ) ) ;
#548 = ADVANCED_FACE ( 'NONE', ( #3302 ), #5656, .F. ) ;
#549 = CARTESIAN_POINT ( 'NONE',  ( 0.000000000000000000, 0.000000000000000000, 10.04999967024799901 ) ) ;
#550 = CARTESIAN_POINT ( 'NONE',  ( 3.846775474775999903, -5.149999830640999754, 0.7318681610489999878 ) ) ;
#551 = STYLED_ITEM ( 'NONE', ( #1096 ), #9073 ) ;
#552 = ORIENTED_EDGE ( 'NONE', *, *, #3840, .F. ) ;
#553 = DIRECTION ( 'NONE',  ( -0.9999748501857349536, 1.224615999507675901E-16, 0.007092178509959120268 ) ) ;
#554 = AXIS2_PLACEMENT_3D ( 'NONE', #4547, #3543, #5983 ) ;
#555 = CARTESIAN_POINT ( 'NONE',  ( 3.593283025510999984, -5.150999830607999819, 1.026053289904000021 ) ) ;
#556 = ORIENTED_EDGE ( 'NONE', *, *, #5531, .F. ) ;
#557 = EDGE_CURVE ( 'NONE', #4497, #311, #7351, .T. ) ;
#558 = MECHANICAL_DESIGN_GEOMETRIC_PRESENTATION_REPRESENTATION (  '', ( #1402 ), #34 ) ;
#559 = FACE_OUTER_BOUND ( 'NONE', #3382, .T. ) ;
#560 = VECTOR ( 'NONE', #1751, 1000.000000000000000 ) ;
#561 = ORIENTED_EDGE ( 'NONE', *, *, #8274, .F. ) ;
#562 = LINE ( 'NONE', #501, #8723 ) ;
#563 = CARTESIAN_POINT ( 'NONE',  ( 3.664512342141999834, -5.150999830607999819, 0.7114293499519999120 ) ) ;
#564 =( GEOMETRIC_REPRESENTATION_CONTEXT ( 3 ) GLOBAL_UNCERTAINTY_ASSIGNED_CONTEXT ( ( #7447 ) ) GLOBAL_UNIT_ASSIGNED_CONTEXT ( ( #2786, #2146, #7781 ) ) REPRESENTATION_CONTEXT ( 'NONE', 'WORKASPACE' ) );
#565 = CARTESIAN_POINT ( 'NONE',  ( -1.249999958892999974, -4.944441160745000730, 0.5499999826579999862 ) ) ;
#566 = MECHANICAL_DESIGN_GEOMETRIC_PRESENTATION_REPRESENTATION (  '', ( #708 ), #7503 ) ;
#567 = DIRECTION ( 'NONE',  ( 0.000000000000000000, -1.000000000000000000, 6.287258455053609816E-17 ) ) ;
#568 = CARTESIAN_POINT ( 'NONE',  ( 2.603501313235999870, -5.149999830640999754, 0.6177165876150000345 ) ) ;
#569 = EDGE_LOOP ( 'NONE', ( #1872, #6590, #6179, #9746 ) ) ;
#570 = EDGE_LOOP ( 'NONE', ( #6106, #6095, #5321, #396 ) ) ;
#571 = CARTESIAN_POINT ( 'NONE',  ( -5.799999809265000472, -0.4499999852019999635, 7.450579042612001036E-10 ) ) ;
#572 = ORIENTED_EDGE ( 'NONE', *, *, #5506, .F. ) ;
#573 = LINE ( 'NONE', #2906, #2749 ) ;
#574 = MECHANICAL_DESIGN_GEOMETRIC_PRESENTATION_REPRESENTATION (  '', ( #7175 ), #9883 ) ;
#575 = CARTESIAN_POINT ( 'NONE',  ( 4.401000792302999898, -5.149999830640999754, 0.7567394150029999045 ) ) ;
#576 =( NAMED_UNIT ( * ) SI_UNIT ( $, .STERADIAN. ) SOLID_ANGLE_UNIT ( ) );
#577 = CARTESIAN_POINT ( 'NONE',  ( 2.633835545335000194, -5.150999830607999819, 0.8170526218750000513 ) ) ;
#578 = DIRECTION ( 'NONE',  ( 0.007092178509948120387, -8.685413711189702317E-19, 0.9999748501857350647 ) ) ;
#579 = B_SPLINE_CURVE_WITH_KNOTS ( 'NONE', 3,
 ( #6684, #9138, #3494, #3765 ),
 .UNSPECIFIED., .F., .F.,
 ( 4, 4 ),
 ( 8.000000000000000000, 9.000000000000000000 ),
 .UNSPECIFIED. ) ;
#580 = CARTESIAN_POINT ( 'NONE',  ( 2.351649519926000131, -5.150999830607999819, 0.7872415132179999553 ) ) ;
#581 = CARTESIAN_POINT ( 'NONE',  ( 3.717217219562000352, -5.150999830607999819, 1.120210564940000042 ) ) ;
#582 = ORIENTED_EDGE ( 'NONE', *, *, #3443, .F. ) ;
#583 = PLANE ( 'NONE',  #1419 ) ;
#584 = FACE_BOUND ( 'NONE', #289, .T. ) ;
#585 = CARTESIAN_POINT ( 'NONE',  ( 3.684834030394000148, -5.150999830607999819, 0.7270639439800000714 ) ) ;
#586 = CARTESIAN_POINT ( 'NONE',  ( 2.539510405645000191, -5.150999830607999819, 1.177781452984000055 ) ) ;
#587 = ADVANCED_FACE ( 'NONE', ( #7197 ), #1696, .T. ) ;
#588 = EDGE_CURVE ( 'NONE', #1652, #6230, #6539, .T. ) ;
#589 = CARTESIAN_POINT ( 'NONE',  ( 4.229213152248999741, -5.150999830607999819, 0.8058918381530000286 ) ) ;
#590 = SURFACE_STYLE_USAGE ( .BOTH. , #9466 ) ;
#591 = B_SPLINE_CURVE_WITH_KNOTS ( 'NONE', 3,
 ( #1971, #5224, #8458, #1163 ),
 .UNSPECIFIED., .F., .F.,
 ( 4, 4 ),
 ( 5.000000000000000000, 6.000000000000000000 ),
 .UNSPECIFIED. ) ;
#592 = B_SPLINE_CURVE_WITH_KNOTS ( 'NONE', 3,
 ( #8963, #1670, #4919, #2564 ),
 .UNSPECIFIED., .F., .F.,
 ( 4, 4 ),
 ( 5.000000000000000000, 6.000000000000000000 ),
 .UNSPECIFIED. ) ;
#593 = ORIENTED_EDGE ( 'NONE', *, *, #2981, .F. ) ;
#594 = CARTESIAN_POINT ( 'NONE',  ( 3.636323155045000366, -5.150999830607999819, 1.208334110051999977 ) ) ;
#595 = VERTEX_POINT ( 'NONE', #5958 ) ;
#596 = ORIENTED_EDGE ( 'NONE', *, *, #4515, .T. ) ;
#597 = CARTESIAN_POINT ( 'NONE',  ( 4.148760050210000827, -5.149999830640999754, 0.8828865666539998935 ) ) ;
#598 = FACE_OUTER_BOUND ( 'NONE', #4607, .T. ) ;
#599 = EDGE_CURVE ( 'NONE', #1290, #107, #6873, .T. ) ;
#600 = ORIENTED_EDGE ( 'NONE', *, *, #1762, .F. ) ;
#601 = LINE ( 'NONE', #10312, #6916 ) ;
#602 = CARTESIAN_POINT ( 'NONE',  ( 3.541729245711999763, -5.150999830607999819, 0.7355913338190001038 ) ) ;
#603 = ORIENTED_EDGE ( 'NONE', *, *, #8783, .T. ) ;
#604 = DIRECTION ( 'NONE',  ( 0.007092178509967119078, -8.685413711212699846E-19, 0.9999748501857348426 ) ) ;
#605 = CARTESIAN_POINT ( 'NONE',  ( 3.697120481929000224, -5.149999830640999754, 0.8009314433930000421 ) ) ;
#606 = ORIENTED_EDGE ( 'NONE', *, *, #4829, .F. ) ;
#607 = CARTESIAN_POINT ( 'NONE',  ( 0.000000000000000000, 0.000000000000000000, 34.19213450005700139 ) ) ;
#608 = DIRECTION ( 'NONE',  ( 1.000000000000000000, -1.224646799146999945E-16, 0.000000000000000000 ) ) ;
#609 = FILL_AREA_STYLE ('',( #9643 ) ) ;
#610 = DIRECTION ( 'NONE',  ( 0.000000000000000000, 0.000000000000000000, -1.000000000000000000 ) ) ;
#611 = CARTESIAN_POINT ( 'NONE',  ( 4.103413047115000545, -5.149999830640999754, 1.189008667740999892 ) ) ;
#612 = CARTESIAN_POINT ( 'NONE',  ( 4.048737857553000197, -5.150999830607999819, 0.8835959597410000255 ) ) ;
#613 = EDGE_CURVE ( 'NONE', #10277, #3675, #1898, .T. ) ;
#614 = CARTESIAN_POINT ( 'NONE',  ( 3.969272889093999890, -5.150999830607999819, 1.085253785541999916 ) ) ;
#615 = VECTOR ( 'NONE', #10302, 1000.000000000000000 ) ;
#616 = ORIENTED_EDGE ( 'NONE', *, *, #5104, .T. ) ;
#617 = ADVANCED_FACE ( 'NONE', ( #9212 ), #3985, .F. ) ;
#618 = ORIENTED_EDGE ( 'NONE', *, *, #7410, .F. ) ;
#619 = AXIS2_PLACEMENT_3D ( 'NONE', #10321, #3050, #6281 ) ;
#620 = ORIENTED_EDGE ( 'NONE', *, *, #6041, .F. ) ;
#621 = DIRECTION ( 'NONE',  ( 0.9999748501857348426, -1.224615999507673436E-16, -0.007092178509963118806 ) ) ;
#622 = EDGE_CURVE ( 'NONE', #9750, #72, #949, .T. ) ;
#623 = PLANE ( 'NONE',  #1568 ) ;
#624 = EDGE_CURVE ( 'NONE', #4549, #311, #1255, .T. ) ;
#625 = VECTOR ( 'NONE', #6171, 1000.000000000000114 ) ;
#626 = LINE ( 'NONE', #7958, #1580 ) ;
#627 = CARTESIAN_POINT ( 'NONE',  ( 3.513523021490000176, -5.150999830607999819, 0.7462932011560000634 ) ) ;
#628 = DIRECTION ( 'NONE',  ( -0.007092178509962118738, 8.685413711206696723E-19, -0.9999748501857348426 ) ) ;
#629 = ORIENTED_EDGE ( 'NONE', *, *, #8589, .F. ) ;
#630 = FACE_OUTER_BOUND ( 'NONE', #7986, .T. ) ;
#631 = CARTESIAN_POINT ( 'NONE',  ( 3.072553469417000027, -5.150999830607999819, 1.101699746831000137 ) ) ;
#632 = LINE ( 'NONE', #3077, #8936 ) ;
#633 = CARTESIAN_POINT ( 'NONE',  ( 3.525779384859999865, -5.149999830640999754, 1.154945377828999975 ) ) ;
#634 = CARTESIAN_POINT ( 'NONE',  ( 3.691695076323000091, -5.149999830640999754, 0.8203099053090000536 ) ) ;
#635 = VECTOR ( 'NONE', #10147, 1000.000000000000114 ) ;
#636 = ORIENTED_EDGE ( 'NONE', *, *, #9307, .F. ) ;
#637 = VECTOR ( 'NONE', #2005, 1000.000000000000000 ) ;
#638 = CARTESIAN_POINT ( 'NONE',  ( 4.316314642697999915, -5.150999830607999819, 0.7573400393989999646 ) ) ;
#639 = EDGE_CURVE ( 'NONE', #3085, #735, #3566, .T. ) ;
#640 = ORIENTED_EDGE ( 'NONE', *, *, #4400, .T. ) ;
#641 = ORIENTED_EDGE ( 'NONE', *, *, #3649, .T. ) ;
#642 = DIRECTION ( 'NONE',  ( -0.9999748501857348426, 0.000000000000000000, 0.007092178509961118670 ) ) ;
#643 = CARTESIAN_POINT ( 'NONE',  ( 3.638370914313000082, -5.149999830640999754, 1.233170424989999958 ) ) ;
#644 = EDGE_LOOP ( 'NONE', ( #7458, #9882, #10477, #10082 ) ) ;
#645 = CARTESIAN_POINT ( 'NONE',  ( 3.697120481929000224, -5.150999830607999819, 0.8009314433930000421 ) ) ;
#647 = CARTESIAN_POINT ( 'NONE',  ( 3.079106325858999682, -5.149999830640999754, 0.8023264257020000789 ) ) ;
#646 = VECTOR ( 'NONE', #2137, 1000.000000000000114 ) ;
#648 = AXIS2_PLACEMENT_3D ( 'NONE', #4036, #2494, #6578 ) ;
#649 = DIRECTION ( 'NONE',  ( -4.595507503446999644E-17, 1.000000000000000000, 0.000000000000000000 ) ) ;
#650 = LINE ( 'NONE', #8902, #1041 ) ;
#651 = CARTESIAN_POINT ( 'NONE',  ( 3.725894866888000312, -5.150999830607999819, 0.7603837447229999658 ) ) ;
#652 = EDGE_LOOP ( 'NONE', ( #2573, #4760, #2642, #5668 ) ) ;
#653 = ORIENTED_EDGE ( 'NONE', *, *, #5844, .T. ) ;
#654 = EDGE_CURVE ( 'NONE', #8656, #7742, #5174, .T. ) ;
#655 = CARTESIAN_POINT ( 'NONE',  ( 3.498034028674999796, -5.149999830640999754, 1.128003794546999838 ) ) ;
#656 = DIRECTION ( 'NONE',  ( 1.224646799146999945E-16, 1.000000000000000000, 0.000000000000000000 ) ) ;
#657 = ORIENTED_EDGE ( 'NONE', *, *, #257, .F. ) ;
#658 = ADVANCED_FACE ( 'NONE', ( #1116 ), #6437, .T. ) ;
#659 =( LENGTH_UNIT ( ) NAMED_UNIT ( * ) SI_UNIT ( .MILLI., .METRE. ) );
#660 = DIRECTION ( 'NONE',  ( -0.3962797719140606079, 4.853027542416740531E-17, -0.9181298069291401465 ) ) ;
#661 = CARTESIAN_POINT ( 'NONE',  ( 3.722247340639000424, -5.150999830607999819, 0.8545100692229999906 ) ) ;
#662 = COLOUR_RGB ( '',1.000000000000000000, 1.000000000000000000, 1.000000000000000000 ) ;
#663 = DIRECTION ( 'NONE',  ( -1.000000000000000000, 1.224646799146999945E-16, 0.000000000000000000 ) ) ;
#664 = DIRECTION ( 'NONE',  ( -1.000000000000000000, 1.224646799147000192E-16, 0.000000000000000000 ) ) ;
#665 = ORIENTED_EDGE ( 'NONE', *, *, #8628, .F. ) ;
#666 = EDGE_LOOP ( 'NONE', ( #5986, #7372, #3708, #1787 ) ) ;
#667 = CARTESIAN_POINT ( 'NONE',  ( 3.756616741260999870, -5.150999830607999819, 0.8478196481659999728 ) ) ;
#668 = ORIENTED_EDGE ( 'NONE', *, *, #8615, .F. ) ;
#669 = CARTESIAN_POINT ( 'NONE',  ( -5.799999809265000472, -0.4499999852019999635, -3.712307892621000249 ) ) ;
#670 = B_SPLINE_CURVE_WITH_KNOTS ( 'NONE', 3,
 ( #109, #4052, #7304, #6339 ),
 .UNSPECIFIED., .F., .F.,
 ( 4, 4 ),
 ( 0.000000000000000000, 1.000000000000000000 ),
 .UNSPECIFIED. ) ;
#671 = CARTESIAN_POINT ( 'NONE',  ( -5.149999830640999754, 3.649999879969000105, 2.049999933330000079 ) ) ;
#672 = CARTESIAN_POINT ( 'NONE',  ( 3.546637000016999774, -5.150999830607999819, 0.7311894333370000387 ) ) ;
#673 = DIRECTION ( 'NONE',  ( 0.000000000000000000, 0.000000000000000000, -1.000000000000000000 ) ) ;
#674 = AXIS2_PLACEMENT_3D ( 'NONE', #8355, #5854, #1868 ) ;
#675 = DIRECTION ( 'NONE',  ( 0.9999748501857348426, -1.224615999507675655E-16, -0.007092178509962118738 ) ) ;
#676 = CARTESIAN_POINT ( 'NONE',  ( 2.489599429787999973, -5.150999830607999819, 0.8686865007840000041 ) ) ;
#677 = ADVANCED_FACE ( 'NONE', ( #2658 ), #5684, .T. ) ;
#678 = CARTESIAN_POINT ( 'NONE',  ( 2.468966427038000067, -5.149999830640999754, 0.8138839282250001084 ) ) ;
#679 = VERTEX_POINT ( 'NONE', #4260 ) ;
#680 = CARTESIAN_POINT ( 'NONE',  ( 2.900915972334000337, -5.149999830640999754, 0.7558714511360000721 ) ) ;
#681 = FACE_OUTER_BOUND ( 'NONE', #5126, .T. ) ;
#682 = LINE ( 'NONE', #524, #3342 ) ;
#683 = CARTESIAN_POINT ( 'NONE',  ( 2.951831849623999915, -5.149999830640999754, 0.7988910422709999404 ) ) ;
#684 = CARTESIAN_POINT ( 'NONE',  ( 3.672447498579999969, -5.150999830607999819, 0.7893568734279999832 ) ) ;
#685 = CARTESIAN_POINT ( 'NONE',  ( 2.799996873487999860, -5.149999830640999754, 1.206300488801999915 ) ) ;
#686 = LINE ( 'NONE', #6477, #729 ) ;
#687 = VERTEX_POINT ( 'NONE', #8298 ) ;
#688 = FACE_OUTER_BOUND ( 'NONE', #7726, .T. ) ;
#689 = VERTEX_POINT ( 'NONE', #1004 ) ;
#690 = VERTEX_POINT ( 'NONE', #3624 ) ;
#691 = CARTESIAN_POINT ( 'NONE',  ( 1.249999958892999974, -4.944441160745000730, 0.5499999826579999862 ) ) ;
#692 = CARTESIAN_POINT ( 'NONE',  ( 2.489599429787999973, -5.150999830607999819, 0.8686865007840000041 ) ) ;
#693 = VERTEX_POINT ( 'NONE', #2817 ) ;
#694 = CARTESIAN_POINT ( 'NONE',  ( 3.383216322691000144, -5.149999830640999754, 1.234356201993000113 ) ) ;
#695 = CARTESIAN_POINT ( 'NONE',  ( 3.916289671216999224, -5.150999830607999819, 0.8498065428600000137 ) ) ;
#696 = UNCERTAINTY_MEASURE_WITH_UNIT (LENGTH_MEASURE( 1.000000000000000082E-05 ), #3629, 'distance_accuracy_value', 'NONE');
#697 = CARTESIAN_POINT ( 'NONE',  ( 3.736595250111999889, -5.149999830640999754, 0.7297382032310000266 ) ) ;
#698 = EDGE_CURVE ( 'NONE', #10440, #8761, #7228, .T. ) ;
#699 = EDGE_CURVE ( 'NONE', #2026, #9468, #3540, .T. ) ;
#700 = DIRECTION ( 'NONE',  ( -0.007092178509963118806, 8.685413711207700132E-19, -0.9999748501857348426 ) ) ;
#701 = PRESENTATION_LAYER_ASSIGNMENT (  '', '', ( #7002 ) ) ;
#702 = EDGE_LOOP ( 'NONE', ( #6716, #6793, #3371, #10132, #7445, #6376, #7819, #9838 ) ) ;
#703 = VERTEX_POINT ( 'NONE', #9516 ) ;
#704 = DIRECTION ( 'NONE',  ( 0.000000000000000000, 0.000000000000000000, 1.000000000000000000 ) ) ;
#705 = AXIS2_PLACEMENT_3D ( 'NONE', #4814, #4105, #756 ) ;
#706 = VECTOR ( 'NONE', #2252, 1000.000000000000000 ) ;
#708 = STYLED_ITEM ( 'NONE', ( #502 ), #7139 ) ;
#707 = CARTESIAN_POINT ( 'NONE',  ( 4.359235304064999816, -5.149999830640999754, 0.8787943409569999309 ) ) ;
#709 = VERTEX_POINT ( 'NONE', #5435 ) ;
#710 = CARTESIAN_POINT ( 'NONE',  ( 2.485220485641999932, -5.150999830607999819, 0.6590441241509998882 ) ) ;
#711 = DIRECTION ( 'NONE',  ( 1.224646799146999945E-16, 1.000000000000000000, 0.000000000000000000 ) ) ;
#712 = CARTESIAN_POINT ( 'NONE',  ( 3.651016558460999928, -5.149999830640999754, 1.227569882195999718 ) ) ;
#713 = CARTESIAN_POINT ( 'NONE',  ( 3.785749109799999790, -5.149999830640999754, 0.6598280347419999137 ) ) ;
#714 = CARTESIAN_POINT ( 'NONE',  ( 3.506325696184000140, -5.150999830607999819, 1.072940411762999924 ) ) ;
#715 = EDGE_CURVE ( 'NONE', #5736, #902, #7100, .T. ) ;
#716 = VECTOR ( 'NONE', #3715, 1000.000000000000000 ) ;
#717 = EDGE_CURVE ( 'NONE', #1306, #1905, #3884, .T. ) ;
#718 = VECTOR ( 'NONE', #3165, 1000.000000000000114 ) ;
#719 = DIRECTION ( 'NONE',  ( -0.007092178509961118670, 8.685413711205697165E-19, -0.9999748501857348426 ) ) ;
#720 = ORIENTED_EDGE ( 'NONE', *, *, #8939, .T. ) ;
#721 = VERTEX_POINT ( 'NONE', #2233 ) ;
#722 = COLOUR_RGB ( '',0.000000000000000000, 0.000000000000000000, 0.000000000000000000 ) ;
#723 = DIRECTION ( 'NONE',  ( -0.007092178509962118738, 8.685413711206696723E-19, -0.9999748501857348426 ) ) ;
#724 = ORIENTED_EDGE ( 'NONE', *, *, #8576, .T. ) ;
#725 = VECTOR ( 'NONE', #8648, 1000.000000000000000 ) ;
#726 =( LENGTH_UNIT ( ) NAMED_UNIT ( * ) SI_UNIT ( .MILLI., .METRE. ) );
#727 = CARTESIAN_POINT ( 'NONE',  ( 3.527966885400999786, -5.150999830607999819, 1.206815086515000024 ) ) ;
#728 = CARTESIAN_POINT ( 'NONE',  ( 3.488865519211000077, -5.150999830607999819, 0.7075801581470000379 ) ) ;
#729 = VECTOR ( 'NONE', #8124, 1000.000000000000000 ) ;
#730 = ADVANCED_FACE ( 'NONE', ( #7718 ), #4068, .F. ) ;
#731 = EDGE_CURVE ( 'NONE', #2248, #4227, #2976, .T. ) ;
#732 = PLANE ( 'NONE',  #6083 ) ;
#733 = LINE ( 'NONE', #7326, #6635 ) ;
#734 = CARTESIAN_POINT ( 'NONE',  ( 3.602883985851999871, -5.149999830640999754, 1.236229527837999997 ) ) ;
#735 = VERTEX_POINT ( 'NONE', #3784 ) ;
#736 = LINE ( 'NONE', #2920, #6665 ) ;
#737 = CARTESIAN_POINT ( 'NONE',  ( 3.700839918890999947, -5.149999830640999754, 0.7975777549139999589 ) ) ;
#738 = DIRECTION ( 'NONE',  ( 1.224646799146999945E-16, 1.000000000000000000, 0.000000000000000000 ) ) ;
#739 = ADVANCED_FACE ( 'NONE', ( #7125 ), #2376, .F. ) ;
#740 = VECTOR ( 'NONE', #780, 1000.000000000000000 ) ;
#741 = B_SPLINE_SURFACE_WITH_KNOTS ( 'NONE', 3, 1, ( 
 ( #1800, #4197 ),
 ( #8342, #6530 ),
 ( #9772, #5742 ),
 ( #8988, #5427 ) ),
 .UNSPECIFIED., .F., .F., .F.,
 ( 4, 4 ),
 ( 2, 2 ),
 ( 4.000000000000000000, 5.000000000000000000 ),
 ( 0.000000000000000000, 1.000000000000000000 ),
 .UNSPECIFIED. ) ;
#742 = LINE ( 'NONE', #7233, #3616 ) ;
#743 = ADVANCED_FACE ( 'NONE', ( #7870 ), #753, .F. ) ;
#744 = B_SPLINE_CURVE_WITH_KNOTS ( 'NONE', 3,
 ( #1705, #9055, #8850, #3144 ),
 .UNSPECIFIED., .F., .F.,
 ( 4, 4 ),
 ( 19.00000000000000000, 20.00000000000000000 ),
 .UNSPECIFIED. ) ;
#745 = ORIENTED_EDGE ( 'NONE', *, *, #6482, .T. ) ;
#746 = ORIENTED_EDGE ( 'NONE', *, *, #3981, .T. ) ;
#747 = SURFACE_STYLE_FILL_AREA ( #7392 ) ;
#748 = CARTESIAN_POINT ( 'NONE',  ( 3.540894189532999725, -5.150999830607999819, 1.035678928114999842 ) ) ;
#749 = VERTEX_POINT ( 'NONE', #4685 ) ;
#750 = CARTESIAN_POINT ( 'NONE',  ( 3.602975788199000107, -5.150999830607999819, 1.212521800802000005 ) ) ;
#751 = CARTESIAN_POINT ( 'NONE',  ( 3.546637000016999774, -5.149999830640999754, 0.7311894333370000387 ) ) ;
#752 = FILL_AREA_STYLE ('',( #10523 ) ) ;
#753 = B_SPLINE_SURFACE_WITH_KNOTS ( 'NONE', 3, 1, ( 
 ( #8738, #8571 ),
 ( #3727, #6920 ),
 ( #586, #427 ),
 ( #3671, #3829 ) ),
 .UNSPECIFIED., .F., .F., .F.,
 ( 4, 4 ),
 ( 2, 2 ),
 ( 4.000000000000000000, 5.000000000000000000 ),
 ( 0.000000000000000000, 1.000000000000000000 ),
 .UNSPECIFIED. ) ;
#754 = LINE ( 'NONE', #5554, #4281 ) ;
#755 = EDGE_CURVE ( 'NONE', #3546, #679, #7076, .T. ) ;
#756 = DIRECTION ( 'NONE',  ( 1.000000000000000000, -1.224646799146999945E-16, 0.000000000000000000 ) ) ;
#757 = EDGE_LOOP ( 'NONE', ( #2, #535, #7964, #7622 ) ) ;
#758 = ORIENTED_EDGE ( 'NONE', *, *, #6518, .T. ) ;
#759 = FILL_AREA_STYLE ('',( #5708 ) ) ;
#760 = LINE ( 'NONE', #2419, #1460 ) ;
#761 = ORIENTED_EDGE ( 'NONE', *, *, #5382, .F. ) ;
#762 = LINE ( 'NONE', #3000, #7019 ) ;
#763 = CARTESIAN_POINT ( 'NONE',  ( 4.355807136685999836, -5.150999830607999819, 0.8645736134990000821 ) ) ;
#764 =( LENGTH_UNIT ( ) NAMED_UNIT ( * ) SI_UNIT ( .MILLI., .METRE. ) );
#765 = CARTESIAN_POINT ( 'NONE',  ( 3.012715674600999982, -5.149999830640999754, 1.024038874869000137 ) ) ;
#766 = CARTESIAN_POINT ( 'NONE',  ( 3.969272889093999890, -5.150999830607999819, 1.085253785541999916 ) ) ;
#767 = DIRECTION ( 'NONE',  ( -0.9999748501857348426, 1.224615999507674915E-16, 0.007092178509963118806 ) ) ;
#768 = CARTESIAN_POINT ( 'NONE',  ( 3.762855115409999840, -5.149999830640999754, 0.7451487193829999800 ) ) ;
#769 = ORIENTED_EDGE ( 'NONE', *, *, #7917, .F. ) ;
#770 = EDGE_LOOP ( 'NONE', ( #161, #2746, #5094, #7494 ) ) ;
#771 = EDGE_CURVE ( 'NONE', #6640, #7130, #632, .T. ) ;
#772 = ORIENTED_EDGE ( 'NONE', *, *, #1836, .F. ) ;
#773 = EDGE_LOOP ( 'NONE', ( #7087, #5108, #1998, #3641 ) ) ;
#774 =( GEOMETRIC_REPRESENTATION_CONTEXT ( 3 ) GLOBAL_UNCERTAINTY_ASSIGNED_CONTEXT ( ( #4906 ) ) GLOBAL_UNIT_ASSIGNED_CONTEXT ( ( #2790, #1188, #9235 ) ) REPRESENTATION_CONTEXT ( 'NONE', 'WORKASPACE' ) );
#775 = ADVANCED_FACE ( 'NONE', ( #1274 ), #4526, .F. ) ;
#776 = CARTESIAN_POINT ( 'NONE',  ( 3.602975788199000107, -5.149999830640999754, 1.212521800802000005 ) ) ;
#777 = SURFACE_STYLE_FILL_AREA ( #3984 ) ;
#778 = CARTESIAN_POINT ( 'NONE',  ( 2.527942810622999747, -5.150999830607999819, 1.177863494496000030 ) ) ;
#779 = ORIENTED_EDGE ( 'NONE', *, *, #7315, .F. ) ;
#780 = DIRECTION ( 'NONE',  ( 1.000000000000000000, 9.371485866127001707E-15, 0.000000000000000000 ) ) ;
#781 = CARTESIAN_POINT ( 'NONE',  ( 4.361961464108999209, -5.150999830607999819, 0.8673373816999999653 ) ) ;
#782 = VECTOR ( 'NONE', #10418, 1000.000000000000114 ) ;
#783 = FILL_AREA_STYLE_COLOUR ( '', #8270 ) ;
#784 = CARTESIAN_POINT ( 'NONE',  ( 3.719605238925999924, -5.149999830640999754, 0.8338371057050000257 ) ) ;
#785 = CARTESIAN_POINT ( 'NONE',  ( 2.605255006645999849, -5.149999830640999754, 1.068863489782999832 ) ) ;
#786 = FACE_OUTER_BOUND ( 'NONE', #9757, .T. ) ;
#787 = EDGE_LOOP ( 'NONE', ( #9423, #6814, #8138, #249 ) ) ;
#788 = VECTOR ( 'NONE', #6206, 1000.000000000000000 ) ;
#789 = ORIENTED_EDGE ( 'NONE', *, *, #6664, .F. ) ;
#790 = SURFACE_STYLE_USAGE ( .BOTH. , #1699 ) ;
#791 = DIRECTION ( 'NONE',  ( 1.224646799146999945E-16, 1.000000000000000000, 0.000000000000000000 ) ) ;
#792 = EDGE_LOOP ( 'NONE', ( #9634, #8808, #3327, #8332 ) ) ;
#793 = FACE_BOUND ( 'NONE', #1665, .T. ) ;
#794 = FACE_OUTER_BOUND ( 'NONE', #6997, .T. ) ;
#795 = B_SPLINE_CURVE_WITH_KNOTS ( 'NONE', 3,
 ( #6443, #9005, #6388, #1556 ),
 .UNSPECIFIED., .F., .F.,
 ( 4, 4 ),
 ( 3.000000000000000000, 4.000000000000000000 ),
 .UNSPECIFIED. ) ;
#796 = UNCERTAINTY_MEASURE_WITH_UNIT (LENGTH_MEASURE( 1.000000000000000082E-05 ), #7893, 'distance_accuracy_value', 'NONE');
#797 = STYLED_ITEM ( 'NONE', ( #3500 ), #7984 ) ;
#798 = EDGE_CURVE ( 'NONE', #4176, #8541, #3155, .T. ) ;
#799 = CARTESIAN_POINT ( 'NONE',  ( 3.746256641338999938, -5.150999830607999819, 0.7138649639030000271 ) ) ;
#800 = VECTOR ( 'NONE', #9919, 1000.000000000000114 ) ;
#801 = DIRECTION ( 'NONE',  ( 0.000000000000000000, 0.000000000000000000, -1.000000000000000000 ) ) ;
#802 = VERTEX_POINT ( 'NONE', #10202 ) ;
#803 = ORIENTED_EDGE ( 'NONE', *, *, #7501, .T. ) ;
#804 = LINE ( 'NONE', #3, #7123 ) ;
#805 = CARTESIAN_POINT ( 'NONE',  ( 3.703658988564999532, -5.149999830640999754, 0.7698995058010000836 ) ) ;
#806 = ORIENTED_EDGE ( 'NONE', *, *, #5987, .T. ) ;
#807 = CARTESIAN_POINT ( 'NONE',  ( 2.683028604855000054, -5.149999830640999754, 0.6171525516809999168 ) ) ;
#808 = COLOUR_RGB ( '',1.000000000000000000, 1.000000000000000000, 1.000000000000000000 ) ;
#809 = LINE ( 'NONE', #4013, #6148 ) ;
#810 = CARTESIAN_POINT ( 'NONE',  ( 0.000000000000000000, 0.000000000000000000, 0.5499999826579999862 ) ) ;
#811 = CARTESIAN_POINT ( 'NONE',  ( 3.717844022184999986, -5.150999830607999819, 1.208587762195000082 ) ) ;
#812 = DIRECTION ( 'NONE',  ( -0.9999748501857348426, 0.000000000000000000, 0.007092178509963118806 ) ) ;
#813 = DIRECTION ( 'NONE',  ( 0.9999748501857348426, -1.224615999507675655E-16, -0.007092178509961118670 ) ) ;
#814 = DIRECTION ( 'NONE',  ( 1.224646799146999945E-16, 1.000000000000000000, 0.000000000000000000 ) ) ;
#815 = ORIENTED_EDGE ( 'NONE', *, *, #10078, .T. ) ;
#816 = ORIENTED_EDGE ( 'NONE', *, *, #8762, .T. ) ;
#817 = ORIENTED_EDGE ( 'NONE', *, *, #5506, .T. ) ;
#818 = CARTESIAN_POINT ( 'NONE',  ( 3.547707412208999767, -5.149999830640999754, 1.226638933078000093 ) ) ;
#819 = EDGE_CURVE ( 'NONE', #10097, #5772, #2292, .T. ) ;
#820 = ADVANCED_FACE ( 'NONE', ( #4741 ), #3219, .F. ) ;
#821 = MECHANICAL_DESIGN_GEOMETRIC_PRESENTATION_REPRESENTATION (  '', ( #4064 ), #5138 ) ;
#822 = ADVANCED_FACE ( 'NONE', ( #3520 ), #6598, .F. ) ;
#823 = LINE ( 'NONE', #2332, #9150 ) ;
#824 = DIRECTION ( 'NONE',  ( 1.224646799147213924E-16, 1.000000000000000000, 0.000000000000000000 ) ) ;
#825 = CARTESIAN_POINT ( 'NONE',  ( 3.796509686322999677, -5.150999830607999819, 1.231424977962000122 ) ) ;
#826 = EDGE_LOOP ( 'NONE', ( #1698, #2846, #8201, #8853, #10149, #3841, #1753 ) ) ;
#827 = CARTESIAN_POINT ( 'NONE',  ( 2.900915972334000337, -5.149999830640999754, 0.7558714511360000721 ) ) ;
#828 = CARTESIAN_POINT ( 'NONE',  ( 0.000000000000000000, 0.000000000000000000, 0.3499999892349999753 ) ) ;
#829 = LINE ( 'NONE', #9092, #2751 ) ;
#830 = CARTESIAN_POINT ( 'NONE',  ( 3.697120481929000224, -5.149999830640999754, 0.8009314433930000421 ) ) ;
#831 = EDGE_CURVE ( 'NONE', #3475, #9650, #1119, .T. ) ;
#832 = DIRECTION ( 'NONE',  ( 1.224646799146999945E-16, 1.000000000000000000, 0.000000000000000000 ) ) ;
#833 = FACE_OUTER_BOUND ( 'NONE', #1143, .T. ) ;
#834 = VERTEX_POINT ( 'NONE', #4211 ) ;
#835 = DIRECTION ( 'NONE',  ( -1.000000000000000000, 1.224646799146999945E-16, 0.000000000000000000 ) ) ;
#836 = ORIENTED_EDGE ( 'NONE', *, *, #8605, .T. ) ;
#837 = SURFACE_STYLE_FILL_AREA ( #3189 ) ;
#838 = CLOSED_SHELL ( 'NONE', ( #6422, #7139, #7462, #587, #5753, #5096, #2896, #7871, #2530, #2551, #9412, #6225, #7218, #7606, #2118, #3724, #4856, #7761, #8114, #9425, #5342, #9299, #118, #2115, #8187, #9827, #3824, #232, #9495, #7984, #6615, #10460, #2288, #9162, #5584, #5501, #5950, #6109, #8064, #7243, #5937, #4697, #4529, #3974, #548, #4190, #6353, #4687, #3549, #5370, #10133, #7272, #2508, #1497, #1861, #7963, #9073, #6064, #2626, #2833, #6727, #4943, #6697, #2444, #8713, #8077, #775, #2209, #7839, #9754, #6975, #5341, #4251, #1108, #9947, #9083, #3697, #4976, #6597, #2909, #1756, #3243, #6521, #2414, #9616, #281, #10094, #9813, #4298, #4481, #10240, #822, #5632, #2654, #9863, #1954, #9483, #8855, #4148, #1429, #2022, #6498, #8030, #3181, #4580, #5824, #4308, #6861, #10135, #10146, #9808, #6936, #6223, #294, #3171, #978, #3124, #3617, #7612, #4149, #1833, #6766, #2599, #9626, #9134, #4932, #2274, #9845, #1029, #7115, #6990, #7440, #5517, #7377, #1511, #10475, #6392, #4096, #402, #4933, #9023, #2397, #2536, #730, #10165, #1246, #5909, #6876, #2703, #7374, #956, #2306, #2219, #6753, #1713, #9279, #1161, #158, #3042, #1394, #3905, #677, #2943, #3545, #1767, #5039, #1730, #2802, #9278, #739, #9607, #5304, #1817, #8246, #2058, #1144, #7094, #3082, #5974, #7168, #6735, #3275, #9649, #1327, #6830, #3058, #5664, #7827, #4200, #4632, #10512, #4507, #8865, #5724, #2427, #6787, #3146, #5085, #3508, #5602, #10353, #894, #5274, #1603, #61, #1360, #10342, #3398, #8019, #5296, #6073, #204, #9678, #9311, #6680, #7029, #4494, #3513, #5010, #7734, #3879, #6420, #3483, #3049, #5601, #8603, #893, #3604, #2078, #658, #1450, #7648, #5861, #8978, #9795, #3377, #10229, #5087, #2188, #7271, #6842, #2019, #9488, #1421, #2239, #9024, #8261, #4828, #7669, #17, #8827, #9520, #347, #3379, #3674, #743, #6319, #5411, #1404, #4053, #3192, #10194, #9638, #8313, #9935, #9239, #617, #6554, #7668, #255, #4104, #9998, #3408, #8719, #3745, #376, #8140, #820, #4985, #7705, #2585, #8454, #6713, #4288, #2000, #4325 ) ) ;
#839 = DIRECTION ( 'NONE',  ( -0.9999748501857350647, 1.224615999507675162E-16, 0.007092178509948120387 ) ) ;
#840 = VERTEX_POINT ( 'NONE', #9942 ) ;
#841 = UNCERTAINTY_MEASURE_WITH_UNIT (LENGTH_MEASURE( 1.000000000000000082E-05 ), #5383, 'distance_accuracy_value', 'NONE');
#842 = DIRECTION ( 'NONE',  ( 1.224646799146999945E-16, 1.000000000000000000, 0.000000000000000000 ) ) ;
#843 = CARTESIAN_POINT ( 'NONE',  ( 4.207317222172000548, -5.149999830640999754, 0.8633392320939999864 ) ) ;
#844 = DIRECTION ( 'NONE',  ( 1.224646799146999945E-16, 1.000000000000000000, 0.000000000000000000 ) ) ;
#845 = DIRECTION ( 'NONE',  ( 0.9999748501857348426, -1.224615999507673436E-16, -0.007092178509963118806 ) ) ;
#846 = CARTESIAN_POINT ( 'NONE',  ( 2.625252213153999925, -5.150999830607999819, 1.237906332211999860 ) ) ;
#847 = ORIENTED_EDGE ( 'NONE', *, *, #5540, .T. ) ;
#848 = ORIENTED_EDGE ( 'NONE', *, *, #8427, .T. ) ;
#849 = LINE ( 'NONE', #7359, #10333 ) ;
#850 =( GEOMETRIC_REPRESENTATION_CONTEXT ( 3 ) GLOBAL_UNCERTAINTY_ASSIGNED_CONTEXT ( ( #213 ) ) GLOBAL_UNIT_ASSIGNED_CONTEXT ( ( #1289, #9387, #5298 ) ) REPRESENTATION_CONTEXT ( 'NONE', 'WORKASPACE' ) );
#851 = CARTESIAN_POINT ( 'NONE',  ( 5.149999830640999754, -1.249999958892999974, 2.549999916887000229 ) ) ;
#852 = ORIENTED_EDGE ( 'NONE', *, *, #1801, .F. ) ;
#853 = DIRECTION ( 'NONE',  ( 0.7071067811865475727, -0.7071067811865475727, 0.000000000000000000 ) ) ;
#854 = CARTESIAN_POINT ( 'NONE',  ( 3.523609942859000199, -5.150999830607999819, 1.054309669938999994 ) ) ;
#855 = MECHANICAL_DESIGN_GEOMETRIC_PRESENTATION_REPRESENTATION (  '', ( #7660 ), #7996 ) ;
#856 = B_SPLINE_CURVE_WITH_KNOTS ( 'NONE', 3,
 ( #1630, #10499, #5730, #4887 ),
 .UNSPECIFIED., .F., .F.,
 ( 4, 4 ),
 ( 0.000000000000000000, 1.000000000000000000 ),
 .UNSPECIFIED. ) ;
#857 = VECTOR ( 'NONE', #7708, 1000.000000000000114 ) ;
#858 = LINE ( 'NONE', #8866, #3785 ) ;
#859 = CARTESIAN_POINT ( 'NONE',  ( 3.671007366828999974, -5.149999830640999754, 0.8355334984000000187 ) ) ;
#860 = VECTOR ( 'NONE', #4209, 1000.000000000000000 ) ;
#861 = ORIENTED_EDGE ( 'NONE', *, *, #3753, .T. ) ;
#862 = AXIS2_PLACEMENT_3D ( 'NONE', #4031, #7428, #7327 ) ;
#863 = EDGE_CURVE ( 'NONE', #6956, #7338, #2144, .T. ) ;
#864 = ORIENTED_EDGE ( 'NONE', *, *, #8676, .T. ) ;
#865 = LINE ( 'NONE', #3486, #2581 ) ;
#866 = VERTEX_POINT ( 'NONE', #4159 ) ;
#867 = DIRECTION ( 'NONE',  ( 1.224646799146999945E-16, 1.000000000000000000, 0.000000000000000000 ) ) ;
#868 = AXIS2_PLACEMENT_3D ( 'NONE', #1679, #4930, #8878 ) ;
#869 = FACE_OUTER_BOUND ( 'NONE', #2793, .T. ) ;
#870 = STYLED_ITEM ( 'NONE', ( #5081 ), #6109 ) ;
#871 = VECTOR ( 'NONE', #2196, 1000.000000000000114 ) ;
#872 = CARTESIAN_POINT ( 'NONE',  ( 5.799999809265000472, 0.4499999852019999635, 0.3499999892349999753 ) ) ;
#873 = PRESENTATION_LAYER_ASSIGNMENT (  '', '', ( #3265 ) ) ;
#874 = AXIS2_PLACEMENT_3D ( 'NONE', #607, #6231, #5407 ) ;
#875 = DIRECTION ( 'NONE',  ( -0.9999748501857348426, 1.224615999507675655E-16, 0.007092178509962118738 ) ) ;
#876 = ORIENTED_EDGE ( 'NONE', *, *, #68, .T. ) ;
#877 = LINE ( 'NONE', #7380, #4611 ) ;
#878 = DIRECTION ( 'NONE',  ( 0.000000000000000000, 0.000000000000000000, 1.000000000000000000 ) ) ;
#879 = ORIENTED_EDGE ( 'NONE', *, *, #9712, .T. ) ;
#880 = CARTESIAN_POINT ( 'NONE',  ( 3.562050848458000019, -5.149999830640999754, 0.7933631763709999563 ) ) ;
#881 = CARTESIAN_POINT ( 'NONE',  ( 2.406308614214999864, -5.149999830640999754, 1.154143771051000078 ) ) ;
#882 = DIRECTION ( 'NONE',  ( 0.000000000000000000, 0.000000000000000000, 1.000000000000000000 ) ) ;
#883 = FACE_OUTER_BOUND ( 'NONE', #5318, .T. ) ;
#884 =( GEOMETRIC_REPRESENTATION_CONTEXT ( 3 ) GLOBAL_UNCERTAINTY_ASSIGNED_CONTEXT ( ( #3897 ) ) GLOBAL_UNIT_ASSIGNED_CONTEXT ( ( #1060, #5273, #8507 ) ) REPRESENTATION_CONTEXT ( 'NONE', 'WORKASPACE' ) );
#885 = CARTESIAN_POINT ( 'NONE',  ( -1.249999958892999974, -5.149999830640999754, 1.049999966214999914 ) ) ;
#886 = LINE ( 'NONE', #7388, #10063 ) ;
#887 = ORIENTED_EDGE ( 'NONE', *, *, #6352, .T. ) ;
#888 = CARTESIAN_POINT ( 'NONE',  ( 4.104684322469000612, -5.149999830640999754, 1.192326960306999917 ) ) ;
#889 = PRODUCT_DEFINITION ( '未知', '', #2747, #5751 ) ;
#890 = EDGE_LOOP ( 'NONE', ( #3862, #10043, #1073, #10012 ) ) ;
#891 = SURFACE_SIDE_STYLE ('',( #747 ) ) ;
#892 = CARTESIAN_POINT ( 'NONE',  ( 2.900915972334000337, -5.150999830607999819, 0.7558714511360000721 ) ) ;
#893 = ADVANCED_FACE ( 'NONE', ( #7398 ), #8300, .T. ) ;
#894 = ADVANCED_FACE ( 'NONE', ( #159 ), #8908, .F. ) ;
#895 = VERTEX_POINT ( 'NONE', #9837 ) ;
#896 = CARTESIAN_POINT ( 'NONE',  ( 4.107465053533000621, -5.150999830607999819, 1.203224970711000097 ) ) ;
#897 = LINE ( 'NONE', #5702, #2421 ) ;
#898 = VECTOR ( 'NONE', #5852, 999.9999999999998863 ) ;
#899 = LINE ( 'NONE', #5855, #3427 ) ;
#900 = CARTESIAN_POINT ( 'NONE',  ( 2.948950192121000402, -5.149999830640999754, 0.8003574814400000736 ) ) ;
#901 = APPLICATION_PROTOCOL_DEFINITION ( 'draft international standard', 'automotive_design', 1998, #9659 ) ;
#902 = VERTEX_POINT ( 'NONE', #222 ) ;
#903 = ORIENTED_EDGE ( 'NONE', *, *, #3981, .F. ) ;
#904 = CARTESIAN_POINT ( 'NONE',  ( -2.249999926008000362, 0.4499999852019999635, -3.712307892621000249 ) ) ;
#905 = EDGE_CURVE ( 'NONE', #6091, #595, #8434, .T. ) ;
#906 = CARTESIAN_POINT ( 'NONE',  ( 3.159884697628999817, -5.149999830640999754, 0.7742791034429999941 ) ) ;
#907 = ORIENTED_EDGE ( 'NONE', *, *, #755, .T. ) ;
#908 = DIRECTION ( 'NONE',  ( 1.224646799146999945E-16, 1.000000000000000000, 0.000000000000000000 ) ) ;
#909 =( LENGTH_UNIT ( ) NAMED_UNIT ( * ) SI_UNIT ( .MILLI., .METRE. ) );
#910 = CARTESIAN_POINT ( 'NONE',  ( 3.730235930644000053, -5.149999830640999754, 0.7567137122360000356 ) ) ;
#911 = FACE_OUTER_BOUND ( 'NONE', #6170, .T. ) ;
#912 = DIRECTION ( 'NONE',  ( 1.224646799146999945E-16, 1.000000000000000000, 0.000000000000000000 ) ) ;
#913 = CARTESIAN_POINT ( 'NONE',  ( 2.603501313235999870, -5.149999830640999754, 0.6177165876150000345 ) ) ;
#914 = ORIENTED_EDGE ( 'NONE', *, *, #1209, .T. ) ;
#915 = DIRECTION ( 'NONE',  ( -0.007092178509961118670, 8.685413711205699091E-19, -0.9999748501857348426 ) ) ;
#916 = VERTEX_POINT ( 'NONE', #1928 ) ;
#917 = ORIENTED_EDGE ( 'NONE', *, *, #3316, .T. ) ;
#918 =( LENGTH_UNIT ( ) NAMED_UNIT ( * ) SI_UNIT ( .MILLI., .METRE. ) );
#919 = ORIENTED_EDGE ( 'NONE', *, *, #771, .T. ) ;
#920 = DIRECTION ( 'NONE',  ( 1.224646799146999945E-16, 1.000000000000000000, 0.000000000000000000 ) ) ;
#921 = EDGE_CURVE ( 'NONE', #3648, #3721, #9895, .T. ) ;
#922 = ORIENTED_EDGE ( 'NONE', *, *, #3373, .T. ) ;
#923 = CARTESIAN_POINT ( 'NONE',  ( 3.539375103337000006, -5.150999830607999819, 0.7481894170299999702 ) ) ;
#924 = SURFACE_STYLE_FILL_AREA ( #3223 ) ;
#925 = EDGE_CURVE ( 'NONE', #403, #2301, #9135, .T. ) ;
#926 = ORIENTED_EDGE ( 'NONE', *, *, #4591, .F. ) ;
#927 = B_SPLINE_SURFACE_WITH_KNOTS ( 'NONE', 3, 1, ( 
 ( #3638, #1339 ),
 ( #6886, #6078 ),
 ( #9332, #5704 ),
 ( #5658, #8135 ) ),
 .UNSPECIFIED., .F., .F., .F.,
 ( 4, 4 ),
 ( 2, 2 ),
 ( 0.000000000000000000, 1.000000000000000000 ),
 ( 0.000000000000000000, 1.000000000000000000 ),
 .UNSPECIFIED. ) ;
#928 = SURFACE_SIDE_STYLE ('',( #8396 ) ) ;
#929 = ORIENTED_EDGE ( 'NONE', *, *, #2323, .F. ) ;
#930 = FACE_OUTER_BOUND ( 'NONE', #2039, .T. ) ;
#931 = DIRECTION ( 'NONE',  ( 1.224646799147213924E-16, 1.000000000000000000, 0.000000000000000000 ) ) ;
#932 = EDGE_CURVE ( 'NONE', #4227, #8350, #9059, .T. ) ;
#933 = EDGE_CURVE ( 'NONE', #1245, #10127, #6045, .T. ) ;
#934 = ORIENTED_EDGE ( 'NONE', *, *, #1190, .T. ) ;
#935 = LINE ( 'NONE', #1637, #3280 ) ;
#936 = CARTESIAN_POINT ( 'NONE',  ( 4.229393081471999771, -5.149999830640999754, 0.8312612924240000423 ) ) ;
#937 = DIRECTION ( 'NONE',  ( 0.007092178509969119214, -8.685413711215700445E-19, 0.9999748501857348426 ) ) ;
#938 = CARTESIAN_POINT ( 'NONE',  ( 2.600547976842999987, -5.149999830640999754, 1.220729257453000205 ) ) ;
#939 = LINE ( 'NONE', #885, #2074 ) ;
#940 = DIRECTION ( 'NONE',  ( 1.000000000000000000, -1.224646799146999945E-16, 0.000000000000000000 ) ) ;
#941 = ORIENTED_EDGE ( 'NONE', *, *, #6302, .T. ) ;
#942 = VECTOR ( 'NONE', #2682, 1000.000000000000000 ) ;
#943 = EDGE_LOOP ( 'NONE', ( #8772, #7817, #4647, #9136 ) ) ;
#944 = DIRECTION ( 'NONE',  ( 0.000000000000000000, 0.000000000000000000, 1.000000000000000000 ) ) ;
#945 = CARTESIAN_POINT ( 'NONE',  ( 3.485515178107999823, -5.149999830640999754, 0.8875905359869999955 ) ) ;
#946 = ORIENTED_EDGE ( 'NONE', *, *, #1657, .F. ) ;
#947 = CARTESIAN_POINT ( 'NONE',  ( 2.603470573927999965, -5.150999830607999819, 0.8172679810890000063 ) ) ;
#948 = CARTESIAN_POINT ( 'NONE',  ( 2.383152860003000306, -5.149999830640999754, 0.9475267208019999554 ) ) ;
#949 = LINE ( 'NONE', #217, #3567 ) ;
#950 = B_SPLINE_SURFACE_WITH_KNOTS ( 'NONE', 3, 1, ( 
 ( #8376, #3637 ),
 ( #10113, #1084 ),
 ( #4334, #1242 ),
 ( #3534, #3744 ) ),
 .UNSPECIFIED., .F., .F., .F.,
 ( 4, 4 ),
 ( 2, 2 ),
 ( 2.000000000000000000, 3.000000000000000000 ),
 ( 0.000000000000000000, 1.000000000000000000 ),
 .UNSPECIFIED. ) ;
#951 = LINE ( 'NONE', #2660, #9538 ) ;
#952 = VECTOR ( 'NONE', #10360, 1000.000000000000114 ) ;
#953 = CARTESIAN_POINT ( 'NONE',  ( 3.942708420406999537, -5.150999830607999819, 0.7043613423229999615 ) ) ;
#954 = ORIENTED_EDGE ( 'NONE', *, *, #3118, .F. ) ;
#955 = ORIENTED_EDGE ( 'NONE', *, *, #10252, .F. ) ;
#956 = ADVANCED_FACE ( 'NONE', ( #7558 ), #5591, .F. ) ;
#957 = CARTESIAN_POINT ( 'NONE',  ( 2.603470573927999965, -5.150999830607999819, 0.8172679810890000063 ) ) ;
#958 = DIRECTION ( 'NONE',  ( -0.9999748501857348426, 1.224615999507675655E-16, 0.007092178509960119469 ) ) ;
#959 = ORIENTED_EDGE ( 'NONE', *, *, #5353, .T. ) ;
#960 = FACE_OUTER_BOUND ( 'NONE', #5366, .T. ) ;
#961 = ORIENTED_EDGE ( 'NONE', *, *, #10252, .T. ) ;
#962 = VECTOR ( 'NONE', #3232, 1000.000000000000000 ) ;
#963 = CARTESIAN_POINT ( 'NONE',  ( 3.513715486765999874, -5.149999830640999754, 0.7734301993709999934 ) ) ;
#964 = LINE ( 'NONE', #811, #3774 ) ;
#965 = CARTESIAN_POINT ( 'NONE',  ( 2.625252213153999925, -5.150999830607999819, 1.237906332211999860 ) ) ;
#966 = CARTESIAN_POINT ( 'NONE',  ( 3.578881952546999923, -5.150999830607999819, 0.7035104421690000498 ) ) ;
#967 = EDGE_CURVE ( 'NONE', #3119, #5611, #5856, .T. ) ;
#968 = DIRECTION ( 'NONE',  ( -0.007092178509962118738, 8.685413711206696723E-19, -0.9999748501857348426 ) ) ;
#969 = EDGE_LOOP ( 'NONE', ( #2637, #7024, #7775, #907 ) ) ;
#970 = CARTESIAN_POINT ( 'NONE',  ( 3.826784913750000072, -5.150999830607999819, 0.6483853104269999834 ) ) ;
#971 = PRESENTATION_LAYER_ASSIGNMENT (  '', '', ( #5902 ) ) ;
#972 = MECHANICAL_DESIGN_GEOMETRIC_PRESENTATION_REPRESENTATION (  '', ( #2172 ), #10145 ) ;
#973 = ORIENTED_EDGE ( 'NONE', *, *, #7159, .T. ) ;
#974 = B_SPLINE_CURVE_WITH_KNOTS ( 'NONE', 3,
 ( #9288, #2051, #7788, #447 ),
 .UNSPECIFIED., .F., .F.,
 ( 4, 4 ),
 ( 8.000000000000000000, 9.000000000000000000 ),
 .UNSPECIFIED. ) ;
#975 = VERTEX_POINT ( 'NONE', #10052 ) ;
#976 = CARTESIAN_POINT ( 'NONE',  ( 3.746256641338999938, -5.150999830607999819, 0.7138649639030000271 ) ) ;
#977 = EDGE_CURVE ( 'NONE', #237, #10007, #8573, .T. ) ;
#978 = ADVANCED_FACE ( 'NONE', ( #10260 ), #8675, .F. ) ;
#979 = CARTESIAN_POINT ( 'NONE',  ( 3.691756714283000118, -5.149999830640999754, 1.232167923423999945 ) ) ;
#980 = COLOUR_RGB ( '',1.000000000000000000, 1.000000000000000000, 1.000000000000000000 ) ;
#981 = DIRECTION ( 'NONE',  ( 0.9999748501857348426, -1.224615999507673436E-16, -0.007092178509963118806 ) ) ;
#982 = ORIENTED_EDGE ( 'NONE', *, *, #1860, .T. ) ;
#983 = B_SPLINE_CURVE_WITH_KNOTS ( 'NONE', 3,
 ( #5208, #5836, #5095, #8448 ),
 .UNSPECIFIED., .F., .F.,
 ( 4, 4 ),
 ( 15.00000000000000000, 16.00000000000000000 ),
 .UNSPECIFIED. ) ;
#984 = DIRECTION ( 'NONE',  ( 1.000000000000000000, -2.446283049834999907E-16, 0.000000000000000000 ) ) ;
#985 = ORIENTED_EDGE ( 'NONE', *, *, #9338, .T. ) ;
#986 = FACE_OUTER_BOUND ( 'NONE', #2139, .T. ) ;
#987 = EDGE_CURVE ( 'NONE', #228, #7112, #3730, .T. ) ;
#988 = ORIENTED_EDGE ( 'NONE', *, *, #10437, .F. ) ;
#989 =( LENGTH_UNIT ( ) NAMED_UNIT ( * ) SI_UNIT ( .MILLI., .METRE. ) );
#990 = CARTESIAN_POINT ( 'NONE',  ( 4.207317222172000548, -5.149999830640999754, 0.8633392320939999864 ) ) ;
#991 = CARTESIAN_POINT ( 'NONE',  ( 3.756441236525999816, -5.150999830607999819, 0.8230740329350000328 ) ) ;
#992 = FILL_AREA_STYLE ('',( #4195 ) ) ;
#993 = VECTOR ( 'NONE', #5121, 1000.000000000000000 ) ;
#994 = B_SPLINE_CURVE_WITH_KNOTS ( 'NONE', 3,
 ( #8610, #1264, #6358, #4567 ),
 .UNSPECIFIED., .F., .F.,
 ( 4, 4 ),
 ( 2.000000000000000000, 3.000000000000000000 ),
 .UNSPECIFIED. ) ;
#995 = CARTESIAN_POINT ( 'NONE',  ( 3.894058247552000029, -5.149999830640999754, 1.050538555919999784 ) ) ;
#996 = CARTESIAN_POINT ( 'NONE',  ( 3.558550793576000348, -5.150999830607999819, 0.8349793613089999678 ) ) ;
#997 = EDGE_CURVE ( 'NONE', #8473, #9240, #7721, .T. ) ;
#998 = EDGE_LOOP ( 'NONE', ( #4161, #6455, #2791, #9915 ) ) ;
#999 = CARTESIAN_POINT ( 'NONE',  ( 2.292037407335999699, -5.149999830640999754, 0.9452808309360000161 ) ) ;
#1000 = DIRECTION ( 'NONE',  ( -1.000000000000000000, 1.224646799146999945E-16, 0.000000000000000000 ) ) ;
#1001 = VERTEX_POINT ( 'NONE', #5231 ) ;
#1002 = CARTESIAN_POINT ( 'NONE',  ( 5.149999830640999754, -1.249999958892999974, 0.5499999826579999862 ) ) ;
#1003 = CARTESIAN_POINT ( 'NONE',  ( 3.551492767735000111, -5.150999830607999819, 0.7267879015639999718 ) ) ;
#1004 = CARTESIAN_POINT ( 'NONE',  ( 3.405903410716000224, -5.149999830640999754, 0.7313557389520000118 ) ) ;
#1005 = CARTESIAN_POINT ( 'NONE',  ( 4.091948669616999545, -5.150999830607999819, 0.9066846339709999647 ) ) ;
#1006 = CARTESIAN_POINT ( 'NONE',  ( 3.604816999366999397, -5.149999830640999754, 0.7537560271359999842 ) ) ;
#1007 = ORIENTED_EDGE ( 'NONE', *, *, #5176, .T. ) ;
#1008 = ORIENTED_EDGE ( 'NONE', *, *, #2856, .T. ) ;
#1009 = CARTESIAN_POINT ( 'NONE',  ( 3.799694109084000182, -5.150999830607999819, 1.028020636141999899 ) ) ;
#1010 = CARTESIAN_POINT ( 'NONE',  ( 3.605138512242000104, -5.149999830640999754, 0.7990883306699999578 ) ) ;
#1011 = EDGE_LOOP ( 'NONE', ( #6768, #9431, #2748, #7811 ) ) ;
#1012 = DIRECTION ( 'NONE',  ( 0.000000000000000000, 0.000000000000000000, -1.000000000000000000 ) ) ;
#1013 = ORIENTED_EDGE ( 'NONE', *, *, #4387, .F. ) ;
#1014 = DIRECTION ( 'NONE',  ( 0.000000000000000000, 0.000000000000000000, -1.000000000000000000 ) ) ;
#1015 = DIRECTION ( 'NONE',  ( -0.9999748501857350647, 1.224615999507675901E-16, 0.007092178509932121032 ) ) ;
#1016 = EDGE_CURVE ( 'NONE', #1234, #9154, #9422, .T. ) ;
#1017 = PLANE ( 'NONE',  #125 ) ;
#1018 = DIRECTION ( 'NONE',  ( 0.007092178509962118738, -8.685413711206696723E-19, 0.9999748501857348426 ) ) ;
#1019 = SURFACE_STYLE_FILL_AREA ( #5194 ) ;
#1020 = B_SPLINE_SURFACE_WITH_KNOTS ( 'NONE', 3, 1, ( 
 ( #8442, #10021 ),
 ( #3440, #2743 ),
 ( #346, #9132 ),
 ( #9187, #2113 ) ),
 .UNSPECIFIED., .F., .F., .F.,
 ( 4, 4 ),
 ( 2, 2 ),
 ( 1.000000000000000000, 2.000000000000000000 ),
 ( 0.000000000000000000, 1.000000000000000000 ),
 .UNSPECIFIED. ) ;
#1021 = ORIENTED_EDGE ( 'NONE', *, *, #7712, .T. ) ;
#1022 = CARTESIAN_POINT ( 'NONE',  ( 3.709024302983000343, -5.150999830607999819, 0.7933605722100000035 ) ) ;
#1023 = ORIENTED_EDGE ( 'NONE', *, *, #8315, .F. ) ;
#1024 = PRODUCT_RELATED_PRODUCT_CATEGORY ( 'part', '', ( #2261 ) ) ;
#1025 = ORIENTED_EDGE ( 'NONE', *, *, #2923, .F. ) ;
#1026 = CARTESIAN_POINT ( 'NONE',  ( 3.545149352581999924, -5.150999830607999819, 1.071209362890999772 ) ) ;
#1027 = AXIS2_PLACEMENT_3D ( 'NONE', #9232, #1135, #5077 ) ;
#1028 = STYLED_ITEM ( 'NONE', ( #9103 ), #3974 ) ;
#1029 = ADVANCED_FACE ( 'NONE', ( #3832 ), #375, .F. ) ;
#1030 = ORIENTED_EDGE ( 'NONE', *, *, #5268, .T. ) ;
#1031 = EDGE_CURVE ( 'NONE', #9541, #1847, #5384, .T. ) ;
#1032 = CARTESIAN_POINT ( 'NONE',  ( 3.570968941761000437, -5.149999830640999754, 0.7753116623079999714 ) ) ;
#1033 = CARTESIAN_POINT ( 'NONE',  ( -5.149999830640999754, -0.4999999835569999274, 0.04999999910078999771 ) ) ;
#1034 = AXIS2_PLACEMENT_3D ( 'NONE', #2977, #6874, #2926 ) ;
#1035 = ORIENTED_EDGE ( 'NONE', *, *, #1172, .T. ) ;
#1036 = AXIS2_PLACEMENT_3D ( 'NONE', #8196, #58, #10525 ) ;
#1037 =( GEOMETRIC_REPRESENTATION_CONTEXT ( 3 ) GLOBAL_UNCERTAINTY_ASSIGNED_CONTEXT ( ( #418 ) ) GLOBAL_UNIT_ASSIGNED_CONTEXT ( ( #6146, #6962, #2066 ) ) REPRESENTATION_CONTEXT ( 'NONE', 'WORKASPACE' ) );
#1038 = VECTOR ( 'NONE', #1408, 1000.000000000000000 ) ;
#1039 = PRESENTATION_LAYER_ASSIGNMENT (  '', '', ( #1386 ) ) ;
#1040 = CARTESIAN_POINT ( 'NONE',  ( 2.249999926008000362, 0.4499999852019999635, -3.712307892621000249 ) ) ;
#1041 = VECTOR ( 'NONE', #3147, 1000.000000000000000 ) ;
#1042 = VERTEX_POINT ( 'NONE', #10206 ) ;
#1043 = CARTESIAN_POINT ( 'NONE',  ( -4.944441160745000730, 1.249999958892999974, 0.5499999826579999862 ) ) ;
#1044 = B_SPLINE_SURFACE_WITH_KNOTS ( 'NONE', 3, 1, ( 
 ( #307, #5892 ),
 ( #7484, #938 ),
 ( #5046, #7435 ),
 ( #4306, #3503 ) ),
 .UNSPECIFIED., .F., .F., .F.,
 ( 4, 4 ),
 ( 2, 2 ),
 ( 3.000000000000000000, 4.000000000000000000 ),
 ( 0.000000000000000000, 1.000000000000000000 ),
 .UNSPECIFIED. ) ;
#1045 = VECTOR ( 'NONE', #1015, 1000.000000000000114 ) ;
#1046 = ORIENTED_EDGE ( 'NONE', *, *, #8877, .T. ) ;
#1047 = EDGE_CURVE ( 'NONE', #5035, #6737, #2784, .T. ) ;
#1048 = FACE_OUTER_BOUND ( 'NONE', #7750, .T. ) ;
#1049 = FILL_AREA_STYLE_COLOUR ( '', #7601 ) ;
#1050 = DIRECTION ( 'NONE',  ( 0.007092178509979118160, -8.685413711227697063E-19, 0.9999748501857347316 ) ) ;
#1051 = UNCERTAINTY_MEASURE_WITH_UNIT (LENGTH_MEASURE( 1.000000000000000082E-05 ), #9504, 'distance_accuracy_value', 'NONE');
#1052 = CARTESIAN_POINT ( 'NONE',  ( 3.636323155045000366, -5.149999830640999754, 1.208334110051999977 ) ) ;
#1053 = EDGE_CURVE ( 'NONE', #8967, #7203, #2879, .T. ) ;
#1054 = CARTESIAN_POINT ( 'NONE',  ( 4.118035977518000657, -5.149999830640999754, 0.8831044727429999686 ) ) ;
#1055 = AXIS2_PLACEMENT_3D ( 'NONE', #3872, #9411, #10392 ) ;
#1056 = COLOUR_RGB ( '',1.000000000000000000, 1.000000000000000000, 1.000000000000000000 ) ;
#1057 = CARTESIAN_POINT ( 'NONE',  ( 3.479283045296999610, -5.150999830607999819, 0.8225442560619999899 ) ) ;
#1058 = ORIENTED_EDGE ( 'NONE', *, *, #7840, .T. ) ;
#1059 = CYLINDRICAL_SURFACE ( 'NONE', #469, 4.999999835572999984 ) ;
#1060 =( LENGTH_UNIT ( ) NAMED_UNIT ( * ) SI_UNIT ( .MILLI., .METRE. ) );
#1061 = VECTOR ( 'NONE', #504, 1000.000000000000000 ) ;
#1062 = ORIENTED_EDGE ( 'NONE', *, *, #2821, .T. ) ;
#1063 = CARTESIAN_POINT ( 'NONE',  ( 3.577210642399999863, -5.150999830607999819, 0.7244219547500000411 ) ) ;
#1064 = CARTESIAN_POINT ( 'NONE',  ( 2.546904161474999650, -5.150999830607999819, 0.7930867599069999496 ) ) ;
#1065 = CARTESIAN_POINT ( 'NONE',  ( 3.489029962721999834, -5.150999830607999819, 0.7307661757790000490 ) ) ;
#1066 = DIRECTION ( 'NONE',  ( 0.3427414958248244381, -4.197372757965848547E-17, -0.9394297563095187487 ) ) ;
#1067 = EDGE_CURVE ( 'NONE', #3652, #4176, #7032, .T. ) ;
#1068 = EDGE_CURVE ( 'NONE', #9342, #902, #7872, .T. ) ;
#1069 = CARTESIAN_POINT ( 'NONE',  ( 4.107465053533000621, -5.150999830607999819, 1.203224970711000097 ) ) ;
#1070 = CARTESIAN_POINT ( 'NONE',  ( 3.797024665003999822, -5.149999830640999754, 0.6369767941689999935 ) ) ;
#1071 = EDGE_CURVE ( 'NONE', #9175, #10279, #10304, .T. ) ;
#1072 = VERTEX_POINT ( 'NONE', #8516 ) ;
#1073 = ORIENTED_EDGE ( 'NONE', *, *, #6966, .F. ) ;
#1074 = CARTESIAN_POINT ( 'NONE',  ( 2.572305696702999800, -5.150999830607999819, 0.7046991371530000325 ) ) ;
#1075 = SURFACE_STYLE_USAGE ( .BOTH. , #6714 ) ;
#1076 = EDGE_LOOP ( 'NONE', ( #4107, #5345, #6087, #2240 ) ) ;
#1077 = ORIENTED_EDGE ( 'NONE', *, *, #3941, .T. ) ;
#1078 = B_SPLINE_CURVE_WITH_KNOTS ( 'NONE', 3,
 ( #5396, #41, #5690, #684 ),
 .UNSPECIFIED., .F., .F.,
 ( 4, 4 ),
 ( 5.000000000000000000, 6.000000000000000000 ),
 .UNSPECIFIED. ) ;
#1079 = CARTESIAN_POINT ( 'NONE',  ( 3.994571937651000049, -5.149999830640999754, 1.185101579587000131 ) ) ;
#1080 = ORIENTED_EDGE ( 'NONE', *, *, #7200, .F. ) ;
#1081 = CARTESIAN_POINT ( 'NONE',  ( 3.734576994400999883, -5.149999830640999754, 0.7530436797489999945 ) ) ;
#1082 = EDGE_CURVE ( 'NONE', #1097, #6688, #1224, .T. ) ;
#1083 = EDGE_CURVE ( 'NONE', #8323, #4056, #3940, .T. ) ;
#1084 = CARTESIAN_POINT ( 'NONE',  ( 4.206359715678000377, -5.149999830640999754, 0.8969310473210000412 ) ) ;
#1085 = PLANE ( 'NONE',  #8024 ) ;
#1086 = B_SPLINE_SURFACE_WITH_KNOTS ( 'NONE', 3, 1, ( 
 ( #7844, #2900 ),
 ( #5988, #8548 ),
 ( #7636, #8490 ),
 ( #6785, #1196 ) ),
 .UNSPECIFIED., .F., .F., .F.,
 ( 4, 4 ),
 ( 2, 2 ),
 ( 10.00000000000000000, 11.00000000000000000 ),
 ( 0.000000000000000000, 1.000000000000000000 ),
 .UNSPECIFIED. ) ;
#1087 = ORIENTED_EDGE ( 'NONE', *, *, #599, .T. ) ;
#1088 = CARTESIAN_POINT ( 'NONE',  ( 3.940116520921000287, -5.150999830607999819, 1.057282425629000100 ) ) ;
#1089 = B_SPLINE_CURVE_WITH_KNOTS ( 'NONE', 3,
 ( #10446, #5581, #8832, #776 ),
 .UNSPECIFIED., .F., .F.,
 ( 4, 4 ),
 ( 8.000000000000000000, 9.000000000000000000 ),
 .UNSPECIFIED. ) ;
#1090 = SURFACE_SIDE_STYLE ('',( #6839 ) ) ;
#1091 = VERTEX_POINT ( 'NONE', #10455 ) ;
#1092 = ORIENTED_EDGE ( 'NONE', *, *, #4839, .T. ) ;
#1093 = FILL_AREA_STYLE_COLOUR ( '', #9720 ) ;
#1094 = EDGE_LOOP ( 'NONE', ( #3128, #6835, #3368, #7910 ) ) ;
#1095 = LINE ( 'NONE', #9762, #470 ) ;
#1096 = PRESENTATION_STYLE_ASSIGNMENT (( #1955 ) ) ;
#1097 = VERTEX_POINT ( 'NONE', #7336 ) ;
#1098 = EDGE_CURVE ( 'NONE', #2692, #7239, #5649, .T. ) ;
#1099 = B_SPLINE_CURVE_WITH_KNOTS ( 'NONE', 3,
 ( #9116, #1081, #1825, #6718 ),
 .UNSPECIFIED., .F., .F.,
 ( 4, 4 ),
 ( 2.000000000000000000, 3.000000000000000000 ),
 .UNSPECIFIED. ) ;
#1100 = CARTESIAN_POINT ( 'NONE',  ( 3.380928124408999924, -5.150999830607999819, 0.9117274454279999940 ) ) ;
#1101 = EDGE_LOOP ( 'NONE', ( #2362, #3530, #1200, #4212 ) ) ;
#1102 = CARTESIAN_POINT ( 'NONE',  ( 4.107465053533000621, -5.150999830607999819, 1.203224970711000097 ) ) ;
#1103 = ORIENTED_EDGE ( 'NONE', *, *, #3649, .F. ) ;
#1104 = DIRECTION ( 'NONE',  ( -0.9999748501857351757, 1.224615999507676148E-16, 0.007092178509927121559 ) ) ;
#1105 = FACE_OUTER_BOUND ( 'NONE', #3780, .T. ) ;
#1106 = CARTESIAN_POINT ( 'NONE',  ( 2.292037407335999699, -5.150999830607999819, 0.9452808309360000161 ) ) ;
#1107 =( NAMED_UNIT ( * ) SI_UNIT ( $, .STERADIAN. ) SOLID_ANGLE_UNIT ( ) );
#1108 = ADVANCED_FACE ( 'NONE', ( #786 ), #3205, .F. ) ;
#1109 = CARTESIAN_POINT ( 'NONE',  ( 3.479117864370000035, -5.150999830607999819, 0.7992542652559999627 ) ) ;
#1110 = ORIENTED_EDGE ( 'NONE', *, *, #1303, .T. ) ;
#1111 = CARTESIAN_POINT ( 'NONE',  ( 3.604642969462000135, -5.149999830640999754, 0.7292183582519999874 ) ) ;
#1112 = VERTEX_POINT ( 'NONE', #8893 ) ;
#1113 = CARTESIAN_POINT ( 'NONE',  ( 3.687640853019999998, -5.150999830607999819, 0.7764597731360000088 ) ) ;
#1114 = CARTESIAN_POINT ( 'NONE',  ( 4.256823191649999671, -5.149999830640999754, 0.8064238667220000600 ) ) ;
#1115 = CARTESIAN_POINT ( 'NONE',  ( 2.900915972334000337, -5.150999830607999819, 0.7558714511360000721 ) ) ;
#1116 = FACE_OUTER_BOUND ( 'NONE', #569, .T. ) ;
#1117 = PLANE ( 'NONE',  #6463 ) ;
#1118 = VECTOR ( 'NONE', #3410, 1000.000000000000114 ) ;
#1119 = LINE ( 'NONE', #953, #3844 ) ;
#1120 = ORIENTED_EDGE ( 'NONE', *, *, #2525, .T. ) ;
#1121 = ORIENTED_EDGE ( 'NONE', *, *, #6361, .F. ) ;
#1122 = CARTESIAN_POINT ( 'NONE',  ( 2.602670668108999941, -5.149999830640999754, 0.7044837779389999666 ) ) ;
#1123 = CIRCLE ( 'NONE', #2992, 4.999999835572999984 ) ;
#1124 = SURFACE_STYLE_FILL_AREA ( #381 ) ;
#1125 = EDGE_LOOP ( 'NONE', ( #8716, #7465, #10436, #10474 ) ) ;
#1126 = ORIENTED_EDGE ( 'NONE', *, *, #5627, .F. ) ;
#1127 = CARTESIAN_POINT ( 'NONE',  ( 4.107465053533000621, -5.149999830640999754, 1.203224970711000097 ) ) ;
#1128 = ORIENTED_EDGE ( 'NONE', *, *, #9266, .F. ) ;
#1129 = CARTESIAN_POINT ( 'NONE',  ( 3.488865519211000077, -5.149999830640999754, 0.7075801581470000379 ) ) ;
#1130 = EDGE_CURVE ( 'NONE', #5446, #7346, #3993, .T. ) ;
#1131 = CARTESIAN_POINT ( 'NONE',  ( 1.999999934228999798, -0.4999999835569999274, 0.04999999910078999771 ) ) ;
#1132 = CARTESIAN_POINT ( 'NONE',  ( 3.159884697628999817, -5.150999830607999819, 0.7742791034429999941 ) ) ;
#1133 = VECTOR ( 'NONE', #1014, 1000.000000000000000 ) ;
#1134 = CARTESIAN_POINT ( 'NONE',  ( 5.149999830640999754, -5.149999830640999754, 2.049999933330000079 ) ) ;
#1135 = DIRECTION ( 'NONE',  ( -0.9999748501857348426, 1.224615999507674915E-16, 0.007092178509967119078 ) ) ;
#1136 = ORIENTED_EDGE ( 'NONE', *, *, #8492, .T. ) ;
#1137 = CARTESIAN_POINT ( 'NONE',  ( 4.450357438754000583, -5.149999830640999754, 0.7007609143149999831 ) ) ;
#1138 = DIRECTION ( 'NONE',  ( -1.000000000000000000, -4.595507503446999644E-17, 0.000000000000000000 ) ) ;
#1139 = MECHANICAL_DESIGN_GEOMETRIC_PRESENTATION_REPRESENTATION (  '', ( #9631 ), #7928 ) ;
#1140 = ORIENTED_EDGE ( 'NONE', *, *, #967, .T. ) ;
#1141 = ORIENTED_EDGE ( 'NONE', *, *, #1958, .F. ) ;
#1142 = CARTESIAN_POINT ( 'NONE',  ( 3.756616741260999870, -5.150999830607999819, 0.8478196481659999728 ) ) ;
#1143 = EDGE_LOOP ( 'NONE', ( #4051, #7784, #7394, #2155 ) ) ;
#1144 = ADVANCED_FACE ( 'NONE', ( #833 ), #7285, .F. ) ;
#1145 = CARTESIAN_POINT ( 'NONE',  ( 2.528773455554000016, -5.150999830607999819, 1.091096276592999903 ) ) ;
#1146 = FACE_OUTER_BOUND ( 'NONE', #7933, .T. ) ;
#1147 = ORIENTED_EDGE ( 'NONE', *, *, #933, .F. ) ;
#1148 = VERTEX_POINT ( 'NONE', #1479 ) ;
#1149 =( NAMED_UNIT ( * ) PLANE_ANGLE_UNIT ( ) SI_UNIT ( $, .RADIAN. ) );
#1150 = EDGE_LOOP ( 'NONE', ( #6722, #3995, #4073, #5238 ) ) ;
#1151 = CARTESIAN_POINT ( 'NONE',  ( 2.603470573927999965, -5.149999830640999754, 0.8172679810890000063 ) ) ;
#1152 = COLOUR_RGB ( '',0.2470588235294117752, 0.2470588235294117752, 0.2470588235294117752 ) ;
#1153 = CYLINDRICAL_SURFACE ( 'NONE', #8630, 4.499999852016000723 ) ;
#1154 = FACE_OUTER_BOUND ( 'NONE', #9790, .T. ) ;
#1155 = EDGE_CURVE ( 'NONE', #1649, #6604, #4690, .T. ) ;
#1156 = DIRECTION ( 'NONE',  ( 1.224646799146999945E-16, 1.000000000000000000, 0.000000000000000000 ) ) ;
#1157 = UNCERTAINTY_MEASURE_WITH_UNIT (LENGTH_MEASURE( 1.000000000000000082E-05 ), #9054, 'distance_accuracy_value', 'NONE');
#1158 = CARTESIAN_POINT ( 'NONE',  ( 3.636323155045000366, -5.150999830607999819, 1.208334110051999977 ) ) ;
#1159 = EDGE_CURVE ( 'NONE', #1937, #8323, #686, .T. ) ;
#1160 = CARTESIAN_POINT ( 'NONE',  ( 3.894049763800000008, -5.149999830640999754, 1.027351432164999911 ) ) ;
#1161 = ADVANCED_FACE ( 'NONE', ( #4852 ), #10498, .F. ) ;
#1162 = DIRECTION ( 'NONE',  ( 0.000000000000000000, 0.000000000000000000, -1.000000000000000000 ) ) ;
#1163 = CARTESIAN_POINT ( 'NONE',  ( 4.148760050210000827, -5.150999830607999819, 0.8828865666539998935 ) ) ;
#1164 = EDGE_CURVE ( 'NONE', #7897, #9393, #5491, .T. ) ;
#1165 = VERTEX_POINT ( 'NONE', #5692 ) ;
#1166 = LINE ( 'NONE', #8460, #6005 ) ;
#1167 = CARTESIAN_POINT ( 'NONE',  ( 3.762855115409999840, -5.150999830607999819, 0.7451487193829999800 ) ) ;
#1168 = FACE_OUTER_BOUND ( 'NONE', #1661, .T. ) ;
#1169 = CARTESIAN_POINT ( 'NONE',  ( 4.207063169991999807, -5.149999830640999754, 0.7468852222829999166 ) ) ;
#1170 = EDGE_CURVE ( 'NONE', #4902, #3816, #1535, .T. ) ;
#1171 = DIRECTION ( 'NONE',  ( -1.224646799146999945E-16, -1.000000000000000000, 0.000000000000000000 ) ) ;
#1172 = EDGE_CURVE ( 'NONE', #4177, #3652, #8741, .T. ) ;
#1173 = EDGE_LOOP ( 'NONE', ( #7252, #446, #6754, #5498 ) ) ;
#1174 = FACE_OUTER_BOUND ( 'NONE', #8680, .T. ) ;
#1175 = AXIS2_PLACEMENT_3D ( 'NONE', #904, #4870, #704 ) ;
#1176 = CARTESIAN_POINT ( 'NONE',  ( 3.525597980806999932, -5.149999830640999754, 1.129367977211000129 ) ) ;
#1177 = ORIENTED_EDGE ( 'NONE', *, *, #5714, .T. ) ;
#1178 = ORIENTED_EDGE ( 'NONE', *, *, #4170, .F. ) ;
#1179 = CARTESIAN_POINT ( 'NONE',  ( 2.921477160838999776, -5.149999830640999754, 0.8005523299819999883 ) ) ;
#1180 = ORIENTED_EDGE ( 'NONE', *, *, #9364, .F. ) ;
#1181 = CARTESIAN_POINT ( 'NONE',  ( 4.401000792302999898, -5.150999830607999819, 0.7567394150029999045 ) ) ;
#1182 = FACE_BOUND ( 'NONE', #8383, .T. ) ;
#1183 = DIRECTION ( 'NONE',  ( 0.000000000000000000, 0.000000000000000000, 1.000000000000000000 ) ) ;
#1184 = FACE_OUTER_BOUND ( 'NONE', #9188, .T. ) ;
#1185 = CARTESIAN_POINT ( 'NONE',  ( 3.719605238925999924, -5.149999830640999754, 0.8338371057050000257 ) ) ;
#1186 = ORIENTED_EDGE ( 'NONE', *, *, #10259, .F. ) ;
#1187 = CARTESIAN_POINT ( 'NONE',  ( 5.149999830640999754, 0.4999999835569999274, 0.04999999910078999771 ) ) ;
#1188 =( NAMED_UNIT ( * ) PLANE_ANGLE_UNIT ( ) SI_UNIT ( $, .RADIAN. ) );
#1189 = ORIENTED_EDGE ( 'NONE', *, *, #3394, .F. ) ;
#1190 = EDGE_CURVE ( 'NONE', #1929, #2297, #10351, .T. ) ;
#1191 = SURFACE_STYLE_USAGE ( .BOTH. , #8595 ) ;
#1192 = EDGE_LOOP ( 'NONE', ( #1136, #10027, #9623, #9066 ) ) ;
#1193 =( NAMED_UNIT ( * ) SI_UNIT ( $, .STERADIAN. ) SOLID_ANGLE_UNIT ( ) );
#1194 = SURFACE_STYLE_FILL_AREA ( #1351 ) ;
#1195 = VERTEX_POINT ( 'NONE', #8028 ) ;
#1196 = CARTESIAN_POINT ( 'NONE',  ( 3.756441236525999816, -5.149999830640999754, 0.8230740329350000328 ) ) ;
#1197 = CARTESIAN_POINT ( 'NONE',  ( 4.106841214493999637, -5.150999830607999819, 1.203229395199999940 ) ) ;
#1198 = EDGE_CURVE ( 'NONE', #9648, #2243, #742, .T. ) ;
#1199 = VERTEX_POINT ( 'NONE', #258 ) ;
#1200 = ORIENTED_EDGE ( 'NONE', *, *, #1528, .F. ) ;
#1201 = VECTOR ( 'NONE', #394, 1000.000000000000000 ) ;
#1202 = CARTESIAN_POINT ( 'NONE',  ( 4.361961464108999209, -5.149999830640999754, 0.8673373816999999653 ) ) ;
#1203 = ORIENTED_EDGE ( 'NONE', *, *, #395, .F. ) ;
#1204 = DIRECTION ( 'NONE',  ( -1.000000000000000000, 1.224646799146999945E-16, 0.000000000000000000 ) ) ;
#1205 = PLANE ( 'NONE',  #7311 ) ;
#1206 = CARTESIAN_POINT ( 'NONE',  ( 3.664512342141999834, -5.150999830607999819, 0.7114293499519999120 ) ) ;
#1207 =( NAMED_UNIT ( * ) SI_UNIT ( $, .STERADIAN. ) SOLID_ANGLE_UNIT ( ) );
#1208 = CARTESIAN_POINT ( 'NONE',  ( -4.944441160745000730, -1.249999958892999974, 1.049999966214999914 ) ) ;
#1209 = EDGE_CURVE ( 'NONE', #9114, #4549, #8180, .T. ) ;
#1210 = DIRECTION ( 'NONE',  ( -4.595507503446999644E-17, 1.000000000000000000, 0.000000000000000000 ) ) ;
#1211 = COLOUR_RGB ( '',0.2470588235294117752, 0.2470588235294117752, 0.2470588235294117752 ) ;
#1212 = B_SPLINE_SURFACE_WITH_KNOTS ( 'NONE', 3, 1, ( 
 ( #6251, #9512 ),
 ( #7174, #2228 ),
 ( #3127, #5482 ),
 ( #8732, #1424 ) ),
 .UNSPECIFIED., .F., .F., .F.,
 ( 4, 4 ),
 ( 2, 2 ),
 ( 5.000000000000000000, 6.000000000000000000 ),
 ( 0.000000000000000000, 1.000000000000000000 ),
 .UNSPECIFIED. ) ;
#1213 = CARTESIAN_POINT ( 'NONE',  ( 3.539375103337000006, -5.150999830607999819, 0.7481894170299999702 ) ) ;
#1214 = AXIS2_PLACEMENT_3D ( 'NONE', #9320, #3831, #8515 ) ;
#1215 = VECTOR ( 'NONE', #628, 1000.000000000000114 ) ;
#1216 = CARTESIAN_POINT ( 'NONE',  ( 3.796509686322999677, -5.150999830607999819, 1.231424977962000122 ) ) ;
#1217 = CARTESIAN_POINT ( 'NONE',  ( 3.681927869545999599, -5.149999830640999754, 0.8432544265400000461 ) ) ;
#1218 = EDGE_LOOP ( 'NONE', ( #4543, #5022, #5595, #1757 ) ) ;
#1219 = DIRECTION ( 'NONE',  ( 0.000000000000000000, 0.000000000000000000, -1.000000000000000000 ) ) ;
#1220 = SURFACE_STYLE_USAGE ( .BOTH. , #3623 ) ;
#1221 = CARTESIAN_POINT ( 'NONE',  ( 2.602670668108999941, -5.149999830640999754, 0.7044837779389999666 ) ) ;
#1222 = VECTOR ( 'NONE', #4781, 1000.000000000000114 ) ;
#1223 = VECTOR ( 'NONE', #4403, 1000.000000000000000 ) ;
#1224 = LINE ( 'NONE', #9367, #7859 ) ;
#1225 = B_SPLINE_CURVE_WITH_KNOTS ( 'NONE', 3,
 ( #3345, #6589, #2546, #4999 ),
 .UNSPECIFIED., .F., .F.,
 ( 4, 4 ),
 ( 7.000000000000000000, 8.000000000000000000 ),
 .UNSPECIFIED. ) ;
#1226 = VECTOR ( 'NONE', #4790, 1000.000000000000000 ) ;
#1227 = EDGE_LOOP ( 'NONE', ( #1697, #4239, #4010, #7765, #5929, #4349 ) ) ;
#1228 = EDGE_CURVE ( 'NONE', #5199, #7639, #9881, .T. ) ;
#1229 = CARTESIAN_POINT ( 'NONE',  ( 4.207063169991999807, -5.150999830607999819, 0.7468852222829999166 ) ) ;
#1230 = EDGE_CURVE ( 'NONE', #749, #10279, #2098, .T. ) ;
#1231 = STYLED_ITEM ( 'NONE', ( #7464 ), #9412 ) ;
#1232 = EDGE_CURVE ( 'NONE', #1249, #237, #2540, .T. ) ;
#1233 = CARTESIAN_POINT ( 'NONE',  ( 2.951831849623999915, -5.150999830607999819, 0.7988910422709999404 ) ) ;
#1234 = VERTEX_POINT ( 'NONE', #7489 ) ;
#1235 = STYLED_ITEM ( 'NONE', ( #4441 ), #6223 ) ;
#1236 = ORIENTED_EDGE ( 'NONE', *, *, #7518, .T. ) ;
#1237 = DIRECTION ( 'NONE',  ( 1.224646799146999945E-16, 1.000000000000000000, 0.000000000000000000 ) ) ;
#1238 = VERTEX_POINT ( 'NONE', #3396 ) ;
#1239 = PRESENTATION_STYLE_ASSIGNMENT (( #331 ) ) ;
#1240 = CARTESIAN_POINT ( 'NONE',  ( 2.383152860003000306, -5.150999830607999819, 0.9475267208019999554 ) ) ;
#1241 = VECTOR ( 'NONE', #6318, 1000.000000000000000 ) ;
#1242 = CARTESIAN_POINT ( 'NONE',  ( 4.180793746149999990, -5.149999830640999754, 0.9060545129810000375 ) ) ;
#1243 = FACE_OUTER_BOUND ( 'NONE', #5082, .T. ) ;
#1244 = CARTESIAN_POINT ( 'NONE',  ( 3.976819062679000538, -5.149999830640999754, 1.130326892396000149 ) ) ;
#1245 = VERTEX_POINT ( 'NONE', #7547 ) ;
#1246 = ADVANCED_FACE ( 'NONE', ( #6698 ), #1594, .F. ) ;
#1247 = LINE ( 'NONE', #4495, #3559 ) ;
#1248 = LINE ( 'NONE', #8482, #1295 ) ;
#1249 = VERTEX_POINT ( 'NONE', #9931 ) ;
#1250 = VERTEX_POINT ( 'NONE', #9824 ) ;
#1251 = DIRECTION ( 'NONE',  ( 1.000000000000000000, -2.446283049834999907E-16, 0.000000000000000000 ) ) ;
#1252 = ORIENTED_EDGE ( 'NONE', *, *, #5001, .F. ) ;
#1253 = CARTESIAN_POINT ( 'NONE',  ( 4.207063169991999807, -5.150999830607999819, 0.7468852222829999166 ) ) ;
#1254 = CARTESIAN_POINT ( 'NONE',  ( 3.527966885400999786, -5.150999830607999819, 1.206815086515000024 ) ) ;
#1255 = B_SPLINE_CURVE_WITH_KNOTS ( 'NONE', 3,
 ( #3465, #265, #9993, #2712 ),
 .UNSPECIFIED., .F., .F.,
 ( 4, 4 ),
 ( 12.00000000000000000, 13.00000000000000000 ),
 .UNSPECIFIED. ) ;
#1256 = EDGE_LOOP ( 'NONE', ( #5558, #2827, #3343, #6970 ) ) ;
#1257 = EDGE_LOOP ( 'NONE', ( #5640, #6893, #3206, #620, #8523, #4977, #10290, #4322, #4391, #6902, #8921, #4282, #5693, #3228 ) ) ;
#1258 = CARTESIAN_POINT ( 'NONE',  ( 3.575966300094000072, -5.149999830640999754, 0.8348558443209999069 ) ) ;
#1259 = ORIENTED_EDGE ( 'NONE', *, *, #295, .F. ) ;
#1260 = FACE_OUTER_BOUND ( 'NONE', #2830, .T. ) ;
#1261 = LINE ( 'NONE', #4565, #5578 ) ;
#1262 = DIRECTION ( 'NONE',  ( 1.224646799146999945E-16, 1.000000000000000000, 0.000000000000000000 ) ) ;
#1263 = EDGE_CURVE ( 'NONE', #834, #9372, #2704, .T. ) ;
#1264 = CARTESIAN_POINT ( 'NONE',  ( 3.919895581101999316, -5.149999830640999754, 1.050355308329999904 ) ) ;
#1265 = UNCERTAINTY_MEASURE_WITH_UNIT (LENGTH_MEASURE( 1.000000000000000082E-05 ), #1920, 'distance_accuracy_value', 'NONE');
#1266 = CARTESIAN_POINT ( 'NONE',  ( 4.393053853472999926, -5.150999830607999819, 0.7797750046479999808 ) ) ;
#1267 = B_SPLINE_CURVE_WITH_KNOTS ( 'NONE', 3,
 ( #2757, #357, #6001, #6910 ),
 .UNSPECIFIED., .F., .F.,
 ( 4, 4 ),
 ( 2.000000000000000000, 3.000000000000000000 ),
 .UNSPECIFIED. ) ;
#1268 = EDGE_CURVE ( 'NONE', #8432, #7514, #91, .T. ) ;
#1269 = FACE_OUTER_BOUND ( 'NONE', #7237, .T. ) ;
#1270 = CARTESIAN_POINT ( 'NONE',  ( 4.316314642697999915, -5.149999830640999754, 0.7573400393989999646 ) ) ;
#1271 = ORIENTED_EDGE ( 'NONE', *, *, #68, .F. ) ;
#1272 = PRESENTATION_STYLE_ASSIGNMENT (( #1427 ) ) ;
#1273 = PLANE ( 'NONE',  #286 ) ;
#1274 = FACE_OUTER_BOUND ( 'NONE', #7328, .T. ) ;
#1275 = DIRECTION ( 'NONE',  ( -0.3216389368449140695, 3.938940944884949634E-17, 0.9468623945987471036 ) ) ;
#1276 = ORIENTED_EDGE ( 'NONE', *, *, #1387, .T. ) ;
#1277 = LINE ( 'NONE', #6878, #3725 ) ;
#1278 = DIRECTION ( 'NONE',  ( -1.000000000000000000, 2.446283049834999907E-16, 0.000000000000000000 ) ) ;
#1279 = EDGE_LOOP ( 'NONE', ( #5168, #7294, #2220, #973 ) ) ;
#1280 = ORIENTED_EDGE ( 'NONE', *, *, #9173, .F. ) ;
#1281 = LINE ( 'NONE', #1127, #7693 ) ;
#1282 = VERTEX_POINT ( 'NONE', #1057 ) ;
#1283 = CARTESIAN_POINT ( 'NONE',  ( 3.525780790067999604, -5.150999830607999819, 0.7153246789210000456 ) ) ;
#1284 = CARTESIAN_POINT ( 'NONE',  ( 2.871463794558000160, -5.149999830640999754, 1.292555029307000058 ) ) ;
#1285 = CARTESIAN_POINT ( 'NONE',  ( 2.749224460775999912, -5.149999830640999754, 0.7757456509739999451 ) ) ;
#1286 = EDGE_CURVE ( 'NONE', #6613, #8350, #4996, .T. ) ;
#1287 = VECTOR ( 'NONE', #10371, 1000.000000000000000 ) ;
#1288 = CARTESIAN_POINT ( 'NONE',  ( 2.952416451388000240, -5.149999830640999754, 0.8813102736230000733 ) ) ;
#1289 =( LENGTH_UNIT ( ) NAMED_UNIT ( * ) SI_UNIT ( .MILLI., .METRE. ) );
#1290 = VERTEX_POINT ( 'NONE', #4311 ) ;
#1291 = CARTESIAN_POINT ( 'NONE',  ( 3.664698908099000008, -5.150999830607999819, 0.7377345627810000250 ) ) ;
#1292 = VERTEX_POINT ( 'NONE', #9201 ) ;
#1293 = DIRECTION ( 'NONE',  ( 0.007092178509967119078, -8.685413711212699846E-19, 0.9999748501857348426 ) ) ;
#1294 = ORIENTED_EDGE ( 'NONE', *, *, #7504, .T. ) ;
#1295 = VECTOR ( 'NONE', #8382, 999.9999999999998863 ) ;
#1296 = DIRECTION ( 'NONE',  ( 1.224646799147213924E-16, 1.000000000000000000, 0.000000000000000000 ) ) ;
#1297 = EDGE_CURVE ( 'NONE', #2779, #1553, #886, .T. ) ;
#1298 = DIRECTION ( 'NONE',  ( -0.3492990578019722903, 0.000000000000000000, 0.9370112956729254039 ) ) ;
#1299 = DIRECTION ( 'NONE',  ( 1.000000000000000000, -2.446283049834999907E-16, 0.000000000000000000 ) ) ;
#1300 = CARTESIAN_POINT ( 'NONE',  ( 3.528221963638999981, -5.150999830607999819, 0.8176221140439999813 ) ) ;
#1301 = ORIENTED_EDGE ( 'NONE', *, *, #6248, .F. ) ;
#1302 = ORIENTED_EDGE ( 'NONE', *, *, #9438, .F. ) ;
#1303 = EDGE_CURVE ( 'NONE', #7039, #6085, #2969, .T. ) ;
#1304 = PLANE ( 'NONE',  #6306 ) ;
#1305 = EDGE_CURVE ( 'NONE', #6374, #2692, #8578, .T. ) ;
#1306 = VERTEX_POINT ( 'NONE', #4361 ) ;
#1307 = CARTESIAN_POINT ( 'NONE',  ( 5.149999830640999754, -5.149999830640999754, 2.049999933330000079 ) ) ;
#1308 = B_SPLINE_CURVE_WITH_KNOTS ( 'NONE', 3,
 ( #6254, #7074, #5433, #3782 ),
 .UNSPECIFIED., .F., .F.,
 ( 4, 4 ),
 ( 2.000000000000000000, 3.000000000000000000 ),
 .UNSPECIFIED. ) ;
#1309 = CARTESIAN_POINT ( 'NONE',  ( 4.355807136685999836, -5.149999830640999754, 0.8645736134990000821 ) ) ;
#1310 = LINE ( 'NONE', #1364, #8941 ) ;
#1311 = DIRECTION ( 'NONE',  ( 0.000000000000000000, 0.000000000000000000, 1.000000000000000000 ) ) ;
#1312 = VECTOR ( 'NONE', #4118, 1000.000000000000114 ) ;
#1313 = CARTESIAN_POINT ( 'NONE',  ( 2.351649519926000131, -5.150999830607999819, 0.7872415132179999553 ) ) ;
#1314 = B_SPLINE_CURVE_WITH_KNOTS ( 'NONE', 3,
 ( #7609, #6704, #5114, #9991 ),
 .UNSPECIFIED., .F., .F.,
 ( 4, 4 ),
 ( 0.000000000000000000, 1.000000000000000000 ),
 .UNSPECIFIED. ) ;
#1315 =( GEOMETRIC_REPRESENTATION_CONTEXT ( 3 ) GLOBAL_UNCERTAINTY_ASSIGNED_CONTEXT ( ( #8285 ) ) GLOBAL_UNIT_ASSIGNED_CONTEXT ( ( #9668, #4086, #89 ) ) REPRESENTATION_CONTEXT ( 'NONE', 'WORKASPACE' ) );
#1316 = DIRECTION ( 'NONE',  ( -1.000000000000000000, 2.446283049834999907E-16, 0.000000000000000000 ) ) ;
#1317 = CARTESIAN_POINT ( 'NONE',  ( 4.876664484086999707, -1.194438310191000233E-15, 2.086424435345000106 ) ) ;
#1318 = EDGE_LOOP ( 'NONE', ( #6889, #4595, #9018, #848 ) ) ;
#1319 = CARTESIAN_POINT ( 'NONE',  ( 2.921477160838999776, -5.149999830640999754, 0.8005523299819999883 ) ) ;
#1320 = EDGE_CURVE ( 'NONE', #273, #8301, #5106, .T. ) ;
#1321 = DIRECTION ( 'NONE',  ( 1.000000000000000000, -1.224646799146999945E-16, 0.000000000000000000 ) ) ;
#1322 = CARTESIAN_POINT ( 'NONE',  ( 4.197963349183000403, -5.150999830607999819, 1.025195968557000015 ) ) ;
#1323 = CARTESIAN_POINT ( 'NONE',  ( 5.149999830640999754, -5.149999830640999754, 0.3499999892349999753 ) ) ;
#1324 = CIRCLE ( 'NONE', #6582, 4.999999835572999984 ) ;
#1325 = CARTESIAN_POINT ( 'NONE',  ( -2.249999926008000362, 0.4499999852019999635, 0.3499999892349999753 ) ) ;
#1326 = CARTESIAN_POINT ( 'NONE',  ( 2.583658042046999892, -5.150999830607999819, 1.082030869061000100 ) ) ;
#1327 = ADVANCED_FACE ( 'NONE', ( #3292 ), #741, .F. ) ;
#1328 = ORIENTED_EDGE ( 'NONE', *, *, #3615, .F. ) ;
#1329 = CARTESIAN_POINT ( 'NONE',  ( 3.566033526276999766, -5.150999830607999819, 0.7245012268460000460 ) ) ;
#1330 = VERTEX_POINT ( 'NONE', #8666 ) ;
#1331 = VERTEX_POINT ( 'NONE', #2866 ) ;
#1332 = CARTESIAN_POINT ( 'NONE',  ( 3.762855115409999840, -5.150999830607999819, 0.7451487193829999800 ) ) ;
#1333 = LINE ( 'NONE', #10267, #4615 ) ;
#1334 = ORIENTED_EDGE ( 'NONE', *, *, #755, .F. ) ;
#1335 = CARTESIAN_POINT ( 'NONE',  ( -5.149999830640999754, -3.649999879969000105, 0.04999999910078999771 ) ) ;
#1336 = B_SPLINE_CURVE_WITH_KNOTS ( 'NONE', 3,
 ( #1570, #3367, #9647, #6610 ),
 .UNSPECIFIED., .F., .F.,
 ( 4, 4 ),
 ( 6.000000000000000000, 7.000000000000000000 ),
 .UNSPECIFIED. ) ;
#1337 = CARTESIAN_POINT ( 'NONE',  ( 3.019791546220999656, -5.150999830607999819, 0.7984090478490000198 ) ) ;
#1338 = CARTESIAN_POINT ( 'NONE',  ( 3.697120481929000224, -5.150999830607999819, 0.8009314433930000421 ) ) ;
#1339 = CARTESIAN_POINT ( 'NONE',  ( 3.072553469417000027, -5.149999830640999754, 1.101699746831000137 ) ) ;
#1340 = AXIS2_PLACEMENT_3D ( 'NONE', #970, #1830, #398 ) ;
#1341 = CARTESIAN_POINT ( 'NONE',  ( 3.593811321753000332, -5.150999830607999819, 0.7120347652239999992 ) ) ;
#1342 = DIRECTION ( 'NONE',  ( 1.224646799146999945E-16, 1.000000000000000000, 0.000000000000000000 ) ) ;
#1343 = ORIENTED_EDGE ( 'NONE', *, *, #9966, .T. ) ;
#1344 = CARTESIAN_POINT ( 'NONE',  ( 3.748826853226999489, -5.150999830607999819, 0.7757138849769998901 ) ) ;
#1345 = CARTESIAN_POINT ( 'NONE',  ( 3.697120481929000224, -5.150999830607999819, 0.8009314433930000421 ) ) ;
#1346 = VERTEX_POINT ( 'NONE', #4569 ) ;
#1347 = CARTESIAN_POINT ( 'NONE',  ( -4.876664484086999707, 5.972191550953000414E-16, 2.698346358426999991 ) ) ;
#1348 = B_SPLINE_CURVE_WITH_KNOTS ( 'NONE', 3,
 ( #7713, #6104, #4364, #4313 ),
 .UNSPECIFIED., .F., .F.,
 ( 4, 4 ),
 ( 5.000000000000000000, 6.000000000000000000 ),
 .UNSPECIFIED. ) ;
#1349 = ORIENTED_EDGE ( 'NONE', *, *, #5873, .F. ) ;
#1350 = CARTESIAN_POINT ( 'NONE',  ( 2.921477160838999776, -5.150999830607999819, 0.8005523299819999883 ) ) ;
#1351 = FILL_AREA_STYLE ('',( #2003 ) ) ;
#1352 = CARTESIAN_POINT ( 'NONE',  ( 3.736727984784999901, -5.150999830607999819, 0.7484533744160000168 ) ) ;
#1353 = PLANE ( 'NONE',  #7691 ) ;
#1354 = FACE_OUTER_BOUND ( 'NONE', #5390, .T. ) ;
#1355 = ORIENTED_EDGE ( 'NONE', *, *, #4773, .T. ) ;
#1356 = ORIENTED_EDGE ( 'NONE', *, *, #1818, .T. ) ;
#1357 = EDGE_CURVE ( 'NONE', #3138, #9648, #7760, .T. ) ;
#1358 = EDGE_CURVE ( 'NONE', #6856, #1462, #221, .T. ) ;
#1359 = LINE ( 'NONE', #5419, #3439 ) ;
#1360 = ADVANCED_FACE ( 'NONE', ( #362 ), #3773, .F. ) ;
#1361 = ORIENTED_EDGE ( 'NONE', *, *, #622, .T. ) ;
#1362 = DIRECTION ( 'NONE',  ( 1.000000000000000000, -1.224646799146999945E-16, 0.000000000000000000 ) ) ;
#1363 = FACE_OUTER_BOUND ( 'NONE', #5263, .T. ) ;
#1364 = CARTESIAN_POINT ( 'NONE',  ( 3.849438959200000010, -5.150999830607999819, 0.7408953917490000984 ) ) ;
#1365 = CARTESIAN_POINT ( 'NONE',  ( -5.227142138160999707, 6.401402888187000543E-16, 2.392385396886000049 ) ) ;
#1366 = CARTESIAN_POINT ( 'NONE',  ( 3.541729245711999763, -5.149999830640999754, 0.7355913338190001038 ) ) ;
#1367 = CARTESIAN_POINT ( 'NONE',  ( 2.468966427038000067, -5.150999830607999819, 0.8138839282250001084 ) ) ;
#1368 = CARTESIAN_POINT ( 'NONE',  ( 4.121945718565999783, -5.150999830607999819, 1.229116869479000007 ) ) ;
#1369 = ORIENTED_EDGE ( 'NONE', *, *, #9351, .T. ) ;
#1370 = FILL_AREA_STYLE ('',( #6107 ) ) ;
#1371 = LINE ( 'NONE', #7027, #7423 ) ;
#1372 = MECHANICAL_DESIGN_GEOMETRIC_PRESENTATION_REPRESENTATION (  '', ( #530 ), #4783 ) ;
#1373 = CARTESIAN_POINT ( 'NONE',  ( 3.559581311104000445, -5.149999830640999754, 0.8556637547570000724 ) ) ;
#1374 = VECTOR ( 'NONE', #842, 1000.000000000000000 ) ;
#1375 = FILL_AREA_STYLE_COLOUR ( '', #10370 ) ;
#1376 = VECTOR ( 'NONE', #845, 1000.000000000000114 ) ;
#1377 = AXIS2_PLACEMENT_3D ( 'NONE', #8292, #839, #3191 ) ;
#1378 = FILL_AREA_STYLE ('',( #2085 ) ) ;
#1379 = EDGE_LOOP ( 'NONE', ( #8873, #4423, #3185, #6843 ) ) ;
#1380 = FILL_AREA_STYLE_COLOUR ( '', #9164 ) ;
#1381 = VECTOR ( 'NONE', #7901, 1000.000000000000000 ) ;
#1382 = VERTEX_POINT ( 'NONE', #9308 ) ;
#1383 = ORIENTED_EDGE ( 'NONE', *, *, #6596, .F. ) ;
#1384 = CARTESIAN_POINT ( 'NONE',  ( 3.969126090162000242, -5.149999830640999754, 0.7273611627060000417 ) ) ;
#1385 = CARTESIAN_POINT ( 'NONE',  ( 3.564118550417000542, -5.150999830607999819, 1.026260134769999999 ) ) ;
#1386 = STYLED_ITEM ( 'NONE', ( #2253 ), #2288 ) ;
#1387 = EDGE_CURVE ( 'NONE', #6511, #5736, #7808, .T. ) ;
#1388 = AXIS2_PLACEMENT_3D ( 'NONE', #728, #8013, #2443 ) ;
#1389 = ORIENTED_EDGE ( 'NONE', *, *, #8493, .T. ) ;
#1390 = STYLED_ITEM ( 'NONE', ( #9017 ), #6064 ) ;
#1391 = CARTESIAN_POINT ( 'NONE',  ( 3.954923132601000368, -5.150999830607999819, 1.187774286336999996 ) ) ;
#1392 = VECTOR ( 'NONE', #8311, 1000.000000000000114 ) ;
#1393 = CARTESIAN_POINT ( 'NONE',  ( 3.546637000016999774, -5.150999830607999819, 0.7311894333370000387 ) ) ;
#1394 = ADVANCED_FACE ( 'NONE', ( #2810 ), #6424, .T. ) ;
#1395 = CARTESIAN_POINT ( 'NONE',  ( 4.267364653849000433, -5.150999830607999819, 0.7020587644519999948 ) ) ;
#1396 = CARTESIAN_POINT ( 'NONE',  ( 3.969700594347000067, -5.149999830640999754, 1.174880135705000050 ) ) ;
#1397 = CARTESIAN_POINT ( 'NONE',  ( 4.146443853371999388, -5.149999830640999754, 0.7029163779229998799 ) ) ;
#1398 = ORIENTED_EDGE ( 'NONE', *, *, #2275, .F. ) ;
#1399 = LINE ( 'NONE', #3749, #493 ) ;
#1400 = CARTESIAN_POINT ( 'NONE',  ( 4.355807136685999836, -5.150999830607999819, 0.8645736134990000821 ) ) ;
#1401 = EDGE_LOOP ( 'NONE', ( #5012, #4949, #5025, #8918 ) ) ;
#1402 = STYLED_ITEM ( 'NONE', ( #6234 ), #4697 ) ;
#1403 = CARTESIAN_POINT ( 'NONE',  ( 4.226662871448999326, -5.150999830607999819, 0.8787987863330000149 ) ) ;
#1404 = ADVANCED_FACE ( 'NONE', ( #517 ), #4837, .F. ) ;
#1405 = VECTOR ( 'NONE', #6864, 1000.000000000000000 ) ;
#1406 = EDGE_CURVE ( 'NONE', #4671, #8440, #7548, .T. ) ;
#1407 = CARTESIAN_POINT ( 'NONE',  ( 3.821446569039999908, -5.149999830640999754, 0.6791227954329999150 ) ) ;
#1408 = DIRECTION ( 'NONE',  ( 0.007092178509978118092, -8.685413711226697505E-19, 0.9999748501857347316 ) ) ;
#1409 = VECTOR ( 'NONE', #492, 1000.000000000000000 ) ;
#1410 = CARTESIAN_POINT ( 'NONE',  ( 2.625252213153999925, -5.149999830640999754, 1.237906332211999860 ) ) ;
#1411 = COLOUR_RGB ( '',0.000000000000000000, 0.000000000000000000, 0.000000000000000000 ) ;
#1412 = CARTESIAN_POINT ( 'NONE',  ( 1.249999958892999974, -6.749999778023999752, 2.049999933330000079 ) ) ;
#1413 = PLANE ( 'NONE',  #9198 ) ;
#1414 = ORIENTED_EDGE ( 'NONE', *, *, #6178, .T. ) ;
#1415 = ORIENTED_EDGE ( 'NONE', *, *, #1164, .T. ) ;
#1416 = CARTESIAN_POINT ( 'NONE',  ( 3.821446569039999908, -5.150999830607999819, 0.6791227954329999150 ) ) ;
#1417 = ORIENTED_EDGE ( 'NONE', *, *, #9707, .T. ) ;
#1418 = LINE ( 'NONE', #5367, #1381 ) ;
#1419 = AXIS2_PLACEMENT_3D ( 'NONE', #5431, #5484, #3881 ) ;
#1420 = CARTESIAN_POINT ( 'NONE',  ( 3.213528513388999919, -5.150999830607999819, 0.9980322281830000808 ) ) ;
#1421 = ADVANCED_FACE ( 'NONE', ( #10143 ), #468, .T. ) ;
#1422 = LINE ( 'NONE', #3874, #7524 ) ;
#1423 = CARTESIAN_POINT ( 'NONE',  ( 2.676116869622000127, -5.150999830607999819, 1.273696170895999957 ) ) ;
#1424 = CARTESIAN_POINT ( 'NONE',  ( 3.896365960637999670, -5.149999830640999754, 1.207321620896999903 ) ) ;
#1425 = VERTEX_POINT ( 'NONE', #10248 ) ;
#1426 = SURFACE_SIDE_STYLE ('',( #3781 ) ) ;
#1427 = SURFACE_STYLE_USAGE ( .BOTH. , #3669 ) ;
#1428 = CARTESIAN_POINT ( 'NONE',  ( 3.721169240127000233, -5.150999830607999819, 0.7025012899450000514 ) ) ;
#1429 = ADVANCED_FACE ( 'NONE', ( #6198 ), #9654, .F. ) ;
#1430 = CARTESIAN_POINT ( 'NONE',  ( 4.499999852016000723, -5.510910414935000200E-16, 1.757602692597000082 ) ) ;
#1431 = CARTESIAN_POINT ( 'NONE',  ( 4.140659763901000545, -5.150999830607999819, 1.104210058892000079 ) ) ;
#1432 = EDGE_LOOP ( 'NONE', ( #5938, #6216, #4608, #6323 ) ) ;
#1433 = EDGE_CURVE ( 'NONE', #3238, #3285, #7695, .T. ) ;
#1434 = ORIENTED_EDGE ( 'NONE', *, *, #6623, .F. ) ;
#1435 = VERTEX_POINT ( 'NONE', #6004 ) ;
#1436 = DIRECTION ( 'NONE',  ( 1.224646799147950030E-16, 1.000000000000000000, 0.000000000000000000 ) ) ;
#1437 = SURFACE_SIDE_STYLE ('',( #6327 ) ) ;
#1438 = ORIENTED_EDGE ( 'NONE', *, *, #1882, .T. ) ;
#1439 = CARTESIAN_POINT ( 'NONE',  ( 3.699500070917999928, -5.150999830607999819, 0.8285728217619999780 ) ) ;
#1440 = CARTESIAN_POINT ( 'NONE',  ( 2.904105339003999919, -5.150999830607999819, 1.205562114409999941 ) ) ;
#1441 = CARTESIAN_POINT ( 'NONE',  ( 3.864529866352000020, -5.149999830640999754, 1.050747981738000103 ) ) ;
#1442 = FACE_OUTER_BOUND ( 'NONE', #10286, .T. ) ;
#1443 = CARTESIAN_POINT ( 'NONE',  ( 3.717036132000000048, -5.150999830607999819, 0.7648136669699999723 ) ) ;
#1444 = CARTESIAN_POINT ( 'NONE',  ( 3.864529866352000020, -5.150999830607999819, 1.050747981738000103 ) ) ;
#1445 = ORIENTED_EDGE ( 'NONE', *, *, #4003, .F. ) ;
#1446 = VERTEX_POINT ( 'NONE', #9257 ) ;
#1447 = CARTESIAN_POINT ( 'NONE',  ( 3.629957115298000137, -5.150999830607999819, 0.7065794861940000171 ) ) ;
#1448 = CARTESIAN_POINT ( 'NONE',  ( 2.249999926008000362, -0.4499999852019999635, 0.3499999892349999753 ) ) ;
#1449 = ORIENTED_EDGE ( 'NONE', *, *, #3211, .T. ) ;
#1450 = ADVANCED_FACE ( 'NONE', ( #3562 ), #2365, .T. ) ;
#1451 = CARTESIAN_POINT ( 'NONE',  ( 2.527942810622999747, -5.149999830640999754, 1.177863494496000030 ) ) ;
#1452 = SURFACE_STYLE_USAGE ( .BOTH. , #10430 ) ;
#1453 = DIRECTION ( 'NONE',  ( -0.9999748501857347316, 1.224615999507674915E-16, 0.007092178509984118501 ) ) ;
#1454 = DIRECTION ( 'NONE',  ( 0.000000000000000000, 0.000000000000000000, 1.000000000000000000 ) ) ;
#1455 = LINE ( 'NONE', #10328, #7853 ) ;
#1456 = CARTESIAN_POINT ( 'NONE',  ( 3.485681096449000371, -5.150999830607999819, 0.9109844999659999498 ) ) ;
#1457 = VECTOR ( 'NONE', #2978, 1000.000000000000000 ) ;
#1458 = ORIENTED_EDGE ( 'NONE', *, *, #6295, .T. ) ;
#1459 = ORIENTED_EDGE ( 'NONE', *, *, #9764, .F. ) ;
#1460 = VECTOR ( 'NONE', #2558, 1000.000000000000000 ) ;
#1461 = CARTESIAN_POINT ( 'NONE',  ( 1.249999958892999974, -4.944441160745000730, 0.5499999826579999862 ) ) ;
#1462 = VERTEX_POINT ( 'NONE', #3980 ) ;
#1463 = DIRECTION ( 'NONE',  ( 1.224646799146999945E-16, 1.000000000000000000, 0.000000000000000000 ) ) ;
#1464 = LINE ( 'NONE', #26, #6076 ) ;
#1465 =( LENGTH_UNIT ( ) NAMED_UNIT ( * ) SI_UNIT ( .MILLI., .METRE. ) );
#1466 = FACE_BOUND ( 'NONE', #9448, .T. ) ;
#1467 = VECTOR ( 'NONE', #7135, 1000.000000000000114 ) ;
#1468 = CARTESIAN_POINT ( 'NONE',  ( 3.517516767493000351, -5.150999830607999819, 0.7229737137549999693 ) ) ;
#1469 = CARTESIAN_POINT ( 'NONE',  ( 2.383214308888000232, -5.149999830640999754, 0.7523130586389999985 ) ) ;
#1470 = DIRECTION ( 'NONE',  ( 0.9394297562992111050, -1.150469644076258278E-16, 0.3427414958530770606 ) ) ;
#1471 = EDGE_CURVE ( 'NONE', #6387, #2375, #7862, .T. ) ;
#1472 = EDGE_CURVE ( 'NONE', #6355, #7234, #3821, .T. ) ;
#1473 = VERTEX_POINT ( 'NONE', #10443 ) ;
#1474 = DIRECTION ( 'NONE',  ( 0.000000000000000000, 0.000000000000000000, -1.000000000000000000 ) ) ;
#1475 = FILL_AREA_STYLE_COLOUR ( '', #9822 ) ;
#1476 = CARTESIAN_POINT ( 'NONE',  ( 3.154788024921999945, -5.150999830607999819, 1.075088098221999910 ) ) ;
#1477 = CARTESIAN_POINT ( 'NONE',  ( 2.948950192121000402, -5.150999830607999819, 0.8003574814400000736 ) ) ;
#1478 = CARTESIAN_POINT ( 'NONE',  ( 3.629957115298000137, -5.149999830640999754, 0.7065794861940000171 ) ) ;
#1479 = CARTESIAN_POINT ( 'NONE',  ( 3.578504428634000423, -5.149999830640999754, 0.8555295452540000456 ) ) ;
#1480 =( GEOMETRIC_REPRESENTATION_CONTEXT ( 3 ) GLOBAL_UNCERTAINTY_ASSIGNED_CONTEXT ( ( #5327 ) ) GLOBAL_UNIT_ASSIGNED_CONTEXT ( ( #7341, #9676, #1600 ) ) REPRESENTATION_CONTEXT ( 'NONE', 'WORKASPACE' ) );
#1481 = ORIENTED_EDGE ( 'NONE', *, *, #7030, .F. ) ;
#1482 = AXIS2_PLACEMENT_3D ( 'NONE', #1521, #4838, #8061 ) ;
#1483 = DIRECTION ( 'NONE',  ( -0.9410702468833582746, 1.152478665619438912E-16, 0.3382111624871290689 ) ) ;
#1484 = PRODUCT_DEFINITION ( '未知', '', #9703, #9781 ) ;
#1485 = EDGE_LOOP ( 'NONE', ( #8691, #7579, #9170, #1276 ) ) ;
#1486 = ORIENTED_EDGE ( 'NONE', *, *, #226, .T. ) ;
#1487 = CARTESIAN_POINT ( 'NONE',  ( 3.649847018507999863, -5.149999830640999754, 1.062668429436999906 ) ) ;
#1488 = PLANE ( 'NONE',  #4955 ) ;
#1489 = EDGE_CURVE ( 'NONE', #4453, #5377, #626, .T. ) ;
#1490 = EDGE_CURVE ( 'NONE', #4802, #6114, #1422, .T. ) ;
#1491 = ORIENTED_EDGE ( 'NONE', *, *, #10444, .F. ) ;
#1492 = DIRECTION ( 'NONE',  ( 1.224646799146999945E-16, 1.000000000000000000, 0.000000000000000000 ) ) ;
#1493 = CARTESIAN_POINT ( 'NONE',  ( 3.719605238925999924, -5.150999830607999819, 0.8338371057050000257 ) ) ;
#1495 = DIRECTION ( 'NONE',  ( -1.000000000000000000, 2.446283049834999907E-16, 0.000000000000000000 ) ) ;
#1494 = AXIS2_PLACEMENT_3D ( 'NONE', #1874, #1983, #7725 ) ;
#1496 = CARTESIAN_POINT ( 'NONE',  ( 3.593774455652000377, -5.150999830607999819, 0.7361580162460000798 ) ) ;
#1497 = ADVANCED_FACE ( 'NONE', ( #4678 ), #8776, .F. ) ;
#1498 = PLANE ( 'NONE',  #4794 ) ;
#1499 = B_SPLINE_CURVE_WITH_KNOTS ( 'NONE', 3,
 ( #10441, #3322, #4928, #9653 ),
 .UNSPECIFIED., .F., .F.,
 ( 4, 4 ),
 ( 3.000000000000000000, 4.000000000000000000 ),
 .UNSPECIFIED. ) ;
#1500 = ORIENTED_EDGE ( 'NONE', *, *, #4813, .F. ) ;
#1501 = VERTEX_POINT ( 'NONE', #3123 ) ;
#1502 = SURFACE_SIDE_STYLE ('',( #6545 ) ) ;
#1503 = CARTESIAN_POINT ( 'NONE',  ( 3.405903410716000224, -5.149999830640999754, 0.7313557389520000118 ) ) ;
#1504 = ORIENTED_EDGE ( 'NONE', *, *, #2477, .T. ) ;
#1505 = PRESENTATION_STYLE_ASSIGNMENT (( #5615 ) ) ;
#1506 = EDGE_CURVE ( 'NONE', #10097, #2630, #2283, .T. ) ;
#1507 = LINE ( 'NONE', #8860, #3954 ) ;
#1508 = DIRECTION ( 'NONE',  ( -0.007092178509962118738, 8.685413711206696723E-19, -0.9999748501857348426 ) ) ;
#1509 = ORIENTED_EDGE ( 'NONE', *, *, #10002, .F. ) ;
#1510 = DIRECTION ( 'NONE',  ( 0.3427414958248244381, -4.197372757965848547E-17, -0.9394297563095187487 ) ) ;
#1511 = ADVANCED_FACE ( 'NONE', ( #6359 ), #1524, .F. ) ;
#1512 = PRESENTATION_LAYER_ASSIGNMENT (  '', '', ( #10501 ) ) ;
#1513 = DIRECTION ( 'NONE',  ( 1.224646799147213924E-16, 1.000000000000000000, 0.000000000000000000 ) ) ;
#1514 = CARTESIAN_POINT ( 'NONE',  ( 3.074891546108000195, -5.149999830640999754, 1.023597901399000198 ) ) ;
#1515 = ORIENTED_EDGE ( 'NONE', *, *, #5518, .T. ) ;
#1516 = ORIENTED_EDGE ( 'NONE', *, *, #5570, .T. ) ;
#1517 = EDGE_CURVE ( 'NONE', #5442, #9686, #7224, .T. ) ;
#1518 = CARTESIAN_POINT ( 'NONE',  ( 3.575966300094000072, -5.150999830607999819, 0.8348558443209999069 ) ) ;
#1519 = ORIENTED_EDGE ( 'NONE', *, *, #1053, .F. ) ;
#1520 = PRESENTATION_STYLE_ASSIGNMENT (( #2440 ) ) ;
#1521 = CARTESIAN_POINT ( 'NONE',  ( 0.000000000000000000, 0.000000000000000000, 2.392385396886000049 ) ) ;
#1522 = EDGE_CURVE ( 'NONE', #7985, #8031, #4640, .T. ) ;
#1523 = LINE ( 'NONE', #9811, #6305 ) ;
#1524 = PLANE ( 'NONE',  #9657 ) ;
#1525 = CARTESIAN_POINT ( 'NONE',  ( 3.736595250111999889, -5.149999830640999754, 0.7297382032310000266 ) ) ;
#1526 = CARTESIAN_POINT ( 'NONE',  ( 1.999999934228999798, 0.4999999835569999274, 0.3499999892349999753 ) ) ;
#1527 = CARTESIAN_POINT ( 'NONE',  ( 2.527942810622999747, -5.150999830607999819, 1.177863494496000030 ) ) ;
#1528 = EDGE_CURVE ( 'NONE', #9051, #3580, #2594, .T. ) ;
#1529 = ORIENTED_EDGE ( 'NONE', *, *, #257, .T. ) ;
#1530 = CARTESIAN_POINT ( 'NONE',  ( 5.149999830640999754, -5.149999830640999754, 2.049999933330000079 ) ) ;
#1531 = CARTESIAN_POINT ( 'NONE',  ( 3.578504428634000423, -5.149999830640999754, 0.8555295452540000456 ) ) ;
#1532 = PRESENTATION_STYLE_ASSIGNMENT (( #9567 ) ) ;
#1533 = CARTESIAN_POINT ( 'NONE',  ( 3.709024302983000343, -5.149999830640999754, 0.7933605722100000035 ) ) ;
#1534 = LINE ( 'NONE', #10303, #14 ) ;
#1535 = LINE ( 'NONE', #8934, #2097 ) ;
#1536 = ORIENTED_EDGE ( 'NONE', *, *, #4414, .T. ) ;
#1537 = CARTESIAN_POINT ( 'NONE',  ( 2.192932865141000054, -3.929509399037999895, 10.04899967027999885 ) ) ;
#1538 = ORIENTED_EDGE ( 'NONE', *, *, #7908, .T. ) ;
#1539 = ORIENTED_EDGE ( 'NONE', *, *, #7293, .T. ) ;
#1540 = LINE ( 'NONE', #1384, #3705 ) ;
#1541 = VECTOR ( 'NONE', #4626, 999.9999999999998863 ) ;
#1542 = CARTESIAN_POINT ( 'NONE',  ( 2.489599429787999973, -5.149999830640999754, 0.8686865007840000041 ) ) ;
#1543 = EDGE_LOOP ( 'NONE', ( #7802, #6379, #5610, #2668 ) ) ;
#1544 = DIRECTION ( 'NONE',  ( 1.000000000000000000, 0.000000000000000000, 0.000000000000000000 ) ) ;
#1545 = CARTESIAN_POINT ( 'NONE',  ( 3.380928124408999924, -5.149999830640999754, 0.9117274454279999940 ) ) ;
#1546 = CARTESIAN_POINT ( 'NONE',  ( 4.149965700284000469, -5.150999830607999819, 0.9062731564849999533 ) ) ;
#1547 = UNCERTAINTY_MEASURE_WITH_UNIT (LENGTH_MEASURE( 1.000000000000000082E-05 ), #10374, 'distance_accuracy_value', 'NONE');
#1548 = CARTESIAN_POINT ( 'NONE',  ( 3.797024665003999822, -5.149999830640999754, 0.6369767941689999935 ) ) ;
#1549 = FACE_OUTER_BOUND ( 'NONE', #443, .T. ) ;
#1550 = ITEM_DEFINED_TRANSFORMATION ( 'NONE', 'NONE', #5122,  #2062 ) ;
#1551 = COLOUR_RGB ( '',0.2470588235294117752, 0.2470588235294117752, 0.2470588235294117752 ) ;
#1552 = EDGE_CURVE ( 'NONE', #9650, #2951, #5532, .T. ) ;
#1553 = VERTEX_POINT ( 'NONE', #1137 ) ;
#1554 = ORIENTED_EDGE ( 'NONE', *, *, #8194, .F. ) ;
#1555 = EDGE_CURVE ( 'NONE', #383, #8183, #6782, .T. ) ;
#1556 = CARTESIAN_POINT ( 'NONE',  ( 2.561179156617999997, -5.150999830607999819, 1.174735726246999956 ) ) ;
#1557 = AXIS2_PLACEMENT_3D ( 'NONE', #5746, #6322, #7339 ) ;
#1558 = VECTOR ( 'NONE', #2358, 1000.000000000000114 ) ;
#1560 = PRESENTATION_LAYER_ASSIGNMENT (  '', '', ( #2075 ) ) ;
#1559 = CARTESIAN_POINT ( 'NONE',  ( 5.149999830640999754, -0.4999999835569999274, 0.04999999910078999771 ) ) ;
#1561 = B_SPLINE_CURVE_WITH_KNOTS ( 'NONE', 3,
 ( #4353, #6794, #6690, #9926 ),
 .UNSPECIFIED., .F., .F.,
 ( 4, 4 ),
 ( 24.00000000000000000, 25.00000000000000000 ),
 .UNSPECIFIED. ) ;
#1562 = VERTEX_POINT ( 'NONE', #1187 ) ;
#1563 = CARTESIAN_POINT ( 'NONE',  ( 3.703658988564999532, -5.149999830640999754, 0.7698995058010000836 ) ) ;
#1564 =( NAMED_UNIT ( * ) PLANE_ANGLE_UNIT ( ) SI_UNIT ( $, .RADIAN. ) );
#1565 = SURFACE_SIDE_STYLE ('',( #9644 ) ) ;
#1566 = CARTESIAN_POINT ( 'NONE',  ( 3.570968941761000437, -5.150999830607999819, 0.7753116623079999714 ) ) ;
#1567 = PRESENTATION_STYLE_ASSIGNMENT (( #5768 ) ) ;
#1568 = AXIS2_PLACEMENT_3D ( 'NONE', #7116, #5530, #2171 ) ;
#1569 = EDGE_CURVE ( 'NONE', #3166, #10198, #337, .T. ) ;
#1570 = CARTESIAN_POINT ( 'NONE',  ( 3.559283009391000174, -5.149999830640999754, 0.7036494448680000735 ) ) ;
#1571 = ORIENTED_EDGE ( 'NONE', *, *, #9747, .F. ) ;
#1572 = ORIENTED_EDGE ( 'NONE', *, *, #8825, .F. ) ;
#1573 = VECTOR ( 'NONE', #6730, 1000.000000000000227 ) ;
#1574 = CARTESIAN_POINT ( 'NONE',  ( 3.722247340639000424, -5.149999830640999754, 0.8545100692229999906 ) ) ;
#1575 = COLOUR_RGB ( '',1.000000000000000000, 1.000000000000000000, 1.000000000000000000 ) ;
#1576 = ORIENTED_EDGE ( 'NONE', *, *, #4941, .T. ) ;
#1577 = COLOUR_RGB ( '',1.000000000000000000, 1.000000000000000000, 1.000000000000000000 ) ;
#1578 = CARTESIAN_POINT ( 'NONE',  ( 3.019791546220999656, -5.150999830607999819, 0.7984090478490000198 ) ) ;
#1579 = LINE ( 'NONE', #872, #1734 ) ;
#1580 = VECTOR ( 'NONE', #8729, 1000.000000000000114 ) ;
#1581 = ADVANCED_BREP_SHAPE_REPRESENTATION ( '', ( #8940, #2062 ), #850 ) ;
#1582 = B_SPLINE_CURVE_WITH_KNOTS ( 'NONE', 3,
 ( #5956, #6806, #10045, #9210 ),
 .UNSPECIFIED., .F., .F.,
 ( 4, 4 ),
 ( 19.00000000000000000, 20.00000000000000000 ),
 .UNSPECIFIED. ) ;
#1583 = CARTESIAN_POINT ( 'NONE',  ( 3.805350295369000158, -5.150999830607999819, 0.8505933645059999826 ) ) ;
#1584 = CARTESIAN_POINT ( 'NONE',  ( 3.691653781092000042, -5.150999830607999819, 0.8144874076079999803 ) ) ;
#1585 = EDGE_CURVE ( 'NONE', #9872, #7603, #6082, .T. ) ;
#1586 = CARTESIAN_POINT ( 'NONE',  ( 3.630620051249000113, -5.149999830640999754, 0.8000513689360000402 ) ) ;
#1587 = EDGE_LOOP ( 'NONE', ( #10224, #5614, #3254, #7640 ) ) ;
#1588 = CARTESIAN_POINT ( 'NONE',  ( 3.692899621435000057, -5.150999830607999819, 0.8508710128019999486 ) ) ;
#1589 = DIRECTION ( 'NONE',  ( 0.007092178509947121186, -8.685413711187695498E-19, 0.9999748501857350647 ) ) ;
#1590 = CARTESIAN_POINT ( 'NONE',  ( 3.630620051249000113, -5.150999830607999819, 0.8000513689360000402 ) ) ;
#1591 = CARTESIAN_POINT ( 'NONE',  ( 4.499999852016000723, -1.132798251959000085E-15, 10.04999967024799901 ) ) ;
#1592 = CARTESIAN_POINT ( 'NONE',  ( 2.952416451388000240, -5.150999830607999819, 0.8813102736230000733 ) ) ;
#1593 = AXIS2_PLACEMENT_3D ( 'NONE', #9315, #2814, #8568 ) ;
#1594 = B_SPLINE_SURFACE_WITH_KNOTS ( 'NONE', 3, 1, ( 
 ( #6581, #5846 ),
 ( #2497, #3507 ),
 ( #996, #6747 ),
 ( #4145, #8288 ) ),
 .UNSPECIFIED., .F., .F., .F.,
 ( 4, 4 ),
 ( 2, 2 ),
 ( 12.00000000000000000, 13.00000000000000000 ),
 ( 0.000000000000000000, 1.000000000000000000 ),
 .UNSPECIFIED. ) ;
#1595 = CARTESIAN_POINT ( 'NONE',  ( 3.691653781092000042, -5.150999830607999819, 0.8144874076079999803 ) ) ;
#1596 = EDGE_CURVE ( 'NONE', #7603, #151, #2732, .T. ) ;
#1597 = ORIENTED_EDGE ( 'NONE', *, *, #8508, .F. ) ;
#1598 = CARTESIAN_POINT ( 'NONE',  ( 4.360954916044000207, -5.150999830607999819, 0.8720235486440000017 ) ) ;
#1599 = ORIENTED_EDGE ( 'NONE', *, *, #2865, .T. ) ;
#1600 =( NAMED_UNIT ( * ) SI_UNIT ( $, .STERADIAN. ) SOLID_ANGLE_UNIT ( ) );
#1601 = CARTESIAN_POINT ( 'NONE',  ( 2.942530655334999690, -5.150999830607999819, 0.7107495988190000169 ) ) ;
#1602 = ORIENTED_EDGE ( 'NONE', *, *, #5715, .F. ) ;
#1603 = ADVANCED_FACE ( 'NONE', ( #8318 ), #5141, .T. ) ;
#1604 = CARTESIAN_POINT ( 'NONE',  ( 0.000000000000000000, 0.000000000000000000, 0.5499999826579999862 ) ) ;
#1605 = LINE ( 'NONE', #8133, #6402 ) ;
#1606 = CARTESIAN_POINT ( 'NONE',  ( 3.597243964676000161, -5.150999830607999819, 1.049420338241000117 ) ) ;
#1607 = PLANE ( 'NONE',  #3079 ) ;
#1608 = PLANE ( 'NONE',  #3426 ) ;
#1609 = VERTEX_POINT ( 'NONE', #3587 ) ;
#1610 = ORIENTED_EDGE ( 'NONE', *, *, #2377, .T. ) ;
#1611 = CARTESIAN_POINT ( 'NONE',  ( 3.756441236525999816, -5.150999830607999819, 0.8230740329350000328 ) ) ;
#1612 = ORIENTED_EDGE ( 'NONE', *, *, #5270, .T. ) ;
#1613 = LINE ( 'NONE', #7406, #10057 ) ;
#1614 = CARTESIAN_POINT ( 'NONE',  ( 3.593283025510999984, -5.149999830640999754, 1.026053289904000021 ) ) ;
#1615 = DIRECTION ( 'NONE',  ( 0.9999748501857349536, -1.224615999507675901E-16, -0.007092178509959120268 ) ) ;
#1616 = CARTESIAN_POINT ( 'NONE',  ( 1.249999958892999974, 4.944441160745000730, 0.5499999826579999862 ) ) ;
#1617 = EDGE_CURVE ( 'NONE', #6604, #160, #5196, .T. ) ;
#1618 = EDGE_CURVE ( 'NONE', #1609, #4988, #9176, .T. ) ;
#1619 = CARTESIAN_POINT ( 'NONE',  ( 2.466833330998999596, -5.150999830607999819, 0.7170154720239999557 ) ) ;
#1620 = CARTESIAN_POINT ( 'NONE',  ( 3.409469548933999672, -5.149999830640999754, 1.234170004743999849 ) ) ;
#1621 = LINE ( 'NONE', #121, #10034 ) ;
#1622 = EDGE_CURVE ( 'NONE', #6167, #1091, #3230, .T. ) ;
#1623 = ORIENTED_EDGE ( 'NONE', *, *, #7823, .T. ) ;
#1624 = ORIENTED_EDGE ( 'NONE', *, *, #8614, .F. ) ;
#1625 = B_SPLINE_CURVE_WITH_KNOTS ( 'NONE', 3,
 ( #8682, #748, #1385, #3839 ),
 .UNSPECIFIED., .F., .F.,
 ( 4, 4 ),
 ( 1.000000000000000000, 2.000000000000000000 ),
 .UNSPECIFIED. ) ;
#1626 = CARTESIAN_POINT ( 'NONE',  ( 3.717217219562000352, -5.149999830640999754, 1.120210564940000042 ) ) ;
#1627 = EDGE_CURVE ( 'NONE', #2151, #5457, #5023, .T. ) ;
#1628 = VERTEX_POINT ( 'NONE', #10070 ) ;
#1629 = CARTESIAN_POINT ( 'NONE',  ( 3.572679779026000091, -5.149999830640999754, 1.236443746853000070 ) ) ;
#1630 = CARTESIAN_POINT ( 'NONE',  ( 3.593283025510999984, -5.150999830607999819, 1.026053289904000021 ) ) ;
#1631 = VECTOR ( 'NONE', #6108, 1000.000000000000000 ) ;
#1632 = EDGE_CURVE ( 'NONE', #9122, #8131, #5395, .T. ) ;
#1633 = CARTESIAN_POINT ( 'NONE',  ( 0.000000000000000000, 0.000000000000000000, 10.04999967024799901 ) ) ;
#1634 = LINE ( 'NONE', #6570, #8518 ) ;
#1635 = LINE ( 'NONE', #3986, #4102 ) ;
#1636 = ORIENTED_EDGE ( 'NONE', *, *, #8453, .T. ) ;
#1637 = CARTESIAN_POINT ( 'NONE',  ( 5.149999830640999754, 5.149999830640999754, 2.049999933330000079 ) ) ;
#1638 = DIRECTION ( 'NONE',  ( 1.224646799146999945E-16, 1.000000000000000000, 0.000000000000000000 ) ) ;
#1639 = COLOUR_RGB ( '',0.2470588235294117752, 0.2470588235294117752, 0.2470588235294117752 ) ;
#1640 =( LENGTH_UNIT ( ) NAMED_UNIT ( * ) SI_UNIT ( .MILLI., .METRE. ) );
#1641 = CARTESIAN_POINT ( 'NONE',  ( 4.225613530116000049, -5.150999830607999819, 0.7308449608110000328 ) ) ;
#1642 = CARTESIAN_POINT ( 'NONE',  ( 1.999999934228999798, -0.4999999835569999274, 0.3499999892349999753 ) ) ;
#1643 = DIRECTION ( 'NONE',  ( 0.3382111624871290134, -4.141892175756579600E-17, 0.9410702468833581635 ) ) ;
#1644 = CARTESIAN_POINT ( 'NONE',  ( 3.630620051249000113, -5.150999830607999819, 0.8000513689360000402 ) ) ;
#1645 = VERTEX_POINT ( 'NONE', #2789 ) ;
#1646 = DIRECTION ( 'NONE',  ( -1.224646799146999945E-16, -1.000000000000000000, 0.000000000000000000 ) ) ;
#1647 = STYLED_ITEM ( 'NONE', ( #1532 ), #7871 ) ;
#1648 = EDGE_CURVE ( 'NONE', #1473, #10311, #10450, .T. ) ;
#1649 = VERTEX_POINT ( 'NONE', #8381 ) ;
#1650 = CARTESIAN_POINT ( 'NONE',  ( 3.629957115298000137, -5.150999830607999819, 0.7065794861940000171 ) ) ;
#1651 = CARTESIAN_POINT ( 'NONE',  ( 3.159884697628999817, -5.149999830640999754, 0.7742791034429999941 ) ) ;
#1652 = VERTEX_POINT ( 'NONE', #1779 ) ;
#1653 = DIRECTION ( 'NONE',  ( 1.224646799146999945E-16, 1.000000000000000000, 0.000000000000000000 ) ) ;
#1654 = FILL_AREA_STYLE ('',( #7497 ) ) ;
#1655 = CARTESIAN_POINT ( 'NONE',  ( 4.999999835572999984, -6.123233794371999481E-16, 0.5499999826579999862 ) ) ;
#1656 = VECTOR ( 'NONE', #1262, 1000.000000000000000 ) ;
#1657 = EDGE_CURVE ( 'NONE', #6210, #7527, #8259, .T. ) ;
#1658 = DIRECTION ( 'NONE',  ( 1.224646799146999945E-16, 1.000000000000000000, 0.000000000000000000 ) ) ;
#1659 =( GEOMETRIC_REPRESENTATION_CONTEXT ( 3 ) GLOBAL_UNCERTAINTY_ASSIGNED_CONTEXT ( ( #8800 ) ) GLOBAL_UNIT_ASSIGNED_CONTEXT ( ( #3168, #2382, #9507 ) ) REPRESENTATION_CONTEXT ( 'NONE', 'WORKASPACE' ) );
#1660 = CARTESIAN_POINT ( 'NONE',  ( 3.974268781878000478, -5.150999830607999819, 1.203233840576000135 ) ) ;
#1661 = EDGE_LOOP ( 'NONE', ( #2849, #3793, #9535, #7035 ) ) ;
#1662 = VERTEX_POINT ( 'NONE', #9123 ) ;
#1663 =( NAMED_UNIT ( * ) PLANE_ANGLE_UNIT ( ) SI_UNIT ( $, .RADIAN. ) );
#1664 = CARTESIAN_POINT ( 'NONE',  ( 3.027841716886999990, -5.150999830607999819, 0.7101445423240000387 ) ) ;
#1665 = EDGE_LOOP ( 'NONE', ( #10461, #5160 ) ) ;
#1666 = VECTOR ( 'NONE', #4695, 1000.000000000000114 ) ;
#1667 = AXIS2_PLACEMENT_3D ( 'NONE', #3234, #4940, #9770 ) ;
#1668 = DIRECTION ( 'NONE',  ( 1.000000000000000000, 0.000000000000000000, 0.000000000000000000 ) ) ;
#1669 = CARTESIAN_POINT ( 'NONE',  ( 3.889880485214999961, -5.150999830607999819, 0.8499938462320000276 ) ) ;
#1670 = CARTESIAN_POINT ( 'NONE',  ( 3.940145670852999604, -5.150999830607999819, 1.200668436969999808 ) ) ;
#1671 = CARTESIAN_POINT ( 'NONE',  ( 3.974268781878000478, -5.149999830640999754, 1.203233840576000135 ) ) ;
#1672 = CARTESIAN_POINT ( 'NONE',  ( 2.561179156617999997, -5.150999830607999819, 1.174735726246999956 ) ) ;
#1673 = ORIENTED_EDGE ( 'NONE', *, *, #2957, .T. ) ;
#1674 = ORIENTED_EDGE ( 'NONE', *, *, #5222, .F. ) ;
#1675 = CARTESIAN_POINT ( 'NONE',  ( 3.508226358594000338, -5.149999830640999754, 1.186991239953000044 ) ) ;
#1676 = EDGE_LOOP ( 'NONE', ( #9345, #7057, #572, #8489 ) ) ;
#1677 = DIRECTION ( 'NONE',  ( 1.224646799146999945E-16, 1.000000000000000000, 0.000000000000000000 ) ) ;
#1678 = DIRECTION ( 'NONE',  ( 1.224646799146999945E-16, 1.000000000000000000, 0.000000000000000000 ) ) ;
#1679 = CARTESIAN_POINT ( 'NONE',  ( 4.359859143105000001, -5.150999830607999819, 0.8787899164679999764 ) ) ;
#1680 = PRESENTATION_LAYER_ASSIGNMENT (  '', '', ( #7797 ) ) ;
#1681 = EDGE_CURVE ( 'NONE', #1238, #3595, #1843, .T. ) ;
#1682 = EDGE_CURVE ( 'NONE', #2574, #6511, #5659, .T. ) ;
#1683 = CARTESIAN_POINT ( 'NONE',  ( 3.896365960637999670, -5.150999830607999819, 1.207321620896999903 ) ) ;
#1684 =( NAMED_UNIT ( * ) SI_UNIT ( $, .STERADIAN. ) SOLID_ANGLE_UNIT ( ) );
#1685 = CARTESIAN_POINT ( 'NONE',  ( 3.593774455652000377, -5.149999830640999754, 0.7361580162460000798 ) ) ;
#1686 = ORIENTED_EDGE ( 'NONE', *, *, #5218, .F. ) ;
#1687 = CARTESIAN_POINT ( 'NONE',  ( 4.106841214493999637, -5.149999830640999754, 1.203229395199999940 ) ) ;
#1688 = CARTESIAN_POINT ( 'NONE',  ( 3.542861907959999890, -5.149999830640999754, 0.8513112633909999394 ) ) ;
#1689 = SURFACE_STYLE_FILL_AREA ( #4035 ) ;
#1690 = CARTESIAN_POINT ( 'NONE',  ( 4.110535209482000241, -5.150999830607999819, 1.188958154824000024 ) ) ;
#1691 = CARTESIAN_POINT ( 'NONE',  ( 3.533046080536999867, -5.150999830607999819, 1.175273606865000042 ) ) ;
#1692 = B_SPLINE_CURVE_WITH_KNOTS ( 'NONE', 3,
 ( #3778, #10398, #9562, #2970 ),
 .UNSPECIFIED., .F., .F.,
 ( 4, 4 ),
 ( 16.00000000000000000, 17.00000000000000000 ),
 .UNSPECIFIED. ) ;
#1693 = DIRECTION ( 'NONE',  ( -0.3349296977018482169, 4.101705822294145571E-17, 0.9422431202175733933 ) ) ;
#1694 = EDGE_CURVE ( 'NONE', #311, #1501, #8444, .T. ) ;
#1695 = CARTESIAN_POINT ( 'NONE',  ( 3.762855115409999840, -5.149999830640999754, 0.7451487193829999800 ) ) ;
#1696 = TOROIDAL_SURFACE ( 'NONE', #674, 4.499999852016000723, 0.4999999835569999274 ) ;
#1697 = ORIENTED_EDGE ( 'NONE', *, *, #2795, .T. ) ;
#1698 = ORIENTED_EDGE ( 'NONE', *, *, #6042, .T. ) ;
#1699 = SURFACE_SIDE_STYLE ('',( #837 ) ) ;
#1700 = AXIS2_PLACEMENT_3D ( 'NONE', #7994, #3911, #610 ) ;
#1701 = DIRECTION ( 'NONE',  ( -1.000000000000000000, 1.002889906438999904E-17, 0.000000000000000000 ) ) ;
#1702 = B_SPLINE_CURVE_WITH_KNOTS ( 'NONE', 3,
 ( #8316, #9282, #280, #4336 ),
 .UNSPECIFIED., .F., .F.,
 ( 4, 4 ),
 ( 2.000000000000000000, 3.000000000000000000 ),
 .UNSPECIFIED. ) ;
#1703 = ORIENTED_EDGE ( 'NONE', *, *, #6165, .F. ) ;
#1704 =( NAMED_UNIT ( * ) PLANE_ANGLE_UNIT ( ) SI_UNIT ( $, .RADIAN. ) );
#1705 = CARTESIAN_POINT ( 'NONE',  ( 2.528773455554000016, -5.149999830640999754, 1.091096276592999903 ) ) ;
#1706 = CARTESIAN_POINT ( 'NONE',  ( 3.649668564114000091, -5.150999830607999819, 1.037506921511999858 ) ) ;
#1707 = CARTESIAN_POINT ( 'NONE',  ( 3.601107883891999872, -5.149999830640999754, 0.7439043851989999290 ) ) ;
#1708 = SHAPE_DEFINITION_REPRESENTATION ( #9556, #5061 ) ;
#1709 = ORIENTED_EDGE ( 'NONE', *, *, #8406, .T. ) ;
#1710 = ORIENTED_EDGE ( 'NONE', *, *, #10078, .F. ) ;
#1711 = FACE_OUTER_BOUND ( 'NONE', #7700, .T. ) ;
#1712 = VECTOR ( 'NONE', #2522, 1000.000000000000114 ) ;
#1713 = ADVANCED_FACE ( 'NONE', ( #7523 ), #3804, .F. ) ;
#1714 = CARTESIAN_POINT ( 'NONE',  ( 3.629957115298000137, -5.149999830640999754, 0.7065794861940000171 ) ) ;
#1715 = ORIENTED_EDGE ( 'NONE', *, *, #6156, .F. ) ;
#1716 = B_SPLINE_CURVE_WITH_KNOTS ( 'NONE', 3,
 ( #1883, #236, #6831, #1993 ),
 .UNSPECIFIED., .F., .F.,
 ( 4, 4 ),
 ( 15.00000000000000000, 16.00000000000000000 ),
 .UNSPECIFIED. ) ;
#1717 = B_SPLINE_CURVE_WITH_KNOTS ( 'NONE', 3,
 ( #2907, #3661, #8501, #2168 ),
 .UNSPECIFIED., .F., .F.,
 ( 4, 4 ),
 ( 2.000000000000000000, 3.000000000000000000 ),
 .UNSPECIFIED. ) ;
#1718 = DIRECTION ( 'NONE',  ( 1.224646799146999945E-16, 1.000000000000000000, 0.000000000000000000 ) ) ;
#1719 = EDGE_CURVE ( 'NONE', #7742, #10515, #10320, .T. ) ;
#1720 = CARTESIAN_POINT ( 'NONE',  ( 3.550817686485999936, -5.150999830607999819, 0.7708795324579998942 ) ) ;
#1721 = CARTESIAN_POINT ( 'NONE',  ( 4.118035977518000657, -5.149999830640999754, 0.8831044727429999686 ) ) ;
#1722 = MECHANICAL_DESIGN_GEOMETRIC_PRESENTATION_REPRESENTATION (  '', ( #1028 ), #1892 ) ;
#1723 = CARTESIAN_POINT ( 'NONE',  ( 3.974268781878000478, -5.150999830607999819, 1.203233840576000135 ) ) ;
#1724 = VECTOR ( 'NONE', #1643, 1000.000000000000114 ) ;
#1725 = ORIENTED_EDGE ( 'NONE', *, *, #8914, .T. ) ;
#1726 = VECTOR ( 'NONE', #8926, 1000.000000000000000 ) ;
#1727 = SURFACE_STYLE_FILL_AREA ( #2331 ) ;
#1728 = ORIENTED_EDGE ( 'NONE', *, *, #2187, .T. ) ;
#1729 = EDGE_CURVE ( 'NONE', #4056, #4227, #3690, .T. ) ;
#1730 = ADVANCED_FACE ( 'NONE', ( #10175 ), #5680, .F. ) ;
#1731 = CARTESIAN_POINT ( 'NONE',  ( 2.799996873487999860, -5.149999830640999754, 1.206300488801999915 ) ) ;
#1732 = EDGE_LOOP ( 'NONE', ( #2201, #4123, #5483, #3487, #668, #2460, #4069, #1822, #7036, #2389, #65, #7389, #73, #1434, #5678 ) ) ;
#1733 = DIRECTION ( 'NONE',  ( 0.007092178509978118092, -8.685413711226697505E-19, 0.9999748501857347316 ) ) ;
#1734 = VECTOR ( 'NONE', #4133, 1000.000000000000000 ) ;
#1735 = LINE ( 'NONE', #8268, #2510 ) ;
#1736 = CARTESIAN_POINT ( 'NONE',  ( 3.651016558460999928, -5.150999830607999819, 1.227569882195999718 ) ) ;
#1737 = VECTOR ( 'NONE', #1018, 1000.000000000000114 ) ;
#1738 = TOROIDAL_SURFACE ( 'NONE', #3960, 5.227142138160999707, 0.4652383217150000139 ) ;
#1739 = EDGE_LOOP ( 'NONE', ( #8128, #500, #2800, #1302, #3528, #2142, #6163, #5835, #3331, #532, #9687, #1961, #5147, #5881 ) ) ;
#1740 = CARTESIAN_POINT ( 'NONE',  ( 2.605255006645999849, -5.150999830607999819, 1.068863489782999832 ) ) ;
#1741 = CARTESIAN_POINT ( 'NONE',  ( 3.699500070917999928, -5.149999830640999754, 0.8285728217619999780 ) ) ;
#1742 = VECTOR ( 'NONE', #5167, 1000.000000000000000 ) ;
#1743 = VERTEX_POINT ( 'NONE', #3101 ) ;
#1744 = CYLINDRICAL_SURFACE ( 'NONE', #2781, 4.999999835572999984 ) ;
#1745 = CARTESIAN_POINT ( 'NONE',  ( 4.063920553127000623, -5.149999830640999754, 1.081775093642999952 ) ) ;
#1746 = PLANE ( 'NONE',  #6229 ) ;
#1747 = LINE ( 'NONE', #3289, #1904 ) ;
#1748 = DIRECTION ( 'NONE',  ( 0.007092178509978118092, -8.685413711226697505E-19, 0.9999748501857347316 ) ) ;
#1749 = EDGE_CURVE ( 'NONE', #9963, #4668, #6525, .T. ) ;
#1750 = AXIS2_PLACEMENT_3D ( 'NONE', #2180, #1470, #3022 ) ;
#1751 = DIRECTION ( 'NONE',  ( 0.000000000000000000, 0.000000000000000000, 1.000000000000000000 ) ) ;
#1752 = VERTEX_POINT ( 'NONE', #6944 ) ;
#1753 = ORIENTED_EDGE ( 'NONE', *, *, #2583, .T. ) ;
#1754 =( NAMED_UNIT ( * ) PLANE_ANGLE_UNIT ( ) SI_UNIT ( $, .RADIAN. ) );
#1755 = DIRECTION ( 'NONE',  ( 0.9999748501857348426, -1.224615999507675655E-16, -0.007092178509962118738 ) ) ;
#1756 = ADVANCED_FACE ( 'NONE', ( #5354 ), #3978, .F. ) ;
#1757 = ORIENTED_EDGE ( 'NONE', *, *, #7461, .T. ) ;
#1758 = CARTESIAN_POINT ( 'NONE',  ( 5.149999830640999754, -5.149999830640999754, 0.3499999892349999753 ) ) ;
#1759 = SURFACE_STYLE_FILL_AREA ( #1654 ) ;
#1760 = CARTESIAN_POINT ( 'NONE',  ( 2.687848522471000035, -5.150999830607999819, 0.8889707998199999350 ) ) ;
#1761 = LINE ( 'NONE', #9267, #4101 ) ;
#1762 = EDGE_CURVE ( 'NONE', #1628, #1292, #4544, .T. ) ;
#1763 = CARTESIAN_POINT ( 'NONE',  ( 3.525780790067999604, -5.150999830607999819, 0.7153246789210000456 ) ) ;
#1764 = ORIENTED_EDGE ( 'NONE', *, *, #7909, .T. ) ;
#1765 = ORIENTED_EDGE ( 'NONE', *, *, #8058, .T. ) ;
#1766 = DIRECTION ( 'NONE',  ( 0.007092178509961118670, -8.685413711205689461E-19, 0.9999748501857348426 ) ) ;
#1767 = ADVANCED_FACE ( 'NONE', ( #3048 ), #3906, .T. ) ;
#1768 = LINE ( 'NONE', #111, #6384 ) ;
#1769 = ORIENTED_EDGE ( 'NONE', *, *, #699, .T. ) ;
#1770 = LINE ( 'NONE', #5014, #7855 ) ;
#1771 = ORIENTED_EDGE ( 'NONE', *, *, #7225, .T. ) ;
#1772 = FILL_AREA_STYLE ('',( #8373 ) ) ;
#1773 = CARTESIAN_POINT ( 'NONE',  ( 4.346267051362000089, -5.150999830607999819, 0.9048809172460000605 ) ) ;
#1774 = CARTESIAN_POINT ( 'NONE',  ( 3.194854172867000131, -5.149999830640999754, 0.8116276761260000638 ) ) ;
#1775 = CARTESIAN_POINT ( 'NONE',  ( 3.603967143835999920, -5.150999830607999819, 0.7292231514480000953 ) ) ;
#1776 = LINE ( 'NONE', #3536, #1201 ) ;
#1777 = B_SPLINE_CURVE_WITH_KNOTS ( 'NONE', 3,
 ( #5434, #8672, #4630, #5485 ),
 .UNSPECIFIED., .F., .F.,
 ( 4, 4 ),
 ( 17.00000000000000000, 18.00000000000000000 ),
 .UNSPECIFIED. ) ;
#1778 = ORIENTED_EDGE ( 'NONE', *, *, #10329, .F. ) ;
#1779 = CARTESIAN_POINT ( 'NONE',  ( 4.148606702732000606, -5.149999830640999754, 1.081174469246999781 ) ) ;
#1780 = ORIENTED_EDGE ( 'NONE', *, *, #2956, .T. ) ;
#1781 = SURFACE_SIDE_STYLE ('',( #6512 ) ) ;
#1782 = VERTEX_POINT ( 'NONE', #2947 ) ;
#1783 = CARTESIAN_POINT ( 'NONE',  ( -1.249999958892999974, 5.149999830640999754, 1.049999966214999914 ) ) ;
#1784 = VERTEX_POINT ( 'NONE', #2202 ) ;
#1785 = CARTESIAN_POINT ( 'NONE',  ( 3.942708420406999537, -5.149999830640999754, 0.7043613423229999615 ) ) ;
#1786 = EDGE_CURVE ( 'NONE', #1250, #185, #2046, .T. ) ;
#1787 = ORIENTED_EDGE ( 'NONE', *, *, #3772, .T. ) ;
#1788 = B_SPLINE_SURFACE_WITH_KNOTS ( 'NONE', 3, 1, ( 
 ( #5608, #2408 ),
 ( #7300, #6493 ),
 ( #9743, #2465 ),
 ( #4262, #6707 ) ),
 .UNSPECIFIED., .F., .F., .F.,
 ( 4, 4 ),
 ( 2, 2 ),
 ( 5.000000000000000000, 6.000000000000000000 ),
 ( 0.000000000000000000, 1.000000000000000000 ),
 .UNSPECIFIED. ) ;
#1789 = DIRECTION ( 'NONE',  ( -0.9999748501857348426, 0.000000000000000000, 0.007092178509966119010 ) ) ;
#1790 = ORIENTED_EDGE ( 'NONE', *, *, #9037, .F. ) ;
#1791 = CARTESIAN_POINT ( 'NONE',  ( 2.659247335996000050, -5.150999830607999819, 0.7301109829720000555 ) ) ;
#1792 = DIRECTION ( 'NONE',  ( 1.224646799146999945E-16, 1.000000000000000000, 0.000000000000000000 ) ) ;
#1793 = ORIENTED_EDGE ( 'NONE', *, *, #1230, .T. ) ;
#1794 = CARTESIAN_POINT ( 'NONE',  ( 0.000000000000000000, 0.000000000000000000, 9.549999686690000544 ) ) ;
#1795 = DIRECTION ( 'NONE',  ( 0.9999748501857348426, -1.224615999507675655E-16, -0.007092178509962118738 ) ) ;
#1796 = CARTESIAN_POINT ( 'NONE',  ( 3.849438959200000010, -5.150999830607999819, 0.7408953917490000984 ) ) ;
#1797 = UNCERTAINTY_MEASURE_WITH_UNIT (LENGTH_MEASURE( 1.000000000000000082E-05 ), #4953, 'distance_accuracy_value', 'NONE');
#1798 = CARTESIAN_POINT ( 'NONE',  ( 3.620391294716999830, -5.149999830640999754, 1.212398283813999722 ) ) ;
#1799 = FACE_OUTER_BOUND ( 'NONE', #8437, .T. ) ;
#1800 = CARTESIAN_POINT ( 'NONE',  ( 3.672447498579999969, -5.150999830607999819, 0.7893568734279999832 ) ) ;
#1801 = EDGE_CURVE ( 'NONE', #3917, #8102, #1399, .T. ) ;
#1802 = EDGE_CURVE ( 'NONE', #916, #1782, #1247, .T. ) ;
#1803 = VECTOR ( 'NONE', #9841, 1000.000000000000000 ) ;
#1804 = ORIENTED_EDGE ( 'NONE', *, *, #2723, .T. ) ;
#1805 = CARTESIAN_POINT ( 'NONE',  ( 0.000000000000000000, 0.000000000000000000, 2.049999933330000079 ) ) ;
#1806 = DIRECTION ( 'NONE',  ( 0.000000000000000000, -1.000000000000000000, 1.726713446069499927E-14 ) ) ;
#1807 = ORIENTED_EDGE ( 'NONE', *, *, #219, .F. ) ;
#1808 = UNCERTAINTY_MEASURE_WITH_UNIT (LENGTH_MEASURE( 1.000000000000000082E-05 ), #9984, 'distance_accuracy_value', 'NONE');
#1809 = CARTESIAN_POINT ( 'NONE',  ( 4.207317222172000548, -5.150999830607999819, 0.8633392320939999864 ) ) ;
#1810 = CARTESIAN_POINT ( 'NONE',  ( 2.687848522471000035, -5.149999830640999754, 0.8889707998199999350 ) ) ;
#1811 = B_SPLINE_SURFACE_WITH_KNOTS ( 'NONE', 3, 1, ( 
 ( #9514, #10299 ),
 ( #4738, #1319 ),
 ( #8779, #3024 ),
 ( #2230, #680 ) ),
 .UNSPECIFIED., .F., .F., .F.,
 ( 4, 4 ),
 ( 2, 2 ),
 ( 27.00000000000000000, 28.00000000000000000 ),
 ( 0.000000000000000000, 1.000000000000000000 ),
 .UNSPECIFIED. ) ;
#1812 = CARTESIAN_POINT ( 'NONE',  ( 3.649668564114000091, -5.149999830640999754, 1.037506921511999858 ) ) ;
#1813 = CARTESIAN_POINT ( 'NONE',  ( 3.819326910663999985, -5.150999830607999819, 0.6368186186829999373 ) ) ;
#1814 = ORIENTED_EDGE ( 'NONE', *, *, #1170, .T. ) ;
#1815 = VERTEX_POINT ( 'NONE', #7045 ) ;
#1816 = CARTESIAN_POINT ( 'NONE',  ( 4.004205665378000489, -5.150999830607999819, 1.099355049473999868 ) ) ;
#1817 = ADVANCED_FACE ( 'NONE', ( #6180 ), #4055, .F. ) ;
#1818 = EDGE_CURVE ( 'NONE', #6022, #4377, #7663, .T. ) ;
#1819 = LINE ( 'NONE', #7404, #4704 ) ;
#1820 = ORIENTED_EDGE ( 'NONE', *, *, #1067, .F. ) ;
#1821 = CARTESIAN_POINT ( 'NONE',  ( 2.749121908788000113, -5.149999830640999754, 0.7612861434059999821 ) ) ;
#1822 = ORIENTED_EDGE ( 'NONE', *, *, #4773, .F. ) ;
#1823 = MECHANICAL_DESIGN_GEOMETRIC_PRESENTATION_REPRESENTATION (  '', ( #5049 ), #5405 ) ;
#1824 = CARTESIAN_POINT ( 'NONE',  ( 3.542861907959999890, -5.150999830607999819, 0.8513112633909999394 ) ) ;
#1825 = CARTESIAN_POINT ( 'NONE',  ( 3.736727984784999901, -5.149999830640999754, 0.7484533744160000168 ) ) ;
#1826 = PLANE ( 'NONE',  #5417 ) ;
#1827 = CARTESIAN_POINT ( 'NONE',  ( 0.000000000000000000, 0.000000000000000000, 0.3499999892349999753 ) ) ;
#1828 = LINE ( 'NONE', #3849, #6817 ) ;
#1829 = VERTEX_POINT ( 'NONE', #4655 ) ;
#1830 = DIRECTION ( 'NONE',  ( -1.224646799146999945E-16, -1.000000000000000000, 0.000000000000000000 ) ) ;
#1831 = STYLED_ITEM ( 'NONE', ( #7562 ), #5584 ) ;
#1832 = AXIS2_PLACEMENT_3D ( 'NONE', #2112, #8599, #1298 ) ;
#1833 = ADVANCED_FACE ( 'NONE', ( #6499 ), #2514, .F. ) ;
#1834 = ORIENTED_EDGE ( 'NONE', *, *, #6364, .T. ) ;
#1835 = ORIENTED_EDGE ( 'NONE', *, *, #5812, .T. ) ;
#1836 = EDGE_CURVE ( 'NONE', #3903, #10359, #795, .T. ) ;
#1837 = SURFACE_STYLE_FILL_AREA ( #9129 ) ;
#1838 = EDGE_LOOP ( 'NONE', ( #7841, #4296, #9300, #6622 ) ) ;
#1839 = DIRECTION ( 'NONE',  ( -0.9999748501857348426, 1.224615999507675655E-16, 0.007092178509961118670 ) ) ;
#1840 = VECTOR ( 'NONE', #5635, 1000.000000000000114 ) ;
#1841 = LINE ( 'NONE', #1197, #10235 ) ;
#1842 = ORIENTED_EDGE ( 'NONE', *, *, #2729, .T. ) ;
#1843 = B_SPLINE_CURVE_WITH_KNOTS ( 'NONE', 3,
 ( #5079, #1022, #4284, #7574 ),
 .UNSPECIFIED., .F., .F.,
 ( 4, 4 ),
 ( 14.00000000000000000, 15.00000000000000000 ),
 .UNSPECIFIED. ) ;
#1844 = B_SPLINE_SURFACE_WITH_KNOTS ( 'NONE', 3, 1, ( 
 ( #4345, #5729 ),
 ( #8974, #2634 ),
 ( #5933, #76 ),
 ( #7472, #8216 ) ),
 .UNSPECIFIED., .F., .F., .F.,
 ( 4, 4 ),
 ( 2, 2 ),
 ( 5.000000000000000000, 6.000000000000000000 ),
 ( 0.000000000000000000, 1.000000000000000000 ),
 .UNSPECIFIED. ) ;
#1845 = LINE ( 'NONE', #1683, #5914 ) ;
#1846 = EDGE_CURVE ( 'NONE', #9689, #8494, #3217, .T. ) ;
#1847 = VERTEX_POINT ( 'NONE', #8091 ) ;
#1848 = DIRECTION ( 'NONE',  ( -0.9999748501857349536, 0.000000000000000000, 0.007092178509959120268 ) ) ;
#1849 = EDGE_CURVE ( 'NONE', #3975, #3766, #9748, .T. ) ;
#1850 = ORIENTED_EDGE ( 'NONE', *, *, #715, .F. ) ;
#1851 = LINE ( 'NONE', #6689, #3349 ) ;
#1852 = LINE ( 'NONE', #4993, #5261 ) ;
#1853 = CARTESIAN_POINT ( 'NONE',  ( 4.999999835572999984, -6.123233794371999481E-16, 9.549999686690000544 ) ) ;
#1854 = EDGE_CURVE ( 'NONE', #7083, #6230, #5665, .T. ) ;
#1855 = CARTESIAN_POINT ( 'NONE',  ( 4.052252642168000740, -5.149999830640999754, 0.7267715995329999679 ) ) ;
#1856 = CARTESIAN_POINT ( 'NONE',  ( 3.214359130545999754, -5.149999830640999754, 0.9112649828970000865 ) ) ;
#1857 = VECTOR ( 'NONE', #7080, 1000.000000000000000 ) ;
#1858 = CARTESIAN_POINT ( 'NONE',  ( 3.954669080421999716, -5.149999830640999754, 1.071320276524999837 ) ) ;
#1859 = CARTESIAN_POINT ( 'NONE',  ( 3.780772408367000015, -5.150999830607999819, 0.6618389209469999201 ) ) ;
#1860 = EDGE_CURVE ( 'NONE', #8005, #5358, #9800, .T. ) ;
#1861 = ADVANCED_FACE ( 'NONE', ( #1711 ), #3309, .F. ) ;
#1862 = ORIENTED_EDGE ( 'NONE', *, *, #10438, .T. ) ;
#1863 = LINE ( 'NONE', #6055, #6074 ) ;
#1864 = ORIENTED_EDGE ( 'NONE', *, *, #9040, .T. ) ;
#1865 = CARTESIAN_POINT ( 'NONE',  ( 3.665384331722000066, -5.150999830607999819, 0.8123861950469999371 ) ) ;
#1866 = CARTESIAN_POINT ( 'NONE',  ( 2.602670668108999941, -5.150999830607999819, 0.7044837779389999666 ) ) ;
#1867 = CARTESIAN_POINT ( 'NONE',  ( 4.205047854657999906, -5.150999830607999819, 0.7119627721260000097 ) ) ;
#1868 = DIRECTION ( 'NONE',  ( 1.000000000000000000, -1.224646799146999945E-16, 0.000000000000000000 ) ) ;
#1869 = CARTESIAN_POINT ( 'NONE',  ( 4.103413047115000545, -5.150999830607999819, 1.189008667740999892 ) ) ;
#1870 = CARTESIAN_POINT ( 'NONE',  ( 0.000000000000000000, 0.000000000000000000, 10.04899967027999885 ) ) ;
#1871 = ORIENTED_EDGE ( 'NONE', *, *, #7930, .T. ) ;
#1872 = ORIENTED_EDGE ( 'NONE', *, *, #698, .F. ) ;
#1873 = CARTESIAN_POINT ( 'NONE',  ( 4.004429102078000291, -5.150999830607999819, 1.130858920966000047 ) ) ;
#1874 = CARTESIAN_POINT ( 'NONE',  ( 4.090506286169000028, -5.150999830607999819, 0.7033131071129999912 ) ) ;
#1875 = ORIENTED_EDGE ( 'NONE', *, *, #1749, .T. ) ;
#1876 = ORIENTED_EDGE ( 'NONE', *, *, #8842, .T. ) ;
#1877 = CARTESIAN_POINT ( 'NONE',  ( 2.901090310399999872, -5.149999830640999754, 0.7804525698739999129 ) ) ;
#1878 = ORIENTED_EDGE ( 'NONE', *, *, #8266, .F. ) ;
#1879 = CARTESIAN_POINT ( 'NONE',  ( 3.716732000589999974, -5.150999830607999819, 1.051796216947999962 ) ) ;
#1880 = DIRECTION ( 'NONE',  ( 1.224646799146999945E-16, 1.000000000000000000, 0.000000000000000000 ) ) ;
#1881 = PLANE ( 'NONE',  #1921 ) ;
#1882 = EDGE_CURVE ( 'NONE', #9240, #8656, #849, .T. ) ;
#1883 = CARTESIAN_POINT ( 'NONE',  ( 3.754499658035000298, -5.149999830640999754, 0.7692269904199999786 ) ) ;
#1884 = ORIENTED_EDGE ( 'NONE', *, *, #6833, .F. ) ;
#1885 = CARTESIAN_POINT ( 'NONE',  ( 2.539879457876999869, -5.149999830640999754, 0.6181678165189999907 ) ) ;
#1886 = CARTESIAN_POINT ( 'NONE',  ( 4.104684322469000612, -5.149999830640999754, 1.192326960306999917 ) ) ;
#1887 = ORIENTED_EDGE ( 'NONE', *, *, #3830, .F. ) ;
#1888 = CARTESIAN_POINT ( 'NONE',  ( 3.498266314353000173, -5.149999830640999754, 1.160755344118000076 ) ) ;
#1889 = EDGE_LOOP ( 'NONE', ( #887, #5886, #230, #4765 ) ) ;
#1890 = DIRECTION ( 'NONE',  ( 0.3427414958530770051, -4.197372758314944766E-17, -0.9394297562992109940 ) ) ;
#1891 = VECTOR ( 'NONE', #10272, 1000.000000000000000 ) ;
#1892 =( GEOMETRIC_REPRESENTATION_CONTEXT ( 3 ) GLOBAL_UNCERTAINTY_ASSIGNED_CONTEXT ( ( #6797 ) ) GLOBAL_UNIT_ASSIGNED_CONTEXT ( ( #214, #6591, #4570 ) ) REPRESENTATION_CONTEXT ( 'NONE', 'WORKASPACE' ) );
#1893 = ORIENTED_EDGE ( 'NONE', *, *, #5399, .T. ) ;
#1894 = EDGE_CURVE ( 'NONE', #9075, #1645, #670, .T. ) ;
#1895 = CARTESIAN_POINT ( 'NONE',  ( 3.541762064153000100, -5.150999830607999819, 0.7622095722909999482 ) ) ;
#1896 = SURFACE_SIDE_STYLE ('',( #8326 ) ) ;
#1897 = CIRCLE ( 'NONE', #7673, 0.4999999835569998163 ) ;
#1898 = B_SPLINE_CURVE_WITH_KNOTS ( 'NONE', 3,
 ( #9264, #6060, #9105, #3407 ),
 .UNSPECIFIED., .F., .F.,
 ( 4, 4 ),
 ( 4.000000000000000000, 5.000000000000000000 ),
 .UNSPECIFIED. ) ;
#1899 = ORIENTED_EDGE ( 'NONE', *, *, #9914, .T. ) ;
#1900 = VECTOR ( 'NONE', #867, 1000.000000000000000 ) ;
#1901 = PRESENTATION_LAYER_ASSIGNMENT (  '', '', ( #6472 ) ) ;
#1902 = VECTOR ( 'NONE', #4800, 1000.000000000000000 ) ;
#1903 = LINE ( 'NONE', #8273, #9319 ) ;
#1904 = VECTOR ( 'NONE', #937, 1000.000000000000114 ) ;
#1905 = VERTEX_POINT ( 'NONE', #9588 ) ;
#1906 = MECHANICAL_DESIGN_GEOMETRIC_PRESENTATION_REPRESENTATION (  '', ( #10049 ), #9391 ) ;
#1907 = LINE ( 'NONE', #7643, #7323 ) ;
#1908 = VERTEX_POINT ( 'NONE', #2311 ) ;
#1909 = CARTESIAN_POINT ( 'NONE',  ( 3.159884697628999817, -5.150999830607999819, 0.7742791034429999941 ) ) ;
#1910 = DIRECTION ( 'NONE',  ( 0.007092178509965118942, -8.685413711209695396E-19, 0.9999748501857348426 ) ) ;
#1911 = UNCERTAINTY_MEASURE_WITH_UNIT (LENGTH_MEASURE( 1.000000000000000082E-05 ), #7133, 'distance_accuracy_value', 'NONE');
#1912 = FACE_OUTER_BOUND ( 'NONE', #6918, .T. ) ;
#1913 = CARTESIAN_POINT ( 'NONE',  ( 4.355807136685999836, -5.150999830607999819, 0.8645736134990000821 ) ) ;
#1914 =( GEOMETRIC_REPRESENTATION_CONTEXT ( 3 ) GLOBAL_UNCERTAINTY_ASSIGNED_CONTEXT ( ( #3299 ) ) GLOBAL_UNIT_ASSIGNED_CONTEXT ( ( #7106, #6954, #10238 ) ) REPRESENTATION_CONTEXT ( 'NONE', 'WORKASPACE' ) );
#1915 = CIRCLE ( 'NONE', #10237, 0.4999999835570007045 ) ;
#1916 = CARTESIAN_POINT ( 'NONE',  ( 2.465766925326000170, -5.150999830607999819, 1.178304468064000021 ) ) ;
#1917 = EDGE_CURVE ( 'NONE', #3202, #7290, #804, .T. ) ;
#1918 = STYLED_ITEM ( 'NONE', ( #8829 ), #1497 ) ;
#1919 = EDGE_LOOP ( 'NONE', ( #2755, #4642, #8596, #8118 ) ) ;
#1920 =( LENGTH_UNIT ( ) NAMED_UNIT ( * ) SI_UNIT ( .MILLI., .METRE. ) );
#1921 = AXIS2_PLACEMENT_3D ( 'NONE', #9384, #4650, #10114 ) ;
#1922 = ORIENTED_EDGE ( 'NONE', *, *, #9402, .F. ) ;
#1923 = CARTESIAN_POINT ( 'NONE',  ( 4.944441160745000730, 1.249999958892999974, 0.5499999826579999862 ) ) ;
#1924 = PLANE ( 'NONE',  #2006 ) ;
#1925 = CARTESIAN_POINT ( 'NONE',  ( 2.942530655334999690, -5.149999830640999754, 0.7107495988190000169 ) ) ;
#1926 = DIRECTION ( 'NONE',  ( -0.3475765303539781192, 4.256584853572736002E-17, -0.9376516173649411812 ) ) ;
#1927 = CARTESIAN_POINT ( 'NONE',  ( 3.993785116006000724, -5.149999830640999754, 1.074162203739000176 ) ) ;
#1928 = CARTESIAN_POINT ( 'NONE',  ( 1.249999958892999974, -5.149999830640999754, 0.5499999826579999862 ) ) ;
#1929 = VERTEX_POINT ( 'NONE', #7204 ) ;
#1930 = ORIENTED_EDGE ( 'NONE', *, *, #9482, .F. ) ;
#1931 = CARTESIAN_POINT ( 'NONE',  ( 3.973219440545999959, -5.149999830640999754, 1.055280015054000042 ) ) ;
#1932 = DIRECTION ( 'NONE',  ( 0.9999748501857348426, -1.224615999507675655E-16, -0.007092178509961118670 ) ) ;
#1933 = ORIENTED_EDGE ( 'NONE', *, *, #6974, .F. ) ;
#1934 = EDGE_LOOP ( 'NONE', ( #4125, #3411, #1972, #6279, #321, #603 ) ) ;
#1935 = CARTESIAN_POINT ( 'NONE',  ( 4.246966027222000228, -5.150999830607999819, 0.8606665253440000107 ) ) ;
#1936 = AXIS2_PLACEMENT_3D ( 'NONE', #9209, #8411, #5112 ) ;
#1937 = VERTEX_POINT ( 'NONE', #270 ) ;
#1938 = LINE ( 'NONE', #10008, #625 ) ;
#1939 = PLANE ( 'NONE',  #4625 ) ;
#1940 = DIRECTION ( 'NONE',  ( -1.224646799146999945E-16, -1.000000000000000000, 0.000000000000000000 ) ) ;
#1941 = SURFACE_STYLE_USAGE ( .BOTH. , #5019 ) ;
#1942 = DIRECTION ( 'NONE',  ( 1.000000000000000000, 0.000000000000000000, 0.000000000000000000 ) ) ;
#1943 = ORIENTED_EDGE ( 'NONE', *, *, #5403, .T. ) ;
#1944 = CARTESIAN_POINT ( 'NONE',  ( 3.545149352581999924, -5.149999830640999754, 1.071209362890999772 ) ) ;
#1945 = CARTESIAN_POINT ( 'NONE',  ( 3.846236436124000235, -5.150999830607999819, 0.7291685456179999303 ) ) ;
#1946 = EDGE_LOOP ( 'NONE', ( #9451, #561, #10473, #7619 ) ) ;
#1947 = LINE ( 'NONE', #1999, #3787 ) ;
#1948 = EDGE_CURVE ( 'NONE', #1446, #1112, #9309, .T. ) ;
#1949 = EDGE_CURVE ( 'NONE', #8517, #1473, #2556, .T. ) ;
#1950 = VERTEX_POINT ( 'NONE', #8364 ) ;
#1951 = CARTESIAN_POINT ( 'NONE',  ( 3.525597980806999932, -5.150999830607999819, 1.129367977211000129 ) ) ;
#1952 = EDGE_LOOP ( 'NONE', ( #6202, #136, #8590, #7715, #746 ) ) ;
#1953 = PLANE ( 'NONE',  #8103 ) ;
#1954 = ADVANCED_FACE ( 'NONE', ( #6017 ), #9840, .F. ) ;
#1955 = SURFACE_STYLE_USAGE ( .BOTH. , #1896 ) ;
#1956 = ORIENTED_EDGE ( 'NONE', *, *, #5880, .T. ) ;
#1957 = ORIENTED_EDGE ( 'NONE', *, *, #2603, .F. ) ;
#1958 = EDGE_CURVE ( 'NONE', #9167, #6114, #7618, .T. ) ;
#1959 = EDGE_CURVE ( 'NONE', #4508, #9101, #6816, .T. ) ;
#1960 = CARTESIAN_POINT ( 'NONE',  ( 3.489022267440999858, -5.149999830640999754, 1.030224031716000077 ) ) ;
#1961 = ORIENTED_EDGE ( 'NONE', *, *, #4164, .F. ) ;
#1962 = DIRECTION ( 'NONE',  ( 1.224646799147213924E-16, 1.000000000000000000, 0.000000000000000000 ) ) ;
#1963 = FACE_BOUND ( 'NONE', #4179, .T. ) ;
#1964 = B_SPLINE_CURVE_WITH_KNOTS ( 'NONE', 3,
 ( #4867, #4277, #7931, #10421 ),
 .UNSPECIFIED., .F., .F.,
 ( 4, 4 ),
 ( 17.00000000000000000, 18.00000000000000000 ),
 .UNSPECIFIED. ) ;
#1965 = DIRECTION ( 'NONE',  ( 1.224646799146999945E-16, 1.000000000000000000, 0.000000000000000000 ) ) ;
#1966 = CARTESIAN_POINT ( 'NONE',  ( 2.713660265846999931, -5.150999830607999819, 0.8584212349130000419 ) ) ;
#1967 = LINE ( 'NONE', #6744, #2924 ) ;
#1968 = CARTESIAN_POINT ( 'NONE',  ( 3.865641887946999589, -5.149999830640999754, 1.207539526985000000 ) ) ;
#1969 = DIRECTION ( 'NONE',  ( -1.000000000000000000, 1.224646799147000192E-16, 0.000000000000000000 ) ) ;
#1970 = CARTESIAN_POINT ( 'NONE',  ( 0.000000000000000000, 0.000000000000000000, 34.19213450005700139 ) ) ;
#1971 = CARTESIAN_POINT ( 'NONE',  ( 4.207317222172000548, -5.150999830607999819, 0.8633392320939999864 ) ) ;
#1972 = ORIENTED_EDGE ( 'NONE', *, *, #2103, .T. ) ;
#1973 = SURFACE_STYLE_USAGE ( .BOTH. , #4318 ) ;
#1974 = CARTESIAN_POINT ( 'NONE',  ( 4.178623550490000227, -5.149999830640999754, 0.7026881480269999702 ) ) ;
#1975 = CARTESIAN_POINT ( 'NONE',  ( 3.566033526276999766, -5.149999830640999754, 0.7245012268460000460 ) ) ;
#1976 = PRESENTATION_STYLE_ASSIGNMENT (( #5339 ) ) ;
#1977 = AXIS2_PLACEMENT_3D ( 'NONE', #1870, #5118, #4321 ) ;
#1978 = PRESENTATION_STYLE_ASSIGNMENT (( #590 ) ) ;
#1979 = ORIENTED_EDGE ( 'NONE', *, *, #5627, .T. ) ;
#1980 = CARTESIAN_POINT ( 'NONE',  ( 2.603470573927999965, -5.149999830640999754, 0.8172679810890000063 ) ) ;
#1981 = AXIS2_PLACEMENT_3D ( 'NONE', #8609, #10246, #6964 ) ;
#1982 = B_SPLINE_SURFACE_WITH_KNOTS ( 'NONE', 3, 1, ( 
 ( #7253, #1451 ),
 ( #9592, #2315 ),
 ( #5562, #10480 ),
 ( #9690, #4766 ) ),
 .UNSPECIFIED., .F., .F., .F.,
 ( 4, 4 ),
 ( 2, 2 ),
 ( 5.000000000000000000, 6.000000000000000000 ),
 ( 0.000000000000000000, 1.000000000000000000 ),
 .UNSPECIFIED. ) ;
#1983 = DIRECTION ( 'NONE',  ( 0.9999748501857348426, -1.224615999507674176E-16, -0.007092178509962118738 ) ) ;
#1984 = ORIENTED_EDGE ( 'NONE', *, *, #1989, .F. ) ;
#1985 = EDGE_LOOP ( 'NONE', ( #5195, #2052, #9701, #7093 ) ) ;
#1986 = CARTESIAN_POINT ( 'NONE',  ( 3.570968941761000437, -5.150999830607999819, 0.7753116623079999714 ) ) ;
#1987 = VERTEX_POINT ( 'NONE', #6765 ) ;
#1988 = CARTESIAN_POINT ( 'NONE',  ( 3.513430844633000039, -5.149999830640999754, 0.7332965545009999531 ) ) ;
#1989 = EDGE_CURVE ( 'NONE', #7346, #7975, #6601, .T. ) ;
#1990 = PLANE ( 'NONE',  #5250 ) ;
#1991 =( GEOMETRIC_REPRESENTATION_CONTEXT ( 3 ) GLOBAL_UNCERTAINTY_ASSIGNED_CONTEXT ( ( #10362 ) ) GLOBAL_UNIT_ASSIGNED_CONTEXT ( ( #4488, #7730, #5188 ) ) REPRESENTATION_CONTEXT ( 'NONE', 'WORKASPACE' ) );
#1992 = CARTESIAN_POINT ( 'NONE',  ( 0.000000000000000000, 0.000000000000000000, 1.757602692597000082 ) ) ;
#1993 = CARTESIAN_POINT ( 'NONE',  ( 3.721777607379000319, -5.149999830640999754, 0.7882791578680000688 ) ) ;
#1994 = ORIENTED_EDGE ( 'NONE', *, *, #4596, .F. ) ;
#1995 = DIRECTION ( 'NONE',  ( -0.3349296977018482169, 4.101705822294145571E-17, 0.9422431202175733933 ) ) ;
#1996 = FACE_OUTER_BOUND ( 'NONE', #6853, .T. ) ;
#1997 = VECTOR ( 'NONE', #8462, 1000.000000000000000 ) ;
#1998 = ORIENTED_EDGE ( 'NONE', *, *, #3211, .F. ) ;
#1999 = CARTESIAN_POINT ( 'NONE',  ( 3.969776490060000107, -5.150999830607999819, 0.8190655015040000375 ) ) ;
#2000 = ADVANCED_FACE ( 'NONE', ( #5908 ), #8046, .T. ) ;
#2001 = ORIENTED_EDGE ( 'NONE', *, *, #10438, .F. ) ;
#2002 = CARTESIAN_POINT ( 'NONE',  ( 4.421348923420999277, -5.150999830607999819, 0.7009666530580000998 ) ) ;
#2003 = FILL_AREA_STYLE_COLOUR ( '', #5315 ) ;
#2004 = ORIENTED_EDGE ( 'NONE', *, *, #187, .T. ) ;
#2005 = DIRECTION ( 'NONE',  ( 1.224646799146999945E-16, 1.000000000000000000, 0.000000000000000000 ) ) ;
#2006 = AXIS2_PLACEMENT_3D ( 'NONE', #3678, #5965, #2826 ) ;
#2007 = EDGE_LOOP ( 'NONE', ( #2678, #9936, #1023, #5097 ) ) ;
#2008 = VECTOR ( 'NONE', #1880, 1000.000000000000000 ) ;
#2009 = ORIENTED_EDGE ( 'NONE', *, *, #8052, .T. ) ;
#2010 = CARTESIAN_POINT ( 'NONE',  ( 3.595565243249000176, -5.150999830607999819, 0.8347168416219999942 ) ) ;
#2011 = VERTEX_POINT ( 'NONE', #7666 ) ;
#2012 = CARTESIAN_POINT ( 'NONE',  ( 2.634481568208999924, -5.149999830640999754, 0.7042581636829999825 ) ) ;
#2013 = VECTOR ( 'NONE', #31, 1000.000000000000000 ) ;
#2014 = DIRECTION ( 'NONE',  ( 0.7071067811865474617, -0.7071067811865474617, 0.000000000000000000 ) ) ;
#2015 = CARTESIAN_POINT ( 'NONE',  ( 1.249999958892999974, -6.749999778023999752, 2.049999933330000079 ) ) ;
#2016 = LINE ( 'NONE', #1208, #8178 ) ;
#2017 = UNCERTAINTY_MEASURE_WITH_UNIT (LENGTH_MEASURE( 1.000000000000000082E-05 ), #393, 'distance_accuracy_value', 'NONE');
#2018 = DIRECTION ( 'NONE',  ( 1.224646799146999945E-16, 1.000000000000000000, 0.000000000000000000 ) ) ;
#2019 = ADVANCED_FACE ( 'NONE', ( #3413 ), #4324, .F. ) ;
#2020 = EDGE_CURVE ( 'NONE', #1743, #3031, #6656, .T. ) ;
#2021 = B_SPLINE_CURVE_WITH_KNOTS ( 'NONE', 3,
 ( #4662, #1350, #8699, #3053 ),
 .UNSPECIFIED., .F., .F.,
 ( 4, 4 ),
 ( 27.00000000000000000, 28.00000000000000000 ),
 .UNSPECIFIED. ) ;
#2022 = ADVANCED_FACE ( 'NONE', ( #9163 ), #7207, .F. ) ;
#2023 = CARTESIAN_POINT ( 'NONE',  ( 3.539325696542000355, -5.149999830640999754, 0.7412232144229998765 ) ) ;
#2024 = CARTESIAN_POINT ( 'NONE',  ( 4.072401375669000068, -5.149999830640999754, 1.104694171740999931 ) ) ;
#2025 = CARTESIAN_POINT ( 'NONE',  ( 3.681927869545999599, -5.150999830607999819, 0.8432544265400000461 ) ) ;
#2026 = VERTEX_POINT ( 'NONE', #1980 ) ;
#2027 = CARTESIAN_POINT ( 'NONE',  ( 3.379485740960999962, -5.150999830607999819, 0.7083559185690000426 ) ) ;
#2028 = CARTESIAN_POINT ( 'NONE',  ( 2.919405665175000220, -5.149999830640999754, 0.7123596109270000643 ) ) ;
#2029 = CARTESIAN_POINT ( 'NONE',  ( 3.578504428634000423, -5.149999830640999754, 0.8555295452540000456 ) ) ;
#2030 = MECHANICAL_DESIGN_GEOMETRIC_PRESENTATION_REPRESENTATION (  '', ( #7292 ), #9503 ) ;
#2031 = EDGE_CURVE ( 'NONE', #5803, #348, #9220, .T. ) ;
#2032 = LINE ( 'NONE', #589, #8164 ) ;
#2033 = CARTESIAN_POINT ( 'NONE',  ( 3.976819062679000538, -5.150999830607999819, 1.130326892396000149 ) ) ;
#2034 = EDGE_LOOP ( 'NONE', ( #10357, #5120, #8844, #803, #1842, #3033, #385 ) ) ;
#2035 = DIRECTION ( 'NONE',  ( 1.000000000000000000, 0.000000000000000000, 0.000000000000000000 ) ) ;
#2036 = ORIENTED_EDGE ( 'NONE', *, *, #6086, .T. ) ;
#2037 = ORIENTED_EDGE ( 'NONE', *, *, #4865, .T. ) ;
#2038 = LINE ( 'NONE', #10164, #9399 ) ;
#2039 = EDGE_LOOP ( 'NONE', ( #4991, #7384, #2946, #9086 ) ) ;
#2040 = DIRECTION ( 'NONE',  ( 1.224646799147213924E-16, 1.000000000000000000, 0.000000000000000000 ) ) ;
#2041 = FACE_OUTER_BOUND ( 'NONE', #1318, .T. ) ;
#2042 = CARTESIAN_POINT ( 'NONE',  ( 3.214000198588000234, -5.149999830640999754, 0.8606567064119999833 ) ) ;
#2043 = FILL_AREA_STYLE_COLOUR ( '', #2915 ) ;
#2044 = CARTESIAN_POINT ( 'NONE',  ( 2.600547976842999987, -5.149999830640999754, 1.220729257453000205 ) ) ;
#2045 = ORIENTED_EDGE ( 'NONE', *, *, #9722, .T. ) ;
#2046 = LINE ( 'NONE', #496, #5767 ) ;
#2047 = PRESENTATION_LAYER_ASSIGNMENT (  '', '', ( #7136 ) ) ;
#2048 = CARTESIAN_POINT ( 'NONE',  ( 4.091948669616999545, -5.149999830640999754, 0.9066846339709999647 ) ) ;
#2049 = ORIENTED_EDGE ( 'NONE', *, *, #7753, .F. ) ;
#2050 = EDGE_CURVE ( 'NONE', #1553, #3600, #3572, .T. ) ;
#2051 = CARTESIAN_POINT ( 'NONE',  ( 3.746042449014000297, -5.150999830607999819, 0.8522617377569999819 ) ) ;
#2052 = ORIENTED_EDGE ( 'NONE', *, *, #1170, .F. ) ;
#2053 = DIRECTION ( 'NONE',  ( 2.446283049834999907E-16, 1.000000000000000000, 0.000000000000000000 ) ) ;
#2054 = CARTESIAN_POINT ( 'NONE',  ( 3.805350295369000158, -5.149999830640999754, 0.8505933645059999826 ) ) ;
#2055 = VERTEX_POINT ( 'NONE', #8470 ) ;
#2056 = CARTESIAN_POINT ( 'NONE',  ( 3.789946454243000140, -5.149999830640999754, 1.119694743251999913 ) ) ;
#2057 = CARTESIAN_POINT ( 'NONE',  ( 4.316314642697999915, -5.150999830607999819, 0.7573400393989999646 ) ) ;
#2058 = ADVANCED_FACE ( 'NONE', ( #1174 ), #9908, .F. ) ;
#2059 = EDGE_CURVE ( 'NONE', #834, #1628, #1277, .T. ) ;
#2060 = ORIENTED_EDGE ( 'NONE', *, *, #4840, .T. ) ;
#2061 = ORIENTED_EDGE ( 'NONE', *, *, #1849, .F. ) ;
#2062 = AXIS2_PLACEMENT_3D ( 'NONE', #2254, #9436, #4594 ) ;
#2063 = AXIS2_PLACEMENT_3D ( 'NONE', #4679, #6464, #824 ) ;
#2064 = CARTESIAN_POINT ( 'NONE',  ( 3.605138512242000104, -5.149999830640999754, 0.7990883306699999578 ) ) ;
#2065 = ORIENTED_EDGE ( 'NONE', *, *, #3283, .F. ) ;
#2066 =( NAMED_UNIT ( * ) SI_UNIT ( $, .STERADIAN. ) SOLID_ANGLE_UNIT ( ) );
#2067 = DIRECTION ( 'NONE',  ( -1.000000000000000000, 1.224646799146999945E-16, 0.000000000000000000 ) ) ;
#2068 = LINE ( 'NONE', #991, #4292 ) ;
#2069 = VECTOR ( 'NONE', #9506, 1000.000000000000000 ) ;
#2070 = B_SPLINE_SURFACE_WITH_KNOTS ( 'NONE', 3, 1, ( 
 ( #1809, #843 ),
 ( #8082, #6538 ),
 ( #10522, #9891 ),
 ( #8297, #3347 ) ),
 .UNSPECIFIED., .F., .F., .F.,
 ( 4, 4 ),
 ( 2, 2 ),
 ( 5.000000000000000000, 6.000000000000000000 ),
 ( 0.000000000000000000, 1.000000000000000000 ),
 .UNSPECIFIED. ) ;
#2071 = CARTESIAN_POINT ( 'NONE',  ( 2.291627199384000058, -5.149999830640999754, 0.8874428006660000090 ) ) ;
#2072 = VECTOR ( 'NONE', #9844, 1000.000000000000000 ) ;
#2073 = VECTOR ( 'NONE', #9786, 1000.000000000000000 ) ;
#2074 = VECTOR ( 'NONE', #8987, 1000.000000000000000 ) ;
#2075 = STYLED_ITEM ( 'NONE', ( #6447 ), #7218 ) ;
#2076 = B_SPLINE_CURVE_WITH_KNOTS ( 'NONE', 3,
 ( #2491, #6418, #3989, #9666 ),
 .UNSPECIFIED., .F., .F.,
 ( 4, 4 ),
 ( 3.000000000000000000, 4.000000000000000000 ),
 .UNSPECIFIED. ) ;
#2077 = CARTESIAN_POINT ( 'NONE',  ( 2.361166224039000117, -5.150999830607999819, 1.109637203277999973 ) ) ;
#2078 = ADVANCED_FACE ( 'NONE', ( #6265 ), #8395, .T. ) ;
#2079 = EDGE_LOOP ( 'NONE', ( #1087, #7954, #223, #5546 ) ) ;
#2080 = CARTESIAN_POINT ( 'NONE',  ( 1.999999934228999798, 0.4999999835569999274, 0.04999999910078999771 ) ) ;
#2081 = CARTESIAN_POINT ( 'NONE',  ( 2.546904161474999650, -5.149999830640999754, 0.7930867599069999496 ) ) ;
#2082 = VECTOR ( 'NONE', #3611, 1000.000000000000000 ) ;
#2083 = VECTOR ( 'NONE', #6130, 1000.000000000000000 ) ;
#2084 = DIRECTION ( 'NONE',  ( -1.224646799147389939E-16, -1.000000000000000000, 0.000000000000000000 ) ) ;
#2085 = FILL_AREA_STYLE_COLOUR ( '', #4351 ) ;
#2086 = ORIENTED_EDGE ( 'NONE', *, *, #4070, .T. ) ;
#2087 =( GEOMETRIC_REPRESENTATION_CONTEXT ( 3 ) GLOBAL_UNCERTAINTY_ASSIGNED_CONTEXT ( ( #7657 ) ) GLOBAL_UNIT_ASSIGNED_CONTEXT ( ( #3535, #7409, #7520 ) ) REPRESENTATION_CONTEXT ( 'NONE', 'WORKASPACE' ) );
#2088 = EDGE_CURVE ( 'NONE', #2542, #2441, #4756, .T. ) ;
#2089 = CARTESIAN_POINT ( 'NONE',  ( 3.562050848458000019, -5.150999830607999819, 0.7933631763709999563 ) ) ;
#2090 = VERTEX_POINT ( 'NONE', #5386 ) ;
#2091 = VECTOR ( 'NONE', #3632, 1000.000000000000000 ) ;
#2092 = ORIENTED_EDGE ( 'NONE', *, *, #7293, .F. ) ;
#2093 =( NAMED_UNIT ( * ) SI_UNIT ( $, .STERADIAN. ) SOLID_ANGLE_UNIT ( ) );
#2094 = ORIENTED_EDGE ( 'NONE', *, *, #9385, .T. ) ;
#2095 = CARTESIAN_POINT ( 'NONE',  ( 3.479283045296999610, -5.149999830640999754, 0.8225442560619999899 ) ) ;
#2096 = LINE ( 'NONE', #6988, #8709 ) ;
#2097 = VECTOR ( 'NONE', #4898, 1000.000000000000000 ) ;
#2098 = B_SPLINE_CURVE_WITH_KNOTS ( 'NONE', 3,
 ( #3457, #44, #9985, #1695 ),
 .UNSPECIFIED., .F., .F.,
 ( 4, 4 ),
 ( 17.00000000000000000, 18.00000000000000000 ),
 .UNSPECIFIED. ) ;
#2099 = CARTESIAN_POINT ( 'NONE',  ( 3.790525239034999938, -5.149999830640999754, 0.6588583551000000149 ) ) ;
#2100 = SURFACE_SIDE_STYLE ('',( #6175 ) ) ;
#2101 = CARTESIAN_POINT ( 'NONE',  ( 4.116923955923000200, -5.150999830607999819, 0.7263129274960000714 ) ) ;
#2102 = CARTESIAN_POINT ( 'NONE',  ( 3.849438959200000010, -5.150999830607999819, 0.7408953917490000984 ) ) ;
#2103 = EDGE_CURVE ( 'NONE', #1331, #4802, #533, .T. ) ;
#2104 = EDGE_CURVE ( 'NONE', #8422, #5078, #8557, .T. ) ;
#2105 = EDGE_LOOP ( 'NONE', ( #112, #9761, #173, #251 ) ) ;
#2106 = CARTESIAN_POINT ( 'NONE',  ( 5.799999809265000472, 0.4499999852019999635, 0.3499999892349999753 ) ) ;
#2107 = CARTESIAN_POINT ( 'NONE',  ( 4.103413047115000545, -5.149999830640999754, 1.189008667740999892 ) ) ;
#2108 = ORIENTED_EDGE ( 'NONE', *, *, #53, .F. ) ;
#2109 = DIRECTION ( 'NONE',  ( 0.000000000000000000, 0.000000000000000000, -1.000000000000000000 ) ) ;
#2110 = EDGE_LOOP ( 'NONE', ( #2697, #6629, #80, #2049 ) ) ;
#2111 = FACE_OUTER_BOUND ( 'NONE', #7391, .T. ) ;
#2112 = CARTESIAN_POINT ( 'NONE',  ( 4.121945718565999783, -5.150999830607999819, 1.229116869479000007 ) ) ;
#2113 = CARTESIAN_POINT ( 'NONE',  ( 4.107465053533000621, -5.149999830640999754, 1.203224970711000097 ) ) ;
#2114 = DIRECTION ( 'NONE',  ( 0.000000000000000000, -1.000000000000000000, 1.726713446069745105E-14 ) ) ;
#2115 = ADVANCED_FACE ( 'NONE', ( #6113 ), #6066, .F. ) ;
#2116 = ORIENTED_EDGE ( 'NONE', *, *, #4747, .F. ) ;
#2117 = ORIENTED_EDGE ( 'NONE', *, *, #9036, .F. ) ;
#2118 = ADVANCED_FACE ( 'NONE', ( #2241 ), #5495, .F. ) ;
#2119 = ORIENTED_EDGE ( 'NONE', *, *, #8277, .T. ) ;
#2120 = LINE ( 'NONE', #3817, #6642 ) ;
#2121 = CARTESIAN_POINT ( 'NONE',  ( 4.357078412040999993, -5.149999830640999754, 0.8678919060640000183 ) ) ;
#2122 = FACE_OUTER_BOUND ( 'NONE', #1985, .T. ) ;
#2123 = EDGE_CURVE ( 'NONE', #4153, #3577, #6372, .T. ) ;
#2124 = CARTESIAN_POINT ( 'NONE',  ( 3.214359130545999754, -5.150999830607999819, 0.9112649828970000865 ) ) ;
#2125 = UNCERTAINTY_MEASURE_WITH_UNIT (LENGTH_MEASURE( 1.000000000000000082E-05 ), #9350, 'distance_accuracy_value', 'NONE');
#2126 = CARTESIAN_POINT ( 'NONE',  ( 2.292037407335999699, -5.150999830607999819, 0.9452808309360000161 ) ) ;
#2127 = CARTESIAN_POINT ( 'NONE',  ( 2.422090907327000053, -5.149999830640999754, 0.7289009781499999896 ) ) ;
#2128 = CARTESIAN_POINT ( 'NONE',  ( 3.546637000016999774, -5.149999830640999754, 0.7311894333370000387 ) ) ;
#2129 = ORIENTED_EDGE ( 'NONE', *, *, #4057, .T. ) ;
#2130 = CARTESIAN_POINT ( 'NONE',  ( 3.736688164383000110, -5.150999830607999819, 0.7428388230599999309 ) ) ;
#2131 = DIRECTION ( 'NONE',  ( 1.224646799146999945E-16, 1.000000000000000000, 0.000000000000000000 ) ) ;
#2132 = CARTESIAN_POINT ( 'NONE',  ( 2.603501313235999870, -5.150999830607999819, 0.6177165876150000345 ) ) ;
#2133 = CARTESIAN_POINT ( 'NONE',  ( 3.954669080421999716, -5.149999830640999754, 1.071320276524999837 ) ) ;
#2134 = CARTESIAN_POINT ( 'NONE',  ( 3.976819062679000538, -5.150999830607999819, 1.130326892396000149 ) ) ;
#2135 = ORIENTED_EDGE ( 'NONE', *, *, #8784, .F. ) ;
#2136 = CARTESIAN_POINT ( 'NONE',  ( 4.172289670672999939, -5.150999830607999819, 0.7259202540879999832 ) ) ;
#2137 = DIRECTION ( 'NONE',  ( 0.9999748501857348426, -1.224615999507675655E-16, -0.007092178509961118670 ) ) ;
#2138 = ORIENTED_EDGE ( 'NONE', *, *, #9879, .T. ) ;
#2139 = EDGE_LOOP ( 'NONE', ( #5287, #1778, #3930, #8319 ) ) ;
#2140 = CARTESIAN_POINT ( 'NONE',  ( 3.383216322691000144, -5.150999830607999819, 1.234356201993000113 ) ) ;
#2141 = CARTESIAN_POINT ( 'NONE',  ( 2.605562635814000050, -5.149999830640999754, 0.9083526950350000462 ) ) ;
#2142 = ORIENTED_EDGE ( 'NONE', *, *, #2179, .F. ) ;
#2143 = LINE ( 'NONE', #8640, #5480 ) ;
#2144 = B_SPLINE_CURVE_WITH_KNOTS ( 'NONE', 3,
 ( #2662, #1707, #1006, #7451 ),
 .UNSPECIFIED., .F., .F.,
 ( 4, 4 ),
 ( 5.000000000000000000, 6.000000000000000000 ),
 .UNSPECIFIED. ) ;
#2145 = DIRECTION ( 'NONE',  ( 1.224646799146999945E-16, 1.000000000000000000, 0.000000000000000000 ) ) ;
#2146 =( NAMED_UNIT ( * ) PLANE_ANGLE_UNIT ( ) SI_UNIT ( $, .RADIAN. ) );
#2147 = STYLED_ITEM ( 'NONE', ( #6300 ), #8114 ) ;
#2148 = DIRECTION ( 'NONE',  ( 0.000000000000000000, 0.000000000000000000, 1.000000000000000000 ) ) ;
#2149 = CARTESIAN_POINT ( 'NONE',  ( 2.749224460775999912, -5.150999830607999819, 0.7757456509739999451 ) ) ;
#2150 = EDGE_CURVE ( 'NONE', #10006, #4958, #371, .T. ) ;
#2151 = VERTEX_POINT ( 'NONE', #3996 ) ;
#2152 = EDGE_CURVE ( 'NONE', #3867, #3319, #6901, .T. ) ;
#2153 = CARTESIAN_POINT ( 'NONE',  ( 3.754499658035000298, -5.149999830640999754, 0.7692269904199999786 ) ) ;
#2154 = PLANE ( 'NONE',  #619 ) ;
#2155 = ORIENTED_EDGE ( 'NONE', *, *, #8591, .T. ) ;
#2156 = ORIENTED_EDGE ( 'NONE', *, *, #3456, .F. ) ;
#2157 = VECTOR ( 'NONE', #4699, 1000.000000000000000 ) ;
#2158 = CARTESIAN_POINT ( 'NONE',  ( 5.799999809265000472, -0.4499999852019999635, 7.450579042612001036E-10 ) ) ;
#2159 = CARTESIAN_POINT ( 'NONE',  ( 3.736727984784999901, -5.149999830640999754, 0.7484533744160000168 ) ) ;
#2160 = CARTESIAN_POINT ( 'NONE',  ( -1.249999958892999974, -4.944441160745000730, 0.5499999826579999862 ) ) ;
#2161 = CARTESIAN_POINT ( 'NONE',  ( 2.605255006645999849, -5.150999830607999819, 1.068863489782999832 ) ) ;
#2162 = EDGE_LOOP ( 'NONE', ( #4946, #8142, #10412, #9031 ) ) ;
#2163 = MECHANICAL_DESIGN_GEOMETRIC_PRESENTATION_REPRESENTATION (  '', ( #1647 ), #5569 ) ;
#2164 = ORIENTED_EDGE ( 'NONE', *, *, #4787, .T. ) ;
#2165 = PLANE ( 'NONE',  #4963 ) ;
#2166 = ORIENTED_EDGE ( 'NONE', *, *, #5075, .F. ) ;
#2167 = SURFACE_SIDE_STYLE ('',( #2221 ) ) ;
#2168 = CARTESIAN_POINT ( 'NONE',  ( 4.207063169991999807, -5.149999830640999754, 0.7468852222829999166 ) ) ;
#2169 = PRESENTATION_LAYER_ASSIGNMENT (  '', '', ( #797 ) ) ;
#2170 = CARTESIAN_POINT ( 'NONE',  ( 3.525597980806999932, -5.149999830640999754, 1.129367977211000129 ) ) ;
#2171 = DIRECTION ( 'NONE',  ( -1.000000000000000000, 1.224646799146999945E-16, 0.000000000000000000 ) ) ;
#2172 = STYLED_ITEM ( 'NONE', ( #4406 ), #2833 ) ;
#2173 = DIRECTION ( 'NONE',  ( -1.000000000000000000, 1.224646799146999945E-16, 0.000000000000000000 ) ) ;
#2174 = EDGE_CURVE ( 'NONE', #3115, #1473, #6779, .T. ) ;
#2175 = EDGE_CURVE ( 'NONE', #9101, #1446, #46, .T. ) ;
#2176 = AXIS2_PLACEMENT_3D ( 'NONE', #9524, #7920, #1436 ) ;
#2177 = PRESENTATION_LAYER_ASSIGNMENT (  '', '', ( #3876 ) ) ;
#2178 = CARTESIAN_POINT ( 'NONE',  ( 2.605562635814000050, -5.150999830607999819, 0.9083526950350000462 ) ) ;
#2179 = EDGE_CURVE ( 'NONE', #9071, #7527, #9775, .T. ) ;
#2180 = CARTESIAN_POINT ( 'NONE',  ( 4.421348923420999277, -5.150999830607999819, 0.7009666530580000998 ) ) ;
#2181 = EDGE_LOOP ( 'NONE', ( #7888, #4588, #10242, #10254, #8393 ) ) ;
#2182 = CARTESIAN_POINT ( 'NONE',  ( -5.149999830640999754, -1.249999958892999974, 2.549999916887000229 ) ) ;
#2183 = CARTESIAN_POINT ( 'NONE',  ( 0.000000000000000000, 0.000000000000000000, 0.3499999892349999753 ) ) ;
#2184 = DIRECTION ( 'NONE',  ( -0.007092178509962118738, 8.685413711206696723E-19, -0.9999748501857348426 ) ) ;
#2185 = CARTESIAN_POINT ( 'NONE',  ( 3.578504428634000423, -5.150999830607999819, 0.8555295452540000456 ) ) ;
#2186 = CARTESIAN_POINT ( 'NONE',  ( 3.789946454243000140, -5.150999830607999819, 1.119694743251999913 ) ) ;
#2187 = EDGE_CURVE ( 'NONE', #8604, #4291, #5762, .T. ) ;
#2188 = ADVANCED_FACE ( 'NONE', ( #8788 ), #3187, .F. ) ;
#2189 = ORIENTED_EDGE ( 'NONE', *, *, #421, .F. ) ;
#2190 = ORIENTED_EDGE ( 'NONE', *, *, #4057, .F. ) ;
#2191 = ORIENTED_EDGE ( 'NONE', *, *, #7684, .T. ) ;
#2192 = CARTESIAN_POINT ( 'NONE',  ( 4.048903775893999857, -5.150999830607999819, 0.9069899237199999797 ) ) ;
#2193 = LINE ( 'NONE', #8846, #7165 ) ;
#2194 = ORIENTED_EDGE ( 'NONE', *, *, #5531, .T. ) ;
#2195 = DIRECTION ( 'NONE',  ( 1.224646799146999945E-16, 1.000000000000000000, 0.000000000000000000 ) ) ;
#2196 = DIRECTION ( 'NONE',  ( 0.007092178509961118670, -8.685413711205697165E-19, 0.9999748501857348426 ) ) ;
#2197 = DIRECTION ( 'NONE',  ( 1.000000000000000000, -1.224646799146999945E-16, 0.000000000000000000 ) ) ;
#2198 = AXIS2_PLACEMENT_3D ( 'NONE', #6672, #6836, #8481 ) ;
#2199 = DIRECTION ( 'NONE',  ( 1.224646799146999945E-16, 1.000000000000000000, 0.000000000000000000 ) ) ;
#2200 = CARTESIAN_POINT ( 'NONE',  ( 2.749183439824000263, -5.150999830607999819, 0.7699618258839999729 ) ) ;
#2201 = ORIENTED_EDGE ( 'NONE', *, *, #2965, .F. ) ;
#2202 = CARTESIAN_POINT ( 'NONE',  ( 4.103413047115000545, -5.150999830607999819, 1.189008667740999892 ) ) ;
#2203 = CARTESIAN_POINT ( 'NONE',  ( 3.721777607379000319, -5.150999830607999819, 0.7882791578680000688 ) ) ;
#2204 = ORIENTED_EDGE ( 'NONE', *, *, #1433, .T. ) ;
#2205 = ORIENTED_EDGE ( 'NONE', *, *, #9707, .F. ) ;
#2206 = CARTESIAN_POINT ( 'NONE',  ( 3.557975605349999793, -5.150999830607999819, 0.7245583764970000562 ) ) ;
#2207 = DIRECTION ( 'NONE',  ( 1.224646799146999945E-16, 1.000000000000000000, 0.000000000000000000 ) ) ;
#2208 = FILL_AREA_STYLE ('',( #4664 ) ) ;
#2209 = ADVANCED_FACE ( 'NONE', ( #10355 ), #3084, .F. ) ;
#2210 = DIRECTION ( 'NONE',  ( 1.224646799146999945E-16, 1.000000000000000000, 0.000000000000000000 ) ) ;
#2211 = B_SPLINE_CURVE_WITH_KNOTS ( 'NONE', 3,
 ( #2178, #5428, #676, #1367 ),
 .UNSPECIFIED., .F., .F.,
 ( 4, 4 ),
 ( 16.00000000000000000, 17.00000000000000000 ),
 .UNSPECIFIED. ) ;
#2212 = CARTESIAN_POINT ( 'NONE',  ( 3.508226358594000338, -5.150999830607999819, 1.186991239953000044 ) ) ;
#2213 = PRESENTATION_LAYER_ASSIGNMENT (  '', '', ( #9510 ) ) ;
#2214 = DIRECTION ( 'NONE',  ( 0.000000000000000000, 0.000000000000000000, 1.000000000000000000 ) ) ;
#2215 = ORIENTED_EDGE ( 'NONE', *, *, #8210, .F. ) ;
#2216 = EDGE_LOOP ( 'NONE', ( #6750, #7915, #9273, #5698 ) ) ;
#2217 = VECTOR ( 'NONE', #2014, 1000.000000000000114 ) ;
#2218 = LINE ( 'NONE', #1461, #7013 ) ;
#2219 = ADVANCED_FACE ( 'NONE', ( #688 ), #9620, .F. ) ;
#2220 = ORIENTED_EDGE ( 'NONE', *, *, #10396, .F. ) ;
#2221 = SURFACE_STYLE_FILL_AREA ( #4512 ) ;
#2222 = CARTESIAN_POINT ( 'NONE',  ( 3.630620051249000113, -5.150999830607999819, 0.8000513689360000402 ) ) ;
#2223 = FILL_AREA_STYLE_COLOUR ( '', #5139 ) ;
#2224 = EDGE_CURVE ( 'NONE', #6091, #4958, #8841, .T. ) ;
#2225 = CARTESIAN_POINT ( 'NONE',  ( 4.359859143105000001, -5.150999830607999819, 0.8787899164679999764 ) ) ;
#2226 = MECHANICAL_DESIGN_GEOMETRIC_PRESENTATION_REPRESENTATION (  '', ( #6808 ), #7486 ) ;
#2227 = CARTESIAN_POINT ( 'NONE',  ( 2.871463794558000160, -5.150999830607999819, 1.292555029307000058 ) ) ;
#2228 = CARTESIAN_POINT ( 'NONE',  ( 3.940145670852999604, -5.149999830640999754, 1.200668436969999808 ) ) ;
#2229 = ORIENTED_EDGE ( 'NONE', *, *, #7101, .T. ) ;
#2230 = CARTESIAN_POINT ( 'NONE',  ( 2.900915972334000337, -5.150999830607999819, 0.7558714511360000721 ) ) ;
#2231 = FACE_OUTER_BOUND ( 'NONE', #2559, .T. ) ;
#2232 = CARTESIAN_POINT ( 'NONE',  ( 4.148760050210000827, -5.150999830607999819, 0.8828865666539998935 ) ) ;
#2233 = CARTESIAN_POINT ( 'NONE',  ( 3.706500545910000000, -5.150999830607999819, 0.7234010062100000304 ) ) ;
#2234 = AXIS2_PLACEMENT_3D ( 'NONE', #8116, #3281, #4030 ) ;
#2235 = CARTESIAN_POINT ( 'NONE',  ( 2.799996873487999860, -5.150999830607999819, 1.206300488801999915 ) ) ;
#2236 = VECTOR ( 'NONE', #4897, 1000.000000000000000 ) ;
#2237 = VECTOR ( 'NONE', #7393, 1000.000000000000000 ) ;
#2238 = CARTESIAN_POINT ( 'NONE',  ( 3.001148079577999894, -5.150999830607999819, 1.024120916380999891 ) ) ;
#2239 = ADVANCED_FACE ( 'NONE', ( #9673 ), #3461, .T. ) ;
#2240 = ORIENTED_EDGE ( 'NONE', *, *, #1801, .T. ) ;
#2241 = FACE_OUTER_BOUND ( 'NONE', #7098, .T. ) ;
#2242 = ORIENTED_EDGE ( 'NONE', *, *, #2341, .F. ) ;
#2243 = VERTEX_POINT ( 'NONE', #7390 ) ;
#2244 = LINE ( 'NONE', #6983, #5056 ) ;
#2245 = CARTESIAN_POINT ( 'NONE',  ( 3.523609942859000199, -5.149999830640999754, 1.054309669938999994 ) ) ;
#2246 = COLOUR_RGB ( '',0.2470588235294117752, 0.2470588235294117752, 0.2470588235294117752 ) ;
#2247 = VECTOR ( 'NONE', #6577, 1000.000000000000114 ) ;
#2248 = VERTEX_POINT ( 'NONE', #2543 ) ;
#2249 = CARTESIAN_POINT ( 'NONE',  ( 3.691612485860000348, -5.150999830607999819, 0.8086649099060000401 ) ) ;
#2250 = CARTESIAN_POINT ( 'NONE',  ( 3.019791546220999656, -5.149999830640999754, 0.7984090478490000198 ) ) ;
#2251 = CARTESIAN_POINT ( 'NONE',  ( 4.149965700284000469, -5.150999830607999819, 0.9062731564849999533 ) ) ;
#2252 = DIRECTION ( 'NONE',  ( 1.224646799146999945E-16, 1.000000000000000000, 0.000000000000000000 ) ) ;
#2253 = PRESENTATION_STYLE_ASSIGNMENT (( #2944 ) ) ;
#2254 = CARTESIAN_POINT ( 'NONE',  ( 0.000000000000000000, 0.000000000000000000, 0.000000000000000000 ) ) ;
#2255 = VECTOR ( 'NONE', #8600, 1000.000000000000000 ) ;
#2256 = VERTEX_POINT ( 'NONE', #4147 ) ;
#2257 = ORIENTED_EDGE ( 'NONE', *, *, #9111, .T. ) ;
#2258 = CARTESIAN_POINT ( 'NONE',  ( 3.737954652342999839, -5.150999830607999819, 0.7821336771039999469 ) ) ;
#2259 = STYLED_ITEM ( 'NONE', ( #5289 ), #6422 ) ;
#2260 = DIRECTION ( 'NONE',  ( -0.8896103580601769645, 1.089458477487215903E-16, -0.4567202763530909815 ) ) ;
#2261 = PRODUCT ( 'CAP-SMD_BD10.0-L10.3-W10.3-FD~CAP-SMD_BD10.0-L10.3-W10.3-FD~n1sf^C1~CAP-SMD_BD10.0-L10.3-W10.3-FD~CAP-SMD_BD10.0-L10.3-W10.3-FD~n1sf_3D_PCB1_2026-04-08(2)_3D_PCB1_2026-04-08', 'CAP-SMD_BD10.0-L10.3-W10.3-FD~CAP-SMD_BD10.0-L10.3-W10.3-FD~n1sf^C1~CAP-SMD_BD10.0-L10.3-W10.3-FD~CAP-SMD_BD10.0-L10.3-W10.3-FD~n1sf_3D_PCB1_2026-04-08(2)_3D_PCB1_2026-04-08', '', ( #8137 ) ) ;
#2262 = ORIENTED_EDGE ( 'NONE', *, *, #7600, .F. ) ;
#2263 = DIRECTION ( 'NONE',  ( 1.224646799146999945E-16, 1.000000000000000000, 0.000000000000000000 ) ) ;
#2264 = FILL_AREA_STYLE ('',( #3003 ) ) ;
#2265 = DIRECTION ( 'NONE',  ( 0.000000000000000000, 0.000000000000000000, 1.000000000000000000 ) ) ;
#2266 = LINE ( 'NONE', #5459, #3224 ) ;
#2267 = B_SPLINE_CURVE_WITH_KNOTS ( 'NONE', 3,
 ( #75, #9760, #5726, #9019 ),
 .UNSPECIFIED., .F., .F.,
 ( 4, 4 ),
 ( 4.000000000000000000, 5.000000000000000000 ),
 .UNSPECIFIED. ) ;
#2268 = CARTESIAN_POINT ( 'NONE',  ( 1.249999958892999974, 4.944441160745000730, 2.049999933330000079 ) ) ;
#2269 = VECTOR ( 'NONE', #7878, 1000.000000000000114 ) ;
#2270 = SURFACE_STYLE_USAGE ( .BOTH. , #3811 ) ;
#2271 = CARTESIAN_POINT ( 'NONE',  ( 2.603501313235999870, -5.150999830607999819, 0.6177165876150000345 ) ) ;
#2272 = ORIENTED_EDGE ( 'NONE', *, *, #1506, .T. ) ;
#2273 = ORIENTED_EDGE ( 'NONE', *, *, #10193, .F. ) ;
#2274 = ADVANCED_FACE ( 'NONE', ( #94 ), #2693, .T. ) ;
#2275 = EDGE_CURVE ( 'NONE', #9060, #10277, #5130, .T. ) ;
#2276 = ORIENTED_EDGE ( 'NONE', *, *, #5107, .F. ) ;
#2277 = LINE ( 'NONE', #5528, #4618 ) ;
#2278 = VECTOR ( 'NONE', #9156, 1000.000000000000114 ) ;
#2279 = CARTESIAN_POINT ( 'NONE',  ( 4.257037041955999079, -5.150999830607999819, 0.8365760869630000096 ) ) ;
#2280 = DIRECTION ( 'NONE',  ( -0.3475765303539781192, 4.256584853572736002E-17, -0.9376516173649411812 ) ) ;
#2281 = DIRECTION ( 'NONE',  ( -0.9999748501857348426, 1.224615999507673436E-16, 0.007092178509963118806 ) ) ;
#2282 = EDGE_CURVE ( 'NONE', #902, #5966, #6127, .T. ) ;
#2283 = LINE ( 'NONE', #10341, #6851 ) ;
#2284 = EDGE_CURVE ( 'NONE', #7072, #348, #8687, .T. ) ;
#2285 = EDGE_CURVE ( 'NONE', #3644, #9344, #3936, .T. ) ;
#2286 = LINE ( 'NONE', #7021, #8340 ) ;
#2287 = CARTESIAN_POINT ( 'NONE',  ( 3.703658988564999532, -5.150999830607999819, 0.7698995058010000836 ) ) ;
#2288 = ADVANCED_FACE ( 'NONE', ( #4652 ), #3801, .T. ) ;
#2289 = ORIENTED_EDGE ( 'NONE', *, *, #10319, .F. ) ;
#2290 = CARTESIAN_POINT ( 'NONE',  ( 3.699500070917999928, -5.150999830607999819, 0.8285728217619999780 ) ) ;
#2291 = CARTESIAN_POINT ( 'NONE',  ( 3.970238111756999366, -5.150999830607999819, 0.8841527079530000499 ) ) ;
#2292 = LINE ( 'NONE', #7180, #4701 ) ;
#2293 = CARTESIAN_POINT ( 'NONE',  ( 4.148760050210000827, -5.150999830607999819, 0.8828865666539998935 ) ) ;
#2294 = DIRECTION ( 'NONE',  ( 1.224646799146999945E-16, 1.000000000000000000, 0.000000000000000000 ) ) ;
#2295 = ORIENTED_EDGE ( 'NONE', *, *, #8154, .T. ) ;
#2296 = DIRECTION ( 'NONE',  ( -1.224646799147343839E-16, -1.000000000000000000, 0.000000000000000000 ) ) ;
#2297 = VERTEX_POINT ( 'NONE', #6887 ) ;
#2298 = ORIENTED_EDGE ( 'NONE', *, *, #7600, .T. ) ;
#2299 = CARTESIAN_POINT ( 'NONE',  ( 3.842526218009000516, -5.150999830607999819, 0.7411523761830000057 ) ) ;
#2300 = CARTESIAN_POINT ( 'NONE',  ( 3.523609942859000199, -5.150999830607999819, 1.054309669938999994 ) ) ;
#2301 = VERTEX_POINT ( 'NONE', #8587 ) ;
#2302 = LINE ( 'NONE', #9739, #9697 ) ;
#2303 = LINE ( 'NONE', #695, #2157 ) ;
#2304 = CARTESIAN_POINT ( 'NONE',  ( 3.665384331722000066, -5.150999830607999819, 0.8123861950469999371 ) ) ;
#2305 = UNCERTAINTY_MEASURE_WITH_UNIT (LENGTH_MEASURE( 1.000000000000000082E-05 ), #3136, 'distance_accuracy_value', 'NONE');
#2306 = ADVANCED_FACE ( 'NONE', ( #4593 ), #4316, .F. ) ;
#2307 = CARTESIAN_POINT ( 'NONE',  ( 3.754499658035000298, -5.150999830607999819, 0.7692269904199999786 ) ) ;
#2308 = FACE_OUTER_BOUND ( 'NONE', #7079, .T. ) ;
#2309 = ORIENTED_EDGE ( 'NONE', *, *, #2104, .T. ) ;
#2310 = ORIENTED_EDGE ( 'NONE', *, *, #3902, .F. ) ;
#2311 = CARTESIAN_POINT ( 'NONE',  ( 2.292037407335999699, -5.150999830607999819, 0.9452808309360000161 ) ) ;
#2312 = CARTESIAN_POINT ( 'NONE',  ( -2.249999926008000362, 0.4499999852019999635, 7.450579042612001036E-10 ) ) ;
#2313 = VERTEX_POINT ( 'NONE', #7092 ) ;
#2314 = EDGE_CURVE ( 'NONE', #336, #4252, #4280, .T. ) ;
#2315 = CARTESIAN_POINT ( 'NONE',  ( 2.465766925326000170, -5.149999830640999754, 1.178304468064000021 ) ) ;
#2316 =( NAMED_UNIT ( * ) SI_UNIT ( $, .STERADIAN. ) SOLID_ANGLE_UNIT ( ) );
#2317 = SURFACE_STYLE_FILL_AREA ( #3054 ) ;
#2318 = ORIENTED_EDGE ( 'NONE', *, *, #1228, .T. ) ;
#2319 = CARTESIAN_POINT ( 'NONE',  ( 3.497817966123000222, -5.149999830640999754, 1.097539654788000085 ) ) ;
#2320 = DIRECTION ( 'NONE',  ( -0.9999748501857348426, 1.224615999507674915E-16, 0.007092178509960119469 ) ) ;
#2321 = ORIENTED_EDGE ( 'NONE', *, *, #416, .T. ) ;
#2322 = VERTEX_POINT ( 'NONE', #5400 ) ;
#2323 = EDGE_CURVE ( 'NONE', #3295, #9080, #4372, .T. ) ;
#2324 = VECTOR ( 'NONE', #5212, 1000.000000000000000 ) ;
#2325 = CARTESIAN_POINT ( 'NONE',  ( 3.746256641338999938, -5.150999830607999819, 0.7138649639030000271 ) ) ;
#2326 = VERTEX_POINT ( 'NONE', #6122 ) ;
#2327 = CARTESIAN_POINT ( 'NONE',  ( 3.845560610499000553, -5.150999830607999819, 0.7291733388140000383 ) ) ;
#2328 = CARTESIAN_POINT ( 'NONE',  ( 2.713660265846999931, -5.149999830640999754, 0.8584212349130000419 ) ) ;
#2329 = DIRECTION ( 'NONE',  ( -0.4987484692610351100, 6.107907164601430594E-17, 0.8667467706370610703 ) ) ;
#2330 = COLOUR_RGB ( '',0.2470588235294117752, 0.2470588235294117752, 0.2470588235294117752 ) ;
#2331 = FILL_AREA_STYLE ('',( #7067 ) ) ;
#2332 = CARTESIAN_POINT ( 'NONE',  ( 4.421348923420999277, -5.150999830607999819, 0.7009666530580000998 ) ) ;
#2333 = VECTOR ( 'NONE', #8985, 1000.000000000000000 ) ;
#2334 = SURFACE_SIDE_STYLE ('',( #777 ) ) ;
#2335 = FACE_OUTER_BOUND ( 'NONE', #6559, .T. ) ;
#2336 = EDGE_LOOP ( 'NONE', ( #9745, #4913, #769, #2505 ) ) ;
#2337 = CARTESIAN_POINT ( 'NONE',  ( 3.838112196596999759, -5.150999830607999819, 1.027748161355000134 ) ) ;
#2338 = DIRECTION ( 'NONE',  ( 1.224646799146999945E-16, 1.000000000000000000, 0.000000000000000000 ) ) ;
#2339 = EDGE_CURVE ( 'NONE', #1950, #5225, #9386, .T. ) ;
#2340 = FILL_AREA_STYLE ('',( #3337 ) ) ;
#2341 = EDGE_CURVE ( 'NONE', #4188, #3062, #5450, .T. ) ;
#2342 = B_SPLINE_CURVE_WITH_KNOTS ( 'NONE', 3,
 ( #3478, #1774, #2042, #8429 ),
 .UNSPECIFIED., .F., .F.,
 ( 4, 4 ),
 ( 34.00000000000000000, 35.00000000000000000 ),
 .UNSPECIFIED. ) ;
#2343 = DIRECTION ( 'NONE',  ( 1.000000000000000000, -1.224646799146999945E-16, 0.000000000000000000 ) ) ;
#2344 = CARTESIAN_POINT ( 'NONE',  ( 3.578504428634000423, -5.150999830607999819, 0.8555295452540000456 ) ) ;
#2345 = VECTOR ( 'NONE', #5183, 1000.000000000000114 ) ;
#2346 = ORIENTED_EDGE ( 'NONE', *, *, #2629, .F. ) ;
#2347 = CARTESIAN_POINT ( 'NONE',  ( 3.604642969462000135, -5.150999830607999819, 0.7292183582519999874 ) ) ;
#2348 = ORIENTED_EDGE ( 'NONE', *, *, #8084, .T. ) ;
#2349 = VERTEX_POINT ( 'NONE', #7141 ) ;
#2350 = DIRECTION ( 'NONE',  ( -0.9999748501857348426, 1.224615999507673436E-16, 0.007092178509963118806 ) ) ;
#2351 = CARTESIAN_POINT ( 'NONE',  ( 2.605562635814000050, -5.150999830607999819, 0.9083526950350000462 ) ) ;
#2352 = EDGE_CURVE ( 'NONE', #8323, #4872, #8952, .T. ) ;
#2353 = VERTEX_POINT ( 'NONE', #1660 ) ;
#2354 = FILL_AREA_STYLE_COLOUR ( '', #4950 ) ;
#2355 = CARTESIAN_POINT ( 'NONE',  ( 3.839554580045000165, -5.150999830607999819, 1.231119688214000085 ) ) ;
#2357 = PRESENTATION_STYLE_ASSIGNMENT (( #6593 ) ) ;
#2356 = VECTOR ( 'NONE', #3733, 1000.000000000000000 ) ;
#2358 = DIRECTION ( 'NONE',  ( 0.007092178509960119469, -8.685413711204699533E-19, 0.9999748501857348426 ) ) ;
#2359 = CARTESIAN_POINT ( 'NONE',  ( 4.146443853371999388, -5.150999830607999819, 0.7029163779229998799 ) ) ;
#2360 = CARTESIAN_POINT ( 'NONE',  ( 0.000000000000000000, 0.000000000000000000, 0.000000000000000000 ) ) ;
#2361 = ORIENTED_EDGE ( 'NONE', *, *, #202, .T. ) ;
#2362 = ORIENTED_EDGE ( 'NONE', *, *, #3718, .T. ) ;
#2363 = DIRECTION ( 'NONE',  ( 0.000000000000000000, -1.000000000000000000, -3.356668679171014881E-16 ) ) ;
#2364 = CARTESIAN_POINT ( 'NONE',  ( 3.546263882025999958, -5.150999830607999819, 0.7665447367279999424 ) ) ;
#2365 = B_SPLINE_SURFACE_WITH_KNOTS ( 'NONE', 3, 1, ( 
 ( #4411, #7652 ),
 ( #5476, #9509 ),
 ( #123, #8209 ),
 ( #6411, #9072 ) ),
 .UNSPECIFIED., .F., .F., .F.,
 ( 4, 4 ),
 ( 2, 2 ),
 ( 4.000000000000000000, 5.000000000000000000 ),
 ( 0.000000000000000000, 1.000000000000000000 ),
 .UNSPECIFIED. ) ;
#2366 = ORIENTED_EDGE ( 'NONE', *, *, #8660, .T. ) ;
#2367 = FILL_AREA_STYLE ('',( #8048 ) ) ;
#2368 = CARTESIAN_POINT ( 'NONE',  ( 4.246966027222000228, -5.149999830640999754, 0.8606665253440000107 ) ) ;
#2369 = CARTESIAN_POINT ( 'NONE',  ( 3.638370914313000082, -5.150999830607999819, 1.233170424989999958 ) ) ;
#2370 = LINE ( 'NONE', #7258, #5896 ) ;
#2371 = VECTOR ( 'NONE', #3471, 1000.000000000000114 ) ;
#2372 = MECHANICAL_DESIGN_GEOMETRIC_PRESENTATION_REPRESENTATION (  '', ( #6258 ), #6602 ) ;
#2373 = FILL_AREA_STYLE_COLOUR ( '', #9716 ) ;
#2374 = DIRECTION ( 'NONE',  ( 1.224646799146999945E-16, 1.000000000000000000, 0.000000000000000000 ) ) ;
#2375 = VERTEX_POINT ( 'NONE', #4911 ) ;
#2376 = B_SPLINE_SURFACE_WITH_KNOTS ( 'NONE', 3, 1, ( 
 ( #3027, #7028 ),
 ( #1428, #9464 ),
 ( #10154, #4631 ),
 ( #5486, #10258 ) ),
 .UNSPECIFIED., .F., .F., .F.,
 ( 4, 4 ),
 ( 2, 2 ),
 ( 18.00000000000000000, 19.00000000000000000 ),
 ( 0.000000000000000000, 1.000000000000000000 ),
 .UNSPECIFIED. ) ;
#2377 = EDGE_CURVE ( 'NONE', #6114, #916, #9584, .T. ) ;
#2378 = ORIENTED_EDGE ( 'NONE', *, *, #6596, .T. ) ;
#2379 = SURFACE_STYLE_USAGE ( .BOTH. , #7111 ) ;
#2380 = ORIENTED_EDGE ( 'NONE', *, *, #1989, .T. ) ;
#2381 = CARTESIAN_POINT ( 'NONE',  ( 3.717382400487999838, -5.150999830607999819, 1.143500555746000069 ) ) ;
#2382 =( NAMED_UNIT ( * ) PLANE_ANGLE_UNIT ( ) SI_UNIT ( $, .RADIAN. ) );
#2383 = CARTESIAN_POINT ( 'NONE',  ( -6.308155454961998958E-16, -5.150999830607999819, 0.04999999910078999771 ) ) ;
#2384 = EDGE_CURVE ( 'NONE', #3903, #3295, #8136, .T. ) ;
#2385 = B_SPLINE_CURVE_WITH_KNOTS ( 'NONE', 3,
 ( #165, #807, #8959, #1821 ),
 .UNSPECIFIED., .F., .F.,
 ( 4, 4 ),
 ( 10.00000000000000000, 11.00000000000000000 ),
 .UNSPECIFIED. ) ;
#2386 = CARTESIAN_POINT ( 'NONE',  ( 3.838112196596999759, -5.149999830640999754, 1.027748161355000134 ) ) ;
#2387 = FILL_AREA_STYLE_COLOUR ( '', #1211 ) ;
#2388 = CARTESIAN_POINT ( 'NONE',  ( 3.754499658035000298, -5.150999830607999819, 0.7692269904199999786 ) ) ;
#2389 = ORIENTED_EDGE ( 'NONE', *, *, #4399, .F. ) ;
#2390 = CARTESIAN_POINT ( 'NONE',  ( 3.722247340639000424, -5.150999830607999819, 0.8545100692229999906 ) ) ;
#2391 = DIRECTION ( 'NONE',  ( -1.000000000000000000, 1.224646799146999945E-16, 0.000000000000000000 ) ) ;
#2392 = CARTESIAN_POINT ( 'NONE',  ( 3.665384331722000066, -5.150999830607999819, 0.8123861950469999371 ) ) ;
#2393 = LINE ( 'NONE', #8027, #1724 ) ;
#2394 = CARTESIAN_POINT ( 'NONE',  ( 3.525425425732000129, -5.149999830640999754, 1.105038254673000209 ) ) ;
#2395 = ORIENTED_EDGE ( 'NONE', *, *, #6156, .T. ) ;
#2396 = CARTESIAN_POINT ( 'NONE',  ( 4.362929299053000420, -5.150999830607999819, 0.8645231005819999925 ) ) ;
#2397 = ADVANCED_FACE ( 'NONE', ( #1549 ), #4758, .F. ) ;
#2398 = ORIENTED_EDGE ( 'NONE', *, *, #2059, .F. ) ;
#2399 = DIRECTION ( 'NONE',  ( 1.000000000000000000, 0.000000000000000000, 0.000000000000000000 ) ) ;
#2400 = VECTOR ( 'NONE', #1492, 1000.000000000000000 ) ;
#2401 = LINE ( 'NONE', #3401, #3939 ) ;
#2402 = ORIENTED_EDGE ( 'NONE', *, *, #3284, .F. ) ;
#2403 = LINE ( 'NONE', #4753, #3934 ) ;
#2404 = APPLICATION_CONTEXT ( 'automotive_design' ) ;
#2405 = CARTESIAN_POINT ( 'NONE',  ( 3.539375103337000006, -5.149999830640999754, 0.7481894170299999702 ) ) ;
#2406 = LINE ( 'NONE', #1546, #9713 ) ;
#2407 = VECTOR ( 'NONE', #738, 1000.000000000000000 ) ;
#2408 = CARTESIAN_POINT ( 'NONE',  ( 3.665384331722000066, -5.149999830640999754, 0.8123861950469999371 ) ) ;
#2409 = DIRECTION ( 'NONE',  ( -0.9999748501857348426, 0.000000000000000000, 0.007092178509963118806 ) ) ;
#2410 = CONTEXT_DEPENDENT_SHAPE_REPRESENTATION ( #3691, #3104 ) ;
#2411 = VECTOR ( 'NONE', #7318, 1000.000000000000000 ) ;
#2412 = EDGE_LOOP ( 'NONE', ( #7008, #8275, #8421, #259 ) ) ;
#2413 = EDGE_LOOP ( 'NONE', ( #3419, #4090, #4454 ) ) ;
#2414 = ADVANCED_FACE ( 'NONE', ( #7301 ), #6495, .T. ) ;
#2415 = CARTESIAN_POINT ( 'NONE',  ( 4.178623550490000227, -5.149999830640999754, 0.7026881480269999702 ) ) ;
#2416 = VECTOR ( 'NONE', #10486, 1000.000000000000114 ) ;
#2417 = PRESENTATION_LAYER_ASSIGNMENT (  '', '', ( #5477 ) ) ;
#2418 = AXIS2_PLACEMENT_3D ( 'NONE', #10510, #8284, #4702 ) ;
#2419 = CARTESIAN_POINT ( 'NONE',  ( 3.379485740960999962, -5.150999830607999819, 0.7083559185690000426 ) ) ;
#2420 = ORIENTED_EDGE ( 'NONE', *, *, #6286, .F. ) ;
#2421 = VECTOR ( 'NONE', #7242, 1000.000000000000000 ) ;
#2422 = FILL_AREA_STYLE ('',( #9065 ) ) ;
#2423 = CARTESIAN_POINT ( 'NONE',  ( -4.499999852016000723, 1.972152198197999858E-31, 3.027168101175000015 ) ) ;
#2424 = CARTESIAN_POINT ( 'NONE',  ( 3.690314330835000156, -5.149999830640999754, 1.028796396564999993 ) ) ;
#2425 = CARTESIAN_POINT ( 'NONE',  ( 3.570968941761000437, -5.149999830640999754, 0.7753116623079999714 ) ) ;
#2426 = CARTESIAN_POINT ( 'NONE',  ( 3.546263882025999958, -5.150999830607999819, 0.7665447367279999424 ) ) ;
#2427 = ADVANCED_FACE ( 'NONE', ( #3956 ), #1608, .F. ) ;
#2428 = CARTESIAN_POINT ( 'NONE',  ( 4.063920553127000623, -5.149999830640999754, 1.081775093642999952 ) ) ;
#2429 = EDGE_CURVE ( 'NONE', #3867, #9910, #3199, .T. ) ;
#2430 = VECTOR ( 'NONE', #3896, 1000.000000000000114 ) ;
#2431 = PRESENTATION_LAYER_ASSIGNMENT (  '', '', ( #1390 ) ) ;
#2432 = CARTESIAN_POINT ( 'NONE',  ( 3.780611651929000061, -5.149999830640999754, 0.6391727691799999889 ) ) ;
#2433 = EDGE_LOOP ( 'NONE', ( #1994, #7563, #8345, #1271 ) ) ;
#2434 = VERTEX_POINT ( 'NONE', #8087 ) ;
#2435 = PRESENTATION_LAYER_ASSIGNMENT (  '', '', ( #1402 ) ) ;
#2436 =( NAMED_UNIT ( * ) PLANE_ANGLE_UNIT ( ) SI_UNIT ( $, .RADIAN. ) );
#2437 = VECTOR ( 'NONE', #5461, 1000.000000000000114 ) ;
#2438 = ORIENTED_EDGE ( 'NONE', *, *, #9594, .T. ) ;
#2439 = VECTOR ( 'NONE', #4660, 1000.000000000000000 ) ;
#2440 = SURFACE_STYLE_USAGE ( .BOTH. , #6356 ) ;
#2441 = VERTEX_POINT ( 'NONE', #6335 ) ;
#2442 = FACE_OUTER_BOUND ( 'NONE', #5586, .T. ) ;
#2443 = DIRECTION ( 'NONE',  ( -1.224646799147343839E-16, -1.000000000000000000, 0.000000000000000000 ) ) ;
#2444 = ADVANCED_FACE ( 'NONE', ( #5705 ), #1498, .F. ) ;
#2445 = LINE ( 'NONE', #7771, #2013 ) ;
#2446 = CARTESIAN_POINT ( 'NONE',  ( 3.528221963638999981, -5.149999830640999754, 0.8176221140439999813 ) ) ;
#2447 = EDGE_CURVE ( 'NONE', #7674, #3493, #6541, .T. ) ;
#2448 = DIRECTION ( 'NONE',  ( 1.224646799146999945E-16, 1.000000000000000000, 0.000000000000000000 ) ) ;
#2449 = VERTEX_POINT ( 'NONE', #5660 ) ;
#2450 = CARTESIAN_POINT ( 'NONE',  ( 3.806849027234000094, -5.149999830640999754, 0.6587425809679999800 ) ) ;
#2451 = DIRECTION ( 'NONE',  ( -1.224646799147375887E-16, -1.000000000000000000, 0.000000000000000000 ) ) ;
#2452 = DIRECTION ( 'NONE',  ( 1.224646799146999945E-16, 1.000000000000000000, 0.000000000000000000 ) ) ;
#2453 = CARTESIAN_POINT ( 'NONE',  ( 3.815578719164999910, -5.149999830640999754, 0.6654392630890000326 ) ) ;
#2454 = CARTESIAN_POINT ( 'NONE',  ( 3.694328326737999824, -5.149999830640999754, 0.8250742359069999088 ) ) ;
#2455 = VERTEX_POINT ( 'NONE', #5755 ) ;
#2456 = CARTESIAN_POINT ( 'NONE',  ( 2.351649519926000131, -5.149999830640999754, 0.7872415132179999553 ) ) ;
#2457 = ORIENTED_EDGE ( 'NONE', *, *, #5715, .T. ) ;
#2458 = DIRECTION ( 'NONE',  ( -2.446283049834999907E-16, -1.000000000000000000, 0.000000000000000000 ) ) ;
#2459 = FACE_OUTER_BOUND ( 'NONE', #382, .T. ) ;
#2460 = ORIENTED_EDGE ( 'NONE', *, *, #95, .F. ) ;
#2461 = UNCERTAINTY_MEASURE_WITH_UNIT (LENGTH_MEASURE( 1.000000000000000082E-05 ), #4238, 'distance_accuracy_value', 'NONE');
#2462 = CARTESIAN_POINT ( 'NONE',  ( 3.012715674600999982, -5.149999830640999754, 1.024038874869000137 ) ) ;
#2463 = PLANE ( 'NONE',  #3864 ) ;
#2464 = DIRECTION ( 'NONE',  ( -1.000000000000000000, 1.224646799146999945E-16, 0.000000000000000000 ) ) ;
#2465 = CARTESIAN_POINT ( 'NONE',  ( 3.667657728330000033, -5.149999830640999754, 0.7957335267859999561 ) ) ;
#2466 = LINE ( 'NONE', #2359, #7500 ) ;
#2467 = ORIENTED_EDGE ( 'NONE', *, *, #622, .F. ) ;
#2468 = ORIENTED_EDGE ( 'NONE', *, *, #7058, .T. ) ;
#2469 = CARTESIAN_POINT ( 'NONE',  ( 3.575966300094000072, -5.150999830607999819, 0.8348558443209999069 ) ) ;
#2470 = DIRECTION ( 'NONE',  ( 1.224646799146999945E-16, 1.000000000000000000, 0.000000000000000000 ) ) ;
#2471 = ORIENTED_EDGE ( 'NONE', *, *, #2960, .F. ) ;
#2472 = SURFACE_STYLE_FILL_AREA ( #2422 ) ;
#2473 = CARTESIAN_POINT ( 'NONE',  ( 4.401000792302999898, -5.150999830607999819, 0.7567394150029999045 ) ) ;
#2474 = CARTESIAN_POINT ( 'NONE',  ( 3.796509686322999677, -5.150999830607999819, 1.231424977962000122 ) ) ;
#2475 = EDGE_CURVE ( 'NONE', #8139, #749, #8425, .T. ) ;
#2476 = CARTESIAN_POINT ( 'NONE',  ( 3.564118550417000542, -5.149999830640999754, 1.026260134769999999 ) ) ;
#2477 = EDGE_CURVE ( 'NONE', #6882, #6978, #1964, .T. ) ;
#2478 = CARTESIAN_POINT ( 'NONE',  ( 3.785124898571999630, -5.150999830607999819, 0.6377890403820000165 ) ) ;
#2479 = EDGE_LOOP ( 'NONE', ( #5913, #10053, #7796, #4559 ) ) ;
#2480 = ORIENTED_EDGE ( 'NONE', *, *, #4061, .T. ) ;
#2481 = SURFACE_STYLE_USAGE ( .BOTH. , #4072 ) ;
#2482 = ORIENTED_EDGE ( 'NONE', *, *, #8420, .F. ) ;
#2483 = LINE ( 'NONE', #3167, #7492 ) ;
#2484 = CARTESIAN_POINT ( 'NONE',  ( -5.149999830640999754, -5.149999830640999754, 0.04999999910078999771 ) ) ;
#2485 = MECHANICAL_DESIGN_GEOMETRIC_PRESENTATION_REPRESENTATION (  '', ( #5711 ), #5823 ) ;
#2486 = AXIS2_PLACEMENT_3D ( 'NONE', #8593, #445, #7576 ) ;
#2487 =( NAMED_UNIT ( * ) PLANE_ANGLE_UNIT ( ) SI_UNIT ( $, .RADIAN. ) );
#2488 = CARTESIAN_POINT ( 'NONE',  ( 2.549621816834000132, -5.150999830607999819, 1.176263724030999880 ) ) ;
#2489 = B_SPLINE_CURVE_WITH_KNOTS ( 'NONE', 3,
 ( #4025, #2279, #3222, #10337 ),
 .UNSPECIFIED., .F., .F.,
 ( 4, 4 ),
 ( 3.000000000000000000, 4.000000000000000000 ),
 .UNSPECIFIED. ) ;
#2490 = VERTEX_POINT ( 'NONE', #3148 ) ;
#2491 = CARTESIAN_POINT ( 'NONE',  ( 4.106841214493999637, -5.150999830607999819, 1.203229395199999940 ) ) ;
#2492 = COLOUR_RGB ( '',1.000000000000000000, 1.000000000000000000, 1.000000000000000000 ) ;
#2493 = CARTESIAN_POINT ( 'NONE',  ( 3.597243964676000161, -5.150999830607999819, 1.049420338241000117 ) ) ;
#2494 = DIRECTION ( 'NONE',  ( -1.000000000000000000, 1.224646799146999945E-16, 0.000000000000000000 ) ) ;
#2495 = LINE ( 'NONE', #3455, #3768 ) ;
#2496 = EDGE_CURVE ( 'NONE', #8537, #8422, #3863, .T. ) ;
#2497 = CARTESIAN_POINT ( 'NONE',  ( 3.542652852009999798, -5.150999830607999819, 0.8291653461980000861 ) ) ;
#2498 = EDGE_LOOP ( 'NONE', ( #124, #10264, #779, #3537 ) ) ;
#2499 = DIRECTION ( 'NONE',  ( 1.224646799146999945E-16, 1.000000000000000000, 0.000000000000000000 ) ) ;
#2500 = VECTOR ( 'NONE', #7610, 1000.000000000000000 ) ;
#2501 = EDGE_CURVE ( 'NONE', #10305, #9689, #2466, .T. ) ;
#2502 = EDGE_LOOP ( 'NONE', ( #1180, #5695, #268, #2717 ) ) ;
#2503 = FACE_OUTER_BOUND ( 'NONE', #5623, .T. ) ;
#2504 = DIRECTION ( 'NONE',  ( 0.000000000000000000, 0.000000000000000000, 1.000000000000000000 ) ) ;
#2505 = ORIENTED_EDGE ( 'NONE', *, *, #10263, .T. ) ;
#2506 = FILL_AREA_STYLE_COLOUR ( '', #4420 ) ;
#2507 = CARTESIAN_POINT ( 'NONE',  ( 3.757227655813999867, -5.150999830607999819, 0.7213775769910000246 ) ) ;
#2508 = ADVANCED_FACE ( 'NONE', ( #2308 ), #3621, .T. ) ;
#2509 = EDGE_CURVE ( 'NONE', #438, #2631, #1308, .T. ) ;
#2510 = VECTOR ( 'NONE', #9131, 1000.000000000000000 ) ;
#2511 = DIRECTION ( 'NONE',  ( 0.000000000000000000, 0.000000000000000000, -1.000000000000000000 ) ) ;
#2512 = ORIENTED_EDGE ( 'NONE', *, *, #1627, .T. ) ;
#2513 = ORIENTED_EDGE ( 'NONE', *, *, #10319, .T. ) ;
#2514 = PLANE ( 'NONE',  #9502 ) ;
#2515 = DIRECTION ( 'NONE',  ( 0.007092178509968119146, -8.685413711213699404E-19, 0.9999748501857348426 ) ) ;
#2516 = ORIENTED_EDGE ( 'NONE', *, *, #8574, .F. ) ;
#2517 = LINE ( 'NONE', #6503, #5818 ) ;
#2518 = FACE_OUTER_BOUND ( 'NONE', #10435, .T. ) ;
#2519 = CARTESIAN_POINT ( 'NONE',  ( 3.622326969247999795, -5.150999830607999819, 1.236091631260999968 ) ) ;
#2520 = CARTESIAN_POINT ( 'NONE',  ( 2.904105339003999919, -5.149999830640999754, 1.205562114409999941 ) ) ;
#2521 = CARTESIAN_POINT ( 'NONE',  ( 3.593283025510999984, -5.149999830640999754, 1.026053289904000021 ) ) ;
#2522 = DIRECTION ( 'NONE',  ( -0.9999748501857348426, 1.224615999507675655E-16, 0.007092178509961118670 ) ) ;
#2523 = ORIENTED_EDGE ( 'NONE', *, *, #8344, .F. ) ;
#2524 = ORIENTED_EDGE ( 'NONE', *, *, #3096, .F. ) ;
#2525 = EDGE_CURVE ( 'NONE', #7795, #6882, #9670, .T. ) ;
#2526 = EDGE_LOOP ( 'NONE', ( #9096, #2813, #6027, #1177 ) ) ;
#2527 = CARTESIAN_POINT ( 'NONE',  ( -2.249999926008000362, 0.4499999852019999635, 0.3499999892349999753 ) ) ;
#2528 = LINE ( 'NONE', #4237, #7602 ) ;
#2529 = SURFACE_SIDE_STYLE ('',( #924 ) ) ;
#2530 = ADVANCED_FACE ( 'NONE', ( #8511, #7766, #10300, #8736, #2231, #4524, #9462, #475, #2974, #3025, #8671, #7717, #584, #2815 ), #8569, .F. ) ;
#2531 = EDGE_LOOP ( 'NONE', ( #4323, #4033, #2380, #3748, #6611, #3293 ) ) ;
#2532 = CARTESIAN_POINT ( 'NONE',  ( 5.149999830640999754, -5.149999830640999754, 2.049999933330000079 ) ) ;
#2533 = CARTESIAN_POINT ( 'NONE',  ( 2.292037407335999699, -5.149999830640999754, 0.9452808309360000161 ) ) ;
#2534 = VERTEX_POINT ( 'NONE', #7279 ) ;
#2535 = CARTESIAN_POINT ( 'NONE',  ( 3.513715486765999874, -5.150999830607999819, 0.7734301993709999934 ) ) ;
#2536 = ADVANCED_FACE ( 'NONE', ( #630, #10347 ), #5738, .T. ) ;
#2537 = CARTESIAN_POINT ( 'NONE',  ( -5.149999830640999754, 1.249999958892999974, 1.049999966214999914 ) ) ;
#2538 = CARTESIAN_POINT ( 'NONE',  ( 3.703658988564999532, -5.150999830607999819, 0.7698995058010000836 ) ) ;
#2539 = CARTESIAN_POINT ( 'NONE',  ( 3.650821880940999797, -5.149999830640999754, 1.200120964461000028 ) ) ;
#2540 = LINE ( 'NONE', #1109, #35 ) ;
#2541 = MECHANICAL_DESIGN_GEOMETRIC_PRESENTATION_REPRESENTATION (  '', ( #7136 ), #5281 ) ;
#2542 = VERTEX_POINT ( 'NONE', #8983 ) ;
#2543 = CARTESIAN_POINT ( 'NONE',  ( 5.149999830640999754, 0.4999999835569999274, 0.3499999892349999753 ) ) ;
#2544 = ORIENTED_EDGE ( 'NONE', *, *, #1016, .T. ) ;
#2545 = SURFACE_STYLE_USAGE ( .BOTH. , #891 ) ;
#2546 = CARTESIAN_POINT ( 'NONE',  ( 3.545194644417000163, -5.150999830607999819, 0.7037493645800000364 ) ) ;
#2547 = ORIENTED_EDGE ( 'NONE', *, *, #6564, .F. ) ;
#2548 = UNCERTAINTY_MEASURE_WITH_UNIT (LENGTH_MEASURE( 1.000000000000000082E-05 ), #4592, 'distance_accuracy_value', 'NONE');
#2549 = CARTESIAN_POINT ( 'NONE',  ( 4.256599754949999870, -5.150999830607999819, 0.7749199952300001026 ) ) ;
#2550 = SURFACE_SIDE_STYLE ('',( #2657 ) ) ;
#2551 = ADVANCED_FACE ( 'NONE', ( #6526 ), #9566, .F. ) ;
#2552 = DIRECTION ( 'NONE',  ( 1.224646799146999945E-16, 1.000000000000000000, 0.000000000000000000 ) ) ;
#2553 = DIRECTION ( 'NONE',  ( 0.000000000000000000, 0.000000000000000000, 1.000000000000000000 ) ) ;
#2554 = VERTEX_POINT ( 'NONE', #2291 ) ;
#2555 = ORIENTED_EDGE ( 'NONE', *, *, #9764, .T. ) ;
#2556 = LINE ( 'NONE', #4376, #8487 ) ;
#2557 = VECTOR ( 'NONE', #4279, 1000.000000000000114 ) ;
#2558 = DIRECTION ( 'NONE',  ( 1.224646799146999945E-16, 1.000000000000000000, 0.000000000000000000 ) ) ;
#2559 = EDGE_LOOP ( 'NONE', ( #2731, #4832, #8796, #2242, #3237, #6020, #2883, #3141 ) ) ;
#2560 = DIRECTION ( 'NONE',  ( 0.007092178509961118670, -8.685413711205689461E-19, 0.9999748501857348426 ) ) ;
#2561 =( NAMED_UNIT ( * ) SI_UNIT ( $, .STERADIAN. ) SOLID_ANGLE_UNIT ( ) );
#2562 = EDGE_CURVE ( 'NONE', #2588, #7639, #8780, .T. ) ;
#2563 = CARTESIAN_POINT ( 'NONE',  ( 3.842526218009000516, -5.149999830640999754, 0.7411523761830000057 ) ) ;
#2564 = CARTESIAN_POINT ( 'NONE',  ( 3.896365960637999670, -5.150999830607999819, 1.207321620896999903 ) ) ;
#2565 = VECTOR ( 'NONE', #6627, 1000.000000000000114 ) ;
#2566 = LINE ( 'NONE', #8430, #10386 ) ;
#2567 = DIRECTION ( 'NONE',  ( -0.9999748501857348426, 1.224615999507674915E-16, 0.007092178509968119146 ) ) ;
#2568 = AXIS2_PLACEMENT_3D ( 'NONE', #7244, #7982, #3955 ) ;
#2569 = ORIENTED_EDGE ( 'NONE', *, *, #527, .T. ) ;
#2570 = VECTOR ( 'NONE', #878, 1000.000000000000000 ) ;
#2571 = CARTESIAN_POINT ( 'NONE',  ( 3.525780790067999604, -5.150999830607999819, 0.7153246789210000456 ) ) ;
#2572 = B_SPLINE_SURFACE_WITH_KNOTS ( 'NONE', 3, 1, ( 
 ( #580, #6249 ),
 ( #7809, #1469 ),
 ( #6307, #2127 ),
 ( #7118, #8667 ) ),
 .UNSPECIFIED., .F., .F., .F.,
 ( 4, 4 ),
 ( 2, 2 ),
 ( 8.000000000000000000, 9.000000000000000000 ),
 ( 0.000000000000000000, 1.000000000000000000 ),
 .UNSPECIFIED. ) ;
#2573 = ORIENTED_EDGE ( 'NONE', *, *, #10121, .T. ) ;
#2574 = VERTEX_POINT ( 'NONE', #3231 ) ;
#2575 = PLANE ( 'NONE',  #8369 ) ;
#2576 = ORIENTED_EDGE ( 'NONE', *, *, #5674, .F. ) ;
#2577 = DIRECTION ( 'NONE',  ( 0.9376516173649412922, -1.148292051920927377E-16, -0.3475765303539781192 ) ) ;
#2578 = ORIENTED_EDGE ( 'NONE', *, *, #6220, .F. ) ;
#2579 = VECTOR ( 'NONE', #10091, 1000.000000000000114 ) ;
#2580 = CARTESIAN_POINT ( 'NONE',  ( 3.664512342141999834, -5.150999830607999819, 0.7114293499519999120 ) ) ;
#2581 = VECTOR ( 'NONE', #3372, 1000.000000000000000 ) ;
#2582 = LINE ( 'NONE', #2690, #4297 ) ;
#2583 = EDGE_CURVE ( 'NONE', #7603, #8293, #3882, .T. ) ;
#2584 = EDGE_LOOP ( 'NONE', ( #6784, #6239, #1536, #5088 ) ) ;
#2585 = ADVANCED_FACE ( 'NONE', ( #9725 ), #5587, .F. ) ;
#2586 = PRESENTATION_LAYER_ASSIGNMENT (  '', '', ( #1231 ) ) ;
#2587 = CARTESIAN_POINT ( 'NONE',  ( 2.383716895936999869, -5.150999830607999819, 1.027054012421000140 ) ) ;
#2588 = VERTEX_POINT ( 'NONE', #7966 ) ;
#2589 = FACE_OUTER_BOUND ( 'NONE', #6386, .T. ) ;
#2590 = LINE ( 'NONE', #8545, #8876 ) ;
#2591 = VECTOR ( 'NONE', #578, 999.9999999999998863 ) ;
#2592 = ORIENTED_EDGE ( 'NONE', *, *, #2613, .T. ) ;
#2593 = CARTESIAN_POINT ( 'NONE',  ( 4.048737857553000197, -5.149999830640999754, 0.8835959597410000255 ) ) ;
#2594 = B_SPLINE_CURVE_WITH_KNOTS ( 'NONE', 3,
 ( #4975, #6247, #1468, #2571 ),
 .UNSPECIFIED., .F., .F.,
 ( 4, 4 ),
 ( 8.000000000000000000, 9.000000000000000000 ),
 .UNSPECIFIED. ) ;
#2595 = LINE ( 'NONE', #2756, #6093 ) ;
#2596 = CARTESIAN_POINT ( 'NONE',  ( 3.531942549656000185, -5.149999830640999754, 1.085652049899999749 ) ) ;
#2597 = CARTESIAN_POINT ( 'NONE',  ( 3.691653781092000042, -5.150999830607999819, 0.8144874076079999803 ) ) ;
#2598 = CARTESIAN_POINT ( 'NONE',  ( 2.383716895936999869, -5.149999830640999754, 1.027054012421000140 ) ) ;
#2599 = ADVANCED_FACE ( 'NONE', ( #681 ), #3287, .T. ) ;
#2600 = DIRECTION ( 'NONE',  ( 1.224646799147213924E-16, 1.000000000000000000, 0.000000000000000000 ) ) ;
#2601 = EDGE_CURVE ( 'NONE', #1148, #1306, #7776, .T. ) ;
#2602 = CARTESIAN_POINT ( 'NONE',  ( 3.795204031831000080, -5.150999830607999819, 0.6588251714320000341 ) ) ;
#2603 = EDGE_CURVE ( 'NONE', #4988, #6355, #3466, .T. ) ;
#2604 = VERTEX_POINT ( 'NONE', #38 ) ;
#2605 = CARTESIAN_POINT ( 'NONE',  ( 3.597243964676000161, -5.150999830607999819, 1.049420338241000117 ) ) ;
#2606 = ORIENTED_EDGE ( 'NONE', *, *, #6518, .F. ) ;
#2607 = CARTESIAN_POINT ( 'NONE',  ( -1.249999958892999974, -5.149999830640999754, 1.049999966214999914 ) ) ;
#2608 = CARTESIAN_POINT ( 'NONE',  ( 3.551492767735000111, -5.149999830640999754, 0.7267879015639999718 ) ) ;
#2609 = CARTESIAN_POINT ( 'NONE',  ( 2.418522233773000352, -5.150999830607999819, 0.8373780778049999540 ) ) ;
#2610 = CARTESIAN_POINT ( 'NONE',  ( 2.603470573927999965, -5.149999830640999754, 0.8172679810890000063 ) ) ;
#2611 = STYLED_ITEM ( 'NONE', ( #10044 ), #4943 ) ;
#2612 = CARTESIAN_POINT ( 'NONE',  ( 3.615845204104000121, -5.149999830640999754, 1.025893270880999797 ) ) ;
#2613 = EDGE_CURVE ( 'NONE', #7851, #1784, #2076, .T. ) ;
#2614 = CARTESIAN_POINT ( 'NONE',  ( 3.545194644417000163, -5.150999830607999819, 0.7037493645800000364 ) ) ;
#2615 = ORIENTED_EDGE ( 'NONE', *, *, #1068, .T. ) ;
#2616 = VERTEX_POINT ( 'NONE', #9768 ) ;
#2617 = CARTESIAN_POINT ( 'NONE',  ( 3.973219440545999959, -5.150999830607999819, 1.055280015054000042 ) ) ;
#2618 = EDGE_CURVE ( 'NONE', #2322, #10413, #5373, .T. ) ;
#2619 = CARTESIAN_POINT ( 'NONE',  ( 3.027841716886999990, -5.149999830640999754, 0.7101445423240000387 ) ) ;
#2620 = ORIENTED_EDGE ( 'NONE', *, *, #921, .F. ) ;
#2621 = CARTESIAN_POINT ( 'NONE',  ( 4.256823191649999671, -5.149999830640999754, 0.8064238667220000600 ) ) ;
#2622 = ORIENTED_EDGE ( 'NONE', *, *, #8939, .F. ) ;
#2623 = EDGE_CURVE ( 'NONE', #10243, #9788, #1852, .T. ) ;
#2624 = CARTESIAN_POINT ( 'NONE',  ( 4.346267051362000089, -5.150999830607999819, 0.9048809172460000605 ) ) ;
#2625 = CARTESIAN_POINT ( 'NONE',  ( 3.550817686485999936, -5.149999830640999754, 0.7708795324579998942 ) ) ;
#2626 = ADVANCED_FACE ( 'NONE', ( #1048 ), #3376, .T. ) ;
#2627 = VERTEX_POINT ( 'NONE', #8400 ) ;
#2628 = DIRECTION ( 'NONE',  ( -0.7071067811865474617, 0.7071067811865474617, 0.000000000000000000 ) ) ;
#2629 = EDGE_CURVE ( 'NONE', #1752, #8248, #5942, .T. ) ;
#2630 = VERTEX_POINT ( 'NONE', #9193 ) ;
#2631 = VERTEX_POINT ( 'NONE', #3452 ) ;
#2632 = LINE ( 'NONE', #5876, #4295 ) ;
#2633 = EDGE_LOOP ( 'NONE', ( #641, #7616, #10268, #941 ) ) ;
#2634 = CARTESIAN_POINT ( 'NONE',  ( 3.601107883891999872, -5.149999830640999754, 0.7439043851989999290 ) ) ;
#2635 = CARTESIAN_POINT ( 'NONE',  ( 3.580309636432999820, -5.149999830640999754, 1.212682557239000092 ) ) ;
#2636 = EDGE_CURVE ( 'NONE', #6266, #4508, #1561, .T. ) ;
#2637 = ORIENTED_EDGE ( 'NONE', *, *, #6822, .T. ) ;
#2638 = B_SPLINE_SURFACE_WITH_KNOTS ( 'NONE', 3, 1, ( 
 ( #5560, #707 ),
 ( #7145, #10227 ),
 ( #3961, #9440 ),
 ( #1400, #7989 ) ),
 .UNSPECIFIED., .F., .F., .F.,
 ( 4, 4 ),
 ( 2, 2 ),
 ( 3.000000000000000000, 4.000000000000000000 ),
 ( 0.000000000000000000, 1.000000000000000000 ),
 .UNSPECIFIED. ) ;
#2639 = LINE ( 'NONE', #1040, #6412 ) ;
#2640 = EDGE_LOOP ( 'NONE', ( #1539, #9675, #5573, #640 ) ) ;
#2641 = CARTESIAN_POINT ( 'NONE',  ( 3.838112196596999759, -5.150999830607999819, 1.027748161355000134 ) ) ;
#2642 = ORIENTED_EDGE ( 'NONE', *, *, #7150, .F. ) ;
#2643 = CARTESIAN_POINT ( 'NONE',  ( 3.757227655813999867, -5.150999830607999819, 0.7213775769910000246 ) ) ;
#2644 = CARTESIAN_POINT ( 'NONE',  ( 3.529891429088999999, -5.150999830607999819, 0.7891201911100000910 ) ) ;
#2645 = CARTESIAN_POINT ( 'NONE',  ( 3.897571610713999934, -5.149999830640999754, 1.230708210727000207 ) ) ;
#2646 = CARTESIAN_POINT ( 'NONE',  ( 3.677629187417000178, -5.150999830607999819, 0.7282848003340000043 ) ) ;
#2647 = UNCERTAINTY_MEASURE_WITH_UNIT (LENGTH_MEASURE( 1.000000000000000082E-05 ), #10188, 'distance_accuracy_value', 'NONE');
#2648 = PRESENTATION_STYLE_ASSIGNMENT (( #3612 ) ) ;
#2649 = AXIS2_PLACEMENT_3D ( 'NONE', #10292, #6084, #4339 ) ;
#2650 = CARTESIAN_POINT ( 'NONE',  ( 3.940116520921000287, -5.150999830607999819, 1.057282425629000100 ) ) ;
#2651 = CARTESIAN_POINT ( 'NONE',  ( 2.406308614214999864, -5.150999830607999819, 1.154143771051000078 ) ) ;
#2652 = ORIENTED_EDGE ( 'NONE', *, *, #7343, .F. ) ;
#2653 = FACE_OUTER_BOUND ( 'NONE', #431, .T. ) ;
#2654 = ADVANCED_FACE ( 'NONE', ( #10028 ), #5099, .F. ) ;
#2655 = ORIENTED_EDGE ( 'NONE', *, *, #8366, .F. ) ;
#2656 = DIRECTION ( 'NONE',  ( 4.595507503446999644E-17, -1.000000000000000000, 0.000000000000000000 ) ) ;
#2657 = SURFACE_STYLE_FILL_AREA ( #9833 ) ;
#2658 = FACE_OUTER_BOUND ( 'NONE', #9702, .T. ) ;
#2659 = B_SPLINE_SURFACE_WITH_KNOTS ( 'NONE', 3, 1, ( 
 ( #7624, #7732 ),
 ( #2889, #2099 ),
 ( #10010, #440 ),
 ( #5972, #9331 ) ),
 .UNSPECIFIED., .F., .F., .F.,
 ( 4, 4 ),
 ( 2, 2 ),
 ( 4.000000000000000000, 5.000000000000000000 ),
 ( 0.000000000000000000, 1.000000000000000000 ),
 .UNSPECIFIED. ) ;
#2660 = CARTESIAN_POINT ( 'NONE',  ( 4.197963349183000403, -5.150999830607999819, 1.025195968557000015 ) ) ;
#2661 = AXIS2_PLACEMENT_3D ( 'NONE', #810, #2265, #7892 ) ;
#2662 = CARTESIAN_POINT ( 'NONE',  ( 3.593774455652000377, -5.149999830640999754, 0.7361580162460000798 ) ) ;
#2663 = ORIENTED_EDGE ( 'NONE', *, *, #2285, .F. ) ;
#2664 = ORIENTED_EDGE ( 'NONE', *, *, #2729, .F. ) ;
#2665 = CARTESIAN_POINT ( 'NONE',  ( 2.572305696702999800, -5.149999830640999754, 0.7046991371530000325 ) ) ;
#2666 = EDGE_CURVE ( 'NONE', #4153, #8942, #7540, .T. ) ;
#2667 = CARTESIAN_POINT ( 'NONE',  ( 0.000000000000000000, 0.000000000000000000, 10.04999967024799901 ) ) ;
#2668 = ORIENTED_EDGE ( 'NONE', *, *, #9904, .T. ) ;
#2669 = ORIENTED_EDGE ( 'NONE', *, *, #5206, .F. ) ;
#2670 = CARTESIAN_POINT ( 'NONE',  ( 2.749121908788000113, -5.150999830607999819, 0.7612861434059999821 ) ) ;
#2671 = ORIENTED_EDGE ( 'NONE', *, *, #1130, .F. ) ;
#2672 = CARTESIAN_POINT ( 'NONE',  ( 3.604901802074000017, -5.149999830640999754, 0.7657129420589999791 ) ) ;
#2673 = CARTESIAN_POINT ( 'NONE',  ( 2.605255006645999849, -5.150999830607999819, 1.068863489782999832 ) ) ;
#2674 = VECTOR ( 'NONE', #3769, 1000.000000000000000 ) ;
#2675 = CARTESIAN_POINT ( 'NONE',  ( -5.149999830640999754, 0.4999999835569999274, 2.049999933330000079 ) ) ;
#2676 = SURFACE_STYLE_USAGE ( .BOTH. , #9281 ) ;
#2677 = LINE ( 'NONE', #7681, #2557 ) ;
#2678 = ORIENTED_EDGE ( 'NONE', *, *, #7360, .T. ) ;
#2679 = CARTESIAN_POINT ( 'NONE',  ( 3.734620148253999794, -5.149999830640999754, 0.8544223168560000081 ) ) ;
#2680 =( GEOMETRIC_REPRESENTATION_CONTEXT ( 3 ) GLOBAL_UNCERTAINTY_ASSIGNED_CONTEXT ( ( #1265 ) ) GLOBAL_UNIT_ASSIGNED_CONTEXT ( ( #1920, #5898, #5109 ) ) REPRESENTATION_CONTEXT ( 'NONE', 'WORKASPACE' ) );
#2681 = STYLED_ITEM ( 'NONE', ( #2648 ), #3724 ) ;
#2682 = DIRECTION ( 'NONE',  ( 1.224646799146999945E-16, 1.000000000000000000, 0.000000000000000000 ) ) ;
#2683 = ORIENTED_EDGE ( 'NONE', *, *, #4223, .F. ) ;
#2684 = CARTESIAN_POINT ( 'NONE',  ( 2.361166224039000117, -5.150999830607999819, 1.109637203277999973 ) ) ;
#2685 = ORIENTED_EDGE ( 'NONE', *, *, #4720, .T. ) ;
#2686 = LINE ( 'NONE', #9181, #7016 ) ;
#2687 = ORIENTED_EDGE ( 'NONE', *, *, #4729, .F. ) ;
#2688 = CARTESIAN_POINT ( 'NONE',  ( 0.000000000000000000, 0.000000000000000000, 2.049999933330000079 ) ) ;
#2689 = VECTOR ( 'NONE', #875, 1000.000000000000114 ) ;
#2690 = CARTESIAN_POINT ( 'NONE',  ( 4.148606702732000606, -5.150999830607999819, 1.081174469246999781 ) ) ;
#2691 = EDGE_CURVE ( 'NONE', #1282, #9774, #2595, .T. ) ;
#2692 = VERTEX_POINT ( 'NONE', #6000 ) ;
#2693 = B_SPLINE_SURFACE_WITH_KNOTS ( 'NONE', 3, 1, ( 
 ( #3341, #9044 ),
 ( #6585, #4947 ),
 ( #8182, #888 ),
 ( #10115, #3747 ) ),
 .UNSPECIFIED., .F., .F., .F.,
 ( 4, 4 ),
 ( 2, 2 ),
 ( 3.000000000000000000, 4.000000000000000000 ),
 ( 0.000000000000000000, 1.000000000000000000 ),
 .UNSPECIFIED. ) ;
#2694 = CARTESIAN_POINT ( 'NONE',  ( 3.159884697628999817, -5.150999830607999819, 0.7742791034429999941 ) ) ;
#2695 = ORIENTED_EDGE ( 'NONE', *, *, #5850, .F. ) ;
#2696 = FACE_OUTER_BOUND ( 'NONE', #7000, .T. ) ;
#2697 = ORIENTED_EDGE ( 'NONE', *, *, #4851, .F. ) ;
#2698 = PRESENTATION_STYLE_ASSIGNMENT (( #5042 ) ) ;
#2699 = LINE ( 'NONE', #9195, #6144 ) ;
#2700 = CARTESIAN_POINT ( 'NONE',  ( 3.691756714283000118, -5.149999830640999754, 1.232167923423999945 ) ) ;
#2701 = VECTOR ( 'NONE', #5758, 1000.000000000000114 ) ;
#2702 = DIRECTION ( 'NONE',  ( 0.000000000000000000, 0.000000000000000000, 1.000000000000000000 ) ) ;
#2703 = ADVANCED_FACE ( 'NONE', ( #3333 ), #5922, .F. ) ;
#2704 = LINE ( 'NONE', #9095, #1742 ) ;
#2705 = ORIENTED_EDGE ( 'NONE', *, *, #1836, .T. ) ;
#2706 = FILL_AREA_STYLE_COLOUR ( '', #5415 ) ;
#2707 = CARTESIAN_POINT ( 'NONE',  ( 3.604483687853999641, -5.150999830607999819, 0.7067601528329999772 ) ) ;
#2708 = ORIENTED_EDGE ( 'NONE', *, *, #6800, .F. ) ;
#2709 = CARTESIAN_POINT ( 'NONE',  ( 3.527966885400999786, -5.150999830607999819, 1.206815086515000024 ) ) ;
#2710 = CARTESIAN_POINT ( 'NONE',  ( 3.762922957575999927, -5.150999830607999819, 0.7547142513210000070 ) ) ;
#2711 = CARTESIAN_POINT ( 'NONE',  ( 1.249999958892999974, 5.149999830640999754, 2.049999933330000079 ) ) ;
#2712 = CARTESIAN_POINT ( 'NONE',  ( 3.597243964676000161, -5.149999830640999754, 1.049420338241000117 ) ) ;
#2713 = CARTESIAN_POINT ( 'NONE',  ( 3.973219440545999959, -5.149999830640999754, 1.055280015054000042 ) ) ;
#2714 = CARTESIAN_POINT ( 'NONE',  ( 2.946058334734000361, -5.150999830607999819, 0.8003779915239999099 ) ) ;
#2715 = EDGE_CURVE ( 'NONE', #8594, #9314, #9033, .T. ) ;
#2716 = ORIENTED_EDGE ( 'NONE', *, *, #5222, .T. ) ;
#2717 = ORIENTED_EDGE ( 'NONE', *, *, #9040, .F. ) ;
#2718 = EDGE_CURVE ( 'NONE', #9788, #72, #8724, .T. ) ;
#2719 = DIRECTION ( 'NONE',  ( 0.007092178509962118738, -8.685413711206687093E-19, 0.9999748501857348426 ) ) ;
#2720 = CARTESIAN_POINT ( 'NONE',  ( 3.012715674600999982, -5.149999830640999754, 1.024038874869000137 ) ) ;
#2721 = EDGE_LOOP ( 'NONE', ( #322, #9406, #4457, #5150 ) ) ;
#2722 = VERTEX_POINT ( 'NONE', #7756 ) ;
#2723 = EDGE_CURVE ( 'NONE', #8090, #7306, #7062, .T. ) ;
#2724 = SURFACE_STYLE_USAGE ( .BOTH. , #5186 ) ;
#2725 = VERTEX_POINT ( 'NONE', #4461 ) ;
#2726 = CARTESIAN_POINT ( 'NONE',  ( 3.699500070917999928, -5.149999830640999754, 0.8285728217619999780 ) ) ;
#2727 = CARTESIAN_POINT ( 'NONE',  ( 2.528773455554000016, -5.150999830607999819, 1.091096276592999903 ) ) ;
#2728 = FACE_OUTER_BOUND ( 'NONE', #10506, .T. ) ;
#2729 = EDGE_CURVE ( 'NONE', #1199, #10440, #1717, .T. ) ;
#2730 = FACE_OUTER_BOUND ( 'NONE', #10017, .T. ) ;
#2731 = ORIENTED_EDGE ( 'NONE', *, *, #2103, .F. ) ;
#2732 = LINE ( 'NONE', #7627, #324 ) ;
#2733 = B_SPLINE_CURVE_WITH_KNOTS ( 'NONE', 3,
 ( #1566, #4827, #7894, #2426 ),
 .UNSPECIFIED., .F., .F.,
 ( 4, 4 ),
 ( 0.000000000000000000, 1.000000000000000000 ),
 .UNSPECIFIED. ) ;
#2734 = DIRECTION ( 'NONE',  ( -0.3349296976929111436, 4.101705822187915590E-17, 0.9422431202207502965 ) ) ;
#2735 = ORIENTED_EDGE ( 'NONE', *, *, #6389, .T. ) ;
#2736 = FACE_OUTER_BOUND ( 'NONE', #6338, .T. ) ;
#2737 = ORIENTED_EDGE ( 'NONE', *, *, #2179, .T. ) ;
#2738 = DIRECTION ( 'NONE',  ( 1.224646799146999945E-16, 1.000000000000000000, 0.000000000000000000 ) ) ;
#2739 = AXIS2_PLACEMENT_3D ( 'NONE', #9447, #7056, #7947 ) ;
#2740 = AXIS2_PLACEMENT_3D ( 'NONE', #3659, #4242, #6687 ) ;
#2741 = ORIENTED_EDGE ( 'NONE', *, *, #8951, .T. ) ;
#2742 = DIRECTION ( 'NONE',  ( 1.224646799146999945E-16, 1.000000000000000000, 0.000000000000000000 ) ) ;
#2743 = CARTESIAN_POINT ( 'NONE',  ( 4.109567374536999829, -5.149999830640999754, 1.191772435941999886 ) ) ;
#2744 = VECTOR ( 'NONE', #1658, 1000.000000000000000 ) ;
#2745 = VECTOR ( 'NONE', #3823, 1000.000000000000000 ) ;
#2746 = ORIENTED_EDGE ( 'NONE', *, *, #5179, .F. ) ;
#2747 = PRODUCT_DEFINITION_FORMATION_WITH_SPECIFIED_SOURCE ( '任何', '', #2261, .NOT_KNOWN. ) ;
#2748 = ORIENTED_EDGE ( 'NONE', *, *, #5518, .F. ) ;
#2749 = VECTOR ( 'NONE', #10245, 1000.000000000000000 ) ;
#2750 = FILL_AREA_STYLE_COLOUR ( '', #8179 ) ;
#2751 = VECTOR ( 'NONE', #5504, 1000.000000000000000 ) ;
#2752 = ORIENTED_EDGE ( 'NONE', *, *, #6833, .T. ) ;
#2753 = CARTESIAN_POINT ( 'NONE',  ( 2.603470573927999965, -5.150999830607999819, 0.8172679810890000063 ) ) ;
#2754 = VECTOR ( 'NONE', #9478, 1000.000000000000000 ) ;
#2755 = ORIENTED_EDGE ( 'NONE', *, *, #3504, .T. ) ;
#2756 = CARTESIAN_POINT ( 'NONE',  ( 3.406553810614000088, -5.150999830607999819, 0.8230600777500000076 ) ) ;
#2757 = CARTESIAN_POINT ( 'NONE',  ( 3.780611651929000061, -5.149999830640999754, 0.6391727691799999889 ) ) ;
#2758 = B_SPLINE_CURVE_WITH_KNOTS ( 'NONE', 3,
 ( #2950, #5357, #5198, #4498 ),
 .UNSPECIFIED., .F., .F.,
 ( 4, 4 ),
 ( 1.000000000000000000, 2.000000000000000000 ),
 .UNSPECIFIED. ) ;
#2759 = CARTESIAN_POINT ( 'NONE',  ( 3.409469548933999672, -5.150999830607999819, 1.234170004743999849 ) ) ;
#2760 = UNCERTAINTY_MEASURE_WITH_UNIT (LENGTH_MEASURE( 1.000000000000000082E-05 ), #8308, 'distance_accuracy_value', 'NONE');
#2761 = CARTESIAN_POINT ( 'NONE',  ( 3.214359130545999754, -5.149999830640999754, 0.9112649828970000865 ) ) ;
#2762 =( GEOMETRIC_REPRESENTATION_CONTEXT ( 3 ) GLOBAL_UNCERTAINTY_ASSIGNED_CONTEXT ( ( #7927 ) ) GLOBAL_UNIT_ASSIGNED_CONTEXT ( ( #5305, #8543, #9237 ) ) REPRESENTATION_CONTEXT ( 'NONE', 'WORKASPACE' ) );
#2763 = CARTESIAN_POINT ( 'NONE',  ( 2.351649519926000131, -5.149999830640999754, 0.7872415132179999553 ) ) ;
#2764 = EDGE_CURVE ( 'NONE', #4377, #6671, #8663, .T. ) ;
#2765 = VECTOR ( 'NONE', #6844, 1000.000000000000000 ) ;
#2766 =( GEOMETRIC_REPRESENTATION_CONTEXT ( 3 ) GLOBAL_UNCERTAINTY_ASSIGNED_CONTEXT ( ( #7298 ) ) GLOBAL_UNIT_ASSIGNED_CONTEXT ( ( #7413, #7169, #7117 ) ) REPRESENTATION_CONTEXT ( 'NONE', 'WORKASPACE' ) );
#2767 = CARTESIAN_POINT ( 'NONE',  ( 2.292037407335999699, -5.150999830607999819, 0.9452808309360000161 ) ) ;
#2768 = CARTESIAN_POINT ( 'NONE',  ( 3.692899621435000057, -5.149999830640999754, 0.8508710128019999486 ) ) ;
#2769 = ORIENTED_EDGE ( 'NONE', *, *, #4731, .T. ) ;
#2770 = PLANE ( 'NONE',  #1593 ) ;
#2771 = FACE_OUTER_BOUND ( 'NONE', #9549, .T. ) ;
#2772 = MECHANICAL_DESIGN_GEOMETRIC_PRESENTATION_REPRESENTATION (  '', ( #8199 ), #6825 ) ;
#2773 = CARTESIAN_POINT ( 'NONE',  ( 3.566033526276999766, -5.150999830607999819, 0.7245012268460000460 ) ) ;
#2774 = FACE_OUTER_BOUND ( 'NONE', #9780, .T. ) ;
#2775 = CARTESIAN_POINT ( 'NONE',  ( 0.000000000000000000, 0.000000000000000000, 2.392385396886000049 ) ) ;
#2776 = ORIENTED_EDGE ( 'NONE', *, *, #8560, .F. ) ;
#2777 = DIRECTION ( 'NONE',  ( -0.3492990577960500276, 4.277679730750609925E-17, 0.9370112956751330824 ) ) ;
#2778 = EDGE_LOOP ( 'NONE', ( #340, #7131, #7508, #1612, #6296, #1538 ) ) ;
#2779 = VERTEX_POINT ( 'NONE', #7857 ) ;
#2780 = DIRECTION ( 'NONE',  ( 0.000000000000000000, 0.000000000000000000, 1.000000000000000000 ) ) ;
#2781 = AXIS2_PLACEMENT_3D ( 'NONE', #8887, #6417, #9032 ) ;
#2782 = VERTEX_POINT ( 'NONE', #2806 ) ;
#2783 = DIRECTION ( 'NONE',  ( 0.9999748501857348426, -1.224615999507675655E-16, -0.007092178509962118738 ) ) ;
#2784 = B_SPLINE_CURVE_WITH_KNOTS ( 'NONE', 3,
 ( #8626, #3673, #1326, #10157 ),
 .UNSPECIFIED., .F., .F.,
 ( 4, 4 ),
 ( 19.00000000000000000, 20.00000000000000000 ),
 .UNSPECIFIED. ) ;
#2785 = CARTESIAN_POINT ( 'NONE',  ( 4.296373169184000140, -5.150999830607999819, 0.7018530257080000112 ) ) ;
#2786 =( LENGTH_UNIT ( ) NAMED_UNIT ( * ) SI_UNIT ( .MILLI., .METRE. ) );
#2787 = CARTESIAN_POINT ( 'NONE',  ( 3.667657728330000033, -5.149999830640999754, 0.7957335267859999561 ) ) ;
#2788 = VERTEX_POINT ( 'NONE', #575 ) ;
#2789 = CARTESIAN_POINT ( 'NONE',  ( 3.664698908099000008, -5.149999830640999754, 0.7377345627810000250 ) ) ;
#2790 =( LENGTH_UNIT ( ) NAMED_UNIT ( * ) SI_UNIT ( .MILLI., .METRE. ) );
#2791 = ORIENTED_EDGE ( 'NONE', *, *, #10158, .F. ) ;
#2792 = CARTESIAN_POINT ( 'NONE',  ( 3.970238111756999366, -5.150999830607999819, 0.8841527079530000499 ) ) ;
#2793 = EDGE_LOOP ( 'NONE', ( #9113, #1025, #5385, #10074 ) ) ;
#2794 = CARTESIAN_POINT ( 'NONE',  ( 3.703857706782999859, -5.150999830607999819, 0.7026240695180000495 ) ) ;
#2795 = EDGE_CURVE ( 'NONE', #3188, #866, #6245, .T. ) ;
#2796 = ORIENTED_EDGE ( 'NONE', *, *, #4236, .F. ) ;
#2797 = EDGE_CURVE ( 'NONE', #8942, #8629, #6097, .T. ) ;
#2798 = PLANE ( 'NONE',  #6749 ) ;
#2799 = FILL_AREA_STYLE_COLOUR ( '', #1575 ) ;
#2800 = ORIENTED_EDGE ( 'NONE', *, *, #4716, .F. ) ;
#2801 = ORIENTED_EDGE ( 'NONE', *, *, #1159, .T. ) ;
#2802 = ADVANCED_FACE ( 'NONE', ( #1363 ), #512, .F. ) ;
#2803 = VERTEX_POINT ( 'NONE', #356 ) ;
#2804 = CARTESIAN_POINT ( 'NONE',  ( 3.889880485214999961, -5.150999830607999819, 0.8499938462320000276 ) ) ;
#2805 = CARTESIAN_POINT ( 'NONE',  ( 4.229213152248999741, -5.150999830607999819, 0.8058918381530000286 ) ) ;
#2806 = CARTESIAN_POINT ( 'NONE',  ( 3.406388629687999714, -5.149999830640999754, 0.7997700869439999805 ) ) ;
#2807 = SURFACE_STYLE_FILL_AREA ( #6860 ) ;
#2808 = CARTESIAN_POINT ( 'NONE',  ( 3.593774455652000377, -5.149999830640999754, 0.7361580162460000798 ) ) ;
#2809 = LINE ( 'NONE', #6863, #857 ) ;
#2810 = FACE_OUTER_BOUND ( 'NONE', #6183, .T. ) ;
#2811 = CARTESIAN_POINT ( 'NONE',  ( -5.799999809265000472, 0.4499999852019999635, 7.450579042612001036E-10 ) ) ;
#2812 = CARTESIAN_POINT ( 'NONE',  ( 3.691653781092000042, -5.149999830640999754, 0.8144874076079999803 ) ) ;
#2813 = ORIENTED_EDGE ( 'NONE', *, *, #5280, .F. ) ;
#2814 = DIRECTION ( 'NONE',  ( -0.007092178510053120596, 8.685413711317689991E-19, -0.9999748501857341765 ) ) ;
#2815 = FACE_BOUND ( 'NONE', #10107, .T. ) ;
#2816 = LINE ( 'NONE', #5115, #2500 ) ;
#2817 = CARTESIAN_POINT ( 'NONE',  ( 2.799996873487999860, -5.150999830607999819, 1.206300488801999915 ) ) ;
#2818 = EDGE_CURVE ( 'NONE', #7527, #7290, #9410, .T. ) ;
#2819 = CARTESIAN_POINT ( 'NONE',  ( 2.291627199384000058, -5.149999830640999754, 0.8874428006660000090 ) ) ;
#2820 = SURFACE_STYLE_FILL_AREA ( #1378 ) ;
#2821 = EDGE_CURVE ( 'NONE', #8031, #7795, #2964, .T. ) ;
#2822 = VERTEX_POINT ( 'NONE', #6047 ) ;
#2823 = CARTESIAN_POINT ( 'NONE',  ( 3.602975788199000107, -5.150999830607999819, 1.212521800802000005 ) ) ;
#2824 = CIRCLE ( 'NONE', #10123, 4.999999835572999984 ) ;
#2825 = B_SPLINE_SURFACE_WITH_KNOTS ( 'NONE', 3, 1, ( 
 ( #2287, #8619 ),
 ( #7865, #5429 ),
 ( #3073, #8777 ),
 ( #4680, #7764 ) ),
 .UNSPECIFIED., .F., .F., .F.,
 ( 4, 4 ),
 ( 2, 2 ),
 ( 3.000000000000000000, 4.000000000000000000 ),
 ( 0.000000000000000000, 1.000000000000000000 ),
 .UNSPECIFIED. ) ;
#2826 = DIRECTION ( 'NONE',  ( -1.224646799147485834E-16, -1.000000000000000000, 0.000000000000000000 ) ) ;
#2827 = ORIENTED_EDGE ( 'NONE', *, *, #3316, .F. ) ;
#2828 = EDGE_LOOP ( 'NONE', ( #10110, #5455, #7900, #8792 ) ) ;
#2829 = CARTESIAN_POINT ( 'NONE',  ( 4.004642952383999699, -5.150999830607999819, 1.161011141205000152 ) ) ;
#2830 = EDGE_LOOP ( 'NONE', ( #1769, #10232 ) ) ;
#2831 = DIRECTION ( 'NONE',  ( 4.595507503446999644E-17, -1.000000000000000000, 0.000000000000000000 ) ) ;
#2832 = DIRECTION ( 'NONE',  ( -1.000000000000000000, 1.224646799146999945E-16, 0.000000000000000000 ) ) ;
#2833 = ADVANCED_FACE ( 'NONE', ( #5211 ), #1153, .F. ) ;
#2834 = EDGE_CURVE ( 'NONE', #5825, #2627, #1261, .T. ) ;
#2835 = DIRECTION ( 'NONE',  ( -1.000000000000000000, 1.224646799146999945E-16, 0.000000000000000000 ) ) ;
#2836 = VECTOR ( 'NONE', #4754, 1000.000000000000000 ) ;
#2837 = FACE_OUTER_BOUND ( 'NONE', #8804, .T. ) ;
#2838 = FILL_AREA_STYLE ('',( #6221 ) ) ;
#2839 =( NAMED_UNIT ( * ) SI_UNIT ( $, .STERADIAN. ) SOLID_ANGLE_UNIT ( ) );
#2840 = ORIENTED_EDGE ( 'NONE', *, *, #2887, .F. ) ;
#2841 = CARTESIAN_POINT ( 'NONE',  ( 2.485220485641999932, -5.149999830640999754, 0.6590441241509998882 ) ) ;
#2842 = PLANE ( 'NONE',  #3505 ) ;
#2843 = AXIS2_PLACEMENT_3D ( 'NONE', #3828, #2338, #4792 ) ;
#2844 = ORIENTED_EDGE ( 'NONE', *, *, #4619, .F. ) ;
#2845 = PLANE ( 'NONE',  #554 ) ;
#2846 = ORIENTED_EDGE ( 'NONE', *, *, #2275, .T. ) ;
#2847 = DIRECTION ( 'NONE',  ( 1.000000000000000000, -1.224646799147000192E-16, 0.000000000000000000 ) ) ;
#2848 = CARTESIAN_POINT ( 'NONE',  ( 4.267364653849000433, -5.149999830640999754, 0.7020587644519999948 ) ) ;
#2849 = ORIENTED_EDGE ( 'NONE', *, *, #1846, .T. ) ;
#2850 = CARTESIAN_POINT ( 'NONE',  ( 3.736688164383000110, -5.149999830640999754, 0.7428388230599999309 ) ) ;
#2851 = DIRECTION ( 'NONE',  ( 1.002889906438999904E-17, 1.000000000000000000, 0.000000000000000000 ) ) ;
#2852 = VECTOR ( 'NONE', #7550, 1000.000000000000000 ) ;
#2853 = VERTEX_POINT ( 'NONE', #8922 ) ;
#2854 = COLOUR_RGB ( '',0.000000000000000000, 0.000000000000000000, 0.000000000000000000 ) ;
#2855 = ORIENTED_EDGE ( 'NONE', *, *, #7461, .F. ) ;
#2856 = EDGE_CURVE ( 'NONE', #6088, #1148, #8585, .T. ) ;
#2857 = DIRECTION ( 'NONE',  ( 1.224646799146999945E-16, 1.000000000000000000, 0.000000000000000000 ) ) ;
#2858 = ORIENTED_EDGE ( 'NONE', *, *, #8385, .F. ) ;
#2859 = CARTESIAN_POINT ( 'NONE',  ( 3.796343767982000461, -5.150999830607999819, 1.208031013982999946 ) ) ;
#2860 = VECTOR ( 'NONE', #484, 999.9999999999998863 ) ;
#2861 = SURFACE_STYLE_USAGE ( .BOTH. , #5368 ) ;
#2862 = SURFACE_STYLE_USAGE ( .BOTH. , #10140 ) ;
#2863 = DIRECTION ( 'NONE',  ( 1.224646799146999945E-16, 1.000000000000000000, 0.000000000000000000 ) ) ;
#2864 = UNCERTAINTY_MEASURE_WITH_UNIT (LENGTH_MEASURE( 1.000000000000000082E-05 ), #3791, 'distance_accuracy_value', 'NONE');
#2865 = EDGE_CURVE ( 'NONE', #7083, #7824, #4886, .T. ) ;
#2866 = CARTESIAN_POINT ( 'NONE',  ( -3.649999879969000105, -5.149999830640999754, 1.049999966214999914 ) ) ;
#2867 = CARTESIAN_POINT ( 'NONE',  ( 2.292478380806999727, -5.150999830607999819, 1.007456702441999807 ) ) ;
#2868 = FILL_AREA_STYLE ('',( #5169 ) ) ;
#2869 = VERTEX_POINT ( 'NONE', #2328 ) ;
#2870 = SURFACE_SIDE_STYLE ('',( #5171 ) ) ;
#2871 = UNCERTAINTY_MEASURE_WITH_UNIT (LENGTH_MEASURE( 1.000000000000000082E-05 ), #3277, 'distance_accuracy_value', 'NONE');
#2872 = SURFACE_SIDE_STYLE ('',( #6871 ) ) ;
#2873 = COLOUR_RGB ( '',1.000000000000000000, 1.000000000000000000, 1.000000000000000000 ) ;
#2874 = LINE ( 'NONE', #1065, #3519 ) ;
#2875 = CARTESIAN_POINT ( 'NONE',  ( 3.528397468373999590, -5.149999830640999754, 0.8423677292760000102 ) ) ;
#2876 = EDGE_CURVE ( 'NONE', #4291, #2822, #2489, .T. ) ;
#2877 =( GEOMETRIC_REPRESENTATION_CONTEXT ( 3 ) GLOBAL_UNCERTAINTY_ASSIGNED_CONTEXT ( ( #3249 ) ) GLOBAL_UNIT_ASSIGNED_CONTEXT ( ( #4683, #6159, #5336 ) ) REPRESENTATION_CONTEXT ( 'NONE', 'WORKASPACE' ) );
#2878 = EDGE_CURVE ( 'NONE', #8459, #9513, #8011, .T. ) ;
#2879 = LINE ( 'NONE', #6015, #5332 ) ;
#2880 = ORIENTED_EDGE ( 'NONE', *, *, #4225, .F. ) ;
#2881 = CARTESIAN_POINT ( 'NONE',  ( 3.736727984784999901, -5.150999830607999819, 0.7484533744160000168 ) ) ;
#2882 = EDGE_LOOP ( 'NONE', ( #2998, #9842, #1862, #8854 ) ) ;
#2883 = ORIENTED_EDGE ( 'NONE', *, *, #2377, .F. ) ;
#2884 = CARTESIAN_POINT ( 'NONE',  ( 3.756441236525999816, -5.149999830640999754, 0.8230740329350000328 ) ) ;
#2885 = ORIENTED_EDGE ( 'NONE', *, *, #421, .T. ) ;
#2886 = FILL_AREA_STYLE ('',( #6118 ) ) ;
#2887 = EDGE_CURVE ( 'NONE', #5547, #8517, #4261, .T. ) ;
#2888 = CARTESIAN_POINT ( 'NONE',  ( 3.559283009391000174, -5.149999830640999754, 0.7036494448680000735 ) ) ;
#2889 = CARTESIAN_POINT ( 'NONE',  ( 3.790525239034999938, -5.150999830607999819, 0.6588583551000000149 ) ) ;
#2890 = DIRECTION ( 'NONE',  ( 1.224646799146999945E-16, 1.000000000000000000, 0.000000000000000000 ) ) ;
#2891 = CARTESIAN_POINT ( 'NONE',  ( 0.000000000000000000, 0.000000000000000000, 0.5499999826579999862 ) ) ;
#2892 = EDGE_LOOP ( 'NONE', ( #8769, #6569, #9328, #3904 ) ) ;
#2893 = CARTESIAN_POINT ( 'NONE',  ( 3.664698908099000008, -5.149999830640999754, 0.7377345627810000250 ) ) ;
#2894 = CARTESIAN_POINT ( 'NONE',  ( -5.149999830640999754, 1.249999958892999974, 2.549999916887000229 ) ) ;
#2895 = ORIENTED_EDGE ( 'NONE', *, *, #8520, .T. ) ;
#2896 = ADVANCED_FACE ( 'NONE', ( #8824 ), #7263, .F. ) ;
#2897 = VERTEX_POINT ( 'NONE', #2222 ) ;
#2898 = CARTESIAN_POINT ( 'NONE',  ( 3.566033526276999766, -5.150999830607999819, 0.7245012268460000460 ) ) ;
#2899 = CARTESIAN_POINT ( 'NONE',  ( 3.703857706782999859, -5.150999830607999819, 0.7026240695180000495 ) ) ;
#2900 = CARTESIAN_POINT ( 'NONE',  ( 3.719605238925999924, -5.149999830640999754, 0.8338371057050000257 ) ) ;
#2901 = DIRECTION ( 'NONE',  ( 1.224646799147213924E-16, 1.000000000000000000, 0.000000000000000000 ) ) ;
#2902 = ORIENTED_EDGE ( 'NONE', *, *, #8753, .T. ) ;
#2903 = VERTEX_POINT ( 'NONE', #6458 ) ;
#2904 = B_SPLINE_CURVE_WITH_KNOTS ( 'NONE', 3,
 ( #8121, #40, #3336, #8227 ),
 .UNSPECIFIED., .F., .F.,
 ( 4, 4 ),
 ( 1.000000000000000000, 2.000000000000000000 ),
 .UNSPECIFIED. ) ;
#2905 = EDGE_LOOP ( 'NONE', ( #7672, #8904, #1383, #7208 ) ) ;
#2906 = CARTESIAN_POINT ( 'NONE',  ( 3.649668564114000091, -5.150999830607999819, 1.037506921511999858 ) ) ;
#2907 = CARTESIAN_POINT ( 'NONE',  ( 4.146452337122999765, -5.149999830640999754, 0.7261035016779999740 ) ) ;
#2908 =( NAMED_UNIT ( * ) PLANE_ANGLE_UNIT ( ) SI_UNIT ( $, .RADIAN. ) );
#2909 = ADVANCED_FACE ( 'NONE', ( #2442 ), #9989, .F. ) ;
#2910 = FACE_OUTER_BOUND ( 'NONE', #9829, .T. ) ;
#2911 = AXIS2_PLACEMENT_3D ( 'NONE', #7266, #9705, #3274 ) ;
#2912 = CARTESIAN_POINT ( 'NONE',  ( 3.926229460917999958, -5.149999830640999754, 1.027123202269000224 ) ) ;
#2913 = VECTOR ( 'NONE', #3362, 1000.000000000000000 ) ;
#2914 = VECTOR ( 'NONE', #7883, 1000.000000000000114 ) ;
#2915 = COLOUR_RGB ( '',0.2470588235294117752, 0.2470588235294117752, 0.2470588235294117752 ) ;
#2916 = TOROIDAL_SURFACE ( 'NONE', #3429, 5.227142138160999707, 0.4652383217150000139 ) ;
#2917 = LINE ( 'NONE', #7763, #5123 ) ;
#2918 = DIRECTION ( 'NONE',  ( 0.000000000000000000, -1.000000000000000000, 1.627215604724149795E-17 ) ) ;
#2919 = ORIENTED_EDGE ( 'NONE', *, *, #7956, .F. ) ;
#2920 = CARTESIAN_POINT ( 'NONE',  ( -4.944441160745000730, 1.249999958892999974, 0.5499999826579999862 ) ) ;
#2921 = PLANE ( 'NONE',  #114 ) ;
#2922 = CARTESIAN_POINT ( 'NONE',  ( 4.110535209482000241, -5.149999830640999754, 1.188958154824000024 ) ) ;
#2923 = EDGE_CURVE ( 'NONE', #5078, #1829, #8773, .T. ) ;
#2924 = VECTOR ( 'NONE', #306, 1000.000000000000000 ) ;
#2925 = EDGE_CURVE ( 'NONE', #975, #8909, #1464, .T. ) ;
#2926 = DIRECTION ( 'NONE',  ( 1.000000000000000000, 0.000000000000000000, 0.000000000000000000 ) ) ;
#2927 = CIRCLE ( 'NONE', #8885, 4.761903816445999915 ) ;
#2928 = ORIENTED_EDGE ( 'NONE', *, *, #2314, .T. ) ;
#2929 = SURFACE_STYLE_FILL_AREA ( #4692 ) ;
#2930 = VECTOR ( 'NONE', #981, 1000.000000000000114 ) ;
#2931 = CARTESIAN_POINT ( 'NONE',  ( 3.513715486765999874, -5.150999830607999819, 0.7734301993709999934 ) ) ;
#2932 = ORIENTED_EDGE ( 'NONE', *, *, #3742, .F. ) ;
#2933 = PRESENTATION_LAYER_ASSIGNMENT (  '', '', ( #1235 ) ) ;
#2934 = ORIENTED_EDGE ( 'NONE', *, *, #4853, .T. ) ;
#2935 = FACE_OUTER_BOUND ( 'NONE', #9472, .T. ) ;
#2936 = SURFACE_STYLE_USAGE ( .BOTH. , #1437 ) ;
#2937 = ORIENTED_EDGE ( 'NONE', *, *, #4162, .F. ) ;
#2938 = LINE ( 'NONE', #8638, #4882 ) ;
#2939 = CARTESIAN_POINT ( 'NONE',  ( 2.995282267205999993, -5.150999830607999819, 1.216483638880999862 ) ) ;
#2940 = EDGE_CURVE ( 'NONE', #7346, #3458, #5473, .T. ) ;
#2941 = LINE ( 'NONE', #6173, #7950 ) ;
#2942 = B_SPLINE_CURVE_WITH_KNOTS ( 'NONE', 3,
 ( #7397, #3350, #7613, #7450 ),
 .UNSPECIFIED., .F., .F.,
 ( 4, 4 ),
 ( 28.00000000000000000, 29.00000000000000000 ),
 .UNSPECIFIED. ) ;
#2943 = ADVANCED_FACE ( 'NONE', ( #7166 ), #1844, .T. ) ;
#2944 = SURFACE_STYLE_USAGE ( .BOTH. , #6079 ) ;
#2945 = PRESENTATION_STYLE_ASSIGNMENT (( #9533 ) ) ;
#2946 = ORIENTED_EDGE ( 'NONE', *, *, #1047, .F. ) ;
#2947 = CARTESIAN_POINT ( 'NONE',  ( 1.249999958892999974, -5.149999830640999754, 2.049999933330000079 ) ) ;
#2948 = CARTESIAN_POINT ( 'NONE',  ( 3.566033526276999766, -5.149999830640999754, 0.7245012268460000460 ) ) ;
#2949 = ORIENTED_EDGE ( 'NONE', *, *, #2940, .F. ) ;
#2950 = CARTESIAN_POINT ( 'NONE',  ( 3.736688164383000110, -5.150999830607999819, 0.7428388230599999309 ) ) ;
#2951 = VERTEX_POINT ( 'NONE', #1785 ) ;
#2952 = CARTESIAN_POINT ( 'NONE',  ( 3.547398067840000113, -5.150999830607999819, 1.190352664324999976 ) ) ;
#2953 =( NAMED_UNIT ( * ) PLANE_ANGLE_UNIT ( ) SI_UNIT ( $, .RADIAN. ) );
#2954 = CARTESIAN_POINT ( 'NONE',  ( 4.192510610491999579, -5.150999830607999819, 0.7328473713860000904 ) ) ;
#2955 = CARTESIAN_POINT ( 'NONE',  ( 2.192932865141000054, -3.929509399037999895, 10.04899967027999885 ) ) ;
#2956 = EDGE_CURVE ( 'NONE', #3458, #3176, #5830, .T. ) ;
#2957 = EDGE_CURVE ( 'NONE', #4669, #3945, #3491, .T. ) ;
#2958 = FACE_OUTER_BOUND ( 'NONE', #3542, .T. ) ;
#2959 = EDGE_LOOP ( 'NONE', ( #6906, #955, #606, #3417 ) ) ;
#2960 = EDGE_CURVE ( 'NONE', #916, #5235, #6565, .T. ) ;
#2961 = ORIENTED_EDGE ( 'NONE', *, *, #7597, .F. ) ;
#2962 = VERTEX_POINT ( 'NONE', #5030 ) ;
#2963 = LINE ( 'NONE', #4672, #2069 ) ;
#2964 = LINE ( 'NONE', #10138, #2674 ) ;
#2965 = EDGE_CURVE ( 'NONE', #107, #3085, #1735, .T. ) ;
#2966 = CARTESIAN_POINT ( 'NONE',  ( 2.659247335996000050, -5.150999830607999819, 0.7301109829720000555 ) ) ;
#2967 = EDGE_CURVE ( 'NONE', #2534, #3654, #9186, .T. ) ;
#2968 = CARTESIAN_POINT ( 'NONE',  ( 3.539375103337000006, -5.149999830640999754, 0.7481894170299999702 ) ) ;
#2969 = B_SPLINE_CURVE_WITH_KNOTS ( 'NONE', 3,
 ( #6638, #1916, #2651, #7437 ),
 .UNSPECIFIED., .F., .F.,
 ( 4, 4 ),
 ( 5.000000000000000000, 6.000000000000000000 ),
 .UNSPECIFIED. ) ;
#2970 = CARTESIAN_POINT ( 'NONE',  ( 3.754499658035000298, -5.149999830640999754, 0.7692269904199999786 ) ) ;
#2971 = LINE ( 'NONE', #9459, #2745 ) ;
#2972 = ORIENTED_EDGE ( 'NONE', *, *, #932, .F. ) ;
#2973 = CARTESIAN_POINT ( 'NONE',  ( 3.780611651929000061, -5.149999830640999754, 0.6391727691799999889 ) ) ;
#2974 = FACE_BOUND ( 'NONE', #9817, .T. ) ;
#2975 = DIRECTION ( 'NONE',  ( 1.224646799146999945E-16, 1.000000000000000000, 0.000000000000000000 ) ) ;
#2976 = LINE ( 'NONE', #1323, #1631 ) ;
#2977 = CARTESIAN_POINT ( 'NONE',  ( 0.000000000000000000, 0.000000000000000000, 0.04999999910078999771 ) ) ;
#2978 = DIRECTION ( 'NONE',  ( 1.224646799146999945E-16, 1.000000000000000000, 0.000000000000000000 ) ) ;
#2979 = EDGE_LOOP ( 'NONE', ( #8840, #3999 ) ) ;
#2980 = CARTESIAN_POINT ( 'NONE',  ( 3.730235930644000053, -5.150999830607999819, 0.7567137122360000356 ) ) ;
#2981 = EDGE_CURVE ( 'NONE', #1382, #4442, #5408, .T. ) ;
#2982 = ORIENTED_EDGE ( 'NONE', *, *, #7416, .F. ) ;
#2983 = VERTEX_POINT ( 'NONE', #9809 ) ;
#2984 = PLANE ( 'NONE',  #2176 ) ;
#2985 = DIRECTION ( 'NONE',  ( 1.000000000000000000, -2.446283049834999907E-16, 0.000000000000000000 ) ) ;
#2986 = EDGE_LOOP ( 'NONE', ( #9575, #8474, #5040, #6662 ) ) ;
#2987 = LINE ( 'NONE', #3195, #2836 ) ;
#2988 = DIRECTION ( 'NONE',  ( -0.007092178509962118738, 8.685413711206698649E-19, -0.9999748501857348426 ) ) ;
#2989 = B_SPLINE_CURVE_WITH_KNOTS ( 'NONE', 3,
 ( #5093, #4240, #7475, #6568 ),
 .UNSPECIFIED., .F., .F.,
 ( 4, 4 ),
 ( 23.00000000000000000, 24.00000000000000000 ),
 .UNSPECIFIED. ) ;
#2990 = VECTOR ( 'NONE', #429, 1000.000000000000114 ) ;
#2991 = DIRECTION ( 'NONE',  ( 0.007092178509962118738, -8.685413711206687093E-19, 0.9999748501857348426 ) ) ;
#2992 = AXIS2_PLACEMENT_3D ( 'NONE', #4496, #339, #6029 ) ;
#2993 = CARTESIAN_POINT ( 'NONE',  ( 3.603967143835999920, -5.150999830607999819, 0.7292231514480000953 ) ) ;
#2994 = EDGE_LOOP ( 'NONE', ( #1301, #4535, #486, #7049, #6599, #6321, #10060, #8380, #3949, #7362, #6030, #1674 ) ) ;
#2995 = EDGE_CURVE ( 'NONE', #840, #3917, #5153, .T. ) ;
#2996 = CARTESIAN_POINT ( 'NONE',  ( 3.721777607379000319, -5.149999830640999754, 0.7882791578680000688 ) ) ;
#2997 = CARTESIAN_POINT ( 'NONE',  ( 3.539375103337000006, -5.150999830607999819, 0.7481894170299999702 ) ) ;
#2998 = ORIENTED_EDGE ( 'NONE', *, *, #2020, .F. ) ;
#2999 = B_SPLINE_CURVE_WITH_KNOTS ( 'NONE', 3,
 ( #8884, #9765, #5734, #734 ),
 .UNSPECIFIED., .F., .F.,
 ( 4, 4 ),
 ( 5.000000000000000000, 6.000000000000000000 ),
 .UNSPECIFIED. ) ;
#3000 = CARTESIAN_POINT ( 'NONE',  ( 3.789946454243000140, -5.150999830607999819, 1.119694743251999913 ) ) ;
#3001 = VERTEX_POINT ( 'NONE', #3323 ) ;
#3002 =( GEOMETRIC_REPRESENTATION_CONTEXT ( 3 ) GLOBAL_UNCERTAINTY_ASSIGNED_CONTEXT ( ( #8403 ) ) GLOBAL_UNIT_ASSIGNED_CONTEXT ( ( #764, #5458, #5917 ) ) REPRESENTATION_CONTEXT ( 'NONE', 'WORKASPACE' ) );
#3003 = FILL_AREA_STYLE_COLOUR ( '', #5492 ) ;
#3004 = ORIENTED_EDGE ( 'NONE', *, *, #2718, .F. ) ;
#3005 = CARTESIAN_POINT ( 'NONE',  ( 2.603501313235999870, -5.150999830607999819, 0.6177165876150000345 ) ) ;
#3006 = LINE ( 'NONE', #4666, #2437 ) ;
#3007 = LINE ( 'NONE', #3760, #3071 ) ;
#3008 = ORIENTED_EDGE ( 'NONE', *, *, #5778, .F. ) ;
#3009 =( GEOMETRIC_REPRESENTATION_CONTEXT ( 3 ) GLOBAL_UNCERTAINTY_ASSIGNED_CONTEXT ( ( #4568 ) ) GLOBAL_UNIT_ASSIGNED_CONTEXT ( ( #4475, #426, #4525 ) ) REPRESENTATION_CONTEXT ( 'NONE', 'WORKASPACE' ) );
#3010 = ORIENTED_EDGE ( 'NONE', *, *, #8733, .F. ) ;
#3011 = PRESENTATION_STYLE_ASSIGNMENT (( #2379 ) ) ;
#3012 = EDGE_LOOP ( 'NONE', ( #507, #10423, #8958, #7191 ) ) ;
#3013 = DIRECTION ( 'NONE',  ( 1.224646799146999945E-16, 1.000000000000000000, 0.000000000000000000 ) ) ;
#3014 = SURFACE_STYLE_USAGE ( .BOTH. , #4727 ) ;
#3015 = EDGE_CURVE ( 'NONE', #4691, #303, #2528, .T. ) ;
#3016 = LINE ( 'NONE', #6149, #6834 ) ;
#3017 = VECTOR ( 'NONE', #10291, 1000.000000000000227 ) ;
#3018 = CARTESIAN_POINT ( 'NONE',  ( 3.406553810614000088, -5.150999830607999819, 0.8230600777500000076 ) ) ;
#3019 = AXIS2_PLACEMENT_3D ( 'NONE', #10462, #2458, #3400 ) ;
#3020 = PRESENTATION_LAYER_ASSIGNMENT (  '', '', ( #2681 ) ) ;
#3021 = DIRECTION ( 'NONE',  ( 0.007092178509961118670, -8.685413711205697165E-19, 0.9999748501857348426 ) ) ;
#3022 = DIRECTION ( 'NONE',  ( 0.000000000000000000, -1.000000000000000000, -3.356668678861779927E-16 ) ) ;
#3023 = ORIENTED_EDGE ( 'NONE', *, *, #1082, .T. ) ;
#3024 = CARTESIAN_POINT ( 'NONE',  ( 2.901090310399999872, -5.149999830640999754, 0.7804525698739999129 ) ) ;
#3025 = FACE_BOUND ( 'NONE', #4241, .T. ) ;
#3026 = CARTESIAN_POINT ( 'NONE',  ( 3.636323155045000366, -5.149999830640999754, 1.208334110051999977 ) ) ;
#3027 = CARTESIAN_POINT ( 'NONE',  ( 3.703857706782999859, -5.150999830607999819, 0.7026240695180000495 ) ) ;
#3028 = EDGE_CURVE ( 'NONE', #2630, #400, #6678, .T. ) ;
#3029 = DIRECTION ( 'NONE',  ( -0.8667467706370611813, 1.061458658332074376E-16, -0.4987484692610351655 ) ) ;
#3030 = DIRECTION ( 'NONE',  ( -0.7071067811865474617, -0.7071067811865474617, 0.000000000000000000 ) ) ;
#3031 = VERTEX_POINT ( 'NONE', #1032 ) ;
#3032 = SURFACE_STYLE_FILL_AREA ( #10306 ) ;
#3033 = ORIENTED_EDGE ( 'NONE', *, *, #698, .T. ) ;
#3034 = ORIENTED_EDGE ( 'NONE', *, *, #3320, .T. ) ;
#3035 = LINE ( 'NONE', #7976, #8465 ) ;
#3036 = B_SPLINE_CURVE_WITH_KNOTS ( 'NONE', 3,
 ( #4166, #6546, #9789, #5709 ),
 .UNSPECIFIED., .F., .F.,
 ( 4, 4 ),
 ( 4.000000000000000000, 5.000000000000000000 ),
 .UNSPECIFIED. ) ;
#3037 = CARTESIAN_POINT ( 'NONE',  ( 3.638370914313000082, -5.150999830607999819, 1.233170424989999958 ) ) ;
#3038 = VERTEX_POINT ( 'NONE', #7421 ) ;
#3039 = LINE ( 'NONE', #7088, #6054 ) ;
#3040 = CARTESIAN_POINT ( 'NONE',  ( 2.940674571075000188, -5.149999830640999754, 1.264589715810999770 ) ) ;
#3041 = CARTESIAN_POINT ( 'NONE',  ( 4.043979079612999961, -5.149999830640999754, 1.026288079950999910 ) ) ;
#3042 = ADVANCED_FACE ( 'NONE', ( #5776 ), #6774, .T. ) ;
#3043 = EDGE_CURVE ( 'NONE', #5207, #1645, #9857, .T. ) ;
#3044 =( GEOMETRIC_REPRESENTATION_CONTEXT ( 3 ) GLOBAL_UNCERTAINTY_ASSIGNED_CONTEXT ( ( #6912 ) ) GLOBAL_UNIT_ASSIGNED_CONTEXT ( ( #62, #1663, #7988 ) ) REPRESENTATION_CONTEXT ( 'NONE', 'WORKASPACE' ) );
#3045 = CARTESIAN_POINT ( 'NONE',  ( 3.578881952546999923, -5.150999830607999819, 0.7035104421690000498 ) ) ;
#3046 = ORIENTED_EDGE ( 'NONE', *, *, #6682, .T. ) ;
#3047 = ORIENTED_EDGE ( 'NONE', *, *, #9307, .T. ) ;
#3048 = FACE_OUTER_BOUND ( 'NONE', #2882, .T. ) ;
#3049 = ADVANCED_FACE ( 'NONE', ( #8325 ), #4293, .F. ) ;
#3050 = DIRECTION ( 'NONE',  ( -0.4610253948557679893, 5.645932741353159508E-17, 0.8873869422625528802 ) ) ;
#3051 = ORIENTED_EDGE ( 'NONE', *, *, #3116, .T. ) ;
#3052 = DIRECTION ( 'NONE',  ( -0.007092178509962118738, 8.685413711206696723E-19, -0.9999748501857348426 ) ) ;
#3053 = CARTESIAN_POINT ( 'NONE',  ( 2.900915972334000337, -5.150999830607999819, 0.7558714511360000721 ) ) ;
#3054 = FILL_AREA_STYLE ('',( #8861 ) ) ;
#3055 = EDGE_LOOP ( 'NONE', ( #1147, #876, #10163, #5515 ) ) ;
#3056 = EDGE_CURVE ( 'NONE', #5511, #735, #1095, .T. ) ;
#3057 = CARTESIAN_POINT ( 'NONE',  ( 2.485220485641999932, -5.149999830640999754, 0.6590441241509998882 ) ) ;
#3058 = ADVANCED_FACE ( 'NONE', ( #869 ), #8294, .F. ) ;
#3059 = FILL_AREA_STYLE_COLOUR ( '', #8890 ) ;
#3060 = COLOUR_RGB ( '',0.2470588235294117752, 0.2470588235294117752, 0.2470588235294117752 ) ;
#3061 = CARTESIAN_POINT ( 'NONE',  ( 3.159884697628999817, -5.149999830640999754, 0.7742791034429999941 ) ) ;
#3062 = VERTEX_POINT ( 'NONE', #6899 ) ;
#3063 = EDGE_LOOP ( 'NONE', ( #10241, #3972, #1259, #8497 ) ) ;
#3064 = EDGE_CURVE ( 'NONE', #9468, #2026, #9591, .T. ) ;
#3065 = SURFACE_STYLE_FILL_AREA ( #10334 ) ;
#3066 = VERTEX_POINT ( 'NONE', #6089 ) ;
#3067 = DIRECTION ( 'NONE',  ( -0.9999748501857349536, 1.224615999507675901E-16, 0.007092178509959120268 ) ) ;
#3068 = DIRECTION ( 'NONE',  ( 1.224646799146999945E-16, 1.000000000000000000, 0.000000000000000000 ) ) ;
#3069 = CARTESIAN_POINT ( 'NONE',  ( 3.691756714283000118, -5.150999830607999819, 1.232167923423999945 ) ) ;
#3070 = DIRECTION ( 'NONE',  ( -0.9999748501857348426, 0.000000000000000000, 0.007092178509961118670 ) ) ;
#3071 = VECTOR ( 'NONE', #9404, 1000.000000000000000 ) ;
#3072 = EDGE_CURVE ( 'NONE', #975, #1553, #6848, .T. ) ;
#3073 = CARTESIAN_POINT ( 'NONE',  ( 3.725894866888000312, -5.150999830607999819, 0.7603837447229999658 ) ) ;
#3074 = ORIENTED_EDGE ( 'NONE', *, *, #10083, .F. ) ;
#3075 = CARTESIAN_POINT ( 'NONE',  ( 2.799166256723000235, -5.150999830607999819, 1.293067789246999943 ) ) ;
#3076 = SURFACE_STYLE_FILL_AREA ( #6160 ) ;
#3077 = CARTESIAN_POINT ( 'NONE',  ( 4.267364653849000433, -5.149999830640999754, 0.7020587644519999948 ) ) ;
#3078 = FACE_OUTER_BOUND ( 'NONE', #3731, .T. ) ;
#3079 = AXIS2_PLACEMENT_3D ( 'NONE', #10469, #7199, #10420 ) ;
#3080 = VECTOR ( 'NONE', #2985, 1000.000000000000000 ) ;
#3081 = CARTESIAN_POINT ( 'NONE',  ( 3.602883985851999871, -5.150999830607999819, 1.236229527837999997 ) ) ;
#3082 = ADVANCED_FACE ( 'NONE', ( #9343 ), #1086, .F. ) ;
#3083 = ORIENTED_EDGE ( 'NONE', *, *, #7173, .F. ) ;
#3084 = PLANE ( 'NONE',  #5976 ) ;
#3085 = VERTEX_POINT ( 'NONE', #6185 ) ;
#3086 = ORIENTED_EDGE ( 'NONE', *, *, #10152, .T. ) ;
#3087 = LINE ( 'NONE', #7037, #3875 ) ;
#3088 = B_SPLINE_CURVE_WITH_KNOTS ( 'NONE', 3,
 ( #7069, #3822, #2227, #5481 ),
 .UNSPECIFIED., .F., .F.,
 ( 4, 4 ),
 ( 1.000000000000000000, 2.000000000000000000 ),
 .UNSPECIFIED. ) ;
#3089 = CARTESIAN_POINT ( 'NONE',  ( 2.468966427038000067, -5.149999830640999754, 0.8138839282250001084 ) ) ;
#3090 = VECTOR ( 'NONE', #1156, 1000.000000000000000 ) ;
#3091 = EDGE_LOOP ( 'NONE', ( #18, #7566, #9143, #349 ) ) ;
#3092 = AXIS2_PLACEMENT_3D ( 'NONE', #5467, #8771, #3815 ) ;
#3093 = CARTESIAN_POINT ( 'NONE',  ( 3.409469548933999672, -5.149999830640999754, 1.234170004743999849 ) ) ;
#3094 = CARTESIAN_POINT ( 'NONE',  ( 5.799999809265000472, -0.4499999852019999635, 0.3499999892349999753 ) ) ;
#3095 = FACE_OUTER_BOUND ( 'NONE', #8500, .T. ) ;
#3096 = EDGE_CURVE ( 'NONE', #5967, #8248, #10236, .T. ) ;
#3097 = DIRECTION ( 'NONE',  ( 1.224646799146999945E-16, 1.000000000000000000, 0.000000000000000000 ) ) ;
#3098 = CIRCLE ( 'NONE', #6314, 0.4999999835569998163 ) ;
#3099 = ORIENTED_EDGE ( 'NONE', *, *, #5316, .F. ) ;
#3100 = EDGE_LOOP ( 'NONE', ( #1369, #5347, #1835, #2189 ) ) ;
#3101 = CARTESIAN_POINT ( 'NONE',  ( 3.605000615663999763, -5.149999830640999754, 0.7796453472739999224 ) ) ;
#3102 = PRESENTATION_LAYER_ASSIGNMENT (  '', '', ( #5488 ) ) ;
#3103 = DIRECTION ( 'NONE',  ( -0.9999748501857348426, 1.224615999507675655E-16, 0.007092178509961118670 ) ) ;
#3104 = PRODUCT_DEFINITION_SHAPE ( 'NONE', 'NONE',  #10526 ) ;
#3105 = ORIENTED_EDGE ( 'NONE', *, *, #3835, .T. ) ;
#3106 = LINE ( 'NONE', #5516, #725 ) ;
#3107 = VECTOR ( 'NONE', #3030, 1000.000000000000114 ) ;
#3108 = CARTESIAN_POINT ( 'NONE',  ( 3.672447498579999969, -5.149999830640999754, 0.7893568734279999832 ) ) ;
#3109 = SURFACE_STYLE_FILL_AREA ( #609 ) ;
#3110 = LINE ( 'NONE', #8813, #1038 ) ;
#3111 = CARTESIAN_POINT ( 'NONE',  ( 2.466833330998999596, -5.149999830640999754, 0.7170154720239999557 ) ) ;
#3112 = CARTESIAN_POINT ( 'NONE',  ( 3.523609942859000199, -5.149999830640999754, 1.054309669938999994 ) ) ;
#3113 = FACE_OUTER_BOUND ( 'NONE', #6776, .T. ) ;
#3114 = ORIENTED_EDGE ( 'NONE', *, *, #1286, .F. ) ;
#3115 = VERTEX_POINT ( 'NONE', #10128 ) ;
#3116 = EDGE_CURVE ( 'NONE', #8183, #10127, #9973, .T. ) ;
#3117 = CARTESIAN_POINT ( 'NONE',  ( -8.299999727051998732, -0.4999999835569999274, 0.3499999892349999753 ) ) ;
#3118 = EDGE_CURVE ( 'NONE', #3384, #8418, #7187, .T. ) ;
#3119 = VERTEX_POINT ( 'NONE', #4504 ) ;
#3120 = FILL_AREA_STYLE ('',( #7162 ) ) ;
#3121 = FILL_AREA_STYLE ('',( #5629 ) ) ;
#3122 = CARTESIAN_POINT ( 'NONE',  ( 3.213528513388999919, -5.149999830640999754, 0.9980322281830000808 ) ) ;
#3123 = CARTESIAN_POINT ( 'NONE',  ( 3.545149352581999924, -5.149999830640999754, 1.071209362890999772 ) ) ;
#3124 = ADVANCED_FACE ( 'NONE', ( #345 ), #2798, .F. ) ;
#3125 = DIRECTION ( 'NONE',  ( -0.007092178509963118806, 8.685413711207700132E-19, -0.9999748501857348426 ) ) ;
#3126 = CARTESIAN_POINT ( 'NONE',  ( 2.625252213153999925, -5.150999830607999819, 1.237906332211999860 ) ) ;
#3127 = CARTESIAN_POINT ( 'NONE',  ( 3.920591710003000330, -5.150999830607999819, 1.207149803236000185 ) ) ;
#3128 = ORIENTED_EDGE ( 'NONE', *, *, #10003, .T. ) ;
#3129 = PRESENTATION_STYLE_ASSIGNMENT (( #4682 ) ) ;
#3130 = DIRECTION ( 'NONE',  ( -1.224646799147255832E-16, -1.000000000000000000, 0.000000000000000000 ) ) ;
#3131 = CARTESIAN_POINT ( 'NONE',  ( 3.546263882025999958, -5.149999830640999754, 0.7665447367279999424 ) ) ;
#3132 = CARTESIAN_POINT ( 'NONE',  ( 4.043979079612999961, -5.150999830607999819, 1.026288079950999910 ) ) ;
#3133 = CARTESIAN_POINT ( 'NONE',  ( 3.525597980806999932, -5.149999830640999754, 1.129367977211000129 ) ) ;
#3134 = CARTESIAN_POINT ( 'NONE',  ( 3.780772408367000015, -5.150999830607999819, 0.6618389209469999201 ) ) ;
#3135 = ORIENTED_EDGE ( 'NONE', *, *, #3308, .F. ) ;
#3136 =( LENGTH_UNIT ( ) NAMED_UNIT ( * ) SI_UNIT ( .MILLI., .METRE. ) );
#3137 = VERTEX_POINT ( 'NONE', #4448 ) ;
#3138 = VERTEX_POINT ( 'NONE', #10020 ) ;
#3139 = DIRECTION ( 'NONE',  ( 1.000000000000000000, -1.224646799146999945E-16, 0.000000000000000000 ) ) ;
#3140 = CARTESIAN_POINT ( 'NONE',  ( 2.543386736727000219, -5.149999830640999754, 0.9087936687009999792 ) ) ;
#3141 = ORIENTED_EDGE ( 'NONE', *, *, #1490, .F. ) ;
#3142 = PLANE ( 'NONE',  #5309 ) ;
#3143 = DIRECTION ( 'NONE',  ( 0.007092178509978118092, -8.685413711226697505E-19, 0.9999748501857347316 ) ) ;
#3144 = CARTESIAN_POINT ( 'NONE',  ( 2.605255006645999849, -5.149999830640999754, 1.068863489782999832 ) ) ;
#3145 = UNCERTAINTY_MEASURE_WITH_UNIT (LENGTH_MEASURE( 1.000000000000000082E-05 ), #141, 'distance_accuracy_value', 'NONE');
#3146 = ADVANCED_FACE ( 'NONE', ( #455 ), #1953, .F. ) ;
#3147 = DIRECTION ( 'NONE',  ( 1.000000000000000000, -1.224646799146999945E-16, 0.000000000000000000 ) ) ;
#3148 = CARTESIAN_POINT ( 'NONE',  ( 2.900915972334000337, -5.149999830640999754, 0.7558714511360000721 ) ) ;
#3149 = APPLICATION_PROTOCOL_DEFINITION ( 'draft international standard', 'automotive_design', 1998, #3893 ) ;
#3150 = ORIENTED_EDGE ( 'NONE', *, *, #4027, .T. ) ;
#3151 = ORIENTED_EDGE ( 'NONE', *, *, #10167, .T. ) ;
#3152 = CARTESIAN_POINT ( 'NONE',  ( 4.168954833848999897, -5.150999830607999819, 1.025401707300000131 ) ) ;
#3153 = CARTESIAN_POINT ( 'NONE',  ( 3.700839918890999947, -5.150999830607999819, 0.7975777549139999589 ) ) ;
#3154 = ORIENTED_EDGE ( 'NONE', *, *, #6580, .F. ) ;
#3155 = B_SPLINE_CURVE_WITH_KNOTS ( 'NONE', 3,
 ( #2922, #6313, #3933, #8782 ),
 .UNSPECIFIED., .F., .F.,
 ( 4, 4 ),
 ( 1.000000000000000000, 2.000000000000000000 ),
 .UNSPECIFIED. ) ;
#3156 = EDGE_CURVE ( 'NONE', #5035, #1330, #8441, .T. ) ;
#3157 = CARTESIAN_POINT ( 'NONE',  ( 3.894049763800000008, -5.150999830607999819, 1.027351432164999911 ) ) ;
#3158 = LINE ( 'NONE', #67, #9374 ) ;
#3159 = DIRECTION ( 'NONE',  ( 0.000000000000000000, 0.000000000000000000, 1.000000000000000000 ) ) ;
#3160 = CARTESIAN_POINT ( 'NONE',  ( 3.540894189532999725, -5.149999830640999754, 1.035678928114999842 ) ) ;
#3161 = FACE_OUTER_BOUND ( 'NONE', #1, .T. ) ;
#3162 = VERTEX_POINT ( 'NONE', #9398 ) ;
#3163 = ORIENTED_EDGE ( 'NONE', *, *, #2818, .F. ) ;
#3164 = VECTOR ( 'NONE', #9112, 1000.000000000000000 ) ;
#3165 = DIRECTION ( 'NONE',  ( -0.9999748501857348426, 1.224615999507673436E-16, 0.007092178509963118806 ) ) ;
#3166 = VERTEX_POINT ( 'NONE', #5257 ) ;
#3167 = CARTESIAN_POINT ( 'NONE',  ( 4.207063169991999807, -5.150999830607999819, 0.7468852222829999166 ) ) ;
#3168 =( LENGTH_UNIT ( ) NAMED_UNIT ( * ) SI_UNIT ( .MILLI., .METRE. ) );
#3169 = FACE_OUTER_BOUND ( 'NONE', #9270, .T. ) ;
#3170 = VECTOR ( 'NONE', #3476, 1000.000000000000114 ) ;
#3171 = ADVANCED_FACE ( 'NONE', ( #9444 ), #7692, .F. ) ;
#3172 = CARTESIAN_POINT ( 'NONE',  ( 3.489186710952999704, -5.150999830607999819, 1.053410049348999955 ) ) ;
#3173 = CARTESIAN_POINT ( 'NONE',  ( 3.706500545910000000, -5.150999830607999819, 0.7234010062100000304 ) ) ;
#3174 = FACE_OUTER_BOUND ( 'NONE', #8567, .T. ) ;
#3175 = DIRECTION ( 'NONE',  ( -0.007092178509961118670, 8.685413711205699091E-19, -0.9999748501857348426 ) ) ;
#3176 = VERTEX_POINT ( 'NONE', #4553 ) ;
#3177 = SURFACE_STYLE_USAGE ( .BOTH. , #6524 ) ;
#3178 = CARTESIAN_POINT ( 'NONE',  ( 4.359859143105000001, -5.150999830607999819, 0.8787899164679999764 ) ) ;
#3179 = CARTESIAN_POINT ( 'NONE',  ( 4.091948669616999545, -5.149999830640999754, 0.9066846339709999647 ) ) ;
#3180 = LINE ( 'NONE', #6421, #4901 ) ;
#3181 = ADVANCED_FACE ( 'NONE', ( #503 ), #5460, .F. ) ;
#3182 = DIRECTION ( 'NONE',  ( 0.000000000000000000, 0.000000000000000000, -1.000000000000000000 ) ) ;
#3183 = DIRECTION ( 'NONE',  ( 1.000000000000000000, -1.224646799146999945E-16, 0.000000000000000000 ) ) ;
#3184 = STYLED_ITEM ( 'NONE', ( #7443 ), #5370 ) ;
#3185 = ORIENTED_EDGE ( 'NONE', *, *, #10376, .F. ) ;
#3186 = VECTOR ( 'NONE', #3922, 1000.000000000000000 ) ;
#3187 = PLANE ( 'NONE',  #6473 ) ;
#3188 = VERTEX_POINT ( 'NONE', #611 ) ;
#3189 = FILL_AREA_STYLE ('',( #9885 ) ) ;
#3190 = EDGE_CURVE ( 'NONE', #1987, #4582, #4876, .T. ) ;
#3191 = DIRECTION ( 'NONE',  ( 1.224646799147213924E-16, 1.000000000000000000, 0.000000000000000000 ) ) ;
#3192 = ADVANCED_FACE ( 'NONE', ( #8913 ), #235, .F. ) ;
#3193 = ORIENTED_EDGE ( 'NONE', *, *, #3657, .F. ) ;
#3194 = CARTESIAN_POINT ( 'NONE',  ( 0.000000000000000000, 0.000000000000000000, 0.5499999826579999862 ) ) ;
#3195 = CARTESIAN_POINT ( 'NONE',  ( 3.546637000016999774, -5.150999830607999819, 0.7311894333370000387 ) ) ;
#3197 = DIRECTION ( 'NONE',  ( -0.9999748501857348426, 1.224615999507673436E-16, 0.007092178509964118874 ) ) ;
#3196 = AXIS2_PLACEMENT_3D ( 'NONE', #8330, #6739, #6625 ) ;
#3198 = CARTESIAN_POINT ( 'NONE',  ( 3.604901802074000017, -5.150999830607999819, 0.7657129420589999791 ) ) ;
#3199 = LINE ( 'NONE', #3305, #9376 ) ;
#3200 = PRODUCT_CONTEXT ( 'NONE', #9858, 'mechanical' ) ;
#3201 = ORIENTED_EDGE ( 'NONE', *, *, #461, .F. ) ;
#3202 = VERTEX_POINT ( 'NONE', #5522 ) ;
#3203 = CARTESIAN_POINT ( 'NONE',  ( 3.605306642827999841, -5.150999830607999819, 0.8227942141690000044 ) ) ;
#3204 = FACE_OUTER_BOUND ( 'NONE', #2479, .T. ) ;
#3205 = B_SPLINE_SURFACE_WITH_KNOTS ( 'NONE', 3, 1, ( 
 ( #7185, #9618 ),
 ( #10409, #6425 ),
 ( #5542, #2394 ),
 ( #8074, #10514 ) ),
 .UNSPECIFIED., .F., .F., .F.,
 ( 4, 4 ),
 ( 2, 2 ),
 ( 10.00000000000000000, 11.00000000000000000 ),
 ( 0.000000000000000000, 1.000000000000000000 ),
 .UNSPECIFIED. ) ;
#3206 = ORIENTED_EDGE ( 'NONE', *, *, #6815, .F. ) ;
#3207 = CARTESIAN_POINT ( 'NONE',  ( 3.379485740960999962, -5.150999830607999819, 0.7083559185690000426 ) ) ;
#3208 = CARTESIAN_POINT ( 'NONE',  ( 3.974268781878000478, -5.150999830607999819, 1.203233840576000135 ) ) ;
#3209 = CARTESIAN_POINT ( 'NONE',  ( -1.249999958892999974, 4.944441160745000730, 1.049999966214999914 ) ) ;
#3210 = CARTESIAN_POINT ( 'NONE',  ( 3.839554580045000165, -5.149999830640999754, 1.231119688214000085 ) ) ;
#3211 = EDGE_CURVE ( 'NONE', #2616, #7083, #10377, .T. ) ;
#3212 = CARTESIAN_POINT ( 'NONE',  ( -1.249999958892999974, 5.149999830640999754, 2.049999933330000079 ) ) ;
#3213 = MECHANICAL_DESIGN_GEOMETRIC_PRESENTATION_REPRESENTATION (  '', ( #7797 ), #3044 ) ;
#3214 = PRESENTATION_LAYER_ASSIGNMENT (  '', '', ( #6258 ) ) ;
#3215 = CARTESIAN_POINT ( 'NONE',  ( 3.124699917163999974, -5.149999830640999754, 0.9104548214489999181 ) ) ;
#3216 = ORIENTED_EDGE ( 'NONE', *, *, #4183, .F. ) ;
#3217 = B_SPLINE_CURVE_WITH_KNOTS ( 'NONE', 3,
 ( #8906, #2415, #8806, #4818 ),
 .UNSPECIFIED., .F., .F.,
 ( 4, 4 ),
 ( 5.000000000000000000, 6.000000000000000000 ),
 .UNSPECIFIED. ) ;
#3218 = EDGE_CURVE ( 'NONE', #6511, #9342, #9089, .T. ) ;
#3219 = B_SPLINE_SURFACE_WITH_KNOTS ( 'NONE', 3, 1, ( 
 ( #5539, #7968 ),
 ( #9568, #683 ),
 ( #1477, #900 ),
 ( #2714, #6709 ) ),
 .UNSPECIFIED., .F., .F., .F.,
 ( 4, 4 ),
 ( 2, 2 ),
 ( 26.00000000000000000, 27.00000000000000000 ),
 ( 0.000000000000000000, 1.000000000000000000 ),
 .UNSPECIFIED. ) ;
#3220 = ORIENTED_EDGE ( 'NONE', *, *, #10444, .T. ) ;
#3221 = ORIENTED_EDGE ( 'NONE', *, *, #3928, .T. ) ;
#3222 = CARTESIAN_POINT ( 'NONE',  ( 4.246966027222000228, -5.150999830607999819, 0.8606665253440000107 ) ) ;
#3223 = FILL_AREA_STYLE ('',( #2223 ) ) ;
#3224 = VECTOR ( 'NONE', #7104, 1000.000000000000000 ) ;
#3225 = DIRECTION ( 'NONE',  ( -1.000000000000000000, 1.224646799146999945E-16, 0.000000000000000000 ) ) ;
#3226 = CARTESIAN_POINT ( 'NONE',  ( 2.556246514417000348, -5.149999830640999754, 1.090901427855000216 ) ) ;
#3227 = CARTESIAN_POINT ( 'NONE',  ( 2.383152860003000306, -5.149999830640999754, 0.9475267208019999554 ) ) ;
#3228 = ORIENTED_EDGE ( 'NONE', *, *, #8492, .F. ) ;
#3229 = CARTESIAN_POINT ( 'NONE',  ( 3.821446569039999908, -5.150999830607999819, 0.6791227954329999150 ) ) ;
#3230 = B_SPLINE_CURVE_WITH_KNOTS ( 'NONE', 3,
 ( #6777, #5979, #9912, #10117 ),
 .UNSPECIFIED., .F., .F.,
 ( 4, 4 ),
 ( 0.000000000000000000, 1.000000000000000000 ),
 .UNSPECIFIED. ) ;
#3231 = CARTESIAN_POINT ( 'NONE',  ( 3.894058247552000029, -5.150999830607999819, 1.050538555919999784 ) ) ;
#3232 = DIRECTION ( 'NONE',  ( 1.224646799146999945E-16, 1.000000000000000000, 0.000000000000000000 ) ) ;
#3233 = CARTESIAN_POINT ( 'NONE',  ( 3.649847018507999863, -5.150999830607999819, 1.062668429436999906 ) ) ;
#3234 = CARTESIAN_POINT ( 'NONE',  ( 0.000000000000000000, 0.000000000000000000, 2.698346358426999991 ) ) ;
#3235 = CARTESIAN_POINT ( 'NONE',  ( 4.256823191649999671, -5.149999830640999754, 0.8064238667220000600 ) ) ;
#3236 = CARTESIAN_POINT ( 'NONE',  ( 3.578504428634000423, -5.149999830640999754, 0.8555295452540000456 ) ) ;
#3237 = ORIENTED_EDGE ( 'NONE', *, *, #8154, .F. ) ;
#3238 = VERTEX_POINT ( 'NONE', #6287 ) ;
#3239 = AXIS2_PLACEMENT_3D ( 'NONE', #5845, #3291, #5047 ) ;
#3240 = VECTOR ( 'NONE', #9087, 1000.000000000000000 ) ;
#3241 = LINE ( 'NONE', #9098, #4451 ) ;
#3242 = EDGE_CURVE ( 'NONE', #9167, #410, #9598, .T. ) ;
#3243 = ADVANCED_FACE ( 'NONE', ( #10282 ), #6683, .F. ) ;
#3244 = EDGE_LOOP ( 'NONE', ( #922, #3436, #1398, #8734 ) ) ;
#3245 = DIRECTION ( 'NONE',  ( 0.000000000000000000, 0.000000000000000000, 1.000000000000000000 ) ) ;
#3246 = CARTESIAN_POINT ( 'NONE',  ( 2.468966427038000067, -5.150999830607999819, 0.8138839282250001084 ) ) ;
#3247 = SURFACE_SIDE_STYLE ('',( #4002 ) ) ;
#3248 = AXIS2_PLACEMENT_3D ( 'NONE', #7810, #472, #2918 ) ;
#3249 = UNCERTAINTY_MEASURE_WITH_UNIT (LENGTH_MEASURE( 1.000000000000000082E-05 ), #4683, 'distance_accuracy_value', 'NONE');
#3250 = CARTESIAN_POINT ( 'NONE',  ( 3.746256641338999938, -5.149999830640999754, 0.7138649639030000271 ) ) ;
#3251 = DIRECTION ( 'NONE',  ( -0.007092178509959120268, 8.685413711203698050E-19, -0.9999748501857349536 ) ) ;
#3252 = VECTOR ( 'NONE', #9409, 1000.000000000000000 ) ;
#3253 = ORIENTED_EDGE ( 'NONE', *, *, #5910, .T. ) ;
#3254 = ORIENTED_EDGE ( 'NONE', *, *, #177, .F. ) ;
#3255 = CARTESIAN_POINT ( 'NONE',  ( 3.605138512242000104, -5.150999830607999819, 0.7990883306699999578 ) ) ;
#3256 = AXIS2_PLACEMENT_3D ( 'NONE', #8533, #7042, #8755 ) ;
#3257 = VECTOR ( 'NONE', #9530, 1000.000000000000000 ) ;
#3258 = CARTESIAN_POINT ( 'NONE',  ( 3.730235930644000053, -5.149999830640999754, 0.7567137122360000356 ) ) ;
#3259 = ORIENTED_EDGE ( 'NONE', *, *, #6101, .F. ) ;
#3260 = DIRECTION ( 'NONE',  ( 0.3427414958530770051, -4.197372758314944766E-17, -0.9394297562992109940 ) ) ;
#3261 = CARTESIAN_POINT ( 'NONE',  ( 3.527966885400999786, -5.149999830640999754, 1.206815086515000024 ) ) ;
#3262 = DIRECTION ( 'NONE',  ( -1.000000000000000000, 1.224646799146999945E-16, 0.000000000000000000 ) ) ;
#3263 = FACE_OUTER_BOUND ( 'NONE', #1587, .T. ) ;
#3264 = FACE_OUTER_BOUND ( 'NONE', #6676, .T. ) ;
#3265 = STYLED_ITEM ( 'NONE', ( #9401 ), #9162 ) ;
#3266 = VECTOR ( 'NONE', #10278, 1000.000000000000000 ) ;
#3267 = CARTESIAN_POINT ( 'NONE',  ( 3.790630314849000371, -5.149999830640999754, 0.6370221451819999547 ) ) ;
#3268 = ORIENTED_EDGE ( 'NONE', *, *, #2691, .T. ) ;
#3269 = ORIENTED_EDGE ( 'NONE', *, *, #3389, .F. ) ;
#3270 = PRESENTATION_LAYER_ASSIGNMENT (  '', '', ( #3789 ) ) ;
#3271 = MECHANICAL_DESIGN_GEOMETRIC_PRESENTATION_REPRESENTATION (  '', ( #1918 ), #2766 ) ;
#3272 = ORIENTED_EDGE ( 'NONE', *, *, #2960, .T. ) ;
#3273 = VECTOR ( 'NONE', #4254, 1000.000000000000114 ) ;
#3274 = DIRECTION ( 'NONE',  ( -0.9999748501857351757, 0.000000000000000000, 0.007092178509932121899 ) ) ;
#3275 = ADVANCED_FACE ( 'NONE', ( #6398 ), #5076, .F. ) ;
#3276 = SURFACE_SIDE_STYLE ('',( #7268 ) ) ;
#3277 =( LENGTH_UNIT ( ) NAMED_UNIT ( * ) SI_UNIT ( .MILLI., .METRE. ) );
#3278 = EDGE_CURVE ( 'NONE', #4997, #8131, #7151, .T. ) ;
#3279 = CARTESIAN_POINT ( 'NONE',  ( 3.726515381758999990, -5.149999830640999754, 0.7232590538509999778 ) ) ;
#3280 = VECTOR ( 'NONE', #4937, 1000.000000000000000 ) ;
#3281 = DIRECTION ( 'NONE',  ( 0.007092178509964118874, -8.685413711209691544E-19, 0.9999748501857348426 ) ) ;
#3282 = LINE ( 'NONE', #6465, #364 ) ;
#3283 = EDGE_CURVE ( 'NONE', #3402, #4718, #9645, .T. ) ;
#3284 = EDGE_CURVE ( 'NONE', #5900, #6252, #2370, .T. ) ;
#3285 = VERTEX_POINT ( 'NONE', #2268 ) ;
#3286 = SURFACE_STYLE_FILL_AREA ( #6630 ) ;
#3287 = PLANE ( 'NONE',  #8830 ) ;
#3288 = CARTESIAN_POINT ( 'NONE',  ( 3.665475771162999941, -5.150999830607999819, 0.8252788685280000314 ) ) ;
#3289 = CARTESIAN_POINT ( 'NONE',  ( 3.649847018507999863, -5.149999830640999754, 1.062668429436999906 ) ) ;
#3290 = CARTESIAN_POINT ( 'NONE',  ( 3.525597980806999932, -5.150999830607999819, 1.129367977211000129 ) ) ;
#3291 = DIRECTION ( 'NONE',  ( 1.000000000000000000, 3.594029523009999694E-16, 0.000000000000000000 ) ) ;
#3292 = FACE_OUTER_BOUND ( 'NONE', #8966, .T. ) ;
#3293 = ORIENTED_EDGE ( 'NONE', *, *, #6507, .T. ) ;
#3294 = CARTESIAN_POINT ( 'NONE',  ( 3.506325696184000140, -5.150999830607999819, 1.072940411762999924 ) ) ;
#3295 = VERTEX_POINT ( 'NONE', #1410 ) ;
#3296 = DIRECTION ( 'NONE',  ( 1.224646799146999945E-16, 1.000000000000000000, 0.000000000000000000 ) ) ;
#3297 = CARTESIAN_POINT ( 'NONE',  ( 3.214000198588000234, -5.149999830640999754, 0.8606567064119999833 ) ) ;
#3298 = ORIENTED_EDGE ( 'NONE', *, *, #7153, .T. ) ;
#3299 = UNCERTAINTY_MEASURE_WITH_UNIT (LENGTH_MEASURE( 1.000000000000000082E-05 ), #7106, 'distance_accuracy_value', 'NONE');
#3300 = SURFACE_STYLE_USAGE ( .BOTH. , #5604 ) ;
#3301 = SURFACE_STYLE_USAGE ( .BOTH. , #2550 ) ;
#3302 = FACE_OUTER_BOUND ( 'NONE', #3699, .T. ) ;
#3303 = B_SPLINE_CURVE_WITH_KNOTS ( 'NONE', 3,
 ( #805, #10476, #5667, #3258 ),
 .UNSPECIFIED., .F., .F.,
 ( 4, 4 ),
 ( 3.000000000000000000, 4.000000000000000000 ),
 .UNSPECIFIED. ) ;
#3304 = LINE ( 'NONE', #8039, #1376 ) ;
#3305 = CARTESIAN_POINT ( 'NONE',  ( 3.498034028674999796, -5.150999830607999819, 1.128003794546999838 ) ) ;
#3306 = ORIENTED_EDGE ( 'NONE', *, *, #8762, .F. ) ;
#3307 = ORIENTED_EDGE ( 'NONE', *, *, #4866, .T. ) ;
#3308 = EDGE_CURVE ( 'NONE', #802, #2722, #2733, .T. ) ;
#3309 = PLANE ( 'NONE',  #1175 ) ;
#3310 = CARTESIAN_POINT ( 'NONE',  ( 3.545149352581999924, -5.150999830607999819, 1.071209362890999772 ) ) ;
#3311 = ORIENTED_EDGE ( 'NONE', *, *, #6957, .F. ) ;
#3312 = PLANE ( 'NONE',  #5154 ) ;
#3313 = DIRECTION ( 'NONE',  ( 0.007092178509961118670, -8.685413711205689461E-19, 0.9999748501857348426 ) ) ;
#3314 = CARTESIAN_POINT ( 'NONE',  ( 2.249999926008000362, 0.4499999852019999635, 7.450579042612001036E-10 ) ) ;
#3315 = CARTESIAN_POINT ( 'NONE',  ( 3.675701624449999816, -5.150999830607999819, 0.7057351577930000008 ) ) ;
#3316 = EDGE_CURVE ( 'NONE', #9240, #4342, #3912, .T. ) ;
#3317 = DIRECTION ( 'NONE',  ( -0.3216389368449140695, 3.938940944884949634E-17, 0.9468623945987471036 ) ) ;
#3318 = ORIENTED_EDGE ( 'NONE', *, *, #10329, .T. ) ;
#3319 = VERTEX_POINT ( 'NONE', #854 ) ;
#3320 = EDGE_CURVE ( 'NONE', #2297, #7287, #5013, .T. ) ;
#3321 = ORIENTED_EDGE ( 'NONE', *, *, #1263, .T. ) ;
#3322 = CARTESIAN_POINT ( 'NONE',  ( 4.221666978664000425, -5.150999830607999819, 0.7608187312990000173 ) ) ;
#3323 = CARTESIAN_POINT ( 'NONE',  ( 3.894058247552000029, -5.149999830640999754, 1.050538555919999784 ) ) ;
#3324 = CARTESIAN_POINT ( 'NONE',  ( 2.602670668108999941, -5.150999830607999819, 0.7044837779389999666 ) ) ;
#3325 = AXIS2_PLACEMENT_3D ( 'NONE', #7767, #6973, #477 ) ;
#3326 = VECTOR ( 'NONE', #2260, 1000.000000000000000 ) ;
#3327 = ORIENTED_EDGE ( 'NONE', *, *, #2925, .F. ) ;
#3328 = CARTESIAN_POINT ( 'NONE',  ( 4.110535209482000241, -5.149999830640999754, 1.188958154824000024 ) ) ;
#3329 = EDGE_CURVE ( 'NONE', #10077, #5225, #4222, .T. ) ;
#3330 = CARTESIAN_POINT ( 'NONE',  ( 2.317480007549999943, -5.149999830640999754, 1.066566350598999957 ) ) ;
#3331 = ORIENTED_EDGE ( 'NONE', *, *, #8727, .T. ) ;
#3332 = CARTESIAN_POINT ( 'NONE',  ( 2.942530655334999690, -5.149999830640999754, 0.7107495988190000169 ) ) ;
#3333 = FACE_OUTER_BOUND ( 'NONE', #2640, .T. ) ;
#3334 = AXIS2_PLACEMENT_3D ( 'NONE', #3581, #10061, #8426 ) ;
#3335 = DIRECTION ( 'NONE',  ( -2.446283049834999907E-16, -1.000000000000000000, 0.000000000000000000 ) ) ;
#3336 = CARTESIAN_POINT ( 'NONE',  ( 4.108560826473000027, -5.150999830607999819, 1.196458602886999900 ) ) ;
#3337 = FILL_AREA_STYLE_COLOUR ( '', #808 ) ;
#3338 = CARTESIAN_POINT ( 'NONE',  ( 4.761903816445999915, -1.166330053332000111E-15, 2.392385396886000049 ) ) ;
#3339 = DIRECTION ( 'NONE',  ( 0.007092178509967119078, -8.685413711212699846E-19, 0.9999748501857348426 ) ) ;
#3340 = ORIENTED_EDGE ( 'NONE', *, *, #1860, .F. ) ;
#3341 = CARTESIAN_POINT ( 'NONE',  ( 4.106841214493999637, -5.150999830607999819, 1.203229395199999940 ) ) ;
#3342 = VECTOR ( 'NONE', #5538, 1000.000000000000000 ) ;
#3343 = ORIENTED_EDGE ( 'NONE', *, *, #997, .F. ) ;
#3344 = CARTESIAN_POINT ( 'NONE',  ( 3.528221963638999981, -5.150999830607999819, 0.8176221140439999813 ) ) ;
#3345 = CARTESIAN_POINT ( 'NONE',  ( 3.525780790067999604, -5.150999830607999819, 0.7153246789210000456 ) ) ;
#3346 = VERTEX_POINT ( 'NONE', #8097 ) ;
#3347 = CARTESIAN_POINT ( 'NONE',  ( 4.148760050210000827, -5.149999830640999754, 0.8828865666539998935 ) ) ;
#3348 = SURFACE_STYLE_FILL_AREA ( #8998 ) ;
#3349 = VECTOR ( 'NONE', #197, 1000.000000000000000 ) ;
#3350 = CARTESIAN_POINT ( 'NONE',  ( 2.900751889309000298, -5.150999830607999819, 0.7327362610919999630 ) ) ;
#3351 = VECTOR ( 'NONE', #6732, 1000.000000000000000 ) ;
#3352 = DIRECTION ( 'NONE',  ( -1.000000000000000000, 1.224646799146999945E-16, 0.000000000000000000 ) ) ;
#3353 = ORIENTED_EDGE ( 'NONE', *, *, #4332, .F. ) ;
#3354 = ORIENTED_EDGE ( 'NONE', *, *, #10293, .T. ) ;
#3355 = CARTESIAN_POINT ( 'NONE',  ( 2.573105602522000268, -5.150999830607999819, 0.8174833403029999612 ) ) ;
#3356 = CARTESIAN_POINT ( 'NONE',  ( 3.489186710952999704, -5.149999830640999754, 1.053410049348999955 ) ) ;
#3357 = EDGE_LOOP ( 'NONE', ( #1294, #4394, #3008, #1140 ) ) ;
#3358 =( GEOMETRIC_REPRESENTATION_CONTEXT ( 3 ) GLOBAL_UNCERTAINTY_ASSIGNED_CONTEXT ( ( #696 ) ) GLOBAL_UNIT_ASSIGNED_CONTEXT ( ( #3629, #433, #5124 ) ) REPRESENTATION_CONTEXT ( 'NONE', 'WORKASPACE' ) );
#3359 = PLANE ( 'NONE',  #3445 ) ;
#3360 = AXIS2_PLACEMENT_3D ( 'NONE', #9280, #6077, #2835 ) ;
#3361 = CARTESIAN_POINT ( 'NONE',  ( 4.207317222172000548, -5.150999830607999819, 0.8633392320939999864 ) ) ;
#3362 = DIRECTION ( 'NONE',  ( 1.224646799146999945E-16, 1.000000000000000000, 0.000000000000000000 ) ) ;
#3363 = EDGE_CURVE ( 'NONE', #5442, #2534, #5018, .T. ) ;
#3364 = EDGE_CURVE ( 'NONE', #3176, #7897, #9906, .T. ) ;
#3365 = CARTESIAN_POINT ( 'NONE',  ( 3.952653765086000082, -5.149999830640999754, 1.036397826369999997 ) ) ;
#3366 = DIRECTION ( 'NONE',  ( 1.224646799146999945E-16, 1.000000000000000000, 0.000000000000000000 ) ) ;
#3367 = CARTESIAN_POINT ( 'NONE',  ( 3.578881952546999923, -5.149999830640999754, 0.7035104421690000498 ) ) ;
#3368 = ORIENTED_EDGE ( 'NONE', *, *, #2187, .F. ) ;
#3369 = CARTESIAN_POINT ( 'NONE',  ( -5.799999809265000472, -0.4499999852019999635, -3.712307892621000249 ) ) ;
#3370 = ORIENTED_EDGE ( 'NONE', *, *, #2339, .F. ) ;
#3371 = ORIENTED_EDGE ( 'NONE', *, *, #6050, .T. ) ;
#3372 = DIRECTION ( 'NONE',  ( 0.007092178509979118160, -8.685413711227697063E-19, 0.9999748501857347316 ) ) ;
#3373 = EDGE_CURVE ( 'NONE', #9924, #6391, #6921, .T. ) ;
#3374 = ORIENTED_EDGE ( 'NONE', *, *, #6364, .F. ) ;
#3375 = DIRECTION ( 'NONE',  ( 1.000000000000000000, -1.224646799146999945E-16, 0.000000000000000000 ) ) ;
#3377 = ADVANCED_FACE ( 'NONE', ( #3263 ), #1017, .F. ) ;
#3376 = TOROIDAL_SURFACE ( 'NONE', #9333, 4.499999852016000723, 0.4999999835569999274 ) ;
#3378 = ORIENTED_EDGE ( 'NONE', *, *, #6373, .T. ) ;
#3379 = ADVANCED_FACE ( 'NONE', ( #5815 ), #9155, .F. ) ;
#3380 = DIRECTION ( 'NONE',  ( -0.007092178509962118738, 8.685413711206696723E-19, -0.9999748501857348426 ) ) ;
#3381 = EDGE_CURVE ( 'NONE', #895, #7142, #592, .T. ) ;
#3382 = EDGE_LOOP ( 'NONE', ( #6852, #1864, #2885, #3151 ) ) ;
#3383 = FILL_AREA_STYLE ('',( #7378 ) ) ;
#3384 = VERTEX_POINT ( 'NONE', #8148 ) ;
#3385 = CARTESIAN_POINT ( 'NONE',  ( -5.149999830640999754, 3.649999879969000105, 0.04999999910078999771 ) ) ;
#3386 = FACE_OUTER_BOUND ( 'NONE', #1192, .T. ) ;
#3387 = ORIENTED_EDGE ( 'NONE', *, *, #7533, .F. ) ;
#3388 = FACE_OUTER_BOUND ( 'NONE', #4184, .T. ) ;
#3389 = EDGE_CURVE ( 'NONE', #8047, #3644, #6584, .T. ) ;
#3390 = DIRECTION ( 'NONE',  ( 0.000000000000000000, 0.000000000000000000, 1.000000000000000000 ) ) ;
#3391 = LINE ( 'NONE', #3179, #6923 ) ;
#3392 = LINE ( 'NONE', #6470, #3090 ) ;
#3393 = CARTESIAN_POINT ( 'NONE',  ( 4.004429102078000291, -5.150999830607999819, 1.130858920966000047 ) ) ;
#3394 = EDGE_CURVE ( 'NONE', #6771, #1937, #69, .T. ) ;
#3395 =( NAMED_UNIT ( * ) PLANE_ANGLE_UNIT ( ) SI_UNIT ( $, .RADIAN. ) );
#3396 = CARTESIAN_POINT ( 'NONE',  ( 3.721777607379000319, -5.150999830607999819, 0.7882791578680000688 ) ) ;
#3397 = VERTEX_POINT ( 'NONE', #9117 ) ;
#3398 = ADVANCED_FACE ( 'NONE', ( #7519 ), #1826, .F. ) ;
#3399 = ORIENTED_EDGE ( 'NONE', *, *, #6352, .F. ) ;
#3400 = DIRECTION ( 'NONE',  ( -1.000000000000000000, 2.446283049834999907E-16, 0.000000000000000000 ) ) ;
#3401 = CARTESIAN_POINT ( 'NONE',  ( 4.014970564279999543, -5.149999830640999754, 1.026493818694000026 ) ) ;
#3402 = VERTEX_POINT ( 'NONE', #6609 ) ;
#3403 = SURFACE_SIDE_STYLE ('',( #10482 ) ) ;
#3404 = LINE ( 'NONE', #8412, #4269 ) ;
#3405 =( NAMED_UNIT ( * ) PLANE_ANGLE_UNIT ( ) SI_UNIT ( $, .RADIAN. ) );
#3406 = B_SPLINE_SURFACE_WITH_KNOTS ( 'NONE', 3, 1, ( 
 ( #5879, #9295 ),
 ( #4398, #292 ),
 ( #5258, #2635 ),
 ( #4346, #9970 ) ),
 .UNSPECIFIED., .F., .F., .F.,
 ( 4, 4 ),
 ( 2, 2 ),
 ( 8.000000000000000000, 9.000000000000000000 ),
 ( 0.000000000000000000, 1.000000000000000000 ),
 .UNSPECIFIED. ) ;
#3407 = CARTESIAN_POINT ( 'NONE',  ( 4.004429102078000291, -5.150999830607999819, 1.130858920966000047 ) ) ;
#3408 = ADVANCED_FACE ( 'NONE', ( #911 ), #7534, .F. ) ;
#3409 = FACE_OUTER_BOUND ( 'NONE', #757, .T. ) ;
#3410 = DIRECTION ( 'NONE',  ( -0.9999748501857348426, 1.224615999507673436E-16, 0.007092178509966119010 ) ) ;
#3411 = ORIENTED_EDGE ( 'NONE', *, *, #53, .T. ) ;
#3412 = ORIENTED_EDGE ( 'NONE', *, *, #3373, .F. ) ;
#3413 = FACE_OUTER_BOUND ( 'NONE', #9047, .T. ) ;
#3414 = COLOUR_RGB ( '',1.000000000000000000, 1.000000000000000000, 1.000000000000000000 ) ;
#3415 = VECTOR ( 'NONE', #2018, 1000.000000000000000 ) ;
#3416 = CARTESIAN_POINT ( 'NONE',  ( 3.681927869545999599, -5.150999830607999819, 0.8432544265400000461 ) ) ;
#3417 = ORIENTED_EDGE ( 'NONE', *, *, #7813, .T. ) ;
#3418 =( NAMED_UNIT ( * ) PLANE_ANGLE_UNIT ( ) SI_UNIT ( $, .RADIAN. ) );
#3419 = ORIENTED_EDGE ( 'NONE', *, *, #9862, .F. ) ;
#3420 = DIRECTION ( 'NONE',  ( 0.000000000000000000, 0.000000000000000000, -1.000000000000000000 ) ) ;
#3421 = CARTESIAN_POINT ( 'NONE',  ( 3.547398067840000113, -5.149999830640999754, 1.190352664324999976 ) ) ;
#3422 = EDGE_CURVE ( 'NONE', #434, #3679, #2342, .T. ) ;
#3423 = CARTESIAN_POINT ( 'NONE',  ( 3.894049763800000008, -5.149999830640999754, 1.027351432164999911 ) ) ;
#3424 = VECTOR ( 'NONE', #9807, 1000.000000000000000 ) ;
#3425 = CARTESIAN_POINT ( 'NONE',  ( -4.499999852016000723, 1.972152198197999858E-31, 1.757602692597000082 ) ) ;
#3426 = AXIS2_PLACEMENT_3D ( 'NONE', #10471, #3251, #57 ) ;
#3427 = VECTOR ( 'NONE', #9106, 1000.000000000000000 ) ;
#3428 = ORIENTED_EDGE ( 'NONE', *, *, #831, .T. ) ;
#3429 = AXIS2_PLACEMENT_3D ( 'NONE', #9341, #6895, #10125 ) ;
#3430 = CARTESIAN_POINT ( 'NONE',  ( 3.746042449014000297, -5.149999830640999754, 0.8522617377569999819 ) ) ;
#3431 = B_SPLINE_SURFACE_WITH_KNOTS ( 'NONE', 3, 1, ( 
 ( #413, #9191 ),
 ( #5264, #2012 ),
 ( #1791, #7538 ),
 ( #3553, #4301 ),
 ( #8276, #7590 ),
 ( #250, #6791 ),
 ( #2753, #1151 ) ),
 .UNSPECIFIED., .F., .F., .F.,
 ( 4, 3, 4 ),
 ( 2, 2 ),
 ( 0.000000000000000000, 1.000000000000000000, 2.000000000000000000 ),
 ( 0.000000000000000000, 1.000000000000000000 ),
 .UNSPECIFIED. ) ;
#3432 = VERTEX_POINT ( 'NONE', #9846 ) ;
#3433 = CARTESIAN_POINT ( 'NONE',  ( 3.001148079577999894, -5.149999830640999754, 1.024120916380999891 ) ) ;
#3434 = VERTEX_POINT ( 'NONE', #5294 ) ;
#3435 = LINE ( 'NONE', #10018, #1573 ) ;
#3436 = ORIENTED_EDGE ( 'NONE', *, *, #7401, .F. ) ;
#3437 = VECTOR ( 'NONE', #1050, 1000.000000000000000 ) ;
#3438 = DIRECTION ( 'NONE',  ( 1.224646799146999945E-16, 1.000000000000000000, 0.000000000000000000 ) ) ;
#3439 = VECTOR ( 'NONE', #352, 1000.000000000000000 ) ;
#3440 = CARTESIAN_POINT ( 'NONE',  ( 4.109567374536999829, -5.150999830607999819, 1.191772435941999886 ) ) ;
#3441 = VECTOR ( 'NONE', #1890, 1000.000000000000227 ) ;
#3442 = ORIENTED_EDGE ( 'NONE', *, *, #8520, .F. ) ;
#3443 = EDGE_CURVE ( 'NONE', #9347, #4050, #7804, .T. ) ;
#3444 = EDGE_CURVE ( 'NONE', #10448, #3346, #2941, .T. ) ;
#3445 = AXIS2_PLACEMENT_3D ( 'NONE', #9843, #2560, #5809 ) ;
#3446 = CARTESIAN_POINT ( 'NONE',  ( 3.408191608997999555, -5.149999830640999754, 1.053984495517999997 ) ) ;
#3447 = ORIENTED_EDGE ( 'NONE', *, *, #6695, .T. ) ;
#3448 = CARTESIAN_POINT ( 'NONE',  ( 3.790111635170000159, -5.150999830607999819, 1.142984734057999940 ) ) ;
#3449 = VECTOR ( 'NONE', #7286, 1000.000000000000000 ) ;
#3450 = ORIENTED_EDGE ( 'NONE', *, *, #2603, .T. ) ;
#3451 = CARTESIAN_POINT ( 'NONE',  ( 3.746256641338999938, -5.150999830607999819, 0.7138649639030000271 ) ) ;
#3452 = CARTESIAN_POINT ( 'NONE',  ( 3.797024665003999822, -5.150999830607999819, 0.6369767941689999935 ) ) ;
#3453 = DIRECTION ( 'NONE',  ( -1.000000000000000000, 1.002889906438999904E-17, 0.000000000000000000 ) ) ;
#3454 = CARTESIAN_POINT ( 'NONE',  ( 3.691528408963000274, -5.150999830607999819, 0.7235071939480000047 ) ) ;
#3455 = CARTESIAN_POINT ( 'NONE',  ( 3.821446569039999908, -5.150999830607999819, 0.6791227954329999150 ) ) ;
#3456 = EDGE_CURVE ( 'NONE', #6671, #5181, #389, .T. ) ;
#3457 = CARTESIAN_POINT ( 'NONE',  ( 3.746256641338999938, -5.149999830640999754, 0.7138649639030000271 ) ) ;
#3458 = VERTEX_POINT ( 'NONE', #491 ) ;
#3459 = PLANE ( 'NONE',  #9559 ) ;
#3460 = ORIENTED_EDGE ( 'NONE', *, *, #8266, .T. ) ;
#3461 = B_SPLINE_SURFACE_WITH_KNOTS ( 'NONE', 3, 1, ( 
 ( #2396, #10516 ),
 ( #5651, #8895 ),
 ( #1598, #6481 ),
 ( #5793, #9826 ) ),
 .UNSPECIFIED., .F., .F., .F.,
 ( 4, 4 ),
 ( 2, 2 ),
 ( 1.000000000000000000, 2.000000000000000000 ),
 ( 0.000000000000000000, 1.000000000000000000 ),
 .UNSPECIFIED. ) ;
#3462 = DIRECTION ( 'NONE',  ( -1.224646799146999945E-16, -1.000000000000000000, 0.000000000000000000 ) ) ;
#3463 = CARTESIAN_POINT ( 'NONE',  ( 3.760120476255000010, -5.150999830607999819, 0.7627404645699999985 ) ) ;
#3464 = PLANE ( 'NONE',  #4026 ) ;
#3465 = CARTESIAN_POINT ( 'NONE',  ( 3.649847018507999863, -5.149999830640999754, 1.062668429436999906 ) ) ;
#3466 = B_SPLINE_CURVE_WITH_KNOTS ( 'NONE', 3,
 ( #10451, #781, #7330, #3178 ),
 .UNSPECIFIED., .F., .F.,
 ( 4, 4 ),
 ( 1.000000000000000000, 2.000000000000000000 ),
 .UNSPECIFIED. ) ;
#3467 = LINE ( 'NONE', #4956, #7835 ) ;
#3468 = DIRECTION ( 'NONE',  ( 0.007092178509963118806, -8.685413711207684725E-19, 0.9999748501857348426 ) ) ;
#3469 = VERTEX_POINT ( 'NONE', #9434 ) ;
#3470 = ORIENTED_EDGE ( 'NONE', *, *, #1053, .T. ) ;
#3471 = DIRECTION ( 'NONE',  ( -0.9919892169122050962, 1.214836419280250004E-16, -0.1263225772770260047 ) ) ;
#3472 = FACE_OUTER_BOUND ( 'NONE', #2413, .T. ) ;
#3473 = ORIENTED_EDGE ( 'NONE', *, *, #4358, .T. ) ;
#3474 = CARTESIAN_POINT ( 'NONE',  ( 3.894058247552000029, -5.150999830607999819, 1.050538555919999784 ) ) ;
#3475 = VERTEX_POINT ( 'NONE', #8586 ) ;
#3476 = DIRECTION ( 'NONE',  ( 0.007092178509968119146, -8.685413711213699404E-19, 0.9999748501857348426 ) ) ;
#3477 = EDGE_CURVE ( 'NONE', #7417, #10427, #6259, .T. ) ;
#3478 = CARTESIAN_POINT ( 'NONE',  ( 3.159884697628999817, -5.149999830640999754, 0.7742791034429999941 ) ) ;
#3479 = CARTESIAN_POINT ( 'NONE',  ( 2.749121908788000113, -5.149999830640999754, 0.7612861434059999821 ) ) ;
#3480 = LINE ( 'NONE', #9909, #4268 ) ;
#3481 = VERTEX_POINT ( 'NONE', #6885 ) ;
#3482 = CARTESIAN_POINT ( 'NONE',  ( 3.894058247552000029, -5.150999830607999819, 1.050538555919999784 ) ) ;
#3483 = ADVANCED_FACE ( 'NONE', ( #2728 ), #950, .F. ) ;
#3484 = LINE ( 'NONE', #4390, #7580 ) ;
#3485 = ORIENTED_EDGE ( 'NONE', *, *, #6262, .F. ) ;
#3486 = CARTESIAN_POINT ( 'NONE',  ( 3.651016558460999928, -5.150999830607999819, 1.227569882195999718 ) ) ;
#3487 = ORIENTED_EDGE ( 'NONE', *, *, #8058, .F. ) ;
#3488 = CARTESIAN_POINT ( 'NONE',  ( 3.525425425732000129, -5.150999830607999819, 1.105038254673000209 ) ) ;
#3489 = ORIENTED_EDGE ( 'NONE', *, *, #3096, .T. ) ;
#3490 = EDGE_CURVE ( 'NONE', #410, #3066, #9978, .T. ) ;
#3491 = LINE ( 'NONE', #2580, #7941 ) ;
#3492 = CARTESIAN_POINT ( 'NONE',  ( -5.799999809265000472, 0.4499999852019999635, -3.712307892621000249 ) ) ;
#3493 = VERTEX_POINT ( 'NONE', #4490 ) ;
#3494 = CARTESIAN_POINT ( 'NONE',  ( 3.580309636432999820, -5.150999830607999819, 1.212682557239000092 ) ) ;
#3495 = EDGE_LOOP ( 'NONE', ( #6929, #5628, #1500, #879 ) ) ;
#3496 = CARTESIAN_POINT ( 'NONE',  ( 3.575721517814999917, -5.149999830640999754, 1.049572983115000024 ) ) ;
#3497 = B_SPLINE_CURVE_WITH_KNOTS ( 'NONE', 3,
 ( #4348, #2587, #248, #79 ),
 .UNSPECIFIED., .F., .F.,
 ( 4, 4 ),
 ( 18.00000000000000000, 19.00000000000000000 ),
 .UNSPECIFIED. ) ;
#3498 = VERTEX_POINT ( 'NONE', #8530 ) ;
#3499 = CARTESIAN_POINT ( 'NONE',  ( 3.562050848458000019, -5.150999830607999819, 0.7933631763709999563 ) ) ;
#3500 = PRESENTATION_STYLE_ASSIGNMENT (( #9145 ) ) ;
#3501 = DIRECTION ( 'NONE',  ( -1.224646799147249916E-16, -1.000000000000000000, 0.000000000000000000 ) ) ;
#3502 = UNCERTAINTY_MEASURE_WITH_UNIT (LENGTH_MEASURE( 1.000000000000000082E-05 ), #918, 'distance_accuracy_value', 'NONE');
#3503 = CARTESIAN_POINT ( 'NONE',  ( 2.561179156617999997, -5.149999830640999754, 1.174735726246999956 ) ) ;
#3504 = EDGE_CURVE ( 'NONE', #128, #3285, #6772, .T. ) ;
#3505 = AXIS2_PLACEMENT_3D ( 'NONE', #4545, #1138, #9392 ) ;
#3506 = CARTESIAN_POINT ( 'NONE',  ( 4.359235304064999816, -5.150999830607999819, 0.8787943409569999309 ) ) ;
#3507 = CARTESIAN_POINT ( 'NONE',  ( 3.542652852009999798, -5.149999830640999754, 0.8291653461980000861 ) ) ;
#3508 = ADVANCED_FACE ( 'NONE', ( #4539 ), #2659, .F. ) ;
#3509 = B_SPLINE_CURVE_WITH_KNOTS ( 'NONE', 3,
 ( #7227, #3330, #7276, #2533 ),
 .UNSPECIFIED., .F., .F.,
 ( 4, 4 ),
 ( 6.000000000000000000, 7.000000000000000000 ),
 .UNSPECIFIED. ) ;
#3510 = VECTOR ( 'NONE', #8037, 1000.000000000000000 ) ;
#3511 = EDGE_LOOP ( 'NONE', ( #7267, #6081, #9283, #4024 ) ) ;
#3512 = CARTESIAN_POINT ( 'NONE',  ( 2.317480007549999943, -5.149999830640999754, 1.066566350598999957 ) ) ;
#3513 = ADVANCED_FACE ( 'NONE', ( #10064, #9229 ), #1990, .T. ) ;
#3514 = VERTEX_POINT ( 'NONE', #7780 ) ;
#3515 = CARTESIAN_POINT ( 'NONE',  ( 2.192932865141000054, -3.929509399037999895, 10.04999967024799901 ) ) ;
#3516 = CARTESIAN_POINT ( 'NONE',  ( 3.566033526276999766, -5.149999830640999754, 0.7245012268460000460 ) ) ;
#3517 = FILL_AREA_STYLE ('',( #3670 ) ) ;
#3518 = CARTESIAN_POINT ( 'NONE',  ( 3.703658988564999532, -5.149999830640999754, 0.7698995058010000836 ) ) ;
#3519 = VECTOR ( 'NONE', #10153, 1000.000000000000000 ) ;
#3520 = FACE_OUTER_BOUND ( 'NONE', #1150, .T. ) ;
#3521 = B_SPLINE_CURVE_WITH_KNOTS ( 'NONE', 3,
 ( #3451, #2643, #9144, #7479 ),
 .UNSPECIFIED., .F., .F.,
 ( 4, 4 ),
 ( 17.00000000000000000, 18.00000000000000000 ),
 .UNSPECIFIED. ) ;
#3522 = ORIENTED_EDGE ( 'NONE', *, *, #6375, .F. ) ;
#3523 = ORIENTED_EDGE ( 'NONE', *, *, #8427, .F. ) ;
#3524 = DIRECTION ( 'NONE',  ( 1.224646799146999945E-16, 1.000000000000000000, 0.000000000000000000 ) ) ;
#3525 = EDGE_CURVE ( 'NONE', #5865, #8214, #9445, .T. ) ;
#3526 = CARTESIAN_POINT ( 'NONE',  ( 3.605306642827999841, -5.149999830640999754, 0.8227942141690000044 ) ) ;
#3527 = ORIENTED_EDGE ( 'NONE', *, *, #8795, .T. ) ;
#3528 = ORIENTED_EDGE ( 'NONE', *, *, #1657, .T. ) ;
#3529 = CARTESIAN_POINT ( 'NONE',  ( 4.246966027222000228, -5.149999830640999754, 0.8606665253440000107 ) ) ;
#3530 = ORIENTED_EDGE ( 'NONE', *, *, #9403, .F. ) ;
#3531 = LINE ( 'NONE', #5291, #6560 ) ;
#3532 = LINE ( 'NONE', #4382, #1045 ) ;
#3533 = VECTOR ( 'NONE', #7703, 1000.000000000000000 ) ;
#3534 = CARTESIAN_POINT ( 'NONE',  ( 4.149965700284000469, -5.150999830607999819, 0.9062731564849999533 ) ) ;
#3535 =( LENGTH_UNIT ( ) NAMED_UNIT ( * ) SI_UNIT ( .MILLI., .METRE. ) );
#3536 = CARTESIAN_POINT ( 'NONE',  ( 8.299999727051998732, -0.4999999835569999274, 0.3499999892349999753 ) ) ;
#3537 = ORIENTED_EDGE ( 'NONE', *, *, #8933, .T. ) ;
#3538 = CARTESIAN_POINT ( 'NONE',  ( 3.558356892921999748, -5.149999830640999754, 1.056870649055999811 ) ) ;
#3539 = PRESENTATION_LAYER_ASSIGNMENT (  '', '', ( #1831 ) ) ;
#3540 = B_SPLINE_CURVE_WITH_KNOTS ( 'NONE', 3,
 ( #2610, #6207, #2081, #4576, #8673, #1221 ),
 .UNSPECIFIED., .F., .F.,
 ( 4, 2, 4 ),
 ( 2.000000000000000000, 3.000000000000000000, 4.000000000000000000 ),
 .UNSPECIFIED. ) ;
#3541 = DIRECTION ( 'NONE',  ( 1.000000000000000000, -1.224646799146999945E-16, 0.000000000000000000 ) ) ;
#3542 = EDGE_LOOP ( 'NONE', ( #9627, #3833, #4638, #2004 ) ) ;
#3543 = DIRECTION ( 'NONE',  ( 1.224646799146999945E-16, 1.000000000000000000, 0.000000000000000000 ) ) ;
#3544 = ORIENTED_EDGE ( 'NONE', *, *, #10142, .F. ) ;
#3545 = ADVANCED_FACE ( 'NONE', ( #4384 ), #4432, .T. ) ;
#3546 = VERTEX_POINT ( 'NONE', #2785 ) ;
#3547 = DIRECTION ( 'NONE',  ( 1.000000000000000000, -2.449293598295002237E-16, 0.000000000000000000 ) ) ;
#3548 = CARTESIAN_POINT ( 'NONE',  ( 2.954723762168999457, -5.150999830607999819, 0.7988705317950000051 ) ) ;
#3549 = ADVANCED_FACE ( 'NONE', ( #6471 ), #7231, .F. ) ;
#3550 = ORIENTED_EDGE ( 'NONE', *, *, #7254, .T. ) ;
#3551 = CARTESIAN_POINT ( 'NONE',  ( 4.362929299053000420, -5.149999830640999754, 0.8645231005819999925 ) ) ;
#3552 = EDGE_LOOP ( 'NONE', ( #8107, #485, #1571, #5832 ) ) ;
#3553 = CARTESIAN_POINT ( 'NONE',  ( 2.659462695015000211, -5.150999830607999819, 0.7604759268000000905 ) ) ;
#3554 = VERTEX_POINT ( 'NONE', #9729 ) ;
#3555 = CARTESIAN_POINT ( 'NONE',  ( 2.361166224039000117, -5.149999830640999754, 1.109637203277999973 ) ) ;
#3556 = SURFACE_STYLE_FILL_AREA ( #5267 ) ;
#3557 = CARTESIAN_POINT ( 'NONE',  ( 3.664698908099000008, -5.150999830607999819, 0.7377345627810000250 ) ) ;
#3558 = CARTESIAN_POINT ( 'NONE',  ( 2.383152860003000306, -5.149999830640999754, 0.9475267208019999554 ) ) ;
#3559 = VECTOR ( 'NONE', #10225, 1000.000000000000000 ) ;
#3560 = AXIS2_PLACEMENT_3D ( 'NONE', #3723, #2131, #1321 ) ;
#3561 = CARTESIAN_POINT ( 'NONE',  ( 3.976639133456000508, -5.150999830607999819, 1.104957438125000024 ) ) ;
#3562 = FACE_OUTER_BOUND ( 'NONE', #8055, .T. ) ;
#3563 = ORIENTED_EDGE ( 'NONE', *, *, #7309, .F. ) ;
#3564 = PLANE ( 'NONE',  #3977 ) ;
#3565 = CARTESIAN_POINT ( 'NONE',  ( 4.225613530116000049, -5.150999830607999819, 0.7308449608110000328 ) ) ;
#3566 = LINE ( 'NONE', #6706, #6272 ) ;
#3567 = VECTOR ( 'NONE', #6758, 1000.000000000000000 ) ;
#3568 = LINE ( 'NONE', #1869, #6649 ) ;
#3569 = CARTESIAN_POINT ( 'NONE',  ( 3.545194644417000163, -5.149999830640999754, 0.7037493645800000364 ) ) ;
#3570 = ORIENTED_EDGE ( 'NONE', *, *, #5790, .T. ) ;
#3571 = ORIENTED_EDGE ( 'NONE', *, *, #430, .T. ) ;
#3572 = LINE ( 'NONE', #10054, #8304 ) ;
#3573 = VECTOR ( 'NONE', #660, 1000.000000000000114 ) ;
#3574 = EDGE_CURVE ( 'NONE', #3384, #1199, #8837, .T. ) ;
#3575 = EDGE_CURVE ( 'NONE', #4905, #3402, #1078, .T. ) ;
#3576 = CARTESIAN_POINT ( 'NONE',  ( 3.005485920816999723, -5.149999830640999754, 1.024090150862999815 ) ) ;
#3577 = VERTEX_POINT ( 'NONE', #8025 ) ;
#3578 = EDGE_LOOP ( 'NONE', ( #2457, #10335, #4658, #4959 ) ) ;
#3579 = CARTESIAN_POINT ( 'NONE',  ( 2.900915972334000337, -5.149999830640999754, 0.7558714511360000721 ) ) ;
#3580 = VERTEX_POINT ( 'NONE', #4742 ) ;
#3581 = CARTESIAN_POINT ( 'NONE',  ( 3.479283045296999610, -5.150999830607999819, 0.8225442560619999899 ) ) ;
#3582 = DIRECTION ( 'NONE',  ( -1.000000000000000000, 1.224646799146999945E-16, 0.000000000000000000 ) ) ;
#3583 = DIRECTION ( 'NONE',  ( -0.9999748501857348426, 1.224615999507674915E-16, 0.007092178509968119146 ) ) ;
#3584 = CARTESIAN_POINT ( 'NONE',  ( 3.665384331722000066, -5.149999830640999754, 0.8123861950469999371 ) ) ;
#3585 = ORIENTED_EDGE ( 'NONE', *, *, #7140, .T. ) ;
#3586 = EDGE_CURVE ( 'NONE', #2313, #4691, #8163, .T. ) ;
#3587 = CARTESIAN_POINT ( 'NONE',  ( 4.393053853472999926, -5.150999830607999819, 0.7797750046479999808 ) ) ;
#3588 = LINE ( 'NONE', #285, #4532 ) ;
#3589 = VERTEX_POINT ( 'NONE', #1642 ) ;
#3590 = ORIENTED_EDGE ( 'NONE', *, *, #9141, .F. ) ;
#3591 = FACE_OUTER_BOUND ( 'NONE', #9180, .T. ) ;
#3592 = CARTESIAN_POINT ( 'NONE',  ( 2.748557872854000106, -5.150999830607999819, 0.6817588517870000198 ) ) ;
#3593 = COLOUR_RGB ( '',0.2470588235294117752, 0.2470588235294117752, 0.2470588235294117752 ) ;
#3594 = B_SPLINE_SURFACE_WITH_KNOTS ( 'NONE', 3, 1, ( 
 ( #5682, #7960 ),
 ( #5388, #1525 ),
 ( #8632, #3279 ),
 ( #3173, #8924 ) ),
 .UNSPECIFIED., .F., .F., .F.,
 ( 4, 4 ),
 ( 2, 2 ),
 ( 1.000000000000000000, 2.000000000000000000 ),
 ( 0.000000000000000000, 1.000000000000000000 ),
 .UNSPECIFIED. ) ;
#3595 = VERTEX_POINT ( 'NONE', #1338 ) ;
#3596 = CARTESIAN_POINT ( 'NONE',  ( 3.736688164383000110, -5.150999830607999819, 0.7428388230599999309 ) ) ;
#3597 =( NAMED_UNIT ( * ) PLANE_ANGLE_UNIT ( ) SI_UNIT ( $, .RADIAN. ) );
#3598 = STYLED_ITEM ( 'NONE', ( #9481 ), #9495 ) ;
#3599 = AXIS2_PLACEMENT_3D ( 'NONE', #9719, #9871, #931 ) ;
#3600 = VERTEX_POINT ( 'NONE', #4144 ) ;
#3601 = ORIENTED_EDGE ( 'NONE', *, *, #7150, .T. ) ;
#3602 = B_SPLINE_CURVE_WITH_KNOTS ( 'NONE', 3,
 ( #4735, #6200, #7961, #9458 ),
 .UNSPECIFIED., .F., .F.,
 ( 4, 4 ),
 ( 11.00000000000000000, 12.00000000000000000 ),
 .UNSPECIFIED. ) ;
#3603 = LINE ( 'NONE', #9450, #1223 ) ;
#3604 = ADVANCED_FACE ( 'NONE', ( #3935 ), #7182, .T. ) ;
#3605 = VECTOR ( 'NONE', #5842, 1000.000000000000000 ) ;
#3606 = ORIENTED_EDGE ( 'NONE', *, *, #2496, .F. ) ;
#3607 = PRESENTATION_LAYER_ASSIGNMENT (  '', '', ( #10049 ) ) ;
#3608 = CARTESIAN_POINT ( 'NONE',  ( 3.545149352581999924, -5.150999830607999819, 1.071209362890999772 ) ) ;
#3609 = FILL_AREA_STYLE_COLOUR ( '', #6553 ) ;
#3610 = EDGE_CURVE ( 'NONE', #9972, #8633, #8831, .T. ) ;
#3611 = DIRECTION ( 'NONE',  ( 1.224646799146999945E-16, 1.000000000000000000, 0.000000000000000000 ) ) ;
#3612 = SURFACE_STYLE_USAGE ( .BOTH. , #8404 ) ;
#3613 = CIRCLE ( 'NONE', #9551, 4.999999835572999984 ) ;
#3614 = CARTESIAN_POINT ( 'NONE',  ( 0.000000000000000000, 0.000000000000000000, 2.086424435345000106 ) ) ;
#3615 = EDGE_CURVE ( 'NONE', #8183, #6325, #5904, .T. ) ;
#3616 = VECTOR ( 'NONE', #3339, 1000.000000000000114 ) ;
#3617 = ADVANCED_FACE ( 'NONE', ( #883 ), #7282, .F. ) ;
#3618 = CARTESIAN_POINT ( 'NONE',  ( 3.693452294140000092, -5.149999830640999754, 0.8041807899890000000 ) ) ;
#3619 = ORIENTED_EDGE ( 'NONE', *, *, #3028, .T. ) ;
#3620 = CARTESIAN_POINT ( 'NONE',  ( 3.566033526276999766, -5.150999830607999819, 0.7245012268460000460 ) ) ;
#3621 = PLANE ( 'NONE',  #4577 ) ;
#3622 = VECTOR ( 'NONE', #791, 1000.000000000000000 ) ;
#3623 = SURFACE_SIDE_STYLE ('',( #10200 ) ) ;
#3624 = CARTESIAN_POINT ( 'NONE',  ( 3.864529866352000020, -5.149999830640999754, 1.050747981738000103 ) ) ;
#3625 =( NAMED_UNIT ( * ) PLANE_ANGLE_UNIT ( ) SI_UNIT ( $, .RADIAN. ) );
#3626 = CARTESIAN_POINT ( 'NONE',  ( 3.379485740960999962, -5.149999830640999754, 0.7083559185690000426 ) ) ;
#3627 = EDGE_LOOP ( 'NONE', ( #8820, #6328, #7722, #3680 ) ) ;
#3628 = DIRECTION ( 'NONE',  ( -1.000000000000000000, 1.224646799146999945E-16, 0.000000000000000000 ) ) ;
#3629 =( LENGTH_UNIT ( ) NAMED_UNIT ( * ) SI_UNIT ( .MILLI., .METRE. ) );
#3630 = ORIENTED_EDGE ( 'NONE', *, *, #6333, .T. ) ;
#3631 = ORIENTED_EDGE ( 'NONE', *, *, #6295, .F. ) ;
#3632 = DIRECTION ( 'NONE',  ( 1.224646799146999945E-16, 1.000000000000000000, 0.000000000000000000 ) ) ;
#3633 = VECTOR ( 'NONE', #1474, 1000.000000000000000 ) ;
#3634 = ORIENTED_EDGE ( 'NONE', *, *, #9382, .F. ) ;
#3635 = DIRECTION ( 'NONE',  ( 1.224646799146999945E-16, 1.000000000000000000, 0.000000000000000000 ) ) ;
#3636 = PLANE ( 'NONE',  #10050 ) ;
#3637 = CARTESIAN_POINT ( 'NONE',  ( 4.226662871448999326, -5.149999830640999754, 0.8787987863330000149 ) ) ;
#3638 = CARTESIAN_POINT ( 'NONE',  ( 3.072553469417000027, -5.150999830607999819, 1.101699746831000137 ) ) ;
#3639 = EDGE_CURVE ( 'NONE', #721, #9075, #3180, .T. ) ;
#3640 = CARTESIAN_POINT ( 'NONE',  ( 3.665320914043999956, -5.149999830640999754, 0.8034445021470000281 ) ) ;
#3641 = ORIENTED_EDGE ( 'NONE', *, *, #7751, .T. ) ;
#3642 = DIRECTION ( 'NONE',  ( 1.224646799146999945E-16, 1.000000000000000000, 0.000000000000000000 ) ) ;
#3643 = CARTESIAN_POINT ( 'NONE',  ( 4.105809961871999647, -5.149999830640999754, 1.197101983420000071 ) ) ;
#3644 = VERTEX_POINT ( 'NONE', #1591 ) ;
#3645 =( NAMED_UNIT ( * ) SI_UNIT ( $, .STERADIAN. ) SOLID_ANGLE_UNIT ( ) );
#3646 = EDGE_LOOP ( 'NONE', ( #816, #6813, #9825, #2512 ) ) ;
#3647 = SURFACE_SIDE_STYLE ('',( #1194 ) ) ;
#3648 = VERTEX_POINT ( 'NONE', #4849 ) ;
#3649 = EDGE_CURVE ( 'NONE', #10427, #6513, #9569, .T. ) ;
#3650 = CARTESIAN_POINT ( 'NONE',  ( 4.172289670672999939, -5.150999830607999819, 0.7259202540879999832 ) ) ;
#3651 = DIRECTION ( 'NONE',  ( 0.007092178509968119146, -8.685413711213699404E-19, 0.9999748501857348426 ) ) ;
#3652 = VERTEX_POINT ( 'NONE', #10511 ) ;
#3653 = EDGE_CURVE ( 'NONE', #3679, #5356, #4763, .T. ) ;
#3654 = VERTEX_POINT ( 'NONE', #2700 ) ;
#3655 = B_SPLINE_CURVE_WITH_KNOTS ( 'NONE', 3,
 ( #4563, #3767, #3868, #463 ),
 .UNSPECIFIED., .F., .F.,
 ( 4, 4 ),
 ( 7.000000000000000000, 8.000000000000000000 ),
 .UNSPECIFIED. ) ;
#3656 = FACE_OUTER_BOUND ( 'NONE', #9449, .T. ) ;
#3657 = EDGE_CURVE ( 'NONE', #2692, #438, #145, .T. ) ;
#3658 = ORIENTED_EDGE ( 'NONE', *, *, #3190, .T. ) ;
#3659 = CARTESIAN_POINT ( 'NONE',  ( 3.865641887946999589, -5.150999830607999819, 1.207539526985000000 ) ) ;
#3660 = CARTESIAN_POINT ( 'NONE',  ( 4.355807136685999836, -5.149999830640999754, 0.8645736134990000821 ) ) ;
#3661 = CARTESIAN_POINT ( 'NONE',  ( 4.172289670672999939, -5.149999830640999754, 0.7259202540879999832 ) ) ;
#3662 = DIRECTION ( 'NONE',  ( -0.9999748501857348426, 1.224615999507675655E-16, 0.007092178509961118670 ) ) ;
#3663 = CARTESIAN_POINT ( 'NONE',  ( 3.651016558460999928, -5.149999830640999754, 1.227569882195999718 ) ) ;
#3664 = CARTESIAN_POINT ( 'NONE',  ( 3.539325696542000355, -5.150999830607999819, 0.7412232144229998765 ) ) ;
#3665 = CARTESIAN_POINT ( 'NONE',  ( 3.558550793576000348, -5.150999830607999819, 0.8349793613089999678 ) ) ;
#3666 = CARTESIAN_POINT ( 'NONE',  ( 3.846236436124000235, -5.149999830640999754, 0.7291685456179999303 ) ) ;
#3667 = EDGE_LOOP ( 'NONE', ( #959, #5406, #9949, #2321 ) ) ;
#3668 = FILL_AREA_STYLE ('',( #425 ) ) ;
#3669 = SURFACE_SIDE_STYLE ('',( #6204 ) ) ;
#3670 = FILL_AREA_STYLE_COLOUR ( '', #5397 ) ;
#3671 = CARTESIAN_POINT ( 'NONE',  ( 2.527942810622999747, -5.150999830607999819, 1.177863494496000030 ) ) ;
#3672 = FACE_OUTER_BOUND ( 'NONE', #8234, .T. ) ;
#3673 = CARTESIAN_POINT ( 'NONE',  ( 2.556246514417000348, -5.150999830607999819, 1.090901427855000216 ) ) ;
#3674 = ADVANCED_FACE ( 'NONE', ( #8338 ), #1044, .F. ) ;
#3675 = VERTEX_POINT ( 'NONE', #3393 ) ;
#3676 = CARTESIAN_POINT ( 'NONE',  ( 3.697120481929000224, -5.149999830640999754, 0.8009314433930000421 ) ) ;
#3677 = B_SPLINE_SURFACE_WITH_KNOTS ( 'NONE', 3, 1, ( 
 ( #7567, #10111 ),
 ( #276, #1988 ),
 ( #9329, #5239 ),
 ( #1283, #4431 ) ),
 .UNSPECIFIED., .F., .F., .F.,
 ( 4, 4 ),
 ( 2, 2 ),
 ( 8.000000000000000000, 9.000000000000000000 ),
 ( 0.000000000000000000, 1.000000000000000000 ),
 .UNSPECIFIED. ) ;
#3678 = CARTESIAN_POINT ( 'NONE',  ( 3.479117864370000035, -5.150999830607999819, 0.7992542652559999627 ) ) ;
#3679 = VERTEX_POINT ( 'NONE', #1856 ) ;
#3680 = ORIENTED_EDGE ( 'NONE', *, *, #977, .T. ) ;
#3681 = CARTESIAN_POINT ( 'NONE',  ( 3.974268781878000478, -5.150999830607999819, 1.203233840576000135 ) ) ;
#3682 = ORIENTED_EDGE ( 'NONE', *, *, #1522, .T. ) ;
#3683 = LINE ( 'NONE', #2304, #4114 ) ;
#3684 = CARTESIAN_POINT ( 'NONE',  ( 4.192261119651999657, -5.150999830607999819, 0.8992535779659999173 ) ) ;
#3685 = VECTOR ( 'NONE', #1508, 1000.000000000000114 ) ;
#3686 = FACE_OUTER_BOUND ( 'NONE', #2526, .T. ) ;
#3687 = CARTESIAN_POINT ( 'NONE',  ( 3.578881952546999923, -5.149999830640999754, 0.7035104421690000498 ) ) ;
#3688 =( NAMED_UNIT ( * ) SI_UNIT ( $, .STERADIAN. ) SOLID_ANGLE_UNIT ( ) );
#3689 = ORIENTED_EDGE ( 'NONE', *, *, #9100, .F. ) ;
#3690 = LINE ( 'NONE', #2106, #5083 ) ;
#3691 =( REPRESENTATION_RELATIONSHIP ('NONE','NONE', #9077, #5061 ) REPRESENTATION_RELATIONSHIP_WITH_TRANSFORMATION ( #1550 )SHAPE_REPRESENTATION_RELATIONSHIP( ) );
#3692 = FILL_AREA_STYLE_COLOUR ( '', #9946 ) ;
#3693 = VECTOR ( 'NONE', #8512, 1000.000000000000114 ) ;
#3694 = ORIENTED_EDGE ( 'NONE', *, *, #2323, .T. ) ;
#3695 = B_SPLINE_CURVE_WITH_KNOTS ( 'NONE', 3,
 ( #6529, #4944, #90, #256 ),
 .UNSPECIFIED., .F., .F.,
 ( 4, 4 ),
 ( 1.000000000000000000, 2.000000000000000000 ),
 .UNSPECIFIED. ) ;
#3696 = LINE ( 'NONE', #7578, #4633 ) ;
#3697 = ADVANCED_FACE ( 'NONE', ( #4356 ), #4191, .F. ) ;
#3698 = EDGE_CURVE ( 'NONE', #6978, #1330, #4621, .T. ) ;
#3699 = EDGE_LOOP ( 'NONE', ( #3740, #3473, #9806, #6189 ) ) ;
#3700 =( LENGTH_UNIT ( ) NAMED_UNIT ( * ) SI_UNIT ( .MILLI., .METRE. ) );
#3701 = CARTESIAN_POINT ( 'NONE',  ( 3.836696332234999840, -5.150999830607999819, 0.6521882106309999649 ) ) ;
#3702 = ORIENTED_EDGE ( 'NONE', *, *, #10445, .F. ) ;
#3703 = CARTESIAN_POINT ( 'NONE',  ( 3.821446569039999908, -5.150999830607999819, 0.6791227954329999150 ) ) ;
#3704 = CARTESIAN_POINT ( 'NONE',  ( 3.498034028674999796, -5.150999830607999819, 1.128003794546999838 ) ) ;
#3705 = VECTOR ( 'NONE', #9624, 1000.000000000000114 ) ;
#3706 = ORIENTED_EDGE ( 'NONE', *, *, #1818, .F. ) ;
#3707 = AXIS2_PLACEMENT_3D ( 'NONE', #1206, #3713, #5323 ) ;
#3708 = ORIENTED_EDGE ( 'NONE', *, *, #8618, .T. ) ;
#3709 = EDGE_CURVE ( 'NONE', #237, #1282, #9196, .T. ) ;
#3710 = EDGE_CURVE ( 'NONE', #7306, #383, #6240, .T. ) ;
#3711 = ORIENTED_EDGE ( 'NONE', *, *, #7173, .T. ) ;
#3712 = CARTESIAN_POINT ( 'NONE',  ( 3.605138512242000104, -5.150999830607999819, 0.7990883306699999578 ) ) ;
#3713 = DIRECTION ( 'NONE',  ( 0.9999748501857348426, -1.224615999507674669E-16, -0.007092178509965118942 ) ) ;
#3714 = CARTESIAN_POINT ( 'NONE',  ( 3.533046080536999867, -5.149999830640999754, 1.175273606865000042 ) ) ;
#3715 = DIRECTION ( 'NONE',  ( 1.224646799146999945E-16, 1.000000000000000000, 0.000000000000000000 ) ) ;
#3716 = UNCERTAINTY_MEASURE_WITH_UNIT (LENGTH_MEASURE( 1.000000000000000082E-05 ), #3809, 'distance_accuracy_value', 'NONE');
#3717 = DIRECTION ( 'NONE',  ( -0.9422431202175735043, 1.153915021192478661E-16, -0.3349296977018482724 ) ) ;
#3718 = EDGE_CURVE ( 'NONE', #3498, #9897, #436, .T. ) ;
#3719 = CARTESIAN_POINT ( 'NONE',  ( 3.613491401429000049, -5.150999830607999819, 0.8552814051569999076 ) ) ;
#3720 = PLANE ( 'NONE',  #5800 ) ;
#3721 = VERTEX_POINT ( 'NONE', #1968 ) ;
#3722 = DIRECTION ( 'NONE',  ( 0.000000000000000000, -1.000000000000000000, 1.726713446069499927E-14 ) ) ;
#3723 = CARTESIAN_POINT ( 'NONE',  ( 5.149999830640999754, -5.149999830640999754, 2.049999933330000079 ) ) ;
#3724 = ADVANCED_FACE ( 'NONE', ( #1912 ), #5165, .F. ) ;
#3725 = VECTOR ( 'NONE', #7723, 1000.000000000000000 ) ;
#3726 = CARTESIAN_POINT ( 'NONE',  ( 4.146443853371999388, -5.150999830607999819, 0.7029163779229998799 ) ) ;
#3727 = CARTESIAN_POINT ( 'NONE',  ( 2.549621816834000132, -5.150999830607999819, 1.176263724030999880 ) ) ;
#3728 = VECTOR ( 'NONE', #1965, 1000.000000000000000 ) ;
#3729 = CARTESIAN_POINT ( 'NONE',  ( 2.292037407335999699, -5.149999830640999754, 0.9452808309360000161 ) ) ;
#3730 = LINE ( 'NONE', #6924, #7575 ) ;
#3731 = EDGE_LOOP ( 'NONE', ( #4366, #8125, #2622, #724 ) ) ;
#3732 = SURFACE_SIDE_STYLE ('',( #3032 ) ) ;
#3733 = DIRECTION ( 'NONE',  ( 1.224646799146999945E-16, 1.000000000000000000, 0.000000000000000000 ) ) ;
#3734 = EDGE_LOOP ( 'NONE', ( #8661, #8328, #3826, #5418 ) ) ;
#3735 = ORIENTED_EDGE ( 'NONE', *, *, #4840, .F. ) ;
#3736 = LINE ( 'NONE', #2140, #301 ) ;
#3737 = B_SPLINE_CURVE_WITH_KNOTS ( 'NONE', 3,
 ( #947, #4205, #1064, #7554, #5853, #1866 ),
 .UNSPECIFIED., .F., .F.,
 ( 4, 2, 4 ),
 ( 2.000000000000000000, 3.000000000000000000, 4.000000000000000000 ),
 .UNSPECIFIED. ) ;
#3738 = CARTESIAN_POINT ( 'NONE',  ( 3.754499658035000298, -5.149999830640999754, 0.7692269904199999786 ) ) ;
#3739 = EDGE_CURVE ( 'NONE', #36, #6897, #4467, .T. ) ;
#3740 = ORIENTED_EDGE ( 'NONE', *, *, #5293, .F. ) ;
#3741 = CARTESIAN_POINT ( 'NONE',  ( -1.999999934228999798, 0.4999999835569999274, 0.04999999910078999771 ) ) ;
#3742 = EDGE_CURVE ( 'NONE', #8223, #8102, #2809, .T. ) ;
#3743 = DIRECTION ( 'NONE',  ( -0.9999748501857348426, 0.000000000000000000, 0.007092178509962118738 ) ) ;
#3744 = CARTESIAN_POINT ( 'NONE',  ( 4.149965700284000469, -5.149999830640999754, 0.9062731564849999533 ) ) ;
#3745 = ADVANCED_FACE ( 'NONE', ( #10092 ), #8260, .F. ) ;
#3746 =( NAMED_UNIT ( * ) SI_UNIT ( $, .STERADIAN. ) SOLID_ANGLE_UNIT ( ) );
#3747 = CARTESIAN_POINT ( 'NONE',  ( 4.103413047115000545, -5.149999830640999754, 1.189008667740999892 ) ) ;
#3748 = ORIENTED_EDGE ( 'NONE', *, *, #5175, .T. ) ;
#3749 = CARTESIAN_POINT ( 'NONE',  ( 4.090506286169000028, -5.150999830607999819, 0.7033131071129999912 ) ) ;
#3750 = LINE ( 'NONE', #3852, #1287 ) ;
#3751 = VERTEX_POINT ( 'NONE', #8996 ) ;
#3752 = CARTESIAN_POINT ( 'NONE',  ( 3.406553810614000088, -5.150999830607999819, 0.8230600777500000076 ) ) ;
#3753 = EDGE_CURVE ( 'NONE', #8432, #10492, #2403, .T. ) ;
#3754 = EDGE_CURVE ( 'NONE', #3595, #8633, #7240, .T. ) ;
#3755 = ORIENTED_EDGE ( 'NONE', *, *, #654, .F. ) ;
#3756 = CARTESIAN_POINT ( 'NONE',  ( 3.672447498579999969, -5.149999830640999754, 0.7893568734279999832 ) ) ;
#3757 = CARTESIAN_POINT ( 'NONE',  ( 3.746042449014000297, -5.150999830607999819, 0.8522617377569999819 ) ) ;
#3758 = CARTESIAN_POINT ( 'NONE',  ( 2.659688309465999989, -5.149999830640999754, 0.7922868544789999357 ) ) ;
#3759 = FACE_OUTER_BOUND ( 'NONE', #3055, .T. ) ;
#3760 = CARTESIAN_POINT ( 'NONE',  ( 4.042340543815000409, -5.150999830607999819, 0.7952596890100001037 ) ) ;
#3761 = ORIENTED_EDGE ( 'NONE', *, *, #3381, .F. ) ;
#3762 = ORIENTED_EDGE ( 'NONE', *, *, #5910, .F. ) ;
#3763 = VECTOR ( 'NONE', #4774, 1000.000000000000000 ) ;
#3764 = CIRCLE ( 'NONE', #9199, 5.099999832285000423 ) ;
#3765 = CARTESIAN_POINT ( 'NONE',  ( 3.602975788199000107, -5.150999830607999819, 1.212521800802000005 ) ) ;
#3766 = VERTEX_POINT ( 'NONE', #4045 ) ;
#3767 = CARTESIAN_POINT ( 'NONE',  ( 2.291627199384000058, -5.150999830607999819, 0.8874428006660000090 ) ) ;
#3768 = VECTOR ( 'NONE', #4995, 1000.000000000000000 ) ;
#3769 = DIRECTION ( 'NONE',  ( 1.224646799146999945E-16, 1.000000000000000000, 0.000000000000000000 ) ) ;
#3770 = FACE_OUTER_BOUND ( 'NONE', #191, .T. ) ;
#3771 = VECTOR ( 'NONE', #7014, 1000.000000000000000 ) ;
#3772 = EDGE_CURVE ( 'NONE', #4193, #8541, #10417, .T. ) ;
#3773 = PLANE ( 'NONE',  #6153 ) ;
#3774 = VECTOR ( 'NONE', #8147, 1000.000000000000114 ) ;
#3775 = VECTOR ( 'NONE', #7017, 1000.000000000000000 ) ;
#3776 =( GEOMETRIC_REPRESENTATION_CONTEXT ( 3 ) GLOBAL_UNCERTAINTY_ASSIGNED_CONTEXT ( ( #3502 ) ) GLOBAL_UNIT_ASSIGNED_CONTEXT ( ( #918, #9804, #4287 ) ) REPRESENTATION_CONTEXT ( 'NONE', 'WORKASPACE' ) );
#3777 = VECTOR ( 'NONE', #3582, 1000.000000000000000 ) ;
#3778 = CARTESIAN_POINT ( 'NONE',  ( 3.762855115409999840, -5.149999830640999754, 0.7451487193829999800 ) ) ;
#3779 = FACE_OUTER_BOUND ( 'NONE', #9920, .T. ) ;
#3780 = EDGE_LOOP ( 'NONE', ( #8894, #7577, #7370, #3086 ) ) ;
#3781 = SURFACE_STYLE_FILL_AREA ( #7177 ) ;
#3782 = CARTESIAN_POINT ( 'NONE',  ( 3.797024665003999822, -5.150999830607999819, 0.6369767941689999935 ) ) ;
#3783 = CARTESIAN_POINT ( 'NONE',  ( 4.004429102078000291, -5.150999830607999819, 1.130858920966000047 ) ) ;
#3784 = CARTESIAN_POINT ( 'NONE',  ( 3.849438959200000010, -5.149999830640999754, 0.7408953917490000984 ) ) ;
#3785 = VECTOR ( 'NONE', #912, 1000.000000000000000 ) ;
#3786 = EDGE_CURVE ( 'NONE', #4988, #5847, #9628, .T. ) ;
#3787 = VECTOR ( 'NONE', #499, 1000.000000000000114 ) ;
#3788 = LINE ( 'NONE', #7126, #2407 ) ;
#3789 = STYLED_ITEM ( 'NONE', ( #6783 ), #4687 ) ;
#3790 = ORIENTED_EDGE ( 'NONE', *, *, #6483, .F. ) ;
#3791 =( LENGTH_UNIT ( ) NAMED_UNIT ( * ) SI_UNIT ( .MILLI., .METRE. ) );
#3792 = MECHANICAL_DESIGN_GEOMETRIC_PRESENTATION_REPRESENTATION (  '', ( #551 ), #5151 ) ;
#3793 = ORIENTED_EDGE ( 'NONE', *, *, #7054, .F. ) ;
#3794 = MECHANICAL_DESIGN_GEOMETRIC_PRESENTATION_REPRESENTATION (  '', ( #7349 ), #5666 ) ;
#3795 = ORIENTED_EDGE ( 'NONE', *, *, #3575, .T. ) ;
#3796 = CARTESIAN_POINT ( 'NONE',  ( 3.754499658035000298, -5.149999830640999754, 0.7692269904199999786 ) ) ;
#3797 = CARTESIAN_POINT ( 'NONE',  ( 2.468966427038000067, -5.150999830607999819, 0.8138839282250001084 ) ) ;
#3798 = ORIENTED_EDGE ( 'NONE', *, *, #9721, .F. ) ;
#3799 = LINE ( 'NONE', #4589, #7415 ) ;
#3800 = CARTESIAN_POINT ( 'NONE',  ( 2.908135525646999842, -5.149999830640999754, 0.9582635912820000046 ) ) ;
#3801 = PLANE ( 'NONE',  #3256 ) ;
#3802 = CARTESIAN_POINT ( 'NONE',  ( 3.846236436124000235, -5.149999830640999754, 0.7291685456179999303 ) ) ;
#3803 = ORIENTED_EDGE ( 'NONE', *, *, #1047, .T. ) ;
#3804 = PLANE ( 'NONE',  #8991 ) ;
#3805 = CARTESIAN_POINT ( 'NONE',  ( 3.691653781092000042, -5.149999830640999754, 0.8144874076079999803 ) ) ;
#3806 = ORIENTED_EDGE ( 'NONE', *, *, #8531, .F. ) ;
#3807 = EDGE_CURVE ( 'NONE', #5356, #4671, #8563, .T. ) ;
#3808 = ORIENTED_EDGE ( 'NONE', *, *, #9715, .T. ) ;
#3809 =( LENGTH_UNIT ( ) NAMED_UNIT ( * ) SI_UNIT ( .MILLI., .METRE. ) );
#3810 = CARTESIAN_POINT ( 'NONE',  ( 3.506325696184000140, -5.149999830640999754, 1.072940411762999924 ) ) ;
#3811 = SURFACE_SIDE_STYLE ('',( #6289 ) ) ;
#3812 = CARTESIAN_POINT ( 'NONE',  ( 4.148760050210000827, -5.150999830607999819, 0.8828865666539998935 ) ) ;
#3813 = ORIENTED_EDGE ( 'NONE', *, *, #5175, .F. ) ;
#3814 = ORIENTED_EDGE ( 'NONE', *, *, #1517, .T. ) ;
#3815 = DIRECTION ( 'NONE',  ( 1.000000000000000000, -1.224646799146999945E-16, 0.000000000000000000 ) ) ;
#3816 = VERTEX_POINT ( 'NONE', #694 ) ;
#3817 = CARTESIAN_POINT ( 'NONE',  ( 3.027841716886999990, -5.150999830607999819, 0.7101445423240000387 ) ) ;
#3818 = B_SPLINE_CURVE_WITH_KNOTS ( 'NONE', 3,
 ( #2170, #4566, #3714, #10190 ),
 .UNSPECIFIED., .F., .F.,
 ( 4, 4 ),
 ( 9.000000000000000000, 10.00000000000000000 ),
 .UNSPECIFIED. ) ;
#3819 = CARTESIAN_POINT ( 'NONE',  ( -5.149999830640999754, -3.649999879969000105, 2.049999933330000079 ) ) ;
#3820 = CARTESIAN_POINT ( 'NONE',  ( 3.072553469417000027, -5.150999830607999819, 1.101699746831000137 ) ) ;
#3821 = LINE ( 'NONE', #2225, #9405 ) ;
#3822 = CARTESIAN_POINT ( 'NONE',  ( 2.940674571075000188, -5.150999830607999819, 1.264589715810999770 ) ) ;
#3823 = DIRECTION ( 'NONE',  ( 1.224646799146999945E-16, 1.000000000000000000, 0.000000000000000000 ) ) ;
#3824 = ADVANCED_FACE ( 'NONE', ( #793, #3950 ), #3142, .T. ) ;
#3825 = EDGE_CURVE ( 'NONE', #8258, #4265, #2302, .T. ) ;
#3826 = ORIENTED_EDGE ( 'NONE', *, *, #2865, .F. ) ;
#3827 = CARTESIAN_POINT ( 'NONE',  ( 2.603470573927999965, -5.150999830607999819, 0.8172679810890000063 ) ) ;
#3828 = CARTESIAN_POINT ( 'NONE',  ( -6.308155454961998958E-16, -5.150999830607999819, 0.04999999910078999771 ) ) ;
#3829 = CARTESIAN_POINT ( 'NONE',  ( 2.527942810622999747, -5.149999830640999754, 1.177863494496000030 ) ) ;
#3830 = EDGE_CURVE ( 'NONE', #2542, #2349, #8036, .T. ) ;
#3831 = DIRECTION ( 'NONE',  ( 0.9385291719677675282, -1.149366746356715498E-16, -0.3451999324529143043 ) ) ;
#3832 = FACE_OUTER_BOUND ( 'NONE', #1227, .T. ) ;
#3833 = ORIENTED_EDGE ( 'NONE', *, *, #5545, .F. ) ;
#3834 = CARTESIAN_POINT ( 'NONE',  ( 4.207063169991999807, -5.149999830640999754, 0.7468852222829999166 ) ) ;
#3835 = EDGE_CURVE ( 'NONE', #1662, #3137, #4907, .T. ) ;
#3836 = ORIENTED_EDGE ( 'NONE', *, *, #2429, .T. ) ;
#3837 = ORIENTED_EDGE ( 'NONE', *, *, #6998, .T. ) ;
#3838 = CARTESIAN_POINT ( 'NONE',  ( 3.649847018507999863, -5.150999830607999819, 1.062668429436999906 ) ) ;
#3839 = CARTESIAN_POINT ( 'NONE',  ( 3.593283025510999984, -5.150999830607999819, 1.026053289904000021 ) ) ;
#3840 = EDGE_CURVE ( 'NONE', #5235, #8211, #3764, .T. ) ;
#3841 = ORIENTED_EDGE ( 'NONE', *, *, #1585, .T. ) ;
#3842 = CARTESIAN_POINT ( 'NONE',  ( 3.894049763800000008, -5.149999830640999754, 1.027351432164999911 ) ) ;
#3843 = CARTESIAN_POINT ( 'NONE',  ( 3.780611651929000061, -5.150999830607999819, 0.6391727691799999889 ) ) ;
#3844 = VECTOR ( 'NONE', #5060, 1000.000000000000114 ) ;
#3845 = DIRECTION ( 'NONE',  ( -0.9999748501857348426, 0.000000000000000000, 0.007092178509964118874 ) ) ;
#3846 = CARTESIAN_POINT ( 'NONE',  ( 4.346267051362000089, -5.150999830607999819, 0.9048809172460000605 ) ) ;
#3847 = VECTOR ( 'NONE', #6341, 1000.000000000000000 ) ;
#3848 = CARTESIAN_POINT ( 'NONE',  ( 3.603967143835999920, -5.149999830640999754, 0.7292231514480000953 ) ) ;
#3849 = CARTESIAN_POINT ( 'NONE',  ( 3.479283045296999610, -5.150999830607999819, 0.8225442560619999899 ) ) ;
#3850 = VERTEX_POINT ( 'NONE', #4860 ) ;
#3851 = CARTESIAN_POINT ( 'NONE',  ( 3.677629187417000178, -5.150999830607999819, 0.7282848003340000043 ) ) ;
#3852 = CARTESIAN_POINT ( 'NONE',  ( 3.409469548933999672, -5.150999830607999819, 1.234170004743999849 ) ) ;
#3853 = ORIENTED_EDGE ( 'NONE', *, *, #8063, .F. ) ;
#3854 = DIRECTION ( 'NONE',  ( 1.224646799146999945E-16, 1.000000000000000000, 0.000000000000000000 ) ) ;
#3855 = VECTOR ( 'NONE', #1615, 1000.000000000000000 ) ;
#3856 = SURFACE_SIDE_STYLE ('',( #4501 ) ) ;
#3857 = CYLINDRICAL_SURFACE ( 'NONE', #2661, 5.099999832285000423 ) ;
#3858 = DIRECTION ( 'NONE',  ( -0.9912876782291137889, 1.213977282178139725E-16, -0.1317146119120151671 ) ) ;
#3859 = CARTESIAN_POINT ( 'NONE',  ( 3.498034028674999796, -5.149999830640999754, 1.128003794546999838 ) ) ;
#3860 = DIRECTION ( 'NONE',  ( 0.000000000000000000, 0.000000000000000000, -1.000000000000000000 ) ) ;
#3861 = CARTESIAN_POINT ( 'NONE',  ( 4.346267051362000089, -5.150999830607999819, 0.9048809172460000605 ) ) ;
#3862 = ORIENTED_EDGE ( 'NONE', *, *, #8508, .T. ) ;
#3863 = B_SPLINE_CURVE_WITH_KNOTS ( 'NONE', 3,
 ( #6385, #1443, #651, #3901 ),
 .UNSPECIFIED., .F., .F.,
 ( 4, 4 ),
 ( 3.000000000000000000, 4.000000000000000000 ),
 .UNSPECIFIED. ) ;
#3864 = AXIS2_PLACEMENT_3D ( 'NONE', #7350, #4861, #8900 ) ;
#3865 = EDGE_LOOP ( 'NONE', ( #665, #2166, #8080, #7248 ) ) ;
#3866 = DIRECTION ( 'NONE',  ( -1.000000000000000000, 1.224646799146999945E-16, 0.000000000000000000 ) ) ;
#3867 = VERTEX_POINT ( 'NONE', #6646 ) ;
#3868 = CARTESIAN_POINT ( 'NONE',  ( 2.312916507825000245, -5.150999830607999819, 0.8308968711090000125 ) ) ;
#3869 = B_SPLINE_SURFACE_WITH_KNOTS ( 'NONE', 3, 1, ( 
 ( #2102, #4653 ),
 ( #4706, #9485 ),
 ( #7043, #550 ),
 ( #6942, #3802 ) ),
 .UNSPECIFIED., .F., .F., .F.,
 ( 4, 4 ),
 ( 2, 2 ),
 ( 12.00000000000000000, 13.00000000000000000 ),
 ( 0.000000000000000000, 1.000000000000000000 ),
 .UNSPECIFIED. ) ;
#3870 =( NAMED_UNIT ( * ) SI_UNIT ( $, .STERADIAN. ) SOLID_ANGLE_UNIT ( ) );
#3871 = EDGE_CURVE ( 'NONE', #2151, #8459, #3404, .T. ) ;
#3872 = CARTESIAN_POINT ( 'NONE',  ( 3.842526218009000516, -5.150999830607999819, 0.7411523761830000057 ) ) ;
#3873 = VECTOR ( 'NONE', #4181, 1000.000000000000000 ) ;
#3874 = CARTESIAN_POINT ( 'NONE',  ( -1.249999958892999974, -5.149999830640999754, 2.049999933330000079 ) ) ;
#3875 = VECTOR ( 'NONE', #5598, 1000.000000000000000 ) ;
#3876 = STYLED_ITEM ( 'NONE', ( #7969 ), #3549 ) ;
#3877 = DIRECTION ( 'NONE',  ( -1.224646799146999945E-16, -1.000000000000000000, 0.000000000000000000 ) ) ;
#3878 = CARTESIAN_POINT ( 'NONE',  ( -5.149999830640999754, 1.249999958892999974, 0.5499999826579999862 ) ) ;
#3879 = ADVANCED_FACE ( 'NONE', ( #5227 ), #6651, .F. ) ;
#3880 = ORIENTED_EDGE ( 'NONE', *, *, #8360, .F. ) ;
#3881 = DIRECTION ( 'NONE',  ( -1.224646799147311792E-16, -1.000000000000000000, 0.000000000000000000 ) ) ;
#3882 = LINE ( 'NONE', #2337, #6959 ) ;
#3883 = CARTESIAN_POINT ( 'NONE',  ( 4.106841214493999637, -5.150999830607999819, 1.203229395199999940 ) ) ;
#3884 = LINE ( 'NONE', #6161, #9773 ) ;
#3885 = CARTESIAN_POINT ( 'NONE',  ( 3.629957115298000137, -5.150999830607999819, 0.7065794861940000171 ) ) ;
#3886 = CARTESIAN_POINT ( 'NONE',  ( -4.399999855305000374, 4.399999855305000374, 1.049999966214999914 ) ) ;
#3887 = ORIENTED_EDGE ( 'NONE', *, *, #82, .T. ) ;
#3888 = CARTESIAN_POINT ( 'NONE',  ( 4.225613530116000049, -5.150999830607999819, 0.7308449608110000328 ) ) ;
#3889 = ORIENTED_EDGE ( 'NONE', *, *, #7908, .F. ) ;
#3890 = ORIENTED_EDGE ( 'NONE', *, *, #6333, .F. ) ;
#3891 = CARTESIAN_POINT ( 'NONE',  ( 5.227142138160999707, -1.280280577636999959E-15, 2.392385396886000049 ) ) ;
#3892 = ORIENTED_EDGE ( 'NONE', *, *, #9197, .F. ) ;
#3893 = APPLICATION_CONTEXT ( 'automotive_design' ) ;
#3894 = DIRECTION ( 'NONE',  ( 0.9999748501857349536, -1.224615999507675901E-16, -0.007092178509959120268 ) ) ;
#3895 = FACE_OUTER_BOUND ( 'NONE', #6124, .T. ) ;
#3896 = DIRECTION ( 'NONE',  ( -0.007092178509966119010, 8.685413711211698363E-19, -0.9999748501857348426 ) ) ;
#3897 = UNCERTAINTY_MEASURE_WITH_UNIT (LENGTH_MEASURE( 1.000000000000000082E-05 ), #1060, 'distance_accuracy_value', 'NONE');
#3899 = B_SPLINE_CURVE_WITH_KNOTS ( 'NONE', 3,
 ( #6067, #1233, #9371, #5066 ),
 .UNSPECIFIED., .F., .F.,
 ( 4, 4 ),
 ( 26.00000000000000000, 27.00000000000000000 ),
 .UNSPECIFIED. ) ;
#3898 = CARTESIAN_POINT ( 'NONE',  ( 3.726515381758999990, -5.149999830640999754, 0.7232590538509999778 ) ) ;
#3900 = AXIS2_PLACEMENT_3D ( 'NONE', #1009, #1766, #7561 ) ;
#3901 = CARTESIAN_POINT ( 'NONE',  ( 3.730235930644000053, -5.150999830607999819, 0.7567137122360000356 ) ) ;
#3902 = EDGE_CURVE ( 'NONE', #4227, #4872, #7658, .T. ) ;
#3903 = VERTEX_POINT ( 'NONE', #5054 ) ;
#3904 = ORIENTED_EDGE ( 'NONE', *, *, #3615, .T. ) ;
#3905 = ADVANCED_FACE ( 'NONE', ( #8296 ), #5037, .T. ) ;
#3906 = PLANE ( 'NONE',  #9828 ) ;
#3907 = FACE_OUTER_BOUND ( 'NONE', #8620, .T. ) ;
#3908 = ORIENTED_EDGE ( 'NONE', *, *, #6302, .F. ) ;
#3909 = CARTESIAN_POINT ( 'NONE',  ( 3.408191608997999555, -5.150999830607999819, 1.053984495517999997 ) ) ;
#3910 = FACE_OUTER_BOUND ( 'NONE', #8575, .T. ) ;
#3911 = DIRECTION ( 'NONE',  ( 1.224646799146999945E-16, 1.000000000000000000, 0.000000000000000000 ) ) ;
#3912 = LINE ( 'NONE', #9694, #2008 ) ;
#3913 = LINE ( 'NONE', #10129, #1061 ) ;
#3914 = EDGE_CURVE ( 'NONE', #9175, #9603, #7163, .T. ) ;
#3915 = VECTOR ( 'NONE', #844, 1000.000000000000000 ) ;
#3916 = CARTESIAN_POINT ( 'NONE',  ( 3.976819062679000538, -5.150999830607999819, 1.130326892396000149 ) ) ;
#3917 = VERTEX_POINT ( 'NONE', #4257 ) ;
#3918 = ORIENTED_EDGE ( 'NONE', *, *, #9879, .F. ) ;
#3919 = CARTESIAN_POINT ( 'NONE',  ( 3.954923132601000368, -5.149999830640999754, 1.187774286336999996 ) ) ;
#3920 = ORIENTED_EDGE ( 'NONE', *, *, #8614, .T. ) ;
#3921 = FACE_OUTER_BOUND ( 'NONE', #3511, .T. ) ;
#3922 = DIRECTION ( 'NONE',  ( 0.000000000000000000, 0.000000000000000000, -1.000000000000000000 ) ) ;
#3923 = CARTESIAN_POINT ( 'NONE',  ( 3.630620051249000113, -5.150999830607999819, 0.8000513689360000402 ) ) ;
#3924 = SURFACE_SIDE_STYLE ('',( #1727 ) ) ;
#3925 = VECTOR ( 'NONE', #2374, 1000.000000000000000 ) ;
#3926 = CARTESIAN_POINT ( 'NONE',  ( 3.529891429088999999, -5.150999830607999819, 0.7891201911100000910 ) ) ;
#3927 = LINE ( 'NONE', #8617, #1541 ) ;
#3928 = EDGE_CURVE ( 'NONE', #2090, #2554, #8461, .T. ) ;
#3929 = FACE_OUTER_BOUND ( 'NONE', #9850, .T. ) ;
#3930 = ORIENTED_EDGE ( 'NONE', *, *, #7583, .F. ) ;
#3931 = SURFACE_STYLE_USAGE ( .BOTH. , #10508 ) ;
#3932 = CARTESIAN_POINT ( 'NONE',  ( 3.849184916302999859, -5.150999830607999819, 0.6830852013049999449 ) ) ;
#3933 = CARTESIAN_POINT ( 'NONE',  ( 4.108560826473000027, -5.149999830640999754, 1.196458602886999900 ) ) ;
#3934 = VECTOR ( 'NONE', #8946, 1000.000000000000000 ) ;
#3935 = FACE_OUTER_BOUND ( 'NONE', #9799, .T. ) ;
#3936 = CIRCLE ( 'NONE', #6832, 4.499999852016000723 ) ;
#3937 = DIRECTION ( 'NONE',  ( -0.9999748501857348426, 1.224615999507673436E-16, 0.007092178509964118874 ) ) ;
#3938 = AXIS2_PLACEMENT_3D ( 'NONE', #4757, #10524, #6438 ) ;
#3939 = VECTOR ( 'NONE', #9831, 1000.000000000000114 ) ;
#3940 = LINE ( 'NONE', #9671, #1241 ) ;
#3941 = EDGE_CURVE ( 'NONE', #6587, #9043, #3737, .T. ) ;
#3942 = EDGE_CURVE ( 'NONE', #4831, #10367, #1314, .T. ) ;
#3943 = ORIENTED_EDGE ( 'NONE', *, *, #10520, .F. ) ;
#3944 = ORIENTED_EDGE ( 'NONE', *, *, #5104, .F. ) ;
#3945 = VERTEX_POINT ( 'NONE', #154 ) ;
#3946 = FACE_OUTER_BOUND ( 'NONE', #2079, .T. ) ;
#3947 = DIRECTION ( 'NONE',  ( 1.224646799146999945E-16, 1.000000000000000000, 0.000000000000000000 ) ) ;
#3948 = VECTOR ( 'NONE', #9769, 1000.000000000000000 ) ;
#3949 = ORIENTED_EDGE ( 'NONE', *, *, #4518, .F. ) ;
#3950 = FACE_OUTER_BOUND ( 'NONE', #6869, .T. ) ;
#3951 = COLOUR_RGB ( '',1.000000000000000000, 1.000000000000000000, 1.000000000000000000 ) ;
#3952 = CARTESIAN_POINT ( 'NONE',  ( 3.541729245711999763, -5.149999830640999754, 0.7355913338190001038 ) ) ;
#3953 = DIRECTION ( 'NONE',  ( 1.224646799146999945E-16, 1.000000000000000000, 0.000000000000000000 ) ) ;
#3954 = VECTOR ( 'NONE', #9990, 1000.000000000000114 ) ;
#3955 = DIRECTION ( 'NONE',  ( -0.3349296976929111436, 0.000000000000000000, 0.9422431202207501855 ) ) ;
#3956 = FACE_OUTER_BOUND ( 'NONE', #1543, .T. ) ;
#3957 = ORIENTED_EDGE ( 'NONE', *, *, #4716, .T. ) ;
#3958 = EDGE_LOOP ( 'NONE', ( #847, #10058, #3706, #6278 ) ) ;
#3959 = DIRECTION ( 'NONE',  ( 3.223362113613999981E-16, -1.000000000000000000, 0.000000000000000000 ) ) ;
#3960 = AXIS2_PLACEMENT_3D ( 'NONE', #5237, #2780, #6931 ) ;
#3961 = CARTESIAN_POINT ( 'NONE',  ( 4.357078412040999993, -5.150999830607999819, 0.8678919060640000183 ) ) ;
#3962 = ORIENTED_EDGE ( 'NONE', *, *, #8386, .F. ) ;
#3963 = CARTESIAN_POINT ( 'NONE',  ( 2.539879457876999869, -5.150999830607999819, 0.6181678165189999907 ) ) ;
#3964 = DIRECTION ( 'NONE',  ( -2.465190328816000174E-32, -1.000000000000000000, 0.000000000000000000 ) ) ;
#3965 = LINE ( 'NONE', #8812, #9379 ) ;
#3966 = CARTESIAN_POINT ( 'NONE',  ( 3.780772408367000015, -5.149999830640999754, 0.6618389209469999201 ) ) ;
#3967 = EDGE_CURVE ( 'NONE', #3945, #8139, #1582, .T. ) ;
#3968 = CARTESIAN_POINT ( 'NONE',  ( 3.681927869545999599, -5.150999830607999819, 0.8432544265400000461 ) ) ;
#3969 = PLANE ( 'NONE',  #7344 ) ;
#3970 = CARTESIAN_POINT ( 'NONE',  ( 3.559283009391000174, -5.150999830607999819, 0.7036494448680000735 ) ) ;
#3971 = EDGE_LOOP ( 'NONE', ( #10287, #2065, #4092, #8875 ) ) ;
#3972 = ORIENTED_EDGE ( 'NONE', *, *, #6102, .F. ) ;
#3973 = LINE ( 'NONE', #7219, #718 ) ;
#3974 = ADVANCED_FACE ( 'NONE', ( #2771 ), #9416, .F. ) ;
#3975 = VERTEX_POINT ( 'NONE', #7906 ) ;
#3976 = DIRECTION ( 'NONE',  ( -0.9999748501857348426, 0.000000000000000000, 0.007092178509962118738 ) ) ;
#3977 = AXIS2_PLACEMENT_3D ( 'NONE', #368, #7073, #10402 ) ;
#3978 = B_SPLINE_SURFACE_WITH_KNOTS ( 'NONE', 3, 1, ( 
 ( #8538, #6280 ),
 ( #6226, #8592 ),
 ( #7739, #7144 ),
 ( #9335, #655 ) ),
 .UNSPECIFIED., .F., .F., .F.,
 ( 4, 4 ),
 ( 2, 2 ),
 ( 3.000000000000000000, 4.000000000000000000 ),
 ( 0.000000000000000000, 1.000000000000000000 ),
 .UNSPECIFIED. ) ;
#3979 = DIRECTION ( 'NONE',  ( 0.000000000000000000, 0.000000000000000000, -1.000000000000000000 ) ) ;
#3980 = CARTESIAN_POINT ( 'NONE',  ( -4.876664484086999707, 5.972191550953000414E-16, 2.086424435345000106 ) ) ;
#3981 = EDGE_CURVE ( 'NONE', #4265, #2588, #9610, .T. ) ;
#3982 = EDGE_CURVE ( 'NONE', #9051, #3498, #10196, .T. ) ;
#3983 = DIRECTION ( 'NONE',  ( -0.9999748501857349536, 1.224615999507675162E-16, 0.007092178509952119791 ) ) ;
#3984 = FILL_AREA_STYLE ('',( #2387 ) ) ;
#3985 = B_SPLINE_SURFACE_WITH_KNOTS ( 'NONE', 3, 1, ( 
 ( #4319, #7499 ),
 ( #1760, #1810 ),
 ( #6647, #9892 ),
 ( #7556, #4207 ) ),
 .UNSPECIFIED., .F., .F., .F.,
 ( 4, 4 ),
 ( 2, 2 ),
 ( 15.00000000000000000, 16.00000000000000000 ),
 ( 0.000000000000000000, 1.000000000000000000 ),
 .UNSPECIFIED. ) ;
#3986 = CARTESIAN_POINT ( 'NONE',  ( 3.703658988564999532, -5.150999830607999819, 0.7698995058010000836 ) ) ;
#3987 = ORIENTED_EDGE ( 'NONE', *, *, #4909, .F. ) ;
#3988 = CARTESIAN_POINT ( 'NONE',  ( 3.722247340639000424, -5.150999830607999819, 0.8545100692229999906 ) ) ;
#3989 = CARTESIAN_POINT ( 'NONE',  ( 4.104684322469000612, -5.150999830607999819, 1.192326960306999917 ) ) ;
#3990 =( NAMED_UNIT ( * ) PLANE_ANGLE_UNIT ( ) SI_UNIT ( $, .RADIAN. ) );
#3991 = DIRECTION ( 'NONE',  ( -1.224646799147472029E-16, -1.000000000000000000, 0.000000000000000000 ) ) ;
#3992 = CARTESIAN_POINT ( 'NONE',  ( 3.821446569039999908, -5.149999830640999754, 0.6791227954329999150 ) ) ;
#3993 = LINE ( 'NONE', #3886, #3107 ) ;
#3994 = EDGE_CURVE ( 'NONE', #1649, #9246, #2286, .T. ) ;
#3995 = ORIENTED_EDGE ( 'NONE', *, *, #6460, .F. ) ;
#3996 = CARTESIAN_POINT ( 'NONE',  ( 3.604642969462000135, -5.150999830607999819, 0.7292183582519999874 ) ) ;
#3997 = EDGE_LOOP ( 'NONE', ( #7192, #9553, #4821, #8372 ) ) ;
#3998 = CARTESIAN_POINT ( 'NONE',  ( 1.249999958892999974, -6.749999778023999752, 2.049999933330000079 ) ) ;
#3999 = ORIENTED_EDGE ( 'NONE', *, *, #9173, .T. ) ;
#4000 = CARTESIAN_POINT ( 'NONE',  ( 3.969611309134000177, -5.150999830607999819, 0.7957755106980000104 ) ) ;
#4001 = CARTESIAN_POINT ( 'NONE',  ( 3.711391358239999771, -5.150999830607999819, 0.8338953614780000301 ) ) ;
#4002 = SURFACE_STYLE_FILL_AREA ( #752 ) ;
#4003 = EDGE_CURVE ( 'NONE', #689, #2782, #2917, .T. ) ;
#4004 = PLANE ( 'NONE',  #2568 ) ;
#4005 = DIRECTION ( 'NONE',  ( -1.000000000000000000, 1.224646799146999945E-16, 0.000000000000000000 ) ) ;
#4006 = VERTEX_POINT ( 'NONE', #9511 ) ;
#4007 = ORIENTED_EDGE ( 'NONE', *, *, #1627, .F. ) ;
#4008 = PRESENTATION_STYLE_ASSIGNMENT (( #8956 ) ) ;
#4009 = LINE ( 'NONE', #851, #1803 ) ;
#4010 = ORIENTED_EDGE ( 'NONE', *, *, #1067, .T. ) ;
#4011 = FACE_OUTER_BOUND ( 'NONE', #8331, .T. ) ;
#4012 = B_SPLINE_CURVE_WITH_KNOTS ( 'NONE', 3,
 ( #2089, #3926, #2931, #7171 ),
 .UNSPECIFIED., .F., .F.,
 ( 4, 4 ),
 ( 9.000000000000000000, 10.00000000000000000 ),
 .UNSPECIFIED. ) ;
#4013 = CARTESIAN_POINT ( 'NONE',  ( 4.093872961790999021, -5.150999830607999819, 1.229315971488999848 ) ) ;
#4014 = FACE_OUTER_BOUND ( 'NONE', #3997, .T. ) ;
#4015 = DIRECTION ( 'NONE',  ( -0.007092178509967119078, 8.685413711212699846E-19, -0.9999748501857348426 ) ) ;
#4016 = MECHANICAL_DESIGN_GEOMETRIC_PRESENTATION_REPRESENTATION (  '', ( #4357 ), #6913 ) ;
#4017 =( NAMED_UNIT ( * ) PLANE_ANGLE_UNIT ( ) SI_UNIT ( $, .RADIAN. ) );
#4018 = CARTESIAN_POINT ( 'NONE',  ( 3.528221963638999981, -5.150999830607999819, 0.8176221140439999813 ) ) ;
#4019 = ORIENTED_EDGE ( 'NONE', *, *, #6637, .T. ) ;
#4020 = ORIENTED_EDGE ( 'NONE', *, *, #10040, .F. ) ;
#4021 = TOROIDAL_SURFACE ( 'NONE', #9297, 4.499999852016000723, 0.4999999835569999274 ) ;
#4022 = CARTESIAN_POINT ( 'NONE',  ( 3.692899621435000057, -5.149999830640999754, 0.8508710128019999486 ) ) ;
#4023 = VERTEX_POINT ( 'NONE', #6968 ) ;
#4024 = ORIENTED_EDGE ( 'NONE', *, *, #7343, .T. ) ;
#4025 = CARTESIAN_POINT ( 'NONE',  ( 4.256823191649999671, -5.150999830607999819, 0.8064238667220000600 ) ) ;
#4026 = AXIS2_PLACEMENT_3D ( 'NONE', #10046, #264, #7555 ) ;
#4027 = EDGE_CURVE ( 'NONE', #5067, #3903, #8693, .T. ) ;
#4028 = EDGE_CURVE ( 'NONE', #2897, #15, #54, .T. ) ;
#4029 = CARTESIAN_POINT ( 'NONE',  ( 4.048737857553000197, -5.149999830640999754, 0.8835959597410000255 ) ) ;
#4030 = DIRECTION ( 'NONE',  ( -1.224646799147421986E-16, -1.000000000000000000, 0.000000000000000000 ) ) ;
#4031 = CARTESIAN_POINT ( 'NONE',  ( 4.052088198656000451, -5.150999830607999819, 0.7035855819000000899 ) ) ;
#4032 = COLOUR_RGB ( '',1.000000000000000000, 1.000000000000000000, 1.000000000000000000 ) ;
#4033 = ORIENTED_EDGE ( 'NONE', *, *, #1130, .T. ) ;
#4034 = CARTESIAN_POINT ( 'NONE',  ( -5.149999830640999754, 1.249999958892999974, 1.049999966214999914 ) ) ;
#4035 = FILL_AREA_STYLE ('',( #783 ) ) ;
#4036 = CARTESIAN_POINT ( 'NONE',  ( 5.799999809265000472, 0.4499999852019999635, -3.712307892621000249 ) ) ;
#4037 = CARTESIAN_POINT ( 'NONE',  ( 3.525597980806999932, -5.150999830607999819, 1.129367977211000129 ) ) ;
#4038 = CARTESIAN_POINT ( 'NONE',  ( 3.699500070917999928, -5.150999830607999819, 0.8285728217619999780 ) ) ;
#4039 = ORIENTED_EDGE ( 'NONE', *, *, #8479, .F. ) ;
#4040 = CARTESIAN_POINT ( 'NONE',  ( 3.498034028674999796, -5.150999830607999819, 1.128003794546999838 ) ) ;
#4041 = ORIENTED_EDGE ( 'NONE', *, *, #6664, .T. ) ;
#4042 =( LENGTH_UNIT ( ) NAMED_UNIT ( * ) SI_UNIT ( .MILLI., .METRE. ) );
#4043 = CARTESIAN_POINT ( 'NONE',  ( 3.847843228274000271, -5.149999830640999754, 0.7358117674830000343 ) ) ;
#4044 = ORIENTED_EDGE ( 'NONE', *, *, #8385, .T. ) ;
#4045 = CARTESIAN_POINT ( 'NONE',  ( 3.842526218009000516, -5.150999830607999819, 0.7411523761830000057 ) ) ;
#4047 = CARTESIAN_POINT ( 'NONE',  ( 2.292478380806999727, -5.150999830607999819, 1.007456702441999807 ) ) ;
#4046 = VECTOR ( 'NONE', #1278, 1000.000000000000000 ) ;
#4048 = FACE_OUTER_BOUND ( 'NONE', #4198, .T. ) ;
#4049 = CARTESIAN_POINT ( 'NONE',  ( 3.703857706782999859, -5.149999830640999754, 0.7026240695180000495 ) ) ;
#4050 = VERTEX_POINT ( 'NONE', #6154 ) ;
#4051 = ORIENTED_EDGE ( 'NONE', *, *, #8233, .T. ) ;
#4052 = CARTESIAN_POINT ( 'NONE',  ( 3.691528408963000274, -5.149999830640999754, 0.7235071939480000047 ) ) ;
#4053 = ADVANCED_FACE ( 'NONE', ( #1269 ), #2572, .F. ) ;
#4054 = DIRECTION ( 'NONE',  ( 0.007092178509948120387, -8.685413711189702317E-19, 0.9999748501857350647 ) ) ;
#4055 = B_SPLINE_SURFACE_WITH_KNOTS ( 'NONE', 3, 1, ( 
 ( #9487, #2153 ),
 ( #1344, #9537 ),
 ( #2258, #7834 ),
 ( #10275, #2996 ) ),
 .UNSPECIFIED., .F., .F., .F.,
 ( 4, 4 ),
 ( 2, 2 ),
 ( 15.00000000000000000, 16.00000000000000000 ),
 ( 0.000000000000000000, 1.000000000000000000 ),
 .UNSPECIFIED. ) ;
#4056 = VERTEX_POINT ( 'NONE', #5375 ) ;
#4057 = EDGE_CURVE ( 'NONE', #10279, #6426, #1692, .T. ) ;
#4058 = DIRECTION ( 'NONE',  ( 1.224646799146999945E-16, 1.000000000000000000, 0.000000000000000000 ) ) ;
#4059 = DIRECTION ( 'NONE',  ( 0.9385291719747571593, -1.149366746364704441E-16, -0.3451999324339110609 ) ) ;
#4060 = LINE ( 'NONE', #4663, #3855 ) ;
#4061 = EDGE_CURVE ( 'NONE', #4497, #2326, #3602, .T. ) ;
#4062 = CARTESIAN_POINT ( 'NONE',  ( 3.776861645901000042, -5.150999830607999819, 0.8507954161749999855 ) ) ;
#4063 = CARTESIAN_POINT ( 'NONE',  ( 2.799166256723000235, -5.150999830607999819, 1.293067789246999943 ) ) ;
#4064 = STYLED_ITEM ( 'NONE', ( #9323 ), #2115 ) ;
#4065 = CARTESIAN_POINT ( 'NONE',  ( 3.976819062679000538, -5.150999830607999819, 1.130326892396000149 ) ) ;
#4066 = LINE ( 'NONE', #6451, #7322 ) ;
#4067 = ORIENTED_EDGE ( 'NONE', *, *, #5420, .F. ) ;
#4068 = B_SPLINE_SURFACE_WITH_KNOTS ( 'NONE', 3, 1, ( 
 ( #2185, #2029 ),
 ( #5278, #1373 ),
 ( #5338, #525 ),
 ( #8624, #2875 ) ),
 .UNSPECIFIED., .F., .F., .F.,
 ( 4, 4 ),
 ( 2, 2 ),
 ( 0.000000000000000000, 1.000000000000000000 ),
 ( 0.000000000000000000, 1.000000000000000000 ),
 .UNSPECIFIED. ) ;
#4069 = ORIENTED_EDGE ( 'NONE', *, *, #10024, .F. ) ;
#4070 = EDGE_CURVE ( 'NONE', #8031, #7414, #2211, .T. ) ;
#4071 = EDGE_CURVE ( 'NONE', #6513, #9122, #3927, .T. ) ;
#4072 = SURFACE_SIDE_STYLE ('',( #6614 ) ) ;
#4073 = ORIENTED_EDGE ( 'NONE', *, *, #4433, .F. ) ;
#4074 =( NAMED_UNIT ( * ) PLANE_ANGLE_UNIT ( ) SI_UNIT ( $, .RADIAN. ) );
#4075 = ORIENTED_EDGE ( 'NONE', *, *, #7825, .F. ) ;
#4076 = CARTESIAN_POINT ( 'NONE',  ( 3.527966885400999786, -5.149999830640999754, 1.206815086515000024 ) ) ;
#4077 = SURFACE_STYLE_USAGE ( .BOTH. , #2529 ) ;
#4078 = CARTESIAN_POINT ( 'NONE',  ( 3.023503875647999717, -5.149999830640999754, 0.7101753078430000921 ) ) ;
#4079 = FACE_OUTER_BOUND ( 'NONE', #787, .T. ) ;
#4080 = LINE ( 'NONE', #2388, #5472 ) ;
#4081 = ORIENTED_EDGE ( 'NONE', *, *, #7638, .F. ) ;
#4082 = CARTESIAN_POINT ( 'NONE',  ( 3.716732000589999974, -5.150999830607999819, 1.051796216947999962 ) ) ;
#4083 = DIRECTION ( 'NONE',  ( 1.000000000000000000, 0.000000000000000000, 0.000000000000000000 ) ) ;
#4084 = DIRECTION ( 'NONE',  ( 0.007092178509963118806, -8.685413711208697764E-19, 0.9999748501857348426 ) ) ;
#4085 = CARTESIAN_POINT ( 'NONE',  ( 3.796509686322999677, -5.149999830640999754, 1.231424977962000122 ) ) ;
#4086 =( NAMED_UNIT ( * ) PLANE_ANGLE_UNIT ( ) SI_UNIT ( $, .RADIAN. ) );
#4087 = EDGE_CURVE ( 'NONE', #1091, #5067, #3088, .T. ) ;
#4088 = CARTESIAN_POINT ( 'NONE',  ( 3.547398067840000113, -5.149999830640999754, 1.190352664324999976 ) ) ;
#4089 = CARTESIAN_POINT ( 'NONE',  ( 3.630881096105999628, -5.149999830640999754, 0.8368578722649999690 ) ) ;
#4090 = ORIENTED_EDGE ( 'NONE', *, *, #8589, .T. ) ;
#4091 = CARTESIAN_POINT ( 'NONE',  ( 4.052088198656000451, -5.150999830607999819, 0.7035855819000000899 ) ) ;
#4092 = ORIENTED_EDGE ( 'NONE', *, *, #3575, .F. ) ;
#4093 = DIRECTION ( 'NONE',  ( 0.000000000000000000, 0.000000000000000000, -1.000000000000000000 ) ) ;
#4094 = AXIS2_PLACEMENT_3D ( 'NONE', #10087, #1204, #8398 ) ;
#4095 = CARTESIAN_POINT ( 'NONE',  ( 4.346267051362000089, -5.149999830640999754, 0.9048809172460000605 ) ) ;
#4096 = ADVANCED_FACE ( 'NONE', ( #7864 ), #8731, .F. ) ;
#4097 = ORIENTED_EDGE ( 'NONE', *, *, #6815, .T. ) ;
#4098 = CARTESIAN_POINT ( 'NONE',  ( 3.029759493028000072, -5.149999830640999754, 1.184426593168999897 ) ) ;
#4099 = CARTESIAN_POINT ( 'NONE',  ( 2.468966427038000067, -5.149999830640999754, 0.8138839282250001084 ) ) ;
#4100 = PRESENTATION_STYLE_ASSIGNMENT (( #7297 ) ) ;
#4101 = VECTOR ( 'NONE', #10205, 1000.000000000000000 ) ;
#4102 = VECTOR ( 'NONE', #8833, 1000.000000000000000 ) ;
#4103 = CARTESIAN_POINT ( 'NONE',  ( 3.406388629687999714, -5.150999830607999819, 0.7997700869439999805 ) ) ;
#4104 = ADVANCED_FACE ( 'NONE', ( #930 ), #9870, .F. ) ;
#4105 = DIRECTION ( 'NONE',  ( 1.224646799146999945E-16, 1.000000000000000000, 0.000000000000000000 ) ) ;
#4106 = MECHANICAL_DESIGN_GEOMETRIC_PRESENTATION_REPRESENTATION (  '', ( #7002 ), #1037 ) ;
#4107 = ORIENTED_EDGE ( 'NONE', *, *, #10493, .T. ) ;
#4108 = ORIENTED_EDGE ( 'NONE', *, *, #6482, .F. ) ;
#4109 =( GEOMETRIC_REPRESENTATION_CONTEXT ( 3 ) GLOBAL_UNCERTAINTY_ASSIGNED_CONTEXT ( ( #2305 ) ) GLOBAL_UNIT_ASSIGNED_CONTEXT ( ( #3136, #10457, #7916 ) ) REPRESENTATION_CONTEXT ( 'NONE', 'WORKASPACE' ) );
#4110 = MECHANICAL_DESIGN_GEOMETRIC_PRESENTATION_REPRESENTATION (  '', ( #541 ), #7011 ) ;
#4111 = CARTESIAN_POINT ( 'NONE',  ( 3.790111635170000159, -5.149999830640999754, 1.142984734057999940 ) ) ;
#4112 = AXIS2_PLACEMENT_3D ( 'NONE', #4178, #5773, #9127 ) ;
#4113 = ORIENTED_EDGE ( 'NONE', *, *, #771, .F. ) ;
#4114 = VECTOR ( 'NONE', #6119, 1000.000000000000000 ) ;
#4115 = DIRECTION ( 'NONE',  ( 1.224646799146999945E-16, 1.000000000000000000, 0.000000000000000000 ) ) ;
#4116 = FACE_OUTER_BOUND ( 'NONE', #6241, .T. ) ;
#4117 = DIRECTION ( 'NONE',  ( 0.000000000000000000, 0.000000000000000000, 1.000000000000000000 ) ) ;
#4118 = DIRECTION ( 'NONE',  ( -0.007092178509963118806, 8.685413711208697764E-19, -0.9999748501857348426 ) ) ;
#4119 = CARTESIAN_POINT ( 'NONE',  ( 4.048903775893999857, -5.149999830640999754, 0.9069899237199999797 ) ) ;
#4120 = VECTOR ( 'NONE', #2851, 1000.000000000000000 ) ;
#4121 = MECHANICAL_DESIGN_GEOMETRIC_PRESENTATION_REPRESENTATION (  '', ( #5488 ), #10389 ) ;
#4122 = CARTESIAN_POINT ( 'NONE',  ( 3.805350295369000158, -5.150999830607999819, 0.8505933645059999826 ) ) ;
#4123 = ORIENTED_EDGE ( 'NONE', *, *, #599, .F. ) ;
#4124 = EDGE_CURVE ( 'NONE', #8035, #228, #1634, .T. ) ;
#4125 = ORIENTED_EDGE ( 'NONE', *, *, #1917, .T. ) ;
#4126 = VECTOR ( 'NONE', #6617, 999.9999999999998863 ) ;
#4127 = VECTOR ( 'NONE', #10103, 1000.000000000000114 ) ;
#4128 = CARTESIAN_POINT ( 'NONE',  ( 3.894049763800000008, -5.150999830607999819, 1.027351432164999911 ) ) ;
#4129 = ORIENTED_EDGE ( 'NONE', *, *, #1083, .T. ) ;
#4130 = VECTOR ( 'NONE', #4203, 1000.000000000000114 ) ;
#4131 = FACE_OUTER_BOUND ( 'NONE', #4363, .T. ) ;
#4132 = CARTESIAN_POINT ( 'NONE',  ( 3.730235930644000053, -5.150999830607999819, 0.7567137122360000356 ) ) ;
#4133 = DIRECTION ( 'NONE',  ( -1.224646799146999945E-16, -1.000000000000000000, 0.000000000000000000 ) ) ;
#4134 = DIRECTION ( 'NONE',  ( 0.000000000000000000, 0.000000000000000000, 1.000000000000000000 ) ) ;
#4135 = AXIS2_PLACEMENT_3D ( 'NONE', #9888, #3462, #7942 ) ;
#4136 = ORIENTED_EDGE ( 'NONE', *, *, #5479, .T. ) ;
#4137 = FACE_OUTER_BOUND ( 'NONE', #9756, .T. ) ;
#4138 = LINE ( 'NONE', #5686, #1726 ) ;
#4139 = B_SPLINE_CURVE_WITH_KNOTS ( 'NONE', 3,
 ( #7656, #5901, #1113, #4416 ),
 .UNSPECIFIED., .F., .F.,
 ( 4, 4 ),
 ( 4.000000000000000000, 5.000000000000000000 ),
 .UNSPECIFIED. ) ;
#4140 = ORIENTED_EDGE ( 'NONE', *, *, #1618, .F. ) ;
#4141 = CARTESIAN_POINT ( 'NONE',  ( 3.409469548933999672, -5.150999830607999819, 1.234170004743999849 ) ) ;
#4142 =( NAMED_UNIT ( * ) SI_UNIT ( $, .STERADIAN. ) SOLID_ANGLE_UNIT ( ) );
#4143 = CARTESIAN_POINT ( 'NONE',  ( 2.952416451388000240, -5.150999830607999819, 0.8813102736230000733 ) ) ;
#4144 = CARTESIAN_POINT ( 'NONE',  ( 4.374339808138000052, -5.149999830640999754, 0.9046818152369999755 ) ) ;
#4145 = CARTESIAN_POINT ( 'NONE',  ( 3.575966300094000072, -5.150999830607999819, 0.8348558443209999069 ) ) ;
#4146 = VERTEX_POINT ( 'NONE', #1584 ) ;
#4147 = CARTESIAN_POINT ( 'NONE',  ( 3.407015432310999792, -5.149999830640999754, 0.8881472841990000200 ) ) ;
#4148 = ADVANCED_FACE ( 'NONE', ( #4079 ), #6414, .F. ) ;
#4149 = ADVANCED_FACE ( 'NONE', ( #4137 ), #9815, .F. ) ;
#4150 = EDGE_LOOP ( 'NONE', ( #1884, #2262, #8059, #7146 ) ) ;
#4151 = PLANE ( 'NONE',  #9639 ) ;
#4152 = CARTESIAN_POINT ( 'NONE',  ( 3.072553469417000027, -5.150999830607999819, 1.101699746831000137 ) ) ;
#4153 = VERTEX_POINT ( 'NONE', #7427 ) ;
#4154 = UNCERTAINTY_MEASURE_WITH_UNIT (LENGTH_MEASURE( 1.000000000000000082E-05 ), #9011, 'distance_accuracy_value', 'NONE');
#4155 = CARTESIAN_POINT ( 'NONE',  ( 3.012715674600999982, -5.150999830607999819, 1.024038874869000137 ) ) ;
#4156 = CARTESIAN_POINT ( 'NONE',  ( 0.000000000000000000, 0.000000000000000000, 0.5499999826579999862 ) ) ;
#4157 = CARTESIAN_POINT ( 'NONE',  ( 4.148760050210000827, -5.149999830640999754, 0.8828865666539998935 ) ) ;
#4158 = DIRECTION ( 'NONE',  ( -0.3492990577960500831, 0.000000000000000000, 0.9370112956751331934 ) ) ;
#4159 = CARTESIAN_POINT ( 'NONE',  ( 4.072401375669000068, -5.149999830640999754, 1.104694171740999931 ) ) ;
#4160 = ORIENTED_EDGE ( 'NONE', *, *, #10387, .F. ) ;
#4161 = ORIENTED_EDGE ( 'NONE', *, *, #6708, .T. ) ;
#4162 = EDGE_CURVE ( 'NONE', #3589, #3432, #8167, .T. ) ;
#4163 = CARTESIAN_POINT ( 'NONE',  ( 3.595565243249000176, -5.150999830607999819, 0.8347168416219999942 ) ) ;
#4164 = EDGE_CURVE ( 'NONE', #1292, #1042, #877, .T. ) ;
#4165 = EDGE_CURVE ( 'NONE', #7665, #4759, #733, .T. ) ;
#4166 = CARTESIAN_POINT ( 'NONE',  ( 3.602883985851999871, -5.150999830607999819, 1.236229527837999997 ) ) ;
#4167 = ORIENTED_EDGE ( 'NONE', *, *, #7823, .F. ) ;
#4168 = DIRECTION ( 'NONE',  ( 0.000000000000000000, 0.000000000000000000, -1.000000000000000000 ) ) ;
#4169 = FACE_OUTER_BOUND ( 'NONE', #412, .T. ) ;
#4170 = EDGE_CURVE ( 'NONE', #3458, #1042, #4842, .T. ) ;
#4171 = CARTESIAN_POINT ( 'NONE',  ( 3.001148079577999894, -5.150999830607999819, 1.024120916380999891 ) ) ;
#4172 = FILL_AREA_STYLE ('',( #9957 ) ) ;
#4173 = LINE ( 'NONE', #9755, #3925 ) ;
#4174 = VERTEX_POINT ( 'NONE', #8066 ) ;
#4175 = CARTESIAN_POINT ( 'NONE',  ( 2.713660265846999931, -5.150999830607999819, 0.8584212349130000419 ) ) ;
#4176 = VERTEX_POINT ( 'NONE', #3328 ) ;
#4177 = VERTEX_POINT ( 'NONE', #9718 ) ;
#4178 = CARTESIAN_POINT ( 'NONE',  ( 3.970238111756999366, -5.150999830607999819, 0.8841527079530000499 ) ) ;
#4179 = EDGE_LOOP ( 'NONE', ( #8555, #473 ) ) ;
#4180 = CARTESIAN_POINT ( 'NONE',  ( 2.995282267205999993, -5.149999830640999754, 1.216483638880999862 ) ) ;
#4181 = DIRECTION ( 'NONE',  ( 1.224646799146999945E-16, 1.000000000000000000, 0.000000000000000000 ) ) ;
#4182 = DIRECTION ( 'NONE',  ( 1.224646799146999945E-16, 1.000000000000000000, 0.000000000000000000 ) ) ;
#4183 = EDGE_CURVE ( 'NONE', #1905, #5993, #7403, .T. ) ;
#4184 = EDGE_LOOP ( 'NONE', ( #8758, #1334, #3689, #5707 ) ) ;
#4185 = VECTOR ( 'NONE', #8760, 1000.000000000000114 ) ;
#4186 = B_SPLINE_CURVE_WITH_KNOTS ( 'NONE', 3,
 ( #3805, #10276, #6227, #4598 ),
 .UNSPECIFIED., .F., .F.,
 ( 4, 4 ),
 ( 12.00000000000000000, 13.00000000000000000 ),
 .UNSPECIFIED. ) ;
#4187 = CARTESIAN_POINT ( 'NONE',  ( 2.908135525646999842, -5.150999830607999819, 0.9582635912820000046 ) ) ;
#4188 = VERTEX_POINT ( 'NONE', #2532 ) ;
#4189 = CARTESIAN_POINT ( 'NONE',  ( 2.605255006645999849, -5.149999830640999754, 1.068863489782999832 ) ) ;
#4190 = ADVANCED_FACE ( 'NONE', ( #3174 ), #5782, .F. ) ;
#4191 = B_SPLINE_SURFACE_WITH_KNOTS ( 'NONE', 3, 1, ( 
 ( #9147, #6745 ),
 ( #9876, #1798 ),
 ( #1158, #1052 ),
 ( #7544, #2539 ) ),
 .UNSPECIFIED., .F., .F., .F.,
 ( 4, 4 ),
 ( 2, 2 ),
 ( 7.000000000000000000, 8.000000000000000000 ),
 ( 0.000000000000000000, 1.000000000000000000 ),
 .UNSPECIFIED. ) ;
#4192 = DIRECTION ( 'NONE',  ( -0.9999748501857348426, 0.000000000000000000, 0.007092178509961118670 ) ) ;
#4193 = VERTEX_POINT ( 'NONE', #1102 ) ;
#4194 = CARTESIAN_POINT ( 'NONE',  ( 3.634914699641999647, -5.150999830607999819, 1.053728213688000181 ) ) ;
#4195 = FILL_AREA_STYLE_COLOUR ( '', #1152 ) ;
#4196 = LINE ( 'NONE', #9200, #5314 ) ;
#4197 = CARTESIAN_POINT ( 'NONE',  ( 3.672447498579999969, -5.149999830640999754, 0.7893568734279999832 ) ) ;
#4198 = EDGE_LOOP ( 'NONE', ( #4885, #9787, #6711, #5119 ) ) ;
#4199 = AXIS2_PLACEMENT_3D ( 'NONE', #7433, #6576, #8283 ) ;
#4200 = ADVANCED_FACE ( 'NONE', ( #2589 ), #5884, .F. ) ;
#4201 = ORIENTED_EDGE ( 'NONE', *, *, #10066, .T. ) ;
#4202 = CARTESIAN_POINT ( 'NONE',  ( 3.865641887946999589, -5.150999830607999819, 1.207539526985000000 ) ) ;
#4203 = DIRECTION ( 'NONE',  ( 0.9999748501857348426, -1.224615999507675655E-16, -0.007092178509961118670 ) ) ;
#4204 = ORIENTED_EDGE ( 'NONE', *, *, #4452, .T. ) ;
#4205 = CARTESIAN_POINT ( 'NONE',  ( 2.573105602522000268, -5.150999830607999819, 0.8174833403029999612 ) ) ;
#4206 = FACE_OUTER_BOUND ( 'NONE', #7405, .T. ) ;
#4207 = CARTESIAN_POINT ( 'NONE',  ( 2.605562635814000050, -5.149999830640999754, 0.9083526950350000462 ) ) ;
#4208 = VECTOR ( 'NONE', #9987, 1000.000000000000000 ) ;
#4209 = DIRECTION ( 'NONE',  ( 1.224646799146999945E-16, 1.000000000000000000, 0.000000000000000000 ) ) ;
#4210 = PRESENTATION_LAYER_ASSIGNMENT (  '', '', ( #2172 ) ) ;
#4211 = CARTESIAN_POINT ( 'NONE',  ( 5.149999830640999754, 1.249999958892999974, 2.049999933330000079 ) ) ;
#4212 = ORIENTED_EDGE ( 'NONE', *, *, #3982, .T. ) ;
#4213 = ORIENTED_EDGE ( 'NONE', *, *, #4851, .T. ) ;
#4214 = CARTESIAN_POINT ( 'NONE',  ( 2.546904161474999650, -5.150999830607999819, 0.7930867599069999496 ) ) ;
#4215 = CARTESIAN_POINT ( 'NONE',  ( 3.838112196596999759, -5.149999830640999754, 1.027748161355000134 ) ) ;
#4216 = ORIENTED_EDGE ( 'NONE', *, *, #8315, .T. ) ;
#4217 = STYLED_ITEM ( 'NONE', ( #8219 ), #5753 ) ;
#4218 = SURFACE_SIDE_STYLE ('',( #2472 ) ) ;
#4219 = ORIENTED_EDGE ( 'NONE', *, *, #9948, .F. ) ;
#4220 = CARTESIAN_POINT ( 'NONE',  ( 3.944150803854999499, -5.149999830640999754, 0.9077328691820000239 ) ) ;
#4221 = PLANE ( 'NONE',  #28 ) ;
#4222 = LINE ( 'NONE', #1721, #1312 ) ;
#4223 = EDGE_CURVE ( 'NONE', #10007, #7357, #8498, .T. ) ;
#4224 = CARTESIAN_POINT ( 'NONE',  ( -5.149999830640999754, 0.4499999852019999635, 0.3499999892349999753 ) ) ;
#4225 = EDGE_CURVE ( 'NONE', #2869, #7795, #983, .T. ) ;
#4226 = CARTESIAN_POINT ( 'NONE',  ( 4.004429102078000291, -5.149999830640999754, 1.130858920966000047 ) ) ;
#4227 = VERTEX_POINT ( 'NONE', #6857 ) ;
#4228 = CARTESIAN_POINT ( 'NONE',  ( 3.604642969462000135, -5.150999830607999819, 0.7292183582519999874 ) ) ;
#4229 = ORIENTED_EDGE ( 'NONE', *, *, #1433, .F. ) ;
#4230 =( LENGTH_UNIT ( ) NAMED_UNIT ( * ) SI_UNIT ( .MILLI., .METRE. ) );
#4231 = ORIENTED_EDGE ( 'NONE', *, *, #5949, .F. ) ;
#4232 = VECTOR ( 'NONE', #9110, 1000.000000000000114 ) ;
#4233 = CARTESIAN_POINT ( 'NONE',  ( 3.541762064153000100, -5.149999830640999754, 0.7622095722909999482 ) ) ;
#4234 = VECTOR ( 'NONE', #4303, 1000.000000000000000 ) ;
#4235 = EDGE_LOOP ( 'NONE', ( #9814, #10207, #6932, #4473 ) ) ;
#4236 = EDGE_CURVE ( 'NONE', #6613, #6771, #1907, .T. ) ;
#4237 = CARTESIAN_POINT ( 'NONE',  ( 3.547398067840000113, -5.150999830607999819, 1.190352664324999976 ) ) ;
#4238 =( LENGTH_UNIT ( ) NAMED_UNIT ( * ) SI_UNIT ( .MILLI., .METRE. ) );
#4239 = ORIENTED_EDGE ( 'NONE', *, *, #5468, .T. ) ;
#4240 = CARTESIAN_POINT ( 'NONE',  ( 3.074891546108000195, -5.150999830607999819, 1.023597901399000198 ) ) ;
#4241 = EDGE_LOOP ( 'NONE', ( #9759, #8188, #4584, #9738, #9218, #6780, #9564, #9612, #282, #6445, #1103, #4776, #10086, #7573, #5145, #5007, #2190, #8153, #7221, #4344, #1930 ) ) ;
#4242 = DIRECTION ( 'NONE',  ( 0.9999748501857348426, -1.224615999507676641E-16, -0.007092178509963118806 ) ) ;
#4243 = FACE_OUTER_BOUND ( 'NONE', #3667, .T. ) ;
#4244 = ORIENTED_EDGE ( 'NONE', *, *, #4071, .T. ) ;
#4245 = CARTESIAN_POINT ( 'NONE',  ( 3.380928124408999924, -5.150999830607999819, 0.9117274454279999940 ) ) ;
#4246 = CARTESIAN_POINT ( 'NONE',  ( 3.525597980806999932, -5.149999830640999754, 1.129367977211000129 ) ) ;
#4247 = PLANE ( 'NONE',  #9213 ) ;
#4248 = UNCERTAINTY_MEASURE_WITH_UNIT (LENGTH_MEASURE( 1.000000000000000082E-05 ), #6971, 'distance_accuracy_value', 'NONE');
#4249 =( LENGTH_UNIT ( ) NAMED_UNIT ( * ) SI_UNIT ( .MILLI., .METRE. ) );
#4250 = DIRECTION ( 'NONE',  ( -0.3625544874978711141, 4.440011926307420952E-17, -0.9319625762846682759 ) ) ;
#4251 = ADVANCED_FACE ( 'NONE', ( #2696 ), #7505, .F. ) ;
#4252 = VERTEX_POINT ( 'NONE', #1043 ) ;
#4253 = SURFACE_SIDE_STYLE ('',( #422 ) ) ;
#4254 = DIRECTION ( 'NONE',  ( -0.9999748501857348426, 1.224615999507675655E-16, 0.007092178509961118670 ) ) ;
#4255 = ORIENTED_EDGE ( 'NONE', *, *, #3015, .T. ) ;
#4256 = CARTESIAN_POINT ( 'NONE',  ( -4.944441160745000730, 1.249999958892999974, 1.049999966214999914 ) ) ;
#4257 = CARTESIAN_POINT ( 'NONE',  ( 4.090506286169000028, -5.150999830607999819, 0.7033131071129999912 ) ) ;
#4258 = FACE_OUTER_BOUND ( 'NONE', #5662, .T. ) ;
#4259 = B_SPLINE_SURFACE_WITH_KNOTS ( 'NONE', 3, 1, ( 
 ( #2134, #6110 ),
 ( #529, #6208 ),
 ( #5437, #4421 ),
 ( #8674, #9465 ) ),
 .UNSPECIFIED., .F., .F., .F.,
 ( 4, 4 ),
 ( 2, 2 ),
 ( 4.000000000000000000, 5.000000000000000000 ),
 ( 0.000000000000000000, 1.000000000000000000 ),
 .UNSPECIFIED. ) ;
#4260 = CARTESIAN_POINT ( 'NONE',  ( 4.296373169184000140, -5.149999830640999754, 0.7018530257080000112 ) ) ;
#4261 = B_SPLINE_CURVE_WITH_KNOTS ( 'NONE', 3,
 ( #9655, #7321, #8720, #7902 ),
 .UNSPECIFIED., .F., .F.,
 ( 4, 4 ),
 ( 8.000000000000000000, 9.000000000000000000 ),
 .UNSPECIFIED. ) ;
#4262 = CARTESIAN_POINT ( 'NONE',  ( 3.672447498579999969, -5.150999830607999819, 0.7893568734279999832 ) ) ;
#4263 = EDGE_CURVE ( 'NONE', #2248, #1562, #300, .T. ) ;
#4264 = DIRECTION ( 'NONE',  ( 0.9999748501857348426, -1.224615999507676641E-16, -0.007092178509963118806 ) ) ;
#4265 = VERTEX_POINT ( 'NONE', #193 ) ;
#4266 = ORIENTED_EDGE ( 'NONE', *, *, #6177, .T. ) ;
#4267 = CARTESIAN_POINT ( 'NONE',  ( 2.546904161474999650, -5.149999830640999754, 0.7930867599069999496 ) ) ;
#4268 = VECTOR ( 'NONE', #9121, 1000.000000000000114 ) ;
#4269 = VECTOR ( 'NONE', #9052, 1000.000000000000114 ) ;
#4270 = CARTESIAN_POINT ( 'NONE',  ( 3.528221963638999981, -5.150999830607999819, 0.8176221140439999813 ) ) ;
#4271 = ORIENTED_EDGE ( 'NONE', *, *, #2477, .F. ) ;
#4272 = DIRECTION ( 'NONE',  ( 0.9999748501857341765, -1.224615999507673929E-16, -0.007092178510043121650 ) ) ;
#4273 = ORIENTED_EDGE ( 'NONE', *, *, #4165, .F. ) ;
#4274 = CARTESIAN_POINT ( 'NONE',  ( -5.149999830640999754, 3.649999879969000105, 2.049999933330000079 ) ) ;
#4275 =( NAMED_UNIT ( * ) PLANE_ANGLE_UNIT ( ) SI_UNIT ( $, .RADIAN. ) );
#4276 = CARTESIAN_POINT ( 'NONE',  ( 4.499999852016000723, -1.102182082987000040E-15, 9.549999686690000544 ) ) ;
#4277 = CARTESIAN_POINT ( 'NONE',  ( 2.418522233773000352, -5.149999830640999754, 0.8373780778049999540 ) ) ;
#4278 = MECHANICAL_DESIGN_GEOMETRIC_PRESENTATION_REPRESENTATION (  '', ( #8007 ), #188 ) ;
#4279 = DIRECTION ( 'NONE',  ( -0.9999748501857350647, 1.224615999507675901E-16, 0.007092178509932121032 ) ) ;
#4280 = CIRCLE ( 'NONE', #4622, 5.099999832285000423 ) ;
#4281 = VECTOR ( 'NONE', #4910, 1000.000000000000114 ) ;
#4282 = ORIENTED_EDGE ( 'NONE', *, *, #1694, .F. ) ;
#4283 = VECTOR ( 'NONE', #2207, 1000.000000000000000 ) ;
#4284 = CARTESIAN_POINT ( 'NONE',  ( 3.700839918890999947, -5.150999830607999819, 0.7975777549139999589 ) ) ;
#4285 = B_SPLINE_SURFACE_WITH_KNOTS ( 'NONE', 3, 1, ( 
 ( #2077, #8291 ),
 ( #8346, #3512 ),
 ( #2867, #10041 ),
 ( #2767, #999 ) ),
 .UNSPECIFIED., .F., .F., .F.,
 ( 4, 4 ),
 ( 2, 2 ),
 ( 6.000000000000000000, 7.000000000000000000 ),
 ( 0.000000000000000000, 1.000000000000000000 ),
 .UNSPECIFIED. ) ;
#4286 = ORIENTED_EDGE ( 'NONE', *, *, #6286, .T. ) ;
#4287 =( NAMED_UNIT ( * ) SI_UNIT ( $, .STERADIAN. ) SOLID_ANGLE_UNIT ( ) );
#4288 = ADVANCED_FACE ( 'NONE', ( #9301 ), #3431, .T. ) ;
#4289 = ORIENTED_EDGE ( 'NONE', *, *, #4519, .T. ) ;
#4290 = DIRECTION ( 'NONE',  ( 0.000000000000000000, 0.000000000000000000, 1.000000000000000000 ) ) ;
#4291 = VERTEX_POINT ( 'NONE', #5998 ) ;
#4292 = VECTOR ( 'NONE', #5891, 1000.000000000000000 ) ;
#4293 = PLANE ( 'NONE',  #9803 ) ;
#4294 =( GEOMETRIC_REPRESENTATION_CONTEXT ( 3 ) GLOBAL_UNCERTAINTY_ASSIGNED_CONTEXT ( ( #5607 ) ) GLOBAL_UNIT_ASSIGNED_CONTEXT ( ( #10023, #1149, #509 ) ) REPRESENTATION_CONTEXT ( 'NONE', 'WORKASPACE' ) );
#4295 = VECTOR ( 'NONE', #2738, 1000.000000000000000 ) ;
#4296 = ORIENTED_EDGE ( 'NONE', *, *, #7813, .F. ) ;
#4297 = VECTOR ( 'NONE', #5831, 1000.000000000000114 ) ;
#4298 = ADVANCED_FACE ( 'NONE', ( #986 ), #4459, .F. ) ;
#4299 = CARTESIAN_POINT ( 'NONE',  ( 0.000000000000000000, 0.000000000000000000, 0.5499999826579999862 ) ) ;
#4300 = ORIENTED_EDGE ( 'NONE', *, *, #717, .F. ) ;
#4301 = CARTESIAN_POINT ( 'NONE',  ( 2.659462695015000211, -5.149999830640999754, 0.7604759268000000905 ) ) ;
#4302 = ORIENTED_EDGE ( 'NONE', *, *, #3218, .T. ) ;
#4303 = DIRECTION ( 'NONE',  ( 1.224646799146999945E-16, 1.000000000000000000, 0.000000000000000000 ) ) ;
#4304 =( NAMED_UNIT ( * ) PLANE_ANGLE_UNIT ( ) SI_UNIT ( $, .RADIAN. ) );
#4305 = CARTESIAN_POINT ( 'NONE',  ( 2.708901986847000121, -5.149999830640999754, 1.206946566248000119 ) ) ;
#4306 = CARTESIAN_POINT ( 'NONE',  ( 2.561179156617999997, -5.150999830607999819, 1.174735726246999956 ) ) ;
#4307 = B_SPLINE_CURVE_WITH_KNOTS ( 'NONE', 3,
 ( #3233, #4194, #8986, #2493 ),
 .UNSPECIFIED., .F., .F.,
 ( 4, 4 ),
 ( 12.00000000000000000, 13.00000000000000000 ),
 .UNSPECIFIED. ) ;
#4308 = ADVANCED_FACE ( 'NONE', ( #4405 ), #9869, .T. ) ;
#4309 = CARTESIAN_POINT ( 'NONE',  ( 4.357078412040999993, -5.150999830607999819, 0.8678919060640000183 ) ) ;
#4310 = EDGE_CURVE ( 'NONE', #8293, #8399, #9923, .T. ) ;
#4311 = CARTESIAN_POINT ( 'NONE',  ( 3.849184916302999859, -5.149999830640999754, 0.6830852013049999449 ) ) ;
#4312 = ORIENTED_EDGE ( 'NONE', *, *, #1517, .F. ) ;
#4313 = CARTESIAN_POINT ( 'NONE',  ( 4.225613530116000049, -5.150999830607999819, 0.7308449608110000328 ) ) ;
#4314 = CARTESIAN_POINT ( 'NONE',  ( 2.192932865141000054, -3.929509399037999895, 10.04899967027999885 ) ) ;
#4315 = ORIENTED_EDGE ( 'NONE', *, *, #1786, .T. ) ;
#4316 = B_SPLINE_SURFACE_WITH_KNOTS ( 'NONE', 3, 1, ( 
 ( #4435, #7735 ),
 ( #3045, #3687 ),
 ( #1341, #6941 ),
 ( #2993, #3848 ) ),
 .UNSPECIFIED., .F., .F., .F.,
 ( 4, 4 ),
 ( 2, 2 ),
 ( 6.000000000000000000, 7.000000000000000000 ),
 ( 0.000000000000000000, 1.000000000000000000 ),
 .UNSPECIFIED. ) ;
#4317 = LINE ( 'NONE', #1923, #6865 ) ;
#4318 = SURFACE_SIDE_STYLE ('',( #9262 ) ) ;
#4319 = CARTESIAN_POINT ( 'NONE',  ( 2.713660265846999931, -5.150999830607999819, 0.8584212349130000419 ) ) ;
#4320 = PLANE ( 'NONE',  #4614 ) ;
#4321 = DIRECTION ( 'NONE',  ( -1.000000000000000000, 1.224646799146999945E-16, 0.000000000000000000 ) ) ;
#4322 = ORIENTED_EDGE ( 'NONE', *, *, #7769, .F. ) ;
#4323 = ORIENTED_EDGE ( 'NONE', *, *, #481, .T. ) ;
#4324 = PLANE ( 'NONE',  #6958 ) ;
#4325 = ADVANCED_FACE ( 'NONE', ( #1260 ), #7113, .F. ) ;
#4326 = LINE ( 'NONE', #4270, #6759 ) ;
#4327 = ORIENTED_EDGE ( 'NONE', *, *, #7066, .F. ) ;
#4328 = EDGE_LOOP ( 'NONE', ( #6441, #5502, #2801, #4129 ) ) ;
#4329 = CARTESIAN_POINT ( 'NONE',  ( 3.974268781878000478, -5.149999830640999754, 1.203233840576000135 ) ) ;
#4330 = ORIENTED_EDGE ( 'NONE', *, *, #6102, .T. ) ;
#4331 = FACE_OUTER_BOUND ( 'NONE', #3627, .T. ) ;
#4332 = EDGE_CURVE ( 'NONE', #8211, #1072, #7856, .T. ) ;
#4333 =( LENGTH_UNIT ( ) NAMED_UNIT ( * ) SI_UNIT ( .MILLI., .METRE. ) );
#4334 = CARTESIAN_POINT ( 'NONE',  ( 4.180793746149999990, -5.150999830607999819, 0.9060545129810000375 ) ) ;
#4335 = SURFACE_STYLE_FILL_AREA ( #6829 ) ;
#4336 = CARTESIAN_POINT ( 'NONE',  ( 4.149965700284000469, -5.150999830607999819, 0.9062731564849999533 ) ) ;
#4337 = ORIENTED_EDGE ( 'NONE', *, *, #4463, .T. ) ;
#4338 = CARTESIAN_POINT ( 'NONE',  ( 3.597243964676000161, -5.149999830640999754, 1.049420338241000117 ) ) ;
#4339 = DIRECTION ( 'NONE',  ( -6.033355342805999262E-18, 1.000000000000000000, 0.000000000000000000 ) ) ;
#4340 = ORIENTED_EDGE ( 'NONE', *, *, #925, .F. ) ;
#4341 = B_SPLINE_CURVE_WITH_KNOTS ( 'NONE', 3,
 ( #1254, #2212, #456, #3704 ),
 .UNSPECIFIED., .F., .F.,
 ( 4, 4 ),
 ( 3.000000000000000000, 4.000000000000000000 ),
 .UNSPECIFIED. ) ;
#4342 = VERTEX_POINT ( 'NONE', #9452 ) ;
#4343 = SURFACE_STYLE_USAGE ( .BOTH. , #8322 ) ;
#4344 = ORIENTED_EDGE ( 'NONE', *, *, #3967, .F. ) ;
#4345 = CARTESIAN_POINT ( 'NONE',  ( 3.593774455652000377, -5.150999830607999819, 0.7361580162460000798 ) ) ;
#4346 = CARTESIAN_POINT ( 'NONE',  ( 3.602975788199000107, -5.150999830607999819, 1.212521800802000005 ) ) ;
#4347 = ORIENTED_EDGE ( 'NONE', *, *, #4492, .T. ) ;
#4348 = CARTESIAN_POINT ( 'NONE',  ( 2.383152860003000306, -5.150999830607999819, 0.9475267208019999554 ) ) ;
#4349 = ORIENTED_EDGE ( 'NONE', *, *, #8146, .T. ) ;
#4350 = CARTESIAN_POINT ( 'NONE',  ( 3.545149352581999924, -5.149999830640999754, 1.071209362890999772 ) ) ;
#4351 = COLOUR_RGB ( '',0.2470588235294117752, 0.2470588235294117752, 0.2470588235294117752 ) ;
#4352 = ORIENTED_EDGE ( 'NONE', *, *, #5479, .F. ) ;
#4353 = CARTESIAN_POINT ( 'NONE',  ( 3.124699917163999974, -5.150999830607999819, 0.9104548214489999181 ) ) ;
#4354 = FACE_OUTER_BOUND ( 'NONE', #5335, .T. ) ;
#4355 = UNCERTAINTY_MEASURE_WITH_UNIT (LENGTH_MEASURE( 1.000000000000000082E-05 ), #909, 'distance_accuracy_value', 'NONE');
#4356 = FACE_OUTER_BOUND ( 'NONE', #3091, .T. ) ;
#4357 = STYLED_ITEM ( 'NONE', ( #4514 ), #8064 ) ;
#4358 = EDGE_CURVE ( 'NONE', #3432, #4174, #10137, .T. ) ;
#4359 = CARTESIAN_POINT ( 'NONE',  ( 3.976639133456000508, -5.149999830640999754, 1.104957438125000024 ) ) ;
#4360 = EDGE_CURVE ( 'NONE', #10174, #10367, #573, .T. ) ;
#4361 = CARTESIAN_POINT ( 'NONE',  ( 3.528397468373999590, -5.149999830640999754, 0.8423677292760000102 ) ) ;
#4362 = STYLED_ITEM ( 'NONE', ( #9793 ), #7272 ) ;
#4363 = EDGE_LOOP ( 'NONE', ( #4693, #4404, #5941, #1516, #3887, #9590, #3221, #5906, #7277, #122, #3428, #7875 ) ) ;
#4364 = CARTESIAN_POINT ( 'NONE',  ( 4.205047854657999906, -5.150999830607999819, 0.7119627721260000097 ) ) ;
#4365 = CARTESIAN_POINT ( 'NONE',  ( 4.197963349183000403, -5.150999830607999819, 1.025195968557000015 ) ) ;
#4366 = ORIENTED_EDGE ( 'NONE', *, *, #2284, .T. ) ;
#4367 = CARTESIAN_POINT ( 'NONE',  ( 3.799694109084000182, -5.149999830640999754, 1.028020636141999899 ) ) ;
#4368 = CARTESIAN_POINT ( 'NONE',  ( 3.557975605349999793, -5.149999830640999754, 0.7245583764970000562 ) ) ;
#4369 = DIRECTION ( 'NONE',  ( 0.9999748501857348426, -1.224615999507675655E-16, -0.007092178509962118738 ) ) ;
#4370 = CARTESIAN_POINT ( 'NONE',  ( 4.221666978664000425, -5.149999830640999754, 0.7608187312990000173 ) ) ;
#4371 = CARTESIAN_POINT ( 'NONE',  ( 4.048903775893999857, -5.150999830607999819, 0.9069899237199999797 ) ) ;
#4372 = B_SPLINE_CURVE_WITH_KNOTS ( 'NONE', 3,
 ( #9532, #2044, #6275, #5297 ),
 .UNSPECIFIED., .F., .F.,
 ( 4, 4 ),
 ( 3.000000000000000000, 4.000000000000000000 ),
 .UNSPECIFIED. ) ;
#4373 = CARTESIAN_POINT ( 'NONE',  ( 5.799999809265000472, 0.4499999852019999635, 0.3499999892349999753 ) ) ;
#4374 = ORIENTED_EDGE ( 'NONE', *, *, #731, .T. ) ;
#4375 = ORIENTED_EDGE ( 'NONE', *, *, #9266, .T. ) ;
#4376 = CARTESIAN_POINT ( 'NONE',  ( 2.466833330998999596, -5.150999830607999819, 0.7170154720239999557 ) ) ;
#4377 = VERTEX_POINT ( 'NONE', #3712 ) ;
#4378 = VERTEX_POINT ( 'NONE', #5322 ) ;
#4379 = DIRECTION ( 'NONE',  ( -0.9999748501857340655, 1.224615999507673683E-16, 0.007092178510053120596 ) ) ;
#4380 = ORIENTED_EDGE ( 'NONE', *, *, #8615, .T. ) ;
#4381 = FACE_OUTER_BOUND ( 'NONE', #8553, .T. ) ;
#4382 = CARTESIAN_POINT ( 'NONE',  ( 3.845560610499000553, -5.149999830640999754, 0.7291733388140000383 ) ) ;
#4383 = VECTOR ( 'NONE', #2742, 1000.000000000000000 ) ;
#4384 = FACE_OUTER_BOUND ( 'NONE', #6057, .T. ) ;
#4385 = DIRECTION ( 'NONE',  ( -2.465190328816000174E-32, -1.000000000000000000, 0.000000000000000000 ) ) ;
#4386 = CARTESIAN_POINT ( 'NONE',  ( 3.994571937651000049, -5.149999830640999754, 1.185101579587000131 ) ) ;
#4387 = EDGE_CURVE ( 'NONE', #1908, #5547, #3655, .T. ) ;
#4388 = ORIENTED_EDGE ( 'NONE', *, *, #5353, .F. ) ;
#4389 = DIRECTION ( 'NONE',  ( 1.224646799146999945E-16, 1.000000000000000000, 0.000000000000000000 ) ) ;
#4390 = CARTESIAN_POINT ( 'NONE',  ( 4.140659763901000545, -5.150999830607999819, 1.104210058892000079 ) ) ;
#4391 = ORIENTED_EDGE ( 'NONE', *, *, #5639, .F. ) ;
#4392 = EDGE_CURVE ( 'NONE', #5865, #8778, #2120, .T. ) ;
#4393 = CARTESIAN_POINT ( 'NONE',  ( 0.000000000000000000, 0.000000000000000000, 3.027168101175000015 ) ) ;
#4394 = ORIENTED_EDGE ( 'NONE', *, *, #8676, .F. ) ;
#4395 = CARTESIAN_POINT ( 'NONE',  ( 3.531942549656000185, -5.150999830607999819, 1.085652049899999749 ) ) ;
#4396 = ORIENTED_EDGE ( 'NONE', *, *, #4183, .T. ) ;
#4397 = DIRECTION ( 'NONE',  ( 0.9319625762846682759, -1.141324985971593449E-16, -0.3625544874978711141 ) ) ;
#4398 = CARTESIAN_POINT ( 'NONE',  ( 3.561801304313000127, -5.150999830607999819, 1.205327379902000118 ) ) ;
#4399 = EDGE_CURVE ( 'NONE', #7112, #2630, #6244, .T. ) ;
#4400 = EDGE_CURVE ( 'NONE', #9979, #5181, #2963, .T. ) ;
#4401 = ORIENTED_EDGE ( 'NONE', *, *, #1959, .F. ) ;
#4402 = ORIENTED_EDGE ( 'NONE', *, *, #1387, .F. ) ;
#4403 = DIRECTION ( 'NONE',  ( 1.224646799146999945E-16, 1.000000000000000000, 0.000000000000000000 ) ) ;
#4404 = ORIENTED_EDGE ( 'NONE', *, *, #6736, .T. ) ;
#4405 = FACE_OUTER_BOUND ( 'NONE', #6192, .T. ) ;
#4406 = PRESENTATION_STYLE_ASSIGNMENT (( #2861 ) ) ;
#4407 = PLANE ( 'NONE',  #7236 ) ;
#4408 = PLANE ( 'NONE',  #9878 ) ;
#4409 = CARTESIAN_POINT ( 'NONE',  ( 3.780611651929000061, -5.150999830607999819, 0.6391727691799999889 ) ) ;
#4410 = VECTOR ( 'NONE', #1995, 1000.000000000000227 ) ;
#4411 = CARTESIAN_POINT ( 'NONE',  ( 4.229213152248999741, -5.150999830607999819, 0.8058918381530000286 ) ) ;
#4412 = DIRECTION ( 'NONE',  ( 1.000000000000000000, -1.224646799147000192E-16, 0.000000000000000000 ) ) ;
#4413 = CARTESIAN_POINT ( 'NONE',  ( 3.498034028674999796, -5.149999830640999754, 1.128003794546999838 ) ) ;
#4414 = EDGE_CURVE ( 'NONE', #5900, #2588, #8718, .T. ) ;
#4415 = ORIENTED_EDGE ( 'NONE', *, *, #7987, .T. ) ;
#4416 = CARTESIAN_POINT ( 'NONE',  ( 3.703658988564999532, -5.150999830607999819, 0.7698995058010000836 ) ) ;
#4417 = CARTESIAN_POINT ( 'NONE',  ( 4.256823191649999671, -5.150999830607999819, 0.8064238667220000600 ) ) ;
#4418 = CARTESIAN_POINT ( 'NONE',  ( 2.942530655334999690, -5.150999830607999819, 0.7107495988190000169 ) ) ;
#4419 =( NAMED_UNIT ( * ) SI_UNIT ( $, .STERADIAN. ) SOLID_ANGLE_UNIT ( ) );
#4420 = COLOUR_RGB ( '',1.000000000000000000, 1.000000000000000000, 1.000000000000000000 ) ;
#4421 = CARTESIAN_POINT ( 'NONE',  ( 3.969700594347000067, -5.149999830640999754, 1.174880135705000050 ) ) ;
#4422 = CARTESIAN_POINT ( 'NONE',  ( 3.479117864370000035, -5.150999830607999819, 0.7992542652559999627 ) ) ;
#4423 = ORIENTED_EDGE ( 'NONE', *, *, #9904, .F. ) ;
#4424 = CARTESIAN_POINT ( 'NONE',  ( 2.946058334734000361, -5.149999830640999754, 0.8003779915239999099 ) ) ;
#4425 = EDGE_CURVE ( 'NONE', #1782, #1382, #1418, .T. ) ;
#4426 = DIRECTION ( 'NONE',  ( 0.9999748501857348426, -1.224615999507676887E-16, -0.007092178509966119010 ) ) ;
#4427 = ORIENTED_EDGE ( 'NONE', *, *, #6483, .T. ) ;
#4428 = ORIENTED_EDGE ( 'NONE', *, *, #7952, .T. ) ;
#4429 = FACE_OUTER_BOUND ( 'NONE', #2892, .T. ) ;
#4430 = ORIENTED_EDGE ( 'NONE', *, *, #715, .T. ) ;
#4431 = CARTESIAN_POINT ( 'NONE',  ( 3.525780790067999604, -5.149999830640999754, 0.7153246789210000456 ) ) ;
#4432 = PLANE ( 'NONE',  #8977 ) ;
#4433 = EDGE_CURVE ( 'NONE', #6681, #2011, #8608, .T. ) ;
#4434 = DIRECTION ( 'NONE',  ( -0.007092178509965118942, 8.685413711209697322E-19, -0.9999748501857348426 ) ) ;
#4435 = CARTESIAN_POINT ( 'NONE',  ( 3.559283009391000174, -5.150999830607999819, 0.7036494448680000735 ) ) ;
#4436 = FILL_AREA_STYLE_COLOUR ( '', #5633 ) ;
#4437 = VECTOR ( 'NONE', #8708, 1000.000000000000000 ) ;
#4438 = VERTEX_POINT ( 'NONE', #6297 ) ;
#4439 = DIRECTION ( 'NONE',  ( 1.224646799146999945E-16, 1.000000000000000000, 0.000000000000000000 ) ) ;
#4440 = ORIENTED_EDGE ( 'NONE', *, *, #7153, .F. ) ;
#4441 = PRESENTATION_STYLE_ASSIGNMENT (( #1191 ) ) ;
#4442 = VERTEX_POINT ( 'NONE', #9554 ) ;
#4443 = CARTESIAN_POINT ( 'NONE',  ( 2.527942810622999747, -5.149999830640999754, 1.177863494496000030 ) ) ;
#4444 = FACE_OUTER_BOUND ( 'NONE', #5808, .T. ) ;
#4445 = AXIS2_PLACEMENT_3D ( 'NONE', #9306, #8504, #1210 ) ;
#4446 = B_SPLINE_SURFACE_WITH_KNOTS ( 'NONE', 3, 1, ( 
 ( #6378, #10310 ),
 ( #3037, #643 ),
 ( #9577, #6269 ),
 ( #6984, #7194 ) ),
 .UNSPECIFIED., .F., .F., .F.,
 ( 4, 4 ),
 ( 2, 2 ),
 ( 5.000000000000000000, 6.000000000000000000 ),
 ( 0.000000000000000000, 1.000000000000000000 ),
 .UNSPECIFIED. ) ;
#4447 = EDGE_LOOP ( 'NONE', ( #8408, #7262, #8992, #6291, #7978 ) ) ;
#4448 = CARTESIAN_POINT ( 'NONE',  ( 3.969611309134000177, -5.149999830640999754, 0.7957755106980000104 ) ) ;
#4449 = LINE ( 'NONE', #8269, #6487 ) ;
#4450 = VECTOR ( 'NONE', #2552, 1000.000000000000000 ) ;
#4451 = VECTOR ( 'NONE', #1755, 1000.000000000000114 ) ;
#4452 = EDGE_CURVE ( 'NONE', #6266, #8005, #2277, .T. ) ;
#4453 = VERTEX_POINT ( 'NONE', #8556 ) ;
#4454 = ORIENTED_EDGE ( 'NONE', *, *, #2150, .T. ) ;
#4455 = CARTESIAN_POINT ( 'NONE',  ( 4.360954916044000207, -5.149999830640999754, 0.8720235486440000017 ) ) ;
#4456 = VECTOR ( 'NONE', #5426, 1000.000000000000114 ) ;
#4457 = ORIENTED_EDGE ( 'NONE', *, *, #5149, .F. ) ;
#4458 = TOROIDAL_SURFACE ( 'NONE', #3092, 4.499999852016000723, 0.4999999835569999274 ) ;
#4459 = PLANE ( 'NONE',  #180 ) ;
#4460 = FACE_OUTER_BOUND ( 'NONE', #4698, .T. ) ;
#4461 = CARTESIAN_POINT ( 'NONE',  ( 3.603967143835999920, -5.149999830640999754, 0.7292231514480000953 ) ) ;
#4462 = DIRECTION ( 'NONE',  ( -0.9999748501857347316, 1.224615999507674915E-16, 0.007092178509978118092 ) ) ;
#4463 = EDGE_CURVE ( 'NONE', #8418, #10440, #2483, .T. ) ;
#4464 = PRESENTATION_LAYER_ASSIGNMENT (  '', '', ( #2611 ) ) ;
#4465 = DIRECTION ( 'NONE',  ( -1.000000000000000000, -9.324187140898999574E-16, 0.000000000000000000 ) ) ;
#4466 = UNCERTAINTY_MEASURE_WITH_UNIT (LENGTH_MEASURE( 1.000000000000000082E-05 ), #32, 'distance_accuracy_value', 'NONE');
#4467 = LINE ( 'NONE', #419, #3415 ) ;
#4468 = TOROIDAL_SURFACE ( 'NONE', #9221, 5.227142138160999707, 0.4652383217150000139 ) ;
#4469 = CARTESIAN_POINT ( 'NONE',  ( 3.969126090162000242, -5.150999830607999819, 0.7273611627060000417 ) ) ;
#4470 = AXIS2_PLACEMENT_3D ( 'NONE', #310, #9456, #2173 ) ;
#4471 = DIRECTION ( 'NONE',  ( 0.9999748501857348426, -1.224615999507675655E-16, -0.007092178509961118670 ) ) ;
#4472 = CARTESIAN_POINT ( 'NONE',  ( 2.605255006645999849, -5.150999830607999819, 1.068863489782999832 ) ) ;
#4473 = ORIENTED_EDGE ( 'NONE', *, *, #3786, .T. ) ;
#4474 = DIRECTION ( 'NONE',  ( 1.224646799146999945E-16, 1.000000000000000000, 0.000000000000000000 ) ) ;
#4475 =( LENGTH_UNIT ( ) NAMED_UNIT ( * ) SI_UNIT ( .MILLI., .METRE. ) );
#4476 = CARTESIAN_POINT ( 'NONE',  ( 4.229213152248999741, -5.149999830640999754, 0.8058918381530000286 ) ) ;
#4477 = FACE_OUTER_BOUND ( 'NONE', #6880, .T. ) ;
#4478 =( LENGTH_UNIT ( ) NAMED_UNIT ( * ) SI_UNIT ( .MILLI., .METRE. ) );
#4479 = EDGE_CURVE ( 'NONE', #3975, #8035, #6456, .T. ) ;
#4480 = ORIENTED_EDGE ( 'NONE', *, *, #9497, .T. ) ;
#4481 = ADVANCED_FACE ( 'NONE', ( #6563 ), #9604, .F. ) ;
#4482 = CARTESIAN_POINT ( 'NONE',  ( 3.691653781092000042, -5.149999830640999754, 0.8144874076079999803 ) ) ;
#4483 = CARTESIAN_POINT ( 'NONE',  ( 2.292037407335999699, -5.149999830640999754, 0.9452808309360000161 ) ) ;
#4484 = ORIENTED_EDGE ( 'NONE', *, *, #1719, .T. ) ;
#4485 = ORIENTED_EDGE ( 'NONE', *, *, #2618, .F. ) ;
#4486 = VECTOR ( 'NONE', #4474, 1000.000000000000000 ) ;
#4487 = ORIENTED_EDGE ( 'NONE', *, *, #334, .T. ) ;
#4488 =( LENGTH_UNIT ( ) NAMED_UNIT ( * ) SI_UNIT ( .MILLI., .METRE. ) );
#4489 = CARTESIAN_POINT ( 'NONE',  ( 2.449246163935000276, -5.149999830640999754, 1.091660312527000132 ) ) ;
#4490 = CARTESIAN_POINT ( 'NONE',  ( 1.249999958892999974, 5.149999830640999754, 0.5499999826579999862 ) ) ;
#4491 = CARTESIAN_POINT ( 'NONE',  ( 3.973219440545999959, -5.150999830607999819, 1.055280015054000042 ) ) ;
#4492 = EDGE_CURVE ( 'NONE', #9839, #8258, #6407, .T. ) ;
#4493 = ORIENTED_EDGE ( 'NONE', *, *, #3043, .T. ) ;
#4494 = ADVANCED_FACE ( 'NONE', ( #4131 ), #7373, .F. ) ;
#4495 = CARTESIAN_POINT ( 'NONE',  ( 1.249999958892999974, -5.149999830640999754, 2.049999933330000079 ) ) ;
#4496 = CARTESIAN_POINT ( 'NONE',  ( 0.000000000000000000, 0.000000000000000000, 9.549999686690000544 ) ) ;
#4497 = VERTEX_POINT ( 'NONE', #22 ) ;
#4498 = CARTESIAN_POINT ( 'NONE',  ( 3.706500545910000000, -5.150999830607999819, 0.7234010062100000304 ) ) ;
#4499 = EDGE_CURVE ( 'NONE', #59, #542, #2267, .T. ) ;
#4500 = EDGE_LOOP ( 'NONE', ( #4380, #1922, #3193, #7990 ) ) ;
#4501 = SURFACE_STYLE_FILL_AREA ( #2264 ) ;
#4502 = CARTESIAN_POINT ( 'NONE',  ( 3.797024665003999822, -5.150999830607999819, 0.6369767941689999935 ) ) ;
#4503 = ORIENTED_EDGE ( 'NONE', *, *, #5850, .T. ) ;
#4504 = CARTESIAN_POINT ( 'NONE',  ( 3.485681096449000371, -5.150999830607999819, 0.9109844999659999498 ) ) ;
#4505 = CARTESIAN_POINT ( 'NONE',  ( 3.379485740960999962, -5.149999830640999754, 0.7083559185690000426 ) ) ;
#4506 = ORIENTED_EDGE ( 'NONE', *, *, #6250, .F. ) ;
#4507 = ADVANCED_FACE ( 'NONE', ( #8006 ), #8972, .F. ) ;
#4508 = VERTEX_POINT ( 'NONE', #1578 ) ;
#4509 = EDGE_CURVE ( 'NONE', #8418, #59, #1499, .T. ) ;
#4510 = SURFACE_STYLE_USAGE ( .BOTH. , #6094 ) ;
#4511 = ORIENTED_EDGE ( 'NONE', *, *, #1286, .T. ) ;
#4512 = FILL_AREA_STYLE ('',( #6907 ) ) ;
#4513 = B_SPLINE_CURVE_WITH_KNOTS ( 'NONE', 3,
 ( #335, #10068, #2200, #2149 ),
 .UNSPECIFIED., .F., .F.,
 ( 4, 4 ),
 ( 11.00000000000000000, 12.00000000000000000 ),
 .UNSPECIFIED. ) ;
#4514 = PRESENTATION_STYLE_ASSIGNMENT (( #2862 ) ) ;
#4515 = EDGE_CURVE ( 'NONE', #7039, #2322, #5775, .T. ) ;
#4516 = CARTESIAN_POINT ( 'NONE',  ( 5.799999809265000472, -0.4499999852019999635, -3.712307892621000249 ) ) ;
#4517 = CARTESIAN_POINT ( 'NONE',  ( 3.546637000016999774, -5.150999830607999819, 0.7311894333370000387 ) ) ;
#4518 = EDGE_CURVE ( 'NONE', #687, #3138, #10390, .T. ) ;
#4519 = EDGE_CURVE ( 'NONE', #7143, #6613, #4982, .T. ) ;
#4520 = CARTESIAN_POINT ( 'NONE',  ( 3.630881096105999628, -5.150999830607999819, 0.8368578722649999690 ) ) ;
#4521 = LINE ( 'NONE', #581, #9203 ) ;
#4522 = ORIENTED_EDGE ( 'NONE', *, *, #8770, .T. ) ;
#4523 =( NAMED_UNIT ( * ) SI_UNIT ( $, .STERADIAN. ) SOLID_ANGLE_UNIT ( ) );
#4524 = FACE_BOUND ( 'NONE', #8647, .T. ) ;
#4525 =( NAMED_UNIT ( * ) SI_UNIT ( $, .STERADIAN. ) SOLID_ANGLE_UNIT ( ) );
#4526 = PLANE ( 'NONE',  #3325 ) ;
#4527 = LINE ( 'NONE', #7077, #6995 ) ;
#4528 =( NAMED_UNIT ( * ) SI_UNIT ( $, .STERADIAN. ) SOLID_ANGLE_UNIT ( ) );
#4529 = ADVANCED_FACE ( 'NONE', ( #3921 ), #6514, .F. ) ;
#4530 = ORIENTED_EDGE ( 'NONE', *, *, #3653, .T. ) ;
#4531 = SURFACE_STYLE_USAGE ( .BOTH. , #3732 ) ;
#4532 = VECTOR ( 'NONE', #3541, 1000.000000000000000 ) ;
#4533 = DIRECTION ( 'NONE',  ( -0.9468623945987471036, 1.159572000777689906E-16, -0.3216389368449140695 ) ) ;
#4534 = ORIENTED_EDGE ( 'NONE', *, *, #378, .F. ) ;
#4535 = ORIENTED_EDGE ( 'NONE', *, *, #6708, .F. ) ;
#4536 = EDGE_LOOP ( 'NONE', ( #536, #2932, #166, #4340, #9801, #7697, #7773 ) ) ;
#4537 = LINE ( 'NONE', #1181, #4540 ) ;
#4538 = CARTESIAN_POINT ( 'NONE',  ( 2.871463794558000160, -5.150999830607999819, 1.292555029307000058 ) ) ;
#4539 = FACE_OUTER_BOUND ( 'NONE', #9325, .T. ) ;
#4540 = VECTOR ( 'NONE', #6826, 1000.000000000000114 ) ;
#4541 = FILL_AREA_STYLE ('',( #2043 ) ) ;
#4542 = CARTESIAN_POINT ( 'NONE',  ( 3.976998991903000658, -5.149999830640999754, 1.155696346667000052 ) ) ;
#4543 = ORIENTED_EDGE ( 'NONE', *, *, #8113, .T. ) ;
#4544 = LINE ( 'NONE', #7785, #8127 ) ;
#4545 = CARTESIAN_POINT ( 'NONE',  ( 5.149999830640999754, -5.149999830640999754, 2.049999933330000079 ) ) ;
#4546 = ORIENTED_EDGE ( 'NONE', *, *, #4610, .F. ) ;
#4547 = CARTESIAN_POINT ( 'NONE',  ( 5.149999830640999754, -5.149999830640999754, 2.049999933330000079 ) ) ;
#4548 = VECTOR ( 'NONE', #6038, 1000.000000000000114 ) ;
#4549 = VERTEX_POINT ( 'NONE', #243 ) ;
#4550 = LINE ( 'NONE', #7050, #8021 ) ;
#4551 = CARTESIAN_POINT ( 'NONE',  ( 3.711391358239999771, -5.149999830640999754, 0.8338953614780000301 ) ) ;
#4552 = EDGE_CURVE ( 'NONE', #2326, #2313, #7724, .T. ) ;
#4553 = CARTESIAN_POINT ( 'NONE',  ( -5.149999830640999754, 0.4999999835569999274, 0.04999999910078999771 ) ) ;
#4554 = CARTESIAN_POINT ( 'NONE',  ( 4.004429102078000291, -5.149999830640999754, 1.130858920966000047 ) ) ;
#4555 = CARTESIAN_POINT ( 'NONE',  ( 0.000000000000000000, 0.000000000000000000, 0.5499999826579999862 ) ) ;
#4556 = MECHANICAL_DESIGN_GEOMETRIC_PRESENTATION_REPRESENTATION (  '', ( #9977 ), #7429 ) ;
#4557 = ORIENTED_EDGE ( 'NONE', *, *, #6822, .F. ) ;
#4558 = VECTOR ( 'NONE', #5672, 1000.000000000000000 ) ;
#4559 = ORIENTED_EDGE ( 'NONE', *, *, #4392, .T. ) ;
#4560 = CARTESIAN_POINT ( 'NONE',  ( 5.149999830640999754, -5.149999830640999754, 2.049999933330000079 ) ) ;
#4561 = EDGE_CURVE ( 'NONE', #9963, #8139, #5084, .T. ) ;
#4562 = ORIENTED_EDGE ( 'NONE', *, *, #2224, .F. ) ;
#4563 = CARTESIAN_POINT ( 'NONE',  ( 2.292037407335999699, -5.150999830607999819, 0.9452808309360000161 ) ) ;
#4564 = AXIS2_PLACEMENT_3D ( 'NONE', #1633, #6413, #3225 ) ;
#4565 = CARTESIAN_POINT ( 'NONE',  ( -4.999999835572999984, 9.860760990987998060E-32, 34.19213450005700139 ) ) ;
#4566 = CARTESIAN_POINT ( 'NONE',  ( 3.525779384859999865, -5.149999830640999754, 1.154945377828999975 ) ) ;
#4567 = CARTESIAN_POINT ( 'NONE',  ( 3.954669080421999716, -5.149999830640999754, 1.071320276524999837 ) ) ;
#4568 = UNCERTAINTY_MEASURE_WITH_UNIT (LENGTH_MEASURE( 1.000000000000000082E-05 ), #4475, 'distance_accuracy_value', 'NONE');
#4569 = CARTESIAN_POINT ( 'NONE',  ( 3.796343767982000461, -5.149999830640999754, 1.208031013982999946 ) ) ;
#4570 =( NAMED_UNIT ( * ) SI_UNIT ( $, .STERADIAN. ) SOLID_ANGLE_UNIT ( ) );
#4571 = DIRECTION ( 'NONE',  ( -1.224646799147235864E-16, -1.000000000000000000, 0.000000000000000000 ) ) ;
#4572 = ORIENTED_EDGE ( 'NONE', *, *, #6637, .F. ) ;
#4573 = LINE ( 'NONE', #2182, #3633 ) ;
#4574 = VECTOR ( 'NONE', #3642, 1000.000000000000000 ) ;
#4575 = CARTESIAN_POINT ( 'NONE',  ( 3.896365960637999670, -5.149999830640999754, 1.207321620896999903 ) ) ;
#4576 = CARTESIAN_POINT ( 'NONE',  ( 2.546452932570999916, -5.149999830640999754, 0.7294649045489999262 ) ) ;
#4577 = AXIS2_PLACEMENT_3D ( 'NONE', #2183, #523, #6059 ) ;
#4578 = PLANE ( 'NONE',  #1214 ) ;
#4579 =( NAMED_UNIT ( * ) PLANE_ANGLE_UNIT ( ) SI_UNIT ( $, .RADIAN. ) );
#4580 = ADVANCED_FACE ( 'NONE', ( #10075 ), #5200, .F. ) ;
#4581 = B_SPLINE_CURVE_WITH_KNOTS ( 'NONE', 3,
 ( #7411, #859, #4879, #10489 ),
 .UNSPECIFIED., .F., .F.,
 ( 4, 4 ),
 ( 6.000000000000000000, 7.000000000000000000 ),
 .UNSPECIFIED. ) ;
#4582 = VERTEX_POINT ( 'NONE', #1783 ) ;
#4583 = SURFACE_STYLE_USAGE ( .BOTH. , #379 ) ;
#4584 = ORIENTED_EDGE ( 'NONE', *, *, #312, .F. ) ;
#4585 = ORIENTED_EDGE ( 'NONE', *, *, #1882, .F. ) ;
#4586 = CARTESIAN_POINT ( 'NONE',  ( 3.762922957575999927, -5.149999830640999754, 0.7547142513210000070 ) ) ;
#4587 = CARTESIAN_POINT ( 'NONE',  ( 3.564118550417000542, -5.150999830607999819, 1.026260134769999999 ) ) ;
#4588 = ORIENTED_EDGE ( 'NONE', *, *, #9197, .T. ) ;
#4589 = CARTESIAN_POINT ( 'NONE',  ( 3.790111635170000159, -5.150999830607999819, 1.142984734057999940 ) ) ;
#4590 = LINE ( 'NONE', #489, #2754 ) ;
#4591 = EDGE_CURVE ( 'NONE', #8480, #8362, #8388, .T. ) ;
#4592 =( LENGTH_UNIT ( ) NAMED_UNIT ( * ) SI_UNIT ( .MILLI., .METRE. ) );
#4593 = FACE_OUTER_BOUND ( 'NONE', #5161, .T. ) ;
#4594 = DIRECTION ( 'NONE',  ( 1.000000000000000000, 0.000000000000000000, 0.000000000000000000 ) ) ;
#4595 = ORIENTED_EDGE ( 'NONE', *, *, #3156, .F. ) ;
#4596 = EDGE_CURVE ( 'NONE', #10127, #1245, #2927, .T. ) ;
#4597 = CARTESIAN_POINT ( 'NONE',  ( 3.706500545910000000, -5.149999830640999754, 0.7234010062100000304 ) ) ;
#4598 = CARTESIAN_POINT ( 'NONE',  ( 3.699500070917999928, -5.149999830640999754, 0.8285728217619999780 ) ) ;
#4599 = ORIENTED_EDGE ( 'NONE', *, *, #3574, .F. ) ;
#4600 = CARTESIAN_POINT ( 'NONE',  ( 2.466833330998999596, -5.150999830607999819, 0.7170154720239999557 ) ) ;
#4601 = ORIENTED_EDGE ( 'NONE', *, *, #9046, .T. ) ;
#4602 =( NAMED_UNIT ( * ) SI_UNIT ( $, .STERADIAN. ) SOLID_ANGLE_UNIT ( ) );
#4603 = CARTESIAN_POINT ( 'NONE',  ( 3.819326910663999985, -5.150999830607999819, 0.6368186186829999373 ) ) ;
#4604 = CARTESIAN_POINT ( 'NONE',  ( 3.734576994400999883, -5.150999830607999819, 0.7530436797489999945 ) ) ;
#4605 = CARTESIAN_POINT ( 'NONE',  ( 2.908135525646999842, -5.150999830607999819, 0.9582635912820000046 ) ) ;
#4606 = FACE_OUTER_BOUND ( 'NONE', #1889, .T. ) ;
#4607 = EDGE_LOOP ( 'NONE', ( #8198, #4979, #1807, #3470 ) ) ;
#4608 = ORIENTED_EDGE ( 'NONE', *, *, #1585, .F. ) ;
#4609 = EDGE_CURVE ( 'NONE', #7837, #6897, #4677, .T. ) ;
#4610 = EDGE_CURVE ( 'NONE', #6267, #2151, #3435, .T. ) ;
#4611 = VECTOR ( 'NONE', #10503, 1000.000000000000000 ) ;
#4612 = ORIENTED_EDGE ( 'NONE', *, *, #5765, .T. ) ;
#4613 = EDGE_CURVE ( 'NONE', #6230, #3038, #2686, .T. ) ;
#4614 = AXIS2_PLACEMENT_3D ( 'NONE', #8415, #8299, #4158 ) ;
#4615 = VECTOR ( 'NONE', #3947, 1000.000000000000000 ) ;
#4616 = CARTESIAN_POINT ( 'NONE',  ( 4.358204051441999738, -5.149999830640999754, 0.8726669291770000614 ) ) ;
#4617 = LINE ( 'NONE', #4516, #7334 ) ;
#4618 = VECTOR ( 'NONE', #6096, 1000.000000000000000 ) ;
#4619 = EDGE_CURVE ( 'NONE', #5070, #2983, #343, .T. ) ;
#4620 = DIRECTION ( 'NONE',  ( 1.224646799146999945E-16, 1.000000000000000000, 0.000000000000000000 ) ) ;
#4621 = B_SPLINE_CURVE_WITH_KNOTS ( 'NONE', 3,
 ( #3558, #2598, #8452, #6003 ),
 .UNSPECIFIED., .F., .F.,
 ( 4, 4 ),
 ( 18.00000000000000000, 19.00000000000000000 ),
 .UNSPECIFIED. ) ;
#4622 = AXIS2_PLACEMENT_3D ( 'NONE', #2891, #2148, #9484 ) ;
#4623 = VECTOR ( 'NONE', #2281, 1000.000000000000114 ) ;
#4624 = VECTOR ( 'NONE', #723, 1000.000000000000114 ) ;
#4625 = AXIS2_PLACEMENT_3D ( 'NONE', #1879, #6024, #8375 ) ;
#4626 = DIRECTION ( 'NONE',  ( 0.007092178509975118755, -8.685413711222699275E-19, 0.9999748501857348426 ) ) ;
#4627 = CARTESIAN_POINT ( 'NONE',  ( -5.149999830640999754, -1.249999958892999974, 0.5499999826579999862 ) ) ;
#4628 = ORIENTED_EDGE ( 'NONE', *, *, #5943, .F. ) ;
#4629 = CARTESIAN_POINT ( 'NONE',  ( 3.407015432310999792, -5.150999830607999819, 0.8881472841990000200 ) ) ;
#4630 = CARTESIAN_POINT ( 'NONE',  ( 2.382732396812999642, -5.150999830607999819, 0.8882427342599999998 ) ) ;
#4631 = CARTESIAN_POINT ( 'NONE',  ( 3.735336876037000042, -5.149999830640999754, 0.7062480089350000600 ) ) ;
#4632 = ADVANCED_FACE ( 'NONE', ( #3591 ), #5254, .F. ) ;
#4633 = VECTOR ( 'NONE', #10231, 1000.000000000000114 ) ;
#4634 = SURFACE_STYLE_FILL_AREA ( #6922 ) ;
#4635 = PRODUCT ( 'CAPAE1030X1250N', 'CAPAE1030X1250N', '', ( #3200 ) ) ;
#4636 = CARTESIAN_POINT ( 'NONE',  ( 4.140659763901000545, -5.149999830640999754, 1.104210058892000079 ) ) ;
#4637 = AXIS2_PLACEMENT_3D ( 'NONE', #5931, #9291, #8267 ) ;
#4638 = ORIENTED_EDGE ( 'NONE', *, *, #10288, .F. ) ;
#4639 = CARTESIAN_POINT ( 'NONE',  ( 3.693452294140000092, -5.150999830607999819, 0.8041807899890000000 ) ) ;
#4640 = B_SPLINE_CURVE_WITH_KNOTS ( 'NONE', 3,
 ( #4175, #9608, #5579, #9560 ),
 .UNSPECIFIED., .F., .F.,
 ( 4, 4 ),
 ( 15.00000000000000000, 16.00000000000000000 ),
 .UNSPECIFIED. ) ;
#4641 = PRESENTATION_LAYER_ASSIGNMENT (  '', '', ( #9231 ) ) ;
#4642 = ORIENTED_EDGE ( 'NONE', *, *, #9184, .T. ) ;
#4643 = VECTOR ( 'NONE', #4646, 1000.000000000000000 ) ;
#4644 = ORIENTED_EDGE ( 'NONE', *, *, #8271, .F. ) ;
#4645 = LINE ( 'NONE', #8033, #4899 ) ;
#4646 = DIRECTION ( 'NONE',  ( 1.224646799146999945E-16, 1.000000000000000000, 0.000000000000000000 ) ) ;
#4647 = ORIENTED_EDGE ( 'NONE', *, *, #8753, .F. ) ;
#4648 = CARTESIAN_POINT ( 'NONE',  ( 3.693452294140000092, -5.150999830607999819, 0.8041807899890000000 ) ) ;
#4649 = CARTESIAN_POINT ( 'NONE',  ( 3.124699917163999974, -5.150999830607999819, 0.9104548214489999181 ) ) ;
#4650 = DIRECTION ( 'NONE',  ( 1.000000000000000000, 6.033355342805999262E-18, 0.000000000000000000 ) ) ;
#4651 = EDGE_CURVE ( 'NONE', #8473, #2434, #5028, .T. ) ;
#4652 = FACE_OUTER_BOUND ( 'NONE', #2531, .T. ) ;
#4653 = CARTESIAN_POINT ( 'NONE',  ( 3.849438959200000010, -5.149999830640999754, 0.7408953917490000984 ) ) ;
#4654 = ORIENTED_EDGE ( 'NONE', *, *, #5727, .F. ) ;
#4655 = CARTESIAN_POINT ( 'NONE',  ( 3.736688164383000110, -5.149999830640999754, 0.7428388230599999309 ) ) ;
#4656 = CIRCLE ( 'NONE', #238, 0.4999999835569998163 ) ;
#4657 = LINE ( 'NONE', #10426, #3847 ) ;
#4658 = ORIENTED_EDGE ( 'NONE', *, *, #2583, .F. ) ;
#4659 = EDGE_CURVE ( 'NONE', #9043, #9468, #6677, .T. ) ;
#4660 = DIRECTION ( 'NONE',  ( 1.224646799146999945E-16, 1.000000000000000000, 0.000000000000000000 ) ) ;
#4661 = B_SPLINE_CURVE_WITH_KNOTS ( 'NONE', 3,
 ( #326, #3576, #8306, #2720 ),
 .UNSPECIFIED., .F., .F.,
 ( 4, 4 ),
 ( 22.00000000000000000, 23.00000000000000000 ),
 .UNSPECIFIED. ) ;
#4662 = CARTESIAN_POINT ( 'NONE',  ( 2.946058334734000361, -5.150999830607999819, 0.8003779915239999099 ) ) ;
#4663 = CARTESIAN_POINT ( 'NONE',  ( 4.116923955923000200, -5.150999830607999819, 0.7263129274960000714 ) ) ;
#4664 = FILL_AREA_STYLE_COLOUR ( '', #5136 ) ;
#4665 = DIRECTION ( 'NONE',  ( 1.000000000000000000, -2.446283049834999907E-16, 0.000000000000000000 ) ) ;
#4666 = CARTESIAN_POINT ( 'NONE',  ( 4.355807136685999836, -5.149999830640999754, 0.8645736134990000821 ) ) ;
#4667 = LINE ( 'NONE', #1723, #4942 ) ;
#4668 = VERTEX_POINT ( 'NONE', #976 ) ;
#4669 = VERTEX_POINT ( 'NONE', #8439 ) ;
#4670 = CARTESIAN_POINT ( 'NONE',  ( 4.042340543815000409, -5.150999830607999819, 0.7952596890100001037 ) ) ;
#4671 = VERTEX_POINT ( 'NONE', #4180 ) ;
#4672 = CARTESIAN_POINT ( 'NONE',  ( 3.562050848458000019, -5.150999830607999819, 0.7933631763709999563 ) ) ;
#4673 = B_SPLINE_CURVE_WITH_KNOTS ( 'NONE', 3,
 ( #10088, #5564, #713, #3966 ),
 .UNSPECIFIED., .F., .F.,
 ( 4, 4 ),
 ( 4.000000000000000000, 5.000000000000000000 ),
 .UNSPECIFIED. ) ;
#4674 = CARTESIAN_POINT ( 'NONE',  ( 3.736688164383000110, -5.150999830607999819, 0.7428388230599999309 ) ) ;
#4675 = CARTESIAN_POINT ( 'NONE',  ( -3.649999879969000105, -5.149999830640999754, 2.049999933330000079 ) ) ;
#4676 = CARTESIAN_POINT ( 'NONE',  ( 3.072553469417000027, -5.149999830640999754, 1.101699746831000137 ) ) ;
#4677 = B_SPLINE_CURVE_WITH_KNOTS ( 'NONE', 3,
 ( #179, #4233, #9854, #5828 ),
 .UNSPECIFIED., .F., .F.,
 ( 4, 4 ),
 ( 1.000000000000000000, 2.000000000000000000 ),
 .UNSPECIFIED. ) ;
#4678 = FACE_OUTER_BOUND ( 'NONE', #1952, .T. ) ;
#4679 = CARTESIAN_POINT ( 'NONE',  ( 3.485681096449000371, -5.150999830607999819, 0.9109844999659999498 ) ) ;
#4680 = CARTESIAN_POINT ( 'NONE',  ( 3.730235930644000053, -5.150999830607999819, 0.7567137122360000356 ) ) ;
#4681 = ORIENTED_EDGE ( 'NONE', *, *, #10458, .F. ) ;
#4682 = SURFACE_STYLE_USAGE ( .BOTH. , #1426 ) ;
#4683 =( LENGTH_UNIT ( ) NAMED_UNIT ( * ) SI_UNIT ( .MILLI., .METRE. ) );
#4684 = CARTESIAN_POINT ( 'NONE',  ( 2.605562635814000050, -5.149999830640999754, 0.9083526950350000462 ) ) ;
#4685 = CARTESIAN_POINT ( 'NONE',  ( 3.746256641338999938, -5.149999830640999754, 0.7138649639030000271 ) ) ;
#4686 = EDGE_CURVE ( 'NONE', #5317, #9274, #2632, .T. ) ;
#4687 = ADVANCED_FACE ( 'NONE', ( #7581 ), #5148, .F. ) ;
#4688 = CARTESIAN_POINT ( 'NONE',  ( 4.225613530116000049, -5.149999830640999754, 0.7308449608110000328 ) ) ;
#4689 = DIRECTION ( 'NONE',  ( 4.595507503446999644E-17, -1.000000000000000000, 0.000000000000000000 ) ) ;
#4690 = B_SPLINE_CURVE_WITH_KNOTS ( 'NONE', 3,
 ( #2238, #8839, #4798, #8786 ),
 .UNSPECIFIED., .F., .F.,
 ( 4, 4 ),
 ( 22.00000000000000000, 23.00000000000000000 ),
 .UNSPECIFIED. ) ;
#4691 = VERTEX_POINT ( 'NONE', #2952 ) ;
#4692 = FILL_AREA_STYLE ('',( #8743 ) ) ;
#4693 = ORIENTED_EDGE ( 'NONE', *, *, #2666, .T. ) ;
#4694 = ORIENTED_EDGE ( 'NONE', *, *, #9454, .F. ) ;
#4695 = DIRECTION ( 'NONE',  ( -0.9999748501857348426, 1.224615999507675655E-16, 0.007092178509961118670 ) ) ;
#4696 = CARTESIAN_POINT ( 'NONE',  ( 2.543386736727000219, -5.150999830607999819, 0.9087936687009999792 ) ) ;
#4697 = ADVANCED_FACE ( 'NONE', ( #7842 ), #7102, .F. ) ;
#4698 = EDGE_LOOP ( 'NONE', ( #4628, #6345, #1459, #552 ) ) ;
#4699 = DIRECTION ( 'NONE',  ( 0.3733863129580504148, -4.572663530091618272E-17, 0.9276759462741247519 ) ) ;
#4700 = DIRECTION ( 'NONE',  ( 1.224646799146999945E-16, 1.000000000000000000, 0.000000000000000000 ) ) ;
#4701 = VECTOR ( 'NONE', #10405, 1000.000000000000114 ) ;
#4702 = DIRECTION ( 'NONE',  ( -1.000000000000000000, 1.224646799146999945E-16, 0.000000000000000000 ) ) ;
#4703 = CARTESIAN_POINT ( 'NONE',  ( 3.736688164383000110, -5.149999830640999754, 0.7428388230599999309 ) ) ;
#4704 = VECTOR ( 'NONE', #2515, 1000.000000000000114 ) ;
#4705 = CARTESIAN_POINT ( 'NONE',  ( 1.249999958892999974, 5.149999830640999754, 2.049999933330000079 ) ) ;
#4706 = CARTESIAN_POINT ( 'NONE',  ( 3.847843228274000271, -5.150999830607999819, 0.7358117674830000343 ) ) ;
#4707 = ORIENTED_EDGE ( 'NONE', *, *, #5283, .F. ) ;
#4708 = ORIENTED_EDGE ( 'NONE', *, *, #2821, .F. ) ;
#4709 = CARTESIAN_POINT ( 'NONE',  ( 3.691528408963000274, -5.150999830607999819, 0.7235071939480000047 ) ) ;
#4710 = LINE ( 'NONE', #7936, #9290 ) ;
#4711 = ORIENTED_EDGE ( 'NONE', *, *, #2797, .T. ) ;
#4712 = LINE ( 'NONE', #1002, #8542 ) ;
#4713 = CARTESIAN_POINT ( 'NONE',  ( 3.489186710952999704, -5.150999830607999819, 1.053410049348999955 ) ) ;
#4714 = CARTESIAN_POINT ( 'NONE',  ( 3.578504428634000423, -5.150999830607999819, 0.8555295452540000456 ) ) ;
#4715 = CARTESIAN_POINT ( 'NONE',  ( 3.497817966123000222, -5.150999830607999819, 1.097539654788000085 ) ) ;
#4716 = EDGE_CURVE ( 'NONE', #3062, #8301, #5307, .T. ) ;
#4717 = CARTESIAN_POINT ( 'NONE',  ( 2.683028604855000054, -5.149999830640999754, 0.6171525516809999168 ) ) ;
#4718 = VERTEX_POINT ( 'NONE', #3756 ) ;
#4719 = AXIS2_PLACEMENT_3D ( 'NONE', #4156, #7296, #9740 ) ;
#4720 = EDGE_CURVE ( 'NONE', #6252, #8272, #562, .T. ) ;
#4721 = ORIENTED_EDGE ( 'NONE', *, *, #8784, .T. ) ;
#4722 = CARTESIAN_POINT ( 'NONE',  ( 4.355807136685999836, -5.150999830607999819, 0.8645736134990000821 ) ) ;
#4723 = ORIENTED_EDGE ( 'NONE', *, *, #7220, .F. ) ;
#4724 = CARTESIAN_POINT ( 'NONE',  ( 3.776861645901000042, -5.149999830640999754, 0.8507954161749999855 ) ) ;
#4725 = DIRECTION ( 'NONE',  ( -0.3492990577960500276, 4.277679730750609925E-17, 0.9370112956751330824 ) ) ;
#4726 = PRODUCT_DEFINITION_SHAPE ( 'NONE', 'NONE',  #1484 ) ;
#4727 = SURFACE_SIDE_STYLE ('',( #8664 ) ) ;
#4728 = VECTOR ( 'NONE', #3139, 1000.000000000000000 ) ;
#4729 = EDGE_CURVE ( 'NONE', #3514, #2256, #4550, .T. ) ;
#4730 = DIRECTION ( 'NONE',  ( -0.9999748501857348426, 1.224615999507675655E-16, 0.007092178509962118738 ) ) ;
#4731 = EDGE_CURVE ( 'NONE', #383, #7306, #9394, .T. ) ;
#4732 = VECTOR ( 'NONE', #9955, 1000.000000000000000 ) ;
#4733 = PRESENTATION_LAYER_ASSIGNMENT (  '', '', ( #4217 ) ) ;
#4734 = CARTESIAN_POINT ( 'NONE',  ( 3.865641887946999589, -5.150999830607999819, 1.207539526985000000 ) ) ;
#4735 = CARTESIAN_POINT ( 'NONE',  ( 3.597243964676000161, -5.150999830607999819, 1.049420338241000117 ) ) ;
#4736 = DIRECTION ( 'NONE',  ( 0.007092178509961118670, -8.685413711204695682E-19, 0.9999748501857348426 ) ) ;
#4737 = ORIENTED_EDGE ( 'NONE', *, *, #295, .T. ) ;
#4738 = CARTESIAN_POINT ( 'NONE',  ( 2.921477160838999776, -5.150999830607999819, 0.8005523299819999883 ) ) ;
#4739 = CARTESIAN_POINT ( 'NONE',  ( -5.799999809265000472, 0.4499999852019999635, 0.3499999892349999753 ) ) ;
#4740 = CARTESIAN_POINT ( 'NONE',  ( 3.954923132601000368, -5.149999830640999754, 1.187774286336999996 ) ) ;
#4741 = FACE_OUTER_BOUND ( 'NONE', #1011, .T. ) ;
#4742 = CARTESIAN_POINT ( 'NONE',  ( 3.525780790067999604, -5.150999830607999819, 0.7153246789210000456 ) ) ;
#4743 = CARTESIAN_POINT ( 'NONE',  ( 3.562050848458000019, -5.150999830607999819, 0.7933631763709999563 ) ) ;
#4744 = CARTESIAN_POINT ( 'NONE',  ( 3.691695076323000091, -5.150999830607999819, 0.8203099053090000536 ) ) ;
#4745 = ORIENTED_EDGE ( 'NONE', *, *, #3586, .T. ) ;
#4746 = CARTESIAN_POINT ( 'NONE',  ( 2.466833330998999596, -5.149999830640999754, 0.7170154720239999557 ) ) ;
#4747 = EDGE_CURVE ( 'NONE', #8919, #8208, #5328, .T. ) ;
#4748 = ORIENTED_EDGE ( 'NONE', *, *, #2797, .F. ) ;
#4749 = ORIENTED_EDGE ( 'NONE', *, *, #557, .F. ) ;
#4750 = CARTESIAN_POINT ( 'NONE',  ( 3.617362773697999412, -5.149999830640999754, 1.049277648466999890 ) ) ;
#4751 = AXIS2_PLACEMENT_3D ( 'NONE', #7592, #7386, #6631 ) ;
#4752 = EDGE_LOOP ( 'NONE', ( #3489, #2346, #3631, #7642 ) ) ;
#4753 = CARTESIAN_POINT ( 'NONE',  ( 4.093872961790999021, -5.150999830607999819, 1.229315971488999848 ) ) ;
#4754 = DIRECTION ( 'NONE',  ( 1.224646799146999945E-16, 1.000000000000000000, 0.000000000000000000 ) ) ;
#4755 =( LENGTH_UNIT ( ) NAMED_UNIT ( * ) SI_UNIT ( .MILLI., .METRE. ) );
#4756 = B_SPLINE_CURVE_WITH_KNOTS ( 'NONE', 3,
 ( #2823, #9369, #594, #6927 ),
 .UNSPECIFIED., .F., .F.,
 ( 4, 4 ),
 ( 7.000000000000000000, 8.000000000000000000 ),
 .UNSPECIFIED. ) ;
#4757 = CARTESIAN_POINT ( 'NONE',  ( 3.799858552596000028, -5.150999830607999819, 1.051206653775000222 ) ) ;
#4758 = PLANE ( 'NONE',  #705 ) ;
#4759 = VERTEX_POINT ( 'NONE', #6184 ) ;
#4760 = ORIENTED_EDGE ( 'NONE', *, *, #7801, .F. ) ;
#4761 = EDGE_CURVE ( 'NONE', #5535, #6639, #2021, .T. ) ;
#4762 = CARTESIAN_POINT ( 'NONE',  ( 3.842526218009000516, -5.150999830607999819, 0.7411523761830000057 ) ) ;
#4763 = B_SPLINE_CURVE_WITH_KNOTS ( 'NONE', 3,
 ( #2761, #8228, #7596, #5103 ),
 .UNSPECIFIED., .F., .F.,
 ( 4, 4 ),
 ( 35.00000000000000000, 36.00000000000000000 ),
 .UNSPECIFIED. ) ;
#4764 = CARTESIAN_POINT ( 'NONE',  ( 0.000000000000000000, 0.000000000000000000, 0.5499999826579999862 ) ) ;
#4765 = ORIENTED_EDGE ( 'NONE', *, *, #6925, .T. ) ;
#4766 = CARTESIAN_POINT ( 'NONE',  ( 2.361166224039000117, -5.149999830640999754, 1.109637203277999973 ) ) ;
#4767 = DIRECTION ( 'NONE',  ( 0.000000000000000000, -1.000000000000000000, 3.329568283113010102E-16 ) ) ;
#4768 = CARTESIAN_POINT ( 'NONE',  ( 3.722247340639000424, -5.149999830640999754, 0.8545100692229999906 ) ) ;
#4769 = LINE ( 'NONE', #8702, #2217 ) ;
#4770 = CARTESIAN_POINT ( 'NONE',  ( 3.498034028674999796, -5.150999830607999819, 1.128003794546999838 ) ) ;
#4771 = EDGE_CURVE ( 'NONE', #9080, #2322, #350, .T. ) ;
#4772 = CARTESIAN_POINT ( 'NONE',  ( 3.944150803854999499, -5.150999830607999819, 0.9077328691820000239 ) ) ;
#4773 = EDGE_CURVE ( 'NONE', #400, #9997, #10280, .T. ) ;
#4774 = DIRECTION ( 'NONE',  ( 1.224646799146999945E-16, 1.000000000000000000, 0.000000000000000000 ) ) ;
#4775 = ORIENTED_EDGE ( 'NONE', *, *, #5466, .T. ) ;
#4776 = ORIENTED_EDGE ( 'NONE', *, *, #3477, .F. ) ;
#4777 = LINE ( 'NONE', #8004, #4624 ) ;
#4778 = ORIENTED_EDGE ( 'NONE', *, *, #8652, .F. ) ;
#4779 = DIRECTION ( 'NONE',  ( 1.000000000000000000, -1.224646799146999945E-16, 0.000000000000000000 ) ) ;
#4780 = CARTESIAN_POINT ( 'NONE',  ( 3.630881096105999628, -5.149999830640999754, 0.8368578722649999690 ) ) ;
#4781 = DIRECTION ( 'NONE',  ( 0.007092178509969119214, -8.685413711215700445E-19, 0.9999748501857348426 ) ) ;
#4782 = DIRECTION ( 'NONE',  ( -0.9999748501857351757, 1.224615999507676148E-16, 0.007092178509927121559 ) ) ;
#4783 =( GEOMETRIC_REPRESENTATION_CONTEXT ( 3 ) GLOBAL_UNCERTAINTY_ASSIGNED_CONTEXT ( ( #1808 ) ) GLOBAL_UNIT_ASSIGNED_CONTEXT ( ( #9984, #3395, #1107 ) ) REPRESENTATION_CONTEXT ( 'NONE', 'WORKASPACE' ) );
#4784 = VECTOR ( 'NONE', #137, 1000.000000000000000 ) ;
#4785 = LINE ( 'NONE', #4078, #2860 ) ;
#4786 = DIRECTION ( 'NONE',  ( -0.2455530343990405817, 3.007157375976500832E-17, 0.9693831581461603841 ) ) ;
#4787 = EDGE_CURVE ( 'NONE', #4718, #9708, #8088, .T. ) ;
#4788 = FACE_OUTER_BOUND ( 'NONE', #2216, .T. ) ;
#4789 = ORIENTED_EDGE ( 'NONE', *, *, #5616, .F. ) ;
#4790 = DIRECTION ( 'NONE',  ( 1.224646799146999945E-16, 1.000000000000000000, 0.000000000000000000 ) ) ;
#4791 = CARTESIAN_POINT ( 'NONE',  ( 3.551778944275000072, -5.150999830607999819, 0.8523527911219999087 ) ) ;
#4792 = DIRECTION ( 'NONE',  ( 1.000000000000000000, -1.224646799146999945E-16, 0.000000000000000000 ) ) ;
#4793 = AXIS2_PLACEMENT_3D ( 'NONE', #1307, #8662, #1362 ) ;
#4794 = AXIS2_PLACEMENT_3D ( 'NONE', #9684, #700, #2409 ) ;
#4795 = CARTESIAN_POINT ( 'NONE',  ( 3.605000615663999763, -5.150999830607999819, 0.7796453472739999224 ) ) ;
#4796 = AXIS2_PLACEMENT_3D ( 'NONE', #1592, #3029, #5541 ) ;
#4797 = VECTOR ( 'NONE', #1792, 1000.000000000000000 ) ;
#4798 = CARTESIAN_POINT ( 'NONE',  ( 3.008377833362000153, -5.150999830607999819, 1.024069640386999769 ) ) ;
#4799 = VERTEX_POINT ( 'NONE', #4256 ) ;
#4800 = DIRECTION ( 'NONE',  ( 0.000000000000000000, 0.000000000000000000, 1.000000000000000000 ) ) ;
#4801 = ORIENTED_EDGE ( 'NONE', *, *, #63, .T. ) ;
#4802 = VERTEX_POINT ( 'NONE', #2607 ) ;
#4803 = DIRECTION ( 'NONE',  ( -2.449293598295000265E-16, -1.000000000000000000, 0.000000000000000000 ) ) ;
#4804 = DIRECTION ( 'NONE',  ( 1.224646799146999945E-16, 1.000000000000000000, 0.000000000000000000 ) ) ;
#4805 = VECTOR ( 'NONE', #8402, 1000.000000000000000 ) ;
#4806 = ORIENTED_EDGE ( 'NONE', *, *, #6866, .T. ) ;
#4807 = DIRECTION ( 'NONE',  ( -1.000000000000000000, 2.446283049834999907E-16, 0.000000000000000000 ) ) ;
#4808 = VECTOR ( 'NONE', #127, 1000.000000000000227 ) ;
#4809 = CARTESIAN_POINT ( 'NONE',  ( 4.116923955923000200, -5.149999830640999754, 0.7263129274960000714 ) ) ;
#4810 = VECTOR ( 'NONE', #7891, 1000.000000000000114 ) ;
#4811 = CARTESIAN_POINT ( 'NONE',  ( 3.762760726309000159, -5.149999830640999754, 0.7318401532079999994 ) ) ;
#4812 = EDGE_CURVE ( 'NONE', #8317, #5851, #6703, .T. ) ;
#4813 = EDGE_CURVE ( 'NONE', #6903, #8432, #809, .T. ) ;
#4814 = CARTESIAN_POINT ( 'NONE',  ( -6.308155454961998958E-16, -5.150999830607999819, 0.04999999910078999771 ) ) ;
#4815 = AXIS2_PLACEMENT_3D ( 'NONE', #4772, #6399, #8915 ) ;
#4816 = ORIENTED_EDGE ( 'NONE', *, *, #284, .T. ) ;
#4817 = ORIENTED_EDGE ( 'NONE', *, *, #5638, .T. ) ;
#4818 = CARTESIAN_POINT ( 'NONE',  ( 4.225613530116000049, -5.149999830640999754, 0.7308449608110000328 ) ) ;
#4819 = VECTOR ( 'NONE', #401, 1000.000000000000000 ) ;
#4820 = CARTESIAN_POINT ( 'NONE',  ( 4.148606702732000606, -5.149999830640999754, 1.081174469246999781 ) ) ;
#4821 = ORIENTED_EDGE ( 'NONE', *, *, #1263, .F. ) ;
#4822 = CARTESIAN_POINT ( 'NONE',  ( 3.603967143835999920, -5.150999830607999819, 0.7292231514480000953 ) ) ;
#4823 = VECTOR ( 'NONE', #2294, 1000.000000000000000 ) ;
#4824 = DIRECTION ( 'NONE',  ( 1.224646799146999945E-16, 1.000000000000000000, 0.000000000000000000 ) ) ;
#4825 = CARTESIAN_POINT ( 'NONE',  ( 3.780772408367000015, -5.149999830640999754, 0.6618389209469999201 ) ) ;
#4826 = CARTESIAN_POINT ( 'NONE',  ( 4.316314642697999915, -5.149999830640999754, 0.7573400393989999646 ) ) ;
#4827 = CARTESIAN_POINT ( 'NONE',  ( 3.559052214788000157, -5.150999830607999819, 0.7737325255350000486 ) ) ;
#4828 = ADVANCED_FACE ( 'NONE', ( #9642 ), #212, .T. ) ;
#4829 = EDGE_CURVE ( 'NONE', #3675, #2353, #9120, .T. ) ;
#4830 = DIRECTION ( 'NONE',  ( 1.224646799147213924E-16, 1.000000000000000000, 0.000000000000000000 ) ) ;
#4831 = VERTEX_POINT ( 'NONE', #1614 ) ;
#4832 = ORIENTED_EDGE ( 'NONE', *, *, #5374, .T. ) ;
#4833 = DIRECTION ( 'NONE',  ( -1.224646799146999945E-16, -1.000000000000000000, 0.000000000000000000 ) ) ;
#4834 = VERTEX_POINT ( 'NONE', #9937 ) ;
#4835 = DIRECTION ( 'NONE',  ( 1.224646799146999945E-16, 1.000000000000000000, 0.000000000000000000 ) ) ;
#4836 = VECTOR ( 'NONE', #8333, 1000.000000000000000 ) ;
#4837 = B_SPLINE_SURFACE_WITH_KNOTS ( 'NONE', 3, 1, ( 
 ( #2126, #7020 ),
 ( #9355, #2071 ),
 ( #5331, #8505 ),
 ( #1313, #2763 ) ),
 .UNSPECIFIED., .F., .F., .F.,
 ( 4, 4 ),
 ( 2, 2 ),
 ( 7.000000000000000000, 8.000000000000000000 ),
 ( 0.000000000000000000, 1.000000000000000000 ),
 .UNSPECIFIED. ) ;
#4838 = DIRECTION ( 'NONE',  ( 0.000000000000000000, 0.000000000000000000, 1.000000000000000000 ) ) ;
#4839 = EDGE_CURVE ( 'NONE', #7537, #7417, #7255, .T. ) ;
#4840 = EDGE_CURVE ( 'NONE', #4342, #4023, #4874, .T. ) ;
#4841 = CARTESIAN_POINT ( 'NONE',  ( 4.072401375669000068, -5.150999830607999819, 1.104694171740999931 ) ) ;
#4842 = LINE ( 'NONE', #3385, #2565 ) ;
#4843 = B_SPLINE_SURFACE_WITH_KNOTS ( 'NONE', 3, 1, ( 
 ( #4649, #8751 ),
 ( #439, #5448 ),
 ( #7925, #647 ),
 ( #1337, #2250 ) ),
 .UNSPECIFIED., .F., .F., .F.,
 ( 4, 4 ),
 ( 2, 2 ),
 ( 24.00000000000000000, 25.00000000000000000 ),
 ( 0.000000000000000000, 1.000000000000000000 ),
 .UNSPECIFIED. ) ;
#4844 = FACE_OUTER_BOUND ( 'NONE', #998, .T. ) ;
#4845 = ORIENTED_EDGE ( 'NONE', *, *, #131, .T. ) ;
#4846 = DIRECTION ( 'NONE',  ( 0.9999748501857348426, -1.224615999507675655E-16, -0.007092178509961118670 ) ) ;
#4847 = DIRECTION ( 'NONE',  ( -1.224646799146999945E-16, -1.000000000000000000, 0.000000000000000000 ) ) ;
#4848 = LINE ( 'NONE', #5786, #2333 ) ;
#4849 = CARTESIAN_POINT ( 'NONE',  ( 3.896365960637999670, -5.149999830640999754, 1.207321620896999903 ) ) ;
#4850 = CARTESIAN_POINT ( 'NONE',  ( -4.499999852016000723, 5.510910414935000200E-16, 10.04999967024799901 ) ) ;
#4851 = EDGE_CURVE ( 'NONE', #7306, #6325, #4656, .T. ) ;
#4852 = FACE_OUTER_BOUND ( 'NONE', #5760, .T. ) ;
#4853 = EDGE_CURVE ( 'NONE', #1072, #9372, #4712, .T. ) ;
#4854 = ORIENTED_EDGE ( 'NONE', *, *, #3739, .F. ) ;
#4855 = DIRECTION ( 'NONE',  ( -1.224646799147457978E-16, -1.000000000000000000, 0.000000000000000000 ) ) ;
#4856 = ADVANCED_FACE ( 'NONE', ( #9102 ), #6645, .T. ) ;
#4857 = ORIENTED_EDGE ( 'NONE', *, *, #1849, .T. ) ;
#4858 = CARTESIAN_POINT ( 'NONE',  ( 3.605138512242000104, -5.149999830640999754, 0.7990883306699999578 ) ) ;
#4859 = ORIENTED_EDGE ( 'NONE', *, *, #4028, .T. ) ;
#4860 = CARTESIAN_POINT ( 'NONE',  ( 3.523609942859000199, -5.149999830640999754, 1.054309669938999994 ) ) ;
#4861 = DIRECTION ( 'NONE',  ( -0.9410702468859294401, 1.152478665621913963E-16, 0.3382111624799746807 ) ) ;
#4862 = CARTESIAN_POINT ( 'NONE',  ( 2.361166224039000117, -5.150999830607999819, 1.109637203277999973 ) ) ;
#4863 = UNCERTAINTY_MEASURE_WITH_UNIT (LENGTH_MEASURE( 1.000000000000000082E-05 ), #659, 'distance_accuracy_value', 'NONE');
#4864 = CARTESIAN_POINT ( 'NONE',  ( 3.479117864370000035, -5.149999830640999754, 0.7992542652559999627 ) ) ;
#4865 = EDGE_CURVE ( 'NONE', #1815, #403, #6561, .T. ) ;
#4866 = EDGE_CURVE ( 'NONE', #2604, #9996, #1507, .T. ) ;
#4867 = CARTESIAN_POINT ( 'NONE',  ( 2.468966427038000067, -5.149999830640999754, 0.8138839282250001084 ) ) ;
#4868 = ORIENTED_EDGE ( 'NONE', *, *, #3056, .F. ) ;
#4869 = ORIENTED_EDGE ( 'NONE', *, *, #4225, .T. ) ;
#4870 = DIRECTION ( 'NONE',  ( -1.000000000000000000, 6.043323121304999959E-16, 0.000000000000000000 ) ) ;
#4871 = CARTESIAN_POINT ( 'NONE',  ( 3.797024665003999822, -5.150999830607999819, 0.6369767941689999935 ) ) ;
#4872 = VERTEX_POINT ( 'NONE', #8351 ) ;
#4873 = CARTESIAN_POINT ( 'NONE',  ( 3.756441236525999816, -5.150999830607999819, 0.8230740329350000328 ) ) ;
#4874 = LINE ( 'NONE', #7446, #898 ) ;
#4875 = DIRECTION ( 'NONE',  ( 1.224646799146999945E-16, 1.000000000000000000, 0.000000000000000000 ) ) ;
#4876 = LINE ( 'NONE', #3212, #9469 ) ;
#4877 = AXIS2_PLACEMENT_3D ( 'NONE', #6691, #4462, #10090 ) ;
#4878 = LINE ( 'NONE', #8098, #7181 ) ;
#4879 = CARTESIAN_POINT ( 'NONE',  ( 3.665475771162999941, -5.149999830640999754, 0.8252788685280000314 ) ) ;
#4880 = ORIENTED_EDGE ( 'NONE', *, *, #699, .F. ) ;
#4881 = ORIENTED_EDGE ( 'NONE', *, *, #6724, .T. ) ;
#4882 = VECTOR ( 'NONE', #3635, 1000.000000000000000 ) ;
#4883 = DIRECTION ( 'NONE',  ( 0.000000000000000000, 0.000000000000000000, -1.000000000000000000 ) ) ;
#4884 = EDGE_CURVE ( 'NONE', #8208, #5300, #7706, .T. ) ;
#4885 = ORIENTED_EDGE ( 'NONE', *, *, #3443, .T. ) ;
#4886 = LINE ( 'NONE', #9605, #8280 ) ;
#4887 = CARTESIAN_POINT ( 'NONE',  ( 3.649668564114000091, -5.150999830607999819, 1.037506921511999858 ) ) ;
#4888 = EDGE_CURVE ( 'NONE', #3238, #10136, #4317, .T. ) ;
#4889 = DIRECTION ( 'NONE',  ( 1.224646799146999945E-16, 1.000000000000000000, 0.000000000000000000 ) ) ;
#4890 = CARTESIAN_POINT ( 'NONE',  ( 4.121945718565999783, -5.149999830640999754, 1.229116869479000007 ) ) ;
#4891 = VECTOR ( 'NONE', #3068, 1000.000000000000000 ) ;
#4892 = ORIENTED_EDGE ( 'NONE', *, *, #7082, .T. ) ;
#4893 = CARTESIAN_POINT ( 'NONE',  ( 3.681927869545999599, -5.150999830607999819, 0.8432544265400000461 ) ) ;
#4894 = CARTESIAN_POINT ( 'NONE',  ( 3.528397468373999590, -5.149999830640999754, 0.8423677292760000102 ) ) ;
#4895 = LINE ( 'NONE', #7090, #2430 ) ;
#4896 = CARTESIAN_POINT ( 'NONE',  ( 4.116923955923000200, -5.150999830607999819, 0.7263129274960000714 ) ) ;
#4897 = DIRECTION ( 'NONE',  ( 1.002889906438999904E-17, 1.000000000000000000, 0.000000000000000000 ) ) ;
#4898 = DIRECTION ( 'NONE',  ( 1.224646799146999945E-16, 1.000000000000000000, 0.000000000000000000 ) ) ;
#4899 = VECTOR ( 'NONE', #2350, 1000.000000000000114 ) ;
#4900 = ORIENTED_EDGE ( 'NONE', *, *, #10039, .F. ) ;
#4901 = VECTOR ( 'NONE', #8891, 1000.000000000000000 ) ;
#4902 = VERTEX_POINT ( 'NONE', #10150 ) ;
#4903 = PLANE ( 'NONE',  #3019 ) ;
#4904 = CARTESIAN_POINT ( 'NONE',  ( 3.717844022184999986, -5.150999830607999819, 1.208587762195000082 ) ) ;
#4905 = VERTEX_POINT ( 'NONE', #1865 ) ;
#4906 = UNCERTAINTY_MEASURE_WITH_UNIT (LENGTH_MEASURE( 1.000000000000000082E-05 ), #2790, 'distance_accuracy_value', 'NONE');
#4907 = LINE ( 'NONE', #4000, #9856 ) ;
#4908 = DIRECTION ( 'NONE',  ( 1.224646799146999945E-16, 1.000000000000000000, 0.000000000000000000 ) ) ;
#4909 = EDGE_CURVE ( 'NONE', #8757, #151, #1166, .T. ) ;
#4910 = DIRECTION ( 'NONE',  ( 0.9999748501857348426, -1.224615999507675655E-16, -0.007092178509961118670 ) ) ;
#4911 = CARTESIAN_POINT ( 'NONE',  ( 3.489186710952999704, -5.150999830607999819, 1.053410049348999955 ) ) ;
#4912 = DIRECTION ( 'NONE',  ( 0.000000000000000000, 0.000000000000000000, 1.000000000000000000 ) ) ;
#4913 = ORIENTED_EDGE ( 'NONE', *, *, #452, .F. ) ;
#4914 = ORIENTED_EDGE ( 'NONE', *, *, #6086, .F. ) ;
#4915 = DIRECTION ( 'NONE',  ( -1.000000000000000000, 1.224646799147000192E-16, 0.000000000000000000 ) ) ;
#4916 = ORIENTED_EDGE ( 'NONE', *, *, #5630, .T. ) ;
#4917 = SURFACE_STYLE_USAGE ( .BOTH. , #8203 ) ;
#4918 = DIRECTION ( 'NONE',  ( 1.224646799146999945E-16, 1.000000000000000000, 0.000000000000000000 ) ) ;
#4919 = CARTESIAN_POINT ( 'NONE',  ( 3.920591710003000330, -5.150999830607999819, 1.207149803236000185 ) ) ;
#4920 = VECTOR ( 'NONE', #10013, 1000.000000000000114 ) ;
#4921 = VECTOR ( 'NONE', #1638, 1000.000000000000000 ) ;
#4922 = DIRECTION ( 'NONE',  ( 0.000000000000000000, 0.000000000000000000, 1.000000000000000000 ) ) ;
#4923 = CARTESIAN_POINT ( 'NONE',  ( 3.649668564114000091, -5.149999830640999754, 1.037506921511999858 ) ) ;
#4924 = EDGE_LOOP ( 'NONE', ( #5170, #3908, #9536, #1092 ) ) ;
#4925 = ORIENTED_EDGE ( 'NONE', *, *, #2636, .T. ) ;
#4926 = FACE_OUTER_BOUND ( 'NONE', #521, .T. ) ;
#4927 = ORIENTED_EDGE ( 'NONE', *, *, #10317, .T. ) ;
#4928 = CARTESIAN_POINT ( 'NONE',  ( 4.229033223025000510, -5.150999830607999819, 0.7805223838829999927 ) ) ;
#4929 = CARTESIAN_POINT ( 'NONE',  ( 4.091948669616999545, -5.150999830607999819, 0.9066846339709999647 ) ) ;
#4930 = DIRECTION ( 'NONE',  ( -0.007092178509927121559, 8.685413711163702263E-19, -0.9999748501857351757 ) ) ;
#4931 = EDGE_CURVE ( 'NONE', #8424, #7287, #6870, .T. ) ;
#4932 = ADVANCED_FACE ( 'NONE', ( #474 ), #2770, .T. ) ;
#4933 = ADVANCED_FACE ( 'NONE', ( #6010 ), #6058, .F. ) ;
#4934 = FACE_OUTER_BOUND ( 'NONE', #2034, .T. ) ;
#4935 = CARTESIAN_POINT ( 'NONE',  ( 3.737954652342999839, -5.150999830607999819, 0.7821336771039999469 ) ) ;
#4936 = ORIENTED_EDGE ( 'NONE', *, *, #2957, .F. ) ;
#4937 = DIRECTION ( 'NONE',  ( -1.000000000000000000, 1.224646799146999945E-16, 0.000000000000000000 ) ) ;
#4938 =( NAMED_UNIT ( * ) SI_UNIT ( $, .STERADIAN. ) SOLID_ANGLE_UNIT ( ) );
#4939 = CARTESIAN_POINT ( 'NONE',  ( 2.735544428943999851, -5.149999830640999754, 1.293519017955000017 ) ) ;
#4940 = DIRECTION ( 'NONE',  ( 0.000000000000000000, 0.000000000000000000, -1.000000000000000000 ) ) ;
#4941 = EDGE_CURVE ( 'NONE', #2441, #3397, #5276, .T. ) ;
#4942 = VECTOR ( 'NONE', #5769, 1000.000000000000000 ) ;
#4943 = ADVANCED_FACE ( 'NONE', ( #7553 ), #5226, .T. ) ;
#4944 = CARTESIAN_POINT ( 'NONE',  ( 3.819326910663999985, -5.149999830640999754, 0.6368186186829999373 ) ) ;
#4945 = DIRECTION ( 'NONE',  ( 0.9999748501857348426, -1.224615999507675655E-16, -0.007092178509962118738 ) ) ;
#4946 = ORIENTED_EDGE ( 'NONE', *, *, #7030, .T. ) ;
#4947 = CARTESIAN_POINT ( 'NONE',  ( 4.105809961871999647, -5.149999830640999754, 1.197101983420000071 ) ) ;
#4948 = EDGE_CURVE ( 'NONE', #3402, #8537, #4139, .T. ) ;
#4949 = ORIENTED_EDGE ( 'NONE', *, *, #977, .F. ) ;
#4950 = COLOUR_RGB ( '',0.2470588235294117752, 0.2470588235294117752, 0.2470588235294117752 ) ;
#4951 = CARTESIAN_POINT ( 'NONE',  ( 3.214359130545999754, -5.149999830640999754, 0.9112649828970000865 ) ) ;
#4952 = ORIENTED_EDGE ( 'NONE', *, *, #9141, .T. ) ;
#4953 =( LENGTH_UNIT ( ) NAMED_UNIT ( * ) SI_UNIT ( .MILLI., .METRE. ) );
#4954 = VECTOR ( 'NONE', #8085, 1000.000000000000114 ) ;
#4955 = AXIS2_PLACEMENT_3D ( 'NONE', #3998, #1701, #2504 ) ;
#4956 = CARTESIAN_POINT ( 'NONE',  ( 4.121945718565999783, -5.150999830607999819, 1.229116869479000007 ) ) ;
#4957 = DIRECTION ( 'NONE',  ( 1.224646799146999945E-16, 1.000000000000000000, 0.000000000000000000 ) ) ;
#4958 = VERTEX_POINT ( 'NONE', #3515 ) ;
#4959 = ORIENTED_EDGE ( 'NONE', *, *, #1596, .T. ) ;
#4960 = COLOUR_RGB ( '',0.2470588235294117752, 0.2470588235294117752, 0.2470588235294117752 ) ;
#4961 = VECTOR ( 'NONE', #10315, 1000.000000000000000 ) ;
#4962 = LINE ( 'NONE', #1714, #9614 ) ;
#4963 = AXIS2_PLACEMENT_3D ( 'NONE', #4560, #2857, #5996 ) ;
#4964 = ORIENTED_EDGE ( 'NONE', *, *, #6957, .T. ) ;
#4965 = CARTESIAN_POINT ( 'NONE',  ( 3.973219440545999959, -5.149999830640999754, 1.055280015054000042 ) ) ;
#4966 = DIRECTION ( 'NONE',  ( -1.224646799147375887E-16, -1.000000000000000000, 0.000000000000000000 ) ) ;
#4967 = EDGE_CURVE ( 'NONE', #2434, #4342, #6919, .T. ) ;
#4968 = DIRECTION ( 'NONE',  ( -1.224646799147375887E-16, -1.000000000000000000, 0.000000000000000000 ) ) ;
#4969 = CARTESIAN_POINT ( 'NONE',  ( 2.990298348472000267, -5.149999830640999754, 1.125419510863000072 ) ) ;
#4970 = PLANE ( 'NONE',  #8186 ) ;
#4971 = PRESENTATION_LAYER_ASSIGNMENT (  '', '', ( #29 ) ) ;
#4972 = VECTOR ( 'NONE', #1293, 1000.000000000000114 ) ;
#4973 = FACE_OUTER_BOUND ( 'NONE', #10331, .T. ) ;
#4974 = ORIENTED_EDGE ( 'NONE', *, *, #6507, .F. ) ;
#4975 = CARTESIAN_POINT ( 'NONE',  ( 3.513523021490000176, -5.150999830607999819, 0.7462932011560000634 ) ) ;
#4976 = ADVANCED_FACE ( 'NONE', ( #7608 ), #3564, .F. ) ;
#4977 = ORIENTED_EDGE ( 'NONE', *, *, #7064, .F. ) ;
#4978 = VECTOR ( 'NONE', #940, 1000.000000000000000 ) ;
#4979 = ORIENTED_EDGE ( 'NONE', *, *, #1190, .F. ) ;
#4980 = ORIENTED_EDGE ( 'NONE', *, *, #2020, .T. ) ;
#4981 = PRESENTATION_LAYER_ASSIGNMENT (  '', '', ( #8199 ) ) ;
#4982 = LINE ( 'NONE', #8215, #19 ) ;
#4983 = CARTESIAN_POINT ( 'NONE',  ( 3.539431146865999800, -5.150999830607999819, 0.7560913781960000302 ) ) ;
#4984 = DIRECTION ( 'NONE',  ( -1.000000000000000000, 1.224646799146999945E-16, 0.000000000000000000 ) ) ;
#4985 = ADVANCED_FACE ( 'NONE', ( #9461 ), #1811, .F. ) ;
#4986 = SURFACE_STYLE_USAGE ( .BOTH. , #928 ) ;
#4987 = COLOUR_RGB ( '',0.2470588235294117752, 0.2470588235294117752, 0.2470588235294117752 ) ;
#4988 = VERTEX_POINT ( 'NONE', #9419 ) ;
#4989 = CARTESIAN_POINT ( 'NONE',  ( 3.575966300094000072, -5.149999830640999754, 0.8348558443209999069 ) ) ;
#4990 = CARTESIAN_POINT ( 'NONE',  ( 2.539510405645000191, -5.150999830607999819, 1.177781452984000055 ) ) ;
#4991 = ORIENTED_EDGE ( 'NONE', *, *, #490, .T. ) ;
#4992 = FILL_AREA_STYLE_COLOUR ( '', #5513 ) ;
#4993 = CARTESIAN_POINT ( 'NONE',  ( 4.359859143105000001, -5.149999830640999754, 0.8787899164679999764 ) ) ;
#4994 = LINE ( 'NONE', #1441, #2247 ) ;
#4995 = DIRECTION ( 'NONE',  ( 1.224646799146999945E-16, 1.000000000000000000, 0.000000000000000000 ) ) ;
#4996 = LINE ( 'NONE', #206, #560 ) ;
#4997 = VERTEX_POINT ( 'NONE', #3988 ) ;
#4998 = ORIENTED_EDGE ( 'NONE', *, *, #5000, .T. ) ;
#4999 = CARTESIAN_POINT ( 'NONE',  ( 3.559283009391000174, -5.150999830607999819, 0.7036494448680000735 ) ) ;
#5000 = EDGE_CURVE ( 'NONE', #6587, #2026, #9613, .T. ) ;
#5001 = EDGE_CURVE ( 'NONE', #3202, #1097, #4573, .T. ) ;
#5002 = VERTEX_POINT ( 'NONE', #5378 ) ;
#5003 = CARTESIAN_POINT ( 'NONE',  ( 3.754499658035000298, -5.150999830607999819, 0.7692269904199999786 ) ) ;
#5004 = CARTESIAN_POINT ( 'NONE',  ( 4.168954833848999897, -5.149999830640999754, 1.025401707300000131 ) ) ;
#5005 = CARTESIAN_POINT ( 'NONE',  ( 4.004205665378000489, -5.149999830640999754, 1.099355049473999868 ) ) ;
#5006 = CARTESIAN_POINT ( 'NONE',  ( 3.525780790067999604, -5.149999830640999754, 0.7153246789210000456 ) ) ;
#5007 = ORIENTED_EDGE ( 'NONE', *, *, #10419, .F. ) ;
#5008 = ORIENTED_EDGE ( 'NONE', *, *, #5620, .F. ) ;
#5009 = CARTESIAN_POINT ( 'NONE',  ( -5.149999830640999754, 5.149999830640999754, 1.049999966214999914 ) ) ;
#5010 = ADVANCED_FACE ( 'NONE', ( #7867 ), #583, .F. ) ;
#5011 = DIRECTION ( 'NONE',  ( 0.9999748501857348426, -1.224615999507673436E-16, -0.007092178509966119010 ) ) ;
#5012 = ORIENTED_EDGE ( 'NONE', *, *, #9578, .T. ) ;
#5013 = B_SPLINE_CURVE_WITH_KNOTS ( 'NONE', 3,
 ( #5920, #7310, #6505, #9 ),
 .UNSPECIFIED., .F., .F.,
 ( 4, 4 ),
 ( 4.000000000000000000, 5.000000000000000000 ),
 .UNSPECIFIED. ) ;
#5014 = CARTESIAN_POINT ( 'NONE',  ( 5.149999830640999754, 1.249999958892999974, 0.5499999826579999862 ) ) ;
#5015 = ORIENTED_EDGE ( 'NONE', *, *, #4931, .F. ) ;
#5016 = DIRECTION ( 'NONE',  ( -0.007092178509963118806, 8.685413711208697764E-19, -0.9999748501857348426 ) ) ;
#5017 = CARTESIAN_POINT ( 'NONE',  ( 3.651016558460999928, -5.150999830607999819, 1.227569882195999718 ) ) ;
#5018 = LINE ( 'NONE', #2474, #297 ) ;
#5019 = SURFACE_SIDE_STYLE ('',( #4335 ) ) ;
#5020 = CARTESIAN_POINT ( 'NONE',  ( 3.974268781878000478, -5.149999830640999754, 1.203233840576000135 ) ) ;
#5021 = B_SPLINE_SURFACE_WITH_KNOTS ( 'NONE', 3, 1, ( 
 ( #2203, #9489 ),
 ( #497, #5613 ),
 ( #3153, #8807 ),
 ( #1345, #605 ) ),
 .UNSPECIFIED., .F., .F., .F.,
 ( 4, 4 ),
 ( 2, 2 ),
 ( 14.00000000000000000, 15.00000000000000000 ),
 ( 0.000000000000000000, 1.000000000000000000 ),
 .UNSPECIFIED. ) ;
#5022 = ORIENTED_EDGE ( 'NONE', *, *, #3015, .F. ) ;
#5023 = LINE ( 'NONE', #4228, #10171 ) ;
#5024 = B_SPLINE_CURVE_WITH_KNOTS ( 'NONE', 3,
 ( #6960, #1202, #4455, #7699 ),
 .UNSPECIFIED., .F., .F.,
 ( 4, 4 ),
 ( 1.000000000000000000, 2.000000000000000000 ),
 .UNSPECIFIED. ) ;
#5025 = ORIENTED_EDGE ( 'NONE', *, *, #1232, .F. ) ;
#5026 = CARTESIAN_POINT ( 'NONE',  ( 2.904105339003999919, -5.149999830640999754, 1.205562114409999941 ) ) ;
#5027 = ORIENTED_EDGE ( 'NONE', *, *, #9169, .T. ) ;
#5028 = LINE ( 'NONE', #7528, #8374 ) ;
#5029 = VERTEX_POINT ( 'NONE', #2973 ) ;
#5030 = CARTESIAN_POINT ( 'NONE',  ( 3.559283009391000174, -5.150999830607999819, 0.7036494448680000735 ) ) ;
#5031 = EDGE_CURVE ( 'NONE', #6264, #6182, #5536, .T. ) ;
#5032 = ORIENTED_EDGE ( 'NONE', *, *, #3363, .T. ) ;
#5033 = VECTOR ( 'NONE', #7015, 1000.000000000000000 ) ;
#5034 = DIRECTION ( 'NONE',  ( 0.000000000000000000, 0.000000000000000000, 1.000000000000000000 ) ) ;
#5035 = VERTEX_POINT ( 'NONE', #8621 ) ;
#5036 = CARTESIAN_POINT ( 'NONE',  ( 3.597243964676000161, -5.149999830640999754, 1.049420338241000117 ) ) ;
#5037 = B_SPLINE_SURFACE_WITH_KNOTS ( 'NONE', 3, 1, ( 
 ( #7448, #9157 ),
 ( #1003, #2608 ),
 ( #8352, #4368 ),
 ( #5172, #3516 ) ),
 .UNSPECIFIED., .F., .F., .F.,
 ( 4, 4 ),
 ( 2, 2 ),
 ( 3.000000000000000000, 4.000000000000000000 ),
 ( 0.000000000000000000, 1.000000000000000000 ),
 .UNSPECIFIED. ) ;
#5038 = CARTESIAN_POINT ( 'NONE',  ( 3.489029962721999834, -5.150999830607999819, 0.7307661757790000490 ) ) ;
#5039 = ADVANCED_FACE ( 'NONE', ( #8735 ), #7965, .F. ) ;
#5040 = ORIENTED_EDGE ( 'NONE', *, *, #6724, .F. ) ;
#5041 = DIRECTION ( 'NONE',  ( 0.007092178509963118806, -8.685413711207684725E-19, 0.9999748501857348426 ) ) ;
#5042 = SURFACE_STYLE_USAGE ( .BOTH. , #304 ) ;
#5043 = MECHANICAL_DESIGN_GEOMETRIC_PRESENTATION_REPRESENTATION (  '', ( #4362 ), #8445 ) ;
#5044 = CARTESIAN_POINT ( 'NONE',  ( 3.671007366828999974, -5.150999830607999819, 0.8355334984000000187 ) ) ;
#5045 = CARTESIAN_POINT ( 'NONE',  ( 3.847843228274000271, -5.150999830607999819, 0.7358117674830000343 ) ) ;
#5046 = CARTESIAN_POINT ( 'NONE',  ( 2.580150843783000081, -5.150999830607999819, 1.199183568847000059 ) ) ;
#5047 = DIRECTION ( 'NONE',  ( -3.594029523009999694E-16, 1.000000000000000000, 0.000000000000000000 ) ) ;
#5048 = CARTESIAN_POINT ( 'NONE',  ( -5.799999809265000472, 0.4499999852019999635, -3.712307892621000249 ) ) ;
#5049 = STYLED_ITEM ( 'NONE', ( #6468 ), #7963 ) ;
#5050 = EDGE_LOOP ( 'NONE', ( #1058, #8886, #135, #3150, #2705, #4964, #1110, #74, #9296, #8657, #3630, #2229, #8368, #9238, #720, #4216, #3682, #2086, #7216, #5750, #3803, #7687, #3571, #6961, #4503, #4925, #9548, #1515, #9587, #9672, #3447, #5430, #4415 ) ) ;
#5051 = CARTESIAN_POINT ( 'NONE',  ( 4.192539760425000317, -5.149999830640999754, 0.8762333827260000430 ) ) ;
#5052 = VERTEX_POINT ( 'NONE', #4629 ) ;
#5053 = CARTESIAN_POINT ( 'NONE',  ( 3.677185282243000231, -5.149999830640999754, 0.7829805887779999196 ) ) ;
#5054 = CARTESIAN_POINT ( 'NONE',  ( 2.625252213153999925, -5.150999830607999819, 1.237906332211999860 ) ) ;
#5055 = DIRECTION ( 'NONE',  ( -0.9999748501857348426, 1.224615999507675655E-16, 0.007092178509961118670 ) ) ;
#5056 = VECTOR ( 'NONE', #8793, 1000.000000000000000 ) ;
#5057 = B_SPLINE_CURVE_WITH_KNOTS ( 'NONE', 3,
 ( #5553, #7731, #6935, #2888 ),
 .UNSPECIFIED., .F., .F.,
 ( 4, 4 ),
 ( 7.000000000000000000, 8.000000000000000000 ),
 .UNSPECIFIED. ) ;
#5058 = CARTESIAN_POINT ( 'NONE',  ( 3.406553810614000088, -5.150999830607999819, 0.8230600777500000076 ) ) ;
#5059 = VECTOR ( 'NONE', #3380, 1000.000000000000114 ) ;
#5060 = DIRECTION ( 'NONE',  ( -0.007092178509962118738, 8.685413711206696723E-19, -0.9999748501857348426 ) ) ;
#5062 = ORIENTED_EDGE ( 'NONE', *, *, #3742, .T. ) ;
#5061 = SHAPE_REPRESENTATION ( 'CAP-SMD_BD10.0-L10.3-W10.3-FD~CAP-SMD_BD10.0-L10.3-W10.3-FD~n1sf^C1~CAP-SMD_BD10.0-L10.3-W10.3-FD~CAP-SMD_BD10.0-L10.3-W10.3-FD~n1sf_3D_PCB1_2026-04-08(2)_3D_PCB1_2026-04-08', ( #2062 ), #850 ) ;
#5063 = ORIENTED_EDGE ( 'NONE', *, *, #2666, .F. ) ;
#5064 = EDGE_CURVE ( 'NONE', #4146, #7537, #10339, .T. ) ;
#5065 = CARTESIAN_POINT ( 'NONE',  ( 3.605000615663999763, -5.149999830640999754, 0.7796453472739999224 ) ) ;
#5066 = CARTESIAN_POINT ( 'NONE',  ( 2.946058334734000361, -5.150999830607999819, 0.8003779915239999099 ) ) ;
#5067 = VERTEX_POINT ( 'NONE', #3075 ) ;
#5068 =( GEOMETRIC_REPRESENTATION_CONTEXT ( 3 ) GLOBAL_UNCERTAINTY_ASSIGNED_CONTEXT ( ( #6693 ) ) GLOBAL_UNIT_ASSIGNED_CONTEXT ( ( #9921, #7588, #9974 ) ) REPRESENTATION_CONTEXT ( 'NONE', 'WORKASPACE' ) );
#5069 = CARTESIAN_POINT ( 'NONE',  ( 4.257037041955999079, -5.150999830607999819, 0.8365760869630000096 ) ) ;
#5070 = VERTEX_POINT ( 'NONE', #6203 ) ;
#5071 = CARTESIAN_POINT ( 'NONE',  ( 3.528397468373999590, -5.150999830607999819, 0.8423677292760000102 ) ) ;
#5072 = LINE ( 'NONE', #9954, #1392 ) ;
#5073 = DIRECTION ( 'NONE',  ( 3.594029523009999694E-16, -1.000000000000000000, 0.000000000000000000 ) ) ;
#5074 = LINE ( 'NONE', #6773, #1737 ) ;
#5075 = EDGE_CURVE ( 'NONE', #4252, #4799, #736, .T. ) ;
#5076 = B_SPLINE_SURFACE_WITH_KNOTS ( 'NONE', 3, 1, ( 
 ( #3968, #7995 ),
 ( #7105, #6236 ),
 ( #9544, #7945 ),
 ( #6449, #9496 ) ),
 .UNSPECIFIED., .F., .F., .F.,
 ( 4, 4 ),
 ( 2, 2 ),
 ( 6.000000000000000000, 7.000000000000000000 ),
 ( 0.000000000000000000, 1.000000000000000000 ),
 .UNSPECIFIED. ) ;
#5077 = DIRECTION ( 'NONE',  ( 1.224646799147213924E-16, 1.000000000000000000, 0.000000000000000000 ) ) ;
#5078 = VERTEX_POINT ( 'NONE', #2130 ) ;
#5079 = CARTESIAN_POINT ( 'NONE',  ( 3.721777607379000319, -5.150999830607999819, 0.7882791578680000688 ) ) ;
#5080 = ORIENTED_EDGE ( 'NONE', *, *, #5279, .T. ) ;
#5081 = PRESENTATION_STYLE_ASSIGNMENT (( #8264 ) ) ;
#5082 = EDGE_LOOP ( 'NONE', ( #9389, #3353, #2555, #21 ) ) ;
#5083 = VECTOR ( 'NONE', #5512, 1000.000000000000000 ) ;
#5084 = LINE ( 'NONE', #2794, #6469 ) ;
#5085 = ADVANCED_FACE ( 'NONE', ( #85 ), #194, .F. ) ;
#5086 = MECHANICAL_DESIGN_GEOMETRIC_PRESENTATION_REPRESENTATION (  '', ( #10501 ), #2877 ) ;
#5087 = ADVANCED_FACE ( 'NONE', ( #3388 ), #7278, .F. ) ;
#5088 = ORIENTED_EDGE ( 'NONE', *, *, #2562, .T. ) ;
#5089 = CARTESIAN_POINT ( 'NONE',  ( 3.664698908099000008, -5.150999830607999819, 0.7377345627810000250 ) ) ;
#5090 = DIRECTION ( 'NONE',  ( -0.9999748501857348426, 1.224615999507675655E-16, 0.007092178509962118738 ) ) ;
#5091 = B_SPLINE_CURVE_WITH_KNOTS ( 'NONE', 3,
 ( #2161, #7598, #5414, #6237 ),
 .UNSPECIFIED., .F., .F.,
 ( 4, 4 ),
 ( 20.00000000000000000, 21.00000000000000000 ),
 .UNSPECIFIED. ) ;
#5092 = ORIENTED_EDGE ( 'NONE', *, *, #1949, .T. ) ;
#5093 = CARTESIAN_POINT ( 'NONE',  ( 3.012715674600999982, -5.150999830607999819, 1.024038874869000137 ) ) ;
#5094 = ORIENTED_EDGE ( 'NONE', *, *, #7283, .T. ) ;
#5095 = CARTESIAN_POINT ( 'NONE',  ( 2.648941158515000005, -5.149999830640999754, 0.9080450390709998709 ) ) ;
#5096 = ADVANCED_FACE ( 'NONE', ( #7385 ), #1744, .T. ) ;
#5097 = ORIENTED_EDGE ( 'NONE', *, *, #2031, .T. ) ;
#5098 = CARTESIAN_POINT ( 'NONE',  ( -5.799999809265000472, 0.4499999852019999635, 7.450579042612001036E-10 ) ) ;
#5099 = PLANE ( 'NONE',  #4751 ) ;
#5100 = LINE ( 'NONE', #415, #5379 ) ;
#5101 = CARTESIAN_POINT ( 'NONE',  ( 0.000000000000000000, 0.000000000000000000, 1.049999966214999914 ) ) ;
#5102 = UNCERTAINTY_MEASURE_WITH_UNIT (LENGTH_MEASURE( 1.000000000000000082E-05 ), #989, 'distance_accuracy_value', 'NONE');
#5103 = CARTESIAN_POINT ( 'NONE',  ( 3.072553469417000027, -5.149999830640999754, 1.101699746831000137 ) ) ;
#5104 = EDGE_CURVE ( 'NONE', #1628, #7674, #935, .T. ) ;
#5105 = FACE_OUTER_BOUND ( 'NONE', #1485, .T. ) ;
#5106 = LINE ( 'NONE', #9042, #4978 ) ;
#5107 = EDGE_CURVE ( 'NONE', #2490, #5781, #6162, .T. ) ;
#5108 = ORIENTED_EDGE ( 'NONE', *, *, #1854, .F. ) ;
#5109 =( NAMED_UNIT ( * ) SI_UNIT ( $, .STERADIAN. ) SOLID_ANGLE_UNIT ( ) );
#5110 = PLANE ( 'NONE',  #6854 ) ;
#5111 = ORIENTED_EDGE ( 'NONE', *, *, #6389, .F. ) ;
#5112 = DIRECTION ( 'NONE',  ( 1.000000000000000000, 0.000000000000000000, 0.000000000000000000 ) ) ;
#5113 = UNCERTAINTY_MEASURE_WITH_UNIT (LENGTH_MEASURE( 1.000000000000000082E-05 ), #10472, 'distance_accuracy_value', 'NONE');
#5114 = CARTESIAN_POINT ( 'NONE',  ( 3.634640383639000216, -5.149999830640999754, 1.029711148084000216 ) ) ;
#5115 = CARTESIAN_POINT ( 'NONE',  ( 4.148606702732000606, -5.150999830607999819, 1.081174469246999781 ) ) ;
#5116 = CARTESIAN_POINT ( 'NONE',  ( 3.916289671216999224, -5.149999830640999754, 0.8498065428600000137 ) ) ;
#5117 = LINE ( 'NONE', #1005, #860 ) ;
#5118 = DIRECTION ( 'NONE',  ( 0.000000000000000000, 0.000000000000000000, 1.000000000000000000 ) ) ;
#5119 = ORIENTED_EDGE ( 'NONE', *, *, #6453, .T. ) ;
#5120 = ORIENTED_EDGE ( 'NONE', *, *, #528, .T. ) ;
#5121 = DIRECTION ( 'NONE',  ( -1.224646799146999945E-16, -1.000000000000000000, 0.000000000000000000 ) ) ;
#5122 = AXIS2_PLACEMENT_3D ( 'NONE', #2360, #10422, #9002 ) ;
#5123 = VECTOR ( 'NONE', #3021, 1000.000000000000114 ) ;
#5124 =( NAMED_UNIT ( * ) SI_UNIT ( $, .STERADIAN. ) SOLID_ANGLE_UNIT ( ) );
#5125 = EDGE_LOOP ( 'NONE', ( #9236, #4749, #3806, #914 ) ) ;
#5126 = EDGE_LOOP ( 'NONE', ( #9378, #6769, #5797, #1035 ) ) ;
#5127 = CARTESIAN_POINT ( 'NONE',  ( 4.014970564279999543, -5.150999830607999819, 1.026493818694000026 ) ) ;
#5128 = COLOUR_RGB ( '',1.000000000000000000, 1.000000000000000000, 1.000000000000000000 ) ;
#5129 = ORIENTED_EDGE ( 'NONE', *, *, #1031, .F. ) ;
#5130 = B_SPLINE_CURVE_WITH_KNOTS ( 'NONE', 3,
 ( #10221, #6176, #5508, #4491 ),
 .UNSPECIFIED., .F., .F.,
 ( 4, 4 ),
 ( 5.000000000000000000, 6.000000000000000000 ),
 .UNSPECIFIED. ) ;
#5131 = CARTESIAN_POINT ( 'NONE',  ( -5.149999830640999754, -3.649999879969000105, 1.049999966214999914 ) ) ;
#5132 = CARTESIAN_POINT ( 'NONE',  ( -1.249999958892999974, 4.944441160745000730, 0.5499999826579999862 ) ) ;
#5133 = CARTESIAN_POINT ( 'NONE',  ( 3.711391358239999771, -5.149999830640999754, 0.8338953614780000301 ) ) ;
#5134 = AXIS2_PLACEMENT_3D ( 'NONE', #10496, #3375, #7469 ) ;
#5135 = DIRECTION ( 'NONE',  ( 1.224646799146999945E-16, 1.000000000000000000, 0.000000000000000000 ) ) ;
#5136 = COLOUR_RGB ( '',0.2470588235294117752, 0.2470588235294117752, 0.2470588235294117752 ) ;
#5137 = CARTESIAN_POINT ( 'NONE',  ( 3.381773939243000182, -5.150999830607999819, 1.030984675135000250 ) ) ;
#5138 =( GEOMETRIC_REPRESENTATION_CONTEXT ( 3 ) GLOBAL_UNCERTAINTY_ASSIGNED_CONTEXT ( ( #2864 ) ) GLOBAL_UNIT_ASSIGNED_CONTEXT ( ( #3791, #8577, #9470 ) ) REPRESENTATION_CONTEXT ( 'NONE', 'WORKASPACE' ) );
#5139 = COLOUR_RGB ( '',0.8980392156862745390, 0.9215686274509803377, 0.9294117647058823817 ) ;
#5140 = ORIENTED_EDGE ( 'NONE', *, *, #10152, .F. ) ;
#5141 = PLANE ( 'NONE',  #1340 ) ;
#5142 =( GEOMETRIC_REPRESENTATION_CONTEXT ( 3 ) GLOBAL_UNCERTAINTY_ASSIGNED_CONTEXT ( ( #9982 ) ) GLOBAL_UNIT_ASSIGNED_CONTEXT ( ( #4230, #20, #3645 ) ) REPRESENTATION_CONTEXT ( 'NONE', 'WORKASPACE' ) );
#5143 = VECTOR ( 'NONE', #1495, 1000.000000000000000 ) ;
#5144 = DIRECTION ( 'NONE',  ( 1.224646799146999945E-16, 1.000000000000000000, 0.000000000000000000 ) ) ;
#5145 = ORIENTED_EDGE ( 'NONE', *, *, #3610, .F. ) ;
#5146 = LINE ( 'NONE', #9758, #4808 ) ;
#5147 = ORIENTED_EDGE ( 'NONE', *, *, #8484, .F. ) ;
#5148 = PLANE ( 'NONE',  #5155 ) ;
#5149 = EDGE_CURVE ( 'NONE', #4997, #8435, #9467, .T. ) ;
#5150 = ORIENTED_EDGE ( 'NONE', *, *, #3278, .T. ) ;
#5151 =( GEOMETRIC_REPRESENTATION_CONTEXT ( 3 ) GLOBAL_UNCERTAINTY_ASSIGNED_CONTEXT ( ( #2461 ) ) GLOBAL_UNIT_ASSIGNED_CONTEXT ( ( #4238, #3597, #246 ) ) REPRESENTATION_CONTEXT ( 'NONE', 'WORKASPACE' ) );
#5152 = EDGE_CURVE ( 'NONE', #2243, #5744, #7432, .T. ) ;
#5153 = LINE ( 'NONE', #6619, #5059 ) ;
#5154 = AXIS2_PLACEMENT_3D ( 'NONE', #8144, #1012, #8094 ) ;
#5155 = AXIS2_PLACEMENT_3D ( 'NONE', #404, #2053, #1251 ) ;
#5156 = EDGE_LOOP ( 'NONE', ( #4041, #3790, #8746, #861 ) ) ;
#5157 = VECTOR ( 'NONE', #4434, 1000.000000000000114 ) ;
#5158 = VECTOR ( 'NONE', #3854, 1000.000000000000000 ) ;
#5159 = CARTESIAN_POINT ( 'NONE',  ( 3.832810988535999996, -5.150999830607999819, 0.7054527093399999282 ) ) ;
#5160 = ORIENTED_EDGE ( 'NONE', *, *, #5812, .F. ) ;
#5161 = EDGE_LOOP ( 'NONE', ( #2513, #4352, #3634, #3354 ) ) ;
#5162 = DIRECTION ( 'NONE',  ( -1.000000000000000000, 1.224646799146999945E-16, 0.000000000000000000 ) ) ;
#5163 = CARTESIAN_POINT ( 'NONE',  ( 3.974268781878000478, -5.150999830607999819, 1.203233840576000135 ) ) ;
#5164 = CARTESIAN_POINT ( 'NONE',  ( 3.799858552596000028, -5.150999830607999819, 1.051206653775000222 ) ) ;
#5165 = PLANE ( 'NONE',  #4445 ) ;
#5166 = CARTESIAN_POINT ( 'NONE',  ( 4.393053853472999926, -5.149999830640999754, 0.7797750046479999808 ) ) ;
#5167 = DIRECTION ( 'NONE',  ( 0.000000000000000000, 0.000000000000000000, -1.000000000000000000 ) ) ;
#5168 = ORIENTED_EDGE ( 'NONE', *, *, #288, .T. ) ;
#5169 = FILL_AREA_STYLE_COLOUR ( '', #1411 ) ;
#5170 = ORIENTED_EDGE ( 'NONE', *, *, #3477, .T. ) ;
#5171 = SURFACE_STYLE_FILL_AREA ( #3668 ) ;
#5172 = CARTESIAN_POINT ( 'NONE',  ( 3.566033526276999766, -5.150999830607999819, 0.7245012268460000460 ) ) ;
#5173 = CARTESIAN_POINT ( 'NONE',  ( 2.900751889309000298, -5.149999830640999754, 0.7327362610919999630 ) ) ;
#5174 = LINE ( 'NONE', #8414, #7644 ) ;
#5175 = EDGE_CURVE ( 'NONE', #7975, #4799, #8069, .T. ) ;
#5176 = EDGE_CURVE ( 'NONE', #7742, #7589, #8119, .T. ) ;
#5177 = FACE_OUTER_BOUND ( 'NONE', #792, .T. ) ;
#5178 = CARTESIAN_POINT ( 'NONE',  ( 4.206359715678000377, -5.149999830640999754, 0.8969310473210000412 ) ) ;
#5179 = EDGE_CURVE ( 'NONE', #7400, #10077, #37, .T. ) ;
#5180 = VERTEX_POINT ( 'NONE', #1687 ) ;
#5181 = VERTEX_POINT ( 'NONE', #880 ) ;
#5182 = DIRECTION ( 'NONE',  ( 1.224646799146999945E-16, 1.000000000000000000, 0.000000000000000000 ) ) ;
#5183 = DIRECTION ( 'NONE',  ( 0.9999748501857348426, -1.224615999507675655E-16, -0.007092178509961118670 ) ) ;
#5184 = ORIENTED_EDGE ( 'NONE', *, *, #4519, .F. ) ;
#5185 = EDGE_LOOP ( 'NONE', ( #1943, #8242, #1728, #8212, #3220, #1030, #10354 ) ) ;
#5186 = SURFACE_SIDE_STYLE ('',( #5968 ) ) ;
#5187 = VERTEX_POINT ( 'NONE', #4141 ) ;
#5188 =( NAMED_UNIT ( * ) SI_UNIT ( $, .STERADIAN. ) SOLID_ANGLE_UNIT ( ) );
#5189 = LINE ( 'NONE', #8476, #7850 ) ;
#5190 = EDGE_CURVE ( 'NONE', #7453, #10198, #9818, .T. ) ;
#5191 = EDGE_CURVE ( 'NONE', #3493, #1987, #1851, .T. ) ;
#5192 = CARTESIAN_POINT ( 'NONE',  ( 3.124915277551999715, -5.150999830607999819, 0.7369305303679999364 ) ) ;
#5193 = PRESENTATION_STYLE_ASSIGNMENT (( #1941 ) ) ;
#5194 = FILL_AREA_STYLE ('',( #4436 ) ) ;
#5195 = ORIENTED_EDGE ( 'NONE', *, *, #8366, .T. ) ;
#5196 = LINE ( 'NONE', #174, #4574 ) ;
#5197 = ORIENTED_EDGE ( 'NONE', *, *, #1762, .T. ) ;
#5198 = CARTESIAN_POINT ( 'NONE',  ( 3.726515381758999990, -5.150999830607999819, 0.7232590538509999778 ) ) ;
#5199 = VERTEX_POINT ( 'NONE', #5098 ) ;
#5200 = PLANE ( 'NONE',  #4637 ) ;
#5201 = ORIENTED_EDGE ( 'NONE', *, *, #6898, .F. ) ;
#5202 = DIRECTION ( 'NONE',  ( 0.000000000000000000, -1.000000000000000000, 2.837350803515179478E-16 ) ) ;
#5203 = CARTESIAN_POINT ( 'NONE',  ( 3.706500545910000000, -5.149999830640999754, 0.7234010062100000304 ) ) ;
#5204 = VERTEX_POINT ( 'NONE', #4245 ) ;
#5205 = ORIENTED_EDGE ( 'NONE', *, *, #8970, .F. ) ;
#5206 = EDGE_CURVE ( 'NONE', #4668, #9175, #3521, .T. ) ;
#5207 = VERTEX_POINT ( 'NONE', #9925 ) ;
#5208 = CARTESIAN_POINT ( 'NONE',  ( 2.713660265846999931, -5.149999830640999754, 0.8584212349130000419 ) ) ;
#5209 = VECTOR ( 'NONE', #6063, 1000.000000000000114 ) ;
#5210 = PRESENTATION_STYLE_ASSIGNMENT (( #5999 ) ) ;
#5211 = FACE_OUTER_BOUND ( 'NONE', #4447, .T. ) ;
#5212 = DIRECTION ( 'NONE',  ( 1.224646799146999945E-16, 1.000000000000000000, 0.000000000000000000 ) ) ;
#5213 = CARTESIAN_POINT ( 'NONE',  ( 4.229213152248999741, -5.149999830640999754, 0.8058918381530000286 ) ) ;
#5214 = UNCERTAINTY_MEASURE_WITH_UNIT (LENGTH_MEASURE( 1.000000000000000082E-05 ), #8948, 'distance_accuracy_value', 'NONE');
#5215 = CARTESIAN_POINT ( 'NONE',  ( 3.756441236525999816, -5.149999830640999754, 0.8230740329350000328 ) ) ;
#5216 = AXIS2_PLACEMENT_3D ( 'NONE', #4764, #7887, #7836 ) ;
#5217 = B_SPLINE_SURFACE_WITH_KNOTS ( 'NONE', 3, 1, ( 
 ( #9247, #1258 ),
 ( #2010, #7010 ),
 ( #5262, #8659 ),
 ( #8496, #2064 ) ),
 .UNSPECIFIED., .F., .F., .F.,
 ( 4, 4 ),
 ( 2, 2 ),
 ( 11.00000000000000000, 12.00000000000000000 ),
 ( 0.000000000000000000, 1.000000000000000000 ),
 .UNSPECIFIED. ) ;
#5218 = EDGE_CURVE ( 'NONE', #6085, #10413, #3035, .T. ) ;
#5219 = CARTESIAN_POINT ( 'NONE',  ( 3.973219440545999959, -5.149999830640999754, 1.055280015054000042 ) ) ;
#5220 = B_SPLINE_CURVE_WITH_KNOTS ( 'NONE', 3,
 ( #4740, #10348, #7814, #4575 ),
 .UNSPECIFIED., .F., .F.,
 ( 4, 4 ),
 ( 5.000000000000000000, 6.000000000000000000 ),
 .UNSPECIFIED. ) ;
#5221 = VECTOR ( 'NONE', #10218, 1000.000000000000000 ) ;
#5222 = EDGE_CURVE ( 'NONE', #8629, #4759, #1540, .T. ) ;
#5223 = CARTESIAN_POINT ( 'NONE',  ( 4.146443853371999388, -5.150999830607999819, 0.7029163779229998799 ) ) ;
#5224 = CARTESIAN_POINT ( 'NONE',  ( 4.192539760425000317, -5.150999830607999819, 0.8762333827260000430 ) ) ;
#5225 = VERTEX_POINT ( 'NONE', #8747 ) ;
#5226 = PLANE ( 'NONE',  #1936 ) ;
#5227 = FACE_OUTER_BOUND ( 'NONE', #1094, .T. ) ;
#5228 = CARTESIAN_POINT ( 'NONE',  ( 2.900751889309000298, -5.150999830607999819, 0.7327362610919999630 ) ) ;
#5229 = CARTESIAN_POINT ( 'NONE',  ( 3.577210642399999863, -5.149999830640999754, 0.7244219547500000411 ) ) ;
#5230 = PRESENTATION_LAYER_ASSIGNMENT (  '', '', ( #8960 ) ) ;
#5231 = CARTESIAN_POINT ( 'NONE',  ( 3.974268781878000478, -5.149999830640999754, 1.203233840576000135 ) ) ;
#5232 = ORIENTED_EDGE ( 'NONE', *, *, #5844, .F. ) ;
#5233 = CARTESIAN_POINT ( 'NONE',  ( 2.908135525646999842, -5.150999830607999819, 0.9582635912820000046 ) ) ;
#5234 = FACE_OUTER_BOUND ( 'NONE', #4500, .T. ) ;
#5235 = VERTEX_POINT ( 'NONE', #691 ) ;
#5236 = ORIENTED_EDGE ( 'NONE', *, *, #7315, .T. ) ;
#5237 = CARTESIAN_POINT ( 'NONE',  ( 0.000000000000000000, 0.000000000000000000, 2.392385396886000049 ) ) ;
#5238 = ORIENTED_EDGE ( 'NONE', *, *, #7200, .T. ) ;
#5239 = CARTESIAN_POINT ( 'NONE',  ( 3.517516767493000351, -5.149999830640999754, 0.7229737137549999693 ) ) ;
#5240 = EDGE_CURVE ( 'NONE', #10127, #6856, #5241, .T. ) ;
#5242 = CARTESIAN_POINT ( 'NONE',  ( 2.449246163935000276, -5.150999830607999819, 1.091660312527000132 ) ) ;
#5241 = CIRCLE ( 'NONE', #5576, 0.4652383217149999028 ) ;
#5243 = AXIS2_PLACEMENT_3D ( 'NONE', #9242, #6135, #3547 ) ;
#5244 = DIRECTION ( 'NONE',  ( 1.224646799146999945E-16, 1.000000000000000000, 0.000000000000000000 ) ) ;
#5245 = DIRECTION ( 'NONE',  ( 0.000000000000000000, 0.000000000000000000, -1.000000000000000000 ) ) ;
#5246 = CARTESIAN_POINT ( 'NONE',  ( 4.207063169991999807, -5.149999830640999754, 0.7468852222829999166 ) ) ;
#5247 = EDGE_LOOP ( 'NONE', ( #6068, #1703, #5363, #7012 ) ) ;
#5248 = CARTESIAN_POINT ( 'NONE',  ( 3.942708420406999537, -5.150999830607999819, 0.7043613423229999615 ) ) ;
#5249 = MECHANICAL_DESIGN_GEOMETRIC_PRESENTATION_REPRESENTATION (  '', ( #3184 ), #1480 ) ;
#5250 = AXIS2_PLACEMENT_3D ( 'NONE', #3684, #1940, #6939 ) ;
#5251 = ORIENTED_EDGE ( 'NONE', *, *, #2284, .F. ) ;
#5252 = FILL_AREA_STYLE_COLOUR ( '', #9730 ) ;
#5253 = EDGE_LOOP ( 'NONE', ( #498, #4231, #1710, #5597, #1957, #4140 ) ) ;
#5254 = PLANE ( 'NONE',  #5657 ) ;
#5255 = CARTESIAN_POINT ( 'NONE',  ( 3.704672552512999761, -5.149999830640999754, 0.8321753807899999744 ) ) ;
#5256 = ORIENTED_EDGE ( 'NONE', *, *, #3718, .F. ) ;
#5257 = CARTESIAN_POINT ( 'NONE',  ( -1.999999934228999798, -0.4999999835569999274, 0.3499999892349999753 ) ) ;
#5258 = CARTESIAN_POINT ( 'NONE',  ( 3.580309636432999820, -5.150999830607999819, 1.212682557239000092 ) ) ;
#5259 = ORIENTED_EDGE ( 'NONE', *, *, #5616, .T. ) ;
#5260 = ORIENTED_EDGE ( 'NONE', *, *, #4552, .F. ) ;
#5261 = VECTOR ( 'NONE', #1104, 1000.000000000000000 ) ;
#5262 = CARTESIAN_POINT ( 'NONE',  ( 3.605306642827999841, -5.150999830607999819, 0.8227942141690000044 ) ) ;
#5263 = EDGE_LOOP ( 'NONE', ( #8363, #4936, #6740, #4493 ) ) ;
#5264 = CARTESIAN_POINT ( 'NONE',  ( 2.634481568208999924, -5.150999830607999819, 0.7042581636829999825 ) ) ;
#5265 = DIRECTION ( 'NONE',  ( -0.9999748501857348426, 1.224615999507673436E-16, 0.007092178509963118806 ) ) ;
#5266 = SURFACE_STYLE_FILL_AREA ( #8449 ) ;
#5267 = FILL_AREA_STYLE ('',( #1049 ) ) ;
#5268 = EDGE_CURVE ( 'NONE', #8581, #840, #4645, .T. ) ;
#5269 = CARTESIAN_POINT ( 'NONE',  ( 3.566033526276999766, -5.149999830640999754, 0.7245012268460000460 ) ) ;
#5270 = EDGE_CURVE ( 'NONE', #5187, #4902, #3736, .T. ) ;
#5271 = CARTESIAN_POINT ( 'NONE',  ( 3.541729245711999763, -5.150999830607999819, 0.7355913338190001038 ) ) ;
#5272 = LINE ( 'NONE', #2811, #2852 ) ;
#5273 =( NAMED_UNIT ( * ) PLANE_ANGLE_UNIT ( ) SI_UNIT ( $, .RADIAN. ) );
#5274 = ADVANCED_FACE ( 'NONE', ( #3946 ), #2984, .F. ) ;
#5275 = ORIENTED_EDGE ( 'NONE', *, *, #5585, .F. ) ;
#5276 = LINE ( 'NONE', #5955, #10408 ) ;
#5277 = LINE ( 'NONE', #8353, #8450 ) ;
#5278 = CARTESIAN_POINT ( 'NONE',  ( 3.559581311104000445, -5.150999830607999819, 0.8556637547570000724 ) ) ;
#5279 = EDGE_CURVE ( 'NONE', #10198, #9071, #3087, .T. ) ;
#5280 = EDGE_CURVE ( 'NONE', #3751, #9090, #8845, .T. ) ;
#5281 =( GEOMETRIC_REPRESENTATION_CONTEXT ( 3 ) GLOBAL_UNCERTAINTY_ASSIGNED_CONTEXT ( ( #5703 ) ) GLOBAL_UNIT_ASSIGNED_CONTEXT ( ( #4755, #7981, #4419 ) ) REPRESENTATION_CONTEXT ( 'NONE', 'WORKASPACE' ) );
#5282 = DIRECTION ( 'NONE',  ( 1.224646799146999945E-16, 1.000000000000000000, 0.000000000000000000 ) ) ;
#5283 = EDGE_CURVE ( 'NONE', #4265, #2903, #2244, .T. ) ;
#5284 = ORIENTED_EDGE ( 'NONE', *, *, #2623, .T. ) ;
#5285 = PRESENTATION_STYLE_ASSIGNMENT (( #4583 ) ) ;
#5286 = PLANE ( 'NONE',  #8645 ) ;
#5287 = ORIENTED_EDGE ( 'NONE', *, *, #8479, .T. ) ;
#5288 = ORIENTED_EDGE ( 'NONE', *, *, #8112, .T. ) ;
#5289 = PRESENTATION_STYLE_ASSIGNMENT (( #2724 ) ) ;
#5290 = EDGE_LOOP ( 'NONE', ( #4816, #5676, #2273, #7727 ) ) ;
#5291 = CARTESIAN_POINT ( 'NONE',  ( 3.525597980806999932, -5.150999830607999819, 1.129367977211000129 ) ) ;
#5292 = CARTESIAN_POINT ( 'NONE',  ( 3.597243964676000161, -5.149999830640999754, 1.049420338241000117 ) ) ;
#5293 = EDGE_CURVE ( 'NONE', #3432, #2248, #10214, .T. ) ;
#5294 = CARTESIAN_POINT ( 'NONE',  ( 3.546637000016999774, -5.149999830640999754, 0.7311894333370000387 ) ) ;
#5295 = LINE ( 'NONE', #1395, #1409 ) ;
#5296 = ADVANCED_FACE ( 'NONE', ( #2935 ), #6169, .F. ) ;
#5297 = CARTESIAN_POINT ( 'NONE',  ( 2.561179156617999997, -5.149999830640999754, 1.174735726246999956 ) ) ;
#5298 =( NAMED_UNIT ( * ) SI_UNIT ( $, .STERADIAN. ) SOLID_ANGLE_UNIT ( ) );
#5299 = VECTOR ( 'NONE', #9847, 1000.000000000000000 ) ;
#5300 = VERTEX_POINT ( 'NONE', #9429 ) ;
#5301 = DIRECTION ( 'NONE',  ( 0.1263225772770260047, -1.547005399221322174E-17, -0.9919892169122050962 ) ) ;
#5302 = CARTESIAN_POINT ( 'NONE',  ( 3.159884697628999817, -5.150999830607999819, 0.7742791034429999941 ) ) ;
#5303 = EDGE_LOOP ( 'NONE', ( #2544, #2858, #2420, #864 ) ) ;
#5304 = ADVANCED_FACE ( 'NONE', ( #8635 ), #9124, .F. ) ;
#5305 =( LENGTH_UNIT ( ) NAMED_UNIT ( * ) SI_UNIT ( .MILLI., .METRE. ) );
#5306 = ORIENTED_EDGE ( 'NONE', *, *, #8727, .F. ) ;
#5307 = LINE ( 'NONE', #9493, #7352 ) ;
#5308 = CARTESIAN_POINT ( 'NONE',  ( 3.896365960637999670, -5.150999830607999819, 1.207321620896999903 ) ) ;
#5309 = AXIS2_PLACEMENT_3D ( 'NONE', #1604, #3245, #1544 ) ;
#5310 = B_SPLINE_SURFACE_WITH_KNOTS ( 'NONE', 3, 1, ( 
 ( #9030, #1741 ),
 ( #7634, #5255 ),
 ( #7001, #4551 ),
 ( #6845, #7744 ) ),
 .UNSPECIFIED., .F., .F., .F.,
 ( 4, 4 ),
 ( 2, 2 ),
 ( 11.00000000000000000, 12.00000000000000000 ),
 ( 0.000000000000000000, 1.000000000000000000 ),
 .UNSPECIFIED. ) ;
#5311 = ORIENTED_EDGE ( 'NONE', *, *, #6623, .T. ) ;
#5312 = CARTESIAN_POINT ( 'NONE',  ( 4.450357438754000583, -5.150999830607999819, 0.7007609143149999831 ) ) ;
#5313 = VECTOR ( 'NONE', #7983, 1000.000000000000000 ) ;
#5314 = VECTOR ( 'NONE', #5741, 1000.000000000000000 ) ;
#5315 = COLOUR_RGB ( '',1.000000000000000000, 1.000000000000000000, 1.000000000000000000 ) ;
#5316 = EDGE_CURVE ( 'NONE', #3766, #228, #6214, .T. ) ;
#5317 = VERTEX_POINT ( 'NONE', #2192 ) ;
#5318 = EDGE_LOOP ( 'NONE', ( #10424, #7134, #5275, #4427 ) ) ;
#5319 = B_SPLINE_CURVE_WITH_KNOTS ( 'NONE', 3,
 ( #1731, #5026, #241, #3433 ),
 .UNSPECIFIED., .F., .F.,
 ( 4, 4 ),
 ( 21.00000000000000000, 22.00000000000000000 ),
 .UNSPECIFIED. ) ;
#5320 = VECTOR ( 'NONE', #9254, 1000.000000000000000 ) ;
#5321 = ORIENTED_EDGE ( 'NONE', *, *, #6695, .F. ) ;
#5322 = CARTESIAN_POINT ( 'NONE',  ( 3.379485740960999962, -5.150999830607999819, 0.7083559185690000426 ) ) ;
#5323 = DIRECTION ( 'NONE',  ( 0.000000000000000000, -1.000000000000000000, 1.726713446068770072E-14 ) ) ;
#5324 = MECHANICAL_DESIGN_GEOMETRIC_PRESENTATION_REPRESENTATION (  '', ( #55 ), #5834 ) ;
#5325 = CARTESIAN_POINT ( 'NONE',  ( 6.123233794371999481E-17, 0.4999999835569999274, 0.04999999910078999771 ) ) ;
#5326 = EDGE_CURVE ( 'NONE', #9902, #3162, #5444, .T. ) ;
#5327 = UNCERTAINTY_MEASURE_WITH_UNIT (LENGTH_MEASURE( 1.000000000000000082E-05 ), #7341, 'distance_accuracy_value', 'NONE');
#5328 = B_SPLINE_CURVE_WITH_KNOTS ( 'NONE', 3,
 ( #9340, #10181, #2206, #2898 ),
 .UNSPECIFIED., .F., .F.,
 ( 4, 4 ),
 ( 3.000000000000000000, 4.000000000000000000 ),
 .UNSPECIFIED. ) ;
#5329 = VECTOR ( 'NONE', #5090, 1000.000000000000114 ) ;
#5330 = MECHANICAL_DESIGN_GEOMETRIC_PRESENTATION_REPRESENTATION (  '', ( #2259 ), #6315 ) ;
#5331 = CARTESIAN_POINT ( 'NONE',  ( 2.312916507825000245, -5.150999830607999819, 0.8308968711090000125 ) ) ;
#5332 = VECTOR ( 'NONE', #9321, 1000.000000000000000 ) ;
#5333 = CARTESIAN_POINT ( 'NONE',  ( 3.630620051249000113, -5.150999830607999819, 0.8000513689360000402 ) ) ;
#5334 = CARTESIAN_POINT ( 'NONE',  ( 3.706339445132999622, -5.149999830640999754, 0.8546228936949999966 ) ) ;
#5335 = EDGE_LOOP ( 'NONE', ( #2194, #149, #97, #459 ) ) ;
#5336 =( NAMED_UNIT ( * ) SI_UNIT ( $, .STERADIAN. ) SOLID_ANGLE_UNIT ( ) );
#5337 =( NAMED_UNIT ( * ) SI_UNIT ( $, .STERADIAN. ) SOLID_ANGLE_UNIT ( ) );
#5338 = CARTESIAN_POINT ( 'NONE',  ( 3.542861907959999890, -5.150999830607999819, 0.8513112633909999394 ) ) ;
#5339 = SURFACE_STYLE_USAGE ( .BOTH. , #8625 ) ;
#5340 = VERTEX_POINT ( 'NONE', #597 ) ;
#5341 = ADVANCED_FACE ( 'NONE', ( #7132 ), #5885, .F. ) ;
#5342 = ADVANCED_FACE ( 'NONE', ( #9097 ), #4151, .T. ) ;
#5343 = DIRECTION ( 'NONE',  ( 1.224646799147213924E-16, 1.000000000000000000, 0.000000000000000000 ) ) ;
#5344 = EDGE_LOOP ( 'NONE', ( #6454, #7265, #3755, #5593 ) ) ;
#5345 = ORIENTED_EDGE ( 'NONE', *, *, #2501, .F. ) ;
#5346 = VECTOR ( 'NONE', #4846, 1000.000000000000114 ) ;
#5347 = ORIENTED_EDGE ( 'NONE', *, *, #2834, .T. ) ;
#5348 = LINE ( 'NONE', #1129, #5563 ) ;
#5349 = CARTESIAN_POINT ( 'NONE',  ( 3.406388629687999714, -5.150999830607999819, 0.7997700869439999805 ) ) ;
#5350 = DIRECTION ( 'NONE',  ( -0.9912876782291137889, 1.213977282178139725E-16, -0.1317146119120151671 ) ) ;
#5351 = FACE_OUTER_BOUND ( 'NONE', #8607, .T. ) ;
#5352 = VERTEX_POINT ( 'NONE', #4202 ) ;
#5353 = EDGE_CURVE ( 'NONE', #5932, #7084, #6588, .T. ) ;
#5354 = FACE_OUTER_BOUND ( 'NONE', #3012, .T. ) ;
#5355 = CARTESIAN_POINT ( 'NONE',  ( 3.717382400487999838, -5.150999830607999819, 1.143500555746000069 ) ) ;
#5356 = VERTEX_POINT ( 'NONE', #8184 ) ;
#5357 = CARTESIAN_POINT ( 'NONE',  ( 3.736595250111999889, -5.150999830607999819, 0.7297382032310000266 ) ) ;
#5358 = VERTEX_POINT ( 'NONE', #5848 ) ;
#5359 = DIRECTION ( 'NONE',  ( 1.224646799146999945E-16, 1.000000000000000000, 0.000000000000000000 ) ) ;
#5360 = CARTESIAN_POINT ( 'NONE',  ( 3.756616741260999870, -5.150999830607999819, 0.8478196481659999728 ) ) ;
#5361 = CARTESIAN_POINT ( 'NONE',  ( 2.603470573927999965, -5.149999830640999754, 0.8172679810890000063 ) ) ;
#5362 = CARTESIAN_POINT ( 'NONE',  ( 3.954669080421999716, -5.149999830640999754, 1.071320276524999837 ) ) ;
#5363 = ORIENTED_EDGE ( 'NONE', *, *, #2691, .F. ) ;
#5364 = ORIENTED_EDGE ( 'NONE', *, *, #1622, .F. ) ;
#5365 = FILL_AREA_STYLE ('',( #2750 ) ) ;
#5366 = EDGE_LOOP ( 'NONE', ( #2037, #3485, #6141, #6433 ) ) ;
#5367 = CARTESIAN_POINT ( 'NONE',  ( 1.249999958892999974, -6.749999778023999752, 2.049999933330000079 ) ) ;
#5368 = SURFACE_SIDE_STYLE ('',( #5266 ) ) ;
#5369 = CARTESIAN_POINT ( 'NONE',  ( -4.999999835572999984, 9.860760990987998060E-32, 9.549999686690000544 ) ) ;
#5370 = ADVANCED_FACE ( 'NONE', ( #2503 ), #4903, .F. ) ;
#5371 = CARTESIAN_POINT ( 'NONE',  ( 3.154788024921999945, -5.149999830640999754, 1.075088098221999910 ) ) ;
#5372 = DIRECTION ( 'NONE',  ( -0.3349296977018482724, 0.000000000000000000, 0.9422431202175735043 ) ) ;
#5373 = B_SPLINE_CURVE_WITH_KNOTS ( 'NONE', 3,
 ( #8171, #8334, #881, #3555 ),
 .UNSPECIFIED., .F., .F.,
 ( 4, 4 ),
 ( 5.000000000000000000, 6.000000000000000000 ),
 .UNSPECIFIED. ) ;
#5374 = EDGE_CURVE ( 'NONE', #1331, #6210, #5696, .T. ) ;
#5375 = CARTESIAN_POINT ( 'NONE',  ( 2.249999926008000362, 0.4499999852019999635, 0.3499999892349999753 ) ) ;
#5376 = CARTESIAN_POINT ( 'NONE',  ( 3.566033526276999766, -5.149999830640999754, 0.7245012268460000460 ) ) ;
#5377 = VERTEX_POINT ( 'NONE', #98 ) ;
#5378 = CARTESIAN_POINT ( 'NONE',  ( 4.207317222172000548, -5.149999830640999754, 0.8633392320939999864 ) ) ;
#5379 = VECTOR ( 'NONE', #3662, 1000.000000000000114 ) ;
#5380 = CARTESIAN_POINT ( 'NONE',  ( 3.214359130545999754, -5.150999830607999819, 0.9112649828970000865 ) ) ;
#5381 = CARTESIAN_POINT ( 'NONE',  ( 3.976639133456000508, -5.149999830640999754, 1.104957438125000024 ) ) ;
#5382 = EDGE_CURVE ( 'NONE', #7560, #9965, #8993, .T. ) ;
#5383 =( LENGTH_UNIT ( ) NAMED_UNIT ( * ) SI_UNIT ( .MILLI., .METRE. ) );
#5384 = LINE ( 'NONE', #480, #9894 ) ;
#5385 = ORIENTED_EDGE ( 'NONE', *, *, #2104, .F. ) ;
#5386 = CARTESIAN_POINT ( 'NONE',  ( 3.969776490060000107, -5.150999830607999819, 0.8190655015040000375 ) ) ;
#5387 = AXIS2_PLACEMENT_3D ( 'NONE', #6072, #488, #2040 ) ;
#5388 = CARTESIAN_POINT ( 'NONE',  ( 3.736595250111999889, -5.150999830607999819, 0.7297382032310000266 ) ) ;
#5389 = ORIENTED_EDGE ( 'NONE', *, *, #2282, .F. ) ;
#5390 = EDGE_LOOP ( 'NONE', ( #919, #4694, #9064, #4480 ) ) ;
#5391 = DIRECTION ( 'NONE',  ( -0.007092178509961118670, 8.685413711205699091E-19, -0.9999748501857348426 ) ) ;
#5392 = FILL_AREA_STYLE ('',( #10415 ) ) ;
#5393 = ORIENTED_EDGE ( 'NONE', *, *, #5268, .F. ) ;
#5394 = CARTESIAN_POINT ( 'NONE',  ( 2.940674571075000188, -5.150999830607999819, 1.264589715810999770 ) ) ;
#5395 = B_SPLINE_CURVE_WITH_KNOTS ( 'NONE', 3,
 ( #9234, #3430, #2679, #5925 ),
 .UNSPECIFIED., .F., .F.,
 ( 4, 4 ),
 ( 8.000000000000000000, 9.000000000000000000 ),
 .UNSPECIFIED. ) ;
#5396 = CARTESIAN_POINT ( 'NONE',  ( 3.665384331722000066, -5.150999830607999819, 0.8123861950469999371 ) ) ;
#5397 = COLOUR_RGB ( '',0.2470588235294117752, 0.2470588235294117752, 0.2470588235294117752 ) ;
#5398 = CARTESIAN_POINT ( 'NONE',  ( 5.149999830640999754, -1.249999958892999974, 2.549999916887000229 ) ) ;
#5399 = EDGE_CURVE ( 'NONE', #7552, #6022, #8336, .T. ) ;
#5400 = CARTESIAN_POINT ( 'NONE',  ( 2.527942810622999747, -5.149999830640999754, 1.177863494496000030 ) ) ;
#5401 = VERTEX_POINT ( 'NONE', #5748 ) ;
#5402 = CARTESIAN_POINT ( 'NONE',  ( 3.677629187417000178, -5.149999830640999754, 0.7282848003340000043 ) ) ;
#5403 = EDGE_CURVE ( 'NONE', #3917, #10305, #260, .T. ) ;
#5404 = CARTESIAN_POINT ( 'NONE',  ( 2.908135525646999842, -5.150999830607999819, 0.9582635912820000046 ) ) ;
#5405 =( GEOMETRIC_REPRESENTATION_CONTEXT ( 3 ) GLOBAL_UNCERTAINTY_ASSIGNED_CONTEXT ( ( #8611 ) ) GLOBAL_UNIT_ASSIGNED_CONTEXT ( ( #1640, #7331, #4938 ) ) REPRESENTATION_CONTEXT ( 'NONE', 'WORKASPACE' ) );
#5406 = ORIENTED_EDGE ( 'NONE', *, *, #8984, .F. ) ;
#5407 = DIRECTION ( 'NONE',  ( 1.000000000000000000, -1.224646799147000192E-16, 0.000000000000000000 ) ) ;
#5408 = CIRCLE ( 'NONE', #8456, 5.099999832285000423 ) ;
#5409 = ORIENTED_EDGE ( 'NONE', *, *, #7998, .T. ) ;
#5410 = LINE ( 'NONE', #8651, #8010 ) ;
#5411 = ADVANCED_FACE ( 'NONE', ( #8506 ), #4285, .F. ) ;
#5412 = CARTESIAN_POINT ( 'NONE',  ( 2.602670668108999941, -5.149999830640999754, 0.7044837779389999666 ) ) ;
#5413 = CARTESIAN_POINT ( 'NONE',  ( 3.762855115409999840, -5.150999830607999819, 0.7451487193829999800 ) ) ;
#5414 = CARTESIAN_POINT ( 'NONE',  ( 2.708901986847000121, -5.150999830607999819, 1.206946566248000119 ) ) ;
#5415 = COLOUR_RGB ( '',1.000000000000000000, 1.000000000000000000, 1.000000000000000000 ) ;
#5416 = ORIENTED_EDGE ( 'NONE', *, *, #6682, .F. ) ;
#5417 = AXIS2_PLACEMENT_3D ( 'NONE', #6552, #6719, #8205 ) ;
#5418 = ORIENTED_EDGE ( 'NONE', *, *, #1854, .T. ) ;
#5419 = CARTESIAN_POINT ( 'NONE',  ( 4.043979079612999961, -5.150999830607999819, 1.026288079950999910 ) ) ;
#5420 = EDGE_CURVE ( 'NONE', #7357, #3514, #1863, .T. ) ;
#5421 = EDGE_LOOP ( 'NONE', ( #6531, #5140, #8231, #3105 ) ) ;
#5422 = PRESENTATION_STYLE_ASSIGNMENT (( #5470 ) ) ;
#5423 = CARTESIAN_POINT ( 'NONE',  ( -4.999999835572999984, 9.860760990987998060E-32, 34.19213450005700139 ) ) ;
#5424 = CARTESIAN_POINT ( 'NONE',  ( 4.042505724740999895, -5.150999830607999819, 0.8185496798160000198 ) ) ;
#5425 = B_SPLINE_CURVE_WITH_KNOTS ( 'NONE', 3,
 ( #9663, #2488, #4990, #778 ),
 .UNSPECIFIED., .F., .F.,
 ( 4, 4 ),
 ( 4.000000000000000000, 5.000000000000000000 ),
 .UNSPECIFIED. ) ;
#5426 = DIRECTION ( 'NONE',  ( 0.007092178509967119078, -8.685413711212699846E-19, 0.9999748501857348426 ) ) ;
#5427 = CARTESIAN_POINT ( 'NONE',  ( 3.703658988564999532, -5.149999830640999754, 0.7698995058010000836 ) ) ;
#5428 = CARTESIAN_POINT ( 'NONE',  ( 2.543386736727000219, -5.150999830607999819, 0.9087936687009999792 ) ) ;
#5429 = CARTESIAN_POINT ( 'NONE',  ( 3.717036132000000048, -5.149999830640999754, 0.7648136669699999723 ) ) ;
#5430 = ORIENTED_EDGE ( 'NONE', *, *, #3525, .T. ) ;
#5431 = CARTESIAN_POINT ( 'NONE',  ( 4.146443853371999388, -5.150999830607999819, 0.7029163779229998799 ) ) ;
#5432 = EDGE_CURVE ( 'NONE', #10305, #8604, #1348, .T. ) ;
#5433 = CARTESIAN_POINT ( 'NONE',  ( 3.790630314849000371, -5.150999830607999819, 0.6370221451819999547 ) ) ;
#5434 = CARTESIAN_POINT ( 'NONE',  ( 2.468966427038000067, -5.150999830607999819, 0.8138839282250001084 ) ) ;
#5435 = CARTESIAN_POINT ( 'NONE',  ( 3.719605238925999924, -5.150999830607999819, 0.8338371057050000257 ) ) ;
#5436 = MECHANICAL_DESIGN_GEOMETRIC_PRESENTATION_REPRESENTATION (  '', ( #7959 ), #9165 ) ;
#5437 = CARTESIAN_POINT ( 'NONE',  ( 3.969700594347000067, -5.150999830607999819, 1.174880135705000050 ) ) ;
#5438 = CARTESIAN_POINT ( 'NONE',  ( 5.149999830640999754, -5.149999830640999754, 2.049999933330000079 ) ) ;
#5439 = EDGE_CURVE ( 'NONE', #5199, #5900, #5272, .T. ) ;
#5440 = ORIENTED_EDGE ( 'NONE', *, *, #1681, .F. ) ;
#5441 = DIRECTION ( 'NONE',  ( 0.000000000000000000, 0.000000000000000000, 1.000000000000000000 ) ) ;
#5442 = VERTEX_POINT ( 'NONE', #1216 ) ;
#5443 = ORIENTED_EDGE ( 'NONE', *, *, #5439, .F. ) ;
#5444 = LINE ( 'NONE', #8681, #1666 ) ;
#5445 = CARTESIAN_POINT ( 'NONE',  ( 2.603470573927999965, -5.150999830607999819, 0.8172679810890000063 ) ) ;
#5446 = VERTEX_POINT ( 'NONE', #5952 ) ;
#5447 = CARTESIAN_POINT ( 'NONE',  ( 5.149999830640999754, -1.249999958892999974, 2.049999933330000079 ) ) ;
#5448 = CARTESIAN_POINT ( 'NONE',  ( 3.124279453974000198, -5.149999830640999754, 0.8511708349069999624 ) ) ;
#5449 = CARTESIAN_POINT ( 'NONE',  ( 4.324795465241000336, -5.150999830607999819, 0.7802591174980000321 ) ) ;
#5450 = LINE ( 'NONE', #5556, #6648 ) ;
#5451 = DIRECTION ( 'NONE',  ( 0.9999748501857348426, -1.224615999507673436E-16, -0.007092178509963118806 ) ) ;
#5452 = ORIENTED_EDGE ( 'NONE', *, *, #9067, .T. ) ;
#5453 = DIRECTION ( 'NONE',  ( -1.224646799147359863E-16, -1.000000000000000000, 0.000000000000000000 ) ) ;
#5454 = CARTESIAN_POINT ( 'NONE',  ( 3.789946454243000140, -5.149999830640999754, 1.119694743251999913 ) ) ;
#5455 = ORIENTED_EDGE ( 'NONE', *, *, #10179, .F. ) ;
#5456 = LINE ( 'NONE', #6393, #3266 ) ;
#5457 = VERTEX_POINT ( 'NONE', #1111 ) ;
#5458 =( NAMED_UNIT ( * ) PLANE_ANGLE_UNIT ( ) SI_UNIT ( $, .RADIAN. ) );
#5459 = CARTESIAN_POINT ( 'NONE',  ( 3.523609942859000199, -5.150999830607999819, 1.054309669938999994 ) ) ;
#5460 = PLANE ( 'NONE',  #7779 ) ;
#5461 = DIRECTION ( 'NONE',  ( -0.3451999324339110053, 4.227479923214910402E-17, -0.9385291719747571593 ) ) ;
#5462 = CARTESIAN_POINT ( 'NONE',  ( 4.072401375669000068, -5.150999830607999819, 1.104694171740999931 ) ) ;
#5463 = ORIENTED_EDGE ( 'NONE', *, *, #925, .T. ) ;
#5464 = ORIENTED_EDGE ( 'NONE', *, *, #3218, .F. ) ;
#5465 = STYLED_ITEM ( 'NONE', ( #5654 ), #3824 ) ;
#5466 = EDGE_CURVE ( 'NONE', #4872, #8945, #6007, .T. ) ;
#5467 = CARTESIAN_POINT ( 'NONE',  ( 0.000000000000000000, 0.000000000000000000, 1.757602692597000082 ) ) ;
#5468 = EDGE_CURVE ( 'NONE', #866, #3652, #9152, .T. ) ;
#5469 = ORIENTED_EDGE ( 'NONE', *, *, #1719, .F. ) ;
#5470 = SURFACE_STYLE_USAGE ( .BOTH. , #2167 ) ;
#5471 = PRESENTATION_LAYER_ASSIGNMENT (  '', '', ( #5969 ) ) ;
#5472 = VECTOR ( 'NONE', #8067, 1000.000000000000000 ) ;
#5473 = LINE ( 'NONE', #671, #3186 ) ;
#5474 =( NAMED_UNIT ( * ) PLANE_ANGLE_UNIT ( ) SI_UNIT ( $, .RADIAN. ) );
#5475 = CARTESIAN_POINT ( 'NONE',  ( 3.214359130545999754, -5.149999830640999754, 0.9112649828970000865 ) ) ;
#5476 = CARTESIAN_POINT ( 'NONE',  ( 4.229393081471999771, -5.150999830607999819, 0.8312612924240000423 ) ) ;
#5477 = STYLED_ITEM ( 'NONE', ( #5285 ), #2118 ) ;
#5478 = AXIS2_PLACEMENT_3D ( 'NONE', #1365, #9022, #3979 ) ;
#5479 = EDGE_CURVE ( 'NONE', #6267, #2725, #9356, .T. ) ;
#5480 = VECTOR ( 'NONE', #10361, 1000.000000000000000 ) ;
#5481 = CARTESIAN_POINT ( 'NONE',  ( 2.799166256723000235, -5.150999830607999819, 1.293067789246999943 ) ) ;
#5482 = CARTESIAN_POINT ( 'NONE',  ( 3.920591710003000330, -5.149999830640999754, 1.207149803236000185 ) ) ;
#5483 = ORIENTED_EDGE ( 'NONE', *, *, #10121, .F. ) ;
#5484 = DIRECTION ( 'NONE',  ( 0.007092178509963118806, -8.685413711207684725E-19, 0.9999748501857348426 ) ) ;
#5485 = CARTESIAN_POINT ( 'NONE',  ( 2.383152860003000306, -5.150999830607999819, 0.9475267208019999554 ) ) ;
#5486 = CARTESIAN_POINT ( 'NONE',  ( 3.746256641338999938, -5.150999830607999819, 0.7138649639030000271 ) ) ;
#5487 = AXIS2_PLACEMENT_3D ( 'NONE', #3492, #8392, #5990 ) ;
#5488 = STYLED_ITEM ( 'NONE', ( #1505 ), #6225 ) ;
#5489 = CARTESIAN_POINT ( 'NONE',  ( 4.359859143105000001, -5.150999830607999819, 0.8787899164679999764 ) ) ;
#5490 = B_SPLINE_SURFACE_WITH_KNOTS ( 'NONE', 3, 1, ( 
 ( #4037, #3133 ),
 ( #8785, #633 ),
 ( #8123, #6316 ),
 ( #8073, #4088 ) ),
 .UNSPECIFIED., .F., .F., .F.,
 ( 4, 4 ),
 ( 2, 2 ),
 ( 9.000000000000000000, 10.00000000000000000 ),
 ( 0.000000000000000000, 1.000000000000000000 ),
 .UNSPECIFIED. ) ;
#5491 = LINE ( 'NONE', #6370, #8193 ) ;
#5492 = COLOUR_RGB ( '',0.2470588235294117752, 0.2470588235294117752, 0.2470588235294117752 ) ;
#5493 = COLOUR_RGB ( '',1.000000000000000000, 1.000000000000000000, 1.000000000000000000 ) ;
#5494 = ORIENTED_EDGE ( 'NONE', *, *, #8394, .T. ) ;
#5495 = PLANE ( 'NONE',  #8704 ) ;
#5496 = ORIENTED_EDGE ( 'NONE', *, *, #5639, .T. ) ;
#5497 = STYLED_ITEM ( 'NONE', ( #7551 ), #6727 ) ;
#5498 = ORIENTED_EDGE ( 'NONE', *, *, #5218, .T. ) ;
#5499 = CARTESIAN_POINT ( 'NONE',  ( 3.762922957575999927, -5.150999830607999819, 0.7547142513210000070 ) ) ;
#5500 = LINE ( 'NONE', #9474, #2269 ) ;
#5501 = ADVANCED_FACE ( 'NONE', ( #9258 ), #1059, .T. ) ;
#5502 = ORIENTED_EDGE ( 'NONE', *, *, #3394, .T. ) ;
#5503 = CARTESIAN_POINT ( 'NONE',  ( 3.539375103337000006, -5.150999830607999819, 0.7481894170299999702 ) ) ;
#5504 = DIRECTION ( 'NONE',  ( 1.224646799146999945E-16, 1.000000000000000000, 0.000000000000000000 ) ) ;
#5505 = UNCERTAINTY_MEASURE_WITH_UNIT (LENGTH_MEASURE( 1.000000000000000082E-05 ), #4042, 'distance_accuracy_value', 'NONE');
#5506 = EDGE_CURVE ( 'NONE', #5052, #6264, #7653, .T. ) ;
#5507 = CARTESIAN_POINT ( 'NONE',  ( 3.604483687853999641, -5.149999830640999754, 0.7067601528329999772 ) ) ;
#5508 = CARTESIAN_POINT ( 'NONE',  ( 3.952653765086000082, -5.150999830607999819, 1.036397826369999997 ) ) ;
#5509 =( LENGTH_UNIT ( ) NAMED_UNIT ( * ) SI_UNIT ( .MILLI., .METRE. ) );
#5510 = ORIENTED_EDGE ( 'NONE', *, *, #1555, .F. ) ;
#5511 = VERTEX_POINT ( 'NONE', #10095 ) ;
#5512 = DIRECTION ( 'NONE',  ( 1.000000000000000000, -2.446283049834999907E-16, 0.000000000000000000 ) ) ;
#5513 = COLOUR_RGB ( '',1.000000000000000000, 1.000000000000000000, 1.000000000000000000 ) ;
#5514 = CARTESIAN_POINT ( 'NONE',  ( 3.408191608997999555, -5.150999830607999819, 1.053984495517999997 ) ) ;
#5515 = ORIENTED_EDGE ( 'NONE', *, *, #5240, .F. ) ;
#5516 = CARTESIAN_POINT ( 'NONE',  ( 3.730235930644000053, -5.150999830607999819, 0.7567137122360000356 ) ) ;
#5517 = ADVANCED_FACE ( 'NONE', ( #9312 ), #1924, .F. ) ;
#5518 = EDGE_CURVE ( 'NONE', #9101, #5535, #3899, .T. ) ;
#5519 = FILL_AREA_STYLE_COLOUR ( '', #4987 ) ;
#5520 = LINE ( 'NONE', #2424, #3685 ) ;
#5521 = DIRECTION ( 'NONE',  ( 1.224646799146999945E-16, 1.000000000000000000, 0.000000000000000000 ) ) ;
#5522 = CARTESIAN_POINT ( 'NONE',  ( -5.149999830640999754, -1.249999958892999974, 1.049999966214999914 ) ) ;
#5523 = CARTESIAN_POINT ( 'NONE',  ( -1.999999934228999798, -0.4999999835569999274, 0.04999999910078999771 ) ) ;
#5524 = ORIENTED_EDGE ( 'NONE', *, *, #3639, .F. ) ;
#5525 = ORIENTED_EDGE ( 'NONE', *, *, #5949, .T. ) ;
#5526 = CARTESIAN_POINT ( 'NONE',  ( 3.706339445132999622, -5.149999830640999754, 0.8546228936949999966 ) ) ;
#5527 = ORIENTED_EDGE ( 'NONE', *, *, #2764, .T. ) ;
#5528 = CARTESIAN_POINT ( 'NONE',  ( 3.124699917163999974, -5.150999830607999819, 0.9104548214489999181 ) ) ;
#5529 = SURFACE_STYLE_USAGE ( .BOTH. , #3276 ) ;
#5530 = DIRECTION ( 'NONE',  ( -1.224646799146999945E-16, -1.000000000000000000, 0.000000000000000000 ) ) ;
#5531 = EDGE_CURVE ( 'NONE', #9246, #160, #4661, .T. ) ;
#5532 = LINE ( 'NONE', #5248, #10500 ) ;
#5533 = CARTESIAN_POINT ( 'NONE',  ( 2.735544428943999851, -5.150999830607999819, 1.293519017955000017 ) ) ;
#5534 = PLANE ( 'NONE',  #1750 ) ;
#5535 = VERTEX_POINT ( 'NONE', #6928 ) ;
#5536 = LINE ( 'NONE', #7812, #1226 ) ;
#5537 = CARTESIAN_POINT ( 'NONE',  ( 3.023503875647999717, -5.150999830607999819, 0.7101753078430000921 ) ) ;
#5538 = DIRECTION ( 'NONE',  ( 1.224646799146999945E-16, 1.000000000000000000, 0.000000000000000000 ) ) ;
#5539 = CARTESIAN_POINT ( 'NONE',  ( 2.954723762168999457, -5.150999830607999819, 0.7988705317950000051 ) ) ;
#5540 = EDGE_CURVE ( 'NONE', #5993, #6671, #7829, .T. ) ;
#5541 = DIRECTION ( 'NONE',  ( -0.4987484692610351655, 0.000000000000000000, 0.8667467706370611813 ) ) ;
#5542 = CARTESIAN_POINT ( 'NONE',  ( 3.525425425732000129, -5.150999830607999819, 1.105038254673000209 ) ) ;
#5543 = ORIENTED_EDGE ( 'NONE', *, *, #7155, .T. ) ;
#5544 = CARTESIAN_POINT ( 'NONE',  ( 2.383214308888000232, -5.149999830640999754, 0.7523130586389999985 ) ) ;
#5545 = EDGE_CURVE ( 'NONE', #7552, #1905, #4326, .T. ) ;
#5546 = ORIENTED_EDGE ( 'NONE', *, *, #7801, .T. ) ;
#5547 = VERTEX_POINT ( 'NONE', #9166 ) ;
#5548 = CARTESIAN_POINT ( 'NONE',  ( 3.617362773697999412, -5.150999830607999819, 1.049277648466999890 ) ) ;
#5549 = EDGE_CURVE ( 'NONE', #3137, #687, #9222, .T. ) ;
#5550 = ORIENTED_EDGE ( 'NONE', *, *, #8277, .F. ) ;
#5551 = CARTESIAN_POINT ( 'NONE',  ( 3.125140890633999913, -5.149999830640999754, 0.9726306929560000203 ) ) ;
#5552 = LINE ( 'NONE', #9580, #3510 ) ;
#5553 = CARTESIAN_POINT ( 'NONE',  ( 3.525780790067999604, -5.149999830640999754, 0.7153246789210000456 ) ) ;
#5554 = CARTESIAN_POINT ( 'NONE',  ( 4.401000792302999898, -5.149999830640999754, 0.7567394150029999045 ) ) ;
#5555 = VECTOR ( 'NONE', #9749, 1000.000000000000000 ) ;
#5556 = CARTESIAN_POINT ( 'NONE',  ( 5.149999830640999754, -5.149999830640999754, 2.049999933330000079 ) ) ;
#5557 = ORIENTED_EDGE ( 'NONE', *, *, #7889, .T. ) ;
#5558 = ORIENTED_EDGE ( 'NONE', *, *, #4967, .T. ) ;
#5559 = DIRECTION ( 'NONE',  ( 0.9394297563095188597, -1.150469644087411538E-16, 0.3427414958248244381 ) ) ;
#5560 = CARTESIAN_POINT ( 'NONE',  ( 4.359235304064999816, -5.150999830607999819, 0.8787943409569999309 ) ) ;
#5561 = VERTEX_POINT ( 'NONE', #1176 ) ;
#5562 = CARTESIAN_POINT ( 'NONE',  ( 2.406308614214999864, -5.150999830607999819, 1.154143771051000078 ) ) ;
#5563 = VECTOR ( 'NONE', #2783, 1000.000000000000114 ) ;
#5564 = CARTESIAN_POINT ( 'NONE',  ( 3.790525239034999938, -5.149999830640999754, 0.6588583551000000149 ) ) ;
#5565 = CARTESIAN_POINT ( 'NONE',  ( 3.976639133456000508, -5.150999830607999819, 1.104957438125000024 ) ) ;
#5566 = FACE_OUTER_BOUND ( 'NONE', #2162, .T. ) ;
#5567 = CARTESIAN_POINT ( 'NONE',  ( 3.649668564114000091, -5.150999830607999819, 1.037506921511999858 ) ) ;
#5568 = ORIENTED_EDGE ( 'NONE', *, *, #1172, .F. ) ;
#5569 =( GEOMETRIC_REPRESENTATION_CONTEXT ( 3 ) GLOBAL_UNCERTAINTY_ASSIGNED_CONTEXT ( ( #6150 ) ) GLOBAL_UNIT_ASSIGNED_CONTEXT ( ( #5588, #3990, #5841 ) ) REPRESENTATION_CONTEXT ( 'NONE', 'WORKASPACE' ) );
#5570 = EDGE_CURVE ( 'NONE', #1662, #5970, #10106, .T. ) ;
#5571 = VERTEX_POINT ( 'NONE', #4483 ) ;
#5572 = DIRECTION ( 'NONE',  ( 1.224646799146999945E-16, 1.000000000000000000, 0.000000000000000000 ) ) ;
#5573 = ORIENTED_EDGE ( 'NONE', *, *, #5720, .F. ) ;
#5574 = CARTESIAN_POINT ( 'NONE',  ( -6.308155454961998958E-16, -5.150999830607999819, 0.04999999910078999771 ) ) ;
#5575 = DIRECTION ( 'NONE',  ( 0.9999748501857348426, -1.224615999507673436E-16, -0.007092178509967119078 ) ) ;
#5576 = AXIS2_PLACEMENT_3D ( 'NONE', #3891, #4803, #10358 ) ;
#5577 = CARTESIAN_POINT ( 'NONE',  ( 0.000000000000000000, 0.000000000000000000, 0.5499999826579999862 ) ) ;
#5578 = VECTOR ( 'NONE', #6194, 1000.000000000000000 ) ;
#5579 = CARTESIAN_POINT ( 'NONE',  ( 2.648941158515000005, -5.150999830607999819, 0.9080450390709998709 ) ) ;
#5580 = CIRCLE ( 'NONE', #4564, 4.499999852016000723 ) ;
#5581 = CARTESIAN_POINT ( 'NONE',  ( 3.561801304313000127, -5.149999830640999754, 1.205327379902000118 ) ) ;
#5582 = CARTESIAN_POINT ( 'NONE',  ( 3.558550793576000348, -5.149999830640999754, 0.8349793613089999678 ) ) ;
#5583 = PLANE ( 'NONE',  #862 ) ;
#5584 = ADVANCED_FACE ( 'NONE', ( #3472 ), #5286, .T. ) ;
#5585 = EDGE_CURVE ( 'NONE', #7514, #9541, #10055, .T. ) ;
#5586 = EDGE_LOOP ( 'NONE', ( #3034, #5015, #6654, #934 ) ) ;
#5587 = PLANE ( 'NONE',  #6431 ) ;
#5588 =( LENGTH_UNIT ( ) NAMED_UNIT ( * ) SI_UNIT ( .MILLI., .METRE. ) );
#5589 = SURFACE_STYLE_USAGE ( .BOTH. , #8174 ) ;
#5590 = CARTESIAN_POINT ( 'NONE',  ( 3.721777607379000319, -5.149999830640999754, 0.7882791578680000688 ) ) ;
#5591 = B_SPLINE_SURFACE_WITH_KNOTS ( 'NONE', 3, 1, ( 
 ( #1763, #5006 ),
 ( #7615, #320 ),
 ( #2614, #3569 ),
 ( #8241, #6811 ) ),
 .UNSPECIFIED., .F., .F., .F.,
 ( 4, 4 ),
 ( 2, 2 ),
 ( 7.000000000000000000, 8.000000000000000000 ),
 ( 0.000000000000000000, 1.000000000000000000 ),
 .UNSPECIFIED. ) ;
#5592 = CARTESIAN_POINT ( 'NONE',  ( 3.613491401429000049, -5.150999830607999819, 0.8552814051569999076 ) ) ;
#5593 = ORIENTED_EDGE ( 'NONE', *, *, #8652, .T. ) ;
#5594 = DIRECTION ( 'NONE',  ( 0.007092178510043122518, -8.685413711306698709E-19, 0.9999748501857342875 ) ) ;
#5595 = ORIENTED_EDGE ( 'NONE', *, *, #3586, .F. ) ;
#5596 = VECTOR ( 'NONE', #604, 1000.000000000000114 ) ;
#5597 = ORIENTED_EDGE ( 'NONE', *, *, #1472, .F. ) ;
#5598 = DIRECTION ( 'NONE',  ( -1.000000000000000000, 1.224646799146999945E-16, 0.000000000000000000 ) ) ;
#5599 = FACE_OUTER_BOUND ( 'NONE', #2905, .T. ) ;
#5601 = ADVANCED_FACE ( 'NONE', ( #6767 ), #9272, .F. ) ;
#5600 = VECTOR ( 'NONE', #5840, 1000.000000000000000 ) ;
#5602 = ADVANCED_FACE ( 'NONE', ( #5234 ), #8471, .F. ) ;
#5603 = ORIENTED_EDGE ( 'NONE', *, *, #6382, .T. ) ;
#5604 = SURFACE_SIDE_STYLE ('',( #9782 ) ) ;
#5605 = CARTESIAN_POINT ( 'NONE',  ( 3.629957115298000137, -5.150999830607999819, 0.7065794861940000171 ) ) ;
#5606 = DIRECTION ( 'NONE',  ( 1.000000000000000000, -1.224646799146999945E-16, 0.000000000000000000 ) ) ;
#5607 = UNCERTAINTY_MEASURE_WITH_UNIT (LENGTH_MEASURE( 1.000000000000000082E-05 ), #10023, 'distance_accuracy_value', 'NONE');
#5608 = CARTESIAN_POINT ( 'NONE',  ( 3.665384331722000066, -5.150999830607999819, 0.8123861950469999371 ) ) ;
#5609 = FILL_AREA_STYLE_COLOUR ( '', #7455 ) ;
#5610 = ORIENTED_EDGE ( 'NONE', *, *, #226, .F. ) ;
#5611 = VERTEX_POINT ( 'NONE', #10502 ) ;
#5612 = CARTESIAN_POINT ( 'NONE',  ( 3.079106325858999682, -5.149999830640999754, 0.8023264257020000789 ) ) ;
#5613 = CARTESIAN_POINT ( 'NONE',  ( 3.709024302983000343, -5.149999830640999754, 0.7933605722100000035 ) ) ;
#5614 = ORIENTED_EDGE ( 'NONE', *, *, #9497, .F. ) ;
#5615 = SURFACE_STYLE_USAGE ( .BOTH. , #9491 ) ;
#5616 = EDGE_CURVE ( 'NONE', #8272, #5199, #10210, .T. ) ;
#5617 = CARTESIAN_POINT ( 'NONE',  ( 4.226662871448999326, -5.149999830640999754, 0.8787987863330000149 ) ) ;
#5618 = CARTESIAN_POINT ( 'NONE',  ( 3.559052214788000157, -5.150999830607999819, 0.7737325255350000486 ) ) ;
#5619 = CARTESIAN_POINT ( 'NONE',  ( 2.539879457876999869, -5.149999830640999754, 0.6181678165189999907 ) ) ;
#5620 = EDGE_CURVE ( 'NONE', #8208, #8302, #8065, .T. ) ;
#5621 = FILL_AREA_STYLE ('',( #2373 ) ) ;
#5622 = LINE ( 'NONE', #6400, #351 ) ;
#5623 = EDGE_LOOP ( 'NONE', ( #3114, #6877, #7490, #6039, #8711 ) ) ;
#5624 = ORIENTED_EDGE ( 'NONE', *, *, #3190, .F. ) ;
#5625 = ORIENTED_EDGE ( 'NONE', *, *, #4720, .F. ) ;
#5626 = CARTESIAN_POINT ( 'NONE',  ( 4.042505724740999895, -5.149999830640999754, 0.8185496798160000198 ) ) ;
#5627 = EDGE_CURVE ( 'NONE', #2983, #2779, #823, .T. ) ;
#5628 = ORIENTED_EDGE ( 'NONE', *, *, #3753, .F. ) ;
#5629 = FILL_AREA_STYLE_COLOUR ( '', #4032 ) ;
#5630 = EDGE_CURVE ( 'NONE', #8301, #8945, #2445, .T. ) ;
#5631 = CARTESIAN_POINT ( 'NONE',  ( 3.897571610713999934, -5.150999830607999819, 1.230708210727000207 ) ) ;
#5632 = ADVANCED_FACE ( 'NONE', ( #8017 ), #732, .F. ) ;
#5633 = COLOUR_RGB ( '',0.2470588235294117752, 0.2470588235294117752, 0.2470588235294117752 ) ;
#5634 = COLOUR_RGB ( '',0.2470588235294117752, 0.2470588235294117752, 0.2470588235294117752 ) ;
#5635 = DIRECTION ( 'NONE',  ( -0.007092178509962118738, 8.685413711206696723E-19, -0.9999748501857348426 ) ) ;
#5636 = DIRECTION ( 'NONE',  ( -1.224646799147409907E-16, -1.000000000000000000, 0.000000000000000000 ) ) ;
#5637 = LINE ( 'NONE', #4890, #7675 ) ;
#5638 = EDGE_CURVE ( 'NONE', #5352, #10495, #7226, .T. ) ;
#5639 = EDGE_CURVE ( 'NONE', #303, #2349, #1089, .T. ) ;
#5640 = ORIENTED_EDGE ( 'NONE', *, *, #3942, .F. ) ;
#5641 = CARTESIAN_POINT ( 'NONE',  ( 3.706339445132999622, -5.150999830607999819, 0.8546228936949999966 ) ) ;
#5642 =( LENGTH_UNIT ( ) NAMED_UNIT ( * ) SI_UNIT ( .MILLI., .METRE. ) );
#5643 = CARTESIAN_POINT ( 'NONE',  ( 4.222094683917999802, -5.149999830640999754, 0.8504450814610000631 ) ) ;
#5644 = VECTOR ( 'NONE', #1733, 1000.000000000000000 ) ;
#5645 = DIRECTION ( 'NONE',  ( 0.007092178509958120200, -8.685413711202700418E-19, 0.9999748501857349536 ) ) ;
#5646 = AXIS2_PLACEMENT_3D ( 'NONE', #7355, #7246, #4005 ) ;
#5647 = FACE_OUTER_BOUND ( 'NONE', #1218, .T. ) ;
#5648 = AXIS2_PLACEMENT_3D ( 'NONE', #5449, #2991, #441 ) ;
#5649 = LINE ( 'NONE', #3134, #3449 ) ;
#5650 = ORIENTED_EDGE ( 'NONE', *, *, #6262, .T. ) ;
#5651 = CARTESIAN_POINT ( 'NONE',  ( 4.361961464108999209, -5.150999830607999819, 0.8673373816999999653 ) ) ;
#5652 = ORIENTED_EDGE ( 'NONE', *, *, #5293, .T. ) ;
#5653 = EDGE_LOOP ( 'NONE', ( #2972, #9168, #4534, #1790 ) ) ;
#5654 = PRESENTATION_STYLE_ASSIGNMENT (( #3300 ) ) ;
#5655 = CARTESIAN_POINT ( 'NONE',  ( 3.865641887946999589, -5.149999830640999754, 1.207539526985000000 ) ) ;
#5656 = PLANE ( 'NONE',  #6792 ) ;
#5657 = AXIS2_PLACEMENT_3D ( 'NONE', #129, #2577, #9079 ) ;
#5658 = CARTESIAN_POINT ( 'NONE',  ( 2.995282267205999993, -5.150999830607999819, 1.216483638880999862 ) ) ;
#5659 = B_SPLINE_CURVE_WITH_KNOTS ( 'NONE', 3,
 ( #3482, #8433, #1088, #239 ),
 .UNSPECIFIED., .F., .F.,
 ( 4, 4 ),
 ( 2.000000000000000000, 3.000000000000000000 ),
 .UNSPECIFIED. ) ;
#5660 = CARTESIAN_POINT ( 'NONE',  ( 3.489186710952999704, -5.149999830640999754, 1.053410049348999955 ) ) ;
#5661 = MECHANICAL_DESIGN_GEOMETRIC_PRESENTATION_REPRESENTATION (  '', ( #3265 ), #1914 ) ;
#5662 = EDGE_LOOP ( 'NONE', ( #93, #3563, #6342, #8105 ) ) ;
#5663 = ORIENTED_EDGE ( 'NONE', *, *, #6360, .T. ) ;
#5664 = ADVANCED_FACE ( 'NONE', ( #8115 ), #3594, .F. ) ;
#5665 = LINE ( 'NONE', #3152, #6255 ) ;
#5666 =( GEOMETRIC_REPRESENTATION_CONTEXT ( 3 ) GLOBAL_UNCERTAINTY_ASSIGNED_CONTEXT ( ( #2760 ) ) GLOBAL_UNIT_ASSIGNED_CONTEXT ( ( #8308, #3418, #6605 ) ) REPRESENTATION_CONTEXT ( 'NONE', 'WORKASPACE' ) );
#5667 = CARTESIAN_POINT ( 'NONE',  ( 3.725894866888000312, -5.149999830640999754, 0.7603837447229999658 ) ) ;
#5668 = ORIENTED_EDGE ( 'NONE', *, *, #8386, .T. ) ;
#5669 = SURFACE_STYLE_USAGE ( .BOTH. , #4218 ) ;
#5670 = PLANE ( 'NONE',  #9125 ) ;
#5671 = CARTESIAN_POINT ( 'NONE',  ( 3.546263882025999958, -5.149999830640999754, 0.7665447367279999424 ) ) ;
#5672 = DIRECTION ( 'NONE',  ( 1.224646799146999945E-16, 1.000000000000000000, 0.000000000000000000 ) ) ;
#5673 = SURFACE_STYLE_FILL_AREA ( #5621 ) ;
#5674 = EDGE_CURVE ( 'NONE', #5781, #8778, #4785, .T. ) ;
#5675 = LINE ( 'NONE', #9012, #3763 ) ;
#5676 = ORIENTED_EDGE ( 'NONE', *, *, #967, .F. ) ;
#5677 = ORIENTED_EDGE ( 'NONE', *, *, #6033, .T. ) ;
#5678 = ORIENTED_EDGE ( 'NONE', *, *, #639, .F. ) ;
#5679 =( NAMED_UNIT ( * ) SI_UNIT ( $, .STERADIAN. ) SOLID_ANGLE_UNIT ( ) );
#5680 = B_SPLINE_SURFACE_WITH_KNOTS ( 'NONE', 3, 1, ( 
 ( #8759, #4597 ),
 ( #4709, #9390 ),
 ( #3851, #5402 ),
 ( #1291, #2893 ) ),
 .UNSPECIFIED., .F., .F., .F.,
 ( 4, 4 ),
 ( 2, 2 ),
 ( 0.000000000000000000, 1.000000000000000000 ),
 ( 0.000000000000000000, 1.000000000000000000 ),
 .UNSPECIFIED. ) ;
#5681 = FACE_OUTER_BOUND ( 'NONE', #2412, .T. ) ;
#5682 = CARTESIAN_POINT ( 'NONE',  ( 3.736688164383000110, -5.150999830607999819, 0.7428388230599999309 ) ) ;
#5683 = CARTESIAN_POINT ( 'NONE',  ( 2.556246514417000348, -5.150999830607999819, 1.090901427855000216 ) ) ;
#5684 = B_SPLINE_SURFACE_WITH_KNOTS ( 'NONE', 3, 1, ( 
 ( #2773, #1975 ),
 ( #7449, #5229 ),
 ( #6013, #8463 ),
 ( #370, #10101 ) ),
 .UNSPECIFIED., .F., .F., .F.,
 ( 4, 4 ),
 ( 2, 2 ),
 ( 4.000000000000000000, 5.000000000000000000 ),
 ( 0.000000000000000000, 1.000000000000000000 ),
 .UNSPECIFIED. ) ;
#5685 = EDGE_CURVE ( 'NONE', #4958, #3644, #5580, .T. ) ;
#5686 = CARTESIAN_POINT ( 'NONE',  ( 4.256823191649999671, -5.150999830607999819, 0.8064238667220000600 ) ) ;
#5687 = ORIENTED_EDGE ( 'NONE', *, *, #4124, .T. ) ;
#5688 = CARTESIAN_POINT ( 'NONE',  ( 3.795204031831000080, -5.149999830640999754, 0.6588251714320000341 ) ) ;
#5689 = CARTESIAN_POINT ( 'NONE',  ( 2.625252213153999925, -5.149999830640999754, 1.237906332211999860 ) ) ;
#5690 = CARTESIAN_POINT ( 'NONE',  ( 3.667657728330000033, -5.150999830607999819, 0.7957335267859999561 ) ) ;
#5691 = CARTESIAN_POINT ( 'NONE',  ( 3.806849027234000094, -5.149999830640999754, 0.6587425809679999800 ) ) ;
#5692 = CARTESIAN_POINT ( 'NONE',  ( 4.048737857553000197, -5.150999830607999819, 0.8835959597410000255 ) ) ;
#5693 = ORIENTED_EDGE ( 'NONE', *, *, #624, .F. ) ;
#5694 = CARTESIAN_POINT ( 'NONE',  ( 2.422090907327000053, -5.149999830640999754, 0.7289009781499999896 ) ) ;
#5695 = ORIENTED_EDGE ( 'NONE', *, *, #1358, .F. ) ;
#5696 = LINE ( 'NONE', #8943, #9802 ) ;
#5697 = PLANE ( 'NONE',  #42 ) ;
#5698 = ORIENTED_EDGE ( 'NONE', *, *, #8984, .T. ) ;
#5699 = EDGE_CURVE ( 'NONE', #3751, #1609, #9660, .T. ) ;
#5700 = CARTESIAN_POINT ( 'NONE',  ( 3.124699917163999974, -5.149999830640999754, 0.9104548214489999181 ) ) ;
#5701 = CARTESIAN_POINT ( 'NONE',  ( 2.382732396812999642, -5.150999830607999819, 0.8882427342599999998 ) ) ;
#5702 = CARTESIAN_POINT ( 'NONE',  ( 4.999999835572999984, -6.123233794371999481E-16, 34.19213450005700139 ) ) ;
#5703 = UNCERTAINTY_MEASURE_WITH_UNIT (LENGTH_MEASURE( 1.000000000000000082E-05 ), #4755, 'distance_accuracy_value', 'NONE');
#5704 = CARTESIAN_POINT ( 'NONE',  ( 3.029759493028000072, -5.149999830640999754, 1.184426593168999897 ) ) ;
#5705 = FACE_OUTER_BOUND ( 'NONE', #7729, .T. ) ;
#5706 = ORIENTED_EDGE ( 'NONE', *, *, #6165, .T. ) ;
#5707 = ORIENTED_EDGE ( 'NONE', *, *, #9454, .T. ) ;
#5708 = FILL_AREA_STYLE_COLOUR ( '', #2873 ) ;
#5709 = CARTESIAN_POINT ( 'NONE',  ( 3.527966885400999786, -5.150999830607999819, 1.206815086515000024 ) ) ;
#5710 = ORIENTED_EDGE ( 'NONE', *, *, #8933, .F. ) ;
#5711 = STYLED_ITEM ( 'NONE', ( #1978 ), #1029 ) ;
#5712 = DIRECTION ( 'NONE',  ( 0.007092178509961118670, -8.685413711205689461E-19, 0.9999748501857348426 ) ) ;
#5713 = LINE ( 'NONE', #9794, #2913 ) ;
#5714 = EDGE_CURVE ( 'NONE', #1609, #9233, #8579, .T. ) ;
#5715 = EDGE_CURVE ( 'NONE', #151, #8399, #7324, .T. ) ;
#5716 = CARTESIAN_POINT ( 'NONE',  ( 2.735544428943999851, -5.149999830640999754, 1.293519017955000017 ) ) ;
#5717 = MECHANICAL_DESIGN_GEOMETRIC_PRESENTATION_REPRESENTATION (  '', ( #7075 ), #774 ) ;
#5718 = CARTESIAN_POINT ( 'NONE',  ( 3.664512342141999834, -5.149999830640999754, 0.7114293499519999120 ) ) ;
#5719 = CARTESIAN_POINT ( 'NONE',  ( 4.146443853371999388, -5.150999830607999819, 0.7029163779229998799 ) ) ;
#5720 = EDGE_CURVE ( 'NONE', #9979, #9051, #4012, .T. ) ;
#5721 = EDGE_LOOP ( 'NONE', ( #6168, #4020, #6612, #1141 ) ) ;
#5722 = ORIENTED_EDGE ( 'NONE', *, *, #1786, .F. ) ;
#5723 = CARTESIAN_POINT ( 'NONE',  ( 0.000000000000000000, 0.000000000000000000, 7.450580291612000045E-10 ) ) ;
#5724 = ADVANCED_FACE ( 'NONE', ( #8881 ), #6519, .F. ) ;
#5725 = ORIENTED_EDGE ( 'NONE', *, *, #4433, .T. ) ;
#5726 = CARTESIAN_POINT ( 'NONE',  ( 4.222094683917999802, -5.150999830607999819, 0.8504450814610000631 ) ) ;
#5727 = EDGE_CURVE ( 'NONE', #7157, #4177, #9426, .T. ) ;
#5728 = ORIENTED_EDGE ( 'NONE', *, *, #10244, .T. ) ;
#5729 = CARTESIAN_POINT ( 'NONE',  ( 3.593774455652000377, -5.149999830640999754, 0.7361580162460000798 ) ) ;
#5730 = CARTESIAN_POINT ( 'NONE',  ( 3.634640383639000216, -5.150999830607999819, 1.029711148084000216 ) ) ;
#5731 =( GEOMETRIC_REPRESENTATION_CONTEXT ( 3 ) GLOBAL_UNCERTAINTY_ASSIGNED_CONTEXT ( ( #1157 ) ) GLOBAL_UNIT_ASSIGNED_CONTEXT ( ( #9054, #1704, #5337 ) ) REPRESENTATION_CONTEXT ( 'NONE', 'WORKASPACE' ) );
#5732 = DIRECTION ( 'NONE',  ( 1.224646799146999945E-16, 1.000000000000000000, 0.000000000000000000 ) ) ;
#5733 = CARTESIAN_POINT ( 'NONE',  ( 4.148606702732000606, -5.150999830607999819, 1.081174469246999781 ) ) ;
#5734 = CARTESIAN_POINT ( 'NONE',  ( 3.622326969247999795, -5.149999830640999754, 1.236091631260999968 ) ) ;
#5735 = STYLED_ITEM ( 'NONE', ( #8108 ), #2896 ) ;
#5736 = VERTEX_POINT ( 'NONE', #10397 ) ;
#5737 = CARTESIAN_POINT ( 'NONE',  ( 2.900751889309000298, -5.149999830640999754, 0.7327362610919999630 ) ) ;
#5738 = PLANE ( 'NONE',  #494 ) ;
#5739 = SURFACE_STYLE_USAGE ( .BOTH. , #10509 ) ;
#5740 = LINE ( 'NONE', #1690, #4961 ) ;
#5741 = DIRECTION ( 'NONE',  ( 0.8873869422625527692, -1.086735578446451689E-16, 0.4610253948557678783 ) ) ;
#5742 = CARTESIAN_POINT ( 'NONE',  ( 3.687640853019999998, -5.149999830640999754, 0.7764597731360000088 ) ) ;
#5743 = COLOUR_RGB ( '',0.2470588235294117752, 0.2470588235294117752, 0.2470588235294117752 ) ;
#5744 = VERTEX_POINT ( 'NONE', #4029 ) ;
#5745 = VECTOR ( 'NONE', #5843, 1000.000000000000114 ) ;
#5746 = CARTESIAN_POINT ( 'NONE',  ( 0.000000000000000000, 0.000000000000000000, 10.04999967024799901 ) ) ;
#5747 = EDGE_LOOP ( 'NONE', ( #9475, #5, #5935, #7314, #3374 ) ) ;
#5748 = CARTESIAN_POINT ( 'NONE',  ( 4.316314642697999915, -5.150999830607999819, 0.7573400393989999646 ) ) ;
#5749 = CARTESIAN_POINT ( 'NONE',  ( 3.194854172867000131, -5.150999830607999819, 0.8116276761260000638 ) ) ;
#5750 = ORIENTED_EDGE ( 'NONE', *, *, #5822, .T. ) ;
#5751 = PRODUCT_DEFINITION_CONTEXT ( 'detailed design', #9659, 'design' ) ;
#5752 = CARTESIAN_POINT ( 'NONE',  ( 2.292037407335999699, -5.150999830607999819, 0.9452808309360000161 ) ) ;
#5753 = ADVANCED_FACE ( 'NONE', ( #7274 ), #7786, .T. ) ;
#5754 = CARTESIAN_POINT ( 'NONE',  ( 3.593283025510999984, -5.150999830607999819, 1.026053289904000021 ) ) ;
#5755 = CARTESIAN_POINT ( 'NONE',  ( 2.749224460775999912, -5.150999830607999819, 0.7757456509739999451 ) ) ;
#5756 = ORIENTED_EDGE ( 'NONE', *, *, #6925, .F. ) ;
#5757 = ORIENTED_EDGE ( 'NONE', *, *, #6032, .T. ) ;
#5758 = DIRECTION ( 'NONE',  ( -0.2455530343990405817, 3.007157375976500832E-17, 0.9693831581461603841 ) ) ;
#5759 = CARTESIAN_POINT ( 'NONE',  ( 5.799999809265000472, 0.4499999852019999635, 0.3499999892349999753 ) ) ;
#5760 = EDGE_LOOP ( 'NONE', ( #1008, #5710, #9959, #9108 ) ) ;
#5761 = LINE ( 'NONE', #9008, #8717 ) ;
#5762 = B_SPLINE_CURVE_WITH_KNOTS ( 'NONE', 3,
 ( #3888, #7288, #7129, #7235 ),
 .UNSPECIFIED., .F., .F.,
 ( 4, 4 ),
 ( 4.000000000000000000, 5.000000000000000000 ),
 .UNSPECIFIED. ) ;
#5763 = DIRECTION ( 'NONE',  ( 0.9999748501857348426, -1.224615999507675655E-16, -0.007092178509962118738 ) ) ;
#5764 = CARTESIAN_POINT ( 'NONE',  ( 2.946058334734000361, -5.150999830607999819, 0.8003779915239999099 ) ) ;
#5765 = EDGE_CURVE ( 'NONE', #8214, #434, #7535, .T. ) ;
#5766 = CARTESIAN_POINT ( 'NONE',  ( 2.990298348472000267, -5.150999830607999819, 1.125419510863000072 ) ) ;
#5767 = VECTOR ( 'NONE', #553, 1000.000000000000000 ) ;
#5768 = SURFACE_STYLE_USAGE ( .BOTH. , #6506 ) ;
#5769 = DIRECTION ( 'NONE',  ( 1.224646799146999945E-16, 1.000000000000000000, 0.000000000000000000 ) ) ;
#5770 = ORIENTED_EDGE ( 'NONE', *, *, #4164, .T. ) ;
#5771 = DIRECTION ( 'NONE',  ( 2.446283049834999907E-16, 1.000000000000000000, 0.000000000000000000 ) ) ;
#5772 = VERTEX_POINT ( 'NONE', #5159 ) ;
#5773 = DIRECTION ( 'NONE',  ( -0.9999748501857348426, 1.224615999507674915E-16, 0.007092178509967119078 ) ) ;
#5774 = ORIENTED_EDGE ( 'NONE', *, *, #9695, .T. ) ;
#5775 = LINE ( 'NONE', #8106, #2411 ) ;
#5776 = FACE_OUTER_BOUND ( 'NONE', #1125, .T. ) ;
#5777 =( NAMED_UNIT ( * ) SI_UNIT ( $, .STERADIAN. ) SOLID_ANGLE_UNIT ( ) );
#5778 = EDGE_CURVE ( 'NONE', #3119, #5204, #8979, .T. ) ;
#5779 = EDGE_CURVE ( 'NONE', #6771, #4056, #2639, .T. ) ;
#5780 = CARTESIAN_POINT ( 'NONE',  ( 2.942530655334999690, -5.149999830640999754, 0.7107495988190000169 ) ) ;
#5781 = VERTEX_POINT ( 'NONE', #5780 ) ;
#5782 = PLANE ( 'NONE',  #4094 ) ;
#5783 = LINE ( 'NONE', #83, #2570 ) ;
#5784 = ORIENTED_EDGE ( 'NONE', *, *, #8535, .F. ) ;
#5785 = CARTESIAN_POINT ( 'NONE',  ( 3.513523021490000176, -5.150999830607999819, 0.7462932011560000634 ) ) ;
#5786 = CARTESIAN_POINT ( 'NONE',  ( 2.799996873487999860, -5.150999830607999819, 1.206300488801999915 ) ) ;
#5787 = LINE ( 'NONE', #6633, #9709 ) ;
#5788 =( NAMED_UNIT ( * ) PLANE_ANGLE_UNIT ( ) SI_UNIT ( $, .RADIAN. ) );
#5789 = PRESENTATION_LAYER_ASSIGNMENT (  '', '', ( #7660 ) ) ;
#5790 = EDGE_CURVE ( 'NONE', #7142, #5352, #1845, .T. ) ;
#5791 = DIRECTION ( 'NONE',  ( 0.9999748501857348426, -1.224615999507675655E-16, -0.007092178509962118738 ) ) ;
#5792 = ORIENTED_EDGE ( 'NONE', *, *, #9111, .F. ) ;
#5793 = CARTESIAN_POINT ( 'NONE',  ( 4.359859143105000001, -5.150999830607999819, 0.8787899164679999764 ) ) ;
#5794 = EDGE_LOOP ( 'NONE', ( #342, #7974, #3889, #5978 ) ) ;
#5795 =( GEOMETRIC_REPRESENTATION_CONTEXT ( 3 ) GLOBAL_UNCERTAINTY_ASSIGNED_CONTEXT ( ( #9630 ) ) GLOBAL_UNIT_ASSIGNED_CONTEXT ( ( #4249, #5788, #6694 ) ) REPRESENTATION_CONTEXT ( 'NONE', 'WORKASPACE' ) );
#5796 = CARTESIAN_POINT ( 'NONE',  ( 3.846236436124000235, -5.149999830640999754, 0.7291685456179999303 ) ) ;
#5797 = ORIENTED_EDGE ( 'NONE', *, *, #5727, .T. ) ;
#5798 = CARTESIAN_POINT ( 'NONE',  ( 3.970238111756999366, -5.150999830607999819, 0.8841527079530000499 ) ) ;
#5799 = PRESENTATION_STYLE_ASSIGNMENT (( #3301 ) ) ;
#5800 = AXIS2_PLACEMENT_3D ( 'NONE', #7022, #4736, #4571 ) ;
#5801 = CARTESIAN_POINT ( 'NONE',  ( 4.359235304064999816, -5.149999830640999754, 0.8787943409569999309 ) ) ;
#5802 = CARTESIAN_POINT ( 'NONE',  ( 4.149965700284000469, -5.149999830640999754, 0.9062731564849999533 ) ) ;
#5803 = VERTEX_POINT ( 'NONE', #4187 ) ;
#5804 = ORIENTED_EDGE ( 'NONE', *, *, #2856, .F. ) ;
#5805 = CARTESIAN_POINT ( 'NONE',  ( -1.249999958892999974, -6.749999778023999752, 0.5499999826579999862 ) ) ;
#5806 = AXIS2_PLACEMENT_3D ( 'NONE', #7376, #77, #6621 ) ;
#5807 = CARTESIAN_POINT ( 'NONE',  ( 4.093872961790999021, -5.150999830607999819, 1.229315971488999848 ) ) ;
#5808 = EDGE_LOOP ( 'NONE', ( #3051, #7457, #7754, #7110 ) ) ;
#5809 = DIRECTION ( 'NONE',  ( -1.224646799147375887E-16, -1.000000000000000000, 0.000000000000000000 ) ) ;
#5810 = ORIENTED_EDGE ( 'NONE', *, *, #8883, .T. ) ;
#5811 = CARTESIAN_POINT ( 'NONE',  ( 0.000000000000000000, 0.000000000000000000, 7.450580291612000045E-10 ) ) ;
#5812 = EDGE_CURVE ( 'NONE', #2627, #506, #1324, .T. ) ;
#5814 = DIRECTION ( 'NONE',  ( 1.224646799146999945E-16, 1.000000000000000000, 0.000000000000000000 ) ) ;
#5813 = VECTOR ( 'NONE', #711, 1000.000000000000000 ) ;
#5815 = FACE_OUTER_BOUND ( 'NONE', #10298, .T. ) ;
#5816 = DIRECTION ( 'NONE',  ( 0.000000000000000000, -1.000000000000000000, 0.000000000000000000 ) ) ;
#5817 = COLOUR_RGB ( '',0.2470588235294117752, 0.2470588235294117752, 0.2470588235294117752 ) ;
#5818 = VECTOR ( 'NONE', #3260, 1000.000000000000227 ) ;
#5819 = DIRECTION ( 'NONE',  ( 1.224646799146999945E-16, 1.000000000000000000, 0.000000000000000000 ) ) ;
#5820 = VERTEX_POINT ( 'NONE', #7425 ) ;
#5821 = ORIENTED_EDGE ( 'NONE', *, *, #7058, .F. ) ;
#5822 = EDGE_CURVE ( 'NONE', #175, #5035, #3497, .T. ) ;
#5823 =( GEOMETRIC_REPRESENTATION_CONTEXT ( 3 ) GLOBAL_UNCERTAINTY_ASSIGNED_CONTEXT ( ( #7198 ) ) GLOBAL_UNIT_ASSIGNED_CONTEXT ( ( #4478, #4579, #4528 ) ) REPRESENTATION_CONTEXT ( 'NONE', 'WORKASPACE' ) );
#5824 = ADVANCED_FACE ( 'NONE', ( #9865 ), #5833, .T. ) ;
#5825 = VERTEX_POINT ( 'NONE', #9189 ) ;
#5826 = CARTESIAN_POINT ( 'NONE',  ( -1.249999958892999974, -5.149999830640999754, 0.5499999826579999862 ) ) ;
#5827 = ORIENTED_EDGE ( 'NONE', *, *, #4609, .T. ) ;
#5828 = CARTESIAN_POINT ( 'NONE',  ( 3.539375103337000006, -5.149999830640999754, 0.7481894170299999702 ) ) ;
#5829 = EDGE_LOOP ( 'NONE', ( #2009, #1878, #3154, #6416 ) ) ;
#5830 = LINE ( 'NONE', #2484, #8968 ) ;
#5831 = DIRECTION ( 'NONE',  ( 0.9999748501857348426, -1.224615999507675655E-16, -0.007092178509960119469 ) ) ;
#5832 = ORIENTED_EDGE ( 'NONE', *, *, #7638, .T. ) ;
#5833 = PLANE ( 'NONE',  #7948 ) ;
#5834 =( GEOMETRIC_REPRESENTATION_CONTEXT ( 3 ) GLOBAL_UNCERTAINTY_ASSIGNED_CONTEXT ( ( #4863 ) ) GLOBAL_UNIT_ASSIGNED_CONTEXT ( ( #659, #8295, #2316 ) ) REPRESENTATION_CONTEXT ( 'NONE', 'WORKASPACE' ) );
#5835 = ORIENTED_EDGE ( 'NONE', *, *, #5190, .F. ) ;
#5836 = CARTESIAN_POINT ( 'NONE',  ( 2.687848522471000035, -5.149999830640999754, 0.8889707998199999350 ) ) ;
#5837 = CARTESIAN_POINT ( 'NONE',  ( 4.072401375669000068, -5.150999830607999819, 1.104694171740999931 ) ) ;
#5838 = ORIENTED_EDGE ( 'NONE', *, *, #6556, .T. ) ;
#5839 =( NAMED_UNIT ( * ) SI_UNIT ( $, .STERADIAN. ) SOLID_ANGLE_UNIT ( ) );
#5840 = DIRECTION ( 'NONE',  ( 0.3382111624799746807, -4.141892175665691730E-17, 0.9410702468859294401 ) ) ;
#5841 =( NAMED_UNIT ( * ) SI_UNIT ( $, .STERADIAN. ) SOLID_ANGLE_UNIT ( ) );
#5842 = DIRECTION ( 'NONE',  ( 1.224646799146999945E-16, 1.000000000000000000, 0.000000000000000000 ) ) ;
#5843 = DIRECTION ( 'NONE',  ( -0.007092178509966119010, 8.685413711211698363E-19, -0.9999748501857348426 ) ) ;
#5844 = EDGE_CURVE ( 'NONE', #7639, #9393, #1903, .T. ) ;
#5845 = CARTESIAN_POINT ( 'NONE',  ( 2.249999926008000362, 0.4499999852019999635, -3.712307892621000249 ) ) ;
#5846 = CARTESIAN_POINT ( 'NONE',  ( 3.528221963638999981, -5.149999830640999754, 0.8176221140439999813 ) ) ;
#5847 = VERTEX_POINT ( 'NONE', #3551 ) ;
#5848 = CARTESIAN_POINT ( 'NONE',  ( 3.019791546220999656, -5.149999830640999754, 0.7984090478490000198 ) ) ;
#5849 = CARTESIAN_POINT ( 'NONE',  ( 4.148760050210000827, -5.149999830640999754, 0.8828865666539998935 ) ) ;
#5850 = EDGE_CURVE ( 'NONE', #6604, #6266, #2989, .T. ) ;
#5851 = VERTEX_POINT ( 'NONE', #3446 ) ;
#5852 = DIRECTION ( 'NONE',  ( 0.007092178509948120387, -8.685413711189702317E-19, 0.9999748501857350647 ) ) ;
#5853 = CARTESIAN_POINT ( 'NONE',  ( 2.572305696702999800, -5.150999830607999819, 0.7046991371530000325 ) ) ;
#5854 = DIRECTION ( 'NONE',  ( 0.000000000000000000, 0.000000000000000000, -1.000000000000000000 ) ) ;
#5855 = CARTESIAN_POINT ( 'NONE',  ( 4.944441160745000730, -1.249999958892999974, 0.5499999826579999862 ) ) ;
#5856 = LINE ( 'NONE', #9107, #9285 ) ;
#5857 = EDGE_LOOP ( 'NONE', ( #9427, #761, #4219, #8165 ) ) ;
#5858 = ORIENTED_EDGE ( 'NONE', *, *, #1198, .T. ) ;
#5859 = CARTESIAN_POINT ( 'NONE',  ( 4.450357438754000583, -5.150999830607999819, 0.7007609143149999831 ) ) ;
#5860 = EDGE_CURVE ( 'NONE', #4691, #2542, #579, .T. ) ;
#5861 = ADVANCED_FACE ( 'NONE', ( #4934 ), #2165, .F. ) ;
#5862 = CARTESIAN_POINT ( 'NONE',  ( 3.604483687853999641, -5.150999830607999819, 0.7067601528329999772 ) ) ;
#5863 = ORIENTED_EDGE ( 'NONE', *, *, #8194, .T. ) ;
#5864 = CARTESIAN_POINT ( 'NONE',  ( 3.489022267440999858, -5.150999830607999819, 1.030224031716000077 ) ) ;
#5865 = VERTEX_POINT ( 'NONE', #7641 ) ;
#5866 = CARTESIAN_POINT ( 'NONE',  ( 3.604901802074000017, -5.149999830640999754, 0.7657129420589999791 ) ) ;
#5867 = CARTESIAN_POINT ( 'NONE',  ( 2.383716895936999869, -5.150999830607999819, 1.027054012421000140 ) ) ;
#5868 = DIRECTION ( 'NONE',  ( -2.449293598295000265E-16, -1.000000000000000000, 0.000000000000000000 ) ) ;
#5869 = CARTESIAN_POINT ( 'NONE',  ( 3.559283009391000174, -5.150999830607999819, 0.7036494448680000735 ) ) ;
#5870 = B_SPLINE_SURFACE_WITH_KNOTS ( 'NONE', 3, 1, ( 
 ( #5754, #9216 ),
 ( #9941, #2612 ),
 ( #9000, #6595 ),
 ( #1706, #1812 ) ),
 .UNSPECIFIED., .F., .F., .F.,
 ( 4, 4 ),
 ( 2, 2 ),
 ( 0.000000000000000000, 1.000000000000000000 ),
 ( 0.000000000000000000, 1.000000000000000000 ),
 .UNSPECIFIED. ) ;
#5871 = ORIENTED_EDGE ( 'NONE', *, *, #6248, .T. ) ;
#5872 = CARTESIAN_POINT ( 'NONE',  ( -1.999999934228999798, -0.4999999835569999274, 0.3499999892349999753 ) ) ;
#5873 = EDGE_CURVE ( 'NONE', #1091, #4671, #3603, .T. ) ;
#5874 = ORIENTED_EDGE ( 'NONE', *, *, #454, .F. ) ;
#5875 = ORIENTED_EDGE ( 'NONE', *, *, #6432, .F. ) ;
#5876 = CARTESIAN_POINT ( 'NONE',  ( 4.048903775893999857, -5.150999830607999819, 0.9069899237199999797 ) ) ;
#5877 = ORIENTED_EDGE ( 'NONE', *, *, #8627, .T. ) ;
#5878 = CARTESIAN_POINT ( 'NONE',  ( 1.249999958892999974, -6.749999778023999752, 0.5499999826579999862 ) ) ;
#5879 = CARTESIAN_POINT ( 'NONE',  ( 3.547398067840000113, -5.150999830607999819, 1.190352664324999976 ) ) ;
#5880 = EDGE_CURVE ( 'NONE', #9541, #8594, #1359, .T. ) ;
#5881 = ORIENTED_EDGE ( 'NONE', *, *, #10253, .F. ) ;
#5882 =( GEOMETRIC_REPRESENTATION_CONTEXT ( 3 ) GLOBAL_UNCERTAINTY_ASSIGNED_CONTEXT ( ( #10192 ) ) GLOBAL_UNIT_ASSIGNED_CONTEXT ( ( #1465, #2908, #3870 ) ) REPRESENTATION_CONTEXT ( 'NONE', 'WORKASPACE' ) );
#5883 = ORIENTED_EDGE ( 'NONE', *, *, #8146, .F. ) ;
#5884 = PLANE ( 'NONE',  #7832 ) ;
#5885 = B_SPLINE_SURFACE_WITH_KNOTS ( 'NONE', 3, 1, ( 
 ( #3838, #1487 ),
 ( #7085, #10309 ),
 ( #5548, #4750 ),
 ( #2605, #10518 ) ),
 .UNSPECIFIED., .F., .F., .F.,
 ( 4, 4 ),
 ( 2, 2 ),
 ( 12.00000000000000000, 13.00000000000000000 ),
 ( 0.000000000000000000, 1.000000000000000000 ),
 .UNSPECIFIED. ) ;
#5886 = ORIENTED_EDGE ( 'NONE', *, *, #6453, .F. ) ;
#5887 = CARTESIAN_POINT ( 'NONE',  ( -1.999999934228999798, 0.4999999835569999274, 0.04999999910078999771 ) ) ;
#5888 = CARTESIAN_POINT ( 'NONE',  ( 3.513715486765999874, -5.149999830640999754, 0.7734301993709999934 ) ) ;
#5889 = MECHANICAL_DESIGN_GEOMETRIC_PRESENTATION_REPRESENTATION (  '', ( #105 ), #1991 ) ;
#5890 = SURFACE_SIDE_STYLE ('',( #3556 ) ) ;
#5891 = DIRECTION ( 'NONE',  ( 1.224646799146999945E-16, 1.000000000000000000, 0.000000000000000000 ) ) ;
#5892 = CARTESIAN_POINT ( 'NONE',  ( 2.625252213153999925, -5.149999830640999754, 1.237906332211999860 ) ) ;
#5893 = CARTESIAN_POINT ( 'NONE',  ( 3.940116520921000287, -5.149999830640999754, 1.057282425629000100 ) ) ;
#5894 = DIRECTION ( 'NONE',  ( 0.000000000000000000, 0.000000000000000000, 1.000000000000000000 ) ) ;
#5895 = PRESENTATION_LAYER_ASSIGNMENT (  '', '', ( #9631 ) ) ;
#5896 = VECTOR ( 'NONE', #4665, 1000.000000000000000 ) ;
#5897 = ORIENTED_EDGE ( 'NONE', *, *, #5466, .F. ) ;
#5898 =( NAMED_UNIT ( * ) PLANE_ANGLE_UNIT ( ) SI_UNIT ( $, .RADIAN. ) );
#5899 = PLANE ( 'NONE',  #7698 ) ;
#5900 = VERTEX_POINT ( 'NONE', #571 ) ;
#5901 = CARTESIAN_POINT ( 'NONE',  ( 3.677185282243000231, -5.150999830607999819, 0.7829805887779999196 ) ) ;
#5902 = STYLED_ITEM ( 'NONE', ( #209 ), #5501 ) ;
#5903 = DIRECTION ( 'NONE',  ( 1.224646799146999945E-16, 1.000000000000000000, 0.000000000000000000 ) ) ;
#5904 = CIRCLE ( 'NONE', #1667, 4.876664484086999707 ) ;
#5905 = CARTESIAN_POINT ( 'NONE',  ( 3.819326910663999985, -5.149999830640999754, 0.6368186186829999373 ) ) ;
#5906 = ORIENTED_EDGE ( 'NONE', *, *, #9248, .T. ) ;
#5907 = ORIENTED_EDGE ( 'NONE', *, *, #6812, .T. ) ;
#5908 = FACE_OUTER_BOUND ( 'NONE', #8683, .T. ) ;
#5909 = ADVANCED_FACE ( 'NONE', ( #6855 ), #5217, .F. ) ;
#5910 = EDGE_CURVE ( 'NONE', #5847, #10243, #5024, .T. ) ;
#5911 = DIRECTION ( 'NONE',  ( 0.9999748501857349536, -1.224615999507675901E-16, -0.007092178509958120200 ) ) ;
#5912 = ORIENTED_EDGE ( 'NONE', *, *, #5720, .T. ) ;
#5913 = ORIENTED_EDGE ( 'NONE', *, *, #10142, .T. ) ;
#5914 = VECTOR ( 'NONE', #9026, 1000.000000000000114 ) ;
#5915 = FILL_AREA_STYLE ('',( #6021 ) ) ;
#5916 = VERTEX_POINT ( 'NONE', #1960 ) ;
#5917 =( NAMED_UNIT ( * ) SI_UNIT ( $, .STERADIAN. ) SOLID_ANGLE_UNIT ( ) );
#5918 = B_SPLINE_CURVE_WITH_KNOTS ( 'NONE', 3,
 ( #366, #3618, #10096, #2812 ),
 .UNSPECIFIED., .F., .F.,
 ( 4, 4 ),
 ( 13.00000000000000000, 14.00000000000000000 ),
 .UNSPECIFIED. ) ;
#5919 = DIRECTION ( 'NONE',  ( 1.224646799146999945E-16, 1.000000000000000000, 0.000000000000000000 ) ) ;
#5920 = CARTESIAN_POINT ( 'NONE',  ( 3.602883985851999871, -5.149999830640999754, 1.236229527837999997 ) ) ;
#5921 = DIRECTION ( 'NONE',  ( 1.000000000000000000, -2.465190328816000174E-32, 0.000000000000000000 ) ) ;
#5922 = B_SPLINE_SURFACE_WITH_KNOTS ( 'NONE', 3, 1, ( 
 ( #3499, #6575 ),
 ( #2644, #9819 ),
 ( #2535, #5888 ),
 ( #5785, #6743 ) ),
 .UNSPECIFIED., .F., .F., .F.,
 ( 4, 4 ),
 ( 2, 2 ),
 ( 9.000000000000000000, 10.00000000000000000 ),
 ( 0.000000000000000000, 1.000000000000000000 ),
 .UNSPECIFIED. ) ;
#5923 = CARTESIAN_POINT ( 'NONE',  ( 4.004642952383999699, -5.149999830640999754, 1.161011141205000152 ) ) ;
#5924 = ORIENTED_EDGE ( 'NONE', *, *, #6373, .F. ) ;
#5925 = CARTESIAN_POINT ( 'NONE',  ( 3.722247340639000424, -5.149999830640999754, 0.8545100692229999906 ) ) ;
#5926 = FILL_AREA_STYLE ('',( #3692 ) ) ;
#5927 = ORIENTED_EDGE ( 'NONE', *, *, #2715, .F. ) ;
#5928 = FILL_AREA_STYLE ('',( #9076 ) ) ;
#5929 = ORIENTED_EDGE ( 'NONE', *, *, #6432, .T. ) ;
#5930 = VECTOR ( 'NONE', #6723, 1000.000000000000000 ) ;
#5931 = CARTESIAN_POINT ( 'NONE',  ( 3.838112196596999759, -5.150999830607999819, 1.027748161355000134 ) ) ;
#5932 = VERTEX_POINT ( 'NONE', #411 ) ;
#5933 = CARTESIAN_POINT ( 'NONE',  ( 3.604816999366999397, -5.150999830607999819, 0.7537560271359999842 ) ) ;
#5934 = CARTESIAN_POINT ( 'NONE',  ( 3.756616741260999870, -5.149999830640999754, 0.8478196481659999728 ) ) ;
#5935 = ORIENTED_EDGE ( 'NONE', *, *, #5685, .F. ) ;
#5936 = DIRECTION ( 'NONE',  ( -0.007092178509966119010, 8.685413711212699846E-19, -0.9999748501857348426 ) ) ;
#5937 = ADVANCED_FACE ( 'NONE', ( #3656 ), #1304, .F. ) ;
#5938 = ORIENTED_EDGE ( 'NONE', *, *, #4909, .T. ) ;
#5939 = DIRECTION ( 'NONE',  ( 0.000000000000000000, 0.000000000000000000, -1.000000000000000000 ) ) ;
#5940 = EDGE_CURVE ( 'NONE', #8131, #1195, #195, .T. ) ;
#5941 = ORIENTED_EDGE ( 'NONE', *, *, #8344, .T. ) ;
#5942 = LINE ( 'NONE', #198, #4234 ) ;
#5943 = EDGE_CURVE ( 'NONE', #1382, #5235, #2218, .T. ) ;
#5944 = CARTESIAN_POINT ( 'NONE',  ( 3.706500545910000000, -5.150999830607999819, 0.7234010062100000304 ) ) ;
#5945 = UNCERTAINTY_MEASURE_WITH_UNIT (LENGTH_MEASURE( 1.000000000000000082E-05 ), #7940, 'distance_accuracy_value', 'NONE');
#5946 = CARTESIAN_POINT ( 'NONE',  ( 3.733381684379999843, -5.149999830640999754, 0.8337393982370000511 ) ) ;
#5947 = CARTESIAN_POINT ( 'NONE',  ( -3.649999879969000105, 5.149999830640999754, 2.049999933330000079 ) ) ;
#5948 = CARTESIAN_POINT ( 'NONE',  ( 4.014970564279999543, -5.150999830607999819, 1.026493818694000026 ) ) ;
#5949 = EDGE_CURVE ( 'NONE', #9750, #3751, #8104, .T. ) ;
#5950 = ADVANCED_FACE ( 'NONE', ( #6294 ), #4458, .T. ) ;
#5951 = ORIENTED_EDGE ( 'NONE', *, *, #490, .F. ) ;
#5952 = CARTESIAN_POINT ( 'NONE',  ( -3.649999879969000105, 5.149999830640999754, 1.049999966214999914 ) ) ;
#5953 = LINE ( 'NONE', #6752, #3273 ) ;
#5954 = ORIENTED_EDGE ( 'NONE', *, *, #2509, .F. ) ;
#5955 = CARTESIAN_POINT ( 'NONE',  ( 3.650821880940999797, -5.150999830607999819, 1.200120964461000028 ) ) ;
#5956 = CARTESIAN_POINT ( 'NONE',  ( 3.664512342141999834, -5.149999830640999754, 0.7114293499519999120 ) ) ;
#5957 = CARTESIAN_POINT ( 'NONE',  ( 4.178623550490000227, -5.150999830607999819, 0.7026881480269999702 ) ) ;
#5958 = CARTESIAN_POINT ( 'NONE',  ( 2.192932865141000054, 3.929509399037999895, 10.04899967027999885 ) ) ;
#5959 = DIRECTION ( 'NONE',  ( -0.3492990578019722903, 4.277679730817656322E-17, 0.9370112956729254039 ) ) ;
#5960 = CARTESIAN_POINT ( 'NONE',  ( 3.849184916302999859, -5.150999830607999819, 0.6830852013049999449 ) ) ;
#5961 = ORIENTED_EDGE ( 'NONE', *, *, #5778, .T. ) ;
#5962 = ORIENTED_EDGE ( 'NONE', *, *, #5545, .T. ) ;
#5963 = CARTESIAN_POINT ( 'NONE',  ( 3.993785116006000724, -5.149999830640999754, 1.074162203739000176 ) ) ;
#5964 =( GEOMETRIC_REPRESENTATION_CONTEXT ( 3 ) GLOBAL_UNCERTAINTY_ASSIGNED_CONTEXT ( ( #4466 ) ) GLOBAL_UNIT_ASSIGNED_CONTEXT ( ( #32, #2487, #1684 ) ) REPRESENTATION_CONTEXT ( 'NONE', 'WORKASPACE' ) );
#5965 = DIRECTION ( 'NONE',  ( 0.007092178509962118738, -8.685413711207694354E-19, 0.9999748501857348426 ) ) ;
#5966 = VERTEX_POINT ( 'NONE', #3919 ) ;
#5967 = VERTEX_POINT ( 'NONE', #1626 ) ;
#5968 = SURFACE_STYLE_FILL_AREA ( #5915 ) ;
#5969 = STYLED_ITEM ( 'NONE', ( #1976 ), #9827 ) ;
#5970 = VERTEX_POINT ( 'NONE', #4670 ) ;
#5971 = FACE_OUTER_BOUND ( 'NONE', #5747, .T. ) ;
#5972 = CARTESIAN_POINT ( 'NONE',  ( 3.780772408367000015, -5.150999830607999819, 0.6618389209469999201 ) ) ;
#5973 = DIRECTION ( 'NONE',  ( 0.000000000000000000, 0.000000000000000000, -1.000000000000000000 ) ) ;
#5974 = ADVANCED_FACE ( 'NONE', ( #7060 ), #7953, .F. ) ;
#5975 = CARTESIAN_POINT ( 'NONE',  ( 3.672447498579999969, -5.149999830640999754, 0.7893568734279999832 ) ) ;
#5976 = AXIS2_PLACEMENT_3D ( 'NONE', #9573, #7973, #2296 ) ;
#5977 = VECTOR ( 'NONE', #4730, 1000.000000000000114 ) ;
#5978 = ORIENTED_EDGE ( 'NONE', *, *, #3444, .T. ) ;
#5979 = CARTESIAN_POINT ( 'NONE',  ( 3.056955689121000130, -5.150999830607999819, 1.145191076561000054 ) ) ;
#5980 = COLOUR_RGB ( '',1.000000000000000000, 1.000000000000000000, 1.000000000000000000 ) ;
#5981 = PRESENTATION_STYLE_ASSIGNMENT (( #6946 ) ) ;
#5982 = ORIENTED_EDGE ( 'NONE', *, *, #8560, .T. ) ;
#5983 = DIRECTION ( 'NONE',  ( 1.000000000000000000, -1.224646799146999945E-16, 0.000000000000000000 ) ) ;
#5984 = VERTEX_POINT ( 'NONE', #6242 ) ;
#5985 =( LENGTH_UNIT ( ) NAMED_UNIT ( * ) SI_UNIT ( .MILLI., .METRE. ) );
#5986 = ORIENTED_EDGE ( 'NONE', *, *, #798, .F. ) ;
#5987 = EDGE_CURVE ( 'NONE', #7142, #3648, #8714, .T. ) ;
#5988 = CARTESIAN_POINT ( 'NONE',  ( 3.733381684379999843, -5.150999830607999819, 0.8337393982370000511 ) ) ;
#5989 = VECTOR ( 'NONE', #6892, 1000.000000000000000 ) ;
#5990 = DIRECTION ( 'NONE',  ( -1.224646799146999945E-16, -1.000000000000000000, 0.000000000000000000 ) ) ;
#5991 = AXIS2_PLACEMENT_3D ( 'NONE', #7790, #5359, #608 ) ;
#5992 = EDGE_LOOP ( 'NONE', ( #6371, #3083, #6821, #5877 ) ) ;
#5993 = VERTEX_POINT ( 'NONE', #10439 ) ;
#5994 = VECTOR ( 'NONE', #6940, 1000.000000000000000 ) ;
#5995 = MECHANICAL_DESIGN_GEOMETRIC_PRESENTATION_REPRESENTATION (  '', ( #5497 ), #884 ) ;
#5996 = DIRECTION ( 'NONE',  ( 1.000000000000000000, -1.224646799146999945E-16, 0.000000000000000000 ) ) ;
#5997 = VERTEX_POINT ( 'NONE', #1416 ) ;
#5998 = CARTESIAN_POINT ( 'NONE',  ( 4.256823191649999671, -5.150999830607999819, 0.8064238667220000600 ) ) ;
#5999 = SURFACE_STYLE_USAGE ( .BOTH. , #6908 ) ;
#6000 = CARTESIAN_POINT ( 'NONE',  ( 3.780772408367000015, -5.150999830607999819, 0.6618389209469999201 ) ) ;
#6001 = CARTESIAN_POINT ( 'NONE',  ( 3.790630314849000371, -5.149999830640999754, 0.6370221451819999547 ) ) ;
#6002 = FACE_OUTER_BOUND ( 'NONE', #1946, .T. ) ;
#6003 = CARTESIAN_POINT ( 'NONE',  ( 2.528773455554000016, -5.149999830640999754, 1.091096276592999903 ) ) ;
#6004 = CARTESIAN_POINT ( 'NONE',  ( 3.214359130545999754, -5.150999830607999819, 0.9112649828970000865 ) ) ;
#6005 = VECTOR ( 'NONE', #314, 1000.000000000000114 ) ;
#6006 = EDGE_CURVE ( 'NONE', #4668, #749, #10385, .T. ) ;
#6007 = LINE ( 'NONE', #6751, #4208 ) ;
#6008 = PLANE ( 'NONE',  #8696 ) ;
#6009 = ORIENTED_EDGE ( 'NONE', *, *, #6375, .T. ) ;
#6010 = FACE_OUTER_BOUND ( 'NONE', #5303, .T. ) ;
#6011 = FILL_AREA_STYLE_COLOUR ( '', #5634 ) ;
#6012 = CARTESIAN_POINT ( 'NONE',  ( 3.664512342141999834, -5.150999830607999819, 0.7114293499519999120 ) ) ;
#6013 = CARTESIAN_POINT ( 'NONE',  ( 3.586492276583000294, -5.150999830607999819, 0.7283073054109999722 ) ) ;
#6014 = PLANE ( 'NONE',  #6298 ) ;
#6015 = CARTESIAN_POINT ( 'NONE',  ( 3.651016558460999928, -5.150999830607999819, 1.227569882195999718 ) ) ;
#6016 = ORIENTED_EDGE ( 'NONE', *, *, #5790, .F. ) ;
#6017 = FACE_OUTER_BOUND ( 'NONE', #1256, .T. ) ;
#6018 = CARTESIAN_POINT ( 'NONE',  ( 4.042340543815000409, -5.149999830640999754, 0.7952596890100001037 ) ) ;
#6019 = ORIENTED_EDGE ( 'NONE', *, *, #6586, .T. ) ;
#6020 = ORIENTED_EDGE ( 'NONE', *, *, #1802, .F. ) ;
#6021 = FILL_AREA_STYLE_COLOUR ( '', #8549 ) ;
#6022 = VERTEX_POINT ( 'NONE', #1518 ) ;
#6023 = SURFACE_STYLE_FILL_AREA ( #2886 ) ;
#6024 = DIRECTION ( 'NONE',  ( -0.007092178509961118670, 8.685413711205699091E-19, -0.9999748501857348426 ) ) ;
#6025 = CARTESIAN_POINT ( 'NONE',  ( 3.719605238925999924, -5.149999830640999754, 0.8338371057050000257 ) ) ;
#6026 = CARTESIAN_POINT ( 'NONE',  ( 2.361166224039000117, -5.149999830640999754, 1.109637203277999973 ) ) ;
#6027 = ORIENTED_EDGE ( 'NONE', *, *, #5699, .T. ) ;
#6028 = CARTESIAN_POINT ( 'NONE',  ( 2.466833330998999596, -5.149999830640999754, 0.7170154720239999557 ) ) ;
#6029 = DIRECTION ( 'NONE',  ( -1.000000000000000000, 1.224646799147000192E-16, 0.000000000000000000 ) ) ;
#6030 = ORIENTED_EDGE ( 'NONE', *, *, #9099, .F. ) ;
#6031 = LINE ( 'NONE', #3752, #6476 ) ;
#6032 = EDGE_CURVE ( 'NONE', #7303, #2951, #4777, .T. ) ;
#6033 = EDGE_CURVE ( 'NONE', #2449, #5851, #3973, .T. ) ;
#6034 = EDGE_LOOP ( 'NONE', ( #2664, #4599, #7047, #4337 ) ) ;
#6035 = CARTESIAN_POINT ( 'NONE',  ( 2.602670668108999941, -5.150999830607999819, 0.7044837779389999666 ) ) ;
#6036 = CARTESIAN_POINT ( 'NONE',  ( 2.603501313235999870, -5.150999830607999819, 0.6177165876150000345 ) ) ;
#6037 = ORIENTED_EDGE ( 'NONE', *, *, #6974, .T. ) ;
#6038 = DIRECTION ( 'NONE',  ( 0.9999748501857348426, -1.224615999507673436E-16, -0.007092178509965118942 ) ) ;
#6039 = ORIENTED_EDGE ( 'NONE', *, *, #1729, .T. ) ;
#6040 = ORIENTED_EDGE ( 'NONE', *, *, #3807, .F. ) ;
#6041 = EDGE_CURVE ( 'NONE', #7287, #9910, #7070, .T. ) ;
#6042 = EDGE_CURVE ( 'NONE', #8293, #9060, #6405, .T. ) ;
#6043 = ORIENTED_EDGE ( 'NONE', *, *, #6987, .F. ) ;
#6044 = CARTESIAN_POINT ( 'NONE',  ( 3.558356892921999748, -5.149999830640999754, 1.056870649055999811 ) ) ;
#6045 = CIRCLE ( 'NONE', #7905, 4.761903816445999915 ) ;
#6046 = CARTESIAN_POINT ( 'NONE',  ( 3.821446569039999908, -5.150999830607999819, 0.6791227954329999150 ) ) ;
#6047 = CARTESIAN_POINT ( 'NONE',  ( 4.226662871448999326, -5.150999830607999819, 0.8787987863330000149 ) ) ;
#6048 = CARTESIAN_POINT ( 'NONE',  ( 3.194854172867000131, -5.150999830607999819, 0.8116276761260000638 ) ) ;
#6049 = DIRECTION ( 'NONE',  ( -0.9999748501857348426, 1.224615999507674915E-16, 0.007092178509962118738 ) ) ;
#6050 = EDGE_CURVE ( 'NONE', #10162, #9287, #5146, .T. ) ;
#6051 = VECTOR ( 'NONE', #958, 1000.000000000000114 ) ;
#6052 = B_SPLINE_SURFACE_WITH_KNOTS ( 'NONE', 3, 1, ( 
 ( #7654, #6803 ),
 ( #261, #5334 ),
 ( #10042, #2768 ),
 ( #2025, #1217 ) ),
 .UNSPECIFIED., .F., .F., .F.,
 ( 4, 4 ),
 ( 2, 2 ),
 ( 7.000000000000000000, 8.000000000000000000 ),
 ( 0.000000000000000000, 1.000000000000000000 ),
 .UNSPECIFIED. ) ;
#6053 = CARTESIAN_POINT ( 'NONE',  ( 3.954669080421999716, -5.150999830607999819, 1.071320276524999837 ) ) ;
#6054 = VECTOR ( 'NONE', #2195, 1000.000000000000000 ) ;
#6055 = CARTESIAN_POINT ( 'NONE',  ( 3.406553810614000088, -5.149999830640999754, 0.8230600777500000076 ) ) ;
#6056 = FACE_OUTER_BOUND ( 'NONE', #3734, .T. ) ;
#6057 = EDGE_LOOP ( 'NONE', ( #495, #7741, #3307, #10217 ) ) ;
#6058 = PLANE ( 'NONE',  #10081 ) ;
#6059 = DIRECTION ( 'NONE',  ( 1.000000000000000000, 0.000000000000000000, 0.000000000000000000 ) ) ;
#6060 = CARTESIAN_POINT ( 'NONE',  ( 3.993785116006000724, -5.150999830607999819, 1.074162203739000176 ) ) ;
#6061 = CARTESIAN_POINT ( 'NONE',  ( 2.312916507825000245, -5.149999830640999754, 0.8308968711090000125 ) ) ;
#6062 = COLOUR_RGB ( '',1.000000000000000000, 1.000000000000000000, 1.000000000000000000 ) ;
#6063 = DIRECTION ( 'NONE',  ( 0.9999748501857348426, -1.224615999507675655E-16, -0.007092178509961118670 ) ) ;
#6064 = ADVANCED_FACE ( 'NONE', ( #8320 ), #2575, .F. ) ;
#6065 = ORIENTED_EDGE ( 'NONE', *, *, #10494, .T. ) ;
#6066 = CYLINDRICAL_SURFACE ( 'NONE', #23, 5.099999832285000423 ) ;
#6067 = CARTESIAN_POINT ( 'NONE',  ( 2.954723762168999457, -5.150999830607999819, 0.7988705317950000051 ) ) ;
#6068 = ORIENTED_EDGE ( 'NONE', *, *, #5420, .T. ) ;
#6069 = ORIENTED_EDGE ( 'NONE', *, *, #2818, .T. ) ;
#6070 = CARTESIAN_POINT ( 'NONE',  ( 3.796343767982000461, -5.150999830607999819, 1.208031013982999946 ) ) ;
#6071 = ORIENTED_EDGE ( 'NONE', *, *, #2923, .T. ) ;
#6072 = CARTESIAN_POINT ( 'NONE',  ( 3.406388629687999714, -5.150999830607999819, 0.7997700869439999805 ) ) ;
#6073 = ADVANCED_FACE ( 'NONE', ( #4926 ), #176, .F. ) ;
#6075 = CARTESIAN_POINT ( 'NONE',  ( 3.806849027234000094, -5.150999830607999819, 0.6587425809679999800 ) ) ;
#6074 = VECTOR ( 'NONE', #6700, 1000.000000000000114 ) ;
#6076 = VECTOR ( 'NONE', #4725, 1000.000000000000114 ) ;
#6077 = DIRECTION ( 'NONE',  ( 0.000000000000000000, 0.000000000000000000, -1.000000000000000000 ) ) ;
#6078 = CARTESIAN_POINT ( 'NONE',  ( 3.056955689121000130, -5.149999830640999754, 1.145191076561000054 ) ) ;
#6079 = SURFACE_SIDE_STYLE ('',( #7782 ) ) ;
#6080 = CARTESIAN_POINT ( 'NONE',  ( -2.249999926008000362, 0.4499999852019999635, -3.712307892621000249 ) ) ;
#6081 = ORIENTED_EDGE ( 'NONE', *, *, #1569, .F. ) ;
#6082 = LINE ( 'NONE', #9960, #4920 ) ;
#6083 = AXIS2_PLACEMENT_3D ( 'NONE', #6362, #3983, #5343 ) ;
#6084 = DIRECTION ( 'NONE',  ( 1.000000000000000000, 6.033355342805999262E-18, 0.000000000000000000 ) ) ;
#6085 = VERTEX_POINT ( 'NONE', #2684 ) ;
#6086 = EDGE_CURVE ( 'NONE', #5820, #9246, #5319, .T. ) ;
#6087 = ORIENTED_EDGE ( 'NONE', *, *, #5403, .F. ) ;
#6088 = VERTEX_POINT ( 'NONE', #7418 ) ;
#6089 = CARTESIAN_POINT ( 'NONE',  ( -4.944441160745000730, -1.249999958892999974, 1.049999966214999914 ) ) ;
#6090 = CARTESIAN_POINT ( 'NONE',  ( 5.799999809265000472, -0.4499999852019999635, 7.450579042612001036E-10 ) ) ;
#6091 = VERTEX_POINT ( 'NONE', #6728 ) ;
#6092 = ORIENTED_EDGE ( 'NONE', *, *, #4813, .T. ) ;
#6093 = VECTOR ( 'NONE', #86, 1000.000000000000114 ) ;
#6094 = SURFACE_SIDE_STYLE ('',( #6789 ) ) ;
#6095 = ORIENTED_EDGE ( 'NONE', *, *, #4392, .F. ) ;
#6096 = DIRECTION ( 'NONE',  ( 1.224646799146999945E-16, 1.000000000000000000, 0.000000000000000000 ) ) ;
#6097 = LINE ( 'NONE', #6147, #7430 ) ;
#6098 = CARTESIAN_POINT ( 'NONE',  ( 3.845560610499000553, -5.149999830640999754, 0.7291733388140000383 ) ) ;
#6099 = B_SPLINE_CURVE_WITH_KNOTS ( 'NONE', 3,
 ( #3506, #7436, #4309, #1913 ),
 .UNSPECIFIED., .F., .F.,
 ( 4, 4 ),
 ( 3.000000000000000000, 4.000000000000000000 ),
 .UNSPECIFIED. ) ;
#6100 = LINE ( 'NONE', #5164, #2082 ) ;
#6101 = EDGE_CURVE ( 'NONE', #2441, #8967, #865, .T. ) ;
#6102 = EDGE_CURVE ( 'NONE', #6374, #7873, #8969, .T. ) ;
#6103 = CARTESIAN_POINT ( 'NONE',  ( 3.969776490060000107, -5.149999830640999754, 0.8190655015040000375 ) ) ;
#6104 = CARTESIAN_POINT ( 'NONE',  ( 4.178623550490000227, -5.150999830607999819, 0.7026881480269999702 ) ) ;
#6105 = CARTESIAN_POINT ( 'NONE',  ( 3.506325696184000140, -5.149999830640999754, 1.072940411762999924 ) ) ;
#6106 = ORIENTED_EDGE ( 'NONE', *, *, #5674, .T. ) ;
#6107 = FILL_AREA_STYLE_COLOUR ( '', #8130 ) ;
#6108 = DIRECTION ( 'NONE',  ( 4.595507503446999644E-17, -1.000000000000000000, 0.000000000000000000 ) ) ;
#6109 = ADVANCED_FACE ( 'NONE', ( #6675 ), #6659, .T. ) ;
#6110 = CARTESIAN_POINT ( 'NONE',  ( 3.976819062679000538, -5.149999830640999754, 1.130326892396000149 ) ) ;
#6111 = CARTESIAN_POINT ( 'NONE',  ( 3.762855115409999840, -5.150999830607999819, 0.7451487193829999800 ) ) ;
#6112 = EDGE_LOOP ( 'NONE', ( #3735, #406, #4723, #9226, #1597, #7938, #7109, #327, #4039, #2524, #7918, #4160 ) ) ;
#6113 = FACE_OUTER_BOUND ( 'NONE', #9437, .T. ) ;
#6114 = VERTEX_POINT ( 'NONE', #5826 ) ;
#6115 = ORIENTED_EDGE ( 'NONE', *, *, #4866, .F. ) ;
#6116 =( NAMED_UNIT ( * ) PLANE_ANGLE_UNIT ( ) SI_UNIT ( $, .RADIAN. ) );
#6117 = ORIENTED_EDGE ( 'NONE', *, *, #8970, .T. ) ;
#6118 = FILL_AREA_STYLE_COLOUR ( '', #8616 ) ;
#6119 = DIRECTION ( 'NONE',  ( 1.224646799146999945E-16, 1.000000000000000000, 0.000000000000000000 ) ) ;
#6120 = CARTESIAN_POINT ( 'NONE',  ( 2.749183439824000263, -5.149999830640999754, 0.7699618258839999729 ) ) ;
#6121 = LINE ( 'NONE', #10170, #5157 ) ;
#6122 = CARTESIAN_POINT ( 'NONE',  ( 3.545149352581999924, -5.150999830607999819, 1.071209362890999772 ) ) ;
#6123 = VECTOR ( 'NONE', #968, 1000.000000000000114 ) ;
#6124 = EDGE_LOOP ( 'NONE', ( #982, #8307, #6562, #4204 ) ) ;
#6125 = CARTESIAN_POINT ( 'NONE',  ( 3.721169240127000233, -5.150999830607999819, 0.7025012899450000514 ) ) ;
#6126 = DIRECTION ( 'NONE',  ( 0.000000000000000000, 0.000000000000000000, -1.000000000000000000 ) ) ;
#6127 = B_SPLINE_CURVE_WITH_KNOTS ( 'NONE', 3,
 ( #1244, #4542, #1396, #7830 ),
 .UNSPECIFIED., .F., .F.,
 ( 4, 4 ),
 ( 4.000000000000000000, 5.000000000000000000 ),
 .UNSPECIFIED. ) ;
#6128 = ORIENTED_EDGE ( 'NONE', *, *, #9183, .T. ) ;
#6129 = EDGE_CURVE ( 'NONE', #5067, #8440, #6999, .T. ) ;
#6130 = DIRECTION ( 'NONE',  ( 1.224646799146999945E-16, 1.000000000000000000, 0.000000000000000000 ) ) ;
#6131 = ORIENTED_EDGE ( 'NONE', *, *, #9241, .T. ) ;
#6132 = CARTESIAN_POINT ( 'NONE',  ( 2.549621816834000132, -5.149999830640999754, 1.176263724030999880 ) ) ;
#6133 = DIRECTION ( 'NONE',  ( 1.224646799146999945E-16, 1.000000000000000000, 0.000000000000000000 ) ) ;
#6134 = PRESENTATION_LAYER_ASSIGNMENT (  '', '', ( #186 ) ) ;
#6135 = DIRECTION ( 'NONE',  ( -2.449293598295000265E-16, -1.000000000000000000, 0.000000000000000000 ) ) ;
#6136 = AXIS2_PLACEMENT_3D ( 'NONE', #8862, #4117, #3262 ) ;
#6137 = CARTESIAN_POINT ( 'NONE',  ( 0.000000000000000000, 0.000000000000000000, 2.392385396886000049 ) ) ;
#6138 = COLOUR_RGB ( '',0.2470588235294117752, 0.2470588235294117752, 0.2470588235294117752 ) ;
#6139 = LINE ( 'NONE', #1456, #6634 ) ;
#6140 = EDGE_CURVE ( 'NONE', #3481, #2090, #1947, .T. ) ;
#6141 = ORIENTED_EDGE ( 'NONE', *, *, #2876, .F. ) ;
#6142 = EDGE_LOOP ( 'NONE', ( #4980, #2094, #5827, #6699, #2752, #4522, #7866, #8220 ) ) ;
#6143 =( NAMED_UNIT ( * ) PLANE_ANGLE_UNIT ( ) SI_UNIT ( $, .RADIAN. ) );
#6144 = VECTOR ( 'NONE', #10032, 1000.000000000000000 ) ;
#6145 = ORIENTED_EDGE ( 'NONE', *, *, #4610, .T. ) ;
#6146 =( LENGTH_UNIT ( ) NAMED_UNIT ( * ) SI_UNIT ( .MILLI., .METRE. ) );
#6147 = CARTESIAN_POINT ( 'NONE',  ( 4.052252642168000740, -5.150999830607999819, 0.7267715995329999679 ) ) ;
#6148 = VECTOR ( 'NONE', #7148, 1000.000000000000114 ) ;
#6149 = CARTESIAN_POINT ( 'NONE',  ( 2.952416451388000240, -5.150999830607999819, 0.8813102736230000733 ) ) ;
#6150 = UNCERTAINTY_MEASURE_WITH_UNIT (LENGTH_MEASURE( 1.000000000000000082E-05 ), #5588, 'distance_accuracy_value', 'NONE');
#6151 = VECTOR ( 'NONE', #7748, 1000.000000000000000 ) ;
#6152 = CARTESIAN_POINT ( 'NONE',  ( 3.952653765086000082, -5.150999830607999819, 1.036397826369999997 ) ) ;
#6153 = AXIS2_PLACEMENT_3D ( 'NONE', #4469, #420, #8613 ) ;
#6154 = CARTESIAN_POINT ( 'NONE',  ( 2.749224460775999912, -5.149999830640999754, 0.7757456509739999451 ) ) ;
#6155 = PLANE ( 'NONE',  #3248 ) ;
#6156 = EDGE_CURVE ( 'NONE', #5078, #721, #2758, .T. ) ;
#6157 = EDGE_LOOP ( 'NONE', ( #616, #8742, #4229, #2438, #9192 ) ) ;
#6158 = DIRECTION ( 'NONE',  ( 0.000000000000000000, 0.000000000000000000, 1.000000000000000000 ) ) ;
#6159 =( NAMED_UNIT ( * ) PLANE_ANGLE_UNIT ( ) SI_UNIT ( $, .RADIAN. ) );
#6160 = FILL_AREA_STYLE ('',( #7967 ) ) ;
#6161 = CARTESIAN_POINT ( 'NONE',  ( 3.528221963638999981, -5.149999830640999754, 0.8176221140439999813 ) ) ;
#6162 = B_SPLINE_CURVE_WITH_KNOTS ( 'NONE', 3,
 ( #827, #5737, #9665, #3332 ),
 .UNSPECIFIED., .F., .F.,
 ( 4, 4 ),
 ( 28.00000000000000000, 29.00000000000000000 ),
 .UNSPECIFIED. ) ;
#6163 = ORIENTED_EDGE ( 'NONE', *, *, #5279, .F. ) ;
#6164 = CARTESIAN_POINT ( 'NONE',  ( 3.691612485860000348, -5.149999830640999754, 0.8086649099060000401 ) ) ;
#6165 = EDGE_CURVE ( 'NONE', #9774, #3514, #6031, .T. ) ;
#6166 = CARTESIAN_POINT ( 'NONE',  ( 4.324795465241000336, -5.150999830607999819, 0.7802591174980000321 ) ) ;
#6167 = VERTEX_POINT ( 'NONE', #7631 ) ;
#6168 = ORIENTED_EDGE ( 'NONE', *, *, #3242, .T. ) ;
#6169 = PLANE ( 'NONE',  #6238 ) ;
#6170 = EDGE_LOOP ( 'NONE', ( #2036, #9418, #9867, #208 ) ) ;
#6171 = DIRECTION ( 'NONE',  ( 0.9999748501857348426, -1.224615999507675655E-16, -0.007092178509962118738 ) ) ;
#6172 = CARTESIAN_POINT ( 'NONE',  ( 3.605000615663999763, -5.150999830607999819, 0.7796453472739999224 ) ) ;
#6173 = CARTESIAN_POINT ( 'NONE',  ( 3.381773939243000182, -5.150999830607999819, 1.030984675135000250 ) ) ;
#6174 = B_SPLINE_CURVE_WITH_KNOTS ( 'NONE', 3,
 ( #384, #1179, #1877, #3579 ),
 .UNSPECIFIED., .F., .F.,
 ( 4, 4 ),
 ( 27.00000000000000000, 28.00000000000000000 ),
 .UNSPECIFIED. ) ;
#6175 = SURFACE_STYLE_FILL_AREA ( #4541 ) ;
#6176 = CARTESIAN_POINT ( 'NONE',  ( 3.926229460917999958, -5.150999830607999819, 1.027123202269000224 ) ) ;
#6177 = EDGE_CURVE ( 'NONE', #2554, #2243, #10073, .T. ) ;
#6178 = EDGE_CURVE ( 'NONE', #7589, #5967, #10119, .T. ) ;
#6179 = ORIENTED_EDGE ( 'NONE', *, *, #4509, .T. ) ;
#6180 = FACE_OUTER_BOUND ( 'NONE', #7854, .T. ) ;
#6181 = LINE ( 'NONE', #6390, #10452 ) ;
#6182 = VERTEX_POINT ( 'NONE', #341 ) ;
#6183 = EDGE_LOOP ( 'NONE', ( #10212, #4854, #45, #2298 ) ) ;
#6184 = CARTESIAN_POINT ( 'NONE',  ( 3.969126090162000242, -5.149999830640999754, 0.7273611627060000417 ) ) ;
#6185 = CARTESIAN_POINT ( 'NONE',  ( 3.889880485214999961, -5.149999830640999754, 0.8499938462320000276 ) ) ;
#6186 = FACE_OUTER_BOUND ( 'NONE', #2007, .T. ) ;
#6187 = CARTESIAN_POINT ( 'NONE',  ( 2.748557872854000106, -5.150999830607999819, 0.6817588517870000198 ) ) ;
#6188 = ORIENTED_EDGE ( 'NONE', *, *, #3709, .T. ) ;
#6189 = ORIENTED_EDGE ( 'NONE', *, *, #4263, .F. ) ;
#6190 = EDGE_CURVE ( 'NONE', #8362, #4997, #974, .T. ) ;
#6191 = B_SPLINE_CURVE_WITH_KNOTS ( 'NONE', 3,
 ( #5944, #3454, #2646, #3557 ),
 .UNSPECIFIED., .F., .F.,
 ( 4, 4 ),
 ( 0.000000000000000000, 1.000000000000000000 ),
 .UNSPECIFIED. ) ;
#6192 = EDGE_LOOP ( 'NONE', ( #313, #3853, #4817, #8446 ) ) ;
#6193 = DIRECTION ( 'NONE',  ( 0.000000000000000000, 0.000000000000000000, 1.000000000000000000 ) ) ;
#6194 = DIRECTION ( 'NONE',  ( 0.000000000000000000, 0.000000000000000000, -1.000000000000000000 ) ) ;
#6195 = FILL_AREA_STYLE ('',( #7806 ) ) ;
#6196 = EDGE_CURVE ( 'NONE', #7130, #679, #3696, .T. ) ;
#6197 = CARTESIAN_POINT ( 'NONE',  ( 4.093872961790999021, -5.149999830640999754, 1.229315971488999848 ) ) ;
#6198 = FACE_OUTER_BOUND ( 'NONE', #3244, .T. ) ;
#6199 = AXIS2_PLACEMENT_3D ( 'NONE', #9995, #4264, #267 ) ;
#6200 = CARTESIAN_POINT ( 'NONE',  ( 3.575721517814999917, -5.150999830607999819, 1.049572983115000024 ) ) ;
#6201 = DIRECTION ( 'NONE',  ( -1.224646799146999945E-16, -1.000000000000000000, 0.000000000000000000 ) ) ;
#6202 = ORIENTED_EDGE ( 'NONE', *, *, #4414, .F. ) ;
#6203 = CARTESIAN_POINT ( 'NONE',  ( 4.401000792302999898, -5.150999830607999819, 0.7567394150029999045 ) ) ;
#6204 = SURFACE_STYLE_FILL_AREA ( #8852 ) ;
#6205 = MECHANICAL_DESIGN_GEOMETRIC_PRESENTATION_REPRESENTATION (  '', ( #2147 ), #5882 ) ;
#6206 = DIRECTION ( 'NONE',  ( 1.224646799146999945E-16, 1.000000000000000000, 0.000000000000000000 ) ) ;
#6207 = CARTESIAN_POINT ( 'NONE',  ( 2.573105602522000268, -5.149999830640999754, 0.8174833403029999612 ) ) ;
#6208 = CARTESIAN_POINT ( 'NONE',  ( 3.976998991903000658, -5.149999830640999754, 1.155696346667000052 ) ) ;
#6209 = CARTESIAN_POINT ( 'NONE',  ( 4.093872961790999021, -5.150999830607999819, 1.229315971488999848 ) ) ;
#6210 = VERTEX_POINT ( 'NONE', #7688 ) ;
#6211 = CARTESIAN_POINT ( 'NONE',  ( 3.736688164383000110, -5.150999830607999819, 0.7428388230599999309 ) ) ;
#6212 = ORIENTED_EDGE ( 'NONE', *, *, #8254, .F. ) ;
#6213 = ORIENTED_EDGE ( 'NONE', *, *, #4425, .F. ) ;
#6214 = LINE ( 'NONE', #2299, #9810 ) ;
#6215 = CARTESIAN_POINT ( 'NONE',  ( 3.564118550417000542, -5.149999830640999754, 1.026260134769999999 ) ) ;
#6216 = ORIENTED_EDGE ( 'NONE', *, *, #1596, .F. ) ;
#6217 = FACE_OUTER_BOUND ( 'NONE', #3865, .T. ) ;
#6218 = DIRECTION ( 'NONE',  ( 1.224646799146999945E-16, 1.000000000000000000, 0.000000000000000000 ) ) ;
#6219 =( NAMED_UNIT ( * ) PLANE_ANGLE_UNIT ( ) SI_UNIT ( $, .RADIAN. ) );
#6220 = EDGE_CURVE ( 'NONE', #7234, #9788, #9442, .T. ) ;
#6221 = FILL_AREA_STYLE_COLOUR ( '', #2246 ) ;
#6222 = CARTESIAN_POINT ( 'NONE',  ( 4.093872961790999021, -5.149999830640999754, 1.229315971488999848 ) ) ;
#6223 = ADVANCED_FACE ( 'NONE', ( #2736 ), #2845, .F. ) ;
#6224 = EDGE_LOOP ( 'NONE', ( #745, #4081, #8677, #7898 ) ) ;
#6225 = ADVANCED_FACE ( 'NONE', ( #559 ), #7099, .T. ) ;
#6226 = CARTESIAN_POINT ( 'NONE',  ( 3.508226358594000338, -5.150999830607999819, 1.186991239953000044 ) ) ;
#6227 = CARTESIAN_POINT ( 'NONE',  ( 3.694328326737999824, -5.149999830640999754, 0.8250742359069999088 ) ) ;
#6228 = B_SPLINE_SURFACE_WITH_KNOTS ( 'NONE', 3, 1, ( 
 ( #8287, #995 ),
 ( #7488, #203 ),
 ( #2650, #5893 ),
 ( #9148, #1858 ) ),
 .UNSPECIFIED., .F., .F., .F.,
 ( 4, 4 ),
 ( 2, 2 ),
 ( 2.000000000000000000, 3.000000000000000000 ),
 ( 0.000000000000000000, 1.000000000000000000 ),
 .UNSPECIFIED. ) ;
#6229 = AXIS2_PLACEMENT_3D ( 'NONE', #2015, #3453, #8559 ) ;
#6230 = VERTEX_POINT ( 'NONE', #8698 ) ;
#6231 = DIRECTION ( 'NONE',  ( 0.000000000000000000, 0.000000000000000000, -1.000000000000000000 ) ) ;
#6232 = VECTOR ( 'NONE', #9555, 1000.000000000000000 ) ;
#6233 = ORIENTED_EDGE ( 'NONE', *, *, #588, .F. ) ;
#6234 = PRESENTATION_STYLE_ASSIGNMENT (( #8597 ) ) ;
#6235 = CARTESIAN_POINT ( 'NONE',  ( 3.562050848458000019, -5.150999830607999819, 0.7933631763709999563 ) ) ;
#6236 = CARTESIAN_POINT ( 'NONE',  ( 3.671007366828999974, -5.149999830640999754, 0.8355334984000000187 ) ) ;
#6237 = CARTESIAN_POINT ( 'NONE',  ( 2.799996873487999860, -5.150999830607999819, 1.206300488801999915 ) ) ;
#6238 = AXIS2_PLACEMENT_3D ( 'NONE', #7877, #5391, #642 ) ;
#6239 = ORIENTED_EDGE ( 'NONE', *, *, #5439, .T. ) ;
#6240 = CIRCLE ( 'NONE', #8467, 4.999999835572999984 ) ;
#6241 = EDGE_LOOP ( 'NONE', ( #8000, #8321, #9190, #5027 ) ) ;
#6242 = CARTESIAN_POINT ( 'NONE',  ( 3.559283009391000174, -5.149999830640999754, 0.7036494448680000735 ) ) ;
#6243 = ORIENTED_EDGE ( 'NONE', *, *, #5630, .F. ) ;
#6244 = LINE ( 'NONE', #4724, #9206 ) ;
#6245 = LINE ( 'NONE', #8558, #3017 ) ;
#6246 = LINE ( 'NONE', #3069, #3775 ) ;
#6247 = CARTESIAN_POINT ( 'NONE',  ( 3.513430844633000039, -5.150999830607999819, 0.7332965545009999531 ) ) ;
#6248 = EDGE_CURVE ( 'NONE', #3577, #8629, #5456, .T. ) ;
#6249 = CARTESIAN_POINT ( 'NONE',  ( 2.351649519926000131, -5.149999830640999754, 0.7872415132179999553 ) ) ;
#6250 = EDGE_CURVE ( 'NONE', #8422, #224, #3106, .T. ) ;
#6251 = CARTESIAN_POINT ( 'NONE',  ( 3.954923132601000368, -5.150999830607999819, 1.187774286336999996 ) ) ;
#6252 = VERTEX_POINT ( 'NONE', #9640 ) ;
#6253 = DIRECTION ( 'NONE',  ( 1.224646799146999945E-16, 1.000000000000000000, 0.000000000000000000 ) ) ;
#6254 = CARTESIAN_POINT ( 'NONE',  ( 3.780611651929000061, -5.150999830607999819, 0.6391727691799999889 ) ) ;
#6255 = VECTOR ( 'NONE', #8856, 1000.000000000000000 ) ;
#6256 = LINE ( 'NONE', #3932, #788 ) ;
#6257 = CARTESIAN_POINT ( 'NONE',  ( 4.229033223025000510, -5.149999830640999754, 0.7805223838829999927 ) ) ;
#6258 = STYLED_ITEM ( 'NONE', ( #2698 ), #2626 ) ;
#6259 = B_SPLINE_CURVE_WITH_KNOTS ( 'NONE', 3,
 ( #10220, #10169, #5133, #6025 ),
 .UNSPECIFIED., .F., .F.,
 ( 4, 4 ),
 ( 11.00000000000000000, 12.00000000000000000 ),
 .UNSPECIFIED. ) ;
#6260 = CARTESIAN_POINT ( 'NONE',  ( 3.795204031831000080, -5.149999830640999754, 0.6588251714320000341 ) ) ;
#6261 = CARTESIAN_POINT ( 'NONE',  ( 3.694328326737999824, -5.150999830607999819, 0.8250742359069999088 ) ) ;
#6262 = EDGE_CURVE ( 'NONE', #2822, #403, #8763, .T. ) ;
#6263 = EDGE_CURVE ( 'NONE', #10495, #690, #7890, .T. ) ;
#6264 = VERTEX_POINT ( 'NONE', #10323 ) ;
#6265 = FACE_OUTER_BOUND ( 'NONE', #6034, .T. ) ;
#6266 = VERTEX_POINT ( 'NONE', #7147 ) ;
#6267 = VERTEX_POINT ( 'NONE', #4822 ) ;
#6268 = DIRECTION ( 'NONE',  ( -0.9999748501857348426, 1.224615999507675655E-16, 0.007092178509960119469 ) ) ;
#6269 = CARTESIAN_POINT ( 'NONE',  ( 3.622326969247999795, -5.149999830640999754, 1.236091631260999968 ) ) ;
#6270 = ORIENTED_EDGE ( 'NONE', *, *, #4853, .F. ) ;
#6271 = LINE ( 'NONE', #1545, #782 ) ;
#6272 = VECTOR ( 'NONE', #1926, 1000.000000000000227 ) ;
#6273 = CARTESIAN_POINT ( 'NONE',  ( 3.380928124408999924, -5.150999830607999819, 0.9117274454279999940 ) ) ;
#6274 = DIRECTION ( 'NONE',  ( -0.007092178509964118874, 8.685413711208699690E-19, -0.9999748501857348426 ) ) ;
#6275 = CARTESIAN_POINT ( 'NONE',  ( 2.580150843783000081, -5.149999830640999754, 1.199183568847000059 ) ) ;
#6276 =( NAMED_UNIT ( * ) PLANE_ANGLE_UNIT ( ) SI_UNIT ( $, .RADIAN. ) );
#6277 = CIRCLE ( 'NONE', #1700, 0.4652383217149999028 ) ;
#6278 = ORIENTED_EDGE ( 'NONE', *, *, #10352, .T. ) ;
#6279 = ORIENTED_EDGE ( 'NONE', *, *, #10040, .T. ) ;
#6280 = CARTESIAN_POINT ( 'NONE',  ( 3.527966885400999786, -5.149999830640999754, 1.206815086515000024 ) ) ;
#6281 = DIRECTION ( 'NONE',  ( 1.224646799146387839E-16, 1.000000000000000000, 0.000000000000000000 ) ) ;
#6282 = ORIENTED_EDGE ( 'NONE', *, *, #9067, .F. ) ;
#6283 = DIRECTION ( 'NONE',  ( 0.9999748501857348426, -1.224615999507673436E-16, -0.007092178509965118942 ) ) ;
#6284 = CARTESIAN_POINT ( 'NONE',  ( 2.539510405645000191, -5.149999830640999754, 1.177781452984000055 ) ) ;
#6285 = FACE_OUTER_BOUND ( 'NONE', #5050, .T. ) ;
#6286 = EDGE_CURVE ( 'NONE', #5204, #4378, #7838, .T. ) ;
#6287 = CARTESIAN_POINT ( 'NONE',  ( 4.944441160745000730, 1.249999958892999974, 2.049999933330000079 ) ) ;
#6288 = AXIS2_PLACEMENT_3D ( 'NONE', #10434, #2567, #4830 ) ;
#6289 = SURFACE_STYLE_FILL_AREA ( #9446 ) ;
#6290 = LINE ( 'NONE', #7006, #9020 ) ;
#6291 = ORIENTED_EDGE ( 'NONE', *, *, #905, .F. ) ;
#6292 = ORIENTED_EDGE ( 'NONE', *, *, #4812, .F. ) ;
#6293 = VECTOR ( 'NONE', #2656, 1000.000000000000000 ) ;
#6294 = FACE_OUTER_BOUND ( 'NONE', #2502, .T. ) ;
#6295 = EDGE_CURVE ( 'NONE', #10515, #1752, #762, .T. ) ;
#6296 = ORIENTED_EDGE ( 'NONE', *, *, #10445, .T. ) ;
#6297 = CARTESIAN_POINT ( 'NONE',  ( -1.999999934228999798, 0.4999999835569999274, 0.3499999892349999753 ) ) ;
#6298 = AXIS2_PLACEMENT_3D ( 'NONE', #8466, #7720, #374 ) ;
#6299 = CARTESIAN_POINT ( 'NONE',  ( 3.572679779026000091, -5.150999830607999819, 1.236443746853000070 ) ) ;
#6300 = PRESENTATION_STYLE_ASSIGNMENT (( #3014 ) ) ;
#6301 = LINE ( 'NONE', #9557, #4456 ) ;
#6302 = EDGE_CURVE ( 'NONE', #709, #10427, #9542, .T. ) ;
#6303 = B_SPLINE_CURVE_WITH_KNOTS ( 'NONE', 3,
 ( #4600, #710, #3963, #7209 ),
 .UNSPECIFIED., .F., .F.,
 ( 4, 4 ),
 ( 9.000000000000000000, 10.00000000000000000 ),
 .UNSPECIFIED. ) ;
#6304 = CARTESIAN_POINT ( 'NONE',  ( 3.691756714283000118, -5.150999830607999819, 1.232167923423999945 ) ) ;
#6305 = VECTOR ( 'NONE', #7422, 1000.000000000000000 ) ;
#6306 = AXIS2_PLACEMENT_3D ( 'NONE', #3117, #4833, #3866 ) ;
#6307 = CARTESIAN_POINT ( 'NONE',  ( 2.422090907327000053, -5.150999830607999819, 0.7289009781499999896 ) ) ;
#6308 = DIRECTION ( 'NONE',  ( 0.000000000000000000, 0.000000000000000000, -1.000000000000000000 ) ) ;
#6309 = ORIENTED_EDGE ( 'NONE', *, *, #7799, .T. ) ;
#6310 = CARTESIAN_POINT ( 'NONE',  ( 3.691653781092000042, -5.150999830607999819, 0.8144874076079999803 ) ) ;
#6311 =( NAMED_UNIT ( * ) SI_UNIT ( $, .STERADIAN. ) SOLID_ANGLE_UNIT ( ) );
#6312 = SURFACE_SIDE_STYLE ('',( #3076 ) ) ;
#6313 = CARTESIAN_POINT ( 'NONE',  ( 4.109567374536999829, -5.149999830640999754, 1.191772435941999886 ) ) ;
#6314 = AXIS2_PLACEMENT_3D ( 'NONE', #3425, #4385, #5921 ) ;
#6315 =( GEOMETRIC_REPRESENTATION_CONTEXT ( 3 ) GLOBAL_UNCERTAINTY_ASSIGNED_CONTEXT ( ( #7758 ) ) GLOBAL_UNIT_ASSIGNED_CONTEXT ( ( #8423, #6116, #2093 ) ) REPRESENTATION_CONTEXT ( 'NONE', 'WORKASPACE' ) );
#6316 = CARTESIAN_POINT ( 'NONE',  ( 3.533046080536999867, -5.149999830640999754, 1.175273606865000042 ) ) ;
#6317 = B_SPLINE_SURFACE_WITH_KNOTS ( 'NONE', 3, 1, ( 
 ( #2271, #568 ),
 ( #7849, #4717 ),
 ( #6187, #6799 ),
 ( #7794, #9600 ) ),
 .UNSPECIFIED., .F., .F., .F.,
 ( 4, 4 ),
 ( 2, 2 ),
 ( 10.00000000000000000, 11.00000000000000000 ),
 ( 0.000000000000000000, 1.000000000000000000 ),
 .UNSPECIFIED. ) ;
#6318 = DIRECTION ( 'NONE',  ( -3.594029523009999694E-16, 1.000000000000000000, 0.000000000000000000 ) ) ;
#6319 = ADVANCED_FACE ( 'NONE', ( #4011 ), #1982, .F. ) ;
#6320 = VECTOR ( 'NONE', #7078, 1000.000000000000000 ) ;
#6321 = ORIENTED_EDGE ( 'NONE', *, *, #5152, .F. ) ;
#6322 = DIRECTION ( 'NONE',  ( 0.000000000000000000, 0.000000000000000000, 1.000000000000000000 ) ) ;
#6323 = ORIENTED_EDGE ( 'NONE', *, *, #8999, .T. ) ;
#6324 = VECTOR ( 'NONE', #8079, 1000.000000000000000 ) ;
#6325 = VERTEX_POINT ( 'NONE', #1347 ) ;
#6326 = CARTESIAN_POINT ( 'NONE',  ( 3.754499658035000298, -5.150999830607999819, 0.7692269904199999786 ) ) ;
#6327 = SURFACE_STYLE_FILL_AREA ( #5392 ) ;
#6328 = ORIENTED_EDGE ( 'NONE', *, *, #10484, .F. ) ;
#6329 = CARTESIAN_POINT ( 'NONE',  ( 2.995282267205999993, -5.149999830640999754, 1.216483638880999862 ) ) ;
#6330 = LINE ( 'NONE', #5655, #1467 ) ;
#6331 = PLANE ( 'NONE',  #7007 ) ;
#6332 = UNCERTAINTY_MEASURE_WITH_UNIT (LENGTH_MEASURE( 1.000000000000000082E-05 ), #216, 'distance_accuracy_value', 'NONE');
#6333 = EDGE_CURVE ( 'NONE', #8517, #7787, #6303, .T. ) ;
#6334 = CARTESIAN_POINT ( 'NONE',  ( 3.717844022184999986, -5.149999830640999754, 1.208587762195000082 ) ) ;
#6335 = CARTESIAN_POINT ( 'NONE',  ( 3.650821880940999797, -5.150999830607999819, 1.200120964461000028 ) ) ;
#6336 = DIRECTION ( 'NONE',  ( 1.000000000000000000, 0.000000000000000000, 0.000000000000000000 ) ) ;
#6337 = ORIENTED_EDGE ( 'NONE', *, *, #4659, .F. ) ;
#6338 = EDGE_LOOP ( 'NONE', ( #7626, #7426, #9988, #9637, #1046, #4430, #10022 ) ) ;
#6339 = CARTESIAN_POINT ( 'NONE',  ( 3.664698908099000008, -5.149999830640999754, 0.7377345627810000250 ) ) ;
#6340 = STYLED_ITEM ( 'NONE', ( #8224 ), #5096 ) ;
#6341 = DIRECTION ( 'NONE',  ( 1.224646799146999945E-16, 1.000000000000000000, 0.000000000000000000 ) ) ;
#6342 = ORIENTED_EDGE ( 'NONE', *, *, #6800, .T. ) ;
#6343 = CARTESIAN_POINT ( 'NONE',  ( 3.719605238925999924, -5.150999830607999819, 0.8338371057050000257 ) ) ;
#6344 = DIRECTION ( 'NONE',  ( 1.000000000000000000, -2.465190328816000174E-32, 0.000000000000000000 ) ) ;
#6345 = ORIENTED_EDGE ( 'NONE', *, *, #2981, .T. ) ;
#6346 = CARTESIAN_POINT ( 'NONE',  ( 2.603501313235999870, -5.149999830640999754, 0.6177165876150000345 ) ) ;
#6347 = FACE_OUTER_BOUND ( 'NONE', #5829, .T. ) ;
#6348 = DIRECTION ( 'NONE',  ( 0.007092178509953119860, -8.685413711194700105E-19, 0.9999748501857349536 ) ) ;
#6349 = B_SPLINE_CURVE_WITH_KNOTS ( 'NONE', 3,
 ( #645, #4648, #2249, #8750 ),
 .UNSPECIFIED., .F., .F.,
 ( 4, 4 ),
 ( 13.00000000000000000, 14.00000000000000000 ),
 .UNSPECIFIED. ) ;
#6350 = ORIENTED_EDGE ( 'NONE', *, *, #7382, .T. ) ;
#6351 = ORIENTED_EDGE ( 'NONE', *, *, #481, .F. ) ;
#6352 = EDGE_CURVE ( 'NONE', #10311, #9347, #2385, .T. ) ;
#6353 = ADVANCED_FACE ( 'NONE', ( #7991 ), #3312, .F. ) ;
#6354 = DIRECTION ( 'NONE',  ( -0.3451999324339110053, 4.227479923214910402E-17, -0.9385291719747571593 ) ) ;
#6355 = VERTEX_POINT ( 'NONE', #229 ) ;
#6356 = SURFACE_SIDE_STYLE ('',( #8823 ) ) ;
#6357 = CARTESIAN_POINT ( 'NONE',  ( 3.602883985851999871, -5.150999830607999819, 1.236229527837999997 ) ) ;
#6358 = CARTESIAN_POINT ( 'NONE',  ( 3.940116520921000287, -5.149999830640999754, 1.057282425629000100 ) ) ;
#6359 = FACE_OUTER_BOUND ( 'NONE', #5247, .T. ) ;
#6360 = EDGE_CURVE ( 'NONE', #2574, #3001, #9791, .T. ) ;
#6361 = EDGE_CURVE ( 'NONE', #7414, #6882, #7307, .T. ) ;
#6362 = CARTESIAN_POINT ( 'NONE',  ( 3.796509686322999677, -5.150999830607999819, 1.231424977962000122 ) ) ;
#6363 = CARTESIAN_POINT ( 'NONE',  ( 3.897571610713999934, -5.150999830607999819, 1.230708210727000207 ) ) ;
#6364 = EDGE_CURVE ( 'NONE', #8090, #10006, #1915, .T. ) ;
#6365 = ORIENTED_EDGE ( 'NONE', *, *, #10288, .T. ) ;
#6366 = PRESENTATION_STYLE_ASSIGNMENT (( #3931 ) ) ;
#6367 = CYLINDRICAL_SURFACE ( 'NONE', #4199, 4.999999835572999984 ) ;
#6368 = CARTESIAN_POINT ( 'NONE',  ( 3.547398067840000113, -5.150999830607999819, 1.190352664324999976 ) ) ;
#6369 = CARTESIAN_POINT ( 'NONE',  ( 3.703857706782999859, -5.150999830607999819, 0.7026240695180000495 ) ) ;
#6370 = CARTESIAN_POINT ( 'NONE',  ( -5.149999830640999754, -5.149999830640999754, 0.3499999892349999753 ) ) ;
#6371 = ORIENTED_EDGE ( 'NONE', *, *, #8360, .T. ) ;
#6372 = LINE ( 'NONE', #4091, #10048 ) ;
#6373 = EDGE_CURVE ( 'NONE', #2788, #2779, #2517, .T. ) ;
#6374 = VERTEX_POINT ( 'NONE', #8911 ) ;
#6375 = EDGE_CURVE ( 'NONE', #2725, #5457, #1613, .T. ) ;
#6376 = ORIENTED_EDGE ( 'NONE', *, *, #7383, .T. ) ;
#6377 = DIRECTION ( 'NONE',  ( 1.224646799146999945E-16, 1.000000000000000000, 0.000000000000000000 ) ) ;
#6378 = CARTESIAN_POINT ( 'NONE',  ( 3.651016558460999928, -5.150999830607999819, 1.227569882195999718 ) ) ;
#6379 = ORIENTED_EDGE ( 'NONE', *, *, #1506, .F. ) ;
#6380 =( NAMED_UNIT ( * ) SI_UNIT ( $, .STERADIAN. ) SOLID_ANGLE_UNIT ( ) );
#6381 = CARTESIAN_POINT ( 'NONE',  ( 3.528221963638999981, -5.150999830607999819, 0.8176221140439999813 ) ) ;
#6382 = EDGE_CURVE ( 'NONE', #709, #8480, #10485, .T. ) ;
#6383 = CARTESIAN_POINT ( 'NONE',  ( 3.969776490060000107, -5.149999830640999754, 0.8190655015040000375 ) ) ;
#6384 = VECTOR ( 'NONE', #2470, 1000.000000000000000 ) ;
#6385 = CARTESIAN_POINT ( 'NONE',  ( 3.703658988564999532, -5.150999830607999819, 0.7698995058010000836 ) ) ;
#6386 = EDGE_LOOP ( 'NONE', ( #9492, #7876, #5722, #5543 ) ) ;
#6387 = VERTEX_POINT ( 'NONE', #5864 ) ;
#6388 = CARTESIAN_POINT ( 'NONE',  ( 2.580150843783000081, -5.150999830607999819, 1.199183568847000059 ) ) ;
#6389 = EDGE_CURVE ( 'NONE', #5300, #6956, #5761, .T. ) ;
#6390 = CARTESIAN_POINT ( 'NONE',  ( 5.149999830640999754, 1.249999958892999974, 0.5499999826579999862 ) ) ;
#6391 = VERTEX_POINT ( 'NONE', #4965 ) ;
#6392 = ADVANCED_FACE ( 'NONE', ( #113 ), #3359, .F. ) ;
#6393 = CARTESIAN_POINT ( 'NONE',  ( 4.052252642168000740, -5.149999830640999754, 0.7267715995329999679 ) ) ;
#6394 = PRESENTATION_LAYER_ASSIGNMENT (  '', '', ( #4362 ) ) ;
#6395 = CARTESIAN_POINT ( 'NONE',  ( 4.257037041955999079, -5.149999830640999754, 0.8365760869630000096 ) ) ;
#6396 = CARTESIAN_POINT ( 'NONE',  ( 4.359235304064999816, -5.150999830607999819, 0.8787943409569999309 ) ) ;
#6397 = FILL_AREA_STYLE ('',( #7460 ) ) ;
#6398 = FACE_OUTER_BOUND ( 'NONE', #2336, .T. ) ;
#6399 = DIRECTION ( 'NONE',  ( -0.007092178509961118670, 8.685413711205699091E-19, -0.9999748501857348426 ) ) ;
#6400 = CARTESIAN_POINT ( 'NONE',  ( 8.299999727051998732, 0.4999999835569999274, 0.04999999910078999771 ) ) ;
#6401 = ORIENTED_EDGE ( 'NONE', *, *, #2341, .T. ) ;
#6402 = VECTOR ( 'NONE', #8237, 1000.000000000000000 ) ;
#6403 = ORIENTED_EDGE ( 'NONE', *, *, #831, .F. ) ;
#6404 = EDGE_CURVE ( 'NONE', #9372, #10136, #1770, .T. ) ;
#6405 = LINE ( 'NONE', #4128, #7335 ) ;
#6406 = ORIENTED_EDGE ( 'NONE', *, *, #10396, .T. ) ;
#6407 = LINE ( 'NONE', #2527, #3424 ) ;
#6408 = CARTESIAN_POINT ( 'NONE',  ( 3.613491401429000049, -5.149999830640999754, 0.8552814051569999076 ) ) ;
#6409 = VECTOR ( 'NONE', #6867, 1000.000000000000114 ) ;
#6410 = DIRECTION ( 'NONE',  ( 1.224646799146999945E-16, 1.000000000000000000, 0.000000000000000000 ) ) ;
#6411 = CARTESIAN_POINT ( 'NONE',  ( 4.207317222172000548, -5.150999830607999819, 0.8633392320939999864 ) ) ;
#6412 = VECTOR ( 'NONE', #4134, 1000.000000000000000 ) ;
#6413 = DIRECTION ( 'NONE',  ( 0.000000000000000000, 0.000000000000000000, 1.000000000000000000 ) ) ;
#6414 = PLANE ( 'NONE',  #2234 ) ;
#6415 = LINE ( 'NONE', #825, #8166 ) ;
#6416 = ORIENTED_EDGE ( 'NONE', *, *, #4686, .T. ) ;
#6417 = DIRECTION ( 'NONE',  ( 0.000000000000000000, 0.000000000000000000, -1.000000000000000000 ) ) ;
#6418 = CARTESIAN_POINT ( 'NONE',  ( 4.105809961871999647, -5.150999830607999819, 1.197101983420000071 ) ) ;
#6419 = CARTESIAN_POINT ( 'NONE',  ( 3.681927869545999599, -5.150999830607999819, 0.8432544265400000461 ) ) ;
#6420 = ADVANCED_FACE ( 'NONE', ( #960 ), #8519, .F. ) ;
#6421 = CARTESIAN_POINT ( 'NONE',  ( 3.706500545910000000, -5.150999830607999819, 0.7234010062100000304 ) ) ;
#6422 = ADVANCED_FACE ( 'NONE', ( #4429 ), #1738, .F. ) ;
#6423 = FACE_OUTER_BOUND ( 'NONE', #7158, .T. ) ;
#6424 = B_SPLINE_SURFACE_WITH_KNOTS ( 'NONE', 3, 1, ( 
 ( #1213, #2968 ),
 ( #3664, #2023 ),
 ( #5271, #1366 ),
 ( #4517, #10093 ) ),
 .UNSPECIFIED., .F., .F., .F.,
 ( 4, 4 ),
 ( 2, 2 ),
 ( 2.000000000000000000, 3.000000000000000000 ),
 ( 0.000000000000000000, 1.000000000000000000 ),
 .UNSPECIFIED. ) ;
#6425 = CARTESIAN_POINT ( 'NONE',  ( 3.531942549656000185, -5.149999830640999754, 1.085652049899999749 ) ) ;
#6426 = VERTEX_POINT ( 'NONE', #3738 ) ;
#6427 = DIRECTION ( 'NONE',  ( 1.224646799148335832E-16, 1.000000000000000000, 0.000000000000000000 ) ) ;
#6428 = VECTOR ( 'NONE', #5182, 1000.000000000000000 ) ;
#6429 = ORIENTED_EDGE ( 'NONE', *, *, #8999, .F. ) ;
#6430 = CARTESIAN_POINT ( 'NONE',  ( 3.159884697628999817, -5.150999830607999819, 0.7742791034429999941 ) ) ;
#6431 = AXIS2_PLACEMENT_3D ( 'NONE', #5537, #1589, #3130 ) ;
#6432 = EDGE_CURVE ( 'NONE', #8541, #5180, #1281, .T. ) ;
#6433 = ORIENTED_EDGE ( 'NONE', *, *, #7055, .T. ) ;
#6434 = DIRECTION ( 'NONE',  ( -1.000000000000000000, 1.224646799146999945E-16, 0.000000000000000000 ) ) ;
#6435 = CARTESIAN_POINT ( 'NONE',  ( 3.969700594347000067, -5.150999830607999819, 1.174880135705000050 ) ) ;
#6436 = LINE ( 'NONE', #9834, #6838 ) ;
#6437 = B_SPLINE_SURFACE_WITH_KNOTS ( 'NONE', 3, 1, ( 
 ( #8239, #1169 ),
 ( #9940, #4370 ),
 ( #7611, #317 ),
 ( #6809, #10047 ) ),
 .UNSPECIFIED., .F., .F., .F.,
 ( 4, 4 ),
 ( 2, 2 ),
 ( 3.000000000000000000, 4.000000000000000000 ),
 ( 0.000000000000000000, 1.000000000000000000 ),
 .UNSPECIFIED. ) ;
#6438 = DIRECTION ( 'NONE',  ( 1.224646799147213924E-16, 1.000000000000000000, 0.000000000000000000 ) ) ;
#6439 = DIRECTION ( 'NONE',  ( 1.224646799146999945E-16, 1.000000000000000000, 0.000000000000000000 ) ) ;
#6440 = APPLICATION_PROTOCOL_DEFINITION ( 'draft international standard', 'automotive_design', 1998, #2404 ) ;
#6441 = ORIENTED_EDGE ( 'NONE', *, *, #5779, .F. ) ;
#6442 = ORIENTED_EDGE ( 'NONE', *, *, #9796, .T. ) ;
#6443 = CARTESIAN_POINT ( 'NONE',  ( 2.625252213153999925, -5.150999830607999819, 1.237906332211999860 ) ) ;
#6444 = LINE ( 'NONE', #3310, #5555 ) ;
#6445 = ORIENTED_EDGE ( 'NONE', *, *, #4071, .F. ) ;
#6446 = SURFACE_STYLE_USAGE ( .BOTH. , #3403 ) ;
#6447 = PRESENTATION_STYLE_ASSIGNMENT (( #8764 ) ) ;
#6448 = CARTESIAN_POINT ( 'NONE',  ( 3.570968941761000437, -5.150999830607999819, 0.7753116623079999714 ) ) ;
#6449 = CARTESIAN_POINT ( 'NONE',  ( 3.665384331722000066, -5.150999830607999819, 0.8123861950469999371 ) ) ;
#6450 = DIRECTION ( 'NONE',  ( 1.000000000000000000, 0.000000000000000000, 0.000000000000000000 ) ) ;
#6451 = CARTESIAN_POINT ( 'NONE',  ( 3.575966300094000072, -5.150999830607999819, 0.8348558443209999069 ) ) ;
#6452 = ORIENTED_EDGE ( 'NONE', *, *, #7416, .T. ) ;
#6453 = EDGE_CURVE ( 'NONE', #8643, #9347, #7621, .T. ) ;
#6454 = ORIENTED_EDGE ( 'NONE', *, *, #10387, .T. ) ;
#6455 = ORIENTED_EDGE ( 'NONE', *, *, #2123, .F. ) ;
#6456 = LINE ( 'NONE', #2327, #1900 ) ;
#6457 = EDGE_LOOP ( 'NONE', ( #9074, #1519, #3259, #1576 ) ) ;
#6458 = CARTESIAN_POINT ( 'NONE',  ( -5.149999830640999754, -0.4999999835569999274, 0.3499999892349999753 ) ) ;
#6459 = CARTESIAN_POINT ( 'NONE',  ( 5.149999830640999754, -0.4999999835569999274, 0.3499999892349999753 ) ) ;
#6460 = EDGE_CURVE ( 'NONE', #2011, #1346, #7728, .T. ) ;
#6461 = VECTOR ( 'NONE', #1653, 1000.000000000000000 ) ;
#6462 = CARTESIAN_POINT ( 'NONE',  ( 4.393053853472999926, -5.150999830607999819, 0.7797750046479999808 ) ) ;
#6463 = AXIS2_PLACEMENT_3D ( 'NONE', #4371, #9158, #8359 ) ;
#6464 = DIRECTION ( 'NONE',  ( -0.9999748501857349536, 1.224615999507675162E-16, 0.007092178509953119860 ) ) ;
#6465 = CARTESIAN_POINT ( 'NONE',  ( 4.225613530116000049, -5.150999830607999819, 0.7308449608110000328 ) ) ;
#6466 = ORIENTED_EDGE ( 'NONE', *, *, #9582, .F. ) ;
#6467 = CARTESIAN_POINT ( 'NONE',  ( 3.806849027234000094, -5.150999830607999819, 0.6587425809679999800 ) ) ;
#6468 = PRESENTATION_STYLE_ASSIGNMENT (( #5739 ) ) ;
#6469 = VECTOR ( 'NONE', #7420, 1000.000000000000000 ) ;
#6470 = CARTESIAN_POINT ( 'NONE',  ( 3.489022267440999858, -5.150999830607999819, 1.030224031716000077 ) ) ;
#6471 = FACE_OUTER_BOUND ( 'NONE', #9505, .T. ) ;
#6472 = STYLED_ITEM ( 'NONE', ( #332 ), #232 ) ;
#6473 = AXIS2_PLACEMENT_3D ( 'NONE', #638, #1483, #6427 ) ;
#6474 = LINE ( 'NONE', #5489, #9866 ) ;
#6475 = CIRCLE ( 'NONE', #6657, 5.099999832285000423 ) ;
#6476 = VECTOR ( 'NONE', #8436, 1000.000000000000000 ) ;
#6477 = CARTESIAN_POINT ( 'NONE',  ( 2.249999926008000362, -0.4499999852019999635, -3.712307892621000249 ) ) ;
#6478 = VECTOR ( 'NONE', #4700, 1000.000000000000000 ) ;
#6479 = B_SPLINE_CURVE_WITH_KNOTS ( 'NONE', 3,
 ( #8684, #7040, #6435, #1391 ),
 .UNSPECIFIED., .F., .F.,
 ( 4, 4 ),
 ( 4.000000000000000000, 5.000000000000000000 ),
 .UNSPECIFIED. ) ;
#6480 = ORIENTED_EDGE ( 'NONE', *, *, #4948, .T. ) ;
#6481 = CARTESIAN_POINT ( 'NONE',  ( 4.360954916044000207, -5.149999830640999754, 0.8720235486440000017 ) ) ;
#6482 = EDGE_CURVE ( 'NONE', #1112, #2490, #6174, .T. ) ;
#6483 = EDGE_CURVE ( 'NONE', #7514, #2055, #10059, .T. ) ;
#6484 = ORIENTED_EDGE ( 'NONE', *, *, #10204, .F. ) ;
#6485 =( NAMED_UNIT ( * ) SI_UNIT ( $, .STERADIAN. ) SOLID_ANGLE_UNIT ( ) );
#6486 = FACE_OUTER_BOUND ( 'NONE', #5992, .T. ) ;
#6487 = VECTOR ( 'NONE', #3651, 1000.000000000000114 ) ;
#6488 = ORIENTED_EDGE ( 'NONE', *, *, #6404, .T. ) ;
#6489 = VECTOR ( 'NONE', #4058, 1000.000000000000000 ) ;
#6490 = FACE_OUTER_BOUND ( 'NONE', #6533, .T. ) ;
#6491 = EDGE_CURVE ( 'NONE', #802, #3031, #9275, .T. ) ;
#6492 = MECHANICAL_DESIGN_GEOMETRIC_PRESENTATION_REPRESENTATION (  '', ( #3789 ), #9227 ) ;
#6493 = CARTESIAN_POINT ( 'NONE',  ( 3.665320914043999956, -5.149999830640999754, 0.8034445021470000281 ) ) ;
#6494 = AXIS2_PLACEMENT_3D ( 'NONE', #1266, #3717, #5372 ) ;
#6495 = PLANE ( 'NONE',  #5646 ) ;
#6496 = ORIENTED_EDGE ( 'NONE', *, *, #9037, .T. ) ;
#6497 = ORIENTED_EDGE ( 'NONE', *, *, #1949, .F. ) ;
#6498 = ADVANCED_FACE ( 'NONE', ( #8371 ), #361, .F. ) ;
#6499 = FACE_OUTER_BOUND ( 'NONE', #773, .T. ) ;
#6500 = VECTOR ( 'NONE', #9886, 1000.000000000000114 ) ;
#6501 = CARTESIAN_POINT ( 'NONE',  ( 4.207063169991999807, -5.150999830607999819, 0.7468852222829999166 ) ) ;
#6502 = ORIENTED_EDGE ( 'NONE', *, *, #5860, .F. ) ;
#6503 = CARTESIAN_POINT ( 'NONE',  ( 4.421348923420999277, -5.149999830640999754, 0.7009666530580000998 ) ) ;
#6504 = CARTESIAN_POINT ( 'NONE',  ( 3.529891429088999999, -5.149999830640999754, 0.7891201911100000910 ) ) ;
#6505 = CARTESIAN_POINT ( 'NONE',  ( 3.547707412208999767, -5.149999830640999754, 1.226638933078000093 ) ) ;
#6506 = SURFACE_SIDE_STYLE ('',( #5673 ) ) ;
#6507 = EDGE_CURVE ( 'NONE', #7229, #4582, #2038, .T. ) ;
#6508 = CARTESIAN_POINT ( 'NONE',  ( 3.012715674600999982, -5.149999830640999754, 1.024038874869000137 ) ) ;
#6509 = ORIENTED_EDGE ( 'NONE', *, *, #202, .F. ) ;
#6510 = MECHANICAL_DESIGN_GEOMETRIC_PRESENTATION_REPRESENTATION (  '', ( #6340 ), #7710 ) ;
#6511 = VERTEX_POINT ( 'NONE', #274 ) ;
#6512 = SURFACE_STYLE_FILL_AREA ( #5928 ) ;
#6513 = VERTEX_POINT ( 'NONE', #2884 ) ;
#6514 = PLANE ( 'NONE',  #5134 ) ;
#6515 = ORIENTED_EDGE ( 'NONE', *, *, #7220, .T. ) ;
#6516 = DIRECTION ( 'NONE',  ( -1.000000000000000000, 1.224646799146999945E-16, 0.000000000000000000 ) ) ;
#6517 = DIRECTION ( 'NONE',  ( 1.224646799146999945E-16, 1.000000000000000000, 0.000000000000000000 ) ) ;
#6518 = EDGE_CURVE ( 'NONE', #10359, #9080, #9375, .T. ) ;
#6519 = PLANE ( 'NONE',  #7273 ) ;
#6520 = CARTESIAN_POINT ( 'NONE',  ( 2.528773455554000016, -5.150999830607999819, 1.091096276592999903 ) ) ;
#6521 = ADVANCED_FACE ( 'NONE', ( #5599 ), #9292, .F. ) ;
#6522 = CARTESIAN_POINT ( 'NONE',  ( 2.952416451388000240, -5.149999830640999754, 0.8813102736230000733 ) ) ;
#6523 = ORIENTED_EDGE ( 'NONE', *, *, #5001, .T. ) ;
#6524 = SURFACE_SIDE_STYLE ('',( #3286 ) ) ;
#6525 = B_SPLINE_CURVE_WITH_KNOTS ( 'NONE', 3,
 ( #7095, #6125, #7935, #8692 ),
 .UNSPECIFIED., .F., .F.,
 ( 4, 4 ),
 ( 18.00000000000000000, 19.00000000000000000 ),
 .UNSPECIFIED. ) ;
#6526 = FACE_OUTER_BOUND ( 'NONE', #9853, .T. ) ;
#6527 = LINE ( 'NONE', #8889, #962 ) ;
#6528 = LINE ( 'NONE', #4085, #3948 ) ;
#6529 = CARTESIAN_POINT ( 'NONE',  ( 3.797024665003999822, -5.149999830640999754, 0.6369767941689999935 ) ) ;
#6530 = CARTESIAN_POINT ( 'NONE',  ( 3.677185282243000231, -5.149999830640999754, 0.7829805887779999196 ) ) ;
#6531 = ORIENTED_EDGE ( 'NONE', *, *, #5549, .T. ) ;
#6532 = CARTESIAN_POINT ( 'NONE',  ( 2.954723762168999457, -5.150999830607999819, 0.7988705317950000051 ) ) ;
#6533 = EDGE_LOOP ( 'NONE', ( #9884, #2135, #5129, #1956 ) ) ;
#6534 = CARTESIAN_POINT ( 'NONE',  ( 3.489029962721999834, -5.149999830640999754, 0.7307661757790000490 ) ) ;
#6535 = LINE ( 'NONE', #4152, #2237 ) ;
#6536 = ORIENTED_EDGE ( 'NONE', *, *, #4552, .T. ) ;
#6537 = CARTESIAN_POINT ( 'NONE',  ( 3.072553469417000027, -5.149999830640999754, 1.101699746831000137 ) ) ;
#6538 = CARTESIAN_POINT ( 'NONE',  ( 4.192539760425000317, -5.149999830640999754, 0.8762333827260000430 ) ) ;
#6539 = LINE ( 'NONE', #5004, #6620 ) ;
#6540 = CARTESIAN_POINT ( 'NONE',  ( 3.762855115409999840, -5.150999830607999819, 0.7451487193829999800 ) ) ;
#6541 = LINE ( 'NONE', #4705, #189 ) ;
#6542 = APPLICATION_PROTOCOL_DEFINITION ( 'draft international standard', 'automotive_design', 1998, #9858 ) ;
#6543 = ORIENTED_EDGE ( 'NONE', *, *, #2509, .T. ) ;
#6544 = ORIENTED_EDGE ( 'NONE', *, *, #7504, .F. ) ;
#6545 = SURFACE_STYLE_FILL_AREA ( #759 ) ;
#6546 = CARTESIAN_POINT ( 'NONE',  ( 3.572679779026000091, -5.150999830607999819, 1.236443746853000070 ) ) ;
#6547 = ORIENTED_EDGE ( 'NONE', *, *, #3914, .T. ) ;
#6548 = PRESENTATION_STYLE_ASSIGNMENT (( #5669 ) ) ;
#6549 = AXIS2_PLACEMENT_3D ( 'NONE', #6762, #3468, #9001 ) ;
#6550 = SURFACE_STYLE_FILL_AREA ( #1772 ) ;
#6551 = CARTESIAN_POINT ( 'NONE',  ( 4.048737857553000197, -5.150999830607999819, 0.8835959597410000255 ) ) ;
#6552 = CARTESIAN_POINT ( 'NONE',  ( 4.042340543815000409, -5.150999830607999819, 0.7952596890100001037 ) ) ;
#6553 = COLOUR_RGB ( '',0.2470588235294117752, 0.2470588235294117752, 0.2470588235294117752 ) ;
#6554 = ADVANCED_FACE ( 'NONE', ( #7038 ), #7667, .F. ) ;
#6555 = CARTESIAN_POINT ( 'NONE',  ( 4.267364653849000433, -5.150999830607999819, 0.7020587644519999948 ) ) ;
#6556 = EDGE_CURVE ( 'NONE', #2604, #7338, #1333, .T. ) ;
#6557 = LINE ( 'NONE', #9798, #1712 ) ;
#6558 = ORIENTED_EDGE ( 'NONE', *, *, #4591, .T. ) ;
#6559 = EDGE_LOOP ( 'NONE', ( #5784, #8981, #985, #5663 ) ) ;
#6560 = VECTOR ( 'NONE', #8527, 1000.000000000000000 ) ;
#6561 = B_SPLINE_CURVE_WITH_KNOTS ( 'NONE', 3,
 ( #10429, #6395, #2368, #5617 ),
 .UNSPECIFIED., .F., .F.,
 ( 4, 4 ),
 ( 3.000000000000000000, 4.000000000000000000 ),
 .UNSPECIFIED. ) ;
#6562 = ORIENTED_EDGE ( 'NONE', *, *, #2636, .F. ) ;
#6563 = FACE_OUTER_BOUND ( 'NONE', #9016, .T. ) ;
#6564 = EDGE_CURVE ( 'NONE', #9393, #9839, #9430, .T. ) ;
#6565 = LINE ( 'NONE', #5878, #3351 ) ;
#6566 = CARTESIAN_POINT ( 'NONE',  ( 3.649847018507999863, -5.150999830607999819, 1.062668429436999906 ) ) ;
#6567 = STYLED_ITEM ( 'NONE', ( #5799 ), #7669 ) ;
#6568 = CARTESIAN_POINT ( 'NONE',  ( 3.124699917163999974, -5.150999830607999819, 0.9104548214489999181 ) ) ;
#6569 = ORIENTED_EDGE ( 'NONE', *, *, #933, .T. ) ;
#6570 = CARTESIAN_POINT ( 'NONE',  ( 3.842526218009000516, -5.149999830640999754, 0.7411523761830000057 ) ) ;
#6571 = CARTESIAN_POINT ( 'NONE',  ( 3.489029962721999834, -5.149999830640999754, 0.7307661757790000490 ) ) ;
#6572 = VECTOR ( 'NONE', #2210, 1000.000000000000000 ) ;
#6573 = ORIENTED_EDGE ( 'NONE', *, *, #2352, .T. ) ;
#6574 = DIRECTION ( 'NONE',  ( -1.224646799147311792E-16, -1.000000000000000000, 0.000000000000000000 ) ) ;
#6575 = CARTESIAN_POINT ( 'NONE',  ( 3.562050848458000019, -5.149999830640999754, 0.7933631763709999563 ) ) ;
#6576 = DIRECTION ( 'NONE',  ( 0.000000000000000000, 0.000000000000000000, -1.000000000000000000 ) ) ;
#6577 = DIRECTION ( 'NONE',  ( 0.9999748501857348426, -1.224615999507675655E-16, -0.007092178509961118670 ) ) ;
#6578 = DIRECTION ( 'NONE',  ( 0.000000000000000000, 0.000000000000000000, 1.000000000000000000 ) ) ;
#6579 = LINE ( 'NONE', #5947, #8343 ) ;
#6580 = EDGE_CURVE ( 'NONE', #5317, #3475, #5500, .T. ) ;
#6581 = CARTESIAN_POINT ( 'NONE',  ( 3.528221963638999981, -5.150999830607999819, 0.8176221140439999813 ) ) ;
#6582 = AXIS2_PLACEMENT_3D ( 'NONE', #4299, #5034, #298 ) ;
#6583 = ORIENTED_EDGE ( 'NONE', *, *, #8618, .F. ) ;
#6584 = CIRCLE ( 'NONE', #6761, 0.4999999835569998163 ) ;
#6585 = CARTESIAN_POINT ( 'NONE',  ( 4.105809961871999647, -5.150999830607999819, 1.197101983420000071 ) ) ;
#6586 = EDGE_CURVE ( 'NONE', #8362, #9122, #2193, .T. ) ;
#6587 = VERTEX_POINT ( 'NONE', #5445 ) ;
#6588 = LINE ( 'NONE', #6534, #10479 ) ;
#6589 = CARTESIAN_POINT ( 'NONE',  ( 3.534044812642999744, -5.150999830607999819, 0.7076756440860000330 ) ) ;
#6590 = ORIENTED_EDGE ( 'NONE', *, *, #4463, .F. ) ;
#6591 =( NAMED_UNIT ( * ) PLANE_ANGLE_UNIT ( ) SI_UNIT ( $, .RADIAN. ) );
#6592 = CARTESIAN_POINT ( 'NONE',  ( 2.382732396812999642, -5.149999830640999754, 0.8882427342599999998 ) ) ;
#6593 = SURFACE_STYLE_USAGE ( .BOTH. , #8083 ) ;
#6594 = B_SPLINE_CURVE_WITH_KNOTS ( 'NONE', 3,
 ( #7280, #2596, #8226, #4246 ),
 .UNSPECIFIED., .F., .F.,
 ( 4, 4 ),
 ( 10.00000000000000000, 11.00000000000000000 ),
 .UNSPECIFIED. ) ;
#6595 = CARTESIAN_POINT ( 'NONE',  ( 3.634640383639000216, -5.149999830640999754, 1.029711148084000216 ) ) ;
#6596 = EDGE_CURVE ( 'NONE', #3319, #8281, #1625, .T. ) ;
#6597 = ADVANCED_FACE ( 'NONE', ( #598 ), #4446, .F. ) ;
#6598 = PLANE ( 'NONE',  #6549 ) ;
#6599 = ORIENTED_EDGE ( 'NONE', *, *, #9715, .F. ) ;
#6600 = ORIENTED_EDGE ( 'NONE', *, *, #8879, .F. ) ;
#6601 = LINE ( 'NONE', #5009, #993 ) ;
#6602 =( GEOMETRIC_REPRESENTATION_CONTEXT ( 3 ) GLOBAL_UNCERTAINTY_ASSIGNED_CONTEXT ( ( #3145 ) ) GLOBAL_UNIT_ASSIGNED_CONTEXT ( ( #141, #7481, #4142 ) ) REPRESENTATION_CONTEXT ( 'NONE', 'WORKASPACE' ) );
#6603 = CARTESIAN_POINT ( 'NONE',  ( 3.078480758888999969, -5.149999830640999754, 0.7141234516050000147 ) ) ;
#6604 = VERTEX_POINT ( 'NONE', #9526 ) ;
#6605 =( NAMED_UNIT ( * ) SI_UNIT ( $, .STERADIAN. ) SOLID_ANGLE_UNIT ( ) );
#6606 = PLANE ( 'NONE',  #458 ) ;
#6607 = B_SPLINE_CURVE_WITH_KNOTS ( 'NONE', 3,
 ( #9732, #2453, #5691, #6260 ),
 .UNSPECIFIED., .F., .F.,
 ( 4, 4 ),
 ( 5.000000000000000000, 6.000000000000000000 ),
 .UNSPECIFIED. ) ;
#6608 = LINE ( 'NONE', #1773, #2416 ) ;
#6609 = CARTESIAN_POINT ( 'NONE',  ( 3.672447498579999969, -5.150999830607999819, 0.7893568734279999832 ) ) ;
#6610 = CARTESIAN_POINT ( 'NONE',  ( 3.603967143835999920, -5.149999830640999754, 0.7292231514480000953 ) ) ;
#6611 = ORIENTED_EDGE ( 'NONE', *, *, #8628, .T. ) ;
#6612 = ORIENTED_EDGE ( 'NONE', *, *, #1490, .T. ) ;
#6613 = VERTEX_POINT ( 'NONE', #10215 ) ;
#6614 = SURFACE_STYLE_FILL_AREA ( #9852 ) ;
#6615 = ADVANCED_FACE ( 'NONE', ( #8748 ), #1488, .T. ) ;
#6616 = EDGE_LOOP ( 'NONE', ( #8290, #6337, #1876, #4998 ) ) ;
#6617 = DIRECTION ( 'NONE',  ( 0.007092178509975118755, -8.685413711222699275E-19, 0.9999748501857348426 ) ) ;
#6618 = ORIENTED_EDGE ( 'NONE', *, *, #8391, .T. ) ;
#6619 = CARTESIAN_POINT ( 'NONE',  ( 4.090506286169000028, -5.150999830607999819, 0.7033131071129999912 ) ) ;
#6620 = VECTOR ( 'NONE', #1066, 1000.000000000000000 ) ;
#6621 = DIRECTION ( 'NONE',  ( 1.000000000000000000, -1.224646799147000192E-16, 0.000000000000000000 ) ) ;
#6622 = ORIENTED_EDGE ( 'NONE', *, *, #7401, .T. ) ;
#6623 = EDGE_CURVE ( 'NONE', #735, #6788, #8744, .T. ) ;
#6624 = B_SPLINE_SURFACE_WITH_KNOTS ( 'NONE', 3, 1, ( 
 ( #1115, #6757 ),
 ( #5228, #5173 ),
 ( #9992, #2028 ),
 ( #4418, #1925 ) ),
 .UNSPECIFIED., .F., .F., .F.,
 ( 4, 4 ),
 ( 2, 2 ),
 ( 28.00000000000000000, 29.00000000000000000 ),
 ( 0.000000000000000000, 1.000000000000000000 ),
 .UNSPECIFIED. ) ;
#6625 = DIRECTION ( 'NONE',  ( 1.000000000000000000, -1.224646799146999945E-16, 0.000000000000000000 ) ) ;
#6626 = ORIENTED_EDGE ( 'NONE', *, *, #8210, .T. ) ;
#6627 = DIRECTION ( 'NONE',  ( 0.7071067811865474617, 0.7071067811865474617, 0.000000000000000000 ) ) ;
#6628 = PLANE ( 'NONE',  #3599 ) ;
#6629 = ORIENTED_EDGE ( 'NONE', *, *, #4731, .F. ) ;
#6630 = FILL_AREA_STYLE ('',( #4992 ) ) ;
#6631 = DIRECTION ( 'NONE',  ( -0.9999748501857348426, 0.000000000000000000, 0.007092178509961118670 ) ) ;
#6632 = EDGE_CURVE ( 'NONE', #2256, #6182, #9677, .T. ) ;
#6633 = CARTESIAN_POINT ( 'NONE',  ( 3.954923132601000368, -5.150999830607999819, 1.187774286336999996 ) ) ;
#6634 = VECTOR ( 'NONE', #6348, 1000.000000000000000 ) ;
#6635 = VECTOR ( 'NONE', #8925, 1000.000000000000000 ) ;
#6636 = EDGE_CURVE ( 'NONE', #5002, #5340, #9480, .T. ) ;
#6637 = EDGE_CURVE ( 'NONE', #3589, #273, #7291, .T. ) ;
#6638 = CARTESIAN_POINT ( 'NONE',  ( 2.527942810622999747, -5.150999830607999819, 1.177863494496000030 ) ) ;
#6639 = VERTEX_POINT ( 'NONE', #892 ) ;
#6640 = VERTEX_POINT ( 'NONE', #4095 ) ;
#6641 = PRESENTATION_STYLE_ASSIGNMENT (( #2545 ) ) ;
#6642 = VECTOR ( 'NONE', #1463, 1000.000000000000000 ) ;
#6643 = CARTESIAN_POINT ( 'NONE',  ( 3.942708420406999537, -5.150999830607999819, 0.7043613423229999615 ) ) ;
#6644 = EDGE_LOOP ( 'NONE', ( #593, #6213, #2295, #7749, #7176 ) ) ;
#6645 = PLANE ( 'NONE',  #4135 ) ;
#6646 = CARTESIAN_POINT ( 'NONE',  ( 3.498034028674999796, -5.150999830607999819, 1.128003794546999838 ) ) ;
#6647 = CARTESIAN_POINT ( 'NONE',  ( 2.648941158515000005, -5.150999830607999819, 0.9080450390709998709 ) ) ;
#6648 = VECTOR ( 'NONE', #801, 1000.000000000000000 ) ;
#6649 = VECTOR ( 'NONE', #10051, 1000.000000000000227 ) ;
#6650 = PRESENTATION_LAYER_ASSIGNMENT (  '', '', ( #708 ) ) ;
#6651 = B_SPLINE_SURFACE_WITH_KNOTS ( 'NONE', 3, 1, ( 
 ( #3565, #315 ),
 ( #263, #9889 ),
 ( #2549, #8236 ),
 ( #4417, #1114 ) ),
 .UNSPECIFIED., .F., .F., .F.,
 ( 4, 4 ),
 ( 2, 2 ),
 ( 4.000000000000000000, 5.000000000000000000 ),
 ( 0.000000000000000000, 1.000000000000000000 ),
 .UNSPECIFIED. ) ;
#6652 = CARTESIAN_POINT ( 'NONE',  ( 4.355807136685999836, -5.150999830607999819, 0.8645736134990000821 ) ) ;
#6653 = CARTESIAN_POINT ( 'NONE',  ( 4.226662871448999326, -5.149999830640999754, 0.8787987863330000149 ) ) ;
#6654 = ORIENTED_EDGE ( 'NONE', *, *, #8453, .F. ) ;
#6655 = ORIENTED_EDGE ( 'NONE', *, *, #557, .T. ) ;
#6656 = LINE ( 'NONE', #5065, #2371 ) ;
#6657 = AXIS2_PLACEMENT_3D ( 'NONE', #5577, #9714, #4984 ) ;
#6658 = CARTESIAN_POINT ( 'NONE',  ( 3.690314330835000156, -5.150999830607999819, 1.028796396564999993 ) ) ;
#6659 = TOROIDAL_SURFACE ( 'NONE', #543, 4.499999852016000723, 0.4999999835569999274 ) ;
#6660 = ORIENTED_EDGE ( 'NONE', *, *, #4492, .F. ) ;
#6661 = DIRECTION ( 'NONE',  ( -1.000000000000000000, 1.224646799146999945E-16, 0.000000000000000000 ) ) ;
#6662 = ORIENTED_EDGE ( 'NONE', *, *, #9403, .T. ) ;
#6663 = LINE ( 'NONE', #9752, #7081 ) ;
#6664 = EDGE_CURVE ( 'NONE', #10492, #2055, #2401, .T. ) ;
#6666 = CARTESIAN_POINT ( 'NONE',  ( -8.299999727051998732, -0.4999999835569999274, 0.3499999892349999753 ) ) ;
#6665 = VECTOR ( 'NONE', #6158, 1000.000000000000000 ) ;
#6667 = CARTESIAN_POINT ( 'NONE',  ( 3.973219440545999959, -5.149999830640999754, 1.055280015054000042 ) ) ;
#6668 = CARTESIAN_POINT ( 'NONE',  ( 5.149999830640999754, 1.249999958892999974, 0.5499999826579999862 ) ) ;
#6669 = VECTOR ( 'NONE', #437, 1000.000000000000000 ) ;
#6670 = LINE ( 'NONE', #5137, #6123 ) ;
#6671 = VERTEX_POINT ( 'NONE', #4858 ) ;
#6672 = CARTESIAN_POINT ( 'NONE',  ( 4.499999852016000723, -5.510910414935000200E-16, 3.027168101175000015 ) ) ;
#6673 = VECTOR ( 'NONE', #10036, 1000.000000000000114 ) ;
#6674 = ORIENTED_EDGE ( 'NONE', *, *, #6177, .F. ) ;
#6675 = FACE_OUTER_BOUND ( 'NONE', #2110, .T. ) ;
#6676 = EDGE_LOOP ( 'NONE', ( #8973, #8032, #4440, #1673 ) ) ;
#6677 = LINE ( 'NONE', #6035, #2765 ) ;
#6678 = LINE ( 'NONE', #182, #800 ) ;
#6679 = CARTESIAN_POINT ( 'NONE',  ( 3.717382400487999838, -5.150999830607999819, 1.143500555746000069 ) ) ;
#6680 = ADVANCED_FACE ( 'NONE', ( #152 ), #5697, .F. ) ;
#6681 = VERTEX_POINT ( 'NONE', #4904 ) ;
#6682 = EDGE_CURVE ( 'NONE', #1435, #3679, #8944, .T. ) ;
#6683 = B_SPLINE_SURFACE_WITH_KNOTS ( 'NONE', 3, 1, ( 
 ( #4770, #3859 ),
 ( #4715, #2319 ),
 ( #714, #3810 ),
 ( #7213, #7052 ) ),
 .UNSPECIFIED., .F., .F., .F.,
 ( 4, 4 ),
 ( 2, 2 ),
 ( 2.000000000000000000, 3.000000000000000000 ),
 ( 0.000000000000000000, 1.000000000000000000 ),
 .UNSPECIFIED. ) ;
#6684 = CARTESIAN_POINT ( 'NONE',  ( 3.547398067840000113, -5.150999830607999819, 1.190352664324999976 ) ) ;
#6685 = VECTOR ( 'NONE', #8982, 1000.000000000000000 ) ;
#6686 = ORIENTED_EDGE ( 'NONE', *, *, #1729, .F. ) ;
#6687 = DIRECTION ( 'NONE',  ( 0.000000000000000000, -1.000000000000000000, 1.726713446069260113E-14 ) ) ;
#6688 = VERTEX_POINT ( 'NONE', #7238 ) ;
#6689 = CARTESIAN_POINT ( 'NONE',  ( 5.149999830640999754, 5.149999830640999754, 0.5499999826579999862 ) ) ;
#6690 = CARTESIAN_POINT ( 'NONE',  ( 3.079106325858999682, -5.150999830607999819, 0.8023264257020000789 ) ) ;
#6691 = CARTESIAN_POINT ( 'NONE',  ( 4.042505724740999895, -5.150999830607999819, 0.8185496798160000198 ) ) ;
#6692 = CARTESIAN_POINT ( 'NONE',  ( 3.586492276583000294, -5.149999830640999754, 0.7283073054109999722 ) ) ;
#6693 = UNCERTAINTY_MEASURE_WITH_UNIT (LENGTH_MEASURE( 1.000000000000000082E-05 ), #9921, 'distance_accuracy_value', 'NONE');
#6694 =( NAMED_UNIT ( * ) SI_UNIT ( $, .STERADIAN. ) SOLID_ANGLE_UNIT ( ) );
#6695 = EDGE_CURVE ( 'NONE', #2853, #5865, #8897, .T. ) ;
#6696 = SURFACE_STYLE_FILL_AREA ( #8177 ) ;
#6697 = ADVANCED_FACE ( 'NONE', ( #6486 ), #10519, .F. ) ;
#6698 = FACE_OUTER_BOUND ( 'NONE', #7452, .T. ) ;
#6699 = ORIENTED_EDGE ( 'NONE', *, *, #7594, .T. ) ;
#6700 = DIRECTION ( 'NONE',  ( -0.9999748501857348426, 1.224615999507675655E-16, 0.007092178509961118670 ) ) ;
#6701 = CARTESIAN_POINT ( 'NONE',  ( 2.249999926008000362, 0.4499999852019999635, 7.450579042612001036E-10 ) ) ;
#6702 = ORIENTED_EDGE ( 'NONE', *, *, #9593, .F. ) ;
#6703 = LINE ( 'NONE', #3909, #207 ) ;
#6704 = CARTESIAN_POINT ( 'NONE',  ( 3.615845204104000121, -5.149999830640999754, 1.025893270880999797 ) ) ;
#6705 = CARTESIAN_POINT ( 'NONE',  ( -5.799999809265000472, 0.4499999852019999635, 0.3499999892349999753 ) ) ;
#6706 = CARTESIAN_POINT ( 'NONE',  ( 3.849438959200000010, -5.149999830640999754, 0.7408953917490000984 ) ) ;
#6707 = CARTESIAN_POINT ( 'NONE',  ( 3.672447498579999969, -5.149999830640999754, 0.7893568734279999832 ) ) ;
#6708 = EDGE_CURVE ( 'NONE', #2951, #3577, #3241, .T. ) ;
#6709 = CARTESIAN_POINT ( 'NONE',  ( 2.946058334734000361, -5.149999830640999754, 0.8003779915239999099 ) ) ;
#6710 = ORIENTED_EDGE ( 'NONE', *, *, #9402, .T. ) ;
#6711 = ORIENTED_EDGE ( 'NONE', *, *, #10478, .F. ) ;
#6712 = CARTESIAN_POINT ( 'NONE',  ( 4.004205665378000489, -5.149999830640999754, 1.099355049473999868 ) ) ;
#6713 = ADVANCED_FACE ( 'NONE', ( #2459 ), #6914, .F. ) ;
#6714 = SURFACE_SIDE_STYLE ('',( #1124 ) ) ;
#6715 = ORIENTED_EDGE ( 'NONE', *, *, #9354, .F. ) ;
#6716 = ORIENTED_EDGE ( 'NONE', *, *, #2925, .T. ) ;
#6717 = CARTESIAN_POINT ( 'NONE',  ( -5.149999830640999754, 3.649999879969000105, 1.049999966214999914 ) ) ;
#6718 = CARTESIAN_POINT ( 'NONE',  ( 3.736688164383000110, -5.149999830640999754, 0.7428388230599999309 ) ) ;
#6719 = DIRECTION ( 'NONE',  ( 0.007092178509961118670, -8.685413711205689461E-19, 0.9999748501857348426 ) ) ;
#6720 = DIRECTION ( 'NONE',  ( 1.000000000000000000, -1.224646799147000192E-16, 0.000000000000000000 ) ) ;
#6721 = EDGE_CURVE ( 'NONE', #6167, #5356, #6535, .T. ) ;
#6722 = ORIENTED_EDGE ( 'NONE', *, *, #9550, .T. ) ;
#6723 = DIRECTION ( 'NONE',  ( 0.000000000000000000, 0.000000000000000000, -1.000000000000000000 ) ) ;
#6724 = EDGE_CURVE ( 'NONE', #3580, #2962, #1225, .T. ) ;
#6725 = CARTESIAN_POINT ( 'NONE',  ( 4.944441160745000730, -1.249999958892999974, 0.5499999826579999862 ) ) ;
#6726 = EDGE_LOOP ( 'NONE', ( #2620, #9944, #3570, #8822 ) ) ;
#6727 = ADVANCED_FACE ( 'NONE', ( #99 ), #5110, .F. ) ;
#6728 = CARTESIAN_POINT ( 'NONE',  ( 2.192932865141000054, -3.929509399037999895, 10.04899967027999885 ) ) ;
#6729 = EDGE_LOOP ( 'NONE', ( #6618, #1804, #247, #10497 ) ) ;
#6730 = DIRECTION ( 'NONE',  ( 0.9999748501857341765, -1.224615999507673929E-16, -0.007092178510043121650 ) ) ;
#6731 = ORIENTED_EDGE ( 'NONE', *, *, #9204, .T. ) ;
#6732 = DIRECTION ( 'NONE',  ( 1.002889906438999904E-17, 1.000000000000000000, 0.000000000000000000 ) ) ;
#6733 = B_SPLINE_CURVE_WITH_KNOTS ( 'NONE', 3,
 ( #563, #7051, #10182, #2899 ),
 .UNSPECIFIED., .F., .F.,
 ( 4, 4 ),
 ( 19.00000000000000000, 20.00000000000000000 ),
 .UNSPECIFIED. ) ;
#6734 = CARTESIAN_POINT ( 'NONE',  ( 2.561179156617999997, -5.149999830640999754, 1.174735726246999956 ) ) ;
#6735 = ADVANCED_FACE ( 'NONE', ( #9313 ), #6052, .F. ) ;
#6736 = EDGE_CURVE ( 'NONE', #8942, #7665, #5953, .T. ) ;
#6737 = VERTEX_POINT ( 'NONE', #4472 ) ;
#6738 = VECTOR ( 'NONE', #3894, 1000.000000000000000 ) ;
#6739 = DIRECTION ( 'NONE',  ( 0.000000000000000000, 0.000000000000000000, -1.000000000000000000 ) ) ;
#6740 = ORIENTED_EDGE ( 'NONE', *, *, #7684, .F. ) ;
#6741 = CARTESIAN_POINT ( 'NONE',  ( 3.479283045296999610, -5.149999830640999754, 0.8225442560619999899 ) ) ;
#6742 = ORIENTED_EDGE ( 'NONE', *, *, #9796, .F. ) ;
#6743 = CARTESIAN_POINT ( 'NONE',  ( 3.513523021490000176, -5.149999830640999754, 0.7462932011560000634 ) ) ;
#6744 = CARTESIAN_POINT ( 'NONE',  ( -2.249999926008000362, -0.4499999852019999635, -3.712307892621000249 ) ) ;
#6745 = CARTESIAN_POINT ( 'NONE',  ( 3.602975788199000107, -5.149999830640999754, 1.212521800802000005 ) ) ;
#6746 = FILL_AREA_STYLE_COLOUR ( '', #5128 ) ;
#6747 = CARTESIAN_POINT ( 'NONE',  ( 3.558550793576000348, -5.149999830640999754, 0.8349793613089999678 ) ) ;
#6748 = AXIS2_PLACEMENT_3D ( 'NONE', #9726, #3335, #9820 ) ;
#6749 = AXIS2_PLACEMENT_3D ( 'NONE', #7792, #4397, #7747 ) ;
#6750 = ORIENTED_EDGE ( 'NONE', *, *, #8289, .T. ) ;
#6751 = CARTESIAN_POINT ( 'NONE',  ( 5.149999830640999754, -5.149999830640999754, 0.3499999892349999753 ) ) ;
#6752 = CARTESIAN_POINT ( 'NONE',  ( 3.969126090162000242, -5.150999830607999819, 0.7273611627060000417 ) ) ;
#6753 = ADVANCED_FACE ( 'NONE', ( #8349 ), #6008, .F. ) ;
#6754 = ORIENTED_EDGE ( 'NONE', *, *, #516, .F. ) ;
#6755 = SURFACE_STYLE_USAGE ( .BOTH. , #2870 ) ;
#6756 = FILL_AREA_STYLE ('',( #6011 ) ) ;
#6757 = CARTESIAN_POINT ( 'NONE',  ( 2.900915972334000337, -5.149999830640999754, 0.7558714511360000721 ) ) ;
#6758 = DIRECTION ( 'NONE',  ( 1.224646799146999945E-16, 1.000000000000000000, 0.000000000000000000 ) ) ;
#6759 = VECTOR ( 'NONE', #8367, 1000.000000000000000 ) ;
#6760 = LINE ( 'NONE', #104, #9377 ) ;
#6761 = AXIS2_PLACEMENT_3D ( 'NONE', #4276, #5868, #169 ) ;
#6762 = CARTESIAN_POINT ( 'NONE',  ( 3.796343767982000461, -5.150999830607999819, 1.208031013982999946 ) ) ;
#6763 = ORIENTED_EDGE ( 'NONE', *, *, #4884, .F. ) ;
#6764 = ORIENTED_EDGE ( 'NONE', *, *, #9721, .T. ) ;
#6765 = CARTESIAN_POINT ( 'NONE',  ( -1.249999958892999974, 5.149999830640999754, 0.5499999826579999862 ) ) ;
#6766 = ADVANCED_FACE ( 'NONE', ( #6056 ), #3459, .F. ) ;
#6767 = FACE_OUTER_BOUND ( 'NONE', #8710, .T. ) ;
#6768 = ORIENTED_EDGE ( 'NONE', *, *, #1948, .T. ) ;
#6769 = ORIENTED_EDGE ( 'NONE', *, *, #10244, .F. ) ;
#6770 = CARTESIAN_POINT ( 'NONE',  ( 2.561179156617999997, -5.150999830607999819, 1.174735726246999956 ) ) ;
#6771 = VERTEX_POINT ( 'NONE', #6701 ) ;
#6772 = LINE ( 'NONE', #8477, #9812 ) ;
#6773 = CARTESIAN_POINT ( 'NONE',  ( 3.409469548933999672, -5.150999830607999819, 1.234170004743999849 ) ) ;
#6774 = B_SPLINE_SURFACE_WITH_KNOTS ( 'NONE', 3, 1, ( 
 ( #9969, #8390 ),
 ( #1895, #9021 ),
 ( #4983, #132 ),
 ( #923, #7584 ) ),
 .UNSPECIFIED., .F., .F., .F.,
 ( 4, 4 ),
 ( 2, 2 ),
 ( 1.000000000000000000, 2.000000000000000000 ),
 ( 0.000000000000000000, 1.000000000000000000 ),
 .UNSPECIFIED. ) ;
#6775 = CARTESIAN_POINT ( 'NONE',  ( 0.000000000000000000, 0.000000000000000000, 1.049999966214999914 ) ) ;
#6776 = EDGE_LOOP ( 'NONE', ( #1850, #4402, #4302, #2615 ) ) ;
#6777 = CARTESIAN_POINT ( 'NONE',  ( 3.072553469417000027, -5.150999830607999819, 1.101699746831000137 ) ) ;
#6778 = LINE ( 'NONE', #8540, #271 ) ;
#6779 = B_SPLINE_CURVE_WITH_KNOTS ( 'NONE', 3,
 ( #2456, #5544, #5694, #4746 ),
 .UNSPECIFIED., .F., .F.,
 ( 4, 4 ),
 ( 8.000000000000000000, 9.000000000000000000 ),
 .UNSPECIFIED. ) ;
#6780 = ORIENTED_EDGE ( 'NONE', *, *, #10394, .F. ) ;
#6781 = ORIENTED_EDGE ( 'NONE', *, *, #10120, .T. ) ;
#6782 = CIRCLE ( 'NONE', #2198, 0.4999999835569998163 ) ;
#6783 = PRESENTATION_STYLE_ASSIGNMENT (( #4343 ) ) ;
#6784 = ORIENTED_EDGE ( 'NONE', *, *, #1228, .F. ) ;
#6785 = CARTESIAN_POINT ( 'NONE',  ( 3.756441236525999816, -5.150999830607999819, 0.8230740329350000328 ) ) ;
#6786 = CARTESIAN_POINT ( 'NONE',  ( 3.894049763800000008, -5.150999830607999819, 1.027351432164999911 ) ) ;
#6787 = ADVANCED_FACE ( 'NONE', ( #2653 ), #5899, .F. ) ;
#6788 = VERTEX_POINT ( 'NONE', #3666 ) ;
#6789 = SURFACE_STYLE_FILL_AREA ( #5365 ) ;
#6790 = EDGE_LOOP ( 'NONE', ( #5875, #7476, #6764, #5452 ) ) ;
#6791 = CARTESIAN_POINT ( 'NONE',  ( 2.633835545335000194, -5.149999830640999754, 0.8170526218750000513 ) ) ;
#6792 = AXIS2_PLACEMENT_3D ( 'NONE', #8134, #3953, #5606 ) ;
#6793 = ORIENTED_EDGE ( 'NONE', *, *, #177, .T. ) ;
#6794 = CARTESIAN_POINT ( 'NONE',  ( 3.124279453974000198, -5.150999830607999819, 0.8511708349069999624 ) ) ;
#6795 = CARTESIAN_POINT ( 'NONE',  ( 3.214000198588000234, -5.150999830607999819, 0.8606567064119999833 ) ) ;
#6796 = CARTESIAN_POINT ( 'NONE',  ( 3.001148079577999894, -5.150999830607999819, 1.024120916380999891 ) ) ;
#6797 = UNCERTAINTY_MEASURE_WITH_UNIT (LENGTH_MEASURE( 1.000000000000000082E-05 ), #214, 'distance_accuracy_value', 'NONE');
#6798 = CARTESIAN_POINT ( 'NONE',  ( 3.513523021490000176, -5.149999830640999754, 0.7462932011560000634 ) ) ;
#6799 = CARTESIAN_POINT ( 'NONE',  ( 2.748557872854000106, -5.149999830640999754, 0.6817588517870000198 ) ) ;
#6800 = EDGE_CURVE ( 'NONE', #542, #7789, #591, .T. ) ;
#6801 = DIRECTION ( 'NONE',  ( 0.000000000000000000, 0.000000000000000000, 1.000000000000000000 ) ) ;
#6802 = CARTESIAN_POINT ( 'NONE',  ( 3.575966300094000072, -5.150999830607999819, 0.8348558443209999069 ) ) ;
#6803 = CARTESIAN_POINT ( 'NONE',  ( 3.722247340639000424, -5.149999830640999754, 0.8545100692229999906 ) ) ;
#6804 = ORIENTED_EDGE ( 'NONE', *, *, #10259, .T. ) ;
#6805 = CARTESIAN_POINT ( 'NONE',  ( 3.586492276583000294, -5.150999830607999819, 0.7283073054109999722 ) ) ;
#6806 = CARTESIAN_POINT ( 'NONE',  ( 3.675701624449999816, -5.149999830640999754, 0.7057351577930000008 ) ) ;
#6807 = CARTESIAN_POINT ( 'NONE',  ( 3.716732000589999974, -5.150999830607999819, 1.051796216947999962 ) ) ;
#6808 = STYLED_ITEM ( 'NONE', ( #2945 ), #1581 ) ;
#6809 = CARTESIAN_POINT ( 'NONE',  ( 4.229213152248999741, -5.150999830607999819, 0.8058918381530000286 ) ) ;
#6810 = CARTESIAN_POINT ( 'NONE',  ( 4.048903775893999857, -5.149999830640999754, 0.9069899237199999797 ) ) ;
#6811 = CARTESIAN_POINT ( 'NONE',  ( 3.559283009391000174, -5.149999830640999754, 0.7036494448680000735 ) ) ;
#6812 = EDGE_CURVE ( 'NONE', #8633, #2803, #5918, .T. ) ;
#6813 = ORIENTED_EDGE ( 'NONE', *, *, #2878, .F. ) ;
#6814 = ORIENTED_EDGE ( 'NONE', *, *, #7186, .F. ) ;
#6815 = EDGE_CURVE ( 'NONE', #9910, #3850, #6948, .T. ) ;
#6816 = LINE ( 'NONE', #323, #4232 ) ;
#6817 = VECTOR ( 'NONE', #1342, 1000.000000000000000 ) ;
#6818 = PRESENTATION_LAYER_ASSIGNMENT (  '', '', ( #1028 ) ) ;
#6819 = CARTESIAN_POINT ( 'NONE',  ( 3.575966300094000072, -5.149999830640999754, 0.8348558443209999069 ) ) ;
#6820 = ORIENTED_EDGE ( 'NONE', *, *, #6905, .F. ) ;
#6821 = ORIENTED_EDGE ( 'NONE', *, *, #1471, .F. ) ;
#6822 = EDGE_CURVE ( 'NONE', #679, #178, #423, .T. ) ;
#6823 = VECTOR ( 'NONE', #266, 999.9999999999998863 ) ;
#6824 = ORIENTED_EDGE ( 'NONE', *, *, #4027, .F. ) ;
#6825 =( GEOMETRIC_REPRESENTATION_CONTEXT ( 3 ) GLOBAL_UNCERTAINTY_ASSIGNED_CONTEXT ( ( #1911 ) ) GLOBAL_UNIT_ASSIGNED_CONTEXT ( ( #7133, #8794, #7977 ) ) REPRESENTATION_CONTEXT ( 'NONE', 'WORKASPACE' ) );
#6826 = DIRECTION ( 'NONE',  ( 0.9999748501857348426, -1.224615999507675655E-16, -0.007092178509961118670 ) ) ;
#6827 = CARTESIAN_POINT ( 'NONE',  ( 2.383716895936999869, -5.149999830640999754, 1.027054012421000140 ) ) ;
#6828 = DIRECTION ( 'NONE',  ( 1.224646799147213924E-16, 1.000000000000000000, 0.000000000000000000 ) ) ;
#6829 = FILL_AREA_STYLE ('',( #8377 ) ) ;
#6830 = ADVANCED_FACE ( 'NONE', ( #8566 ), #2825, .F. ) ;
#6831 = CARTESIAN_POINT ( 'NONE',  ( 3.737954652342999839, -5.149999830640999754, 0.7821336771039999469 ) ) ;
#6833 = EDGE_CURVE ( 'NONE', #3434, #8302, #8327, .T. ) ;
#6832 = AXIS2_PLACEMENT_3D ( 'NONE', #549, #7680, #10316 ) ;
#6834 = VECTOR ( 'NONE', #2329, 1000.000000000000114 ) ;
#6835 = ORIENTED_EDGE ( 'NONE', *, *, #7055, .F. ) ;
#6836 = DIRECTION ( 'NONE',  ( 1.224646799146999945E-16, 1.000000000000000000, 0.000000000000000000 ) ) ;
#6837 = MECHANICAL_DESIGN_GEOMETRIC_PRESENTATION_REPRESENTATION (  '', ( #870 ), #5142 ) ;
#6838 = VECTOR ( 'NONE', #2464, 1000.000000000000000 ) ;
#6839 = SURFACE_STYLE_FILL_AREA ( #5926 ) ;
#6840 = ORIENTED_EDGE ( 'NONE', *, *, #863, .F. ) ;
#6841 = CARTESIAN_POINT ( 'NONE',  ( 2.799166256723000235, -5.150999830607999819, 1.293067789246999943 ) ) ;
#6842 = ADVANCED_FACE ( 'NONE', ( #3779 ), #5534, .F. ) ;
#6843 = ORIENTED_EDGE ( 'NONE', *, *, #5316, .T. ) ;
#6844 = DIRECTION ( 'NONE',  ( 1.224646799146999945E-16, 1.000000000000000000, 0.000000000000000000 ) ) ;
#6845 = CARTESIAN_POINT ( 'NONE',  ( 3.719605238925999924, -5.150999830607999819, 0.8338371057050000257 ) ) ;
#6846 = EDGE_LOOP ( 'NONE', ( #4097, #10005, #8263, #3836 ) ) ;
#6847 =( GEOMETRIC_REPRESENTATION_CONTEXT ( 3 ) GLOBAL_UNCERTAINTY_ASSIGNED_CONTEXT ( ( #4154 ) ) GLOBAL_UNIT_ASSIGNED_CONTEXT ( ( #9011, #4017, #10433 ) ) REPRESENTATION_CONTEXT ( 'NONE', 'WORKASPACE' ) );
#6848 = LINE ( 'NONE', #5312, #4383 ) ;
#6849 = VECTOR ( 'NONE', #3052, 1000.000000000000114 ) ;
#6850 = CARTESIAN_POINT ( 'NONE',  ( 3.513523021490000176, -5.150999830607999819, 0.7462932011560000634 ) ) ;
#6851 = VECTOR ( 'NONE', #4620, 1000.000000000000000 ) ;
#6852 = ORIENTED_EDGE ( 'NONE', *, *, #2834, .F. ) ;
#6853 = EDGE_LOOP ( 'NONE', ( #3957, #4916, #5897, #2310, #9084, #8669, #9501, #600, #2398, #3321, #6270, #9322, #6715, #6401 ) ) ;
#6854 = AXIS2_PLACEMENT_3D ( 'NONE', #4314, #1000, #9357 ) ;
#6855 = FACE_OUTER_BOUND ( 'NONE', #3958, .T. ) ;
#6856 = VERTEX_POINT ( 'NONE', #1317 ) ;
#6857 = CARTESIAN_POINT ( 'NONE',  ( 5.149999830640999754, 0.4499999852019999635, 0.3499999892349999753 ) ) ;
#6858 = EDGE_LOOP ( 'NONE', ( #9736, #9441, #3311, #758 ) ) ;
#6859 = FILL_AREA_STYLE_COLOUR ( '', #2854 ) ;
#6860 = FILL_AREA_STYLE ('',( #3609 ) ) ;
#6861 = ADVANCED_FACE ( 'NONE', ( #2335 ), #3720, .T. ) ;
#6862 = CARTESIAN_POINT ( 'NONE',  ( 3.604483687853999641, -5.149999830640999754, 0.7067601528329999772 ) ) ;
#6863 = CARTESIAN_POINT ( 'NONE',  ( 4.090506286169000028, -5.149999830640999754, 0.7033131071129999912 ) ) ;
#6864 = DIRECTION ( 'NONE',  ( 1.224646799146999945E-16, 1.000000000000000000, 0.000000000000000000 ) ) ;
#6865 = VECTOR ( 'NONE', #1219, 1000.000000000000000 ) ;
#6866 = EDGE_CURVE ( 'NONE', #7229, #336, #7962, .T. ) ;
#6867 = DIRECTION ( 'NONE',  ( 0.9999748501857348426, -1.224615999507675655E-16, -0.007092178509961118670 ) ) ;
#6868 = SURFACE_STYLE_FILL_AREA ( #2868 ) ;
#6869 = EDGE_LOOP ( 'NONE', ( #6117, #1899, #181, #7044, #2928, #2119, #6879, #3023, #10118, #100, #1610, #3272, #9219, #9471, #2934, #6488 ) ) ;
#6870 = LINE ( 'NONE', #2709, #4486 ) ;
#6871 = SURFACE_STYLE_FILL_AREA ( #1370 ) ;
#6872 = CARTESIAN_POINT ( 'NONE',  ( 4.225613530116000049, -5.149999830640999754, 0.7308449608110000328 ) ) ;
#6873 = LINE ( 'NONE', #5116, #8143 ) ;
#6874 = DIRECTION ( 'NONE',  ( 0.000000000000000000, 0.000000000000000000, 1.000000000000000000 ) ) ;
#6875 = DIRECTION ( 'NONE',  ( 0.3382111624799746807, -4.141892175665691730E-17, 0.9410702468859294401 ) ) ;
#6876 = ADVANCED_FACE ( 'NONE', ( #3929 ), #6155, .F. ) ;
#6877 = ORIENTED_EDGE ( 'NONE', *, *, #4236, .T. ) ;
#6878 = CARTESIAN_POINT ( 'NONE',  ( 5.149999830640999754, -5.149999830640999754, 2.049999933330000079 ) ) ;
#6879 = ORIENTED_EDGE ( 'NONE', *, *, #6905, .T. ) ;
#6880 = EDGE_LOOP ( 'NONE', ( #6515, #10416, #4167, #272 ) ) ;
#6881 = CARTESIAN_POINT ( 'NONE',  ( 4.004429102078000291, -5.150999830607999819, 1.130858920966000047 ) ) ;
#6882 = VERTEX_POINT ( 'NONE', #678 ) ;
#6883 = LINE ( 'NONE', #7676, #10131 ) ;
#6884 = DIRECTION ( 'NONE',  ( 1.000000000000000000, -1.224646799146999945E-16, 0.000000000000000000 ) ) ;
#6885 = CARTESIAN_POINT ( 'NONE',  ( 4.042505724740999895, -5.150999830607999819, 0.8185496798160000198 ) ) ;
#6886 = CARTESIAN_POINT ( 'NONE',  ( 3.056955689121000130, -5.150999830607999819, 1.145191076561000054 ) ) ;
#6887 = CARTESIAN_POINT ( 'NONE',  ( 3.602883985851999871, -5.149999830640999754, 1.236229527837999997 ) ) ;
#6888 =( NAMED_UNIT ( * ) PLANE_ANGLE_UNIT ( ) SI_UNIT ( $, .RADIAN. ) );
#6889 = ORIENTED_EDGE ( 'NONE', *, *, #3698, .T. ) ;
#6890 = CARTESIAN_POINT ( 'NONE',  ( 4.393053853472999926, -5.150999830607999819, 0.7797750046479999808 ) ) ;
#6891 = ORIENTED_EDGE ( 'NONE', *, *, #6586, .F. ) ;
#6892 = DIRECTION ( 'NONE',  ( 1.224646799146999945E-16, 1.000000000000000000, 0.000000000000000000 ) ) ;
#6893 = ORIENTED_EDGE ( 'NONE', *, *, #9269, .F. ) ;
#6894 =( NAMED_UNIT ( * ) PLANE_ANGLE_UNIT ( ) SI_UNIT ( $, .RADIAN. ) );
#6895 = DIRECTION ( 'NONE',  ( 0.000000000000000000, 0.000000000000000000, 1.000000000000000000 ) ) ;
#6896 = EDGE_CURVE ( 'NONE', #10515, #5967, #4521, .T. ) ;
#6897 = VERTEX_POINT ( 'NONE', #10400 ) ;
#6898 = EDGE_CURVE ( 'NONE', #3816, #3346, #6969, .T. ) ;
#6899 = CARTESIAN_POINT ( 'NONE',  ( 5.149999830640999754, -5.149999830640999754, 0.04999999910078999771 ) ) ;
#6900 = CARTESIAN_POINT ( 'NONE',  ( 4.296373169184000140, -5.150999830607999819, 0.7018530257080000112 ) ) ;
#6901 = B_SPLINE_CURVE_WITH_KNOTS ( 'NONE', 3,
 ( #4040, #8076, #3294, #9735 ),
 .UNSPECIFIED., .F., .F.,
 ( 4, 4 ),
 ( 2.000000000000000000, 3.000000000000000000 ),
 .UNSPECIFIED. ) ;
#6902 = ORIENTED_EDGE ( 'NONE', *, *, #8113, .F. ) ;
#6903 = VERTEX_POINT ( 'NONE', #1368 ) ;
#6904 = SURFACE_STYLE_FILL_AREA ( #7752 ) ;
#6905 = EDGE_CURVE ( 'NONE', #6952, #1097, #10251, .T. ) ;
#6906 = ORIENTED_EDGE ( 'NONE', *, *, #10458, .T. ) ;
#6907 = FILL_AREA_STYLE_COLOUR ( '', #3593 ) ;
#6908 = SURFACE_SIDE_STYLE ('',( #9597 ) ) ;
#6909 =( NAMED_UNIT ( * ) SI_UNIT ( $, .STERADIAN. ) SOLID_ANGLE_UNIT ( ) );
#6910 = CARTESIAN_POINT ( 'NONE',  ( 3.797024665003999822, -5.149999830640999754, 0.6369767941689999935 ) ) ;
#6911 = CARTESIAN_POINT ( 'NONE',  ( 4.063920553127000623, -5.150999830607999819, 1.081775093642999952 ) ) ;
#6912 = UNCERTAINTY_MEASURE_WITH_UNIT (LENGTH_MEASURE( 1.000000000000000082E-05 ), #62, 'distance_accuracy_value', 'NONE');
#6913 =( GEOMETRIC_REPRESENTATION_CONTEXT ( 3 ) GLOBAL_UNCERTAINTY_ASSIGNED_CONTEXT ( ( #515 ) ) GLOBAL_UNIT_ASSIGNED_CONTEXT ( ( #8774, #5474, #576 ) ) REPRESENTATION_CONTEXT ( 'NONE', 'WORKASPACE' ) );
#6914 = B_SPLINE_SURFACE_WITH_KNOTS ( 'NONE', 3, 1, ( 
 ( #6430, #1651 ),
 ( #5749, #7342 ),
 ( #50, #3297 ),
 ( #9779, #4951 ) ),
 .UNSPECIFIED., .F., .F., .F.,
 ( 4, 4 ),
 ( 2, 2 ),
 ( 34.00000000000000000, 35.00000000000000000 ),
 ( 0.000000000000000000, 1.000000000000000000 ),
 .UNSPECIFIED. ) ;
#6915 = CARTESIAN_POINT ( 'NONE',  ( 2.799166256723000235, -5.149999830640999754, 1.293067789246999943 ) ) ;
#6916 = VECTOR ( 'NONE', #544, 1000.000000000000000 ) ;
#6917 = CARTESIAN_POINT ( 'NONE',  ( 3.497817966123000222, -5.149999830640999754, 1.097539654788000085 ) ) ;
#6918 = EDGE_LOOP ( 'NONE', ( #1415, #6350, #7635, #8954, #2737, #6069, #8602, #6523, #6820, #49, #1984, #9633, #1780, #9130 ) ) ;
#6919 = LINE ( 'NONE', #4367, #2278 ) ;
#6920 = CARTESIAN_POINT ( 'NONE',  ( 2.549621816834000132, -5.149999830640999754, 1.176263724030999880 ) ) ;
#6921 = B_SPLINE_CURVE_WITH_KNOTS ( 'NONE', 3,
 ( #3423, #9171, #3365, #6667 ),
 .UNSPECIFIED., .F., .F.,
 ( 4, 4 ),
 ( 5.000000000000000000, 6.000000000000000000 ),
 .UNSPECIFIED. ) ;
#6922 = FILL_AREA_STYLE ('',( #1375 ) ) ;
#6923 = VECTOR ( 'NONE', #9874, 1000.000000000000114 ) ;
#6924 = CARTESIAN_POINT ( 'NONE',  ( 3.805350295369000158, -5.149999830640999754, 0.8505933645059999826 ) ) ;
#6925 = EDGE_CURVE ( 'NONE', #7787, #10311, #2971, .T. ) ;
#6926 = EDGE_LOOP ( 'NONE', ( #6442, #10104, #4401, #6128 ) ) ;
#6927 = CARTESIAN_POINT ( 'NONE',  ( 3.650821880940999797, -5.150999830607999819, 1.200120964461000028 ) ) ;
#6928 = CARTESIAN_POINT ( 'NONE',  ( 2.946058334734000361, -5.150999830607999819, 0.8003779915239999099 ) ) ;
#6929 = ORIENTED_EDGE ( 'NONE', *, *, #8879, .T. ) ;
#6930 = ORIENTED_EDGE ( 'NONE', *, *, #1305, .F. ) ;
#6931 = DIRECTION ( 'NONE',  ( -1.000000000000000000, 1.224646799146999945E-16, 0.000000000000000000 ) ) ;
#6932 = ORIENTED_EDGE ( 'NONE', *, *, #1618, .T. ) ;
#6933 = FACE_OUTER_BOUND ( 'NONE', #1101, .T. ) ;
#6935 = CARTESIAN_POINT ( 'NONE',  ( 3.545194644417000163, -5.149999830640999754, 0.7037493645800000364 ) ) ;
#6934 = MECHANICAL_DESIGN_GEOMETRIC_PRESENTATION_REPRESENTATION (  '', ( #5902 ), #2680 ) ;
#6936 = ADVANCED_FACE ( 'NONE', ( #10297 ), #1212, .T. ) ;
#6937 = EDGE_CURVE ( 'NONE', #2353, #9872, #7441, .T. ) ;
#6938 = PRESENTATION_LAYER_ASSIGNMENT (  '', '', ( #5735 ) ) ;
#6939 = DIRECTION ( 'NONE',  ( -1.000000000000000000, 1.224646799146999945E-16, 0.000000000000000000 ) ) ;
#6940 = DIRECTION ( 'NONE',  ( 1.000000000000000000, -1.224646799146999945E-16, 0.000000000000000000 ) ) ;
#6941 = CARTESIAN_POINT ( 'NONE',  ( 3.593811321753000332, -5.149999830640999754, 0.7120347652239999992 ) ) ;
#6942 = CARTESIAN_POINT ( 'NONE',  ( 3.846236436124000235, -5.150999830607999819, 0.7291685456179999303 ) ) ;
#6943 = EDGE_LOOP ( 'NONE', ( #4315, #5288, #3920, #6406, #4857, #7161, #1486, #8843, #4801, #4737, #8410, #275, #6543, #3601, #7431 ) ) ;
#6944 = CARTESIAN_POINT ( 'NONE',  ( 3.789946454243000140, -5.150999830607999819, 1.119694743251999913 ) ) ;
#6945 = VECTOR ( 'NONE', #5911, 1000.000000000000000 ) ;
#6946 = SURFACE_STYLE_USAGE ( .BOTH. , #1090 ) ;
#6947 = EDGE_LOOP ( 'NONE', ( #9917, #4213, #1328, #5510 ) ) ;
#6948 = B_SPLINE_CURVE_WITH_KNOTS ( 'NONE', 3,
 ( #4413, #6917, #6105, #10197 ),
 .UNSPECIFIED., .F., .F.,
 ( 4, 4 ),
 ( 2.000000000000000000, 3.000000000000000000 ),
 .UNSPECIFIED. ) ;
#6949 = FILL_AREA_STYLE ('',( #5252 ) ) ;
#6950 = ORIENTED_EDGE ( 'NONE', *, *, #8916, .F. ) ;
#6951 = CARTESIAN_POINT ( 'NONE',  ( 2.561179156617999997, -5.149999830640999754, 1.174735726246999956 ) ) ;
#6952 = VERTEX_POINT ( 'NONE', #3878 ) ;
#6953 = DIRECTION ( 'NONE',  ( 0.9181298069291401465, -1.124384729257171817E-16, -0.3962797719140605524 ) ) ;
#6954 =( NAMED_UNIT ( * ) PLANE_ANGLE_UNIT ( ) SI_UNIT ( $, .RADIAN. ) );
#6955 = ORIENTED_EDGE ( 'NONE', *, *, #6033, .F. ) ;
#6956 = VERTEX_POINT ( 'NONE', #1685 ) ;
#6957 = EDGE_CURVE ( 'NONE', #10359, #7039, #5425, .T. ) ;
#6958 = AXIS2_PLACEMENT_3D ( 'NONE', #5859, #2719, #225 ) ;
#6959 = VECTOR ( 'NONE', #8888, 1000.000000000000114 ) ;
#6960 = CARTESIAN_POINT ( 'NONE',  ( 4.362929299053000420, -5.149999830640999754, 0.8645231005819999925 ) ) ;
#6961 = ORIENTED_EDGE ( 'NONE', *, *, #1155, .T. ) ;
#6962 =( NAMED_UNIT ( * ) PLANE_ANGLE_UNIT ( ) SI_UNIT ( $, .RADIAN. ) );
#6963 = DIRECTION ( 'NONE',  ( 0.000000000000000000, 0.000000000000000000, 1.000000000000000000 ) ) ;
#6964 = DIRECTION ( 'NONE',  ( -0.9999748501857348426, 0.000000000000000000, 0.007092178509960119469 ) ) ;
#6965 = CARTESIAN_POINT ( 'NONE',  ( -1.530808448593000117E-16, -1.249999958892999974, 2.049999933330000079 ) ) ;
#6966 = EDGE_CURVE ( 'NONE', #2011, #5442, #6415, .T. ) ;
#6967 = CARTESIAN_POINT ( 'NONE',  ( 3.894049763800000008, -5.150999830607999819, 1.027351432164999911 ) ) ;
#6968 = CARTESIAN_POINT ( 'NONE',  ( 3.799858552596000028, -5.149999830640999754, 1.051206653775000222 ) ) ;
#6969 = LINE ( 'NONE', #520, #1215 ) ;
#6970 = ORIENTED_EDGE ( 'NONE', *, *, #4651, .T. ) ;
#6971 =( LENGTH_UNIT ( ) NAMED_UNIT ( * ) SI_UNIT ( .MILLI., .METRE. ) );
#6972 = FACE_OUTER_BOUND ( 'NONE', #3552, .T. ) ;
#6973 = DIRECTION ( 'NONE',  ( 0.9999748501857348426, -1.224615999507674176E-16, -0.007092178509962118738 ) ) ;
#6974 = EDGE_CURVE ( 'NONE', #8537, #9708, #1635, .T. ) ;
#6975 = ADVANCED_FACE ( 'NONE', ( #3386 ), #6628, .F. ) ;
#6976 = CARTESIAN_POINT ( 'NONE',  ( 2.351649519926000131, -5.149999830640999754, 0.7872415132179999553 ) ) ;
#6977 = DIRECTION ( 'NONE',  ( 1.000000000000000000, -1.224646799146999945E-16, 0.000000000000000000 ) ) ;
#6978 = VERTEX_POINT ( 'NONE', #3227 ) ;
#6979 = CARTESIAN_POINT ( 'NONE',  ( 0.000000000000000000, 0.000000000000000000, 0.5499999826579999862 ) ) ;
#6980 = DIRECTION ( 'NONE',  ( -0.3216389368449140695, 0.000000000000000000, 0.9468623945987471036 ) ) ;
#6981 = ORIENTED_EDGE ( 'NONE', *, *, #7485, .T. ) ;
#6982 = ORIENTED_EDGE ( 'NONE', *, *, #5860, .T. ) ;
#6983 = CARTESIAN_POINT ( 'NONE',  ( -5.149999830640999754, -5.149999830640999754, 0.3499999892349999753 ) ) ;
#6984 = CARTESIAN_POINT ( 'NONE',  ( 3.602883985851999871, -5.150999830607999819, 1.236229527837999997 ) ) ;
#6985 = ORIENTED_EDGE ( 'NONE', *, *, #10344, .T. ) ;
#6986 = CARTESIAN_POINT ( 'NONE',  ( 3.849184916302999859, -5.150999830607999819, 0.6830852013049999449 ) ) ;
#6987 = EDGE_CURVE ( 'NONE', #10413, #5571, #3509, .T. ) ;
#6988 = CARTESIAN_POINT ( 'NONE',  ( 3.488865519211000077, -5.150999830607999819, 0.7075801581470000379 ) ) ;
#6989 = CARTESIAN_POINT ( 'NONE',  ( 2.749121908788000113, -5.149999830640999754, 0.7612861434059999821 ) ) ;
#6990 = ADVANCED_FACE ( 'NONE', ( #4788 ), #8020, .F. ) ;
#6991 = VECTOR ( 'NONE', #5451, 1000.000000000000114 ) ;
#6992 = VECTOR ( 'NONE', #518, 1000.000000000000000 ) ;
#6993 = ORIENTED_EDGE ( 'NONE', *, *, #6491, .F. ) ;
#6994 = CARTESIAN_POINT ( 'NONE',  ( 3.717217219562000352, -5.150999830607999819, 1.120210564940000042 ) ) ;
#6995 = VECTOR ( 'NONE', #1171, 1000.000000000000000 ) ;
#6996 = FACE_OUTER_BOUND ( 'NONE', #24, .T. ) ;
#6997 = EDGE_LOOP ( 'NONE', ( #1504, #3523, #4075, #8818 ) ) ;
#6998 = EDGE_CURVE ( 'NONE', #9603, #6426, #4080, .T. ) ;
#6999 = LINE ( 'NONE', #6841, #2083 ) ;
#7000 = EDGE_LOOP ( 'NONE', ( #108, #8042, #7607, #6655 ) ) ;
#7001 = CARTESIAN_POINT ( 'NONE',  ( 3.711391358239999771, -5.150999830607999819, 0.8338953614780000301 ) ) ;
#7002 = STYLED_ITEM ( 'NONE', ( #5422 ), #4325 ) ;
#7003 = CARTESIAN_POINT ( 'NONE',  ( 2.634481568208999924, -5.149999830640999754, 0.7042581636829999825 ) ) ;
#7004 = VECTOR ( 'NONE', #10411, 1000.000000000000000 ) ;
#7005 = MECHANICAL_DESIGN_GEOMETRIC_PRESENTATION_REPRESENTATION (  '', ( #5969 ), #363 ) ;
#7006 = CARTESIAN_POINT ( 'NONE',  ( 4.052088198656000451, -5.150999830607999819, 0.7035855819000000899 ) ) ;
#7007 = AXIS2_PLACEMENT_3D ( 'NONE', #6273, #2988, #3743 ) ;
#7008 = ORIENTED_EDGE ( 'NONE', *, *, #2623, .F. ) ;
#7009 = EDGE_LOOP ( 'NONE', ( #3658, #4974, #4806, #10307 ) ) ;
#7010 = CARTESIAN_POINT ( 'NONE',  ( 3.595565243249000176, -5.149999830640999754, 0.8347168416219999942 ) ) ;
#7011 =( GEOMETRIC_REPRESENTATION_CONTEXT ( 3 ) GLOBAL_UNCERTAINTY_ASSIGNED_CONTEXT ( ( #2871 ) ) GLOBAL_UNIT_ASSIGNED_CONTEXT ( ( #3277, #8923, #5777 ) ) REPRESENTATION_CONTEXT ( 'NONE', 'WORKASPACE' ) );
#7012 = ORIENTED_EDGE ( 'NONE', *, *, #10484, .T. ) ;
#7013 = VECTOR ( 'NONE', #4883, 1000.000000000000000 ) ;
#7014 = DIRECTION ( 'NONE',  ( 1.000000000000000000, -1.224646799146999945E-16, 0.000000000000000000 ) ) ;
#7015 = DIRECTION ( 'NONE',  ( 1.224646799146999945E-16, 1.000000000000000000, 0.000000000000000000 ) ) ;
#7016 = VECTOR ( 'NONE', #9918, 1000.000000000000114 ) ;
#7017 = DIRECTION ( 'NONE',  ( 1.224646799146999945E-16, 1.000000000000000000, 0.000000000000000000 ) ) ;
#7018 = VECTOR ( 'NONE', #1299, 1000.000000000000000 ) ;
#7019 = VECTOR ( 'NONE', #6283, 1000.000000000000114 ) ;
#7020 = CARTESIAN_POINT ( 'NONE',  ( 2.292037407335999699, -5.149999830640999754, 0.9452808309360000161 ) ) ;
#7021 = CARTESIAN_POINT ( 'NONE',  ( 3.001148079577999894, -5.150999830607999819, 1.024120916380999891 ) ) ;
#7022 = CARTESIAN_POINT ( 'NONE',  ( 3.864529866352000020, -5.150999830607999819, 1.050747981738000103 ) ) ;
#7023 = PRODUCT_RELATED_PRODUCT_CATEGORY ( 'part', '', ( #4635 ) ) ;
#7024 = ORIENTED_EDGE ( 'NONE', *, *, #9169, .F. ) ;
#7025 =( NAMED_UNIT ( * ) SI_UNIT ( $, .STERADIAN. ) SOLID_ANGLE_UNIT ( ) );
#7026 = CARTESIAN_POINT ( 'NONE',  ( 2.543386736727000219, -5.149999830640999754, 0.9087936687009999792 ) ) ;
#7027 = CARTESIAN_POINT ( 'NONE',  ( 3.690314330835000156, -5.150999830607999819, 1.028796396564999993 ) ) ;
#7028 = CARTESIAN_POINT ( 'NONE',  ( 3.703857706782999859, -5.149999830640999754, 0.7026240695180000495 ) ) ;
#7029 = ADVANCED_FACE ( 'NONE', ( #4844 ), #5583, .F. ) ;
#7030 = EDGE_CURVE ( 'NONE', #9965, #6088, #33, .T. ) ;
#7031 = FACE_OUTER_BOUND ( 'NONE', #1739, .T. ) ;
#7032 = LINE ( 'NONE', #4636, #4127 ) ;
#7033 = EDGE_LOOP ( 'NONE', ( #5494, #4506, #3606, #6037 ) ) ;
#7034 = CARTESIAN_POINT ( 'NONE',  ( 3.691653781092000042, -5.150999830607999819, 0.8144874076079999803 ) ) ;
#7035 = ORIENTED_EDGE ( 'NONE', *, *, #2501, .T. ) ;
#7036 = ORIENTED_EDGE ( 'NONE', *, *, #3028, .F. ) ;
#7037 = CARTESIAN_POINT ( 'NONE',  ( -8.299999727051998732, -0.4999999835569999274, 0.04999999910078999771 ) ) ;
#7038 = FACE_OUTER_BOUND ( 'NONE', #10368, .T. ) ;
#7039 = VERTEX_POINT ( 'NONE', #1527 ) ;
#7040 = CARTESIAN_POINT ( 'NONE',  ( 3.976998991903000658, -5.150999830607999819, 1.155696346667000052 ) ) ;
#7041 = CARTESIAN_POINT ( 'NONE',  ( 3.488865519211000077, -5.150999830607999819, 0.7075801581470000379 ) ) ;
#7042 = DIRECTION ( 'NONE',  ( 0.000000000000000000, 0.000000000000000000, 1.000000000000000000 ) ) ;
#7043 = CARTESIAN_POINT ( 'NONE',  ( 3.846775474775999903, -5.150999830607999819, 0.7318681610489999878 ) ) ;
#7044 = ORIENTED_EDGE ( 'NONE', *, *, #397, .T. ) ;
#7045 = CARTESIAN_POINT ( 'NONE',  ( 4.256823191649999671, -5.149999830640999754, 0.8064238667220000600 ) ) ;
#7046 = CARTESIAN_POINT ( 'NONE',  ( 3.539431146865999800, -5.150999830607999819, 0.7560913781960000302 ) ) ;
#7047 = ORIENTED_EDGE ( 'NONE', *, *, #3118, .T. ) ;
#7048 =( NAMED_UNIT ( * ) SI_UNIT ( $, .STERADIAN. ) SOLID_ANGLE_UNIT ( ) );
#7049 = ORIENTED_EDGE ( 'NONE', *, *, #8052, .F. ) ;
#7050 = CARTESIAN_POINT ( 'NONE',  ( 3.407015432310999792, -5.149999830640999754, 0.8881472841990000200 ) ) ;
#7051 = CARTESIAN_POINT ( 'NONE',  ( 3.675701624449999816, -5.150999830607999819, 0.7057351577930000008 ) ) ;
#7052 = CARTESIAN_POINT ( 'NONE',  ( 3.523609942859000199, -5.149999830640999754, 1.054309669938999994 ) ) ;
#7053 = LINE ( 'NONE', #2057, #2255 ) ;
#7054 = EDGE_CURVE ( 'NONE', #8604, #8494, #3282, .T. ) ;
#7055 = EDGE_CURVE ( 'NONE', #4291, #1815, #4138, .T. ) ;
#7056 = DIRECTION ( 'NONE',  ( 0.9319625762822466575, -1.141324985969301315E-16, -0.3625544875040958015 ) ) ;
#7057 = ORIENTED_EDGE ( 'NONE', *, *, #5031, .F. ) ;
#7058 = EDGE_CURVE ( 'NONE', #3038, #9260, #5637, .T. ) ;
#7059 = ORIENTED_EDGE ( 'NONE', *, *, #3056, .T. ) ;
#7060 = FACE_OUTER_BOUND ( 'NONE', #7320, .T. ) ;
#7061 = ORIENTED_EDGE ( 'NONE', *, *, #8232, .T. ) ;
#7062 = LINE ( 'NONE', #5423, #8305 ) ;
#7063 = DIRECTION ( 'NONE',  ( 0.000000000000000000, 0.000000000000000000, -1.000000000000000000 ) ) ;
#7064 = EDGE_CURVE ( 'NONE', #7203, #2297, #2999, .T. ) ;
#7065 = CARTESIAN_POINT ( 'NONE',  ( 2.659462695015000211, -5.150999830607999819, 0.7604759268000000905 ) ) ;
#7066 = EDGE_CURVE ( 'NONE', #9603, #1238, #7755, .T. ) ;
#7067 = FILL_AREA_STYLE_COLOUR ( '', #5493 ) ;
#7068 = PRESENTATION_LAYER_ASSIGNMENT (  '', '', ( #5711 ) ) ;
#7069 = CARTESIAN_POINT ( 'NONE',  ( 2.995282267205999993, -5.150999830607999819, 1.216483638880999862 ) ) ;
#7070 = B_SPLINE_CURVE_WITH_KNOTS ( 'NONE', 3,
 ( #9651, #1675, #1888, #7371 ),
 .UNSPECIFIED., .F., .F.,
 ( 4, 4 ),
 ( 3.000000000000000000, 4.000000000000000000 ),
 .UNSPECIFIED. ) ;
#7071 = DIRECTION ( 'NONE',  ( 1.224646799146999945E-16, 1.000000000000000000, 0.000000000000000000 ) ) ;
#7072 = VERTEX_POINT ( 'NONE', #6522 ) ;
#7073 = DIRECTION ( 'NONE',  ( -0.9999748501857347316, 1.224615999507674915E-16, 0.007092178509979118160 ) ) ;
#7074 = CARTESIAN_POINT ( 'NONE',  ( 3.785124898571999630, -5.150999830607999819, 0.6377890403820000165 ) ) ;
#7075 = STYLED_ITEM ( 'NONE', ( #5981 ), #8187 ) ;
#7076 = LINE ( 'NONE', #7912, #615 ) ;
#7077 = CARTESIAN_POINT ( 'NONE',  ( 2.192932865141000054, -3.929509399037999895, 10.04999967024799901 ) ) ;
#7078 = DIRECTION ( 'NONE',  ( 1.224646799146999945E-16, 1.000000000000000000, 0.000000000000000000 ) ) ;
#7079 = EDGE_LOOP ( 'NONE', ( #328, #5232, #8858, #903 ) ) ;
#7080 = DIRECTION ( 'NONE',  ( 1.000000000000000000, -1.224646799146999945E-16, 0.000000000000000000 ) ) ;
#7081 = VECTOR ( 'NONE', #5763, 1000.000000000000114 ) ;
#7082 = EDGE_CURVE ( 'NONE', #595, #9344, #5783, .T. ) ;
#7083 = VERTEX_POINT ( 'NONE', #7381 ) ;
#7084 = VERTEX_POINT ( 'NONE', #6571 ) ;
#7085 = CARTESIAN_POINT ( 'NONE',  ( 3.634914699641999647, -5.150999830607999819, 1.053728213688000181 ) ) ;
#7086 = CARTESIAN_POINT ( 'NONE',  ( 1.100827336225000055E-16, 0.4499999852019999635, 0.3499999892349999753 ) ) ;
#7087 = ORIENTED_EDGE ( 'NONE', *, *, #588, .T. ) ;
#7088 = CARTESIAN_POINT ( 'NONE',  ( 3.717382400487999838, -5.150999830607999819, 1.143500555746000069 ) ) ;
#7089 = CARTESIAN_POINT ( 'NONE',  ( 2.799166256723000235, -5.149999830640999754, 1.293067789246999943 ) ) ;
#7090 = CARTESIAN_POINT ( 'NONE',  ( 3.780611651929000061, -5.149999830640999754, 0.6391727691799999889 ) ) ;
#7091 = COLOUR_RGB ( '',0.2470588235294117752, 0.2470588235294117752, 0.2470588235294117752 ) ;
#7092 = CARTESIAN_POINT ( 'NONE',  ( 3.525597980806999932, -5.150999830607999819, 1.129367977211000129 ) ) ;
#7093 = ORIENTED_EDGE ( 'NONE', *, *, #8274, .T. ) ;
#7094 = ADVANCED_FACE ( 'NONE', ( #9816 ), #5310, .F. ) ;
#7095 = CARTESIAN_POINT ( 'NONE',  ( 3.703857706782999859, -5.150999830607999819, 0.7026240695180000495 ) ) ;
#7096 = CARTESIAN_POINT ( 'NONE',  ( 3.541762064153000100, -5.150999830607999819, 0.7622095722909999482 ) ) ;
#7097 = B_SPLINE_SURFACE_WITH_KNOTS ( 'NONE', 3, 1, ( 
 ( #8816, #5362 ),
 ( #614, #8601 ),
 ( #3561, #4359 ),
 ( #3916, #8767 ) ),
 .UNSPECIFIED., .F., .F., .F.,
 ( 4, 4 ),
 ( 2, 2 ),
 ( 3.000000000000000000, 4.000000000000000000 ),
 ( 0.000000000000000000, 1.000000000000000000 ),
 .UNSPECIFIED. ) ;
#7098 = EDGE_LOOP ( 'NONE', ( #5770, #4201, #6351, #5624, #7582, #10401, #3944, #5197 ) ) ;
#7099 = CYLINDRICAL_SURFACE ( 'NONE', #874, 4.999999835572999984 ) ;
#7100 = B_SPLINE_CURVE_WITH_KNOTS ( 'NONE', 3,
 ( #2133, #8514, #5381, #9421 ),
 .UNSPECIFIED., .F., .F.,
 ( 4, 4 ),
 ( 3.000000000000000000, 4.000000000000000000 ),
 .UNSPECIFIED. ) ;
#7101 = EDGE_CURVE ( 'NONE', #7787, #8643, #9913, .T. ) ;
#7102 = PLANE ( 'NONE',  #5991 ) ;
#7103 = DIRECTION ( 'NONE',  ( 1.224646799146999945E-16, 1.000000000000000000, 0.000000000000000000 ) ) ;
#7104 = DIRECTION ( 'NONE',  ( 1.224646799146999945E-16, 1.000000000000000000, 0.000000000000000000 ) ) ;
#7105 = CARTESIAN_POINT ( 'NONE',  ( 3.671007366828999974, -5.150999830607999819, 0.8355334984000000187 ) ) ;
#7106 =( LENGTH_UNIT ( ) NAMED_UNIT ( * ) SI_UNIT ( .MILLI., .METRE. ) );
#7107 = DIRECTION ( 'NONE',  ( 1.224646799146999945E-16, 1.000000000000000000, 0.000000000000000000 ) ) ;
#7108 = VECTOR ( 'NONE', #3296, 1000.000000000000000 ) ;
#7109 = ORIENTED_EDGE ( 'NONE', *, *, #9561, .F. ) ;
#7110 = ORIENTED_EDGE ( 'NONE', *, *, #7753, .T. ) ;
#7111 = SURFACE_SIDE_STYLE ('',( #3065 ) ) ;
#7112 = VERTEX_POINT ( 'NONE', #2054 ) ;
#7113 = PLANE ( 'NONE',  #4793 ) ;
#7114 = CARTESIAN_POINT ( 'NONE',  ( 3.602883985851999871, -5.149999830640999754, 1.236229527837999997 ) ) ;
#7115 = ADVANCED_FACE ( 'NONE', ( #4243 ), #8488, .F. ) ;
#7116 = CARTESIAN_POINT ( 'NONE',  ( 3.939867030081000809, -5.150999830607999819, 1.223688632208000060 ) ) ;
#7117 =( NAMED_UNIT ( * ) SI_UNIT ( $, .STERADIAN. ) SOLID_ANGLE_UNIT ( ) );
#7118 = CARTESIAN_POINT ( 'NONE',  ( 2.466833330998999596, -5.150999830607999819, 0.7170154720239999557 ) ) ;
#7119 = CARTESIAN_POINT ( 'NONE',  ( 3.974268781878000478, -5.150999830607999819, 1.203233840576000135 ) ) ;
#7120 = ORIENTED_EDGE ( 'NONE', *, *, #2967, .T. ) ;
#7121 = DIRECTION ( 'NONE',  ( 1.224646799146999945E-16, 1.000000000000000000, 0.000000000000000000 ) ) ;
#7122 = SURFACE_STYLE_FILL_AREA ( #8120 ) ;
#7123 = VECTOR ( 'NONE', #3959, 1000.000000000000000 ) ;
#7124 = FACE_OUTER_BOUND ( 'NONE', #3100, .T. ) ;
#7125 = FACE_OUTER_BOUND ( 'NONE', #644, .T. ) ;
#7126 = CARTESIAN_POINT ( 'NONE',  ( 3.805350295369000158, -5.150999830607999819, 0.8505933645059999826 ) ) ;
#7127 = DIRECTION ( 'NONE',  ( 1.224646799146999945E-16, 1.000000000000000000, 0.000000000000000000 ) ) ;
#7128 = EDGE_LOOP ( 'NONE', ( #7120, #1572, #4312, #5032 ) ) ;
#7129 = CARTESIAN_POINT ( 'NONE',  ( 4.256599754949999870, -5.150999830607999819, 0.7749199952300001026 ) ) ;
#7130 = VERTEX_POINT ( 'NONE', #2848 ) ;
#7131 = ORIENTED_EDGE ( 'NONE', *, *, #8916, .T. ) ;
#7132 = FACE_OUTER_BOUND ( 'NONE', #5125, .T. ) ;
#7133 =( LENGTH_UNIT ( ) NAMED_UNIT ( * ) SI_UNIT ( .MILLI., .METRE. ) );
#7134 = ORIENTED_EDGE ( 'NONE', *, *, #5880, .F. ) ;
#7135 = DIRECTION ( 'NONE',  ( -0.007092178509963118806, 8.685413711207700132E-19, -0.9999748501857348426 ) ) ;
#7136 = STYLED_ITEM ( 'NONE', ( #2357 ), #587 ) ;
#7137 = CARTESIAN_POINT ( 'NONE',  ( 3.539325696542000355, -5.150999830607999819, 0.7412232144229998765 ) ) ;
#7138 = CARTESIAN_POINT ( 'NONE',  ( 3.706500545910000000, -5.149999830640999754, 0.7234010062100000304 ) ) ;
#7139 = ADVANCED_FACE ( 'NONE', ( #4444 ), #2916, .F. ) ;
#7140 = EDGE_CURVE ( 'NONE', #185, #3085, #5410, .T. ) ;
#7141 = CARTESIAN_POINT ( 'NONE',  ( 3.602975788199000107, -5.149999830640999754, 1.212521800802000005 ) ) ;
#7142 = VERTEX_POINT ( 'NONE', #5308 ) ;
#7143 = VERTEX_POINT ( 'NONE', #2158 ) ;
#7144 = CARTESIAN_POINT ( 'NONE',  ( 3.498266314353000173, -5.149999830640999754, 1.160755344118000076 ) ) ;
#7145 = CARTESIAN_POINT ( 'NONE',  ( 4.358204051441999738, -5.150999830607999819, 0.8726669291770000614 ) ) ;
#7146 = ORIENTED_EDGE ( 'NONE', *, *, #5620, .T. ) ;
#7147 = CARTESIAN_POINT ( 'NONE',  ( 3.124699917163999974, -5.150999830607999819, 0.9104548214489999181 ) ) ;
#7148 = DIRECTION ( 'NONE',  ( -0.9999748501857348426, 1.224615999507675655E-16, 0.007092178509962118738 ) ) ;
#7149 = DIRECTION ( 'NONE',  ( 1.000000000000000000, -1.224646799146999945E-16, 0.000000000000000000 ) ) ;
#7150 = EDGE_CURVE ( 'NONE', #2631, #7467, #8012, .T. ) ;
#7151 = LINE ( 'NONE', #661, #6572 ) ;
#7152 = VECTOR ( 'NONE', #442, 1000.000000000000000 ) ;
#7153 = EDGE_CURVE ( 'NONE', #4669, #9963, #6733, .T. ) ;
#7154 = CARTESIAN_POINT ( 'NONE',  ( 3.675701624449999816, -5.149999830640999754, 0.7057351577930000008 ) ) ;
#7155 = EDGE_CURVE ( 'NONE', #1250, #107, #2590, .T. ) ;
#7156 = FACE_OUTER_BOUND ( 'NONE', #7549, .T. ) ;
#7157 = VERTEX_POINT ( 'NONE', #5837 ) ;
#7158 = EDGE_LOOP ( 'NONE', ( #164, #2919, #6484, #4487 ) ) ;
#7159 = EDGE_CURVE ( 'NONE', #8152, #6788, #9088, .T. ) ;
#7160 = DIRECTION ( 'NONE',  ( -0.9999748501857348426, 1.224615999507674915E-16, 0.007092178509975118755 ) ) ;
#7161 = ORIENTED_EDGE ( 'NONE', *, *, #10376, .T. ) ;
#7162 = FILL_AREA_STYLE_COLOUR ( '', #1551 ) ;
#7163 = B_SPLINE_CURVE_WITH_KNOTS ( 'NONE', 3,
 ( #1167, #2710, #3463, #5003 ),
 .UNSPECIFIED., .F., .F.,
 ( 4, 4 ),
 ( 16.00000000000000000, 17.00000000000000000 ),
 .UNSPECIFIED. ) ;
#7164 =( GEOMETRIC_REPRESENTATION_CONTEXT ( 3 ) GLOBAL_UNCERTAINTY_ASSIGNED_CONTEXT ( ( #2548 ) ) GLOBAL_UNIT_ASSIGNED_CONTEXT ( ( #4592, #6219, #3746 ) ) REPRESENTATION_CONTEXT ( 'NONE', 'WORKASPACE' ) );
#7165 = VECTOR ( 'NONE', #4804, 1000.000000000000000 ) ;
#7166 = FACE_OUTER_BOUND ( 'NONE', #8370, .T. ) ;
#7167 = CARTESIAN_POINT ( 'NONE',  ( 2.602670668108999941, -5.150999830607999819, 0.7044837779389999666 ) ) ;
#7168 = ADVANCED_FACE ( 'NONE', ( #2111 ), #10126, .F. ) ;
#7169 =( NAMED_UNIT ( * ) PLANE_ANGLE_UNIT ( ) SI_UNIT ( $, .RADIAN. ) );
#7170 = PRESENTATION_LAYER_ASSIGNMENT (  '', '', ( #541 ) ) ;
#7171 = CARTESIAN_POINT ( 'NONE',  ( 3.513523021490000176, -5.150999830607999819, 0.7462932011560000634 ) ) ;
#7172 = CARTESIAN_POINT ( 'NONE',  ( -5.799999809265000472, -0.4499999852019999635, 0.3499999892349999753 ) ) ;
#7173 = EDGE_CURVE ( 'NONE', #2375, #2449, #9692, .T. ) ;
#7174 = CARTESIAN_POINT ( 'NONE',  ( 3.940145670852999604, -5.150999830607999819, 1.200668436969999808 ) ) ;
#7175 = STYLED_ITEM ( 'NONE', ( #3129 ), #5039 ) ;
#7176 = ORIENTED_EDGE ( 'NONE', *, *, #8819, .T. ) ;
#7177 = FILL_AREA_STYLE ('',( #8670 ) ) ;
#7178 = DIRECTION ( 'NONE',  ( 0.000000000000000000, 0.000000000000000000, 1.000000000000000000 ) ) ;
#7179 = CARTESIAN_POINT ( 'NONE',  ( 3.650821880940999797, -5.149999830640999754, 1.200120964461000028 ) ) ;
#7180 = CARTESIAN_POINT ( 'NONE',  ( 3.832810988535999996, -5.150999830607999819, 0.7054527093399999282 ) ) ;
#7181 = VECTOR ( 'NONE', #813, 1000.000000000000114 ) ;
#7182 = PLANE ( 'NONE',  #9479 ) ;
#7183 = COLOUR_RGB ( '',1.000000000000000000, 1.000000000000000000, 1.000000000000000000 ) ;
#7184 = PLANE ( 'NONE',  #4796 ) ;
#7185 = CARTESIAN_POINT ( 'NONE',  ( 3.545149352581999924, -5.150999830607999819, 1.071209362890999772 ) ) ;
#7186 = EDGE_CURVE ( 'NONE', #9060, #9924, #10281, .T. ) ;
#7187 = B_SPLINE_CURVE_WITH_KNOTS ( 'NONE', 3,
 ( #10079, #3650, #2954, #1253 ),
 .UNSPECIFIED., .F., .F.,
 ( 4, 4 ),
 ( 2.000000000000000000, 3.000000000000000000 ),
 .UNSPECIFIED. ) ;
#7188 = VECTOR ( 'NONE', #4250, 1000.000000000000114 ) ;
#7189 = VERTEX_POINT ( 'NONE', #7993 ) ;
#7190 = CARTESIAN_POINT ( 'NONE',  ( 5.149999830640999754, 5.149999830640999754, 2.049999933330000079 ) ) ;
#7191 = ORIENTED_EDGE ( 'NONE', *, *, #4931, .T. ) ;
#7192 = ORIENTED_EDGE ( 'NONE', *, *, #4888, .T. ) ;
#7193 = CARTESIAN_POINT ( 'NONE',  ( 4.324795465241000336, -5.150999830607999819, 0.7802591174980000321 ) ) ;
#7194 = CARTESIAN_POINT ( 'NONE',  ( 3.602883985851999871, -5.149999830640999754, 1.236229527837999997 ) ) ;
#7195 = ORIENTED_EDGE ( 'NONE', *, *, #9561, .T. ) ;
#7196 = DIRECTION ( 'NONE',  ( 0.000000000000000000, 0.000000000000000000, 1.000000000000000000 ) ) ;
#7197 = FACE_OUTER_BOUND ( 'NONE', #6947, .T. ) ;
#7198 = UNCERTAINTY_MEASURE_WITH_UNIT (LENGTH_MEASURE( 1.000000000000000082E-05 ), #4478, 'distance_accuracy_value', 'NONE');
#7199 = DIRECTION ( 'NONE',  ( -0.9999748501857346206, 1.224615999507674669E-16, 0.007092178510003117192 ) ) ;
#7200 = EDGE_CURVE ( 'NONE', #6681, #9139, #3965, .T. ) ;
#7201 = CARTESIAN_POINT ( 'NONE',  ( 3.735336876037000042, -5.149999830640999754, 0.7062480089350000600 ) ) ;
#7202 = ORIENTED_EDGE ( 'NONE', *, *, #8289, .F. ) ;
#7203 = VERTEX_POINT ( 'NONE', #712 ) ;
#7204 = CARTESIAN_POINT ( 'NONE',  ( 3.602883985851999871, -5.150999830607999819, 1.236229527837999997 ) ) ;
#7205 = AXIS2_PLACEMENT_3D ( 'NONE', #1530, #7121, #10255 ) ;
#7206 = FACE_OUTER_BOUND ( 'NONE', #7620, .T. ) ;
#7207 = B_SPLINE_SURFACE_WITH_KNOTS ( 'NONE', 3, 1, ( 
 ( #2617, #1931 ),
 ( #8303, #5963 ),
 ( #1816, #6712 ),
 ( #1873, #7510 ) ),
 .UNSPECIFIED., .F., .F., .F.,
 ( 4, 4 ),
 ( 2, 2 ),
 ( 4.000000000000000000, 5.000000000000000000 ),
 ( 0.000000000000000000, 1.000000000000000000 ),
 .UNSPECIFIED. ) ;
#7208 = ORIENTED_EDGE ( 'NONE', *, *, #48, .T. ) ;
#7209 = CARTESIAN_POINT ( 'NONE',  ( 2.603501313235999870, -5.150999830607999819, 0.6177165876150000345 ) ) ;
#7210 = PRESENTATION_STYLE_ASSIGNMENT (( #6446 ) ) ;
#7211 = SURFACE_SIDE_STYLE ('',( #3109 ) ) ;
#7212 = CARTESIAN_POINT ( 'NONE',  ( 3.916289671216999224, -5.149999830640999754, 0.8498065428600000137 ) ) ;
#7213 = CARTESIAN_POINT ( 'NONE',  ( 3.523609942859000199, -5.150999830607999819, 1.054309669938999994 ) ) ;
#7214 = PLANE ( 'NONE',  #4815 ) ;
#7215 = DIRECTION ( 'NONE',  ( 1.224646799146999945E-16, 1.000000000000000000, 0.000000000000000000 ) ) ;
#7216 = ORIENTED_EDGE ( 'NONE', *, *, #7825, .T. ) ;
#7217 = ORIENTED_EDGE ( 'NONE', *, *, #7471, .F. ) ;
#7218 = ADVANCED_FACE ( 'NONE', ( #3910 ), #3857, .F. ) ;
#7219 = CARTESIAN_POINT ( 'NONE',  ( 3.408191608997999555, -5.149999830640999754, 1.053984495517999997 ) ) ;
#7220 = EDGE_CURVE ( 'NONE', #3654, #2434, #5520, .T. ) ;
#7221 = ORIENTED_EDGE ( 'NONE', *, *, #2475, .F. ) ;
#7222 = CARTESIAN_POINT ( 'NONE',  ( 3.604483687853999641, -5.150999830607999819, 0.7067601528329999772 ) ) ;
#7223 = FACE_OUTER_BOUND ( 'NONE', #702, .T. ) ;
#7224 = LINE ( 'NONE', #6304, #7289 ) ;
#7225 = EDGE_CURVE ( 'NONE', #1950, #3384, #4060, .T. ) ;
#7226 = LINE ( 'NONE', #4734, #7438 ) ;
#7227 = CARTESIAN_POINT ( 'NONE',  ( 2.361166224039000117, -5.149999830640999754, 1.109637203277999973 ) ) ;
#7228 = B_SPLINE_CURVE_WITH_KNOTS ( 'NONE', 3,
 ( #10349, #9362, #6257, #4476 ),
 .UNSPECIFIED., .F., .F.,
 ( 4, 4 ),
 ( 3.000000000000000000, 4.000000000000000000 ),
 .UNSPECIFIED. ) ;
#7229 = VERTEX_POINT ( 'NONE', #3209 ) ;
#7230 = CARTESIAN_POINT ( 'NONE',  ( 4.296373169184000140, -5.150999830607999819, 0.7018530257080000112 ) ) ;
#7231 = PLANE ( 'NONE',  #648 ) ;
#7232 = CARTESIAN_POINT ( 'NONE',  ( 2.633302328514000035, -5.149999830640999754, 1.149641806396000110 ) ) ;
#7233 = CARTESIAN_POINT ( 'NONE',  ( 3.970238111756999366, -5.149999830640999754, 0.8841527079530000499 ) ) ;
#7234 = VERTEX_POINT ( 'NONE', #6396 ) ;
#7235 = CARTESIAN_POINT ( 'NONE',  ( 4.256823191649999671, -5.150999830607999819, 0.8064238667220000600 ) ) ;
#7236 = AXIS2_PLACEMENT_3D ( 'NONE', #4675, #7903, #7063 ) ;
#7237 = EDGE_LOOP ( 'NONE', ( #60, #6497, #2840, #4375 ) ) ;
#7238 = CARTESIAN_POINT ( 'NONE',  ( -4.944441160745000730, -1.249999958892999974, 0.5499999826579999862 ) ) ;
#7239 = VERTEX_POINT ( 'NONE', #4825 ) ;
#7240 = LINE ( 'NONE', #7979, #1374 ) ;
#7241 = DIRECTION ( 'NONE',  ( -1.000000000000000000, 1.224646799146999945E-16, 0.000000000000000000 ) ) ;
#7242 = DIRECTION ( 'NONE',  ( 0.000000000000000000, 0.000000000000000000, -1.000000000000000000 ) ) ;
#7243 = ADVANCED_FACE ( 'NONE', ( #9596 ), #5670, .F. ) ;
#7244 = CARTESIAN_POINT ( 'NONE',  ( 4.140659763901000545, -5.150999830607999819, 1.104210058892000079 ) ) ;
#7245 = PRESENTATION_LAYER_ASSIGNMENT (  '', '', ( #2147 ) ) ;
#7246 = DIRECTION ( 'NONE',  ( -1.224646799146999945E-16, -1.000000000000000000, 0.000000000000000000 ) ) ;
#7247 = CARTESIAN_POINT ( 'NONE',  ( 0.000000000000000000, 0.000000000000000000, 0.000000000000000000 ) ) ;
#7248 = ORIENTED_EDGE ( 'NONE', *, *, #6866, .F. ) ;
#7249 = ORIENTED_EDGE ( 'NONE', *, *, #2795, .F. ) ;
#7250 = CARTESIAN_POINT ( 'NONE',  ( 3.124279453974000198, -5.149999830640999754, 0.8511708349069999624 ) ) ;
#7251 = LINE ( 'NONE', #7305, #6051 ) ;
#7252 = ORIENTED_EDGE ( 'NONE', *, *, #6987, .T. ) ;
#7253 = CARTESIAN_POINT ( 'NONE',  ( 2.527942810622999747, -5.150999830607999819, 1.177863494496000030 ) ) ;
#7254 = EDGE_CURVE ( 'NONE', #9090, #9233, #6663, .T. ) ;
#7255 = LINE ( 'NONE', #10373, #5813 ) ;
#7256 = CARTESIAN_POINT ( 'NONE',  ( 3.722247340639000424, -5.150999830607999819, 0.8545100692229999906 ) ) ;
#7257 = FACE_OUTER_BOUND ( 'NONE', #9734, .T. ) ;
#7258 = CARTESIAN_POINT ( 'NONE',  ( -5.799999809265000472, -0.4499999852019999635, 7.450579042612001036E-10 ) ) ;
#7259 = CARTESIAN_POINT ( 'NONE',  ( 3.125140890633999913, -5.149999830640999754, 0.9726306929560000203 ) ) ;
#7260 = ORIENTED_EDGE ( 'NONE', *, *, #4479, .T. ) ;
#7261 = VECTOR ( 'NONE', #9463, 1000.000000000000000 ) ;
#7262 = ORIENTED_EDGE ( 'NONE', *, *, #2285, .T. ) ;
#7263 = TOROIDAL_SURFACE ( 'NONE', #1482, 5.227142138160999707, 0.4652383217150000139 ) ;
#7264 =( NAMED_UNIT ( * ) SI_UNIT ( $, .STERADIAN. ) SOLID_ANGLE_UNIT ( ) );
#7265 = ORIENTED_EDGE ( 'NONE', *, *, #5176, .F. ) ;
#7266 = CARTESIAN_POINT ( 'NONE',  ( 3.845560610499000553, -5.150999830607999819, 0.7291733388140000383 ) ) ;
#7267 = ORIENTED_EDGE ( 'NONE', *, *, #5190, .T. ) ;
#7268 = SURFACE_STYLE_FILL_AREA ( #3121 ) ;
#7269 = CARTESIAN_POINT ( 'NONE',  ( 4.052252642168000740, -5.150999830607999819, 0.7267715995329999679 ) ) ;
#7270 = AXIS2_PLACEMENT_3D ( 'NONE', #3132, #5645, #3991 ) ;
#7271 = ADVANCED_FACE ( 'NONE', ( #4116 ), #6606, .F. ) ;
#7272 = ADVANCED_FACE ( 'NONE', ( #2518 ), #8961, .F. ) ;
#7273 = AXIS2_PLACEMENT_3D ( 'NONE', #1583, #4533, #6980 ) ;
#7274 = FACE_OUTER_BOUND ( 'NONE', #7919, .T. ) ;
#7275 = SURFACE_STYLE_USAGE ( .BOTH. , #2334 ) ;
#7276 = CARTESIAN_POINT ( 'NONE',  ( 2.292478380806999727, -5.149999830640999754, 1.007456702441999807 ) ) ;
#7277 = ORIENTED_EDGE ( 'NONE', *, *, #8175, .T. ) ;
#7278 = PLANE ( 'NONE',  #408 ) ;
#7279 = CARTESIAN_POINT ( 'NONE',  ( 3.796509686322999677, -5.149999830640999754, 1.231424977962000122 ) ) ;
#7280 = CARTESIAN_POINT ( 'NONE',  ( 3.545149352581999924, -5.149999830640999754, 1.071209362890999772 ) ) ;
#7281 = CARTESIAN_POINT ( 'NONE',  ( 2.466833330998999596, -5.150999830607999819, 0.7170154720239999557 ) ) ;
#7282 = PLANE ( 'NONE',  #7270 ) ;
#7283 = EDGE_CURVE ( 'NONE', #7400, #1950, #7, .T. ) ;
#7284 = CARTESIAN_POINT ( 'NONE',  ( 2.633302328514000035, -5.150999830607999819, 1.149641806396000110 ) ) ;
#7285 = B_SPLINE_SURFACE_WITH_KNOTS ( 'NONE', 3, 1, ( 
 ( #1595, #7971 ),
 ( #4744, #634 ),
 ( #6261, #2454 ),
 ( #4038, #9733 ) ),
 .UNSPECIFIED., .F., .F., .F.,
 ( 4, 4 ),
 ( 2, 2 ),
 ( 12.00000000000000000, 13.00000000000000000 ),
 ( 0.000000000000000000, 1.000000000000000000 ),
 .UNSPECIFIED. ) ;
#7286 = DIRECTION ( 'NONE',  ( 1.224646799146999945E-16, 1.000000000000000000, 0.000000000000000000 ) ) ;
#7287 = VERTEX_POINT ( 'NONE', #3261 ) ;
#7288 = CARTESIAN_POINT ( 'NONE',  ( 4.246179205575999482, -5.150999830607999819, 0.7497271494970000338 ) ) ;
#7289 = VECTOR ( 'NONE', #9015, 1000.000000000000114 ) ;
#7290 = VERTEX_POINT ( 'NONE', #5131 ) ;
#7291 = LINE ( 'NONE', #9049, #6324 ) ;
#7292 = STYLED_ITEM ( 'NONE', ( #6366 ), #2551 ) ;
#7293 = EDGE_CURVE ( 'NONE', #5181, #3498, #8529, .T. ) ;
#7294 = ORIENTED_EDGE ( 'NONE', *, *, #4479, .F. ) ;
#7295 = CARTESIAN_POINT ( 'NONE',  ( 3.056955689121000130, -5.149999830640999754, 1.145191076561000054 ) ) ;
#7296 = DIRECTION ( 'NONE',  ( 0.000000000000000000, 0.000000000000000000, 1.000000000000000000 ) ) ;
#7297 = SURFACE_STYLE_USAGE ( .BOTH. , #3247 ) ;
#7298 = UNCERTAINTY_MEASURE_WITH_UNIT (LENGTH_MEASURE( 1.000000000000000082E-05 ), #7413, 'distance_accuracy_value', 'NONE');
#7299 = B_SPLINE_SURFACE_WITH_KNOTS ( 'NONE', 3, 1, ( 
 ( #6448, #2425 ),
 ( #5618, #8 ),
 ( #1720, #8962 ),
 ( #7407, #5671 ) ),
 .UNSPECIFIED., .F., .F., .F.,
 ( 4, 4 ),
 ( 2, 2 ),
 ( 0.000000000000000000, 1.000000000000000000 ),
 ( 0.000000000000000000, 1.000000000000000000 ),
 .UNSPECIFIED. ) ;
#7300 = CARTESIAN_POINT ( 'NONE',  ( 3.665320914043999956, -5.150999830607999819, 0.8034445021470000281 ) ) ;
#7301 = FACE_OUTER_BOUND ( 'NONE', #8100, .T. ) ;
#7302 = ORIENTED_EDGE ( 'NONE', *, *, #2088, .T. ) ;
#7303 = VERTEX_POINT ( 'NONE', #4220 ) ;
#7304 = CARTESIAN_POINT ( 'NONE',  ( 3.677629187417000178, -5.149999830640999754, 0.7282848003340000043 ) ) ;
#7305 = CARTESIAN_POINT ( 'NONE',  ( 3.383216322691000144, -5.149999830640999754, 1.234356201993000113 ) ) ;
#7306 = VERTEX_POINT ( 'NONE', #9903 ) ;
#7307 = LINE ( 'NONE', #8250, #8026 ) ;
#7308 = LINE ( 'NONE', #8051, #10213 ) ;
#7309 = EDGE_CURVE ( 'NONE', #542, #5002, #7459, .T. ) ;
#7310 = CARTESIAN_POINT ( 'NONE',  ( 3.572679779026000091, -5.149999830640999754, 1.236443746853000070 ) ) ;
#7311 = AXIS2_PLACEMENT_3D ( 'NONE', #9543, #5521, #7149 ) ;
#7312 = CARTESIAN_POINT ( 'NONE',  ( 3.688781596661999895, -5.150999830607999819, 0.7027309946709999755 ) ) ;
#7313 = DIRECTION ( 'NONE',  ( 1.000000000000000000, -1.224646799146999945E-16, 0.000000000000000000 ) ) ;
#7314 = ORIENTED_EDGE ( 'NONE', *, *, #2150, .F. ) ;
#7315 = EDGE_CURVE ( 'NONE', #15, #10410, #9415, .T. ) ;
#7316 = ORIENTED_EDGE ( 'NONE', *, *, #2384, .F. ) ;
#7317 = ORIENTED_EDGE ( 'NONE', *, *, #5399, .F. ) ;
#7318 = DIRECTION ( 'NONE',  ( 1.224646799146999945E-16, 1.000000000000000000, 0.000000000000000000 ) ) ;
#7319 = B_SPLINE_CURVE_WITH_KNOTS ( 'NONE', 3,
 ( #5503, #7137, #602, #1393 ),
 .UNSPECIFIED., .F., .F.,
 ( 4, 4 ),
 ( 2.000000000000000000, 3.000000000000000000 ),
 .UNSPECIFIED. ) ;
#7320 = EDGE_LOOP ( 'NONE', ( #4244, #6891, #926, #3527 ) ) ;
#7321 = CARTESIAN_POINT ( 'NONE',  ( 2.383214308888000232, -5.150999830607999819, 0.7523130586389999985 ) ) ;
#7322 = VECTOR ( 'NONE', #5819, 1000.000000000000000 ) ;
#7323 = VECTOR ( 'NONE', #354, 1000.000000000000000 ) ;
#7324 = LINE ( 'NONE', #2386, #1840 ) ;
#7325 = VECTOR ( 'NONE', #6201, 1000.000000000000000 ) ;
#7326 = CARTESIAN_POINT ( 'NONE',  ( 3.969126090162000242, -5.150999830607999819, 0.7273611627060000417 ) ) ;
#7327 = DIRECTION ( 'NONE',  ( -1.224646799147343839E-16, -1.000000000000000000, 0.000000000000000000 ) ) ;
#7328 = EDGE_LOOP ( 'NONE', ( #10265, #10186, #3702, #1814 ) ) ;
#7329 = DIRECTION ( 'NONE',  ( 1.224646799146999945E-16, 1.000000000000000000, 0.000000000000000000 ) ) ;
#7330 = CARTESIAN_POINT ( 'NONE',  ( 4.360954916044000207, -5.150999830607999819, 0.8720235486440000017 ) ) ;
#7331 =( NAMED_UNIT ( * ) PLANE_ANGLE_UNIT ( ) SI_UNIT ( $, .RADIAN. ) );
#7332 = CARTESIAN_POINT ( 'NONE',  ( 2.676116869622000127, -5.149999830640999754, 1.273696170895999957 ) ) ;
#7333 = SURFACE_STYLE_FILL_AREA ( #2340 ) ;
#7334 = VECTOR ( 'NONE', #1311, 1000.000000000000000 ) ;
#7335 = VECTOR ( 'NONE', #9179, 1000.000000000000114 ) ;
#7336 = CARTESIAN_POINT ( 'NONE',  ( -5.149999830640999754, -1.249999958892999974, 0.5499999826579999862 ) ) ;
#7337 = VECTOR ( 'NONE', #5919, 1000.000000000000000 ) ;
#7338 = VERTEX_POINT ( 'NONE', #5866 ) ;
#7339 = DIRECTION ( 'NONE',  ( -1.000000000000000000, 1.224646799146999945E-16, 0.000000000000000000 ) ) ;
#7340 = ORIENTED_EDGE ( 'NONE', *, *, #5064, .T. ) ;
#7341 =( LENGTH_UNIT ( ) NAMED_UNIT ( * ) SI_UNIT ( .MILLI., .METRE. ) );
#7342 = CARTESIAN_POINT ( 'NONE',  ( 3.194854172867000131, -5.149999830640999754, 0.8116276761260000638 ) ) ;
#7343 = EDGE_CURVE ( 'NONE', #4438, #7453, #8310, .T. ) ;
#7344 = AXIS2_PLACEMENT_3D ( 'NONE', #8964, #767, #1513 ) ;
#7345 = EDGE_CURVE ( 'NONE', #7338, #1743, #231, .T. ) ;
#7346 = VERTEX_POINT ( 'NONE', #6717 ) ;
#7347 = UNCERTAINTY_MEASURE_WITH_UNIT (LENGTH_MEASURE( 1.000000000000000082E-05 ), #171, 'distance_accuracy_value', 'NONE');
#7348 = CARTESIAN_POINT ( 'NONE',  ( 3.074891546108000195, -5.149999830640999754, 1.023597901399000198 ) ) ;
#7349 = STYLED_ITEM ( 'NONE', ( #6548 ), #6353 ) ;
#7350 = CARTESIAN_POINT ( 'NONE',  ( 4.063920553127000623, -5.150999830607999819, 1.081775093642999952 ) ) ;
#7351 = LINE ( 'NONE', #1606, #3915 ) ;
#7352 = VECTOR ( 'NONE', #10124, 1000.000000000000000 ) ;
#7353 = FACE_OUTER_BOUND ( 'NONE', #10382, .T. ) ;
#7354 = PRESENTATION_LAYER_ASSIGNMENT (  '', '', ( #1918 ) ) ;
#7355 = CARTESIAN_POINT ( 'NONE',  ( 3.624301044107000269, -5.150999830607999819, 1.028796683539000112 ) ) ;
#7356 = AXIS2_PLACEMENT_3D ( 'NONE', #8532, #2890, #7679 ) ;
#7357 = VERTEX_POINT ( 'NONE', #2095 ) ;
#7358 = ORIENTED_EDGE ( 'NONE', *, *, #1071, .T. ) ;
#7359 = CARTESIAN_POINT ( 'NONE',  ( 3.799858552596000028, -5.150999830607999819, 1.051206653775000222 ) ) ;
#7360 = EDGE_CURVE ( 'NONE', #348, #2869, #8475, .T. ) ;
#7361 = CARTESIAN_POINT ( 'NONE',  ( 3.756616741260999870, -5.150999830607999819, 0.8478196481659999728 ) ) ;
#7362 = ORIENTED_EDGE ( 'NONE', *, *, #5549, .F. ) ;
#7363 = CARTESIAN_POINT ( 'NONE',  ( 3.745625446716999374, -5.150999830607999819, 0.8301172953940000321 ) ) ;
#7364 =( NAMED_UNIT ( * ) PLANE_ANGLE_UNIT ( ) SI_UNIT ( $, .RADIAN. ) );
#7365 = PLANE ( 'NONE',  #8874 ) ;
#7366 = DIRECTION ( 'NONE',  ( 1.224646799146999945E-16, 1.000000000000000000, 0.000000000000000000 ) ) ;
#7367 = CARTESIAN_POINT ( 'NONE',  ( 3.953965626105000464, -5.149999830640999754, 1.221366101565000140 ) ) ;
#7368 = CARTESIAN_POINT ( 'NONE',  ( 3.790630314849000371, -5.150999830607999819, 0.6370221451819999547 ) ) ;
#7369 = ORIENTED_EDGE ( 'NONE', *, *, #9966, .F. ) ;
#7370 = ORIENTED_EDGE ( 'NONE', *, *, #82, .F. ) ;
#7371 = CARTESIAN_POINT ( 'NONE',  ( 3.498034028674999796, -5.149999830640999754, 1.128003794546999838 ) ) ;
#7372 = ORIENTED_EDGE ( 'NONE', *, *, #8493, .F. ) ;
#7373 = PLANE ( 'NONE',  #9370 ) ;
#7374 = ADVANCED_FACE ( 'NONE', ( #6933 ), #3677, .F. ) ;
#7375 = CARTESIAN_POINT ( 'NONE',  ( 3.730235930644000053, -5.149999830640999754, 0.7567137122360000356 ) ) ;
#7376 = CARTESIAN_POINT ( 'NONE',  ( 0.000000000000000000, 0.000000000000000000, 1.757602692597000082 ) ) ;
#7377 = ADVANCED_FACE ( 'NONE', ( #4331 ), #7623, .F. ) ;
#7378 = FILL_AREA_STYLE_COLOUR ( '', #980 ) ;
#7379 = ORIENTED_EDGE ( 'NONE', *, *, #157, .T. ) ;
#7380 = CARTESIAN_POINT ( 'NONE',  ( 5.149999830640999754, 5.149999830640999754, 0.04999999910078999771 ) ) ;
#7381 = CARTESIAN_POINT ( 'NONE',  ( 4.168954833848999897, -5.150999830607999819, 1.025401707300000131 ) ) ;
#7382 = EDGE_CURVE ( 'NONE', #9393, #4265, #6883, .T. ) ;
#7383 = EDGE_CURVE ( 'NONE', #5401, #5070, #4537, .T. ) ;
#7384 = ORIENTED_EDGE ( 'NONE', *, *, #334, .F. ) ;
#7385 = FACE_OUTER_BOUND ( 'NONE', #6729, .T. ) ;
#7386 = DIRECTION ( 'NONE',  ( -0.007092178509961118670, 8.685413711205699091E-19, -0.9999748501857348426 ) ) ;
#7387 = DIRECTION ( 'NONE',  ( -1.000000000000000000, 1.224646799147000192E-16, 0.000000000000000000 ) ) ;
#7388 = CARTESIAN_POINT ( 'NONE',  ( 4.450357438754000583, -5.149999830640999754, 0.7007609143149999831 ) ) ;
#7389 = ORIENTED_EDGE ( 'NONE', *, *, #4124, .F. ) ;
#7390 = CARTESIAN_POINT ( 'NONE',  ( 3.970238111756999366, -5.149999830640999754, 0.8841527079530000499 ) ) ;
#7391 = EDGE_LOOP ( 'NONE', ( #367, #9986, #9586, #6019 ) ) ;
#7392 = FILL_AREA_STYLE ('',( #9048 ) ) ;
#7393 = DIRECTION ( 'NONE',  ( 1.224646799146999945E-16, 1.000000000000000000, 0.000000000000000000 ) ) ;
#7394 = ORIENTED_EDGE ( 'NONE', *, *, #5064, .F. ) ;
#7395 = CARTESIAN_POINT ( 'NONE',  ( 3.125140890633999913, -5.150999830607999819, 0.9726306929560000203 ) ) ;
#7396 =( NAMED_UNIT ( * ) SI_UNIT ( $, .STERADIAN. ) SOLID_ANGLE_UNIT ( ) );
#7397 = CARTESIAN_POINT ( 'NONE',  ( 2.900915972334000337, -5.150999830607999819, 0.7558714511360000721 ) ) ;
#7398 = FACE_OUTER_BOUND ( 'NONE', #770, .T. ) ;
#7399 = ORIENTED_EDGE ( 'NONE', *, *, #9835, .F. ) ;
#7400 = VERTEX_POINT ( 'NONE', #386 ) ;
#7401 = EDGE_CURVE ( 'NONE', #10277, #6391, #2938, .T. ) ;
#7402 = DIRECTION ( 'NONE',  ( 0.007092178509948120387, -8.685413711189702317E-19, 0.9999748501857350647 ) ) ;
#7403 = B_SPLINE_CURVE_WITH_KNOTS ( 'NONE', 3,
 ( #2446, #81, #5582, #4989 ),
 .UNSPECIFIED., .F., .F.,
 ( 4, 4 ),
 ( 12.00000000000000000, 13.00000000000000000 ),
 .UNSPECIFIED. ) ;
#7404 = CARTESIAN_POINT ( 'NONE',  ( 3.969611309134000177, -5.150999830607999819, 0.7957755106980000104 ) ) ;
#7405 = EDGE_LOOP ( 'NONE', ( #6131, #3550, #6781, #3253, #5284, #9223 ) ) ;
#7406 = CARTESIAN_POINT ( 'NONE',  ( 3.604642969462000135, -5.149999830640999754, 0.7292183582519999874 ) ) ;
#7407 = CARTESIAN_POINT ( 'NONE',  ( 3.546263882025999958, -5.150999830607999819, 0.7665447367279999424 ) ) ;
#7408 = CARTESIAN_POINT ( 'NONE',  ( 2.799996873487999860, -5.150999830607999819, 1.206300488801999915 ) ) ;
#7409 =( NAMED_UNIT ( * ) PLANE_ANGLE_UNIT ( ) SI_UNIT ( $, .RADIAN. ) );
#7410 = EDGE_CURVE ( 'NONE', #2983, #975, #1938, .T. ) ;
#7411 = CARTESIAN_POINT ( 'NONE',  ( 3.681927869545999599, -5.149999830640999754, 0.8432544265400000461 ) ) ;
#7412 = ORIENTED_EDGE ( 'NONE', *, *, #2384, .T. ) ;
#7413 =( LENGTH_UNIT ( ) NAMED_UNIT ( * ) SI_UNIT ( .MILLI., .METRE. ) );
#7414 = VERTEX_POINT ( 'NONE', #8583 ) ;
#7415 = VECTOR ( 'NONE', #3143, 1000.000000000000000 ) ;
#7416 = EDGE_CURVE ( 'NONE', #9154, #5932, #5348, .T. ) ;
#7417 = VERTEX_POINT ( 'NONE', #2726 ) ;
#7418 = CARTESIAN_POINT ( 'NONE',  ( 3.630620051249000113, -5.149999830640999754, 0.8000513689360000402 ) ) ;
#7419 = ORIENTED_EDGE ( 'NONE', *, *, #3754, .T. ) ;
#7420 = DIRECTION ( 'NONE',  ( 1.224646799146999945E-16, 1.000000000000000000, 0.000000000000000000 ) ) ;
#7421 = CARTESIAN_POINT ( 'NONE',  ( 4.197963349183000403, -5.149999830640999754, 1.025195968557000015 ) ) ;
#7422 = DIRECTION ( 'NONE',  ( 0.8873869422625527692, -1.086735578446451689E-16, 0.4610253948557678783 ) ) ;
#7423 = VECTOR ( 'NONE', #2184, 1000.000000000000114 ) ;
#7424 = EDGE_LOOP ( 'NONE', ( #9952, #3135, #2001, #6115, #8002, #6763, #2116, #1203 ) ) ;
#7425 = CARTESIAN_POINT ( 'NONE',  ( 2.799996873487999860, -5.149999830640999754, 1.206300488801999915 ) ) ;
#7426 = ORIENTED_EDGE ( 'NONE', *, *, #921, .T. ) ;
#7427 = CARTESIAN_POINT ( 'NONE',  ( 4.052088198656000451, -5.150999830607999819, 0.7035855819000000899 ) ) ;
#7428 = DIRECTION ( 'NONE',  ( 0.007092178509962118738, -8.685413711206687093E-19, 0.9999748501857348426 ) ) ;
#7429 =( GEOMETRIC_REPRESENTATION_CONTEXT ( 3 ) GLOBAL_UNCERTAINTY_ASSIGNED_CONTEXT ( ( #5505 ) ) GLOBAL_UNIT_ASSIGNED_CONTEXT ( ( #4042, #1754, #6485 ) ) REPRESENTATION_CONTEXT ( 'NONE', 'WORKASPACE' ) );
#7430 = VECTOR ( 'NONE', #3013, 1000.000000000000000 ) ;
#7431 = ORIENTED_EDGE ( 'NONE', *, *, #7568, .T. ) ;
#7432 = LINE ( 'NONE', #2593, #5346 ) ;
#7433 = CARTESIAN_POINT ( 'NONE',  ( 0.000000000000000000, 0.000000000000000000, 34.19213450005700139 ) ) ;
#7434 = CARTESIAN_POINT ( 'NONE',  ( 4.148760050210000827, -5.150999830607999819, 0.8828865666539998935 ) ) ;
#7435 = CARTESIAN_POINT ( 'NONE',  ( 2.580150843783000081, -5.149999830640999754, 1.199183568847000059 ) ) ;
#7436 = CARTESIAN_POINT ( 'NONE',  ( 4.358204051441999738, -5.150999830607999819, 0.8726669291770000614 ) ) ;
#7437 = CARTESIAN_POINT ( 'NONE',  ( 2.361166224039000117, -5.150999830607999819, 1.109637203277999973 ) ) ;
#7438 = VECTOR ( 'NONE', #3125, 1000.000000000000114 ) ;
#7439 = ORIENTED_EDGE ( 'NONE', *, *, #8576, .F. ) ;
#7440 = ADVANCED_FACE ( 'NONE', ( #4381 ), #7777, .F. ) ;
#7441 = B_SPLINE_CURVE_WITH_KNOTS ( 'NONE', 3,
 ( #7119, #10345, #9563, #6363 ),
 .UNSPECIFIED., .F., .F.,
 ( 4, 4 ),
 ( 2.000000000000000000, 3.000000000000000000 ),
 .UNSPECIFIED. ) ;
#7442 = ORIENTED_EDGE ( 'NONE', *, *, #6721, .F. ) ;
#7443 = PRESENTATION_STYLE_ASSIGNMENT (( #790 ) ) ;
#7444 = CARTESIAN_POINT ( 'NONE',  ( 4.172985799574999710, -5.149999830640999754, 0.8827147489940000424 ) ) ;
#7445 = ORIENTED_EDGE ( 'NONE', *, *, #9971, .T. ) ;
#7446 = CARTESIAN_POINT ( 'NONE',  ( 3.799858552596000028, -5.149999830640999754, 1.051206653775000222 ) ) ;
#7447 = UNCERTAINTY_MEASURE_WITH_UNIT (LENGTH_MEASURE( 1.000000000000000082E-05 ), #2786, 'distance_accuracy_value', 'NONE');
#7448 = CARTESIAN_POINT ( 'NONE',  ( 3.546637000016999774, -5.150999830607999819, 0.7311894333370000387 ) ) ;
#7449 = CARTESIAN_POINT ( 'NONE',  ( 3.577210642399999863, -5.150999830607999819, 0.7244219547500000411 ) ) ;
#7450 = CARTESIAN_POINT ( 'NONE',  ( 2.942530655334999690, -5.150999830607999819, 0.7107495988190000169 ) ) ;
#7451 = CARTESIAN_POINT ( 'NONE',  ( 3.604901802074000017, -5.149999830640999754, 0.7657129420589999791 ) ) ;
#7452 = EDGE_LOOP ( 'NONE', ( #4396, #10056, #7317, #5962 ) ) ;
#7453 = VERTEX_POINT ( 'NONE', #3741 ) ;
#7454 = CARTESIAN_POINT ( 'NONE',  ( 2.602670668108999941, -5.150999830607999819, 0.7044837779389999666 ) ) ;
#7455 = COLOUR_RGB ( '',1.000000000000000000, 1.000000000000000000, 1.000000000000000000 ) ;
#7456 = CARTESIAN_POINT ( 'NONE',  ( 3.124915277551999715, -5.150999830607999819, 0.7369305303679999364 ) ) ;
#7457 = ORIENTED_EDGE ( 'NONE', *, *, #4596, .T. ) ;
#7458 = ORIENTED_EDGE ( 'NONE', *, *, #2475, .T. ) ;
#7459 = LINE ( 'NONE', #3361, #10295 ) ;
#7460 = FILL_AREA_STYLE_COLOUR ( '', #537 ) ;
#7461 = EDGE_CURVE ( 'NONE', #2313, #5561, #3531, .T. ) ;
#7462 = ADVANCED_FACE ( 'NONE', ( #5971 ), #4021, .T. ) ;
#7463 = CARTESIAN_POINT ( 'NONE',  ( 2.799166256723000235, -5.149999830640999754, 1.293067789246999943 ) ) ;
#7464 = PRESENTATION_STYLE_ASSIGNMENT (( #2676 ) ) ;
#7465 = ORIENTED_EDGE ( 'NONE', *, *, #7930, .F. ) ;
#7466 = CARTESIAN_POINT ( 'NONE',  ( -3.649999879969000105, -5.149999830640999754, 0.04999999910078999771 ) ) ;
#7467 = VERTEX_POINT ( 'NONE', #6986 ) ;
#7468 = ORIENTED_EDGE ( 'NONE', *, *, #4888, .F. ) ;
#7469 = DIRECTION ( 'NONE',  ( -1.224646799146999945E-16, -1.000000000000000000, 0.000000000000000000 ) ) ;
#7470 = EDGE_CURVE ( 'NONE', #8399, #9924, #7980, .T. ) ;
#7471 = EDGE_CURVE ( 'NONE', #5851, #9326, #8849, .T. ) ;
#7472 = CARTESIAN_POINT ( 'NONE',  ( 3.604901802074000017, -5.150999830607999819, 0.7657129420589999791 ) ) ;
#7473 = EDGE_LOOP ( 'NONE', ( #4388, #2982, #242, #6544, #126, #353, #2687, #4067, #2683, #9395, #1445, #7202 ) ) ;
#7474 = B_SPLINE_SURFACE_WITH_KNOTS ( 'NONE', 3, 1, ( 
 ( #1664, #2619 ),
 ( #8141, #6603 ),
 ( #7456, #8045 ),
 ( #8200, #906 ) ),
 .UNSPECIFIED., .F., .F., .F.,
 ( 4, 4 ),
 ( 2, 2 ),
 ( 33.00000000000000000, 34.00000000000000000 ),
 ( 0.000000000000000000, 1.000000000000000000 ),
 .UNSPECIFIED. ) ;
#7475 = CARTESIAN_POINT ( 'NONE',  ( 3.125140890633999913, -5.150999830607999819, 0.9726306929560000203 ) ) ;
#7476 = ORIENTED_EDGE ( 'NONE', *, *, #3772, .F. ) ;
#7477 = CARTESIAN_POINT ( 'NONE',  ( 5.149999830640999754, 0.4999999835569999274, 2.049999933330000079 ) ) ;
#7478 = EDGE_LOOP ( 'NONE', ( #9407, #2467, #5525, #453 ) ) ;
#7479 = CARTESIAN_POINT ( 'NONE',  ( 3.762855115409999840, -5.150999830607999819, 0.7451487193829999800 ) ) ;
#7480 = EDGE_CURVE ( 'NONE', #8243, #5377, #3039, .T. ) ;
#7481 =( NAMED_UNIT ( * ) PLANE_ANGLE_UNIT ( ) SI_UNIT ( $, .RADIAN. ) );
#7482 = CARTESIAN_POINT ( 'NONE',  ( 3.124699917163999974, -5.149999830640999754, 0.9104548214489999181 ) ) ;
#7483 = DIRECTION ( 'NONE',  ( 1.224646799147213924E-16, 1.000000000000000000, 0.000000000000000000 ) ) ;
#7484 = CARTESIAN_POINT ( 'NONE',  ( 2.600547976842999987, -5.150999830607999819, 1.220729257453000205 ) ) ;
#7485 = EDGE_CURVE ( 'NONE', #2455, #4050, #601, .T. ) ;
#7486 =( GEOMETRIC_REPRESENTATION_CONTEXT ( 3 ) GLOBAL_UNCERTAINTY_ASSIGNED_CONTEXT ( ( #101 ) ) GLOBAL_UNIT_ASSIGNED_CONTEXT ( ( #5509, #6276, #3688 ) ) REPRESENTATION_CONTEXT ( 'NONE', 'WORKASPACE' ) );
#7487 = PRESENTATION_LAYER_ASSIGNMENT (  '', '', ( #9025 ) ) ;
#7488 = CARTESIAN_POINT ( 'NONE',  ( 3.919895581101999316, -5.150999830607999819, 1.050355308329999904 ) ) ;
#7489 = CARTESIAN_POINT ( 'NONE',  ( 3.380928124408999924, -5.149999830640999754, 0.9117274454279999940 ) ) ;
#7490 = ORIENTED_EDGE ( 'NONE', *, *, #5779, .T. ) ;
#7491 = SURFACE_STYLE_USAGE ( .BOTH. , #4253 ) ;
#7492 = VECTOR ( 'NONE', #8060, 1000.000000000000000 ) ;
#7493 = SURFACE_STYLE_USAGE ( .BOTH. , #7605 ) ;
#7494 = ORIENTED_EDGE ( 'NONE', *, *, #2339, .T. ) ;
#7495 = CARTESIAN_POINT ( 'NONE',  ( 3.687640853019999998, -5.149999830640999754, 0.7764597731360000088 ) ) ;
#7496 = DIRECTION ( 'NONE',  ( 0.007092178509967119078, -8.685413711212699846E-19, 0.9999748501857348426 ) ) ;
#7497 = FILL_AREA_STYLE_COLOUR ( '', #2330 ) ;
#7498 = PRESENTATION_LAYER_ASSIGNMENT (  '', '', ( #8007 ) ) ;
#7499 = CARTESIAN_POINT ( 'NONE',  ( 2.713660265846999931, -5.149999830640999754, 0.8584212349130000419 ) ) ;
#7500 = VECTOR ( 'NONE', #3097, 1000.000000000000000 ) ;
#7501 = EDGE_CURVE ( 'NONE', #5225, #1199, #9682, .T. ) ;
#7502 = MECHANICAL_DESIGN_GEOMETRIC_PRESENTATION_REPRESENTATION (  '', ( #3598 ), #7164 ) ;
#7503 =( GEOMETRIC_REPRESENTATION_CONTEXT ( 3 ) GLOBAL_UNCERTAINTY_ASSIGNED_CONTEXT ( ( #3716 ) ) GLOBAL_UNIT_ASSIGNED_CONTEXT ( ( #3809, #2953, #405 ) ) REPRESENTATION_CONTEXT ( 'NONE', 'WORKASPACE' ) );
#7504 = EDGE_CURVE ( 'NONE', #5611, #1234, #6271, .T. ) ;
#7505 = B_SPLINE_SURFACE_WITH_KNOTS ( 'NONE', 3, 1, ( 
 ( #10026, #5036 ),
 ( #7701, #3496 ),
 ( #9976, #6044 ),
 ( #3608, #4350 ) ),
 .UNSPECIFIED., .F., .F., .F.,
 ( 4, 4 ),
 ( 2, 2 ),
 ( 11.00000000000000000, 12.00000000000000000 ),
 ( 0.000000000000000000, 1.000000000000000000 ),
 .UNSPECIFIED. ) ;
#7506 = CARTESIAN_POINT ( 'NONE',  ( 4.121945718565999783, -5.150999830607999819, 1.229116869479000007 ) ) ;
#7507 = CARTESIAN_POINT ( 'NONE',  ( 3.836696332234999840, -5.150999830607999819, 0.6521882106309999649 ) ) ;
#7508 = ORIENTED_EDGE ( 'NONE', *, *, #9365, .T. ) ;
#7509 = ORIENTED_EDGE ( 'NONE', *, *, #1068, .F. ) ;
#7510 = CARTESIAN_POINT ( 'NONE',  ( 4.004429102078000291, -5.149999830640999754, 1.130858920966000047 ) ) ;
#7511 = CARTESIAN_POINT ( 'NONE',  ( 3.595565243249000176, -5.149999830640999754, 0.8347168416219999942 ) ) ;
#7512 =( GEOMETRIC_REPRESENTATION_CONTEXT ( 3 ) GLOBAL_UNCERTAINTY_ASSIGNED_CONTEXT ( ( #1051 ) ) GLOBAL_UNIT_ASSIGNED_CONTEXT ( ( #9504, #2436, #7264 ) ) REPRESENTATION_CONTEXT ( 'NONE', 'WORKASPACE' ) );
#7513 = EDGE_LOOP ( 'NONE', ( #8157, #5756, #3890, #5092 ) ) ;
#7514 = VERTEX_POINT ( 'NONE', #9528 ) ;
#7515 = CARTESIAN_POINT ( 'NONE',  ( -1.999999934228999798, 0.4999999835569999274, 0.3499999892349999753 ) ) ;
#7516 = LINE ( 'NONE', #2673, #7337 ) ;
#7517 = EDGE_CURVE ( 'NONE', #3721, #690, #6330, .T. ) ;
#7518 = EDGE_CURVE ( 'NONE', #1165, #5744, #5552, .T. ) ;
#7519 = FACE_OUTER_BOUND ( 'NONE', #5421, .T. ) ;
#7520 =( NAMED_UNIT ( * ) SI_UNIT ( $, .STERADIAN. ) SOLID_ANGLE_UNIT ( ) );
#7521 = CARTESIAN_POINT ( 'NONE',  ( 3.528397468373999590, -5.150999830607999819, 0.8423677292760000102 ) ) ;
#7522 = ORIENTED_EDGE ( 'NONE', *, *, #5152, .T. ) ;
#7523 = FACE_OUTER_BOUND ( 'NONE', #5857, .T. ) ;
#7524 = VECTOR ( 'NONE', #673, 1000.000000000000000 ) ;
#7525 = ORIENTED_EDGE ( 'NONE', *, *, #4400, .F. ) ;
#7526 = DIRECTION ( 'NONE',  ( 1.000000000000000000, 0.000000000000000000, 0.000000000000000000 ) ) ;
#7527 = VERTEX_POINT ( 'NONE', #1335 ) ;
#7528 = CARTESIAN_POINT ( 'NONE',  ( 3.690314330835000156, -5.150999830607999819, 1.028796396564999993 ) ) ;
#7529 = VERTEX_POINT ( 'NONE', #5447 ) ;
#7530 = DIRECTION ( 'NONE',  ( -0.007092178509963118806, 8.685413711207700132E-19, -0.9999748501857348426 ) ) ;
#7531 = PLANE ( 'NONE',  #5487 ) ;
#7532 = EDGE_LOOP ( 'NONE', ( #3762, #8443, #3450, #7820 ) ) ;
#7533 = EDGE_CURVE ( 'NONE', #3595, #4146, #6349, .T. ) ;
#7534 = B_SPLINE_SURFACE_WITH_KNOTS ( 'NONE', 3, 1, ( 
 ( #7408, #9797 ),
 ( #234, #2520 ),
 ( #5766, #4969 ),
 ( #4171, #117 ) ),
 .UNSPECIFIED., .F., .F., .F.,
 ( 4, 4 ),
 ( 2, 2 ),
 ( 21.00000000000000000, 22.00000000000000000 ),
 ( 0.000000000000000000, 1.000000000000000000 ),
 .UNSPECIFIED. ) ;
#7535 = LINE ( 'NONE', #2694, #478 ) ;
#7536 = MECHANICAL_DESIGN_GEOMETRIC_PRESENTATION_REPRESENTATION (  '', ( #2611 ), #8740 ) ;
#7537 = VERTEX_POINT ( 'NONE', #10269 ) ;
#7538 = CARTESIAN_POINT ( 'NONE',  ( 2.659247335996000050, -5.149999830640999754, 0.7301109829720000555 ) ) ;
#7539 = ORIENTED_EDGE ( 'NONE', *, *, #6129, .T. ) ;
#7540 = LINE ( 'NONE', #9091, #146 ) ;
#7541 = LINE ( 'NONE', #9194, #1656 ) ;
#7542 = CARTESIAN_POINT ( 'NONE',  ( 2.633302328514000035, -5.149999830640999754, 1.149641806396000110 ) ) ;
#7543 = UNCERTAINTY_MEASURE_WITH_UNIT (LENGTH_MEASURE( 1.000000000000000082E-05 ), #4333, 'distance_accuracy_value', 'NONE');
#7544 = CARTESIAN_POINT ( 'NONE',  ( 3.650821880940999797, -5.150999830607999819, 1.200120964461000028 ) ) ;
#7545 = CARTESIAN_POINT ( 'NONE',  ( 3.717217219562000352, -5.150999830607999819, 1.120210564940000042 ) ) ;
#7546 = EDGE_CURVE ( 'NONE', #7537, #709, #511, .T. ) ;
#7547 = CARTESIAN_POINT ( 'NONE',  ( -4.761903816445999915, 5.831650266658999688E-16, 2.392385396886000049 ) ) ;
#7548 = B_SPLINE_CURVE_WITH_KNOTS ( 'NONE', 3,
 ( #7709, #8455, #8562, #6915 ),
 .UNSPECIFIED., .F., .F.,
 ( 4, 4 ),
 ( 1.000000000000000000, 2.000000000000000000 ),
 .UNSPECIFIED. ) ;
#7549 = EDGE_LOOP ( 'NONE', ( #7195, #1080, #6509, #9777 ) ) ;
#7550 = DIRECTION ( 'NONE',  ( -1.224646799146999945E-16, -1.000000000000000000, 0.000000000000000000 ) ) ;
#7551 = PRESENTATION_STYLE_ASSIGNMENT (( #7493 ) ) ;
#7552 = VERTEX_POINT ( 'NONE', #6381 ) ;
#7553 = FACE_OUTER_BOUND ( 'NONE', #2979, .T. ) ;
#7554 = CARTESIAN_POINT ( 'NONE',  ( 2.546452932570999916, -5.150999830607999819, 0.7294649045489999262 ) ) ;
#7555 = DIRECTION ( 'NONE',  ( 1.000000000000000000, -1.224646799146999945E-16, 0.000000000000000000 ) ) ;
#7556 = CARTESIAN_POINT ( 'NONE',  ( 2.605562635814000050, -5.150999830607999819, 0.9083526950350000462 ) ) ;
#7557 = LINE ( 'NONE', #1069, #9027 ) ;
#7558 = FACE_OUTER_BOUND ( 'NONE', #2986, .T. ) ;
#7559 = ORIENTED_EDGE ( 'NONE', *, *, #9805, .F. ) ;
#7560 = VERTEX_POINT ( 'NONE', #5605 ) ;
#7561 = DIRECTION ( 'NONE',  ( -1.224646799147375887E-16, -1.000000000000000000, 0.000000000000000000 ) ) ;
#7562 = PRESENTATION_STYLE_ASSIGNMENT (( #1075 ) ) ;
#7563 = ORIENTED_EDGE ( 'NONE', *, *, #5240, .T. ) ;
#7564 = EDGE_LOOP ( 'NONE', ( #4869, #4708, #9298, #4927 ) ) ;
#7565 = DIRECTION ( 'NONE',  ( -5.151952290108000590E-15, 1.000000000000000000, 0.000000000000000000 ) ) ;
#7566 = ORIENTED_EDGE ( 'NONE', *, *, #4941, .F. ) ;
#7567 = CARTESIAN_POINT ( 'NONE',  ( 3.513523021490000176, -5.150999830607999819, 0.7462932011560000634 ) ) ;
#7568 = EDGE_CURVE ( 'NONE', #7467, #1250, #2303, .T. ) ;
#7569 = CARTESIAN_POINT ( 'NONE',  ( 5.149999830640999754, 1.249999958892999974, 2.549999916887000229 ) ) ;
#7570 = CARTESIAN_POINT ( 'NONE',  ( 2.749152674305999966, -5.149999830640999754, 0.7656239846449999220 ) ) ;
#7571 = SURFACE_STYLE_FILL_AREA ( #4172 ) ;
#7572 = PRESENTATION_STYLE_ASSIGNMENT (( #8431 ) ) ;
#7573 = ORIENTED_EDGE ( 'NONE', *, *, #6812, .F. ) ;
#7574 = CARTESIAN_POINT ( 'NONE',  ( 3.697120481929000224, -5.150999830607999819, 0.8009314433930000421 ) ) ;
#7575 = VECTOR ( 'NONE', #1275, 1000.000000000000000 ) ;
#7576 = DIRECTION ( 'NONE',  ( -0.9999748501857348426, 0.000000000000000000, 0.007092178509961118670 ) ) ;
#7577 = ORIENTED_EDGE ( 'NONE', *, *, #8084, .F. ) ;
#7578 = CARTESIAN_POINT ( 'NONE',  ( 4.296373169184000140, -5.149999830640999754, 0.7018530257080000112 ) ) ;
#7579 = ORIENTED_EDGE ( 'NONE', *, *, #6360, .F. ) ;
#7580 = VECTOR ( 'NONE', #2734, 1000.000000000000114 ) ;
#7581 = FACE_OUTER_BOUND ( 'NONE', #2181, .T. ) ;
#7582 = ORIENTED_EDGE ( 'NONE', *, *, #5191, .F. ) ;
#7583 = EDGE_CURVE ( 'NONE', #1752, #7949, #3799, .T. ) ;
#7584 = CARTESIAN_POINT ( 'NONE',  ( 3.539375103337000006, -5.149999830640999754, 0.7481894170299999702 ) ) ;
#7585 = CARTESIAN_POINT ( 'NONE',  ( 4.324795465241000336, -5.149999830640999754, 0.7802591174980000321 ) ) ;
#7586 = ORIENTED_EDGE ( 'NONE', *, *, #2174, .F. ) ;
#7587 = PRESENTATION_LAYER_ASSIGNMENT (  '', '', ( #9621 ) ) ;
#7588 =( NAMED_UNIT ( * ) PLANE_ANGLE_UNIT ( ) SI_UNIT ( $, .RADIAN. ) );
#7589 = VERTEX_POINT ( 'NONE', #7924 ) ;
#7590 = CARTESIAN_POINT ( 'NONE',  ( 2.659688309465999989, -5.149999830640999754, 0.7922868544789999357 ) ) ;
#7591 = ORIENTED_EDGE ( 'NONE', *, *, #6736, .F. ) ;
#7592 = CARTESIAN_POINT ( 'NONE',  ( 3.691756714283000118, -5.150999830607999819, 1.232167923423999945 ) ) ;
#7593 = CARTESIAN_POINT ( 'NONE',  ( 3.953965626105000464, -5.150999830607999819, 1.221366101565000140 ) ) ;
#7594 = EDGE_CURVE ( 'NONE', #6897, #3434, #8910, .T. ) ;
#7595 = CARTESIAN_POINT ( 'NONE',  ( 2.605255006645999849, -5.149999830640999754, 1.068863489782999832 ) ) ;
#7596 = CARTESIAN_POINT ( 'NONE',  ( 3.154788024921999945, -5.149999830640999754, 1.075088098221999910 ) ) ;
#7597 = EDGE_CURVE ( 'NONE', #9342, #895, #6479, .T. ) ;
#7598 = CARTESIAN_POINT ( 'NONE',  ( 2.633302328514000035, -5.150999830607999819, 1.149641806396000110 ) ) ;
#7599 = CARTESIAN_POINT ( 'NONE',  ( 3.973219440545999959, -5.150999830607999819, 1.055280015054000042 ) ) ;
#7600 = EDGE_CURVE ( 'NONE', #8919, #3434, #2987, .T. ) ;
#7601 = COLOUR_RGB ( '',0.2470588235294117752, 0.2470588235294117752, 0.2470588235294117752 ) ;
#7602 = VECTOR ( 'NONE', #1678, 1000.000000000000000 ) ;
#7603 = VERTEX_POINT ( 'NONE', #2355 ) ;
#7604 = DIRECTION ( 'NONE',  ( 1.224646799146999945E-16, 1.000000000000000000, 0.000000000000000000 ) ) ;
#7605 = SURFACE_SIDE_STYLE ('',( #6868 ) ) ;
#7606 = ADVANCED_FACE ( 'NONE', ( #6217 ), #9476, .F. ) ;
#7607 = ORIENTED_EDGE ( 'NONE', *, *, #4061, .F. ) ;
#7608 = FACE_OUTER_BOUND ( 'NONE', #6457, .T. ) ;
#7609 = CARTESIAN_POINT ( 'NONE',  ( 3.593283025510999984, -5.149999830640999754, 1.026053289904000021 ) ) ;
#7610 = DIRECTION ( 'NONE',  ( 1.224646799146999945E-16, 1.000000000000000000, 0.000000000000000000 ) ) ;
#7611 = CARTESIAN_POINT ( 'NONE',  ( 4.229033223025000510, -5.150999830607999819, 0.7805223838829999927 ) ) ;
#7612 = ADVANCED_FACE ( 'NONE', ( #6490 ), #2463, .F. ) ;
#7613 = CARTESIAN_POINT ( 'NONE',  ( 2.919405665175000220, -5.150999830607999819, 0.7123596109270000643 ) ) ;
#7614 = VECTOR ( 'NONE', #5073, 1000.000000000000000 ) ;
#7615 = CARTESIAN_POINT ( 'NONE',  ( 3.534044812642999744, -5.150999830607999819, 0.7076756440860000330 ) ) ;
#7616 = ORIENTED_EDGE ( 'NONE', *, *, #8795, .F. ) ;
#7617 = ORIENTED_EDGE ( 'NONE', *, *, #9338, .F. ) ;
#7618 = LINE ( 'NONE', #5805, #8828 ) ;
#7619 = ORIENTED_EDGE ( 'NONE', *, *, #4812, .T. ) ;
#7620 = EDGE_LOOP ( 'NONE', ( #7951, #7852, #5440, #7379 ) ) ;
#7621 = LINE ( 'NONE', #2670, #9053 ) ;
#7622 = ORIENTED_EDGE ( 'NONE', *, *, #150, .T. ) ;
#7623 = PLANE ( 'NONE',  #3334 ) ;
#7624 = CARTESIAN_POINT ( 'NONE',  ( 3.795204031831000080, -5.150999830607999819, 0.6588251714320000341 ) ) ;
#7625 = PLANE ( 'NONE',  #1027 ) ;
#7626 = ORIENTED_EDGE ( 'NONE', *, *, #7861, .T. ) ;
#7627 = CARTESIAN_POINT ( 'NONE',  ( 3.839554580045000165, -5.150999830607999819, 1.231119688214000085 ) ) ;
#7628 = CARTESIAN_POINT ( 'NONE',  ( 4.106841214493999637, -5.149999830640999754, 1.203229395199999940 ) ) ;
#7629 = ORIENTED_EDGE ( 'NONE', *, *, #9058, .F. ) ;
#7630 = B_SPLINE_CURVE_WITH_KNOTS ( 'NONE', 3,
 ( #4703, #697, #3898, #7138 ),
 .UNSPECIFIED., .F., .F.,
 ( 4, 4 ),
 ( 1.000000000000000000, 2.000000000000000000 ),
 .UNSPECIFIED. ) ;
#7631 = CARTESIAN_POINT ( 'NONE',  ( 3.072553469417000027, -5.150999830607999819, 1.101699746831000137 ) ) ;
#7632 = ORIENTED_EDGE ( 'NONE', *, *, #9722, .F. ) ;
#7633 = DIRECTION ( 'NONE',  ( -1.000000000000000000, 1.224646799146999945E-16, 0.000000000000000000 ) ) ;
#7634 = CARTESIAN_POINT ( 'NONE',  ( 3.704672552512999761, -5.150999830607999819, 0.8321753807899999744 ) ) ;
#7635 = ORIENTED_EDGE ( 'NONE', *, *, #5283, .T. ) ;
#7636 = CARTESIAN_POINT ( 'NONE',  ( 3.745625446716999374, -5.150999830607999819, 0.8301172953940000321 ) ) ;
#7637 = LINE ( 'NONE', #6679, #5329 ) ;
#7638 = EDGE_CURVE ( 'NONE', #6639, #2490, #1605, .T. ) ;
#7639 = VERTEX_POINT ( 'NONE', #6705 ) ;
#7640 = ORIENTED_EDGE ( 'NONE', *, *, #8324, .T. ) ;
#7641 = CARTESIAN_POINT ( 'NONE',  ( 3.027841716886999990, -5.150999830607999819, 0.7101445423240000387 ) ) ;
#7642 = ORIENTED_EDGE ( 'NONE', *, *, #6896, .T. ) ;
#7643 = CARTESIAN_POINT ( 'NONE',  ( 5.799999809265000472, 0.4499999852019999635, 7.450579042612001036E-10 ) ) ;
#7644 = VECTOR ( 'NONE', #5055, 1000.000000000000114 ) ;
#7645 =( NAMED_UNIT ( * ) PLANE_ANGLE_UNIT ( ) SI_UNIT ( $, .RADIAN. ) );
#7646 =( LENGTH_UNIT ( ) NAMED_UNIT ( * ) SI_UNIT ( .MILLI., .METRE. ) );
#7647 = CARTESIAN_POINT ( 'NONE',  ( 3.897571610713999934, -5.149999830640999754, 1.230708210727000207 ) ) ;
#7648 = ADVANCED_FACE ( 'NONE', ( #4258 ), #2070, .T. ) ;
#7649 = UNCERTAINTY_MEASURE_WITH_UNIT (LENGTH_MEASURE( 1.000000000000000082E-05 ), #522, 'distance_accuracy_value', 'NONE');
#7650 = DIRECTION ( 'NONE',  ( 1.000000000000000000, -1.224646799147000192E-16, 0.000000000000000000 ) ) ;
#7651 = VECTOR ( 'NONE', #5265, 1000.000000000000114 ) ;
#7652 = CARTESIAN_POINT ( 'NONE',  ( 4.229213152248999741, -5.149999830640999754, 0.8058918381530000286 ) ) ;
#7653 = LINE ( 'NONE', #365, #6409 ) ;
#7654 = CARTESIAN_POINT ( 'NONE',  ( 3.722247340639000424, -5.150999830607999819, 0.8545100692229999906 ) ) ;
#7655 = ORIENTED_EDGE ( 'NONE', *, *, #8914, .F. ) ;
#7656 = CARTESIAN_POINT ( 'NONE',  ( 3.672447498579999969, -5.150999830607999819, 0.7893568734279999832 ) ) ;
#7657 = UNCERTAINTY_MEASURE_WITH_UNIT (LENGTH_MEASURE( 1.000000000000000082E-05 ), #3535, 'distance_accuracy_value', 'NONE');
#7658 = LINE ( 'NONE', #1758, #6293 ) ;
#7659 = DIRECTION ( 'NONE',  ( 0.000000000000000000, 0.000000000000000000, -1.000000000000000000 ) ) ;
#7660 = STYLED_ITEM ( 'NONE', ( #7572 ), #10460 ) ;
#7661 = DIRECTION ( 'NONE',  ( 0.3733863129580504148, -4.572663530091618272E-17, 0.9276759462741247519 ) ) ;
#7662 = DIRECTION ( 'NONE',  ( 1.224646799146999945E-16, 1.000000000000000000, 0.000000000000000000 ) ) ;
#7663 = B_SPLINE_CURVE_WITH_KNOTS ( 'NONE', 3,
 ( #2469, #4163, #3203, #3255 ),
 .UNSPECIFIED., .F., .F.,
 ( 4, 4 ),
 ( 11.00000000000000000, 12.00000000000000000 ),
 .UNSPECIFIED. ) ;
#7664 = DIRECTION ( 'NONE',  ( -0.9999748501857348426, 0.000000000000000000, 0.007092178509962118738 ) ) ;
#7665 = VERTEX_POINT ( 'NONE', #102 ) ;
#7666 = CARTESIAN_POINT ( 'NONE',  ( 3.796343767982000461, -5.150999830607999819, 1.208031013982999946 ) ) ;
#7668 = ADVANCED_FACE ( 'NONE', ( #794 ), #8329, .F. ) ;
#7667 = B_SPLINE_SURFACE_WITH_KNOTS ( 'NONE', 3, 1, ( 
 ( #2351, #2141 ),
 ( #4696, #3140 ),
 ( #692, #1542 ),
 ( #3797, #3089 ) ),
 .UNSPECIFIED., .F., .F., .F.,
 ( 4, 4 ),
 ( 2, 2 ),
 ( 16.00000000000000000, 17.00000000000000000 ),
 ( 0.000000000000000000, 1.000000000000000000 ),
 .UNSPECIFIED. ) ;
#7669 = ADVANCED_FACE ( 'NONE', ( #4206 ), #3464, .F. ) ;
#7670 = DIRECTION ( 'NONE',  ( 0.000000000000000000, -1.000000000000000000, 1.726713446068529943E-14 ) ) ;
#7671 = ORIENTED_EDGE ( 'NONE', *, *, #997, .T. ) ;
#7672 = ORIENTED_EDGE ( 'NONE', *, *, #9269, .T. ) ;
#7673 = AXIS2_PLACEMENT_3D ( 'NONE', #1430, #832, #3182 ) ;
#7674 = VERTEX_POINT ( 'NONE', #2711 ) ;
#7675 = VECTOR ( 'NONE', #8117, 1000.000000000000000 ) ;
#7676 = CARTESIAN_POINT ( 'NONE',  ( -5.149999830640999754, -5.149999830640999754, 0.3499999892349999753 ) ) ;
#7677 = CARTESIAN_POINT ( 'NONE',  ( -6.308155454961998958E-16, -5.150999830607999819, 0.04999999910078999771 ) ) ;
#7678 = CARTESIAN_POINT ( 'NONE',  ( 3.027841716886999990, -5.150999830607999819, 0.7101445423240000387 ) ) ;
#7679 = DIRECTION ( 'NONE',  ( 1.000000000000000000, -1.224646799146999945E-16, 0.000000000000000000 ) ) ;
#7680 = DIRECTION ( 'NONE',  ( 0.000000000000000000, 0.000000000000000000, 1.000000000000000000 ) ) ;
#7681 = CARTESIAN_POINT ( 'NONE',  ( 3.845560610499000553, -5.150999830607999819, 0.7291733388140000383 ) ) ;
#7682 = CIRCLE ( 'NONE', #5806, 4.999999835572999984 ) ;
#7683 = ORIENTED_EDGE ( 'NONE', *, *, #10344, .F. ) ;
#7684 = EDGE_CURVE ( 'NONE', #5207, #4669, #476, .T. ) ;
#7685 = DIRECTION ( 'NONE',  ( 1.224646799146999945E-16, 1.000000000000000000, 0.000000000000000000 ) ) ;
#7686 = MECHANICAL_DESIGN_GEOMETRIC_PRESENTATION_REPRESENTATION (  '', ( #1390 ), #3776 ) ;
#7687 = ORIENTED_EDGE ( 'NONE', *, *, #10204, .T. ) ;
#7688 = CARTESIAN_POINT ( 'NONE',  ( -3.649999879969000105, -5.149999830640999754, 0.04999999910078999771 ) ) ;
#7689 = ORIENTED_EDGE ( 'NONE', *, *, #2152, .T. ) ;
#7690 = EDGE_LOOP ( 'NONE', ( #3047, #6429, #10274, #961 ) ) ;
#7691 = AXIS2_PLACEMENT_3D ( 'NONE', #4605, #7846, #567 ) ;
#7692 = PLANE ( 'NONE',  #1832 ) ;
#7693 = VECTOR ( 'NONE', #4379, 1000.000000000000114 ) ;
#7694 = LINE ( 'NONE', #6900, #2930 ) ;
#7695 = CIRCLE ( 'NONE', #4470, 5.099999832285000423 ) ;
#7696 = ORIENTED_EDGE ( 'NONE', *, *, #7746, .T. ) ;
#7697 = ORIENTED_EDGE ( 'NONE', *, *, #10003, .F. ) ;
#7698 = AXIS2_PLACEMENT_3D ( 'NONE', #9153, #9259, #10148 ) ;
#7699 = CARTESIAN_POINT ( 'NONE',  ( 4.359859143105000001, -5.149999830640999754, 0.8787899164679999764 ) ) ;
#7700 = EDGE_LOOP ( 'NONE', ( #3010, #2685, #6065, #4347 ) ) ;
#7701 = CARTESIAN_POINT ( 'NONE',  ( 3.575721517814999917, -5.150999830607999819, 1.049572983115000024 ) ) ;
#7702 = CYLINDRICAL_SURFACE ( 'NONE', #6136, 5.099999832285000423 ) ;
#7703 = DIRECTION ( 'NONE',  ( 0.000000000000000000, 0.000000000000000000, 1.000000000000000000 ) ) ;
#7704 = CARTESIAN_POINT ( 'NONE',  ( 3.953965626105000464, -5.149999830640999754, 1.221366101565000140 ) ) ;
#7705 = ADVANCED_FACE ( 'NONE', ( #6972 ), #6624, .F. ) ;
#7706 = B_SPLINE_CURVE_WITH_KNOTS ( 'NONE', 3,
 ( #3620, #1063, #6805, #8510 ),
 .UNSPECIFIED., .F., .F.,
 ( 4, 4 ),
 ( 4.000000000000000000, 5.000000000000000000 ),
 .UNSPECIFIED. ) ;
#7707 = CARTESIAN_POINT ( 'NONE',  ( 3.577210642399999863, -5.149999830640999754, 0.7244219547500000411 ) ) ;
#7708 = DIRECTION ( 'NONE',  ( -0.007092178509962118738, 8.685413711206696723E-19, -0.9999748501857348426 ) ) ;
#7709 = CARTESIAN_POINT ( 'NONE',  ( 2.995282267205999993, -5.149999830640999754, 1.216483638880999862 ) ) ;
#7710 =( GEOMETRIC_REPRESENTATION_CONTEXT ( 3 ) GLOBAL_UNCERTAINTY_ASSIGNED_CONTEXT ( ( #5102 ) ) GLOBAL_UNIT_ASSIGNED_CONTEXT ( ( #989, #10449, #5839 ) ) REPRESENTATION_CONTEXT ( 'NONE', 'WORKASPACE' ) );
#7711 = EDGE_CURVE ( 'NONE', #4378, #377, #5277, .T. ) ;
#7712 = EDGE_CURVE ( 'NONE', #377, #9902, #2874, .T. ) ;
#7713 = CARTESIAN_POINT ( 'NONE',  ( 4.146443853371999388, -5.150999830607999819, 0.7029163779229998799 ) ) ;
#7714 = DIRECTION ( 'NONE',  ( 0.007092178509967119078, -8.685413711212697920E-19, 0.9999748501857348426 ) ) ;
#7715 = ORIENTED_EDGE ( 'NONE', *, *, #3825, .T. ) ;
#7716 = DIRECTION ( 'NONE',  ( 1.224646799146999945E-16, 1.000000000000000000, 0.000000000000000000 ) ) ;
#7717 = FACE_BOUND ( 'NONE', #4536, .T. ) ;
#7718 = FACE_OUTER_BOUND ( 'NONE', #2498, .T. ) ;
#7719 = B_SPLINE_CURVE_WITH_KNOTS ( 'NONE', 3,
 ( #5017, #2369, #2519, #8204 ),
 .UNSPECIFIED., .F., .F.,
 ( 4, 4 ),
 ( 5.000000000000000000, 6.000000000000000000 ),
 .UNSPECIFIED. ) ;
#7720 = DIRECTION ( 'NONE',  ( 0.9999748501857348426, -1.224615999507674176E-16, -0.007092178509962118738 ) ) ;
#7721 = LINE ( 'NONE', #8468, #5209 ) ;
#7722 = ORIENTED_EDGE ( 'NONE', *, *, #3709, .F. ) ;
#7723 = DIRECTION ( 'NONE',  ( -4.595507503446999644E-17, 1.000000000000000000, 0.000000000000000000 ) ) ;
#7724 = B_SPLINE_CURVE_WITH_KNOTS ( 'NONE', 3,
 ( #1026, #4395, #3488, #1951 ),
 .UNSPECIFIED., .F., .F.,
 ( 4, 4 ),
 ( 10.00000000000000000, 11.00000000000000000 ),
 .UNSPECIFIED. ) ;
#7725 = DIRECTION ( 'NONE',  ( 0.000000000000000000, -1.000000000000000000, 1.726713446069499927E-14 ) ) ;
#7726 = EDGE_LOOP ( 'NONE', ( #6009, #4007, #4546, #4136 ) ) ;
#7727 = ORIENTED_EDGE ( 'NONE', *, *, #5031, .T. ) ;
#7728 = LINE ( 'NONE', #6070, #9890 ) ;
#7729 = EDGE_LOOP ( 'NONE', ( #5677, #6292, #6950, #3711 ) ) ;
#7730 =( NAMED_UNIT ( * ) PLANE_ANGLE_UNIT ( ) SI_UNIT ( $, .RADIAN. ) );
#7731 = CARTESIAN_POINT ( 'NONE',  ( 3.534044812642999744, -5.149999830640999754, 0.7076756440860000330 ) ) ;
#7732 = CARTESIAN_POINT ( 'NONE',  ( 3.795204031831000080, -5.149999830640999754, 0.6588251714320000341 ) ) ;
#7733 = PLANE ( 'NONE',  #5648 ) ;
#7734 = ADVANCED_FACE ( 'NONE', ( #1168 ), #8238, .F. ) ;
#7735 = CARTESIAN_POINT ( 'NONE',  ( 3.559283009391000174, -5.149999830640999754, 0.7036494448680000735 ) ) ;
#7736 = CARTESIAN_POINT ( 'NONE',  ( -5.149999830640999754, -0.4999999835569999274, 2.049999933330000079 ) ) ;
#7737 = B_SPLINE_CURVE_WITH_KNOTS ( 'NONE', 3,
 ( #8752, #4939, #7332, #5689 ),
 .UNSPECIFIED., .F., .F.,
 ( 4, 4 ),
 ( 2.000000000000000000, 3.000000000000000000 ),
 .UNSPECIFIED. ) ;
#7738 = ORIENTED_EDGE ( 'NONE', *, *, #10419, .T. ) ;
#7739 = CARTESIAN_POINT ( 'NONE',  ( 3.498266314353000173, -5.150999830607999819, 1.160755344118000076 ) ) ;
#7740 = PLANE ( 'NONE',  #2486 ) ;
#7741 = ORIENTED_EDGE ( 'NONE', *, *, #6556, .F. ) ;
#7742 = VERTEX_POINT ( 'NONE', #6807 ) ;
#7743 =( NAMED_UNIT ( * ) PLANE_ANGLE_UNIT ( ) SI_UNIT ( $, .RADIAN. ) );
#7744 = CARTESIAN_POINT ( 'NONE',  ( 3.719605238925999924, -5.149999830640999754, 0.8338371057050000257 ) ) ;
#7745 = EDGE_LOOP ( 'NONE', ( #4789, #5625, #2402, #5443 ) ) ;
#7746 = EDGE_CURVE ( 'NONE', #273, #4174, #9211, .T. ) ;
#7747 = DIRECTION ( 'NONE',  ( 0.000000000000000000, -1.000000000000000000, 3.148009541540415231E-16 ) ) ;
#7748 = DIRECTION ( 'NONE',  ( -1.224646799146999945E-16, -1.000000000000000000, 0.000000000000000000 ) ) ;
#7749 = ORIENTED_EDGE ( 'NONE', *, *, #9354, .T. ) ;
#7750 = EDGE_LOOP ( 'NONE', ( #3269, #2215, #1834, #629, #2663 ) ) ;
#7751 = EDGE_CURVE ( 'NONE', #2616, #1652, #2816, .T. ) ;
#7752 = FILL_AREA_STYLE ('',( #9346 ) ) ;
#7753 = EDGE_CURVE ( 'NONE', #6325, #8183, #9303, .T. ) ;
#7754 = ORIENTED_EDGE ( 'NONE', *, *, #8950, .F. ) ;
#7755 = B_SPLINE_CURVE_WITH_KNOTS ( 'NONE', 3,
 ( #8222, #8980, #4935, #8168 ),
 .UNSPECIFIED., .F., .F.,
 ( 4, 4 ),
 ( 15.00000000000000000, 16.00000000000000000 ),
 .UNSPECIFIED. ) ;
#7756 = CARTESIAN_POINT ( 'NONE',  ( 3.546263882025999958, -5.150999830607999819, 0.7665447367279999424 ) ) ;
#7757 = CARTESIAN_POINT ( 'NONE',  ( 4.374339808138000052, -5.150999830607999819, 0.9046818152369999755 ) ) ;
#7758 = UNCERTAINTY_MEASURE_WITH_UNIT (LENGTH_MEASURE( 1.000000000000000082E-05 ), #8423, 'distance_accuracy_value', 'NONE');
#7759 = VECTOR ( 'NONE', #8247, 1000.000000000000000 ) ;
#7760 = LINE ( 'NONE', #6103, #6673 ) ;
#7761 = ADVANCED_FACE ( 'NONE', ( #369 ), #1273, .T. ) ;
#7762 = AXIS2_PLACEMENT_3D ( 'NONE', #5811, #8252, #1668 ) ;
#7763 = CARTESIAN_POINT ( 'NONE',  ( 3.406388629687999714, -5.149999830640999754, 0.7997700869439999805 ) ) ;
#7764 = CARTESIAN_POINT ( 'NONE',  ( 3.730235930644000053, -5.149999830640999754, 0.7567137122360000356 ) ) ;
#7765 = ORIENTED_EDGE ( 'NONE', *, *, #798, .T. ) ;
#7766 = FACE_BOUND ( 'NONE', #8041, .T. ) ;
#7767 = CARTESIAN_POINT ( 'NONE',  ( 3.381773939243000182, -5.150999830607999819, 1.030984675135000250 ) ) ;
#7768 = PLANE ( 'NONE',  #10037 ) ;
#7769 = EDGE_CURVE ( 'NONE', #2349, #3397, #8249, .T. ) ;
#7770 = ORIENTED_EDGE ( 'NONE', *, *, #9674, .T. ) ;
#7771 = CARTESIAN_POINT ( 'NONE',  ( 5.149999830640999754, -0.4999999835569999274, 2.049999933330000079 ) ) ;
#7772 = ORIENTED_EDGE ( 'NONE', *, *, #3364, .F. ) ;
#7773 = ORIENTED_EDGE ( 'NONE', *, *, #1846, .F. ) ;
#7774 = CARTESIAN_POINT ( 'NONE',  ( 4.226662871448999326, -5.149999830640999754, 0.8787987863330000149 ) ) ;
#7775 = ORIENTED_EDGE ( 'NONE', *, *, #9971, .F. ) ;
#7776 = B_SPLINE_CURVE_WITH_KNOTS ( 'NONE', 3,
 ( #1531, #8928, #1688, #4894 ),
 .UNSPECIFIED., .F., .F.,
 ( 4, 4 ),
 ( 0.000000000000000000, 1.000000000000000000 ),
 .UNSPECIFIED. ) ;
#7777 = PLANE ( 'NONE',  #5387 ) ;
#7778 = CARTESIAN_POINT ( 'NONE',  ( 3.832810988535999996, -5.149999830640999754, 0.7054527093399999282 ) ) ;
#7779 = AXIS2_PLACEMENT_3D ( 'NONE', #10487, #4015, #8703 ) ;
#7780 = CARTESIAN_POINT ( 'NONE',  ( 3.406553810614000088, -5.149999830640999754, 0.8230600777500000076 ) ) ;
#7781 =( NAMED_UNIT ( * ) SI_UNIT ( $, .STERADIAN. ) SOLID_ANGLE_UNIT ( ) );
#7782 = SURFACE_STYLE_FILL_AREA ( #2838 ) ;
#7783 = LINE ( 'NONE', #7736, #1891 ) ;
#7784 = ORIENTED_EDGE ( 'NONE', *, *, #4839, .F. ) ;
#7785 = CARTESIAN_POINT ( 'NONE',  ( 5.149999830640999754, 5.149999830640999754, 2.049999933330000079 ) ) ;
#7786 = TOROIDAL_SURFACE ( 'NONE', #3196, 4.499999852016000723, 0.4999999835569999274 ) ;
#7787 = VERTEX_POINT ( 'NONE', #2132 ) ;
#7788 = CARTESIAN_POINT ( 'NONE',  ( 3.734620148253999794, -5.150999830607999819, 0.8544223168560000081 ) ) ;
#7789 = VERTEX_POINT ( 'NONE', #2232 ) ;
#7790 = CARTESIAN_POINT ( 'NONE',  ( -8.299999727051998732, 0.4999999835569999274, 0.3499999892349999753 ) ) ;
#7791 = CARTESIAN_POINT ( 'NONE',  ( 3.756616741260999870, -5.149999830640999754, 0.8478196481659999728 ) ) ;
#7792 = CARTESIAN_POINT ( 'NONE',  ( 4.014970564279999543, -5.150999830607999819, 1.026493818694000026 ) ) ;
#7793 = CARTESIAN_POINT ( 'NONE',  ( 4.393053853472999926, -5.149999830640999754, 0.7797750046479999808 ) ) ;
#7794 = CARTESIAN_POINT ( 'NONE',  ( 2.749121908788000113, -5.150999830607999819, 0.7612861434059999821 ) ) ;
#7795 = VERTEX_POINT ( 'NONE', #4684 ) ;
#7796 = ORIENTED_EDGE ( 'NONE', *, *, #3525, .F. ) ;
#7797 = STYLED_ITEM ( 'NONE', ( #4008 ), #1861 ) ;
#7799 = EDGE_CURVE ( 'NONE', #2090, #9648, #682, .T. ) ;
#7798 = PRESENTATION_LAYER_ASSIGNMENT (  '', '', ( #7292 ) ) ;
#7800 =( NAMED_UNIT ( * ) SI_UNIT ( $, .STERADIAN. ) SOLID_ANGLE_UNIT ( ) );
#7801 = EDGE_CURVE ( 'NONE', #7467, #1290, #6256, .T. ) ;
#7802 = ORIENTED_EDGE ( 'NONE', *, *, #4399, .T. ) ;
#7803 = CARTESIAN_POINT ( 'NONE',  ( 1.999999934228999798, 0.4999999835569999274, 0.3499999892349999753 ) ) ;
#7804 = B_SPLINE_CURVE_WITH_KNOTS ( 'NONE', 3,
 ( #6989, #7570, #6120, #1285 ),
 .UNSPECIFIED., .F., .F.,
 ( 4, 4 ),
 ( 11.00000000000000000, 12.00000000000000000 ),
 .UNSPECIFIED. ) ;
#7805 = DIRECTION ( 'NONE',  ( 0.000000000000000000, 0.000000000000000000, -1.000000000000000000 ) ) ;
#7806 = FILL_AREA_STYLE_COLOUR ( '', #8256 ) ;
#7807 = CARTESIAN_POINT ( 'NONE',  ( 2.603470573927999965, -5.150999830607999819, 0.8172679810890000063 ) ) ;
#7808 = LINE ( 'NONE', #6053, #1405 ) ;
#7809 = CARTESIAN_POINT ( 'NONE',  ( 2.383214308888000232, -5.150999830607999819, 0.7523130586389999985 ) ) ;
#7810 = CARTESIAN_POINT ( 'NONE',  ( 3.562050848458000019, -5.150999830607999819, 0.7933631763709999563 ) ) ;
#7811 = ORIENTED_EDGE ( 'NONE', *, *, #2175, .T. ) ;
#7812 = CARTESIAN_POINT ( 'NONE',  ( 3.485515178107999823, -5.150999830607999819, 0.8875905359869999955 ) ) ;
#7813 = EDGE_CURVE ( 'NONE', #3675, #9224, #9515, .T. ) ;
#7814 = CARTESIAN_POINT ( 'NONE',  ( 3.920591710003000330, -5.149999830640999754, 1.207149803236000185 ) ) ;
#7815 = DIRECTION ( 'NONE',  ( -0.007092178509961118670, 8.685413711205697165E-19, -0.9999748501857348426 ) ) ;
#7816 = CARTESIAN_POINT ( 'NONE',  ( 3.489029962721999834, -5.150999830607999819, 0.7307661757790000490 ) ) ;
#7817 = ORIENTED_EDGE ( 'NONE', *, *, #3043, .F. ) ;
#7818 = CARTESIAN_POINT ( 'NONE',  ( 3.697120481929000224, -5.150999830607999819, 0.8009314433930000421 ) ) ;
#7819 = ORIENTED_EDGE ( 'NONE', *, *, #4619, .T. ) ;
#7820 = ORIENTED_EDGE ( 'NONE', *, *, #10030, .T. ) ;
#7821 = CARTESIAN_POINT ( 'NONE',  ( 3.760120476255000010, -5.150999830607999819, 0.7627404645699999985 ) ) ;
#7822 = CARTESIAN_POINT ( 'NONE',  ( 3.540894189532999725, -5.150999830607999819, 1.035678928114999842 ) ) ;
#7823 = EDGE_CURVE ( 'NONE', #9686, #8473, #1371, .T. ) ;
#7824 = VERTEX_POINT ( 'NONE', #1322 ) ;
#7825 = EDGE_CURVE ( 'NONE', #7414, #175, #1777, .T. ) ;
#7826 = CARTESIAN_POINT ( 'NONE',  ( 2.799996873487999860, -5.150999830607999819, 1.206300488801999915 ) ) ;
#7827 = ADVANCED_FACE ( 'NONE', ( #7869 ), #2921, .F. ) ;
#7829 = B_SPLINE_CURVE_WITH_KNOTS ( 'NONE', 3,
 ( #6819, #7511, #3526, #1010 ),
 .UNSPECIFIED., .F., .F.,
 ( 4, 4 ),
 ( 11.00000000000000000, 12.00000000000000000 ),
 .UNSPECIFIED. ) ;
#7828 = PLANE ( 'NONE',  #7356 ) ;
#7830 = CARTESIAN_POINT ( 'NONE',  ( 3.954923132601000368, -5.149999830640999754, 1.187774286336999996 ) ) ;
#7831 = FILL_AREA_STYLE_COLOUR ( '', #3414 ) ;
#7832 = AXIS2_PLACEMENT_3D ( 'NONE', #2804, #9140, #1848 ) ;
#7833 = ORIENTED_EDGE ( 'NONE', *, *, #6006, .T. ) ;
#7834 = CARTESIAN_POINT ( 'NONE',  ( 3.737954652342999839, -5.149999830640999754, 0.7821336771039999469 ) ) ;
#7835 = VECTOR ( 'NONE', #5959, 1000.000000000000000 ) ;
#7836 = DIRECTION ( 'NONE',  ( -1.000000000000000000, 1.224646799146999945E-16, 0.000000000000000000 ) ) ;
#7837 = VERTEX_POINT ( 'NONE', #3131 ) ;
#7838 = LINE ( 'NONE', #3207, #6849 ) ;
#7839 = ADVANCED_FACE ( 'NONE', ( #8623 ), #8836, .F. ) ;
#7840 = EDGE_CURVE ( 'NONE', #1435, #6167, #9400, .T. ) ;
#7841 = ORIENTED_EDGE ( 'NONE', *, *, #9679, .T. ) ;
#7842 = FACE_OUTER_BOUND ( 'NONE', #10261, .T. ) ;
#7843 = CARTESIAN_POINT ( 'NONE',  ( 3.849184916302999859, -5.150999830607999819, 0.6830852013049999449 ) ) ;
#7844 = CARTESIAN_POINT ( 'NONE',  ( 3.719605238925999924, -5.150999830607999819, 0.8338371057050000257 ) ) ;
#7845 =( GEOMETRIC_REPRESENTATION_CONTEXT ( 3 ) GLOBAL_UNCERTAINTY_ASSIGNED_CONTEXT ( ( #2017 ) ) GLOBAL_UNIT_ASSIGNED_CONTEXT ( ( #393, #10172, #10271 ) ) REPRESENTATION_CONTEXT ( 'NONE', 'WORKASPACE' ) );
#7846 = DIRECTION ( 'NONE',  ( 0.4567202763530909815, -5.593210245417116987E-17, -0.8896103580601769645 ) ) ;
#7847 = AXIS2_PLACEMENT_3D ( 'NONE', #7434, #6274, #3845 ) ;
#7848 = VECTOR ( 'NONE', #5572, 1000.000000000000000 ) ;
#7849 = CARTESIAN_POINT ( 'NONE',  ( 2.683028604855000054, -5.150999830607999819, 0.6171525516809999168 ) ) ;
#7850 = VECTOR ( 'NONE', #277, 1000.000000000000000 ) ;
#7851 = VERTEX_POINT ( 'NONE', #3883 ) ;
#7852 = ORIENTED_EDGE ( 'NONE', *, *, #3754, .F. ) ;
#7853 = VECTOR ( 'NONE', #3860, 1000.000000000000000 ) ;
#7854 = EDGE_LOOP ( 'NONE', ( #7738, #10084, #4327, #3837 ) ) ;
#7855 = VECTOR ( 'NONE', #6661, 1000.000000000000000 ) ;
#7856 = LINE ( 'NONE', #10336, #3771 ) ;
#7857 = CARTESIAN_POINT ( 'NONE',  ( 4.421348923420999277, -5.149999830640999754, 0.7009666530580000998 ) ) ;
#7858 = DIRECTION ( 'NONE',  ( -1.000000000000000000, 1.224646799146999945E-16, 0.000000000000000000 ) ) ;
#7859 = VECTOR ( 'NONE', #3183, 1000.000000000000000 ) ;
#7860 = MECHANICAL_DESIGN_GEOMETRIC_PRESENTATION_REPRESENTATION (  '', ( #9231 ), #564 ) ;
#7861 = EDGE_CURVE ( 'NONE', #5966, #3648, #5220, .T. ) ;
#7862 = LINE ( 'NONE', #3172, #2591 ) ;
#7863 = B_SPLINE_CURVE_WITH_KNOTS ( 'NONE', 3,
 ( #8929, #936, #5643, #990 ),
 .UNSPECIFIED., .F., .F.,
 ( 4, 4 ),
 ( 4.000000000000000000, 5.000000000000000000 ),
 .UNSPECIFIED. ) ;
#7864 = FACE_OUTER_BOUND ( 'NONE', #5290, .T. ) ;
#7865 = CARTESIAN_POINT ( 'NONE',  ( 3.717036132000000048, -5.150999830607999819, 0.7648136669699999723 ) ) ;
#7866 = ORIENTED_EDGE ( 'NONE', *, *, #863, .T. ) ;
#7867 = FACE_OUTER_BOUND ( 'NONE', #1076, .T. ) ;
#7868 = CARTESIAN_POINT ( 'NONE',  ( 2.605562635814000050, -5.149999830640999754, 0.9083526950350000462 ) ) ;
#7869 = FACE_OUTER_BOUND ( 'NONE', #9860, .T. ) ;
#7870 = FACE_OUTER_BOUND ( 'NONE', #6858, .T. ) ;
#7871 = ADVANCED_FACE ( 'NONE', ( #7124 ), #6367, .T. ) ;
#7872 = LINE ( 'NONE', #2033, #6320 ) ;
#7873 = VERTEX_POINT ( 'NONE', #5688 ) ;
#7874 = CARTESIAN_POINT ( 'NONE',  ( 3.693452294140000092, -5.149999830640999754, 0.8041807899890000000 ) ) ;
#7875 = ORIENTED_EDGE ( 'NONE', *, *, #10158, .T. ) ;
#7876 = ORIENTED_EDGE ( 'NONE', *, *, #7140, .F. ) ;
#7877 = CARTESIAN_POINT ( 'NONE',  ( 3.969776490060000107, -5.150999830607999819, 0.8190655015040000375 ) ) ;
#7878 = DIRECTION ( 'NONE',  ( -0.9999748501857348426, 1.224615999507675655E-16, 0.007092178509961118670 ) ) ;
#7879 = ORIENTED_EDGE ( 'NONE', *, *, #6721, .T. ) ;
#7880 = CARTESIAN_POINT ( 'NONE',  ( 0.000000000000000000, 0.000000000000000000, 9.549999686690000544 ) ) ;
#7881 = CARTESIAN_POINT ( 'NONE',  ( -1.249999958892999974, -4.944441160745000730, 1.049999966214999914 ) ) ;
#7882 = SURFACE_STYLE_USAGE ( .BOTH. , #2100 ) ;
#7883 = DIRECTION ( 'NONE',  ( -0.4987484692610351100, 6.107907164601430594E-17, 0.8667467706370610703 ) ) ;
#7884 = LINE ( 'NONE', #6080, #7152 ) ;
#7885 = ORIENTED_EDGE ( 'NONE', *, *, #3422, .T. ) ;
#7886 = DIRECTION ( 'NONE',  ( 0.000000000000000000, -1.000000000000000000, 1.559498201035624931E-17 ) ) ;
#7887 = DIRECTION ( 'NONE',  ( 0.000000000000000000, 0.000000000000000000, 1.000000000000000000 ) ) ;
#7888 = ORIENTED_EDGE ( 'NONE', *, *, #1159, .F. ) ;
#7889 = EDGE_CURVE ( 'NONE', #7560, #2897, #39, .T. ) ;
#7890 = LINE ( 'NONE', #8810, #5158 ) ;
#7891 = DIRECTION ( 'NONE',  ( -0.3962797719140606079, 4.853027542416740531E-17, -0.9181298069291401465 ) ) ;
#7892 = DIRECTION ( 'NONE',  ( -1.000000000000000000, 1.224646799146999945E-16, 0.000000000000000000 ) ) ;
#7893 =( LENGTH_UNIT ( ) NAMED_UNIT ( * ) SI_UNIT ( .MILLI., .METRE. ) );
#7894 = CARTESIAN_POINT ( 'NONE',  ( 3.550817686485999936, -5.150999830607999819, 0.7708795324579998942 ) ) ;
#7895 = LINE ( 'NONE', #612, #9728 ) ;
#7896 = LINE ( 'NONE', #5462, #4437 ) ;
#7897 = VERTEX_POINT ( 'NONE', #9667 ) ;
#7898 = ORIENTED_EDGE ( 'NONE', *, *, #120, .T. ) ;
#7899 = DIRECTION ( 'NONE',  ( 1.224646799147213924E-16, 1.000000000000000000, 0.000000000000000000 ) ) ;
#7900 = ORIENTED_EDGE ( 'NONE', *, *, #9930, .T. ) ;
#7901 = DIRECTION ( 'NONE',  ( 1.002889906438999904E-17, 1.000000000000000000, 0.000000000000000000 ) ) ;
#7902 = CARTESIAN_POINT ( 'NONE',  ( 2.466833330998999596, -5.150999830607999819, 0.7170154720239999557 ) ) ;
#7903 = DIRECTION ( 'NONE',  ( 0.7071067811865475727, 0.7071067811865475727, 0.000000000000000000 ) ) ;
#7904 = CARTESIAN_POINT ( 'NONE',  ( 2.659688309465999989, -5.150999830607999819, 0.7922868544789999357 ) ) ;
#7905 = AXIS2_PLACEMENT_3D ( 'NONE', #2775, #2553, #3352 ) ;
#7906 = CARTESIAN_POINT ( 'NONE',  ( 3.845560610499000553, -5.150999830607999819, 0.7291733388140000383 ) ) ;
#7907 = CARTESIAN_POINT ( 'NONE',  ( 3.557975605349999793, -5.149999830640999754, 0.7245583764970000562 ) ) ;
#7908 = EDGE_CURVE ( 'NONE', #10448, #6387, #142, .T. ) ;
#7909 = EDGE_CURVE ( 'NONE', #1501, #5561, #6594, .T. ) ;
#7910 = ORIENTED_EDGE ( 'NONE', *, *, #7054, .T. ) ;
#7911 = DIRECTION ( 'NONE',  ( 1.224646799146999945E-16, 1.000000000000000000, 0.000000000000000000 ) ) ;
#7912 = CARTESIAN_POINT ( 'NONE',  ( 4.296373169184000140, -5.150999830607999819, 0.7018530257080000112 ) ) ;
#7913 = DIRECTION ( 'NONE',  ( 1.224646799146999945E-16, 1.000000000000000000, 0.000000000000000000 ) ) ;
#7914 = CARTESIAN_POINT ( 'NONE',  ( 3.630881096105999628, -5.150999830607999819, 0.8368578722649999690 ) ) ;
#7915 = ORIENTED_EDGE ( 'NONE', *, *, #131, .F. ) ;
#7916 =( NAMED_UNIT ( * ) SI_UNIT ( $, .STERADIAN. ) SOLID_ANGLE_UNIT ( ) );
#7917 = EDGE_CURVE ( 'NONE', #8435, #4905, #9265, .T. ) ;
#7918 = ORIENTED_EDGE ( 'NONE', *, *, #6178, .F. ) ;
#7919 = EDGE_LOOP ( 'NONE', ( #2516, #8697, #8397, #1509 ) ) ;
#7920 = DIRECTION ( 'NONE',  ( -0.9276759462741247519, 1.136075378251152523E-16, 0.3733863129580504148 ) ) ;
#7921 = PRESENTATION_STYLE_ASSIGNMENT (( #2936 ) ) ;
#7922 = EDGE_CURVE ( 'NONE', #8761, #5002, #7863, .T. ) ;
#7923 = ORIENTED_EDGE ( 'NONE', *, *, #4659, .T. ) ;
#7924 = CARTESIAN_POINT ( 'NONE',  ( 3.716732000589999974, -5.149999830640999754, 1.051796216947999962 ) ) ;
#7925 = CARTESIAN_POINT ( 'NONE',  ( 3.079106325858999682, -5.150999830607999819, 0.8023264257020000789 ) ) ;
#7926 = CARTESIAN_POINT ( 'NONE',  ( 4.107465053533000621, -5.149999830640999754, 1.203224970711000097 ) ) ;
#7927 = UNCERTAINTY_MEASURE_WITH_UNIT (LENGTH_MEASURE( 1.000000000000000082E-05 ), #5305, 'distance_accuracy_value', 'NONE');
#7928 =( GEOMETRIC_REPRESENTATION_CONTEXT ( 3 ) GLOBAL_UNCERTAINTY_ASSIGNED_CONTEXT ( ( #6332 ) ) GLOBAL_UNIT_ASSIGNED_CONTEXT ( ( #216, #3405, #7396 ) ) REPRESENTATION_CONTEXT ( 'NONE', 'WORKASPACE' ) );
#7929 = LINE ( 'NONE', #4103, #2744 ) ;
#7930 = EDGE_CURVE ( 'NONE', #2722, #7837, #6527, .T. ) ;
#7931 = CARTESIAN_POINT ( 'NONE',  ( 2.382732396812999642, -5.149999830640999754, 0.8882427342599999998 ) ) ;
#7932 = SURFACE_STYLE_FILL_AREA ( #8688 ) ;
#7933 = EDGE_LOOP ( 'NONE', ( #5496, #1887, #6502, #4255 ) ) ;
#7934 = ORIENTED_EDGE ( 'NONE', *, *, #5374, .F. ) ;
#7935 = CARTESIAN_POINT ( 'NONE',  ( 3.735336876037000042, -5.150999830607999819, 0.7062480089350000600 ) ) ;
#7936 = CARTESIAN_POINT ( 'NONE',  ( 4.374339808138000052, -5.150999830607999819, 0.9046818152369999755 ) ) ;
#7937 = B_SPLINE_SURFACE_WITH_KNOTS ( 'NONE', 3, 1, ( 
 ( #8739, #785 ),
 ( #7284, #7232 ),
 ( #7970, #10454 ),
 ( #2235, #685 ) ),
 .UNSPECIFIED., .F., .F., .F.,
 ( 4, 4 ),
 ( 2, 2 ),
 ( 20.00000000000000000, 21.00000000000000000 ),
 ( 0.000000000000000000, 1.000000000000000000 ),
 .UNSPECIFIED. ) ;
#7938 = ORIENTED_EDGE ( 'NONE', *, *, #9550, .F. ) ;
#7939 = VECTOR ( 'NONE', #1932, 1000.000000000000114 ) ;
#7940 =( LENGTH_UNIT ( ) NAMED_UNIT ( * ) SI_UNIT ( .MILLI., .METRE. ) );
#7941 = VECTOR ( 'NONE', #3438, 1000.000000000000000 ) ;
#7942 = DIRECTION ( 'NONE',  ( -1.000000000000000000, 1.224646799146999945E-16, 0.000000000000000000 ) ) ;
#7943 = CARTESIAN_POINT ( 'NONE',  ( 3.746042449014000297, -5.149999830640999754, 0.8522617377569999819 ) ) ;
#7944 = DIRECTION ( 'NONE',  ( 1.224646799147213924E-16, 1.000000000000000000, 0.000000000000000000 ) ) ;
#7945 = CARTESIAN_POINT ( 'NONE',  ( 3.665475771162999941, -5.149999830640999754, 0.8252788685280000314 ) ) ;
#7946 = DIRECTION ( 'NONE',  ( 0.000000000000000000, 0.000000000000000000, 1.000000000000000000 ) ) ;
#7947 = DIRECTION ( 'NONE',  ( 0.000000000000000000, -1.000000000000000000, 3.148009541480045185E-16 ) ) ;
#7948 = AXIS2_PLACEMENT_3D ( 'NONE', #9085, #5936, #1789 ) ;
#7949 = VERTEX_POINT ( 'NONE', #10453 ) ;
#7950 = VECTOR ( 'NONE', #5244, 1000.000000000000000 ) ;
#7951 = ORIENTED_EDGE ( 'NONE', *, *, #3610, .T. ) ;
#7952 = EDGE_CURVE ( 'NONE', #2301, #8223, #3391, .T. ) ;
#7953 = PLANE ( 'NONE',  #10380 ) ;
#7954 = ORIENTED_EDGE ( 'NONE', *, *, #7155, .F. ) ;
#7955 = PLANE ( 'NONE',  #2649 ) ;
#7956 = EDGE_CURVE ( 'NONE', #693, #5820, #4848, .T. ) ;
#7957 = PLANE ( 'NONE',  #1055 ) ;
#7958 = CARTESIAN_POINT ( 'NONE',  ( 3.717382400487999838, -5.149999830640999754, 1.143500555746000069 ) ) ;
#7959 = STYLED_ITEM ( 'NONE', ( #9316 ), #2530 ) ;
#7960 = CARTESIAN_POINT ( 'NONE',  ( 3.736688164383000110, -5.149999830640999754, 0.7428388230599999309 ) ) ;
#7961 = CARTESIAN_POINT ( 'NONE',  ( 3.558356892921999748, -5.150999830607999819, 1.056870649055999811 ) ) ;
#7962 = LINE ( 'NONE', #9611, #16 ) ;
#7963 = ADVANCED_FACE ( 'NONE', ( #8071 ), #87, .F. ) ;
#7964 = ORIENTED_EDGE ( 'NONE', *, *, #8951, .F. ) ;
#7965 = PLANE ( 'NONE',  #7205 ) ;
#7966 = CARTESIAN_POINT ( 'NONE',  ( -5.799999809265000472, -0.4499999852019999635, 0.3499999892349999753 ) ) ;
#7967 = FILL_AREA_STYLE_COLOUR ( '', #6062 ) ;
#7968 = CARTESIAN_POINT ( 'NONE',  ( 2.954723762168999457, -5.149999830640999754, 0.7988705317950000051 ) ) ;
#7969 = PRESENTATION_STYLE_ASSIGNMENT (( #5589 ) ) ;
#7970 = CARTESIAN_POINT ( 'NONE',  ( 2.708901986847000121, -5.150999830607999819, 1.206946566248000119 ) ) ;
#7971 = CARTESIAN_POINT ( 'NONE',  ( 3.691653781092000042, -5.149999830640999754, 0.8144874076079999803 ) ) ;
#7972 = ORIENTED_EDGE ( 'NONE', *, *, #5943, .T. ) ;
#7973 = DIRECTION ( 'NONE',  ( 0.007092178509962118738, -8.685413711206687093E-19, 0.9999748501857348426 ) ) ;
#7974 = ORIENTED_EDGE ( 'NONE', *, *, #8627, .F. ) ;
#7975 = VERTEX_POINT ( 'NONE', #2537 ) ;
#7976 = CARTESIAN_POINT ( 'NONE',  ( 2.361166224039000117, -5.150999830607999819, 1.109637203277999973 ) ) ;
#7977 =( NAMED_UNIT ( * ) SI_UNIT ( $, .STERADIAN. ) SOLID_ANGLE_UNIT ( ) );
#7978 = ORIENTED_EDGE ( 'NONE', *, *, #2224, .T. ) ;
#7979 = CARTESIAN_POINT ( 'NONE',  ( 3.697120481929000224, -5.150999830607999819, 0.8009314433930000421 ) ) ;
#7980 = LINE ( 'NONE', #3842, #952 ) ;
#7981 =( NAMED_UNIT ( * ) PLANE_ANGLE_UNIT ( ) SI_UNIT ( $, .RADIAN. ) );
#7982 = DIRECTION ( 'NONE',  ( -0.9422431202207502965, 1.153915021196694383E-16, -0.3349296976929111991 ) ) ;
#7983 = DIRECTION ( 'NONE',  ( 1.224646799146999945E-16, 1.000000000000000000, 0.000000000000000000 ) ) ;
#7984 = ADVANCED_FACE ( 'NONE', ( #9034 ), #1746, .T. ) ;
#7985 = VERTEX_POINT ( 'NONE', #1966 ) ;
#7986 = EDGE_LOOP ( 'NONE', ( #5236, #6365, #1893, #1356, #9622, #5912, #9373, #4881, #435, #6145, #9664, #9851, #5557, #4859 ) ) ;
#7987 = EDGE_CURVE ( 'NONE', #8214, #1435, #9517, .T. ) ;
#7988 =( NAMED_UNIT ( * ) SI_UNIT ( $, .STERADIAN. ) SOLID_ANGLE_UNIT ( ) );
#7989 = CARTESIAN_POINT ( 'NONE',  ( 4.355807136685999836, -5.149999830640999754, 0.8645736134990000821 ) ) ;
#7990 = ORIENTED_EDGE ( 'NONE', *, *, #1098, .T. ) ;
#7991 = FACE_OUTER_BOUND ( 'NONE', #5653, .T. ) ;
#7992 = CARTESIAN_POINT ( 'NONE',  ( 4.004429102078000291, -5.150999830607999819, 1.130858920966000047 ) ) ;
#7993 = CARTESIAN_POINT ( 'NONE',  ( 2.605255006645999849, -5.149999830640999754, 1.068863489782999832 ) ) ;
#7994 = CARTESIAN_POINT ( 'NONE',  ( -5.227142138160999707, 6.401402888187000543E-16, 2.392385396886000049 ) ) ;
#7995 = CARTESIAN_POINT ( 'NONE',  ( 3.681927869545999599, -5.149999830640999754, 0.8432544265400000461 ) ) ;
#7996 =( GEOMETRIC_REPRESENTATION_CONTEXT ( 3 ) GLOBAL_UNCERTAINTY_ASSIGNED_CONTEXT ( ( #7347 ) ) GLOBAL_UNIT_ASSIGNED_CONTEXT ( ( #171, #6888, #2839 ) ) REPRESENTATION_CONTEXT ( 'NONE', 'WORKASPACE' ) );
#7997 = FACE_OUTER_BOUND ( 'NONE', #6157, .T. ) ;
#7998 = EDGE_CURVE ( 'NONE', #5772, #400, #7541, .T. ) ;
#7999 = CARTESIAN_POINT ( 'NONE',  ( 3.973219440545999959, -5.150999830607999819, 1.055280015054000042 ) ) ;
#8000 = ORIENTED_EDGE ( 'NONE', *, *, #9593, .T. ) ;
#8001 = B_SPLINE_CURVE_WITH_KNOTS ( 'NONE', 3,
 ( #10330, #308, #505, #3061 ),
 .UNSPECIFIED., .F., .F.,
 ( 4, 4 ),
 ( 33.00000000000000000, 34.00000000000000000 ),
 .UNSPECIFIED. ) ;
#8002 = ORIENTED_EDGE ( 'NONE', *, *, #9552, .F. ) ;
#8003 = VECTOR ( 'NONE', #6193, 1000.000000000000000 ) ;
#8004 = CARTESIAN_POINT ( 'NONE',  ( 3.942708420406999537, -5.149999830640999754, 0.7043613423229999615 ) ) ;
#8005 = VERTEX_POINT ( 'NONE', #7482 ) ;
#8006 = FACE_OUTER_BOUND ( 'NONE', #1279, .T. ) ;
#8007 = STYLED_ITEM ( 'NONE', ( #5210 ), #118 ) ;
#8008 = VECTOR ( 'NONE', #8803, 1000.000000000000000 ) ;
#8009 = VECTOR ( 'NONE', #1693, 1000.000000000000227 ) ;
#8010 = VECTOR ( 'NONE', #8278, 1000.000000000000000 ) ;
#8011 = LINE ( 'NONE', #7222, #4891 ) ;
#8012 = B_SPLINE_CURVE_WITH_KNOTS ( 'NONE', 3,
 ( #4502, #4603, #3701, #7843 ),
 .UNSPECIFIED., .F., .F.,
 ( 4, 4 ),
 ( 1.000000000000000000, 2.000000000000000000 ),
 .UNSPECIFIED. ) ;
#8013 = DIRECTION ( 'NONE',  ( 0.007092178509962118738, -8.685413711206687093E-19, 0.9999748501857348426 ) ) ;
#8014 = SURFACE_STYLE_USAGE ( .BOTH. , #3924 ) ;
#8015 = CIRCLE ( 'NONE', #2418, 4.499999852016000723 ) ;
#8016 = VECTOR ( 'NONE', #8872, 1000.000000000000000 ) ;
#8017 = FACE_OUTER_BOUND ( 'NONE', #890, .T. ) ;
#8018 = DIRECTION ( 'NONE',  ( 0.007092178509960119469, -8.685413711204707237E-19, 0.9999748501857348426 ) ) ;
#8019 = ADVANCED_FACE ( 'NONE', ( #1105 ), #199, .F. ) ;
#8020 = PLANE ( 'NONE',  #10038 ) ;
#8021 = VECTOR ( 'NONE', #450, 1000.000000000000114 ) ;
#8022 = ORIENTED_EDGE ( 'NONE', *, *, #219, .T. ) ;
#8023 = CARTESIAN_POINT ( 'NONE',  ( 3.691695076323000091, -5.150999830607999819, 0.8203099053090000536 ) ) ;
#8024 = AXIS2_PLACEMENT_3D ( 'NONE', #1827, #5973, #5816 ) ;
#8025 = CARTESIAN_POINT ( 'NONE',  ( 4.052088198656000451, -5.149999830640999754, 0.7035855819000000899 ) ) ;
#8026 = VECTOR ( 'NONE', #908, 1000.000000000000000 ) ;
#8027 = CARTESIAN_POINT ( 'NONE',  ( 4.316314642697999915, -5.150999830607999819, 0.7573400393989999646 ) ) ;
#8028 = CARTESIAN_POINT ( 'NONE',  ( 3.681927869545999599, -5.149999830640999754, 0.8432544265400000461 ) ) ;
#8029 = VECTOR ( 'NONE', #8230, 1000.000000000000000 ) ;
#8030 = ADVANCED_FACE ( 'NONE', ( #9927 ), #9848, .F. ) ;
#8031 = VERTEX_POINT ( 'NONE', #9304 ) ;
#8032 = ORIENTED_EDGE ( 'NONE', *, *, #4561, .F. ) ;
#8033 = CARTESIAN_POINT ( 'NONE',  ( 4.091948669616999545, -5.150999830607999819, 0.9066846339709999647 ) ) ;
#8034 = CARTESIAN_POINT ( 'NONE',  ( 3.540894189532999725, -5.149999830640999754, 1.035678928114999842 ) ) ;
#8035 = VERTEX_POINT ( 'NONE', #6098 ) ;
#8036 = LINE ( 'NONE', #750, #6461 ) ;
#8037 = DIRECTION ( 'NONE',  ( 1.224646799146999945E-16, 1.000000000000000000, 0.000000000000000000 ) ) ;
#8038 = UNCERTAINTY_MEASURE_WITH_UNIT (LENGTH_MEASURE( 1.000000000000000082E-05 ), #3700, 'distance_accuracy_value', 'NONE');
#8039 = CARTESIAN_POINT ( 'NONE',  ( 3.796343767982000461, -5.149999830640999754, 1.208031013982999946 ) ) ;
#8040 = CARTESIAN_POINT ( 'NONE',  ( 5.149999830640999754, -5.149999830640999754, 0.5499999826579999862 ) ) ;
#8041 = EDGE_LOOP ( 'NONE', ( #8679, #5804, #1481, #2482, #3306, #3522, #2289, #5874, #5256, #2092, #2156, #10177, #3216, #4300 ) ) ;
#8042 = ORIENTED_EDGE ( 'NONE', *, *, #8406, .F. ) ;
#8043 = CARTESIAN_POINT ( 'NONE',  ( 3.019791546220999656, -5.149999830640999754, 0.7984090478490000198 ) ) ;
#8044 = COLOUR_RGB ( '',0.2470588235294117752, 0.2470588235294117752, 0.2470588235294117752 ) ;
#8045 = CARTESIAN_POINT ( 'NONE',  ( 3.124915277551999715, -5.149999830640999754, 0.7369305303679999364 ) ) ;
#8046 = B_SPLINE_SURFACE_WITH_KNOTS ( 'NONE', 3, 1, ( 
 ( #957, #8419 ),
 ( #3355, #8244 ),
 ( #4214, #4267 ),
 ( #9062, #9898 ),
 ( #1074, #2665 ),
 ( #7454, #1122 ) ),
 .UNSPECIFIED., .F., .F., .F.,
 ( 4, 2, 4 ),
 ( 2, 2 ),
 ( 2.000000000000000000, 3.000000000000000000, 4.000000000000000000 ),
 ( 0.000000000000000000, 1.000000000000000000 ),
 .UNSPECIFIED. ) ;
#8047 = VERTEX_POINT ( 'NONE', #1853 ) ;
#8048 = FILL_AREA_STYLE_COLOUR ( '', #1577 ) ;
#8049 = CARTESIAN_POINT ( 'NONE',  ( 4.004642952383999699, -5.150999830607999819, 1.161011141205000152 ) ) ;
#8050 = CARTESIAN_POINT ( 'NONE',  ( 3.734620148253999794, -5.149999830640999754, 0.8544223168560000081 ) ) ;
#8051 = CARTESIAN_POINT ( 'NONE',  ( 3.721777607379000319, -5.150999830607999819, 0.7882791578680000688 ) ) ;
#8052 = EDGE_CURVE ( 'NONE', #9274, #7303, #5100, .T. ) ;
#8053 = CARTESIAN_POINT ( 'NONE',  ( 4.168954833848999897, -5.150999830607999819, 1.025401707300000131 ) ) ;
#8054 = LINE ( 'NONE', #4018, #9696 ) ;
#8055 = EDGE_LOOP ( 'NONE', ( #9028, #7399, #9849, #139 ) ) ;
#8056 = ORIENTED_EDGE ( 'NONE', *, *, #3835, .F. ) ;
#8057 = CARTESIAN_POINT ( 'NONE',  ( 3.896365960637999670, -5.150999830607999819, 1.207321620896999903 ) ) ;
#8058 = EDGE_CURVE ( 'NONE', #5029, #9602, #1267, .T. ) ;
#8059 = ORIENTED_EDGE ( 'NONE', *, *, #4747, .T. ) ;
#8060 = DIRECTION ( 'NONE',  ( 1.224646799146999945E-16, 1.000000000000000000, 0.000000000000000000 ) ) ;
#8061 = DIRECTION ( 'NONE',  ( -1.000000000000000000, 1.224646799146999945E-16, 0.000000000000000000 ) ) ;
#8062 = FACE_BOUND ( 'NONE', #5253, .T. ) ;
#8063 = EDGE_CURVE ( 'NONE', #5352, #3721, #9253, .T. ) ;
#8064 = ADVANCED_FACE ( 'NONE', ( #1154 ), #4407, .F. ) ;
#8065 = LINE ( 'NONE', #1329, #133 ) ;
#8066 = CARTESIAN_POINT ( 'NONE',  ( 1.999999934228999798, 0.4999999835569999274, 0.04999999910078999771 ) ) ;
#8067 = DIRECTION ( 'NONE',  ( 1.224646799146999945E-16, 1.000000000000000000, 0.000000000000000000 ) ) ;
#8068 = ORIENTED_EDGE ( 'NONE', *, *, #7533, .T. ) ;
#8069 = LINE ( 'NONE', #4034, #740 ) ;
#8070 =( NAMED_UNIT ( * ) PLANE_ANGLE_UNIT ( ) SI_UNIT ( $, .RADIAN. ) );
#8071 = FACE_OUTER_BOUND ( 'NONE', #10318, .T. ) ;
#8072 = CARTESIAN_POINT ( 'NONE',  ( 3.525779384859999865, -5.150999830607999819, 1.154945377828999975 ) ) ;
#8073 = CARTESIAN_POINT ( 'NONE',  ( 3.547398067840000113, -5.150999830607999819, 1.190352664324999976 ) ) ;
#8074 = CARTESIAN_POINT ( 'NONE',  ( 3.525597980806999932, -5.150999830607999819, 1.129367977211000129 ) ) ;
#8075 = ORIENTED_EDGE ( 'NONE', *, *, #5075, .T. ) ;
#8076 = CARTESIAN_POINT ( 'NONE',  ( 3.497817966123000222, -5.150999830607999819, 1.097539654788000085 ) ) ;
#8077 = ADVANCED_FACE ( 'NONE', ( #2122 ), #8722, .F. ) ;
#8078 = ORIENTED_EDGE ( 'NONE', *, *, #1164, .F. ) ;
#8079 = DIRECTION ( 'NONE',  ( 0.000000000000000000, 0.000000000000000000, -1.000000000000000000 ) ) ;
#8080 = ORIENTED_EDGE ( 'NONE', *, *, #2314, .F. ) ;
#8081 = CARTESIAN_POINT ( 'NONE',  ( 4.362929299053000420, -5.150999830607999819, 0.8645231005819999925 ) ) ;
#8082 = CARTESIAN_POINT ( 'NONE',  ( 4.192539760425000317, -5.150999830607999819, 0.8762333827260000430 ) ) ;
#8083 = SURFACE_SIDE_STYLE ('',( #3348 ) ) ;
#8084 = EDGE_CURVE ( 'NONE', #3481, #3138, #513, .T. ) ;
#8085 = DIRECTION ( 'NONE',  ( 0.9999748501857348426, -1.224615999507675655E-16, -0.007092178509962118738 ) ) ;
#8086 = VECTOR ( 'NONE', #5016, 1000.000000000000114 ) ;
#8087 = CARTESIAN_POINT ( 'NONE',  ( 3.690314330835000156, -5.149999830640999754, 1.028796396564999993 ) ) ;
#8088 = B_SPLINE_CURVE_WITH_KNOTS ( 'NONE', 3,
 ( #3108, #5053, #7495, #1563 ),
 .UNSPECIFIED., .F., .F.,
 ( 4, 4 ),
 ( 4.000000000000000000, 5.000000000000000000 ),
 .UNSPECIFIED. ) ;
#8089 = EDGE_LOOP ( 'NONE', ( #9579, #4562, #1280, #4892 ) ) ;
#8090 = VERTEX_POINT ( 'NONE', #5369 ) ;
#8091 = CARTESIAN_POINT ( 'NONE',  ( 4.063920553127000623, -5.150999830607999819, 1.081775093642999952 ) ) ;
#8092 = LINE ( 'NONE', #163, #8880 ) ;
#8093 = ORIENTED_EDGE ( 'NONE', *, *, #3825, .F. ) ;
#8094 = DIRECTION ( 'NONE',  ( 0.000000000000000000, -1.000000000000000000, 0.000000000000000000 ) ) ;
#8095 = PRESENTATION_STYLE_ASSIGNMENT (( #1452 ) ) ;
#8096 = CARTESIAN_POINT ( 'NONE',  ( 3.528397468373999590, -5.150999830607999819, 0.8423677292760000102 ) ) ;
#8097 = CARTESIAN_POINT ( 'NONE',  ( 3.381773939243000182, -5.149999830640999754, 1.030984675135000250 ) ) ;
#8098 = CARTESIAN_POINT ( 'NONE',  ( 3.864529866352000020, -5.150999830607999819, 1.050747981738000103 ) ) ;
#8099 = LINE ( 'NONE', #8868, #8864 ) ;
#8100 = EDGE_LOOP ( 'NONE', ( #2741, #4601, #10211, #2480, #6536, #4745, #6982, #7302, #9572, #8022, #1636, #6731, #7689, #2378 ) ) ;
#8101 = MECHANICAL_DESIGN_GEOMETRIC_PRESENTATION_REPRESENTATION (  '', ( #797 ), #293 ) ;
#8102 = VERTEX_POINT ( 'NONE', #466 ) ;
#8103 = AXIS2_PLACEMENT_3D ( 'NONE', #3703, #6953, #5202 ) ;
#8104 = LINE ( 'NONE', #4722, #373 ) ;
#8105 = ORIENTED_EDGE ( 'NONE', *, *, #10179, .T. ) ;
#8106 = CARTESIAN_POINT ( 'NONE',  ( 2.527942810622999747, -5.150999830607999819, 1.177863494496000030 ) ) ;
#8107 = ORIENTED_EDGE ( 'NONE', *, *, #5107, .T. ) ;
#8108 = PRESENTATION_STYLE_ASSIGNMENT (( #5529 ) ) ;
#8109 = PRESENTATION_LAYER_ASSIGNMENT (  '', '', ( #3184 ) ) ;
#8110 = PLANE ( 'NONE',  #1388 ) ;
#8111 = MECHANICAL_DESIGN_GEOMETRIC_PRESENTATION_REPRESENTATION (  '', ( #3876 ), #1315 ) ;
#8112 = EDGE_CURVE ( 'NONE', #185, #5511, #1310, .T. ) ;
#8113 = EDGE_CURVE ( 'NONE', #5561, #303, #3818, .T. ) ;
#8114 = ADVANCED_FACE ( 'NONE', ( #10338 ), #7955, .T. ) ;
#8115 = FACE_OUTER_BOUND ( 'NONE', #9245, .T. ) ;
#8116 = CARTESIAN_POINT ( 'NONE',  ( 3.894049763800000008, -5.150999830607999819, 1.027351432164999911 ) ) ;
#8117 = DIRECTION ( 'NONE',  ( -0.3492990578019722903, 4.277679730817656322E-17, 0.9370112956729254039 ) ) ;
#8118 = ORIENTED_EDGE ( 'NONE', *, *, #9914, .F. ) ;
#8119 = LINE ( 'NONE', #4082, #9244 ) ;
#8120 = FILL_AREA_STYLE ('',( #1475 ) ) ;
#8121 = CARTESIAN_POINT ( 'NONE',  ( 4.110535209482000241, -5.150999830607999819, 1.188958154824000024 ) ) ;
#8122 = DIRECTION ( 'NONE',  ( -1.224646799147299959E-16, -1.000000000000000000, 0.000000000000000000 ) ) ;
#8123 = CARTESIAN_POINT ( 'NONE',  ( 3.533046080536999867, -5.150999830607999819, 1.175273606865000042 ) ) ;
#8124 = DIRECTION ( 'NONE',  ( 0.000000000000000000, 0.000000000000000000, 1.000000000000000000 ) ) ;
#8125 = ORIENTED_EDGE ( 'NONE', *, *, #2031, .F. ) ;
#8126 = B_SPLINE_CURVE_WITH_KNOTS ( 'NONE', 3,
 ( #9230, #119, #2625, #9172 ),
 .UNSPECIFIED., .F., .F.,
 ( 4, 4 ),
 ( 0.000000000000000000, 1.000000000000000000 ),
 .UNSPECIFIED. ) ;
#8127 = VECTOR ( 'NONE', #444, 1000.000000000000000 ) ;
#8128 = ORIENTED_EDGE ( 'NONE', *, *, #7746, .F. ) ;
#8129 = CARTESIAN_POINT ( 'NONE',  ( 3.846775474775999903, -5.149999830640999754, 0.7318681610489999878 ) ) ;
#8130 = COLOUR_RGB ( '',0.2470588235294117752, 0.2470588235294117752, 0.2470588235294117752 ) ;
#8131 = VERTEX_POINT ( 'NONE', #9177 ) ;
#8132 = DIRECTION ( 'NONE',  ( 0.000000000000000000, 0.000000000000000000, 1.000000000000000000 ) ) ;
#8133 = CARTESIAN_POINT ( 'NONE',  ( 2.900915972334000337, -5.150999830607999819, 0.7558714511360000721 ) ) ;
#8134 = CARTESIAN_POINT ( 'NONE',  ( 8.299999727051998732, 0.4999999835569999274, 0.3499999892349999753 ) ) ;
#8135 = CARTESIAN_POINT ( 'NONE',  ( 2.995282267205999993, -5.149999830640999754, 1.216483638880999862 ) ) ;
#8136 = LINE ( 'NONE', #846, #5313 ) ;
#8137 = PRODUCT_CONTEXT ( 'NONE', #3893, 'mechanical' ) ;
#8138 = ORIENTED_EDGE ( 'NONE', *, *, #6042, .F. ) ;
#8139 = VERTEX_POINT ( 'NONE', #10071 ) ;
#8140 = ADVANCED_FACE ( 'NONE', ( #10014 ), #7740, .F. ) ;
#8141 = CARTESIAN_POINT ( 'NONE',  ( 3.078480758888999969, -5.150999830607999819, 0.7141234516050000147 ) ) ;
#8142 = ORIENTED_EDGE ( 'NONE', *, *, #8935, .F. ) ;
#8143 = VECTOR ( 'NONE', #7661, 1000.000000000000000 ) ;
#8144 = CARTESIAN_POINT ( 'NONE',  ( 0.000000000000000000, 0.000000000000000000, 0.3499999892349999753 ) ) ;
#8145 = CARTESIAN_POINT ( 'NONE',  ( 3.562050848458000019, -5.149999830640999754, 0.7933631763709999563 ) ) ;
#8146 = EDGE_CURVE ( 'NONE', #5180, #3188, #9013, .T. ) ;
#8147 = DIRECTION ( 'NONE',  ( 0.007092178509960119469, -8.685413711204699533E-19, 0.9999748501857348426 ) ) ;
#8148 = CARTESIAN_POINT ( 'NONE',  ( 4.146452337122999765, -5.150999830607999819, 0.7261035016779999740 ) ) ;
#8149 = AXIS2_PLACEMENT_3D ( 'NONE', #414, #1453, #7944 ) ;
#8150 = CARTESIAN_POINT ( 'NONE',  ( 2.192932865141000054, 3.929509399037999895, 10.04999967024799901 ) ) ;
#8151 = LINE ( 'NONE', #4122, #10 ) ;
#8152 = VERTEX_POINT ( 'NONE', #1945 ) ;
#8153 = ORIENTED_EDGE ( 'NONE', *, *, #1230, .F. ) ;
#8154 = EDGE_CURVE ( 'NONE', #1782, #4188, #3588, .T. ) ;
#8155 = EDGE_CURVE ( 'NONE', #5052, #2256, #6778, .T. ) ;
#8156 = CARTESIAN_POINT ( 'NONE',  ( 3.795204031831000080, -5.150999830607999819, 0.6588251714320000341 ) ) ;
#8157 = ORIENTED_EDGE ( 'NONE', *, *, #1648, .T. ) ;
#8158 = DIRECTION ( 'NONE',  ( -0.007092178509962118738, 8.685413711206698649E-19, -0.9999748501857348426 ) ) ;
#8159 = CIRCLE ( 'NONE', #8513, 4.999999835572999984 ) ;
#8160 = DIRECTION ( 'NONE',  ( 1.224646799146999945E-16, 1.000000000000000000, 0.000000000000000000 ) ) ;
#8161 = LINE ( 'NONE', #5631, #8357 ) ;
#8162 = VECTOR ( 'NONE', #9348, 1000.000000000000000 ) ;
#8163 = B_SPLINE_CURVE_WITH_KNOTS ( 'NONE', 3,
 ( #3290, #8072, #1691, #6368 ),
 .UNSPECIFIED., .F., .F.,
 ( 4, 4 ),
 ( 9.000000000000000000, 10.00000000000000000 ),
 .UNSPECIFIED. ) ;
#8164 = VECTOR ( 'NONE', #7662, 1000.000000000000000 ) ;
#8165 = ORIENTED_EDGE ( 'NONE', *, *, #2878, .T. ) ;
#8166 = VECTOR ( 'NONE', #138, 1000.000000000000000 ) ;
#8167 = LINE ( 'NONE', #1526, #4784 ) ;
#8168 = CARTESIAN_POINT ( 'NONE',  ( 3.721777607379000319, -5.150999830607999819, 0.7882791578680000688 ) ) ;
#8169 = ORIENTED_EDGE ( 'NONE', *, *, #4884, .T. ) ;
#8170 = CARTESIAN_POINT ( 'NONE',  ( 3.795204031831000080, -5.149999830640999754, 0.6588251714320000341 ) ) ;
#8171 = CARTESIAN_POINT ( 'NONE',  ( 2.527942810622999747, -5.149999830640999754, 1.177863494496000030 ) ) ;
#8172 = CARTESIAN_POINT ( 'NONE',  ( 3.489022267440999858, -5.150999830607999819, 1.030224031716000077 ) ) ;
#8173 = CARTESIAN_POINT ( 'NONE',  ( 0.000000000000000000, 0.000000000000000000, 2.086424435345000106 ) ) ;
#8174 = SURFACE_SIDE_STYLE ('',( #7333 ) ) ;
#8175 = EDGE_CURVE ( 'NONE', #1165, #5317, #1248, .T. ) ;
#8176 = MECHANICAL_DESIGN_GEOMETRIC_PRESENTATION_REPRESENTATION (  '', ( #1386 ), #7845 ) ;
#8177 = FILL_AREA_STYLE ('',( #6746 ) ) ;
#8178 = VECTOR ( 'NONE', #4465, 1000.000000000000000 ) ;
#8179 = COLOUR_RGB ( '',0.2470588235294117752, 0.2470588235294117752, 0.2470588235294117752 ) ;
#8180 = LINE ( 'NONE', #148, #8029 ) ;
#8181 = ORIENTED_EDGE ( 'NONE', *, *, #3928, .F. ) ;
#8182 = CARTESIAN_POINT ( 'NONE',  ( 4.104684322469000612, -5.150999830607999819, 1.192326960306999917 ) ) ;
#8183 = VERTEX_POINT ( 'NONE', #9286 ) ;
#8184 = CARTESIAN_POINT ( 'NONE',  ( 3.072553469417000027, -5.149999830640999754, 1.101699746831000137 ) ) ;
#8185 = CARTESIAN_POINT ( 'NONE',  ( 4.207317222172000548, -5.149999830640999754, 0.8633392320939999864 ) ) ;
#8186 = AXIS2_PLACEMENT_3D ( 'NONE', #8815, #4922, #6450 ) ;
#8187 = ADVANCED_FACE ( 'NONE', ( #1996 ), #2842, .F. ) ;
#8188 = ORIENTED_EDGE ( 'NONE', *, *, #9625, .F. ) ;
#8189 = DIRECTION ( 'NONE',  ( 1.224646799146999945E-16, 1.000000000000000000, 0.000000000000000000 ) ) ;
#8190 = PRESENTATION_LAYER_ASSIGNMENT (  '', '', ( #2259 ) ) ;
#8191 = CARTESIAN_POINT ( 'NONE',  ( 2.317480007549999943, -5.150999830607999819, 1.066566350598999957 ) ) ;
#8192 = CARTESIAN_POINT ( 'NONE',  ( 4.004429102078000291, -5.149999830640999754, 1.130858920966000047 ) ) ;
#8193 = VECTOR ( 'NONE', #4689, 1000.000000000000000 ) ;
#8194 = EDGE_CURVE ( 'NONE', #4177, #703, #3484, .T. ) ;
#8195 = CARTESIAN_POINT ( 'NONE',  ( 3.896365960637999670, -5.149999830640999754, 1.207321620896999903 ) ) ;
#8196 = CARTESIAN_POINT ( 'NONE',  ( 0.000000000000000000, 0.000000000000000000, 0.000000000000000000 ) ) ;
#8197 = ORIENTED_EDGE ( 'NONE', *, *, #8591, .F. ) ;
#8198 = ORIENTED_EDGE ( 'NONE', *, *, #7064, .T. ) ;
#8199 = STYLED_ITEM ( 'NONE', ( #7921 ), #6615 ) ;
#8200 = CARTESIAN_POINT ( 'NONE',  ( 3.159884697628999817, -5.150999830607999819, 0.7742791034429999941 ) ) ;
#8201 = ORIENTED_EDGE ( 'NONE', *, *, #613, .T. ) ;
#8202 = CARTESIAN_POINT ( 'NONE',  ( 3.719605238925999924, -5.150999830607999819, 0.8338371057050000257 ) ) ;
#8203 = SURFACE_SIDE_STYLE ('',( #6550 ) ) ;
#8204 = CARTESIAN_POINT ( 'NONE',  ( 3.602883985851999871, -5.150999830607999819, 1.236229527837999997 ) ) ;
#8205 = DIRECTION ( 'NONE',  ( -1.224646799147375887E-16, -1.000000000000000000, 0.000000000000000000 ) ) ;
#8206 = CARTESIAN_POINT ( 'NONE',  ( 3.928399656579000254, -5.149999830640999754, 1.230489567224000158 ) ) ;
#8207 = PLANE ( 'NONE',  #6288 ) ;
#8208 = VERTEX_POINT ( 'NONE', #399 ) ;
#8209 = CARTESIAN_POINT ( 'NONE',  ( 4.222094683917999802, -5.149999830640999754, 0.8504450814610000631 ) ) ;
#8210 = EDGE_CURVE ( 'NONE', #8090, #8047, #1123, .T. ) ;
#8211 = VERTEX_POINT ( 'NONE', #6725 ) ;
#8212 = ORIENTED_EDGE ( 'NONE', *, *, #2876, .T. ) ;
#8213 = DIRECTION ( 'NONE',  ( 0.000000000000000000, 0.000000000000000000, 1.000000000000000000 ) ) ;
#8214 = VERTEX_POINT ( 'NONE', #5302 ) ;
#8215 = CARTESIAN_POINT ( 'NONE',  ( 5.799999809265000472, 0.4499999852019999635, 7.450579042612001036E-10 ) ) ;
#8216 = CARTESIAN_POINT ( 'NONE',  ( 3.604901802074000017, -5.149999830640999754, 0.7657129420589999791 ) ) ;
#8217 = LINE ( 'NONE', #134, #372 ) ;
#8218 = EDGE_CURVE ( 'NONE', #2853, #5781, #9961, .T. ) ;
#8219 = PRESENTATION_STYLE_ASSIGNMENT (( #4986 ) ) ;
#8220 = ORIENTED_EDGE ( 'NONE', *, *, #7345, .T. ) ;
#8221 = CARTESIAN_POINT ( 'NONE',  ( 2.583658042046999892, -5.149999830640999754, 1.082030869061000100 ) ) ;
#8222 = CARTESIAN_POINT ( 'NONE',  ( 3.754499658035000298, -5.150999830607999819, 0.7692269904199999786 ) ) ;
#8223 = VERTEX_POINT ( 'NONE', #2048 ) ;
#8224 = PRESENTATION_STYLE_ASSIGNMENT (( #3177 ) ) ;
#8225 = SURFACE_STYLE_FILL_AREA ( #9252 ) ;
#8226 = CARTESIAN_POINT ( 'NONE',  ( 3.525425425732000129, -5.149999830640999754, 1.105038254673000209 ) ) ;
#8227 = CARTESIAN_POINT ( 'NONE',  ( 4.107465053533000621, -5.150999830607999819, 1.203224970711000097 ) ) ;
#8228 = CARTESIAN_POINT ( 'NONE',  ( 3.213528513388999919, -5.149999830640999754, 0.9980322281830000808 ) ) ;
#8229 = PRESENTATION_STYLE_ASSIGNMENT (( #8405 ) ) ;
#8230 = DIRECTION ( 'NONE',  ( 1.224646799146999945E-16, 1.000000000000000000, 0.000000000000000000 ) ) ;
#8231 = ORIENTED_EDGE ( 'NONE', *, *, #5570, .F. ) ;
#8232 = EDGE_CURVE ( 'NONE', #7975, #6952, #10176, .T. ) ;
#8233 = EDGE_CURVE ( 'NONE', #2803, #7417, #4186, .T. ) ;
#8234 = EDGE_LOOP ( 'NONE', ( #7249, #1186, #7770, #5728 ) ) ;
#8235 = ORIENTED_EDGE ( 'NONE', *, *, #4613, .F. ) ;
#8236 = CARTESIAN_POINT ( 'NONE',  ( 4.256599754949999870, -5.149999830640999754, 0.7749199952300001026 ) ) ;
#8237 = DIRECTION ( 'NONE',  ( 1.224646799146999945E-16, 1.000000000000000000, 0.000000000000000000 ) ) ;
#8238 = B_SPLINE_SURFACE_WITH_KNOTS ( 'NONE', 3, 1, ( 
 ( #3726, #9263 ),
 ( #5957, #1974 ),
 ( #1867, #8413 ),
 ( #8570, #6872 ) ),
 .UNSPECIFIED., .F., .F., .F.,
 ( 4, 4 ),
 ( 2, 2 ),
 ( 5.000000000000000000, 6.000000000000000000 ),
 ( 0.000000000000000000, 1.000000000000000000 ),
 .UNSPECIFIED. ) ;
#8239 = CARTESIAN_POINT ( 'NONE',  ( 4.207063169991999807, -5.150999830607999819, 0.7468852222829999166 ) ) ;
#8240 = DIRECTION ( 'NONE',  ( -0.9999748501857340655, 1.224615999507673683E-16, 0.007092178510053120596 ) ) ;
#8241 = CARTESIAN_POINT ( 'NONE',  ( 3.559283009391000174, -5.150999830607999819, 0.7036494448680000735 ) ) ;
#8242 = ORIENTED_EDGE ( 'NONE', *, *, #5432, .T. ) ;
#8243 = VERTEX_POINT ( 'NONE', #5355 ) ;
#8244 = CARTESIAN_POINT ( 'NONE',  ( 2.573105602522000268, -5.149999830640999754, 0.8174833403029999612 ) ) ;
#8245 = EDGE_CURVE ( 'NONE', #2722, #36, #110, .T. ) ;
#8246 = ADVANCED_FACE ( 'NONE', ( #7206 ), #5021, .F. ) ;
#8247 = DIRECTION ( 'NONE',  ( 1.224646799146999945E-16, 1.000000000000000000, 0.000000000000000000 ) ) ;
#8248 = VERTEX_POINT ( 'NONE', #5454 ) ;
#8249 = B_SPLINE_CURVE_WITH_KNOTS ( 'NONE', 3,
 ( #10257, #10404, #3026, #7179 ),
 .UNSPECIFIED., .F., .F.,
 ( 4, 4 ),
 ( 7.000000000000000000, 8.000000000000000000 ),
 .UNSPECIFIED. ) ;
#8250 = CARTESIAN_POINT ( 'NONE',  ( 2.468966427038000067, -5.150999830607999819, 0.8138839282250001084 ) ) ;
#8251 = ORIENTED_EDGE ( 'NONE', *, *, #325, .F. ) ;
#8252 = DIRECTION ( 'NONE',  ( 0.000000000000000000, 0.000000000000000000, 1.000000000000000000 ) ) ;
#8253 = LINE ( 'NONE', #4062, #2072 ) ;
#8254 = EDGE_CURVE ( 'NONE', #9314, #1652, #8646, .T. ) ;
#8255 = DIRECTION ( 'NONE',  ( -0.007092178509963118806, 8.685413711207700132E-19, -0.9999748501857348426 ) ) ;
#8256 = COLOUR_RGB ( '',0.2470588235294117752, 0.2470588235294117752, 0.2470588235294117752 ) ;
#8257 = LINE ( 'NONE', #8314, #9050 ) ;
#8258 = VERTEX_POINT ( 'NONE', #8695 ) ;
#8259 = LINE ( 'NONE', #7466, #8658 ) ;
#8260 = B_SPLINE_SURFACE_WITH_KNOTS ( 'NONE', 3, 1, ( 
 ( #4155, #2462 ),
 ( #9681, #7348 ),
 ( #7395, #5551 ),
 ( #8797, #5700 ) ),
 .UNSPECIFIED., .F., .F., .F.,
 ( 4, 4 ),
 ( 2, 2 ),
 ( 23.00000000000000000, 24.00000000000000000 ),
 ( 0.000000000000000000, 1.000000000000000000 ),
 .UNSPECIFIED. ) ;
#8261 = ADVANCED_FACE ( 'NONE', ( #3907 ), #2638, .T. ) ;
#8262 = MECHANICAL_DESIGN_GEOMETRIC_PRESENTATION_REPRESENTATION (  '', ( #2075 ), #8789 ) ;
#8263 = ORIENTED_EDGE ( 'NONE', *, *, #2152, .F. ) ;
#8264 = SURFACE_STYLE_USAGE ( .BOTH. , #1781 ) ;
#8265 = ORIENTED_EDGE ( 'NONE', *, *, #3072, .F. ) ;
#8266 = EDGE_CURVE ( 'NONE', #3475, #7303, #4657, .T. ) ;
#8267 = DIRECTION ( 'NONE',  ( 0.000000000000000000, -1.000000000000000000, 1.726713446069499927E-14 ) ) ;
#8268 = CARTESIAN_POINT ( 'NONE',  ( 3.889880485214999961, -5.149999830640999754, 0.8499938462320000276 ) ) ;
#8269 = CARTESIAN_POINT ( 'NONE',  ( 3.969611309134000177, -5.149999830640999754, 0.7957755106980000104 ) ) ;
#8270 = COLOUR_RGB ( '',1.000000000000000000, 1.000000000000000000, 1.000000000000000000 ) ;
#8271 = EDGE_CURVE ( 'NONE', #6688, #9167, #9776, .T. ) ;
#8272 = VERTEX_POINT ( 'NONE', #2312 ) ;
#8273 = CARTESIAN_POINT ( 'NONE',  ( -5.799999809265000472, 0.4499999852019999635, 0.3499999892349999753 ) ) ;
#8274 = EDGE_CURVE ( 'NONE', #5187, #9326, #3750, .T. ) ;
#8275 = ORIENTED_EDGE ( 'NONE', *, *, #10030, .F. ) ;
#8276 = CARTESIAN_POINT ( 'NONE',  ( 2.659688309465999989, -5.150999830607999819, 0.7922868544789999357 ) ) ;
#8277 = EDGE_CURVE ( 'NONE', #4252, #6952, #6181, .T. ) ;
#8278 = DIRECTION ( 'NONE',  ( 1.224646799146999945E-16, 1.000000000000000000, 0.000000000000000000 ) ) ;
#8279 = COLOUR_RGB ( '',1.000000000000000000, 1.000000000000000000, 1.000000000000000000 ) ;
#8280 = VECTOR ( 'NONE', #5575, 1000.000000000000114 ) ;
#8281 = VERTEX_POINT ( 'NONE', #555 ) ;
#8282 = CARTESIAN_POINT ( 'NONE',  ( 3.795204031831000080, -5.150999830607999819, 0.6588251714320000341 ) ) ;
#8283 = DIRECTION ( 'NONE',  ( 1.000000000000000000, -1.224646799147000192E-16, 0.000000000000000000 ) ) ;
#8284 = DIRECTION ( 'NONE',  ( 0.000000000000000000, 0.000000000000000000, 1.000000000000000000 ) ) ;
#8285 = UNCERTAINTY_MEASURE_WITH_UNIT (LENGTH_MEASURE( 1.000000000000000082E-05 ), #9668, 'distance_accuracy_value', 'NONE');
#8286 = CARTESIAN_POINT ( 'NONE',  ( 0.000000000000000000, 0.000000000000000000, 3.027168101175000015 ) ) ;
#8287 = CARTESIAN_POINT ( 'NONE',  ( 3.894058247552000029, -5.150999830607999819, 1.050538555919999784 ) ) ;
#8288 = CARTESIAN_POINT ( 'NONE',  ( 3.575966300094000072, -5.149999830640999754, 0.8348558443209999069 ) ) ;
#8289 = EDGE_CURVE ( 'NONE', #7084, #689, #9636, .T. ) ;
#8290 = ORIENTED_EDGE ( 'NONE', *, *, #3064, .F. ) ;
#8291 = CARTESIAN_POINT ( 'NONE',  ( 2.361166224039000117, -5.149999830640999754, 1.109637203277999973 ) ) ;
#8292 = CARTESIAN_POINT ( 'NONE',  ( 3.489186710952999704, -5.150999830607999819, 1.053410049348999955 ) ) ;
#8293 = VERTEX_POINT ( 'NONE', #8857 ) ;
#8294 = B_SPLINE_SURFACE_WITH_KNOTS ( 'NONE', 3, 1, ( 
 ( #4132, #7375 ),
 ( #4604, #10183 ),
 ( #1352, #2159 ),
 ( #3596, #2850 ) ),
 .UNSPECIFIED., .F., .F., .F.,
 ( 4, 4 ),
 ( 2, 2 ),
 ( 2.000000000000000000, 3.000000000000000000 ),
 ( 0.000000000000000000, 1.000000000000000000 ),
 .UNSPECIFIED. ) ;
#8295 =( NAMED_UNIT ( * ) PLANE_ANGLE_UNIT ( ) SI_UNIT ( $, .RADIAN. ) );
#8296 = FACE_OUTER_BOUND ( 'NONE', #4150, .T. ) ;
#8297 = CARTESIAN_POINT ( 'NONE',  ( 4.148760050210000827, -5.150999830607999819, 0.8828865666539998935 ) ) ;
#8298 = CARTESIAN_POINT ( 'NONE',  ( 4.042340543815000409, -5.149999830640999754, 0.7952596890100001037 ) ) ;
#8299 = DIRECTION ( 'NONE',  ( -0.9370112956751331934, 1.147507884014162173E-16, -0.3492990577960500831 ) ) ;
#8300 = PLANE ( 'NONE',  #6199 ) ;
#8301 = VERTEX_POINT ( 'NONE', #1559 ) ;
#8302 = VERTEX_POINT ( 'NONE', #2948 ) ;
#8303 = CARTESIAN_POINT ( 'NONE',  ( 3.993785116006000724, -5.150999830607999819, 1.074162203739000176 ) ) ;
#8304 = VECTOR ( 'NONE', #2777, 1000.000000000000114 ) ;
#8305 = VECTOR ( 'NONE', #7805, 1000.000000000000000 ) ;
#8306 = CARTESIAN_POINT ( 'NONE',  ( 3.008377833362000153, -5.149999830640999754, 1.024069640386999769 ) ) ;
#8307 = ORIENTED_EDGE ( 'NONE', *, *, #9183, .F. ) ;
#8308 =( LENGTH_UNIT ( ) NAMED_UNIT ( * ) SI_UNIT ( .MILLI., .METRE. ) );
#8309 = ORIENTED_EDGE ( 'NONE', *, *, #1357, .T. ) ;
#8310 = LINE ( 'NONE', #7515, #1133 ) ;
#8311 = DIRECTION ( 'NONE',  ( 0.9999748501857348426, -1.224615999507675655E-16, -0.007092178509962118738 ) ) ;
#8312 = CARTESIAN_POINT ( 'NONE',  ( 2.625252213153999925, -5.149999830640999754, 1.237906332211999860 ) ) ;
#8313 = ADVANCED_FACE ( 'NONE', ( #6996 ), #2154, .F. ) ;
#8314 = CARTESIAN_POINT ( 'NONE',  ( 3.780611651929000061, -5.150999830607999819, 0.6391727691799999889 ) ) ;
#8315 = EDGE_CURVE ( 'NONE', #5803, #7985, #9539, .T. ) ;
#8316 = CARTESIAN_POINT ( 'NONE',  ( 4.226662871448999326, -5.150999830607999819, 0.8787987863330000149 ) ) ;
#8317 = VERTEX_POINT ( 'NONE', #5514 ) ;
#8318 = FACE_OUTER_BOUND ( 'NONE', #6943, .T. ) ;
#8319 = ORIENTED_EDGE ( 'NONE', *, *, #2629, .T. ) ;
#8320 = FACE_OUTER_BOUND ( 'NONE', #7745, .T. ) ;
#8321 = ORIENTED_EDGE ( 'NONE', *, *, #8605, .F. ) ;
#8322 = SURFACE_SIDE_STYLE ('',( #1837 ) ) ;
#8323 = VERTEX_POINT ( 'NONE', #1448 ) ;
#8324 = EDGE_CURVE ( 'NONE', #8909, #3600, #4710, .T. ) ;
#8325 = FACE_OUTER_BOUND ( 'NONE', #51, .T. ) ;
#8326 = SURFACE_STYLE_FILL_AREA ( #9243 ) ;
#8327 = B_SPLINE_CURVE_WITH_KNOTS ( 'NONE', 3,
 ( #2128, #8668, #7907, #5376 ),
 .UNSPECIFIED., .F., .F.,
 ( 4, 4 ),
 ( 3.000000000000000000, 4.000000000000000000 ),
 .UNSPECIFIED. ) ;
#8328 = ORIENTED_EDGE ( 'NONE', *, *, #9695, .F. ) ;
#8329 = B_SPLINE_SURFACE_WITH_KNOTS ( 'NONE', 3, 1, ( 
 ( #3246, #4099 ),
 ( #2609, #155 ),
 ( #5701, #6592 ),
 ( #8997, #948 ) ),
 .UNSPECIFIED., .F., .F., .F.,
 ( 4, 4 ),
 ( 2, 2 ),
 ( 17.00000000000000000, 18.00000000000000000 ),
 ( 0.000000000000000000, 1.000000000000000000 ),
 .UNSPECIFIED. ) ;
#8330 = CARTESIAN_POINT ( 'NONE',  ( 0.000000000000000000, 0.000000000000000000, 1.757602692597000082 ) ) ;
#8331 = EDGE_LOOP ( 'NONE', ( #10308, #1686, #10116, #596 ) ) ;
#8332 = ORIENTED_EDGE ( 'NONE', *, *, #3072, .T. ) ;
#8333 = DIRECTION ( 'NONE',  ( -1.224646799146999945E-16, -1.000000000000000000, 0.000000000000000000 ) ) ;
#8334 = CARTESIAN_POINT ( 'NONE',  ( 2.465766925326000170, -5.149999830640999754, 1.178304468064000021 ) ) ;
#8335 = CARTESIAN_POINT ( 'NONE',  ( 3.865641887946999589, -5.150999830607999819, 1.207539526985000000 ) ) ;
#8336 = B_SPLINE_CURVE_WITH_KNOTS ( 'NONE', 3,
 ( #3344, #9830, #3665, #6802 ),
 .UNSPECIFIED., .F., .F.,
 ( 4, 4 ),
 ( 12.00000000000000000, 13.00000000000000000 ),
 .UNSPECIFIED. ) ;
#8337 = CARTESIAN_POINT ( 'NONE',  ( 2.749121908788000113, -5.150999830607999819, 0.7612861434059999821 ) ) ;
#8338 = FACE_OUTER_BOUND ( 'NONE', #8905, .T. ) ;
#8339 = AXIS2_PLACEMENT_3D ( 'NONE', #7247, #4912, #6336 ) ;
#8340 = VECTOR ( 'NONE', #10296, 1000.000000000000000 ) ;
#8341 = CARTESIAN_POINT ( 'NONE',  ( 4.944441160745000730, 1.249999958892999974, 0.5499999826579999862 ) ) ;
#8342 = CARTESIAN_POINT ( 'NONE',  ( 3.677185282243000231, -5.150999830607999819, 0.7829805887779999196 ) ) ;
#8343 = VECTOR ( 'NONE', #2702, 1000.000000000000000 ) ;
#8344 = EDGE_CURVE ( 'NONE', #7665, #1662, #1819, .T. ) ;
#8345 = ORIENTED_EDGE ( 'NONE', *, *, #1358, .T. ) ;
#8346 = CARTESIAN_POINT ( 'NONE',  ( 2.317480007549999943, -5.150999830607999819, 1.066566350598999957 ) ) ;
#8347 = B_SPLINE_CURVE_WITH_KNOTS ( 'NONE', 3,
 ( #7167, #10247, #2966, #7065, #7904, #577, #7807 ),
 .UNSPECIFIED., .F., .F.,
 ( 4, 3, 4 ),
 ( 0.000000000000000000, 1.000000000000000000, 2.000000000000000000 ),
 .UNSPECIFIED. ) ;
#8348 = MECHANICAL_DESIGN_GEOMETRIC_PRESENTATION_REPRESENTATION (  '', ( #186 ), #10209 ) ;
#8349 = FACE_OUTER_BOUND ( 'NONE', #3646, .T. ) ;
#8350 = VERTEX_POINT ( 'NONE', #5759 ) ;
#8351 = CARTESIAN_POINT ( 'NONE',  ( 5.149999830640999754, -0.4499999852019999635, 0.3499999892349999753 ) ) ;
#8352 = CARTESIAN_POINT ( 'NONE',  ( 3.557975605349999793, -5.150999830607999819, 0.7245583764970000562 ) ) ;
#8353 = CARTESIAN_POINT ( 'NONE',  ( 3.488865519211000077, -5.150999830607999819, 0.7075801581470000379 ) ) ;
#8354 = VECTOR ( 'NONE', #4918, 1000.000000000000000 ) ;
#8355 = CARTESIAN_POINT ( 'NONE',  ( 0.000000000000000000, 0.000000000000000000, 3.027168101175000015 ) ) ;
#8356 = VECTOR ( 'NONE', #8938, 1000.000000000000000 ) ;
#8357 = VECTOR ( 'NONE', #4182, 1000.000000000000000 ) ;
#8358 = VECTOR ( 'NONE', #3197, 1000.000000000000114 ) ;
#8359 = DIRECTION ( 'NONE',  ( 1.224646799147213924E-16, 1.000000000000000000, 0.000000000000000000 ) ) ;
#8360 = EDGE_CURVE ( 'NONE', #5916, #2449, #9899, .T. ) ;
#8361 = CARTESIAN_POINT ( 'NONE',  ( 3.836696332234999840, -5.149999830640999754, 0.6521882106309999649 ) ) ;
#8362 = VERTEX_POINT ( 'NONE', #7361 ) ;
#8363 = ORIENTED_EDGE ( 'NONE', *, *, #9482, .T. ) ;
#8364 = CARTESIAN_POINT ( 'NONE',  ( 4.116923955923000200, -5.150999830607999819, 0.7263129274960000714 ) ) ;
#8365 = AXIS2_PLACEMENT_3D ( 'NONE', #8173, #882, #7387 ) ;
#8366 = EDGE_CURVE ( 'NONE', #9326, #3816, #7251, .T. ) ;
#8367 = DIRECTION ( 'NONE',  ( 1.224646799146999945E-16, 1.000000000000000000, 0.000000000000000000 ) ) ;
#8368 = ORIENTED_EDGE ( 'NONE', *, *, #10478, .T. ) ;
#8369 = AXIS2_PLACEMENT_3D ( 'NONE', #5723, #8213, #7526 ) ;
#8370 = EDGE_LOOP ( 'NONE', ( #6840, #5111, #262, #5838 ) ) ;
#8371 = FACE_OUTER_BOUND ( 'NONE', #2959, .T. ) ;
#8372 = ORIENTED_EDGE ( 'NONE', *, *, #9594, .F. ) ;
#8373 = FILL_AREA_STYLE_COLOUR ( '', #2492 ) ;
#8375 = DIRECTION ( 'NONE',  ( -0.9999748501857348426, 0.000000000000000000, 0.007092178509961118670 ) ) ;
#8374 = VECTOR ( 'NONE', #920, 1000.000000000000000 ) ;
#8376 = CARTESIAN_POINT ( 'NONE',  ( 4.226662871448999326, -5.150999830607999819, 0.8787987863330000149 ) ) ;
#8377 = FILL_AREA_STYLE_COLOUR ( '', #210 ) ;
#8378 = VECTOR ( 'NONE', #2263, 1000.000000000000000 ) ;
#8379 = SURFACE_SIDE_STYLE ('',( #1019 ) ) ;
#8380 = ORIENTED_EDGE ( 'NONE', *, *, #1357, .F. ) ;
#8381 = CARTESIAN_POINT ( 'NONE',  ( 3.001148079577999894, -5.150999830607999819, 1.024120916380999891 ) ) ;
#8382 = DIRECTION ( 'NONE',  ( 0.007092178509971119350, -8.685413711217697635E-19, 0.9999748501857348426 ) ) ;
#8383 = EDGE_LOOP ( 'NONE', ( #4654, #9943, #211, #3798, #6583, #1554 ) ) ;
#8384 = CARTESIAN_POINT ( 'NONE',  ( 3.717217219562000352, -5.149999830640999754, 1.120210564940000042 ) ) ;
#8385 = EDGE_CURVE ( 'NONE', #4378, #9154, #760, .T. ) ;
#8386 = EDGE_CURVE ( 'NONE', #2631, #9602, #64, .T. ) ;
#8387 = ORIENTED_EDGE ( 'NONE', *, *, #1802, .T. ) ;
#8388 = LINE ( 'NONE', #1142, #4126 ) ;
#8389 = ORIENTED_EDGE ( 'NONE', *, *, #1569, .T. ) ;
#8390 = CARTESIAN_POINT ( 'NONE',  ( 3.546263882025999958, -5.149999830640999754, 0.7665447367279999424 ) ) ;
#8391 = EDGE_CURVE ( 'NONE', #8047, #8090, #2824, .T. ) ;
#8392 = DIRECTION ( 'NONE',  ( 1.000000000000000000, -1.224646799146999945E-16, 0.000000000000000000 ) ) ;
#8393 = ORIENTED_EDGE ( 'NONE', *, *, #2352, .F. ) ;
#8394 = EDGE_CURVE ( 'NONE', #9708, #224, #3303, .T. ) ;
#8395 = B_SPLINE_SURFACE_WITH_KNOTS ( 'NONE', 3, 1, ( 
 ( #9424, #483 ),
 ( #2136, #10105 ),
 ( #432, #10262 ),
 ( #1229, #3834 ) ),
 .UNSPECIFIED., .F., .F., .F.,
 ( 4, 4 ),
 ( 2, 2 ),
 ( 2.000000000000000000, 3.000000000000000000 ),
 ( 0.000000000000000000, 1.000000000000000000 ),
 .UNSPECIFIED. ) ;
#8396 = SURFACE_STYLE_FILL_AREA ( #3383 ) ;
#8397 = ORIENTED_EDGE ( 'NONE', *, *, #9351, .F. ) ;
#8398 = DIRECTION ( 'NONE',  ( 0.000000000000000000, 0.000000000000000000, 1.000000000000000000 ) ) ;
#8399 = VERTEX_POINT ( 'NONE', #4215 ) ;
#8400 = CARTESIAN_POINT ( 'NONE',  ( -4.999999835572999984, 9.860760990987998060E-32, 0.5499999826579999862 ) ) ;
#8401 = CARTESIAN_POINT ( 'NONE',  ( 3.974268781878000478, -5.149999830640999754, 1.203233840576000135 ) ) ;
#8402 = DIRECTION ( 'NONE',  ( 1.224646799146999945E-16, 1.000000000000000000, 0.000000000000000000 ) ) ;
#8403 = UNCERTAINTY_MEASURE_WITH_UNIT (LENGTH_MEASURE( 1.000000000000000082E-05 ), #764, 'distance_accuracy_value', 'NONE');
#8404 = SURFACE_SIDE_STYLE ('',( #359 ) ) ;
#8405 = SURFACE_STYLE_USAGE ( .BOTH. , #9771 ) ;
#8406 = EDGE_CURVE ( 'NONE', #2326, #1501, #6444, .T. ) ;
#8407 = CARTESIAN_POINT ( 'NONE',  ( 3.790525239034999938, -5.150999830607999819, 0.6588583551000000149 ) ) ;
#8408 = ORIENTED_EDGE ( 'NONE', *, *, #5685, .T. ) ;
#8409 = DIRECTION ( 'NONE',  ( 0.000000000000000000, -1.000000000000000000, 1.726713446075589933E-14 ) ) ;
#8410 = ORIENTED_EDGE ( 'NONE', *, *, #1305, .T. ) ;
#8411 = DIRECTION ( 'NONE',  ( 0.000000000000000000, 0.000000000000000000, 1.000000000000000000 ) ) ;
#8412 = CARTESIAN_POINT ( 'NONE',  ( 3.604483687853999641, -5.150999830607999819, 0.7067601528329999772 ) ) ;
#8413 = CARTESIAN_POINT ( 'NONE',  ( 4.205047854657999906, -5.149999830640999754, 0.7119627721260000097 ) ) ;
#8414 = CARTESIAN_POINT ( 'NONE',  ( 3.716732000589999974, -5.150999830607999819, 1.051796216947999962 ) ) ;
#8415 = CARTESIAN_POINT ( 'NONE',  ( 4.374339808138000052, -5.150999830607999819, 0.9046818152369999755 ) ) ;
#8416 = CARTESIAN_POINT ( 'NONE',  ( 4.180793746149999990, -5.149999830640999754, 0.9060545129810000375 ) ) ;
#8417 = ORIENTED_EDGE ( 'NONE', *, *, #819, .F. ) ;
#8418 = VERTEX_POINT ( 'NONE', #6501 ) ;
#8419 = CARTESIAN_POINT ( 'NONE',  ( 2.603470573927999965, -5.149999830640999754, 0.8172679810890000063 ) ) ;
#8420 = EDGE_CURVE ( 'NONE', #9513, #9965, #4962, .T. ) ;
#8421 = ORIENTED_EDGE ( 'NONE', *, *, #1472, .T. ) ;
#8422 = VERTEX_POINT ( 'NONE', #4 ) ;
#8423 =( LENGTH_UNIT ( ) NAMED_UNIT ( * ) SI_UNIT ( .MILLI., .METRE. ) );
#8424 = VERTEX_POINT ( 'NONE', #9688 ) ;
#8425 = B_SPLINE_CURVE_WITH_KNOTS ( 'NONE', 3,
 ( #4049, #9744, #7201, #8903 ),
 .UNSPECIFIED., .F., .F.,
 ( 4, 4 ),
 ( 18.00000000000000000, 19.00000000000000000 ),
 .UNSPECIFIED. ) ;
#8426 = DIRECTION ( 'NONE',  ( 1.224646799147213924E-16, 1.000000000000000000, 0.000000000000000000 ) ) ;
#8427 = EDGE_CURVE ( 'NONE', #175, #6978, #1768, .T. ) ;
#8428 =( NAMED_UNIT ( * ) SI_UNIT ( $, .STERADIAN. ) SOLID_ANGLE_UNIT ( ) );
#8429 = CARTESIAN_POINT ( 'NONE',  ( 3.214359130545999754, -5.149999830640999754, 0.9112649828970000865 ) ) ;
#8430 = CARTESIAN_POINT ( 'NONE',  ( 3.525780790067999604, -5.150999830607999819, 0.7153246789210000456 ) ) ;
#8431 = SURFACE_STYLE_USAGE ( .BOTH. , #8379 ) ;
#8432 = VERTEX_POINT ( 'NONE', #5807 ) ;
#8433 = CARTESIAN_POINT ( 'NONE',  ( 3.919895581101999316, -5.150999830607999819, 1.050355308329999904 ) ) ;
#8434 = CIRCLE ( 'NONE', #1977, 4.499999852016000723 ) ;
#8435 = VERTEX_POINT ( 'NONE', #3416 ) ;
#8436 = DIRECTION ( 'NONE',  ( 1.224646799146999945E-16, 1.000000000000000000, 0.000000000000000000 ) ) ;
#8437 = EDGE_LOOP ( 'NONE', ( #1414, #8995, #5469, #1007 ) ) ;
#8438 = VECTOR ( 'NONE', #6126, 1000.000000000000000 ) ;
#8439 = CARTESIAN_POINT ( 'NONE',  ( 3.664512342141999834, -5.150999830607999819, 0.7114293499519999120 ) ) ;
#8440 = VERTEX_POINT ( 'NONE', #8907 ) ;
#8441 = LINE ( 'NONE', #1145, #637 ) ;
#8442 = CARTESIAN_POINT ( 'NONE',  ( 4.110535209482000241, -5.150999830607999819, 1.188958154824000024 ) ) ;
#8443 = ORIENTED_EDGE ( 'NONE', *, *, #3786, .F. ) ;
#8444 = B_SPLINE_CURVE_WITH_KNOTS ( 'NONE', 3,
 ( #4338, #283, #3538, #1944 ),
 .UNSPECIFIED., .F., .F.,
 ( 4, 4 ),
 ( 11.00000000000000000, 12.00000000000000000 ),
 .UNSPECIFIED. ) ;
#8445 =( GEOMETRIC_REPRESENTATION_CONTEXT ( 3 ) GLOBAL_UNCERTAINTY_ASSIGNED_CONTEXT ( ( #4355 ) ) GLOBAL_UNIT_ASSIGNED_CONTEXT ( ( #909, #7364, #2561 ) ) REPRESENTATION_CONTEXT ( 'NONE', 'WORKASPACE' ) );
#8446 = ORIENTED_EDGE ( 'NONE', *, *, #6263, .T. ) ;
#8447 = ORIENTED_EDGE ( 'NONE', *, *, #1071, .F. ) ;
#8448 = CARTESIAN_POINT ( 'NONE',  ( 2.605562635814000050, -5.149999830640999754, 0.9083526950350000462 ) ) ;
#8449 = FILL_AREA_STYLE ('',( #6859 ) ) ;
#8450 = VECTOR ( 'NONE', #4369, 1000.000000000000114 ) ;
#8451 = DIRECTION ( 'NONE',  ( 0.000000000000000000, 0.000000000000000000, -1.000000000000000000 ) ) ;
#8452 = CARTESIAN_POINT ( 'NONE',  ( 2.449246163935000276, -5.149999830640999754, 1.091660312527000132 ) ) ;
#8453 = EDGE_CURVE ( 'NONE', #1929, #8424, #3036, .T. ) ;
#8454 = ADVANCED_FACE ( 'NONE', ( #3204 ), #7474, .F. ) ;
#8455 = CARTESIAN_POINT ( 'NONE',  ( 2.940674571075000188, -5.149999830640999754, 1.264589715810999770 ) ) ;
#8456 = AXIS2_PLACEMENT_3D ( 'NONE', #2688, #291, #6516 ) ;
#8457 = FILL_AREA_STYLE ('',( #2706 ) ) ;
#8458 = CARTESIAN_POINT ( 'NONE',  ( 4.172985799574999710, -5.150999830607999819, 0.8827147489940000424 ) ) ;
#8459 = VERTEX_POINT ( 'NONE', #5862 ) ;
#8460 = CARTESIAN_POINT ( 'NONE',  ( 3.839554580045000165, -5.149999830640999754, 1.231119688214000085 ) ) ;
#8461 = LINE ( 'NONE', #5798, #10203 ) ;
#8462 = DIRECTION ( 'NONE',  ( 1.224646799146999945E-16, 1.000000000000000000, 0.000000000000000000 ) ) ;
#8463 = CARTESIAN_POINT ( 'NONE',  ( 3.586492276583000294, -5.149999830640999754, 0.7283073054109999722 ) ) ;
#8464 = EDGE_CURVE ( 'NONE', #7529, #1072, #4009, .T. ) ;
#8465 = VECTOR ( 'NONE', #6377, 1000.000000000000000 ) ;
#8466 = CARTESIAN_POINT ( 'NONE',  ( 3.690314330835000156, -5.150999830607999819, 1.028796396564999993 ) ) ;
#8467 = AXIS2_PLACEMENT_3D ( 'NONE', #8286, #10033, #7650 ) ;
#8468 = CARTESIAN_POINT ( 'NONE',  ( 3.799694109084000182, -5.150999830607999819, 1.028020636141999899 ) ) ;
#8469 = ORIENTED_EDGE ( 'NONE', *, *, #1320, .F. ) ;
#8470 = CARTESIAN_POINT ( 'NONE',  ( 4.014970564279999543, -5.149999830640999754, 1.026493818694000026 ) ) ;
#8471 = PLANE ( 'NONE',  #10490 ) ;
#8472 = EDGE_LOOP ( 'NONE', ( #2045, #6092, #9128, #9490, #9832, #2257, #1449, #1599 ) ) ;
#8473 = VERTEX_POINT ( 'NONE', #6658 ) ;
#8474 = ORIENTED_EDGE ( 'NONE', *, *, #10293, .F. ) ;
#8475 = LINE ( 'NONE', #9380, #5221 ) ;
#8476 = CARTESIAN_POINT ( 'NONE',  ( 3.485681096449000371, -5.149999830640999754, 0.9109844999659999498 ) ) ;
#8477 = CARTESIAN_POINT ( 'NONE',  ( 1.249999958892999974, 4.944441160745000730, 0.5499999826579999862 ) ) ;
#8478 = FACE_OUTER_BOUND ( 'NONE', #1934, .T. ) ;
#8479 = EDGE_CURVE ( 'NONE', #8248, #4453, #9063, .T. ) ;
#8480 = VERTEX_POINT ( 'NONE', #1611 ) ;
#8481 = DIRECTION ( 'NONE',  ( 0.000000000000000000, 0.000000000000000000, -1.000000000000000000 ) ) ;
#8482 = CARTESIAN_POINT ( 'NONE',  ( 4.048903775893999857, -5.150999830607999819, 0.9069899237199999797 ) ) ;
#8483 = ORIENTED_EDGE ( 'NONE', *, *, #1617, .T. ) ;
#8484 = EDGE_CURVE ( 'NONE', #1562, #1292, #8092, .T. ) ;
#8485 = SURFACE_STYLE_FILL_AREA ( #6949 ) ;
#8486 = ORIENTED_EDGE ( 'NONE', *, *, #7711, .T. ) ;
#8487 = VECTOR ( 'NONE', #3524, 1000.000000000000000 ) ;
#8488 = PLANE ( 'NONE',  #9868 ) ;
#8489 = ORIENTED_EDGE ( 'NONE', *, *, #8155, .T. ) ;
#8490 = CARTESIAN_POINT ( 'NONE',  ( 3.745625446716999374, -5.149999830640999754, 0.8301172953940000321 ) ) ;
#8491 = DIRECTION ( 'NONE',  ( 1.224646799146999945E-16, 1.000000000000000000, 0.000000000000000000 ) ) ;
#8492 = EDGE_CURVE ( 'NONE', #10367, #4549, #1747, .T. ) ;
#8493 = EDGE_CURVE ( 'NONE', #703, #4176, #5740, .T. ) ;
#8494 = VERTEX_POINT ( 'NONE', #9727 ) ;
#8495 = ORIENTED_EDGE ( 'NONE', *, *, #508, .T. ) ;
#8496 = CARTESIAN_POINT ( 'NONE',  ( 3.605138512242000104, -5.150999830607999819, 0.7990883306699999578 ) ) ;
#8497 = ORIENTED_EDGE ( 'NONE', *, *, #10083, .T. ) ;
#8498 = LINE ( 'NONE', #6741, #3240 ) ;
#8499 = MECHANICAL_DESIGN_GEOMETRIC_PRESENTATION_REPRESENTATION (  '', ( #9510 ), #338 ) ;
#8500 = EDGE_LOOP ( 'NONE', ( #1820, #5568, #5863, #1389 ) ) ;
#8501 = CARTESIAN_POINT ( 'NONE',  ( 4.192510610491999579, -5.149999830640999754, 0.7328473713860000904 ) ) ;
#8502 = CARTESIAN_POINT ( 'NONE',  ( 3.897571610713999934, -5.150999830607999819, 1.230708210727000207 ) ) ;
#8503 = CARTESIAN_POINT ( 'NONE',  ( 3.799858552596000028, -5.150999830607999819, 1.051206653775000222 ) ) ;
#8504 = DIRECTION ( 'NONE',  ( 1.000000000000000000, 4.595507503446999644E-17, 0.000000000000000000 ) ) ;
#8505 = CARTESIAN_POINT ( 'NONE',  ( 2.312916507825000245, -5.149999830640999754, 0.8308968711090000125 ) ) ;
#8506 = FACE_OUTER_BOUND ( 'NONE', #1173, .T. ) ;
#8507 =( NAMED_UNIT ( * ) SI_UNIT ( $, .STERADIAN. ) SOLID_ANGLE_UNIT ( ) );
#8508 = EDGE_CURVE ( 'NONE', #1346, #2534, #6528, .T. ) ;
#8509 = ORIENTED_EDGE ( 'NONE', *, *, #9625, .T. ) ;
#8510 = CARTESIAN_POINT ( 'NONE',  ( 3.593774455652000377, -5.150999830607999819, 0.7361580162460000798 ) ) ;
#8511 = FACE_BOUND ( 'NONE', #1732, .T. ) ;
#8512 = DIRECTION ( 'NONE',  ( -0.007092178509965118942, 8.685413711209697322E-19, -0.9999748501857348426 ) ) ;
#8513 = AXIS2_PLACEMENT_3D ( 'NONE', #4555, #2214, #664 ) ;
#8514 = CARTESIAN_POINT ( 'NONE',  ( 3.969272889093999890, -5.149999830640999754, 1.085253785541999916 ) ) ;
#8515 = DIRECTION ( 'NONE',  ( 0.000000000000000000, -1.000000000000000000, 3.329568282906575064E-16 ) ) ;
#8516 = CARTESIAN_POINT ( 'NONE',  ( 5.149999830640999754, -1.249999958892999974, 0.5499999826579999862 ) ) ;
#8517 = VERTEX_POINT ( 'NONE', #7281 ) ;
#8518 = VECTOR ( 'NONE', #4786, 1000.000000000000114 ) ;
#8519 = B_SPLINE_SURFACE_WITH_KNOTS ( 'NONE', 3, 1, ( 
 ( #9901, #2621 ),
 ( #5069, #9225 ),
 ( #1935, #3529 ),
 ( #9951, #7774 ) ),
 .UNSPECIFIED., .F., .F., .F.,
 ( 4, 4 ),
 ( 2, 2 ),
 ( 3.000000000000000000, 4.000000000000000000 ),
 ( 0.000000000000000000, 1.000000000000000000 ),
 .UNSPECIFIED. ) ;
#8520 = EDGE_CURVE ( 'NONE', #895, #5966, #5787, .T. ) ;
#8521 = CARTESIAN_POINT ( 'NONE',  ( 4.043979079612999961, -5.150999830607999819, 1.026288079950999910 ) ) ;
#8522 = ORIENTED_EDGE ( 'NONE', *, *, #95, .T. ) ;
#8523 = ORIENTED_EDGE ( 'NONE', *, *, #3320, .F. ) ;
#8524 = CARTESIAN_POINT ( 'NONE',  ( 4.004642952383999699, -5.149999830640999754, 1.161011141205000152 ) ) ;
#8525 = VECTOR ( 'NONE', #9518, 1000.000000000000114 ) ;
#8526 = ORIENTED_EDGE ( 'NONE', *, *, #7917, .T. ) ;
#8527 = DIRECTION ( 'NONE',  ( 1.224646799146999945E-16, 1.000000000000000000, 0.000000000000000000 ) ) ;
#8528 = CARTESIAN_POINT ( 'NONE',  ( 3.821446569039999908, -5.150999830607999819, 0.6791227954329999150 ) ) ;
#8529 = B_SPLINE_CURVE_WITH_KNOTS ( 'NONE', 3,
 ( #8145, #6504, #963, #66 ),
 .UNSPECIFIED., .F., .F.,
 ( 4, 4 ),
 ( 9.000000000000000000, 10.00000000000000000 ),
 .UNSPECIFIED. ) ;
#8530 = CARTESIAN_POINT ( 'NONE',  ( 3.513523021490000176, -5.149999830640999754, 0.7462932011560000634 ) ) ;
#8531 = EDGE_CURVE ( 'NONE', #9114, #4497, #4307, .T. ) ;
#8532 = CARTESIAN_POINT ( 'NONE',  ( -6.308155454961998958E-16, -5.150999830607999819, 0.04999999910078999771 ) ) ;
#8533 = CARTESIAN_POINT ( 'NONE',  ( 0.000000000000000000, 0.000000000000000000, 1.049999966214999914 ) ) ;
#8534 = SHAPE_REPRESENTATION_RELATIONSHIP ( 'NONE' , 'NONE' ,  #5061, #1581 ) ;
#8535 = EDGE_CURVE ( 'NONE', #690, #3001, #4994, .T. ) ;
#8536 = VECTOR ( 'NONE', #9606, 1000.000000000000000 ) ;
#8537 = VERTEX_POINT ( 'NONE', #2538 ) ;
#8538 = CARTESIAN_POINT ( 'NONE',  ( 3.527966885400999786, -5.150999830607999819, 1.206815086515000024 ) ) ;
#8539 = VECTOR ( 'NONE', #9964, 1000.000000000000000 ) ;
#8540 = CARTESIAN_POINT ( 'NONE',  ( 3.407015432310999792, -5.150999830607999819, 0.8881472841990000200 ) ) ;
#8541 = VERTEX_POINT ( 'NONE', #7926 ) ;
#8542 = VECTOR ( 'NONE', #8811, 1000.000000000000000 ) ;
#8543 =( NAMED_UNIT ( * ) PLANE_ANGLE_UNIT ( ) SI_UNIT ( $, .RADIAN. ) );
#8544 = ORIENTED_EDGE ( 'NONE', *, *, #3242, .F. ) ;
#8545 = CARTESIAN_POINT ( 'NONE',  ( 3.916289671216999224, -5.150999830607999819, 0.8498065428600000137 ) ) ;
#8546 = ORIENTED_EDGE ( 'NONE', *, *, #8155, .F. ) ;
#8547 = MECHANICAL_DESIGN_GEOMETRIC_PRESENTATION_REPRESENTATION (  '', ( #1231 ), #2087 ) ;
#8548 = CARTESIAN_POINT ( 'NONE',  ( 3.733381684379999843, -5.149999830640999754, 0.8337393982370000511 ) ) ;
#8549 = COLOUR_RGB ( '',1.000000000000000000, 1.000000000000000000, 1.000000000000000000 ) ;
#8550 = LINE ( 'NONE', #2955, #6151 ) ;
#8551 = VECTOR ( 'NONE', #7127, 1000.000000000000000 ) ;
#8552 = EDGE_LOOP ( 'NONE', ( #5871, #4748, #5063, #10072 ) ) ;
#8553 = EDGE_LOOP ( 'NONE', ( #9289, #6466, #3201, #4845 ) ) ;
#8554 = SURFACE_SIDE_STYLE ('',( #6904 ) ) ;
#8555 = ORIENTED_EDGE ( 'NONE', *, *, #8842, .F. ) ;
#8556 = CARTESIAN_POINT ( 'NONE',  ( 3.790111635170000159, -5.149999830640999754, 1.142984734057999940 ) ) ;
#8557 = B_SPLINE_CURVE_WITH_KNOTS ( 'NONE', 3,
 ( #2980, #8631, #2881, #6211 ),
 .UNSPECIFIED., .F., .F.,
 ( 4, 4 ),
 ( 2.000000000000000000, 3.000000000000000000 ),
 .UNSPECIFIED. ) ;
#8558 = CARTESIAN_POINT ( 'NONE',  ( 4.103413047115000545, -5.149999830640999754, 1.189008667740999892 ) ) ;
#8559 = DIRECTION ( 'NONE',  ( 0.000000000000000000, 0.000000000000000000, 1.000000000000000000 ) ) ;
#8560 = EDGE_CURVE ( 'NONE', #8440, #3295, #7737, .T. ) ;
#8561 = CARTESIAN_POINT ( 'NONE',  ( 3.154788024921999945, -5.150999830607999819, 1.075088098221999910 ) ) ;
#8562 = CARTESIAN_POINT ( 'NONE',  ( 2.871463794558000160, -5.149999830640999754, 1.292555029307000058 ) ) ;
#8563 = B_SPLINE_CURVE_WITH_KNOTS ( 'NONE', 3,
 ( #6537, #7295, #4098, #6329 ),
 .UNSPECIFIED., .F., .F.,
 ( 4, 4 ),
 ( 0.000000000000000000, 1.000000000000000000 ),
 .UNSPECIFIED. ) ;
#8564 = PRESENTATION_LAYER_ASSIGNMENT (  '', '', ( #7175 ) ) ;
#8565 = DIRECTION ( 'NONE',  ( -1.000000000000000000, 1.224646799146999945E-16, 0.000000000000000000 ) ) ;
#8566 = FACE_OUTER_BOUND ( 'NONE', #7033, .T. ) ;
#8567 = EDGE_LOOP ( 'NONE', ( #7696, #8955, #2937, #4019 ) ) ;
#8568 = DIRECTION ( 'NONE',  ( -0.9999748501857341765, 0.000000000000000000, 0.007092178510053120596 ) ) ;
#8569 = PLANE ( 'NONE',  #3560 ) ;
#8570 = CARTESIAN_POINT ( 'NONE',  ( 4.225613530116000049, -5.150999830607999819, 0.7308449608110000328 ) ) ;
#8571 = CARTESIAN_POINT ( 'NONE',  ( 2.561179156617999997, -5.149999830640999754, 1.174735726246999956 ) ) ;
#8572 =( NAMED_UNIT ( * ) SI_UNIT ( $, .STERADIAN. ) SOLID_ANGLE_UNIT ( ) );
#8573 = LINE ( 'NONE', #4422, #1457 ) ;
#8574 = EDGE_CURVE ( 'NONE', #1462, #6856, #9039, .T. ) ;
#8575 = EDGE_LOOP ( 'NONE', ( #8869, #8544, #4644, #3590 ) ) ;
#8576 = EDGE_CURVE ( 'NONE', #3469, #7072, #9821, .T. ) ;
#8577 =( NAMED_UNIT ( * ) PLANE_ANGLE_UNIT ( ) SI_UNIT ( $, .RADIAN. ) );
#8578 = B_SPLINE_CURVE_WITH_KNOTS ( 'NONE', 3,
 ( #2602, #8407, #9149, #1859 ),
 .UNSPECIFIED., .F., .F.,
 ( 4, 4 ),
 ( 4.000000000000000000, 5.000000000000000000 ),
 .UNSPECIFIED. ) ;
#8579 = LINE ( 'NONE', #6462, #2356 ) ;
#8580 = ORIENTED_EDGE ( 'NONE', *, *, #4771, .F. ) ;
#8581 = VERTEX_POINT ( 'NONE', #2251 ) ;
#8582 = ORIENTED_EDGE ( 'NONE', *, *, #7840, .F. ) ;
#8583 = CARTESIAN_POINT ( 'NONE',  ( 2.468966427038000067, -5.150999830607999819, 0.8138839282250001084 ) ) ;
#8584 = CARTESIAN_POINT ( 'NONE',  ( 2.995282267205999993, -5.149999830640999754, 1.216483638880999862 ) ) ;
#8585 = B_SPLINE_CURVE_WITH_KNOTS ( 'NONE', 3,
 ( #10442, #4780, #6408, #9710 ),
 .UNSPECIFIED., .F., .F.,
 ( 4, 4 ),
 ( 1.000000000000000000, 2.000000000000000000 ),
 .UNSPECIFIED. ) ;
#8586 = CARTESIAN_POINT ( 'NONE',  ( 3.944150803854999499, -5.150999830607999819, 0.9077328691820000239 ) ) ;
#8587 = CARTESIAN_POINT ( 'NONE',  ( 4.149965700284000469, -5.149999830640999754, 0.9062731564849999533 ) ) ;
#8588 = CARTESIAN_POINT ( 'NONE',  ( 3.717217219562000352, -5.150999830607999819, 1.120210564940000042 ) ) ;
#8589 = EDGE_CURVE ( 'NONE', #9344, #10006, #8015, .T. ) ;
#8590 = ORIENTED_EDGE ( 'NONE', *, *, #8733, .T. ) ;
#8591 = EDGE_CURVE ( 'NONE', #4146, #2803, #9875, .T. ) ;
#8592 = CARTESIAN_POINT ( 'NONE',  ( 3.508226358594000338, -5.149999830640999754, 1.186991239953000044 ) ) ;
#8593 = CARTESIAN_POINT ( 'NONE',  ( 3.019791546220999656, -5.150999830607999819, 0.7984090478490000198 ) ) ;
#8594 = VERTEX_POINT ( 'NONE', #3041 ) ;
#8595 = SURFACE_SIDE_STYLE ('',( #8485 ) ) ;
#8596 = ORIENTED_EDGE ( 'NONE', *, *, #2447, .T. ) ;
#8597 = SURFACE_STYLE_USAGE ( .BOTH. , #3856 ) ;
#8598 = DIRECTION ( 'NONE',  ( -0.9999748501857347316, 1.224615999507674915E-16, 0.007092178509984118501 ) ) ;
#8599 = DIRECTION ( 'NONE',  ( -0.9370112956729254039, 1.147507884010908862E-16, -0.3492990578019722903 ) ) ;
#8600 = DIRECTION ( 'NONE',  ( 1.224646799146999945E-16, 1.000000000000000000, 0.000000000000000000 ) ) ;
#8601 = CARTESIAN_POINT ( 'NONE',  ( 3.969272889093999890, -5.149999830640999754, 1.085253785541999916 ) ) ;
#8602 = ORIENTED_EDGE ( 'NONE', *, *, #1917, .F. ) ;
#8603 = ADVANCED_FACE ( 'NONE', ( #144 ), #8930, .T. ) ;
#8604 = VERTEX_POINT ( 'NONE', #1641 ) ;
#8605 = EDGE_CURVE ( 'NONE', #5070, #2788, #829, .T. ) ;
#8606 = PRESENTATION_LAYER_ASSIGNMENT (  '', '', ( #4357 ) ) ;
#8607 = EDGE_LOOP ( 'NONE', ( #5311, #9460, #1624, #7059 ) ) ;
#8608 = LINE ( 'NONE', #2859, #534 ) ;
#8609 = CARTESIAN_POINT ( 'NONE',  ( 3.383216322691000144, -5.150999830607999819, 1.234356201993000113 ) ) ;
#8610 = CARTESIAN_POINT ( 'NONE',  ( 3.894058247552000029, -5.149999830640999754, 1.050538555919999784 ) ) ;
#8611 = UNCERTAINTY_MEASURE_WITH_UNIT (LENGTH_MEASURE( 1.000000000000000082E-05 ), #1640, 'distance_accuracy_value', 'NONE');
#8612 = MECHANICAL_DESIGN_GEOMETRIC_PRESENTATION_REPRESENTATION (  '', ( #9621 ), #3002 ) ;
#8613 = DIRECTION ( 'NONE',  ( -0.9999748501857348426, 0.000000000000000000, 0.007092178509961118670 ) ) ;
#8614 = EDGE_CURVE ( 'NONE', #5511, #8152, #10001, .T. ) ;
#8615 = EDGE_CURVE ( 'NONE', #7239, #5029, #4895, .T. ) ;
#8616 = COLOUR_RGB ( '',1.000000000000000000, 1.000000000000000000, 1.000000000000000000 ) ;
#8617 = CARTESIAN_POINT ( 'NONE',  ( 3.756616741260999870, -5.149999830640999754, 0.8478196481659999728 ) ) ;
#8618 = EDGE_CURVE ( 'NONE', #703, #4193, #2904, .T. ) ;
#8619 = CARTESIAN_POINT ( 'NONE',  ( 3.703658988564999532, -5.149999830640999754, 0.7698995058010000836 ) ) ;
#8620 = EDGE_LOOP ( 'NONE', ( #3004, #2578, #815, #1361 ) ) ;
#8621 = CARTESIAN_POINT ( 'NONE',  ( 2.528773455554000016, -5.150999830607999819, 1.091096276592999903 ) ) ;
#8622 =( NAMED_UNIT ( * ) PLANE_ANGLE_UNIT ( ) SI_UNIT ( $, .RADIAN. ) );
#8623 = FACE_OUTER_BOUND ( 'NONE', #2778, .T. ) ;
#8624 = CARTESIAN_POINT ( 'NONE',  ( 3.528397468373999590, -5.150999830607999819, 0.8423677292760000102 ) ) ;
#8625 = SURFACE_SIDE_STYLE ('',( #4634 ) ) ;
#8626 = CARTESIAN_POINT ( 'NONE',  ( 2.528773455554000016, -5.150999830607999819, 1.091096276592999903 ) ) ;
#8627 = EDGE_CURVE ( 'NONE', #6387, #5916, #3392, .T. ) ;
#8628 = EDGE_CURVE ( 'NONE', #4799, #7229, #8706, .T. ) ;
#8629 = VERTEX_POINT ( 'NONE', #1855 ) ;
#8630 = AXIS2_PLACEMENT_3D ( 'NONE', #9349, #6963, #2067 ) ;
#8631 = CARTESIAN_POINT ( 'NONE',  ( 3.734576994400999883, -5.150999830607999819, 0.7530436797489999945 ) ) ;
#8632 = CARTESIAN_POINT ( 'NONE',  ( 3.726515381758999990, -5.150999830607999819, 0.7232590538509999778 ) ) ;
#8633 = VERTEX_POINT ( 'NONE', #9981 ) ;
#8634 = ORIENTED_EDGE ( 'NONE', *, *, #8175, .F. ) ;
#8635 = FACE_OUTER_BOUND ( 'NONE', #10332, .T. ) ;
#8636 = CARTESIAN_POINT ( 'NONE',  ( 3.593283025510999984, -5.150999830607999819, 1.026053289904000021 ) ) ;
#8637 = EDGE_LOOP ( 'NONE', ( #7972, #2471, #8387, #8870 ) ) ;
#8638 = CARTESIAN_POINT ( 'NONE',  ( 3.973219440545999959, -5.150999830607999819, 1.055280015054000042 ) ) ;
#8640 = CARTESIAN_POINT ( 'NONE',  ( 4.999999835572999984, -6.123233794371999481E-16, 34.19213450005700139 ) ) ;
#8639 = MECHANICAL_DESIGN_GEOMETRIC_PRESENTATION_REPRESENTATION (  '', ( #1831 ), #3358 ) ;
#8641 = MECHANICAL_DESIGN_GEOMETRIC_PRESENTATION_REPRESENTATION (  '', ( #2681 ), #5795 ) ;
#8642 = LINE ( 'NONE', #390, #5994 ) ;
#8643 = VERTEX_POINT ( 'NONE', #8337 ) ;
#8644 = CARTESIAN_POINT ( 'NONE',  ( 3.605000615663999763, -5.150999830607999819, 0.7796453472739999224 ) ) ;
#8645 = AXIS2_PLACEMENT_3D ( 'NONE', #2667, #9324, #2035 ) ;
#8646 = LINE ( 'NONE', #4820, #4185 ) ;
#8647 = EDGE_LOOP ( 'NONE', ( #3880, #8251, #5201, #2655, #7217, #6955 ) ) ;
#8648 = DIRECTION ( 'NONE',  ( 1.224646799146999945E-16, 1.000000000000000000, 0.000000000000000000 ) ) ;
#8649 = ORIENTED_EDGE ( 'NONE', *, *, #4729, .T. ) ;
#8650 = DIRECTION ( 'NONE',  ( 0.000000000000000000, 0.000000000000000000, 1.000000000000000000 ) ) ;
#8651 = CARTESIAN_POINT ( 'NONE',  ( 3.889880485214999961, -5.150999830607999819, 0.8499938462320000276 ) ) ;
#8652 = EDGE_CURVE ( 'NONE', #8656, #4023, #6100, .T. ) ;
#8653 = CARTESIAN_POINT ( 'NONE',  ( 2.633835545335000194, -5.149999830640999754, 0.8170526218750000513 ) ) ;
#8654 = LINE ( 'NONE', #6090, #7018 ) ;
#8655 = DIRECTION ( 'NONE',  ( 0.9999748501857348426, -1.224615999507675655E-16, -0.007092178509962118738 ) ) ;
#8656 = VERTEX_POINT ( 'NONE', #8503 ) ;
#8657 = ORIENTED_EDGE ( 'NONE', *, *, #2887, .T. ) ;
#8658 = VECTOR ( 'NONE', #2628, 1000.000000000000114 ) ;
#8659 = CARTESIAN_POINT ( 'NONE',  ( 3.605306642827999841, -5.149999830640999754, 0.8227942141690000044 ) ) ;
#8660 = EDGE_CURVE ( 'NONE', #1908, #5571, #10141, .T. ) ;
#8661 = ORIENTED_EDGE ( 'NONE', *, *, #4613, .T. ) ;
#8662 = DIRECTION ( 'NONE',  ( 1.224646799146999945E-16, 1.000000000000000000, 0.000000000000000000 ) ) ;
#8663 = LINE ( 'NONE', #464, #3728 ) ;
#8664 = SURFACE_STYLE_FILL_AREA ( #6195 ) ;
#8665 = DIRECTION ( 'NONE',  ( 1.224646799146999945E-16, 1.000000000000000000, 0.000000000000000000 ) ) ;
#8666 = CARTESIAN_POINT ( 'NONE',  ( 2.528773455554000016, -5.149999830640999754, 1.091096276592999903 ) ) ;
#8667 = CARTESIAN_POINT ( 'NONE',  ( 2.466833330998999596, -5.149999830640999754, 0.7170154720239999557 ) ) ;
#8668 = CARTESIAN_POINT ( 'NONE',  ( 3.551492767735000111, -5.149999830640999754, 0.7267879015639999718 ) ) ;
#8669 = ORIENTED_EDGE ( 'NONE', *, *, #4263, .T. ) ;
#8670 = FILL_AREA_STYLE_COLOUR ( '', #8044 ) ;
#8671 = FACE_BOUND ( 'NONE', #2994, .T. ) ;
#8672 = CARTESIAN_POINT ( 'NONE',  ( 2.418522233773000352, -5.150999830607999819, 0.8373780778049999540 ) ) ;
#8673 = CARTESIAN_POINT ( 'NONE',  ( 2.572305696702999800, -5.149999830640999754, 0.7046991371530000325 ) ) ;
#8674 = CARTESIAN_POINT ( 'NONE',  ( 3.954923132601000368, -5.150999830607999819, 1.187774286336999996 ) ) ;
#8675 = PLANE ( 'NONE',  #10285 ) ;
#8676 = EDGE_CURVE ( 'NONE', #5204, #1234, #2699, .T. ) ;
#8677 = ORIENTED_EDGE ( 'NONE', *, *, #4761, .F. ) ;
#8678 = CARTESIAN_POINT ( 'NONE',  ( 3.691612485860000348, -5.150999830607999819, 0.8086649099060000401 ) ) ;
#8679 = ORIENTED_EDGE ( 'NONE', *, *, #2601, .F. ) ;
#8680 = EDGE_LOOP ( 'NONE', ( #5907, #8197, #3387, #7419 ) ) ;
#8681 = CARTESIAN_POINT ( 'NONE',  ( 3.405903410716000224, -5.150999830607999819, 0.7313557389520000118 ) ) ;
#8682 = CARTESIAN_POINT ( 'NONE',  ( 3.523609942859000199, -5.150999830607999819, 1.054309669938999994 ) ) ;
#8683 = EDGE_LOOP ( 'NONE', ( #4880, #8971, #1077, #7923 ) ) ;
#8684 = CARTESIAN_POINT ( 'NONE',  ( 3.976819062679000538, -5.150999830607999819, 1.130326892396000149 ) ) ;
#8685 = LINE ( 'NONE', #3094, #5143 ) ;
#8686 = CARTESIAN_POINT ( 'NONE',  ( 2.602670668108999941, -5.149999830640999754, 0.7044837779389999666 ) ) ;
#8687 = LINE ( 'NONE', #1288, #2914 ) ;
#8688 = FILL_AREA_STYLE ('',( #7831 ) ) ;
#8689 = AXIS2_PLACEMENT_3D ( 'NONE', #1300, #10381, #2114 ) ;
#8690 = PRESENTATION_LAYER_ASSIGNMENT (  '', '', ( #5465 ) ) ;
#8691 = ORIENTED_EDGE ( 'NONE', *, *, #8877, .F. ) ;
#8692 = CARTESIAN_POINT ( 'NONE',  ( 3.746256641338999938, -5.150999830607999819, 0.7138649639030000271 ) ) ;
#8693 = B_SPLINE_CURVE_WITH_KNOTS ( 'NONE', 3,
 ( #10343, #5533, #1423, #3126 ),
 .UNSPECIFIED., .F., .F.,
 ( 4, 4 ),
 ( 2.000000000000000000, 3.000000000000000000 ),
 .UNSPECIFIED. ) ;
#8694 = AXIS2_PLACEMENT_3D ( 'NONE', #5398, #547, #2197 ) ;
#8696 = AXIS2_PLACEMENT_3D ( 'NONE', #2707, #9207, #8409 ) ;
#8695 = CARTESIAN_POINT ( 'NONE',  ( -2.249999926008000362, -0.4499999852019999635, 0.3499999892349999753 ) ) ;
#8697 = ORIENTED_EDGE ( 'NONE', *, *, #9364, .T. ) ;
#8698 = CARTESIAN_POINT ( 'NONE',  ( 4.168954833848999897, -5.149999830640999754, 1.025401707300000131 ) ) ;
#8699 = CARTESIAN_POINT ( 'NONE',  ( 2.901090310399999872, -5.150999830607999819, 0.7804525698739999129 ) ) ;
#8700 = CARTESIAN_POINT ( 'NONE',  ( 3.734620148253999794, -5.150999830607999819, 0.8544223168560000081 ) ) ;
#8701 = AXIS2_PLACEMENT_3D ( 'NONE', #2381, #8158, #3976 ) ;
#8702 = CARTESIAN_POINT ( 'NONE',  ( -4.399999855305000374, -4.399999855305000374, 1.049999966214999914 ) ) ;
#8703 = DIRECTION ( 'NONE',  ( -0.9999748501857348426, 0.000000000000000000, 0.007092178509967119078 ) ) ;
#8704 = AXIS2_PLACEMENT_3D ( 'NONE', #7190, #1646, #835 ) ;
#8705 = CARTESIAN_POINT ( 'NONE',  ( 3.001148079577999894, -5.149999830640999754, 1.024120916380999891 ) ) ;
#8706 = CIRCLE ( 'NONE', #205, 5.099999832285000423 ) ;
#8707 = PRESENTATION_LAYER_ASSIGNMENT (  '', '', ( #9041 ) ) ;
#8708 = DIRECTION ( 'NONE',  ( 1.224646799146999945E-16, 1.000000000000000000, 0.000000000000000000 ) ) ;
#8709 = VECTOR ( 'NONE', #6218, 1000.000000000000000 ) ;
#8710 = EDGE_LOOP ( 'NONE', ( #5062, #852, #84, #1417 ) ) ;
#8711 = ORIENTED_EDGE ( 'NONE', *, *, #932, .T. ) ;
#8712 = EDGE_CURVE ( 'NONE', #3397, #7203, #9352, .T. ) ;
#8713 = ADVANCED_FACE ( 'NONE', ( #6002 ), #4247, .F. ) ;
#8714 = LINE ( 'NONE', #8057, #8016 ) ;
#8715 = PRESENTATION_LAYER_ASSIGNMENT (  '', '', ( #551 ) ) ;
#8716 = ORIENTED_EDGE ( 'NONE', *, *, #4609, .F. ) ;
#8717 = VECTOR ( 'NONE', #1718, 1000.000000000000000 ) ;
#8718 = LINE ( 'NONE', #669, #8003 ) ;
#8719 = ADVANCED_FACE ( 'NONE', ( #4354 ), #4408, .F. ) ;
#8720 = CARTESIAN_POINT ( 'NONE',  ( 2.422090907327000053, -5.150999830607999819, 0.7289009781499999896 ) ) ;
#8721 = B_SPLINE_SURFACE_WITH_KNOTS ( 'NONE', 3, 1, ( 
 ( #9699, #2432 ),
 ( #2478, #8917 ),
 ( #7368, #3267 ),
 ( #71, #8965 ) ),
 .UNSPECIFIED., .F., .F., .F.,
 ( 4, 4 ),
 ( 2, 2 ),
 ( 2.000000000000000000, 3.000000000000000000 ),
 ( 0.000000000000000000, 1.000000000000000000 ),
 .UNSPECIFIED. ) ;
#8722 = PLANE ( 'NONE',  #1981 ) ;
#8723 = VECTOR ( 'NONE', #10324, 1000.000000000000000 ) ;
#8724 = B_SPLINE_CURVE_WITH_KNOTS ( 'NONE', 3,
 ( #9453, #4616, #2121, #1309 ),
 .UNSPECIFIED., .F., .F.,
 ( 4, 4 ),
 ( 3.000000000000000000, 4.000000000000000000 ),
 .UNSPECIFIED. ) ;
#8725 = LINE ( 'NONE', #6197, #5977 ) ;
#8726 = AXIS2_PLACEMENT_3D ( 'NONE', #3369, #5771, #10395 ) ;
#8727 = EDGE_CURVE ( 'NONE', #7453, #3176, #9146, .T. ) ;
#8728 = COLOUR_RGB ( '',0.2470588235294117752, 0.2470588235294117752, 0.2470588235294117752 ) ;
#8729 = DIRECTION ( 'NONE',  ( -0.9999748501857348426, 1.224615999507675655E-16, 0.007092178509962118738 ) ) ;
#8730 = EDGE_CURVE ( 'NONE', #7189, #5820, #8871, .T. ) ;
#8731 = PLANE ( 'NONE',  #2063 ) ;
#8732 = CARTESIAN_POINT ( 'NONE',  ( 3.896365960637999670, -5.150999830607999819, 1.207321620896999903 ) ) ;
#8733 = EDGE_CURVE ( 'NONE', #6252, #8258, #1967, .T. ) ;
#8734 = ORIENTED_EDGE ( 'NONE', *, *, #7186, .T. ) ;
#8735 = FACE_OUTER_BOUND ( 'NONE', #6142, .T. ) ;
#8736 = FACE_BOUND ( 'NONE', #1257, .T. ) ;
#8737 = DIRECTION ( 'NONE',  ( 1.000000000000000000, -1.224646799146999945E-16, 0.000000000000000000 ) ) ;
#8738 = CARTESIAN_POINT ( 'NONE',  ( 2.561179156617999997, -5.150999830607999819, 1.174735726246999956 ) ) ;
#8739 = CARTESIAN_POINT ( 'NONE',  ( 2.605255006645999849, -5.150999830607999819, 1.068863489782999832 ) ) ;
#8740 =( GEOMETRIC_REPRESENTATION_CONTEXT ( 3 ) GLOBAL_UNCERTAINTY_ASSIGNED_CONTEXT ( ( #9255 ) ) GLOBAL_UNIT_ASSIGNED_CONTEXT ( ( #9359, #9261, #4523 ) ) REPRESENTATION_CONTEXT ( 'NONE', 'WORKASPACE' ) );
#8741 = LINE ( 'NONE', #1431, #8551 ) ;
#8742 = ORIENTED_EDGE ( 'NONE', *, *, #9184, .F. ) ;
#8743 = FILL_AREA_STYLE_COLOUR ( '', #4960 ) ;
#8744 = B_SPLINE_CURVE_WITH_KNOTS ( 'NONE', 3,
 ( #10463, #4043, #8129, #5796 ),
 .UNSPECIFIED., .F., .F.,
 ( 4, 4 ),
 ( 12.00000000000000000, 13.00000000000000000 ),
 .UNSPECIFIED. ) ;
#8745 = ORIENTED_EDGE ( 'NONE', *, *, #7711, .F. ) ;
#8746 = ORIENTED_EDGE ( 'NONE', *, *, #1268, .F. ) ;
#8747 = CARTESIAN_POINT ( 'NONE',  ( 4.116923955923000200, -5.149999830640999754, 0.7263129274960000714 ) ) ;
#8748 = FACE_OUTER_BOUND ( 'NONE', #8637, .T. ) ;
#8749 = ORIENTED_EDGE ( 'NONE', *, *, #3422, .F. ) ;
#8750 = CARTESIAN_POINT ( 'NONE',  ( 3.691653781092000042, -5.150999830607999819, 0.8144874076079999803 ) ) ;
#8751 = CARTESIAN_POINT ( 'NONE',  ( 3.124699917163999974, -5.149999830640999754, 0.9104548214489999181 ) ) ;
#8752 = CARTESIAN_POINT ( 'NONE',  ( 2.799166256723000235, -5.149999830640999754, 1.293067789246999943 ) ) ;
#8753 = EDGE_CURVE ( 'NONE', #721, #5207, #6191, .T. ) ;
#8754 = CARTESIAN_POINT ( 'NONE',  ( 3.601107883891999872, -5.150999830607999819, 0.7439043851989999290 ) ) ;
#8755 = DIRECTION ( 'NONE',  ( 1.000000000000000000, 0.000000000000000000, 0.000000000000000000 ) ) ;
#8756 = LINE ( 'NONE', #1397, #6991 ) ;
#8757 = VERTEX_POINT ( 'NONE', #7647 ) ;
#8758 = ORIENTED_EDGE ( 'NONE', *, *, #6196, .T. ) ;
#8759 = CARTESIAN_POINT ( 'NONE',  ( 3.706500545910000000, -5.150999830607999819, 0.7234010062100000304 ) ) ;
#8760 = DIRECTION ( 'NONE',  ( 0.9999748501857348426, -1.224615999507675655E-16, -0.007092178509960119469 ) ) ;
#8761 = VERTEX_POINT ( 'NONE', #5213 ) ;
#8762 = EDGE_CURVE ( 'NONE', #5457, #9513, #358, .T. ) ;
#8763 = LINE ( 'NONE', #1403, #2439 ) ;
#8764 = SURFACE_STYLE_USAGE ( .BOTH. , #7211 ) ;
#8765 = FACE_OUTER_BOUND ( 'NONE', #8552, .T. ) ;
#8766 = CARTESIAN_POINT ( 'NONE',  ( 3.672447498579999969, -5.150999830607999819, 0.7893568734279999832 ) ) ;
#8767 = CARTESIAN_POINT ( 'NONE',  ( 3.976819062679000538, -5.149999830640999754, 1.130326892396000149 ) ) ;
#8768 = ORIENTED_EDGE ( 'NONE', *, *, #1682, .F. ) ;
#8769 = ORIENTED_EDGE ( 'NONE', *, *, #8950, .T. ) ;
#8770 = EDGE_CURVE ( 'NONE', #8302, #6956, #10365, .T. ) ;
#8771 = DIRECTION ( 'NONE',  ( 0.000000000000000000, 0.000000000000000000, -1.000000000000000000 ) ) ;
#8772 = ORIENTED_EDGE ( 'NONE', *, *, #1894, .T. ) ;
#8773 = LINE ( 'NONE', #4674, #6232 ) ;
#8774 =( LENGTH_UNIT ( ) NAMED_UNIT ( * ) SI_UNIT ( .MILLI., .METRE. ) );
#8775 = CARTESIAN_POINT ( 'NONE',  ( 3.578504428634000423, -5.150999830607999819, 0.8555295452540000456 ) ) ;
#8776 = PLANE ( 'NONE',  #8726 ) ;
#8777 = CARTESIAN_POINT ( 'NONE',  ( 3.725894866888000312, -5.149999830640999754, 0.7603837447229999658 ) ) ;
#8778 = VERTEX_POINT ( 'NONE', #9305 ) ;
#8779 = CARTESIAN_POINT ( 'NONE',  ( 2.901090310399999872, -5.150999830607999819, 0.7804525698739999129 ) ) ;
#8780 = LINE ( 'NONE', #4739, #4921 ) ;
#8781 = CARTESIAN_POINT ( 'NONE',  ( 3.213528513388999919, -5.150999830607999819, 0.9980322281830000808 ) ) ;
#8782 = CARTESIAN_POINT ( 'NONE',  ( 4.107465053533000621, -5.149999830640999754, 1.203224970711000097 ) ) ;
#8783 = EDGE_CURVE ( 'NONE', #3066, #3202, #2016, .T. ) ;
#8784 = EDGE_CURVE ( 'NONE', #1847, #9314, #417, .T. ) ;
#8785 = CARTESIAN_POINT ( 'NONE',  ( 3.525779384859999865, -5.150999830607999819, 1.154945377828999975 ) ) ;
#8786 = CARTESIAN_POINT ( 'NONE',  ( 3.012715674600999982, -5.150999830607999819, 1.024038874869000137 ) ) ;
#8787 = ORIENTED_EDGE ( 'NONE', *, *, #9679, .F. ) ;
#8788 = FACE_OUTER_BOUND ( 'NONE', #969, .T. ) ;
#8789 =( GEOMETRIC_REPRESENTATION_CONTEXT ( 3 ) GLOBAL_UNCERTAINTY_ASSIGNED_CONTEXT ( ( #1547 ) ) GLOBAL_UNIT_ASSIGNED_CONTEXT ( ( #10374, #1564, #10325 ) ) REPRESENTATION_CONTEXT ( 'NONE', 'WORKASPACE' ) );
#8790 = B_SPLINE_CURVE_WITH_KNOTS ( 'NONE', 3,
 ( #5869, #966, #10065, #1775 ),
 .UNSPECIFIED., .F., .F.,
 ( 4, 4 ),
 ( 6.000000000000000000, 7.000000000000000000 ),
 .UNSPECIFIED. ) ;
#8791 = ORIENTED_EDGE ( 'NONE', *, *, #5149, .T. ) ;
#8792 = ORIENTED_EDGE ( 'NONE', *, *, #5179, .T. ) ;
#8793 = DIRECTION ( 'NONE',  ( 4.595507503446999644E-17, -1.000000000000000000, 0.000000000000000000 ) ) ;
#8794 =( NAMED_UNIT ( * ) PLANE_ANGLE_UNIT ( ) SI_UNIT ( $, .RADIAN. ) );
#8795 = EDGE_CURVE ( 'NONE', #8480, #6513, #2068, .T. ) ;
#8796 = ORIENTED_EDGE ( 'NONE', *, *, #9438, .T. ) ;
#8797 = CARTESIAN_POINT ( 'NONE',  ( 3.124699917163999974, -5.150999830607999819, 0.9104548214489999181 ) ) ;
#8798 = DIRECTION ( 'NONE',  ( 0.007092178509962118738, -8.685413711206696723E-19, 0.9999748501857348426 ) ) ;
#8799 = CARTESIAN_POINT ( 'NONE',  ( 2.990298348472000267, -5.150999830607999819, 1.125419510863000072 ) ) ;
#8800 = UNCERTAINTY_MEASURE_WITH_UNIT (LENGTH_MEASURE( 1.000000000000000082E-05 ), #3168, 'distance_accuracy_value', 'NONE');
#8801 = VECTOR ( 'NONE', #4084, 1000.000000000000114 ) ;
#8802 = CARTESIAN_POINT ( 'NONE',  ( 3.757227655813999867, -5.149999830640999754, 0.7213775769910000246 ) ) ;
#8803 = DIRECTION ( 'NONE',  ( 1.000000000000000000, -1.224646799146999945E-16, 0.000000000000000000 ) ) ;
#8804 = EDGE_LOOP ( 'NONE', ( #1438, #244, #4484, #1458, #9007, #9078, #2361, #5725, #10189, #3814, #1623, #7671 ) ) ;
#8805 = ORIENTED_EDGE ( 'NONE', *, *, #4165, .T. ) ;
#8806 = CARTESIAN_POINT ( 'NONE',  ( 4.205047854657999906, -5.149999830640999754, 0.7119627721260000097 ) ) ;
#8807 = CARTESIAN_POINT ( 'NONE',  ( 3.700839918890999947, -5.149999830640999754, 0.7975777549139999589 ) ) ;
#8808 = ORIENTED_EDGE ( 'NONE', *, *, #8324, .F. ) ;
#8809 = COLOUR_RGB ( '',1.000000000000000000, 1.000000000000000000, 1.000000000000000000 ) ;
#8810 = CARTESIAN_POINT ( 'NONE',  ( 3.864529866352000020, -5.150999830607999819, 1.050747981738000103 ) ) ;
#8811 = DIRECTION ( 'NONE',  ( 1.224646799146999945E-16, 1.000000000000000000, 0.000000000000000000 ) ) ;
#8812 = CARTESIAN_POINT ( 'NONE',  ( 3.717844022184999986, -5.150999830607999819, 1.208587762195000082 ) ) ;
#8813 = CARTESIAN_POINT ( 'NONE',  ( 4.042505724740999895, -5.150999830607999819, 0.8185496798160000198 ) ) ;
#8814 = CARTESIAN_POINT ( 'NONE',  ( 2.485220485641999932, -5.150999830607999819, 0.6590441241509998882 ) ) ;
#8815 = CARTESIAN_POINT ( 'NONE',  ( 0.000000000000000000, 0.000000000000000000, 2.049999933330000079 ) ) ;
#8816 = CARTESIAN_POINT ( 'NONE',  ( 3.954669080421999716, -5.150999830607999819, 1.071320276524999837 ) ) ;
#8817 = VECTOR ( 'NONE', #675, 1000.000000000000114 ) ;
#8818 = ORIENTED_EDGE ( 'NONE', *, *, #6361, .T. ) ;
#8819 = EDGE_CURVE ( 'NONE', #7529, #4442, #9928, .T. ) ;
#8820 = ORIENTED_EDGE ( 'NONE', *, *, #4223, .T. ) ;
#8821 = CARTESIAN_POINT ( 'NONE',  ( 3.681927869545999599, -5.149999830640999754, 0.8432544265400000461 ) ) ;
#8822 = ORIENTED_EDGE ( 'NONE', *, *, #8063, .T. ) ;
#8823 = SURFACE_STYLE_FILL_AREA ( #3120 ) ;
#8824 = FACE_OUTER_BOUND ( 'NONE', #2433, .T. ) ;
#8825 = EDGE_CURVE ( 'NONE', #9686, #3654, #6246, .T. ) ;
#8826 = PLANE ( 'NONE',  #9545 ) ;
#8827 = ADVANCED_FACE ( 'NONE', ( #3770 ), #9104, .F. ) ;
#8828 = VECTOR ( 'NONE', #9945, 1000.000000000000000 ) ;
#8829 = PRESENTATION_STYLE_ASSIGNMENT (( #8014 ) ) ;
#8830 = AXIS2_PLACEMENT_3D ( 'NONE', #10403, #8835, #2451 ) ;
#8831 = B_SPLINE_CURVE_WITH_KNOTS ( 'NONE', 3,
 ( #9615, #1533, #737, #830 ),
 .UNSPECIFIED., .F., .F.,
 ( 4, 4 ),
 ( 14.00000000000000000, 15.00000000000000000 ),
 .UNSPECIFIED. ) ;
#8832 = CARTESIAN_POINT ( 'NONE',  ( 3.580309636432999820, -5.149999830640999754, 1.212682557239000092 ) ) ;
#8833 = DIRECTION ( 'NONE',  ( 1.224646799146999945E-16, 1.000000000000000000, 0.000000000000000000 ) ) ;
#8834 = ORIENTED_EDGE ( 'NONE', *, *, #5638, .F. ) ;
#8835 = DIRECTION ( 'NONE',  ( 0.007092178509961118670, -8.685413711205689461E-19, 0.9999748501857348426 ) ) ;
#8836 = PLANE ( 'NONE',  #2843 ) ;
#8837 = LINE ( 'NONE', #8931, #10481 ) ;
#8838 = LINE ( 'NONE', #3885, #8525 ) ;
#8839 = CARTESIAN_POINT ( 'NONE',  ( 3.005485920816999723, -5.150999830607999819, 1.024090150862999815 ) ) ;
#8840 = ORIENTED_EDGE ( 'NONE', *, *, #905, .T. ) ;
#8841 = LINE ( 'NONE', #1537, #1902 ) ;
#8842 = EDGE_CURVE ( 'NONE', #9043, #6587, #8347, .T. ) ;
#8843 = ORIENTED_EDGE ( 'NONE', *, *, #819, .T. ) ;
#8844 = ORIENTED_EDGE ( 'NONE', *, *, #3329, .T. ) ;
#8845 = LINE ( 'NONE', #7193, #9310 ) ;
#8846 = CARTESIAN_POINT ( 'NONE',  ( 3.756616741260999870, -5.150999830607999819, 0.8478196481659999728 ) ) ;
#8847 = ORIENTED_EDGE ( 'NONE', *, *, #9930, .F. ) ;
#8848 =( NAMED_UNIT ( * ) PLANE_ANGLE_UNIT ( ) SI_UNIT ( $, .RADIAN. ) );
#8849 = LINE ( 'NONE', #3093, #9956 ) ;
#8850 = CARTESIAN_POINT ( 'NONE',  ( 2.583658042046999892, -5.149999830640999754, 1.082030869061000100 ) ) ;
#8851 = CARTESIAN_POINT ( 'NONE',  ( 4.043979079612999961, -5.150999830607999819, 1.026288079950999910 ) ) ;
#8852 = FILL_AREA_STYLE ('',( #5609 ) ) ;
#8853 = ORIENTED_EDGE ( 'NONE', *, *, #4829, .T. ) ;
#8854 = ORIENTED_EDGE ( 'NONE', *, *, #6491, .T. ) ;
#8855 = ADVANCED_FACE ( 'NONE', ( #514, #1466 ), #623, .T. ) ;
#8856 = DIRECTION ( 'NONE',  ( 1.224646799146999945E-16, 1.000000000000000000, 0.000000000000000000 ) ) ;
#8857 = CARTESIAN_POINT ( 'NONE',  ( 3.838112196596999759, -5.150999830607999819, 1.027748161355000134 ) ) ;
#8858 = ORIENTED_EDGE ( 'NONE', *, *, #2562, .F. ) ;
#8859 =( NAMED_UNIT ( * ) PLANE_ANGLE_UNIT ( ) SI_UNIT ( $, .RADIAN. ) );
#8860 = CARTESIAN_POINT ( 'NONE',  ( 3.604901802074000017, -5.150999830607999819, 0.7657129420589999791 ) ) ;
#8861 = FILL_AREA_STYLE_COLOUR ( '', #1639 ) ;
#8862 = CARTESIAN_POINT ( 'NONE',  ( 0.000000000000000000, 0.000000000000000000, 0.5499999826579999862 ) ) ;
#8863 = CARTESIAN_POINT ( 'NONE',  ( 3.976819062679000538, -5.150999830607999819, 1.130326892396000149 ) ) ;
#8864 = VECTOR ( 'NONE', #814, 1000.000000000000000 ) ;
#8865 = ADVANCED_FACE ( 'NONE', ( #2910 ), #7957, .F. ) ;
#8866 = CARTESIAN_POINT ( 'NONE',  ( 2.351649519926000131, -5.150999830607999819, 0.7872415132179999553 ) ) ;
#8867 = EDGE_CURVE ( 'NONE', #7143, #3554, #4617, .T. ) ;
#8868 = CARTESIAN_POINT ( 'NONE',  ( 2.713660265846999931, -5.150999830607999819, 0.8584212349130000419 ) ) ;
#8869 = ORIENTED_EDGE ( 'NONE', *, *, #3490, .F. ) ;
#8870 = ORIENTED_EDGE ( 'NONE', *, *, #4425, .T. ) ;
#8871 = B_SPLINE_CURVE_WITH_KNOTS ( 'NONE', 3,
 ( #7595, #7542, #4305, #200 ),
 .UNSPECIFIED., .F., .F.,
 ( 4, 4 ),
 ( 20.00000000000000000, 21.00000000000000000 ),
 .UNSPECIFIED. ) ;
#8872 = DIRECTION ( 'NONE',  ( 1.224646799146999945E-16, 1.000000000000000000, 0.000000000000000000 ) ) ;
#8873 = ORIENTED_EDGE ( 'NONE', *, *, #987, .T. ) ;
#8874 = AXIS2_PLACEMENT_3D ( 'NONE', #6551, #3313, #4968 ) ;
#8875 = ORIENTED_EDGE ( 'NONE', *, *, #452, .T. ) ;
#8876 = VECTOR ( 'NONE', #6133, 1000.000000000000000 ) ;
#8877 = EDGE_CURVE ( 'NONE', #3001, #5736, #994, .T. ) ;
#8878 = DIRECTION ( 'NONE',  ( -0.9999748501857351757, 0.000000000000000000, 0.007092178509927121559 ) ) ;
#8879 = EDGE_CURVE ( 'NONE', #9260, #10492, #8725, .T. ) ;
#8880 = VECTOR ( 'NONE', #649, 1000.000000000000000 ) ;
#8881 = FACE_OUTER_BOUND ( 'NONE', #1379, .T. ) ;
#8882 = CARTESIAN_POINT ( 'NONE',  ( 2.528773455554000016, -5.149999830640999754, 1.091096276592999903 ) ) ;
#8883 = EDGE_CURVE ( 'NONE', #4438, #3166, #10340, .T. ) ;
#8884 = CARTESIAN_POINT ( 'NONE',  ( 3.651016558460999928, -5.149999830640999754, 1.227569882195999718 ) ) ;
#8885 = AXIS2_PLACEMENT_3D ( 'NONE', #9967, #4290, #7633 ) ;
#8886 = ORIENTED_EDGE ( 'NONE', *, *, #1622, .T. ) ;
#8887 = CARTESIAN_POINT ( 'NONE',  ( 0.000000000000000000, 0.000000000000000000, 34.19213450005700139 ) ) ;
#8888 = DIRECTION ( 'NONE',  ( -0.007092178509962118738, 8.685413711206696723E-19, -0.9999748501857348426 ) ) ;
#8889 = CARTESIAN_POINT ( 'NONE',  ( 3.546263882025999958, -5.150999830607999819, 0.7665447367279999424 ) ) ;
#8890 = COLOUR_RGB ( '',1.000000000000000000, 1.000000000000000000, 1.000000000000000000 ) ;
#8891 = DIRECTION ( 'NONE',  ( 1.224646799146999945E-16, 1.000000000000000000, 0.000000000000000000 ) ) ;
#8892 = LINE ( 'NONE', #2293, #9202 ) ;
#8893 = CARTESIAN_POINT ( 'NONE',  ( 2.946058334734000361, -5.149999830640999754, 0.8003779915239999099 ) ) ;
#8894 = ORIENTED_EDGE ( 'NONE', *, *, #4518, .T. ) ;
#8895 = CARTESIAN_POINT ( 'NONE',  ( 4.361961464108999209, -5.149999830640999754, 0.8673373816999999653 ) ) ;
#8896 = ORIENTED_EDGE ( 'NONE', *, *, #3698, .F. ) ;
#8897 = LINE ( 'NONE', #1601, #6500 ) ;
#8898 = ORIENTED_EDGE ( 'NONE', *, *, #1648, .F. ) ;
#8899 = FILL_AREA_STYLE ('',( #2354 ) ) ;
#8900 = DIRECTION ( 'NONE',  ( 1.224646799147619941E-16, 1.000000000000000000, 0.000000000000000000 ) ) ;
#8901 = UNCERTAINTY_MEASURE_WITH_UNIT (LENGTH_MEASURE( 1.000000000000000082E-05 ), #7646, 'distance_accuracy_value', 'NONE');
#8902 = CARTESIAN_POINT ( 'NONE',  ( 1.530808448593000117E-16, 1.249999958892999974, 2.049999933330000079 ) ) ;
#8903 = CARTESIAN_POINT ( 'NONE',  ( 3.746256641338999938, -5.149999830640999754, 0.7138649639030000271 ) ) ;
#8904 = ORIENTED_EDGE ( 'NONE', *, *, #150, .F. ) ;
#8905 = EDGE_LOOP ( 'NONE', ( #3694, #2606, #772, #7412 ) ) ;
#8906 = CARTESIAN_POINT ( 'NONE',  ( 4.146443853371999388, -5.149999830640999754, 0.7029163779229998799 ) ) ;
#8907 = CARTESIAN_POINT ( 'NONE',  ( 2.799166256723000235, -5.149999830640999754, 1.293067789246999943 ) ) ;
#8908 = B_SPLINE_SURFACE_WITH_KNOTS ( 'NONE', 3, 1, ( 
 ( #9159, #1070 ),
 ( #1813, #5905 ),
 ( #7507, #8361 ),
 ( #5960, #9217 ) ),
 .UNSPECIFIED., .F., .F., .F.,
 ( 4, 4 ),
 ( 2, 2 ),
 ( 1.000000000000000000, 2.000000000000000000 ),
 ( 0.000000000000000000, 1.000000000000000000 ),
 .UNSPECIFIED. ) ;
#8909 = VERTEX_POINT ( 'NONE', #7757 ) ;
#8910 = B_SPLINE_CURVE_WITH_KNOTS ( 'NONE', 3,
 ( #2405, #9629, #3952, #751 ),
 .UNSPECIFIED., .F., .F.,
 ( 4, 4 ),
 ( 2.000000000000000000, 3.000000000000000000 ),
 .UNSPECIFIED. ) ;
#8911 = CARTESIAN_POINT ( 'NONE',  ( 3.795204031831000080, -5.150999830607999819, 0.6588251714320000341 ) ) ;
#8912 = DIRECTION ( 'NONE',  ( 1.224646799146999945E-16, 1.000000000000000000, 0.000000000000000000 ) ) ;
#8913 = FACE_OUTER_BOUND ( 'NONE', #7513, .T. ) ;
#8914 = EDGE_CURVE ( 'NONE', #9774, #5052, #6301, .T. ) ;
#8915 = DIRECTION ( 'NONE',  ( -0.9999748501857348426, 0.000000000000000000, 0.007092178509961118670 ) ) ;
#8916 = EDGE_CURVE ( 'NONE', #2375, #8317, #9508, .T. ) ;
#8917 = CARTESIAN_POINT ( 'NONE',  ( 3.785124898571999630, -5.149999830640999754, 0.6377890403820000165 ) ) ;
#8918 = ORIENTED_EDGE ( 'NONE', *, *, #9582, .T. ) ;
#8919 = VERTEX_POINT ( 'NONE', #672 ) ;
#8920 = B_SPLINE_CURVE_WITH_KNOTS ( 'NONE', 3,
 ( #3729, #2819, #6061, #6976 ),
 .UNSPECIFIED., .F., .F.,
 ( 4, 4 ),
 ( 7.000000000000000000, 8.000000000000000000 ),
 .UNSPECIFIED. ) ;
#8921 = ORIENTED_EDGE ( 'NONE', *, *, #7909, .F. ) ;
#8922 = CARTESIAN_POINT ( 'NONE',  ( 2.942530655334999690, -5.150999830607999819, 0.7107495988190000169 ) ) ;
#8923 =( NAMED_UNIT ( * ) PLANE_ANGLE_UNIT ( ) SI_UNIT ( $, .RADIAN. ) );
#8924 = CARTESIAN_POINT ( 'NONE',  ( 3.706500545910000000, -5.149999830640999754, 0.7234010062100000304 ) ) ;
#8925 = DIRECTION ( 'NONE',  ( 1.224646799146999945E-16, 1.000000000000000000, 0.000000000000000000 ) ) ;
#8926 = DIRECTION ( 'NONE',  ( 1.224646799146999945E-16, 1.000000000000000000, 0.000000000000000000 ) ) ;
#8927 = ORIENTED_EDGE ( 'NONE', *, *, #1489, .T. ) ;
#8928 = CARTESIAN_POINT ( 'NONE',  ( 3.559581311104000445, -5.149999830640999754, 0.8556637547570000724 ) ) ;
#8929 = CARTESIAN_POINT ( 'NONE',  ( 4.229213152248999741, -5.149999830640999754, 0.8058918381530000286 ) ) ;
#8930 = PLANE ( 'NONE',  #7847 ) ;
#8931 = CARTESIAN_POINT ( 'NONE',  ( 4.146452337122999765, -5.150999830607999819, 0.7261035016779999740 ) ) ;
#8932 = CARTESIAN_POINT ( 'NONE',  ( 3.479117864370000035, -5.149999830640999754, 0.7992542652559999627 ) ) ;
#8933 = EDGE_CURVE ( 'NONE', #15, #1148, #10294, .T. ) ;
#8934 = CARTESIAN_POINT ( 'NONE',  ( 3.383216322691000144, -5.150999830607999819, 1.234356201993000113 ) ) ;
#8935 = EDGE_CURVE ( 'NONE', #2897, #6088, #10191, .T. ) ;
#8936 = VECTOR ( 'NONE', #9318, 1000.000000000000227 ) ;
#8937 = EDGE_LOOP ( 'NONE', ( #9522, #8847, #2708, #10388, #9004, #954, #510 ) ) ;
#8938 = DIRECTION ( 'NONE',  ( 4.595507503446999644E-17, -1.000000000000000000, 0.000000000000000000 ) ) ;
#8939 = EDGE_CURVE ( 'NONE', #3469, #5803, #3016, .T. ) ;
#8940 = MANIFOLD_SOLID_BREP ( '输入1', #838 ) ;
#8941 = VECTOR ( 'NONE', #2280, 1000.000000000000227 ) ;
#8942 = VERTEX_POINT ( 'NONE', #7269 ) ;
#8943 = CARTESIAN_POINT ( 'NONE',  ( -3.649999879969000105, -5.149999830640999754, 2.049999933330000079 ) ) ;
#8944 = LINE ( 'NONE', #9737, #3622 ) ;
#8945 = VERTEX_POINT ( 'NONE', #6459 ) ;
#8946 = DIRECTION ( 'NONE',  ( 1.224646799146999945E-16, 1.000000000000000000, 0.000000000000000000 ) ) ;
#8947 = PRESENTATION_STYLE_ASSIGNMENT (( #9938 ) ) ;
#8948 =( LENGTH_UNIT ( ) NAMED_UNIT ( * ) SI_UNIT ( .MILLI., .METRE. ) );
#8949 = LINE ( 'NONE', #4864, #4954 ) ;
#8950 = EDGE_CURVE ( 'NONE', #6325, #1245, #10379, .T. ) ;
#8951 = EDGE_CURVE ( 'NONE', #8281, #10174, #856, .T. ) ;
#8952 = LINE ( 'NONE', #10364, #2073 ) ;
#8953 =( NAMED_UNIT ( * ) PLANE_ANGLE_UNIT ( ) SI_UNIT ( $, .RADIAN. ) );
#8954 = ORIENTED_EDGE ( 'NONE', *, *, #10520, .T. ) ;
#8955 = ORIENTED_EDGE ( 'NONE', *, *, #4358, .F. ) ;
#8956 = SURFACE_STYLE_USAGE ( .BOTH. , #1502 ) ;
#8957 = CARTESIAN_POINT ( 'NONE',  ( 0.000000000000000000, 0.000000000000000000, 9.549999686690000544 ) ) ;
#8958 = ORIENTED_EDGE ( 'NONE', *, *, #9204, .F. ) ;
#8959 = CARTESIAN_POINT ( 'NONE',  ( 2.748557872854000106, -5.149999830640999754, 0.6817588517870000198 ) ) ;
#8960 = STYLED_ITEM ( 'NONE', ( #10100 ), #7761 ) ;
#8961 = PLANE ( 'NONE',  #7762 ) ;
#8962 = CARTESIAN_POINT ( 'NONE',  ( 3.550817686485999936, -5.149999830640999754, 0.7708795324579998942 ) ) ;
#8963 = CARTESIAN_POINT ( 'NONE',  ( 3.954923132601000368, -5.150999830607999819, 1.187774286336999996 ) ) ;
#8964 = CARTESIAN_POINT ( 'NONE',  ( 3.630620051249000113, -5.150999830607999819, 0.8000513689360000402 ) ) ;
#8965 = CARTESIAN_POINT ( 'NONE',  ( 3.797024665003999822, -5.149999830640999754, 0.6369767941689999935 ) ) ;
#8966 = EDGE_LOOP ( 'NONE', ( #2164, #1933, #10108, #10122 ) ) ;
#8967 = VERTEX_POINT ( 'NONE', #1736 ) ;
#8968 = VECTOR ( 'NONE', #9081, 1000.000000000000000 ) ;
#8969 = LINE ( 'NONE', #8156, #8539 ) ;
#8970 = EDGE_CURVE ( 'NONE', #10136, #128, #6475, .T. ) ;
#8971 = ORIENTED_EDGE ( 'NONE', *, *, #5000, .F. ) ;
#8972 = PLANE ( 'NONE',  #2911 ) ;
#8973 = ORIENTED_EDGE ( 'NONE', *, *, #3967, .T. ) ;
#8974 = CARTESIAN_POINT ( 'NONE',  ( 3.601107883891999872, -5.150999830607999819, 0.7439043851989999290 ) ) ;
#8975 = VECTOR ( 'NONE', #7604, 1000.000000000000000 ) ;
#8976 = PLANE ( 'NONE',  #868 ) ;
#8977 = AXIS2_PLACEMENT_3D ( 'NONE', #333, #3583, #6828 ) ;
#8978 = ADVANCED_FACE ( 'NONE', ( #7223, #8062 ), #8826, .F. ) ;
#8979 = LINE ( 'NONE', #1100, #2689 ) ;
#8980 = CARTESIAN_POINT ( 'NONE',  ( 3.748826853226999489, -5.150999830607999819, 0.7757138849769998901 ) ) ;
#8981 = ORIENTED_EDGE ( 'NONE', *, *, #6263, .F. ) ;
#8982 = DIRECTION ( 'NONE',  ( 1.224646799146999945E-16, 1.000000000000000000, 0.000000000000000000 ) ) ;
#8983 = CARTESIAN_POINT ( 'NONE',  ( 3.602975788199000107, -5.150999830607999819, 1.212521800802000005 ) ) ;
#8984 = EDGE_CURVE ( 'NONE', #9902, #7084, #8217, .T. ) ;
#8985 = DIRECTION ( 'NONE',  ( 1.224646799146999945E-16, 1.000000000000000000, 0.000000000000000000 ) ) ;
#8986 = CARTESIAN_POINT ( 'NONE',  ( 3.617362773697999412, -5.150999830607999819, 1.049277648466999890 ) ) ;
#8987 = DIRECTION ( 'NONE',  ( 1.224646799146999945E-16, 1.000000000000000000, 0.000000000000000000 ) ) ;
#8988 = CARTESIAN_POINT ( 'NONE',  ( 3.703658988564999532, -5.150999830607999819, 0.7698995058010000836 ) ) ;
#8989 = ORIENTED_EDGE ( 'NONE', *, *, #6196, .F. ) ;
#8990 = CARTESIAN_POINT ( 'NONE',  ( -5.149999830640999754, -5.149999830640999754, 0.04999999910078999771 ) ) ;
#8991 = AXIS2_PLACEMENT_3D ( 'NONE', #1447, #9439, #5453 ) ;
#8992 = ORIENTED_EDGE ( 'NONE', *, *, #7082, .F. ) ;
#8993 = LINE ( 'NONE', #1650, #7108 ) ;
#8994 = DIRECTION ( 'NONE',  ( 0.9999748501857348426, -1.224615999507674176E-16, -0.007092178509962118738 ) ) ;
#8995 = ORIENTED_EDGE ( 'NONE', *, *, #6896, .F. ) ;
#8996 = CARTESIAN_POINT ( 'NONE',  ( 4.324795465241000336, -5.150999830607999819, 0.7802591174980000321 ) ) ;
#8997 = CARTESIAN_POINT ( 'NONE',  ( 2.383152860003000306, -5.150999830607999819, 0.9475267208019999554 ) ) ;
#8998 = FILL_AREA_STYLE ('',( #2506 ) ) ;
#8999 = EDGE_CURVE ( 'NONE', #9872, #8757, #8161, .T. ) ;
#9000 = CARTESIAN_POINT ( 'NONE',  ( 3.634640383639000216, -5.150999830607999819, 1.029711148084000216 ) ) ;
#9001 = DIRECTION ( 'NONE',  ( -1.224646799147311792E-16, -1.000000000000000000, 0.000000000000000000 ) ) ;
#9002 = DIRECTION ( 'NONE',  ( 1.000000000000000000, 0.000000000000000000, 0.000000000000000000 ) ) ;
#9003 = ORIENTED_EDGE ( 'NONE', *, *, #6140, .F. ) ;
#9004 = ORIENTED_EDGE ( 'NONE', *, *, #4509, .F. ) ;
#9005 = CARTESIAN_POINT ( 'NONE',  ( 2.600547976842999987, -5.150999830607999819, 1.220729257453000205 ) ) ;
#9006 = DIRECTION ( 'NONE',  ( 0.000000000000000000, 0.000000000000000000, -1.000000000000000000 ) ) ;
#9007 = ORIENTED_EDGE ( 'NONE', *, *, #7583, .T. ) ;
#9008 = CARTESIAN_POINT ( 'NONE',  ( 3.593774455652000377, -5.150999830607999819, 0.7361580162460000798 ) ) ;
#9009 = CARTESIAN_POINT ( 'NONE',  ( 2.383152860003000306, -5.150999830607999819, 0.9475267208019999554 ) ) ;
#9010 = CARTESIAN_POINT ( 'NONE',  ( 2.676116869622000127, -5.150999830607999819, 1.273696170895999957 ) ) ;
#9011 =( LENGTH_UNIT ( ) NAMED_UNIT ( * ) SI_UNIT ( .MILLI., .METRE. ) );
#9012 = CARTESIAN_POINT ( 'NONE',  ( 4.103413047115000545, -5.150999830607999819, 1.189008667740999892 ) ) ;
#9013 = B_SPLINE_CURVE_WITH_KNOTS ( 'NONE', 3,
 ( #7628, #3643, #1886, #2107 ),
 .UNSPECIFIED., .F., .F.,
 ( 4, 4 ),
 ( 3.000000000000000000, 4.000000000000000000 ),
 .UNSPECIFIED. ) ;
#9014 = ORIENTED_EDGE ( 'NONE', *, *, #63, .F. ) ;
#9015 = DIRECTION ( 'NONE',  ( -0.9999748501857348426, 1.224615999507675655E-16, 0.007092178509961118670 ) ) ;
#9016 = EDGE_LOOP ( 'NONE', ( #8927, #9160, #7629, #3318 ) ) ;
#9017 = PRESENTATION_STYLE_ASSIGNMENT (( #2481 ) ) ;
#9018 = ORIENTED_EDGE ( 'NONE', *, *, #5822, .F. ) ;
#9019 = CARTESIAN_POINT ( 'NONE',  ( 4.207317222172000548, -5.150999830607999819, 0.8633392320939999864 ) ) ;
#9020 = VECTOR ( 'NONE', #8655, 1000.000000000000114 ) ;
#9021 = CARTESIAN_POINT ( 'NONE',  ( 3.541762064153000100, -5.149999830640999754, 0.7622095722909999482 ) ) ;
#9022 = DIRECTION ( 'NONE',  ( 1.224646799146999945E-16, 1.000000000000000000, 0.000000000000000000 ) ) ;
#9023 = ADVANCED_FACE ( 'NONE', ( #3169 ), #8110, .F. ) ;
#9024 = ADVANCED_FACE ( 'NONE', ( #5681 ), #8976, .T. ) ;
#9025 = STYLED_ITEM ( 'NONE', ( #9029 ), #4190 ) ;
#9026 = DIRECTION ( 'NONE',  ( -0.9999748501857348426, 1.224615999507673436E-16, 0.007092178509966119010 ) ) ;
#9027 = VECTOR ( 'NONE', #8240, 1000.000000000000114 ) ;
#9028 = ORIENTED_EDGE ( 'NONE', *, *, #7922, .F. ) ;
#9029 = PRESENTATION_STYLE_ASSIGNMENT (( #7275 ) ) ;
#9030 = CARTESIAN_POINT ( 'NONE',  ( 3.699500070917999928, -5.150999830607999819, 0.8285728217619999780 ) ) ;
#9031 = ORIENTED_EDGE ( 'NONE', *, *, #5382, .T. ) ;
#9032 = DIRECTION ( 'NONE',  ( 1.000000000000000000, -1.224646799147000192E-16, 0.000000000000000000 ) ) ;
#9033 = LINE ( 'NONE', #1745, #5600 ) ;
#9034 = FACE_OUTER_BOUND ( 'NONE', #1919, .T. ) ;
#9035 = CARTESIAN_POINT ( 'NONE',  ( 3.846236436124000235, -5.150999830607999819, 0.7291685456179999303 ) ) ;
#9036 = EDGE_CURVE ( 'NONE', #4050, #7072, #1523, .T. ) ;
#9037 = EDGE_CURVE ( 'NONE', #8350, #3554, #1579, .T. ) ;
#9038 = CARTESIAN_POINT ( 'NONE',  ( 3.776861645901000042, -5.150999830607999819, 0.8507954161749999855 ) ) ;
#9039 = CIRCLE ( 'NONE', #8365, 4.876664484086999707 ) ;
#9040 = EDGE_CURVE ( 'NONE', #5825, #4834, #7682, .T. ) ;
#9041 = STYLED_ITEM ( 'NONE', ( #10085 ), #5861 ) ;
#9042 = CARTESIAN_POINT ( 'NONE',  ( -6.123233794371999481E-17, -0.4999999835569999274, 0.04999999910078999771 ) ) ;
#9043 = VERTEX_POINT ( 'NONE', #3324 ) ;
#9044 = CARTESIAN_POINT ( 'NONE',  ( 4.106841214493999637, -5.149999830640999754, 1.203229395199999940 ) ) ;
#9045 = PRESENTATION_LAYER_ASSIGNMENT (  '', '', ( #55 ) ) ;
#9046 = EDGE_CURVE ( 'NONE', #10174, #9114, #9859, .T. ) ;
#9047 = EDGE_LOOP ( 'NONE', ( #10187, #8265, #618, #1979 ) ) ;
#9048 = FILL_AREA_STYLE_COLOUR ( '', #5743 ) ;
#9049 = CARTESIAN_POINT ( 'NONE',  ( 1.999999934228999798, -0.4999999835569999274, 0.3499999892349999753 ) ) ;
#9050 = VECTOR ( 'NONE', #3366, 1000.000000000000000 ) ;
#9051 = VERTEX_POINT ( 'NONE', #6850 ) ;
#9052 = DIRECTION ( 'NONE',  ( -0.007092178509937120505, 8.685413711176700364E-19, -0.9999748501857350647 ) ) ;
#9053 = VECTOR ( 'NONE', #329, 1000.000000000000000 ) ;
#9054 =( LENGTH_UNIT ( ) NAMED_UNIT ( * ) SI_UNIT ( .MILLI., .METRE. ) );
#9055 = CARTESIAN_POINT ( 'NONE',  ( 2.556246514417000348, -5.149999830640999754, 1.090901427855000216 ) ) ;
#9056 = DIRECTION ( 'NONE',  ( -0.9999748501857348426, 1.224615999507675655E-16, 0.007092178509961118670 ) ) ;
#9057 = VECTOR ( 'NONE', #5894, 1000.000000000000000 ) ;
#9058 = EDGE_CURVE ( 'NONE', #7949, #8243, #7637, .T. ) ;
#9059 = LINE ( 'NONE', #4373, #92 ) ;
#9060 = VERTEX_POINT ( 'NONE', #6786 ) ;
#9061 = ORIENTED_EDGE ( 'NONE', *, *, #7799, .F. ) ;
#9062 = CARTESIAN_POINT ( 'NONE',  ( 2.546452932570999916, -5.150999830607999819, 0.7294649045489999262 ) ) ;
#9063 = LINE ( 'NONE', #4111, #3164 ) ;
#9064 = ORIENTED_EDGE ( 'NONE', *, *, #6050, .F. ) ;
#9065 = FILL_AREA_STYLE_COLOUR ( '', #7183 ) ;
#9066 = ORIENTED_EDGE ( 'NONE', *, *, #4360, .T. ) ;
#9067 = EDGE_CURVE ( 'NONE', #7851, #5180, #1841, .T. ) ;
#9068 = LINE ( 'NONE', #8096, #8354 ) ;
#9069 = CARTESIAN_POINT ( 'NONE',  ( 2.676116869622000127, -5.149999830640999754, 1.273696170895999957 ) ) ;
#9070 = DIRECTION ( 'NONE',  ( -4.595507503446999644E-17, 1.000000000000000000, 0.000000000000000000 ) ) ;
#9071 = VERTEX_POINT ( 'NONE', #1033 ) ;
#9072 = CARTESIAN_POINT ( 'NONE',  ( 4.207317222172000548, -5.149999830640999754, 0.8633392320939999864 ) ) ;
#9073 = ADVANCED_FACE ( 'NONE', ( #10080 ), #7531, .F. ) ;
#9074 = ORIENTED_EDGE ( 'NONE', *, *, #8712, .T. ) ;
#9075 = VERTEX_POINT ( 'NONE', #5203 ) ;
#9076 = FILL_AREA_STYLE_COLOUR ( '', #3951 ) ;
#9077 = SHAPE_REPRESENTATION ( 'CAPAE1030X1250N', ( #1036, #5122 ), #10208 ) ;
#9078 = ORIENTED_EDGE ( 'NONE', *, *, #9058, .T. ) ;
#9079 = DIRECTION ( 'NONE',  ( 0.000000000000000000, -1.000000000000000000, 3.303709979357600587E-16 ) ) ;
#9080 = VERTEX_POINT ( 'NONE', #6734 ) ;
#9081 = DIRECTION ( 'NONE',  ( 4.595507503446999644E-17, -1.000000000000000000, 0.000000000000000000 ) ) ;
#9082 = FACE_OUTER_BOUND ( 'NONE', #666, .T. ) ;
#9083 = ADVANCED_FACE ( 'NONE', ( #1146 ), #3406, .F. ) ;
#9084 = ORIENTED_EDGE ( 'NONE', *, *, #731, .F. ) ;
#9085 = CARTESIAN_POINT ( 'NONE',  ( 3.896365960637999670, -5.150999830607999819, 1.207321620896999903 ) ) ;
#9086 = ORIENTED_EDGE ( 'NONE', *, *, #3156, .T. ) ;
#9087 = DIRECTION ( 'NONE',  ( 0.007092178509978118092, -8.685413711226697505E-19, 0.9999748501857347316 ) ) ;
#9088 = LINE ( 'NONE', #9396, #4797 ) ;
#9089 = B_SPLINE_CURVE_WITH_KNOTS ( 'NONE', 3,
 ( #10327, #766, #5565, #8863 ),
 .UNSPECIFIED., .F., .F.,
 ( 4, 4 ),
 ( 3.000000000000000000, 4.000000000000000000 ),
 .UNSPECIFIED. ) ;
#9090 = VERTEX_POINT ( 'NONE', #7585 ) ;
#9091 = CARTESIAN_POINT ( 'NONE',  ( 4.052252642168000740, -5.150999830607999819, 0.7267715995329999679 ) ) ;
#9092 = CARTESIAN_POINT ( 'NONE',  ( 4.401000792302999898, -5.150999830607999819, 0.7567394150029999045 ) ) ;
#9093 = CARTESIAN_POINT ( 'NONE',  ( 3.513430844633000039, -5.149999830640999754, 0.7332965545009999531 ) ) ;
#9094 = DIRECTION ( 'NONE',  ( -0.9999748501857348426, 1.224615999507674915E-16, 0.007092178509967119078 ) ) ;
#9095 = CARTESIAN_POINT ( 'NONE',  ( 5.149999830640999754, 1.249999958892999974, 2.549999916887000229 ) ) ;
#9096 = ORIENTED_EDGE ( 'NONE', *, *, #7254, .F. ) ;
#9097 = FACE_OUTER_BOUND ( 'NONE', #6644, .T. ) ;
#9098 = CARTESIAN_POINT ( 'NONE',  ( 4.052088198656000451, -5.149999830640999754, 0.7035855819000000899 ) ) ;
#9099 = EDGE_CURVE ( 'NONE', #4759, #3137, #4449, .T. ) ;
#9100 = EDGE_CURVE ( 'NONE', #9287, #3546, #7694, .T. ) ;
#9101 = VERTEX_POINT ( 'NONE', #3548 ) ;
#9102 = FACE_OUTER_BOUND ( 'NONE', #9408, .T. ) ;
#9103 = PRESENTATION_STYLE_ASSIGNMENT (( #1973 ) ) ;
#9104 = B_SPLINE_SURFACE_WITH_KNOTS ( 'NONE', 3, 1, ( 
 ( #2124, #5475 ),
 ( #1420, #3122 ),
 ( #8561, #5371 ),
 ( #3820, #4676 ) ),
 .UNSPECIFIED., .F., .F., .F.,
 ( 4, 4 ),
 ( 2, 2 ),
 ( 35.00000000000000000, 36.00000000000000000 ),
 ( 0.000000000000000000, 1.000000000000000000 ),
 .UNSPECIFIED. ) ;
#9105 = CARTESIAN_POINT ( 'NONE',  ( 4.004205665378000489, -5.150999830607999819, 1.099355049473999868 ) ) ;
#9106 = DIRECTION ( 'NONE',  ( 0.000000000000000000, 0.000000000000000000, 1.000000000000000000 ) ) ;
#9107 = CARTESIAN_POINT ( 'NONE',  ( 3.485681096449000371, -5.150999830607999819, 0.9109844999659999498 ) ) ;
#9108 = ORIENTED_EDGE ( 'NONE', *, *, #8935, .T. ) ;
#9109 = ORIENTED_EDGE ( 'NONE', *, *, #9385, .F. ) ;
#9110 = DIRECTION ( 'NONE',  ( -0.9999748501857348426, 1.224615999507675655E-16, 0.007092178509961118670 ) ) ;
#9111 = EDGE_CURVE ( 'NONE', #1847, #2616, #2582, .T. ) ;
#9112 = DIRECTION ( 'NONE',  ( 0.007092178509978118092, -8.685413711226697505E-19, 0.9999748501857347316 ) ) ;
#9113 = ORIENTED_EDGE ( 'NONE', *, *, #312, .T. ) ;
#9114 = VERTEX_POINT ( 'NONE', #184 ) ;
#9115 = CARTESIAN_POINT ( 'NONE',  ( 3.578504428634000423, -5.150999830607999819, 0.8555295452540000456 ) ) ;
#9116 = CARTESIAN_POINT ( 'NONE',  ( 3.730235930644000053, -5.149999830640999754, 0.7567137122360000356 ) ) ;
#9117 = CARTESIAN_POINT ( 'NONE',  ( 3.650821880940999797, -5.149999830640999754, 1.200120964461000028 ) ) ;
#9118 = PRESENTATION_LAYER_ASSIGNMENT (  '', '', ( #7075 ) ) ;
#9120 = B_SPLINE_CURVE_WITH_KNOTS ( 'NONE', 3,
 ( #7992, #8049, #9691, #3208 ),
 .UNSPECIFIED., .F., .F.,
 ( 4, 4 ),
 ( 3.000000000000000000, 4.000000000000000000 ),
 .UNSPECIFIED. ) ;
#9119 = FACE_OUTER_BOUND ( 'NONE', #9527, .T. ) ;
#9121 = DIRECTION ( 'NONE',  ( -0.9919892169122050962, 1.214836419280250004E-16, -0.1263225772770260047 ) ) ;
#9122 = VERTEX_POINT ( 'NONE', #5934 ) ;
#9123 = CARTESIAN_POINT ( 'NONE',  ( 3.969611309134000177, -5.150999830607999819, 0.7957755106980000104 ) ) ;
#9124 = B_SPLINE_SURFACE_WITH_KNOTS ( 'NONE', 3, 1, ( 
 ( #1332, #9576 ),
 ( #5499, #4586 ),
 ( #7821, #10266 ),
 ( #6326, #3796 ) ),
 .UNSPECIFIED., .F., .F., .F.,
 ( 4, 4 ),
 ( 2, 2 ),
 ( 16.00000000000000000, 17.00000000000000000 ),
 ( 0.000000000000000000, 1.000000000000000000 ),
 .UNSPECIFIED. ) ;
#9125 = AXIS2_PLACEMENT_3D ( 'NONE', #4274, #853, #3420 ) ;
#9126 = ORIENTED_EDGE ( 'NONE', *, *, #508, .F. ) ;
#9127 = DIRECTION ( 'NONE',  ( 1.224646799147213924E-16, 1.000000000000000000, 0.000000000000000000 ) ) ;
#9128 = ORIENTED_EDGE ( 'NONE', *, *, #1268, .T. ) ;
#9129 = FILL_AREA_STYLE ('',( #1093 ) ) ;
#9130 = ORIENTED_EDGE ( 'NONE', *, *, #3364, .T. ) ;
#9131 = DIRECTION ( 'NONE',  ( -0.9999748501857349536, 1.224615999507675901E-16, 0.007092178509959120268 ) ) ;
#9132 = CARTESIAN_POINT ( 'NONE',  ( 4.108560826473000027, -5.149999830640999754, 1.196458602886999900 ) ) ;
#9133 = VECTOR ( 'NONE', #1795, 1000.000000000000114 ) ;
#9134 = ADVANCED_FACE ( 'NONE', ( #9082 ), #1020, .T. ) ;
#9135 = B_SPLINE_CURVE_WITH_KNOTS ( 'NONE', 3,
 ( #6653, #5178, #8416, #5802 ),
 .UNSPECIFIED., .F., .F.,
 ( 4, 4 ),
 ( 2.000000000000000000, 3.000000000000000000 ),
 .UNSPECIFIED. ) ;
#9136 = ORIENTED_EDGE ( 'NONE', *, *, #3639, .T. ) ;
#9137 = VECTOR ( 'NONE', #1454, 1000.000000000000000 ) ;
#9138 = CARTESIAN_POINT ( 'NONE',  ( 3.561801304313000127, -5.150999830607999819, 1.205327379902000118 ) ) ;
#9139 = VERTEX_POINT ( 'NONE', #10184 ) ;
#9140 = DIRECTION ( 'NONE',  ( -0.007092178509959120268, 8.685413711203698050E-19, -0.9999748501857349536 ) ) ;
#9141 = EDGE_CURVE ( 'NONE', #3066, #6688, #1455, .T. ) ;
#9142 = VECTOR ( 'NONE', #1510, 1000.000000000000000 ) ;
#9143 = ORIENTED_EDGE ( 'NONE', *, *, #2088, .F. ) ;
#9144 = CARTESIAN_POINT ( 'NONE',  ( 3.762760726309000159, -5.150999830607999819, 0.7318401532079999994 ) ) ;
#9145 = SURFACE_STYLE_USAGE ( .BOTH. , #5890 ) ;
#9146 = LINE ( 'NONE', #5325, #5320 ) ;
#9147 = CARTESIAN_POINT ( 'NONE',  ( 3.602975788199000107, -5.150999830607999819, 1.212521800802000005 ) ) ;
#9148 = CARTESIAN_POINT ( 'NONE',  ( 3.954669080421999716, -5.150999830607999819, 1.071320276524999837 ) ) ;
#9149 = CARTESIAN_POINT ( 'NONE',  ( 3.785749109799999790, -5.150999830607999819, 0.6598280347419999137 ) ) ;
#9150 = VECTOR ( 'NONE', #9609, 1000.000000000000000 ) ;
#9151 = ORIENTED_EDGE ( 'NONE', *, *, #9712, .F. ) ;
#9152 = LINE ( 'NONE', #2024, #10144 ) ;
#9153 = CARTESIAN_POINT ( 'NONE',  ( 3.832810988535999996, -5.150999830607999819, 0.7054527093399999282 ) ) ;
#9154 = VERTEX_POINT ( 'NONE', #4505 ) ;
#9155 = B_SPLINE_SURFACE_WITH_KNOTS ( 'NONE', 3, 1, ( 
 ( #4063, #7463 ),
 ( #9753, #5716 ),
 ( #9010, #9069 ),
 ( #965, #8312 ) ),
 .UNSPECIFIED., .F., .F., .F.,
 ( 4, 4 ),
 ( 2, 2 ),
 ( 2.000000000000000000, 3.000000000000000000 ),
 ( 0.000000000000000000, 1.000000000000000000 ),
 .UNSPECIFIED. ) ;
#9156 = DIRECTION ( 'NONE',  ( 0.9999748501857348426, -1.224615999507675655E-16, -0.007092178509961118670 ) ) ;
#9157 = CARTESIAN_POINT ( 'NONE',  ( 3.546637000016999774, -5.149999830640999754, 0.7311894333370000387 ) ) ;
#9158 = DIRECTION ( 'NONE',  ( -0.9999748501857348426, 1.224615999507674915E-16, 0.007092178509971119350 ) ) ;
#9159 = CARTESIAN_POINT ( 'NONE',  ( 3.797024665003999822, -5.150999830607999819, 0.6369767941689999935 ) ) ;
#9160 = ORIENTED_EDGE ( 'NONE', *, *, #7480, .F. ) ;
#9161 = ORIENTED_EDGE ( 'NONE', *, *, #8730, .F. ) ;
#9162 = ADVANCED_FACE ( 'NONE', ( #3759 ), #4468, .F. ) ;
#9163 = FACE_OUTER_BOUND ( 'NONE', #1838, .T. ) ;
#9164 = COLOUR_RGB ( '',0.2470588235294117752, 0.2470588235294117752, 0.2470588235294117752 ) ;
#9165 =( GEOMETRIC_REPRESENTATION_CONTEXT ( 3 ) GLOBAL_UNCERTAINTY_ASSIGNED_CONTEXT ( ( #4248 ) ) GLOBAL_UNIT_ASSIGNED_CONTEXT ( ( #6971, #8622, #9360 ) ) REPRESENTATION_CONTEXT ( 'NONE', 'WORKASPACE' ) );
#9166 = CARTESIAN_POINT ( 'NONE',  ( 2.351649519926000131, -5.150999830607999819, 0.7872415132179999553 ) ) ;
#9167 = VERTEX_POINT ( 'NONE', #2160 ) ;
#9168 = ORIENTED_EDGE ( 'NONE', *, *, #3902, .T. ) ;
#9169 = EDGE_CURVE ( 'NONE', #5401, #178, #7053, .T. ) ;
#9170 = ORIENTED_EDGE ( 'NONE', *, *, #1682, .T. ) ;
#9171 = CARTESIAN_POINT ( 'NONE',  ( 3.926229460917999958, -5.149999830640999754, 1.027123202269000224 ) ) ;
#9172 = CARTESIAN_POINT ( 'NONE',  ( 3.546263882025999958, -5.149999830640999754, 0.7665447367279999424 ) ) ;
#9173 = EDGE_CURVE ( 'NONE', #595, #6091, #8550, .T. ) ;
#9174 = PLANE ( 'NONE',  #9855 ) ;
#9175 = VERTEX_POINT ( 'NONE', #5413 ) ;
#9176 = LINE ( 'NONE', #6890, #4410 ) ;
#9177 = CARTESIAN_POINT ( 'NONE',  ( 3.722247340639000424, -5.149999830640999754, 0.8545100692229999906 ) ) ;
#9178 = ORIENTED_EDGE ( 'NONE', *, *, #2723, .F. ) ;
#9179 = DIRECTION ( 'NONE',  ( 0.9999748501857348426, -1.224615999507673436E-16, -0.007092178509964118874 ) ) ;
#9180 = EDGE_LOOP ( 'NONE', ( #9185, #4868, #9293, #3585 ) ) ;
#9181 = CARTESIAN_POINT ( 'NONE',  ( 4.197963349183000403, -5.149999830640999754, 1.025195968557000015 ) ) ;
#9182 = VECTOR ( 'NONE', #3858, 1000.000000000000114 ) ;
#9183 = EDGE_CURVE ( 'NONE', #4508, #5358, #3913, .T. ) ;
#9184 = EDGE_CURVE ( 'NONE', #3285, #7674, #9498, .T. ) ;
#9185 = ORIENTED_EDGE ( 'NONE', *, *, #639, .T. ) ;
#9186 = LINE ( 'NONE', #979, #9641 ) ;
#9187 = CARTESIAN_POINT ( 'NONE',  ( 4.107465053533000621, -5.150999830607999819, 1.203224970711000097 ) ) ;
#9188 = EDGE_LOOP ( 'NONE', ( #10521, #1349, #5364, #7879 ) ) ;
#9189 = CARTESIAN_POINT ( 'NONE',  ( -4.999999835572999984, 9.860760990987998060E-32, 1.757602692597000082 ) ) ;
#9190 = ORIENTED_EDGE ( 'NONE', *, *, #7383, .F. ) ;
#9191 = CARTESIAN_POINT ( 'NONE',  ( 2.602670668108999941, -5.149999830640999754, 0.7044837779389999666 ) ) ;
#9192 = ORIENTED_EDGE ( 'NONE', *, *, #2059, .T. ) ;
#9193 = CARTESIAN_POINT ( 'NONE',  ( 3.776861645901000042, -5.149999830640999754, 0.8507954161749999855 ) ) ;
#9194 = CARTESIAN_POINT ( 'NONE',  ( 3.832810988535999996, -5.150999830607999819, 0.7054527093399999282 ) ) ;
#9195 = CARTESIAN_POINT ( 'NONE',  ( 3.380928124408999924, -5.150999830607999819, 0.9117274454279999940 ) ) ;
#9196 = LINE ( 'NONE', #254, #302 ) ;
#9197 = EDGE_CURVE ( 'NONE', #1937, #7143, #8654, .T. ) ;
#9198 = AXIS2_PLACEMENT_3D ( 'NONE', #10284, #2320, #2901 ) ;
#9199 = AXIS2_PLACEMENT_3D ( 'NONE', #3194, #8132, #6434 ) ;
#9200 = CARTESIAN_POINT ( 'NONE',  ( 2.749224460775999912, -5.150999830607999819, 0.7757456509739999451 ) ) ;
#9201 = CARTESIAN_POINT ( 'NONE',  ( 5.149999830640999754, 5.149999830640999754, 0.04999999910078999771 ) ) ;
#9202 = VECTOR ( 'NONE', #3937, 1000.000000000000114 ) ;
#9203 = VECTOR ( 'NONE', #7071, 1000.000000000000000 ) ;
#9204 = EDGE_CURVE ( 'NONE', #8424, #3867, #4341, .T. ) ;
#9205 = ORIENTED_EDGE ( 'NONE', *, *, #7066, .T. ) ;
#9206 = VECTOR ( 'NONE', #3067, 1000.000000000000000 ) ;
#9207 = DIRECTION ( 'NONE',  ( 0.9999748501857350647, -1.224615999507676887E-16, -0.007092178509937120505 ) ) ;
#9208 = ORIENTED_EDGE ( 'NONE', *, *, #3308, .T. ) ;
#9209 = CARTESIAN_POINT ( 'NONE',  ( 0.000000000000000000, 0.000000000000000000, 10.04899967027999885 ) ) ;
#9210 = CARTESIAN_POINT ( 'NONE',  ( 3.703857706782999859, -5.149999830640999754, 0.7026240695180000495 ) ) ;
#9211 = LINE ( 'NONE', #2080, #1997 ) ;
#9212 = FACE_OUTER_BOUND ( 'NONE', #7564, .T. ) ;
#9213 = AXIS2_PLACEMENT_3D ( 'NONE', #2759, #6049, #7483 ) ;
#9214 = PRESENTATION_LAYER_ASSIGNMENT (  '', '', ( #10226 ) ) ;
#9215 =( GEOMETRIC_REPRESENTATION_CONTEXT ( 3 ) GLOBAL_UNCERTAINTY_ASSIGNED_CONTEXT ( ( #7543 ) ) GLOBAL_UNIT_ASSIGNED_CONTEXT ( ( #4333, #4275, #8428 ) ) REPRESENTATION_CONTEXT ( 'NONE', 'WORKASPACE' ) );
#9216 = CARTESIAN_POINT ( 'NONE',  ( 3.593283025510999984, -5.149999830640999754, 1.026053289904000021 ) ) ;
#9217 = CARTESIAN_POINT ( 'NONE',  ( 3.849184916302999859, -5.149999830640999754, 0.6830852013049999449 ) ) ;
#9218 = ORIENTED_EDGE ( 'NONE', *, *, #4787, .F. ) ;
#9219 = ORIENTED_EDGE ( 'NONE', *, *, #3840, .T. ) ;
#9220 = LINE ( 'NONE', #5233, #6428 ) ;
#9221 = AXIS2_PLACEMENT_3D ( 'NONE', #6137, #7946, #663 ) ;
#9222 = LINE ( 'NONE', #6018, #7939 ) ;
#9223 = ORIENTED_EDGE ( 'NONE', *, *, #2718, .T. ) ;
#9224 = VERTEX_POINT ( 'NONE', #4554 ) ;
#9225 = CARTESIAN_POINT ( 'NONE',  ( 4.257037041955999079, -5.149999830640999754, 0.8365760869630000096 ) ) ;
#9226 = ORIENTED_EDGE ( 'NONE', *, *, #2967, .F. ) ;
#9228 = FACE_OUTER_BOUND ( 'NONE', #5344, .T. ) ;
#9227 =( GEOMETRIC_REPRESENTATION_CONTEXT ( 3 ) GLOBAL_UNCERTAINTY_ASSIGNED_CONTEXT ( ( #9353 ) ) GLOBAL_UNIT_ASSIGNED_CONTEXT ( ( #5985, #7743, #4602 ) ) REPRESENTATION_CONTEXT ( 'NONE', 'WORKASPACE' ) );
#9229 = FACE_BOUND ( 'NONE', #8937, .T. ) ;
#9230 = CARTESIAN_POINT ( 'NONE',  ( 3.570968941761000437, -5.149999830640999754, 0.7753116623079999714 ) ) ;
#9231 = STYLED_ITEM ( 'NONE', ( #5193 ), #9425 ) ;
#9232 = CARTESIAN_POINT ( 'NONE',  ( 3.407015432310999792, -5.150999830607999819, 0.8881472841990000200 ) ) ;
#9233 = VERTEX_POINT ( 'NONE', #7793 ) ;
#9234 = CARTESIAN_POINT ( 'NONE',  ( 3.756616741260999870, -5.149999830640999754, 0.8478196481659999728 ) ) ;
#9235 =( NAMED_UNIT ( * ) SI_UNIT ( $, .STERADIAN. ) SOLID_ANGLE_UNIT ( ) );
#9236 = ORIENTED_EDGE ( 'NONE', *, *, #624, .T. ) ;
#9237 =( NAMED_UNIT ( * ) SI_UNIT ( $, .STERADIAN. ) SOLID_ANGLE_UNIT ( ) );
#9238 = ORIENTED_EDGE ( 'NONE', *, *, #10039, .T. ) ;
#9239 = ADVANCED_FACE ( 'NONE', ( #6186 ), #1353, .F. ) ;
#9240 = VERTEX_POINT ( 'NONE', #10283 ) ;
#9241 = EDGE_CURVE ( 'NONE', #72, #9090, #3006, .T. ) ;
#9242 = CARTESIAN_POINT ( 'NONE',  ( 5.227142138160999707, -1.280280577636999959E-15, 2.392385396886000049 ) ) ;
#9243 = FILL_AREA_STYLE ('',( #2799 ) ) ;
#9244 = VECTOR ( 'NONE', #7329, 1000.000000000000000 ) ;
#9245 = EDGE_LOOP ( 'NONE', ( #8509, #5524, #1715, #6071 ) ) ;
#9246 = VERTEX_POINT ( 'NONE', #8705 ) ;
#9247 = CARTESIAN_POINT ( 'NONE',  ( 3.575966300094000072, -5.150999830607999819, 0.8348558443209999069 ) ) ;
#9248 = EDGE_CURVE ( 'NONE', #2554, #1165, #7895, .T. ) ;
#9249 = ORIENTED_EDGE ( 'NONE', *, *, #4070, .F. ) ;
#9250 = DIRECTION ( 'NONE',  ( -0.9999748501857347316, 1.224615999507674915E-16, 0.007092178509978118092 ) ) ;
#9251 = LINE ( 'NONE', #6046, #3573 ) ;
#9252 = FILL_AREA_STYLE ('',( #9980 ) ) ;
#9253 = LINE ( 'NONE', #8335, #2324 ) ;
#9254 = DIRECTION ( 'NONE',  ( -1.000000000000000000, 1.224646799146999945E-16, 0.000000000000000000 ) ) ;
#9255 = UNCERTAINTY_MEASURE_WITH_UNIT (LENGTH_MEASURE( 1.000000000000000082E-05 ), #9359, 'distance_accuracy_value', 'NONE');
#9256 = CARTESIAN_POINT ( 'NONE',  ( 3.525780790067999604, -5.149999830640999754, 0.7153246789210000456 ) ) ;
#9257 = CARTESIAN_POINT ( 'NONE',  ( 2.954723762168999457, -5.149999830640999754, 0.7988705317950000051 ) ) ;
#9258 = FACE_OUTER_BOUND ( 'NONE', #10456, .T. ) ;
#9259 = DIRECTION ( 'NONE',  ( 0.9332416532320704228, -1.142891403461085919E-16, 0.3592492403230271858 ) ) ;
#9260 = VERTEX_POINT ( 'NONE', #9698 ) ;
#9261 =( NAMED_UNIT ( * ) PLANE_ANGLE_UNIT ( ) SI_UNIT ( $, .RADIAN. ) );
#9262 = SURFACE_STYLE_FILL_AREA ( #6756 ) ;
#9263 = CARTESIAN_POINT ( 'NONE',  ( 4.146443853371999388, -5.149999830640999754, 0.7029163779229998799 ) ) ;
#9264 = CARTESIAN_POINT ( 'NONE',  ( 3.973219440545999959, -5.150999830607999819, 1.055280015054000042 ) ) ;
#9265 = B_SPLINE_CURVE_WITH_KNOTS ( 'NONE', 3,
 ( #6419, #5044, #3288, #2392 ),
 .UNSPECIFIED., .F., .F.,
 ( 4, 4 ),
 ( 6.000000000000000000, 7.000000000000000000 ),
 .UNSPECIFIED. ) ;
#9266 = EDGE_CURVE ( 'NONE', #5547, #3115, #858, .T. ) ;
#9267 = CARTESIAN_POINT ( 'NONE',  ( 4.043979079612999961, -5.149999830640999754, 1.026288079950999910 ) ) ;
#9268 = DIRECTION ( 'NONE',  ( -0.007092178509962118738, 8.685413711206698649E-19, -0.9999748501857348426 ) ) ;
#9269 = EDGE_CURVE ( 'NONE', #3850, #4831, #10031, .T. ) ;
#9270 = EDGE_LOOP ( 'NONE', ( #6452, #10464, #8745, #4044 ) ) ;
#9271 = CARTESIAN_POINT ( 'NONE',  ( 2.951831849623999915, -5.149999830640999754, 0.7988910422709999404 ) ) ;
#9272 = PLANE ( 'NONE',  #1494 ) ;
#9273 = ORIENTED_EDGE ( 'NONE', *, *, #5326, .F. ) ;
#9274 = VERTEX_POINT ( 'NONE', #4119 ) ;
#9275 = LINE ( 'NONE', #1986, #2091 ) ;
#9276 = ORIENTED_EDGE ( 'NONE', *, *, #1552, .F. ) ;
#9277 = SURFACE_STYLE_USAGE ( .BOTH. , #1565 ) ;
#9278 = ADVANCED_FACE ( 'NONE', ( #3264 ), #9939, .F. ) ;
#9279 = ADVANCED_FACE ( 'NONE', ( #5566 ), #3969, .F. ) ;
#9280 = CARTESIAN_POINT ( 'NONE',  ( 0.000000000000000000, 0.000000000000000000, 1.049999966214999914 ) ) ;
#9281 = SURFACE_SIDE_STYLE ('',( #7571 ) ) ;
#9282 = CARTESIAN_POINT ( 'NONE',  ( 4.206359715678000377, -5.150999830607999819, 0.8969310473210000412 ) ) ;
#9283 = ORIENTED_EDGE ( 'NONE', *, *, #8883, .F. ) ;
#9284 = CARTESIAN_POINT ( 'NONE',  ( 2.603501313235999870, -5.149999830640999754, 0.6177165876150000345 ) ) ;
#9285 = VECTOR ( 'NONE', #4957, 1000.000000000000000 ) ;
#9286 = CARTESIAN_POINT ( 'NONE',  ( 4.876664484086999707, -1.194438310191000233E-15, 2.698346358426999991 ) ) ;
#9287 = VERTEX_POINT ( 'NONE', #6555 ) ;
#9288 = CARTESIAN_POINT ( 'NONE',  ( 3.756616741260999870, -5.150999830607999819, 0.8478196481659999728 ) ) ;
#9289 = ORIENTED_EDGE ( 'NONE', *, *, #4003, .T. ) ;
#9290 = VECTOR ( 'NONE', #656, 1000.000000000000000 ) ;
#9291 = DIRECTION ( 'NONE',  ( 0.9999748501857348426, -1.224615999507674176E-16, -0.007092178509962118738 ) ) ;
#9292 = B_SPLINE_SURFACE_WITH_KNOTS ( 'NONE', 3, 1, ( 
 ( #2300, #2245 ),
 ( #7822, #8034 ),
 ( #4587, #6215 ),
 ( #8636, #539 ) ),
 .UNSPECIFIED., .F., .F., .F.,
 ( 4, 4 ),
 ( 2, 2 ),
 ( 1.000000000000000000, 2.000000000000000000 ),
 ( 0.000000000000000000, 1.000000000000000000 ),
 .UNSPECIFIED. ) ;
#9293 = ORIENTED_EDGE ( 'NONE', *, *, #8112, .F. ) ;
#9294 = CARTESIAN_POINT ( 'NONE',  ( 2.659462695015000211, -5.149999830640999754, 0.7604759268000000905 ) ) ;
#9295 = CARTESIAN_POINT ( 'NONE',  ( 3.547398067840000113, -5.149999830640999754, 1.190352664324999976 ) ) ;
#9296 = ORIENTED_EDGE ( 'NONE', *, *, #4387, .T. ) ;
#9297 = AXIS2_PLACEMENT_3D ( 'NONE', #7880, #7196, #7241 ) ;
#9298 = ORIENTED_EDGE ( 'NONE', *, *, #1522, .F. ) ;
#9299 = ADVANCED_FACE ( 'NONE', ( #7997 ), #4970, .T. ) ;
#9300 = ORIENTED_EDGE ( 'NONE', *, *, #613, .F. ) ;
#9301 = FACE_OUTER_BOUND ( 'NONE', #6616, .T. ) ;
#9302 = CARTESIAN_POINT ( 'NONE',  ( 3.539375103337000006, -5.150999830607999819, 0.7481894170299999702 ) ) ;
#9303 = CIRCLE ( 'NONE', #9962, 4.876664484086999707 ) ;
#9304 = CARTESIAN_POINT ( 'NONE',  ( 2.605562635814000050, -5.150999830607999819, 0.9083526950350000462 ) ) ;
#9305 = CARTESIAN_POINT ( 'NONE',  ( 3.027841716886999990, -5.149999830640999754, 0.7101445423240000387 ) ) ;
#9306 = CARTESIAN_POINT ( 'NONE',  ( -5.149999830640999754, -5.149999830640999754, 2.049999933330000079 ) ) ;
#9307 = EDGE_CURVE ( 'NONE', #1001, #8757, #143, .T. ) ;
#9308 = CARTESIAN_POINT ( 'NONE',  ( 1.249999958892999974, -4.944441160745000730, 2.049999933330000079 ) ) ;
#9309 = B_SPLINE_CURVE_WITH_KNOTS ( 'NONE', 3,
 ( #162, #9271, #9999, #4424 ),
 .UNSPECIFIED., .F., .F.,
 ( 4, 4 ),
 ( 26.00000000000000000, 27.00000000000000000 ),
 .UNSPECIFIED. ) ;
#9310 = VECTOR ( 'NONE', #10414, 1000.000000000000000 ) ;
#9311 = ADVANCED_FACE ( 'NONE', ( #6347 ), #7214, .F. ) ;
#9312 = FACE_OUTER_BOUND ( 'NONE', #1401, .T. ) ;
#9313 = FACE_OUTER_BOUND ( 'NONE', #2721, .T. ) ;
#9314 = VERTEX_POINT ( 'NONE', #2428 ) ;
#9315 = CARTESIAN_POINT ( 'NONE',  ( 4.107465053533000621, -5.150999830607999819, 1.203224970711000097 ) ) ;
#9316 = PRESENTATION_STYLE_ASSIGNMENT (( #10099 ) ) ;
#9317 = CARTESIAN_POINT ( 'NONE',  ( 0.000000000000000000, 0.000000000000000000, 2.698346358426999991 ) ) ;
#9318 = DIRECTION ( 'NONE',  ( -0.3625544875040958015, 4.440011926378172531E-17, -0.9319625762822465465 ) ) ;
#9319 = VECTOR ( 'NONE', #984, 1000.000000000000000 ) ;
#9320 = CARTESIAN_POINT ( 'NONE',  ( 4.103413047115000545, -5.150999830607999819, 1.189008667740999892 ) ) ;
#9321 = DIRECTION ( 'NONE',  ( 1.224646799146999945E-16, 1.000000000000000000, 0.000000000000000000 ) ) ;
#9322 = ORIENTED_EDGE ( 'NONE', *, *, #8464, .F. ) ;
#9323 = PRESENTATION_STYLE_ASSIGNMENT (( #4531 ) ) ;
#9324 = DIRECTION ( 'NONE',  ( 0.000000000000000000, 0.000000000000000000, 1.000000000000000000 ) ) ;
#9325 = EDGE_LOOP ( 'NONE', ( #8522, #240, #6930, #4330 ) ) ;
#9326 = VERTEX_POINT ( 'NONE', #1620 ) ;
#9327 = CARTESIAN_POINT ( 'NONE',  ( 3.994571937651000049, -5.150999830607999819, 1.185101579587000131 ) ) ;
#9328 = ORIENTED_EDGE ( 'NONE', *, *, #3116, .F. ) ;
#9329 = CARTESIAN_POINT ( 'NONE',  ( 3.517516767493000351, -5.150999830607999819, 0.7229737137549999693 ) ) ;
#9330 = CARTESIAN_POINT ( 'NONE',  ( 3.795204031831000080, -5.150999830607999819, 0.6588251714320000341 ) ) ;
#9331 = CARTESIAN_POINT ( 'NONE',  ( 3.780772408367000015, -5.149999830640999754, 0.6618389209469999201 ) ) ;
#9332 = CARTESIAN_POINT ( 'NONE',  ( 3.029759493028000072, -5.150999830607999819, 1.184426593168999897 ) ) ;
#9333 = AXIS2_PLACEMENT_3D ( 'NONE', #1794, #3390, #5162 ) ;
#9334 = ORIENTED_EDGE ( 'NONE', *, *, #7501, .F. ) ;
#9335 = CARTESIAN_POINT ( 'NONE',  ( 3.498034028674999796, -5.150999830607999819, 1.128003794546999838 ) ) ;
#9336 = CARTESIAN_POINT ( 'NONE',  ( 2.942530655334999690, -5.150999830607999819, 0.7107495988190000169 ) ) ;
#9337 = ORIENTED_EDGE ( 'NONE', *, *, #4162, .T. ) ;
#9338 = EDGE_CURVE ( 'NONE', #10495, #2574, #4878, .T. ) ;
#9339 = ORIENTED_EDGE ( 'NONE', *, *, #6190, .T. ) ;
#9340 = CARTESIAN_POINT ( 'NONE',  ( 3.546637000016999774, -5.150999830607999819, 0.7311894333370000387 ) ) ;
#9341 = CARTESIAN_POINT ( 'NONE',  ( 0.000000000000000000, 0.000000000000000000, 2.392385396886000049 ) ) ;
#9342 = VERTEX_POINT ( 'NONE', #4065 ) ;
#9343 = FACE_OUTER_BOUND ( 'NONE', #2633, .T. ) ;
#9344 = VERTEX_POINT ( 'NONE', #8150 ) ;
#9345 = ORIENTED_EDGE ( 'NONE', *, *, #6632, .T. ) ;
#9346 = FILL_AREA_STYLE_COLOUR ( '', #9711 ) ;
#9347 = VERTEX_POINT ( 'NONE', #3479 ) ;
#9348 = DIRECTION ( 'NONE',  ( 1.224646799146999945E-16, 1.000000000000000000, 0.000000000000000000 ) ) ;
#9349 = CARTESIAN_POINT ( 'NONE',  ( 0.000000000000000000, 0.000000000000000000, 10.04899967027999885 ) ) ;
#9350 =( LENGTH_UNIT ( ) NAMED_UNIT ( * ) SI_UNIT ( .MILLI., .METRE. ) );
#9351 = EDGE_CURVE ( 'NONE', #4834, #5825, #3613, .T. ) ;
#9352 = LINE ( 'NONE', #3663, #3437 ) ;
#9353 = UNCERTAINTY_MEASURE_WITH_UNIT (LENGTH_MEASURE( 1.000000000000000082E-05 ), #5985, 'distance_accuracy_value', 'NONE');
#9354 = EDGE_CURVE ( 'NONE', #4188, #7529, #9907, .T. ) ;
#9355 = CARTESIAN_POINT ( 'NONE',  ( 2.291627199384000058, -5.150999830607999819, 0.8874428006660000090 ) ) ;
#9356 = LINE ( 'NONE', #9933, #8975 ) ;
#9357 = DIRECTION ( 'NONE',  ( 0.000000000000000000, 0.000000000000000000, 1.000000000000000000 ) ) ;
#9358 = EDGE_LOOP ( 'NONE', ( #2468, #9151, #7632, #5774 ) ) ;
#9359 =( LENGTH_UNIT ( ) NAMED_UNIT ( * ) SI_UNIT ( .MILLI., .METRE. ) );
#9360 =( NAMED_UNIT ( * ) SI_UNIT ( $, .STERADIAN. ) SOLID_ANGLE_UNIT ( ) );
#9361 = PRESENTATION_LAYER_ASSIGNMENT (  '', '', ( #6808 ) ) ;
#9362 = CARTESIAN_POINT ( 'NONE',  ( 4.221666978664000425, -5.149999830640999754, 0.7608187312990000173 ) ) ;
#9363 = VECTOR ( 'NONE', #5939, 1000.000000000000000 ) ;
#9364 = EDGE_CURVE ( 'NONE', #1462, #5825, #3098, .T. ) ;
#9365 = EDGE_CURVE ( 'NONE', #8317, #5187, #5074, .T. ) ;
#9366 = DIRECTION ( 'NONE',  ( 0.007092178509965118942, -8.685413711210689176E-19, 0.9999748501857348426 ) ) ;
#9367 = CARTESIAN_POINT ( 'NONE',  ( 5.149999830640999754, -1.249999958892999974, 0.5499999826579999862 ) ) ;
#9368 = ORIENTED_EDGE ( 'NONE', *, *, #8254, .T. ) ;
#9369 = CARTESIAN_POINT ( 'NONE',  ( 3.620391294716999830, -5.150999830607999819, 1.212398283813999722 ) ) ;
#9370 = AXIS2_PLACEMENT_3D ( 'NONE', #5574, #1677, #4779 ) ;
#9371 = CARTESIAN_POINT ( 'NONE',  ( 2.948950192121000402, -5.150999830607999819, 0.8003574814400000736 ) ) ;
#9372 = VERTEX_POINT ( 'NONE', #6668 ) ;
#9373 = ORIENTED_EDGE ( 'NONE', *, *, #1528, .T. ) ;
#9374 = VECTOR ( 'NONE', #4875, 1000.000000000000000 ) ;
#9375 = LINE ( 'NONE', #6770, #4643 ) ;
#9376 = VECTOR ( 'NONE', #6439, 1000.000000000000000 ) ;
#9377 = VECTOR ( 'NONE', #9056, 1000.000000000000114 ) ;
#9378 = ORIENTED_EDGE ( 'NONE', *, *, #5468, .F. ) ;
#9379 = VECTOR ( 'NONE', #10483, 1000.000000000000000 ) ;
#9380 = CARTESIAN_POINT ( 'NONE',  ( 2.908135525646999842, -5.149999830640999754, 0.9582635912820000046 ) ) ;
#9381 = LINE ( 'NONE', #5349, #871 ) ;
#9382 = EDGE_CURVE ( 'NONE', #2962, #6267, #8790, .T. ) ;
#9383 = CARTESIAN_POINT ( 'NONE',  ( 3.078480758888999969, -5.150999830607999819, 0.7141234516050000147 ) ) ;
#9384 = CARTESIAN_POINT ( 'NONE',  ( -1.249999958892999974, -6.749999778023999752, 2.049999933330000079 ) ) ;
#9385 = EDGE_CURVE ( 'NONE', #3031, #7837, #8126, .T. ) ;
#9386 = LINE ( 'NONE', #2101, #9864 ) ;
#9387 =( NAMED_UNIT ( * ) PLANE_ANGLE_UNIT ( ) SI_UNIT ( $, .RADIAN. ) );
#9388 = VECTOR ( 'NONE', #7858, 1000.000000000000000 ) ;
#9389 = ORIENTED_EDGE ( 'NONE', *, *, #8464, .T. ) ;
#9390 = CARTESIAN_POINT ( 'NONE',  ( 3.691528408963000274, -5.149999830640999754, 0.7235071939480000047 ) ) ;
#9391 =( GEOMETRIC_REPRESENTATION_CONTEXT ( 3 ) GLOBAL_UNCERTAINTY_ASSIGNED_CONTEXT ( ( #2647 ) ) GLOBAL_UNIT_ASSIGNED_CONTEXT ( ( #10188, #6143, #7800 ) ) REPRESENTATION_CONTEXT ( 'NONE', 'WORKASPACE' ) );
#9392 = DIRECTION ( 'NONE',  ( -4.595507503446999644E-17, 1.000000000000000000, 0.000000000000000000 ) ) ;
#9393 = VERTEX_POINT ( 'NONE', #4224 ) ;
#9394 = CIRCLE ( 'NONE', #10230, 4.999999835572999984 ) ;
#9395 = ORIENTED_EDGE ( 'NONE', *, *, #9578, .F. ) ;
#9396 = CARTESIAN_POINT ( 'NONE',  ( 3.846236436124000235, -5.150999830607999819, 0.7291685456179999303 ) ) ;
#9397 = MECHANICAL_DESIGN_GEOMETRIC_PRESENTATION_REPRESENTATION (  '', ( #29 ), #6847 ) ;
#9398 = CARTESIAN_POINT ( 'NONE',  ( 3.405903410716000224, -5.150999830607999819, 0.7313557389520000118 ) ) ;
#9399 = VECTOR ( 'NONE', #7565, 1000.000000000000000 ) ;
#9400 = B_SPLINE_CURVE_WITH_KNOTS ( 'NONE', 3,
 ( #5380, #8781, #1476, #631 ),
 .UNSPECIFIED., .F., .F.,
 ( 4, 4 ),
 ( 35.00000000000000000, 36.00000000000000000 ),
 .UNSPECIFIED. ) ;
#9401 = PRESENTATION_STYLE_ASSIGNMENT (( #2270 ) ) ;
#9402 = EDGE_CURVE ( 'NONE', #438, #5029, #8257, .T. ) ;
#9403 = EDGE_CURVE ( 'NONE', #3580, #9897, #2566, .T. ) ;
#9404 = DIRECTION ( 'NONE',  ( 1.224646799146999945E-16, 1.000000000000000000, 0.000000000000000000 ) ) ;
#9405 = VECTOR ( 'NONE', #4782, 1000.000000000000000 ) ;
#9406 = ORIENTED_EDGE ( 'NONE', *, *, #10263, .F. ) ;
#9407 = ORIENTED_EDGE ( 'NONE', *, *, #9241, .F. ) ;
#9408 = EDGE_LOOP ( 'NONE', ( #8075, #3813, #7061, #5550 ) ) ;
#9409 = DIRECTION ( 'NONE',  ( 0.000000000000000000, 0.000000000000000000, -1.000000000000000000 ) ) ;
#9410 = LINE ( 'NONE', #3819, #3533 ) ;
#9411 = DIRECTION ( 'NONE',  ( -0.9693831581461602731, 1.187151981771196319E-16, -0.2455530343990405817 ) ) ;
#9412 = ADVANCED_FACE ( 'NONE', ( #9119 ), #1085, .T. ) ;
#9413 = CARTESIAN_POINT ( 'NONE',  ( 3.952653765086000082, -5.149999830640999754, 1.036397826369999997 ) ) ;
#9414 = VECTOR ( 'NONE', #6253, 1000.000000000000000 ) ;
#9415 = B_SPLINE_CURVE_WITH_KNOTS ( 'NONE', 3,
 ( #9115, #9953, #1824, #5071 ),
 .UNSPECIFIED., .F., .F.,
 ( 4, 4 ),
 ( 0.000000000000000000, 1.000000000000000000 ),
 .UNSPECIFIED. ) ;
#9416 = PLANE ( 'NONE',  #10035 ) ;
#9417 = DIRECTION ( 'NONE',  ( 0.3382111624871290134, -4.141892175756579600E-17, 0.9410702468833581635 ) ) ;
#9418 = ORIENTED_EDGE ( 'NONE', *, *, #3994, .F. ) ;
#9419 = CARTESIAN_POINT ( 'NONE',  ( 4.362929299053000420, -5.150999830607999819, 0.8645231005819999925 ) ) ;
#9420 = CARTESIAN_POINT ( 'NONE',  ( 5.149999830640999754, -1.249999958892999974, 2.549999916887000229 ) ) ;
#9421 = CARTESIAN_POINT ( 'NONE',  ( 3.976819062679000538, -5.149999830640999754, 1.130326892396000149 ) ) ;
#9422 = LINE ( 'NONE', #3626, #2990 ) ;
#9423 = ORIENTED_EDGE ( 'NONE', *, *, #7470, .T. ) ;
#9424 = CARTESIAN_POINT ( 'NONE',  ( 4.146452337122999765, -5.150999830607999819, 0.7261035016779999740 ) ) ;
#9425 = ADVANCED_FACE ( 'NONE', ( #170 ), #1881, .T. ) ;
#9426 = LINE ( 'NONE', #4841, #646 ) ;
#9427 = ORIENTED_EDGE ( 'NONE', *, *, #8420, .T. ) ;
#9428 = ORIENTED_EDGE ( 'NONE', *, *, #9248, .F. ) ;
#9429 = CARTESIAN_POINT ( 'NONE',  ( 3.593774455652000377, -5.150999830607999819, 0.7361580162460000798 ) ) ;
#9430 = LINE ( 'NONE', #7086, #3080 ) ;
#9431 = ORIENTED_EDGE ( 'NONE', *, *, #120, .F. ) ;
#9432 = SURFACE_SIDE_STYLE ('',( #6023 ) ) ;
#9433 = CARTESIAN_POINT ( 'NONE',  ( 4.226662871448999326, -5.149999830640999754, 0.8787987863330000149 ) ) ;
#9434 = CARTESIAN_POINT ( 'NONE',  ( 2.952416451388000240, -5.150999830607999819, 0.8813102736230000733 ) ) ;
#9435 = PLANE ( 'NONE',  #8694 ) ;
#9436 = DIRECTION ( 'NONE',  ( 0.000000000000000000, 0.000000000000000000, 1.000000000000000000 ) ) ;
#9437 = EDGE_LOOP ( 'NONE', ( #9900, #5205, #7468, #2204 ) ) ;
#9438 = EDGE_CURVE ( 'NONE', #6210, #3062, #8642, .T. ) ;
#9439 = DIRECTION ( 'NONE',  ( 0.007092178509966119010, -8.685413711211700289E-19, 0.9999748501857348426 ) ) ;
#9440 = CARTESIAN_POINT ( 'NONE',  ( 4.357078412040999993, -5.149999830640999754, 0.8678919060640000183 ) ) ;
#9441 = ORIENTED_EDGE ( 'NONE', *, *, #4515, .F. ) ;
#9442 = LINE ( 'NONE', #10016, #4819 ) ;
#9443 = ORIENTED_EDGE ( 'NONE', *, *, #2525, .F. ) ;
#9444 = FACE_OUTER_BOUND ( 'NONE', #9358, .T. ) ;
#9445 = B_SPLINE_CURVE_WITH_KNOTS ( 'NONE', 3,
 ( #7678, #9383, #5192, #1132 ),
 .UNSPECIFIED., .F., .F.,
 ( 4, 4 ),
 ( 33.00000000000000000, 34.00000000000000000 ),
 .UNSPECIFIED. ) ;
#9446 = FILL_AREA_STYLE ('',( #3059 ) ) ;
#9447 = CARTESIAN_POINT ( 'NONE',  ( 4.267364653849000433, -5.150999830607999819, 0.7020587644519999948 ) ) ;
#9448 = EDGE_LOOP ( 'NONE', ( #8834, #6016, #3761, #2961, #5464, #8768, #7617 ) ) ;
#9449 = EDGE_LOOP ( 'NONE', ( #657, #8389, #5080, #3943 ) ) ;
#9450 = CARTESIAN_POINT ( 'NONE',  ( 2.995282267205999993, -5.150999830607999819, 1.216483638880999862 ) ) ;
#9451 = ORIENTED_EDGE ( 'NONE', *, *, #7471, .T. ) ;
#9452 = CARTESIAN_POINT ( 'NONE',  ( 3.799694109084000182, -5.149999830640999754, 1.028020636141999899 ) ) ;
#9453 = CARTESIAN_POINT ( 'NONE',  ( 4.359235304064999816, -5.149999830640999754, 0.8787943409569999309 ) ) ;
#9454 = EDGE_CURVE ( 'NONE', #9287, #7130, #5295, .T. ) ;
#9455 = CARTESIAN_POINT ( 'NONE',  ( -1.999999934228999798, 0.4999999835569999274, 0.3499999892349999753 ) ) ;
#9456 = DIRECTION ( 'NONE',  ( 0.000000000000000000, 0.000000000000000000, 1.000000000000000000 ) ) ;
#9457 = MECHANICAL_DESIGN_GEOMETRIC_PRESENTATION_REPRESENTATION (  '', ( #8960 ), #3009 ) ;
#9458 = CARTESIAN_POINT ( 'NONE',  ( 3.545149352581999924, -5.150999830607999819, 1.071209362890999772 ) ) ;
#9459 = CARTESIAN_POINT ( 'NONE',  ( 2.603501313235999870, -5.150999830607999819, 0.6177165876150000345 ) ) ;
#9460 = ORIENTED_EDGE ( 'NONE', *, *, #7159, .F. ) ;
#9461 = FACE_OUTER_BOUND ( 'NONE', #6224, .T. ) ;
#9462 = FACE_BOUND ( 'NONE', #6112, .T. ) ;
#9463 = DIRECTION ( 'NONE',  ( 1.224646799146999945E-16, 1.000000000000000000, 0.000000000000000000 ) ) ;
#9464 = CARTESIAN_POINT ( 'NONE',  ( 3.721169240127000233, -5.149999830640999754, 0.7025012899450000514 ) ) ;
#9465 = CARTESIAN_POINT ( 'NONE',  ( 3.954923132601000368, -5.149999830640999754, 1.187774286336999996 ) ) ;
#9466 = SURFACE_SIDE_STYLE ('',( #2820 ) ) ;
#9467 = B_SPLINE_CURVE_WITH_KNOTS ( 'NONE', 3,
 ( #2390, #5641, #1588, #4893 ),
 .UNSPECIFIED., .F., .F.,
 ( 4, 4 ),
 ( 7.000000000000000000, 8.000000000000000000 ),
 .UNSPECIFIED. ) ;
#9468 = VERTEX_POINT ( 'NONE', #8686 ) ;
#9469 = VECTOR ( 'NONE', #3159, 1000.000000000000000 ) ;
#9470 =( NAMED_UNIT ( * ) SI_UNIT ( $, .STERADIAN. ) SOLID_ANGLE_UNIT ( ) );
#9471 = ORIENTED_EDGE ( 'NONE', *, *, #4332, .T. ) ;
#9472 = EDGE_LOOP ( 'NONE', ( #8309, #9061, #9003, #2348 ) ) ;
#9473 = DIRECTION ( 'NONE',  ( 1.224646799146999945E-16, 1.000000000000000000, 0.000000000000000000 ) ) ;
#9474 = CARTESIAN_POINT ( 'NONE',  ( 3.944150803854999499, -5.150999830607999819, 0.9077328691820000239 ) ) ;
#9475 = ORIENTED_EDGE ( 'NONE', *, *, #8391, .F. ) ;
#9476 = CYLINDRICAL_SURFACE ( 'NONE', #4719, 5.099999832285000423 ) ;
#9478 = DIRECTION ( 'NONE',  ( 6.033355342805999262E-18, -1.000000000000000000, 0.000000000000000000 ) ) ;
#9477 = PRESENTATION_LAYER_ASSIGNMENT (  '', '', ( #9977 ) ) ;
#9479 = AXIS2_PLACEMENT_3D ( 'NONE', #4896, #10406, #8122 ) ;
#9480 = B_SPLINE_CURVE_WITH_KNOTS ( 'NONE', 3,
 ( #8185, #5051, #7444, #5849 ),
 .UNSPECIFIED., .F., .F.,
 ( 4, 4 ),
 ( 5.000000000000000000, 6.000000000000000000 ),
 .UNSPECIFIED. ) ;
#9481 = PRESENTATION_STYLE_ASSIGNMENT (( #7882 ) ) ;
#9482 = EDGE_CURVE ( 'NONE', #1645, #3945, #6121, .T. ) ;
#9483 = ADVANCED_FACE ( 'NONE', ( #2837 ), #7828, .F. ) ;
#9484 = DIRECTION ( 'NONE',  ( -1.000000000000000000, 1.224646799146999945E-16, 0.000000000000000000 ) ) ;
#9485 = CARTESIAN_POINT ( 'NONE',  ( 3.847843228274000271, -5.149999830640999754, 0.7358117674830000343 ) ) ;
#9486 = ORIENTED_EDGE ( 'NONE', *, *, #6998, .F. ) ;
#9487 = CARTESIAN_POINT ( 'NONE',  ( 3.754499658035000298, -5.150999830607999819, 0.7692269904199999786 ) ) ;
#9488 = ADVANCED_FACE ( 'NONE', ( #3686 ), #7733, .T. ) ;
#9489 = CARTESIAN_POINT ( 'NONE',  ( 3.721777607379000319, -5.149999830640999754, 0.7882791578680000688 ) ) ;
#9490 = ORIENTED_EDGE ( 'NONE', *, *, #5585, .T. ) ;
#9491 = SURFACE_SIDE_STYLE ('',( #10428 ) ) ;
#9492 = ORIENTED_EDGE ( 'NONE', *, *, #2965, .T. ) ;
#9493 = CARTESIAN_POINT ( 'NONE',  ( 5.149999830640999754, -5.149999830640999754, 0.04999999910078999771 ) ) ;
#9494 = PLANE ( 'NONE',  #8149 ) ;
#9495 = ADVANCED_FACE ( 'NONE', ( #1243 ), #9435, .T. ) ;
#9496 = CARTESIAN_POINT ( 'NONE',  ( 3.665384331722000066, -5.149999830640999754, 0.8123861950469999371 ) ) ;
#9497 = EDGE_CURVE ( 'NONE', #10162, #6640, #9531, .T. ) ;
#9498 = LINE ( 'NONE', #1412, #4120 ) ;
#9499 = CARTESIAN_POINT ( 'NONE',  ( 4.359859143105000001, -5.149999830640999754, 0.8787899164679999764 ) ) ;
#9500 = ORIENTED_EDGE ( 'NONE', *, *, #1948, .F. ) ;
#9501 = ORIENTED_EDGE ( 'NONE', *, *, #8484, .T. ) ;
#9502 = AXIS2_PLACEMENT_3D ( 'NONE', #10425, #5559, #2363 ) ;
#9503 =( GEOMETRIC_REPRESENTATION_CONTEXT ( 3 ) GLOBAL_UNCERTAINTY_ASSIGNED_CONTEXT ( ( #9742 ) ) GLOBAL_UNIT_ASSIGNED_CONTEXT ( ( #5642, #8070, #6311 ) ) REPRESENTATION_CONTEXT ( 'NONE', 'WORKASPACE' ) );
#9504 =( LENGTH_UNIT ( ) NAMED_UNIT ( * ) SI_UNIT ( .MILLI., .METRE. ) );
#9505 = EDGE_LOOP ( 'NONE', ( #9950, #4289, #4511, #6496 ) ) ;
#9506 = DIRECTION ( 'NONE',  ( 1.224646799146999945E-16, 1.000000000000000000, 0.000000000000000000 ) ) ;
#9507 =( NAMED_UNIT ( * ) SI_UNIT ( $, .STERADIAN. ) SOLID_ANGLE_UNIT ( ) );
#9508 = LINE ( 'NONE', #467, #4623 ) ;
#9509 = CARTESIAN_POINT ( 'NONE',  ( 4.229393081471999771, -5.149999830640999754, 0.8312612924240000423 ) ) ;
#9510 = STYLED_ITEM ( 'NONE', ( #4100 ), #548 ) ;
#9511 = CARTESIAN_POINT ( 'NONE',  ( 3.665384331722000066, -5.149999830640999754, 0.8123861950469999371 ) ) ;
#9512 = CARTESIAN_POINT ( 'NONE',  ( 3.954923132601000368, -5.149999830640999754, 1.187774286336999996 ) ) ;
#9513 = VERTEX_POINT ( 'NONE', #5507 ) ;
#9514 = CARTESIAN_POINT ( 'NONE',  ( 2.946058334734000361, -5.150999830607999819, 0.8003779915239999099 ) ) ;
#9515 = LINE ( 'NONE', #3783, #7261 ) ;
#9516 = CARTESIAN_POINT ( 'NONE',  ( 4.110535209482000241, -5.150999830607999819, 1.188958154824000024 ) ) ;
#9517 = B_SPLINE_CURVE_WITH_KNOTS ( 'NONE', 3,
 ( #1909, #6048, #6795, #252 ),
 .UNSPECIFIED., .F., .F.,
 ( 4, 4 ),
 ( 34.00000000000000000, 35.00000000000000000 ),
 .UNSPECIFIED. ) ;
#9518 = DIRECTION ( 'NONE',  ( 0.9999748501857348426, -1.224615999507673436E-16, -0.007092178509966119010 ) ) ;
#9519 = CARTESIAN_POINT ( 'NONE',  ( 3.613491401429000049, -5.149999830640999754, 0.8552814051569999076 ) ) ;
#9520 = ADVANCED_FACE ( 'NONE', ( #1184 ), #927, .F. ) ;
#9521 = ORIENTED_EDGE ( 'NONE', *, *, #2050, .F. ) ;
#9522 = ORIENTED_EDGE ( 'NONE', *, *, #7283, .F. ) ;
#9523 = ORIENTED_EDGE ( 'NONE', *, *, #7597, .T. ) ;
#9524 = CARTESIAN_POINT ( 'NONE',  ( 3.916289671216999224, -5.150999830607999819, 0.8498065428600000137 ) ) ;
#9525 = VECTOR ( 'NONE', #7107, 1000.000000000000000 ) ;
#9526 = CARTESIAN_POINT ( 'NONE',  ( 3.012715674600999982, -5.150999830607999819, 1.024038874869000137 ) ) ;
#9527 = EDGE_LOOP ( 'NONE', ( #269, #6573, #4775, #330, #9337, #5652, #4374, #6686 ) ) ;
#9528 = CARTESIAN_POINT ( 'NONE',  ( 4.014970564279999543, -5.150999830607999819, 1.026493818694000026 ) ) ;
#9529 = CARTESIAN_POINT ( 'NONE',  ( 4.999999835572999984, -6.123233794371999481E-16, 3.027168101175000015 ) ) ;
#9530 = DIRECTION ( 'NONE',  ( 1.224646799146999945E-16, 1.000000000000000000, 0.000000000000000000 ) ) ;
#9531 = LINE ( 'NONE', #3846, #706 ) ;
#9532 = CARTESIAN_POINT ( 'NONE',  ( 2.625252213153999925, -5.149999830640999754, 1.237906332211999860 ) ) ;
#9533 = SURFACE_STYLE_USAGE ( .BOTH. , #10222 ) ;
#9534 = VECTOR ( 'NONE', #8189, 1000.000000000000000 ) ;
#9535 = ORIENTED_EDGE ( 'NONE', *, *, #5432, .F. ) ;
#9536 = ORIENTED_EDGE ( 'NONE', *, *, #7546, .F. ) ;
#9537 = CARTESIAN_POINT ( 'NONE',  ( 3.748826853226999489, -5.149999830640999754, 0.7757138849769998901 ) ) ;
#9538 = VECTOR ( 'NONE', #5903, 1000.000000000000000 ) ;
#9540 = VECTOR ( 'NONE', #10505, 1000.000000000000114 ) ;
#9539 = LINE ( 'NONE', #5404, #3326 ) ;
#9541 = VERTEX_POINT ( 'NONE', #8851 ) ;
#9542 = LINE ( 'NONE', #6343, #8378 ) ;
#9543 = CARTESIAN_POINT ( 'NONE',  ( 3.173982776862000144, -5.150999830607999819, 1.029040713617999980 ) ) ;
#9544 = CARTESIAN_POINT ( 'NONE',  ( 3.665475771162999941, -5.150999830607999819, 0.8252788685280000314 ) ) ;
#9545 = AXIS2_PLACEMENT_3D ( 'NONE', #2383, #6517, #9763 ) ;
#9546 = MECHANICAL_DESIGN_GEOMETRIC_PRESENTATION_REPRESENTATION (  '', ( #10226 ), #7512 ) ;
#9547 = LINE ( 'NONE', #3812, #9525 ) ;
#9548 = ORIENTED_EDGE ( 'NONE', *, *, #1959, .T. ) ;
#9549 = EDGE_LOOP ( 'NONE', ( #8469, #4572, #988, #6243 ) ) ;
#9550 = EDGE_CURVE ( 'NONE', #9139, #1346, #3304, .T. ) ;
#9551 = AXIS2_PLACEMENT_3D ( 'NONE', #1992, #5245, #6720 ) ;
#9552 = EDGE_CURVE ( 'NONE', #5300, #2604, #279, .T. ) ;
#9553 = ORIENTED_EDGE ( 'NONE', *, *, #6404, .F. ) ;
#9554 = CARTESIAN_POINT ( 'NONE',  ( 4.944441160745000730, -1.249999958892999974, 2.049999933330000079 ) ) ;
#9555 = DIRECTION ( 'NONE',  ( 1.224646799146999945E-16, 1.000000000000000000, 0.000000000000000000 ) ) ;
#9556 = PRODUCT_DEFINITION_SHAPE ( 'NONE', 'NONE',  #889 ) ;
#9557 = CARTESIAN_POINT ( 'NONE',  ( 3.407015432310999792, -5.150999830607999819, 0.8881472841990000200 ) ) ;
#9558 = VECTOR ( 'NONE', #5282, 1000.000000000000000 ) ;
#9559 = AXIS2_PLACEMENT_3D ( 'NONE', #4365, #7714, #9934 ) ;
#9560 = CARTESIAN_POINT ( 'NONE',  ( 2.605562635814000050, -5.150999830607999819, 0.9083526950350000462 ) ) ;
#9561 = EDGE_CURVE ( 'NONE', #5377, #9139, #9683, .T. ) ;
#9562 = CARTESIAN_POINT ( 'NONE',  ( 3.760120476255000010, -5.149999830640999754, 0.7627404645699999985 ) ) ;
#9563 = CARTESIAN_POINT ( 'NONE',  ( 3.928399656579000254, -5.150999830607999819, 1.230489567224000158 ) ) ;
#9564 = ORIENTED_EDGE ( 'NONE', *, *, #10273, .F. ) ;
#9565 = CARTESIAN_POINT ( 'NONE',  ( 3.694328326737999824, -5.150999830607999819, 0.8250742359069999088 ) ) ;
#9566 = PLANE ( 'NONE',  #9658 ) ;
#9567 = SURFACE_STYLE_USAGE ( .BOTH. , #6312 ) ;
#9568 = CARTESIAN_POINT ( 'NONE',  ( 2.951831849623999915, -5.150999830607999819, 0.7988910422709999404 ) ) ;
#9569 = B_SPLINE_CURVE_WITH_KNOTS ( 'NONE', 3,
 ( #784, #5946, #9983, #5215 ),
 .UNSPECIFIED., .F., .F.,
 ( 4, 4 ),
 ( 10.00000000000000000, 11.00000000000000000 ),
 .UNSPECIFIED. ) ;
#9570 = CARTESIAN_POINT ( 'NONE',  ( 3.894049763800000008, -5.149999830640999754, 1.027351432164999911 ) ) ;
#9571 = CARTESIAN_POINT ( 'NONE',  ( 3.630620051249000113, -5.149999830640999754, 0.8000513689360000402 ) ) ;
#9572 = ORIENTED_EDGE ( 'NONE', *, *, #6101, .T. ) ;
#9573 = CARTESIAN_POINT ( 'NONE',  ( 3.489022267440999858, -5.150999830607999819, 1.030224031716000077 ) ) ;
#9574 = ORIENTED_EDGE ( 'NONE', *, *, #7998, .F. ) ;
#9575 = ORIENTED_EDGE ( 'NONE', *, *, #454, .T. ) ;
#9576 = CARTESIAN_POINT ( 'NONE',  ( 3.762855115409999840, -5.149999830640999754, 0.7451487193829999800 ) ) ;
#9577 = CARTESIAN_POINT ( 'NONE',  ( 3.622326969247999795, -5.150999830607999819, 1.236091631260999968 ) ) ;
#9578 = EDGE_CURVE ( 'NONE', #2782, #10007, #8949, .T. ) ;
#9579 = ORIENTED_EDGE ( 'NONE', *, *, #9862, .T. ) ;
#9580 = CARTESIAN_POINT ( 'NONE',  ( 4.048737857553000197, -5.150999830607999819, 0.8835959597410000255 ) ) ;
#9581 = CARTESIAN_POINT ( 'NONE',  ( 3.159884697628999817, -5.149999830640999754, 0.7742791034429999941 ) ) ;
#9582 = EDGE_CURVE ( 'NONE', #1249, #2782, #7929, .T. ) ;
#9583 = CARTESIAN_POINT ( 'NONE',  ( 3.604816999366999397, -5.150999830607999819, 0.7537560271359999842 ) ) ;
#9584 = LINE ( 'NONE', #8040, #8008 ) ;
#9585 =( NAMED_UNIT ( * ) SI_UNIT ( $, .STERADIAN. ) SOLID_ANGLE_UNIT ( ) );
#9586 = ORIENTED_EDGE ( 'NONE', *, *, #6190, .F. ) ;
#9587 = ORIENTED_EDGE ( 'NONE', *, *, #4761, .T. ) ;
#9588 = CARTESIAN_POINT ( 'NONE',  ( 3.528221963638999981, -5.149999830640999754, 0.8176221140439999813 ) ) ;
#9589 = DIRECTION ( 'NONE',  ( -1.000000000000000000, 1.224646799146999945E-16, 0.000000000000000000 ) ) ;
#9590 = ORIENTED_EDGE ( 'NONE', *, *, #6140, .T. ) ;
#9591 = B_SPLINE_CURVE_WITH_KNOTS ( 'NONE', 3,
 ( #5412, #7003, #407, #9294, #3758, #8653, #5361 ),
 .UNSPECIFIED., .F., .F.,
 ( 4, 3, 4 ),
 ( 0.000000000000000000, 1.000000000000000000, 2.000000000000000000 ),
 .UNSPECIFIED. ) ;
#9592 = CARTESIAN_POINT ( 'NONE',  ( 2.465766925326000170, -5.150999830607999819, 1.178304468064000021 ) ) ;
#9593 = EDGE_CURVE ( 'NONE', #178, #2788, #754, .T. ) ;
#9594 = EDGE_CURVE ( 'NONE', #3238, #834, #650, .T. ) ;
#9595 = FILL_AREA_STYLE ('',( #5519 ) ) ;
#9596 = FACE_OUTER_BOUND ( 'NONE', #10491, .T. ) ;
#9597 = SURFACE_STYLE_FILL_AREA ( #2208 ) ;
#9598 = LINE ( 'NONE', #565, #9137 ) ;
#9599 = DIRECTION ( 'NONE',  ( 0.9999748501857348426, -1.224615999507675655E-16, -0.007092178509961118670 ) ) ;
#9600 = CARTESIAN_POINT ( 'NONE',  ( 2.749121908788000113, -5.149999830640999754, 0.7612861434059999821 ) ) ;
#9601 = ORIENTED_EDGE ( 'NONE', *, *, #5206, .T. ) ;
#9602 = VERTEX_POINT ( 'NONE', #1548 ) ;
#9603 = VERTEX_POINT ( 'NONE', #2307 ) ;
#9604 = PLANE ( 'NONE',  #8701 ) ;
#9605 = CARTESIAN_POINT ( 'NONE',  ( 4.197963349183000403, -5.150999830607999819, 1.025195968557000015 ) ) ;
#9606 = DIRECTION ( 'NONE',  ( -1.224646799146999945E-16, -1.000000000000000000, 0.000000000000000000 ) ) ;
#9607 = ADVANCED_FACE ( 'NONE', ( #7353 ), #172, .F. ) ;
#9608 = CARTESIAN_POINT ( 'NONE',  ( 2.687848522471000035, -5.150999830607999819, 0.8889707998199999350 ) ) ;
#9609 = DIRECTION ( 'NONE',  ( 1.224646799146999945E-16, 1.000000000000000000, 0.000000000000000000 ) ) ;
#9610 = LINE ( 'NONE', #7172, #11 ) ;
#9611 = CARTESIAN_POINT ( 'NONE',  ( -1.249999958892999974, 4.944441160745000730, 0.5499999826579999862 ) ) ;
#9612 = ORIENTED_EDGE ( 'NONE', *, *, #5940, .F. ) ;
#9613 = LINE ( 'NONE', #3827, #9414 ) ;
#9614 = VECTOR ( 'NONE', #5011, 1000.000000000000114 ) ;
#9615 = CARTESIAN_POINT ( 'NONE',  ( 3.721777607379000319, -5.149999830640999754, 0.7882791578680000688 ) ) ;
#9616 = ADVANCED_FACE ( 'NONE', ( #1442 ), #9785, .F. ) ;
#9617 = CARTESIAN_POINT ( 'NONE',  ( 1.249999958892999974, -6.749999778023999752, 0.5499999826579999862 ) ) ;
#9618 = CARTESIAN_POINT ( 'NONE',  ( 3.545149352581999924, -5.149999830640999754, 1.071209362890999772 ) ) ;
#9619 = ORIENTED_EDGE ( 'NONE', *, *, #5326, .T. ) ;
#9620 = PLANE ( 'NONE',  #540 ) ;
#9621 = STYLED_ITEM ( 'NONE', ( #8095 ), #7243 ) ;
#9622 = ORIENTED_EDGE ( 'NONE', *, *, #47, .T. ) ;
#9623 = ORIENTED_EDGE ( 'NONE', *, *, #9046, .F. ) ;
#9624 = DIRECTION ( 'NONE',  ( -0.9999748501857348426, 1.224615999507675655E-16, 0.007092178509961118670 ) ) ;
#9625 = EDGE_CURVE ( 'NONE', #1829, #9075, #7630, .T. ) ;
#9626 = ADVANCED_FACE ( 'NONE', ( #3095 ), #4004, .T. ) ;
#9627 = ORIENTED_EDGE ( 'NONE', *, *, #717, .T. ) ;
#9628 = LINE ( 'NONE', #8081, #2400 ) ;
#9629 = CARTESIAN_POINT ( 'NONE',  ( 3.539325696542000355, -5.149999830640999754, 0.7412232144229998765 ) ) ;
#9630 = UNCERTAINTY_MEASURE_WITH_UNIT (LENGTH_MEASURE( 1.000000000000000082E-05 ), #4249, 'distance_accuracy_value', 'NONE');
#9631 = STYLED_ITEM ( 'NONE', ( #8947 ), #7606 ) ;
#9632 = FACE_OUTER_BOUND ( 'NONE', #3971, .T. ) ;
#9633 = ORIENTED_EDGE ( 'NONE', *, *, #2940, .T. ) ;
#9634 = ORIENTED_EDGE ( 'NONE', *, *, #2050, .T. ) ;
#9635 = CARTESIAN_POINT ( 'NONE',  ( 3.124699917163999974, -5.149999830640999754, 0.9104548214489999181 ) ) ;
#9636 = LINE ( 'NONE', #1503, #449 ) ;
#9637 = ORIENTED_EDGE ( 'NONE', *, *, #8535, .T. ) ;
#9638 = ADVANCED_FACE ( 'NONE', ( #4048 ), #1607, .F. ) ;
#9639 = AXIS2_PLACEMENT_3D ( 'NONE', #1805, #944, #2399 ) ;
#9640 = CARTESIAN_POINT ( 'NONE',  ( -2.249999926008000362, -0.4499999852019999635, 7.450579042612001036E-10 ) ) ;
#9641 = VECTOR ( 'NONE', #1839, 1000.000000000000114 ) ;
#9642 = FACE_OUTER_BOUND ( 'NONE', #7478, .T. ) ;
#9643 = FILL_AREA_STYLE_COLOUR ( '', #6138 ) ;
#9644 = SURFACE_STYLE_FILL_AREA ( #6397 ) ;
#9645 = LINE ( 'NONE', #8766, #4558 ) ;
#9646 = CARTESIAN_POINT ( 'NONE',  ( 3.664512342141999834, -5.150999830607999819, 0.7114293499519999120 ) ) ;
#9647 = CARTESIAN_POINT ( 'NONE',  ( 3.593811321753000332, -5.149999830640999754, 0.7120347652239999992 ) ) ;
#9648 = VERTEX_POINT ( 'NONE', #6383 ) ;
#9649 = ADVANCED_FACE ( 'NONE', ( #9632 ), #1788, .F. ) ;
#9650 = VERTEX_POINT ( 'NONE', #9893 ) ;
#9651 = CARTESIAN_POINT ( 'NONE',  ( 3.527966885400999786, -5.149999830640999754, 1.206815086515000024 ) ) ;
#9652 = ORIENTED_EDGE ( 'NONE', *, *, #8770, .F. ) ;
#9653 = CARTESIAN_POINT ( 'NONE',  ( 4.229213152248999741, -5.150999830607999819, 0.8058918381530000286 ) ) ;
#9654 = B_SPLINE_SURFACE_WITH_KNOTS ( 'NONE', 3, 1, ( 
 ( #6967, #1160 ),
 ( #10195, #2912 ),
 ( #6152, #9413 ),
 ( #7599, #5219 ) ),
 .UNSPECIFIED., .F., .F., .F.,
 ( 4, 4 ),
 ( 2, 2 ),
 ( 5.000000000000000000, 6.000000000000000000 ),
 ( 0.000000000000000000, 1.000000000000000000 ),
 .UNSPECIFIED. ) ;
#9655 = CARTESIAN_POINT ( 'NONE',  ( 2.351649519926000131, -5.150999830607999819, 0.7872415132179999553 ) ) ;
#9656 = PRESENTATION_STYLE_ASSIGNMENT (( #4077 ) ) ;
#9657 = AXIS2_PLACEMENT_3D ( 'NONE', #3018, #915, #3070 ) ;
#9658 = AXIS2_PLACEMENT_3D ( 'NONE', #828, #7178, #4083 ) ;
#9659 = APPLICATION_CONTEXT ( 'automotive_design' ) ;
#9660 = LINE ( 'NONE', #6166, #8817 ) ;
#9661 = CARTESIAN_POINT ( 'NONE',  ( 2.583658042046999892, -5.150999830607999819, 1.082030869061000100 ) ) ;
#9662 = B_SPLINE_SURFACE_WITH_KNOTS ( 'NONE', 3, 1, ( 
 ( #2939, #8584 ),
 ( #5394, #3040 ),
 ( #4538, #1284 ),
 ( #10168, #7089 ) ),
 .UNSPECIFIED., .F., .F., .F.,
 ( 4, 4 ),
 ( 2, 2 ),
 ( 1.000000000000000000, 2.000000000000000000 ),
 ( 0.000000000000000000, 1.000000000000000000 ),
 .UNSPECIFIED. ) ;
#9663 = CARTESIAN_POINT ( 'NONE',  ( 2.561179156617999997, -5.150999830607999819, 1.174735726246999956 ) ) ;
#9664 = ORIENTED_EDGE ( 'NONE', *, *, #3871, .T. ) ;
#9665 = CARTESIAN_POINT ( 'NONE',  ( 2.919405665175000220, -5.149999830640999754, 0.7123596109270000643 ) ) ;
#9666 = CARTESIAN_POINT ( 'NONE',  ( 4.103413047115000545, -5.150999830607999819, 1.189008667740999892 ) ) ;
#9667 = CARTESIAN_POINT ( 'NONE',  ( -5.149999830640999754, 0.4999999835569999274, 0.3499999892349999753 ) ) ;
#9668 =( LENGTH_UNIT ( ) NAMED_UNIT ( * ) SI_UNIT ( .MILLI., .METRE. ) );
#9669 = CARTESIAN_POINT ( 'NONE',  ( 4.256599754949999870, -5.149999830640999754, 0.7749199952300001026 ) ) ;
#9670 = B_SPLINE_CURVE_WITH_KNOTS ( 'NONE', 3,
 ( #7868, #7026, #10256, #10151 ),
 .UNSPECIFIED., .F., .F.,
 ( 4, 4 ),
 ( 16.00000000000000000, 17.00000000000000000 ),
 .UNSPECIFIED. ) ;
#9671 = CARTESIAN_POINT ( 'NONE',  ( 2.249999926008000362, 0.4499999852019999635, 0.3499999892349999753 ) ) ;
#9672 = ORIENTED_EDGE ( 'NONE', *, *, #9747, .T. ) ;
#9673 = FACE_OUTER_BOUND ( 'NONE', #7532, .T. ) ;
#9674 = EDGE_CURVE ( 'NONE', #1784, #7157, #3568, .T. ) ;
#9675 = ORIENTED_EDGE ( 'NONE', *, *, #3982, .F. ) ;
#9676 =( NAMED_UNIT ( * ) PLANE_ANGLE_UNIT ( ) SI_UNIT ( $, .RADIAN. ) );
#9677 = LINE ( 'NONE', #945, #4130 ) ;
#9678 = ADVANCED_FACE ( 'NONE', ( #319 ), #1117, .F. ) ;
#9679 = EDGE_CURVE ( 'NONE', #6391, #9224, #519, .T. ) ;
#9680 = EDGE_LOOP ( 'NONE', ( #1355, #3074, #9014, #5409 ) ) ;
#9681 = CARTESIAN_POINT ( 'NONE',  ( 3.074891546108000195, -5.150999830607999819, 1.023597901399000198 ) ) ;
#9682 = LINE ( 'NONE', #4809, #6738 ) ;
#9683 = LINE ( 'NONE', #6334, #1558 ) ;
#9684 = CARTESIAN_POINT ( 'NONE',  ( 3.408191608997999555, -5.150999830607999819, 1.053984495517999997 ) ) ;
#9685 = SHAPE_DEFINITION_REPRESENTATION ( #4726, #9077 ) ;
#9686 = VERTEX_POINT ( 'NONE', #9836 ) ;
#9687 = ORIENTED_EDGE ( 'NONE', *, *, #4170, .T. ) ;
#9688 = CARTESIAN_POINT ( 'NONE',  ( 3.527966885400999786, -5.150999830607999819, 1.206815086515000024 ) ) ;
#9689 = VERTEX_POINT ( 'NONE', #156 ) ;
#9690 = CARTESIAN_POINT ( 'NONE',  ( 2.361166224039000117, -5.150999830607999819, 1.109637203277999973 ) ) ;
#9691 = CARTESIAN_POINT ( 'NONE',  ( 3.994571937651000049, -5.150999830607999819, 1.185101579587000131 ) ) ;
#9692 = LINE ( 'NONE', #4713, #4283 ) ;
#9693 =( NAMED_UNIT ( * ) SI_UNIT ( $, .STERADIAN. ) SOLID_ANGLE_UNIT ( ) );
#9694 = CARTESIAN_POINT ( 'NONE',  ( 3.799694109084000182, -5.150999830607999819, 1.028020636141999899 ) ) ;
#9695 = EDGE_CURVE ( 'NONE', #7824, #3038, #951, .T. ) ;
#9696 = VECTOR ( 'NONE', #719, 1000.000000000000114 ) ;
#9697 = VECTOR ( 'NONE', #4807, 1000.000000000000000 ) ;
#9698 = CARTESIAN_POINT ( 'NONE',  ( 4.121945718565999783, -5.149999830640999754, 1.229116869479000007 ) ) ;
#9699 = CARTESIAN_POINT ( 'NONE',  ( 3.780611651929000061, -5.150999830607999819, 0.6391727691799999889 ) ) ;
#9700 = AXIS2_PLACEMENT_3D ( 'NONE', #7545, #9094, #2600 ) ;
#9701 = ORIENTED_EDGE ( 'NONE', *, *, #5270, .F. ) ;
#9702 = EDGE_LOOP ( 'NONE', ( #9652, #5008, #8169, #2735 ) ) ;
#9703 = PRODUCT_DEFINITION_FORMATION_WITH_SPECIFIED_SOURCE ( '任何', '', #4635, .NOT_KNOWN. ) ;
#9704 = ORIENTED_EDGE ( 'NONE', *, *, #1297, .F. ) ;
#9705 = DIRECTION ( 'NONE',  ( -0.007092178509932121899, 8.685413711169703460E-19, -0.9999748501857351757 ) ) ;
#9706 = VECTOR ( 'NONE', #8912, 1000.000000000000000 ) ;
#9707 = EDGE_CURVE ( 'NONE', #840, #8223, #5117, .T. ) ;
#9708 = VERTEX_POINT ( 'NONE', #3518 ) ;
#9709 = VECTOR ( 'NONE', #2452, 1000.000000000000000 ) ;
#9710 = CARTESIAN_POINT ( 'NONE',  ( 3.578504428634000423, -5.149999830640999754, 0.8555295452540000456 ) ) ;
#9711 = COLOUR_RGB ( '',0.2470588235294117752, 0.2470588235294117752, 0.2470588235294117752 ) ;
#9712 = EDGE_CURVE ( 'NONE', #6903, #9260, #9994, .T. ) ;
#9713 = VECTOR ( 'NONE', #4908, 1000.000000000000000 ) ;
#9714 = DIRECTION ( 'NONE',  ( 0.000000000000000000, 0.000000000000000000, 1.000000000000000000 ) ) ;
#9715 = EDGE_CURVE ( 'NONE', #5744, #9274, #220, .T. ) ;
#9716 = COLOUR_RGB ( '',0.2470588235294117752, 0.2470588235294117752, 0.2470588235294117752 ) ;
#9717 = CARTESIAN_POINT ( 'NONE',  ( -5.799999809265000472, 0.4499999852019999635, 7.450579042612001036E-10 ) ) ;
#9718 = CARTESIAN_POINT ( 'NONE',  ( 4.140659763901000545, -5.150999830607999819, 1.104210058892000079 ) ) ;
#9719 = CARTESIAN_POINT ( 'NONE',  ( 3.649847018507999863, -5.150999830607999819, 1.062668429436999906 ) ) ;
#9720 = COLOUR_RGB ( '',1.000000000000000000, 1.000000000000000000, 1.000000000000000000 ) ;
#9721 = EDGE_CURVE ( 'NONE', #4193, #7851, #7557, .T. ) ;
#9722 = EDGE_CURVE ( 'NONE', #7824, #6903, #3467, .T. ) ;
#9723 = ORIENTED_EDGE ( 'NONE', *, *, #10193, .T. ) ;
#9724 = CARTESIAN_POINT ( 'NONE',  ( 3.815578719164999910, -5.150999830607999819, 0.6654392630890000326 ) ) ;
#9725 = FACE_OUTER_BOUND ( 'NONE', #570, .T. ) ;
#9726 = CARTESIAN_POINT ( 'NONE',  ( -5.799999809265000472, 0.4499999852019999635, -3.712307892621000249 ) ) ;
#9727 = CARTESIAN_POINT ( 'NONE',  ( 4.225613530116000049, -5.149999830640999754, 0.7308449608110000328 ) ) ;
#9728 = VECTOR ( 'NONE', #9599, 1000.000000000000114 ) ;
#9729 = CARTESIAN_POINT ( 'NONE',  ( 5.799999809265000472, -0.4499999852019999635, 0.3499999892349999753 ) ) ;
#9730 = COLOUR_RGB ( '',0.2470588235294117752, 0.2470588235294117752, 0.2470588235294117752 ) ;
#9731 = B_SPLINE_CURVE_WITH_KNOTS ( 'NONE', 3,
 ( #8528, #10112, #6075, #9330 ),
 .UNSPECIFIED., .F., .F.,
 ( 4, 4 ),
 ( 5.000000000000000000, 6.000000000000000000 ),
 .UNSPECIFIED. ) ;
#9732 = CARTESIAN_POINT ( 'NONE',  ( 3.821446569039999908, -5.149999830640999754, 0.6791227954329999150 ) ) ;
#9733 = CARTESIAN_POINT ( 'NONE',  ( 3.699500070917999928, -5.149999830640999754, 0.8285728217619999780 ) ) ;
#9734 = EDGE_LOOP ( 'NONE', ( #9109, #6993, #9208, #1871 ) ) ;
#9735 = CARTESIAN_POINT ( 'NONE',  ( 3.523609942859000199, -5.150999830607999819, 1.054309669938999994 ) ) ;
#9736 = ORIENTED_EDGE ( 'NONE', *, *, #4771, .T. ) ;
#9737 = CARTESIAN_POINT ( 'NONE',  ( 3.214359130545999754, -5.150999830607999819, 0.9112649828970000865 ) ) ;
#9738 = ORIENTED_EDGE ( 'NONE', *, *, #8394, .F. ) ;
#9739 = CARTESIAN_POINT ( 'NONE',  ( -5.799999809265000472, -0.4499999852019999635, 0.3499999892349999753 ) ) ;
#9740 = DIRECTION ( 'NONE',  ( -1.000000000000000000, 1.224646799146999945E-16, 0.000000000000000000 ) ) ;
#9741 =( NAMED_UNIT ( * ) PLANE_ANGLE_UNIT ( ) SI_UNIT ( $, .RADIAN. ) );
#9742 = UNCERTAINTY_MEASURE_WITH_UNIT (LENGTH_MEASURE( 1.000000000000000082E-05 ), #5642, 'distance_accuracy_value', 'NONE');
#9743 = CARTESIAN_POINT ( 'NONE',  ( 3.667657728330000033, -5.150999830607999819, 0.7957335267859999561 ) ) ;
#9744 = CARTESIAN_POINT ( 'NONE',  ( 3.721169240127000233, -5.149999830640999754, 0.7025012899450000514 ) ) ;
#9745 = ORIENTED_EDGE ( 'NONE', *, *, #10273, .T. ) ;
#9746 = ORIENTED_EDGE ( 'NONE', *, *, #9835, .T. ) ;
#9747 = EDGE_CURVE ( 'NONE', #6639, #2853, #2942, .T. ) ;
#9748 = LINE ( 'NONE', #4762, #2701 ) ;
#9749 = DIRECTION ( 'NONE',  ( 1.224646799146999945E-16, 1.000000000000000000, 0.000000000000000000 ) ) ;
#9750 = VERTEX_POINT ( 'NONE', #6652 ) ;
#9751 = CARTESIAN_POINT ( 'NONE',  ( 3.733381684379999843, -5.150999830607999819, 0.8337393982370000511 ) ) ;
#9752 = CARTESIAN_POINT ( 'NONE',  ( 4.324795465241000336, -5.149999830640999754, 0.7802591174980000321 ) ) ;
#9753 = CARTESIAN_POINT ( 'NONE',  ( 2.735544428943999851, -5.150999830607999819, 1.293519017955000017 ) ) ;
#9754 = ADVANCED_FACE ( 'NONE', ( #3409 ), #5870, .F. ) ;
#9755 = CARTESIAN_POINT ( 'NONE',  ( 3.681927869545999599, -5.150999830607999819, 0.8432544265400000461 ) ) ;
#9756 = EDGE_LOOP ( 'NONE', ( #9368, #462, #5792, #4721 ) ) ;
#9757 = EDGE_LOOP ( 'NONE', ( #1764, #2855, #5260, #1709 ) ) ;
#9758 = CARTESIAN_POINT ( 'NONE',  ( 4.267364653849000433, -5.150999830607999819, 0.7020587644519999948 ) ) ;
#9759 = ORIENTED_EDGE ( 'NONE', *, *, #1894, .F. ) ;
#9760 = CARTESIAN_POINT ( 'NONE',  ( 4.229393081471999771, -5.150999830607999819, 0.8312612924240000423 ) ) ;
#9761 = ORIENTED_EDGE ( 'NONE', *, *, #6129, .F. ) ;
#9762 = CARTESIAN_POINT ( 'NONE',  ( 3.849438959200000010, -5.150999830607999819, 0.7408953917490000984 ) ) ;
#9763 = DIRECTION ( 'NONE',  ( 1.000000000000000000, -1.224646799146999945E-16, 0.000000000000000000 ) ) ;
#9764 = EDGE_CURVE ( 'NONE', #8211, #4442, #899, .T. ) ;
#9765 = CARTESIAN_POINT ( 'NONE',  ( 3.638370914313000082, -5.149999830640999754, 1.233170424989999958 ) ) ;
#9766 = ORIENTED_EDGE ( 'NONE', *, *, #3456, .T. ) ;
#9767 = CARTESIAN_POINT ( 'NONE',  ( 4.118035977518000657, -5.150999830607999819, 0.8831044727429999686 ) ) ;
#9768 = CARTESIAN_POINT ( 'NONE',  ( 4.148606702732000606, -5.150999830607999819, 1.081174469246999781 ) ) ;
#9769 = DIRECTION ( 'NONE',  ( 0.007092178509952119791, -8.685413711194700105E-19, 0.9999748501857349536 ) ) ;
#9770 = DIRECTION ( 'NONE',  ( 1.000000000000000000, -1.224646799147000192E-16, 0.000000000000000000 ) ) ;
#9771 = SURFACE_SIDE_STYLE ('',( #6696 ) ) ;
#9772 = CARTESIAN_POINT ( 'NONE',  ( 3.687640853019999998, -5.150999830607999819, 0.7764597731360000088 ) ) ;
#9773 = VECTOR ( 'NONE', #7815, 1000.000000000000114 ) ;
#9774 = VERTEX_POINT ( 'NONE', #5058 ) ;
#9775 = LINE ( 'NONE', #8990, #8356 ) ;
#9776 = CIRCLE ( 'NONE', #5216, 5.099999832285000423 ) ;
#9777 = ORIENTED_EDGE ( 'NONE', *, *, #7480, .T. ) ;
#9778 = DIRECTION ( 'NONE',  ( 0.007092178509984118501, -8.685413711233698261E-19, 0.9999748501857347316 ) ) ;
#9779 = CARTESIAN_POINT ( 'NONE',  ( 3.214359130545999754, -5.150999830607999819, 0.9112649828970000865 ) ) ;
#9780 = EDGE_LOOP ( 'NONE', ( #5389, #7509, #9523, #2895 ) ) ;
#9781 = PRODUCT_DEFINITION_CONTEXT ( 'detailed design', #2404, 'design' ) ;
#9782 = SURFACE_STYLE_FILL_AREA ( #8899 ) ;
#9783 = SURFACE_SIDE_STYLE ('',( #1759 ) ) ;
#9784 =( NAMED_UNIT ( * ) SI_UNIT ( $, .STERADIAN. ) SOLID_ANGLE_UNIT ( ) );
#9785 = PLANE ( 'NONE',  #3938 ) ;
#9786 = DIRECTION ( 'NONE',  ( 1.000000000000000000, -2.446283049834999907E-16, 0.000000000000000000 ) ) ;
#9787 = ORIENTED_EDGE ( 'NONE', *, *, #7485, .F. ) ;
#9788 = VERTEX_POINT ( 'NONE', #5801 ) ;
#9789 = CARTESIAN_POINT ( 'NONE',  ( 3.547707412208999767, -5.150999830607999819, 1.226638933078000093 ) ) ;
#9790 = EDGE_LOOP ( 'NONE', ( #2108, #3163, #946, #7934 ) ) ;
#9791 = LINE ( 'NONE', #3474, #6489 ) ;
#9792 = MECHANICAL_DESIGN_GEOMETRIC_PRESENTATION_REPRESENTATION (  '', ( #6567 ), #5731 ) ;
#9793 = PRESENTATION_STYLE_ASSIGNMENT (( #4917 ) ) ;
#9794 = CARTESIAN_POINT ( 'NONE',  ( 3.405903410716000224, -5.150999830607999819, 0.7313557389520000118 ) ) ;
#9795 = ADVANCED_FACE ( 'NONE', ( #5177 ), #4320, .F. ) ;
#9796 = EDGE_CURVE ( 'NONE', #5358, #1446, #6760, .T. ) ;
#9797 = CARTESIAN_POINT ( 'NONE',  ( 2.799996873487999860, -5.149999830640999754, 1.206300488801999915 ) ) ;
#9798 = CARTESIAN_POINT ( 'NONE',  ( 3.716732000589999974, -5.149999830640999754, 1.051796216947999962 ) ) ;
#9799 = EDGE_LOOP ( 'NONE', ( #9334, #3370, #1771, #10372 ) ) ;
#9800 = B_SPLINE_CURVE_WITH_KNOTS ( 'NONE', 3,
 ( #9635, #7250, #5612, #8043 ),
 .UNSPECIFIED., .F., .F.,
 ( 4, 4 ),
 ( 24.00000000000000000, 25.00000000000000000 ),
 .UNSPECIFIED. ) ;
#9801 = ORIENTED_EDGE ( 'NONE', *, *, #4865, .F. ) ;
#9802 = VECTOR ( 'NONE', #4093, 1000.000000000000000 ) ;
#9803 = AXIS2_PLACEMENT_3D ( 'NONE', #4929, #7530, #245 ) ;
#9804 =( NAMED_UNIT ( * ) PLANE_ANGLE_UNIT ( ) SI_UNIT ( $, .RADIAN. ) );
#9805 = EDGE_CURVE ( 'NONE', #2055, #8594, #1761, .T. ) ;
#9806 = ORIENTED_EDGE ( 'NONE', *, *, #10253, .T. ) ;
#9807 = DIRECTION ( 'NONE',  ( -6.043323121304999959E-16, -1.000000000000000000, 0.000000000000000000 ) ) ;
#9808 = ADVANCED_FACE ( 'NONE', ( #2774 ), #4259, .T. ) ;
#9809 = CARTESIAN_POINT ( 'NONE',  ( 4.421348923420999277, -5.150999830607999819, 0.7009666530580000998 ) ) ;
#9810 = VECTOR ( 'NONE', #9473, 1000.000000000000000 ) ;
#9811 = CARTESIAN_POINT ( 'NONE',  ( 2.749224460775999912, -5.149999830640999754, 0.7757456509739999451 ) ) ;
#9812 = VECTOR ( 'NONE', #1183, 1000.000000000000000 ) ;
#9813 = ADVANCED_FACE ( 'NONE', ( #10156 ), #7768, .F. ) ;
#9814 = ORIENTED_EDGE ( 'NONE', *, *, #10120, .F. ) ;
#9815 = PLANE ( 'NONE',  #526 ) ;
#9816 = FACE_OUTER_BOUND ( 'NONE', #4924, .T. ) ;
#9817 = EDGE_LOOP ( 'NONE', ( #5821, #8235, #6233, #6212, #5927, #7559, #789, #6600 ) ) ;
#9818 = LINE ( 'NONE', #5887, #4836 ) ;
#9819 = CARTESIAN_POINT ( 'NONE',  ( 3.529891429088999999, -5.149999830640999754, 0.7891201911100000910 ) ) ;
#9820 = DIRECTION ( 'NONE',  ( -1.000000000000000000, 2.446283049834999907E-16, 0.000000000000000000 ) ) ;
#9821 = LINE ( 'NONE', #4143, #3605 ) ;
#9822 = COLOUR_RGB ( '',0.2470588235294117752, 0.2470588235294117752, 0.2470588235294117752 ) ;
#9823 = PLANE ( 'NONE',  #9700 ) ;
#9824 = CARTESIAN_POINT ( 'NONE',  ( 3.916289671216999224, -5.150999830607999819, 0.8498065428600000137 ) ) ;
#9825 = ORIENTED_EDGE ( 'NONE', *, *, #3871, .F. ) ;
#9826 = CARTESIAN_POINT ( 'NONE',  ( 4.359859143105000001, -5.149999830640999754, 0.8787899164679999764 ) ) ;
#9827 = ADVANCED_FACE ( 'NONE', ( #7031 ), #428, .F. ) ;
#9828 = AXIS2_PLACEMENT_3D ( 'NONE', #8644, #5301, #7886 ) ;
#9829 = EDGE_LOOP ( 'NONE', ( #5687, #3099, #2061, #7260 ) ) ;
#9830 = CARTESIAN_POINT ( 'NONE',  ( 3.542652852009999798, -5.150999830607999819, 0.8291653461980000861 ) ) ;
#9831 = DIRECTION ( 'NONE',  ( -0.3625544874978711141, 4.440011926307420952E-17, -0.9319625762846682759 ) ) ;
#9832 = ORIENTED_EDGE ( 'NONE', *, *, #1031, .T. ) ;
#9833 = FILL_AREA_STYLE ('',( #52 ) ) ;
#9834 = CARTESIAN_POINT ( 'NONE',  ( -1.249999958892999974, 5.149999830640999754, 1.049999966214999914 ) ) ;
#9835 = EDGE_CURVE ( 'NONE', #59, #8761, #2032, .T. ) ;
#9836 = CARTESIAN_POINT ( 'NONE',  ( 3.691756714283000118, -5.150999830607999819, 1.232167923423999945 ) ) ;
#9837 = CARTESIAN_POINT ( 'NONE',  ( 3.954923132601000368, -5.150999830607999819, 1.187774286336999996 ) ) ;
#9838 = ORIENTED_EDGE ( 'NONE', *, *, #7410, .T. ) ;
#9839 = VERTEX_POINT ( 'NONE', #1325 ) ;
#9840 = PLANE ( 'NONE',  #3900 ) ;
#9841 = DIRECTION ( 'NONE',  ( 0.000000000000000000, 0.000000000000000000, -1.000000000000000000 ) ) ;
#9842 = ORIENTED_EDGE ( 'NONE', *, *, #391, .F. ) ;
#9843 = CARTESIAN_POINT ( 'NONE',  ( 3.485515178107999823, -5.150999830607999819, 0.8875905359869999955 ) ) ;
#9844 = DIRECTION ( 'NONE',  ( -0.9999748501857349536, 1.224615999507675901E-16, 0.007092178509959120268 ) ) ;
#9845 = ADVANCED_FACE ( 'NONE', ( #3672 ), #4578, .T. ) ;
#9846 = CARTESIAN_POINT ( 'NONE',  ( 1.999999934228999798, 0.4999999835569999274, 0.3499999892349999753 ) ) ;
#9847 = DIRECTION ( 'NONE',  ( 1.224646799146999945E-16, 1.000000000000000000, 0.000000000000000000 ) ) ;
#9848 = B_SPLINE_SURFACE_WITH_KNOTS ( 'NONE', 3, 1, ( 
 ( #5163, #8401 ),
 ( #7593, #7704 ),
 ( #305, #10029 ),
 ( #8502, #2645 ) ),
 .UNSPECIFIED., .F., .F., .F.,
 ( 4, 4 ),
 ( 2, 2 ),
 ( 2.000000000000000000, 3.000000000000000000 ),
 ( 0.000000000000000000, 1.000000000000000000 ),
 .UNSPECIFIED. ) ;
#9849 = ORIENTED_EDGE ( 'NONE', *, *, #4499, .T. ) ;
#9850 = EDGE_LOOP ( 'NONE', ( #9766, #7525, #153, #5527 ) ) ;
#9851 = ORIENTED_EDGE ( 'NONE', *, *, #9948, .T. ) ;
#9852 = FILL_AREA_STYLE ('',( #9916 ) ) ;
#9853 = EDGE_LOOP ( 'NONE', ( #8093, #6660, #2547, #8078, #1343, #5810, #1529, #4707 ) ) ;
#9854 = CARTESIAN_POINT ( 'NONE',  ( 3.539431146865999800, -5.149999830640999754, 0.7560913781960000302 ) ) ;
#9855 = AXIS2_PLACEMENT_3D ( 'NONE', #6775, #10011, #1942 ) ;
#9856 = VECTOR ( 'NONE', #10465, 1000.000000000000000 ) ;
#9857 = LINE ( 'NONE', #5089, #3873 ) ;
#9858 = APPLICATION_CONTEXT ( 'automotive_design' ) ;
#9859 = LINE ( 'NONE', #6566, #1222 ) ;
#9860 = EDGE_LOOP ( 'NONE', ( #2902, #2191, #3298, #1875, #9601, #6547, #9205, #10180, #8068, #7340, #344, #5603, #6558, #9339, #8791, #8526, #3795, #6480, #409, #2309, #2395 ) ) ;
#9861 =( GEOMETRIC_REPRESENTATION_CONTEXT ( 3 ) GLOBAL_UNCERTAINTY_ASSIGNED_CONTEXT ( ( #1797 ) ) GLOBAL_UNIT_ASSIGNED_CONTEXT ( ( #4953, #8848, #6380 ) ) REPRESENTATION_CONTEXT ( 'NONE', 'WORKASPACE' ) );
#9862 = EDGE_CURVE ( 'NONE', #9344, #4958, #4527, .T. ) ;
#9863 = ADVANCED_FACE ( 'NONE', ( #4477 ), #6014, .F. ) ;
#9864 = VECTOR ( 'NONE', #2199, 1000.000000000000000 ) ;
#9865 = FACE_OUTER_BOUND ( 'NONE', #6726, .T. ) ;
#9866 = VECTOR ( 'NONE', #7913, 1000.000000000000000 ) ;
#9867 = ORIENTED_EDGE ( 'NONE', *, *, #430, .F. ) ;
#9868 = AXIS2_PLACEMENT_3D ( 'NONE', #5038, #8598, #1296 ) ;
#9869 = PLANE ( 'NONE',  #2740 ) ;
#9870 = B_SPLINE_SURFACE_WITH_KNOTS ( 'NONE', 3, 1, ( 
 ( #6520, #8882 ),
 ( #5683, #3226 ),
 ( #9661, #8221 ),
 ( #1740, #4189 ) ),
 .UNSPECIFIED., .F., .F., .F.,
 ( 4, 4 ),
 ( 2, 2 ),
 ( 19.00000000000000000, 20.00000000000000000 ),
 ( 0.000000000000000000, 1.000000000000000000 ),
 .UNSPECIFIED. ) ;
#9871 = DIRECTION ( 'NONE',  ( -0.9999748501857348426, 1.224615999507674915E-16, 0.007092178509969119214 ) ) ;
#9872 = VERTEX_POINT ( 'NONE', #10102 ) ;
#9873 = DIRECTION ( 'NONE',  ( 0.007092178509984118501, -8.685413711233698261E-19, 0.9999748501857347316 ) ) ;
#9874 = DIRECTION ( 'NONE',  ( -0.9999748501857348426, 1.224615999507673436E-16, 0.007092178509963118806 ) ) ;
#9875 = LINE ( 'NONE', #2597, #3257 ) ;
#9876 = CARTESIAN_POINT ( 'NONE',  ( 3.620391294716999830, -5.150999830607999819, 1.212398283813999722 ) ) ;
#9877 = FACE_OUTER_BOUND ( 'NONE', #4328, .T. ) ;
#9878 = AXIS2_PLACEMENT_3D ( 'NONE', #6796, #1910, #3501 ) ;
#9879 = EDGE_CURVE ( 'NONE', #5571, #3115, #8920, .T. ) ;
#9880 = PRESENTATION_LAYER_ASSIGNMENT (  '', '', ( #870 ) ) ;
#9881 = LINE ( 'NONE', #5048, #9057 ) ;
#9882 = ORIENTED_EDGE ( 'NONE', *, *, #6006, .F. ) ;
#9883 =( GEOMETRIC_REPRESENTATION_CONTEXT ( 3 ) GLOBAL_UNCERTAINTY_ASSIGNED_CONTEXT ( ( #7649 ) ) GLOBAL_UNIT_ASSIGNED_CONTEXT ( ( #522, #10199, #7025 ) ) REPRESENTATION_CONTEXT ( 'NONE', 'WORKASPACE' ) );
#9884 = ORIENTED_EDGE ( 'NONE', *, *, #2715, .T. ) ;
#9885 = FILL_AREA_STYLE_COLOUR ( '', #8809 ) ;
#9886 = DIRECTION ( 'NONE',  ( 0.9999748501857348426, -1.224615999507675655E-16, -0.007092178509962118738 ) ) ;
#9887 = ORIENTED_EDGE ( 'NONE', *, *, #1082, .F. ) ;
#9888 = CARTESIAN_POINT ( 'NONE',  ( 5.149999830640999754, 1.249999958892999974, 2.549999916887000229 ) ) ;
#9889 = CARTESIAN_POINT ( 'NONE',  ( 4.246179205575999482, -5.149999830640999754, 0.7497271494970000338 ) ) ;
#9890 = VECTOR ( 'NONE', #1237, 1000.000000000000000 ) ;
#9891 = CARTESIAN_POINT ( 'NONE',  ( 4.172985799574999710, -5.149999830640999754, 0.8827147489940000424 ) ) ;
#9892 = CARTESIAN_POINT ( 'NONE',  ( 2.648941158515000005, -5.149999830640999754, 0.9080450390709998709 ) ) ;
#9893 = CARTESIAN_POINT ( 'NONE',  ( 3.942708420406999537, -5.150999830607999819, 0.7043613423229999615 ) ) ;
#9894 = VECTOR ( 'NONE', #6875, 1000.000000000000000 ) ;
#9895 = LINE ( 'NONE', #8195, #1118 ) ;
#9896 = ORIENTED_EDGE ( 'NONE', *, *, #8783, .F. ) ;
#9897 = VERTEX_POINT ( 'NONE', #479 ) ;
#9898 = CARTESIAN_POINT ( 'NONE',  ( 2.546452932570999916, -5.149999830640999754, 0.7294649045489999262 ) ) ;
#9899 = LINE ( 'NONE', #3356, #96 ) ;
#9900 = ORIENTED_EDGE ( 'NONE', *, *, #3504, .F. ) ;
#9901 = CARTESIAN_POINT ( 'NONE',  ( 4.256823191649999671, -5.150999830607999819, 0.8064238667220000600 ) ) ;
#9902 = VERTEX_POINT ( 'NONE', #7816 ) ;
#9903 = CARTESIAN_POINT ( 'NONE',  ( -4.999999835572999984, 9.860760990987998060E-32, 3.027168101175000015 ) ) ;
#9904 = EDGE_CURVE ( 'NONE', #1425, #7112, #3788, .T. ) ;
#9905 = DIRECTION ( 'NONE',  ( -1.224646799146999945E-16, -1.000000000000000000, 0.000000000000000000 ) ) ;
#9906 = LINE ( 'NONE', #2675, #4732 ) ;
#9907 = LINE ( 'NONE', #1134, #380 ) ;
#9908 = B_SPLINE_SURFACE_WITH_KNOTS ( 'NONE', 3, 1, ( 
 ( #7818, #3676 ),
 ( #4639, #7874 ),
 ( #8678, #6164 ),
 ( #7034, #4482 ) ),
 .UNSPECIFIED., .F., .F., .F.,
 ( 4, 4 ),
 ( 2, 2 ),
 ( 13.00000000000000000, 14.00000000000000000 ),
 ( 0.000000000000000000, 1.000000000000000000 ),
 .UNSPECIFIED. ) ;
#9909 = CARTESIAN_POINT ( 'NONE',  ( 3.605000615663999763, -5.150999830607999819, 0.7796453472739999224 ) ) ;
#9910 = VERTEX_POINT ( 'NONE', #10350 ) ;
#9911 = PRESENTATION_LAYER_ASSIGNMENT (  '', '', ( #6340 ) ) ;
#9912 = CARTESIAN_POINT ( 'NONE',  ( 3.029759493028000072, -5.150999830607999819, 1.184426593168999897 ) ) ;
#9913 = B_SPLINE_CURVE_WITH_KNOTS ( 'NONE', 3,
 ( #6036, #10234, #3592, #451 ),
 .UNSPECIFIED., .F., .F.,
 ( 4, 4 ),
 ( 10.00000000000000000, 11.00000000000000000 ),
 .UNSPECIFIED. ) ;
#9914 = EDGE_CURVE ( 'NONE', #128, #3493, #10407, .T. ) ;
#9915 = ORIENTED_EDGE ( 'NONE', *, *, #1552, .T. ) ;
#9916 = FILL_AREA_STYLE_COLOUR ( '', #5980 ) ;
#9917 = ORIENTED_EDGE ( 'NONE', *, *, #3710, .F. ) ;
#9918 = DIRECTION ( 'NONE',  ( 0.9999748501857348426, -1.224615999507673436E-16, -0.007092178509967119078 ) ) ;
#9919 = DIRECTION ( 'NONE',  ( 0.3592492403230271858, -4.399534322581330555E-17, -0.9332416532320703118 ) ) ;
#9920 = EDGE_LOOP ( 'NONE', ( #3378, #1126, #2844, #836 ) ) ;
#9921 =( LENGTH_UNIT ( ) NAMED_UNIT ( * ) SI_UNIT ( .MILLI., .METRE. ) );
#9922 = ORIENTED_EDGE ( 'NONE', *, *, #3653, .F. ) ;
#9923 = LINE ( 'NONE', #2641, #8162 ) ;
#9924 = VERTEX_POINT ( 'NONE', #9570 ) ;
#9925 = CARTESIAN_POINT ( 'NONE',  ( 3.664698908099000008, -5.150999830607999819, 0.7377345627810000250 ) ) ;
#9926 = CARTESIAN_POINT ( 'NONE',  ( 3.019791546220999656, -5.150999830607999819, 0.7984090478490000198 ) ) ;
#9927 = FACE_OUTER_BOUND ( 'NONE', #7690, .T. ) ;
#9928 = LINE ( 'NONE', #6965, #9388 ) ;
#9929 = CARTESIAN_POINT ( 'NONE',  ( 3.517516767493000351, -5.149999830640999754, 0.7229737137549999693 ) ) ;
#9930 = EDGE_CURVE ( 'NONE', #7789, #7400, #8892, .T. ) ;
#9931 = CARTESIAN_POINT ( 'NONE',  ( 3.406388629687999714, -5.150999830607999819, 0.7997700869439999805 ) ) ;
#9932 = ORIENTED_EDGE ( 'NONE', *, *, #6564, .T. ) ;
#9933 = CARTESIAN_POINT ( 'NONE',  ( 3.603967143835999920, -5.150999830607999819, 0.7292231514480000953 ) ) ;
#9934 = DIRECTION ( 'NONE',  ( -1.224646799147327816E-16, -1.000000000000000000, 0.000000000000000000 ) ) ;
#9935 = ADVANCED_FACE ( 'NONE', ( #3078 ), #7184, .F. ) ;
#9936 = ORIENTED_EDGE ( 'NONE', *, *, #10317, .F. ) ;
#9937 = CARTESIAN_POINT ( 'NONE',  ( 4.999999835572999984, -6.123233794371999481E-16, 1.757602692597000082 ) ) ;
#9938 = SURFACE_STYLE_USAGE ( .BOTH. , #9783 ) ;
#9939 = B_SPLINE_SURFACE_WITH_KNOTS ( 'NONE', 3, 1, ( 
 ( #9646, #5718 ),
 ( #3315, #7154 ),
 ( #7312, #12 ),
 ( #70, #10488 ) ),
 .UNSPECIFIED., .F., .F., .F.,
 ( 4, 4 ),
 ( 2, 2 ),
 ( 19.00000000000000000, 20.00000000000000000 ),
 ( 0.000000000000000000, 1.000000000000000000 ),
 .UNSPECIFIED. ) ;
#9940 = CARTESIAN_POINT ( 'NONE',  ( 4.221666978664000425, -5.150999830607999819, 0.7608187312990000173 ) ) ;
#9941 = CARTESIAN_POINT ( 'NONE',  ( 3.615845204104000121, -5.150999830607999819, 1.025893270880999797 ) ) ;
#9942 = CARTESIAN_POINT ( 'NONE',  ( 4.091948669616999545, -5.150999830607999819, 0.9066846339709999647 ) ) ;
#9943 = ORIENTED_EDGE ( 'NONE', *, *, #9674, .F. ) ;
#9944 = ORIENTED_EDGE ( 'NONE', *, *, #5987, .F. ) ;
#9945 = DIRECTION ( 'NONE',  ( 6.033355342805999262E-18, -1.000000000000000000, 0.000000000000000000 ) ) ;
#9946 = COLOUR_RGB ( '',0.2470588235294117752, 0.2470588235294117752, 0.2470588235294117752 ) ;
#9947 = ADVANCED_FACE ( 'NONE', ( #5647 ), #5490, .F. ) ;
#9948 = EDGE_CURVE ( 'NONE', #8459, #7560, #8838, .T. ) ;
#9949 = ORIENTED_EDGE ( 'NONE', *, *, #7712, .F. ) ;
#9950 = ORIENTED_EDGE ( 'NONE', *, *, #8867, .F. ) ;
#9951 = CARTESIAN_POINT ( 'NONE',  ( 4.226662871448999326, -5.150999830607999819, 0.8787987863330000149 ) ) ;
#9952 = ORIENTED_EDGE ( 'NONE', *, *, #8245, .F. ) ;
#9953 = CARTESIAN_POINT ( 'NONE',  ( 3.559581311104000445, -5.150999830607999819, 0.8556637547570000724 ) ) ;
#9954 = CARTESIAN_POINT ( 'NONE',  ( 3.489022267440999858, -5.149999830640999754, 1.030224031716000077 ) ) ;
#9955 = DIRECTION ( 'NONE',  ( 0.000000000000000000, 0.000000000000000000, 1.000000000000000000 ) ) ;
#9956 = VECTOR ( 'NONE', #8798, 1000.000000000000114 ) ;
#9957 = FILL_AREA_STYLE_COLOUR ( '', #5817 ) ;
#9958 = CARTESIAN_POINT ( 'NONE',  ( 3.381773939243000182, -5.150999830607999819, 1.030984675135000250 ) ) ;
#9959 = ORIENTED_EDGE ( 'NONE', *, *, #4028, .F. ) ;
#9960 = CARTESIAN_POINT ( 'NONE',  ( 3.839554580045000165, -5.150999830607999819, 1.231119688214000085 ) ) ;
#9961 = LINE ( 'NONE', #9336, #942 ) ;
#9962 = AXIS2_PLACEMENT_3D ( 'NONE', #9317, #7659, #316 ) ;
#9963 = VERTEX_POINT ( 'NONE', #6369 ) ;
#9964 = DIRECTION ( 'NONE',  ( 1.224646799146999945E-16, 1.000000000000000000, 0.000000000000000000 ) ) ;
#9965 = VERTEX_POINT ( 'NONE', #1478 ) ;
#9966 = EDGE_CURVE ( 'NONE', #7897, #4438, #1534, .T. ) ;
#9967 = CARTESIAN_POINT ( 'NONE',  ( 0.000000000000000000, 0.000000000000000000, 2.392385396886000049 ) ) ;
#9968 = ORIENTED_EDGE ( 'NONE', *, *, #1232, .T. ) ;
#9969 = CARTESIAN_POINT ( 'NONE',  ( 3.546263882025999958, -5.150999830607999819, 0.7665447367279999424 ) ) ;
#9970 = CARTESIAN_POINT ( 'NONE',  ( 3.602975788199000107, -5.149999830640999754, 1.212521800802000005 ) ) ;
#9971 = EDGE_CURVE ( 'NONE', #3546, #5401, #2393, .T. ) ;
#9972 = VERTEX_POINT ( 'NONE', #5590 ) ;
#9973 = CIRCLE ( 'NONE', #5243, 0.4652383217149999028 ) ;
#9974 =( NAMED_UNIT ( * ) SI_UNIT ( $, .STERADIAN. ) SOLID_ANGLE_UNIT ( ) );
#9975 = EDGE_LOOP ( 'NONE', ( #287, #1602, #3987, #636, #4681, #8787, #3412 ) ) ;
#9976 = CARTESIAN_POINT ( 'NONE',  ( 3.558356892921999748, -5.150999830607999819, 1.056870649055999811 ) ) ;
#9977 = STYLED_ITEM ( 'NONE', ( #6641 ), #5342 ) ;
#9978 = CIRCLE ( 'NONE', #3360, 5.099999832285000423 ) ;
#9979 = VERTEX_POINT ( 'NONE', #4743 ) ;
#9980 = FILL_AREA_STYLE_COLOUR ( '', #662 ) ;
#9981 = CARTESIAN_POINT ( 'NONE',  ( 3.697120481929000224, -5.149999830640999754, 0.8009314433930000421 ) ) ;
#9982 = UNCERTAINTY_MEASURE_WITH_UNIT (LENGTH_MEASURE( 1.000000000000000082E-05 ), #4230, 'distance_accuracy_value', 'NONE');
#9983 = CARTESIAN_POINT ( 'NONE',  ( 3.745625446716999374, -5.149999830640999754, 0.8301172953940000321 ) ) ;
#9984 =( LENGTH_UNIT ( ) NAMED_UNIT ( * ) SI_UNIT ( .MILLI., .METRE. ) );
#9985 = CARTESIAN_POINT ( 'NONE',  ( 3.762760726309000159, -5.149999830640999754, 0.7318401532079999994 ) ) ;
#9986 = ORIENTED_EDGE ( 'NONE', *, *, #3278, .F. ) ;
#9987 = DIRECTION ( 'NONE',  ( 4.595507503446999644E-17, -1.000000000000000000, 0.000000000000000000 ) ) ;
#9988 = ORIENTED_EDGE ( 'NONE', *, *, #7517, .T. ) ;
#9989 = B_SPLINE_SURFACE_WITH_KNOTS ( 'NONE', 3, 1, ( 
 ( #6357, #7114 ),
 ( #6299, #1629 ),
 ( #10391, #818 ),
 ( #727, #4076 ) ),
 .UNSPECIFIED., .F., .F., .F.,
 ( 4, 4 ),
 ( 2, 2 ),
 ( 4.000000000000000000, 5.000000000000000000 ),
 ( 0.000000000000000000, 1.000000000000000000 ),
 .UNSPECIFIED. ) ;
#9990 = DIRECTION ( 'NONE',  ( 0.007092178509968119146, -8.685413711213699404E-19, 0.9999748501857348426 ) ) ;
#9991 = CARTESIAN_POINT ( 'NONE',  ( 3.649668564114000091, -5.149999830640999754, 1.037506921511999858 ) ) ;
#9992 = CARTESIAN_POINT ( 'NONE',  ( 2.919405665175000220, -5.150999830607999819, 0.7123596109270000643 ) ) ;
#9993 = CARTESIAN_POINT ( 'NONE',  ( 3.617362773697999412, -5.149999830640999754, 1.049277648466999890 ) ) ;
#9994 = LINE ( 'NONE', #7506, #4450 ) ;
#9995 = CARTESIAN_POINT ( 'NONE',  ( 4.118035977518000657, -5.150999830607999819, 0.8831044727429999686 ) ) ;
#9996 = VERTEX_POINT ( 'NONE', #4795 ) ;
#9997 = VERTEX_POINT ( 'NONE', #3992 ) ;
#9998 = ADVANCED_FACE ( 'NONE', ( #6423 ), #7937, .F. ) ;
#9999 = CARTESIAN_POINT ( 'NONE',  ( 2.948950192121000402, -5.149999830640999754, 0.8003574814400000736 ) ) ;
#10000 = PRESENTATION_LAYER_ASSIGNMENT (  '', '', ( #4064 ) ) ;
#10001 = B_SPLINE_CURVE_WITH_KNOTS ( 'NONE', 3,
 ( #1796, #5045, #88, #9035 ),
 .UNSPECIFIED., .F., .F.,
 ( 4, 4 ),
 ( 12.00000000000000000, 13.00000000000000000 ),
 .UNSPECIFIED. ) ;
#10002 = EDGE_CURVE ( 'NONE', #6856, #4834, #1897, .T. ) ;
#10003 = EDGE_CURVE ( 'NONE', #8494, #1815, #10399, .T. ) ;
#10004 = CARTESIAN_POINT ( 'NONE',  ( 3.780611651929000061, -5.150999830607999819, 0.6391727691799999889 ) ) ;
#10005 = ORIENTED_EDGE ( 'NONE', *, *, #48, .F. ) ;
#10006 = VERTEX_POINT ( 'NONE', #4850 ) ;
#10007 = VERTEX_POINT ( 'NONE', #8932 ) ;
#10008 = CARTESIAN_POINT ( 'NONE',  ( 4.450357438754000583, -5.150999830607999819, 0.7007609143149999831 ) ) ;
#10009 = CARTESIAN_POINT ( 'NONE',  ( 3.479117864370000035, -5.150999830607999819, 0.7992542652559999627 ) ) ;
#10010 = CARTESIAN_POINT ( 'NONE',  ( 3.785749109799999790, -5.150999830607999819, 0.6598280347419999137 ) ) ;
#10011 = DIRECTION ( 'NONE',  ( 0.000000000000000000, 0.000000000000000000, 1.000000000000000000 ) ) ;
#10012 = ORIENTED_EDGE ( 'NONE', *, *, #6460, .T. ) ;
#10013 = DIRECTION ( 'NONE',  ( -0.9999748501857348426, 1.224615999507673436E-16, 0.007092178509967119078 ) ) ;
#10014 = FACE_OUTER_BOUND ( 'NONE', #6926, .T. ) ;
#10015 = ORIENTED_EDGE ( 'NONE', *, *, #7518, .F. ) ;
#10016 = CARTESIAN_POINT ( 'NONE',  ( 4.359235304064999816, -5.150999830607999819, 0.8787943409569999309 ) ) ;
#10017 = EDGE_LOOP ( 'NONE', ( #8649, #8546, #7655, #5706 ) ) ;
#10018 = CARTESIAN_POINT ( 'NONE',  ( 3.604642969462000135, -5.150999830607999819, 0.7292183582519999874 ) ) ;
#10019 = ORIENTED_EDGE ( 'NONE', *, *, #1406, .F. ) ;
#10020 = CARTESIAN_POINT ( 'NONE',  ( 4.042505724740999895, -5.149999830640999754, 0.8185496798160000198 ) ) ;
#10021 = CARTESIAN_POINT ( 'NONE',  ( 4.110535209482000241, -5.149999830640999754, 1.188958154824000024 ) ) ;
#10022 = ORIENTED_EDGE ( 'NONE', *, *, #2282, .T. ) ;
#10023 =( LENGTH_UNIT ( ) NAMED_UNIT ( * ) SI_UNIT ( .MILLI., .METRE. ) );
#10024 = EDGE_CURVE ( 'NONE', #9997, #7873, #6607, .T. ) ;
#10025 = ORIENTED_EDGE ( 'NONE', *, *, #10494, .F. ) ;
#10026 = CARTESIAN_POINT ( 'NONE',  ( 3.597243964676000161, -5.150999830607999819, 1.049420338241000117 ) ) ;
#10027 = ORIENTED_EDGE ( 'NONE', *, *, #1209, .F. ) ;
#10028 = FACE_OUTER_BOUND ( 'NONE', #7128, .T. ) ;
#10029 = CARTESIAN_POINT ( 'NONE',  ( 3.928399656579000254, -5.149999830640999754, 1.230489567224000158 ) ) ;
#10030 = EDGE_CURVE ( 'NONE', #6355, #10243, #6474, .T. ) ;
#10031 = B_SPLINE_CURVE_WITH_KNOTS ( 'NONE', 3,
 ( #3112, #3160, #2476, #2521 ),
 .UNSPECIFIED., .F., .F.,
 ( 4, 4 ),
 ( 1.000000000000000000, 2.000000000000000000 ),
 .UNSPECIFIED. ) ;
#10032 = DIRECTION ( 'NONE',  ( 1.224646799146999945E-16, 1.000000000000000000, 0.000000000000000000 ) ) ;
#10033 = DIRECTION ( 'NONE',  ( 0.000000000000000000, 0.000000000000000000, 1.000000000000000000 ) ) ;
#10034 = VECTOR ( 'NONE', #7215, 1000.000000000000000 ) ;
#10035 = AXIS2_PLACEMENT_3D ( 'NONE', #10250, #3877, #8565 ) ;
#10036 = DIRECTION ( 'NONE',  ( -0.9999748501857348426, 1.224615999507675655E-16, 0.007092178509961118670 ) ) ;
#10037 = AXIS2_PLACEMENT_3D ( 'NONE', #2186, #9366, #2084 ) ;
#10038 = AXIS2_PLACEMENT_3D ( 'NONE', #10447, #3175, #4192 ) ;
#10039 = EDGE_CURVE ( 'NONE', #2455, #3469, #4196, .T. ) ;
#10040 = EDGE_CURVE ( 'NONE', #4802, #410, #939, .T. ) ;
#10041 = CARTESIAN_POINT ( 'NONE',  ( 2.292478380806999727, -5.149999830640999754, 1.007456702441999807 ) ) ;
#10042 = CARTESIAN_POINT ( 'NONE',  ( 3.692899621435000057, -5.150999830607999819, 0.8508710128019999486 ) ) ;
#10043 = ORIENTED_EDGE ( 'NONE', *, *, #3363, .F. ) ;
#10044 = PRESENTATION_STYLE_ASSIGNMENT (( #6755 ) ) ;
#10045 = CARTESIAN_POINT ( 'NONE',  ( 3.688781596661999895, -5.149999830640999754, 0.7027309946709999755 ) ) ;
#10046 = CARTESIAN_POINT ( 'NONE',  ( 5.149999830640999754, -5.149999830640999754, 2.049999933330000079 ) ) ;
#10047 = CARTESIAN_POINT ( 'NONE',  ( 4.229213152248999741, -5.149999830640999754, 0.8058918381530000286 ) ) ;
#10048 = VECTOR ( 'NONE', #2499, 1000.000000000000000 ) ;
#10049 = STYLED_ITEM ( 'NONE', ( #460 ), #5937 ) ;
#10050 = AXIS2_PLACEMENT_3D ( 'NONE', #7677, #387, #6884 ) ;
#10051 = DIRECTION ( 'NONE',  ( -0.3451999324529146373, 4.227479923439956394E-17, -0.9385291719677674172 ) ) ;
#10052 = CARTESIAN_POINT ( 'NONE',  ( 4.450357438754000583, -5.150999830607999819, 0.7007609143149999831 ) ) ;
#10053 = ORIENTED_EDGE ( 'NONE', *, *, #5765, .F. ) ;
#10054 = CARTESIAN_POINT ( 'NONE',  ( 4.374339808138000052, -5.149999830640999754, 0.9046818152369999755 ) ) ;
#10055 = LINE ( 'NONE', #8521, #6945 ) ;
#10056 = ORIENTED_EDGE ( 'NONE', *, *, #10352, .F. ) ;
#10057 = VECTOR ( 'NONE', #4272, 1000.000000000000227 ) ;
#10058 = ORIENTED_EDGE ( 'NONE', *, *, #2764, .F. ) ;
#10059 = LINE ( 'NONE', #5127, #6669 ) ;
#10060 = ORIENTED_EDGE ( 'NONE', *, *, #1198, .F. ) ;
#10061 = DIRECTION ( 'NONE',  ( -0.9999748501857347316, 1.224615999507674915E-16, 0.007092178509978118092 ) ) ;
#10062 = FACE_OUTER_BOUND ( 'NONE', #8472, .T. ) ;
#10063 = VECTOR ( 'NONE', #5791, 1000.000000000000114 ) ;
#10064 = FACE_OUTER_BOUND ( 'NONE', #5185, .T. ) ;
#10065 = CARTESIAN_POINT ( 'NONE',  ( 3.593811321753000332, -5.150999830607999819, 0.7120347652239999992 ) ) ;
#10066 = EDGE_CURVE ( 'NONE', #1042, #5446, #6579, .T. ) ;
#10067 = PRESENTATION_LAYER_ASSIGNMENT (  '', '', ( #5497 ) ) ;
#10068 = CARTESIAN_POINT ( 'NONE',  ( 2.749152674305999966, -5.150999830607999819, 0.7656239846449999220 ) ) ;
#10069 = ORIENTED_EDGE ( 'NONE', *, *, #7360, .F. ) ;
#10070 = CARTESIAN_POINT ( 'NONE',  ( 5.149999830640999754, 5.149999830640999754, 2.049999933330000079 ) ) ;
#10071 = CARTESIAN_POINT ( 'NONE',  ( 3.703857706782999859, -5.149999830640999754, 0.7026240695180000495 ) ) ;
#10072 = ORIENTED_EDGE ( 'NONE', *, *, #2123, .T. ) ;
#10073 = LINE ( 'NONE', #2792, #5989 ) ;
#10074 = ORIENTED_EDGE ( 'NONE', *, *, #6250, .T. ) ;
#10075 = FACE_OUTER_BOUND ( 'NONE', #3578, .T. ) ;
#10076 = SURFACE_STYLE_USAGE ( .BOTH. , #3647 ) ;
#10077 = VERTEX_POINT ( 'NONE', #1054 ) ;
#10078 = EDGE_CURVE ( 'NONE', #7234, #9750, #6099, .T. ) ;
#10079 = CARTESIAN_POINT ( 'NONE',  ( 4.146452337122999765, -5.150999830607999819, 0.7261035016779999740 ) ) ;
#10080 = FACE_OUTER_BOUND ( 'NONE', #2584, .T. ) ;
#10081 = AXIS2_PLACEMENT_3D ( 'NONE', #2027, #10098, #3722 ) ;
#10082 = ORIENTED_EDGE ( 'NONE', *, *, #4561, .T. ) ;
#10083 = EDGE_CURVE ( 'NONE', #5997, #9997, #2495, .T. ) ;
#10084 = ORIENTED_EDGE ( 'NONE', *, *, #157, .F. ) ;
#10085 = PRESENTATION_STYLE_ASSIGNMENT (( #4510 ) ) ;
#10086 = ORIENTED_EDGE ( 'NONE', *, *, #8233, .F. ) ;
#10087 = CARTESIAN_POINT ( 'NONE',  ( 1.999999934228999798, 0.4999999835569999274, 0.3499999892349999753 ) ) ;
#10088 = CARTESIAN_POINT ( 'NONE',  ( 3.795204031831000080, -5.149999830640999754, 0.6588251714320000341 ) ) ;
#10089 =( NAMED_UNIT ( * ) PLANE_ANGLE_UNIT ( ) SI_UNIT ( $, .RADIAN. ) );
#10090 = DIRECTION ( 'NONE',  ( 1.224646799147213924E-16, 1.000000000000000000, 0.000000000000000000 ) ) ;
#10091 = DIRECTION ( 'NONE',  ( -0.007092178509937120505, 8.685413711176700364E-19, -0.9999748501857350647 ) ) ;
#10092 = FACE_OUTER_BOUND ( 'NONE', #299, .T. ) ;
#10093 = CARTESIAN_POINT ( 'NONE',  ( 3.546637000016999774, -5.149999830640999754, 0.7311894333370000387 ) ) ;
#10094 = ADVANCED_FACE ( 'NONE', ( #1799 ), #9823, .F. ) ;
#10095 = CARTESIAN_POINT ( 'NONE',  ( 3.849438959200000010, -5.150999830607999819, 0.7408953917490000984 ) ) ;
#10096 = CARTESIAN_POINT ( 'NONE',  ( 3.691612485860000348, -5.149999830640999754, 0.8086649099060000401 ) ) ;
#10097 = VERTEX_POINT ( 'NONE', #9038 ) ;
#10098 = DIRECTION ( 'NONE',  ( 0.9999748501857348426, -1.224615999507674176E-16, -0.007092178509962118738 ) ) ;
#10099 = SURFACE_STYLE_USAGE ( .BOTH. , #2872 ) ;
#10100 = PRESENTATION_STYLE_ASSIGNMENT (( #1220 ) ) ;
#10101 = CARTESIAN_POINT ( 'NONE',  ( 3.593774455652000377, -5.149999830640999754, 0.7361580162460000798 ) ) ;
#10102 = CARTESIAN_POINT ( 'NONE',  ( 3.897571610713999934, -5.150999830607999819, 1.230708210727000207 ) ) ;
#10103 = DIRECTION ( 'NONE',  ( -0.3349296976929111436, 4.101705822187915590E-17, 0.9422431202207502965 ) ) ;
#10104 = ORIENTED_EDGE ( 'NONE', *, *, #2175, .F. ) ;
#10105 = CARTESIAN_POINT ( 'NONE',  ( 4.172289670672999939, -5.149999830640999754, 0.7259202540879999832 ) ) ;
#10106 = LINE ( 'NONE', #227, #2345 ) ;
#10107 = EDGE_LOOP ( 'NONE', ( #9922, #8749, #3544, #2576, #2276, #4108, #9500, #6742, #3340, #7683, #556, #4914, #9161, #5951, #8896, #4271, #9443, #2880, #10069, #5251, #2117, #582, #3399, #8898, #7586, #3918, #6043, #4485, #8580, #929, #2776, #10019, #6040 ) ) ;
#10108 = ORIENTED_EDGE ( 'NONE', *, *, #4948, .F. ) ;
#10109 = CARTESIAN_POINT ( 'NONE',  ( 4.004429102078000291, -5.149999830640999754, 1.130858920966000047 ) ) ;
#10110 = ORIENTED_EDGE ( 'NONE', *, *, #528, .F. ) ;
#10111 = CARTESIAN_POINT ( 'NONE',  ( 3.513523021490000176, -5.149999830640999754, 0.7462932011560000634 ) ) ;
#10112 = CARTESIAN_POINT ( 'NONE',  ( 3.815578719164999910, -5.150999830607999819, 0.6654392630890000326 ) ) ;
#10113 = CARTESIAN_POINT ( 'NONE',  ( 4.206359715678000377, -5.150999830607999819, 0.8969310473210000412 ) ) ;
#10114 = DIRECTION ( 'NONE',  ( -6.033355342805999262E-18, 1.000000000000000000, 0.000000000000000000 ) ) ;
#10115 = CARTESIAN_POINT ( 'NONE',  ( 4.103413047115000545, -5.150999830607999819, 1.189008667740999892 ) ) ;
#10116 = ORIENTED_EDGE ( 'NONE', *, *, #1303, .F. ) ;
#10117 = CARTESIAN_POINT ( 'NONE',  ( 2.995282267205999993, -5.150999830607999819, 1.216483638880999862 ) ) ;
#10118 = ORIENTED_EDGE ( 'NONE', *, *, #8271, .T. ) ;
#10119 = LINE ( 'NONE', #8384, #4972 ) ;
#10120 = EDGE_CURVE ( 'NONE', #9233, #5847, #147, .T. ) ;
#10121 = EDGE_CURVE ( 'NONE', #9602, #1290, #3695, .T. ) ;
#10122 = ORIENTED_EDGE ( 'NONE', *, *, #3283, .T. ) ;
#10123 = AXIS2_PLACEMENT_3D ( 'NONE', #8957, #9006, #4915 ) ;
#10124 = DIRECTION ( 'NONE',  ( -4.595507503446999644E-17, 1.000000000000000000, 0.000000000000000000 ) ) ;
#10125 = DIRECTION ( 'NONE',  ( -1.000000000000000000, 1.224646799146999945E-16, 0.000000000000000000 ) ) ;
#10126 = B_SPLINE_SURFACE_WITH_KNOTS ( 'NONE', 3, 1, ( 
 ( #5360, #7791 ),
 ( #3757, #7943 ),
 ( #8700, #8050 ),
 ( #7256, #4768 ) ),
 .UNSPECIFIED., .F., .F., .F.,
 ( 4, 4 ),
 ( 2, 2 ),
 ( 8.000000000000000000, 9.000000000000000000 ),
 ( 0.000000000000000000, 1.000000000000000000 ),
 .UNSPECIFIED. ) ;
#10127 = VERTEX_POINT ( 'NONE', #3338 ) ;
#10128 = CARTESIAN_POINT ( 'NONE',  ( 2.351649519926000131, -5.149999830640999754, 0.7872415132179999553 ) ) ;
#10129 = CARTESIAN_POINT ( 'NONE',  ( 3.019791546220999656, -5.150999830607999819, 0.7984090478490000198 ) ) ;
#10130 = ORIENTED_EDGE ( 'NONE', *, *, #10066, .F. ) ;
#10131 = VECTOR ( 'NONE', #2831, 1000.000000000000000 ) ;
#10132 = ORIENTED_EDGE ( 'NONE', *, *, #9100, .T. ) ;
#10133 = ADVANCED_FACE ( 'NONE', ( #9877 ), #43, .F. ) ;
#10134 = SURFACE_STYLE_USAGE ( .BOTH. , #8554 ) ;
#10135 = ADVANCED_FACE ( 'NONE', ( #5105 ), #6228, .T. ) ;
#10136 = VERTEX_POINT ( 'NONE', #8341 ) ;
#10137 = LINE ( 'NONE', #7803, #3252 ) ;
#10138 = CARTESIAN_POINT ( 'NONE',  ( 2.605562635814000050, -5.150999830607999819, 0.9083526950350000462 ) ) ;
#10139 = PRESENTATION_LAYER_ASSIGNMENT (  '', '', ( #6567 ) ) ;
#10140 = SURFACE_SIDE_STYLE ('',( #2807 ) ) ;
#10141 = LINE ( 'NONE', #1106, #4805 ) ;
#10142 = EDGE_CURVE ( 'NONE', #8778, #434, #8001, .T. ) ;
#10143 = FACE_OUTER_BOUND ( 'NONE', #4235, .T. ) ;
#10144 = VECTOR ( 'NONE', #4471, 1000.000000000000114 ) ;
#10145 =( GEOMETRIC_REPRESENTATION_CONTEXT ( 3 ) GLOBAL_UNCERTAINTY_ASSIGNED_CONTEXT ( ( #8901 ) ) GLOBAL_UNIT_ASSIGNED_CONTEXT ( ( #7646, #10089, #6909 ) ) REPRESENTATION_CONTEXT ( 'NONE', 'WORKASPACE' ) );
#10146 = ADVANCED_FACE ( 'NONE', ( #3113 ), #7097, .T. ) ;
#10147 = DIRECTION ( 'NONE',  ( 0.9999748501857348426, -1.224615999507673436E-16, -0.007092178509963118806 ) ) ;
#10148 = DIRECTION ( 'NONE',  ( 0.000000000000000000, -1.000000000000000000, -3.181332832975315269E-16 ) ) ;
#10149 = ORIENTED_EDGE ( 'NONE', *, *, #6937, .T. ) ;
#10150 = CARTESIAN_POINT ( 'NONE',  ( 3.383216322691000144, -5.150999830607999819, 1.234356201993000113 ) ) ;
#10151 = CARTESIAN_POINT ( 'NONE',  ( 2.468966427038000067, -5.149999830640999754, 0.8138839282250001084 ) ) ;
#10152 = EDGE_CURVE ( 'NONE', #5970, #687, #3007, .T. ) ;
#10153 = DIRECTION ( 'NONE',  ( 0.007092178509984118501, -8.685413711233698261E-19, 0.9999748501857347316 ) ) ;
#10154 = CARTESIAN_POINT ( 'NONE',  ( 3.735336876037000042, -5.150999830607999819, 0.7062480089350000600 ) ) ;
#10155 = MECHANICAL_DESIGN_GEOMETRIC_PRESENTATION_REPRESENTATION (  '', ( #4217 ), #5068 ) ;
#10156 = FACE_OUTER_BOUND ( 'NONE', #4752, .T. ) ;
#10157 = CARTESIAN_POINT ( 'NONE',  ( 2.605255006645999849, -5.150999830607999819, 1.068863489782999832 ) ) ;
#10158 = EDGE_CURVE ( 'NONE', #9650, #4153, #6290, .T. ) ;
#10159 = ORIENTED_EDGE ( 'NONE', *, *, #461, .T. ) ;
#10160 = CARTESIAN_POINT ( 'NONE',  ( -5.149999830640999754, -5.149999830640999754, 1.049999966214999914 ) ) ;
#10161 = FILL_AREA_STYLE_COLOUR ( '', #8279 ) ;
#10162 = VERTEX_POINT ( 'NONE', #3861 ) ;
#10163 = ORIENTED_EDGE ( 'NONE', *, *, #8574, .T. ) ;
#10164 = CARTESIAN_POINT ( 'NONE',  ( -1.249999958892999974, 4.944441160745000730, 1.049999966214999914 ) ) ;
#10165 = ADVANCED_FACE ( 'NONE', ( #2958 ), #10239, .F. ) ;
#10166 = EDGE_LOOP ( 'NONE', ( #3808, #457, #8634, #1236 ) ) ;
#10167 = EDGE_CURVE ( 'NONE', #506, #2627, #8159, .T. ) ;
#10168 = CARTESIAN_POINT ( 'NONE',  ( 2.799166256723000235, -5.150999830607999819, 1.293067789246999943 ) ) ;
#10169 = CARTESIAN_POINT ( 'NONE',  ( 3.704672552512999761, -5.149999830640999754, 0.8321753807899999744 ) ) ;
#10170 = CARTESIAN_POINT ( 'NONE',  ( 3.664512342141999834, -5.149999830640999754, 0.7114293499519999120 ) ) ;
#10171 = VECTOR ( 'NONE', #4389, 1000.000000000000000 ) ;
#10172 =( NAMED_UNIT ( * ) PLANE_ANGLE_UNIT ( ) SI_UNIT ( $, .RADIAN. ) );
#10173 = PRESENTATION_LAYER_ASSIGNMENT (  '', '', ( #7959 ) ) ;
#10174 = VERTEX_POINT ( 'NONE', #5567 ) ;
#10175 = FACE_OUTER_BOUND ( 'NONE', #943, .T. ) ;
#10176 = LINE ( 'NONE', #2894, #8438 ) ;
#10177 = ORIENTED_EDGE ( 'NONE', *, *, #5540, .F. ) ;
#10178 = DIRECTION ( 'NONE',  ( 1.000000000000000000, -1.224646799146999945E-16, 0.000000000000000000 ) ) ;
#10179 = EDGE_CURVE ( 'NONE', #7789, #5340, #9547, .T. ) ;
#10180 = ORIENTED_EDGE ( 'NONE', *, *, #1681, .T. ) ;
#10181 = CARTESIAN_POINT ( 'NONE',  ( 3.551492767735000111, -5.150999830607999819, 0.7267879015639999718 ) ) ;
#10182 = CARTESIAN_POINT ( 'NONE',  ( 3.688781596661999895, -5.150999830607999819, 0.7027309946709999755 ) ) ;
#10183 = CARTESIAN_POINT ( 'NONE',  ( 3.734576994400999883, -5.149999830640999754, 0.7530436797489999945 ) ) ;
#10184 = CARTESIAN_POINT ( 'NONE',  ( 3.717844022184999986, -5.149999830640999754, 1.208587762195000082 ) ) ;
#10185 = PLANE ( 'NONE',  #2739 ) ;
#10186 = ORIENTED_EDGE ( 'NONE', *, *, #3444, .F. ) ;
#10187 = ORIENTED_EDGE ( 'NONE', *, *, #1297, .T. ) ;
#10188 =( LENGTH_UNIT ( ) NAMED_UNIT ( * ) SI_UNIT ( .MILLI., .METRE. ) );
#10189 = ORIENTED_EDGE ( 'NONE', *, *, #6966, .T. ) ;
#10190 = CARTESIAN_POINT ( 'NONE',  ( 3.547398067840000113, -5.149999830640999754, 1.190352664324999976 ) ) ;
#10191 = LINE ( 'NONE', #3923, #10223 ) ;
#10192 = UNCERTAINTY_MEASURE_WITH_UNIT (LENGTH_MEASURE( 1.000000000000000082E-05 ), #1465, 'distance_accuracy_value', 'NONE');
#10193 = EDGE_CURVE ( 'NONE', #6264, #3119, #6139, .T. ) ;
#10194 = ADVANCED_FACE ( 'NONE', ( #4606 ), #6317, .F. ) ;
#10195 = CARTESIAN_POINT ( 'NONE',  ( 3.926229460917999958, -5.150999830607999819, 1.027123202269000224 ) ) ;
#10196 = LINE ( 'NONE', #627, #6992 ) ;
#10197 = CARTESIAN_POINT ( 'NONE',  ( 3.523609942859000199, -5.149999830640999754, 1.054309669938999994 ) ) ;
#10198 = VERTEX_POINT ( 'NONE', #5523 ) ;
#10199 =( NAMED_UNIT ( * ) PLANE_ANGLE_UNIT ( ) SI_UNIT ( $, .RADIAN. ) );
#10200 = SURFACE_STYLE_FILL_AREA ( #3517 ) ;
#10201 = PRESENTATION_LAYER_ASSIGNMENT (  '', '', ( #530 ) ) ;
#10202 = CARTESIAN_POINT ( 'NONE',  ( 3.570968941761000437, -5.150999830607999819, 0.7753116623079999714 ) ) ;
#10203 = VECTOR ( 'NONE', #7496, 1000.000000000000114 ) ;
#10204 = EDGE_CURVE ( 'NONE', #6737, #693, #5091, .T. ) ;
#10205 = DIRECTION ( 'NONE',  ( 0.9999748501857349536, -1.224615999507675901E-16, -0.007092178509958120200 ) ) ;
#10206 = CARTESIAN_POINT ( 'NONE',  ( -3.649999879969000105, 5.149999830640999754, 0.04999999910078999771 ) ) ;
#10207 = ORIENTED_EDGE ( 'NONE', *, *, #5714, .F. ) ;
#10208 =( GEOMETRIC_REPRESENTATION_CONTEXT ( 3 ) GLOBAL_UNCERTAINTY_ASSIGNED_CONTEXT ( ( #5113 ) ) GLOBAL_UNIT_ASSIGNED_CONTEXT ( ( #10472, #8953, #9585 ) ) REPRESENTATION_CONTEXT ( 'NONE', 'WORKASPACE' ) );
#10209 =( GEOMETRIC_REPRESENTATION_CONTEXT ( 3 ) GLOBAL_UNCERTAINTY_ASSIGNED_CONTEXT ( ( #201 ) ) GLOBAL_UNIT_ASSIGNED_CONTEXT ( ( #726, #4074, #5679 ) ) REPRESENTATION_CONTEXT ( 'NONE', 'WORKASPACE' ) );
#10210 = LINE ( 'NONE', #9717, #4046 ) ;
#10211 = ORIENTED_EDGE ( 'NONE', *, *, #8531, .T. ) ;
#10212 = ORIENTED_EDGE ( 'NONE', *, *, #7594, .F. ) ;
#10213 = VECTOR ( 'NONE', #5814, 1000.000000000000000 ) ;
#10214 = LINE ( 'NONE', #538, #4728 ) ;
#10215 = CARTESIAN_POINT ( 'NONE',  ( 5.799999809265000472, 0.4499999852019999635, 7.450579042612001036E-10 ) ) ;
#10216 = MECHANICAL_DESIGN_GEOMETRIC_PRESENTATION_REPRESENTATION (  '', ( #5477 ), #4109 ) ;
#10217 = ORIENTED_EDGE ( 'NONE', *, *, #391, .T. ) ;
#10218 = DIRECTION ( 'NONE',  ( -0.8896103580601769645, 1.089458477487215903E-16, -0.4567202763530909815 ) ) ;
#10219 = FACE_OUTER_BOUND ( 'NONE', #2105, .T. ) ;
#10220 = CARTESIAN_POINT ( 'NONE',  ( 3.699500070917999928, -5.149999830640999754, 0.8285728217619999780 ) ) ;
#10221 = CARTESIAN_POINT ( 'NONE',  ( 3.894049763800000008, -5.150999830607999819, 1.027351432164999911 ) ) ;
#10222 = SURFACE_SIDE_STYLE ('',( #7932 ) ) ;
#10223 = VECTOR ( 'NONE', #8665, 1000.000000000000000 ) ;
#10224 = ORIENTED_EDGE ( 'NONE', *, *, #78, .T. ) ;
#10225 = DIRECTION ( 'NONE',  ( 0.000000000000000000, 0.000000000000000000, 1.000000000000000000 ) ) ;
#10226 = STYLED_ITEM ( 'NONE', ( #3011 ), #5950 ) ;
#10227 = CARTESIAN_POINT ( 'NONE',  ( 4.358204051441999738, -5.149999830640999754, 0.8726669291770000614 ) ) ;
#10228 = ORIENTED_EDGE ( 'NONE', *, *, #9099, .T. ) ;
#10229 = ADVANCED_FACE ( 'NONE', ( #1354 ), #10185, .F. ) ;
#10230 = AXIS2_PLACEMENT_3D ( 'NONE', #10233, #8650, #2847 ) ;
#10231 = DIRECTION ( 'NONE',  ( 0.9999748501857348426, -1.224615999507673436E-16, -0.007092178509963118806 ) ) ;
#10232 = ORIENTED_EDGE ( 'NONE', *, *, #3064, .T. ) ;
#10233 = CARTESIAN_POINT ( 'NONE',  ( 0.000000000000000000, 0.000000000000000000, 3.027168101175000015 ) ) ;
#10234 = CARTESIAN_POINT ( 'NONE',  ( 2.683028604855000054, -5.150999830607999819, 0.6171525516809999168 ) ) ;
#10235 = VECTOR ( 'NONE', #8491, 1000.000000000000000 ) ;
#10236 = LINE ( 'NONE', #2056, #4548 ) ;
#10237 = AXIS2_PLACEMENT_3D ( 'NONE', #6, #4115, #4168 ) ;
#10238 =( NAMED_UNIT ( * ) SI_UNIT ( $, .STERADIAN. ) SOLID_ANGLE_UNIT ( ) );
#10239 = PLANE ( 'NONE',  #8689 ) ;
#10240 = ADVANCED_FACE ( 'NONE', ( #7156 ), #1413, .F. ) ;
#10241 = ORIENTED_EDGE ( 'NONE', *, *, #10024, .T. ) ;
#10242 = ORIENTED_EDGE ( 'NONE', *, *, #8867, .T. ) ;
#10243 = VERTEX_POINT ( 'NONE', #9499 ) ;
#10244 = EDGE_CURVE ( 'NONE', #7157, #866, #7896, .T. ) ;
#10245 = DIRECTION ( 'NONE',  ( 1.224646799146999945E-16, 1.000000000000000000, 0.000000000000000000 ) ) ;
#10246 = DIRECTION ( 'NONE',  ( -0.007092178509960119469, 8.685413711204697607E-19, -0.9999748501857348426 ) ) ;
#10247 = CARTESIAN_POINT ( 'NONE',  ( 2.634481568208999924, -5.150999830607999819, 0.7042581636829999825 ) ) ;
#10248 = CARTESIAN_POINT ( 'NONE',  ( 3.805350295369000158, -5.150999830607999819, 0.8505933645059999826 ) ) ;
#10249 = B_SPLINE_CURVE_WITH_KNOTS ( 'NONE', 3,
 ( #4862, #8191, #4047, #5752 ),
 .UNSPECIFIED., .F., .F.,
 ( 4, 4 ),
 ( 6.000000000000000000, 7.000000000000000000 ),
 .UNSPECIFIED. ) ;
#10250 = CARTESIAN_POINT ( 'NONE',  ( 8.299999727051998732, -0.4999999835569999274, 0.3499999892349999753 ) ) ;
#10251 = LINE ( 'NONE', #4627, #7325 ) ;
#10252 = EDGE_CURVE ( 'NONE', #2353, #1001, #4667, .T. ) ;
#10253 = EDGE_CURVE ( 'NONE', #4174, #1562, #5622, .T. ) ;
#10254 = ORIENTED_EDGE ( 'NONE', *, *, #378, .T. ) ;
#10255 = DIRECTION ( 'NONE',  ( 1.000000000000000000, -1.224646799146999945E-16, 0.000000000000000000 ) ) ;
#10256 = CARTESIAN_POINT ( 'NONE',  ( 2.489599429787999973, -5.149999830640999754, 0.8686865007840000041 ) ) ;
#10257 = CARTESIAN_POINT ( 'NONE',  ( 3.602975788199000107, -5.149999830640999754, 1.212521800802000005 ) ) ;
#10258 = CARTESIAN_POINT ( 'NONE',  ( 3.746256641338999938, -5.149999830640999754, 0.7138649639030000271 ) ) ;
#10259 = EDGE_CURVE ( 'NONE', #1784, #3188, #5675, .T. ) ;
#10260 = FACE_OUTER_BOUND ( 'NONE', #3495, .T. ) ;
#10261 = EDGE_LOOP ( 'NONE', ( #5306, #2652, #7369, #7772 ) ) ;
#10262 = CARTESIAN_POINT ( 'NONE',  ( 4.192510610491999579, -5.149999830640999754, 0.7328473713860000904 ) ) ;
#10263 = EDGE_CURVE ( 'NONE', #8435, #1195, #4173, .T. ) ;
#10264 = ORIENTED_EDGE ( 'NONE', *, *, #187, .F. ) ;
#10265 = ORIENTED_EDGE ( 'NONE', *, *, #6898, .T. ) ;
#10266 = CARTESIAN_POINT ( 'NONE',  ( 3.760120476255000010, -5.149999830640999754, 0.7627404645699999985 ) ) ;
#10267 = CARTESIAN_POINT ( 'NONE',  ( 3.604901802074000017, -5.150999830607999819, 0.7657129420589999791 ) ) ;
#10268 = ORIENTED_EDGE ( 'NONE', *, *, #6382, .F. ) ;
#10269 = CARTESIAN_POINT ( 'NONE',  ( 3.699500070917999928, -5.150999830607999819, 0.8285728217619999780 ) ) ;
#10270 = FACE_OUTER_BOUND ( 'NONE', #3357, .T. ) ;
#10271 =( NAMED_UNIT ( * ) SI_UNIT ( $, .STERADIAN. ) SOLID_ANGLE_UNIT ( ) );
#10272 = DIRECTION ( 'NONE',  ( 0.000000000000000000, 0.000000000000000000, -1.000000000000000000 ) ) ;
#10273 = EDGE_CURVE ( 'NONE', #1195, #4006, #4581, .T. ) ;
#10274 = ORIENTED_EDGE ( 'NONE', *, *, #6937, .F. ) ;
#10275 = CARTESIAN_POINT ( 'NONE',  ( 3.721777607379000319, -5.150999830607999819, 0.7882791578680000688 ) ) ;
#10276 = CARTESIAN_POINT ( 'NONE',  ( 3.691695076323000091, -5.149999830640999754, 0.8203099053090000536 ) ) ;
#10277 = VERTEX_POINT ( 'NONE', #7999 ) ;
#10278 = DIRECTION ( 'NONE',  ( 0.007092178509984118501, -8.685413711233698261E-19, 0.9999748501857347316 ) ) ;
#10279 = VERTEX_POINT ( 'NONE', #768 ) ;
#10280 = LINE ( 'NONE', #1407, #4810 ) ;
#10281 = LINE ( 'NONE', #3157, #192 ) ;
#10282 = FACE_OUTER_BOUND ( 'NONE', #6846, .T. ) ;
#10283 = CARTESIAN_POINT ( 'NONE',  ( 3.799694109084000182, -5.150999830607999819, 1.028020636141999899 ) ) ;
#10284 = CARTESIAN_POINT ( 'NONE',  ( 3.717844022184999986, -5.150999830607999819, 1.208587762195000082 ) ) ;
#10285 = AXIS2_PLACEMENT_3D ( 'NONE', #6209, #9268, #7664 ) ;
#10286 = EDGE_LOOP ( 'NONE', ( #2060, #4778, #4585, #917 ) ) ;
#10287 = ORIENTED_EDGE ( 'NONE', *, *, #10394, .T. ) ;
#10288 = EDGE_CURVE ( 'NONE', #10410, #7552, #8054, .T. ) ;
#10289 = FILL_AREA_STYLE_COLOUR ( '', #1056 ) ;
#10290 = ORIENTED_EDGE ( 'NONE', *, *, #8712, .F. ) ;
#10291 = DIRECTION ( 'NONE',  ( -0.3451999324529146373, 4.227479923439956394E-17, -0.9385291719677674172 ) ) ;
#10292 = CARTESIAN_POINT ( 'NONE',  ( -1.249999958892999974, -6.749999778023999752, 2.049999933330000079 ) ) ;
#10293 = EDGE_CURVE ( 'NONE', #2962, #5984, #13, .T. ) ;
#10294 = LINE ( 'NONE', #8775, #716 ) ;
#10295 = VECTOR ( 'NONE', #167, 1000.000000000000000 ) ;
#10296 = DIRECTION ( 'NONE',  ( 1.224646799146999945E-16, 1.000000000000000000, 0.000000000000000000 ) ) ;
#10297 = FACE_OUTER_BOUND ( 'NONE', #10346, .T. ) ;
#10298 = EDGE_LOOP ( 'NONE', ( #5982, #7316, #6824, #7539 ) ) ;
#10299 = CARTESIAN_POINT ( 'NONE',  ( 2.946058334734000361, -5.149999830640999754, 0.8003779915239999099 ) ) ;
#10300 = FACE_BOUND ( 'NONE', #7473, .T. ) ;
#10301 = DIRECTION ( 'NONE',  ( 1.000000000000000000, -1.224646799146999945E-16, 0.000000000000000000 ) ) ;
#10302 = DIRECTION ( 'NONE',  ( 1.224646799146999945E-16, 1.000000000000000000, 0.000000000000000000 ) ) ;
#10303 = CARTESIAN_POINT ( 'NONE',  ( -8.299999727051998732, 0.4999999835569999274, 0.3499999892349999753 ) ) ;
#10304 = LINE ( 'NONE', #6111, #9558 ) ;
#10305 = VERTEX_POINT ( 'NONE', #5719 ) ;
#10306 = FILL_AREA_STYLE ('',( #1380 ) ) ;
#10307 = ORIENTED_EDGE ( 'NONE', *, *, #397, .F. ) ;
#10308 = ORIENTED_EDGE ( 'NONE', *, *, #2618, .T. ) ;
#10309 = CARTESIAN_POINT ( 'NONE',  ( 3.634914699641999647, -5.149999830640999754, 1.053728213688000181 ) ) ;
#10310 = CARTESIAN_POINT ( 'NONE',  ( 3.651016558460999928, -5.149999830640999754, 1.227569882195999718 ) ) ;
#10311 = VERTEX_POINT ( 'NONE', #913 ) ;
#10312 = CARTESIAN_POINT ( 'NONE',  ( 2.749224460775999912, -5.150999830607999819, 0.7757456509739999451 ) ) ;
#10313 = LINE ( 'NONE', #6172, #6478 ) ;
#10314 = VECTOR ( 'NONE', #5350, 1000.000000000000114 ) ;
#10315 = DIRECTION ( 'NONE',  ( 1.224646799146999945E-16, 1.000000000000000000, 0.000000000000000000 ) ) ;
#10316 = DIRECTION ( 'NONE',  ( -1.000000000000000000, 1.224646799146999945E-16, 0.000000000000000000 ) ) ;
#10317 = EDGE_CURVE ( 'NONE', #7985, #2869, #8099, .T. ) ;
#10318 = EDGE_LOOP ( 'NONE', ( #10025, #5259, #2318, #653, #9932 ) ) ;
#10319 = EDGE_CURVE ( 'NONE', #5984, #2725, #1336, .T. ) ;
#10320 = LINE ( 'NONE', #6994, #5596 ) ;
#10321 = CARTESIAN_POINT ( 'NONE',  ( 2.749224460775999912, -5.150999830607999819, 0.7757456509739999451 ) ) ;
#10322 = EDGE_LOOP ( 'NONE', ( #2138, #1128, #1013, #2366 ) ) ;
#10323 = CARTESIAN_POINT ( 'NONE',  ( 3.485515178107999823, -5.150999830607999819, 0.8875905359869999955 ) ) ;
#10324 = DIRECTION ( 'NONE',  ( 6.043323121304999959E-16, 1.000000000000000000, 0.000000000000000000 ) ) ;
#10325 =( NAMED_UNIT ( * ) SI_UNIT ( $, .STERADIAN. ) SOLID_ANGLE_UNIT ( ) );
#10326 = LINE ( 'NONE', #6235, #9182 ) ;
#10327 = CARTESIAN_POINT ( 'NONE',  ( 3.954669080421999716, -5.150999830607999819, 1.071320276524999837 ) ) ;
#10328 = CARTESIAN_POINT ( 'NONE',  ( -4.944441160745000730, -1.249999958892999974, 0.5499999826579999862 ) ) ;
#10329 = EDGE_CURVE ( 'NONE', #7949, #4453, #1621, .T. ) ;
#10330 = CARTESIAN_POINT ( 'NONE',  ( 3.027841716886999990, -5.149999830640999754, 0.7101445423240000387 ) ) ;
#10331 = EDGE_LOOP ( 'NONE', ( #10228, #8056, #2523, #8805 ) ) ;
#10332 = EDGE_LOOP ( 'NONE', ( #2129, #9486, #296, #7358 ) ) ;
#10333 = VECTOR ( 'NONE', #7402, 999.9999999999998863 ) ;
#10334 = FILL_AREA_STYLE ('',( #10289 ) ) ;
#10335 = ORIENTED_EDGE ( 'NONE', *, *, #4310, .F. ) ;
#10336 = CARTESIAN_POINT ( 'NONE',  ( 5.149999830640999754, -1.249999958892999974, 0.5499999826579999862 ) ) ;
#10337 = CARTESIAN_POINT ( 'NONE',  ( 4.226662871448999326, -5.150999830607999819, 0.8787987863330000149 ) ) ;
#10338 = FACE_OUTER_BOUND ( 'NONE', #7009, .T. ) ;
#10339 = B_SPLINE_CURVE_WITH_KNOTS ( 'NONE', 3,
 ( #6310, #8023, #9565, #2290 ),
 .UNSPECIFIED., .F., .F.,
 ( 4, 4 ),
 ( 12.00000000000000000, 13.00000000000000000 ),
 .UNSPECIFIED. ) ;
#10340 = LINE ( 'NONE', #9455, #8536 ) ;
#10341 = CARTESIAN_POINT ( 'NONE',  ( 3.776861645901000042, -5.150999830607999819, 0.8507954161749999855 ) ) ;
#10342 = ADVANCED_FACE ( 'NONE', ( #4973 ), #8207, .F. ) ;
#10343 = CARTESIAN_POINT ( 'NONE',  ( 2.799166256723000235, -5.150999830607999819, 1.293067789246999943 ) ) ;
#10344 = EDGE_CURVE ( 'NONE', #160, #8005, #183, .T. ) ;
#10345 = CARTESIAN_POINT ( 'NONE',  ( 3.953965626105000464, -5.150999830607999819, 1.221366101565000140 ) ) ;
#10346 = EDGE_LOOP ( 'NONE', ( #424, #3442, #10517, #806 ) ) ;
#10347 = FACE_BOUND ( 'NONE', #7424, .T. ) ;
#10348 = CARTESIAN_POINT ( 'NONE',  ( 3.940145670852999604, -5.149999830640999754, 1.200668436969999808 ) ) ;
#10349 = CARTESIAN_POINT ( 'NONE',  ( 4.207063169991999807, -5.149999830640999754, 0.7468852222829999166 ) ) ;
#10350 = CARTESIAN_POINT ( 'NONE',  ( 3.498034028674999796, -5.149999830640999754, 1.128003794546999838 ) ) ;
#10351 = LINE ( 'NONE', #3081, #4823 ) ;
#10352 = EDGE_CURVE ( 'NONE', #6022, #5993, #4066, .T. ) ;
#10353 = ADVANCED_FACE ( 'NONE', ( #3161 ), #8721, .F. ) ;
#10354 = ORIENTED_EDGE ( 'NONE', *, *, #2995, .T. ) ;
#10355 = FACE_OUTER_BOUND ( 'NONE', #5794, .T. ) ;
#10356 = ORIENTED_EDGE ( 'NONE', *, *, #9036, .T. ) ;
#10357 = ORIENTED_EDGE ( 'NONE', *, *, #6636, .T. ) ;
#10358 = DIRECTION ( 'NONE',  ( 1.000000000000000000, -2.449293598295002237E-16, 0.000000000000000000 ) ) ;
#10359 = VERTEX_POINT ( 'NONE', #1672 ) ;
#10360 = DIRECTION ( 'NONE',  ( 0.9999748501857348426, -1.224615999507673436E-16, -0.007092178509964118874 ) ) ;
#10361 = DIRECTION ( 'NONE',  ( 0.000000000000000000, 0.000000000000000000, -1.000000000000000000 ) ) ;
#10362 = UNCERTAINTY_MEASURE_WITH_UNIT (LENGTH_MEASURE( 1.000000000000000082E-05 ), #4488, 'distance_accuracy_value', 'NONE');
#10363 = CARTESIAN_POINT ( 'NONE',  ( 3.762855115409999840, -5.149999830640999754, 0.7451487193829999800 ) ) ;
#10364 = CARTESIAN_POINT ( 'NONE',  ( -1.100827336225000055E-16, -0.4499999852019999635, 0.3499999892349999753 ) ) ;
#10365 = B_SPLINE_CURVE_WITH_KNOTS ( 'NONE', 3,
 ( #5269, #7707, #6692, #2808 ),
 .UNSPECIFIED., .F., .F.,
 ( 4, 4 ),
 ( 4.000000000000000000, 5.000000000000000000 ),
 .UNSPECIFIED. ) ;
#10366 = MECHANICAL_DESIGN_GEOMETRIC_PRESENTATION_REPRESENTATION (  '', ( #9025 ), #5964 ) ;
#10367 = VERTEX_POINT ( 'NONE', #4923 ) ;
#10368 = EDGE_LOOP ( 'NONE', ( #1120, #1121, #9249, #1062 ) ) ;
#10369 = DIRECTION ( 'NONE',  ( 1.224646799146999945E-16, 1.000000000000000000, 0.000000000000000000 ) ) ;
#10370 = COLOUR_RGB ( '',0.2470588235294117752, 0.2470588235294117752, 0.2470588235294117752 ) ;
#10371 = DIRECTION ( 'NONE',  ( 1.224646799146999945E-16, 1.000000000000000000, 0.000000000000000000 ) ) ;
#10372 = ORIENTED_EDGE ( 'NONE', *, *, #3574, .T. ) ;
#10373 = CARTESIAN_POINT ( 'NONE',  ( 3.699500070917999928, -5.150999830607999819, 0.8285728217619999780 ) ) ;
#10374 =( LENGTH_UNIT ( ) NAMED_UNIT ( * ) SI_UNIT ( .MILLI., .METRE. ) );
#10375 = LINE ( 'NONE', #10431, #7651 ) ;
#10376 = EDGE_CURVE ( 'NONE', #3766, #1425, #8151, .T. ) ;
#10377 = LINE ( 'NONE', #8053, #9142 ) ;
#10378 = CARTESIAN_POINT ( 'NONE',  ( 3.897571610713999934, -5.149999830640999754, 1.230708210727000207 ) ) ;
#10379 = CIRCLE ( 'NONE', #5478, 0.4652383217149999028 ) ;
#10380 = AXIS2_PLACEMENT_3D ( 'NONE', #667, #7160, #7899 ) ;
#10381 = DIRECTION ( 'NONE',  ( 0.9999748501857348426, -1.224615999507675408E-16, -0.007092178509961118670 ) ) ;
#10382 = EDGE_LOOP ( 'NONE', ( #1793, #8447, #2669, #7833 ) ) ;
#10383 = EDGE_LOOP ( 'NONE', ( #2716, #4273, #7591, #4711 ) ) ;
#10384 = AXIS2_PLACEMENT_3D ( 'NONE', #763, #4059, #4767 ) ;
#10385 = LINE ( 'NONE', #2325, #7848 ) ;
#10386 = VECTOR ( 'NONE', #5135, 1000.000000000000000 ) ;
#10387 = EDGE_CURVE ( 'NONE', #4023, #7589, #6557, .T. ) ;
#10388 = ORIENTED_EDGE ( 'NONE', *, *, #4499, .F. ) ;
#10389 =( GEOMETRIC_REPRESENTATION_CONTEXT ( 3 ) GLOBAL_UNCERTAINTY_ASSIGNED_CONTEXT ( ( #5945 ) ) GLOBAL_UNIT_ASSIGNED_CONTEXT ( ( #7940, #8859, #7048 ) ) REPRESENTATION_CONTEXT ( 'NONE', 'WORKASPACE' ) );
#10390 = LINE ( 'NONE', #5626, #5644 ) ;
#10391 = CARTESIAN_POINT ( 'NONE',  ( 3.547707412208999767, -5.150999830607999819, 1.226638933078000093 ) ) ;
#10392 = DIRECTION ( 'NONE',  ( -0.2455530343990405817, 0.000000000000000000, 0.9693831581461602731 ) ) ;
#10393 = AXIS2_PLACEMENT_3D ( 'NONE', #5438, #531, #6977 ) ;
#10394 = EDGE_CURVE ( 'NONE', #4006, #4718, #309, .T. ) ;
#10395 = DIRECTION ( 'NONE',  ( 1.000000000000000000, -2.446283049834999907E-16, 0.000000000000000000 ) ) ;
#10396 = EDGE_CURVE ( 'NONE', #8152, #3975, #2677, .T. ) ;
#10397 = CARTESIAN_POINT ( 'NONE',  ( 3.954669080421999716, -5.149999830640999754, 1.071320276524999837 ) ) ;
#10398 = CARTESIAN_POINT ( 'NONE',  ( 3.762922957575999927, -5.149999830640999754, 0.7547142513210000070 ) ) ;
#10399 = B_SPLINE_CURVE_WITH_KNOTS ( 'NONE', 3,
 ( #4688, #10513, #9669, #3235 ),
 .UNSPECIFIED., .F., .F.,
 ( 4, 4 ),
 ( 4.000000000000000000, 5.000000000000000000 ),
 .UNSPECIFIED. ) ;
#10400 = CARTESIAN_POINT ( 'NONE',  ( 3.539375103337000006, -5.149999830640999754, 0.7481894170299999702 ) ) ;
#10401 = ORIENTED_EDGE ( 'NONE', *, *, #2447, .F. ) ;
#10402 = DIRECTION ( 'NONE',  ( 1.224646799147213924E-16, 1.000000000000000000, 0.000000000000000000 ) ) ;
#10403 = CARTESIAN_POINT ( 'NONE',  ( 4.072401375669000068, -5.150999830607999819, 1.104694171740999931 ) ) ;
#10404 = CARTESIAN_POINT ( 'NONE',  ( 3.620391294716999830, -5.149999830640999754, 1.212398283813999722 ) ) ;
#10405 = DIRECTION ( 'NONE',  ( 0.3592492403230271858, -4.399534322581330555E-17, -0.9332416532320703118 ) ) ;
#10406 = DIRECTION ( 'NONE',  ( 0.007092178509959120268, -8.685413711202704270E-19, 0.9999748501857349536 ) ) ;
#10407 = LINE ( 'NONE', #9617, #2236 ) ;
#10408 = VECTOR ( 'NONE', #7716, 1000.000000000000000 ) ;
#10409 = CARTESIAN_POINT ( 'NONE',  ( 3.531942549656000185, -5.150999830607999819, 1.085652049899999749 ) ) ;
#10410 = VERTEX_POINT ( 'NONE', #7521 ) ;
#10411 = DIRECTION ( 'NONE',  ( 1.224646799146999945E-16, 1.000000000000000000, 0.000000000000000000 ) ) ;
#10412 = ORIENTED_EDGE ( 'NONE', *, *, #7889, .F. ) ;
#10413 = VERTEX_POINT ( 'NONE', #6026 ) ;
#10414 = DIRECTION ( 'NONE',  ( 1.224646799146999945E-16, 1.000000000000000000, 0.000000000000000000 ) ) ;
#10415 = FILL_AREA_STYLE_COLOUR ( '', #8728 ) ;
#10416 = ORIENTED_EDGE ( 'NONE', *, *, #4651, .F. ) ;
#10417 = LINE ( 'NONE', #896, #9534 ) ;
#10418 = DIRECTION ( 'NONE',  ( -0.9999748501857348426, 1.224615999507675655E-16, 0.007092178509962118738 ) ) ;
#10419 = EDGE_CURVE ( 'NONE', #6426, #9972, #1716, .T. ) ;
#10420 = DIRECTION ( 'NONE',  ( 1.224646799147213924E-16, 1.000000000000000000, 0.000000000000000000 ) ) ;
#10421 = CARTESIAN_POINT ( 'NONE',  ( 2.383152860003000306, -5.149999830640999754, 0.9475267208019999554 ) ) ;
#10422 = DIRECTION ( 'NONE',  ( 0.000000000000000000, 0.000000000000000000, 1.000000000000000000 ) ) ;
#10423 = ORIENTED_EDGE ( 'NONE', *, *, #2429, .F. ) ;
#10424 = ORIENTED_EDGE ( 'NONE', *, *, #9805, .T. ) ;
#10425 = CARTESIAN_POINT ( 'NONE',  ( 4.168954833848999897, -5.150999830607999819, 1.025401707300000131 ) ) ;
#10426 = CARTESIAN_POINT ( 'NONE',  ( 3.944150803854999499, -5.150999830607999819, 0.9077328691820000239 ) ) ;
#10427 = VERTEX_POINT ( 'NONE', #1185 ) ;
#10428 = SURFACE_STYLE_FILL_AREA ( #2367 ) ;
#10429 = CARTESIAN_POINT ( 'NONE',  ( 4.256823191649999671, -5.149999830640999754, 0.8064238667220000600 ) ) ;
#10430 = SURFACE_SIDE_STYLE ('',( #2317 ) ) ;
#10431 = CARTESIAN_POINT ( 'NONE',  ( 4.346267051362000089, -5.149999830640999754, 0.9048809172460000605 ) ) ;
#10432 = CARTESIAN_POINT ( 'NONE',  ( 2.539879457876999869, -5.150999830607999819, 0.6181678165189999907 ) ) ;
#10433 =( NAMED_UNIT ( * ) SI_UNIT ( $, .STERADIAN. ) SOLID_ANGLE_UNIT ( ) );
#10434 = CARTESIAN_POINT ( 'NONE',  ( 3.969611309134000177, -5.150999830607999819, 0.7957755106980000104 ) ) ;
#10435 = EDGE_LOOP ( 'NONE', ( #2796, #5184, #3892, #1189 ) ) ;
#10436 = ORIENTED_EDGE ( 'NONE', *, *, #8245, .T. ) ;
#10437 = EDGE_CURVE ( 'NONE', #8945, #3589, #1776, .T. ) ;
#10438 = EDGE_CURVE ( 'NONE', #9996, #802, #3480, .T. ) ;
#10439 = CARTESIAN_POINT ( 'NONE',  ( 3.575966300094000072, -5.149999830640999754, 0.8348558443209999069 ) ) ;
#10440 = VERTEX_POINT ( 'NONE', #5246 ) ;
#10441 = CARTESIAN_POINT ( 'NONE',  ( 4.207063169991999807, -5.150999830607999819, 0.7468852222829999166 ) ) ;
#10442 = CARTESIAN_POINT ( 'NONE',  ( 3.630620051249000113, -5.149999830640999754, 0.8000513689360000402 ) ) ;
#10443 = CARTESIAN_POINT ( 'NONE',  ( 2.466833330998999596, -5.149999830640999754, 0.7170154720239999557 ) ) ;
#10444 = EDGE_CURVE ( 'NONE', #2822, #8581, #1702, .T. ) ;
#10445 = EDGE_CURVE ( 'NONE', #4902, #10448, #6670, .T. ) ;
#10446 = CARTESIAN_POINT ( 'NONE',  ( 3.547398067840000113, -5.149999830640999754, 1.190352664324999976 ) ) ;
#10447 = CARTESIAN_POINT ( 'NONE',  ( 3.405903410716000224, -5.150999830607999819, 0.7313557389520000118 ) ) ;
#10448 = VERTEX_POINT ( 'NONE', #9958 ) ;
#10449 =( NAMED_UNIT ( * ) PLANE_ANGLE_UNIT ( ) SI_UNIT ( $, .RADIAN. ) );
#10450 = B_SPLINE_CURVE_WITH_KNOTS ( 'NONE', 3,
 ( #6028, #2841, #1885, #9284 ),
 .UNSPECIFIED., .F., .F.,
 ( 4, 4 ),
 ( 9.000000000000000000, 10.00000000000000000 ),
 .UNSPECIFIED. ) ;
#10451 = CARTESIAN_POINT ( 'NONE',  ( 4.362929299053000420, -5.150999830607999819, 0.8645231005819999925 ) ) ;
#10452 = VECTOR ( 'NONE', #9589, 1000.000000000000000 ) ;
#10453 = CARTESIAN_POINT ( 'NONE',  ( 3.790111635170000159, -5.150999830607999819, 1.142984734057999940 ) ) ;
#10454 = CARTESIAN_POINT ( 'NONE',  ( 2.708901986847000121, -5.149999830640999754, 1.206946566248000119 ) ) ;
#10455 = CARTESIAN_POINT ( 'NONE',  ( 2.995282267205999993, -5.150999830607999819, 1.216483638880999862 ) ) ;
#10456 = EDGE_LOOP ( 'NONE', ( #9178, #6626, #2569, #2769 ) ) ;
#10457 =( NAMED_UNIT ( * ) PLANE_ANGLE_UNIT ( ) SI_UNIT ( $, .RADIAN. ) );
#10458 = EDGE_CURVE ( 'NONE', #9224, #1001, #318, .T. ) ;
#10459 = PRESENTATION_LAYER_ASSIGNMENT (  '', '', ( #105 ) ) ;
#10460 = ADVANCED_FACE ( 'NONE', ( #8478 ), #9174, .T. ) ;
#10461 = ORIENTED_EDGE ( 'NONE', *, *, #10167, .F. ) ;
#10462 = CARTESIAN_POINT ( 'NONE',  ( 5.799999809265000472, 0.4499999852019999635, -3.712307892621000249 ) ) ;
#10463 = CARTESIAN_POINT ( 'NONE',  ( 3.849438959200000010, -5.149999830640999754, 0.7408953917490000984 ) ) ;
#10464 = ORIENTED_EDGE ( 'NONE', *, *, #416, .F. ) ;
#10465 = DIRECTION ( 'NONE',  ( 1.224646799146999945E-16, 1.000000000000000000, 0.000000000000000000 ) ) ;
#10466 = CARTESIAN_POINT ( 'NONE',  ( 3.704672552512999761, -5.150999830607999819, 0.8321753807899999744 ) ) ;
#10467 = LINE ( 'NONE', #4157, #8358 ) ;
#10468 = PRESENTATION_LAYER_ASSIGNMENT (  '', '', ( #1647 ) ) ;
#10469 = CARTESIAN_POINT ( 'NONE',  ( 2.749121908788000113, -5.150999830607999819, 0.7612861434059999821 ) ) ;
#10470 = MECHANICAL_DESIGN_GEOMETRIC_PRESENTATION_REPRESENTATION (  '', ( #5735 ), #1659 ) ;
#10471 = CARTESIAN_POINT ( 'NONE',  ( 3.776861645901000042, -5.150999830607999819, 0.8507954161749999855 ) ) ;
#10472 =( LENGTH_UNIT ( ) NAMED_UNIT ( * ) SI_UNIT ( .MILLI., .METRE. ) );
#10473 = ORIENTED_EDGE ( 'NONE', *, *, #9365, .F. ) ;
#10474 = ORIENTED_EDGE ( 'NONE', *, *, #3739, .T. ) ;
#10475 = ADVANCED_FACE ( 'NONE', ( #2730 ), #7625, .F. ) ;
#10476 = CARTESIAN_POINT ( 'NONE',  ( 3.717036132000000048, -5.149999830640999754, 0.7648136669699999723 ) ) ;
#10477 = ORIENTED_EDGE ( 'NONE', *, *, #1749, .F. ) ;
#10478 = EDGE_CURVE ( 'NONE', #8643, #2455, #4513, .T. ) ;
#10479 = VECTOR ( 'NONE', #9778, 1000.000000000000000 ) ;
#10480 = CARTESIAN_POINT ( 'NONE',  ( 2.406308614214999864, -5.149999830640999754, 1.154143771051000078 ) ) ;
#10481 = VECTOR ( 'NONE', #2145, 1000.000000000000000 ) ;
#10482 = SURFACE_STYLE_FILL_AREA ( #9595 ) ;
#10483 = DIRECTION ( 'NONE',  ( 1.224646799146999945E-16, 1.000000000000000000, 0.000000000000000000 ) ) ;
#10484 = EDGE_CURVE ( 'NONE', #1282, #7357, #1828, .T. ) ;
#10485 = B_SPLINE_CURVE_WITH_KNOTS ( 'NONE', 3,
 ( #8202, #9751, #7363, #4873 ),
 .UNSPECIFIED., .F., .F.,
 ( 4, 4 ),
 ( 10.00000000000000000, 11.00000000000000000 ),
 .UNSPECIFIED. ) ;
#10486 = DIRECTION ( 'NONE',  ( -0.9999748501857348426, 1.224615999507673436E-16, 0.007092178509963118806 ) ) ;
#10487 = CARTESIAN_POINT ( 'NONE',  ( 3.839554580045000165, -5.150999830607999819, 1.231119688214000085 ) ) ;
#10488 = CARTESIAN_POINT ( 'NONE',  ( 3.703857706782999859, -5.149999830640999754, 0.7026240695180000495 ) ) ;
#10489 = CARTESIAN_POINT ( 'NONE',  ( 3.665384331722000066, -5.149999830640999754, 0.8123861950469999371 ) ) ;
#10490 = AXIS2_PLACEMENT_3D ( 'NONE', #10004, #4426, #7670 ) ;
#10491 = EDGE_LOOP ( 'NONE', ( #2671, #10130, #1178, #2949 ) ) ;
#10492 = VERTEX_POINT ( 'NONE', #6222 ) ;
#10493 = EDGE_CURVE ( 'NONE', #8102, #9689, #8756, .T. ) ;
#10494 = EDGE_CURVE ( 'NONE', #8272, #9839, #7884, .T. ) ;
#10495 = VERTEX_POINT ( 'NONE', #1444 ) ;
#10496 = CARTESIAN_POINT ( 'NONE',  ( -1.999999934228999798, 0.4999999835569999274, 0.3499999892349999753 ) ) ;
#10497 = ORIENTED_EDGE ( 'NONE', *, *, #527, .F. ) ;
#10498 = B_SPLINE_SURFACE_WITH_KNOTS ( 'NONE', 3, 1, ( 
 ( #1644, #9571 ),
 ( #7914, #4089 ),
 ( #5592, #9519 ),
 ( #2344, #3236 ) ),
 .UNSPECIFIED., .F., .F., .F.,
 ( 4, 4 ),
 ( 2, 2 ),
 ( 1.000000000000000000, 2.000000000000000000 ),
 ( 0.000000000000000000, 1.000000000000000000 ),
 .UNSPECIFIED. ) ;
#10499 = CARTESIAN_POINT ( 'NONE',  ( 3.615845204104000121, -5.150999830607999819, 1.025893270880999797 ) ) ;
#10500 = VECTOR ( 'NONE', #7685, 1000.000000000000000 ) ;
#10501 = STYLED_ITEM ( 'NONE', ( #1272 ), #2508 ) ;
#10502 = CARTESIAN_POINT ( 'NONE',  ( 3.485681096449000371, -5.149999830640999754, 0.9109844999659999498 ) ) ;
#10503 = DIRECTION ( 'NONE',  ( -1.000000000000000000, 1.224646799146999945E-16, 0.000000000000000000 ) ) ;
#10504 = B_SPLINE_SURFACE_WITH_KNOTS ( 'NONE', 3, 1, ( 
 ( #1240, #233 ),
 ( #5867, #6827 ),
 ( #5242, #4489 ),
 ( #2727, #168 ) ),
 .UNSPECIFIED., .F., .F., .F.,
 ( 4, 4 ),
 ( 2, 2 ),
 ( 18.00000000000000000, 19.00000000000000000 ),
 ( 0.000000000000000000, 1.000000000000000000 ),
 .UNSPECIFIED. ) ;
#10505 = DIRECTION ( 'NONE',  ( 0.007092178509963118806, -8.685413711208697764E-19, 0.9999748501857348426 ) ) ;
#10506 = EDGE_LOOP ( 'NONE', ( #5463, #9126, #1491, #5650 ) ) ;
#10507 = CARTESIAN_POINT ( 'NONE',  ( 3.815578719164999910, -5.149999830640999754, 0.6654392630890000326 ) ) ;
#10508 = SURFACE_SIDE_STYLE ('',( #7122 ) ) ;
#10509 = SURFACE_SIDE_STYLE ('',( #1689 ) ) ;
#10510 = CARTESIAN_POINT ( 'NONE',  ( 0.000000000000000000, 0.000000000000000000, 10.04999967024799901 ) ) ;
#10511 = CARTESIAN_POINT ( 'NONE',  ( 4.140659763901000545, -5.149999830640999754, 1.104210058892000079 ) ) ;
#10512 = ADVANCED_FACE ( 'NONE', ( #5351 ), #3869, .F. ) ;
#10513 = CARTESIAN_POINT ( 'NONE',  ( 4.246179205575999482, -5.149999830640999754, 0.7497271494970000338 ) ) ;
#10514 = CARTESIAN_POINT ( 'NONE',  ( 3.525597980806999932, -5.149999830640999754, 1.129367977211000129 ) ) ;
#10515 = VERTEX_POINT ( 'NONE', #8588 ) ;
#10516 = CARTESIAN_POINT ( 'NONE',  ( 4.362929299053000420, -5.149999830640999754, 0.8645231005819999925 ) ) ;
#10517 = ORIENTED_EDGE ( 'NONE', *, *, #3381, .T. ) ;
#10518 = CARTESIAN_POINT ( 'NONE',  ( 3.597243964676000161, -5.149999830640999754, 1.049420338241000117 ) ) ;
#10519 = PLANE ( 'NONE',  #1377 ) ;
#10520 = EDGE_CURVE ( 'NONE', #2903, #9071, #7783, .T. ) ;
#10521 = ORIENTED_EDGE ( 'NONE', *, *, #3807, .T. ) ;
#10522 = CARTESIAN_POINT ( 'NONE',  ( 4.172985799574999710, -5.150999830607999819, 0.8827147489940000424 ) ) ;
#10523 = FILL_AREA_STYLE_COLOUR ( '', #3060 ) ;
#10524 = DIRECTION ( 'NONE',  ( -0.9999748501857350647, 1.224615999507675162E-16, 0.007092178509948120387 ) ) ;
#10525 = DIRECTION ( 'NONE',  ( 1.000000000000000000, 0.000000000000000000, 0.000000000000000000 ) ) ;
#10526 = NEXT_ASSEMBLY_USAGE_OCCURRENCE ( 'NAUO1', ' ', ' ', #1484, #889, $ ) ;
ENDSEC;
END-ISO-10303-21;
