ISO-10303-21;
HEADER;
FILE_DESCRIPTION (( 'STEP AP214' ),
    '1' );
FILE_NAME ('08421C46-AD47-4735-8DE9-E23CEE51AA35.STEP',
    '2026-07-03T11:02:23',
    ( '' ),
    ( '' ),
    'SwSTEP 2.0',
    'SolidWorks 2022',
    '' );
FILE_SCHEMA (( 'AUTOMOTIVE_DESIGN' ));
ENDSEC;

DATA;
#1 = DIRECTION ( 'NONE',  ( -1.000000000000000000, -6.982962677686266711E-15, -2.438088387897967896E-29 ) ) ;
#2 = PRESENTATION_STYLE_ASSIGNMENT (( #2311 ) ) ;
#3 = LINE ( 'NONE', #1588, #3139 ) ;
#4 = VERTEX_POINT ( 'NONE', #914 ) ;
#5 = FILL_AREA_STYLE ('',( #3894 ) ) ;
#7 = ORIENTED_EDGE ( 'NONE', *, *, #1888, .T. ) ;
#6 = VECTOR ( 'NONE', #3173, 1000.000000000000000 ) ;
#8 =( NAMED_UNIT ( * ) PLANE_ANGLE_UNIT ( ) SI_UNIT ( $, .RADIAN. ) );
#9 = PRESENTATION_STYLE_ASSIGNMENT (( #2179 ) ) ;
#10 = ORIENTED_EDGE ( 'NONE', *, *, #3432, .F. ) ;
#11 = FILL_AREA_STYLE ('',( #1654 ) ) ;
#12 = LINE ( 'NONE', #694, #1715 ) ;
#13 =( LENGTH_UNIT ( ) NAMED_UNIT ( * ) SI_UNIT ( .MILLI., .METRE. ) );
#14 = EDGE_CURVE ( 'NONE', #625, #3947, #848, .T. ) ;
#15 = VERTEX_POINT ( 'NONE', #1178 ) ;
#16 = DIRECTION ( 'NONE',  ( 0.0000000000000000000, -3.491481338843133355E-15, 1.000000000000000000 ) ) ;
#17 = DIRECTION ( 'NONE',  ( -6.982962677686266711E-15, 1.000000000000000000, 3.491481338843133355E-15 ) ) ;
#18 =( NAMED_UNIT ( * ) SI_UNIT ( $, .STERADIAN. ) SOLID_ANGLE_UNIT ( ) );
#19 = PRESENTATION_STYLE_ASSIGNMENT (( #1552 ) ) ;
#20 = ORIENTED_EDGE ( 'NONE', *, *, #2307, .F. ) ;
#21 = PRESENTATION_LAYER_ASSIGNMENT (  '', '', ( #1852 ) ) ;
#22 = ORIENTED_EDGE ( 'NONE', *, *, #1595, .T. ) ;
#23 = SURFACE_STYLE_FILL_AREA ( #1327 ) ;
#24 = AXIS2_PLACEMENT_3D ( 'NONE', #279, #3109, #2816 ) ;
#25 = SURFACE_STYLE_USAGE ( .BOTH. , #2913 ) ;
#26 = COLOUR_RGB ( '',0.7921568627450980005, 0.8196078431372548767, 0.9333333333333333481 ) ;
#27 = SURFACE_STYLE_FILL_AREA ( #671 ) ;
#28 = DIRECTION ( 'NONE',  ( 0.0000000000000000000, 3.491481338843133355E-15, -1.000000000000000000 ) ) ;
#29 = ORIENTED_EDGE ( 'NONE', *, *, #1365, .T. ) ;
#30 = PRESENTATION_LAYER_ASSIGNMENT (  '', '', ( #2125 ) ) ;
#31 = LINE ( 'NONE', #2329, #2051 ) ;
#32 = CARTESIAN_POINT ( 'NONE',  ( -1.047444401652940007E-14, 1.499999999999996669, 1.000000000000005329 ) ) ;
#33 = AXIS2_PLACEMENT_3D ( 'NONE', #2489, #849, #532 ) ;
#34 = PRESENTATION_LAYER_ASSIGNMENT (  '', '', ( #3744 ) ) ;
#35 = LINE ( 'NONE', #367, #717 ) ;
#36 = CYLINDRICAL_SURFACE ( 'NONE', #3612, 5.099999999999999645 ) ;
#37 = ORIENTED_EDGE ( 'NONE', *, *, #2377, .F. ) ;
#38 = VECTOR ( 'NONE', #2999, 1000.000000000000000 ) ;
#39 = CIRCLE ( 'NONE', #1662, 5.000000000000004441 ) ;
#40 = CARTESIAN_POINT ( 'NONE',  ( -1.825000000000000844, -1.906050470926743727E-14, 0.7500000000000000000 ) ) ;
#41 = ADVANCED_FACE ( 'NONE', ( #1559 ), #3739, .F. ) ;
#42 = EDGE_CURVE ( 'NONE', #3022, #1684, #3715, .T. ) ;
#43 = AXIS2_PLACEMENT_3D ( 'NONE', #2372, #3643, #797 ) ;
#44 = CIRCLE ( 'NONE', #1877, 0.4500000000000001776 ) ;
#45 = PRESENTATION_STYLE_ASSIGNMENT (( #686 ) ) ;
#46 = ORIENTED_EDGE ( 'NONE', *, *, #695, .F. ) ;
#47 =( LENGTH_UNIT ( ) NAMED_UNIT ( * ) SI_UNIT ( .MILLI., .METRE. ) );
#48 = SURFACE_STYLE_USAGE ( .BOTH. , #2876 ) ;
#49 = ORIENTED_EDGE ( 'NONE', *, *, #2034, .T. ) ;
#50 =( NAMED_UNIT ( * ) SI_UNIT ( $, .STERADIAN. ) SOLID_ANGLE_UNIT ( ) );
#51 = UNCERTAINTY_MEASURE_WITH_UNIT (LENGTH_MEASURE( 1.000000000000000082E-05 ), #3791, 'distance_accuracy_value', 'NONE');
#52 = DIRECTION ( 'NONE',  ( 1.000000000000000000, -0.0000000000000000000, -0.0000000000000000000 ) ) ;
#53 = ORIENTED_EDGE ( 'NONE', *, *, #4125, .F. ) ;
#54 = FILL_AREA_STYLE ('',( #2565 ) ) ;
#55 = CARTESIAN_POINT ( 'NONE',  ( 1.824999999999999512, 1.029992063861229212E-14, 0.7499999999999842348 ) ) ;
#56 = LINE ( 'NONE', #409, #2445 ) ;
#57 =( NAMED_UNIT ( * ) SI_UNIT ( $, .STERADIAN. ) SOLID_ANGLE_UNIT ( ) );
#58 = ORIENTED_EDGE ( 'NONE', *, *, #1166, .F. ) ;
#59 = PRESENTATION_LAYER_ASSIGNMENT (  '', '', ( #3154 ) ) ;
#60 = UNCERTAINTY_MEASURE_WITH_UNIT (LENGTH_MEASURE( 1.000000000000000082E-05 ), #3638, 'distance_accuracy_value', 'NONE');
#61 = SURFACE_SIDE_STYLE ('',( #3892 ) ) ;
#62 = EDGE_LOOP ( 'NONE', ( #49, #109, #3312, #3528, #3134 ) ) ;
#63 = SURFACE_SIDE_STYLE ('',( #1963 ) ) ;
#64 = PRESENTATION_LAYER_ASSIGNMENT (  '', '', ( #2347 ) ) ;
#65 = EDGE_CURVE ( 'NONE', #1428, #1053, #507, .T. ) ;
#66 = SURFACE_STYLE_FILL_AREA ( #2002 ) ;
#67 = ADVANCED_FACE ( 'NONE', ( #870 ), #2140, .F. ) ;
#68 = ORIENTED_EDGE ( 'NONE', *, *, #2427, .F. ) ;
#69 = FILL_AREA_STYLE_COLOUR ( '', #1723 ) ;
#70 = VECTOR ( 'NONE', #2317, 1000.000000000000000 ) ;
#71 = VECTOR ( 'NONE', #1608, 1000.000000000000000 ) ;
#72 = SURFACE_STYLE_USAGE ( .BOTH. , #2960 ) ;
#73 = DIRECTION ( 'NONE',  ( -3.071906155375596061E-16, 3.491481338843131383E-15, -1.000000000000000000 ) ) ;
#74 = FILL_AREA_STYLE ('',( #1702 ) ) ;
#75 = VERTEX_POINT ( 'NONE', #974 ) ;
#76 = SURFACE_STYLE_FILL_AREA ( #3549 ) ;
#77 = SURFACE_SIDE_STYLE ('',( #767 ) ) ;
#78 =( NAMED_UNIT ( * ) SI_UNIT ( $, .STERADIAN. ) SOLID_ANGLE_UNIT ( ) );
#79 = DIRECTION ( 'NONE',  ( 6.982962677686266711E-15, -1.000000000000000000, -3.491481338843133355E-15 ) ) ;
#80 = CARTESIAN_POINT ( 'NONE',  ( -2.350000000000000977, -0.4500000000000191069, 0.7499999999999984457 ) ) ;
#81 = ORIENTED_EDGE ( 'NONE', *, *, #2326, .T. ) ;
#82 = FILL_AREA_STYLE_COLOUR ( '', #4143 ) ;
#83 = ORIENTED_EDGE ( 'NONE', *, *, #861, .T. ) ;
#84 = DIRECTION ( 'NONE',  ( 6.982962677686266711E-15, -1.000000000000000000, -3.491481338843133355E-15 ) ) ;
#85 = ORIENTED_EDGE ( 'NONE', *, *, #1889, .F. ) ;
#86 = FACE_OUTER_BOUND ( 'NONE', #599, .T. ) ;
#87 = ADVANCED_FACE ( 'NONE', ( #643 ), #666, .F. ) ;
#88 = LINE ( 'NONE', #1679, #244 ) ;
#89 = FACE_OUTER_BOUND ( 'NONE', #416, .T. ) ;
#90 = CIRCLE ( 'NONE', #2508, 0.4500000000000001776 ) ;
#91 = EDGE_LOOP ( 'NONE', ( #1767, #3445, #3968 ) ) ;
#92 = ORIENTED_EDGE ( 'NONE', *, *, #4128, .T. ) ;
#93 = ADVANCED_FACE ( 'NONE', ( #3798 ), #935, .F. ) ;
#94 = EDGE_CURVE ( 'NONE', #4, #1058, #3836, .T. ) ;
#95 = PRESENTATION_LAYER_ASSIGNMENT (  '', '', ( #1933 ) ) ;
#96 = VECTOR ( 'NONE', #1188, 1000.000000000000000 ) ;
#97 = ORIENTED_EDGE ( 'NONE', *, *, #1399, .F. ) ;
#98 = CARTESIAN_POINT ( 'NONE',  ( -2.054158128379447668, 0.2892100204151683562, 0.2562876129621382004 ) ) ;
#99 = FILL_AREA_STYLE_COLOUR ( '', #931 ) ;
#100 = MECHANICAL_DESIGN_GEOMETRIC_PRESENTATION_REPRESENTATION (  '', ( #992 ), #1121 ) ;
#101 = AXIS2_PLACEMENT_3D ( 'NONE', #3962, #2705, #417 ) ;
#102 = CARTESIAN_POINT ( 'NONE',  ( -2.650000000000001243, -0.4500000000000175526, 0.2999999999999983791 ) ) ;
#103 = FILL_AREA_STYLE_COLOUR ( '', #465 ) ;
#104 = COLOUR_RGB ( '',0.0000000000000000000, 0.0000000000000000000, 0.0000000000000000000 ) ;
#105 = CARTESIAN_POINT ( 'NONE',  ( 3.200000000000011724, -2.500000000000035083, 16.50099999999998701 ) ) ;
#106 = PRESENTATION_LAYER_ASSIGNMENT (  '', '', ( #2790 ) ) ;
#107 = LINE ( 'NONE', #1961, #3940 ) ;
#108 = CARTESIAN_POINT ( 'NONE',  ( -5.000000000000075495, 9.999999999999918288, 16.00000000000003197 ) ) ;
#109 = ORIENTED_EDGE ( 'NONE', *, *, #3517, .T. ) ;
#110 = UNCERTAINTY_MEASURE_WITH_UNIT (LENGTH_MEASURE( 1.000000000000000082E-05 ), #1799, 'distance_accuracy_value', 'NONE');
#111 = SURFACE_STYLE_FILL_AREA ( #1763 ) ;
#112 =( NAMED_UNIT ( * ) PLANE_ANGLE_UNIT ( ) SI_UNIT ( $, .RADIAN. ) );
#113 = COLOUR_RGB ( '',1.000000000000000000, 1.000000000000000000, 0.7529411764705882248 ) ;
#114 = VECTOR ( 'NONE', #972, 1000.000000000000000 ) ;
#115 = ORIENTED_EDGE ( 'NONE', *, *, #612, .F. ) ;
#116 = STYLED_ITEM ( 'NONE', ( #3996 ), #1030 ) ;
#117 = LINE ( 'NONE', #2303, #3265 ) ;
#118 = SURFACE_STYLE_FILL_AREA ( #158 ) ;
#119 = DIRECTION ( 'NONE',  ( -0.0000000000000000000, 3.491481338843133355E-15, -1.000000000000000000 ) ) ;
#120 = CIRCLE ( 'NONE', #3616, 0.4500000000000001776 ) ;
#121 = EDGE_CURVE ( 'NONE', #905, #2661, #2934, .T. ) ;
#122 = ORIENTED_EDGE ( 'NONE', *, *, #528, .T. ) ;
#123 = FILL_AREA_STYLE ('',( #1082 ) ) ;
#124 = EDGE_CURVE ( 'NONE', #2971, #3130, #1116, .T. ) ;
#125 = LINE ( 'NONE', #1755, #3659 ) ;
#126 = COLOUR_RGB ( '',1.000000000000000000, 1.000000000000000000, 0.7529411764705882248 ) ;
#127 = CARTESIAN_POINT ( 'NONE',  ( -5.150000000000034994, 5.149999999999962164, 0.9000000000000181188 ) ) ;
#128 = DIRECTION ( 'NONE',  ( -1.000000000000000000, -6.982962677686266711E-15, -2.438088387897967896E-29 ) ) ;
#129 = CARTESIAN_POINT ( 'NONE',  ( -1.889013785138206470E-15, -5.586370142149014631E-14, 15.99999999999999645 ) ) ;
#130 = AXIS2_PLACEMENT_3D ( 'NONE', #127, #3928, #3986 ) ;
#131 = CARTESIAN_POINT ( 'NONE',  ( 2.699269725188706559, -0.1022021327290611598, 0.5755300461664474287 ) ) ;
#132 = CARTESIAN_POINT ( 'NONE',  ( 2.274999999999999467, 1.324052403329182436E-14, 0.7499999999999842348 ) ) ;
#133 = COLOUR_RGB ( '',0.0000000000000000000, 0.0000000000000000000, 0.0000000000000000000 ) ;
#134 = SURFACE_STYLE_USAGE ( .BOTH. , #1766 ) ;
#135 = ORIENTED_EDGE ( 'NONE', *, *, #1945, .F. ) ;
#136 = MANIFOLD_SOLID_BREP ( 'G17-002-1-solid1', #1386 ) ;
#137 = PRESENTATION_STYLE_ASSIGNMENT (( #2022 ) ) ;
#138 = DIRECTION ( 'NONE',  ( -1.000000000000000000, -6.982962677686266711E-15, -2.438088387897967896E-29 ) ) ;
#139 = VECTOR ( 'NONE', #1175, 1000.000000000000000 ) ;
#140 = SURFACE_STYLE_USAGE ( .BOTH. , #1051 ) ;
#141 = ORIENTED_EDGE ( 'NONE', *, *, #1993, .T. ) ;
#142 = CARTESIAN_POINT ( 'NONE',  ( 2.275000000000006573, -0.9999999999999850120, 0.2999999999999964917 ) ) ;
#143 = STYLED_ITEM ( 'NONE', ( #3888 ), #4028 ) ;
#144 =( NAMED_UNIT ( * ) SI_UNIT ( $, .STERADIAN. ) SOLID_ANGLE_UNIT ( ) );
#145 = CARTESIAN_POINT ( 'NONE',  ( -2.350000000000000977, -0.4500000000000191069, 0.7499999999999984457 ) ) ;
#146 = EDGE_CURVE ( 'NONE', #826, #2231, #1048, .T. ) ;
#147 =( GEOMETRIC_REPRESENTATION_CONTEXT ( 3 ) GLOBAL_UNCERTAINTY_ASSIGNED_CONTEXT ( ( #189 ) ) GLOBAL_UNIT_ASSIGNED_CONTEXT ( ( #1084, #2368, #3377 ) ) REPRESENTATION_CONTEXT ( 'NONE', 'WORKASPACE' ) );
#148 = DIRECTION ( 'NONE',  ( 1.000000000000000000, 6.982962677686266711E-15, 2.438088387897967896E-29 ) ) ;
#149 =( LENGTH_UNIT ( ) NAMED_UNIT ( * ) SI_UNIT ( .MILLI., .METRE. ) );
#150 = SURFACE_STYLE_FILL_AREA ( #1151 ) ;
#151 = VERTEX_POINT ( 'NONE', #1678 ) ;
#152 = PRESENTATION_STYLE_ASSIGNMENT (( #1069 ) ) ;
#153 = UNCERTAINTY_MEASURE_WITH_UNIT (LENGTH_MEASURE( 1.000000000000000082E-05 ), #3196, 'distance_accuracy_value', 'NONE');
#154 = CARTESIAN_POINT ( 'NONE',  ( -2.699269725188706559, -1.845134612126881675E-14, 0.5755300461664637490 ) ) ;
#155 = EDGE_LOOP ( 'NONE', ( #395, #1310, #1090, #2744 ) ) ;
#156 =( NAMED_UNIT ( * ) PLANE_ANGLE_UNIT ( ) SI_UNIT ( $, .RADIAN. ) );
#157 = DIRECTION ( 'NONE',  ( -0.0000000000000000000, 3.491481338843133355E-15, -1.000000000000000000 ) ) ;
#158 = FILL_AREA_STYLE ('',( #3001 ) ) ;
#159 = DIRECTION ( 'NONE',  ( -6.961910208317616384E-15, 1.000000000000000000, 3.491481338843133355E-15 ) ) ;
#160 = AXIS2_PLACEMENT_3D ( 'NONE', #3471, #556, #1545 ) ;
#161 = SURFACE_SIDE_STYLE ('',( #817 ) ) ;
#162 = AXIS2_PLACEMENT_3D ( 'NONE', #3027, #815, #2428 ) ;
#163 = CARTESIAN_POINT ( 'NONE',  ( 1.500000000000033751, -4.874423042781569571, 0.8999999999999830358 ) ) ;
#164 = CARTESIAN_POINT ( 'NONE',  ( 2.649999999999999911, 1.672763005468445249E-14, 0.5012531407233296044 ) ) ;
#165 = STYLED_ITEM ( 'NONE', ( #3709 ), #199 ) ;
#166 = CARTESIAN_POINT ( 'NONE',  ( 5.000000000000003553, 2.954260169097399370E-14, 2.350000000000002309 ) ) ;
#167 = ORIENTED_EDGE ( 'NONE', *, *, #2593, .T. ) ;
#168 = CARTESIAN_POINT ( 'NONE',  ( -2.650000000000001243, -1.906050470926743727E-14, 0.7500000000000001110 ) ) ;
#169 = CARTESIAN_POINT ( 'NONE',  ( 5.000000000000003553, 7.338141198470842381E-15, 2.350000000000002753 ) ) ;
#170 = CARTESIAN_POINT ( 'NONE',  ( 5.150000000000011013, -1.499999999999970024, 1.599999999999994982 ) ) ;
#171 = ADVANCED_FACE ( 'NONE', ( #1348 ), #3898, .F. ) ;
#172 = VERTEX_POINT ( 'NONE', #3629 ) ;
#173 = ADVANCED_FACE ( 'NONE', ( #2957, #86 ), #3645, .T. ) ;
#174 = MECHANICAL_DESIGN_GEOMETRIC_PRESENTATION_REPRESENTATION (  '', ( #3132 ), #500 ) ;
#175 = FILL_AREA_STYLE_COLOUR ( '', #827 ) ;
#176 =( GEOMETRIC_REPRESENTATION_CONTEXT ( 3 ) GLOBAL_UNCERTAINTY_ASSIGNED_CONTEXT ( ( #478 ) ) GLOBAL_UNIT_ASSIGNED_CONTEXT ( ( #738, #3340, #3004 ) ) REPRESENTATION_CONTEXT ( 'NONE', 'WORKASPACE' ) );
#177 =( GEOMETRIC_REPRESENTATION_CONTEXT ( 3 ) GLOBAL_UNCERTAINTY_ASSIGNED_CONTEXT ( ( #1379 ) ) GLOBAL_UNIT_ASSIGNED_CONTEXT ( ( #2253, #3777, #2829 ) ) REPRESENTATION_CONTEXT ( 'NONE', 'WORKASPACE' ) );
#178 = CARTESIAN_POINT ( 'NONE',  ( -2.350000000000000977, 0.4499999999999809708, 0.7500000000000016653 ) ) ;
#179 = EDGE_LOOP ( 'NONE', ( #1492, #4103, #1791, #621 ) ) ;
#180 = ORIENTED_EDGE ( 'NONE', *, *, #3009, .F. ) ;
#181 = COLOUR_RGB ( '',1.000000000000000000, 1.000000000000000000, 0.7529411764705882248 ) ;
#182 = CARTESIAN_POINT ( 'NONE',  ( 2.349999999999999645, 1.376424623411829279E-14, 0.7499999999999843459 ) ) ;
#183 = CARTESIAN_POINT ( 'NONE',  ( -2.949999999999962874, -5.150000000000024336, 0.9999999999999820144 ) ) ;
#184 =( NAMED_UNIT ( * ) SI_UNIT ( $, .STERADIAN. ) SOLID_ANGLE_UNIT ( ) );
#185 = COLOUR_RGB ( '',1.000000000000000000, 1.000000000000000000, 0.7529411764705882248 ) ;
#186 = PLANE ( 'NONE',  #1136 ) ;
#187 = COLOUR_RGB ( '',1.000000000000000000, 1.000000000000000000, 0.7529411764705882248 ) ;
#188 = DIRECTION ( 'NONE',  ( 1.000000000000000000, 6.982962677686267499E-15, -1.646517197537066151E-16 ) ) ;
#189 = UNCERTAINTY_MEASURE_WITH_UNIT (LENGTH_MEASURE( 1.000000000000000082E-05 ), #1084, 'distance_accuracy_value', 'NONE');
#190 =( LENGTH_UNIT ( ) NAMED_UNIT ( * ) SI_UNIT ( .MILLI., .METRE. ) );
#191 = UNCERTAINTY_MEASURE_WITH_UNIT (LENGTH_MEASURE( 1.000000000000000082E-05 ), #2650, 'distance_accuracy_value', 'NONE');
#192 = CARTESIAN_POINT ( 'NONE',  ( 2.725000000000000089, 1.638285723825063018E-14, 0.7499999999999844569 ) ) ;
#193 = VECTOR ( 'NONE', #1571, 1000.000000000000000 ) ;
#194 =( LENGTH_UNIT ( ) NAMED_UNIT ( * ) SI_UNIT ( .MILLI., .METRE. ) );
#195 = ORIENTED_EDGE ( 'NONE', *, *, #266, .F. ) ;
#196 = CIRCLE ( 'NONE', #2543, 0.4500000000000001776 ) ;
#197 = DIRECTION ( 'NONE',  ( -0.0000000000000000000, 3.491481338843133355E-15, -1.000000000000000000 ) ) ;
#198 = AXIS2_PLACEMENT_3D ( 'NONE', #1276, #2541, #1934 ) ;
#199 = ADVANCED_FACE ( 'NONE', ( #1807 ), #1670, .F. ) ;
#200 = FILL_AREA_STYLE ('',( #1849 ) ) ;
#201 = ORIENTED_EDGE ( 'NONE', *, *, #549, .F. ) ;
#202 =( LENGTH_UNIT ( ) NAMED_UNIT ( * ) SI_UNIT ( .MILLI., .METRE. ) );
#203 = LINE ( 'NONE', #259, #580 ) ;
#204 = VECTOR ( 'NONE', #483, 1000.000000000000000 ) ;
#205 = CARTESIAN_POINT ( 'NONE',  ( 2.649999999999998135, 0.2487468592766710340, 0.6042874634334324258 ) ) ;
#206 = CYLINDRICAL_SURFACE ( 'NONE', #162, 5.000000000000002665 ) ;
#207 = DIRECTION ( 'NONE',  ( -0.0000000000000000000, 3.491481338843133355E-15, -1.000000000000000000 ) ) ;
#208 = COLOUR_RGB ( '',1.000000000000000000, 1.000000000000000000, 0.7529411764705882248 ) ;
#209 = PRODUCT_CONTEXT ( 'NONE', #2570, 'mechanical' ) ;
#210 = CARTESIAN_POINT ( 'NONE',  ( -5.149999999999992362, -1.000000000000039080, 0.8999999999999965805 ) ) ;
#211 = AXIS2_PLACEMENT_3D ( 'NONE', #592, #1508, #1845 ) ;
#212 = AXIS2_PLACEMENT_3D ( 'NONE', #3046, #1459, #835 ) ;
#213 = CARTESIAN_POINT ( 'NONE',  ( -5.000000000000073719, 10.00000000000000533, 2.350000000000036504 ) ) ;
#214 = SURFACE_STYLE_USAGE ( .BOTH. , #1510 ) ;
#215 = FACE_OUTER_BOUND ( 'NONE', #2837, .T. ) ;
#216 = ORIENTED_EDGE ( 'NONE', *, *, #1138, .F. ) ;
#217 = FILL_AREA_STYLE ('',( #1574 ) ) ;
#218 = CARTESIAN_POINT ( 'NONE',  ( 4.149999999999971934, 4.150000000000027001, 0.9000000000000145661 ) ) ;
#219 = EDGE_LOOP ( 'NONE', ( #934, #402, #3246, #545, #3827, #2758 ) ) ;
#220 = ORIENTED_EDGE ( 'NONE', *, *, #1215, .F. ) ;
#221 = CARTESIAN_POINT ( 'NONE',  ( 5.850000000000003197, -0.4499999999999602651, 0.2999999999999825584 ) ) ;
#222 = CARTESIAN_POINT ( 'NONE',  ( -6.982962677686266711E-15, 1.000000000000000000, 3.491481338843133355E-15 ) ) ;
#223 = EDGE_CURVE ( 'NONE', #350, #985, #856, .T. ) ;
#224 = EDGE_CURVE ( 'NONE', #2583, #1240, #2054, .T. ) ;
#225 = FACE_OUTER_BOUND ( 'NONE', #2404, .T. ) ;
#226 = SHAPE_DEFINITION_REPRESENTATION ( #629, #777 ) ;
#227 = CARTESIAN_POINT ( 'NONE',  ( 1.499999999999964917, 4.874423042781582893, 0.9000000000000171196 ) ) ;
#228 = CARTESIAN_POINT ( 'NONE',  ( 2.000000000000011102, -2.500000000000043521, 16.50099999999998701 ) ) ;
#229 = ORIENTED_EDGE ( 'NONE', *, *, #2846, .T. ) ;
#230 = VECTOR ( 'NONE', #534, 1000.000000000000000 ) ;
#231 = MECHANICAL_DESIGN_GEOMETRIC_PRESENTATION_REPRESENTATION (  '', ( #1933 ), #3118 ) ;
#232 =( LENGTH_UNIT ( ) NAMED_UNIT ( * ) SI_UNIT ( .MILLI., .METRE. ) );
#233 =( LENGTH_UNIT ( ) NAMED_UNIT ( * ) SI_UNIT ( .MILLI., .METRE. ) );
#234 = PRESENTATION_LAYER_ASSIGNMENT (  '', '', ( #3389 ) ) ;
#235 = FILL_AREA_STYLE_COLOUR ( '', #1339 ) ;
#236 = FILL_AREA_STYLE_COLOUR ( '', #1419 ) ;
#237 = ORIENTED_EDGE ( 'NONE', *, *, #1549, .T. ) ;
#238 =( GEOMETRIC_REPRESENTATION_CONTEXT ( 3 ) GLOBAL_UNCERTAINTY_ASSIGNED_CONTEXT ( ( #1370 ) ) GLOBAL_UNIT_ASSIGNED_CONTEXT ( ( #2629, #658, #18 ) ) REPRESENTATION_CONTEXT ( 'NONE', 'WORKASPACE' ) );
#239 = AXIS2_PLACEMENT_3D ( 'NONE', #600, #242, #276 ) ;
#240 = ORIENTED_EDGE ( 'NONE', *, *, #1291, .T. ) ;
#241 = FILL_AREA_STYLE ('',( #1515 ) ) ;
#242 = DIRECTION ( 'NONE',  ( 0.0000000000000000000, 3.491481338843133355E-15, -1.000000000000000000 ) ) ;
#243 = CARTESIAN_POINT ( 'NONE',  ( 2.349999999999996092, 0.4500000000000153877, 0.2999999999999860001 ) ) ;
#244 = VECTOR ( 'NONE', #3917, 1000.000000000000000 ) ;
#245 = COLOUR_RGB ( '',1.000000000000000000, 1.000000000000000000, 0.7529411764705882248 ) ;
#246 = DIRECTION ( 'NONE',  ( 6.982962677686266711E-15, -1.000000000000000000, -3.491481338843133355E-15 ) ) ;
#247 = EDGE_CURVE ( 'NONE', #772, #4066, #3665, .T. ) ;
#248 = CARTESIAN_POINT ( 'NONE',  ( -5.850000000000001421, -0.4500000000000175526, 0.2999999999999983791 ) ) ;
#249 = EDGE_LOOP ( 'NONE', ( #3759, #346, #804, #3754, #2762, #567, #3060 ) ) ;
#250 = DIRECTION ( 'NONE',  ( 1.000000000000000000, 6.982962677686266711E-15, 2.438088387897967896E-29 ) ) ;
#251 =( NAMED_UNIT ( * ) SI_UNIT ( $, .STERADIAN. ) SOLID_ANGLE_UNIT ( ) );
#252 = SURFACE_STYLE_USAGE ( .BOTH. , #3140 ) ;
#253 = VERTEX_POINT ( 'NONE', #908 ) ;
#254 =( NAMED_UNIT ( * ) SI_UNIT ( $, .STERADIAN. ) SOLID_ANGLE_UNIT ( ) );
#255 = MECHANICAL_DESIGN_GEOMETRIC_PRESENTATION_REPRESENTATION (  '', ( #1350 ), #2683 ) ;
#256 = ORIENTED_EDGE ( 'NONE', *, *, #1287, .F. ) ;
#257 = VERTEX_POINT ( 'NONE', #630 ) ;
#258 =( LENGTH_UNIT ( ) NAMED_UNIT ( * ) SI_UNIT ( .MILLI., .METRE. ) );
#259 = CARTESIAN_POINT ( 'NONE',  ( -1.047444401652940007E-14, 1.499999999999996891, 0.9000000000000052403 ) ) ;
#260 = CARTESIAN_POINT ( 'NONE',  ( 2.724999999999999201, 0.08913228653175842009, 0.6977875153950148235 ) ) ;
#261 = VERTEX_POINT ( 'NONE', #287 ) ;
#262 =( NAMED_UNIT ( * ) PLANE_ANGLE_UNIT ( ) SI_UNIT ( $, .RADIAN. ) );
#263 = FILL_AREA_STYLE ('',( #1525 ) ) ;
#264 = EDGE_LOOP ( 'NONE', ( #1043, #3486, #1526, #3853 ) ) ;
#265 = SURFACE_STYLE_FILL_AREA ( #1527 ) ;
#266 = EDGE_CURVE ( 'NONE', #3844, #729, #269, .T. ) ;
#267 = SURFACE_STYLE_USAGE ( .BOTH. , #3137 ) ;
#268 = VECTOR ( 'NONE', #1892, 1000.000000000000114 ) ;
#269 = LINE ( 'NONE', #1870, #1389 ) ;
#270 = SURFACE_SIDE_STYLE ('',( #2230 ) ) ;
#271 = ORIENTED_EDGE ( 'NONE', *, *, #3124, .T. ) ;
#272 = EDGE_CURVE ( 'NONE', #3691, #2604, #2229, .T. ) ;
#273 = CARTESIAN_POINT ( 'NONE',  ( 5.150000000000007461, -0.9999999999999640288, -3.491481338843007926E-15 ) ) ;
#274 = CARTESIAN_POINT ( 'NONE',  ( -2.725000000000000533, -1.864827736675067311E-14, 0.6608677134682582333 ) ) ;
#275 = ORIENTED_EDGE ( 'NONE', *, *, #1889, .T. ) ;
#276 = DIRECTION ( 'NONE',  ( 6.938893903907228378E-15, -1.000000000000000000, -3.469446951953614189E-15 ) ) ;
#277 = SURFACE_STYLE_USAGE ( .BOTH. , #1285 ) ;
#278 =( LENGTH_UNIT ( ) NAMED_UNIT ( * ) SI_UNIT ( .MILLI., .METRE. ) );
#279 = CARTESIAN_POINT ( 'NONE',  ( 0.0000000000000000000, -5.586370142149013368E-15, 1.600000000000000089 ) ) ;
#280 = ORIENTED_EDGE ( 'NONE', *, *, #2719, .T. ) ;
#281 = CARTESIAN_POINT ( 'NONE',  ( 1.999999999999976685, 2.499999999999956479, 16.50100000000000477 ) ) ;
#282 = ORIENTED_EDGE ( 'NONE', *, *, #1034, .T. ) ;
#283 = LINE ( 'NONE', #3805, #446 ) ;
#284 = CARTESIAN_POINT ( 'NONE',  ( 2.274999999999992806, 1.000000000000014655, 0.3000000000000034306 ) ) ;
#285 = ORIENTED_EDGE ( 'NONE', *, *, #3230, .F. ) ;
#286 = SURFACE_STYLE_FILL_AREA ( #3790 ) ;
#287 = CARTESIAN_POINT ( 'NONE',  ( 2.275000000000003464, -0.5999999999999870992, 0.8999999999999980238 ) ) ;
#288 = SURFACE_STYLE_USAGE ( .BOTH. , #3535 ) ;
#289 =( GEOMETRIC_REPRESENTATION_CONTEXT ( 3 ) GLOBAL_UNCERTAINTY_ASSIGNED_CONTEXT ( ( #3129 ) ) GLOBAL_UNIT_ASSIGNED_CONTEXT ( ( #898, #2877, #3127 ) ) REPRESENTATION_CONTEXT ( 'NONE', 'WORKASPACE' ) );
#290 = ORIENTED_EDGE ( 'NONE', *, *, #719, .F. ) ;
#291 = CARTESIAN_POINT ( 'NONE',  ( -1.825000000000000844, -0.3000384198323681195, 0.5742415628952010076 ) ) ;
#292 = COLOUR_RGB ( '',0.0000000000000000000, 0.0000000000000000000, 0.0000000000000000000 ) ;
#293 = EDGE_CURVE ( 'NONE', #3625, #3017, #3737, .T. ) ;
#294 = FILL_AREA_STYLE_COLOUR ( '', #3138 ) ;
#295 = EDGE_CURVE ( 'NONE', #172, #2510, #1233, .T. ) ;
#296 = ORIENTED_EDGE ( 'NONE', *, *, #2227, .T. ) ;
#297 =( GEOMETRIC_REPRESENTATION_CONTEXT ( 3 ) GLOBAL_UNCERTAINTY_ASSIGNED_CONTEXT ( ( #1701 ) ) GLOBAL_UNIT_ASSIGNED_CONTEXT ( ( #1465, #823, #1154 ) ) REPRESENTATION_CONTEXT ( 'NONE', 'WORKASPACE' ) );
#298 = PLANE ( 'NONE',  #2189 ) ;
#299 = VECTOR ( 'NONE', #2464, 1000.000000000000000 ) ;
#300 = CARTESIAN_POINT ( 'NONE',  ( 0.0000000000000000000, -5.589861623487856376E-15, 1.600999999999999979 ) ) ;
#301 = FILL_AREA_STYLE ('',( #3822 ) ) ;
#302 = STYLED_ITEM ( 'NONE', ( #3860 ), #2666 ) ;
#303 = MECHANICAL_DESIGN_GEOMETRIC_PRESENTATION_REPRESENTATION (  '', ( #2518 ), #363 ) ;
#304 = EDGE_LOOP ( 'NONE', ( #2997, #3353, #1640, #1110 ) ) ;
#305 = SURFACE_SIDE_STYLE ('',( #2074 ) ) ;
#306 = FACE_OUTER_BOUND ( 'NONE', #1203, .T. ) ;
#307 = DIRECTION ( 'NONE',  ( 1.000000000000000000, 0.0000000000000000000, -0.0000000000000000000 ) ) ;
#308 = CIRCLE ( 'NONE', #2327, 0.2999999999999999334 ) ;
#309 = DIRECTION ( 'NONE',  ( 0.0000000000000000000, -3.491481338843133355E-15, 1.000000000000000000 ) ) ;
#310 = FACE_OUTER_BOUND ( 'NONE', #4127, .T. ) ;
#311 = CARTESIAN_POINT ( 'NONE',  ( -4.500000000000006217, -8.846943661289215296E-14, 16.49999999999999645 ) ) ;
#312 = EDGE_LOOP ( 'NONE', ( #1940, #1033, #1616 ) ) ;
#313 = CARTESIAN_POINT ( 'NONE',  ( 2.000000000000011102, -2.500000000000043521, 16.50099999999998701 ) ) ;
#314 = UNCERTAINTY_MEASURE_WITH_UNIT (LENGTH_MEASURE( 1.000000000000000082E-05 ), #2150, 'distance_accuracy_value', 'NONE');
#315 =( NAMED_UNIT ( * ) SI_UNIT ( $, .STERADIAN. ) SOLID_ANGLE_UNIT ( ) );
#316 = FILL_AREA_STYLE ('',( #294 ) ) ;
#317 = ORIENTED_EDGE ( 'NONE', *, *, #1639, .T. ) ;
#318 = PRESENTATION_LAYER_ASSIGNMENT (  '', '', ( #1609 ) ) ;
#319 = EDGE_CURVE ( 'NONE', #2352, #3187, #3511, .T. ) ;
#320 = CARTESIAN_POINT ( 'NONE',  ( 2.274999999999999467, 1.274390688677743517E-14, 0.9000000000000001332 ) ) ;
#321 = DIRECTION ( 'NONE',  ( -0.0000000000000000000, 3.491481338843133355E-15, -1.000000000000000000 ) ) ;
#322 = FILL_AREA_STYLE ('',( #2641 ) ) ;
#323 = ADVANCED_FACE ( 'NONE', ( #951 ), #3476, .F. ) ;
#324 = DIRECTION ( 'NONE',  ( 0.0000000000000000000, -3.491481338843133355E-15, 1.000000000000000000 ) ) ;
#325 = ORIENTED_EDGE ( 'NONE', *, *, #1695, .T. ) ;
#326 = CARTESIAN_POINT ( 'NONE',  ( 2.274999999999999467, 1.324052403329182436E-14, 0.7499999999999842348 ) ) ;
#327 =( LENGTH_UNIT ( ) NAMED_UNIT ( * ) SI_UNIT ( .MILLI., .METRE. ) );
#328 = CARTESIAN_POINT ( 'NONE',  ( -2.650000000000000799, -0.4500000000000175526, 0.2999999999999984901 ) ) ;
#329 = DIRECTION ( 'NONE',  ( -0.7071067811865510144, 0.7071067811865441310, 2.468850131082253116E-15 ) ) ;
#330 = ORIENTED_EDGE ( 'NONE', *, *, #942, .F. ) ;
#331 =( NAMED_UNIT ( * ) PLANE_ANGLE_UNIT ( ) SI_UNIT ( $, .RADIAN. ) );
#332 = ORIENTED_EDGE ( 'NONE', *, *, #2280, .F. ) ;
#333 = DIRECTION ( 'NONE',  ( 6.023345402697246965E-16, -3.491481338843129411E-15, 1.000000000000000000 ) ) ;
#334 =( BOUNDED_CURVE ( )  B_SPLINE_CURVE ( 3, ( #311, #660, #1255, #3175 ),
 .UNSPECIFIED., .F., .F. ) 
 B_SPLINE_CURVE_WITH_KNOTS ( ( 4, 4 ),
 ( 0.0000000000000000000, 1.000000000000000000 ),
 .UNSPECIFIED. ) 
 CURVE ( )  GEOMETRIC_REPRESENTATION_ITEM ( )  RATIONAL_B_SPLINE_CURVE ( ( 1.000000000000000000, 0.3333333333333333703, 0.3333333333333333703, 1.000000000000000000 ) ) 
 REPRESENTATION_ITEM ( '' )  );
#335 = DIRECTION ( 'NONE',  ( 6.982962677686265922E-15, -1.000000000000000000, -3.486454044855347901E-15 ) ) ;
#336 =( NAMED_UNIT ( * ) PLANE_ANGLE_UNIT ( ) SI_UNIT ( $, .RADIAN. ) );
#337 =( NAMED_UNIT ( * ) SI_UNIT ( $, .STERADIAN. ) SOLID_ANGLE_UNIT ( ) );
#338 = ADVANCED_FACE ( 'NONE', ( #1586 ), #3752, .F. ) ;
#339 = ORIENTED_EDGE ( 'NONE', *, *, #2567, .T. ) ;
#340 =( NAMED_UNIT ( * ) SI_UNIT ( $, .STERADIAN. ) SOLID_ANGLE_UNIT ( ) );
#341 = EDGE_CURVE ( 'NONE', #2316, #261, #1023, .T. ) ;
#342 =( LENGTH_UNIT ( ) NAMED_UNIT ( * ) SI_UNIT ( .MILLI., .METRE. ) );
#343 = CARTESIAN_POINT ( 'NONE',  ( 1.824999999999999512, 1.114576937211363110E-14, 0.4499615801676345450 ) ) ;
#344 = PLANE ( 'NONE',  #3810 ) ;
#345 = CARTESIAN_POINT ( 'NONE',  ( 2.350000000000002753, -0.4499999999999846900, 0.2999999999999827804 ) ) ;
#346 = ORIENTED_EDGE ( 'NONE', *, *, #4128, .F. ) ;
#347 = DIRECTION ( 'NONE',  ( 1.000000000000000000, 6.982962677686267499E-15, -1.239088197126046763E-16 ) ) ;
#348 = PRESENTATION_STYLE_ASSIGNMENT (( #3240 ) ) ;
#349 = STYLED_ITEM ( 'NONE', ( #722 ), #2042 ) ;
#350 = VERTEX_POINT ( 'NONE', #1357 ) ;
#351 = SURFACE_STYLE_USAGE ( .BOTH. , #3243 ) ;
#352 = STYLED_ITEM ( 'NONE', ( #2305 ), #2354 ) ;
#353 = DIRECTION ( 'NONE',  ( -1.000000000000000000, 4.326253317447225707E-31, -1.239088197126290570E-16 ) ) ;
#354 = FACE_OUTER_BOUND ( 'NONE', #2420, .T. ) ;
#355 = MECHANICAL_DESIGN_GEOMETRIC_PRESENTATION_REPRESENTATION (  '', ( #3594 ), #563 ) ;
#356 = CARTESIAN_POINT ( 'NONE',  ( -5.850000000000001421, -0.4500000000000175526, 0.2999999999999983791 ) ) ;
#357 = ORIENTED_EDGE ( 'NONE', *, *, #3648, .T. ) ;
#358 = FILL_AREA_STYLE_COLOUR ( '', #1385 ) ;
#359 = AXIS2_PLACEMENT_3D ( 'NONE', #328, #3867, #2269 ) ;
#360 = ORIENTED_EDGE ( 'NONE', *, *, #4153, .T. ) ;
#361 = CARTESIAN_POINT ( 'NONE',  ( 5.149999999999965716, 5.150000000000031442, 1.600000000000018074 ) ) ;
#362 = AXIS2_PLACEMENT_3D ( 'NONE', #3698, #159, #1437 ) ;
#363 =( GEOMETRIC_REPRESENTATION_CONTEXT ( 3 ) GLOBAL_UNCERTAINTY_ASSIGNED_CONTEXT ( ( #2212 ) ) GLOBAL_UNIT_ASSIGNED_CONTEXT ( ( #1330, #2258, #2795 ) ) REPRESENTATION_CONTEXT ( 'NONE', 'WORKASPACE' ) );
#364 = CARTESIAN_POINT ( 'NONE',  ( 2.649999999999996358, 0.4500000000000174416, 0.2999999999999857225 ) ) ;
#365 = CARTESIAN_POINT ( 'NONE',  ( 2.349999999999996536, 0.4437059837324851541, 0.7499999999999856781 ) ) ;
#366 = ADVANCED_FACE ( 'NONE', ( #727 ), #2589, .T. ) ;
#367 = CARTESIAN_POINT ( 'NONE',  ( -5.150000000000009237, 1.499999999999960920, 0.9000000000000052403 ) ) ;
#368 = DIRECTION ( 'NONE',  ( -1.000000000000000000, -6.982962677686266711E-15, -2.438088387897967896E-29 ) ) ;
#369 = FILL_AREA_STYLE ('',( #1025 ) ) ;
#370 = VERTEX_POINT ( 'NONE', #2014 ) ;
#371 = PRESENTATION_LAYER_ASSIGNMENT (  '', '', ( #2665 ) ) ;
#372 = FILL_AREA_STYLE ('',( #2889 ) ) ;
#373 =( NAMED_UNIT ( * ) SI_UNIT ( $, .STERADIAN. ) SOLID_ANGLE_UNIT ( ) );
#374 = PRESENTATION_LAYER_ASSIGNMENT (  '', '', ( #3478 ) ) ;
#375 = PRESENTATION_STYLE_ASSIGNMENT (( #1382 ) ) ;
#376 = ORIENTED_EDGE ( 'NONE', *, *, #2951, .T. ) ;
#377 = FILL_AREA_STYLE_COLOUR ( '', #2447 ) ;
#378 = PRESENTATION_STYLE_ASSIGNMENT (( #1331 ) ) ;
#379 = CARTESIAN_POINT ( 'NONE',  ( -4.792893218813392586, -9.585786437627046297, 16.49999999999996447 ) ) ;
#380 = UNCERTAINTY_MEASURE_WITH_UNIT (LENGTH_MEASURE( 1.000000000000000082E-05 ), #233, 'distance_accuracy_value', 'NONE');
#381 =( GEOMETRIC_REPRESENTATION_CONTEXT ( 3 ) GLOBAL_UNCERTAINTY_ASSIGNED_CONTEXT ( ( #2756 ) ) GLOBAL_UNIT_ASSIGNED_CONTEXT ( ( #885, #524, #1173 ) ) REPRESENTATION_CONTEXT ( 'NONE', 'WORKASPACE' ) );
#382 = CARTESIAN_POINT ( 'NONE',  ( 5.150000000000001243, 3.596225779008427987E-14, 1.255615519767453663E-28 ) ) ;
#383 = CARTESIAN_POINT ( 'NONE',  ( -1.825000000000000844, -1.896333803695448944E-14, 0.7500000000000003331 ) ) ;
#384 = AXIS2_PLACEMENT_3D ( 'NONE', #2351, #3911, #681 ) ;
#385 =( NAMED_UNIT ( * ) PLANE_ANGLE_UNIT ( ) SI_UNIT ( $, .RADIAN. ) );
#386 = DIRECTION ( 'NONE',  ( -1.000000000000000000, -6.982962677686266711E-15, -2.438088387897967896E-29 ) ) ;
#387 = CARTESIAN_POINT ( 'NONE',  ( 4.762045270816490650, 2.612545635031677241E-14, 2.814187550525466985 ) ) ;
#388 = ORIENTED_EDGE ( 'NONE', *, *, #3211, .F. ) ;
#389 = UNCERTAINTY_MEASURE_WITH_UNIT (LENGTH_MEASURE( 1.000000000000000082E-05 ), #3630, 'distance_accuracy_value', 'NONE');
#390 = EDGE_CURVE ( 'NONE', #1558, #2365, #35, .T. ) ;
#391 = UNCERTAINTY_MEASURE_WITH_UNIT (LENGTH_MEASURE( 1.000000000000000082E-05 ), #4058, 'distance_accuracy_value', 'NONE');
#392 = CIRCLE ( 'NONE', #3699, 0.5999999999999998668 ) ;
#393 = SURFACE_SIDE_STYLE ('',( #2020 ) ) ;
#394 = EDGE_CURVE ( 'NONE', #1842, #1611, #56, .T. ) ;
#395 = ORIENTED_EDGE ( 'NONE', *, *, #2307, .T. ) ;
#396 = ADVANCED_FACE ( 'NONE', ( #3302 ), #2614, .T. ) ;
#397 = VECTOR ( 'NONE', #479, 1000.000000000000000 ) ;
#398 =( NAMED_UNIT ( * ) PLANE_ANGLE_UNIT ( ) SI_UNIT ( $, .RADIAN. ) );
#399 = COLOUR_RGB ( '',0.7529411764705882248, 0.7529411764705882248, 0.7529411764705882248 ) ;
#400 =( NAMED_UNIT ( * ) SI_UNIT ( $, .STERADIAN. ) SOLID_ANGLE_UNIT ( ) );
#401 = CARTESIAN_POINT ( 'NONE',  ( 5.150000000000011013, -1.499999999999967804, 0.8999999999999949152 ) ) ;
#402 = ORIENTED_EDGE ( 'NONE', *, *, #1344, .T. ) ;
#403 = CARTESIAN_POINT ( 'NONE',  ( 4.792893218813562228, -9.585786437626961032, 16.49999999999996447 ) ) ;
#404 = PRESENTATION_STYLE_ASSIGNMENT (( #3967 ) ) ;
#405 = ORIENTED_EDGE ( 'NONE', *, *, #295, .T. ) ;
#406 =( NAMED_UNIT ( * ) PLANE_ANGLE_UNIT ( ) SI_UNIT ( $, .RADIAN. ) );
#407 = SURFACE_STYLE_FILL_AREA ( #1705 ) ;
#408 = CARTESIAN_POINT ( 'NONE',  ( -2.350000000000000977, 0.4499999999999825251, 0.3000000000000017653 ) ) ;
#409 = CARTESIAN_POINT ( 'NONE',  ( -4.874423042781587334, 1.499999999999960254, 1.601000000000005308 ) ) ;
#410 =( LENGTH_UNIT ( ) NAMED_UNIT ( * ) SI_UNIT ( .MILLI., .METRE. ) );
#411 = CARTESIAN_POINT ( 'NONE',  ( -4.792893218813524925, 9.585786437626824252, 16.50000000000003553 ) ) ;
#412 = VERTEX_POINT ( 'NONE', #1482 ) ;
#413 = DIRECTION ( 'NONE',  ( -1.000000000000000000, -0.0000000000000000000, 0.0000000000000000000 ) ) ;
#414 = LINE ( 'NONE', #3052, #397 ) ;
#415 = CARTESIAN_POINT ( 'NONE',  ( 2.649999999999995914, 0.4500000000000185518, -1.414883835093583286E-14 ) ) ;
#416 = EDGE_LOOP ( 'NONE', ( #195, #4098, #1910, #122, #1096, #525, #2865, #1292, #4154 ) ) ;
#417 = DIRECTION ( 'NONE',  ( -1.000000000000000000, -6.982962677686267499E-15, 1.807003620808927866E-16 ) ) ;
#418 = DIRECTION ( 'NONE',  ( 6.938893903907228378E-15, -1.000000000000000000, -3.491481338843133355E-15 ) ) ;
#419 = EDGE_CURVE ( 'NONE', #1590, #577, #645, .T. ) ;
#420 = EDGE_CURVE ( 'NONE', #3691, #1974, #2751, .T. ) ;
#421 = CARTESIAN_POINT ( 'NONE',  ( 2.274999999999999467, 1.236765369858104102E-14, 0.9999999999999842348 ) ) ;
#422 =( NAMED_UNIT ( * ) PLANE_ANGLE_UNIT ( ) SI_UNIT ( $, .RADIAN. ) );
#423 = VECTOR ( 'NONE', #2486, 1000.000000000000000 ) ;
#424 = ORIENTED_EDGE ( 'NONE', *, *, #3799, .T. ) ;
#425 =( LENGTH_UNIT ( ) NAMED_UNIT ( * ) SI_UNIT ( .MILLI., .METRE. ) );
#426 = MECHANICAL_DESIGN_GEOMETRIC_PRESENTATION_REPRESENTATION (  '', ( #1257 ), #2654 ) ;
#427 = FACE_OUTER_BOUND ( 'NONE', #3875, .T. ) ;
#428 = SURFACE_SIDE_STYLE ('',( #2414 ) ) ;
#429 =( GEOMETRIC_REPRESENTATION_CONTEXT ( 3 ) GLOBAL_UNCERTAINTY_ASSIGNED_CONTEXT ( ( #482 ) ) GLOBAL_UNIT_ASSIGNED_CONTEXT ( ( #3596, #1299, #3576 ) ) REPRESENTATION_CONTEXT ( 'NONE', 'WORKASPACE' ) );
#430 = FILL_AREA_STYLE_COLOUR ( '', #3274 ) ;
#431 = CARTESIAN_POINT ( 'NONE',  ( -4.500000000000007105, -8.848168308088364919E-14, 16.49999999999999645 ) ) ;
#432 = VECTOR ( 'NONE', #2465, 1000.000000000000000 ) ;
#433 = SURFACE_STYLE_USAGE ( .BOTH. , #3351 ) ;
#434 = VECTOR ( 'NONE', #3047, 1000.000000000000000 ) ;
#435 = CARTESIAN_POINT ( 'NONE',  ( -5.000000000000005329, -4.818244247603529710E-14, 3.800000000000002043 ) ) ;
#436 = CARTESIAN_POINT ( 'NONE',  ( 2.274999999999999467, 1.236765369858104102E-14, 0.9999999999999842348 ) ) ;
#437 =( GEOMETRIC_REPRESENTATION_CONTEXT ( 3 ) GLOBAL_UNCERTAINTY_ASSIGNED_CONTEXT ( ( #2449 ) ) GLOBAL_UNIT_ASSIGNED_CONTEXT ( ( #3121, #2813, #3395 ) ) REPRESENTATION_CONTEXT ( 'NONE', 'WORKASPACE' ) );
#438 = ORIENTED_EDGE ( 'NONE', *, *, #3107, .T. ) ;
#439 = CARTESIAN_POINT ( 'NONE',  ( 1.824999999999999289, 1.009819082833300276E-14, 0.7499999999999843459 ) ) ;
#440 = COLOUR_RGB ( '',1.000000000000000000, 1.000000000000000000, 0.7529411764705882248 ) ;
#441 = FILL_AREA_STYLE_COLOUR ( '', #1131 ) ;
#442 = DIRECTION ( 'NONE',  ( 1.000000000000000000, 7.105427357601001859E-15, 2.728778501536585192E-16 ) ) ;
#443 = CIRCLE ( 'NONE', #3543, 0.2487468592766547137 ) ;
#444 = ADVANCED_FACE ( 'NONE', ( #3723 ), #490, .F. ) ;
#445 = SURFACE_STYLE_FILL_AREA ( #74 ) ;
#446 = VECTOR ( 'NONE', #879, 1000.000000000000000 ) ;
#447 = ORIENTED_EDGE ( 'NONE', *, *, #494, .T. ) ;
#448 = LINE ( 'NONE', #3680, #2917 ) ;
#449 = COLOUR_RGB ( '',0.0000000000000000000, 0.0000000000000000000, 0.0000000000000000000 ) ;
#450 = SURFACE_STYLE_USAGE ( .BOTH. , #3010 ) ;
#451 = CARTESIAN_POINT ( 'NONE',  ( 1.825000000000002176, -0.3000384198323395868, 0.7499999999999833467 ) ) ;
#452 = VECTOR ( 'NONE', #2450, 1000.000000000000000 ) ;
#453 = CARTESIAN_POINT ( 'NONE',  ( 0.0000000000000000000, -3.491481338843133355E-15, 1.000000000000000000 ) ) ;
#454 = FILL_AREA_STYLE_COLOUR ( '', #2808 ) ;
#455 = DIRECTION ( 'NONE',  ( 6.982962677686265922E-15, -1.000000000000000000, -3.486454044855347901E-15 ) ) ;
#456 = VECTOR ( 'NONE', #791, 1000.000000000000000 ) ;
#457 = CARTESIAN_POINT ( 'NONE',  ( -2.275000000000000799, -1.749089878700124990E-14, 0.2999999999999999334 ) ) ;
#458 = AXIS2_PLACEMENT_3D ( 'NONE', #3149, #2469, #899 ) ;
#459 =( NAMED_UNIT ( * ) SI_UNIT ( $, .STERADIAN. ) SOLID_ANGLE_UNIT ( ) );
#460 = VERTEX_POINT ( 'NONE', #3031 ) ;
#461 = SURFACE_STYLE_FILL_AREA ( #2979 ) ;
#462 = LINE ( 'NONE', #3388, #2215 ) ;
#463 = VERTEX_POINT ( 'NONE', #2124 ) ;
#464 = SURFACE_STYLE_USAGE ( .BOTH. , #1436 ) ;
#465 = COLOUR_RGB ( '',1.000000000000000000, 1.000000000000000000, 0.7529411764705882248 ) ;
#466 = PRESENTATION_STYLE_ASSIGNMENT (( #2985 ) ) ;
#467 = EDGE_LOOP ( 'NONE', ( #1468, #1553, #2481, #2157 ) ) ;
#468 = CARTESIAN_POINT ( 'NONE',  ( 2.274999999999999467, 1.274390688677743517E-14, 0.9000000000000001332 ) ) ;
#469 = DIRECTION ( 'NONE',  ( 1.000000000000000000, -0.0000000000000000000, -0.0000000000000000000 ) ) ;
#470 = STYLED_ITEM ( 'NONE', ( #1503 ), #777 ) ;
#471 = PLANE ( 'NONE',  #4026 ) ;
#472 = CARTESIAN_POINT ( 'NONE',  ( 1.824999999999999734, 9.956058018457662417E-15, 0.7499999999999841238 ) ) ;
#473 = EDGE_CURVE ( 'NONE', #625, #3541, #3994, .T. ) ;
#474 = EDGE_CURVE ( 'NONE', #1303, #151, #1801, .T. ) ;
#475 = CARTESIAN_POINT ( 'NONE',  ( 5.000000000000000888, -2.208230530290667845E-14, 16.49999999999999645 ) ) ;
#476 = DIRECTION ( 'NONE',  ( 0.0000000000000000000, -1.000000000000000000, -3.486925384749196747E-15 ) ) ;
#477 =( NAMED_UNIT ( * ) PLANE_ANGLE_UNIT ( ) SI_UNIT ( $, .RADIAN. ) );
#478 = UNCERTAINTY_MEASURE_WITH_UNIT (LENGTH_MEASURE( 1.000000000000000082E-05 ), #738, 'distance_accuracy_value', 'NONE');
#479 = DIRECTION ( 'NONE',  ( 6.982962677686266711E-15, -1.000000000000000000, -3.491481338843133355E-15 ) ) ;
#480 = CARTESIAN_POINT ( 'NONE',  ( 4.762045270816463116, 9.524090541633025708, 3.335812449474572006 ) ) ;
#481 = EDGE_LOOP ( 'NONE', ( #766, #2177, #2897, #2165, #3647, #1118, #3956, #2780, #325 ) ) ;
#482 = UNCERTAINTY_MEASURE_WITH_UNIT (LENGTH_MEASURE( 1.000000000000000082E-05 ), #3596, 'distance_accuracy_value', 'NONE');
#483 = DIRECTION ( 'NONE',  ( 0.0000000000000000000, -3.491481338843133355E-15, 1.000000000000000000 ) ) ;
#484 = LINE ( 'NONE', #3924, #574 ) ;
#485 = APPLICATION_CONTEXT ( 'automotive_design' ) ;
#486 = CARTESIAN_POINT ( 'NONE',  ( -5.000000000000023093, 2.499999999999907629, 16.50000000000000355 ) ) ;
#487 = DIRECTION ( 'NONE',  ( 6.982962677686266711E-15, -1.000000000000000000, -3.491481338843133355E-15 ) ) ;
#488 = FILL_AREA_STYLE_COLOUR ( '', #824 ) ;
#489 =( GEOMETRIC_REPRESENTATION_CONTEXT ( 3 ) GLOBAL_UNCERTAINTY_ASSIGNED_CONTEXT ( ( #2493 ) ) GLOBAL_UNIT_ASSIGNED_CONTEXT ( ( #3229, #1369, #50 ) ) REPRESENTATION_CONTEXT ( 'NONE', 'WORKASPACE' ) );
#490 = PLANE ( 'NONE',  #1652 ) ;
#491 =( LENGTH_UNIT ( ) NAMED_UNIT ( * ) SI_UNIT ( .MILLI., .METRE. ) );
#492 = VECTOR ( 'NONE', #4141, 1000.000000000000000 ) ;
#493 =( NAMED_UNIT ( * ) PLANE_ANGLE_UNIT ( ) SI_UNIT ( $, .RADIAN. ) );
#494 = EDGE_CURVE ( 'NONE', #463, #3695, #3989, .T. ) ;
#495 = CARTESIAN_POINT ( 'NONE',  ( -2.699269725188706559, -0.1744699538335555689, 0.7499999999999992228 ) ) ;
#496 = AXIS2_PLACEMENT_3D ( 'NONE', #4101, #2519, #3158 ) ;
#497 = CARTESIAN_POINT ( 'NONE',  ( 5.149999999999990585, 1.500000000000030642, 1.601000000000005308 ) ) ;
#498 = ORIENTED_EDGE ( 'NONE', *, *, #1399, .T. ) ;
#499 = AXIS2_PLACEMENT_3D ( 'NONE', #2007, #2625, #2537 ) ;
#500 =( GEOMETRIC_REPRESENTATION_CONTEXT ( 3 ) GLOBAL_UNCERTAINTY_ASSIGNED_CONTEXT ( ( #1896 ) ) GLOBAL_UNIT_ASSIGNED_CONTEXT ( ( #2063, #1052, #400 ) ) REPRESENTATION_CONTEXT ( 'NONE', 'WORKASPACE' ) );
#501 = EDGE_CURVE ( 'NONE', #847, #4, #1124, .T. ) ;
#502 = CARTESIAN_POINT ( 'NONE',  ( 1.499999999999962919, 5.150000000000007461, 0.9000000000000181188 ) ) ;
#503 = CIRCLE ( 'NONE', #1730, 1.000000000000000000 ) ;
#504 = AXIS2_PLACEMENT_3D ( 'NONE', #754, #2038, #3310 ) ;
#505 = FILL_AREA_STYLE ('',( #1176 ) ) ;
#506 = ORIENTED_EDGE ( 'NONE', *, *, #1754, .F. ) ;
#507 = LINE ( 'NONE', #1221, #423 ) ;
#508 = DIRECTION ( 'NONE',  ( -1.000000000000000000, -6.982962677686266711E-15, -2.438088387897967896E-29 ) ) ;
#509 = MECHANICAL_DESIGN_GEOMETRIC_PRESENTATION_REPRESENTATION (  '', ( #3473 ), #3208 ) ;
#510 = DIRECTION ( 'NONE',  ( -0.0000000000000000000, -3.491481338843133355E-15, 1.000000000000000000 ) ) ;
#511 = VECTOR ( 'NONE', #2035, 1000.000000000000114 ) ;
#512 = DIRECTION ( 'NONE',  ( -6.982962677686266711E-15, 1.000000000000000000, 3.491481338843133355E-15 ) ) ;
#513 = SURFACE_STYLE_USAGE ( .BOTH. , #4033 ) ;
#514 = FILL_AREA_STYLE ('',( #2673 ) ) ;
#515 = DIRECTION ( 'NONE',  ( -7.109277493898170247E-15, 1.000000000000000000, 3.491481338843133355E-15 ) ) ;
#516 = AXIS2_PLACEMENT_3D ( 'NONE', #906, #3153, #2840 ) ;
#517 = STYLED_ITEM ( 'NONE', ( #2835 ), #1600 ) ;
#518 = FACE_OUTER_BOUND ( 'NONE', #1635, .T. ) ;
#519 = DIRECTION ( 'NONE',  ( 6.938893903907228378E-15, -1.000000000000000000, -3.469446951953614189E-15 ) ) ;
#520 = UNCERTAINTY_MEASURE_WITH_UNIT (LENGTH_MEASURE( 1.000000000000000082E-05 ), #3444, 'distance_accuracy_value', 'NONE');
#521 = COLOUR_RGB ( '',0.7921568627450980005, 0.8196078431372548767, 0.9333333333333333481 ) ;
#522 = CARTESIAN_POINT ( 'NONE',  ( -4.762045270816493314, -4.490011131278491602E-14, 3.335812449474538699 ) ) ;
#523 = EDGE_CURVE ( 'NONE', #1908, #2834, #3364, .T. ) ;
#524 =( NAMED_UNIT ( * ) PLANE_ANGLE_UNIT ( ) SI_UNIT ( $, .RADIAN. ) );
#525 = ORIENTED_EDGE ( 'NONE', *, *, #3901, .T. ) ;
#526 = AXIS2_PLACEMENT_3D ( 'NONE', #3789, #3403, #2775 ) ;
#527 = FACE_OUTER_BOUND ( 'NONE', #1193, .T. ) ;
#528 = EDGE_CURVE ( 'NONE', #3794, #2400, #3000, .T. ) ;
#529 = ORIENTED_EDGE ( 'NONE', *, *, #2594, .T. ) ;
#530 = SURFACE_STYLE_FILL_AREA ( #3104 ) ;
#531 = STYLED_ITEM ( 'NONE', ( #3417 ), #3361 ) ;
#532 = DIRECTION ( 'NONE',  ( 0.0000000000000000000, -1.000000000000000000, -3.373073425510456881E-15 ) ) ;
#533 = PRESENTATION_LAYER_ASSIGNMENT (  '', '', ( #896 ) ) ;
#534 = DIRECTION ( 'NONE',  ( 0.0000000000000000000, -1.000000000000000000, -3.491481338843133355E-15 ) ) ;
#535 = DIRECTION ( 'NONE',  ( 6.982962677686265922E-15, -1.000000000000000000, -3.486454044855347901E-15 ) ) ;
#536 = LINE ( 'NONE', #2162, #1946 ) ;
#537 = AXIS2_PLACEMENT_3D ( 'NONE', #2131, #3771, #1232 ) ;
#538 = DIRECTION ( 'NONE',  ( 0.0000000000000000000, 3.491481338843133355E-15, -1.000000000000000000 ) ) ;
#539 =( LENGTH_UNIT ( ) NAMED_UNIT ( * ) SI_UNIT ( .MILLI., .METRE. ) );
#540 = VERTEX_POINT ( 'NONE', #769 ) ;
#541 = FACE_OUTER_BOUND ( 'NONE', #2854, .T. ) ;
#542 = DIRECTION ( 'NONE',  ( -0.0000000000000000000, 3.491481338843133355E-15, -1.000000000000000000 ) ) ;
#543 = CIRCLE ( 'NONE', #3640, 0.4437059837324713318 ) ;
#544 = CARTESIAN_POINT ( 'NONE',  ( -5.000000000000005329, -4.311979453471273796E-14, 2.350000000000001421 ) ) ;
#545 = ORIENTED_EDGE ( 'NONE', *, *, #293, .F. ) ;
#546 = ORIENTED_EDGE ( 'NONE', *, *, #2507, .F. ) ;
#547 = DIRECTION ( 'NONE',  ( -0.0000000000000000000, 3.491481338843133355E-15, -1.000000000000000000 ) ) ;
#548 = CARTESIAN_POINT ( 'NONE',  ( 2.649999999999999911, 1.585913503742417595E-14, 0.7499999999999843459 ) ) ;
#549 = EDGE_CURVE ( 'NONE', #3348, #3438, #3321, .T. ) ;
#550 = EDGE_CURVE ( 'NONE', #1053, #540, #1779, .T. ) ;
#551 = CARTESIAN_POINT ( 'NONE',  ( -5.149999999999978151, -2.950000000000030820, 0.8999999999999898082 ) ) ;
#552 = ORIENTED_EDGE ( 'NONE', *, *, #1888, .F. ) ;
#553 = LINE ( 'NONE', #2219, #2742 ) ;
#554 = VECTOR ( 'NONE', #627, 1000.000000000000000 ) ;
#555 = PLANE ( 'NONE',  #1141 ) ;
#556 = DIRECTION ( 'NONE',  ( 1.251002506714043540E-16, 3.491481338843134144E-15, -1.000000000000000000 ) ) ;
#557 = EDGE_LOOP ( 'NONE', ( #3893, #256, #1242, #3983 ) ) ;
#558 = VECTOR ( 'NONE', #1775, 1000.000000000000000 ) ;
#559 = STYLED_ITEM ( 'NONE', ( #1920 ), #87 ) ;
#560 = PRESENTATION_STYLE_ASSIGNMENT (( #924 ) ) ;
#561 = UNCERTAINTY_MEASURE_WITH_UNIT (LENGTH_MEASURE( 1.000000000000000082E-05 ), #2310, 'distance_accuracy_value', 'NONE');
#562 = SURFACE_STYLE_USAGE ( .BOTH. , #3831 ) ;
#563 =( GEOMETRIC_REPRESENTATION_CONTEXT ( 3 ) GLOBAL_UNCERTAINTY_ASSIGNED_CONTEXT ( ( #1659 ) ) GLOBAL_UNIT_ASSIGNED_CONTEXT ( ( #47, #2620, #756 ) ) REPRESENTATION_CONTEXT ( 'NONE', 'WORKASPACE' ) );
#564 = STYLED_ITEM ( 'NONE', ( #857 ), #1917 ) ;
#565 = DIRECTION ( 'NONE',  ( -6.982962677686266711E-15, 1.000000000000000000, 3.491481338843133355E-15 ) ) ;
#566 = PLANE ( 'NONE',  #1282 ) ;
#567 = ORIENTED_EDGE ( 'NONE', *, *, #1094, .F. ) ;
#568 =( GEOMETRIC_REPRESENTATION_CONTEXT ( 3 ) GLOBAL_UNCERTAINTY_ASSIGNED_CONTEXT ( ( #1170 ) ) GLOBAL_UNIT_ASSIGNED_CONTEXT ( ( #2065, #1750, #2364 ) ) REPRESENTATION_CONTEXT ( 'NONE', 'WORKASPACE' ) );
#569 = CARTESIAN_POINT ( 'NONE',  ( 1.500000000000036193, -5.149999999999992362, 0.8999999999999820366 ) ) ;
#570 = PLANE ( 'NONE',  #3469 ) ;
#571 = ORIENTED_EDGE ( 'NONE', *, *, #776, .F. ) ;
#572 = CARTESIAN_POINT ( 'NONE',  ( -2.350000000000000533, -0.4500000000000164979, -1.409462824231155764E-15 ) ) ;
#573 = DIRECTION ( 'NONE',  ( 1.000000000000000000, 6.982962677686266711E-15, 2.438088387897967896E-29 ) ) ;
#574 = VECTOR ( 'NONE', #119, 1000.000000000000000 ) ;
#575 = MECHANICAL_DESIGN_GEOMETRIC_PRESENTATION_REPRESENTATION (  '', ( #2073 ), #1403 ) ;
#576 = CARTESIAN_POINT ( 'NONE',  ( -1.951563910473908376E-15, -5.760944209091170667E-14, 16.49999999999999645 ) ) ;
#577 = VERTEX_POINT ( 'NONE', #163 ) ;
#578 = CARTESIAN_POINT ( 'NONE',  ( 2.724999999999999201, 0.08913228653175826743, 0.7499999999999844569 ) ) ;
#579 = EDGE_CURVE ( 'NONE', #1925, #3548, #1460, .T. ) ;
#580 = VECTOR ( 'NONE', #1561, 1000.000000000000000 ) ;
#581 = AXIS2_PLACEMENT_3D ( 'NONE', #1449, #1130, #864 ) ;
#582 = LINE ( 'NONE', #222, #712 ) ;
#583 = EDGE_LOOP ( 'NONE', ( #2615, #4111, #763, #2463 ) ) ;
#584 = FILL_AREA_STYLE ('',( #3764 ) ) ;
#585 = AXIS2_PLACEMENT_3D ( 'NONE', #1409, #4016, #3707 ) ;
#586 = AXIS2_PLACEMENT_3D ( 'NONE', #3012, #2752, #1483 ) ;
#587 = SURFACE_STYLE_USAGE ( .BOTH. , #3544 ) ;
#588 = ADVANCED_FACE ( 'NONE', ( #2281 ), #1208, .F. ) ;
#589 = CARTESIAN_POINT ( 'NONE',  ( -2.949999999999963318, -5.150000000000023448, 0.8999999999999820366 ) ) ;
#590 = EDGE_LOOP ( 'NONE', ( #1603, #1210 ) ) ;
#591 = SURFACE_STYLE_USAGE ( .BOTH. , #2799 ) ;
#592 = CARTESIAN_POINT ( 'NONE',  ( -5.149999999999994138, -1.000000000000037081, 0.2999999999999964917 ) ) ;
#593 = CIRCLE ( 'NONE', #1957, 1.000000000000000000 ) ;
#594 =( NAMED_UNIT ( * ) SI_UNIT ( $, .STERADIAN. ) SOLID_ANGLE_UNIT ( ) );
#595 = DIRECTION ( 'NONE',  ( 6.982962677686266711E-15, -1.000000000000000000, -3.491481338843133355E-15 ) ) ;
#596 = VERTEX_POINT ( 'NONE', #4077 ) ;
#597 = VECTOR ( 'NONE', #2287, 1000.000000000000000 ) ;
#598 = AXIS2_PLACEMENT_3D ( 'NONE', #2480, #3021, #3772 ) ;
#599 = EDGE_LOOP ( 'NONE', ( #3177, #3806, #3732, #2275 ) ) ;
#600 = CARTESIAN_POINT ( 'NONE',  ( 2.274999999999999467, 1.483879569008331676E-14, 0.2999999999999999889 ) ) ;
#601 = CARTESIAN_POINT ( 'NONE',  ( -2.274999999999999467, -1.588624009173625677E-14, -5.546651082467876264E-29 ) ) ;
#602 =( GEOMETRIC_REPRESENTATION_CONTEXT ( 3 ) GLOBAL_UNCERTAINTY_ASSIGNED_CONTEXT ( ( #60 ) ) GLOBAL_UNIT_ASSIGNED_CONTEXT ( ( #3638, #385, #1083 ) ) REPRESENTATION_CONTEXT ( 'NONE', 'WORKASPACE' ) );
#603 = CARTESIAN_POINT ( 'NONE',  ( 2.649999999999999467, 0.1457125365665692673, 0.5012531407233301595 ) ) ;
#604 = LINE ( 'NONE', #4092, #2647 ) ;
#605 = CARTESIAN_POINT ( 'NONE',  ( 1.047444401652940164E-14, -1.500000000000003331, 0.8999999999999949152 ) ) ;
#606 = EDGE_LOOP ( 'NONE', ( #3040, #3711, #3152, #552, #2300, #609, #3581 ) ) ;
#607 = DIRECTION ( 'NONE',  ( 6.938893903907228378E-15, -1.000000000000000000, -3.469446951953614189E-15 ) ) ;
#608 = SURFACE_STYLE_FILL_AREA ( #2207 ) ;
#609 = ORIENTED_EDGE ( 'NONE', *, *, #2380, .F. ) ;
#610 = LINE ( 'NONE', #4080, #6 ) ;
#611 = EDGE_CURVE ( 'NONE', #4146, #910, #536, .T. ) ;
#612 = EDGE_CURVE ( 'NONE', #2939, #370, #2819, .T. ) ;
#613 = AXIS2_PLACEMENT_3D ( 'NONE', #3404, #2435, #3474 ) ;
#614 = CARTESIAN_POINT ( 'NONE',  ( 5.149999999999965716, 5.150000000000034106, 0.9000000000000181188 ) ) ;
#615 =( NAMED_UNIT ( * ) SI_UNIT ( $, .STERADIAN. ) SOLID_ANGLE_UNIT ( ) );
#616 = ORIENTED_EDGE ( 'NONE', *, *, #2533, .T. ) ;
#617 = MECHANICAL_DESIGN_GEOMETRIC_PRESENTATION_REPRESENTATION (  '', ( #3570 ), #2492 ) ;
#618 = FACE_BOUND ( 'NONE', #590, .T. ) ;
#619 = VERTEX_POINT ( 'NONE', #2446 ) ;
#620 = LINE ( 'NONE', #3523, #3808 ) ;
#621 = ORIENTED_EDGE ( 'NONE', *, *, #65, .T. ) ;
#622 = DIRECTION ( 'NONE',  ( -6.982962677686266711E-15, 1.000000000000000000, 3.491481338843133355E-15 ) ) ;
#623 = ORIENTED_EDGE ( 'NONE', *, *, #1010, .T. ) ;
#624 = DIRECTION ( 'NONE',  ( -6.961910208317616384E-15, 1.000000000000000000, 3.491481338843133355E-15 ) ) ;
#625 = VERTEX_POINT ( 'NONE', #3150 ) ;
#626 = CARTESIAN_POINT ( 'NONE',  ( -2.274999999999999467, -1.693368449338919362E-14, 0.2999999999999999889 ) ) ;
#627 = DIRECTION ( 'NONE',  ( -0.0000000000000000000, 3.491481338843133355E-15, -1.000000000000000000 ) ) ;
#628 = DIRECTION ( 'NONE',  ( 0.0000000000000000000, -3.491481338843133355E-15, 1.000000000000000000 ) ) ;
#629 = PRODUCT_DEFINITION_SHAPE ( 'NONE', 'NONE',  #1391 ) ;
#630 = CARTESIAN_POINT ( 'NONE',  ( -2.275000000000000799, -0.4500000000000191624, 0.7499999999999984457 ) ) ;
#631 = DIRECTION ( 'NONE',  ( 0.0000000000000000000, -3.491481338843133355E-15, 1.000000000000000000 ) ) ;
#632 =( GEOMETRIC_REPRESENTATION_CONTEXT ( 3 ) GLOBAL_UNCERTAINTY_ASSIGNED_CONTEXT ( ( #3051 ) ) GLOBAL_UNIT_ASSIGNED_CONTEXT ( ( #3530, #1209, #2859 ) ) REPRESENTATION_CONTEXT ( 'NONE', 'WORKASPACE' ) );
#633 = ADVANCED_FACE ( 'NONE', ( #1504 ), #1227, .F. ) ;
#634 = CARTESIAN_POINT ( 'NONE',  ( 2.349999999999996092, 0.4500000000000163869, -1.409462824231155764E-14 ) ) ;
#635 = CARTESIAN_POINT ( 'NONE',  ( -2.725000000000000977, -1.906050470926743412E-14, 0.7500000000000001110 ) ) ;
#636 = PRESENTATION_LAYER_ASSIGNMENT (  '', '', ( #4123 ) ) ;
#637 = MECHANICAL_DESIGN_GEOMETRIC_PRESENTATION_REPRESENTATION (  '', ( #1935 ), #632 ) ;
#638 = FACE_BOUND ( 'NONE', #3222, .T. ) ;
#639 = ORIENTED_EDGE ( 'NONE', *, *, #2332, .F. ) ;
#640 = ADVANCED_FACE ( 'NONE', ( #2896 ), #1305, .F. ) ;
#641 = AXIS2_PLACEMENT_3D ( 'NONE', #764, #832, #3633 ) ;
#642 = AXIS2_PLACEMENT_3D ( 'NONE', #1786, #2079, #2398 ) ;
#643 = FACE_OUTER_BOUND ( 'NONE', #264, .T. ) ;
#644 = CARTESIAN_POINT ( 'NONE',  ( -1.951563910473908376E-15, -5.760944209091170667E-14, 16.49999999999999645 ) ) ;
#645 = CIRCLE ( 'NONE', #3664, 5.099999999999999645 ) ;
#646 = DIRECTION ( 'NONE',  ( 7.156435025283947420E-15, -1.000000000000000000, -3.491481338843133355E-15 ) ) ;
#647 = CARTESIAN_POINT ( 'NONE',  ( 5.000000000000114575, -10.00000000000005329, 15.99999999999996270 ) ) ;
#648 = ORIENTED_EDGE ( 'NONE', *, *, #474, .T. ) ;
#649 = CARTESIAN_POINT ( 'NONE',  ( 5.149999999999965716, 5.150000000000034106, 0.9000000000000181188 ) ) ;
#650 = STYLED_ITEM ( 'NONE', ( #3563 ), #2966 ) ;
#651 = CIRCLE ( 'NONE', #1658, 0.4500000000000001776 ) ;
#652 = EDGE_LOOP ( 'NONE', ( #3738, #3357, #529, #2378, #1332, #1371, #1421, #2080, #1026, #3780, #1663, #438, #3935, #2975, #240, #1073 ) ) ;
#653 = SURFACE_SIDE_STYLE ('',( #2610 ) ) ;
#654 = CARTESIAN_POINT ( 'NONE',  ( 2.275000000000006573, -0.9999999999999850120, 0.2999999999999964917 ) ) ;
#655 = COLOUR_RGB ( '',0.0000000000000000000, 0.0000000000000000000, 0.0000000000000000000 ) ;
#656 = LINE ( 'NONE', #3551, #71 ) ;
#657 =( GEOMETRIC_REPRESENTATION_CONTEXT ( 3 ) GLOBAL_UNCERTAINTY_ASSIGNED_CONTEXT ( ( #2974 ) ) GLOBAL_UNIT_ASSIGNED_CONTEXT ( ( #2825, #2887, #2544 ) ) REPRESENTATION_CONTEXT ( 'NONE', 'WORKASPACE' ) );
#658 =( NAMED_UNIT ( * ) PLANE_ANGLE_UNIT ( ) SI_UNIT ( $, .RADIAN. ) );
#659 = CARTESIAN_POINT ( 'NONE',  ( -2.275000000000000799, -1.993337504397822061E-14, 1.000000000000000000 ) ) ;
#660 = CARTESIAN_POINT ( 'NONE',  ( -4.500000000000067502, 8.999999999999920064, 16.50000000000002842 ) ) ;
#661 = ORIENTED_EDGE ( 'NONE', *, *, #667, .T. ) ;
#662 = PRESENTATION_STYLE_ASSIGNMENT (( #986 ) ) ;
#663 = FACE_OUTER_BOUND ( 'NONE', #2188, .T. ) ;
#664 = ORIENTED_EDGE ( 'NONE', *, *, #390, .T. ) ;
#665 = STYLED_ITEM ( 'NONE', ( #4031 ), #1446 ) ;
#666 = PLANE ( 'NONE',  #1862 ) ;
#667 = EDGE_CURVE ( 'NONE', #847, #3086, #1722, .T. ) ;
#668 = EDGE_CURVE ( 'NONE', #826, #3835, #2024, .T. ) ;
#669 = PRESENTATION_LAYER_ASSIGNMENT (  '', '', ( #2468 ) ) ;
#670 = DIRECTION ( 'NONE',  ( -7.228014483236698330E-15, 1.000000000000000000, 3.433306879537431628E-15 ) ) ;
#671 = FILL_AREA_STYLE ('',( #3272 ) ) ;
#672 = SURFACE_STYLE_FILL_AREA ( #322 ) ;
#673 = DIRECTION ( 'NONE',  ( 0.0000000000000000000, 3.491481338843133355E-15, -1.000000000000000000 ) ) ;
#674 =( LENGTH_UNIT ( ) NAMED_UNIT ( * ) SI_UNIT ( .MILLI., .METRE. ) );
#675 = STYLED_ITEM ( 'NONE', ( #3658 ), #3339 ) ;
#676 = ORIENTED_EDGE ( 'NONE', *, *, #394, .F. ) ;
#677 = DIRECTION ( 'NONE',  ( 1.000000000000000000, 6.982962677686262766E-15, 0.0000000000000000000 ) ) ;
#678 = PRESENTATION_STYLE_ASSIGNMENT (( #1994 ) ) ;
#679 = DIRECTION ( 'NONE',  ( 0.0000000000000000000, -3.491481338843133355E-15, 1.000000000000000000 ) ) ;
#680 = LINE ( 'NONE', #3237, #1810 ) ;
#681 = DIRECTION ( 'NONE',  ( -1.000000000000000000, 0.0000000000000000000, 0.0000000000000000000 ) ) ;
#682 = ORIENTED_EDGE ( 'NONE', *, *, #2594, .F. ) ;
#683 = DIRECTION ( 'NONE',  ( 0.0000000000000000000, -3.491481338843133355E-15, 1.000000000000000000 ) ) ;
#684 = DIRECTION ( 'NONE',  ( -1.000000000000000000, -6.982962677686264344E-15, -1.734723475976805615E-16 ) ) ;
#685 = VECTOR ( 'NONE', #250, 1000.000000000000000 ) ;
#686 = SURFACE_STYLE_USAGE ( .BOTH. , #393 ) ;
#688 = ORIENTED_EDGE ( 'NONE', *, *, #987, .T. ) ;
#687 = PRODUCT_DEFINITION_FORMATION_WITH_SPECIFIED_SOURCE ( 'ANY', '', #828, .NOT_KNOWN. ) ;
#689 =( LENGTH_UNIT ( ) NAMED_UNIT ( * ) SI_UNIT ( .MILLI., .METRE. ) );
#690 = VECTOR ( 'NONE', #3068, 1000.000000000000000 ) ;
#691 = DIRECTION ( 'NONE',  ( -6.982962677686266711E-15, 1.000000000000000000, 3.491481338843133355E-15 ) ) ;
#692 = ORIENTED_EDGE ( 'NONE', *, *, #1161, .F. ) ;
#693 = ORIENTED_EDGE ( 'NONE', *, *, #3124, .F. ) ;
#694 = CARTESIAN_POINT ( 'NONE',  ( 5.000000000000002665, -2.208230530290666582E-14, 16.49999999999999645 ) ) ;
#695 = EDGE_CURVE ( 'NONE', #3295, #1771, #800, .T. ) ;
#696 = UNCERTAINTY_MEASURE_WITH_UNIT (LENGTH_MEASURE( 1.000000000000000082E-05 ), #689, 'distance_accuracy_value', 'NONE');
#697 = CYLINDRICAL_SURFACE ( 'NONE', #4064, 0.5999999999999998668 ) ;
#698 = EDGE_LOOP ( 'NONE', ( #3939, #2736, #3171, #3195, #1444, #3038, #913, #2405 ) ) ;
#699 = CARTESIAN_POINT ( 'NONE',  ( -2.350000000000000977, 0.4437059837324532907, 0.4900830524356161177 ) ) ;
#700 = DIRECTION ( 'NONE',  ( 1.000000000000000000, -6.309119421277197661E-31, 1.807003620809171674E-16 ) ) ;
#701 = SURFACE_STYLE_FILL_AREA ( #3595 ) ;
#702 = SURFACE_STYLE_USAGE ( .BOTH. , #1643 ) ;
#703 = CARTESIAN_POINT ( 'NONE',  ( 2.275000000000002576, -0.4499999999999852451, 0.2999999999999825584 ) ) ;
#704 = CARTESIAN_POINT ( 'NONE',  ( 5.000000000000079048, -9.999999999999991118, 3.799999999999968736 ) ) ;
#705 = ORIENTED_EDGE ( 'NONE', *, *, #3311, .F. ) ;
#706 = UNCERTAINTY_MEASURE_WITH_UNIT (LENGTH_MEASURE( 1.000000000000000082E-05 ), #190, 'distance_accuracy_value', 'NONE');
#707 = CARTESIAN_POINT ( 'NONE',  ( -2.650000000000001243, -0.4500000000000191069, 0.7499999999999984457 ) ) ;
#708 = DIRECTION ( 'NONE',  ( 1.251002506714043540E-16, 3.491481338843134144E-15, -1.000000000000000000 ) ) ;
#709 = CIRCLE ( 'NONE', #3654, 0.4500000000000001776 ) ;
#710 = DIRECTION ( 'NONE',  ( 6.982962677686266711E-15, -1.000000000000000000, -3.491481338843133355E-15 ) ) ;
#711 = EDGE_LOOP ( 'NONE', ( #2000, #1248, #3796, #2526 ) ) ;
#712 = VECTOR ( 'NONE', #2220, 1000.000000000000000 ) ;
#713 = COLOUR_RGB ( '',0.7529411764705882248, 0.7529411764705882248, 0.7529411764705882248 ) ;
#714 = LINE ( 'NONE', #3020, #2390 ) ;
#715 = CARTESIAN_POINT ( 'NONE',  ( -2.650000000000001243, 0.4499999999999809708, 0.7500000000000016653 ) ) ;
#716 =( GEOMETRIC_REPRESENTATION_CONTEXT ( 3 ) GLOBAL_UNCERTAINTY_ASSIGNED_CONTEXT ( ( #696 ) ) GLOBAL_UNIT_ASSIGNED_CONTEXT ( ( #689, #4148, #3542 ) ) REPRESENTATION_CONTEXT ( 'NONE', 'WORKASPACE' ) );
#717 = VECTOR ( 'NONE', #1668, 1000.000000000000000 ) ;
#718 = DIRECTION ( 'NONE',  ( 6.982962677686266711E-15, -1.000000000000000000, -3.491481338843133355E-15 ) ) ;
#719 = EDGE_CURVE ( 'NONE', #3600, #751, #117, .T. ) ;
#720 = VERTEX_POINT ( 'NONE', #715 ) ;
#721 = VECTOR ( 'NONE', #3506, 1000.000000000000000 ) ;
#722 = PRESENTATION_STYLE_ASSIGNMENT (( #2967 ) ) ;
#723 =( NAMED_UNIT ( * ) SI_UNIT ( $, .STERADIAN. ) SOLID_ANGLE_UNIT ( ) );
#724 = COLOUR_RGB ( '',0.7529411764705882248, 0.7529411764705882248, 0.7529411764705882248 ) ;
#725 =( GEOMETRIC_REPRESENTATION_CONTEXT ( 3 ) GLOBAL_UNCERTAINTY_ASSIGNED_CONTEXT ( ( #1216 ) ) GLOBAL_UNIT_ASSIGNED_CONTEXT ( ( #3356, #3102, #809 ) ) REPRESENTATION_CONTEXT ( 'NONE', 'WORKASPACE' ) );
#726 = ADVANCED_FACE ( 'NONE', ( #354 ), #3271, .T. ) ;
#727 = FACE_OUTER_BOUND ( 'NONE', #62, .T. ) ;
#728 = CARTESIAN_POINT ( 'NONE',  ( -4.762045270816424036, -9.524090541633036366, 3.335812449474504504 ) ) ;
#729 = VERTEX_POINT ( 'NONE', #1219 ) ;
#730 = MECHANICAL_DESIGN_GEOMETRIC_PRESENTATION_REPRESENTATION (  '', ( #1602 ), #2805 ) ;
#731 = ORIENTED_EDGE ( 'NONE', *, *, #3462, .T. ) ;
#732 = VERTEX_POINT ( 'NONE', #4002 ) ;
#733 =( LENGTH_UNIT ( ) NAMED_UNIT ( * ) SI_UNIT ( .MILLI., .METRE. ) );
#734 =( LENGTH_UNIT ( ) NAMED_UNIT ( * ) SI_UNIT ( .MILLI., .METRE. ) );
#735 = CARTESIAN_POINT ( 'NONE',  ( 5.149999999999994138, 1.000000000000034861, 0.3000000000000034306 ) ) ;
#736 = DIRECTION ( 'NONE',  ( -1.000000000000000000, -7.156435025283947420E-15, 1.646517197537059988E-16 ) ) ;
#737 = CARTESIAN_POINT ( 'NONE',  ( -5.000000000000006217, -9.118882261810870408E-14, 16.29289321881345032 ) ) ;
#738 =( LENGTH_UNIT ( ) NAMED_UNIT ( * ) SI_UNIT ( .MILLI., .METRE. ) );
#739 = ORIENTED_EDGE ( 'NONE', *, *, #888, .T. ) ;
#740 = DIRECTION ( 'NONE',  ( 0.0000000000000000000, 3.491481338843133355E-15, -1.000000000000000000 ) ) ;
#741 = CIRCLE ( 'NONE', #1481, 5.099999999999999645 ) ;
#742 = DIRECTION ( 'NONE',  ( -6.746146851020913761E-15, 1.000000000000000000, 3.373073425510456881E-15 ) ) ;
#743 = UNCERTAINTY_MEASURE_WITH_UNIT (LENGTH_MEASURE( 1.000000000000000082E-05 ), #342, 'distance_accuracy_value', 'NONE');
#744 = PRESENTATION_STYLE_ASSIGNMENT (( #702 ) ) ;
#745 = ORIENTED_EDGE ( 'NONE', *, *, #523, .T. ) ;
#746 = VECTOR ( 'NONE', #4049, 1000.000000000000000 ) ;
#747 = UNCERTAINTY_MEASURE_WITH_UNIT (LENGTH_MEASURE( 1.000000000000000082E-05 ), #2413, 'distance_accuracy_value', 'NONE');
#748 = EDGE_CURVE ( 'NONE', #151, #3086, #2119, .T. ) ;
#749 = ADVANCED_FACE ( 'NONE', ( #4063 ), #3411, .T. ) ;
#750 = UNCERTAINTY_MEASURE_WITH_UNIT (LENGTH_MEASURE( 1.000000000000000082E-05 ), #2635, 'distance_accuracy_value', 'NONE');
#751 = VERTEX_POINT ( 'NONE', #1452 ) ;
#752 = CARTESIAN_POINT ( 'NONE',  ( 2.649999999999999911, 1.669671345627676828E-14, 0.5012531407233296044 ) ) ;
#753 = MECHANICAL_DESIGN_GEOMETRIC_PRESENTATION_REPRESENTATION (  '', ( #1624 ), #1158 ) ;
#754 = CARTESIAN_POINT ( 'NONE',  ( -2.350000000000000533, -0.4500000000000164979, -1.409462824231155764E-15 ) ) ;
#755 = ORIENTED_EDGE ( 'NONE', *, *, #1315, .F. ) ;
#756 =( NAMED_UNIT ( * ) SI_UNIT ( $, .STERADIAN. ) SOLID_ANGLE_UNIT ( ) );
#757 = VECTOR ( 'NONE', #84, 1000.000000000000000 ) ;
#758 = LINE ( 'NONE', #4113, #2687 ) ;
#759 =( NAMED_UNIT ( * ) SI_UNIT ( $, .STERADIAN. ) SOLID_ANGLE_UNIT ( ) );
#760 = CIRCLE ( 'NONE', #1907, 5.099999999999999645 ) ;
#761 = CARTESIAN_POINT ( 'NONE',  ( 1.550600743546151377E-14, -2.500000000000057732, 16.50099999999998701 ) ) ;
#762 = FILL_AREA_STYLE_COLOUR ( '', #3280 ) ;
#763 = ORIENTED_EDGE ( 'NONE', *, *, #2618, .F. ) ;
#764 = CARTESIAN_POINT ( 'NONE',  ( -1.499999999999964029, -5.150000000000013678, 0.9999999999999820144 ) ) ;
#765 = DIRECTION ( 'NONE',  ( 0.0000000000000000000, 1.000000000000000000, 3.491481338843133355E-15 ) ) ;
#766 = ORIENTED_EDGE ( 'NONE', *, *, #3517, .F. ) ;
#767 = SURFACE_STYLE_FILL_AREA ( #3550 ) ;
#768 = CARTESIAN_POINT ( 'NONE',  ( 2.054158128379449000, -0.2892100204151720200, 0.2562876129621204369 ) ) ;
#769 = CARTESIAN_POINT ( 'NONE',  ( -5.150000000000006573, 0.9999999999999629186, 0.3000000000000034861 ) ) ;
#770 = DIRECTION ( 'NONE',  ( -1.000000000000000000, -6.982962677686266711E-15, -2.438088387897967896E-29 ) ) ;
#771 = SURFACE_STYLE_USAGE ( .BOTH. , #3930 ) ;
#772 = VERTEX_POINT ( 'NONE', #178 ) ;
#773 = CARTESIAN_POINT ( 'NONE',  ( 2.275000000000006573, -0.9999999999999840128, -3.491481338843077346E-15 ) ) ;
#774 = CARTESIAN_POINT ( 'NONE',  ( -2.650000000000001243, -1.819200969200715758E-14, 0.5012531407233453695 ) ) ;
#775 = DIRECTION ( 'NONE',  ( 1.000000000000000000, 6.982962677686266711E-15, 2.438088387897967896E-29 ) ) ;
#776 = EDGE_CURVE ( 'NONE', #2993, #3324, #3673, .T. ) ;
#777 = ADVANCED_BREP_SHAPE_REPRESENTATION ( '08421C46-AD47-4735-8DE9-E23CEE51AA35', ( #1634, #136, #2895, #2966, #1501 ), #1165 ) ;
#778 = EDGE_LOOP ( 'NONE', ( #1417, #3429, #1790, #424, #10, #1998, #1650, #447, #1016, #947, #1244, #1854, #2271, #1729, #3519, #616 ) ) ;
#779 =( NAMED_UNIT ( * ) PLANE_ANGLE_UNIT ( ) SI_UNIT ( $, .RADIAN. ) );
#780 = CARTESIAN_POINT ( 'NONE',  ( -2.275000000000005240, 0.5999999999999802158, 0.9000000000000021316 ) ) ;
#781 = CARTESIAN_POINT ( 'NONE',  ( -5.850000000000001421, -0.4500000000000164979, -1.843143693225357538E-15 ) ) ;
#782 =( NAMED_UNIT ( * ) SI_UNIT ( $, .STERADIAN. ) SOLID_ANGLE_UNIT ( ) );
#783 = COLOUR_RGB ( '',0.7529411764705882248, 0.7529411764705882248, 0.7529411764705882248 ) ;
#784 = FACE_OUTER_BOUND ( 'NONE', #2136, .T. ) ;
#785 = AXIS2_PLACEMENT_3D ( 'NONE', #1262, #2527, #1597 ) ;
#786 = PRESENTATION_LAYER_ASSIGNMENT (  '', '', ( #3055 ) ) ;
#787 = ORIENTED_EDGE ( 'NONE', *, *, #1447, .T. ) ;
#788 = LINE ( 'NONE', #2444, #558 ) ;
#789 = PRESENTATION_LAYER_ASSIGNMENT (  '', '', ( #1257 ) ) ;
#790 = AXIS2_PLACEMENT_3D ( 'NONE', #1190, #1279, #1912 ) ;
#791 = DIRECTION ( 'NONE',  ( -1.000000000000000000, -6.982962677686266711E-15, -2.438088387897967896E-29 ) ) ;
#792 = VECTOR ( 'NONE', #1973, 1000.000000000000000 ) ;
#793 = CARTESIAN_POINT ( 'NONE',  ( -3.596225779008427987E-14, 5.149999999999997691, 1.000000000000017986 ) ) ;
#794 = FILL_AREA_STYLE ('',( #430 ) ) ;
#795 =( BOUNDED_SURFACE ( )  B_SPLINE_SURFACE ( 3, 3, ( 
 ( #1038, #699, #2241, #3529 ),
 ( #1956, #2010, #98, #3219 ),
 ( #3591, #1627, #2902, #3277 ),
 ( #1021, #383, #1311, #1641 ) ),
 .UNSPECIFIED., .F., .F., .T. ) 
 B_SPLINE_SURFACE_WITH_KNOTS ( ( 4, 4 ),
 ( 4, 4 ),
 ( 0.0000000000000000000, 1.000000000000000000 ),
 ( 0.0000000000000000000, 1.000000000000000000 ),
 .UNSPECIFIED. ) 
 GEOMETRIC_REPRESENTATION_ITEM ( )  RATIONAL_B_SPLINE_SURFACE ( (
 ( 1.000000000000000000, 0.8047378541243649375, 0.8047378541243649375, 1.000000000000000000),
 ( 0.7636648162452686073, 0.6145499854954948882, 0.6145499854954948882, 0.7636648162452686073),
 ( 0.7636648162452686073, 0.6145499854954948882, 0.6145499854954948882, 0.7636648162452686073),
 ( 1.000000000000000000, 0.8047378541243649375, 0.8047378541243649375, 1.000000000000000000) ) ) 
 REPRESENTATION_ITEM ( '' )  SURFACE ( )  );
#796 = CARTESIAN_POINT ( 'NONE',  ( -4.762045270816423148, -9.524090541633032814, 2.814187550525431458 ) ) ;
#797 = DIRECTION ( 'NONE',  ( -7.228014483236698330E-15, 1.000000000000000000, 3.433306879537431628E-15 ) ) ;
#798 = AXIS2_PLACEMENT_3D ( 'NONE', #4110, #3108, #1537 ) ;
#799 = CARTESIAN_POINT ( 'NONE',  ( -5.149999999999988809, -1.500000000000039746, 0.9999999999999947820 ) ) ;
#800 = CIRCLE ( 'NONE', #3534, 0.4437059837324713318 ) ;
#801 = CARTESIAN_POINT ( 'NONE',  ( -5.000000000000004441, -4.311979453471273796E-14, 2.350000000000001421 ) ) ;
#802 = CARTESIAN_POINT ( 'NONE',  ( 2.649999999999995914, 0.4500000000000174416, 0.2999999999999858336 ) ) ;
#803 = VECTOR ( 'NONE', #2483, 1000.000000000000000 ) ;
#804 = ORIENTED_EDGE ( 'NONE', *, *, #4001, .F. ) ;
#805 = SURFACE_SIDE_STYLE ('',( #1432 ) ) ;
#806 = DIRECTION ( 'NONE',  ( 0.0000000000000000000, -3.491481338843133355E-15, 1.000000000000000000 ) ) ;
#807 = STYLED_ITEM ( 'NONE', ( #3975 ), #3126 ) ;
#808 =( GEOMETRIC_REPRESENTATION_CONTEXT ( 3 ) GLOBAL_UNCERTAINTY_ASSIGNED_CONTEXT ( ( #391 ) ) GLOBAL_UNIT_ASSIGNED_CONTEXT ( ( #4058, #3385, #3098 ) ) REPRESENTATION_CONTEXT ( 'NONE', 'WORKASPACE' ) );
#809 =( NAMED_UNIT ( * ) SI_UNIT ( $, .STERADIAN. ) SOLID_ANGLE_UNIT ( ) );
#810 = CARTESIAN_POINT ( 'NONE',  ( 5.150000000000011013, -1.499999999999967804, 0.9999999999999947820 ) ) ;
#811 = EDGE_CURVE ( 'NONE', #1487, #1684, #3205, .T. ) ;
#812 = EDGE_CURVE ( 'NONE', #1261, #3541, #2103, .T. ) ;
#813 = EDGE_LOOP ( 'NONE', ( #1352, #3164, #957, #787 ) ) ;
#814 = SURFACE_STYLE_USAGE ( .BOTH. , #3969 ) ;
#815 = DIRECTION ( 'NONE',  ( 1.251002506714043540E-16, 3.491481338843134144E-15, -1.000000000000000000 ) ) ;
#816 = VECTOR ( 'NONE', #1478, 1000.000000000000000 ) ;
#817 = SURFACE_STYLE_FILL_AREA ( #1122 ) ;
#818 = CARTESIAN_POINT ( 'NONE',  ( 1.824999999999999512, 9.938404266218723000E-15, 0.7499999999999844569 ) ) ;
#819 =( GEOMETRIC_REPRESENTATION_CONTEXT ( 3 ) GLOBAL_UNCERTAINTY_ASSIGNED_CONTEXT ( ( #1805 ) ) GLOBAL_UNIT_ASSIGNED_CONTEXT ( ( #953, #2187, #615 ) ) REPRESENTATION_CONTEXT ( 'NONE', 'WORKASPACE' ) );
#820 =( NAMED_UNIT ( * ) PLANE_ANGLE_UNIT ( ) SI_UNIT ( $, .RADIAN. ) );
#821 = CARTESIAN_POINT ( 'NONE',  ( 5.150000000000007461, -0.9999999999999651390, 0.2999999999999964917 ) ) ;
#822 = LINE ( 'NONE', #2355, #2356 ) ;
#823 =( NAMED_UNIT ( * ) PLANE_ANGLE_UNIT ( ) SI_UNIT ( $, .RADIAN. ) );
#824 = COLOUR_RGB ( '',0.0000000000000000000, 0.0000000000000000000, 0.0000000000000000000 ) ;
#825 = FACE_BOUND ( 'NONE', #3559, .T. ) ;
#826 = VERTEX_POINT ( 'NONE', #1159 ) ;
#827 = COLOUR_RGB ( '',0.0000000000000000000, 0.0000000000000000000, 0.0000000000000000000 ) ;
#828 = PRODUCT ( '08421C46-AD47-4735-8DE9-E23CEE51AA35', '08421C46-AD47-4735-8DE9-E23CEE51AA35', '', ( #209 ) ) ;
#829 = DIRECTION ( 'NONE',  ( -1.000000000000000000, 0.0000000000000000000, 0.0000000000000000000 ) ) ;
#831 = EDGE_LOOP ( 'NONE', ( #1879, #571, #3103, #1081 ) ) ;
#830 = VECTOR ( 'NONE', #1692, 1000.000000000000000 ) ;
#832 = DIRECTION ( 'NONE',  ( 1.000000000000000000, 6.982962677686266711E-15, 2.438088387897967896E-29 ) ) ;
#833 = FACE_OUTER_BOUND ( 'NONE', #249, .T. ) ;
#834 = DIRECTION ( 'NONE',  ( -0.0000000000000000000, 3.491481338843133355E-15, -1.000000000000000000 ) ) ;
#835 = DIRECTION ( 'NONE',  ( -1.000000000000000000, 0.0000000000000000000, 0.0000000000000000000 ) ) ;
#836 = PLANE ( 'NONE',  #2395 ) ;
#837 = SURFACE_STYLE_FILL_AREA ( #3706 ) ;
#838 = UNCERTAINTY_MEASURE_WITH_UNIT (LENGTH_MEASURE( 1.000000000000000082E-05 ), #1806, 'distance_accuracy_value', 'NONE');
#839 = SURFACE_STYLE_FILL_AREA ( #3307 ) ;
#840 = UNCERTAINTY_MEASURE_WITH_UNIT (LENGTH_MEASURE( 1.000000000000000082E-05 ), #2426, 'distance_accuracy_value', 'NONE');
#841 = CARTESIAN_POINT ( 'NONE',  ( 2.699269725188707447, -0.1744699538335202360, 0.7499999999999837907 ) ) ;
#842 =( NAMED_UNIT ( * ) PLANE_ANGLE_UNIT ( ) SI_UNIT ( $, .RADIAN. ) );
#843 = ORIENTED_EDGE ( 'NONE', *, *, #1813, .T. ) ;
#844 = SURFACE_STYLE_USAGE ( .BOTH. , #2741 ) ;
#845 =( BOUNDED_SURFACE ( )  B_SPLINE_SURFACE ( 3, 3, ( 
 ( #3984, #1119, #2387, #3679 ),
 ( #3125, #897, #260, #578 ),
 ( #3439, #3460, #1499, #3820 ),
 ( #2815, #603, #205, #1884 ) ),
 .UNSPECIFIED., .F., .F., .F. ) 
 B_SPLINE_SURFACE_WITH_KNOTS ( ( 4, 4 ),
 ( 4, 4 ),
 ( 0.0000000000000000000, 1.000000000000000000 ),
 ( 0.0000000000000000000, 1.000000000000000000 ),
 .UNSPECIFIED. ) 
 GEOMETRIC_REPRESENTATION_ITEM ( )  RATIONAL_B_SPLINE_SURFACE ( (
 ( 1.000000000000000000, 0.8047378541243651595, 0.8047378541243651595, 1.000000000000000000),
 ( 0.9716180718375586611, 0.7818978421590102590, 0.7818978421590102590, 0.9716180718375586611),
 ( 0.9716180718375586611, 0.7818978421590102590, 0.7818978421590102590, 0.9716180718375586611),
 ( 1.000000000000000000, 0.8047378541243651595, 0.8047378541243651595, 1.000000000000000000) ) ) 
 REPRESENTATION_ITEM ( '' )  SURFACE ( )  );
#846 = CARTESIAN_POINT ( 'NONE',  ( 3.200000000000011724, -2.500000000000035083, 16.50099999999998701 ) ) ;
#847 = VERTEX_POINT ( 'NONE', #846 ) ;
#848 = LINE ( 'NONE', #3119, #1519 ) ;
#849 = DIRECTION ( 'NONE',  ( 0.0000000000000000000, -3.491481338843133355E-15, 1.000000000000000000 ) ) ;
#850 = AXIS2_PLACEMENT_3D ( 'NONE', #2962, #1682, #73 ) ;
#851 = AXIS2_PLACEMENT_3D ( 'NONE', #2838, #3829, #4158 ) ;
#852 = LINE ( 'NONE', #2730, #1581 ) ;
#853 = CARTESIAN_POINT ( 'NONE',  ( -1.499999999999964029, -5.150000000000013678, 0.9999999999999820144 ) ) ;
#854 = ADVANCED_FACE ( 'NONE', ( #3390 ), #3682, .T. ) ;
#855 = DIRECTION ( 'NONE',  ( 1.000000000000000000, 7.109277493898170247E-15, 2.482190970260293935E-29 ) ) ;
#856 = CIRCLE ( 'NONE', #2318, 0.4500000000000001776 ) ;
#857 = PRESENTATION_STYLE_ASSIGNMENT (( #2711 ) ) ;
#858 =( NAMED_UNIT ( * ) SI_UNIT ( $, .STERADIAN. ) SOLID_ANGLE_UNIT ( ) );
#859 = FACE_OUTER_BOUND ( 'NONE', #3268, .T. ) ;
#860 = EDGE_CURVE ( 'NONE', #2510, #1534, #3814, .T. ) ;
#861 = EDGE_CURVE ( 'NONE', #865, #2856, #2169, .T. ) ;
#862 = COLOUR_RGB ( '',1.000000000000000000, 1.000000000000000000, 0.7529411764705882248 ) ;
#863 = CARTESIAN_POINT ( 'NONE',  ( 4.999999999999972466, 10.00000000000004796, 3.800000000000038458 ) ) ;
#864 = DIRECTION ( 'NONE',  ( 1.000000000000000000, 7.004015147054916248E-15, 2.445438818291688856E-29 ) ) ;
#865 = VERTEX_POINT ( 'NONE', #990 ) ;
#866 = VECTOR ( 'NONE', #2623, 1000.000000000000000 ) ;
#867 = CARTESIAN_POINT ( 'NONE',  ( -7.703719777548943412E-31, -3.142333204958816864E-15, 0.8999999999999991340 ) ) ;
#868 = MECHANICAL_DESIGN_GEOMETRIC_PRESENTATION_REPRESENTATION (  '', ( #4131 ), #176 ) ;
#869 = VERTEX_POINT ( 'NONE', #1878 ) ;
#870 = FACE_OUTER_BOUND ( 'NONE', #2651, .T. ) ;
#871 = FACE_OUTER_BOUND ( 'NONE', #3370, .T. ) ;
#872 = LINE ( 'NONE', #3761, #2596 ) ;
#873 = PRESENTATION_LAYER_ASSIGNMENT (  '', '', ( #2871 ) ) ;
#874 = ORIENTED_EDGE ( 'NONE', *, *, #695, .T. ) ;
#875 = SURFACE_STYLE_USAGE ( .BOTH. , #2443 ) ;
#876 = SURFACE_STYLE_USAGE ( .BOTH. , #1732 ) ;
#877 = DIRECTION ( 'NONE',  ( 0.0000000000000000000, -3.491481338843133355E-15, 1.000000000000000000 ) ) ;
#878 = CARTESIAN_POINT ( 'NONE',  ( 5.850000000000003197, -0.4499999999999592104, -1.767249541151372227E-14 ) ) ;
#879 = DIRECTION ( 'NONE',  ( -0.0000000000000000000, 3.491481338843133355E-15, -1.000000000000000000 ) ) ;
#880 = UNCERTAINTY_MEASURE_WITH_UNIT (LENGTH_MEASURE( 1.000000000000000082E-05 ), #1740, 'distance_accuracy_value', 'NONE');
#881 = DIRECTION ( 'NONE',  ( -0.0000000000000000000, 3.491481338843133355E-15, -1.000000000000000000 ) ) ;
#882 = PRESENTATION_LAYER_ASSIGNMENT (  '', '', ( #4086 ) ) ;
#883 = FILL_AREA_STYLE_COLOUR ( '', #2722 ) ;
#884 = FILL_AREA_STYLE_COLOUR ( '', #1132 ) ;
#885 =( LENGTH_UNIT ( ) NAMED_UNIT ( * ) SI_UNIT ( .MILLI., .METRE. ) );
#886 = EDGE_CURVE ( 'NONE', #1534, #905, #3518, .T. ) ;
#887 = ORIENTED_EDGE ( 'NONE', *, *, #4125, .T. ) ;
#888 = EDGE_CURVE ( 'NONE', #3295, #3635, #2932, .T. ) ;
#889 = CARTESIAN_POINT ( 'NONE',  ( 2.650000000000002576, -0.4499999999999826361, 0.2999999999999826694 ) ) ;
#890 = VECTOR ( 'NONE', #2879, 1000.000000000000000 ) ;
#891 = DIRECTION ( 'NONE',  ( -1.000000000000000000, 0.0000000000000000000, 0.0000000000000000000 ) ) ;
#892 = ORIENTED_EDGE ( 'NONE', *, *, #1086, .F. ) ;
#893 = CARTESIAN_POINT ( 'NONE',  ( 5.850000000000003197, -0.4499999999999602651, 0.2999999999999825584 ) ) ;
#894 = VECTOR ( 'NONE', #1971, 1000.000000000000000 ) ;
#895 = DIRECTION ( 'NONE',  ( 6.938893903907228378E-15, -1.000000000000000000, -3.491481338843133355E-15 ) ) ;
#896 = STYLED_ITEM ( 'NONE', ( #2117 ), #3646 ) ;
#897 = CARTESIAN_POINT ( 'NONE',  ( 2.724999999999999201, 0.05221248460498627286, 0.6608677134682428012 ) ) ;
#898 =( LENGTH_UNIT ( ) NAMED_UNIT ( * ) SI_UNIT ( .MILLI., .METRE. ) );
#899 = DIRECTION ( 'NONE',  ( 1.000000000000000000, 7.047314121155780399E-15, 0.0000000000000000000 ) ) ;
#900 = CARTESIAN_POINT ( 'NONE',  ( 0.0000000000000000000, -3.142333204958820414E-15, 0.9000000000000001332 ) ) ;
#901 = DIRECTION ( 'NONE',  ( 0.0000000000000000000, -3.491481338843133355E-15, 1.000000000000000000 ) ) ;
#902 = MECHANICAL_DESIGN_GEOMETRIC_PRESENTATION_REPRESENTATION (  '', ( #143 ), #2488 ) ;
#903 = LINE ( 'NONE', #4137, #2942 ) ;
#904 = CYLINDRICAL_SURFACE ( 'NONE', #160, 5.000000000000004441 ) ;
#905 = VERTEX_POINT ( 'NONE', #1575 ) ;
#906 = CARTESIAN_POINT ( 'NONE',  ( 0.0000000000000000000, -5.586370142149013368E-15, 1.600000000000000089 ) ) ;
#907 = FILL_AREA_STYLE_COLOUR ( '', #3970 ) ;
#908 = CARTESIAN_POINT ( 'NONE',  ( 2.649999999999996358, 0.4500000000000158873, 0.7499999999999857891 ) ) ;
#909 = CARTESIAN_POINT ( 'NONE',  ( -5.000000000000002665, -3.805714659339016619E-14, 0.8999999999999984679 ) ) ;
#910 = VERTEX_POINT ( 'NONE', #1283 ) ;
#911 = ADVANCED_FACE ( 'NONE', ( #618, #638, #3452 ), #570, .F. ) ;
#912 = CARTESIAN_POINT ( 'NONE',  ( -2.725000000000000533, 0.08913228653172269866, 0.7500000000000004441 ) ) ;
#913 = ORIENTED_EDGE ( 'NONE', *, *, #1495, .F. ) ;
#914 = CARTESIAN_POINT ( 'NONE',  ( 3.200000000000011280, -2.500000000000035083, 16.49999999999998934 ) ) ;
#915 = SURFACE_STYLE_FILL_AREA ( #3436 ) ;
#916 = SURFACE_STYLE_FILL_AREA ( #1476 ) ;
#917 = EDGE_LOOP ( 'NONE', ( #1343, #141, #4060, #3881, #68, #2437 ) ) ;
#918 = CARTESIAN_POINT ( 'NONE',  ( 0.0000000000000000000, -3.142333204958820414E-15, 0.9000000000000001332 ) ) ;
#919 = SURFACE_STYLE_USAGE ( .BOTH. , #2141 ) ;
#920 =( NAMED_UNIT ( * ) PLANE_ANGLE_UNIT ( ) SI_UNIT ( $, .RADIAN. ) );
#921 = FILL_AREA_STYLE ('',( #4078 ) ) ;
#922 =( NAMED_UNIT ( * ) SI_UNIT ( $, .STERADIAN. ) SOLID_ANGLE_UNIT ( ) );
#923 = ORIENTED_EDGE ( 'NONE', *, *, #1495, .T. ) ;
#924 = SURFACE_STYLE_USAGE ( .BOTH. , #2146 ) ;
#925 =( NAMED_UNIT ( * ) PLANE_ANGLE_UNIT ( ) SI_UNIT ( $, .RADIAN. ) );
#926 = VECTOR ( 'NONE', #1074, 1000.000000000000000 ) ;
#927 = LINE ( 'NONE', #1570, #1882 ) ;
#928 = ORIENTED_EDGE ( 'NONE', *, *, #319, .T. ) ;
#929 = COLOUR_RGB ( '',0.0000000000000000000, 0.0000000000000000000, 0.0000000000000000000 ) ;
#930 = MECHANICAL_DESIGN_GEOMETRIC_PRESENTATION_REPRESENTATION (  '', ( #1728 ), #238 ) ;
#931 = COLOUR_RGB ( '',1.000000000000000000, 1.000000000000000000, 0.7529411764705882248 ) ;
#932 = CARTESIAN_POINT ( 'NONE',  ( 5.149999999999990585, 1.500000000000033085, 0.9000000000000052403 ) ) ;
#933 = MECHANICAL_DESIGN_GEOMETRIC_PRESENTATION_REPRESENTATION (  '', ( #2385 ), #2185 ) ;
#934 = ORIENTED_EDGE ( 'NONE', *, *, #1945, .T. ) ;
#935 = PLANE ( 'NONE',  #785 ) ;
#936 = LINE ( 'NONE', #3146, #2064 ) ;
#937 =( GEOMETRIC_REPRESENTATION_CONTEXT ( 3 ) GLOBAL_UNCERTAINTY_ASSIGNED_CONTEXT ( ( #2548 ) ) GLOBAL_UNIT_ASSIGNED_CONTEXT ( ( #1716, #3241, #3266 ) ) REPRESENTATION_CONTEXT ( 'NONE', 'WORKASPACE' ) );
#938 = DIRECTION ( 'NONE',  ( -6.982962677686266711E-15, 1.000000000000000000, 3.491481338843133355E-15 ) ) ;
#939 = PRESENTATION_LAYER_ASSIGNMENT (  '', '', ( #2524 ) ) ;
#940 = DIRECTION ( 'NONE',  ( 6.860497997771531562E-15, -1.000000000000000000, -3.491481338843133355E-15 ) ) ;
#941 = EDGE_CURVE ( 'NONE', #1156, #596, #651, .T. ) ;
#942 = EDGE_CURVE ( 'NONE', #3111, #3666, #2339, .T. ) ;
#943 = MECHANICAL_DESIGN_GEOMETRIC_PRESENTATION_REPRESENTATION (  '', ( #3478 ), #1607 ) ;
#944 = EDGE_LOOP ( 'NONE', ( #3049, #1703, #237, #2424 ) ) ;
#945 =( NAMED_UNIT ( * ) SI_UNIT ( $, .STERADIAN. ) SOLID_ANGLE_UNIT ( ) );
#946 = CARTESIAN_POINT ( 'NONE',  ( 2.349999999999996536, 0.4500000000000138334, 0.7499999999999857891 ) ) ;
#947 = ORIENTED_EDGE ( 'NONE', *, *, #419, .F. ) ;
#948 = AXIS2_PLACEMENT_3D ( 'NONE', #3885, #2563, #677 ) ;
#949 = FACE_OUTER_BOUND ( 'NONE', #1563, .T. ) ;
#950 =( GEOMETRIC_REPRESENTATION_CONTEXT ( 3 ) GLOBAL_UNCERTAINTY_ASSIGNED_CONTEXT ( ( #3977 ) ) GLOBAL_UNIT_ASSIGNED_CONTEXT ( ( #3319, #2690, #3026 ) ) REPRESENTATION_CONTEXT ( 'NONE', 'WORKASPACE' ) );
#951 = FACE_OUTER_BOUND ( 'NONE', #1903, .T. ) ;
#952 = SURFACE_SIDE_STYLE ('',( #3160 ) ) ;
#953 =( LENGTH_UNIT ( ) NAMED_UNIT ( * ) SI_UNIT ( .MILLI., .METRE. ) );
#954 = ORIENTED_EDGE ( 'NONE', *, *, #2951, .F. ) ;
#955 =( GEOMETRIC_REPRESENTATION_CONTEXT ( 3 ) GLOBAL_UNCERTAINTY_ASSIGNED_CONTEXT ( ( #3426 ) ) GLOBAL_UNIT_ASSIGNED_CONTEXT ( ( #1078, #1416, #782 ) ) REPRESENTATION_CONTEXT ( 'NONE', 'WORKASPACE' ) );
#956 = COLOUR_RGB ( '',0.7529411764705882248, 0.7529411764705882248, 0.7529411764705882248 ) ;
#957 = ORIENTED_EDGE ( 'NONE', *, *, #1784, .T. ) ;
#958 = SURFACE_SIDE_STYLE ('',( #23 ) ) ;
#960 = ORIENTED_EDGE ( 'NONE', *, *, #3083, .T. ) ;
#959 = COLOUR_RGB ( '',0.0000000000000000000, 0.0000000000000000000, 0.0000000000000000000 ) ;
#961 = CARTESIAN_POINT ( 'NONE',  ( 5.149999999999990585, 1.500000000000033307, 0.9000000000000052403 ) ) ;
#962 = DIRECTION ( 'NONE',  ( -0.0000000000000000000, 3.491481338843133355E-15, -1.000000000000000000 ) ) ;
#963 = ORIENTED_EDGE ( 'NONE', *, *, #1778, .F. ) ;
#964 = MECHANICAL_DESIGN_GEOMETRIC_PRESENTATION_REPRESENTATION (  '', ( #896 ), #3292 ) ;
#965 = EDGE_CURVE ( 'NONE', #460, #3802, #2056, .T. ) ;
#966 = ORIENTED_EDGE ( 'NONE', *, *, #3083, .F. ) ;
#967 = VECTOR ( 'NONE', #679, 1000.000000000000000 ) ;
#968 = ADVANCED_FACE ( 'NONE', ( #2954 ), #3938, .T. ) ;
#969 = SURFACE_SIDE_STYLE ('',( #1569 ) ) ;
#970 = CARTESIAN_POINT ( 'NONE',  ( -5.850000000000001421, -0.4500000000000175526, 0.2999999999999983791 ) ) ;
#971 =( LENGTH_UNIT ( ) NAMED_UNIT ( * ) SI_UNIT ( .MILLI., .METRE. ) );
#972 = DIRECTION ( 'NONE',  ( 1.000000000000000000, 7.004015147054916248E-15, 2.445438818291688856E-29 ) ) ;
#973 = ORIENTED_EDGE ( 'NONE', *, *, #748, .F. ) ;
#974 = CARTESIAN_POINT ( 'NONE',  ( -2.274999999999992806, -1.000000000000015765, -3.491481338843188970E-15 ) ) ;
#975 = FILL_AREA_STYLE_COLOUR ( '', #113 ) ;
#976 = ORIENTED_EDGE ( 'NONE', *, *, #3516, .F. ) ;
#977 =( NAMED_UNIT ( * ) SI_UNIT ( $, .STERADIAN. ) SOLID_ANGLE_UNIT ( ) );
#978 = FILL_AREA_STYLE ('',( #3843 ) ) ;
#979 = EDGE_LOOP ( 'NONE', ( #1992, #3305 ) ) ;
#980 = CARTESIAN_POINT ( 'NONE',  ( -7.703719777548943412E-31, -3.142333204958816864E-15, 0.8999999999999991340 ) ) ;
#981 = CARTESIAN_POINT ( 'NONE',  ( -1.261427527603332811E-16, -8.204981146281371274E-15, 2.350000000000002309 ) ) ;
#982 = VECTOR ( 'NONE', #1307, 1000.000000000000000 ) ;
#983 = VECTOR ( 'NONE', #3619, 1000.000000000000000 ) ;
#984 = CARTESIAN_POINT ( 'NONE',  ( -2.949999999999964206, -5.150000000000022560, 0.8999999999999820366 ) ) ;
#985 = VERTEX_POINT ( 'NONE', #3874 ) ;
#986 = SURFACE_STYLE_USAGE ( .BOTH. , #2572 ) ;
#987 = EDGE_CURVE ( 'NONE', #3628, #1346, #2930, .T. ) ;
#988 = ADVANCED_FACE ( 'NONE', ( #1694 ), #2681, .F. ) ;
#989 = LINE ( 'NONE', #3914, #830 ) ;
#990 = CARTESIAN_POINT ( 'NONE',  ( -5.000000000000006217, -9.077851480992151772E-14, 15.99999999999999645 ) ) ;
#991 = ORIENTED_EDGE ( 'NONE', *, *, #420, .F. ) ;
#992 = STYLED_ITEM ( 'NONE', ( #4005 ), #2432 ) ;
#993 = SURFACE_SIDE_STYLE ('',( #1921 ) ) ;
#994 = SURFACE_STYLE_FILL_AREA ( #3856 ) ;
#995 = SURFACE_STYLE_FILL_AREA ( #11 ) ;
#996 = LINE ( 'NONE', #2898, #982 ) ;
#997 = CIRCLE ( 'NONE', #2522, 5.000000000000004441 ) ;
#998 = VECTOR ( 'NONE', #901, 1000.000000000000000 ) ;
#999 = MECHANICAL_DESIGN_GEOMETRIC_PRESENTATION_REPRESENTATION (  '', ( #3537 ), #2800 ) ;
#1000 = ORIENTED_EDGE ( 'NONE', *, *, #2593, .F. ) ;
#1001 = CARTESIAN_POINT ( 'NONE',  ( 2.054158128379444559, 0.2892100204151988319, 0.2562876129621225463 ) ) ;
#1002 = PRESENTATION_LAYER_ASSIGNMENT (  '', '', ( #2134 ) ) ;
#1003 =( LENGTH_UNIT ( ) NAMED_UNIT ( * ) SI_UNIT ( .MILLI., .METRE. ) );
#1004 = CARTESIAN_POINT ( 'NONE',  ( -5.000000000000006217, -9.118882261810867884E-14, 16.29289321881345032 ) ) ;
#1005 = ORIENTED_EDGE ( 'NONE', *, *, #2377, .T. ) ;
#1006 = CARTESIAN_POINT ( 'NONE',  ( -1.825000000000000844, -0.1757584371048158678, 0.4499615801676498106 ) ) ;
#1007 = SURFACE_STYLE_USAGE ( .BOTH. , #63 ) ;
#1008 = PRESENTATION_LAYER_ASSIGNMENT (  '', '', ( #2612 ) ) ;
#1009 = CARTESIAN_POINT ( 'NONE',  ( 1.499999999999999556, 7.332110811570576891E-15, 0.9000000000000001332 ) ) ;
#1010 = EDGE_CURVE ( 'NONE', #2319, #3835, #2299, .T. ) ;
#1011 = ORIENTED_EDGE ( 'NONE', *, *, #1271, .F. ) ;
#1012 = STYLED_ITEM ( 'NONE', ( #4150 ), #1621 ) ;
#1013 = CARTESIAN_POINT ( 'NONE',  ( 1.999999999999976685, 2.499999999999956479, 16.50100000000000477 ) ) ;
#1014 = DIRECTION ( 'NONE',  ( 1.251002506714043540E-16, 3.491481338843134144E-15, -1.000000000000000000 ) ) ;
#1015 = DIRECTION ( 'NONE',  ( -0.0000000000000000000, -1.000000000000000000, -3.491481338843133355E-15 ) ) ;
#1016 = ORIENTED_EDGE ( 'NONE', *, *, #3925, .F. ) ;
#1017 = EDGE_LOOP ( 'NONE', ( #3239, #2203, #3014, #1214 ) ) ;
#1018 = SURFACE_SIDE_STYLE ('',( #672 ) ) ;
#1019 =( NAMED_UNIT ( * ) PLANE_ANGLE_UNIT ( ) SI_UNIT ( $, .RADIAN. ) );
#1020 = ORIENTED_EDGE ( 'NONE', *, *, #1944, .T. ) ;
#1021 = CARTESIAN_POINT ( 'NONE',  ( -1.825000000000000844, -1.902684912978324912E-14, 0.7500000000000002220 ) ) ;
#1022 = CIRCLE ( 'NONE', #1560, 0.4500000000000001776 ) ;
#1023 = LINE ( 'NONE', #2924, #2657 ) ;
#1024 = DIRECTION ( 'NONE',  ( 0.0000000000000000000, -1.000000000000000000, -3.373073425510456881E-15 ) ) ;
#1025 = FILL_AREA_STYLE_COLOUR ( '', #956 ) ;
#1026 = ORIENTED_EDGE ( 'NONE', *, *, #2771, .T. ) ;
#1027 = SURFACE_STYLE_FILL_AREA ( #5 ) ;
#1028 = AXIS2_PLACEMENT_3D ( 'NONE', #3200, #307, #1297 ) ;
#1029 = EDGE_LOOP ( 'NONE', ( #2017, #693, #4040, #3034 ) ) ;
#1030 = ADVANCED_FACE ( 'NONE', ( #1155 ), #1485, .T. ) ;
#1031 = CARTESIAN_POINT ( 'NONE',  ( 5.149999999999994138, 1.000000000000034861, 0.3000000000000034306 ) ) ;
#1032 = CARTESIAN_POINT ( 'NONE',  ( 3.199999999999976197, 2.499999999999964917, 16.50100000000000477 ) ) ;
#1033 = ORIENTED_EDGE ( 'NONE', *, *, #1392, .T. ) ;
#1034 = EDGE_CURVE ( 'NONE', #1058, #3086, #1172, .T. ) ;
#1035 = EDGE_CURVE ( 'NONE', #3548, #460, #308, .T. ) ;
#1036 = CARTESIAN_POINT ( 'NONE',  ( -2.950000000000025047, 5.149999999999980815, 1.798112889504207367E-14 ) ) ;
#1037 = ORIENTED_EDGE ( 'NONE', *, *, #2618, .T. ) ;
#1038 = CARTESIAN_POINT ( 'NONE',  ( -2.350000000000000977, 0.4437059837324522360, 0.7500000000000018874 ) ) ;
#1039 = LINE ( 'NONE', #3254, #2723 ) ;
#1040 =( NAMED_UNIT ( * ) PLANE_ANGLE_UNIT ( ) SI_UNIT ( $, .RADIAN. ) );
#1041 = FILL_AREA_STYLE_COLOUR ( '', #1326 ) ;
#1042 = CARTESIAN_POINT ( 'NONE',  ( 4.762045270816491538, 2.430421274976015005E-14, 3.335812449474540031 ) ) ;
#1043 = ORIENTED_EDGE ( 'NONE', *, *, #3463, .F. ) ;
#1044 = PLANE ( 'NONE',  #3273 ) ;
#1045 = VECTOR ( 'NONE', #487, 1000.000000000000000 ) ;
#1046 = STYLED_ITEM ( 'NONE', ( #2564 ), #1972 ) ;
#1047 = VERTEX_POINT ( 'NONE', #170 ) ;
#1048 = LINE ( 'NONE', #3313, #2059 ) ;
#1049 = PRESENTATION_LAYER_ASSIGNMENT (  '', '', ( #3726 ) ) ;
#1050 = CLOSED_SHELL ( 'NONE', ( #199, #2354, #2770, #2955, #1972, #1858, #1811, #1727, #2154, #3976, #1600, #87, #1911, #968, #323 ) ) ;
#1051 = SURFACE_SIDE_STYLE ('',( #1747 ) ) ;
#1052 =( NAMED_UNIT ( * ) PLANE_ANGLE_UNIT ( ) SI_UNIT ( $, .RADIAN. ) );
#1053 = VERTEX_POINT ( 'NONE', #2757 ) ;
#1054 = MECHANICAL_DESIGN_GEOMETRIC_PRESENTATION_REPRESENTATION (  '', ( #2923 ), #568 ) ;
#1055 = AXIS2_PLACEMENT_3D ( 'NONE', #3258, #2293, #2568 ) ;
#1056 = LINE ( 'NONE', #1751, #3672 ) ;
#1057 = ADVANCED_FACE ( 'NONE', ( #1808 ), #3979, .T. ) ;
#1058 = VERTEX_POINT ( 'NONE', #2399 ) ;
#1059 = DIRECTION ( 'NONE',  ( 6.938893903907228378E-15, -1.000000000000000000, -3.469446951953614189E-15 ) ) ;
#1060 = ADVANCED_FACE ( 'NONE', ( #825, #3710 ), #2133, .T. ) ;
#1061 = AXIS2_PLACEMENT_3D ( 'NONE', #3954, #1087, #2349 ) ;
#1062 = CARTESIAN_POINT ( 'NONE',  ( 2.349999999999999645, 1.531343739625325097E-14, 0.3062940162675129585 ) ) ;
#1063 = DIRECTION ( 'NONE',  ( -1.000000000000000000, 1.072550301617124820E-30, -3.071906155375596061E-16 ) ) ;
#1064 = COLOUR_RGB ( '',0.0000000000000000000, 0.0000000000000000000, 0.0000000000000000000 ) ;
#1065 = FILL_AREA_STYLE ('',( #1041 ) ) ;
#1066 =( NAMED_UNIT ( * ) PLANE_ANGLE_UNIT ( ) SI_UNIT ( $, .RADIAN. ) );
#1067 = ORIENTED_EDGE ( 'NONE', *, *, #394, .T. ) ;
#1068 = PRESENTATION_LAYER_ASSIGNMENT (  '', '', ( #1657 ) ) ;
#1069 = SURFACE_STYLE_USAGE ( .BOTH. , #2652 ) ;
#1070 = CARTESIAN_POINT ( 'NONE',  ( -2.650000000000001243, -1.819200969200715758E-14, 0.5012531407233453695 ) ) ;
#1071 = CIRCLE ( 'NONE', #1816, 0.2487468592766547137 ) ;
#1072 = PRESENTATION_LAYER_ASSIGNMENT (  '', '', ( #2938 ) ) ;
#1073 = ORIENTED_EDGE ( 'NONE', *, *, #3311, .T. ) ;
#1074 = DIRECTION ( 'NONE',  ( -1.000000000000000000, -6.982962677686265922E-15, -1.251002506714287347E-16 ) ) ;
#1075 = AXIS2_PLACEMENT_3D ( 'NONE', #2822, #2755, #519 ) ;
#1076 = PRESENTATION_STYLE_ASSIGNMENT (( #2237 ) ) ;
#1077 =( GEOMETRIC_REPRESENTATION_CONTEXT ( 3 ) GLOBAL_UNCERTAINTY_ASSIGNED_CONTEXT ( ( #2130 ) ) GLOBAL_UNIT_ASSIGNED_CONTEXT ( ( #1286, #2640, #2304 ) ) REPRESENTATION_CONTEXT ( 'NONE', 'WORKASPACE' ) );
#1078 =( LENGTH_UNIT ( ) NAMED_UNIT ( * ) SI_UNIT ( .MILLI., .METRE. ) );
#1079 = EDGE_LOOP ( 'NONE', ( #1102, #3714, #2869, #3773 ) ) ;
#1080 = AXIS2_PLACEMENT_3D ( 'NONE', #300, #321, #335 ) ;
#1081 = ORIENTED_EDGE ( 'NONE', *, *, #3627, .T. ) ;
#1082 = FILL_AREA_STYLE_COLOUR ( '', #187 ) ;
#1083 =( NAMED_UNIT ( * ) SI_UNIT ( $, .STERADIAN. ) SOLID_ANGLE_UNIT ( ) );
#1084 =( LENGTH_UNIT ( ) NAMED_UNIT ( * ) SI_UNIT ( .MILLI., .METRE. ) );
#1085 = EDGE_CURVE ( 'NONE', #1691, #1534, #3512, .T. ) ;
#1086 = EDGE_CURVE ( 'NONE', #3483, #2283, #3, .T. ) ;
#1087 = DIRECTION ( 'NONE',  ( 0.0000000000000000000, -3.491481338843133355E-15, 1.000000000000000000 ) ) ;
#1088 = PRESENTATION_STYLE_ASSIGNMENT (( #2648 ) ) ;
#1089 = CARTESIAN_POINT ( 'NONE',  ( -5.000000000000076383, 9.999999999999916511, 16.29289321881348584 ) ) ;
#1090 = ORIENTED_EDGE ( 'NONE', *, *, #3621, .T. ) ;
#1091 = MECHANICAL_DESIGN_GEOMETRIC_PRESENTATION_REPRESENTATION (  '', ( #531 ), #2621 ) ;
#1092 = PRODUCT_DEFINITION_CONTEXT ( 'detailed design', #485, 'design' ) ;
#1093 = UNCERTAINTY_MEASURE_WITH_UNIT (LENGTH_MEASURE( 1.000000000000000082E-05 ), #1704, 'distance_accuracy_value', 'NONE');
#1094 = EDGE_CURVE ( 'NONE', #3022, #910, #2479, .T. ) ;
#1095 = AXIS2_PLACEMENT_3D ( 'NONE', #3756, #3497, #3179 ) ;
#1096 = ORIENTED_EDGE ( 'NONE', *, *, #2873, .T. ) ;
#1097 = FILL_AREA_STYLE_COLOUR ( '', #1938 ) ;
#1098 = FACE_OUTER_BOUND ( 'NONE', #481, .T. ) ;
#1099 = CARTESIAN_POINT ( 'NONE',  ( -2.350000000000000977, -0.2599169475644033112, 0.3062940162675278910 ) ) ;
#1100 = DIRECTION ( 'NONE',  ( -0.0000000000000000000, 3.491481338843133355E-15, -1.000000000000000000 ) ) ;
#1101 =( NAMED_UNIT ( * ) PLANE_ANGLE_UNIT ( ) SI_UNIT ( $, .RADIAN. ) );
#1102 = ORIENTED_EDGE ( 'NONE', *, *, #2013, .F. ) ;
#1103 =( NAMED_UNIT ( * ) SI_UNIT ( $, .STERADIAN. ) SOLID_ANGLE_UNIT ( ) );
#1104 = DIRECTION ( 'NONE',  ( 6.938893903907228378E-15, -1.000000000000000000, -3.491481338843133355E-15 ) ) ;
#1105 = LINE ( 'NONE', #3620, #456 ) ;
#1106 = CARTESIAN_POINT ( 'NONE',  ( 2.349999999999999645, 1.517883041479706208E-14, 0.3062940162675129585 ) ) ;
#1107 = SURFACE_SIDE_STYLE ('',( #150 ) ) ;
#1108 = CARTESIAN_POINT ( 'NONE',  ( -4.762045270816559039, 9.524090541632981299, 2.814187550525499404 ) ) ;
#1109 = EDGE_CURVE ( 'NONE', #1908, #1677, #39, .T. ) ;
#1110 = ORIENTED_EDGE ( 'NONE', *, *, #1784, .F. ) ;
#1111 = EDGE_CURVE ( 'NONE', #463, #1261, #1939, .T. ) ;
#1112 = DIRECTION ( 'NONE',  ( -0.0000000000000000000, 3.491481338843133355E-15, -1.000000000000000000 ) ) ;
#1113 = COLOUR_RGB ( '',0.0000000000000000000, 0.0000000000000000000, 0.0000000000000000000 ) ;
#1114 = VECTOR ( 'NONE', #1836, 1000.000000000000000 ) ;
#1115 = CARTESIAN_POINT ( 'NONE',  ( -5.150000000000034994, 5.149999999999962164, 1.000000000000017986 ) ) ;
#1116 = CIRCLE ( 'NONE', #2442, 0.4999999999999995559 ) ;
#1117 = AXIS2_PLACEMENT_3D ( 'NONE', #3170, #4115, #1932 ) ;
#1118 = ORIENTED_EDGE ( 'NONE', *, *, #2013, .T. ) ;
#1119 = CARTESIAN_POINT ( 'NONE',  ( 2.725000000000000977, 1.638285723825064280E-14, 0.7499999999999842348 ) ) ;
#1120 = CARTESIAN_POINT ( 'NONE',  ( -1.499999999999964251, -5.150000000000012790, 0.9999999999999820144 ) ) ;
#1121 =( GEOMETRIC_REPRESENTATION_CONTEXT ( 3 ) GLOBAL_UNCERTAINTY_ASSIGNED_CONTEXT ( ( #3306 ) ) GLOBAL_UNIT_ASSIGNED_CONTEXT ( ( #2106, #1475, #1851 ) ) REPRESENTATION_CONTEXT ( 'NONE', 'WORKASPACE' ) );
#1122 = FILL_AREA_STYLE ('',( #1440 ) ) ;
#1123 = CARTESIAN_POINT ( 'NONE',  ( 1.825000000000001732, -0.3000384198323389762, 0.5742415628951854645 ) ) ;
#1124 = LINE ( 'NONE', #105, #1869 ) ;
#1125 = CARTESIAN_POINT ( 'NONE',  ( -2.350000000000000977, -1.751131354713247908E-14, 0.3062940162675287792 ) ) ;
#1126 = DIRECTION ( 'NONE',  ( 0.0000000000000000000, -3.491481338843133355E-15, 1.000000000000000000 ) ) ;
#1127 = AXIS2_PLACEMENT_3D ( 'NONE', #182, #1180, #4043 ) ;
#1128 = MECHANICAL_DESIGN_GEOMETRIC_PRESENTATION_REPRESENTATION (  '', ( #3744 ), #177 ) ;
#1129 = PRESENTATION_STYLE_ASSIGNMENT (( #1718 ) ) ;
#1130 = DIRECTION ( 'NONE',  ( 7.004015147054916248E-15, -1.000000000000000000, -3.491481338843133355E-15 ) ) ;
#1131 = COLOUR_RGB ( '',1.000000000000000000, 1.000000000000000000, 0.7529411764705882248 ) ;
#1132 = COLOUR_RGB ( '',0.0000000000000000000, 0.0000000000000000000, 0.0000000000000000000 ) ;
#1133 = EDGE_LOOP ( 'NONE', ( #3141, #1749, #4070, #3408 ) ) ;
#1134 = SURFACE_SIDE_STYLE ('',( #1788 ) ) ;
#1135 = CIRCLE ( 'NONE', #43, 0.5999999999999998668 ) ;
#1136 = AXIS2_PLACEMENT_3D ( 'NONE', #4051, #2370, #770 ) ;
#1137 = ADVANCED_FACE ( 'NONE', ( #310 ), #4102, .F. ) ;
#1138 = EDGE_CURVE ( 'NONE', #172, #905, #927, .T. ) ;
#1139 = SURFACE_SIDE_STYLE ('',( #2155 ) ) ;
#1140 = ORIENTED_EDGE ( 'NONE', *, *, #224, .T. ) ;
#1141 = AXIS2_PLACEMENT_3D ( 'NONE', #1229, #2204, #1909 ) ;
#1142 = ORIENTED_EDGE ( 'NONE', *, *, #3876, .F. ) ;
#1143 =( GEOMETRIC_REPRESENTATION_CONTEXT ( 3 ) GLOBAL_UNCERTAINTY_ASSIGNED_CONTEXT ( ( #3727 ) ) GLOBAL_UNIT_ASSIGNED_CONTEXT ( ( #2884, #262, #945 ) ) REPRESENTATION_CONTEXT ( 'NONE', 'WORKASPACE' ) );
#1144 = DIRECTION ( 'NONE',  ( -7.228014483236698330E-15, 1.000000000000000000, 3.433306879537431628E-15 ) ) ;
#1145 = DIRECTION ( 'NONE',  ( 0.7071067811865441310, 0.7071067811865510144, 2.468850131082278360E-15 ) ) ;
#1146 = CIRCLE ( 'NONE', #526, 5.099999999999999645 ) ;
#1147 = VECTOR ( 'NONE', #1795, 1000.000000000000000 ) ;
#1148 = VECTOR ( 'NONE', #3115, 1000.000000000000000 ) ;
#1149 = DIRECTION ( 'NONE',  ( -0.0000000000000000000, 3.491481338843133355E-15, -1.000000000000000000 ) ) ;
#1150 = CARTESIAN_POINT ( 'NONE',  ( 1.500000000000035527, -5.149999999999994138, 1.599999999999982103 ) ) ;
#1151 = FILL_AREA_STYLE ('',( #2774 ) ) ;
#1152 = FACE_OUTER_BOUND ( 'NONE', #557, .T. ) ;
#1153 =( NAMED_UNIT ( * ) SI_UNIT ( $, .STERADIAN. ) SOLID_ANGLE_UNIT ( ) );
#1154 =( NAMED_UNIT ( * ) SI_UNIT ( $, .STERADIAN. ) SOLID_ANGLE_UNIT ( ) );
#1155 = FACE_OUTER_BOUND ( 'NONE', #2767, .T. ) ;
#1156 = VERTEX_POINT ( 'NONE', #1631 ) ;
#1157 = CARTESIAN_POINT ( 'NONE',  ( 5.150000000000029665, -4.149999999999966604, 1.599999999999985656 ) ) ;
#1158 =( GEOMETRIC_REPRESENTATION_CONTEXT ( 3 ) GLOBAL_UNCERTAINTY_ASSIGNED_CONTEXT ( ( #2335 ) ) GLOBAL_UNIT_ASSIGNED_CONTEXT ( ( #4122, #2459, #254 ) ) REPRESENTATION_CONTEXT ( 'NONE', 'WORKASPACE' ) );
#1159 = CARTESIAN_POINT ( 'NONE',  ( -5.149999999999978151, -2.950000000000031708, 0.9999999999999897859 ) ) ;
#1160 = ORIENTED_EDGE ( 'NONE', *, *, #2561, .T. ) ;
#1161 = EDGE_CURVE ( 'NONE', #1781, #3844, #44, .T. ) ;
#1162 = CARTESIAN_POINT ( 'NONE',  ( 5.849999999999996980, 0.4500000000000408673, -1.452830911130575942E-14 ) ) ;
#1163 = SURFACE_STYLE_FILL_AREA ( #2691 ) ;
#1164 = ADVANCED_FACE ( 'NONE', ( #1341 ), #344, .T. ) ;
#1165 =( GEOMETRIC_REPRESENTATION_CONTEXT ( 3 ) GLOBAL_UNCERTAINTY_ASSIGNED_CONTEXT ( ( #110 ) ) GLOBAL_UNIT_ASSIGNED_CONTEXT ( ( #1799, #1480, #184 ) ) REPRESENTATION_CONTEXT ( 'NONE', 'WORKASPACE' ) );
#1166 = EDGE_CURVE ( 'NONE', #2956, #732, #680, .T. ) ;
#1167 = CARTESIAN_POINT ( 'NONE',  ( -2.350000000000000977, -1.906050470926743727E-14, 0.7500000000000001110 ) ) ;
#1168 =( NAMED_UNIT ( * ) PLANE_ANGLE_UNIT ( ) SI_UNIT ( $, .RADIAN. ) );
#1169 = LINE ( 'NONE', #2113, #96 ) ;
#1170 = UNCERTAINTY_MEASURE_WITH_UNIT (LENGTH_MEASURE( 1.000000000000000082E-05 ), #2065, 'distance_accuracy_value', 'NONE');
#1171 = UNCERTAINTY_MEASURE_WITH_UNIT (LENGTH_MEASURE( 1.000000000000000082E-05 ), #491, 'distance_accuracy_value', 'NONE');
#1172 = LINE ( 'NONE', #1191, #2733 ) ;
#1173 =( NAMED_UNIT ( * ) SI_UNIT ( $, .STERADIAN. ) SOLID_ANGLE_UNIT ( ) );
#1174 = ORIENTED_EDGE ( 'NONE', *, *, #2827, .F. ) ;
#1175 = DIRECTION ( 'NONE',  ( 0.0000000000000000000, -1.000000000000000000, -3.491481338843133355E-15 ) ) ;
#1176 = FILL_AREA_STYLE_COLOUR ( '', #245 ) ;
#1177 = ORIENTED_EDGE ( 'NONE', *, *, #1425, .F. ) ;
#1178 = CARTESIAN_POINT ( 'NONE',  ( 1.999999999999977129, 2.499999999999956479, 16.50000000000000711 ) ) ;
#1179 = DIRECTION ( 'NONE',  ( -1.000000000000000000, -6.094784257986141478E-15, -8.673617379884028076E-17 ) ) ;
#1180 = DIRECTION ( 'NONE',  ( -1.000000000000000000, -6.982962677686266711E-15, -2.438088387897967896E-29 ) ) ;
#1181 =( GEOMETRIC_REPRESENTATION_CONTEXT ( 3 ) GLOBAL_UNCERTAINTY_ASSIGNED_CONTEXT ( ( #1507 ) ) GLOBAL_UNIT_ASSIGNED_CONTEXT ( ( #3275, #2915, #3569 ) ) REPRESENTATION_CONTEXT ( 'NONE', 'WORKASPACE' ) );
#1182 = SURFACE_STYLE_FILL_AREA ( #4045 ) ;
#1183 = CARTESIAN_POINT ( 'NONE',  ( 2.349999999999996092, 0.4500000000000163869, -1.409462824231155764E-14 ) ) ;
#1184 = SURFACE_STYLE_FILL_AREA ( #2412 ) ;
#1185 = EDGE_CURVE ( 'NONE', #1047, #3824, #107, .T. ) ;
#1186 = ADVANCED_FACE ( 'NONE', ( #1316 ), #36, .F. ) ;
#1187 = CARTESIAN_POINT ( 'NONE',  ( 2.350000000000002753, -0.4499999999999862998, 0.7499999999999826805 ) ) ;
#1188 = DIRECTION ( 'NONE',  ( 0.0000000000000000000, -3.491481338843133355E-15, 1.000000000000000000 ) ) ;
#1189 = CARTESIAN_POINT ( 'NONE',  ( 6.982962677686266711E-15, -1.000000000000000000, -3.491481338843133355E-15 ) ) ;
#1190 = CARTESIAN_POINT ( 'NONE',  ( -1.951399258754154193E-15, -5.761293357225054495E-14, 16.50099999999999767 ) ) ;
#1191 = CARTESIAN_POINT ( 'NONE',  ( 2.000000000000011102, -2.500000000000043521, 16.50099999999998701 ) ) ;
#1192 = SURFACE_SIDE_STYLE ('',( #3942 ) ) ;
#1193 = EDGE_LOOP ( 'NONE', ( #2739, #3980 ) ) ;
#1194 = PRESENTATION_LAYER_ASSIGNMENT (  '', '', ( #1264 ) ) ;
#1195 = COLOUR_RGB ( '',0.7529411764705882248, 0.7529411764705882248, 0.7529411764705882248 ) ;
#1196 = STYLED_ITEM ( 'NONE', ( #375 ), #988 ) ;
#1197 = CARTESIAN_POINT ( 'NONE',  ( -1.499999999999966027, -4.874423042781589110, 0.9999999999999831246 ) ) ;
#1198 = VERTEX_POINT ( 'NONE', #164 ) ;
#1199 = SURFACE_STYLE_USAGE ( .BOTH. , #2785 ) ;
#1200 = CARTESIAN_POINT ( 'NONE',  ( -2.350000000000000977, -0.4500000000000191069, 0.7499999999999984457 ) ) ;
#1201 = VECTOR ( 'NONE', #631, 1000.000000000000000 ) ;
#1202 =( GEOMETRIC_REPRESENTATION_CONTEXT ( 3 ) GLOBAL_UNCERTAINTY_ASSIGNED_CONTEXT ( ( #1712 ) ) GLOBAL_UNIT_ASSIGNED_CONTEXT ( ( #149, #820, #1461 ) ) REPRESENTATION_CONTEXT ( 'NONE', 'WORKASPACE' ) );
#1203 = EDGE_LOOP ( 'NONE', ( #37, #843, #83, #2296 ) ) ;
#1204 = SURFACE_SIDE_STYLE ('',( #2789 ) ) ;
#1205 = FACE_OUTER_BOUND ( 'NONE', #179, .T. ) ;
#1206 = LINE ( 'NONE', #4050, #690 ) ;
#1207 = AXIS2_PLACEMENT_3D ( 'NONE', #248, #2857, #2796 ) ;
#1208 = PLANE ( 'NONE',  #3465 ) ;
#1209 =( NAMED_UNIT ( * ) PLANE_ANGLE_UNIT ( ) SI_UNIT ( $, .RADIAN. ) );
#1210 = ORIENTED_EDGE ( 'NONE', *, *, #1472, .F. ) ;
#1211 = UNCERTAINTY_MEASURE_WITH_UNIT (LENGTH_MEASURE( 1.000000000000000082E-05 ), #258, 'distance_accuracy_value', 'NONE');
#1212 = ADVANCED_FACE ( 'NONE', ( #3685 ), #836, .F. ) ;
#1213 = CARTESIAN_POINT ( 'NONE',  ( 5.150000000000036771, -5.149999999999969269, 1.599999999999982103 ) ) ;
#1214 = ORIENTED_EDGE ( 'NONE', *, *, #2717, .T. ) ;
#1215 = EDGE_CURVE ( 'NONE', #3788, #3483, #443, .T. ) ;
#1216 = UNCERTAINTY_MEASURE_WITH_UNIT (LENGTH_MEASURE( 1.000000000000000082E-05 ), #3356, 'distance_accuracy_value', 'NONE');
#1217 =( NAMED_UNIT ( * ) SI_UNIT ( $, .STERADIAN. ) SOLID_ANGLE_UNIT ( ) );
#1218 = PRESENTATION_LAYER_ASSIGNMENT (  '', '', ( #2823 ) ) ;
#1219 = CARTESIAN_POINT ( 'NONE',  ( -2.275000000000000799, 0.4499999999999801936, 1.000000000000001554 ) ) ;
#1220 =( BOUNDED_SURFACE ( )  B_SPLINE_SURFACE ( 3, 3, ( 
 ( #3950, #1422, #3703, #1106 ),
 ( #3639, #2093, #768, #2708 ),
 ( #451, #1123, #1756, #3681 ),
 ( #818, #3363, #472, #1777 ) ),
 .UNSPECIFIED., .F., .F., .T. ) 
 B_SPLINE_SURFACE_WITH_KNOTS ( ( 4, 4 ),
 ( 4, 4 ),
 ( 0.0000000000000000000, 1.000000000000000000 ),
 ( 0.0000000000000000000, 1.000000000000000000 ),
 .UNSPECIFIED. ) 
 GEOMETRIC_REPRESENTATION_ITEM ( )  RATIONAL_B_SPLINE_SURFACE ( (
 ( 1.000000000000000000, 0.8047378541243649375, 0.8047378541243649375, 1.000000000000000000),
 ( 0.7636648162452687183, 0.6145499854954949992, 0.6145499854954949992, 0.7636648162452687183),
 ( 0.7636648162452687183, 0.6145499854954949992, 0.6145499854954949992, 0.7636648162452687183),
 ( 1.000000000000000000, 0.8047378541243649375, 0.8047378541243649375, 1.000000000000000000) ) ) 
 REPRESENTATION_ITEM ( '' )  SURFACE ( )  );
#1221 = CARTESIAN_POINT ( 'NONE',  ( -2.275000000000006573, 0.9999999999999831246, 0.3000000000000034306 ) ) ;
#1222 = MECHANICAL_DESIGN_GEOMETRIC_PRESENTATION_REPRESENTATION (  '', ( #3225 ), #3228 ) ;
#1223 = DIRECTION ( 'NONE',  ( 1.251002506714043540E-16, 3.491481338843134144E-15, -1.000000000000000000 ) ) ;
#1224 = AXIS2_PLACEMENT_3D ( 'NONE', #3556, #708, #684 ) ;
#1225 = CARTESIAN_POINT ( 'NONE',  ( 2.275000000000003464, -0.5999999999999849898, 0.2999999999999978240 ) ) ;
#1226 = DIRECTION ( 'NONE',  ( 1.000000000000000000, 6.982962677686266711E-15, 2.438088387897967896E-29 ) ) ;
#1227 = CYLINDRICAL_SURFACE ( 'NONE', #2597, 0.5999999999999998668 ) ;
#1228 = CIRCLE ( 'NONE', #212, 0.2999999999999999334 ) ;
#1229 = CARTESIAN_POINT ( 'NONE',  ( 2.349999999999996536, 0.4500000000000138334, 0.7499999999999859002 ) ) ;
#1230 = PLANE ( 'NONE',  #851 ) ;
#1231 = VERTEX_POINT ( 'NONE', #1125 ) ;
#1232 = DIRECTION ( 'NONE',  ( 0.0000000000000000000, -1.000000000000000000, -3.373073425510456881E-15 ) ) ;
#1233 = LINE ( 'NONE', #1253, #3391 ) ;
#1234 = DIRECTION ( 'NONE',  ( 0.0000000000000000000, 1.000000000000000000, 3.491481338843133355E-15 ) ) ;
#1235 = ORIENTED_EDGE ( 'NONE', *, *, #4046, .F. ) ;
#1236 = DIRECTION ( 'NONE',  ( 0.0000000000000000000, -3.491481338843133355E-15, 1.000000000000000000 ) ) ;
#1237 = EDGE_CURVE ( 'NONE', #3678, #1198, #3683, .T. ) ;
#1238 = CARTESIAN_POINT ( 'NONE',  ( -2.699269725188707003, 0.1022021327290595361, 0.5755300461664638600 ) ) ;
#1239 = ADVANCED_FACE ( 'NONE', ( #2392 ), #186, .F. ) ;
#1240 = VERTEX_POINT ( 'NONE', #1187 ) ;
#1241 = DIRECTION ( 'NONE',  ( 1.000000000000000000, 7.058385437511344937E-15, 2.464422103743298724E-29 ) ) ;
#1242 = ORIENTED_EDGE ( 'NONE', *, *, #65, .F. ) ;
#1243 = CARTESIAN_POINT ( 'NONE',  ( 1.499999999999962474, 5.150000000000006573, 1.600000000000018074 ) ) ;
#1244 = ORIENTED_EDGE ( 'NONE', *, *, #3431, .F. ) ;
#1245 = SURFACE_STYLE_USAGE ( .BOTH. , #2221 ) ;
#1246 = CIRCLE ( 'NONE', #3522, 0.4500000000000001776 ) ;
#1247 = DIRECTION ( 'NONE',  ( -0.0000000000000000000, 3.491481338843133355E-15, -1.000000000000000000 ) ) ;
#1248 = ORIENTED_EDGE ( 'NONE', *, *, #1094, .T. ) ;
#1249 = PRESENTATION_LAYER_ASSIGNMENT (  '', '', ( #3117 ) ) ;
#1250 = FILL_AREA_STYLE ('',( #4117 ) ) ;
#1251 = AXIS2_PLACEMENT_3D ( 'NONE', #228, #188, #3048 ) ;
#1252 = PLANE ( 'NONE',  #3774 ) ;
#1253 = CARTESIAN_POINT ( 'NONE',  ( 4.874423042781566018, 1.500000000000028644, 1.601000000000005308 ) ) ;
#1254 = MECHANICAL_DESIGN_GEOMETRIC_PRESENTATION_REPRESENTATION (  '', ( #165 ), #3927 ) ;
#1255 = CARTESIAN_POINT ( 'NONE',  ( 4.499999999999939604, 8.999999999999982236, 16.50000000000002842 ) ) ;
#1256 = ORIENTED_EDGE ( 'NONE', *, *, #3378, .T. ) ;
#1257 = STYLED_ITEM ( 'NONE', ( #3087 ), #2408 ) ;
#1258 = SURFACE_SIDE_STYLE ('',( #3795 ) ) ;
#1259 = PRESENTATION_LAYER_ASSIGNMENT (  '', '', ( #1728 ) ) ;
#1260 = CIRCLE ( 'NONE', #499, 0.4500000000000001776 ) ;
#1261 = VERTEX_POINT ( 'NONE', #2448 ) ;
#1262 = CARTESIAN_POINT ( 'NONE',  ( -2.350000000000000977, -0.4500000000000191069, 0.7499999999999984457 ) ) ;
#1263 = ADVANCED_FACE ( 'NONE', ( #3661 ), #3322, .F. ) ;
#1264 = STYLED_ITEM ( 'NONE', ( #404 ), #2770 ) ;
#1265 = VECTOR ( 'NONE', #710, 1000.000000000000000 ) ;
#1266 = LINE ( 'NONE', #2530, #2814 ) ;
#1267 = CIRCLE ( 'NONE', #1601, 0.4500000000000001776 ) ;
#1268 = VECTOR ( 'NONE', #1913, 1000.000000000000000 ) ;
#1269 = LINE ( 'NONE', #2199, #1114 ) ;
#1270 = SURFACE_STYLE_FILL_AREA ( #1798 ) ;
#1271 = EDGE_CURVE ( 'NONE', #619, #1771, #120, .T. ) ;
#1272 = CARTESIAN_POINT ( 'NONE',  ( 2.274999999999992806, 1.000000000000014655, 0.3000000000000034306 ) ) ;
#1273 = PRESENTATION_LAYER_ASSIGNMENT (  '', '', ( #2608 ) ) ;
#1274 = ORIENTED_EDGE ( 'NONE', *, *, #3156, .F. ) ;
#1275 = SURFACE_SIDE_STYLE ('',( #2180 ) ) ;
#1276 = CARTESIAN_POINT ( 'NONE',  ( 2.274999999999999467, 1.483879569008331676E-14, 0.2999999999999999334 ) ) ;
#1277 = CARTESIAN_POINT ( 'NONE',  ( 2.054158128379443671, 0.4937123870378757329, 0.4607899795848005020 ) ) ;
#1278 = VECTOR ( 'NONE', #3374, 1000.000000000000000 ) ;
#1279 = DIRECTION ( 'NONE',  ( 0.0000000000000000000, 3.491481338843133355E-15, -1.000000000000000000 ) ) ;
#1280 = FILL_AREA_STYLE_COLOUR ( '', #2008 ) ;
#1281 = CARTESIAN_POINT ( 'NONE',  ( -1.825000000000000844, -1.912686736016466881E-14, 0.7499999999999997780 ) ) ;
#1282 = AXIS2_PLACEMENT_3D ( 'NONE', #984, #2591, #329 ) ;
#1283 = CARTESIAN_POINT ( 'NONE',  ( -5.850000000000001421, -0.4500000000000175526, 0.2999999999999983791 ) ) ;
#1284 = ORIENTED_EDGE ( 'NONE', *, *, #3157, .F. ) ;
#1285 = SURFACE_SIDE_STYLE ('',( #3582 ) ) ;
#1286 =( LENGTH_UNIT ( ) NAMED_UNIT ( * ) SI_UNIT ( .MILLI., .METRE. ) );
#1287 = EDGE_CURVE ( 'NONE', #1053, #2656, #593, .T. ) ;
#1288 = ORIENTED_EDGE ( 'NONE', *, *, #2380, .T. ) ;
#1289 = AXIS2_PLACEMENT_3D ( 'NONE', #1556, #2828, #2910 ) ;
#1290 = LINE ( 'NONE', #1660, #3197 ) ;
#1291 = EDGE_CURVE ( 'NONE', #2609, #3907, #3786, .T. ) ;
#1292 = ORIENTED_EDGE ( 'NONE', *, *, #1726, .T. ) ;
#1293 = EDGE_CURVE ( 'NONE', #2102, #463, #283, .T. ) ;
#1294 = SURFACE_SIDE_STYLE ('',( #608 ) ) ;
#1295 = PRESENTATION_LAYER_ASSIGNMENT (  '', '', ( #2554 ) ) ;
#1296 = DIRECTION ( 'NONE',  ( -0.0000000000000000000, 3.491481338843133355E-15, -1.000000000000000000 ) ) ;
#1297 = DIRECTION ( 'NONE',  ( 0.0000000000000000000, -1.000000000000000000, -3.420920828498225999E-15 ) ) ;
#1298 = PRESENTATION_LAYER_ASSIGNMENT (  '', '', ( #143 ) ) ;
#1299 =( NAMED_UNIT ( * ) PLANE_ANGLE_UNIT ( ) SI_UNIT ( $, .RADIAN. ) );
#1300 = FILL_AREA_STYLE ('',( #235 ) ) ;
#1301 = CARTESIAN_POINT ( 'NONE',  ( 2.274999999999995470, 0.6000000000000126343, 0.9000000000000021316 ) ) ;
#1302 = CARTESIAN_POINT ( 'NONE',  ( -1.825000000000000844, -1.919037845299342848E-14, 0.7500000000000000000 ) ) ;
#1303 = VERTEX_POINT ( 'NONE', #3768 ) ;
#1304 = SURFACE_STYLE_USAGE ( .BOTH. , #958 ) ;
#1305 = PLANE ( 'NONE',  #2728 ) ;
#1306 = ORIENTED_EDGE ( 'NONE', *, *, #1991, .F. ) ;
#1307 = DIRECTION ( 'NONE',  ( 0.0000000000000000000, -3.491481338843133355E-15, 1.000000000000000000 ) ) ;
#1308 = EDGE_LOOP ( 'NONE', ( #2986, #682, #275, #58, #1898, #2223, #3568, #1645, #1930, #3057, #755, #2192 ) ) ;
#1309 = SURFACE_SIDE_STYLE ('',( #1683 ) ) ;
#1310 = ORIENTED_EDGE ( 'NONE', *, *, #1550, .T. ) ;
#1311 = CARTESIAN_POINT ( 'NONE',  ( -1.825000000000000844, -1.891002692566755845E-14, 0.7500000000000000000 ) ) ;
#1312 = FACE_OUTER_BOUND ( 'NONE', #2263, .T. ) ;
#1313 = SURFACE_STYLE_USAGE ( .BOTH. , #2613 ) ;
#1314 = PRESENTATION_LAYER_ASSIGNMENT (  '', '', ( #1046 ) ) ;
#1315 = EDGE_CURVE ( 'NONE', #1047, #1691, #4096, .T. ) ;
#1316 = FACE_OUTER_BOUND ( 'NONE', #2104, .T. ) ;
#1317 = VECTOR ( 'NONE', #4047, 1000.000000000000000 ) ;
#1318 = COLOUR_RGB ( '',0.7529411764705882248, 0.7529411764705882248, 0.7529411764705882248 ) ;
#1319 = LINE ( 'NONE', #1610, #3758 ) ;
#1320 = ORIENTED_EDGE ( 'NONE', *, *, #272, .F. ) ;
#1321 =( NAMED_UNIT ( * ) SI_UNIT ( $, .STERADIAN. ) SOLID_ANGLE_UNIT ( ) );
#1322 = LINE ( 'NONE', #3580, #70 ) ;
#1323 = STYLED_ITEM ( 'NONE', ( #1384 ), #136 ) ;
#1324 = CARTESIAN_POINT ( 'NONE',  ( -3.851859888774471706E-31, -3.142333204958818048E-15, 0.8999999999999994671 ) ) ;
#1325 = VERTEX_POINT ( 'NONE', #1543 ) ;
#1326 = COLOUR_RGB ( '',1.000000000000000000, 1.000000000000000000, 0.7529411764705882248 ) ;
#1327 = FILL_AREA_STYLE ('',( #3560 ) ) ;
#1328 =( GEOMETRIC_REPRESENTATION_CONTEXT ( 3 ) GLOBAL_UNCERTAINTY_ASSIGNED_CONTEXT ( ( #1980 ) ) GLOBAL_UNIT_ASSIGNED_CONTEXT ( ( #674, #1101, #3318 ) ) REPRESENTATION_CONTEXT ( 'NONE', 'WORKASPACE' ) );
#1329 = VECTOR ( 'NONE', #691, 1000.000000000000000 ) ;
#1330 =( LENGTH_UNIT ( ) NAMED_UNIT ( * ) SI_UNIT ( .MILLI., .METRE. ) );
#1331 = SURFACE_STYLE_USAGE ( .BOTH. , #1970 ) ;
#1332 = ORIENTED_EDGE ( 'NONE', *, *, #2482, .T. ) ;
#1333 = CARTESIAN_POINT ( 'NONE',  ( -2.275000000000000799, -1.906050470926743727E-14, 0.7500000000000000000 ) ) ;
#1334 = VERTEX_POINT ( 'NONE', #3421 ) ;
#1335 = CARTESIAN_POINT ( 'NONE',  ( -3.627907269470740218E-16, -1.326762908760392253E-14, 3.800000000000003819 ) ) ;
#1336 = SURFACE_STYLE_USAGE ( .BOTH. , #1354 ) ;
#1337 =( GEOMETRIC_REPRESENTATION_CONTEXT ( 3 ) GLOBAL_UNCERTAINTY_ASSIGNED_CONTEXT ( ( #2297 ) ) GLOBAL_UNIT_ASSIGNED_CONTEXT ( ( #3991, #3663, #2396 ) ) REPRESENTATION_CONTEXT ( 'NONE', 'WORKASPACE' ) );
#1338 = LINE ( 'NONE', #2267, #2759 ) ;
#1339 = COLOUR_RGB ( '',1.000000000000000000, 1.000000000000000000, 0.7529411764705882248 ) ;
#1340 = DIRECTION ( 'NONE',  ( 0.0000000000000000000, -3.491481338843133355E-15, 1.000000000000000000 ) ) ;
#1341 = FACE_OUTER_BOUND ( 'NONE', #2343, .T. ) ;
#1342 = CARTESIAN_POINT ( 'NONE',  ( 4.500000000000003553, -2.618611004132347177E-14, 16.49999999999999645 ) ) ;
#1343 = ORIENTED_EDGE ( 'NONE', *, *, #146, .T. ) ;
#1344 = EDGE_CURVE ( 'NONE', #2918, #2725, #903, .T. ) ;
#1345 = DIRECTION ( 'NONE',  ( -6.746146851020913761E-15, 1.000000000000000000, 3.373073425510456881E-15 ) ) ;
#1346 = VERTEX_POINT ( 'NONE', #227 ) ;
#1347 = ADVANCED_FACE ( 'NONE', ( #3492 ), #555, .F. ) ;
#1348 = FACE_OUTER_BOUND ( 'NONE', #1572, .T. ) ;
#1349 = DIRECTION ( 'NONE',  ( -0.0000000000000000000, 3.491481338843133355E-15, -1.000000000000000000 ) ) ;
#1350 = STYLED_ITEM ( 'NONE', ( #378 ), #1634 ) ;
#1351 = CARTESIAN_POINT ( 'NONE',  ( -5.149999999999999467, -3.945373912892740060E-14, 1.000000000000000000 ) ) ;
#1352 = ORIENTED_EDGE ( 'NONE', *, *, #341, .F. ) ;
#1353 = ORIENTED_EDGE ( 'NONE', *, *, #2202, .F. ) ;
#1354 = SURFACE_SIDE_STYLE ('',( #2243 ) ) ;
#1355 = PRESENTATION_LAYER_ASSIGNMENT (  '', '', ( #1624 ) ) ;
#1356 = DIRECTION ( 'NONE',  ( 1.000000000000000000, -0.0000000000000000000, -0.0000000000000000000 ) ) ;
#1357 = CARTESIAN_POINT ( 'NONE',  ( 2.349999999999996536, 0.4437059837324850986, 0.7499999999999857891 ) ) ;
#1358 = PRESENTATION_STYLE_ASSIGNMENT (( #3303 ) ) ;
#1359 = ORIENTED_EDGE ( 'NONE', *, *, #1993, .F. ) ;
#1360 =( NAMED_UNIT ( * ) PLANE_ANGLE_UNIT ( ) SI_UNIT ( $, .RADIAN. ) );
#1361 = DIRECTION ( 'NONE',  ( 1.000000000000000000, 6.907539917861188484E-15, 2.411754672052637069E-29 ) ) ;
#1362 = DIRECTION ( 'NONE',  ( 6.982962677686266711E-15, -1.000000000000000000, -3.491481338843133355E-15 ) ) ;
#1363 = ORIENTED_EDGE ( 'NONE', *, *, #888, .F. ) ;
#1364 = FILL_AREA_STYLE ('',( #69 ) ) ;
#1365 = EDGE_CURVE ( 'NONE', #3802, #4112, #2944, .T. ) ;
#1366 = CARTESIAN_POINT ( 'NONE',  ( 4.150000000000036771, -5.149999999999975486, 1.599999999999982103 ) ) ;
#1367 = EDGE_CURVE ( 'NONE', #3625, #1047, #3253, .T. ) ;
#1368 = CYLINDRICAL_SURFACE ( 'NONE', #1080, 5.099999999999999645 ) ;
#1369 =( NAMED_UNIT ( * ) PLANE_ANGLE_UNIT ( ) SI_UNIT ( $, .RADIAN. ) );
#1370 = UNCERTAINTY_MEASURE_WITH_UNIT (LENGTH_MEASURE( 1.000000000000000082E-05 ), #2629, 'distance_accuracy_value', 'NONE');
#1371 = ORIENTED_EDGE ( 'NONE', *, *, #3847, .T. ) ;
#1372 = CARTESIAN_POINT ( 'NONE',  ( -2.350000000000000977, -0.4500000000000191069, 0.7499999999999984457 ) ) ;
#1373 = FILL_AREA_STYLE ('',( #1669 ) ) ;
#1374 =( BOUNDED_SURFACE ( )  B_SPLINE_SURFACE ( 3, 3, ( 
 ( #3585, #2284, #3614, #2662 ),
 ( #2940, #379, #403, #1700 ),
 ( #737, #3293, #2984, #1390 ),
 ( #2236, #3525, #647, #1953 ) ),
 .UNSPECIFIED., .F., .F., .F. ) 
 B_SPLINE_SURFACE_WITH_KNOTS ( ( 4, 4 ),
 ( 4, 4 ),
 ( 0.0000000000000000000, 1.000000000000000000 ),
 ( 0.0000000000000000000, 1.000000000000000000 ),
 .UNSPECIFIED. ) 
 GEOMETRIC_REPRESENTATION_ITEM ( )  RATIONAL_B_SPLINE_SURFACE ( (
 ( 1.000000000000000000, 0.3333333333333318715, 0.3333333333333318715, 1.000000000000000000),
 ( 0.8047378541243646044, 0.2682459513747870172, 0.2682459513747870172, 0.8047378541243646044),
 ( 0.8047378541243646044, 0.2682459513747870172, 0.2682459513747870172, 0.8047378541243646044),
 ( 1.000000000000000000, 0.3333333333333318715, 0.3333333333333318715, 1.000000000000000000) ) ) 
 REPRESENTATION_ITEM ( '' )  SURFACE ( )  );
#1375 = PRESENTATION_STYLE_ASSIGNMENT (( #771 ) ) ;
#1376 = EDGE_LOOP ( 'NONE', ( #357, #1438, #1585, #1774 ) ) ;
#1377 = UNCERTAINTY_MEASURE_WITH_UNIT (LENGTH_MEASURE( 1.000000000000000082E-05 ), #2001, 'distance_accuracy_value', 'NONE');
#1378 = CARTESIAN_POINT ( 'NONE',  ( 0.0000000000000000000, -5.589861623487856376E-15, 1.600999999999999979 ) ) ;
#1379 = UNCERTAINTY_MEASURE_WITH_UNIT (LENGTH_MEASURE( 1.000000000000000082E-05 ), #2253, 'distance_accuracy_value', 'NONE');
#1380 = EDGE_LOOP ( 'NONE', ( #2152, #3100, #2626, #46, #3247, #3493, #2667 ) ) ;
#1381 =( GEOMETRIC_REPRESENTATION_CONTEXT ( 3 ) GLOBAL_UNCERTAINTY_ASSIGNED_CONTEXT ( ( #520 ) ) GLOBAL_UNIT_ASSIGNED_CONTEXT ( ( #3444, #3508, #922 ) ) REPRESENTATION_CONTEXT ( 'NONE', 'WORKASPACE' ) );
#1382 = SURFACE_STYLE_USAGE ( .BOTH. , #1411 ) ;
#1383 = ORIENTED_EDGE ( 'NONE', *, *, #528, .F. ) ;
#1384 = PRESENTATION_STYLE_ASSIGNMENT (( #2081 ) ) ;
#1385 = COLOUR_RGB ( '',1.000000000000000000, 1.000000000000000000, 0.7529411764705882248 ) ;
#1386 = CLOSED_SHELL ( 'NONE', ( #633, #67, #3339, #3721, #2501, #640, #3646, #749, #338, #2092, #3286, #3383, #3176, #3952, #1785, #1239, #3359, #1060, #2250, #3178, #1057, #911, #3409, #1446, #444, #1917, #2666, #1030, #173, #3490, #1212, #2408, #2642, #3106, #41, #3182, #1622, #1186 ) ) ;
#1387 = DIRECTION ( 'NONE',  ( 0.0000000000000000000, -3.491481338843133355E-15, 1.000000000000000000 ) ) ;
#1388 =( NAMED_UNIT ( * ) PLANE_ANGLE_UNIT ( ) SI_UNIT ( $, .RADIAN. ) );
#1389 = VECTOR ( 'NONE', #309, 1000.000000000000000 ) ;
#1390 = CARTESIAN_POINT ( 'NONE',  ( 5.000000000000001776, -9.917055474638531204E-16, 16.29289321881345032 ) ) ;
#1391 = PRODUCT_DEFINITION ( 'UNKNOWN', '', #687, #1092 ) ;
#1392 = EDGE_CURVE ( 'NONE', #2878, #1198, #2737, .T. ) ;
#1393 = VECTOR ( 'NONE', #718, 1000.000000000000000 ) ;
#1394 = COLOUR_RGB ( '',0.0000000000000000000, 0.0000000000000000000, 0.0000000000000000000 ) ;
#1395 = CARTESIAN_POINT ( 'NONE',  ( 1.500000000000036193, -5.149999999999994138, 1.599999999999982103 ) ) ;
#1396 = ORIENTED_EDGE ( 'NONE', *, *, #2156, .F. ) ;
#1397 =( GEOMETRIC_REPRESENTATION_CONTEXT ( 3 ) GLOBAL_UNCERTAINTY_ASSIGNED_CONTEXT ( ( #1592 ) ) GLOBAL_UNIT_ASSIGNED_CONTEXT ( ( #3093, #1524, #2472 ) ) REPRESENTATION_CONTEXT ( 'NONE', 'WORKASPACE' ) );
#1398 =( NAMED_UNIT ( * ) PLANE_ANGLE_UNIT ( ) SI_UNIT ( $, .RADIAN. ) );
#1399 = EDGE_CURVE ( 'NONE', #1947, #1979, #3813, .T. ) ;
#1400 = CARTESIAN_POINT ( 'NONE',  ( 2.350000000000002753, -0.4499999999999846900, 0.2999999999999825584 ) ) ;
#1401 = SURFACE_STYLE_USAGE ( .BOTH. , #1441 ) ;
#1402 =( GEOMETRIC_REPRESENTATION_CONTEXT ( 3 ) GLOBAL_UNCERTAINTY_ASSIGNED_CONTEXT ( ( #3379 ) ) GLOBAL_UNIT_ASSIGNED_CONTEXT ( ( #971, #1360, #2232 ) ) REPRESENTATION_CONTEXT ( 'NONE', 'WORKASPACE' ) );
#1403 =( GEOMETRIC_REPRESENTATION_CONTEXT ( 3 ) GLOBAL_UNCERTAINTY_ASSIGNED_CONTEXT ( ( #3263 ) ) GLOBAL_UNIT_ASSIGNED_CONTEXT ( ( #2139, #2233, #3162 ) ) REPRESENTATION_CONTEXT ( 'NONE', 'WORKASPACE' ) );
#1404 = DIRECTION ( 'NONE',  ( 1.251002506714043540E-16, 3.491481338843134144E-15, -1.000000000000000000 ) ) ;
#1405 =( NAMED_UNIT ( * ) PLANE_ANGLE_UNIT ( ) SI_UNIT ( $, .RADIAN. ) );
#1406 = DIRECTION ( 'NONE',  ( 1.251002506714043540E-16, 3.491481338843134144E-15, -1.000000000000000000 ) ) ;
#1407 = ORIENTED_EDGE ( 'NONE', *, *, #3509, .T. ) ;
#1408 =( GEOMETRIC_REPRESENTATION_CONTEXT ( 3 ) GLOBAL_UNCERTAINTY_ASSIGNED_CONTEXT ( ( #314 ) ) GLOBAL_UNIT_ASSIGNED_CONTEXT ( ( #2150, #3428, #459 ) ) REPRESENTATION_CONTEXT ( 'NONE', 'WORKASPACE' ) );
#1409 = CARTESIAN_POINT ( 'NONE',  ( -2.275000000000000799, -2.148273880888446657E-14, 1.443755419130956952 ) ) ;
#1410 = CARTESIAN_POINT ( 'NONE',  ( 2.725000000000000089, 1.631934614542186735E-14, 0.7499999999999843459 ) ) ;
#1411 = SURFACE_SIDE_STYLE ('',( #66 ) ) ;
#1412 = EDGE_LOOP ( 'NONE', ( #2499, #2240, #2551, #1535 ) ) ;
#1413 = CARTESIAN_POINT ( 'NONE',  ( -4.999999999999988454, -2.500000000000092371, 16.49999999999998579 ) ) ;
#1414 = FILL_AREA_STYLE ('',( #441 ) ) ;
#1415 = PRESENTATION_LAYER_ASSIGNMENT (  '', '', ( #2338 ) ) ;
#1416 =( NAMED_UNIT ( * ) PLANE_ANGLE_UNIT ( ) SI_UNIT ( $, .RADIAN. ) );
#1417 = ORIENTED_EDGE ( 'NONE', *, *, #2561, .F. ) ;
#1418 = SURFACE_STYLE_FILL_AREA ( #1656 ) ;
#1419 = COLOUR_RGB ( '',0.7529411764705882248, 0.7529411764705882248, 0.7529411764705882248 ) ;
#1420 = CARTESIAN_POINT ( 'NONE',  ( -1.889013785138206470E-15, -5.586370142149014631E-14, 15.99999999999999645 ) ) ;
#1421 = ORIENTED_EDGE ( 'NONE', *, *, #2982, .T. ) ;
#1422 = CARTESIAN_POINT ( 'NONE',  ( 2.350000000000002753, -0.4437059837324566769, 0.4900830524355971329 ) ) ;
#1423 = VECTOR ( 'NONE', #1564, 1000.000000000000000 ) ;
#1424 = ADVANCED_FACE ( 'NONE', ( #3573 ), #795, .T. ) ;
#1425 = EDGE_CURVE ( 'NONE', #4112, #1512, #2264, .T. ) ;
#1426 = CARTESIAN_POINT ( 'NONE',  ( -2.650000000000001243, -0.4500000000000175526, 0.2999999999999983791 ) ) ;
#1427 = CARTESIAN_POINT ( 'NONE',  ( 0.0000000000000000000, -5.586370142149013368E-15, 1.600000000000000089 ) ) ;
#1428 = VERTEX_POINT ( 'NONE', #1685 ) ;
#1429 = CARTESIAN_POINT ( 'NONE',  ( -2.650000000000001243, 0.2487468592766354514, 0.7500000000000008882 ) ) ;
#1430 = COLOUR_RGB ( '',0.0000000000000000000, 0.0000000000000000000, 0.0000000000000000000 ) ;
#1431 = ORIENTED_EDGE ( 'NONE', *, *, #4082, .F. ) ;
#1432 = SURFACE_STYLE_FILL_AREA ( #3332 ) ;
#1433 = SURFACE_STYLE_FILL_AREA ( #3019 ) ;
#1434 = CARTESIAN_POINT ( 'NONE',  ( -2.650000000000001243, -0.4500000000000175526, 0.2999999999999983791 ) ) ;
#1435 = STYLED_ITEM ( 'NONE', ( #2166 ), #3952 ) ;
#1436 = SURFACE_SIDE_STYLE ('',( #1819 ) ) ;
#1437 = DIRECTION ( 'NONE',  ( -1.000000000000000000, -6.961910208317616384E-15, -2.430737957504246937E-29 ) ) ;
#1438 = ORIENTED_EDGE ( 'NONE', *, *, #2278, .T. ) ;
#1439 = DIRECTION ( 'NONE',  ( -0.0000000000000000000, 3.491481338843133355E-15, -1.000000000000000000 ) ) ;
#1440 = FILL_AREA_STYLE_COLOUR ( '', #2891 ) ;
#1441 = SURFACE_SIDE_STYLE ('',( #3300 ) ) ;
#1442 = DIRECTION ( 'NONE',  ( -0.0000000000000000000, 3.491481338843133355E-15, -1.000000000000000000 ) ) ;
#1443 = CARTESIAN_POINT ( 'NONE',  ( -1.500000000000034639, 5.149999999999987033, 0.9000000000000181188 ) ) ;
#1444 = ORIENTED_EDGE ( 'NONE', *, *, #1916, .F. ) ;
#1445 =( NAMED_UNIT ( * ) SI_UNIT ( $, .STERADIAN. ) SOLID_ANGLE_UNIT ( ) );
#1446 = ADVANCED_FACE ( 'NONE', ( #2584 ), #3862, .T. ) ;
#1447 = EDGE_CURVE ( 'NONE', #3085, #261, #1676, .T. ) ;
#1448 = FILL_AREA_STYLE ('',( #3368 ) ) ;
#1449 = CARTESIAN_POINT ( 'NONE',  ( 5.149999999999990585, 1.500000000000030642, 1.601000000000005308 ) ) ;
#1450 = ORIENTED_EDGE ( 'NONE', *, *, #3338, .T. ) ;
#1451 = CARTESIAN_POINT ( 'NONE',  ( 2.349999999999996092, 0.4500000000000153877, 0.2999999999999859446 ) ) ;
#1452 = CARTESIAN_POINT ( 'NONE',  ( -5.150000000000019895, 2.949999999999966427, 1.029986994958712665E-14 ) ) ;
#1453 = ORIENTED_EDGE ( 'NONE', *, *, #2827, .T. ) ;
#1454 = SURFACE_SIDE_STYLE ('',( #118 ) ) ;
#1455 = STYLED_ITEM ( 'NONE', ( #1129 ), #173 ) ;
#1456 = EDGE_LOOP ( 'NONE', ( #3566, #887, #1713, #692 ) ) ;
#1457 = SURFACE_STYLE_USAGE ( .BOTH. , #2645 ) ;
#1458 = DIRECTION ( 'NONE',  ( -0.0000000000000000000, 3.491481338843133355E-15, -1.000000000000000000 ) ) ;
#1459 = DIRECTION ( 'NONE',  ( 0.0000000000000000000, 1.000000000000000000, 3.491481338843133355E-15 ) ) ;
#1460 = LINE ( 'NONE', #2734, #3937 ) ;
#1461 =( NAMED_UNIT ( * ) SI_UNIT ( $, .STERADIAN. ) SOLID_ANGLE_UNIT ( ) );
#1462 = UNCERTAINTY_MEASURE_WITH_UNIT (LENGTH_MEASURE( 1.000000000000000082E-05 ), #1593, 'distance_accuracy_value', 'NONE');
#1463 = CARTESIAN_POINT ( 'NONE',  ( -2.650000000000001243, -0.2487468592766731712, 0.6042874634334464146 ) ) ;
#1464 = VECTOR ( 'NONE', #3713, 1000.000000000000000 ) ;
#1465 =( LENGTH_UNIT ( ) NAMED_UNIT ( * ) SI_UNIT ( .MILLI., .METRE. ) );
#1466 = EDGE_CURVE ( 'NONE', #2631, #1891, #3043, .T. ) ;
#1467 = AXIS2_PLACEMENT_3D ( 'NONE', #659, #3811, #1234 ) ;
#1468 = ORIENTED_EDGE ( 'NONE', *, *, #295, .F. ) ;
#1469 = LINE ( 'NONE', #2760, #4094 ) ;
#1470 = PRESENTATION_LAYER_ASSIGNMENT (  '', '', ( #2394 ) ) ;
#1471 = MECHANICAL_DESIGN_GEOMETRIC_PRESENTATION_REPRESENTATION (  '', ( #2608 ), #1202 ) ;
#1472 = EDGE_CURVE ( 'NONE', #261, #3085, #2403, .T. ) ;
#1473 = CARTESIAN_POINT ( 'NONE',  ( 2.000000000000011102, -2.500000000000043521, 16.50099999999998701 ) ) ;
#1474 = EDGE_CURVE ( 'NONE', #732, #1947, #3343, .T. ) ;
#1475 =( NAMED_UNIT ( * ) PLANE_ANGLE_UNIT ( ) SI_UNIT ( $, .RADIAN. ) );
#1476 = FILL_AREA_STYLE ('',( #2787 ) ) ;
#1477 = PRESENTATION_LAYER_ASSIGNMENT (  '', '', ( #665 ) ) ;
#1478 = DIRECTION ( 'NONE',  ( 1.000000000000000000, 6.982962677686266711E-15, 2.438088387897967896E-29 ) ) ;
#1479 =( NAMED_UNIT ( * ) PLANE_ANGLE_UNIT ( ) SI_UNIT ( $, .RADIAN. ) );
#1480 =( NAMED_UNIT ( * ) PLANE_ANGLE_UNIT ( ) SI_UNIT ( $, .RADIAN. ) );
#1481 = AXIS2_PLACEMENT_3D ( 'NONE', #1427, #3955, #3552 ) ;
#1482 = CARTESIAN_POINT ( 'NONE',  ( 3.199999999999976641, 2.499999999999964917, 16.50000000000000711 ) ) ;
#1483 = DIRECTION ( 'NONE',  ( -6.973850769498393495E-15, 1.000000000000000000, 3.486925384749196747E-15 ) ) ;
#1484 = CARTESIAN_POINT ( 'NONE',  ( 2.724999999999999645, -0.08913228653172536320, 0.7499999999999841238 ) ) ;
#1485 = PLANE ( 'NONE',  #3873 ) ;
#1486 = CARTESIAN_POINT ( 'NONE',  ( -2.650000000000000799, -0.4500000000000164979, -1.463672932855430986E-15 ) ) ;
#1487 = VERTEX_POINT ( 'NONE', #2090 ) ;
#1488 = DIRECTION ( 'NONE',  ( -6.746146851020913761E-15, 1.000000000000000000, 3.373073425510456881E-15 ) ) ;
#1489 = AXIS2_PLACEMENT_3D ( 'NONE', #889, #2500, #2781 ) ;
#1490 = SURFACE_STYLE_USAGE ( .BOTH. , #3433 ) ;
#1492 = ORIENTED_EDGE ( 'NONE', *, *, #550, .T. ) ;
#1491 = STYLED_ITEM ( 'NONE', ( #348 ), #3778 ) ;
#1493 = SURFACE_SIDE_STYLE ('',( #1418 ) ) ;
#1494 = EDGE_CURVE ( 'NONE', #15, #412, #2366, .T. ) ;
#1495 = EDGE_CURVE ( 'NONE', #2352, #3628, #3718, .T. ) ;
#1496 = COLOUR_RGB ( '',1.000000000000000000, 1.000000000000000000, 0.7529411764705882248 ) ;
#1497 = CARTESIAN_POINT ( 'NONE',  ( 1.500000000000033751, -4.874423042781571347, 1.599999999999983213 ) ) ;
#1498 = ORIENTED_EDGE ( 'NONE', *, *, #2129, .T. ) ;
#1499 = CARTESIAN_POINT ( 'NONE',  ( 2.699269725188704783, 0.1744699538335529598, 0.6477978672709069352 ) ) ;
#1500 = DIRECTION ( 'NONE',  ( 6.982962677686266711E-15, -1.000000000000000000, -3.491481338843133355E-15 ) ) ;
#1501 = AXIS2_PLACEMENT_3D ( 'NONE', #4114, #2512, #3467 ) ;
#1502 = DIRECTION ( 'NONE',  ( 0.0000000000000000000, 3.491481338843133355E-15, -1.000000000000000000 ) ) ;
#1503 = PRESENTATION_STYLE_ASSIGNMENT (( #2470 ) ) ;
#1504 = FACE_OUTER_BOUND ( 'NONE', #304, .T. ) ;
#1505 = FILL_AREA_STYLE_COLOUR ( '', #2872 ) ;
#1506 = LINE ( 'NONE', #821, #1793 ) ;
#1507 = UNCERTAINTY_MEASURE_WITH_UNIT (LENGTH_MEASURE( 1.000000000000000082E-05 ), #3275, 'distance_accuracy_value', 'NONE');
#1508 = DIRECTION ( 'NONE',  ( -7.058385437511344937E-15, 1.000000000000000000, 3.491481338843133355E-15 ) ) ;
#1509 = CARTESIAN_POINT ( 'NONE',  ( 4.999999999999972466, 10.00000000000005329, 2.350000000000037836 ) ) ;
#1510 = SURFACE_SIDE_STYLE ('',( #3753 ) ) ;
#1511 = FILL_AREA_STYLE ('',( #236 ) ) ;
#1512 = VERTEX_POINT ( 'NONE', #1162 ) ;
#1513 = CARTESIAN_POINT ( 'NONE',  ( -2.950000000000028155, 5.149999999999976374, 1.000000000000017986 ) ) ;
#1514 = ORIENTED_EDGE ( 'NONE', *, *, #4027, .F. ) ;
#1515 = FILL_AREA_STYLE_COLOUR ( '', #3186 ) ;
#1516 = DIRECTION ( 'NONE',  ( 0.0000000000000000000, -3.491481338843133355E-15, 1.000000000000000000 ) ) ;
#1517 = CARTESIAN_POINT ( 'NONE',  ( -5.000000000000004441, -4.818244247603528448E-14, 3.800000000000003375 ) ) ;
#1518 = MECHANICAL_DESIGN_GEOMETRIC_PRESENTATION_REPRESENTATION (  '', ( #3117 ), #289 ) ;
#1519 = VECTOR ( 'NONE', #547, 1000.000000000000000 ) ;
#1520 = EDGE_LOOP ( 'NONE', ( #3869, #3204, #2018, #3943 ) ) ;
#1521 = ADVANCED_FACE ( 'NONE', ( #3007 ), #845, .T. ) ;
#1522 = CARTESIAN_POINT ( 'NONE',  ( -2.275000000000000799, -1.993337504397822061E-14, 1.000000000000000000 ) ) ;
#1523 = CYLINDRICAL_SURFACE ( 'NONE', #458, 0.2999999999999999334 ) ;
#1524 =( NAMED_UNIT ( * ) PLANE_ANGLE_UNIT ( ) SI_UNIT ( $, .RADIAN. ) );
#1525 = FILL_AREA_STYLE_COLOUR ( '', #3988 ) ;
#1526 = ORIENTED_EDGE ( 'NONE', *, *, #2695, .T. ) ;
#1527 = FILL_AREA_STYLE ('',( #3446 ) ) ;
#1528 =( LENGTH_UNIT ( ) NAMED_UNIT ( * ) SI_UNIT ( .MILLI., .METRE. ) );
#1529 = STYLED_ITEM ( 'NONE', ( #3202 ), #323 ) ;
#1530 = SURFACE_STYLE_USAGE ( .BOTH. , #2135 ) ;
#1531 = ORIENTED_EDGE ( 'NONE', *, *, #3755, .T. ) ;
#1532 = PRESENTATION_LAYER_ASSIGNMENT (  '', '', ( #650 ) ) ;
#1533 = PRESENTATION_LAYER_ASSIGNMENT (  '', '', ( #2452 ) ) ;
#1534 = VERTEX_POINT ( 'NONE', #961 ) ;
#1535 = ORIENTED_EDGE ( 'NONE', *, *, #2765, .F. ) ;
#1536 = MECHANICAL_DESIGN_GEOMETRIC_PRESENTATION_REPRESENTATION (  '', ( #2134 ), #2138 ) ;
#1537 = DIRECTION ( 'NONE',  ( 6.938893903907228378E-15, -1.000000000000000000, -3.469446951953614189E-15 ) ) ;
#1538 = COLOUR_RGB ( '',0.0000000000000000000, 0.0000000000000000000, 0.0000000000000000000 ) ;
#1539 =( BOUNDED_SURFACE ( )  B_SPLINE_SURFACE ( 3, 3, ( 
 ( #1983, #635, #1942, #3207 ),
 ( #3850, #2890, #3538, #2397 ),
 ( #154, #3959, #2700, #495 ),
 ( #1070, #3326, #1463, #2053 ) ),
 .UNSPECIFIED., .F., .F., .F. ) 
 B_SPLINE_SURFACE_WITH_KNOTS ( ( 4, 4 ),
 ( 4, 4 ),
 ( 0.0000000000000000000, 1.000000000000000000 ),
 ( 0.0000000000000000000, 1.000000000000000000 ),
 .UNSPECIFIED. ) 
 GEOMETRIC_REPRESENTATION_ITEM ( )  RATIONAL_B_SPLINE_SURFACE ( (
 ( 1.000000000000000000, 0.8047378541243651595, 0.8047378541243651595, 1.000000000000000000),
 ( 0.9716180718375586611, 0.7818978421590102590, 0.7818978421590102590, 0.9716180718375586611),
 ( 0.9716180718375586611, 0.7818978421590102590, 0.7818978421590102590, 0.9716180718375586611),
 ( 1.000000000000000000, 0.8047378541243651595, 0.8047378541243651595, 1.000000000000000000) ) ) 
 REPRESENTATION_ITEM ( '' )  SURFACE ( )  );
#1540 = DIRECTION ( 'NONE',  ( 0.0000000000000000000, -3.491481338843133355E-15, 1.000000000000000000 ) ) ;
#1541 = PRESENTATION_STYLE_ASSIGNMENT (( #2836 ) ) ;
#1542 = DIRECTION ( 'NONE',  ( 0.0000000000000000000, -3.491481338843133355E-15, 1.000000000000000000 ) ) ;
#1543 = CARTESIAN_POINT ( 'NONE',  ( 5.849999999999996980, 0.4500000000000398126, 0.2999999999999857225 ) ) ;
#1544 = VECTOR ( 'NONE', #622, 1000.000000000000000 ) ;
#1545 = DIRECTION ( 'NONE',  ( -1.000000000000000000, -6.982962677686266711E-15, 0.0000000000000000000 ) ) ;
#1546 = ORIENTED_EDGE ( 'NONE', *, *, #1237, .T. ) ;
#1547 = CYLINDRICAL_SURFACE ( 'NONE', #2268, 0.5999999999999998668 ) ;
#1548 = CARTESIAN_POINT ( 'NONE',  ( 4.150000000000036771, -5.149999999999970157, -1.798112889504203265E-14 ) ) ;
#1549 = EDGE_CURVE ( 'NONE', #1677, #1787, #1266, .T. ) ;
#1550 = EDGE_CURVE ( 'NONE', #1325, #2009, #553, .T. ) ;
#1551 = AXIS2_PLACEMENT_3D ( 'NONE', #3545, #3731, #442 ) ;
#1552 = SURFACE_STYLE_USAGE ( .BOTH. , #270 ) ;
#1553 = ORIENTED_EDGE ( 'NONE', *, *, #1835, .F. ) ;
#1554 = CIRCLE ( 'NONE', #4088, 1.589285714285695095 ) ;
#1555 = UNCERTAINTY_MEASURE_WITH_UNIT (LENGTH_MEASURE( 1.000000000000000082E-05 ), #1003, 'distance_accuracy_value', 'NONE');
#1556 = CARTESIAN_POINT ( 'NONE',  ( 2.274999999999999467, 1.236765369858103944E-14, 0.9999999999999842348 ) ) ;
#1557 = CARTESIAN_POINT ( 'NONE',  ( -2.699269725188706559, 0.1744699538335174049, 0.7500000000000006661 ) ) ;
#1558 = VERTEX_POINT ( 'NONE', #1904 ) ;
#1559 = FACE_OUTER_BOUND ( 'NONE', #467, .T. ) ;
#1560 = AXIS2_PLACEMENT_3D ( 'NONE', #3775, #1236, #2153 ) ;
#1561 = DIRECTION ( 'NONE',  ( 1.000000000000000000, 6.982962677686266711E-15, 2.438088387897967896E-29 ) ) ;
#1562 = SURFACE_SIDE_STYLE ('',( #1856 ) ) ;
#1563 = EDGE_LOOP ( 'NONE', ( #2041, #661, #2514, #3234 ) ) ;
#1564 = DIRECTION ( 'NONE',  ( -1.000000000000000000, -6.982962677686266711E-15, -2.438088387897967896E-29 ) ) ;
#1565 = PRESENTATION_LAYER_ASSIGNMENT (  '', '', ( #3365 ) ) ;
#1566 = DIRECTION ( 'NONE',  ( 6.982962677686266711E-15, -1.000000000000000000, -3.491481338843133355E-15 ) ) ;
#1567 = EDGE_LOOP ( 'NONE', ( #1752, #923, #688, #1696 ) ) ;
#1568 =( LENGTH_UNIT ( ) NAMED_UNIT ( * ) SI_UNIT ( .MILLI., .METRE. ) );
#1569 = SURFACE_STYLE_FILL_AREA ( #2886 ) ;
#1570 = CARTESIAN_POINT ( 'NONE',  ( -1.047444401652940322E-14, 1.499999999999994893, 1.600000000000005196 ) ) ;
#1571 = DIRECTION ( 'NONE',  ( 0.0000000000000000000, -3.491481338843133355E-15, 1.000000000000000000 ) ) ;
#1572 = EDGE_LOOP ( 'NONE', ( #1576, #2925, #4038, #2892 ) ) ;
#1573 = EDGE_CURVE ( 'NONE', #2322, #3625, #4071, .T. ) ;
#1574 = FILL_AREA_STYLE_COLOUR ( '', #2553 ) ;
#1575 = CARTESIAN_POINT ( 'NONE',  ( 5.149999999999990585, 1.500000000000030864, 1.600000000000005196 ) ) ;
#1576 = ORIENTED_EDGE ( 'NONE', *, *, #1832, .F. ) ;
#1577 =( NAMED_UNIT ( * ) SI_UNIT ( $, .STERADIAN. ) SOLID_ANGLE_UNIT ( ) );
#1578 = CARTESIAN_POINT ( 'NONE',  ( -3.627907269470740218E-16, -1.326762908760392253E-14, 3.800000000000003819 ) ) ;
#1579 = EDGE_LOOP ( 'NONE', ( #1353, #1738, #2964, #3553 ) ) ;
#1580 = FILL_AREA_STYLE_COLOUR ( '', #133 ) ;
#1581 = VECTOR ( 'NONE', #834, 1000.000000000000000 ) ;
#1582 = MECHANICAL_DESIGN_GEOMETRIC_PRESENTATION_REPRESENTATION (  '', ( #1046 ), #1381 ) ;
#1583 = ORIENTED_EDGE ( 'NONE', *, *, #965, .T. ) ;
#1584 = PRESENTATION_STYLE_ASSIGNMENT (( #2540 ) ) ;
#1585 = ORIENTED_EDGE ( 'NONE', *, *, #1813, .F. ) ;
#1586 = FACE_OUTER_BOUND ( 'NONE', #698, .T. ) ;
#1587 = MECHANICAL_DESIGN_GEOMETRIC_PRESENTATION_REPRESENTATION (  '', ( #1455 ), #297 ) ;
#1588 = CARTESIAN_POINT ( 'NONE',  ( -2.650000000000001243, -0.4500000000000191069, 0.7499999999999984457 ) ) ;
#1589 = FILL_AREA_STYLE_COLOUR ( '', #3622 ) ;
#1590 = VERTEX_POINT ( 'NONE', #2511 ) ;
#1591 =( LENGTH_UNIT ( ) NAMED_UNIT ( * ) SI_UNIT ( .MILLI., .METRE. ) );
#1592 = UNCERTAINTY_MEASURE_WITH_UNIT (LENGTH_MEASURE( 1.000000000000000082E-05 ), #3093, 'distance_accuracy_value', 'NONE');
#1593 =( LENGTH_UNIT ( ) NAMED_UNIT ( * ) SI_UNIT ( .MILLI., .METRE. ) );
#1594 = PRESENTATION_LAYER_ASSIGNMENT (  '', '', ( #1529 ) ) ;
#1595 = EDGE_CURVE ( 'NONE', #2316, #2211, #3757, .T. ) ;
#1596 = VERTEX_POINT ( 'NONE', #4091 ) ;
#1597 = DIRECTION ( 'NONE',  ( 1.000000000000000000, -6.309119421277197661E-31, 1.807003620809171674E-16 ) ) ;
#1598 = VECTOR ( 'NONE', #775, 1000.000000000000000 ) ;
#1599 = EDGE_CURVE ( 'NONE', #2784, #253, #3503, .T. ) ;
#1600 = ADVANCED_FACE ( 'NONE', ( #1923 ), #3165, .F. ) ;
#1601 = AXIS2_PLACEMENT_3D ( 'NONE', #2251, #683, #1345 ) ;
#1602 = STYLED_ITEM ( 'NONE', ( #1088 ), #1164 ) ;
#1603 = ORIENTED_EDGE ( 'NONE', *, *, #1447, .F. ) ;
#1604 = LINE ( 'NONE', #3489, #1423 ) ;
#1605 = ORIENTED_EDGE ( 'NONE', *, *, #2034, .F. ) ;
#1606 = DIRECTION ( 'NONE',  ( 6.982962677686266711E-15, -1.000000000000000000, -3.491481338843133355E-15 ) ) ;
#1607 =( GEOMETRIC_REPRESENTATION_CONTEXT ( 3 ) GLOBAL_UNCERTAINTY_ASSIGNED_CONTEXT ( ( #153 ) ) GLOBAL_UNIT_ASSIGNED_CONTEXT ( ( #3196, #2163, #2539 ) ) REPRESENTATION_CONTEXT ( 'NONE', 'WORKASPACE' ) );
#1608 = DIRECTION ( 'NONE',  ( 0.0000000000000000000, -3.491481338843133355E-15, 1.000000000000000000 ) ) ;
#1609 = STYLED_ITEM ( 'NONE', ( #2577 ), #1622 ) ;
#1610 = CARTESIAN_POINT ( 'NONE',  ( -5.150000000000034994, 5.149999999999963940, 0.3000000000000180300 ) ) ;
#1611 = VERTEX_POINT ( 'NONE', #1951 ) ;
#1612 = CYLINDRICAL_SURFACE ( 'NONE', #2331, 5.099999999999999645 ) ;
#1614 = AXIS2_PLACEMENT_3D ( 'NONE', #421, #1100, #2457 ) ;
#1613 = FACE_OUTER_BOUND ( 'NONE', #91, .T. ) ;
#1615 = SURFACE_SIDE_STYLE ('',( #2847 ) ) ;
#1616 = ORIENTED_EDGE ( 'NONE', *, *, #2454, .T. ) ;
#1617 = SURFACE_STYLE_FILL_AREA ( #2235 ) ;
#1618 = SURFACE_SIDE_STYLE ('',( #2773 ) ) ;
#1619 = MECHANICAL_DESIGN_GEOMETRIC_PRESENTATION_REPRESENTATION (  '', ( #3290 ), #2149 ) ;
#1620 = FACE_OUTER_BOUND ( 'NONE', #1520, .T. ) ;
#1621 = ADVANCED_FACE ( 'NONE', ( #1620 ), #2555, .F. ) ;
#1622 = ADVANCED_FACE ( 'NONE', ( #2937 ), #1368, .F. ) ;
#1623 = CARTESIAN_POINT ( 'NONE',  ( 0.0000000000000000000, -3.491481338843133355E-15, 1.000000000000000000 ) ) ;
#1624 = STYLED_ITEM ( 'NONE', ( #4061 ), #3702 ) ;
#1625 = CARTESIAN_POINT ( 'NONE',  ( -1.500000000000035749, 5.149999999999987033, 0.9000000000000181188 ) ) ;
#1626 = EDGE_LOOP ( 'NONE', ( #2218, #1396, #1177, #2839 ) ) ;
#1627 = CARTESIAN_POINT ( 'NONE',  ( -1.825000000000000844, 0.3000384198323312601, 0.5742415628952034501 ) ) ;
#1628 = FILL_AREA_STYLE_COLOUR ( '', #1113 ) ;
#1629 = LINE ( 'NONE', #2862, #967 ) ;
#1630 = DIRECTION ( 'NONE',  ( 6.982962677686266711E-15, -1.000000000000000000, -3.491481338843133355E-15 ) ) ;
#1631 = CARTESIAN_POINT ( 'NONE',  ( 2.275000000000002576, -0.4499999999999877431, 0.9999999999999826805 ) ) ;
#1632 = LINE ( 'NONE', #1301, #193 ) ;
#1633 = ORIENTED_EDGE ( 'NONE', *, *, #2848, .F. ) ;
#1634 = MANIFOLD_SOLID_BREP ( 'G17-001-1-solid1', #1050 ) ;
#1635 = EDGE_LOOP ( 'NONE', ( #282, #973, #1817, #2546 ) ) ;
#1636 = PRESENTATION_STYLE_ASSIGNMENT (( #2602 ) ) ;
#1637 = LINE ( 'NONE', #2980, #2478 ) ;
#1638 = LINE ( 'NONE', #1272, #3999 ) ;
#1639 = EDGE_CURVE ( 'NONE', #3006, #1908, #2206, .T. ) ;
#1640 = ORIENTED_EDGE ( 'NONE', *, *, #1472, .T. ) ;
#1641 = CARTESIAN_POINT ( 'NONE',  ( -1.825000000000000844, -1.897353801849632760E-14, 0.7500000000000000000 ) ) ;
#1642 = CARTESIAN_POINT ( 'NONE',  ( 1.824999999999997957, 0.1757584371048090122, 0.4499615801676351556 ) ) ;
#1643 = SURFACE_SIDE_STYLE ('',( #2031 ) ) ;
#1644 = AXIS2_PLACEMENT_3D ( 'NONE', #2812, #2425, #2763 ) ;
#1645 = ORIENTED_EDGE ( 'NONE', *, *, #121, .F. ) ;
#1646 = CARTESIAN_POINT ( 'NONE',  ( -2.350000000000000977, -0.4437059837324894285, 0.4900830524356127316 ) ) ;
#1647 = FILL_AREA_STYLE_COLOUR ( '', #1430 ) ;
#1648 = AXIS2_PLACEMENT_3D ( 'NONE', #2225, #1247, #2242 ) ;
#1649 = DIRECTION ( 'NONE',  ( -1.000000000000000000, -6.982962677686265922E-15, -1.251002506714287347E-16 ) ) ;
#1650 = ORIENTED_EDGE ( 'NONE', *, *, #1111, .F. ) ;
#1651 = STYLED_ITEM ( 'NONE', ( #4042 ), #2501 ) ;
#1652 = AXIS2_PLACEMENT_3D ( 'NONE', #2709, #855, #3071 ) ;
#1653 = FILL_AREA_STYLE_COLOUR ( '', #1195 ) ;
#1654 = FILL_AREA_STYLE_COLOUR ( '', #1890 ) ;
#1655 = ORIENTED_EDGE ( 'NONE', *, *, #3648, .F. ) ;
#1656 = FILL_AREA_STYLE ('',( #358 ) ) ;
#1657 = STYLED_ITEM ( 'NONE', ( #3717 ), #2895 ) ;
#1658 = AXIS2_PLACEMENT_3D ( 'NONE', #436, #2274, #2655 ) ;
#1659 = UNCERTAINTY_MEASURE_WITH_UNIT (LENGTH_MEASURE( 1.000000000000000082E-05 ), #47, 'distance_accuracy_value', 'NONE');
#1660 = CARTESIAN_POINT ( 'NONE',  ( -2.275000000000000799, 0.4499999999999809708, 0.7500000000000016653 ) ) ;
#1661 = COLOUR_RGB ( '',1.000000000000000000, 1.000000000000000000, 0.7529411764705882248 ) ;
#1662 = AXIS2_PLACEMENT_3D ( 'NONE', #981, #2498, #2247 ) ;
#1663 = ORIENTED_EDGE ( 'NONE', *, *, #719, .T. ) ;
#1664 = FILL_AREA_STYLE ('',( #3235 ) ) ;
#1665 = SURFACE_STYLE_FILL_AREA ( #2585 ) ;
#1666 = LINE ( 'NONE', #32, #2471 ) ;
#1667 = CARTESIAN_POINT ( 'NONE',  ( 1.824999999999999734, 1.016170192116176402E-14, 0.7499999999999843459 ) ) ;
#1668 = DIRECTION ( 'NONE',  ( -0.0000000000000000000, 3.491481338843133355E-15, -1.000000000000000000 ) ) ;
#1669 = FILL_AREA_STYLE_COLOUR ( '', #3341 ) ;
#1670 =( BOUNDED_SURFACE ( )  B_SPLINE_SURFACE ( 3, 3, ( 
 ( #435, #3729, #863, #3405 ),
 ( #522, #3995, #480, #3054 ),
 ( #1826, #1108, #1743, #3097 ),
 ( #801, #213, #1509, #169 ) ),
 .UNSPECIFIED., .F., .F., .F. ) 
 B_SPLINE_SURFACE_WITH_KNOTS ( ( 4, 4 ),
 ( 4, 4 ),
 ( 0.0000000000000000000, 1.000000000000000000 ),
 ( 0.0000000000000000000, 1.000000000000000000 ),
 .UNSPECIFIED. ) 
 GEOMETRIC_REPRESENTATION_ITEM ( )  RATIONAL_B_SPLINE_SURFACE ( (
 ( 1.000000000000000000, 0.3333333333333320381, 0.3333333333333320381, 1.000000000000000000),
 ( 0.9265917602996234237, 0.3088639200998732903, 0.3088639200998732903, 0.9265917602996234237),
 ( 0.9265917602996234237, 0.3088639200998732903, 0.3088639200998732903, 0.9265917602996234237),
 ( 1.000000000000000000, 0.3333333333333320381, 0.3333333333333320381, 1.000000000000000000) ) ) 
 REPRESENTATION_ITEM ( '' )  SURFACE ( )  );
#1671 = EDGE_LOOP ( 'NONE', ( #2806, #3453, #3642, #53, #1235, #3861, #92 ) ) ;
#1672 = UNCERTAINTY_MEASURE_WITH_UNIT (LENGTH_MEASURE( 1.000000000000000082E-05 ), #2406, 'distance_accuracy_value', 'NONE');
#1673 = EDGE_CURVE ( 'NONE', #3839, #3794, #2409, .T. ) ;
#1674 = ADVANCED_FACE ( 'NONE', ( #89 ), #1828, .T. ) ;
#1675 = MECHANICAL_DESIGN_GEOMETRIC_PRESENTATION_REPRESENTATION (  '', ( #1887 ), #2606 ) ;
#1676 = CIRCLE ( 'NONE', #3689, 0.5999999999999998668 ) ;
#1677 = VERTEX_POINT ( 'NONE', #544 ) ;
#1678 = CARTESIAN_POINT ( 'NONE',  ( 1.999999999999976685, 2.499999999999956479, 16.50100000000000477 ) ) ;
#1679 = CARTESIAN_POINT ( 'NONE',  ( 2.349999999999996536, 0.4500000000000138334, 0.7499999999999859002 ) ) ;
#1680 = COLOUR_RGB ( '',0.0000000000000000000, 0.0000000000000000000, 0.0000000000000000000 ) ;
#1681 = FILL_AREA_STYLE ('',( #377 ) ) ;
#1682 = DIRECTION ( 'NONE',  ( 1.000000000000000000, 6.982962677686267499E-15, -3.071906155375352007E-16 ) ) ;
#1683 = SURFACE_STYLE_FILL_AREA ( #2222 ) ;
#1684 = VERTEX_POINT ( 'NONE', #1486 ) ;
#1685 = CARTESIAN_POINT ( 'NONE',  ( -2.275000000000006573, 0.9999999999999842348, 3.491481338843078135E-15 ) ) ;
#1686 =( LENGTH_UNIT ( ) NAMED_UNIT ( * ) SI_UNIT ( .MILLI., .METRE. ) );
#1687 = CARTESIAN_POINT ( 'NONE',  ( 2.274999999999999467, 1.588624009173625677E-14, 5.546651082467876264E-29 ) ) ;
#1688 = COLOUR_RGB ( '',1.000000000000000000, 1.000000000000000000, 0.7529411764705882248 ) ;
#1689 = DIRECTION ( 'NONE',  ( -0.0000000000000000000, 3.491481338843133355E-15, -1.000000000000000000 ) ) ;
#1690 = CARTESIAN_POINT ( 'NONE',  ( 4.499999999999940492, 8.999999999999982236, 16.50000000000002842 ) ) ;
#1691 = VERTEX_POINT ( 'NONE', #401 ) ;
#1692 = DIRECTION ( 'NONE',  ( -0.0000000000000000000, -1.000000000000000000, -3.491481338843133355E-15 ) ) ;
#1693 =( BOUNDED_SURFACE ( )  B_SPLINE_SURFACE ( 3, 3, ( 
 ( #2032, #704, #1997, #2630 ),
 ( #1042, #3599, #728, #3282 ),
 ( #387, #4035, #796, #1802 ),
 ( #166, #2145, #4014, #3974 ) ),
 .UNSPECIFIED., .F., .F., .T. ) 
 B_SPLINE_SURFACE_WITH_KNOTS ( ( 4, 4 ),
 ( 4, 4 ),
 ( 0.0000000000000000000, 1.000000000000000000 ),
 ( 0.0000000000000000000, 1.000000000000000000 ),
 .UNSPECIFIED. ) 
 GEOMETRIC_REPRESENTATION_ITEM ( )  RATIONAL_B_SPLINE_SURFACE ( (
 ( 1.000000000000000000, 0.3333333333333332038, 0.3333333333333332038, 1.000000000000000000),
 ( 0.9265917602996234237, 0.3088639200998743450, 0.3088639200998743450, 0.9265917602996234237),
 ( 0.9265917602996234237, 0.3088639200998743450, 0.3088639200998743450, 0.9265917602996234237),
 ( 1.000000000000000000, 0.3333333333333332038, 0.3333333333333332038, 1.000000000000000000) ) ) 
 REPRESENTATION_ITEM ( '' )  SURFACE ( )  );
#1694 = FACE_OUTER_BOUND ( 'NONE', #1579, .T. ) ;
#1695 = EDGE_CURVE ( 'NONE', #596, #1156, #3692, .T. ) ;
#1696 = ORIENTED_EDGE ( 'NONE', *, *, #3257, .F. ) ;
#1697 =( NAMED_UNIT ( * ) SI_UNIT ( $, .STERADIAN. ) SOLID_ANGLE_UNIT ( ) );
#1698 =( LENGTH_UNIT ( ) NAMED_UNIT ( * ) SI_UNIT ( .MILLI., .METRE. ) );
#1699 = DIRECTION ( 'NONE',  ( 0.0000000000000000000, -1.000000000000000000, -3.373073425510456881E-15 ) ) ;
#1700 = CARTESIAN_POINT ( 'NONE',  ( 4.792893218813455647, -4.030046269230830603E-15, 16.49999999999999645 ) ) ;
#1701 = UNCERTAINTY_MEASURE_WITH_UNIT (LENGTH_MEASURE( 1.000000000000000082E-05 ), #1465, 'distance_accuracy_value', 'NONE');
#1702 = FILL_AREA_STYLE_COLOUR ( '', #3603 ) ;
#1703 = ORIENTED_EDGE ( 'NONE', *, *, #1109, .T. ) ;
#1704 =( LENGTH_UNIT ( ) NAMED_UNIT ( * ) SI_UNIT ( .MILLI., .METRE. ) );
#1705 = FILL_AREA_STYLE ('',( #2389 ) ) ;
#1706 = CARTESIAN_POINT ( 'NONE',  ( 5.149999999999965716, 5.150000000000034106, 0.9000000000000181188 ) ) ;
#1707 =( NAMED_UNIT ( * ) SI_UNIT ( $, .STERADIAN. ) SOLID_ANGLE_UNIT ( ) );
#1708 = CARTESIAN_POINT ( 'NONE',  ( 4.792893218813389034, 9.585786437626886425, 16.50000000000003553 ) ) ;
#1709 = ORIENTED_EDGE ( 'NONE', *, *, #3285, .T. ) ;
#1710 = UNCERTAINTY_MEASURE_WITH_UNIT (LENGTH_MEASURE( 1.000000000000000082E-05 ), #4000, 'distance_accuracy_value', 'NONE');
#1711 = SURFACE_SIDE_STYLE ('',( #839 ) ) ;
#1712 = UNCERTAINTY_MEASURE_WITH_UNIT (LENGTH_MEASURE( 1.000000000000000082E-05 ), #149, 'distance_accuracy_value', 'NONE');
#1713 = ORIENTED_EDGE ( 'NONE', *, *, #3315, .F. ) ;
#1714 = CARTESIAN_POINT ( 'NONE',  ( 2.650000000000002576, -0.4499999999999815814, -1.729302465114379572E-14 ) ) ;
#1715 = VECTOR ( 'NONE', #3858, 1000.000000000000000 ) ;
#1716 =( LENGTH_UNIT ( ) NAMED_UNIT ( * ) SI_UNIT ( .MILLI., .METRE. ) );
#1717 = ORIENTED_EDGE ( 'NONE', *, *, #3540, .T. ) ;
#1718 = SURFACE_STYLE_USAGE ( .BOTH. , #3916 ) ;
#1719 =( GEOMETRIC_REPRESENTATION_CONTEXT ( 3 ) GLOBAL_UNCERTAINTY_ASSIGNED_CONTEXT ( ( #3387 ) ) GLOBAL_UNIT_ASSIGNED_CONTEXT ( ( #202, #3145, #3696 ) ) REPRESENTATION_CONTEXT ( 'NONE', 'WORKASPACE' ) );
#1720 = PRESENTATION_LAYER_ASSIGNMENT (  '', '', ( #564 ) ) ;
#1721 = DIRECTION ( 'NONE',  ( -6.023345402697246965E-16, -3.491481338843133355E-15, 1.000000000000000000 ) ) ;
#1722 = LINE ( 'NONE', #761, #866 ) ;
#1723 = COLOUR_RGB ( '',0.0000000000000000000, 0.0000000000000000000, 0.0000000000000000000 ) ;
#1724 = DIRECTION ( 'NONE',  ( 0.0000000000000000000, -3.491481338843133355E-15, 1.000000000000000000 ) ) ;
#1725 = PLANE ( 'NONE',  #3859 ) ;
#1726 = EDGE_CURVE ( 'NONE', #257, #2168, #2436, .T. ) ;
#1727 = ADVANCED_FACE ( 'NONE', ( #3099, #215 ), #3316, .T. ) ;
#1728 = STYLED_ITEM ( 'NONE', ( #744 ), #366 ) ;
#1729 = ORIENTED_EDGE ( 'NONE', *, *, #3951, .F. ) ;
#1730 = AXIS2_PLACEMENT_3D ( 'NONE', #601, #510, #895 ) ;
#1731 = PRESENTATION_LAYER_ASSIGNMENT (  '', '', ( #3132 ) ) ;
#1732 = SURFACE_SIDE_STYLE ('',( #1163 ) ) ;
#1733 = PRESENTATION_LAYER_ASSIGNMENT (  '', '', ( #3537 ) ) ;
#1734 = COLOUR_RGB ( '',1.000000000000000000, 1.000000000000000000, 0.7529411764705882248 ) ;
#1735 = DIRECTION ( 'NONE',  ( 6.982962677686265922E-15, -1.000000000000000000, -3.486454044855347901E-15 ) ) ;
#1736 = PRESENTATION_STYLE_ASSIGNMENT (( #3705 ) ) ;
#1737 = CARTESIAN_POINT ( 'NONE',  ( 4.999999999999932498, 9.999999999999984013, 16.29289321881348584 ) ) ;
#1738 = ORIENTED_EDGE ( 'NONE', *, *, #42, .F. ) ;
#1739 = MECHANICAL_DESIGN_GEOMETRIC_PRESENTATION_REPRESENTATION (  '', ( #2394 ), #4076 ) ;
#1740 =( LENGTH_UNIT ( ) NAMED_UNIT ( * ) SI_UNIT ( .MILLI., .METRE. ) );
#1741 = CARTESIAN_POINT ( 'NONE',  ( 2.650000000000001688, -0.2487468592766387543, 0.7499999999999835687 ) ) ;
#1742 = STYLED_ITEM ( 'NONE', ( #2434 ), #3178 ) ;
#1743 = CARTESIAN_POINT ( 'NONE',  ( 4.762045270816463116, 9.524090541633027485, 2.814187550525500292 ) ) ;
#1744 = EDGE_LOOP ( 'NONE', ( #2386, #2003, #3491, #2334, #2677, #2883, #376, #290, #976, #506, #115, #2571 ) ) ;
#1745 = DIRECTION ( 'NONE',  ( -6.982962677686266711E-15, 1.000000000000000000, 3.491481338843133355E-15 ) ) ;
#1746 = CARTESIAN_POINT ( 'NONE',  ( 2.275000000000002576, -0.4499999999999892975, 1.443755419130939410 ) ) ;
#1747 = SURFACE_STYLE_FILL_AREA ( #1414 ) ;
#1748 =( GEOMETRIC_REPRESENTATION_CONTEXT ( 3 ) GLOBAL_UNCERTAINTY_ASSIGNED_CONTEXT ( ( #3350 ) ) GLOBAL_UNIT_ASSIGNED_CONTEXT ( ( #278, #2853, #2176 ) ) REPRESENTATION_CONTEXT ( 'NONE', 'WORKASPACE' ) );
#1749 = ORIENTED_EDGE ( 'NONE', *, *, #3009, .T. ) ;
#1750 =( NAMED_UNIT ( * ) PLANE_ANGLE_UNIT ( ) SI_UNIT ( $, .RADIAN. ) );
#1751 = CARTESIAN_POINT ( 'NONE',  ( 5.149999999999971934, 4.150000000000029665, 0.9000000000000145661 ) ) ;
#1752 = ORIENTED_EDGE ( 'NONE', *, *, #319, .F. ) ;
#1753 = CARTESIAN_POINT ( 'NONE',  ( 2.274999999999999467, 1.274390688677743517E-14, 0.9000000000000001332 ) ) ;
#1754 = EDGE_CURVE ( 'NONE', #370, #540, #1319, .T. ) ;
#1755 = CARTESIAN_POINT ( 'NONE',  ( -2.275000000000000799, 0.4499999999999825251, 0.3000000000000015432 ) ) ;
#1756 = CARTESIAN_POINT ( 'NONE',  ( 1.825000000000000844, -0.1757584371047868077, 0.4499615801676339899 ) ) ;
#1757 =( GEOMETRIC_REPRESENTATION_CONTEXT ( 3 ) GLOBAL_UNCERTAINTY_ASSIGNED_CONTEXT ( ( #3687 ) ) GLOBAL_UNIT_ASSIGNED_CONTEXT ( ( #1686, #3345, #144 ) ) REPRESENTATION_CONTEXT ( 'NONE', 'WORKASPACE' ) );
#1758 = CARTESIAN_POINT ( 'NONE',  ( 5.150000000000036771, -5.149999999999966604, 0.8999999999999820366 ) ) ;
#1759 = SURFACE_SIDE_STYLE ('',( #2415 ) ) ;
#1760 = ORIENTED_EDGE ( 'NONE', *, *, #14, .F. ) ;
#1761 = AXIS2_PLACEMENT_3D ( 'NONE', #1623, #673, #3231 ) ;
#1762 = UNCERTAINTY_MEASURE_WITH_UNIT (LENGTH_MEASURE( 1.000000000000000082E-05 ), #1528, 'distance_accuracy_value', 'NONE');
#1763 = FILL_AREA_STYLE ('',( #82 ) ) ;
#1764 = DIRECTION ( 'NONE',  ( 0.0000000000000000000, -3.491481338843133355E-15, 1.000000000000000000 ) ) ;
#1765 = CARTESIAN_POINT ( 'NONE',  ( -2.350000000000000977, 0.4499999999999825251, 0.3000000000000015432 ) ) ;
#1766 = SURFACE_SIDE_STYLE ('',( #4019 ) ) ;
#1767 = ORIENTED_EDGE ( 'NONE', *, *, #2873, .F. ) ;
#1768 = CARTESIAN_POINT ( 'NONE',  ( 4.149999999999971934, 4.150000000000029665, 1.448964755619910755E-14 ) ) ;
#1769 = CIRCLE ( 'NONE', #2761, 1.000000000000000000 ) ;
#1770 = SURFACE_STYLE_USAGE ( .BOTH. , #1139 ) ;
#1771 = VERTEX_POINT ( 'NONE', #3793 ) ;
#1772 = SURFACE_STYLE_USAGE ( .BOTH. , #1493 ) ;
#1773 = DIRECTION ( 'NONE',  ( 1.251002506714043540E-16, 3.491481338843134144E-15, -1.000000000000000000 ) ) ;
#1774 = ORIENTED_EDGE ( 'NONE', *, *, #124, .F. ) ;
#1775 = DIRECTION ( 'NONE',  ( 1.000000000000000000, 6.982962677686266711E-15, 2.438088387897967896E-29 ) ) ;
#1776 = FACE_OUTER_BOUND ( 'NONE', #652, .T. ) ;
#1777 = CARTESIAN_POINT ( 'NONE',  ( 1.824999999999999512, 1.008308020411519124E-14, 0.7499999999999841238 ) ) ;
#1778 = EDGE_CURVE ( 'NONE', #1818, #2971, #334, .T. ) ;
#1779 = LINE ( 'NONE', #2696, #2929 ) ;
#1780 = SURFACE_SIDE_STYLE ('',( #2126 ) ) ;
#1781 = VERTEX_POINT ( 'NONE', #2545 ) ;
#1782 =( NAMED_UNIT ( * ) PLANE_ANGLE_UNIT ( ) SI_UNIT ( $, .RADIAN. ) );
#1783 = CARTESIAN_POINT ( 'NONE',  ( 2.725000000000000089, 1.637145280453111695E-14, 0.7499999999999842348 ) ) ;
#1784 = EDGE_CURVE ( 'NONE', #2211, #3085, #1632, .T. ) ;
#1785 = ADVANCED_FACE ( 'NONE', ( #2521 ), #566, .F. ) ;
#1786 = CARTESIAN_POINT ( 'NONE',  ( -2.274999999999999467, -1.693368449338919362E-14, 0.2999999999999999889 ) ) ;
#1787 = VERTEX_POINT ( 'NONE', #909 ) ;
#1788 = SURFACE_STYLE_FILL_AREA ( #2720 ) ;
#1789 = DIRECTION ( 'NONE',  ( 6.938893903907228378E-15, -1.000000000000000000, -3.469446951953614189E-15 ) ) ;
#1790 = ORIENTED_EDGE ( 'NONE', *, *, #2903, .F. ) ;
#1791 = ORIENTED_EDGE ( 'NONE', *, *, #2333, .F. ) ;
#1792 = FACE_OUTER_BOUND ( 'NONE', #3360, .T. ) ;
#1793 = VECTOR ( 'NONE', #1126, 1000.000000000000000 ) ;
#1794 = PRESENTATION_LAYER_ASSIGNMENT (  '', '', ( #165 ) ) ;
#1795 = DIRECTION ( 'NONE',  ( 1.000000000000000000, 6.982962677686265922E-15, 1.251002506714287347E-16 ) ) ;
#1796 = CARTESIAN_POINT ( 'NONE',  ( -1.500000000000033973, 4.874423042781560689, 1.000000000000016875 ) ) ;
#1797 = PRESENTATION_LAYER_ASSIGNMENT (  '', '', ( #2066 ) ) ;
#1798 = FILL_AREA_STYLE ('',( #488 ) ) ;
#1799 =( LENGTH_UNIT ( ) NAMED_UNIT ( * ) SI_UNIT ( .MILLI., .METRE. ) );
#1800 = MECHANICAL_DESIGN_GEOMETRIC_PRESENTATION_REPRESENTATION (  '', ( #2123 ), #2928 ) ;
#1801 = LINE ( 'NONE', #4012, #3667 ) ;
#1802 = CARTESIAN_POINT ( 'NONE',  ( -4.762045270816491538, -4.424523241188834296E-14, 2.814187550525465653 ) ) ;
#1803 = UNCERTAINTY_MEASURE_WITH_UNIT (LENGTH_MEASURE( 1.000000000000000082E-05 ), #1568, 'distance_accuracy_value', 'NONE');
#1804 = DIRECTION ( 'NONE',  ( 0.0000000000000000000, -3.491481338843133355E-15, 1.000000000000000000 ) ) ;
#1805 = UNCERTAINTY_MEASURE_WITH_UNIT (LENGTH_MEASURE( 1.000000000000000082E-05 ), #953, 'distance_accuracy_value', 'NONE');
#1806 =( LENGTH_UNIT ( ) NAMED_UNIT ( * ) SI_UNIT ( .MILLI., .METRE. ) );
#1807 = FACE_OUTER_BOUND ( 'NONE', #2718, .T. ) ;
#1808 = FACE_OUTER_BOUND ( 'NONE', #2474, .T. ) ;
#1809 = MECHANICAL_DESIGN_GEOMETRIC_PRESENTATION_REPRESENTATION (  '', ( #3747 ), #1402 ) ;
#1810 = VECTOR ( 'NONE', #79, 1000.000000000000000 ) ;
#1811 = ADVANCED_FACE ( 'NONE', ( #3812 ), #2658, .T. ) ;
#1812 = VERTEX_POINT ( 'NONE', #2016 ) ;
#1813 = EDGE_CURVE ( 'NONE', #3130, #865, #3148, .T. ) ;
#1814 = UNCERTAINTY_MEASURE_WITH_UNIT (LENGTH_MEASURE( 1.000000000000000082E-05 ), #194, 'distance_accuracy_value', 'NONE');
#1815 =( NAMED_UNIT ( * ) SI_UNIT ( $, .STERADIAN. ) SOLID_ANGLE_UNIT ( ) );
#1816 = AXIS2_PLACEMENT_3D ( 'NONE', #168, #413, #2994 ) ;
#1817 = ORIENTED_EDGE ( 'NONE', *, *, #3463, .T. ) ;
#1818 = VERTEX_POINT ( 'NONE', #3238 ) ;
#1819 = SURFACE_STYLE_FILL_AREA ( #2686 ) ;
#1820 = CARTESIAN_POINT ( 'NONE',  ( -1.499999999999964029, -5.150000000000013678, 0.9999999999999820144 ) ) ;
#1821 = DIRECTION ( 'NONE',  ( -6.982962677686266711E-15, 1.000000000000000000, 3.491481338843133355E-15 ) ) ;
#1822 = VECTOR ( 'NONE', #1804, 1000.000000000000000 ) ;
#1823 = PLANE ( 'NONE',  #3092 ) ;
#1824 = LINE ( 'NONE', #3095, #1822 ) ;
#1825 = SURFACE_SIDE_STYLE ('',( #3809 ) ) ;
#1826 = CARTESIAN_POINT ( 'NONE',  ( -4.762045270816493314, -4.307886771222829998E-14, 2.814187550525466097 ) ) ;
#1827 = MECHANICAL_DESIGN_GEOMETRIC_PRESENTATION_REPRESENTATION (  '', ( #3154 ), #2689 ) ;
#1828 = CYLINDRICAL_SURFACE ( 'NONE', #4018, 0.4500000000000001776 ) ;
#1829 = VERTEX_POINT ( 'NONE', #345 ) ;
#1830 = PLANE ( 'NONE',  #1289 ) ;
#1831 = PRESENTATION_LAYER_ASSIGNMENT (  '', '', ( #3632 ) ) ;
#1832 = EDGE_CURVE ( 'NONE', #1771, #3678, #196, .T. ) ;
#1833 = ORIENTED_EDGE ( 'NONE', *, *, #1549, .F. ) ;
#1834 = DIRECTION ( 'NONE',  ( 6.982962677686266711E-15, -1.000000000000000000, -3.491481338843133355E-15 ) ) ;
#1835 = EDGE_CURVE ( 'NONE', #3187, #172, #741, .T. ) ;
#1836 = DIRECTION ( 'NONE',  ( -6.982962677686266711E-15, 1.000000000000000000, 3.491481338843133355E-15 ) ) ;
#1837 = PRESENTATION_LAYER_ASSIGNMENT (  '', '', ( #3570 ) ) ;
#1838 =( LENGTH_UNIT ( ) NAMED_UNIT ( * ) SI_UNIT ( .MILLI., .METRE. ) );
#1839 =( NAMED_UNIT ( * ) SI_UNIT ( $, .STERADIAN. ) SOLID_ANGLE_UNIT ( ) );
#1840 = PRESENTATION_STYLE_ASSIGNMENT (( #2224 ) ) ;
#1841 =( NAMED_UNIT ( * ) SI_UNIT ( $, .STERADIAN. ) SOLID_ANGLE_UNIT ( ) );
#1842 = VERTEX_POINT ( 'NONE', #3260 ) ;
#1843 = FACE_OUTER_BOUND ( 'NONE', #831, .T. ) ;
#1844 = UNCERTAINTY_MEASURE_WITH_UNIT (LENGTH_MEASURE( 1.000000000000000082E-05 ), #2433, 'distance_accuracy_value', 'NONE');
#1845 = DIRECTION ( 'NONE',  ( -1.000000000000000000, -7.058385437511344937E-15, -2.464422103743298724E-29 ) ) ;
#1846 = PRESENTATION_STYLE_ASSIGNMENT (( #562 ) ) ;
#1847 = DIRECTION ( 'NONE',  ( 1.646517197537309958E-16, -3.491481338843132172E-15, 1.000000000000000000 ) ) ;
#1848 = ORIENTED_EDGE ( 'NONE', *, *, #812, .T. ) ;
#1849 = FILL_AREA_STYLE_COLOUR ( '', #2601 ) ;
#1850 = VERTEX_POINT ( 'NONE', #80 ) ;
#1851 =( NAMED_UNIT ( * ) SI_UNIT ( $, .STERADIAN. ) SOLID_ANGLE_UNIT ( ) );
#1852 = STYLED_ITEM ( 'NONE', ( #678 ), #2092 ) ;
#1853 = AXIS2_PLACEMENT_3D ( 'NONE', #3657, #2411, #1104 ) ;
#1854 = ORIENTED_EDGE ( 'NONE', *, *, #1085, .T. ) ;
#1855 = DIRECTION ( 'NONE',  ( 0.0000000000000000000, -3.491481338843133355E-15, 1.000000000000000000 ) ) ;
#1856 = SURFACE_STYLE_FILL_AREA ( #3841 ) ;
#1857 = EDGE_CURVE ( 'NONE', #1231, #1781, #3088, .T. ) ;
#1858 = ADVANCED_FACE ( 'NONE', ( #3641 ), #1693, .F. ) ;
#1859 = ORIENTED_EDGE ( 'NONE', *, *, #3213, .T. ) ;
#1860 =( LENGTH_UNIT ( ) NAMED_UNIT ( * ) SI_UNIT ( .MILLI., .METRE. ) );
#1861 = SURFACE_STYLE_FILL_AREA ( #4093 ) ;
#1862 = AXIS2_PLACEMENT_3D ( 'NONE', #1013, #3183, #1986 ) ;
#1863 = CARTESIAN_POINT ( 'NONE',  ( 5.150000000000011013, -1.499999999999967804, 0.8999999999999949152 ) ) ;
#1864 = AXIS2_PLACEMENT_3D ( 'NONE', #548, #573, #2487 ) ;
#1865 = COLOUR_RGB ( '',0.0000000000000000000, 0.0000000000000000000, 0.0000000000000000000 ) ;
#1866 = ORIENTED_EDGE ( 'NONE', *, *, #3722, .T. ) ;
#1867 = CARTESIAN_POINT ( 'NONE',  ( 0.0000000000000000000, -3.142333204958820414E-15, 0.9000000000000001332 ) ) ;
#1868 = PRESENTATION_LAYER_ASSIGNMENT (  '', '', ( #2123 ) ) ;
#1869 = VECTOR ( 'NONE', #3684, 1000.000000000000000 ) ;
#1870 = CARTESIAN_POINT ( 'NONE',  ( -2.275000000000000799, 0.4499999999999786948, 1.443755419130958284 ) ) ;
#1871 = DIRECTION ( 'NONE',  ( 0.0000000000000000000, 3.491481338843133355E-15, -1.000000000000000000 ) ) ;
#1872 = FILL_AREA_STYLE_COLOUR ( '', #1680 ) ;
#1873 = EDGE_LOOP ( 'NONE', ( #3944, #3289, #2849, #1717 ) ) ;
#1874 = CIRCLE ( 'NONE', #798, 1.000000000000000000 ) ;
#1875 = AXIS2_PLACEMENT_3D ( 'NONE', #2423, #2783, #829 ) ;
#1876 = STYLED_ITEM ( 'NONE', ( #2894 ), #2981 ) ;
#1877 = AXIS2_PLACEMENT_3D ( 'NONE', #3889, #2948, #1024 ) ;
#1878 = CARTESIAN_POINT ( 'NONE',  ( -1.500000000000033973, 4.874423042781560689, 0.9000000000000171196 ) ) ;
#1879 = ORIENTED_EDGE ( 'NONE', *, *, #3030, .F. ) ;
#1880 = SURFACE_SIDE_STYLE ('',( #4041 ) ) ;
#1881 = SURFACE_STYLE_USAGE ( .BOTH. , #3456 ) ;
#1882 = VECTOR ( 'NONE', #2843, 1000.000000000000000 ) ;
#1883 = MECHANICAL_DESIGN_GEOMETRIC_PRESENTATION_REPRESENTATION (  '', ( #2871 ), #3945 ) ;
#1884 = CARTESIAN_POINT ( 'NONE',  ( 2.649999999999998135, 0.2487468592766706454, 0.7499999999999849010 ) ) ;
#1885 = SURFACE_STYLE_USAGE ( .BOTH. , #1204 ) ;
#1886 = DIRECTION ( 'NONE',  ( 0.0000000000000000000, -1.000000000000000000, -3.373073425510456881E-15 ) ) ;
#1887 = STYLED_ITEM ( 'NONE', ( #560 ), #3182 ) ;
#1888 = EDGE_CURVE ( 'NONE', #2009, #253, #1169, .T. ) ;
#1889 = EDGE_CURVE ( 'NONE', #3666, #732, #1506, .T. ) ;
#1890 = COLOUR_RGB ( '',0.0000000000000000000, 0.0000000000000000000, 0.0000000000000000000 ) ;
#1891 = VERTEX_POINT ( 'NONE', #2096 ) ;
#1892 = DIRECTION ( 'NONE',  ( -0.7071067811865505703, 0.7071067811865444641, 2.468850131082254694E-15 ) ) ;
#1893 =( GEOMETRIC_REPRESENTATION_CONTEXT ( 3 ) GLOBAL_UNCERTAINTY_ASSIGNED_CONTEXT ( ( #2098 ) ) GLOBAL_UNIT_ASSIGNED_CONTEXT ( ( #3904, #3583, #3880 ) ) REPRESENTATION_CONTEXT ( 'NONE', 'WORKASPACE' ) );
#1894 = SURFACE_STYLE_FILL_AREA ( #4120 ) ;
#1895 = ORIENTED_EDGE ( 'NONE', *, *, #1138, .T. ) ;
#1896 = UNCERTAINTY_MEASURE_WITH_UNIT (LENGTH_MEASURE( 1.000000000000000082E-05 ), #2063, 'distance_accuracy_value', 'NONE');
#1897 = CARTESIAN_POINT ( 'NONE',  ( -2.725000000000000977, -1.899699361643866813E-14, 0.7500000000000003331 ) ) ;
#1898 = ORIENTED_EDGE ( 'NONE', *, *, #3923, .T. ) ;
#1899 =( NAMED_UNIT ( * ) PLANE_ANGLE_UNIT ( ) SI_UNIT ( $, .RADIAN. ) );
#1900 = DIRECTION ( 'NONE',  ( 1.000000000000000000, 6.982962677686266711E-15, 2.438088387897967896E-29 ) ) ;
#1901 = AXIS2_PLACEMENT_3D ( 'NONE', #867, #3735, #2998 ) ;
#1902 = CARTESIAN_POINT ( 'NONE',  ( -5.149999999999992362, -1.000000000000035971, -3.491481338843259179E-15 ) ) ;
#1903 = EDGE_LOOP ( 'NONE', ( #3144, #1985, #271, #648 ) ) ;
#1904 = CARTESIAN_POINT ( 'NONE',  ( -5.150000000000009237, 1.499999999999960698, 1.000000000000005329 ) ) ;
#1905 = PLANE ( 'NONE',  #24 ) ;
#1906 = ORIENTED_EDGE ( 'NONE', *, *, #3213, .F. ) ;
#1907 = AXIS2_PLACEMENT_3D ( 'NONE', #1867, #542, #2801 ) ;
#1908 = VERTEX_POINT ( 'NONE', #2753 ) ;
#1909 = DIRECTION ( 'NONE',  ( -1.000000000000000000, -6.982962677686267499E-15, 1.807003620808927866E-16 ) ) ;
#1910 = ORIENTED_EDGE ( 'NONE', *, *, #1673, .T. ) ;
#1911 = ADVANCED_FACE ( 'NONE', ( #518 ), #2371, .F. ) ;
#1912 = DIRECTION ( 'NONE',  ( 6.982962677686266711E-15, -1.000000000000000000, -3.491481338843133355E-15 ) ) ;
#1913 = DIRECTION ( 'NONE',  ( -6.982962677686266711E-15, 1.000000000000000000, 3.491481338843133355E-15 ) ) ;
#1914 = DIRECTION ( 'NONE',  ( -1.251002506714043540E-16, -3.491481338843134144E-15, 1.000000000000000000 ) ) ;
#1915 = ORIENTED_EDGE ( 'NONE', *, *, #494, .F. ) ;
#1916 = EDGE_CURVE ( 'NONE', #2619, #1974, #2735, .T. ) ;
#1917 = ADVANCED_FACE ( 'NONE', ( #3724 ), #2416, .F. ) ;
#1918 = DIRECTION ( 'NONE',  ( 1.251002506714043540E-16, 3.491481338843134144E-15, -1.000000000000000000 ) ) ;
#1919 = ORIENTED_EDGE ( 'NONE', *, *, #3107, .F. ) ;
#1920 = PRESENTATION_STYLE_ASSIGNMENT (( #1304 ) ) ;
#1921 = SURFACE_STYLE_FILL_AREA ( #3838 ) ;
#1922 = EDGE_LOOP ( 'NONE', ( #676, #81, #2644, #1859 ) ) ;
#1923 = FACE_OUTER_BOUND ( 'NONE', #1029, .T. ) ;
#1924 = FACE_OUTER_BOUND ( 'NONE', #1380, .T. ) ;
#1925 = VERTEX_POINT ( 'NONE', #946 ) ;
#1926 = CARTESIAN_POINT ( 'NONE',  ( -2.650000000000001243, -0.2487468592766736708, 0.7499999999999991118 ) ) ;
#1927 = LINE ( 'NONE', #4155, #792 ) ;
#1928 = VECTOR ( 'NONE', #1439, 1000.000000000000000 ) ;
#1929 =( GEOMETRIC_REPRESENTATION_CONTEXT ( 3 ) GLOBAL_UNCERTAINTY_ASSIGNED_CONTEXT ( ( #561 ) ) GLOBAL_UNIT_ASSIGNED_CONTEXT ( ( #2310, #406, #2029 ) ) REPRESENTATION_CONTEXT ( 'NONE', 'WORKASPACE' ) );
#1930 = ORIENTED_EDGE ( 'NONE', *, *, #886, .F. ) ;
#1931 = DIRECTION ( 'NONE',  ( -6.746146851020913761E-15, 1.000000000000000000, 3.373073425510456881E-15 ) ) ;
#1932 = DIRECTION ( 'NONE',  ( 6.982962677686266711E-15, -1.000000000000000000, -3.491481338843133355E-15 ) ) ;
#1933 = STYLED_ITEM ( 'NONE', ( #3210 ), #67 ) ;
#1934 = DIRECTION ( 'NONE',  ( -7.228014483236698330E-15, 1.000000000000000000, 3.523657060577890199E-15 ) ) ;
#1935 = STYLED_ITEM ( 'NONE', ( #1584 ), #1967 ) ;
#1936 = DIRECTION ( 'NONE',  ( -6.746146851020913761E-15, 1.000000000000000000, 3.373073425510456881E-15 ) ) ;
#1937 = DIRECTION ( 'NONE',  ( 6.982962677686266711E-15, -1.000000000000000000, -3.491481338843133355E-15 ) ) ;
#1938 = COLOUR_RGB ( '',1.000000000000000000, 1.000000000000000000, 0.7529411764705882248 ) ;
#1939 = LINE ( 'NONE', #3203, #4007 ) ;
#1940 = ORIENTED_EDGE ( 'NONE', *, *, #3671, .F. ) ;
#1941 = PRESENTATION_STYLE_ASSIGNMENT (( #4144 ) ) ;
#1942 = CARTESIAN_POINT ( 'NONE',  ( -2.725000000000000977, -1.901844714291611205E-14, 0.7500000000000001110 ) ) ;
#1943 = MECHANICAL_DESIGN_GEOMETRIC_PRESENTATION_REPRESENTATION (  '', ( #3059 ), #429 ) ;
#1944 = EDGE_CURVE ( 'NONE', #2834, #1787, #2060, .T. ) ;
#1945 = EDGE_CURVE ( 'NONE', #3824, #2918, #3730, .T. ) ;
#1946 = VECTOR ( 'NONE', #1015, 1000.000000000000000 ) ;
#1947 = VERTEX_POINT ( 'NONE', #654 ) ;
#1948 = FILL_AREA_STYLE ('',( #3520 ) ) ;
#1949 = PRESENTATION_LAYER_ASSIGNMENT (  '', '', ( #2073 ) ) ;
#1950 = FILL_AREA_STYLE_COLOUR ( '', #3136 ) ;
#1951 = CARTESIAN_POINT ( 'NONE',  ( -4.874423042781586446, 1.499999999999962474, 1.000000000000005329 ) ) ;
#1952 = VECTOR ( 'NONE', #3602, 1000.000000000000000 ) ;
#1953 = CARTESIAN_POINT ( 'NONE',  ( 5.000000000000002665, 3.092566029701813910E-17, 15.99999999999999645 ) ) ;
#1954 =( NAMED_UNIT ( * ) SI_UNIT ( $, .STERADIAN. ) SOLID_ANGLE_UNIT ( ) );
#1955 = VERTEX_POINT ( 'NONE', #3769 ) ;
#1956 = CARTESIAN_POINT ( 'NONE',  ( -2.054158128379448556, 0.4937123870378438695, 0.7500000000000019984 ) ) ;
#1957 = AXIS2_PLACEMENT_3D ( 'NONE', #626, #538, #607 ) ;
#1958 =( NAMED_UNIT ( * ) SI_UNIT ( $, .STERADIAN. ) SOLID_ANGLE_UNIT ( ) );
#1959 = MECHANICAL_DESIGN_GEOMETRIC_PRESENTATION_REPRESENTATION (  '', ( #517 ), #1748 ) ;
#1960 = SURFACE_SIDE_STYLE ('',( #2947 ) ) ;
#1961 = CARTESIAN_POINT ( 'NONE',  ( 1.047444401652940164E-14, -1.500000000000005995, 1.599999999999994982 ) ) ;
#1962 = ORIENTED_EDGE ( 'NONE', *, *, #886, .T. ) ;
#1963 = SURFACE_STYLE_FILL_AREA ( #2952 ) ;
#1964 =( GEOMETRIC_REPRESENTATION_CONTEXT ( 3 ) GLOBAL_UNCERTAINTY_ASSIGNED_CONTEXT ( ( #3015 ) ) GLOBAL_UNIT_ASSIGNED_CONTEXT ( ( #327, #2266, #3887 ) ) REPRESENTATION_CONTEXT ( 'NONE', 'WORKASPACE' ) );
#1965 = ORIENTED_EDGE ( 'NONE', *, *, #247, .T. ) ;
#1966 = AXIS2_PLACEMENT_3D ( 'NONE', #2749, #207, #1886 ) ;
#1967 = ADVANCED_FACE ( 'NONE', ( #3787 ), #1230, .F. ) ;
#1968 =( LENGTH_UNIT ( ) NAMED_UNIT ( * ) SI_UNIT ( .MILLI., .METRE. ) );
#1969 =( GEOMETRIC_REPRESENTATION_CONTEXT ( 3 ) GLOBAL_UNCERTAINTY_ASSIGNED_CONTEXT ( ( #4015 ) ) GLOBAL_UNIT_ASSIGNED_CONTEXT ( ( #3224, #331, #373 ) ) REPRESENTATION_CONTEXT ( 'NONE', 'WORKASPACE' ) );
#1970 = SURFACE_SIDE_STYLE ('',( #27 ) ) ;
#1971 = DIRECTION ( 'NONE',  ( -1.000000000000000000, -6.982962677686266711E-15, -2.438088387897967896E-29 ) ) ;
#1972 = ADVANCED_FACE ( 'NONE', ( #306 ), #904, .T. ) ;
#1973 = DIRECTION ( 'NONE',  ( -6.982962677686266711E-15, 1.000000000000000000, 3.491481338843133355E-15 ) ) ;
#1974 = VERTEX_POINT ( 'NONE', #3133 ) ;
#1975 = PRESENTATION_STYLE_ASSIGNMENT (( #2028 ) ) ;
#1976 =( GEOMETRIC_REPRESENTATION_CONTEXT ( 3 ) GLOBAL_UNCERTAINTY_ASSIGNED_CONTEXT ( ( #838 ) ) GLOBAL_UNIT_ASSIGNED_CONTEXT ( ( #1806, #3309, #1153 ) ) REPRESENTATION_CONTEXT ( 'NONE', 'WORKASPACE' ) );
#1977 =( BOUNDED_SURFACE ( )  B_SPLINE_SURFACE ( 3, 3, ( 
 ( #192, #1410, #4017, #1783 ),
 ( #1484, #2418, #2337, #3708 ),
 ( #841, #3644, #131, #2114 ),
 ( #1741, #3016, #3382, #752 ) ),
 .UNSPECIFIED., .F., .F., .F. ) 
 B_SPLINE_SURFACE_WITH_KNOTS ( ( 4, 4 ),
 ( 4, 4 ),
 ( 0.0000000000000000000, 1.000000000000000000 ),
 ( 0.0000000000000000000, 1.000000000000000000 ),
 .UNSPECIFIED. ) 
 GEOMETRIC_REPRESENTATION_ITEM ( )  RATIONAL_B_SPLINE_SURFACE ( (
 ( 1.000000000000000000, 0.8047378541243649375, 0.8047378541243649375, 1.000000000000000000),
 ( 0.9716180718375588832, 0.7818978421590101480, 0.7818978421590101480, 0.9716180718375588832),
 ( 0.9716180718375588832, 0.7818978421590101480, 0.7818978421590101480, 0.9716180718375588832),
 ( 1.000000000000000000, 0.8047378541243649375, 0.8047378541243649375, 1.000000000000000000) ) ) 
 REPRESENTATION_ITEM ( '' )  SURFACE ( )  );
#1978 = CARTESIAN_POINT ( 'NONE',  ( 4.792893218813455647, -2.414084762580173811E-14, 16.49999999999999645 ) ) ;
#1979 = VERTEX_POINT ( 'NONE', #284 ) ;
#1980 = UNCERTAINTY_MEASURE_WITH_UNIT (LENGTH_MEASURE( 1.000000000000000082E-05 ), #674, 'distance_accuracy_value', 'NONE');
#1981 = FACE_OUTER_BOUND ( 'NONE', #1626, .T. ) ;
#1982 = UNCERTAINTY_MEASURE_WITH_UNIT (LENGTH_MEASURE( 1.000000000000000082E-05 ), #1698, 'distance_accuracy_value', 'NONE');
#1983 = CARTESIAN_POINT ( 'NONE',  ( -2.725000000000000977, -1.906050470926743727E-14, 0.7500000000000001110 ) ) ;
#1984 = DIRECTION ( 'NONE',  ( 0.0000000000000000000, 3.491481338843133355E-15, -1.000000000000000000 ) ) ;
#1985 = ORIENTED_EDGE ( 'NONE', *, *, #667, .F. ) ;
#1986 = DIRECTION ( 'NONE',  ( 1.000000000000000000, 6.982962677686266711E-15, 2.438088387897967896E-29 ) ) ;
#1987 =( NAMED_UNIT ( * ) PLANE_ANGLE_UNIT ( ) SI_UNIT ( $, .RADIAN. ) );
#1988 = ORIENTED_EDGE ( 'NONE', *, *, #3407, .T. ) ;
#1989 = SURFACE_STYLE_USAGE ( .BOTH. , #1018 ) ;
#1990 = LINE ( 'NONE', #382, #1393 ) ;
#1991 = EDGE_CURVE ( 'NONE', #2231, #1812, #4097, .T. ) ;
#1992 = ORIENTED_EDGE ( 'NONE', *, *, #3562, .F. ) ;
#1993 = EDGE_CURVE ( 'NONE', #2231, #2102, #3151, .T. ) ;
#1994 = SURFACE_STYLE_USAGE ( .BOTH. , #77 ) ;
#1995 = DIRECTION ( 'NONE',  ( 1.000000000000000000, 6.982962677686266711E-15, 2.438088387897967896E-29 ) ) ;
#1996 = CIRCLE ( 'NONE', #3854, 0.4999999999999995559 ) ;
#1997 = CARTESIAN_POINT ( 'NONE',  ( -4.999999999999933387, -10.00000000000006395, 3.799999999999967404 ) ) ;
#1998 = ORIENTED_EDGE ( 'NONE', *, *, #4153, .F. ) ;
#1999 = FACE_OUTER_BOUND ( 'NONE', #4079, .T. ) ;
#2000 = ORIENTED_EDGE ( 'NONE', *, *, #3571, .T. ) ;
#2001 =( LENGTH_UNIT ( ) NAMED_UNIT ( * ) SI_UNIT ( .MILLI., .METRE. ) );
#2002 = FILL_AREA_STYLE ('',( #2996 ) ) ;
#2003 = ORIENTED_EDGE ( 'NONE', *, *, #668, .T. ) ;
#2004 = MECHANICAL_DESIGN_GEOMETRIC_PRESENTATION_REPRESENTATION (  '', ( #2066 ), #2513 ) ;
#2005 = CARTESIAN_POINT ( 'NONE',  ( -2.275000000000005240, 0.5999999999999824363, 0.3000000000000020428 ) ) ;
#2006 = VECTOR ( 'NONE', #2025, 1000.000000000000000 ) ;
#2007 = CARTESIAN_POINT ( 'NONE',  ( -2.275000000000000799, -1.906050470926743727E-14, 0.7500000000000000000 ) ) ;
#2008 = COLOUR_RGB ( '',0.0000000000000000000, 0.0000000000000000000, 0.0000000000000000000 ) ;
#2009 = VERTEX_POINT ( 'NONE', #364 ) ;
#2010 = CARTESIAN_POINT ( 'NONE',  ( -2.054158128379447668, 0.4937123870378450352, 0.4607899795848167668 ) ) ;
#2011 = DIRECTION ( 'NONE',  ( 0.0000000000000000000, 3.491481338843133355E-15, -1.000000000000000000 ) ) ;
#2012 = CARTESIAN_POINT ( 'NONE',  ( 2.349999999999999645, 1.531343739625325097E-14, 0.3062940162675129585 ) ) ;
#2013 = EDGE_CURVE ( 'NONE', #2784, #350, #709, .T. ) ;
#2014 = CARTESIAN_POINT ( 'NONE',  ( -5.149999999999992362, -1.000000000000037081, 0.2999999999999965472 ) ) ;
#2015 = AXIS2_PLACEMENT_3D ( 'NONE', #3908, #740, #1059 ) ;
#2016 = CARTESIAN_POINT ( 'NONE',  ( -2.949999999999963762, -5.150000000000019895, -1.798112889504220620E-14 ) ) ;
#2017 = ORIENTED_EDGE ( 'NONE', *, *, #2695, .F. ) ;
#2018 = ORIENTED_EDGE ( 'NONE', *, *, #549, .T. ) ;
#2019 =( GEOMETRIC_REPRESENTATION_CONTEXT ( 3 ) GLOBAL_UNCERTAINTY_ASSIGNED_CONTEXT ( ( #840 ) ) GLOBAL_UNIT_ASSIGNED_CONTEXT ( ( #2426, #2068, #1103 ) ) REPRESENTATION_CONTEXT ( 'NONE', 'WORKASPACE' ) );
#2020 = SURFACE_STYLE_FILL_AREA ( #3558 ) ;
#2021 = ORIENTED_EDGE ( 'NONE', *, *, #1111, .T. ) ;
#2022 = SURFACE_STYLE_USAGE ( .BOTH. , #805 ) ;
#2023 = AXIS2_PLACEMENT_3D ( 'NONE', #129, #1406, #3013 ) ;
#2024 = LINE ( 'NONE', #1351, #1329 ) ;
#2025 = DIRECTION ( 'NONE',  ( 6.982962677686266711E-15, -1.000000000000000000, -3.491481338843133355E-15 ) ) ;
#2026 = CIRCLE ( 'NONE', #1966, 0.4500000000000001776 ) ;
#2027 = ORIENTED_EDGE ( 'NONE', *, *, #1166, .T. ) ;
#2028 = SURFACE_STYLE_USAGE ( .BOTH. , #653 ) ;
#2029 =( NAMED_UNIT ( * ) SI_UNIT ( $, .STERADIAN. ) SOLID_ANGLE_UNIT ( ) );
#2030 = LINE ( 'NONE', #1400, #2750 ) ;
#2031 = SURFACE_STYLE_FILL_AREA ( #2905 ) ;
#2032 = CARTESIAN_POINT ( 'NONE',  ( 5.000000000000004441, 2.447995374965144402E-14, 3.800000000000003819 ) ) ;
#2033 = ORIENTED_EDGE ( 'NONE', *, *, #3407, .F. ) ;
#2034 = EDGE_CURVE ( 'NONE', #3635, #619, #1246, .T. ) ;
#2035 = DIRECTION ( 'NONE',  ( 0.7071067811865446862, 0.7071067811865503483, 2.468850131082275204E-15 ) ) ;
#2036 = ORIENTED_EDGE ( 'NONE', *, *, #1494, .T. ) ;
#2037 = SURFACE_STYLE_FILL_AREA ( #1448 ) ;
#2038 = DIRECTION ( 'NONE',  ( -1.239088197126290570E-16, -3.491481338843133355E-15, 1.000000000000000000 ) ) ;
#2039 = EDGE_CURVE ( 'NONE', #985, #596, #1039, .T. ) ;
#2041 = ORIENTED_EDGE ( 'NONE', *, *, #501, .F. ) ;
#2040 = COLOUR_RGB ( '',1.000000000000000000, 1.000000000000000000, 0.7529411764705882248 ) ;
#2042 = ADVANCED_FACE ( 'NONE', ( #1312 ), #2288, .F. ) ;
#2043 = CARTESIAN_POINT ( 'NONE',  ( 5.150000000000011013, -1.499999999999969802, 1.600999999999994872 ) ) ;
#2044 = FILL_AREA_STYLE_COLOUR ( '', #929 ) ;
#2045 = PRESENTATION_STYLE_ASSIGNMENT (( #3279 ) ) ;
#2046 = PLANE ( 'NONE',  #2422 ) ;
#2047 = CARTESIAN_POINT ( 'NONE',  ( 0.0000000000000000000, -3.142333204958820414E-15, 0.9000000000000001332 ) ) ;
#2048 = SURFACE_STYLE_USAGE ( .BOTH. , #1780 ) ;
#2049 = ORIENTED_EDGE ( 'NONE', *, *, #121, .T. ) ;
#2050 = UNCERTAINTY_MEASURE_WITH_UNIT (LENGTH_MEASURE( 1.000000000000000082E-05 ), #1591, 'distance_accuracy_value', 'NONE');
#2051 = VECTOR ( 'NONE', #2646, 1000.000000000000000 ) ;
#2052 = CYLINDRICAL_SURFACE ( 'NONE', #585, 0.4500000000000001776 ) ;
#2053 = CARTESIAN_POINT ( 'NONE',  ( -2.650000000000001243, -0.2487468592766737818, 0.7499999999999990008 ) ) ;
#2054 = LINE ( 'NONE', #2702, #3193 ) ;
#2055 = CLOSED_SHELL ( 'NONE', ( #3778, #3050, #3126, #988, #726, #396, #2669, #1263, #93, #2981, #1621, #4052, #2042, #1674, #854, #1424, #1137 ) ) ;
#2056 = LINE ( 'NONE', #415, #2523 ) ;
#2057 = ORIENTED_EDGE ( 'NONE', *, *, #1726, .F. ) ;
#2058 = CARTESIAN_POINT ( 'NONE',  ( 4.150000000000036771, -5.149999999999972822, 0.8999999999999820366 ) ) ;
#2059 = VECTOR ( 'NONE', #2360, 999.9999999999998863 ) ;
#2060 = CIRCLE ( 'NONE', #3457, 5.000000000000002665 ) ;
#2061 = LINE ( 'NONE', #3291, #2935 ) ;
#2062 = EDGE_CURVE ( 'NONE', #910, #3348, #31, .T. ) ;
#2063 =( LENGTH_UNIT ( ) NAMED_UNIT ( * ) SI_UNIT ( .MILLI., .METRE. ) );
#2064 = VECTOR ( 'NONE', #1834, 1000.000000000000000 ) ;
#2065 =( LENGTH_UNIT ( ) NAMED_UNIT ( * ) SI_UNIT ( .MILLI., .METRE. ) );
#2066 = STYLED_ITEM ( 'NONE', ( #1846 ), #338 ) ;
#2067 = ORIENTED_EDGE ( 'NONE', *, *, #146, .F. ) ;
#2068 =( NAMED_UNIT ( * ) PLANE_ANGLE_UNIT ( ) SI_UNIT ( $, .RADIAN. ) );
#2069 = PRESENTATION_LAYER_ASSIGNMENT (  '', '', ( #4131 ) ) ;
#2070 = LINE ( 'NONE', #1183, #1317 ) ;
#2071 = DIRECTION ( 'NONE',  ( 3.071906155375596061E-16, 3.491481338843133355E-15, -1.000000000000000000 ) ) ;
#2072 = PRESENTATION_LAYER_ASSIGNMENT (  '', '', ( #3747 ) ) ;
#2073 = STYLED_ITEM ( 'NONE', ( #2439 ), #854 ) ;
#2074 = SURFACE_STYLE_FILL_AREA ( #794 ) ;
#2075 = DIRECTION ( 'NONE',  ( 0.0000000000000000000, -3.491481338843133355E-15, 1.000000000000000000 ) ) ;
#2076 = VECTOR ( 'NONE', #3284, 1000.000000000000000 ) ;
#2077 = CYLINDRICAL_SURFACE ( 'NONE', #1075, 1.000000000000000000 ) ;
#2078 = CARTESIAN_POINT ( 'NONE',  ( -2.350000000000000977, 0.4437059837324522360, 0.7500000000000016653 ) ) ;
#2079 = DIRECTION ( 'NONE',  ( 0.0000000000000000000, 3.491481338843133355E-15, -1.000000000000000000 ) ) ;
#2080 = ORIENTED_EDGE ( 'NONE', *, *, #3230, .T. ) ;
#2081 = SURFACE_STYLE_USAGE ( .BOTH. , #3649 ) ;
#2082 = CARTESIAN_POINT ( 'NONE',  ( -5.149999999999999467, -3.596225779008426725E-14, -1.255615519767453214E-28 ) ) ;
#2083 = DIRECTION ( 'NONE',  ( 0.0000000000000000000, 1.000000000000000000, 3.491481338843133355E-15 ) ) ;
#2084 =( GEOMETRIC_REPRESENTATION_CONTEXT ( 3 ) GLOBAL_UNCERTAINTY_ASSIGNED_CONTEXT ( ( #1093 ) ) GLOBAL_UNIT_ASSIGNED_CONTEXT ( ( #1704, #2627, #340 ) ) REPRESENTATION_CONTEXT ( 'NONE', 'WORKASPACE' ) );
#2085 = DIRECTION ( 'NONE',  ( 1.000000000000000000, 6.961910208317616384E-15, 2.430737957504246937E-29 ) ) ;
#2086 = EDGE_CURVE ( 'NONE', #2856, #3006, #2578, .T. ) ;
#2087 = MECHANICAL_DESIGN_GEOMETRIC_PRESENTATION_REPRESENTATION (  '', ( #4086 ), #381 ) ;
#2088 =( LENGTH_UNIT ( ) NAMED_UNIT ( * ) SI_UNIT ( .MILLI., .METRE. ) );
#2089 = EDGE_LOOP ( 'NONE', ( #4084, #3042, #1988, #2057, #1037 ) ) ;
#2090 = CARTESIAN_POINT ( 'NONE',  ( -2.350000000000000977, -0.4500000000000175526, 0.2999999999999986011 ) ) ;
#2091 = FILL_AREA_STYLE_COLOUR ( '', #783 ) ;
#2092 = ADVANCED_FACE ( 'NONE', ( #3278 ), #3637, .F. ) ;
#2093 = CARTESIAN_POINT ( 'NONE',  ( 2.054158128379449888, -0.4937123870378499757, 0.4607899795847973379 ) ) ;
#2094 = CIRCLE ( 'NONE', #2346, 0.4500000000000001776 ) ;
#2095 = PRESENTATION_STYLE_ASSIGNMENT (( #2990 ) ) ;
#2096 = CARTESIAN_POINT ( 'NONE',  ( 4.149999999999965716, 5.150000000000029665, 1.798112889504224091E-14 ) ) ;
#2097 = COLOUR_RGB ( '',1.000000000000000000, 1.000000000000000000, 0.7529411764705882248 ) ;
#2098 = UNCERTAINTY_MEASURE_WITH_UNIT (LENGTH_MEASURE( 1.000000000000000082E-05 ), #3904, 'distance_accuracy_value', 'NONE');
#2099 = CARTESIAN_POINT ( 'NONE',  ( -2.275000000000000799, 0.4499999999999811373, 0.7500000000000015543 ) ) ;
#2100 = AXIS2_PLACEMENT_3D ( 'NONE', #3872, #2298, #1361 ) ;
#2101 =( NAMED_UNIT ( * ) SI_UNIT ( $, .STERADIAN. ) SOLID_ANGLE_UNIT ( ) );
#2102 = VERTEX_POINT ( 'NONE', #1120 ) ;
#2103 = LINE ( 'NONE', #1197, #1464 ) ;
#2104 = EDGE_LOOP ( 'NONE', ( #1760, #3897, #3905, #360 ) ) ;
#2105 = ORIENTED_EDGE ( 'NONE', *, *, #3847, .F. ) ;
#2106 =( LENGTH_UNIT ( ) NAMED_UNIT ( * ) SI_UNIT ( .MILLI., .METRE. ) );
#2107 = DIRECTION ( 'NONE',  ( 1.000000000000000000, 6.982962677686266711E-15, 2.438088387897967896E-29 ) ) ;
#2108 = LINE ( 'NONE', #2367, #3521 ) ;
#2109 =( NAMED_UNIT ( * ) PLANE_ANGLE_UNIT ( ) SI_UNIT ( $, .RADIAN. ) );
#2110 = SURFACE_SIDE_STYLE ('',( #4011 ) ) ;
#2111 = EDGE_CURVE ( 'NONE', #3541, #2102, #3985, .T. ) ;
#2112 =( LENGTH_UNIT ( ) NAMED_UNIT ( * ) SI_UNIT ( .MILLI., .METRE. ) );
#2113 = CARTESIAN_POINT ( 'NONE',  ( 2.649999999999996358, 0.4500000000000174416, 0.2999999999999857225 ) ) ;
#2114 = CARTESIAN_POINT ( 'NONE',  ( 2.699269725188706115, 1.680513367352531873E-14, 0.5755300461664476508 ) ) ;
#2115 = SURFACE_STYLE_FILL_AREA ( #3328 ) ;
#2116 = ORIENTED_EDGE ( 'NONE', *, *, #811, .T. ) ;
#2117 = PRESENTATION_STYLE_ASSIGNMENT (( #844 ) ) ;
#2118 = VECTOR ( 'NONE', #1500, 1000.000000000000000 ) ;
#2119 = LINE ( 'NONE', #1473, #3337 ) ;
#2120 = ORIENTED_EDGE ( 'NONE', *, *, #1035, .T. ) ;
#2121 = MECHANICAL_DESIGN_GEOMETRIC_PRESENTATION_REPRESENTATION (  '', ( #1323 ), #3454 ) ;
#2122 = FILL_AREA_STYLE_COLOUR ( '', #959 ) ;
#2123 = STYLED_ITEM ( 'NONE', ( #3250 ), #2642 ) ;
#2124 = CARTESIAN_POINT ( 'NONE',  ( -1.499999999999963807, -5.150000000000012790, 0.8999999999999820366 ) ) ;
#2125 = STYLED_ITEM ( 'NONE', ( #9 ), #588 ) ;
#2126 = SURFACE_STYLE_FILL_AREA ( #2710 ) ;
#2127 = CARTESIAN_POINT ( 'NONE',  ( -2.275000000000000799, -1.958578759030712991E-14, 0.9000000000000001332 ) ) ;
#2128 = EDGE_CURVE ( 'NONE', #2214, #869, #3396, .T. ) ;
#2129 = EDGE_CURVE ( 'NONE', #1058, #15, #448, .T. ) ;
#2130 = UNCERTAINTY_MEASURE_WITH_UNIT (LENGTH_MEASURE( 1.000000000000000082E-05 ), #1286, 'distance_accuracy_value', 'NONE');
#2131 = CARTESIAN_POINT ( 'NONE',  ( -2.275000000000000799, -1.906050470926743727E-14, 0.7500000000000000000 ) ) ;
#2132 = AXIS2_PLACEMENT_3D ( 'NONE', #4145, #2502, #3498 ) ;
#2133 = PLANE ( 'NONE',  #3748 ) ;
#2134 = STYLED_ITEM ( 'NONE', ( #1358 ), #1186 ) ;
#2135 = SURFACE_SIDE_STYLE ('',( #2151 ) ) ;
#2136 = EDGE_LOOP ( 'NONE', ( #3227, #1005, #2309, #3586 ) ) ;
#2137 = CARTESIAN_POINT ( 'NONE',  ( -5.850000000000001421, -0.4500000000000164979, -1.843143693225357538E-15 ) ) ;
#2138 =( GEOMETRIC_REPRESENTATION_CONTEXT ( 3 ) GLOBAL_UNCERTAINTY_ASSIGNED_CONTEXT ( ( #3308 ) ) GLOBAL_UNIT_ASSIGNED_CONTEXT ( ( #410, #3598, #1707 ) ) REPRESENTATION_CONTEXT ( 'NONE', 'WORKASPACE' ) );
#2139 =( LENGTH_UNIT ( ) NAMED_UNIT ( * ) SI_UNIT ( .MILLI., .METRE. ) );
#2140 = CYLINDRICAL_SURFACE ( 'NONE', #3660, 0.5999999999999998668 ) ;
#2141 = SURFACE_SIDE_STYLE ('',( #4075 ) ) ;
#2142 = DIRECTION ( 'NONE',  ( -0.0000000000000000000, -3.491481338843133355E-15, 1.000000000000000000 ) ) ;
#2143 = FILL_AREA_STYLE_COLOUR ( '', #3394 ) ;
#2144 = DIRECTION ( 'NONE',  ( -0.0000000000000000000, 3.491481338843133355E-15, -1.000000000000000000 ) ) ;
#2145 = CARTESIAN_POINT ( 'NONE',  ( 5.000000000000079048, -9.999999999999982236, 2.349999999999967226 ) ) ;
#2146 = SURFACE_SIDE_STYLE ('',( #3073 ) ) ;
#2147 = LINE ( 'NONE', #4057, #3430 ) ;
#2148 = FILL_AREA_STYLE ('',( #883 ) ) ;
#2149 =( GEOMETRIC_REPRESENTATION_CONTEXT ( 3 ) GLOBAL_UNCERTAINTY_ASSIGNED_CONTEXT ( ( #3601 ) ) GLOBAL_UNIT_ASSIGNED_CONTEXT ( ( #1860, #2817, #3067 ) ) REPRESENTATION_CONTEXT ( 'NONE', 'WORKASPACE' ) );
#2150 =( LENGTH_UNIT ( ) NAMED_UNIT ( * ) SI_UNIT ( .MILLI., .METRE. ) );
#2151 = SURFACE_STYLE_FILL_AREA ( #3652 ) ;
#2152 = ORIENTED_EDGE ( 'NONE', *, *, #2824, .F. ) ;
#2153 = DIRECTION ( 'NONE',  ( -6.746146851020913761E-15, 1.000000000000000000, 3.373073425510456881E-15 ) ) ;
#2154 = ADVANCED_FACE ( 'NONE', ( #2769 ), #206, .T. ) ;
#2155 = SURFACE_STYLE_FILL_AREA ( #200 ) ;
#2156 = EDGE_CURVE ( 'NONE', #1512, #460, #2070, .T. ) ;
#2157 = ORIENTED_EDGE ( 'NONE', *, *, #3951, .T. ) ;
#2158 = STYLED_ITEM ( 'NONE', ( #3113 ), #3976 ) ;
#2159 = CARTESIAN_POINT ( 'NONE',  ( -4.500000000000007105, -8.673594241146206358E-14, 15.99999999999999645 ) ) ;
#2160 = PRESENTATION_STYLE_ASSIGNMENT (( #513 ) ) ;
#2161 = FILL_AREA_STYLE_COLOUR ( '', #3837 ) ;
#2162 = CARTESIAN_POINT ( 'NONE',  ( -5.850000000000001421, -0.4500000000000175526, 0.2999999999999983791 ) ) ;
#2163 =( NAMED_UNIT ( * ) PLANE_ANGLE_UNIT ( ) SI_UNIT ( $, .RADIAN. ) );
#2164 = SURFACE_STYLE_USAGE ( .BOTH. , #1294 ) ;
#2165 = ORIENTED_EDGE ( 'NONE', *, *, #3077, .T. ) ;
#2166 = PRESENTATION_STYLE_ASSIGNMENT (( #267 ) ) ;
#2167 = SURFACE_STYLE_FILL_AREA ( #2864 ) ;
#2168 = VERTEX_POINT ( 'NONE', #4032 ) ;
#2169 = LINE ( 'NONE', #4107, #3804 ) ;
#2170 = ORIENTED_EDGE ( 'NONE', *, *, #2205, .F. ) ;
#2171 = ORIENTED_EDGE ( 'NONE', *, *, #2880, .T. ) ;
#2172 = EDGE_CURVE ( 'NONE', #4146, #3438, #125, .T. ) ;
#2173 = EDGE_CURVE ( 'NONE', #2322, #3884, #2782, .T. ) ;
#2174 = COLOUR_RGB ( '',0.7529411764705882248, 0.7529411764705882248, 0.7529411764705882248 ) ;
#2175 = PRESENTATION_LAYER_ASSIGNMENT (  '', '', ( #559 ) ) ;
#2176 =( NAMED_UNIT ( * ) SI_UNIT ( $, .STERADIAN. ) SOLID_ANGLE_UNIT ( ) );
#2177 = ORIENTED_EDGE ( 'NONE', *, *, #1271, .T. ) ;
#2178 = VECTOR ( 'NONE', #3609, 1000.000000000000000 ) ;
#2179 = SURFACE_STYLE_USAGE ( .BOTH. , #1618 ) ;
#2180 = SURFACE_STYLE_FILL_AREA ( #921 ) ;
#2181 = SURFACE_SIDE_STYLE ('',( #2820 ) ) ;
#2182 = ORIENTED_EDGE ( 'NONE', *, *, #1392, .F. ) ;
#2183 = CARTESIAN_POINT ( 'NONE',  ( -6.414285714285695938, -5.552702286381585336E-14, 3.075000000000000622 ) ) ;
#2184 = PRESENTATION_LAYER_ASSIGNMENT (  '', '', ( #302 ) ) ;
#2185 =( GEOMETRIC_REPRESENTATION_CONTEXT ( 3 ) GLOBAL_UNCERTAINTY_ASSIGNED_CONTEXT ( ( #1982 ) ) GLOBAL_UNIT_ASSIGNED_CONTEXT ( ( #1698, #1388, #2936 ) ) REPRESENTATION_CONTEXT ( 'NONE', 'WORKASPACE' ) );
#2186 =( NAMED_UNIT ( * ) PLANE_ANGLE_UNIT ( ) SI_UNIT ( $, .RADIAN. ) );
#2187 =( NAMED_UNIT ( * ) PLANE_ANGLE_UNIT ( ) SI_UNIT ( $, .RADIAN. ) );
#2188 = EDGE_LOOP ( 'NONE', ( #2170, #2538, #85, #330 ) ) ;
#2189 = AXIS2_PLACEMENT_3D ( 'NONE', #1434, #3670, #1721 ) ;
#2190 = MECHANICAL_DESIGN_GEOMETRIC_PRESENTATION_REPRESENTATION (  '', ( #116 ), #808 ) ;
#2191 = CARTESIAN_POINT ( 'NONE',  ( -2.725000000000000533, 0.05221248460495095389, 0.6608677134682584553 ) ) ;
#2192 = ORIENTED_EDGE ( 'NONE', *, *, #1367, .F. ) ;
#2193 =( LENGTH_UNIT ( ) NAMED_UNIT ( * ) SI_UNIT ( .MILLI., .METRE. ) );
#2194 = CARTESIAN_POINT ( 'NONE',  ( 2.274999999999996803, 0.4500000000000148326, 0.2999999999999857225 ) ) ;
#2195 = CARTESIAN_POINT ( 'NONE',  ( -2.350000000000000977, -0.4437059837324903722, 0.7499999999999984457 ) ) ;
#2196 = VECTOR ( 'NONE', #3845, 1000.000000000000000 ) ;
#2197 = DIRECTION ( 'NONE',  ( -7.228014483236698330E-15, 1.000000000000000000, 3.523657060577890199E-15 ) ) ;
#2198 = EDGE_CURVE ( 'NONE', #1979, #2956, #788, .T. ) ;
#2199 = CARTESIAN_POINT ( 'NONE',  ( 5.849999999999996980, 0.4500000000000398126, 0.2999999999999857225 ) ) ;
#2200 = LINE ( 'NONE', #605, #894 ) ;
#2201 = APPLICATION_PROTOCOL_DEFINITION ( 'draft international standard', 'automotive_design', 1998, #2570 ) ;
#2202 = EDGE_CURVE ( 'NONE', #1684, #3283, #2108, .T. ) ;
#2203 = ORIENTED_EDGE ( 'NONE', *, *, #3997, .T. ) ;
#2204 = DIRECTION ( 'NONE',  ( -1.807003620809171674E-16, 3.491481338843132172E-15, -1.000000000000000000 ) ) ;
#2205 = EDGE_CURVE ( 'NONE', #1947, #3111, #3344, .T. ) ;
#2206 = CIRCLE ( 'NONE', #1551, 1.589285714285694207 ) ;
#2207 = FILL_AREA_STYLE ('',( #4138 ) ) ;
#2208 = EDGE_LOOP ( 'NONE', ( #1431, #1866, #2116, #2699 ) ) ;
#2209 = LINE ( 'NONE', #3172, #3288 ) ;
#2210 = CARTESIAN_POINT ( 'NONE',  ( 2.274999999999999467, 1.483879569008331676E-14, 0.2999999999999999889 ) ) ;
#2211 = VERTEX_POINT ( 'NONE', #3719 ) ;
#2212 = UNCERTAINTY_MEASURE_WITH_UNIT (LENGTH_MEASURE( 1.000000000000000082E-05 ), #1330, 'distance_accuracy_value', 'NONE');
#2213 = CARTESIAN_POINT ( 'NONE',  ( -2.699269725188707003, 0.1744699538335177658, 0.6477978672709229224 ) ) ;
#2214 = VERTEX_POINT ( 'NONE', #3044 ) ;
#2215 = VECTOR ( 'NONE', #1112, 1000.000000000000000 ) ;
#2216 =( LENGTH_UNIT ( ) NAMED_UNIT ( * ) SI_UNIT ( .MILLI., .METRE. ) );
#2217 =( GEOMETRIC_REPRESENTATION_CONTEXT ( 3 ) GLOBAL_UNCERTAINTY_ASSIGNED_CONTEXT ( ( #1377 ) ) GLOBAL_UNIT_ASSIGNED_CONTEXT ( ( #2001, #3264, #315 ) ) REPRESENTATION_CONTEXT ( 'NONE', 'WORKASPACE' ) );
#2218 = ORIENTED_EDGE ( 'NONE', *, *, #965, .F. ) ;
#2219 = CARTESIAN_POINT ( 'NONE',  ( 2.274999999999996803, 0.4500000000000148326, 0.2999999999999857225 ) ) ;
#2220 = DIRECTION ( 'NONE',  ( -1.000000000000000000, -6.982962677686266711E-15, -2.438088387897967896E-29 ) ) ;
#2221 = SURFACE_SIDE_STYLE ('',( #1270 ) ) ;
#2222 = FILL_AREA_STYLE ('',( #3527 ) ) ;
#2223 = ORIENTED_EDGE ( 'NONE', *, *, #1291, .F. ) ;
#2224 = SURFACE_STYLE_USAGE ( .BOTH. , #305 ) ;
#2225 = CARTESIAN_POINT ( 'NONE',  ( 0.0000000000000000000, -5.586370142149013368E-15, 1.600000000000000089 ) ) ;
#2226 = CARTESIAN_POINT ( 'NONE',  ( 1.824999999999999512, 1.009819082833300276E-14, 0.7499999999999842348 ) ) ;
#2227 = EDGE_CURVE ( 'NONE', #3691, #2631, #852, .T. ) ;
#2228 = EDGE_CURVE ( 'NONE', #1925, #350, #3066, .T. ) ;
#2229 = LINE ( 'NONE', #2842, #3597 ) ;
#2230 = SURFACE_STYLE_FILL_AREA ( #2907 ) ;
#2231 = VERTEX_POINT ( 'NONE', #183 ) ;
#2232 =( NAMED_UNIT ( * ) SI_UNIT ( $, .STERADIAN. ) SOLID_ANGLE_UNIT ( ) );
#2233 =( NAMED_UNIT ( * ) PLANE_ANGLE_UNIT ( ) SI_UNIT ( $, .RADIAN. ) );
#2234 = EDGE_LOOP ( 'NONE', ( #3392, #2598 ) ) ;
#2235 = FILL_AREA_STYLE ('',( #975 ) ) ;
#2236 = CARTESIAN_POINT ( 'NONE',  ( -5.000000000000007105, -9.016619141034782936E-14, 15.99999999999999645 ) ) ;
#2237 = SURFACE_STYLE_USAGE ( .BOTH. , #3191 ) ;
#2238 = SURFACE_SIDE_STYLE ('',( #3233 ) ) ;
#2239 = VECTOR ( 'NONE', #1458, 1000.000000000000000 ) ;
#2240 = ORIENTED_EDGE ( 'NONE', *, *, #1778, .T. ) ;
#2241 = CARTESIAN_POINT ( 'NONE',  ( -2.350000000000000977, 0.2599169475643685057, 0.3062940162675297784 ) ) ;
#2242 = DIRECTION ( 'NONE',  ( 6.982962677686265922E-15, -1.000000000000000000, -3.486454044855347901E-15 ) ) ;
#2243 = SURFACE_STYLE_FILL_AREA ( #54 ) ;
#2244 = MECHANICAL_DESIGN_GEOMETRIC_PRESENTATION_REPRESENTATION (  '', ( #3055 ), #3662 ) ;
#2245 = CARTESIAN_POINT ( 'NONE',  ( 2.274999999999999467, 1.324052403329182436E-14, 0.7499999999999842348 ) ) ;
#2246 = FILL_AREA_STYLE_COLOUR ( '', #862 ) ;
#2247 = DIRECTION ( 'NONE',  ( -1.000000000000000000, -6.982962677686264344E-15, -1.734723475976805615E-16 ) ) ;
#2248 =( BOUNDED_CURVE ( )  B_SPLINE_CURVE ( 3, ( #2867, #3450, #3161, #4085 ),
 .UNSPECIFIED., .F., .F. ) 
 B_SPLINE_CURVE_WITH_KNOTS ( ( 4, 4 ),
 ( 0.0000000000000000000, 1.000000000000000000 ),
 .UNSPECIFIED. ) 
 CURVE ( )  GEOMETRIC_REPRESENTATION_ITEM ( )  RATIONAL_B_SPLINE_CURVE ( ( 1.000000000000000000, 0.3333333333333333703, 0.3333333333333333703, 1.000000000000000000 ) ) 
 REPRESENTATION_ITEM ( '' )  );
#2249 = ORIENTED_EDGE ( 'NONE', *, *, #1293, .F. ) ;
#2250 = ADVANCED_FACE ( 'NONE', ( #3487 ), #1905, .T. ) ;
#2251 = CARTESIAN_POINT ( 'NONE',  ( 2.274999999999999467, 1.324052403329182436E-14, 0.7499999999999842348 ) ) ;
#2252 = LINE ( 'NONE', #2595, #757 ) ;
#2253 =( LENGTH_UNIT ( ) NAMED_UNIT ( * ) SI_UNIT ( .MILLI., .METRE. ) );
#2254 = VECTOR ( 'NONE', #938, 1000.000000000000000 ) ;
#2255 = ORIENTED_EDGE ( 'NONE', *, *, #1916, .T. ) ;
#2256 = DIRECTION ( 'NONE',  ( -7.228014483236698330E-15, 1.000000000000000000, 3.433306879537431628E-15 ) ) ;
#2257 = COLOUR_RGB ( '',0.7529411764705882248, 0.7529411764705882248, 0.7529411764705882248 ) ;
#2258 =( NAMED_UNIT ( * ) PLANE_ANGLE_UNIT ( ) SI_UNIT ( $, .RADIAN. ) );
#2259 = MECHANICAL_DESIGN_GEOMETRIC_PRESENTATION_REPRESENTATION (  '', ( #807 ), #1337 ) ;
#2260 =( GEOMETRIC_REPRESENTATION_CONTEXT ( 3 ) GLOBAL_UNCERTAINTY_ASSIGNED_CONTEXT ( ( #3934 ) ) GLOBAL_UNIT_ASSIGNED_CONTEXT ( ( #2569, #2804, #2520 ) ) REPRESENTATION_CONTEXT ( 'NONE', 'WORKASPACE' ) );
#2261 = FACE_OUTER_BOUND ( 'NONE', #2458, .T. ) ;
#2262 = FACE_OUTER_BOUND ( 'NONE', #917, .T. ) ;
#2263 = EDGE_LOOP ( 'NONE', ( #3116, #3613, #2831, #3330 ) ) ;
#2264 = LINE ( 'NONE', #2919, #597 ) ;
#2265 = DIRECTION ( 'NONE',  ( 1.807003620809171674E-16, 3.491481338843133355E-15, -1.000000000000000000 ) ) ;
#2266 =( NAMED_UNIT ( * ) PLANE_ANGLE_UNIT ( ) SI_UNIT ( $, .RADIAN. ) );
#2267 = CARTESIAN_POINT ( 'NONE',  ( -2.275000000000000799, -0.4500000000000191069, 0.7499999999999984457 ) ) ;
#2268 = AXIS2_PLACEMENT_3D ( 'NONE', #2127, #2515, #3381 ) ;
#2269 = DIRECTION ( 'NONE',  ( -1.000000000000000000, 0.0000000000000000000, 0.0000000000000000000 ) ) ;
#2270 = DIRECTION ( 'NONE',  ( -6.746146851020913761E-15, 1.000000000000000000, 3.373073425510456881E-15 ) ) ;
#2271 = ORIENTED_EDGE ( 'NONE', *, *, #860, .F. ) ;
#2272 = CARTESIAN_POINT ( 'NONE',  ( -2.350000000000000977, -0.4437059837324903722, 0.7499999999999984457 ) ) ;
#2273 = STYLED_ITEM ( 'NONE', ( #3531 ), #3286 ) ;
#2274 = DIRECTION ( 'NONE',  ( -0.0000000000000000000, 3.491481338843133355E-15, -1.000000000000000000 ) ) ;
#2275 = ORIENTED_EDGE ( 'NONE', *, *, #550, .F. ) ;
#2276 =( NAMED_UNIT ( * ) PLANE_ANGLE_UNIT ( ) SI_UNIT ( $, .RADIAN. ) );
#2277 = MECHANICAL_DESIGN_GEOMETRIC_PRESENTATION_REPRESENTATION (  '', ( #675 ), #1757 ) ;
#2278 = EDGE_CURVE ( 'NONE', #1818, #865, #1996, .T. ) ;
#2279 =( NAMED_UNIT ( * ) SI_UNIT ( $, .STERADIAN. ) SOLID_ANGLE_UNIT ( ) );
#2280 = EDGE_CURVE ( 'NONE', #2993, #3617, #604, .T. ) ;
#2281 = FACE_OUTER_BOUND ( 'NONE', #2534, .T. ) ;
#2282 = SURFACE_STYLE_FILL_AREA ( #2961 ) ;
#2283 = VERTEX_POINT ( 'NONE', #3416 ) ;
#2284 = CARTESIAN_POINT ( 'NONE',  ( -4.499999999999944933, -9.000000000000138556, 16.49999999999997158 ) ) ;
#2285 = MECHANICAL_DESIGN_GEOMETRIC_PRESENTATION_REPRESENTATION (  '', ( #1491 ), #2217 ) ;
#2286 = VERTEX_POINT ( 'NONE', #4151 ) ;
#2287 = DIRECTION ( 'NONE',  ( -6.982962677686266711E-15, 1.000000000000000000, 3.491481338843133355E-15 ) ) ;
#2288 = PLANE ( 'NONE',  #3851 ) ;
#2289 = CIRCLE ( 'NONE', #1028, 0.4437059837324713318 ) ;
#2290 = FACE_OUTER_BOUND ( 'NONE', #1744, .T. ) ;
#2291 =( NAMED_UNIT ( * ) PLANE_ANGLE_UNIT ( ) SI_UNIT ( $, .RADIAN. ) );
#2292 = CIRCLE ( 'NONE', #3301, 5.099999999999999645 ) ;
#2293 = DIRECTION ( 'NONE',  ( 0.0000000000000000000, -3.491481338843133355E-15, 1.000000000000000000 ) ) ;
#2294 = DIRECTION ( 'NONE',  ( 6.982962677686266711E-15, -1.000000000000000000, -3.491481338843133355E-15 ) ) ;
#2295 = CARTESIAN_POINT ( 'NONE',  ( 5.000000000000002665, -2.094888803305877489E-14, 15.99999999999999645 ) ) ;
#2296 = ORIENTED_EDGE ( 'NONE', *, *, #2086, .T. ) ;
#2297 = UNCERTAINTY_MEASURE_WITH_UNIT (LENGTH_MEASURE( 1.000000000000000082E-05 ), #3991, 'distance_accuracy_value', 'NONE');
#2298 = DIRECTION ( 'NONE',  ( 6.907539917861188484E-15, -1.000000000000000000, -3.491481338843133355E-15 ) ) ;
#2299 = LINE ( 'NONE', #2358, #2866 ) ;
#2300 = ORIENTED_EDGE ( 'NONE', *, *, #1550, .F. ) ;
#2301 = CARTESIAN_POINT ( 'NONE',  ( 4.500000000000003553, -2.444036937190190509E-14, 15.99999999999999645 ) ) ;
#2302 = CARTESIAN_POINT ( 'NONE',  ( -2.350000000000000533, 0.4499999999999835798, 1.734723475976807094E-15 ) ) ;
#2303 = CARTESIAN_POINT ( 'NONE',  ( -5.149999999999999467, -3.596225779008426725E-14, -1.255615519767453214E-28 ) ) ;
#2304 =( NAMED_UNIT ( * ) SI_UNIT ( $, .STERADIAN. ) SOLID_ANGLE_UNIT ( ) );
#2305 = PRESENTATION_STYLE_ASSIGNMENT (( #1989 ) ) ;
#2306 = EDGE_CURVE ( 'NONE', #772, #3839, #2556, .T. ) ;
#2307 = EDGE_CURVE ( 'NONE', #2495, #1325, #1269, .T. ) ;
#2308 = CARTESIAN_POINT ( 'NONE',  ( 5.149999999999971934, 4.150000000000029665, 1.600000000000014522 ) ) ;
#2309 = ORIENTED_EDGE ( 'NONE', *, *, #2506, .T. ) ;
#2310 =( LENGTH_UNIT ( ) NAMED_UNIT ( * ) SI_UNIT ( .MILLI., .METRE. ) );
#2311 = SURFACE_STYLE_USAGE ( .BOTH. , #1960 ) ;
#2312 = SURFACE_SIDE_STYLE ('',( #3220 ) ) ;
#2313 = MECHANICAL_DESIGN_GEOMETRIC_PRESENTATION_REPRESENTATION (  '', ( #4123 ), #1719 ) ;
#2314 = CARTESIAN_POINT ( 'NONE',  ( 2.274999999999999467, 1.324052403329182436E-14, 0.7499999999999842348 ) ) ;
#2315 = ORIENTED_EDGE ( 'NONE', *, *, #860, .T. ) ;
#2316 = VERTEX_POINT ( 'NONE', #1225 ) ;
#2317 = DIRECTION ( 'NONE',  ( 0.0000000000000000000, 3.491481338843133355E-15, -1.000000000000000000 ) ) ;
#2318 = AXIS2_PLACEMENT_3D ( 'NONE', #132, #2357, #2376 ) ;
#2319 = VERTEX_POINT ( 'NONE', #2491 ) ;
#2320 = DIRECTION ( 'NONE',  ( 1.000000000000000000, 6.982962677686266711E-15, 0.0000000000000000000 ) ) ;
#2321 = PRESENTATION_STYLE_ASSIGNMENT (( #140 ) ) ;
#2322 = VERTEX_POINT ( 'NONE', #3784 ) ;
#2323 = AXIS2_PLACEMENT_3D ( 'NONE', #576, #1223, #3437 ) ;
#2324 = MECHANICAL_DESIGN_GEOMETRIC_PRESENTATION_REPRESENTATION (  '', ( #3675 ), #937 ) ;
#2325 = DIRECTION ( 'NONE',  ( -0.0000000000000000000, 3.491481338843133355E-15, -1.000000000000000000 ) ) ;
#2326 = EDGE_CURVE ( 'NONE', #1842, #869, #3451, .T. ) ;
#2327 = AXIS2_PLACEMENT_3D ( 'NONE', #802, #3690, #3406 ) ;
#2328 = EDGE_LOOP ( 'NONE', ( #3261, #280, #3496, #1906, #2461, #991 ) ) ;
#2329 = CARTESIAN_POINT ( 'NONE',  ( -2.275000000000000799, -0.4500000000000175526, 0.2999999999999983791 ) ) ;
#2330 = DIRECTION ( 'NONE',  ( 0.0000000000000000000, -1.000000000000000000, -3.373073425510456881E-15 ) ) ;
#2331 = AXIS2_PLACEMENT_3D ( 'NONE', #1378, #3325, #455 ) ;
#2332 = EDGE_CURVE ( 'NONE', #2168, #729, #90, .T. ) ;
#2333 = EDGE_CURVE ( 'NONE', #1428, #3600, #582, .T. ) ;
#2334 = ORIENTED_EDGE ( 'NONE', *, *, #3799, .F. ) ;
#2335 = UNCERTAINTY_MEASURE_WITH_UNIT (LENGTH_MEASURE( 1.000000000000000082E-05 ), #4122, 'distance_accuracy_value', 'NONE');
#2336 = LINE ( 'NONE', #3957, #511 ) ;
#2337 = CARTESIAN_POINT ( 'NONE',  ( 2.725000000000000089, -0.05221248460495300781, 0.6608677134682423571 ) ) ;
#2338 = STYLED_ITEM ( 'NONE', ( #3636 ), #1521 ) ;
#2339 = LINE ( 'NONE', #3329, #1598 ) ;
#2340 = ORIENTED_EDGE ( 'NONE', *, *, #3156, .T. ) ;
#2341 = STYLED_ITEM ( 'NONE', ( #3513 ), #1811 ) ;
#2342 = CARTESIAN_POINT ( 'NONE',  ( -2.275000000000000799, -2.148273880888446657E-14, 1.443755419130956952 ) ) ;
#2343 = EDGE_LOOP ( 'NONE', ( #1256, #1140, #1450, #2933, #29, #3912, #1407 ) ) ;
#2344 = PLANE ( 'NONE',  #641 ) ;
#2345 = SURFACE_SIDE_STYLE ('',( #445 ) ) ;
#2346 = AXIS2_PLACEMENT_3D ( 'NONE', #3299, #3971, #2330 ) ;
#2347 = STYLED_ITEM ( 'NONE', ( #1076 ), #3490 ) ;
#2348 = PRESENTATION_STYLE_ASSIGNMENT (( #1401 ) ) ;
#2349 = DIRECTION ( 'NONE',  ( 0.0000000000000000000, -1.000000000000000000, -3.373073425510456881E-15 ) ) ;
#2350 = SURFACE_SIDE_STYLE ('',( #3259 ) ) ;
#2351 = CARTESIAN_POINT ( 'NONE',  ( -2.275000000000000799, -1.906050470926743727E-14, 0.7500000000000001110 ) ) ;
#2352 = VERTEX_POINT ( 'NONE', #1243 ) ;
#2353 = ADVANCED_FACE ( 'NONE', ( #1924 ), #3189, .F. ) ;
#2354 = ADVANCED_FACE ( 'NONE', ( #2605 ), #1374, .T. ) ;
#2355 = CARTESIAN_POINT ( 'NONE',  ( 2.274999999999996803, 0.4500000000000132783, 0.7499999999999857891 ) ) ;
#2356 = VECTOR ( 'NONE', #2374, 1000.000000000000000 ) ;
#2357 = DIRECTION ( 'NONE',  ( 0.0000000000000000000, -3.491481338843133355E-15, 1.000000000000000000 ) ) ;
#2358 = CARTESIAN_POINT ( 'NONE',  ( -5.149999999999988809, -1.500000000000039524, 0.8999999999999949152 ) ) ;
#2359 = ORIENTED_EDGE ( 'NONE', *, *, #1673, .F. ) ;
#2360 = DIRECTION ( 'NONE',  ( 0.7071067811865510144, -0.7071067811865441310, -2.468850131082253116E-15 ) ) ;
#2361 = CARTESIAN_POINT ( 'NONE',  ( 2.274999999999999467, 1.081828993367479190E-14, 1.443755419130940965 ) ) ;
#2362 = PRESENTATION_STYLE_ASSIGNMENT (( #25 ) ) ;
#2363 = PRESENTATION_STYLE_ASSIGNMENT (( #4083 ) ) ;
#2364 =( NAMED_UNIT ( * ) SI_UNIT ( $, .STERADIAN. ) SOLID_ANGLE_UNIT ( ) );
#2365 = VERTEX_POINT ( 'NONE', #3215 ) ;
#2366 = LINE ( 'NONE', #486, #1147 ) ;
#2367 = CARTESIAN_POINT ( 'NONE',  ( -2.650000000000000799, -0.4500000000000164979, -1.463672932855430986E-15 ) ) ;
#2368 =( NAMED_UNIT ( * ) PLANE_ANGLE_UNIT ( ) SI_UNIT ( $, .RADIAN. ) );
#2369 =( NAMED_UNIT ( * ) SI_UNIT ( $, .STERADIAN. ) SOLID_ANGLE_UNIT ( ) );
#2370 = DIRECTION ( 'NONE',  ( -6.982962677686266711E-15, 1.000000000000000000, 3.491481338843133355E-15 ) ) ;
#2371 = PLANE ( 'NONE',  #1251 ) ;
#2372 = CARTESIAN_POINT ( 'NONE',  ( -2.275000000000000799, -1.958578759030712991E-14, 0.9000000000000001332 ) ) ;
#2373 = UNCERTAINTY_MEASURE_WITH_UNIT (LENGTH_MEASURE( 1.000000000000000082E-05 ), #3479, 'distance_accuracy_value', 'NONE');
#2374 = DIRECTION ( 'NONE',  ( -1.000000000000000000, -6.982962677686266711E-15, -2.438088387897967896E-29 ) ) ;
#2375 = COLOUR_RGB ( '',1.000000000000000000, 1.000000000000000000, 0.7529411764705882248 ) ;
#2376 = DIRECTION ( 'NONE',  ( -6.746146851020913761E-15, 1.000000000000000000, 3.373073425510456881E-15 ) ) ;
#2377 = EDGE_CURVE ( 'NONE', #3130, #3006, #12, .T. ) ;
#2378 = ORIENTED_EDGE ( 'NONE', *, *, #2173, .T. ) ;
#2379 = PRESENTATION_LAYER_ASSIGNMENT (  '', '', ( #3594 ) ) ;
#2380 = EDGE_CURVE ( 'NONE', #1512, #1325, #996, .T. ) ;
#2381 = MECHANICAL_DESIGN_GEOMETRIC_PRESENTATION_REPRESENTATION (  '', ( #2790 ), #3459 ) ;
#2382 =( BOUNDED_SURFACE ( )  B_SPLINE_SURFACE ( 3, 3, ( 
 ( #2012, #3255, #2587, #365 ),
 ( #3865, #1001, #1277, #2542 ),
 ( #343, #1642, #2628, #3830 ),
 ( #2226, #1667, #2946, #55 ) ),
 .UNSPECIFIED., .F., .F., .T. ) 
 B_SPLINE_SURFACE_WITH_KNOTS ( ( 4, 4 ),
 ( 4, 4 ),
 ( 0.0000000000000000000, 1.000000000000000000 ),
 ( 0.0000000000000000000, 1.000000000000000000 ),
 .UNSPECIFIED. ) 
 GEOMETRIC_REPRESENTATION_ITEM ( )  RATIONAL_B_SPLINE_SURFACE ( (
 ( 1.000000000000000000, 0.8047378541243649375, 0.8047378541243649375, 1.000000000000000000),
 ( 0.7636648162452686073, 0.6145499854954948882, 0.6145499854954948882, 0.7636648162452686073),
 ( 0.7636648162452686073, 0.6145499854954948882, 0.6145499854954948882, 0.7636648162452686073),
 ( 1.000000000000000000, 0.8047378541243649375, 0.8047378541243649375, 1.000000000000000000) ) ) 
 REPRESENTATION_ITEM ( '' )  SURFACE ( )  );
#2383 = CARTESIAN_POINT ( 'NONE',  ( 5.849999999999996980, 0.4500000000000398126, 0.2999999999999857225 ) ) ;
#2384 = COLOUR_RGB ( '',0.0000000000000000000, 0.0000000000000000000, 0.0000000000000000000 ) ;
#2385 = STYLED_ITEM ( 'NONE', ( #2362 ), #640 ) ;
#2386 = ORIENTED_EDGE ( 'NONE', *, *, #2793, .F. ) ;
#2387 = CARTESIAN_POINT ( 'NONE',  ( 2.725000000000000977, 1.641636192895090456E-14, 0.7499999999999841238 ) ) ;
#2388 = AXIS2_PLACEMENT_3D ( 'NONE', #2402, #4023, #3694 ) ;
#2389 = FILL_AREA_STYLE_COLOUR ( '', #2476 ) ;
#2390 = VECTOR ( 'NONE', #1387, 1000.000000000000000 ) ;
#2391 = PRESENTATION_LAYER_ASSIGNMENT (  '', '', ( #1602 ) ) ;
#2392 = FACE_OUTER_BOUND ( 'NONE', #3931, .T. ) ;
#2393 =( NAMED_UNIT ( * ) SI_UNIT ( $, .STERADIAN. ) SOLID_ANGLE_UNIT ( ) );
#2394 = STYLED_ITEM ( 'NONE', ( #662 ), #3106 ) ;
#2395 = AXIS2_PLACEMENT_3D ( 'NONE', #1150, #3366, #515 ) ;
#2396 =( NAMED_UNIT ( * ) SI_UNIT ( $, .STERADIAN. ) SOLID_ANGLE_UNIT ( ) );
#2397 = CARTESIAN_POINT ( 'NONE',  ( -2.725000000000000533, -0.08913228653176089034, 0.7499999999999995559 ) ) ;
#2398 = DIRECTION ( 'NONE',  ( 6.982962677686266711E-15, -1.000000000000000000, -3.491481338843133355E-15 ) ) ;
#2399 = CARTESIAN_POINT ( 'NONE',  ( 2.000000000000011546, -2.500000000000043521, 16.49999999999998934 ) ) ;
#2400 = VERTEX_POINT ( 'NONE', #2579 ) ;
#2401 = PRESENTATION_LAYER_ASSIGNMENT (  '', '', ( #1887 ) ) ;
#2402 = CARTESIAN_POINT ( 'NONE',  ( -2.275000000000000799, -1.749089878700124990E-14, 0.2999999999999999334 ) ) ;
#2403 = CIRCLE ( 'NONE', #2536, 0.5999999999999998668 ) ;
#2404 = EDGE_LOOP ( 'NONE', ( #2557, #4065, #2120, #1583 ) ) ;
#2405 = ORIENTED_EDGE ( 'NONE', *, *, #3462, .F. ) ;
#2406 =( LENGTH_UNIT ( ) NAMED_UNIT ( * ) SI_UNIT ( .MILLI., .METRE. ) );
#2407 = ADVANCED_FACE ( 'NONE', ( #2261 ), #3248, .F. ) ;
#2408 = ADVANCED_FACE ( 'NONE', ( #1792 ), #2344, .T. ) ;
#2409 = CIRCLE ( 'NONE', #598, 0.4500000000000001776 ) ;
#2410 = DIRECTION ( 'NONE',  ( 0.0000000000000000000, -3.491481338843133355E-15, 1.000000000000000000 ) ) ;
#2411 = DIRECTION ( 'NONE',  ( 0.0000000000000000000, 3.491481338843133355E-15, -1.000000000000000000 ) ) ;
#2412 = FILL_AREA_STYLE ('',( #2122 ) ) ;
#2413 =( LENGTH_UNIT ( ) NAMED_UNIT ( * ) SI_UNIT ( .MILLI., .METRE. ) );
#2414 = SURFACE_STYLE_FILL_AREA ( #514 ) ;
#2415 = SURFACE_STYLE_FILL_AREA ( #3973 ) ;
#2416 = PLANE ( 'NONE',  #1117 ) ;
#2417 = UNCERTAINTY_MEASURE_WITH_UNIT (LENGTH_MEASURE( 1.000000000000000082E-05 ), #1968, 'distance_accuracy_value', 'NONE');
#2418 = CARTESIAN_POINT ( 'NONE',  ( 2.725000000000000089, -0.08913228653172523830, 0.6977875153950144904 ) ) ;
#2419 = SURFACE_SIDE_STYLE ('',( #2115 ) ) ;
#2420 = EDGE_LOOP ( 'NONE', ( #1453, #167, #1965, #3590, #3608, #3890, #2636 ) ) ;
#2421 = DIRECTION ( 'NONE',  ( -0.0000000000000000000, 3.491481338843133355E-15, -1.000000000000000000 ) ) ;
#2422 = AXIS2_PLACEMENT_3D ( 'NONE', #145, #1063, #2071 ) ;
#2423 = CARTESIAN_POINT ( 'NONE',  ( -2.650000000000000799, -0.4500000000000175526, 0.2999999999999984901 ) ) ;
#2424 = ORIENTED_EDGE ( 'NONE', *, *, #3562, .T. ) ;
#2425 = DIRECTION ( 'NONE',  ( -0.0000000000000000000, 3.491481338843133355E-15, -1.000000000000000000 ) ) ;
#2426 =( LENGTH_UNIT ( ) NAMED_UNIT ( * ) SI_UNIT ( .MILLI., .METRE. ) );
#2427 = EDGE_CURVE ( 'NONE', #3835, #625, #3317, .T. ) ;
#2428 = DIRECTION ( 'NONE',  ( -1.000000000000000000, -6.982962677686264344E-15, 0.0000000000000000000 ) ) ;
#2429 = CARTESIAN_POINT ( 'NONE',  ( 4.150000000000029665, -4.149999999999971934, 0.8999999999999855893 ) ) ;
#2430 = SURFACE_SIDE_STYLE ('',( #1861 ) ) ;
#2431 =( NAMED_UNIT ( * ) PLANE_ANGLE_UNIT ( ) SI_UNIT ( $, .RADIAN. ) );
#2432 = ADVANCED_FACE ( 'NONE', ( #3041 ), #1725, .F. ) ;
#2433 =( LENGTH_UNIT ( ) NAMED_UNIT ( * ) SI_UNIT ( .MILLI., .METRE. ) );
#2434 = PRESENTATION_STYLE_ASSIGNMENT (( #591 ) ) ;
#2435 = DIRECTION ( 'NONE',  ( 0.0000000000000000000, -1.000000000000000000, -3.491481338843133355E-15 ) ) ;
#2436 = LINE ( 'NONE', #4059, #1148 ) ;
#2437 = ORIENTED_EDGE ( 'NONE', *, *, #668, .F. ) ;
#2438 = PRESENTATION_LAYER_ASSIGNMENT (  '', '', ( #2582 ) ) ;
#2439 = PRESENTATION_STYLE_ASSIGNMENT (( #1490 ) ) ;
#2440 = PRESENTATION_LAYER_ASSIGNMENT (  '', '', ( #1935 ) ) ;
#2441 = LINE ( 'NONE', #2302, #3069 ) ;
#2442 = AXIS2_PLACEMENT_3D ( 'NONE', #2301, #1745, #2320 ) ;
#2443 = SURFACE_SIDE_STYLE ('',( #1182 ) ) ;
#2444 = CARTESIAN_POINT ( 'NONE',  ( 5.149999999999994138, 1.000000000000034861, 0.3000000000000034306 ) ) ;
#2445 = VECTOR ( 'NONE', #1340, 1000.000000000000000 ) ;
#2446 = CARTESIAN_POINT ( 'NONE',  ( 2.275000000000002576, -0.4499999999999868550, 0.7499999999999826805 ) ) ;
#2447 = COLOUR_RGB ( '',1.000000000000000000, 1.000000000000000000, 0.7529411764705882248 ) ;
#2448 = CARTESIAN_POINT ( 'NONE',  ( -1.499999999999965361, -4.874423042781589999, 0.8999999999999830358 ) ) ;
#2449 = UNCERTAINTY_MEASURE_WITH_UNIT (LENGTH_MEASURE( 1.000000000000000082E-05 ), #3121, 'distance_accuracy_value', 'NONE');
#2450 = DIRECTION ( 'NONE',  ( 1.000000000000000000, 6.982962677686266711E-15, 2.438088387897967896E-29 ) ) ;
#2451 = UNCERTAINTY_MEASURE_WITH_UNIT (LENGTH_MEASURE( 1.000000000000000082E-05 ), #3567, 'distance_accuracy_value', 'NONE');
#2452 = STYLED_ITEM ( 'NONE', ( #2460 ), #749 ) ;
#2453 = EDGE_CURVE ( 'NONE', #3678, #2583, #936, .T. ) ;
#2454 = EDGE_CURVE ( 'NONE', #1198, #2784, #2588, .T. ) ;
#2455 = CARTESIAN_POINT ( 'NONE',  ( 1.499999999999998224, 4.888073874380374864E-15, 1.600000000000000089 ) ) ;
#2456 = FILL_AREA_STYLE ('',( #884 ) ) ;
#2457 = DIRECTION ( 'NONE',  ( -6.746146851020913761E-15, 1.000000000000000000, 3.373073425510456881E-15 ) ) ;
#2458 = EDGE_LOOP ( 'NONE', ( #3025, #1288, #20, #546 ) ) ;
#2459 =( NAMED_UNIT ( * ) PLANE_ANGLE_UNIT ( ) SI_UNIT ( $, .RADIAN. ) );
#2460 = PRESENTATION_STYLE_ASSIGNMENT (( #1770 ) ) ;
#2461 = ORIENTED_EDGE ( 'NONE', *, *, #4152, .F. ) ;
#2462 = PRESENTATION_LAYER_ASSIGNMENT (  '', '', ( #3074 ) ) ;
#2463 = ORIENTED_EDGE ( 'NONE', *, *, #2638, .F. ) ;
#2464 = DIRECTION ( 'NONE',  ( -0.0000000000000000000, 1.000000000000000000, 3.491481338843133355E-15 ) ) ;
#2465 = DIRECTION ( 'NONE',  ( 0.0000000000000000000, -3.491481338843133355E-15, 1.000000000000000000 ) ) ;
#2466 = CARTESIAN_POINT ( 'NONE',  ( 2.274999999999999467, 1.483879569008331676E-14, 0.2999999999999999334 ) ) ;
#2467 = PRESENTATION_STYLE_ASSIGNMENT (( #1885 ) ) ;
#2468 = STYLED_ITEM ( 'NONE', ( #19 ), #1785 ) ;
#2469 = DIRECTION ( 'NONE',  ( 6.982962677686266711E-15, -1.000000000000000000, -3.491481338843133355E-15 ) ) ;
#2470 = SURFACE_STYLE_USAGE ( .BOTH. , #2430 ) ;
#2471 = VECTOR ( 'NONE', #1, 1000.000000000000000 ) ;
#2472 =( NAMED_UNIT ( * ) SI_UNIT ( $, .STERADIAN. ) SOLID_ANGLE_UNIT ( ) );
#2473 = CARTESIAN_POINT ( 'NONE',  ( 2.274999999999999467, 1.324052403329182436E-14, 0.7499999999999842348 ) ) ;
#2474 = EDGE_LOOP ( 'NONE', ( #2315, #1962, #216, #405 ) ) ;
#2475 =( NAMED_UNIT ( * ) SI_UNIT ( $, .STERADIAN. ) SOLID_ANGLE_UNIT ( ) );
#2476 = COLOUR_RGB ( '',0.0000000000000000000, 0.0000000000000000000, 0.0000000000000000000 ) ;
#2477 =( NAMED_UNIT ( * ) PLANE_ANGLE_UNIT ( ) SI_UNIT ( $, .RADIAN. ) );
#2478 = VECTOR ( 'NONE', #138, 1000.000000000000000 ) ;
#2479 = LINE ( 'NONE', #970, #1201 ) ;
#2480 = CARTESIAN_POINT ( 'NONE',  ( -2.275000000000000799, -1.906050470926743727E-14, 0.7500000000000000000 ) ) ;
#2481 = ORIENTED_EDGE ( 'NONE', *, *, #3257, .T. ) ;
#2482 = EDGE_CURVE ( 'NONE', #3884, #1812, #3740, .T. ) ;
#2483 = DIRECTION ( 'NONE',  ( 0.0000000000000000000, -3.491481338843133355E-15, 1.000000000000000000 ) ) ;
#2485 = ORIENTED_EDGE ( 'NONE', *, *, #3750, .T. ) ;
#2484 = CIRCLE ( 'NONE', #2830, 0.5999999999999998668 ) ;
#2486 = DIRECTION ( 'NONE',  ( 0.0000000000000000000, -3.491481338843133355E-15, 1.000000000000000000 ) ) ;
#2487 = DIRECTION ( 'NONE',  ( -6.973850769498393495E-15, 1.000000000000000000, 3.486925384749196747E-15 ) ) ;
#2488 =( GEOMETRIC_REPRESENTATION_CONTEXT ( 3 ) GLOBAL_UNCERTAINTY_ASSIGNED_CONTEXT ( ( #3932 ) ) GLOBAL_UNIT_ASSIGNED_CONTEXT ( ( #3532, #2291, #723 ) ) REPRESENTATION_CONTEXT ( 'NONE', 'WORKASPACE' ) );
#2489 = CARTESIAN_POINT ( 'NONE',  ( -2.275000000000000799, -1.906050470926743727E-14, 0.7500000000000000000 ) ) ;
#2490 = DIRECTION ( 'NONE',  ( 1.251002506714043540E-16, 3.491481338843134144E-15, -1.000000000000000000 ) ) ;
#2491 = CARTESIAN_POINT ( 'NONE',  ( -5.149999999999988809, -1.500000000000039524, 0.8999999999999949152 ) ) ;
#2492 =( GEOMETRIC_REPRESENTATION_CONTEXT ( 3 ) GLOBAL_UNCERTAINTY_ASSIGNED_CONTEXT ( ( #747 ) ) GLOBAL_UNIT_ASSIGNED_CONTEXT ( ( #2413, #2989, #78 ) ) REPRESENTATION_CONTEXT ( 'NONE', 'WORKASPACE' ) );
#2493 = UNCERTAINTY_MEASURE_WITH_UNIT (LENGTH_MEASURE( 1.000000000000000082E-05 ), #3229, 'distance_accuracy_value', 'NONE');
#2494 = CARTESIAN_POINT ( 'NONE',  ( -2.650000000000001243, -0.4500000000000175526, 0.2999999999999983791 ) ) ;
#2495 = VERTEX_POINT ( 'NONE', #893 ) ;
#2496 = CARTESIAN_POINT ( 'NONE',  ( 1.499999999999964251, 4.874423042781581117, 1.600000000000016964 ) ) ;
#2497 = PLANE ( 'NONE',  #211 ) ;
#2498 = DIRECTION ( 'NONE',  ( 1.251002506714043540E-16, 3.491481338843134144E-15, -1.000000000000000000 ) ) ;
#2499 = ORIENTED_EDGE ( 'NONE', *, *, #2278, .F. ) ;
#2500 = DIRECTION ( 'NONE',  ( 6.982962677686266711E-15, -1.000000000000000000, -3.491481338843133355E-15 ) ) ;
#2501 = ADVANCED_FACE ( 'NONE', ( #871 ), #2505, .F. ) ;
#2502 = DIRECTION ( 'NONE',  ( -6.982962677686266711E-15, 1.000000000000000000, 3.491481338843133355E-15 ) ) ;
#2503 = ORIENTED_EDGE ( 'NONE', *, *, #94, .T. ) ;
#2504 = PRESENTATION_STYLE_ASSIGNMENT (( #351 ) ) ;
#2505 = CYLINDRICAL_SURFACE ( 'NONE', #239, 1.000000000000000000 ) ;
#2506 = EDGE_CURVE ( 'NONE', #3006, #2856, #3936, .T. ) ;
#2507 = EDGE_CURVE ( 'NONE', #4112, #2495, #3105, .T. ) ;
#2508 = AXIS2_PLACEMENT_3D ( 'NONE', #1522, #962, #3461 ) ;
#2509 =( GEOMETRIC_REPRESENTATION_CONTEXT ( 3 ) GLOBAL_UNCERTAINTY_ASSIGNED_CONTEXT ( ( #191 ) ) GLOBAL_UNIT_ASSIGNED_CONTEXT ( ( #2650, #1066, #57 ) ) REPRESENTATION_CONTEXT ( 'NONE', 'WORKASPACE' ) );
#2510 = VERTEX_POINT ( 'NONE', #2786 ) ;
#2511 = CARTESIAN_POINT ( 'NONE',  ( 4.874423042781586446, -1.499999999999969358, 0.8999999999999949152 ) ) ;
#2512 = DIRECTION ( 'NONE',  ( 0.0000000000000000000, 0.0000000000000000000, 1.000000000000000000 ) ) ;
#2513 =( GEOMETRIC_REPRESENTATION_CONTEXT ( 3 ) GLOBAL_UNCERTAINTY_ASSIGNED_CONTEXT ( ( #380 ) ) GLOBAL_UNIT_ASSIGNED_CONTEXT ( ( #233, #2477, #594 ) ) REPRESENTATION_CONTEXT ( 'NONE', 'WORKASPACE' ) );
#2514 = ORIENTED_EDGE ( 'NONE', *, *, #1034, .F. ) ;
#2515 = DIRECTION ( 'NONE',  ( 0.0000000000000000000, -3.491481338843133355E-15, 1.000000000000000000 ) ) ;
#2516 = FILL_AREA_STYLE ('',( #3728 ) ) ;
#2517 = AXIS2_PLACEMENT_3D ( 'NONE', #1578, #2850, #1179 ) ;
#2518 = STYLED_ITEM ( 'NONE', ( #3442 ), #633 ) ;
#2519 = DIRECTION ( 'NONE',  ( 0.0000000000000000000, 3.491481338843133355E-15, -1.000000000000000000 ) ) ;
#2520 =( NAMED_UNIT ( * ) SI_UNIT ( $, .STERADIAN. ) SOLID_ANGLE_UNIT ( ) );
#2521 = FACE_OUTER_BOUND ( 'NONE', #2724, .T. ) ;
#2522 = AXIS2_PLACEMENT_3D ( 'NONE', #1420, #1773, #3615 ) ;
#2523 = VECTOR ( 'NONE', #1362, 1000.000000000000000 ) ;
#2524 = STYLED_ITEM ( 'NONE', ( #4037 ), #1057 ) ;
#2525 = CARTESIAN_POINT ( 'NONE',  ( -2.650000000000001243, -1.810617628050792405E-14, 0.5012531407233453695 ) ) ;
#2526 = ORIENTED_EDGE ( 'NONE', *, *, #3870, .F. ) ;
#2527 = DIRECTION ( 'NONE',  ( 1.807003620809171674E-16, 3.491481338843133355E-15, -1.000000000000000000 ) ) ;
#2528 =( NAMED_UNIT ( * ) SI_UNIT ( $, .STERADIAN. ) SOLID_ANGLE_UNIT ( ) );
#2529 = ORIENTED_EDGE ( 'NONE', *, *, #3211, .T. ) ;
#2530 = CARTESIAN_POINT ( 'NONE',  ( -5.000000000000004441, -9.252425547934304023E-14, 16.49999999999999645 ) ) ;
#2531 = DIRECTION ( 'NONE',  ( -0.0000000000000000000, 3.491481338843133355E-15, -1.000000000000000000 ) ) ;
#2532 = EDGE_CURVE ( 'NONE', #1850, #2810, #4067, .T. ) ;
#2533 = EDGE_CURVE ( 'NONE', #3628, #2619, #3587, .T. ) ;
#2534 = EDGE_LOOP ( 'NONE', ( #3879, #2901, #4003, #4134, #7, #3504, #2845 ) ) ;
#2535 = CARTESIAN_POINT ( 'NONE',  ( 2.650000000000003020, -0.4499999999999826361, 0.2999999999999825584 ) ) ;
#2536 = AXIS2_PLACEMENT_3D ( 'NONE', #1753, #2410, #3700 ) ;
#2537 = DIRECTION ( 'NONE',  ( 0.0000000000000000000, -1.000000000000000000, -3.373073425510456881E-15 ) ) ;
#2538 = ORIENTED_EDGE ( 'NONE', *, *, #1474, .F. ) ;
#2539 =( NAMED_UNIT ( * ) SI_UNIT ( $, .STERADIAN. ) SOLID_ANGLE_UNIT ( ) );
#2540 = SURFACE_STYLE_USAGE ( .BOTH. , #2181 ) ;
#2541 = DIRECTION ( 'NONE',  ( 0.0000000000000000000, -3.491481338843133355E-15, 1.000000000000000000 ) ) ;
#2542 = CARTESIAN_POINT ( 'NONE',  ( 2.054158128379443227, 0.4937123870378746227, 0.7499999999999859002 ) ) ;
#2543 = AXIS2_PLACEMENT_3D ( 'NONE', #2314, #2676, #2270 ) ;
#2544 =( NAMED_UNIT ( * ) SI_UNIT ( $, .STERADIAN. ) SOLID_ANGLE_UNIT ( ) );
#2545 = CARTESIAN_POINT ( 'NONE',  ( -1.825000000000000622, -1.906050470926743727E-14, 0.7500000000000001110 ) ) ;
#2546 = ORIENTED_EDGE ( 'NONE', *, *, #2129, .F. ) ;
#2547 = CARTESIAN_POINT ( 'NONE',  ( -2.054158128379448556, -0.4937123870378818946, 0.7499999999999982236 ) ) ;
#2548 = UNCERTAINTY_MEASURE_WITH_UNIT (LENGTH_MEASURE( 1.000000000000000082E-05 ), #1716, 'distance_accuracy_value', 'NONE');
#2549 = CARTESIAN_POINT ( 'NONE',  ( 2.650000000000001688, -0.2487468592766387265, 0.7499999999999833467 ) ) ;
#2550 = CARTESIAN_POINT ( 'NONE',  ( -2.650000000000001243, 0.2487468592766355624, 0.7500000000000011102 ) ) ;
#2551 = ORIENTED_EDGE ( 'NONE', *, *, #124, .T. ) ;
#2552 =( NAMED_UNIT ( * ) SI_UNIT ( $, .STERADIAN. ) SOLID_ANGLE_UNIT ( ) );
#2553 = COLOUR_RGB ( '',1.000000000000000000, 1.000000000000000000, 0.7529411764705882248 ) ;
#2554 = STYLED_ITEM ( 'NONE', ( #2995 ), #3821 ) ;
#2555 = PLANE ( 'NONE',  #3410 ) ;
#2556 = LINE ( 'NONE', #4130, #230 ) ;
#2557 = ORIENTED_EDGE ( 'NONE', *, *, #3697, .F. ) ;
#2558 =( NAMED_UNIT ( * ) PLANE_ANGLE_UNIT ( ) SI_UNIT ( $, .RADIAN. ) );
#2559 = VECTOR ( 'NONE', #3751, 1000.000000000000000 ) ;
#2560 = PLANE ( 'NONE',  #362 ) ;
#2561 = EDGE_CURVE ( 'NONE', #869, #2619, #1927, .T. ) ;
#2562 = ORIENTED_EDGE ( 'NONE', *, *, #3432, .T. ) ;
#2563 = DIRECTION ( 'NONE',  ( -6.982962677686266711E-15, 1.000000000000000000, 3.491481338843133355E-15 ) ) ;
#2564 = PRESENTATION_STYLE_ASSIGNMENT (( #2164 ) ) ;
#2565 = FILL_AREA_STYLE_COLOUR ( '', #3089 ) ;
#2566 = FACE_OUTER_BOUND ( 'NONE', #1671, .T. ) ;
#2567 = EDGE_CURVE ( 'NONE', #1979, #1334, #1638, .T. ) ;
#2568 = DIRECTION ( 'NONE',  ( -6.746146851020913761E-15, 1.000000000000000000, 3.373073425510456881E-15 ) ) ;
#2569 =( LENGTH_UNIT ( ) NAMED_UNIT ( * ) SI_UNIT ( .MILLI., .METRE. ) );
#2570 = APPLICATION_CONTEXT ( 'automotive_design' ) ;
#2571 = ORIENTED_EDGE ( 'NONE', *, *, #2982, .F. ) ;
#2572 = SURFACE_SIDE_STYLE ('',( #3849 ) ) ;
#2573 = CARTESIAN_POINT ( 'NONE',  ( -2.699269725188706559, -1.843143693225357538E-14, 0.5755300461664636380 ) ) ;
#2574 = ORIENTED_EDGE ( 'NONE', *, *, #1835, .T. ) ;
#2575 = SURFACE_STYLE_USAGE ( .BOTH. , #3212 ) ;
#2576 = FILL_AREA_STYLE_COLOUR ( '', #3335 ) ;
#2577 = PRESENTATION_STYLE_ASSIGNMENT (( #48 ) ) ;
#2578 = CIRCLE ( 'NONE', #3114, 5.000000000000004441 ) ;
#2579 = CARTESIAN_POINT ( 'NONE',  ( -2.725000000000001421, -1.900539560330580519E-14, 0.7500000000000000000 ) ) ;
#2580 = PRESENTATION_STYLE_ASSIGNMENT (( #1245 ) ) ;
#2581 = CARTESIAN_POINT ( 'NONE',  ( -2.274999999999992806, -1.000000000000016875, 0.2999999999999964917 ) ) ;
#2582 = STYLED_ITEM ( 'NONE', ( #2467 ), #2353 ) ;
#2583 = VERTEX_POINT ( 'NONE', #2916 ) ;
#2584 = FACE_OUTER_BOUND ( 'NONE', #3961, .T. ) ;
#2585 = FILL_AREA_STYLE ('',( #99 ) ) ;
#2586 = MECHANICAL_DESIGN_GEOMETRIC_PRESENTATION_REPRESENTATION (  '', ( #3389 ), #2721 ) ;
#2587 = CARTESIAN_POINT ( 'NONE',  ( 2.349999999999996536, 0.4437059837324859313, 0.4900830524355997975 ) ) ;
#2588 = CIRCLE ( 'NONE', #1864, 0.2487468592766547137 ) ;
#2589 = CYLINDRICAL_SURFACE ( 'NONE', #1055, 0.4500000000000001776 ) ;
#2590 = MECHANICAL_DESIGN_GEOMETRIC_PRESENTATION_REPRESENTATION (  '', ( #1529 ), #3801 ) ;
#2591 = DIRECTION ( 'NONE',  ( 0.7071067811865441310, 0.7071067811865510144, 2.468850131082277965E-15 ) ) ;
#2592 = EDGE_LOOP ( 'NONE', ( #3915, #745, #1020, #1833 ) ) ;
#2593 = EDGE_CURVE ( 'NONE', #720, #772, #1290, .T. ) ;
#2594 = EDGE_CURVE ( 'NONE', #3666, #2322, #1990, .T. ) ;
#2595 = CARTESIAN_POINT ( 'NONE',  ( 3.199999999999993960, -3.526396152231567844E-14, 16.49999999999999645 ) ) ;
#2596 = VECTOR ( 'NONE', #1241, 1000.000000000000000 ) ;
#2597 = AXIS2_PLACEMENT_3D ( 'NONE', #320, #1542, #670 ) ;
#2598 = ORIENTED_EDGE ( 'NONE', *, *, #3846, .T. ) ;
#2599 =( LENGTH_UNIT ( ) NAMED_UNIT ( * ) SI_UNIT ( .MILLI., .METRE. ) );
#2600 = MECHANICAL_DESIGN_GEOMETRIC_PRESENTATION_REPRESENTATION (  '', ( #1657 ), #437 ) ;
#2601 = COLOUR_RGB ( '',0.0000000000000000000, 0.0000000000000000000, 0.0000000000000000000 ) ;
#2602 = SURFACE_STYLE_USAGE ( .BOTH. , #993 ) ;
#2603 = MECHANICAL_DESIGN_GEOMETRIC_PRESENTATION_REPRESENTATION (  '', ( #2524 ), #1408 ) ;
#2604 = VERTEX_POINT ( 'NONE', #3547 ) ;
#2605 = FACE_OUTER_BOUND ( 'NONE', #1376, .T. ) ;
#2606 =( GEOMETRIC_REPRESENTATION_CONTEXT ( 3 ) GLOBAL_UNCERTAINTY_ASSIGNED_CONTEXT ( ( #706 ) ) GLOBAL_UNIT_ASSIGNED_CONTEXT ( ( #190, #3807, #858 ) ) REPRESENTATION_CONTEXT ( 'NONE', 'WORKASPACE' ) );
#2607 = DIRECTION ( 'NONE',  ( 0.0000000000000000000, -3.491481338843133355E-15, 1.000000000000000000 ) ) ;
#2608 = STYLED_ITEM ( 'NONE', ( #3990 ), #1212 ) ;
#2609 = VERTEX_POINT ( 'NONE', #2900 ) ;
#2610 = SURFACE_STYLE_FILL_AREA ( #1664 ) ;
#2611 = DIRECTION ( 'NONE',  ( 0.0000000000000000000, -3.491481338843133355E-15, 1.000000000000000000 ) ) ;
#2612 = STYLED_ITEM ( 'NONE', ( #3470 ), #1347 ) ;
#2613 = SURFACE_SIDE_STYLE ('',( #701 ) ) ;
#2614 = CYLINDRICAL_SURFACE ( 'NONE', #359, 0.2999999999999999334 ) ;
#2615 = ORIENTED_EDGE ( 'NONE', *, *, #4046, .T. ) ;
#2616 = CARTESIAN_POINT ( 'NONE',  ( -1.825000000000000844, -1.912401580209620010E-14, 0.7500000000000000000 ) ) ;
#2617 = CARTESIAN_POINT ( 'NONE',  ( -2.274999999999997247, -0.6000000000000195177, 0.8999999999999980238 ) ) ;
#2618 = EDGE_CURVE ( 'NONE', #257, #1781, #3863, .T. ) ;
#2619 = VERTEX_POINT ( 'NONE', #1625 ) ;
#2620 =( NAMED_UNIT ( * ) PLANE_ANGLE_UNIT ( ) SI_UNIT ( $, .RADIAN. ) );
#2621 =( GEOMETRIC_REPRESENTATION_CONTEXT ( 3 ) GLOBAL_UNCERTAINTY_ASSIGNED_CONTEXT ( ( #2632 ) ) GLOBAL_UNIT_ASSIGNED_CONTEXT ( ( #1838, #2109, #3110 ) ) REPRESENTATION_CONTEXT ( 'NONE', 'WORKASPACE' ) );
#2622 = DIRECTION ( 'NONE',  ( -1.000000000000000000, -6.982962677686264344E-15, 0.0000000000000000000 ) ) ;
#2623 = DIRECTION ( 'NONE',  ( -1.000000000000000000, -6.982962677686266711E-15, -2.438088387897967896E-29 ) ) ;
#2624 = EDGE_LOOP ( 'NONE', ( #623, #3472, #2943, #2562 ) ) ;
#2625 = DIRECTION ( 'NONE',  ( 0.0000000000000000000, -3.491481338843133355E-15, 1.000000000000000000 ) ) ;
#2626 = ORIENTED_EDGE ( 'NONE', *, *, #3029, .T. ) ;
#2627 =( NAMED_UNIT ( * ) PLANE_ANGLE_UNIT ( ) SI_UNIT ( $, .RADIAN. ) );
#2628 = CARTESIAN_POINT ( 'NONE',  ( 1.824999999999997735, 0.3000384198323605145, 0.5742415628951873519 ) ) ;
#2629 =( LENGTH_UNIT ( ) NAMED_UNIT ( * ) SI_UNIT ( .MILLI., .METRE. ) );
#2630 = CARTESIAN_POINT ( 'NONE',  ( -5.000000000000005329, -4.940708927518264858E-14, 3.800000000000002487 ) ) ;
#2631 = VERTEX_POINT ( 'NONE', #1036 ) ;
#2632 = UNCERTAINTY_MEASURE_WITH_UNIT (LENGTH_MEASURE( 1.000000000000000082E-05 ), #1838, 'distance_accuracy_value', 'NONE');
#2633 = CARTESIAN_POINT ( 'NONE',  ( -2.054158128379447668, -0.2892100204152027176, 0.2562876129621362020 ) ) ;
#2634 = PLANE ( 'NONE',  #2100 ) ;
#2635 =( LENGTH_UNIT ( ) NAMED_UNIT ( * ) SI_UNIT ( .MILLI., .METRE. ) );
#2636 = ORIENTED_EDGE ( 'NONE', *, *, #2172, .T. ) ;
#2637 = SURFACE_STYLE_FILL_AREA ( #1364 ) ;
#2638 = EDGE_CURVE ( 'NONE', #2810, #257, #1260, .T. ) ;
#2639 = DIRECTION ( 'NONE',  ( -1.000000000000000000, -6.982962677686266711E-15, -2.438088387897967896E-29 ) ) ;
#2640 =( NAMED_UNIT ( * ) PLANE_ANGLE_UNIT ( ) SI_UNIT ( $, .RADIAN. ) );
#2641 = FILL_AREA_STYLE_COLOUR ( '', #2174 ) ;
#2642 = ADVANCED_FACE ( 'NONE', ( #3276 ), #697, .F. ) ;
#2643 = PLANE ( 'NONE',  #2794 ) ;
#2644 = ORIENTED_EDGE ( 'NONE', *, *, #2128, .F. ) ;
#2645 = SURFACE_SIDE_STYLE ('',( #76 ) ) ;
#2646 = DIRECTION ( 'NONE',  ( 1.000000000000000000, -0.0000000000000000000, -0.0000000000000000000 ) ) ;
#2647 = VECTOR ( 'NONE', #3166, 1000.000000000000000 ) ;
#2648 = SURFACE_STYLE_USAGE ( .BOTH. , #2350 ) ;
#2649 = MECHANICAL_DESIGN_GEOMETRIC_PRESENTATION_REPRESENTATION (  '', ( #564 ), #3857 ) ;
#2650 =( LENGTH_UNIT ( ) NAMED_UNIT ( * ) SI_UNIT ( .MILLI., .METRE. ) );
#2651 = EDGE_LOOP ( 'NONE', ( #3252, #3578, #2340, #332 ) ) ;
#2652 = SURFACE_SIDE_STYLE ('',( #111 ) ) ;
#2653 = PRESENTATION_STYLE_ASSIGNMENT (( #1007 ) ) ;
#2654 =( GEOMETRIC_REPRESENTATION_CONTEXT ( 3 ) GLOBAL_UNCERTAINTY_ASSIGNED_CONTEXT ( ( #1672 ) ) GLOBAL_UNIT_ASSIGNED_CONTEXT ( ( #2406, #422, #3965 ) ) REPRESENTATION_CONTEXT ( 'NONE', 'WORKASPACE' ) );
#2655 = DIRECTION ( 'NONE',  ( -6.746146851020913761E-15, 1.000000000000000000, 3.373073425510456881E-15 ) ) ;
#2656 = VERTEX_POINT ( 'NONE', #2581 ) ;
#2657 = VECTOR ( 'NONE', #3236, 1000.000000000000000 ) ;
#2658 =( BOUNDED_SURFACE ( )  B_SPLINE_SURFACE ( 3, 3, ( 
 ( #1342, #1690, #2970, #431 ),
 ( #1978, #1708, #411, #2992 ),
 ( #3304, #1737, #1089, #1004 ),
 ( #2295, #2949, #108, #3868 ) ),
 .UNSPECIFIED., .F., .F., .T. ) 
 B_SPLINE_SURFACE_WITH_KNOTS ( ( 4, 4 ),
 ( 4, 4 ),
 ( 0.0000000000000000000, 1.000000000000000000 ),
 ( 0.0000000000000000000, 1.000000000000000000 ),
 .UNSPECIFIED. ) 
 GEOMETRIC_REPRESENTATION_ITEM ( )  RATIONAL_B_SPLINE_SURFACE ( (
 ( 1.000000000000000000, 0.3333333333333334259, 0.3333333333333334259, 1.000000000000000000),
 ( 0.8047378541243649375, 0.2682459513747884050, 0.2682459513747884050, 0.8047378541243649375),
 ( 0.8047378541243649375, 0.2682459513747884050, 0.2682459513747884050, 0.8047378541243649375),
 ( 1.000000000000000000, 0.3333333333333334259, 0.3333333333333334259, 1.000000000000000000) ) ) 
 REPRESENTATION_ITEM ( '' )  SURFACE ( )  );
#2659 = LINE ( 'NONE', #2082, #38 ) ;
#2660 =( GEOMETRIC_REPRESENTATION_CONTEXT ( 3 ) GLOBAL_UNCERTAINTY_ASSIGNED_CONTEXT ( ( #1211 ) ) GLOBAL_UNIT_ASSIGNED_CONTEXT ( ( #258, #2832, #4109 ) ) REPRESENTATION_CONTEXT ( 'NONE', 'WORKASPACE' ) );
#2661 = VERTEX_POINT ( 'NONE', #2308 ) ;
#2662 = CARTESIAN_POINT ( 'NONE',  ( 4.500000000000002665, -7.304277717303282993E-15, 16.49999999999999645 ) ) ;
#2663 = AXIS2_PLACEMENT_3D ( 'NONE', #218, #157, #1789 ) ;
#2664 = PRESENTATION_LAYER_ASSIGNMENT (  '', '', ( #3473 ) ) ;
#2665 = STYLED_ITEM ( 'NONE', ( #3477 ), #1060 ) ;
#2666 = ADVANCED_FACE ( 'NONE', ( #2882 ), #2560, .T. ) ;
#2667 = ORIENTED_EDGE ( 'NONE', *, *, #579, .T. ) ;
#2668 = DIRECTION ( 'NONE',  ( -0.0000000000000000000, 3.491481338843133355E-15, -1.000000000000000000 ) ) ;
#2669 = ADVANCED_FACE ( 'NONE', ( #833 ), #2643, .F. ) ;
#2670 = CARTESIAN_POINT ( 'NONE',  ( 5.150000000000036771, -5.149999999999967493, 0.9999999999999820144 ) ) ;
#2671 = FACE_OUTER_BOUND ( 'NONE', #1873, .T. ) ;
#2672 = MECHANICAL_DESIGN_GEOMETRIC_PRESENTATION_REPRESENTATION (  '', ( #2938 ), #3402 ) ;
#2673 = FILL_AREA_STYLE_COLOUR ( '', #1394 ) ;
#2674 = FILL_AREA_STYLE ('',( #2906 ) ) ;
#2675 = PRESENTATION_LAYER_ASSIGNMENT (  '', '', ( #1742 ) ) ;
#2676 = DIRECTION ( 'NONE',  ( 0.0000000000000000000, -3.491481338843133355E-15, 1.000000000000000000 ) ) ;
#2677 = ORIENTED_EDGE ( 'NONE', *, *, #390, .F. ) ;
#2678 = UNCERTAINTY_MEASURE_WITH_UNIT (LENGTH_MEASURE( 1.000000000000000082E-05 ), #3720, 'distance_accuracy_value', 'NONE');
#2679 = CARTESIAN_POINT ( 'NONE',  ( 4.874423042781586446, -1.499999999999971800, 1.599999999999994982 ) ) ;
#2680 = MECHANICAL_DESIGN_GEOMETRIC_PRESENTATION_REPRESENTATION (  '', ( #1609 ), #1893 ) ;
#2681 = PLANE ( 'NONE',  #504 ) ;
#2682 = ORIENTED_EDGE ( 'NONE', *, *, #1344, .F. ) ;
#2683 =( GEOMETRIC_REPRESENTATION_CONTEXT ( 3 ) GLOBAL_UNCERTAINTY_ASSIGNED_CONTEXT ( ( #2451 ) ) GLOBAL_UNIT_ASSIGNED_CONTEXT ( ( #3567, #1987, #2983 ) ) REPRESENTATION_CONTEXT ( 'NONE', 'WORKASPACE' ) );
#2684 = CIRCLE ( 'NONE', #198, 0.5999999999999998668 ) ;
#2685 = SURFACE_STYLE_FILL_AREA ( #1681 ) ;
#2686 = FILL_AREA_STYLE ('',( #2044 ) ) ;
#2687 = VECTOR ( 'NONE', #2899, 1000.000000000000000 ) ;
#2688 = SURFACE_STYLE_FILL_AREA ( #4008 ) ;
#2689 =( GEOMETRIC_REPRESENTATION_CONTEXT ( 3 ) GLOBAL_UNCERTAINTY_ASSIGNED_CONTEXT ( ( #389 ) ) GLOBAL_UNIT_ASSIGNED_CONTEXT ( ( #3630, #336, #977 ) ) REPRESENTATION_CONTEXT ( 'NONE', 'WORKASPACE' ) );
#2690 =( NAMED_UNIT ( * ) PLANE_ANGLE_UNIT ( ) SI_UNIT ( $, .RADIAN. ) );
#2691 = FILL_AREA_STYLE ('',( #2091 ) ) ;
#2692 = CYLINDRICAL_SURFACE ( 'NONE', #3554, 1.000000000000000000 ) ;
#2693 = CIRCLE ( 'NONE', #1901, 5.000000000000002665 ) ;
#2694 = PRESENTATION_STYLE_ASSIGNMENT (( #3987 ) ) ;
#2695 = EDGE_CURVE ( 'NONE', #1303, #412, #484, .T. ) ;
#2696 = CARTESIAN_POINT ( 'NONE',  ( -5.150000000000007461, 0.9999999999999629186, 0.3000000000000034306 ) ) ;
#2697 = CARTESIAN_POINT ( 'NONE',  ( -2.650000000000001243, -1.906050470926743727E-14, 0.7500000000000001110 ) ) ;
#2698 = SURFACE_STYLE_USAGE ( .BOTH. , #1711 ) ;
#2699 = ORIENTED_EDGE ( 'NONE', *, *, #2202, .T. ) ;
#2700 = CARTESIAN_POINT ( 'NONE',  ( -2.699269725188707447, -0.1744699538335551248, 0.6477978672709213681 ) ) ;
#2701 = PRESENTATION_LAYER_ASSIGNMENT (  '', '', ( #1435 ) ) ;
#2702 = CARTESIAN_POINT ( 'NONE',  ( 2.275000000000002576, -0.4499999999999867994, 0.7499999999999826805 ) ) ;
#2703 = FILL_AREA_STYLE ('',( #2738 ) ) ;
#2704 = EDGE_LOOP ( 'NONE', ( #2485, #2503, #1498, #2036 ) ) ;
#2705 = DIRECTION ( 'NONE',  ( -1.807003620809171674E-16, 3.491481338843132172E-15, -1.000000000000000000 ) ) ;
#2706 = CARTESIAN_POINT ( 'NONE',  ( -5.150000000000006573, 0.9999999999999640288, 3.491481338843007926E-15 ) ) ;
#2707 =( NAMED_UNIT ( * ) SI_UNIT ( $, .STERADIAN. ) SOLID_ANGLE_UNIT ( ) );
#2708 = CARTESIAN_POINT ( 'NONE',  ( 2.054158128379446779, 1.333568672157170296E-14, 0.2562876129621214916 ) ) ;
#2709 = CARTESIAN_POINT ( 'NONE',  ( 1.500000000000035527, -5.149999999999994138, 1.599999999999982103 ) ) ;
#2710 = FILL_AREA_STYLE ('',( #1505 ) ) ;
#2711 = SURFACE_STYLE_USAGE ( .BOTH. , #3094 ) ;
#2712 = UNCERTAINTY_MEASURE_WITH_UNIT (LENGTH_MEASURE( 1.000000000000000082E-05 ), #3818, 'distance_accuracy_value', 'NONE');
#2713 = MECHANICAL_DESIGN_GEOMETRIC_PRESENTATION_REPRESENTATION (  '', ( #1852 ), #4055 ) ;
#2714 = LINE ( 'NONE', #3992, #268 ) ;
#2715 = PRESENTATION_LAYER_ASSIGNMENT (  '', '', ( #352 ) ) ;
#2716 = MECHANICAL_DESIGN_GEOMETRIC_PRESENTATION_REPRESENTATION (  '', ( #559 ), #716 ) ;
#2717 = EDGE_CURVE ( 'NONE', #2661, #2609, #1056, .T. ) ;
#2718 = EDGE_LOOP ( 'NONE', ( #3393, #317, #3514, #3815 ) ) ;
#2719 = EDGE_CURVE ( 'NONE', #2604, #1558, #3982, .T. ) ;
#2720 = FILL_AREA_STYLE ('',( #3039 ) ) ;
#2721 =( GEOMETRIC_REPRESENTATION_CONTEXT ( 3 ) GLOBAL_UNCERTAINTY_ASSIGNED_CONTEXT ( ( #3733 ) ) GLOBAL_UNIT_ASSIGNED_CONTEXT ( ( #2193, #1899, #1577 ) ) REPRESENTATION_CONTEXT ( 'NONE', 'WORKASPACE' ) );
#2722 = COLOUR_RGB ( '',0.0000000000000000000, 0.0000000000000000000, 0.0000000000000000000 ) ;
#2723 = VECTOR ( 'NONE', #3886, 1000.000000000000000 ) ;
#2724 = EDGE_LOOP ( 'NONE', ( #3169, #2105, #1306, #2067 ) ) ;
#2725 = VERTEX_POINT ( 'NONE', #1395 ) ;
#2726 = SURFACE_STYLE_USAGE ( .BOTH. , #1454 ) ;
#2727 = PRESENTATION_LAYER_ASSIGNMENT (  '', '', ( #1651 ) ) ;
#2728 = AXIS2_PLACEMENT_3D ( 'NONE', #735, #3314, #2639 ) ;
#2729 = FILL_AREA_STYLE_COLOUR ( '', #724 ) ;
#2730 = CARTESIAN_POINT ( 'NONE',  ( -2.950000000000027711, 5.149999999999977263, 0.9000000000000181188 ) ) ;
#2731 = CARTESIAN_POINT ( 'NONE',  ( 2.650000000000003020, -0.4499999999999826361, 0.2999999999999825584 ) ) ;
#2732 = FILL_AREA_STYLE ('',( #103 ) ) ;
#2733 = VECTOR ( 'NONE', #1847, 1000.000000000000000 ) ;
#2734 = CARTESIAN_POINT ( 'NONE',  ( 2.349999999999996536, 0.4500000000000153877, 0.2999999999999857225 ) ) ;
#2735 = LINE ( 'NONE', #1443, #4124 ) ;
#2736 = ORIENTED_EDGE ( 'NONE', *, *, #1466, .F. ) ;
#2737 = CIRCLE ( 'NONE', #948, 0.4500000000000002887 ) ;
#2738 = FILL_AREA_STYLE_COLOUR ( '', #1064 ) ;
#2739 = ORIENTED_EDGE ( 'NONE', *, *, #1695, .F. ) ;
#2740 =( GEOMETRIC_REPRESENTATION_CONTEXT ( 3 ) GLOBAL_UNCERTAINTY_ASSIGNED_CONTEXT ( ( #3424 ) ) GLOBAL_UNIT_ASSIGNED_CONTEXT ( ( #232, #493, #2475 ) ) REPRESENTATION_CONTEXT ( 'NONE', 'WORKASPACE' ) );
#2742 = VECTOR ( 'NONE', #3415, 1000.000000000000000 ) ;
#2741 = SURFACE_SIDE_STYLE ('',( #1433 ) ) ;
#2743 = DIRECTION ( 'NONE',  ( 6.982962677686266711E-15, -1.000000000000000000, -3.491481338843133355E-15 ) ) ;
#2744 = ORIENTED_EDGE ( 'NONE', *, *, #3509, .F. ) ;
#2745 = PRESENTATION_LAYER_ASSIGNMENT (  '', '', ( #3287 ) ) ;
#2746 = SURFACE_SIDE_STYLE ('',( #916 ) ) ;
#2747 = CARTESIAN_POINT ( 'NONE',  ( 5.150000000000007461, -0.9999999999999651390, 0.2999999999999964917 ) ) ;
#2748 = PRESENTATION_STYLE_ASSIGNMENT (( #876 ) ) ;
#2749 = CARTESIAN_POINT ( 'NONE',  ( -2.275000000000000799, -1.993337504397822061E-14, 1.000000000000000000 ) ) ;
#2750 = VECTOR ( 'NONE', #3362, 1000.000000000000000 ) ;
#2751 = LINE ( 'NONE', #793, #3198 ) ;
#2752 = DIRECTION ( 'NONE',  ( 1.000000000000000000, 6.982962677686266711E-15, 2.438088387897967896E-29 ) ) ;
#2753 = CARTESIAN_POINT ( 'NONE',  ( 5.000000000000005329, 2.985347961238494441E-14, 2.350000000000002753 ) ) ;
#2754 = CIRCLE ( 'NONE', #3766, 1.000000000000000000 ) ;
#2755 = DIRECTION ( 'NONE',  ( 0.0000000000000000000, 3.491481338843133355E-15, -1.000000000000000000 ) ) ;
#2756 = UNCERTAINTY_MEASURE_WITH_UNIT (LENGTH_MEASURE( 1.000000000000000082E-05 ), #885, 'distance_accuracy_value', 'NONE');
#2757 = CARTESIAN_POINT ( 'NONE',  ( -2.275000000000006573, 0.9999999999999831246, 0.3000000000000034306 ) ) ;
#2758 = ORIENTED_EDGE ( 'NONE', *, *, #1185, .T. ) ;
#2759 = VECTOR ( 'NONE', #1356, 1000.000000000000000 ) ;
#2760 = CARTESIAN_POINT ( 'NONE',  ( 2.649999999999996358, 0.4500000000000174416, 0.2999999999999857225 ) ) ;
#2761 = AXIS2_PLACEMENT_3D ( 'NONE', #1687, #2142, #2772 ) ;
#2762 = ORIENTED_EDGE ( 'NONE', *, *, #2062, .F. ) ;
#2763 = DIRECTION ( 'NONE',  ( 6.982962677686265922E-15, -1.000000000000000000, -3.486454044855347901E-15 ) ) ;
#2764 = FILL_AREA_STYLE_COLOUR ( '', #3458 ) ;
#2765 = EDGE_CURVE ( 'NONE', #865, #3130, #997, .T. ) ;
#2766 = CARTESIAN_POINT ( 'NONE',  ( 5.000000000000002665, 2.985347961238492548E-14, 0.8999999999999998002 ) ) ;
#2767 = EDGE_LOOP ( 'NONE', ( #1067, #3507, #664, #3572 ) ) ;
#2768 = CARTESIAN_POINT ( 'NONE',  ( 5.150000000000029665, -4.149999999999962164, 0.8999999999999855893 ) ) ;
#2769 = FACE_OUTER_BOUND ( 'NONE', #944, .T. ) ;
#2770 = ADVANCED_FACE ( 'NONE', ( #784 ), #3294, .T. ) ;
#2771 = EDGE_CURVE ( 'NONE', #75, #1428, #503, .T. ) ;
#2772 = DIRECTION ( 'NONE',  ( 6.938893903907228378E-15, -1.000000000000000000, -3.491481338843133355E-15 ) ) ;
#2773 = SURFACE_STYLE_FILL_AREA ( #3565 ) ;
#2774 = FILL_AREA_STYLE_COLOUR ( '', #713 ) ;
#2775 = DIRECTION ( 'NONE',  ( 6.094784257986140689E-15, -1.000000000000000000, -3.486454044855347901E-15 ) ) ;
#2776 = CARTESIAN_POINT ( 'NONE',  ( 5.149999999999994138, 1.000000000000035971, 3.491481338843259179E-15 ) ) ;
#2777 = FILL_AREA_STYLE_COLOUR ( '', #3327 ) ;
#2778 = DIRECTION ( 'NONE',  ( 0.0000000000000000000, -3.491481338843133355E-15, 1.000000000000000000 ) ) ;
#2779 = PRESENTATION_STYLE_ASSIGNMENT (( #1530 ) ) ;
#2780 = ORIENTED_EDGE ( 'NONE', *, *, #2039, .T. ) ;
#2781 = DIRECTION ( 'NONE',  ( 1.000000000000000000, 7.047314121155780399E-15, 0.0000000000000000000 ) ) ;
#2782 = CIRCLE ( 'NONE', #1853, 1.000000000000000000 ) ;
#2783 = DIRECTION ( 'NONE',  ( 0.0000000000000000000, 1.000000000000000000, 3.491481338843133355E-15 ) ) ;
#2784 = VERTEX_POINT ( 'NONE', #3484 ) ;
#2785 = SURFACE_SIDE_STYLE ('',( #530 ) ) ;
#2786 = CARTESIAN_POINT ( 'NONE',  ( 4.874423042781566018, 1.500000000000030864, 0.9000000000000052403 ) ) ;
#2787 = FILL_AREA_STYLE_COLOUR ( '', #3468 ) ;
#2788 = PRESENTATION_LAYER_ASSIGNMENT (  '', '', ( #1323 ) ) ;
#2789 = SURFACE_STYLE_FILL_AREA ( #301 ) ;
#2790 = STYLED_ITEM ( 'NONE', ( #2095 ), #444 ) ;
#2791 = LINE ( 'NONE', #2731, #746 ) ;
#2792 =( BOUNDED_SURFACE ( )  B_SPLINE_SURFACE ( 3, 3, ( 
 ( #2959, #1099, #1646, #2272 ),
 ( #3223, #2633, #3913, #2547 ),
 ( #2927, #1006, #291, #3555 ),
 ( #40, #2616, #1281, #1302 ) ),
 .UNSPECIFIED., .F., .F., .T. ) 
 B_SPLINE_SURFACE_WITH_KNOTS ( ( 4, 4 ),
 ( 4, 4 ),
 ( 0.0000000000000000000, 1.000000000000000000 ),
 ( 0.0000000000000000000, 1.000000000000000000 ),
 .UNSPECIFIED. ) 
 GEOMETRIC_REPRESENTATION_ITEM ( )  RATIONAL_B_SPLINE_SURFACE ( (
 ( 1.000000000000000000, 0.8047378541243649375, 0.8047378541243649375, 1.000000000000000000),
 ( 0.7636648162452686073, 0.6145499854954948882, 0.6145499854954948882, 0.7636648162452686073),
 ( 0.7636648162452686073, 0.6145499854954948882, 0.6145499854954948882, 0.7636648162452686073),
 ( 1.000000000000000000, 0.8047378541243649375, 0.8047378541243649375, 1.000000000000000000) ) ) 
 REPRESENTATION_ITEM ( '' )  SURFACE ( )  );
#2793 = EDGE_CURVE ( 'NONE', #826, #1955, #2833, .T. ) ;
#2794 = AXIS2_PLACEMENT_3D ( 'NONE', #3653, #765, #3373 ) ;
#2795 =( NAMED_UNIT ( * ) SI_UNIT ( $, .STERADIAN. ) SOLID_ANGLE_UNIT ( ) );
#2796 = DIRECTION ( 'NONE',  ( 0.0000000000000000000, 1.000000000000000000, 3.491481338843133355E-15 ) ) ;
#2797 = DIRECTION ( 'NONE',  ( -1.000000000000000000, -6.094784257986140689E-15, -1.301042606982604581E-16 ) ) ;
#2798 = ORIENTED_EDGE ( 'NONE', *, *, #3384, .T. ) ;
#2799 = SURFACE_SIDE_STYLE ('',( #265 ) ) ;
#2800 =( GEOMETRIC_REPRESENTATION_CONTEXT ( 3 ) GLOBAL_UNCERTAINTY_ASSIGNED_CONTEXT ( ( #2712 ) ) GLOBAL_UNIT_ASSIGNED_CONTEXT ( ( #3818, #3877, #2279 ) ) REPRESENTATION_CONTEXT ( 'NONE', 'WORKASPACE' ) );
#2801 = DIRECTION ( 'NONE',  ( 6.982962677686265922E-15, -1.000000000000000000, -3.486454044855347901E-15 ) ) ;
#2802 = MECHANICAL_DESIGN_GEOMETRIC_PRESENTATION_REPRESENTATION (  '', ( #1196 ), #4135 ) ;
#2803 = FILL_AREA_STYLE_COLOUR ( '', #1865 ) ;
#2804 =( NAMED_UNIT ( * ) PLANE_ANGLE_UNIT ( ) SI_UNIT ( $, .RADIAN. ) );
#2805 =( GEOMETRIC_REPRESENTATION_CONTEXT ( 3 ) GLOBAL_UNCERTAINTY_ASSIGNED_CONTEXT ( ( #1555 ) ) GLOBAL_UNIT_ASSIGNED_CONTEXT ( ( #1003, #1405, #3623 ) ) REPRESENTATION_CONTEXT ( 'NONE', 'WORKASPACE' ) );
#2806 = ORIENTED_EDGE ( 'NONE', *, *, #3722, .F. ) ;
#2807 =( NAMED_UNIT ( * ) PLANE_ANGLE_UNIT ( ) SI_UNIT ( $, .RADIAN. ) );
#2808 = COLOUR_RGB ( '',0.0000000000000000000, 0.0000000000000000000, 0.0000000000000000000 ) ;
#2809 = CARTESIAN_POINT ( 'NONE',  ( -2.275000000000000799, 0.4499999999999825251, 0.3000000000000015432 ) ) ;
#2810 = VERTEX_POINT ( 'NONE', #2195 ) ;
#2811 = COLOUR_RGB ( '',1.000000000000000000, 1.000000000000000000, 0.7529411764705882248 ) ;
#2812 = CARTESIAN_POINT ( 'NONE',  ( 0.0000000000000000000, -5.589861623487856376E-15, 1.600999999999999979 ) ) ;
#2813 =( NAMED_UNIT ( * ) PLANE_ANGLE_UNIT ( ) SI_UNIT ( $, .RADIAN. ) );
#2814 = VECTOR ( 'NONE', #2490, 1000.000000000000000 ) ;
#2815 = CARTESIAN_POINT ( 'NONE',  ( 2.649999999999999911, 1.672763005468445249E-14, 0.5012531407233296044 ) ) ;
#2816 = DIRECTION ( 'NONE',  ( -6.982962677686266711E-15, 1.000000000000000000, 3.491481338843133355E-15 ) ) ;
#2817 =( NAMED_UNIT ( * ) PLANE_ANGLE_UNIT ( ) SI_UNIT ( $, .RADIAN. ) );
#2818 = CARTESIAN_POINT ( 'NONE',  ( -5.850000000000001421, 0.4499999999999825251, 0.3000000000000015432 ) ) ;
#2819 = LINE ( 'NONE', #210, #998 ) ;
#2820 = SURFACE_STYLE_FILL_AREA ( #263 ) ;
#2821 = ORIENTED_EDGE ( 'NONE', *, *, #2482, .F. ) ;
#2822 = CARTESIAN_POINT ( 'NONE',  ( -2.274999999999999467, -1.693368449338919362E-14, 0.2999999999999999889 ) ) ;
#2823 = STYLED_ITEM ( 'NONE', ( #2045 ), #3359 ) ;
#2824 = EDGE_CURVE ( 'NONE', #1829, #3548, #3800, .T. ) ;
#2825 =( LENGTH_UNIT ( ) NAMED_UNIT ( * ) SI_UNIT ( .MILLI., .METRE. ) );
#2826 = ORIENTED_EDGE ( 'NONE', *, *, #223, .F. ) ;
#2827 = EDGE_CURVE ( 'NONE', #3438, #720, #3064, .T. ) ;
#2828 = DIRECTION ( 'NONE',  ( 0.0000000000000000000, 3.491481338843133355E-15, -1.000000000000000000 ) ) ;
#2829 =( NAMED_UNIT ( * ) SI_UNIT ( $, .STERADIAN. ) SOLID_ANGLE_UNIT ( ) );
#2831 = ORIENTED_EDGE ( 'NONE', *, *, #4001, .T. ) ;
#2830 = AXIS2_PLACEMENT_3D ( 'NONE', #457, #1764, #3036 ) ;
#2832 =( NAMED_UNIT ( * ) PLANE_ANGLE_UNIT ( ) SI_UNIT ( $, .RADIAN. ) );
#2833 = LINE ( 'NONE', #551, #4068 ) ;
#2834 = VERTEX_POINT ( 'NONE', #2766 ) ;
#2835 = PRESENTATION_STYLE_ASSIGNMENT (( #875 ) ) ;
#2836 = SURFACE_STYLE_USAGE ( .BOTH. , #1562 ) ;
#2837 = EDGE_LOOP ( 'NONE', ( #963, #1655 ) ) ;
#2838 = CARTESIAN_POINT ( 'NONE',  ( 5.849999999999996980, 0.4500000000000398126, 0.2999999999999857225 ) ) ;
#2839 = ORIENTED_EDGE ( 'NONE', *, *, #1365, .F. ) ;
#2840 = DIRECTION ( 'NONE',  ( -6.982962677686266711E-15, 1.000000000000000000, 3.491481338843133355E-15 ) ) ;
#2841 = LINE ( 'NONE', #1213, #685 ) ;
#2842 = CARTESIAN_POINT ( 'NONE',  ( -5.150000000000019895, 2.949999999999962430, 1.000000000000010214 ) ) ;
#2843 = DIRECTION ( 'NONE',  ( 1.000000000000000000, 6.982962677686266711E-15, 2.438088387897967896E-29 ) ) ;
#2844 = CARTESIAN_POINT ( 'NONE',  ( -5.000000000000006217, -9.252425547934306547E-14, 16.49999999999999645 ) ) ;
#2845 = ORIENTED_EDGE ( 'NONE', *, *, #2454, .F. ) ;
#2846 = EDGE_CURVE ( 'NONE', #370, #2656, #872, .T. ) ;
#2847 = SURFACE_STYLE_FILL_AREA ( #316 ) ;
#2848 = EDGE_CURVE ( 'NONE', #1596, #2661, #1874, .T. ) ;
#2849 = ORIENTED_EDGE ( 'NONE', *, *, #293, .T. ) ;
#2850 = DIRECTION ( 'NONE',  ( -1.251002506714043540E-16, -3.491481338843134144E-15, 1.000000000000000000 ) ) ;
#2851 = MECHANICAL_DESIGN_GEOMETRIC_PRESENTATION_REPRESENTATION (  '', ( #352 ), #1181 ) ;
#2852 = CLOSED_SHELL ( 'NONE', ( #1521, #4028, #366, #3081, #1164, #3361, #2432, #2407, #171, #588, #1967, #2353, #1347, #3592, #3821, #4081, #3702 ) ) ;
#2853 =( NAMED_UNIT ( * ) PLANE_ANGLE_UNIT ( ) SI_UNIT ( $, .RADIAN. ) );
#2854 = EDGE_LOOP ( 'NONE', ( #2574, #1895, #2049, #1633, #731, #928 ) ) ;
#2855 = FILL_AREA_STYLE ('',( #1580 ) ) ;
#2856 = VERTEX_POINT ( 'NONE', #1517 ) ;
#2857 = DIRECTION ( 'NONE',  ( 1.000000000000000000, 0.0000000000000000000, -0.0000000000000000000 ) ) ;
#2858 = PRESENTATION_LAYER_ASSIGNMENT (  '', '', ( #2923 ) ) ;
#2859 =( NAMED_UNIT ( * ) SI_UNIT ( $, .STERADIAN. ) SOLID_ANGLE_UNIT ( ) );
#2860 = EDGE_LOOP ( 'NONE', ( #2950, #1383, #3190 ) ) ;
#2861 = DIRECTION ( 'NONE',  ( -1.000000000000000000, -6.982962677686259611E-15, 0.0000000000000000000 ) ) ;
#2862 = CARTESIAN_POINT ( 'NONE',  ( 1.500000000000033751, -4.874423042781571347, 1.599999999999983213 ) ) ;
#2863 = AXIS2_PLACEMENT_3D ( 'NONE', #2809, #2083, #891 ) ;
#2864 = FILL_AREA_STYLE ('',( #1589 ) ) ;
#2865 = ORIENTED_EDGE ( 'NONE', *, *, #2638, .T. ) ;
#2866 = VECTOR ( 'NONE', #2778, 1000.000000000000000 ) ;
#2867 = CARTESIAN_POINT ( 'NONE',  ( 4.500000000000002665, -2.618611004132347808E-14, 16.49999999999999645 ) ) ;
#2868 = CARTESIAN_POINT ( 'NONE',  ( -2.650000000000001688, 0.1457125365665344896, 0.5012531407233459246 ) ) ;
#2869 = ORIENTED_EDGE ( 'NONE', *, *, #3826, .T. ) ;
#2870 = DIRECTION ( 'NONE',  ( 0.0000000000000000000, -3.491481338843133355E-15, 1.000000000000000000 ) ) ;
#2871 = STYLED_ITEM ( 'NONE', ( #152 ), #3176 ) ;
#2872 = COLOUR_RGB ( '',0.0000000000000000000, 0.0000000000000000000, 0.0000000000000000000 ) ;
#2873 = EDGE_CURVE ( 'NONE', #2400, #3483, #3131, .T. ) ;
#2874 = CYLINDRICAL_SURFACE ( 'NONE', #3610, 5.000000000000002665 ) ;
#2875 = MECHANICAL_DESIGN_GEOMETRIC_PRESENTATION_REPRESENTATION (  '', ( #1742 ), #2740 ) ;
#2876 = SURFACE_SIDE_STYLE ('',( #995 ) ) ;
#2877 =( NAMED_UNIT ( * ) PLANE_ANGLE_UNIT ( ) SI_UNIT ( $, .RADIAN. ) );
#2878 = VERTEX_POINT ( 'NONE', #3782 ) ;
#2879 = DIRECTION ( 'NONE',  ( -1.646517197537309958E-16, 3.491481338843132172E-15, -1.000000000000000000 ) ) ;
#2880 = EDGE_CURVE ( 'NONE', #350, #3295, #2931, .T. ) ;
#2881 = AXIS2_PLACEMENT_3D ( 'NONE', #1032, #736, #646 ) ;
#2882 = FACE_OUTER_BOUND ( 'NONE', #2624, .T. ) ;
#2883 = ORIENTED_EDGE ( 'NONE', *, *, #2719, .F. ) ;
#2884 =( LENGTH_UNIT ( ) NAMED_UNIT ( * ) SI_UNIT ( .MILLI., .METRE. ) );
#2885 = DIRECTION ( 'NONE',  ( -1.251002506714043540E-16, -3.491481338843134144E-15, 1.000000000000000000 ) ) ;
#2886 = FILL_AREA_STYLE ('',( #2803 ) ) ;
#2887 =( NAMED_UNIT ( * ) PLANE_ANGLE_UNIT ( ) SI_UNIT ( $, .RADIAN. ) );
#2888 = PRESENTATION_LAYER_ASSIGNMENT (  '', '', ( #2273 ) ) ;
#2889 = FILL_AREA_STYLE_COLOUR ( '', #655 ) ;
#2890 = CARTESIAN_POINT ( 'NONE',  ( -2.725000000000000977, -0.05221248460498831984, 0.6608677134682581222 ) ) ;
#2891 = COLOUR_RGB ( '',0.0000000000000000000, 0.0000000000000000000, 0.0000000000000000000 ) ;
#2892 = ORIENTED_EDGE ( 'NONE', *, *, #2453, .F. ) ;
#2893 = MECHANICAL_DESIGN_GEOMETRIC_PRESENTATION_REPRESENTATION (  '', ( #3632 ), #1969 ) ;
#2894 = PRESENTATION_STYLE_ASSIGNMENT (( #2575 ) ) ;
#2895 = MANIFOLD_SOLID_BREP ( 'G17-003-1-solid1', #2852 ) ;
#2896 = FACE_OUTER_BOUND ( 'NONE', #3386, .T. ) ;
#2897 = ORIENTED_EDGE ( 'NONE', *, *, #1832, .T. ) ;
#2898 = CARTESIAN_POINT ( 'NONE',  ( 5.849999999999996980, 0.4500000000000398126, 0.2999999999999857225 ) ) ;
#2899 = DIRECTION ( 'NONE',  ( -1.000000000000000000, -6.982962677686266711E-15, -2.438088387897967896E-29 ) ) ;
#2900 = CARTESIAN_POINT ( 'NONE',  ( 5.149999999999971934, 4.150000000000034994, 1.448964755619912649E-14 ) ) ;
#2901 = ORIENTED_EDGE ( 'NONE', *, *, #2453, .T. ) ;
#2902 = CARTESIAN_POINT ( 'NONE',  ( -1.825000000000000844, 0.1757584371047799521, 0.4499615801676510873 ) ) ;
#2903 = EDGE_CURVE ( 'NONE', #2365, #1842, #203, .T. ) ;
#2904 = CARTESIAN_POINT ( 'NONE',  ( 2.274999999999999467, 1.324052403329182436E-14, 0.7499999999999842348 ) ) ;
#2905 = FILL_AREA_STYLE ('',( #2246 ) ) ;
#2906 = FILL_AREA_STYLE_COLOUR ( '', #181 ) ;
#2907 = FILL_AREA_STYLE ('',( #1872 ) ) ;
#2908 = ORIENTED_EDGE ( 'NONE', *, *, #1109, .F. ) ;
#2909 =( NAMED_UNIT ( * ) PLANE_ANGLE_UNIT ( ) SI_UNIT ( $, .RADIAN. ) );
#2910 = DIRECTION ( 'NONE',  ( 6.982962677686266711E-15, -1.000000000000000000, -3.491481338843133355E-15 ) ) ;
#2911 = CARTESIAN_POINT ( 'NONE',  ( -2.725000000000000977, -1.897353801849632760E-14, 0.7500000000000000000 ) ) ;
#2912 = ORIENTED_EDGE ( 'NONE', *, *, #3077, .F. ) ;
#2913 = SURFACE_SIDE_STYLE ('',( #994 ) ) ;
#2914 = DIRECTION ( 'NONE',  ( 0.0000000000000000000, 1.000000000000000000, 3.491481338843133355E-15 ) ) ;
#2915 =( NAMED_UNIT ( * ) PLANE_ANGLE_UNIT ( ) SI_UNIT ( $, .RADIAN. ) );
#2916 = CARTESIAN_POINT ( 'NONE',  ( 2.650000000000003020, -0.4499999999999841904, 0.7499999999999826805 ) ) ;
#2917 = VECTOR ( 'NONE', #1821, 1000.000000000000000 ) ;
#2918 = VERTEX_POINT ( 'NONE', #1497 ) ;
#2919 = CARTESIAN_POINT ( 'NONE',  ( 5.849999999999996980, 0.4500000000000408673, -1.452830911130575942E-14 ) ) ;
#2920 = CARTESIAN_POINT ( 'NONE',  ( -5.150000000000019895, 2.949999999999962874, 0.9000000000000103473 ) ) ;
#2921 = FILL_AREA_STYLE_COLOUR ( '', #1496 ) ;
#2922 = EDGE_CURVE ( 'NONE', #3283, #2286, #2441, .T. ) ;
#2923 = STYLED_ITEM ( 'NONE', ( #3716 ), #2407 ) ;
#2924 = CARTESIAN_POINT ( 'NONE',  ( 2.275000000000003464, -0.5999999999999870992, 0.8999999999999980238 ) ) ;
#2925 = ORIENTED_EDGE ( 'NONE', *, *, #3029, .F. ) ;
#2926 = UNCERTAINTY_MEASURE_WITH_UNIT (LENGTH_MEASURE( 1.000000000000000082E-05 ), #2216, 'distance_accuracy_value', 'NONE');
#2927 = CARTESIAN_POINT ( 'NONE',  ( -1.825000000000001288, -1.801292616548680578E-14, 0.4499615801676503657 ) ) ;
#2928 =( GEOMETRIC_REPRESENTATION_CONTEXT ( 3 ) GLOBAL_UNCERTAINTY_ASSIGNED_CONTEXT ( ( #4054 ) ) GLOBAL_UNIT_ASSIGNED_CONTEXT ( ( #3194, #1019, #337 ) ) REPRESENTATION_CONTEXT ( 'NONE', 'WORKASPACE' ) );
#2929 = VECTOR ( 'NONE', #3972, 1000.000000000000000 ) ;
#2930 = LINE ( 'NONE', #1009, #1265 ) ;
#2931 = CIRCLE ( 'NONE', #1127, 0.4437059837324713318 ) ;
#2932 = CIRCLE ( 'NONE', #2132, 0.4500000000000002887 ) ;
#2933 = ORIENTED_EDGE ( 'NONE', *, *, #3697, .T. ) ;
#2934 = LINE ( 'NONE', #3269, #2178 ) ;
#2935 = VECTOR ( 'NONE', #3270, 1000.000000000000000 ) ;
#2936 =( NAMED_UNIT ( * ) SI_UNIT ( $, .STERADIAN. ) SOLID_ANGLE_UNIT ( ) );
#2937 = FACE_OUTER_BOUND ( 'NONE', #1922, .T. ) ;
#2938 = STYLED_ITEM ( 'NONE', ( #1736 ), #1239 ) ;
#2939 = VERTEX_POINT ( 'NONE', #1902 ) ;
#2940 = CARTESIAN_POINT ( 'NONE',  ( -4.792893218813459200, -9.049107642211420386E-14, 16.49999999999999645 ) ) ;
#2941 = CARTESIAN_POINT ( 'NONE',  ( 2.274999999999999467, 1.274390688677743517E-14, 0.9000000000000001332 ) ) ;
#2942 = VECTOR ( 'NONE', #1606, 1000.000000000000000 ) ;
#2943 = ORIENTED_EDGE ( 'NONE', *, *, #14, .T. ) ;
#2944 = LINE ( 'NONE', #3296, #2196 ) ;
#2945 = VECTOR ( 'NONE', #2144, 1000.000000000000000 ) ;
#2946 = CARTESIAN_POINT ( 'NONE',  ( 1.824999999999999734, 1.023640954578352614E-14, 0.7499999999999841238 ) ) ;
#2947 = SURFACE_STYLE_FILL_AREA ( #1065 ) ;
#2948 = DIRECTION ( 'NONE',  ( 0.0000000000000000000, -3.491481338843133355E-15, 1.000000000000000000 ) ) ;
#2949 = CARTESIAN_POINT ( 'NONE',  ( 4.999999999999932498, 9.999999999999985789, 16.00000000000003197 ) ) ;
#2950 = ORIENTED_EDGE ( 'NONE', *, *, #3899, .F. ) ;
#2951 = EDGE_CURVE ( 'NONE', #2604, #751, #620, .T. ) ;
#2953 = MECHANICAL_DESIGN_GEOMETRIC_PRESENTATION_REPRESENTATION (  '', ( #3953 ), #955 ) ;
#2952 = FILL_AREA_STYLE ('',( #1647 ) ) ;
#2954 = FACE_OUTER_BOUND ( 'NONE', #979, .T. ) ;
#2955 = ADVANCED_FACE ( 'NONE', ( #3900 ), #2874, .T. ) ;
#2956 = VERTEX_POINT ( 'NONE', #1031 ) ;
#2957 = FACE_BOUND ( 'NONE', #2234, .T. ) ;
#2958 = AXIS2_PLACEMENT_3D ( 'NONE', #2043, #624, #3168 ) ;
#2959 = CARTESIAN_POINT ( 'NONE',  ( -2.350000000000000977, -1.751131354713247908E-14, 0.3062940162675287792 ) ) ;
#2960 = SURFACE_SIDE_STYLE ('',( #2685 ) ) ;
#2961 = FILL_AREA_STYLE ('',( #3188 ) ) ;
#2962 = CARTESIAN_POINT ( 'NONE',  ( 2.349999999999996536, 0.4500000000000138334, 0.7499999999999859002 ) ) ;
#2963 = SURFACE_STYLE_USAGE ( .BOTH. , #1309 ) ;
#2964 = ORIENTED_EDGE ( 'NONE', *, *, #3571, .F. ) ;
#2965 = FILL_AREA_STYLE_COLOUR ( '', #449 ) ;
#2966 = MANIFOLD_SOLID_BREP ( 'G17-003-2-solid1', #2055 ) ;
#2967 = SURFACE_STYLE_USAGE ( .BOTH. , #3297 ) ;
#2968 = FILL_AREA_STYLE ('',( #3346 ) ) ;
#2969 = PRESENTATION_LAYER_ASSIGNMENT (  '', '', ( #470 ) ) ;
#2970 = CARTESIAN_POINT ( 'NONE',  ( -4.500000000000069278, 8.999999999999921840, 16.50000000000002842 ) ) ;
#2971 = VERTEX_POINT ( 'NONE', #3502 ) ;
#2972 = UNCERTAINTY_MEASURE_WITH_UNIT (LENGTH_MEASURE( 1.000000000000000082E-05 ), #13, 'distance_accuracy_value', 'NONE');
#2973 = FILL_AREA_STYLE_COLOUR ( '', #440 ) ;
#2974 = UNCERTAINTY_MEASURE_WITH_UNIT (LENGTH_MEASURE( 1.000000000000000082E-05 ), #2825, 'distance_accuracy_value', 'NONE');
#2975 = ORIENTED_EDGE ( 'NONE', *, *, #3589, .T. ) ;
#2976 = SURFACE_SIDE_STYLE ('',( #1027 ) ) ;
#2977 =( NAMED_UNIT ( * ) SI_UNIT ( $, .STERADIAN. ) SOLID_ANGLE_UNIT ( ) );
#2978 = EDGE_LOOP ( 'NONE', ( #2359, #3655, #1000, #966 ) ) ;
#2979 = FILL_AREA_STYLE ('',( #3668 ) ) ;
#2980 = CARTESIAN_POINT ( 'NONE',  ( 2.275000000000002576, -0.4499999999999852451, 0.2999999999999825584 ) ) ;
#2981 = ADVANCED_FACE ( 'NONE', ( #3185 ), #298, .F. ) ;
#2982 = EDGE_CURVE ( 'NONE', #1955, #2939, #2659, .T. ) ;
#2983 =( NAMED_UNIT ( * ) SI_UNIT ( $, .STERADIAN. ) SOLID_ANGLE_UNIT ( ) );
#2984 = CARTESIAN_POINT ( 'NONE',  ( 5.000000000000113687, -10.00000000000005507, 16.29289321881341124 ) ) ;
#2985 = SURFACE_STYLE_USAGE ( .BOTH. , #2345 ) ;
#2986 = ORIENTED_EDGE ( 'NONE', *, *, #1573, .F. ) ;
#2987 = DIRECTION ( 'NONE',  ( -1.000000000000000000, -6.982962677686266711E-15, -8.673617379884028076E-17 ) ) ;
#2988 = AXIS2_PLACEMENT_3D ( 'NONE', #918, #2531, #4074 ) ;
#2989 =( NAMED_UNIT ( * ) PLANE_ANGLE_UNIT ( ) SI_UNIT ( $, .RADIAN. ) );
#2990 = SURFACE_STYLE_USAGE ( .BOTH. , #428 ) ;
#2991 = DIRECTION ( 'NONE',  ( 6.982962677686265922E-15, -1.000000000000000000, -3.486454044855347901E-15 ) ) ;
#2992 = CARTESIAN_POINT ( 'NONE',  ( -4.792893218813460088, -9.049107642211419123E-14, 16.49999999999999645 ) ) ;
#2993 = VERTEX_POINT ( 'NONE', #2005 ) ;
#2994 = DIRECTION ( 'NONE',  ( 0.0000000000000000000, -1.000000000000000000, -3.486925384749196747E-15 ) ) ;
#2995 = PRESENTATION_STYLE_ASSIGNMENT (( #433 ) ) ;
#2996 = FILL_AREA_STYLE_COLOUR ( '', #1734 ) ;
#2997 = ORIENTED_EDGE ( 'NONE', *, *, #1595, .F. ) ;
#2998 = DIRECTION ( 'NONE',  ( -1.000000000000000000, -6.982962677686265133E-15, -1.301042606982604581E-16 ) ) ;
#2999 = DIRECTION ( 'NONE',  ( -6.982962677686266711E-15, 1.000000000000000000, 3.491481338843133355E-15 ) ) ;
#3000 = CIRCLE ( 'NONE', #1061, 0.4500000000000001776 ) ;
#3001 = FILL_AREA_STYLE_COLOUR ( '', #3192 ) ;
#3002 =( GEOMETRIC_REPRESENTATION_CONTEXT ( 3 ) GLOBAL_UNCERTAINTY_ASSIGNED_CONTEXT ( ( #2417 ) ) GLOBAL_UNIT_ASSIGNED_CONTEXT ( ( #1968, #3244, #2707 ) ) REPRESENTATION_CONTEXT ( 'NONE', 'WORKASPACE' ) );
#3003 = AXIS2_PLACEMENT_3D ( 'NONE', #1324, #3960, #1649 ) ;
#3004 =( NAMED_UNIT ( * ) SI_UNIT ( $, .STERADIAN. ) SOLID_ANGLE_UNIT ( ) );
#3005 = STYLED_ITEM ( 'NONE', ( #3792 ), #1137 ) ;
#3006 = VERTEX_POINT ( 'NONE', #3334 ) ;
#3007 = FACE_OUTER_BOUND ( 'NONE', #312, .T. ) ;
#3008 =( NAMED_UNIT ( * ) SI_UNIT ( $, .STERADIAN. ) SOLID_ANGLE_UNIT ( ) );
#3009 = EDGE_CURVE ( 'NONE', #1590, #3824, #714, .T. ) ;
#3010 = SURFACE_SIDE_STYLE ('',( #407 ) ) ;
#3011 = DIRECTION ( 'NONE',  ( 1.653892159485515119E-15, -1.000000000000000000, -3.486454044855347901E-15 ) ) ;
#3012 = CARTESIAN_POINT ( 'NONE',  ( 2.649999999999999911, 1.585913503742417595E-14, 0.7499999999999843459 ) ) ;
#3013 = DIRECTION ( 'NONE',  ( -1.000000000000000000, -6.982962677686266711E-15, 0.0000000000000000000 ) ) ;
#3014 = ORIENTED_EDGE ( 'NONE', *, *, #2848, .T. ) ;
#3015 = UNCERTAINTY_MEASURE_WITH_UNIT (LENGTH_MEASURE( 1.000000000000000082E-05 ), #327, 'distance_accuracy_value', 'NONE');
#3016 = CARTESIAN_POINT ( 'NONE',  ( 2.650000000000001688, -0.2487468592766383380, 0.6042874634334309825 ) ) ;
#3017 = VERTEX_POINT ( 'NONE', #1366 ) ;
#3018 = PRESENTATION_LAYER_ASSIGNMENT (  '', '', ( #3953 ) ) ;
#3019 = FILL_AREA_STYLE ('',( #175 ) ) ;
#3020 = CARTESIAN_POINT ( 'NONE',  ( 4.874423042781586446, -1.499999999999971800, 1.600999999999994872 ) ) ;
#3021 = DIRECTION ( 'NONE',  ( 0.0000000000000000000, -3.491481338843133355E-15, 1.000000000000000000 ) ) ;
#3022 = VERTEX_POINT ( 'NONE', #781 ) ;
#3023 = PRESENTATION_LAYER_ASSIGNMENT (  '', '', ( #675 ) ) ;
#3024 =( NAMED_UNIT ( * ) PLANE_ANGLE_UNIT ( ) SI_UNIT ( $, .RADIAN. ) );
#3025 = ORIENTED_EDGE ( 'NONE', *, *, #1425, .T. ) ;
#3026 =( NAMED_UNIT ( * ) SI_UNIT ( $, .STERADIAN. ) SOLID_ANGLE_UNIT ( ) );
#3027 = CARTESIAN_POINT ( 'NONE',  ( -1.951563910473908376E-15, -5.760944209091170667E-14, 16.49999999999999645 ) ) ;
#3028 = DIRECTION ( 'NONE',  ( 6.982962677686266711E-15, -1.000000000000000000, -3.491481338843133355E-15 ) ) ;
#3029 = EDGE_CURVE ( 'NONE', #1240, #1771, #88, .T. ) ;
#3030 = EDGE_CURVE ( 'NONE', #3324, #3760, #2061, .T. ) ;
#3031 = CARTESIAN_POINT ( 'NONE',  ( 2.649999999999995914, 0.4500000000000185518, -1.414883835093583286E-14 ) ) ;
#3032 = CIRCLE ( 'NONE', #613, 0.4499999999999999001 ) ;
#3033 = FILL_AREA_STYLE_COLOUR ( '', #3323 ) ;
#3034 = ORIENTED_EDGE ( 'NONE', *, *, #3750, .F. ) ;
#3035 = LINE ( 'NONE', #3933, #2076 ) ;
#3036 = DIRECTION ( 'NONE',  ( -7.228014483236698330E-15, 1.000000000000000000, 3.523657060577890199E-15 ) ) ;
#3037 = MECHANICAL_DESIGN_GEOMETRIC_PRESENTATION_REPRESENTATION (  '', ( #470 ), #3369 ) ;
#3038 = ORIENTED_EDGE ( 'NONE', *, *, #2533, .F. ) ;
#3039 = FILL_AREA_STYLE_COLOUR ( '', #2097 ) ;
#3040 = ORIENTED_EDGE ( 'NONE', *, *, #1035, .F. ) ;
#3041 = FACE_OUTER_BOUND ( 'NONE', #606, .T. ) ;
#3042 = ORIENTED_EDGE ( 'NONE', *, *, #266, .T. ) ;
#3043 = LINE ( 'NONE', #3656, #816 ) ;
#3044 = CARTESIAN_POINT ( 'NONE',  ( -1.500000000000033973, 4.874423042781560689, 1.000000000000016875 ) ) ;
#3045 = CARTESIAN_POINT ( 'NONE',  ( 0.0000000000000000000, 0.0000000000000000000, 0.0000000000000000000 ) ) ;
#3046 = CARTESIAN_POINT ( 'NONE',  ( -2.650000000000000799, 0.4499999999999825251, 0.3000000000000016542 ) ) ;
#3047 = DIRECTION ( 'NONE',  ( -0.0000000000000000000, 1.000000000000000000, 3.491481338843133355E-15 ) ) ;
#3048 = DIRECTION ( 'NONE',  ( -1.646517197537309958E-16, 3.491481338843132172E-15, -1.000000000000000000 ) ) ;
#3049 = ORIENTED_EDGE ( 'NONE', *, *, #523, .F. ) ;
#3050 = ADVANCED_FACE ( 'NONE', ( #3941 ), #2792, .T. ) ;
#3051 = UNCERTAINTY_MEASURE_WITH_UNIT (LENGTH_MEASURE( 1.000000000000000082E-05 ), #3530, 'distance_accuracy_value', 'NONE');
#3052 = CARTESIAN_POINT ( 'NONE',  ( -5.150000000000034994, 5.149999999999962164, 0.9000000000000181188 ) ) ;
#3053 = MECHANICAL_DESIGN_GEOMETRIC_PRESENTATION_REPRESENTATION (  '', ( #2582 ), #489 ) ;
#3054 = CARTESIAN_POINT ( 'NONE',  ( 4.762045270816491538, 3.156483533888919512E-15, 3.335812449474540031 ) ) ;
#3055 = STYLED_ITEM ( 'NONE', ( #3367 ), #1911 ) ;
#3056 = DIRECTION ( 'NONE',  ( 1.000000000000000000, 7.004015147054916248E-15, 2.445438818291688856E-29 ) ) ;
#3057 = ORIENTED_EDGE ( 'NONE', *, *, #1085, .F. ) ;
#3058 = PLANE ( 'NONE',  #1095 ) ;
#3059 = STYLED_ITEM ( 'NONE', ( #2 ), #396 ) ;
#3060 = ORIENTED_EDGE ( 'NONE', *, *, #42, .T. ) ;
#3061 = ORIENTED_EDGE ( 'NONE', *, *, #1474, .T. ) ;
#3062 = AXIS2_PLACEMENT_3D ( 'NONE', #1333, #2607, #3883 ) ;
#3063 = MECHANICAL_DESIGN_GEOMETRIC_PRESENTATION_REPRESENTATION (  '', ( #2125 ), #1397 ) ;
#3064 = LINE ( 'NONE', #4089, #432 ) ;
#3065 = CARTESIAN_POINT ( 'NONE',  ( 1.499999999999962252, 5.150000000000007461, 0.9000000000000181188 ) ) ;
#3066 = LINE ( 'NONE', #3375, #1045 ) ;
#3067 =( NAMED_UNIT ( * ) SI_UNIT ( $, .STERADIAN. ) SOLID_ANGLE_UNIT ( ) );
#3068 = DIRECTION ( 'NONE',  ( -0.0000000000000000000, 3.491481338843133355E-15, -1.000000000000000000 ) ) ;
#3069 = VECTOR ( 'NONE', #353, 1000.000000000000000 ) ;
#3070 = PRESENTATION_LAYER_ASSIGNMENT (  '', '', ( #116 ) ) ;
#3071 = DIRECTION ( 'NONE',  ( -7.109277493898170247E-15, 1.000000000000000000, 3.491481338843133355E-15 ) ) ;
#3072 = SURFACE_STYLE_USAGE ( .BOTH. , #1107 ) ;
#3073 = SURFACE_STYLE_FILL_AREA ( #1250 ) ;
#3074 = STYLED_ITEM ( 'NONE', ( #1975 ), #1424 ) ;
#3075 = SURFACE_STYLE_USAGE ( .BOTH. , #2419 ) ;
#3076 = DIRECTION ( 'NONE',  ( 7.004015147054916248E-15, -1.000000000000000000, -3.491481338843133355E-15 ) ) ;
#3077 = EDGE_CURVE ( 'NONE', #3678, #2878, #1267, .T. ) ;
#3078 = EDGE_LOOP ( 'NONE', ( #296, #1919, #954, #1320 ) ) ;
#3080 = VECTOR ( 'NONE', #1855, 1000.000000000000000 ) ;
#3079 = PRESENTATION_STYLE_ASSIGNMENT (( #3693 ) ) ;
#3081 = ADVANCED_FACE ( 'NONE', ( #1981 ), #1044, .F. ) ;
#3082 = SURFACE_STYLE_FILL_AREA ( #505 ) ;
#3083 = EDGE_CURVE ( 'NONE', #3794, #720, #3579, .T. ) ;
#3084 = MECHANICAL_DESIGN_GEOMETRIC_PRESENTATION_REPRESENTATION (  '', ( #2468 ), #3819 ) ;
#3085 = VERTEX_POINT ( 'NONE', #3206 ) ;
#3086 = VERTEX_POINT ( 'NONE', #313 ) ;
#3087 = PRESENTATION_STYLE_ASSIGNMENT (( #464 ) ) ;
#3088 = CIRCLE ( 'NONE', #384, 0.4499999999999999001 ) ;
#3089 = COLOUR_RGB ( '',0.0000000000000000000, 0.0000000000000000000, 0.0000000000000000000 ) ;
#3090 = DIRECTION ( 'NONE',  ( 0.0000000000000000000, -3.491481338843133355E-15, 1.000000000000000000 ) ) ;
#3091 = DIRECTION ( 'NONE',  ( 1.000000000000000000, 0.0000000000000000000, -0.0000000000000000000 ) ) ;
#3092 = AXIS2_PLACEMENT_3D ( 'NONE', #3745, #3441, #1226 ) ;
#3093 =( LENGTH_UNIT ( ) NAMED_UNIT ( * ) SI_UNIT ( .MILLI., .METRE. ) );
#3094 = SURFACE_SIDE_STYLE ('',( #837 ) ) ;
#3095 = CARTESIAN_POINT ( 'NONE',  ( 1.500000000000036415, -5.149999999999992362, 0.8999999999999820366 ) ) ;
#3096 = SURFACE_STYLE_USAGE ( .BOTH. , #1825 ) ;
#3097 = CARTESIAN_POINT ( 'NONE',  ( 4.762045270816491538, 4.977727134445541473E-15, 2.814187550525467429 ) ) ;
#3098 =( NAMED_UNIT ( * ) SI_UNIT ( $, .STERADIAN. ) SOLID_ANGLE_UNIT ( ) );
#3099 = FACE_BOUND ( 'NONE', #2704, .T. ) ;
#3100 = ORIENTED_EDGE ( 'NONE', *, *, #3338, .F. ) ;
#3101 = MECHANICAL_DESIGN_GEOMETRIC_PRESENTATION_REPRESENTATION (  '', ( #1435 ), #3499 ) ;
#3102 =( NAMED_UNIT ( * ) PLANE_ANGLE_UNIT ( ) SI_UNIT ( $, .RADIAN. ) );
#3103 = ORIENTED_EDGE ( 'NONE', *, *, #2280, .T. ) ;
#3104 = FILL_AREA_STYLE ('',( #3412 ) ) ;
#3105 = LINE ( 'NONE', #221, #3464 ) ;
#3106 = ADVANCED_FACE ( 'NONE', ( #1999 ), #1612, .F. ) ;
#3107 = EDGE_CURVE ( 'NONE', #751, #2631, #2336, .T. ) ;
#3108 = DIRECTION ( 'NONE',  ( -0.0000000000000000000, 3.491481338843133355E-15, -1.000000000000000000 ) ) ;
#3109 = DIRECTION ( 'NONE',  ( 0.0000000000000000000, -3.491481338843133355E-15, 1.000000000000000000 ) ) ;
#3110 =( NAMED_UNIT ( * ) SI_UNIT ( $, .STERADIAN. ) SOLID_ANGLE_UNIT ( ) );
#3111 = VERTEX_POINT ( 'NONE', #773 ) ;
#3112 = PLANE ( 'NONE',  #516 ) ;
#3113 = PRESENTATION_STYLE_ASSIGNMENT (( #3096 ) ) ;
#3114 = AXIS2_PLACEMENT_3D ( 'NONE', #1335, #3574, #2987 ) ;
#3115 = DIRECTION ( 'NONE',  ( 0.0000000000000000000, -3.491481338843133355E-15, 1.000000000000000000 ) ) ;
#3116 = ORIENTED_EDGE ( 'NONE', *, *, #3901, .F. ) ;
#3117 = STYLED_ITEM ( 'NONE', ( #1541 ), #2250 ) ;
#3118 =( GEOMETRIC_REPRESENTATION_CONTEXT ( 3 ) GLOBAL_UNCERTAINTY_ASSIGNED_CONTEXT ( ( #4133 ) ) GLOBAL_UNIT_ASSIGNED_CONTEXT ( ( #2599, #2276, #2552 ) ) REPRESENTATION_CONTEXT ( 'NONE', 'WORKASPACE' ) );
#3119 = CARTESIAN_POINT ( 'NONE',  ( -4.874423042781565130, -1.500000000000039746, 1.600999999999994872 ) ) ;
#3120 = CARTESIAN_POINT ( 'NONE',  ( 3.596225779008426725E-14, -5.149999999999999467, -1.798112889504213362E-14 ) ) ;
#3121 =( LENGTH_UNIT ( ) NAMED_UNIT ( * ) SI_UNIT ( .MILLI., .METRE. ) );
#3122 = VECTOR ( 'NONE', #3781, 1000.000000000000000 ) ;
#3123 = AXIS2_PLACEMENT_3D ( 'NONE', #1706, #1630, #1995 ) ;
#3124 = EDGE_CURVE ( 'NONE', #847, #1303, #3035, .T. ) ;
#3125 = CARTESIAN_POINT ( 'NONE',  ( 2.724999999999999645, 1.669406095336463885E-14, 0.6608677134682422460 ) ) ;
#3126 = ADVANCED_FACE ( 'NONE', ( #3626 ), #2052, .T. ) ;
#3127 =( NAMED_UNIT ( * ) SI_UNIT ( $, .STERADIAN. ) SOLID_ANGLE_UNIT ( ) );
#3128 = PRESENTATION_LAYER_ASSIGNMENT (  '', '', ( #2385 ) ) ;
#3129 = UNCERTAINTY_MEASURE_WITH_UNIT (LENGTH_MEASURE( 1.000000000000000082E-05 ), #898, 'distance_accuracy_value', 'NONE');
#3130 = VERTEX_POINT ( 'NONE', #3349 ) ;
#3131 = CIRCLE ( 'NONE', #33, 0.4500000000000001776 ) ;
#3132 = STYLED_ITEM ( 'NONE', ( #3631 ), #726 ) ;
#3133 = CARTESIAN_POINT ( 'NONE',  ( -1.500000000000035527, 5.149999999999987033, 1.000000000000017986 ) ) ;
#3134 = ORIENTED_EDGE ( 'NONE', *, *, #4044, .T. ) ;
#3135 = UNCERTAINTY_MEASURE_WITH_UNIT (LENGTH_MEASURE( 1.000000000000000082E-05 ), #539, 'distance_accuracy_value', 'NONE');
#3136 = COLOUR_RGB ( '',0.7921568627450980005, 0.8196078431372548767, 0.9333333333333333481 ) ;
#3137 = SURFACE_SIDE_STYLE ('',( #286 ) ) ;
#3138 = COLOUR_RGB ( '',0.0000000000000000000, 0.0000000000000000000, 0.0000000000000000000 ) ;
#3139 = VECTOR ( 'NONE', #4142, 1000.000000000000000 ) ;
#3140 = SURFACE_SIDE_STYLE ('',( #2167 ) ) ;
#3141 = ORIENTED_EDGE ( 'NONE', *, *, #3431, .T. ) ;
#3142 = SURFACE_STYLE_USAGE ( .BOTH. , #1258 ) ;
#3143 = PRESENTATION_STYLE_ASSIGNMENT (( #3539 ) ) ;
#3144 = ORIENTED_EDGE ( 'NONE', *, *, #748, .T. ) ;
#3145 =( NAMED_UNIT ( * ) PLANE_ANGLE_UNIT ( ) SI_UNIT ( $, .RADIAN. ) );
#3146 = CARTESIAN_POINT ( 'NONE',  ( 2.649999999999996803, 0.4500000000000158873, 0.7499999999999857891 ) ) ;
#3147 = COLOUR_RGB ( '',0.7529411764705882248, 0.7529411764705882248, 0.7529411764705882248 ) ;
#3148 = CIRCLE ( 'NONE', #2023, 5.000000000000004441 ) ;
#3149 = CARTESIAN_POINT ( 'NONE',  ( 2.649999999999995914, 0.4500000000000174416, 0.2999999999999858336 ) ) ;
#3150 = CARTESIAN_POINT ( 'NONE',  ( -4.874423042781565130, -1.500000000000037526, 0.9999999999999947820 ) ) ;
#3151 = LINE ( 'NONE', #2670, #983 ) ;
#3152 = ORIENTED_EDGE ( 'NONE', *, *, #3826, .F. ) ;
#3153 = DIRECTION ( 'NONE',  ( 0.0000000000000000000, -3.491481338843133355E-15, 1.000000000000000000 ) ) ;
#3154 = STYLED_ITEM ( 'NONE', ( #2580 ), #3409 ) ;
#3155 = CARTESIAN_POINT ( 'NONE',  ( -4.874423042781565130, -1.500000000000037526, 0.8999999999999949152 ) ) ;
#3156 = EDGE_CURVE ( 'NONE', #3760, #3617, #1135, .T. ) ;
#3157 = EDGE_CURVE ( 'NONE', #3794, #3788, #1071, .T. ) ;
#3158 = DIRECTION ( 'NONE',  ( 6.938893903907228378E-15, -1.000000000000000000, -3.469446951953614189E-15 ) ) ;
#3159 = CIRCLE ( 'NONE', #1489, 0.2999999999999999334 ) ;
#3160 = SURFACE_STYLE_FILL_AREA ( #1300 ) ;
#3161 = CARTESIAN_POINT ( 'NONE',  ( -4.499999999999944933, -9.000000000000095923, 16.49999999999996447 ) ) ;
#3162 =( NAMED_UNIT ( * ) SI_UNIT ( $, .STERADIAN. ) SOLID_ANGLE_UNIT ( ) );
#3164 = ORIENTED_EDGE ( 'NONE', *, *, #3285, .F. ) ;
#3163 = MECHANICAL_DESIGN_GEOMETRIC_PRESENTATION_REPRESENTATION (  '', ( #2158 ), #3298 ) ;
#3165 = PLANE ( 'NONE',  #2881 ) ;
#3166 = DIRECTION ( 'NONE',  ( 0.0000000000000000000, -3.491481338843133355E-15, 1.000000000000000000 ) ) ;
#3167 = EDGE_LOOP ( 'NONE', ( #498, #3958, #2027, #3061 ) ) ;
#3168 = DIRECTION ( 'NONE',  ( -1.000000000000000000, -6.961910208317616384E-15, -2.430737957504246937E-29 ) ) ;
#3169 = ORIENTED_EDGE ( 'NONE', *, *, #2793, .T. ) ;
#3170 = CARTESIAN_POINT ( 'NONE',  ( 0.0000000000000000000, -3.491481338843133355E-15, 1.000000000000000000 ) ) ;
#3171 = ORIENTED_EDGE ( 'NONE', *, *, #2227, .F. ) ;
#3172 = CARTESIAN_POINT ( 'NONE',  ( 1.499999999999964251, 4.874423042781580229, 1.600000000000016964 ) ) ;
#3173 = DIRECTION ( 'NONE',  ( 0.0000000000000000000, -3.491481338843133355E-15, 1.000000000000000000 ) ) ;
#3174 = DIRECTION ( 'NONE',  ( -0.0000000000000000000, 3.491481338843133355E-15, -1.000000000000000000 ) ) ;
#3175 = CARTESIAN_POINT ( 'NONE',  ( 4.500000000000002665, -2.618611004132347808E-14, 16.49999999999999645 ) ) ;
#3176 = ADVANCED_FACE ( 'NONE', ( #1152 ), #2077, .F. ) ;
#3177 = ORIENTED_EDGE ( 'NONE', *, *, #1287, .T. ) ;
#3178 = ADVANCED_FACE ( 'NONE', ( #541 ), #3112, .T. ) ;
#3179 = DIRECTION ( 'NONE',  ( 6.982962677686266711E-15, -1.000000000000000000, -3.491481338843133355E-15 ) ) ;
#3180 = CARTESIAN_POINT ( 'NONE',  ( 5.149999999999990585, 1.500000000000033307, 0.9000000000000052403 ) ) ;
#3181 = ORIENTED_EDGE ( 'NONE', *, *, #2086, .F. ) ;
#3182 = ADVANCED_FACE ( 'NONE', ( #1843 ), #1547, .F. ) ;
#3183 = DIRECTION ( 'NONE',  ( 6.982962677686266711E-15, -1.000000000000000000, -3.491481338843133355E-15 ) ) ;
#3184 = COLOUR_RGB ( '',0.7529411764705882248, 0.7529411764705882248, 0.7529411764705882248 ) ;
#3185 = FACE_OUTER_BOUND ( 'NONE', #3998, .T. ) ;
#3186 = COLOUR_RGB ( '',0.0000000000000000000, 0.0000000000000000000, 0.0000000000000000000 ) ;
#3187 = VERTEX_POINT ( 'NONE', #2496 ) ;
#3188 = FILL_AREA_STYLE_COLOUR ( '', #126 ) ;
#3189 = PLANE ( 'NONE',  #850 ) ;
#3190 = ORIENTED_EDGE ( 'NONE', *, *, #3157, .T. ) ;
#3191 = SURFACE_SIDE_STYLE ('',( #3825 ) ) ;
#3192 = COLOUR_RGB ( '',1.000000000000000000, 1.000000000000000000, 0.7529411764705882248 ) ;
#3193 = VECTOR ( 'NONE', #3978, 1000.000000000000000 ) ;
#3194 =( LENGTH_UNIT ( ) NAMED_UNIT ( * ) SI_UNIT ( .MILLI., .METRE. ) );
#3195 = ORIENTED_EDGE ( 'NONE', *, *, #420, .T. ) ;
#3196 =( LENGTH_UNIT ( ) NAMED_UNIT ( * ) SI_UNIT ( .MILLI., .METRE. ) );
#3197 = VECTOR ( 'NONE', #52, 1000.000000000000000 ) ;
#3198 = VECTOR ( 'NONE', #3704, 1000.000000000000000 ) ;
#3199 = PLANE ( 'NONE',  #130 ) ;
#3200 = CARTESIAN_POINT ( 'NONE',  ( -2.350000000000000977, -1.906050470926743727E-14, 0.7500000000000001110 ) ) ;
#3201 = VECTOR ( 'NONE', #148, 1000.000000000000000 ) ;
#3202 = PRESENTATION_STYLE_ASSIGNMENT (( #4119 ) ) ;
#3203 = CARTESIAN_POINT ( 'NONE',  ( -1.499999999999998668, -1.361677722148821220E-14, 0.9000000000000001332 ) ) ;
#3204 = ORIENTED_EDGE ( 'NONE', *, *, #2062, .T. ) ;
#3205 = CIRCLE ( 'NONE', #1875, 0.2999999999999999334 ) ;
#3206 = CARTESIAN_POINT ( 'NONE',  ( 2.274999999999995470, 0.6000000000000126343, 0.9000000000000021316 ) ) ;
#3207 = CARTESIAN_POINT ( 'NONE',  ( -2.725000000000000977, -1.908195823574487804E-14, 0.7500000000000000000 ) ) ;
#3208 =( GEOMETRIC_REPRESENTATION_CONTEXT ( 3 ) GLOBAL_UNCERTAINTY_ASSIGNED_CONTEXT ( ( #3891 ) ) GLOBAL_UNIT_ASSIGNED_CONTEXT ( ( #734, #398, #759 ) ) REPRESENTATION_CONTEXT ( 'NONE', 'WORKASPACE' ) );
#3209 = ORIENTED_EDGE ( 'NONE', *, *, #2567, .F. ) ;
#3210 = PRESENTATION_STYLE_ASSIGNMENT (( #1199 ) ) ;
#3211 = EDGE_CURVE ( 'NONE', #3695, #2725, #1824, .T. ) ;
#3212 = SURFACE_SIDE_STYLE ('',( #1617 ) ) ;
#3213 = EDGE_CURVE ( 'NONE', #2214, #1611, #1146, .T. ) ;
#3214 = MECHANICAL_DESIGN_GEOMETRIC_PRESENTATION_REPRESENTATION (  '', ( #2612 ), #1143 ) ;
#3215 = CARTESIAN_POINT ( 'NONE',  ( -5.150000000000009237, 1.499999999999960920, 0.9000000000000052403 ) ) ;
#3216 = MECHANICAL_DESIGN_GEOMETRIC_PRESENTATION_REPRESENTATION (  '', ( #3074 ), #2084 ) ;
#3217 = SURFACE_STYLE_USAGE ( .BOTH. , #2238 ) ;
#3218 = ORIENTED_EDGE ( 'NONE', *, *, #612, .T. ) ;
#3219 = CARTESIAN_POINT ( 'NONE',  ( -2.054158128379448556, -1.713039432527097006E-14, 0.2562876129621370902 ) ) ;
#3220 = SURFACE_STYLE_FILL_AREA ( #1373 ) ;
#3221 =( NAMED_UNIT ( * ) SI_UNIT ( $, .STERADIAN. ) SOLID_ANGLE_UNIT ( ) );
#3222 = EDGE_LOOP ( 'NONE', ( #3449, #1274 ) ) ;
#3223 = CARTESIAN_POINT ( 'NONE',  ( -2.054158128379448556, -1.733671712316903998E-14, 0.2562876129621372567 ) ) ;
#3224 =( LENGTH_UNIT ( ) NAMED_UNIT ( * ) SI_UNIT ( .MILLI., .METRE. ) );
#3225 = STYLED_ITEM ( 'NONE', ( #3079 ), #3592 ) ;
#3226 = CARTESIAN_POINT ( 'NONE',  ( -2.725000000000000977, -1.891002692566755845E-14, 0.7500000000000000000 ) ) ;
#3227 = ORIENTED_EDGE ( 'NONE', *, *, #2765, .T. ) ;
#3228 =( GEOMETRIC_REPRESENTATION_CONTEXT ( 3 ) GLOBAL_UNCERTAINTY_ASSIGNED_CONTEXT ( ( #1710 ) ) GLOBAL_UNIT_ASSIGNED_CONTEXT ( ( #4000, #156, #1815 ) ) REPRESENTATION_CONTEXT ( 'NONE', 'WORKASPACE' ) );
#3229 =( LENGTH_UNIT ( ) NAMED_UNIT ( * ) SI_UNIT ( .MILLI., .METRE. ) );
#3230 = EDGE_CURVE ( 'NONE', #2939, #75, #4056, .T. ) ;
#3231 = DIRECTION ( 'NONE',  ( 6.982962677686266711E-15, -1.000000000000000000, -3.491481338843133355E-15 ) ) ;
#3232 = CIRCLE ( 'NONE', #537, 0.4500000000000001776 ) ;
#3233 = SURFACE_STYLE_FILL_AREA ( #978 ) ;
#3234 = ORIENTED_EDGE ( 'NONE', *, *, #94, .F. ) ;
#3235 = FILL_AREA_STYLE_COLOUR ( '', #185 ) ;
#3236 = DIRECTION ( 'NONE',  ( 0.0000000000000000000, -3.491481338843133355E-15, 1.000000000000000000 ) ) ;
#3237 = CARTESIAN_POINT ( 'NONE',  ( 5.149999999999965716, 5.150000000000035882, 0.3000000000000180300 ) ) ;
#3238 = CARTESIAN_POINT ( 'NONE',  ( -4.500000000000006217, -8.846943661289215296E-14, 16.49999999999999645 ) ) ;
#3239 = ORIENTED_EDGE ( 'NONE', *, *, #3589, .F. ) ;
#3240 = SURFACE_STYLE_USAGE ( .BOTH. , #2976 ) ;
#3241 =( NAMED_UNIT ( * ) PLANE_ANGLE_UNIT ( ) SI_UNIT ( $, .RADIAN. ) );
#3242 = ORIENTED_EDGE ( 'NONE', *, *, #2111, .T. ) ;
#3243 = SURFACE_SIDE_STYLE ('',( #3501 ) ) ;
#3244 =( NAMED_UNIT ( * ) PLANE_ANGLE_UNIT ( ) SI_UNIT ( $, .RADIAN. ) );
#3245 = DIRECTION ( 'NONE',  ( -6.982962677686266711E-15, 1.000000000000000000, 3.491481338843133355E-15 ) ) ;
#3246 = ORIENTED_EDGE ( 'NONE', *, *, #3876, .T. ) ;
#3247 = ORIENTED_EDGE ( 'NONE', *, *, #2880, .F. ) ;
#3248 = PLANE ( 'NONE',  #3926 ) ;
#3249 = UNCERTAINTY_MEASURE_WITH_UNIT (LENGTH_MEASURE( 1.000000000000000082E-05 ), #733, 'distance_accuracy_value', 'NONE');
#3250 = PRESENTATION_STYLE_ASSIGNMENT (( #2963 ) ) ;
#3251 = EDGE_CURVE ( 'NONE', #2856, #1677, #1554, .T. ) ;
#3252 = ORIENTED_EDGE ( 'NONE', *, *, #3846, .F. ) ;
#3253 = LINE ( 'NONE', #361, #3481 ) ;
#3254 = CARTESIAN_POINT ( 'NONE',  ( 2.274999999999996803, 0.4500000000000110023, 1.443755419130942519 ) ) ;
#3255 = CARTESIAN_POINT ( 'NONE',  ( 2.349999999999997868, 0.2599169475644010907, 0.3062940162675139022 ) ) ;
#3256 = EDGE_CURVE ( 'NONE', #1611, #1558, #1666, .T. ) ;
#3257 = EDGE_CURVE ( 'NONE', #3187, #1346, #2209, .T. ) ;
#3258 = CARTESIAN_POINT ( 'NONE',  ( 2.274999999999999467, 1.081828993367479190E-14, 1.443755419130940965 ) ) ;
#3259 = SURFACE_STYLE_FILL_AREA ( #2674 ) ;
#3260 = CARTESIAN_POINT ( 'NONE',  ( -4.874423042781586446, 1.499999999999962919, 0.9000000000000052403 ) ) ;
#3261 = ORIENTED_EDGE ( 'NONE', *, *, #272, .T. ) ;
#3262 = FILL_AREA_STYLE ('',( #3833 ) ) ;
#3263 = UNCERTAINTY_MEASURE_WITH_UNIT (LENGTH_MEASURE( 1.000000000000000082E-05 ), #2139, 'distance_accuracy_value', 'NONE');
#3264 =( NAMED_UNIT ( * ) PLANE_ANGLE_UNIT ( ) SI_UNIT ( $, .RADIAN. ) );
#3265 = VECTOR ( 'NONE', #3245, 1000.000000000000000 ) ;
#3266 =( NAMED_UNIT ( * ) SI_UNIT ( $, .STERADIAN. ) SOLID_ANGLE_UNIT ( ) );
#3267 = MECHANICAL_DESIGN_GEOMETRIC_PRESENTATION_REPRESENTATION (  '', ( #2452 ), #725 ) ;
#3268 = EDGE_LOOP ( 'NONE', ( #229, #1531, #285, #3218 ) ) ;
#3269 = CARTESIAN_POINT ( 'NONE',  ( 5.149999999999965716, 5.150000000000031442, 1.600000000000018074 ) ) ;
#3270 = DIRECTION ( 'NONE',  ( 0.0000000000000000000, -3.491481338843133355E-15, 1.000000000000000000 ) ) ;
#3271 = PLANE ( 'NONE',  #2863 ) ;
#3272 = FILL_AREA_STYLE_COLOUR ( '', #521 ) ;
#3273 = AXIS2_PLACEMENT_3D ( 'NONE', #634, #3515, #347 ) ;
#3274 = COLOUR_RGB ( '',1.000000000000000000, 1.000000000000000000, 0.7529411764705882248 ) ;
#3275 =( LENGTH_UNIT ( ) NAMED_UNIT ( * ) SI_UNIT ( .MILLI., .METRE. ) );
#3276 = FACE_OUTER_BOUND ( 'NONE', #813, .T. ) ;
#3277 = CARTESIAN_POINT ( 'NONE',  ( -1.825000000000001288, -1.788933584601082316E-14, 0.4499615801676503657 ) ) ;
#3278 = FACE_OUTER_BOUND ( 'NONE', #3078, .T. ) ;
#3279 = SURFACE_STYLE_USAGE ( .BOTH. , #161 ) ;
#3280 = COLOUR_RGB ( '',1.000000000000000000, 1.000000000000000000, 0.7529411764705882248 ) ;
#3281 = DIRECTION ( 'NONE',  ( 1.000000000000000000, 6.982962677686266711E-15, 2.438088387897967896E-29 ) ) ;
#3282 = CARTESIAN_POINT ( 'NONE',  ( -4.762045270816493314, -4.606647601244497163E-14, 3.335812449474538699 ) ) ;
#3283 = VERTEX_POINT ( 'NONE', #4140 ) ;
#3284 = DIRECTION ( 'NONE',  ( -7.156435025283947420E-15, 1.000000000000000000, 3.491481338843133355E-15 ) ) ;
#3285 = EDGE_CURVE ( 'NONE', #2211, #2316, #2684, .T. ) ;
#3286 = ADVANCED_FACE ( 'NONE', ( #2290 ), #3199, .F. ) ;
#3287 = STYLED_ITEM ( 'NONE', ( #1375 ), #1858 ) ;
#3288 = VECTOR ( 'NONE', #1296, 1000.000000000000000 ) ;
#3289 = ORIENTED_EDGE ( 'NONE', *, *, #1573, .T. ) ;
#3290 = STYLED_ITEM ( 'NONE', ( #2160 ), #3383 ) ;
#3291 = CARTESIAN_POINT ( 'NONE',  ( -2.274999999999997247, -0.6000000000000195177, 0.8999999999999980238 ) ) ;
#3292 =( GEOMETRIC_REPRESENTATION_CONTEXT ( 3 ) GLOBAL_UNCERTAINTY_ASSIGNED_CONTEXT ( ( #1462 ) ) GLOBAL_UNIT_ASSIGNED_CONTEXT ( ( #1593, #2807, #1217 ) ) REPRESENTATION_CONTEXT ( 'NONE', 'WORKASPACE' ) );
#3293 = CARTESIAN_POINT ( 'NONE',  ( -4.999999999999937828, -10.00000000000014566, 16.29289321881341124 ) ) ;
#3294 = CYLINDRICAL_SURFACE ( 'NONE', #2323, 5.000000000000004441 ) ;
#3295 = VERTEX_POINT ( 'NONE', #1062 ) ;
#3296 = CARTESIAN_POINT ( 'NONE',  ( 2.350000000000002753, -0.4499999999999836908, -1.723881454251952050E-14 ) ) ;
#3297 = SURFACE_SIDE_STYLE ('',( #1665 ) ) ;
#3298 =( GEOMETRIC_REPRESENTATION_CONTEXT ( 3 ) GLOBAL_UNCERTAINTY_ASSIGNED_CONTEXT ( ( #1762 ) ) GLOBAL_UNIT_ASSIGNED_CONTEXT ( ( #1528, #1040, #1958 ) ) REPRESENTATION_CONTEXT ( 'NONE', 'WORKASPACE' ) );
#3299 = CARTESIAN_POINT ( 'NONE',  ( -2.275000000000000799, -1.906050470926743727E-14, 0.7500000000000000000 ) ) ;
#3300 = SURFACE_STYLE_FILL_AREA ( #2968 ) ;
#3301 = AXIS2_PLACEMENT_3D ( 'NONE', #900, #3398, #535 ) ;
#3302 = FACE_OUTER_BOUND ( 'NONE', #2208, .T. ) ;
#3303 = SURFACE_STYLE_USAGE ( .BOTH. , #2312 ) ;
#3304 = CARTESIAN_POINT ( 'NONE',  ( 5.000000000000001776, -2.197151924081964645E-14, 16.29289321881345032 ) ) ;
#3305 = ORIENTED_EDGE ( 'NONE', *, *, #1944, .F. ) ;
#3306 = UNCERTAINTY_MEASURE_WITH_UNIT (LENGTH_MEASURE( 1.000000000000000082E-05 ), #2106, 'distance_accuracy_value', 'NONE');
#3307 = FILL_AREA_STYLE ('',( #2973 ) ) ;
#3308 = UNCERTAINTY_MEASURE_WITH_UNIT (LENGTH_MEASURE( 1.000000000000000082E-05 ), #410, 'distance_accuracy_value', 'NONE');
#3309 =( NAMED_UNIT ( * ) PLANE_ANGLE_UNIT ( ) SI_UNIT ( $, .RADIAN. ) );
#3310 = DIRECTION ( 'NONE',  ( -1.000000000000000000, 4.326253317447225707E-31, -1.239088197126290570E-16 ) ) ;
#3311 = EDGE_CURVE ( 'NONE', #3907, #1334, #1105, .T. ) ;
#3312 = ORIENTED_EDGE ( 'NONE', *, *, #941, .T. ) ;
#3313 = CARTESIAN_POINT ( 'NONE',  ( -2.949999999999964206, -5.150000000000023448, 0.9999999999999820144 ) ) ;
#3314 = DIRECTION ( 'NONE',  ( -6.982962677686266711E-15, 1.000000000000000000, 3.491481338843133355E-15 ) ) ;
#3315 = EDGE_CURVE ( 'NONE', #3844, #3839, #2094, .T. ) ;
#3316 = PLANE ( 'NONE',  #3488 ) ;
#3317 = LINE ( 'NONE', #810, #3993 ) ;
#3318 =( NAMED_UNIT ( * ) SI_UNIT ( $, .STERADIAN. ) SOLID_ANGLE_UNIT ( ) );
#3319 =( LENGTH_UNIT ( ) NAMED_UNIT ( * ) SI_UNIT ( .MILLI., .METRE. ) );
#3320 =( GEOMETRIC_REPRESENTATION_CONTEXT ( 3 ) GLOBAL_UNCERTAINTY_ASSIGNED_CONTEXT ( ( #4048 ) ) GLOBAL_UNIT_ASSIGNED_CONTEXT ( ( #425, #1479, #3008 ) ) REPRESENTATION_CONTEXT ( 'NONE', 'WORKASPACE' ) );
#3321 = LINE ( 'NONE', #1426, #434 ) ;
#3322 = PLANE ( 'NONE',  #1207 ) ;
#3323 = COLOUR_RGB ( '',0.0000000000000000000, 0.0000000000000000000, 0.0000000000000000000 ) ;
#3324 = VERTEX_POINT ( 'NONE', #3910 ) ;
#3325 = DIRECTION ( 'NONE',  ( -0.0000000000000000000, 3.491481338843133355E-15, -1.000000000000000000 ) ) ;
#3326 = CARTESIAN_POINT ( 'NONE',  ( -2.650000000000001243, -0.1457125365665707384, 0.5012531407233449254 ) ) ;
#3327 = COLOUR_RGB ( '',0.7529411764705882248, 0.7529411764705882248, 0.7529411764705882248 ) ;
#3328 = FILL_AREA_STYLE ('',( #2777 ) ) ;
#3329 = CARTESIAN_POINT ( 'NONE',  ( 6.982962677686265133E-15, -0.9999999999999997780, -3.491481338843132566E-15 ) ) ;
#3330 = ORIENTED_EDGE ( 'NONE', *, *, #2532, .T. ) ;
#3331 = VECTOR ( 'NONE', #1937, 1000.000000000000000 ) ;
#3332 = FILL_AREA_STYLE ('',( #1097 ) ) ;
#3333 = CARTESIAN_POINT ( 'NONE',  ( -2.275000000000000799, -1.958578759030712991E-14, 0.9000000000000001332 ) ) ;
#3334 = CARTESIAN_POINT ( 'NONE',  ( 5.000000000000004441, 9.614715334580068257E-16, 3.800000000000004263 ) ) ;
#3335 = COLOUR_RGB ( '',0.0000000000000000000, 0.0000000000000000000, 0.0000000000000000000 ) ;
#3336 = ORIENTED_EDGE ( 'NONE', *, *, #4044, .F. ) ;
#3337 = VECTOR ( 'NONE', #2743, 1000.000000000000000 ) ;
#3338 = EDGE_CURVE ( 'NONE', #1240, #1829, #2030, .T. ) ;
#3339 = ADVANCED_FACE ( 'NONE', ( #1776 ), #471, .T. ) ;
#3340 =( NAMED_UNIT ( * ) PLANE_ANGLE_UNIT ( ) SI_UNIT ( $, .RADIAN. ) );
#3341 = COLOUR_RGB ( '',0.0000000000000000000, 0.0000000000000000000, 0.0000000000000000000 ) ;
#3342 = EDGE_LOOP ( 'NONE', ( #2182, #2912, #1546 ) ) ;
#3343 = LINE ( 'NONE', #2747, #1278 ) ;
#3344 = LINE ( 'NONE', #142, #1928 ) ;
#3345 =( NAMED_UNIT ( * ) PLANE_ANGLE_UNIT ( ) SI_UNIT ( $, .RADIAN. ) );
#3346 = FILL_AREA_STYLE_COLOUR ( '', #2040 ) ;
#3347 = DIRECTION ( 'NONE',  ( -1.000000000000000000, -0.0000000000000000000, 0.0000000000000000000 ) ) ;
#3348 = VERTEX_POINT ( 'NONE', #102 ) ;
#3349 = CARTESIAN_POINT ( 'NONE',  ( 5.000000000000002665, 9.614715334580005148E-16, 15.99999999999999645 ) ) ;
#3350 = UNCERTAINTY_MEASURE_WITH_UNIT (LENGTH_MEASURE( 1.000000000000000082E-05 ), #278, 'distance_accuracy_value', 'NONE');
#3351 = SURFACE_SIDE_STYLE ('',( #2037 ) ) ;
#3352 = AXIS2_PLACEMENT_3D ( 'NONE', #2466, #1540, #2197 ) ;
#3353 = ORIENTED_EDGE ( 'NONE', *, *, #341, .T. ) ;
#3354 = MECHANICAL_DESIGN_GEOMETRIC_PRESENTATION_REPRESENTATION (  '', ( #2341 ), #819 ) ;
#3355 = LINE ( 'NONE', #1746, #204 ) ;
#3356 =( LENGTH_UNIT ( ) NAMED_UNIT ( * ) SI_UNIT ( .MILLI., .METRE. ) );
#3357 = ORIENTED_EDGE ( 'NONE', *, *, #942, .T. ) ;
#3358 = VECTOR ( 'NONE', #877, 1000.000000000000000 ) ;
#3359 = ADVANCED_FACE ( 'NONE', ( #2671 ), #2692, .T. ) ;
#3360 = EDGE_LOOP ( 'NONE', ( #3242, #3536, #2021, #1848 ) ) ;
#3361 = ADVANCED_FACE ( 'NONE', ( #225 ), #1523, .T. ) ;
#3362 = DIRECTION ( 'NONE',  ( -0.0000000000000000000, 3.491481338843133355E-15, -1.000000000000000000 ) ) ;
#3363 = CARTESIAN_POINT ( 'NONE',  ( 1.824999999999999734, 9.874893173389958590E-15, 0.7499999999999843459 ) ) ;
#3364 = LINE ( 'NONE', #475, #3866 ) ;
#3365 = STYLED_ITEM ( 'NONE', ( #2694 ), #4052 ) ;
#3366 = DIRECTION ( 'NONE',  ( 1.000000000000000000, 7.109277493898170247E-15, 2.482190970260293935E-29 ) ) ;
#3367 = PRESENTATION_STYLE_ASSIGNMENT (( #3072 ) ) ;
#3368 = FILL_AREA_STYLE_COLOUR ( '', #208 ) ;
#3369 =( GEOMETRIC_REPRESENTATION_CONTEXT ( 3 ) GLOBAL_UNCERTAINTY_ASSIGNED_CONTEXT ( ( #2678 ) ) GLOBAL_UNIT_ASSIGNED_CONTEXT ( ( #3720, #920, #1839 ) ) REPRESENTATION_CONTEXT ( 'NONE', 'WORKASPACE' ) );
#3370 = EDGE_LOOP ( 'NONE', ( #3209, #97, #4139, #4024 ) ) ;
#3371 = DIRECTION ( 'NONE',  ( 0.0000000000000000000, -3.491481338843133355E-15, 1.000000000000000000 ) ) ;
#3372 = PRESENTATION_STYLE_ASSIGNMENT (( #3455 ) ) ;
#3373 = DIRECTION ( 'NONE',  ( -1.000000000000000000, 0.0000000000000000000, 0.0000000000000000000 ) ) ;
#3374 = DIRECTION ( 'NONE',  ( -1.000000000000000000, -6.907539917861188484E-15, -2.411754672052637069E-29 ) ) ;
#3375 = CARTESIAN_POINT ( 'NONE',  ( 2.349999999999996536, 0.4500000000000138334, 0.7499999999999859002 ) ) ;
#3376 = PLANE ( 'NONE',  #2958 ) ;
#3377 =( NAMED_UNIT ( * ) SI_UNIT ( $, .STERADIAN. ) SOLID_ANGLE_UNIT ( ) );
#3378 = EDGE_CURVE ( 'NONE', #3480, #2583, #2791, .T. ) ;
#3379 = UNCERTAINTY_MEASURE_WITH_UNIT (LENGTH_MEASURE( 1.000000000000000082E-05 ), #971, 'distance_accuracy_value', 'NONE');
#3380 = AXIS2_PLACEMENT_3D ( 'NONE', #2920, #3909, #1145 ) ;
#3381 = DIRECTION ( 'NONE',  ( -7.228014483236698330E-15, 1.000000000000000000, 3.433306879537431628E-15 ) ) ;
#3382 = CARTESIAN_POINT ( 'NONE',  ( 2.650000000000001243, -0.1457125365665359051, 0.5012531407233290492 ) ) ;
#3383 = ADVANCED_FACE ( 'NONE', ( #1205 ), #1823, .T. ) ;
#3384 = EDGE_CURVE ( 'NONE', #3348, #2283, #3466, .T. ) ;
#3385 =( NAMED_UNIT ( * ) PLANE_ANGLE_UNIT ( ) SI_UNIT ( $, .RADIAN. ) );
#3386 = EDGE_LOOP ( 'NONE', ( #4136, #4108, #339, #705 ) ) ;
#3387 = UNCERTAINTY_MEASURE_WITH_UNIT (LENGTH_MEASURE( 1.000000000000000082E-05 ), #202, 'distance_accuracy_value', 'NONE');
#3388 = CARTESIAN_POINT ( 'NONE',  ( -5.150000000000006573, 0.9999999999999610312, 0.9000000000000035749 ) ) ;
#3389 = STYLED_ITEM ( 'NONE', ( #2504 ), #93 ) ;
#3390 = FACE_OUTER_BOUND ( 'NONE', #2860, .T. ) ;
#3391 = VECTOR ( 'NONE', #3174, 1000.000000000000000 ) ;
#3392 = ORIENTED_EDGE ( 'NONE', *, *, #776, .T. ) ;
#3393 = ORIENTED_EDGE ( 'NONE', *, *, #2506, .F. ) ;
#3394 = COLOUR_RGB ( '',1.000000000000000000, 1.000000000000000000, 0.7529411764705882248 ) ;
#3395 =( NAMED_UNIT ( * ) SI_UNIT ( $, .STERADIAN. ) SOLID_ANGLE_UNIT ( ) );
#3396 = LINE ( 'NONE', #1796, #2239 ) ;
#3397 = DIRECTION ( 'NONE',  ( 6.938893903907228378E-15, -1.000000000000000000, -3.469446951953614189E-15 ) ) ;
#3398 = DIRECTION ( 'NONE',  ( -0.0000000000000000000, 3.491481338843133355E-15, -1.000000000000000000 ) ) ;
#3399 = PRESENTATION_LAYER_ASSIGNMENT (  '', '', ( #3005 ) ) ;
#3400 = DIRECTION ( 'NONE',  ( 0.0000000000000000000, -3.491481338843133355E-15, 1.000000000000000000 ) ) ;
#3401 =( NAMED_UNIT ( * ) SI_UNIT ( $, .STERADIAN. ) SOLID_ANGLE_UNIT ( ) );
#3402 =( GEOMETRIC_REPRESENTATION_CONTEXT ( 3 ) GLOBAL_UNCERTAINTY_ASSIGNED_CONTEXT ( ( #1171 ) ) GLOBAL_UNIT_ASSIGNED_CONTEXT ( ( #491, #1168, #3401 ) ) REPRESENTATION_CONTEXT ( 'NONE', 'WORKASPACE' ) );
#3403 = DIRECTION ( 'NONE',  ( 0.0000000000000000000, -3.491481338843133355E-15, 1.000000000000000000 ) ) ;
#3404 = CARTESIAN_POINT ( 'NONE',  ( -2.275000000000000799, -1.906050470926743727E-14, 0.7500000000000001110 ) ) ;
#3405 = CARTESIAN_POINT ( 'NONE',  ( 5.000000000000004441, 2.275493257148302960E-15, 3.800000000000003375 ) ) ;
#3406 = DIRECTION ( 'NONE',  ( 1.000000000000000000, 7.047314121155780399E-15, 0.0000000000000000000 ) ) ;
#3407 = EDGE_CURVE ( 'NONE', #729, #2168, #2026, .T. ) ;
#3408 = ORIENTED_EDGE ( 'NONE', *, *, #1315, .T. ) ;
#3409 = ADVANCED_FACE ( 'NONE', ( #3785 ), #3376, .T. ) ;
#3410 = AXIS2_PLACEMENT_3D ( 'NONE', #356, #3840, #2914 ) ;
#3411 = CYLINDRICAL_SURFACE ( 'NONE', #2663, 1.000000000000000000 ) ;
#3412 = FILL_AREA_STYLE_COLOUR ( '', #292 ) ;
#3413 = DIRECTION ( 'NONE',  ( 6.982962677686266711E-15, -1.000000000000000000, -3.491481338843133355E-15 ) ) ;
#3414 = MECHANICAL_DESIGN_GEOMETRIC_PRESENTATION_REPRESENTATION (  '', ( #2273 ), #1964 ) ;
#3415 = DIRECTION ( 'NONE',  ( -1.000000000000000000, -6.982962677686266711E-15, -2.438088387897967896E-29 ) ) ;
#3416 = CARTESIAN_POINT ( 'NONE',  ( -2.650000000000001243, -0.4500000000000191069, 0.7499999999999984457 ) ) ;
#3417 = PRESENTATION_STYLE_ASSIGNMENT (( #919 ) ) ;
#3418 = DIRECTION ( 'NONE',  ( 0.0000000000000000000, -1.000000000000000000, -3.420920828498225999E-15 ) ) ;
#3419 = PRESENTATION_LAYER_ASSIGNMENT (  '', '', ( #3290 ) ) ;
#3420 = FILL_AREA_STYLE ('',( #4095 ) ) ;
#3421 = CARTESIAN_POINT ( 'NONE',  ( 2.274999999999992806, 1.000000000000015765, 3.491481338843188970E-15 ) ) ;
#3422 = ORIENTED_EDGE ( 'NONE', *, *, #3251, .T. ) ;
#3423 = PRESENTATION_LAYER_ASSIGNMENT (  '', '', ( #3225 ) ) ;
#3424 = UNCERTAINTY_MEASURE_WITH_UNIT (LENGTH_MEASURE( 1.000000000000000082E-05 ), #232, 'distance_accuracy_value', 'NONE');
#3425 = DIRECTION ( 'NONE',  ( -6.982962677686266711E-15, 1.000000000000000000, 3.491481338843133355E-15 ) ) ;
#3426 = UNCERTAINTY_MEASURE_WITH_UNIT (LENGTH_MEASURE( 1.000000000000000082E-05 ), #1078, 'distance_accuracy_value', 'NONE');
#3427 = SURFACE_STYLE_FILL_AREA ( #2148 ) ;
#3428 =( NAMED_UNIT ( * ) PLANE_ANGLE_UNIT ( ) SI_UNIT ( $, .RADIAN. ) );
#3429 = ORIENTED_EDGE ( 'NONE', *, *, #2326, .F. ) ;
#3430 = VECTOR ( 'NONE', #881, 1000.000000000000000 ) ;
#3431 = EDGE_CURVE ( 'NONE', #1691, #1590, #2200, .T. ) ;
#3432 = EDGE_CURVE ( 'NONE', #3947, #2319, #758, .T. ) ;
#3433 = SURFACE_SIDE_STYLE ('',( #3082 ) ) ;
#3434 = ORIENTED_EDGE ( 'NONE', *, *, #3540, .F. ) ;
#3435 = EDGE_LOOP ( 'NONE', ( #2171, #739, #3336, #2826 ) ) ;
#3436 = FILL_AREA_STYLE ('',( #2764 ) ) ;
#3437 = DIRECTION ( 'NONE',  ( -1.000000000000000000, -6.982962677686266711E-15, 0.0000000000000000000 ) ) ;
#3438 = VERTEX_POINT ( 'NONE', #3505 ) ;
#3439 = CARTESIAN_POINT ( 'NONE',  ( 2.699269725188705227, 1.681234227755537463E-14, 0.5755300461664478728 ) ) ;
#3440 = DIRECTION ( 'NONE',  ( -1.000000000000000000, -6.860497997771519729E-15, 0.0000000000000000000 ) ) ;
#3441 = DIRECTION ( 'NONE',  ( 6.982962677686266711E-15, -1.000000000000000000, -3.491481338843133355E-15 ) ) ;
#3442 = PRESENTATION_STYLE_ASSIGNMENT (( #587 ) ) ;
#3443 = SURFACE_STYLE_USAGE ( .BOTH. , #1275 ) ;
#3444 =( LENGTH_UNIT ( ) NAMED_UNIT ( * ) SI_UNIT ( .MILLI., .METRE. ) );
#3445 = ORIENTED_EDGE ( 'NONE', *, *, #3899, .T. ) ;
#3446 = FILL_AREA_STYLE_COLOUR ( '', #1538 ) ;
#3447 = SURFACE_STYLE_USAGE ( .BOTH. , #952 ) ;
#3448 = DIRECTION ( 'NONE',  ( -6.982962677686266711E-15, 1.000000000000000000, 3.491481338843133355E-15 ) ) ;
#3449 = ORIENTED_EDGE ( 'NONE', *, *, #3627, .F. ) ;
#3450 = CARTESIAN_POINT ( 'NONE',  ( 4.500000000000064837, -9.000000000000033751, 16.49999999999996447 ) ) ;
#3451 = CIRCLE ( 'NONE', #2988, 5.099999999999999645 ) ;
#3452 = FACE_OUTER_BOUND ( 'NONE', #778, .T. ) ;
#3453 = ORIENTED_EDGE ( 'NONE', *, *, #247, .F. ) ;
#3454 =( GEOMETRIC_REPRESENTATION_CONTEXT ( 3 ) GLOBAL_UNCERTAINTY_ASSIGNED_CONTEXT ( ( #3249 ) ) GLOBAL_UNIT_ASSIGNED_CONTEXT ( ( #733, #779, #1697 ) ) REPRESENTATION_CONTEXT ( 'NONE', 'WORKASPACE' ) );
#3455 = SURFACE_STYLE_USAGE ( .BOTH. , #1880 ) ;
#3456 = SURFACE_SIDE_STYLE ('',( #915 ) ) ;
#3457 = AXIS2_PLACEMENT_3D ( 'NONE', #980, #2885, #2797 ) ;
#3458 = COLOUR_RGB ( '',0.0000000000000000000, 0.0000000000000000000, 0.0000000000000000000 ) ;
#3459 =( GEOMETRIC_REPRESENTATION_CONTEXT ( 3 ) GLOBAL_UNCERTAINTY_ASSIGNED_CONTEXT ( ( #4106 ) ) GLOBAL_UNIT_ASSIGNED_CONTEXT ( ( #2112, #2431, #2369 ) ) REPRESENTATION_CONTEXT ( 'NONE', 'WORKASPACE' ) );
#3460 = CARTESIAN_POINT ( 'NONE',  ( 2.699269725188705227, 0.1022021327290946885, 0.5755300461664482059 ) ) ;
#3461 = DIRECTION ( 'NONE',  ( 0.0000000000000000000, -1.000000000000000000, -3.373073425510456881E-15 ) ) ;
#3462 = EDGE_CURVE ( 'NONE', #1596, #2352, #1604, .T. ) ;
#3463 = EDGE_CURVE ( 'NONE', #151, #15, #3526, .T. ) ;
#3464 = VECTOR ( 'NONE', #1516, 1000.000000000000000 ) ;
#3465 = AXIS2_PLACEMENT_3D ( 'NONE', #3878, #3767, #333 ) ;
#3466 = LINE ( 'NONE', #2494, #3358 ) ;
#3467 = DIRECTION ( 'NONE',  ( 1.000000000000000000, 0.0000000000000000000, 0.0000000000000000000 ) ) ;
#3468 = COLOUR_RGB ( '',0.7921568627450980005, 0.8196078431372548767, 0.9333333333333333481 ) ;
#3469 = AXIS2_PLACEMENT_3D ( 'NONE', #3482, #1984, #3896 ) ;
#3470 = PRESENTATION_STYLE_ASSIGNMENT (( #3443 ) ) ;
#3471 = CARTESIAN_POINT ( 'NONE',  ( -1.951563910473908376E-15, -5.760944209091170667E-14, 16.49999999999999645 ) ) ;
#3472 = ORIENTED_EDGE ( 'NONE', *, *, #2427, .T. ) ;
#3473 = STYLED_ITEM ( 'NONE', ( #2321 ), #3050 ) ;
#3474 = DIRECTION ( 'NONE',  ( -1.000000000000000000, 0.0000000000000000000, 0.0000000000000000000 ) ) ;
#3475 = MECHANICAL_DESIGN_GEOMETRIC_PRESENTATION_REPRESENTATION (  '', ( #2665 ), #657 ) ;
#3476 = PLANE ( 'NONE',  #790 ) ;
#3477 = PRESENTATION_STYLE_ASSIGNMENT (( #288 ) ) ;
#3478 = STYLED_ITEM ( 'NONE', ( #1840 ), #1263 ) ;
#3479 =( LENGTH_UNIT ( ) NAMED_UNIT ( * ) SI_UNIT ( .MILLI., .METRE. ) );
#3480 = VERTEX_POINT ( 'NONE', #2535 ) ;
#3481 = VECTOR ( 'NONE', #3618, 1000.000000000000000 ) ;
#3482 = CARTESIAN_POINT ( 'NONE',  ( 0.0000000000000000000, -3.142333204958820414E-15, 0.9000000000000001332 ) ) ;
#3483 = VERTEX_POINT ( 'NONE', #1926 ) ;
#3484 = CARTESIAN_POINT ( 'NONE',  ( 2.649999999999998135, 0.2487468592766704234, 0.7499999999999850120 ) ) ;
#3485 = VECTOR ( 'NONE', #2668, 1000.000000000000000 ) ;
#3486 = ORIENTED_EDGE ( 'NONE', *, *, #474, .F. ) ;
#3487 = FACE_OUTER_BOUND ( 'NONE', #219, .T. ) ;
#3488 = AXIS2_PLACEMENT_3D ( 'NONE', #2844, #1914, #4121 ) ;
#3489 = CARTESIAN_POINT ( 'NONE',  ( 5.149999999999965716, 5.150000000000031442, 1.600000000000018074 ) ) ;
#3490 = ADVANCED_FACE ( 'NONE', ( #2262 ), #3842, .F. ) ;
#3491 = ORIENTED_EDGE ( 'NONE', *, *, #1010, .F. ) ;
#3492 = FACE_OUTER_BOUND ( 'NONE', #1079, .T. ) ;
#3493 = ORIENTED_EDGE ( 'NONE', *, *, #2228, .F. ) ;
#3494 = COLOUR_RGB ( '',1.000000000000000000, 1.000000000000000000, 0.7529411764705882248 ) ;
#3495 = DIRECTION ( 'NONE',  ( -0.7071067811865441310, -0.7071067811865510144, -2.468850131082278360E-15 ) ) ;
#3496 = ORIENTED_EDGE ( 'NONE', *, *, #3256, .F. ) ;
#3497 = DIRECTION ( 'NONE',  ( -1.000000000000000000, -6.982962677686266711E-15, -2.438088387897967896E-29 ) ) ;
#3498 = DIRECTION ( 'NONE',  ( 1.000000000000000000, 6.982962677686262766E-15, 0.0000000000000000000 ) ) ;
#3500 = ORIENTED_EDGE ( 'NONE', *, *, #1639, .F. ) ;
#3499 =( GEOMETRIC_REPRESENTATION_CONTEXT ( 3 ) GLOBAL_UNCERTAINTY_ASSIGNED_CONTEXT ( ( #1803 ) ) GLOBAL_UNIT_ASSIGNED_CONTEXT ( ( #1568, #925, #4118 ) ) REPRESENTATION_CONTEXT ( 'NONE', 'WORKASPACE' ) );
#3501 = SURFACE_STYLE_FILL_AREA ( #1948 ) ;
#3502 = CARTESIAN_POINT ( 'NONE',  ( 4.500000000000002665, -2.618611004132347808E-14, 16.49999999999999645 ) ) ;
#3503 = LINE ( 'NONE', #3783, #1544 ) ;
#3504 = ORIENTED_EDGE ( 'NONE', *, *, #1599, .F. ) ;
#3505 = CARTESIAN_POINT ( 'NONE',  ( -2.650000000000001243, 0.4499999999999825251, 0.3000000000000015432 ) ) ;
#3506 = DIRECTION ( 'NONE',  ( -1.000000000000000000, -6.982962677686266711E-15, -2.438088387897967896E-29 ) ) ;
#3507 = ORIENTED_EDGE ( 'NONE', *, *, #3256, .T. ) ;
#3508 =( NAMED_UNIT ( * ) PLANE_ANGLE_UNIT ( ) SI_UNIT ( $, .RADIAN. ) );
#3509 = EDGE_CURVE ( 'NONE', #2495, #3480, #1637, .T. ) ;
#3510 = FACE_OUTER_BOUND ( 'NONE', #3435, .T. ) ;
#3511 = LINE ( 'NONE', #2455, #3331 ) ;
#3512 = LINE ( 'NONE', #614, #1268 ) ;
#3513 = PRESENTATION_STYLE_ASSIGNMENT (( #252 ) ) ;
#3514 = ORIENTED_EDGE ( 'NONE', *, *, #3776, .F. ) ;
#3515 = DIRECTION ( 'NONE',  ( 1.239088197126290570E-16, -3.491481338843132566E-15, 1.000000000000000000 ) ) ;
#3516 = EDGE_CURVE ( 'NONE', #540, #3600, #462, .T. ) ;
#3517 = EDGE_CURVE ( 'NONE', #619, #1156, #3355, .T. ) ;
#3518 = LINE ( 'NONE', #3180, #803 ) ;
#3519 = ORIENTED_EDGE ( 'NONE', *, *, #987, .F. ) ;
#3520 = FILL_AREA_STYLE_COLOUR ( '', #4062 ) ;
#3521 = VECTOR ( 'NONE', #3701, 1000.000000000000000 ) ;
#3522 = AXIS2_PLACEMENT_3D ( 'NONE', #2904, #16, #3864 ) ;
#3523 = CARTESIAN_POINT ( 'NONE',  ( -5.150000000000020783, 2.949999999999961986, 0.9000000000000103473 ) ) ;
#3524 = SURFACE_SIDE_STYLE ('',( #2282 ) ) ;
#3525 = CARTESIAN_POINT ( 'NONE',  ( -4.999999999999937828, -10.00000000000014566, 15.99999999999996270 ) ) ;
#3526 = LINE ( 'NONE', #281, #890 ) ;
#3527 = FILL_AREA_STYLE_COLOUR ( '', #2384 ) ;
#3528 = ORIENTED_EDGE ( 'NONE', *, *, #2039, .F. ) ;
#3529 = CARTESIAN_POINT ( 'NONE',  ( -2.350000000000000977, -1.734723475976807094E-14, 0.3062940162675287792 ) ) ;
#3530 =( LENGTH_UNIT ( ) NAMED_UNIT ( * ) SI_UNIT ( .MILLI., .METRE. ) );
#3531 = PRESENTATION_STYLE_ASSIGNMENT (( #1336 ) ) ;
#3532 =( LENGTH_UNIT ( ) NAMED_UNIT ( * ) SI_UNIT ( .MILLI., .METRE. ) );
#3533 =( GEOMETRIC_REPRESENTATION_CONTEXT ( 3 ) GLOBAL_UNCERTAINTY_ASSIGNED_CONTEXT ( ( #3725 ) ) GLOBAL_UNIT_ASSIGNED_CONTEXT ( ( #2088, #3024, #3742 ) ) REPRESENTATION_CONTEXT ( 'NONE', 'WORKASPACE' ) );
#3534 = AXIS2_PLACEMENT_3D ( 'NONE', #3903, #3918, #3651 ) ;
#3535 = SURFACE_SIDE_STYLE ('',( #1894 ) ) ;
#3536 = ORIENTED_EDGE ( 'NONE', *, *, #1293, .T. ) ;
#3537 = STYLED_ITEM ( 'NONE', ( #1636 ), #2955 ) ;
#3538 = CARTESIAN_POINT ( 'NONE',  ( -2.725000000000000977, -0.08913228653176064054, 0.6977875153950300335 ) ) ;
#3539 = SURFACE_STYLE_USAGE ( .BOTH. , #1615 ) ;
#3540 = EDGE_CURVE ( 'NONE', #3017, #3884, #4022, .T. ) ;
#3541 = VERTEX_POINT ( 'NONE', #3981 ) ;
#3542 =( NAMED_UNIT ( * ) SI_UNIT ( $, .STERADIAN. ) SOLID_ANGLE_UNIT ( ) );
#3543 = AXIS2_PLACEMENT_3D ( 'NONE', #2697, #3347, #476 ) ;
#3544 = SURFACE_SIDE_STYLE ('',( #3749 ) ) ;
#3545 = CARTESIAN_POINT ( 'NONE',  ( 6.414285714285695050, 3.483993607681223063E-14, 3.075000000000002398 ) ) ;
#3546 = PRESENTATION_LAYER_ASSIGNMENT (  '', '', ( #1012 ) ) ;
#3547 = CARTESIAN_POINT ( 'NONE',  ( -5.150000000000020783, 2.949999999999961986, 1.000000000000010214 ) ) ;
#3548 = VERTEX_POINT ( 'NONE', #1451 ) ;
#3549 = FILL_AREA_STYLE ('',( #2965 ) ) ;
#3550 = FILL_AREA_STYLE ('',( #1628 ) ) ;
#3551 = CARTESIAN_POINT ( 'NONE',  ( 4.149999999999965716, 5.150000000000027001, 0.9000000000000181188 ) ) ;
#3552 = DIRECTION ( 'NONE',  ( 6.982962677686265922E-15, -1.000000000000000000, -3.486454044855347901E-15 ) ) ;
#3553 = ORIENTED_EDGE ( 'NONE', *, *, #2922, .F. ) ;
#3554 = AXIS2_PLACEMENT_3D ( 'NONE', #2429, #1502, #3397 ) ;
#3555 = CARTESIAN_POINT ( 'NONE',  ( -1.825000000000001288, -0.3000384198323687857, 0.7499999999999991118 ) ) ;
#3556 = CARTESIAN_POINT ( 'NONE',  ( -1.261427527603332811E-16, -8.204981146281371274E-15, 2.350000000000002309 ) ) ;
#3557 = AXIS2_PLACEMENT_3D ( 'NONE', #2361, #806, #1488 ) ;
#3558 = FILL_AREA_STYLE ('',( #3605 ) ) ;
#3559 = EDGE_LOOP ( 'NONE', ( #1709, #22 ) ) ;
#3560 = FILL_AREA_STYLE_COLOUR ( '', #1318 ) ;
#3561 = PRESENTATION_LAYER_ASSIGNMENT (  '', '', ( #1491 ) ) ;
#3562 = EDGE_CURVE ( 'NONE', #1787, #2834, #2693, .T. ) ;
#3563 = PRESENTATION_STYLE_ASSIGNMENT (( #277 ) ) ;
#3564 = CIRCLE ( 'NONE', #4100, 0.4500000000000001776 ) ;
#3565 = FILL_AREA_STYLE ('',( #2143 ) ) ;
#3566 = ORIENTED_EDGE ( 'NONE', *, *, #1857, .F. ) ;
#3567 =( LENGTH_UNIT ( ) NAMED_UNIT ( * ) SI_UNIT ( .MILLI., .METRE. ) );
#3568 = ORIENTED_EDGE ( 'NONE', *, *, #2717, .F. ) ;
#3569 =( NAMED_UNIT ( * ) SI_UNIT ( $, .STERADIAN. ) SOLID_ANGLE_UNIT ( ) );
#3570 = STYLED_ITEM ( 'NONE', ( #2348 ), #4081 ) ;
#3571 = EDGE_CURVE ( 'NONE', #2286, #3022, #3963, .T. ) ;
#3572 = ORIENTED_EDGE ( 'NONE', *, *, #2903, .T. ) ;
#3573 = FACE_OUTER_BOUND ( 'NONE', #1456, .T. ) ;
#3574 = DIRECTION ( 'NONE',  ( -1.251002506714043540E-16, -3.491481338843134144E-15, 1.000000000000000000 ) ) ;
#3575 = CARTESIAN_POINT ( 'NONE',  ( 3.200000000000011724, -2.500000000000035083, 16.50099999999998701 ) ) ;
#3576 =( NAMED_UNIT ( * ) SI_UNIT ( $, .STERADIAN. ) SOLID_ANGLE_UNIT ( ) );
#3577 = CARTESIAN_POINT ( 'NONE',  ( 0.0000000000000000000, -5.589861623487856376E-15, 1.600999999999999979 ) ) ;
#3578 = ORIENTED_EDGE ( 'NONE', *, *, #3030, .T. ) ;
#3579 = LINE ( 'NONE', #707, #1952 ) ;
#3580 = CARTESIAN_POINT ( 'NONE',  ( -2.274999999999992806, -1.000000000000016875, 0.2999999999999964917 ) ) ;
#3581 = ORIENTED_EDGE ( 'NONE', *, *, #2156, .T. ) ;
#3582 = SURFACE_STYLE_FILL_AREA ( #4129 ) ;
#3583 =( NAMED_UNIT ( * ) PLANE_ANGLE_UNIT ( ) SI_UNIT ( $, .RADIAN. ) );
#3584 = PRESENTATION_LAYER_ASSIGNMENT (  '', '', ( #349 ) ) ;
#3585 = CARTESIAN_POINT ( 'NONE',  ( -4.500000000000006217, -8.848168308088363657E-14, 16.49999999999999645 ) ) ;
#3586 = ORIENTED_EDGE ( 'NONE', *, *, #861, .F. ) ;
#3587 = LINE ( 'NONE', #649, #721 ) ;
#3588 = MECHANICAL_DESIGN_GEOMETRIC_PRESENTATION_REPRESENTATION (  '', ( #3726 ), #3320 ) ;
#3589 = EDGE_CURVE ( 'NONE', #1891, #2609, #2754, .T. ) ;
#3590 = ORIENTED_EDGE ( 'NONE', *, *, #4082, .T. ) ;
#3591 = CARTESIAN_POINT ( 'NONE',  ( -1.825000000000001288, 0.3000384198323305940, 0.7500000000000013323 ) ) ;
#3592 = ADVANCED_FACE ( 'NONE', ( #1098 ), #3669, .T. ) ;
#3593 =( NAMED_UNIT ( * ) SI_UNIT ( $, .STERADIAN. ) SOLID_ANGLE_UNIT ( ) );
#3594 = STYLED_ITEM ( 'NONE', ( #137 ), #171 ) ;
#3595 = FILL_AREA_STYLE ('',( #2921 ) ) ;
#3596 =( LENGTH_UNIT ( ) NAMED_UNIT ( * ) SI_UNIT ( .MILLI., .METRE. ) );
#3597 = VECTOR ( 'NONE', #3495, 999.9999999999998863 ) ;
#3598 =( NAMED_UNIT ( * ) PLANE_ANGLE_UNIT ( ) SI_UNIT ( $, .RADIAN. ) );
#3599 = CARTESIAN_POINT ( 'NONE',  ( 4.762045270816564368, -9.524090541632961759, 3.335812449474506280 ) ) ;
#3600 = VERTEX_POINT ( 'NONE', #2706 ) ;
#3601 = UNCERTAINTY_MEASURE_WITH_UNIT (LENGTH_MEASURE( 1.000000000000000082E-05 ), #1860, 'distance_accuracy_value', 'NONE');
#3602 = DIRECTION ( 'NONE',  ( -0.0000000000000000000, 1.000000000000000000, 3.491481338843133355E-15 ) ) ;
#3603 = COLOUR_RGB ( '',1.000000000000000000, 1.000000000000000000, 0.7529411764705882248 ) ;
#3604 = COLOUR_RGB ( '',0.0000000000000000000, 0.0000000000000000000, 0.0000000000000000000 ) ;
#3605 = FILL_AREA_STYLE_COLOUR ( '', #2257 ) ;
#3606 = MECHANICAL_DESIGN_GEOMETRIC_PRESENTATION_REPRESENTATION (  '', ( #1264 ), #3533 ) ;
#3607 = PRESENTATION_LAYER_ASSIGNMENT (  '', '', ( #3675 ) ) ;
#3608 = ORIENTED_EDGE ( 'NONE', *, *, #2922, .T. ) ;
#3609 = DIRECTION ( 'NONE',  ( -6.982962677686266711E-15, 1.000000000000000000, 3.491481338843133355E-15 ) ) ;
#3610 = AXIS2_PLACEMENT_3D ( 'NONE', #644, #1014, #2622 ) ;
#3611 = SURFACE_STYLE_USAGE ( .BOTH. , #3524 ) ;
#3612 = AXIS2_PLACEMENT_3D ( 'NONE', #3577, #1689, #2991 ) ;
#3613 = ORIENTED_EDGE ( 'NONE', *, *, #1086, .T. ) ;
#3614 = CARTESIAN_POINT ( 'NONE',  ( 4.500000000000103917, -9.000000000000056843, 16.49999999999997158 ) ) ;
#3615 = DIRECTION ( 'NONE',  ( -1.000000000000000000, -6.982962677686266711E-15, 0.0000000000000000000 ) ) ;
#3616 = AXIS2_PLACEMENT_3D ( 'NONE', #2473, #3828, #1931 ) ;
#3617 = VERTEX_POINT ( 'NONE', #780 ) ;
#3618 = DIRECTION ( 'NONE',  ( -6.982962677686266711E-15, 1.000000000000000000, 3.491481338843133355E-15 ) ) ;
#3619 = DIRECTION ( 'NONE',  ( 1.000000000000000000, 6.982962677686266711E-15, 2.438088387897967896E-29 ) ) ;
#3620 = CARTESIAN_POINT ( 'NONE',  ( -6.982962677686266711E-15, 1.000000000000000000, 3.491481338843133355E-15 ) ) ;
#3621 = EDGE_CURVE ( 'NONE', #2009, #3480, #1469, .T. ) ;
#3622 = COLOUR_RGB ( '',0.7529411764705882248, 0.7529411764705882248, 0.7529411764705882248 ) ;
#3623 =( NAMED_UNIT ( * ) SI_UNIT ( $, .STERADIAN. ) SOLID_ANGLE_UNIT ( ) );
#3624 = SURFACE_STYLE_FILL_AREA ( #369 ) ;
#3625 = VERTEX_POINT ( 'NONE', #1157 ) ;
#3626 = FACE_OUTER_BOUND ( 'NONE', #2089, .T. ) ;
#3627 = EDGE_CURVE ( 'NONE', #3617, #3760, #392, .T. ) ;
#3628 = VERTEX_POINT ( 'NONE', #502 ) ;
#3629 = CARTESIAN_POINT ( 'NONE',  ( 4.874423042781566018, 1.500000000000028866, 1.600000000000005196 ) ) ;
#3630 =( LENGTH_UNIT ( ) NAMED_UNIT ( * ) SI_UNIT ( .MILLI., .METRE. ) );
#3631 = PRESENTATION_STYLE_ASSIGNMENT (( #72 ) ) ;
#3632 = STYLED_ITEM ( 'NONE', ( #2653 ), #3721 ) ;
#3633 = DIRECTION ( 'NONE',  ( -6.982962677686266711E-15, 1.000000000000000000, 3.491481338843133355E-15 ) ) ;
#3634 = MECHANICAL_DESIGN_GEOMETRIC_PRESENTATION_REPRESENTATION (  '', ( #2554 ), #1976 ) ;
#3635 = VERTEX_POINT ( 'NONE', #439 ) ;
#3636 = PRESENTATION_STYLE_ASSIGNMENT (( #814 ) ) ;
#3637 = PLANE ( 'NONE',  #3380 ) ;
#3638 =( LENGTH_UNIT ( ) NAMED_UNIT ( * ) SI_UNIT ( .MILLI., .METRE. ) );
#3639 = CARTESIAN_POINT ( 'NONE',  ( 2.054158128379450332, -0.4937123870378509749, 0.7499999999999825695 ) ) ;
#3640 = AXIS2_PLACEMENT_3D ( 'NONE', #1167, #3091, #3418 ) ;
#3641 = FACE_OUTER_BOUND ( 'NONE', #4004, .T. ) ;
#3642 = ORIENTED_EDGE ( 'NONE', *, *, #2306, .T. ) ;
#3643 = DIRECTION ( 'NONE',  ( 0.0000000000000000000, -3.491481338843133355E-15, 1.000000000000000000 ) ) ;
#3644 = CARTESIAN_POINT ( 'NONE',  ( 2.699269725188707447, -0.1744699538335199585, 0.6477978672709059360 ) ) ;
#3645 = PLANE ( 'NONE',  #642 ) ;
#3646 = ADVANCED_FACE ( 'NONE', ( #4039 ), #3058, .F. ) ;
#3647 = ORIENTED_EDGE ( 'NONE', *, *, #3671, .T. ) ;
#3648 = EDGE_CURVE ( 'NONE', #2971, #1818, #2248, .T. ) ;
#3649 = SURFACE_SIDE_STYLE ('',( #461 ) ) ;
#3650 = DIRECTION ( 'NONE',  ( 6.982962677686266711E-15, -1.000000000000000000, -3.491481338843133355E-15 ) ) ;
#3651 = DIRECTION ( 'NONE',  ( -6.841841656996451998E-15, 1.000000000000000000, 3.420920828498225999E-15 ) ) ;
#3652 = FILL_AREA_STYLE ('',( #762 ) ) ;
#3653 = CARTESIAN_POINT ( 'NONE',  ( -2.275000000000000799, -0.4500000000000175526, 0.2999999999999983791 ) ) ;
#3654 = AXIS2_PLACEMENT_3D ( 'NONE', #326, #2611, #742 ) ;
#3655 = ORIENTED_EDGE ( 'NONE', *, *, #2306, .F. ) ;
#3656 = CARTESIAN_POINT ( 'NONE',  ( -3.596225779008427987E-14, 5.150000000000001243, 1.798112889504213994E-14 ) ) ;
#3657 = CARTESIAN_POINT ( 'NONE',  ( 4.150000000000029665, -4.149999999999969269, -1.448964755619889614E-14 ) ) ;
#3658 = PRESENTATION_STYLE_ASSIGNMENT (( #450 ) ) ;
#3659 = VECTOR ( 'NONE', #469, 1000.000000000000000 ) ;
#3660 = AXIS2_PLACEMENT_3D ( 'NONE', #3817, #2870, #2256 ) ;
#3661 = FACE_OUTER_BOUND ( 'NONE', #711, .T. ) ;
#3662 =( GEOMETRIC_REPRESENTATION_CONTEXT ( 3 ) GLOBAL_UNCERTAINTY_ASSIGNED_CONTEXT ( ( #1844 ) ) GLOBAL_UNIT_ASSIGNED_CONTEXT ( ( #2433, #477, #2393 ) ) REPRESENTATION_CONTEXT ( 'NONE', 'WORKASPACE' ) );
#3663 =( NAMED_UNIT ( * ) PLANE_ANGLE_UNIT ( ) SI_UNIT ( $, .RADIAN. ) );
#3664 = AXIS2_PLACEMENT_3D ( 'NONE', #2047, #1442, #1735 ) ;
#3665 = LINE ( 'NONE', #1765, #492 ) ;
#3666 = VERTEX_POINT ( 'NONE', #273 ) ;
#3667 = VECTOR ( 'NONE', #128, 1000.000000000000000 ) ;
#3668 = FILL_AREA_STYLE_COLOUR ( '', #26 ) ;
#3669 = CYLINDRICAL_SURFACE ( 'NONE', #3557, 0.4500000000000001776 ) ;
#3670 = DIRECTION ( 'NONE',  ( 1.000000000000000000, -2.103039807092401497E-30, 6.023345402697246965E-16 ) ) ;
#3671 = EDGE_CURVE ( 'NONE', #2878, #2784, #1022, .T. ) ;
#3672 = VECTOR ( 'NONE', #2325, 1000.000000000000000 ) ;
#3673 = CIRCLE ( 'NONE', #2388, 0.5999999999999998668 ) ;
#3674 =( GEOMETRIC_REPRESENTATION_CONTEXT ( 3 ) GLOBAL_UNCERTAINTY_ASSIGNED_CONTEXT ( ( #2926 ) ) GLOBAL_UNIT_ASSIGNED_CONTEXT ( ( #2216, #8, #2528 ) ) REPRESENTATION_CONTEXT ( 'NONE', 'WORKASPACE' ) );
#3675 = STYLED_ITEM ( 'NONE', ( #45 ), #968 ) ;
#3676 = SURFACE_SIDE_STYLE ('',( #2688 ) ) ;
#3677 = MECHANICAL_DESIGN_GEOMETRIC_PRESENTATION_REPRESENTATION (  '', ( #3005 ), #2260 ) ;
#3678 = VERTEX_POINT ( 'NONE', #2549 ) ;
#3679 = CARTESIAN_POINT ( 'NONE',  ( 2.725000000000000089, 1.647987302177966740E-14, 0.7499999999999842348 ) ) ;
#3680 = CARTESIAN_POINT ( 'NONE',  ( 1.999999999999994449, -4.364351673553919850E-14, 16.49999999999999645 ) ) ;
#3681 = CARTESIAN_POINT ( 'NONE',  ( 1.824999999999999512, 1.105886215935214365E-14, 0.4499615801676345450 ) ) ;
#3682 =( BOUNDED_SURFACE ( )  B_SPLINE_SURFACE ( 3, 3, ( 
 ( #4126, #1897, #3226, #2911 ),
 ( #912, #3852, #2191, #274 ),
 ( #1557, #2213, #1238, #2573 ),
 ( #2550, #3834, #2868, #2525 ) ),
 .UNSPECIFIED., .F., .F., .T. ) 
 B_SPLINE_SURFACE_WITH_KNOTS ( ( 4, 4 ),
 ( 4, 4 ),
 ( 0.0000000000000000000, 1.000000000000000000 ),
 ( 0.0000000000000000000, 1.000000000000000000 ),
 .UNSPECIFIED. ) 
 GEOMETRIC_REPRESENTATION_ITEM ( )  RATIONAL_B_SPLINE_SURFACE ( (
 ( 1.000000000000000000, 0.8047378541243649375, 0.8047378541243649375, 1.000000000000000000),
 ( 0.9716180718375586611, 0.7818978421590100369, 0.7818978421590100369, 0.9716180718375586611),
 ( 0.9716180718375586611, 0.7818978421590100369, 0.7818978421590100369, 0.9716180718375586611),
 ( 1.000000000000000000, 0.8047378541243649375, 0.8047378541243649375, 1.000000000000000000) ) ) 
 REPRESENTATION_ITEM ( '' )  SURFACE ( )  );
#3683 = CIRCLE ( 'NONE', #586, 0.2487468592766547137 ) ;
#3684 = DIRECTION ( 'NONE',  ( -1.646517197537309958E-16, 3.491481338843132172E-15, -1.000000000000000000 ) ) ;
#3685 = FACE_OUTER_BOUND ( 'NONE', #3848, .T. ) ;
#3686 = COLOUR_RGB ( '',0.0000000000000000000, 0.0000000000000000000, 0.0000000000000000000 ) ;
#3687 = UNCERTAINTY_MEASURE_WITH_UNIT (LENGTH_MEASURE( 1.000000000000000082E-05 ), #1686, 'distance_accuracy_value', 'NONE');
#3688 = FACE_OUTER_BOUND ( 'NONE', #3342, .T. ) ;
#3689 = AXIS2_PLACEMENT_3D ( 'NONE', #468, #3090, #1144 ) ;
#3690 = DIRECTION ( 'NONE',  ( 6.982962677686266711E-15, -1.000000000000000000, -3.491481338843133355E-15 ) ) ;
#3691 = VERTEX_POINT ( 'NONE', #1513 ) ;
#3692 = CIRCLE ( 'NONE', #1614, 0.4500000000000001776 ) ;
#3693 = SURFACE_STYLE_USAGE ( .BOTH. , #1134 ) ;
#3694 = DIRECTION ( 'NONE',  ( -7.228014483236698330E-15, 1.000000000000000000, 3.523657060577890199E-15 ) ) ;
#3695 = VERTEX_POINT ( 'NONE', #569 ) ;
#3696 =( NAMED_UNIT ( * ) SI_UNIT ( $, .STERADIAN. ) SOLID_ANGLE_UNIT ( ) );
#3697 = EDGE_CURVE ( 'NONE', #1829, #3802, #3159, .T. ) ;
#3698 = CARTESIAN_POINT ( 'NONE',  ( 5.150000000000011013, -1.499999999999969802, 1.600999999999994872 ) ) ;
#3699 = AXIS2_PLACEMENT_3D ( 'NONE', #3333, #3371, #3712 ) ;
#3700 = DIRECTION ( 'NONE',  ( -7.228014483236698330E-15, 1.000000000000000000, 3.433306879537431628E-15 ) ) ;
#3701 = DIRECTION ( 'NONE',  ( -0.0000000000000000000, 1.000000000000000000, 3.491481338843133355E-15 ) ) ;
#3702 = ADVANCED_FACE ( 'NONE', ( #527 ), #1830, .F. ) ;
#3703 = CARTESIAN_POINT ( 'NONE',  ( 2.350000000000001421, -0.2599169475643706151, 0.3062940162675121814 ) ) ;
#3704 = DIRECTION ( 'NONE',  ( 1.000000000000000000, 6.982962677686266711E-15, 2.438088387897967896E-29 ) ) ;
#3705 = SURFACE_STYLE_USAGE ( .BOTH. , #1759 ) ;
#3706 = FILL_AREA_STYLE ('',( #3033 ) ) ;
#3707 = DIRECTION ( 'NONE',  ( 0.0000000000000000000, -1.000000000000000000, -3.373073425510456881E-15 ) ) ;
#3708 = CARTESIAN_POINT ( 'NONE',  ( 2.724999999999999201, 1.658829323902821468E-14, 0.6608677134682424681 ) ) ;
#3709 = PRESENTATION_STYLE_ASSIGNMENT (( #3075 ) ) ;
#3710 = FACE_OUTER_BOUND ( 'NONE', #3167, .T. ) ;
#3711 = ORIENTED_EDGE ( 'NONE', *, *, #579, .F. ) ;
#3712 = DIRECTION ( 'NONE',  ( -7.228014483236698330E-15, 1.000000000000000000, 3.433306879537431628E-15 ) ) ;
#3713 = DIRECTION ( 'NONE',  ( 0.0000000000000000000, -3.491481338843133355E-15, 1.000000000000000000 ) ) ;
#3714 = ORIENTED_EDGE ( 'NONE', *, *, #1599, .T. ) ;
#3715 = LINE ( 'NONE', #572, #3855 ) ;
#3716 = PRESENTATION_STYLE_ASSIGNMENT (( #1772 ) ) ;
#3717 = PRESENTATION_STYLE_ASSIGNMENT (( #4069 ) ) ;
#3718 = LINE ( 'NONE', #3065, #3485 ) ;
#3719 = CARTESIAN_POINT ( 'NONE',  ( 2.274999999999995470, 0.6000000000000147438, 0.3000000000000020428 ) ) ;
#3720 =( LENGTH_UNIT ( ) NAMED_UNIT ( * ) SI_UNIT ( .MILLI., .METRE. ) );
#3721 = ADVANCED_FACE ( 'NONE', ( #663 ), #2634, .F. ) ;
#3722 = EDGE_CURVE ( 'NONE', #4066, #1487, #989, .T. ) ;
#3723 = FACE_OUTER_BOUND ( 'NONE', #1567, .T. ) ;
#3724 = FACE_OUTER_BOUND ( 'NONE', #2328, .T. ) ;
#3725 = UNCERTAINTY_MEASURE_WITH_UNIT (LENGTH_MEASURE( 1.000000000000000082E-05 ), #2088, 'distance_accuracy_value', 'NONE');
#3726 = STYLED_ITEM ( 'NONE', ( #2748 ), #2154 ) ;
#3727 = UNCERTAINTY_MEASURE_WITH_UNIT (LENGTH_MEASURE( 1.000000000000000082E-05 ), #2884, 'distance_accuracy_value', 'NONE');
#3728 = FILL_AREA_STYLE_COLOUR ( '', #399 ) ;
#3729 = CARTESIAN_POINT ( 'NONE',  ( -5.000000000000075495, 10.00000000000000178, 3.800000000000037126 ) ) ;
#3730 = CIRCLE ( 'NONE', #1648, 5.099999999999999645 ) ;
#3731 = DIRECTION ( 'NONE',  ( 7.105427357601001859E-15, -1.000000000000000000, -3.491481338843133355E-15 ) ) ;
#3732 = ORIENTED_EDGE ( 'NONE', *, *, #1754, .T. ) ;
#3733 = UNCERTAINTY_MEASURE_WITH_UNIT (LENGTH_MEASURE( 1.000000000000000082E-05 ), #2193, 'distance_accuracy_value', 'NONE');
#3734 = PRESENTATION_LAYER_ASSIGNMENT (  '', '', ( #992 ) ) ;
#3735 = DIRECTION ( 'NONE',  ( -1.251002506714043540E-16, -3.491481338843134144E-15, 1.000000000000000000 ) ) ;
#3736 = MECHANICAL_DESIGN_GEOMETRIC_PRESENTATION_REPRESENTATION (  '', ( #302 ), #1328 ) ;
#3737 = CIRCLE ( 'NONE', #496, 1.000000000000000000 ) ;
#3738 = ORIENTED_EDGE ( 'NONE', *, *, #4104, .T. ) ;
#3739 = CYLINDRICAL_SURFACE ( 'NONE', #1644, 5.099999999999999645 ) ;
#3740 = LINE ( 'NONE', #3120, #3122 ) ;
#3741 = PRESENTATION_LAYER_ASSIGNMENT (  '', '', ( #2518 ) ) ;
#3742 =( NAMED_UNIT ( * ) SI_UNIT ( $, .STERADIAN. ) SOLID_ANGLE_UNIT ( ) );
#3743 = FILL_AREA_STYLE_COLOUR ( '', #3147 ) ;
#3744 = STYLED_ITEM ( 'NONE', ( #3143 ), #911 ) ;
#3745 = CARTESIAN_POINT ( 'NONE',  ( -5.150000000000007461, 0.9999999999999629186, 0.3000000000000034306 ) ) ;
#3746 = APPLICATION_PROTOCOL_DEFINITION ( 'draft international standard', 'automotive_design', 1998, #485 ) ;
#3747 = STYLED_ITEM ( 'NONE', ( #1941 ), #3081 ) ;
#3748 = AXIS2_PLACEMENT_3D ( 'NONE', #2210, #1871, #595 ) ;
#3749 = SURFACE_STYLE_FILL_AREA ( #3420 ) ;
#3750 = EDGE_CURVE ( 'NONE', #412, #4, #2252, .T. ) ;
#3751 = DIRECTION ( 'NONE',  ( 6.982962677686266711E-15, -1.000000000000000000, -3.491481338843133355E-15 ) ) ;
#3752 = PLANE ( 'NONE',  #3123 ) ;
#3753 = SURFACE_STYLE_FILL_AREA ( #2703 ) ;
#3754 = ORIENTED_EDGE ( 'NONE', *, *, #3384, .F. ) ;
#3755 = EDGE_CURVE ( 'NONE', #2656, #75, #1322, .T. ) ;
#3757 = CIRCLE ( 'NONE', #3352, 0.5999999999999998668 ) ;
#3756 = CARTESIAN_POINT ( 'NONE',  ( 5.149999999999965716, 5.150000000000034106, 0.9000000000000181188 ) ) ;
#3758 = VECTOR ( 'NONE', #3448, 1000.000000000000000 ) ;
#3759 = ORIENTED_EDGE ( 'NONE', *, *, #811, .F. ) ;
#3760 = VERTEX_POINT ( 'NONE', #2617 ) ;
#3761 = CARTESIAN_POINT ( 'NONE',  ( -5.149999999999994138, -1.000000000000037081, 0.2999999999999964917 ) ) ;
#3762 = MECHANICAL_DESIGN_GEOMETRIC_PRESENTATION_REPRESENTATION (  '', ( #2823 ), #602 ) ;
#3763 = FILL_AREA_STYLE_COLOUR ( '', #3919 ) ;
#3764 = FILL_AREA_STYLE_COLOUR ( '', #3494 ) ;
#3765 = LINE ( 'NONE', #853, #4105 ) ;
#3766 = AXIS2_PLACEMENT_3D ( 'NONE', #1768, #2421, #418 ) ;
#3767 = DIRECTION ( 'NONE',  ( -1.000000000000000000, -6.982962677686269077E-15, 6.023345402697003404E-16 ) ) ;
#3768 = CARTESIAN_POINT ( 'NONE',  ( 3.199999999999976197, 2.499999999999964917, 16.50100000000000477 ) ) ;
#3769 = CARTESIAN_POINT ( 'NONE',  ( -5.149999999999978151, -2.950000000000025491, -1.029986994958733175E-14 ) ) ;
#3770 = ORIENTED_EDGE ( 'NONE', *, *, #1991, .T. ) ;
#3771 = DIRECTION ( 'NONE',  ( 0.0000000000000000000, -3.491481338843133355E-15, 1.000000000000000000 ) ) ;
#3772 = DIRECTION ( 'NONE',  ( 0.0000000000000000000, -1.000000000000000000, -3.373073425510456881E-15 ) ) ;
#3773 = ORIENTED_EDGE ( 'NONE', *, *, #2228, .T. ) ;
#3774 = AXIS2_PLACEMENT_3D ( 'NONE', #3575, #17, #386 ) ;
#3775 = CARTESIAN_POINT ( 'NONE',  ( 2.274999999999999467, 1.324052403329182436E-14, 0.7499999999999842348 ) ) ;
#3776 = EDGE_CURVE ( 'NONE', #1677, #1908, #3966, .T. ) ;
#3777 =( NAMED_UNIT ( * ) PLANE_ANGLE_UNIT ( ) SI_UNIT ( $, .RADIAN. ) );
#3778 = ADVANCED_FACE ( 'NONE', ( #1613 ), #1539, .T. ) ;
#3779 = ORIENTED_EDGE ( 'NONE', *, *, #419, .T. ) ;
#3780 = ORIENTED_EDGE ( 'NONE', *, *, #2333, .T. ) ;
#3781 = DIRECTION ( 'NONE',  ( -1.000000000000000000, -6.982962677686266711E-15, -2.438088387897967896E-29 ) ) ;
#3782 = CARTESIAN_POINT ( 'NONE',  ( 2.725000000000000089, 1.632774813228901388E-14, 0.7499999999999842348 ) ) ;
#3783 = CARTESIAN_POINT ( 'NONE',  ( 2.649999999999996803, 0.4500000000000158873, 0.7499999999999857891 ) ) ;
#3784 = CARTESIAN_POINT ( 'NONE',  ( 5.150000000000029665, -4.149999999999961275, -1.448964755619886458E-14 ) ) ;
#3785 = FACE_OUTER_BOUND ( 'NONE', #1133, .T. ) ;
#3786 = LINE ( 'NONE', #4157, #3946 ) ;
#3787 = FACE_OUTER_BOUND ( 'NONE', #155, .T. ) ;
#3788 = VERTEX_POINT ( 'NONE', #774 ) ;
#3789 = CARTESIAN_POINT ( 'NONE',  ( 0.0000000000000000000, -3.491481338843133355E-15, 1.000000000000000000 ) ) ;
#3790 = FILL_AREA_STYLE ('',( #907 ) ) ;
#3791 =( LENGTH_UNIT ( ) NAMED_UNIT ( * ) SI_UNIT ( .MILLI., .METRE. ) );
#3792 = PRESENTATION_STYLE_ASSIGNMENT (( #3447 ) ) ;
#3793 = CARTESIAN_POINT ( 'NONE',  ( 2.350000000000002753, -0.4437059837324575651, 0.7499999999999826805 ) ) ;
#3794 = VERTEX_POINT ( 'NONE', #1429 ) ;
#3795 = SURFACE_STYLE_FILL_AREA ( #217 ) ;
#3796 = ORIENTED_EDGE ( 'NONE', *, *, #611, .F. ) ;
#3797 = PRESENTATION_LAYER_ASSIGNMENT (  '', '', ( #1455 ) ) ;
#3798 = FACE_OUTER_BOUND ( 'NONE', #2978, .T. ) ;
#3799 = EDGE_CURVE ( 'NONE', #2365, #2319, #414, .T. ) ;
#3800 = LINE ( 'NONE', #243, #2254 ) ;
#3801 =( GEOMETRIC_REPRESENTATION_CONTEXT ( 3 ) GLOBAL_UNCERTAINTY_ASSIGNED_CONTEXT ( ( #51 ) ) GLOBAL_UNIT_ASSIGNED_CONTEXT ( ( #3791, #2186, #251 ) ) REPRESENTATION_CONTEXT ( 'NONE', 'WORKASPACE' ) );
#3802 = VERTEX_POINT ( 'NONE', #1714 ) ;
#3803 = MECHANICAL_DESIGN_GEOMETRIC_PRESENTATION_REPRESENTATION (  '', ( #1651 ), #2660 ) ;
#3804 = VECTOR ( 'NONE', #1918, 1000.000000000000000 ) ;
#3805 = CARTESIAN_POINT ( 'NONE',  ( -1.499999999999964473, -5.150000000000012790, 0.8999999999999820366 ) ) ;
#3806 = ORIENTED_EDGE ( 'NONE', *, *, #2846, .F. ) ;
#3807 =( NAMED_UNIT ( * ) PLANE_ANGLE_UNIT ( ) SI_UNIT ( $, .RADIAN. ) );
#3808 = VECTOR ( 'NONE', #1349, 1000.000000000000000 ) ;
#3809 = SURFACE_STYLE_FILL_AREA ( #2516 ) ;
#3810 = AXIS2_PLACEMENT_3D ( 'NONE', #703, #2294, #3281 ) ;
#3811 = DIRECTION ( 'NONE',  ( 0.0000000000000000000, 3.491481338843133355E-15, -1.000000000000000000 ) ) ;
#3812 = FACE_OUTER_BOUND ( 'NONE', #1412, .T. ) ;
#3813 = CIRCLE ( 'NONE', #2015, 1.000000000000000000 ) ;
#3814 = LINE ( 'NONE', #932, #114 ) ;
#3815 = ORIENTED_EDGE ( 'NONE', *, *, #3251, .F. ) ;
#3816 = PRESENTATION_LAYER_ASSIGNMENT (  '', '', ( #517 ) ) ;
#3817 = CARTESIAN_POINT ( 'NONE',  ( -2.275000000000000799, -1.958578759030712991E-14, 0.9000000000000001332 ) ) ;
#3818 =( LENGTH_UNIT ( ) NAMED_UNIT ( * ) SI_UNIT ( .MILLI., .METRE. ) );
#3819 =( GEOMETRIC_REPRESENTATION_CONTEXT ( 3 ) GLOBAL_UNCERTAINTY_ASSIGNED_CONTEXT ( ( #2373 ) ) GLOBAL_UNIT_ASSIGNED_CONTEXT ( ( #3479, #3832, #3221 ) ) REPRESENTATION_CONTEXT ( 'NONE', 'WORKASPACE' ) );
#3820 = CARTESIAN_POINT ( 'NONE',  ( 2.699269725188703895, 0.1744699538335527378, 0.7499999999999846789 ) ) ;
#3821 = ADVANCED_FACE ( 'NONE', ( #3688 ), #1977, .T. ) ;
#3822 = FILL_AREA_STYLE_COLOUR ( '', #2375 ) ;
#3823 = MECHANICAL_DESIGN_GEOMETRIC_PRESENTATION_REPRESENTATION (  '', ( #3287 ), #2509 ) ;
#3824 = VERTEX_POINT ( 'NONE', #2679 ) ;
#3825 = SURFACE_STYLE_FILL_AREA ( #2855 ) ;
#3826 = EDGE_CURVE ( 'NONE', #253, #1925, #822, .T. ) ;
#3827 = ORIENTED_EDGE ( 'NONE', *, *, #1367, .T. ) ;
#3828 = DIRECTION ( 'NONE',  ( 0.0000000000000000000, -3.491481338843133355E-15, 1.000000000000000000 ) ) ;
#3829 = DIRECTION ( 'NONE',  ( 0.0000000000000000000, 3.491481338843133355E-15, -1.000000000000000000 ) ) ;
#3830 = CARTESIAN_POINT ( 'NONE',  ( 1.824999999999997513, 0.3000384198323598484, 0.7499999999999853451 ) ) ;
#3831 = SURFACE_SIDE_STYLE ('',( #3427 ) ) ;
#3832 =( NAMED_UNIT ( * ) PLANE_ANGLE_UNIT ( ) SI_UNIT ( $, .RADIAN. ) );
#3833 = FILL_AREA_STYLE_COLOUR ( '', #1661 ) ;
#3834 = CARTESIAN_POINT ( 'NONE',  ( -2.650000000000001688, 0.2487468592766361730, 0.6042874634334485240 ) ) ;
#3835 = VERTEX_POINT ( 'NONE', #799 ) ;
#3836 = LINE ( 'NONE', #1413, #926 ) ;
#3837 = COLOUR_RGB ( '',0.7921568627450980005, 0.8196078431372548767, 0.9333333333333333481 ) ;
#3838 = FILL_AREA_STYLE ('',( #1653 ) ) ;
#3839 = VERTEX_POINT ( 'NONE', #2078 ) ;
#3840 = DIRECTION ( 'NONE',  ( 0.0000000000000000000, 3.491481338843133355E-15, -1.000000000000000000 ) ) ;
#3841 = FILL_AREA_STYLE ('',( #3763 ) ) ;
#3842 = PLANE ( 'NONE',  #1761 ) ;
#3843 = FILL_AREA_STYLE_COLOUR ( '', #104 ) ;
#3844 = VERTEX_POINT ( 'NONE', #2099 ) ;
#3845 = DIRECTION ( 'NONE',  ( 1.000000000000000000, 6.982962677686267499E-15, -1.239088197126046763E-16 ) ) ;
#3846 = EDGE_CURVE ( 'NONE', #3324, #2993, #2484, .T. ) ;
#3847 = EDGE_CURVE ( 'NONE', #1812, #1955, #2714, .T. ) ;
#3848 = EDGE_LOOP ( 'NONE', ( #3921, #2529, #2682, #1514 ) ) ;
#3849 = SURFACE_STYLE_FILL_AREA ( #372 ) ;
#3850 = CARTESIAN_POINT ( 'NONE',  ( -2.725000000000000533, -1.874930099415344122E-14, 0.6608677134682582333 ) ) ;
#3851 = AXIS2_PLACEMENT_3D ( 'NONE', #1372, #2265, #700 ) ;
#3852 = CARTESIAN_POINT ( 'NONE',  ( -2.725000000000000533, 0.08913228653172296234, 0.6977875153950309217 ) ) ;
#3853 = ORIENTED_EDGE ( 'NONE', *, *, #1494, .F. ) ;
#3854 = AXIS2_PLACEMENT_3D ( 'NONE', #2159, #940, #3440 ) ;
#3855 = VECTOR ( 'NONE', #4087, 1000.000000000000000 ) ;
#3856 = FILL_AREA_STYLE ('',( #2576 ) ) ;
#3857 =( GEOMETRIC_REPRESENTATION_CONTEXT ( 3 ) GLOBAL_UNCERTAINTY_ASSIGNED_CONTEXT ( ( #3135 ) ) GLOBAL_UNIT_ASSIGNED_CONTEXT ( ( #539, #4053, #1841 ) ) REPRESENTATION_CONTEXT ( 'NONE', 'WORKASPACE' ) );
#3858 = DIRECTION ( 'NONE',  ( 1.251002506714043540E-16, 3.491481338843134144E-15, -1.000000000000000000 ) ) ;
#3859 = AXIS2_PLACEMENT_3D ( 'NONE', #2194, #3413, #1900 ) ;
#3860 = PRESENTATION_STYLE_ASSIGNMENT (( #3217 ) ) ;
#3861 = ORIENTED_EDGE ( 'NONE', *, *, #2532, .F. ) ;
#3862 = PLANE ( 'NONE',  #3949 ) ;
#3863 = CIRCLE ( 'NONE', #3062, 0.4500000000000001776 ) ;
#3864 = DIRECTION ( 'NONE',  ( -6.746146851020913761E-15, 1.000000000000000000, 3.373073425510456881E-15 ) ) ;
#3865 = CARTESIAN_POINT ( 'NONE',  ( 2.054158128379446779, 1.342218107219351582E-14, 0.2562876129621214361 ) ) ;
#3866 = VECTOR ( 'NONE', #1404, 1000.000000000000000 ) ;
#3867 = DIRECTION ( 'NONE',  ( 0.0000000000000000000, 1.000000000000000000, 3.491481338843133355E-15 ) ) ;
#3868 = CARTESIAN_POINT ( 'NONE',  ( -5.000000000000007105, -9.016619141034784198E-14, 15.99999999999999645 ) ) ;
#3869 = ORIENTED_EDGE ( 'NONE', *, *, #611, .T. ) ;
#3870 = EDGE_CURVE ( 'NONE', #2286, #4146, #610, .T. ) ;
#3871 = PRESENTATION_LAYER_ASSIGNMENT (  '', '', ( #1876 ) ) ;
#3872 = CARTESIAN_POINT ( 'NONE',  ( 5.150000000000007461, -0.9999999999999651390, 0.2999999999999964917 ) ) ;
#3873 = AXIS2_PLACEMENT_3D ( 'NONE', #497, #3076, #3056 ) ;
#3874 = CARTESIAN_POINT ( 'NONE',  ( 2.274999999999996803, 0.4500000000000134448, 0.7499999999999856781 ) ) ;
#3875 = EDGE_LOOP ( 'NONE', ( #1363, #874, #1011, #1605 ) ) ;
#3876 = EDGE_CURVE ( 'NONE', #2725, #3017, #2841, .T. ) ;
#3877 =( NAMED_UNIT ( * ) PLANE_ANGLE_UNIT ( ) SI_UNIT ( $, .RADIAN. ) );
#3878 = CARTESIAN_POINT ( 'NONE',  ( 2.649999999999996358, 0.4500000000000174416, 0.2999999999999857225 ) ) ;
#3879 = ORIENTED_EDGE ( 'NONE', *, *, #1237, .F. ) ;
#3880 =( NAMED_UNIT ( * ) SI_UNIT ( $, .STERADIAN. ) SOLID_ANGLE_UNIT ( ) );
#3881 = ORIENTED_EDGE ( 'NONE', *, *, #473, .F. ) ;
#3882 = MECHANICAL_DESIGN_GEOMETRIC_PRESENTATION_REPRESENTATION (  '', ( #1012 ), #1077 ) ;
#3883 = DIRECTION ( 'NONE',  ( 0.0000000000000000000, -1.000000000000000000, -3.373073425510456881E-15 ) ) ;
#3884 = VERTEX_POINT ( 'NONE', #1548 ) ;
#3885 = CARTESIAN_POINT ( 'NONE',  ( 2.274999999999999467, 1.324052403329182278E-14, 0.7499999999999843459 ) ) ;
#3886 = DIRECTION ( 'NONE',  ( 0.0000000000000000000, -3.491481338843133355E-15, 1.000000000000000000 ) ) ;
#3887 =( NAMED_UNIT ( * ) SI_UNIT ( $, .STERADIAN. ) SOLID_ANGLE_UNIT ( ) );
#3888 = PRESENTATION_STYLE_ASSIGNMENT (( #1313 ) ) ;
#3889 = CARTESIAN_POINT ( 'NONE',  ( -2.275000000000000799, -1.906050470926743727E-14, 0.7500000000000000000 ) ) ;
#3890 = ORIENTED_EDGE ( 'NONE', *, *, #3870, .T. ) ;
#3891 = UNCERTAINTY_MEASURE_WITH_UNIT (LENGTH_MEASURE( 1.000000000000000082E-05 ), #734, 'distance_accuracy_value', 'NONE');
#3892 = SURFACE_STYLE_FILL_AREA ( #3262 ) ;
#3893 = ORIENTED_EDGE ( 'NONE', *, *, #3755, .F. ) ;
#3894 = FILL_AREA_STYLE_COLOUR ( '', #1688 ) ;
#3895 = MECHANICAL_DESIGN_GEOMETRIC_PRESENTATION_REPRESENTATION (  '', ( #2347 ), #3964 ) ;
#3896 = DIRECTION ( 'NONE',  ( 6.982962677686266711E-15, -1.000000000000000000, -3.491481338843133355E-15 ) ) ;
#3897 = ORIENTED_EDGE ( 'NONE', *, *, #473, .T. ) ;
#3898 = PLANE ( 'NONE',  #101 ) ;
#3899 = EDGE_CURVE ( 'NONE', #2400, #3788, #3032, .T. ) ;
#3900 = FACE_OUTER_BOUND ( 'NONE', #2592, .T. ) ;
#3901 = EDGE_CURVE ( 'NONE', #3483, #2810, #3232, .T. ) ;
#3902 = MECHANICAL_DESIGN_GEOMETRIC_PRESENTATION_REPRESENTATION (  '', ( #3365 ), #147 ) ;
#3903 = CARTESIAN_POINT ( 'NONE',  ( 2.349999999999999645, 1.376424623411829279E-14, 0.7499999999999843459 ) ) ;
#3904 =( LENGTH_UNIT ( ) NAMED_UNIT ( * ) SI_UNIT ( .MILLI., .METRE. ) );
#3905 = ORIENTED_EDGE ( 'NONE', *, *, #812, .F. ) ;
#3906 = DIRECTION ( 'NONE',  ( -7.228014483236698330E-15, 1.000000000000000000, 3.433306879537431628E-15 ) ) ;
#3907 = VERTEX_POINT ( 'NONE', #2776 ) ;
#3908 = CARTESIAN_POINT ( 'NONE',  ( 2.274999999999999467, 1.483879569008331676E-14, 0.2999999999999999889 ) ) ;
#3909 = DIRECTION ( 'NONE',  ( 0.7071067811865510144, -0.7071067811865441310, -2.468850131082253116E-15 ) ) ;
#3910 = CARTESIAN_POINT ( 'NONE',  ( -2.274999999999997247, -0.6000000000000172973, 0.2999999999999978240 ) ) ;
#3911 = DIRECTION ( 'NONE',  ( 0.0000000000000000000, -1.000000000000000000, -3.491481338843133355E-15 ) ) ;
#3912 = ORIENTED_EDGE ( 'NONE', *, *, #2507, .T. ) ;
#3913 = CARTESIAN_POINT ( 'NONE',  ( -2.054158128379447668, -0.4937123870378808954, 0.4607899795848129920 ) ) ;
#3914 = CARTESIAN_POINT ( 'NONE',  ( -2.350000000000000533, -0.4500000000000175526, 0.2999999999999986566 ) ) ;
#3915 = ORIENTED_EDGE ( 'NONE', *, *, #3776, .T. ) ;
#3916 = SURFACE_SIDE_STYLE ('',( #2637 ) ) ;
#3917 = DIRECTION ( 'NONE',  ( -6.982962677686266711E-15, 1.000000000000000000, 3.491481338843133355E-15 ) ) ;
#3918 = DIRECTION ( 'NONE',  ( -1.000000000000000000, -6.982962677686266711E-15, -2.438088387897967896E-29 ) ) ;
#3919 = COLOUR_RGB ( '',0.0000000000000000000, 0.0000000000000000000, 0.0000000000000000000 ) ;
#3920 = MECHANICAL_DESIGN_GEOMETRIC_PRESENTATION_REPRESENTATION (  '', ( #349 ), #1929 ) ;
#3921 = ORIENTED_EDGE ( 'NONE', *, *, #3925, .T. ) ;
#3922 = PRODUCT_RELATED_PRODUCT_CATEGORY ( 'part', '', ( #828 ) ) ;
#3923 = EDGE_CURVE ( 'NONE', #2956, #3907, #2147, .T. ) ;
#3924 = CARTESIAN_POINT ( 'NONE',  ( 3.199999999999976197, 2.499999999999964917, 16.50100000000000477 ) ) ;
#3925 = EDGE_CURVE ( 'NONE', #577, #3695, #4099, .T. ) ;
#3926 = AXIS2_PLACEMENT_3D ( 'NONE', #2383, #508, #4025 ) ;
#3927 =( GEOMETRIC_REPRESENTATION_CONTEXT ( 3 ) GLOBAL_UNCERTAINTY_ASSIGNED_CONTEXT ( ( #1814 ) ) GLOBAL_UNIT_ASSIGNED_CONTEXT ( ( #194, #842, #2101 ) ) REPRESENTATION_CONTEXT ( 'NONE', 'WORKASPACE' ) );
#3928 = DIRECTION ( 'NONE',  ( 1.000000000000000000, 6.982962677686266711E-15, 2.438088387897967896E-29 ) ) ;
#3929 = PRESENTATION_LAYER_ASSIGNMENT (  '', '', ( #3059 ) ) ;
#3930 = SURFACE_SIDE_STYLE ('',( #3624 ) ) ;
#3931 = EDGE_LOOP ( 'NONE', ( #3434, #1142, #388, #1915, #2249, #1359, #3770, #2821 ) ) ;
#3932 = UNCERTAINTY_MEASURE_WITH_UNIT (LENGTH_MEASURE( 1.000000000000000082E-05 ), #3532, 'distance_accuracy_value', 'NONE');
#3933 = CARTESIAN_POINT ( 'NONE',  ( 3.199999999999976197, 2.499999999999964917, 16.50100000000000477 ) ) ;
#3934 = UNCERTAINTY_MEASURE_WITH_UNIT (LENGTH_MEASURE( 1.000000000000000082E-05 ), #2569, 'distance_accuracy_value', 'NONE');
#3935 = ORIENTED_EDGE ( 'NONE', *, *, #1466, .T. ) ;
#3936 = CIRCLE ( 'NONE', #2517, 5.000000000000004441 ) ;
#3937 = VECTOR ( 'NONE', #1149, 1000.000000000000000 ) ;
#3938 = PLANE ( 'NONE',  #3003 ) ;
#3939 = ORIENTED_EDGE ( 'NONE', *, *, #3997, .F. ) ;
#3940 = VECTOR ( 'NONE', #368, 1000.000000000000000 ) ;
#3941 = FACE_OUTER_BOUND ( 'NONE', #583, .T. ) ;
#3942 = SURFACE_STYLE_FILL_AREA ( #1511 ) ;
#3943 = ORIENTED_EDGE ( 'NONE', *, *, #2172, .F. ) ;
#3944 = ORIENTED_EDGE ( 'NONE', *, *, #2173, .F. ) ;
#3945 =( GEOMETRIC_REPRESENTATION_CONTEXT ( 3 ) GLOBAL_UNCERTAINTY_ASSIGNED_CONTEXT ( ( #880 ) ) GLOBAL_UNIT_ASSIGNED_CONTEXT ( ( #1740, #1782, #1445 ) ) REPRESENTATION_CONTEXT ( 'NONE', 'WORKASPACE' ) );
#3946 = VECTOR ( 'NONE', #1566, 1000.000000000000000 ) ;
#3947 = VERTEX_POINT ( 'NONE', #3155 ) ;
#3948 = SURFACE_STYLE_FILL_AREA ( #123 ) ;
#3949 = AXIS2_PLACEMENT_3D ( 'NONE', #1820, #2107, #512 ) ;
#3950 = CARTESIAN_POINT ( 'NONE',  ( 2.350000000000002753, -0.4437059837324574540, 0.7499999999999829026 ) ) ;
#3951 = EDGE_CURVE ( 'NONE', #1346, #2510, #760, .T. ) ;
#3952 = ADVANCED_FACE ( 'NONE', ( #859 ), #2497, .T. ) ;
#3953 = STYLED_ITEM ( 'NONE', ( #2363 ), #1727 ) ;
#3954 = CARTESIAN_POINT ( 'NONE',  ( -2.275000000000000799, -1.906050470926743727E-14, 0.7500000000000000000 ) ) ;
#3955 = DIRECTION ( 'NONE',  ( -0.0000000000000000000, 3.491481338843133355E-15, -1.000000000000000000 ) ) ;
#3956 = ORIENTED_EDGE ( 'NONE', *, *, #223, .T. ) ;
#3957 = CARTESIAN_POINT ( 'NONE',  ( -5.150000000000019895, 2.949999999999966871, 1.029986994958712822E-14 ) ) ;
#3958 = ORIENTED_EDGE ( 'NONE', *, *, #2198, .T. ) ;
#3959 = CARTESIAN_POINT ( 'NONE',  ( -2.699269725188707447, -0.1022021327290963261, 0.5755300461664633049 ) ) ;
#3960 = DIRECTION ( 'NONE',  ( 1.251002506714043540E-16, 3.491481338843134144E-15, -1.000000000000000000 ) ) ;
#3961 = EDGE_LOOP ( 'NONE', ( #1160, #2255, #4116, #4020 ) ) ;
#3962 = CARTESIAN_POINT ( 'NONE',  ( 2.349999999999996536, 0.4500000000000138334, 0.7499999999999859002 ) ) ;
#3963 = LINE ( 'NONE', #2137, #139 ) ;
#3964 =( GEOMETRIC_REPRESENTATION_CONTEXT ( 3 ) GLOBAL_UNCERTAINTY_ASSIGNED_CONTEXT ( ( #2972 ) ) GLOBAL_UNIT_ASSIGNED_CONTEXT ( ( #13, #2558, #1954 ) ) REPRESENTATION_CONTEXT ( 'NONE', 'WORKASPACE' ) );
#3965 =( NAMED_UNIT ( * ) SI_UNIT ( $, .STERADIAN. ) SOLID_ANGLE_UNIT ( ) );
#3966 = CIRCLE ( 'NONE', #1224, 5.000000000000004441 ) ;
#3967 = SURFACE_STYLE_USAGE ( .BOTH. , #3676 ) ;
#3968 = ORIENTED_EDGE ( 'NONE', *, *, #1215, .T. ) ;
#3969 = SURFACE_SIDE_STYLE ('',( #3948 ) ) ;
#3970 = COLOUR_RGB ( '',0.0000000000000000000, 0.0000000000000000000, 0.0000000000000000000 ) ;
#3971 = DIRECTION ( 'NONE',  ( 0.0000000000000000000, -3.491481338843133355E-15, 1.000000000000000000 ) ) ;
#3972 = DIRECTION ( 'NONE',  ( -1.000000000000000000, -6.982962677686266711E-15, -2.438088387897967896E-29 ) ) ;
#3973 = FILL_AREA_STYLE ('',( #454 ) ) ;
#3974 = CARTESIAN_POINT ( 'NONE',  ( -5.000000000000004441, -4.434444133386010206E-14, 2.350000000000000977 ) ) ;
#3975 = PRESENTATION_STYLE_ASSIGNMENT (( #2698 ) ) ;
#3976 = ADVANCED_FACE ( 'NONE', ( #949 ), #1252, .F. ) ;
#3977 = UNCERTAINTY_MEASURE_WITH_UNIT (LENGTH_MEASURE( 1.000000000000000082E-05 ), #3319, 'distance_accuracy_value', 'NONE');
#3978 = DIRECTION ( 'NONE',  ( -1.000000000000000000, -6.982962677686266711E-15, -2.438088387897967896E-29 ) ) ;
#3979 = PLANE ( 'NONE',  #581 ) ;
#3980 = ORIENTED_EDGE ( 'NONE', *, *, #941, .F. ) ;
#3981 = CARTESIAN_POINT ( 'NONE',  ( -1.499999999999965805, -4.874423042781589999, 0.9999999999999831246 ) ) ;
#3982 = LINE ( 'NONE', #1115, #2006 ) ;
#3983 = ORIENTED_EDGE ( 'NONE', *, *, #2771, .F. ) ;
#3984 = CARTESIAN_POINT ( 'NONE',  ( 2.725000000000000089, 1.638285723825064280E-14, 0.7499999999999843459 ) ) ;
#3985 = LINE ( 'NONE', #4010, #2118 ) ;
#3986 = DIRECTION ( 'NONE',  ( -6.982962677686266711E-15, 1.000000000000000000, 3.491481338843133355E-15 ) ) ;
#3987 = SURFACE_STYLE_USAGE ( .BOTH. , #2110 ) ;
#3988 = COLOUR_RGB ( '',1.000000000000000000, 1.000000000000000000, 0.7529411764705882248 ) ;
#3989 = LINE ( 'NONE', #1758, #3201 ) ;
#3990 = PRESENTATION_STYLE_ASSIGNMENT (( #2048 ) ) ;
#3991 =( LENGTH_UNIT ( ) NAMED_UNIT ( * ) SI_UNIT ( .MILLI., .METRE. ) );
#3992 = CARTESIAN_POINT ( 'NONE',  ( -2.949999999999962874, -5.150000000000020783, -1.798112889504220935E-14 ) ) ;
#3993 = VECTOR ( 'NONE', #2085, 1000.000000000000000 ) ;
#3994 = CIRCLE ( 'NONE', #4132, 5.099999999999999645 ) ;
#3995 = CARTESIAN_POINT ( 'NONE',  ( -4.762045270816559039, 9.524090541632979523, 3.335812449474571562 ) ) ;
#3996 = PRESENTATION_STYLE_ASSIGNMENT (( #214 ) ) ;
#3997 = EDGE_CURVE ( 'NONE', #1891, #1596, #656, .T. ) ;
#3998 = EDGE_LOOP ( 'NONE', ( #1284, #960, #1174, #201, #2798, #892, #220 ) ) ;
#3999 = VECTOR ( 'NONE', #28, 1000.000000000000000 ) ;
#4000 =( LENGTH_UNIT ( ) NAMED_UNIT ( * ) SI_UNIT ( .MILLI., .METRE. ) );
#4001 = EDGE_CURVE ( 'NONE', #2283, #1850, #1338, .T. ) ;
#4002 = CARTESIAN_POINT ( 'NONE',  ( 5.150000000000007461, -0.9999999999999651390, 0.2999999999999964917 ) ) ;
#4003 = ORIENTED_EDGE ( 'NONE', *, *, #3378, .F. ) ;
#4004 = EDGE_LOOP ( 'NONE', ( #3500, #3181, #3422, #2908 ) ) ;
#4005 = PRESENTATION_STYLE_ASSIGNMENT (( #2726 ) ) ;
#4006 = MECHANICAL_DESIGN_GEOMETRIC_PRESENTATION_REPRESENTATION (  '', ( #650 ), #3674 ) ;
#4007 = VECTOR ( 'NONE', #565, 1000.000000000000000 ) ;
#4008 = FILL_AREA_STYLE ('',( #2729 ) ) ;
#4009 = PRESENTATION_LAYER_ASSIGNMENT (  '', '', ( #807 ) ) ;
#4010 = CARTESIAN_POINT ( 'NONE',  ( -1.499999999999999556, -1.396592535537253027E-14, 1.000000000000000000 ) ) ;
#4011 = SURFACE_STYLE_FILL_AREA ( #2732 ) ;
#4012 = CARTESIAN_POINT ( 'NONE',  ( 1.999999999999976685, 2.499999999999956479, 16.50100000000000477 ) ) ;
#4013 = MECHANICAL_DESIGN_GEOMETRIC_PRESENTATION_REPRESENTATION (  '', ( #2338 ), #950 ) ;
#4014 = CARTESIAN_POINT ( 'NONE',  ( -4.999999999999933387, -10.00000000000005862, 2.349999999999965894 ) ) ;
#4015 = UNCERTAINTY_MEASURE_WITH_UNIT (LENGTH_MEASURE( 1.000000000000000082E-05 ), #3224, 'distance_accuracy_value', 'NONE');
#4016 = DIRECTION ( 'NONE',  ( 0.0000000000000000000, -3.491481338843133355E-15, 1.000000000000000000 ) ) ;
#4017 = CARTESIAN_POINT ( 'NONE',  ( 2.725000000000000089, 1.630794171170235412E-14, 0.7499999999999843459 ) ) ;
#4018 = AXIS2_PLACEMENT_3D ( 'NONE', #2342, #1724, #1699 ) ;
#4019 = SURFACE_STYLE_FILL_AREA ( #2456 ) ;
#4020 = ORIENTED_EDGE ( 'NONE', *, *, #2128, .T. ) ;
#4021 = PRESENTATION_LAYER_ASSIGNMENT (  '', '', ( #2341 ) ) ;
#4022 = LINE ( 'NONE', #2058, #4030 ) ;
#4023 = DIRECTION ( 'NONE',  ( 0.0000000000000000000, -3.491481338843133355E-15, 1.000000000000000000 ) ) ;
#4024 = ORIENTED_EDGE ( 'NONE', *, *, #4104, .F. ) ;
#4025 = DIRECTION ( 'NONE',  ( 6.982962677686266711E-15, -1.000000000000000000, -3.491481338843133355E-15 ) ) ;
#4026 = AXIS2_PLACEMENT_3D ( 'NONE', #3045, #2011, #3028 ) ;
#4027 = EDGE_CURVE ( 'NONE', #577, #2918, #1629, .T. ) ;
#4028 = ADVANCED_FACE ( 'NONE', ( #3510 ), #2382, .T. ) ;
#4029 = DIRECTION ( 'NONE',  ( -0.0000000000000000000, 3.491481338843133355E-15, -1.000000000000000000 ) ) ;
#4030 = VECTOR ( 'NONE', #197, 1000.000000000000000 ) ;
#4031 = PRESENTATION_STYLE_ASSIGNMENT (( #1457 ) ) ;
#4032 = CARTESIAN_POINT ( 'NONE',  ( -2.275000000000000799, -0.4500000000000201061, 0.9999999999999985567 ) ) ;
#4033 = SURFACE_SIDE_STYLE ('',( #1184 ) ) ;
#4034 = PRESENTATION_LAYER_ASSIGNMENT (  '', '', ( #2158 ) ) ;
#4035 = CARTESIAN_POINT ( 'NONE',  ( 4.762045270816563480, -9.524090541632959983, 2.814187550525433235 ) ) ;
#4036 = CARTESIAN_POINT ( 'NONE',  ( 1.499999999999999556, 7.332110811570576891E-15, 0.9000000000000001332 ) ) ;
#4037 = PRESENTATION_STYLE_ASSIGNMENT (( #134 ) ) ;
#4038 = ORIENTED_EDGE ( 'NONE', *, *, #224, .F. ) ;
#4039 = FACE_OUTER_BOUND ( 'NONE', #1308, .T. ) ;
#4040 = ORIENTED_EDGE ( 'NONE', *, *, #501, .T. ) ;
#4041 = SURFACE_STYLE_FILL_AREA ( #241 ) ;
#4042 = PRESENTATION_STYLE_ASSIGNMENT (( #1881 ) ) ;
#4043 = DIRECTION ( 'NONE',  ( -6.841841656996451998E-15, 1.000000000000000000, 3.420920828498225999E-15 ) ) ;
#4044 = EDGE_CURVE ( 'NONE', #985, #3635, #3564, .T. ) ;
#4045 = FILL_AREA_STYLE ('',( #3743 ) ) ;
#4046 = EDGE_CURVE ( 'NONE', #2810, #1231, #2289, .T. ) ;
#4047 = DIRECTION ( 'NONE',  ( -1.000000000000000000, -6.982962677686267499E-15, 1.239088197126046763E-16 ) ) ;
#4048 = UNCERTAINTY_MEASURE_WITH_UNIT (LENGTH_MEASURE( 1.000000000000000082E-05 ), #425, 'distance_accuracy_value', 'NONE');
#4049 = DIRECTION ( 'NONE',  ( 0.0000000000000000000, -3.491481338843133355E-15, 1.000000000000000000 ) ) ;
#4050 = CARTESIAN_POINT ( 'NONE',  ( -2.350000000000000977, -0.4500000000000175526, 0.2999999999999983791 ) ) ;
#4051 = CARTESIAN_POINT ( 'NONE',  ( 5.150000000000036771, -5.149999999999966604, 0.8999999999999820366 ) ) ;
#4052 = ADVANCED_FACE ( 'NONE', ( #2566 ), #2046, .F. ) ;
#4053 =( NAMED_UNIT ( * ) PLANE_ANGLE_UNIT ( ) SI_UNIT ( $, .RADIAN. ) );
#4054 = UNCERTAINTY_MEASURE_WITH_UNIT (LENGTH_MEASURE( 1.000000000000000082E-05 ), #3194, 'distance_accuracy_value', 'NONE');
#4055 =( GEOMETRIC_REPRESENTATION_CONTEXT ( 3 ) GLOBAL_UNCERTAINTY_ASSIGNED_CONTEXT ( ( #743 ) ) GLOBAL_UNIT_ASSIGNED_CONTEXT ( ( #342, #1398, #3593 ) ) REPRESENTATION_CONTEXT ( 'NONE', 'WORKASPACE' ) );
#4056 = LINE ( 'NONE', #1189, #452 ) ;
#4057 = CARTESIAN_POINT ( 'NONE',  ( 5.149999999999994138, 1.000000000000034861, 0.3000000000000034306 ) ) ;
#4058 =( LENGTH_UNIT ( ) NAMED_UNIT ( * ) SI_UNIT ( .MILLI., .METRE. ) );
#4059 = CARTESIAN_POINT ( 'NONE',  ( -2.275000000000000799, -0.4500000000000216049, 1.443755419130955397 ) ) ;
#4060 = ORIENTED_EDGE ( 'NONE', *, *, #2111, .F. ) ;
#4061 = PRESENTATION_STYLE_ASSIGNMENT (( #3142 ) ) ;
#4062 = COLOUR_RGB ( '',1.000000000000000000, 1.000000000000000000, 0.7529411764705882248 ) ;
#4063 = FACE_OUTER_BOUND ( 'NONE', #1017, .T. ) ;
#4064 = AXIS2_PLACEMENT_3D ( 'NONE', #2941, #324, #3906 ) ;
#4065 = ORIENTED_EDGE ( 'NONE', *, *, #2824, .T. ) ;
#4066 = VERTEX_POINT ( 'NONE', #408 ) ;
#4067 = LINE ( 'NONE', #1200, #299 ) ;
#4068 = VECTOR ( 'NONE', #4029, 1000.000000000000000 ) ;
#4069 = SURFACE_STYLE_USAGE ( .BOTH. , #2746 ) ;
#4070 = ORIENTED_EDGE ( 'NONE', *, *, #1185, .F. ) ;
#4071 = LINE ( 'NONE', #2768, #3080 ) ;
#4072 = MECHANICAL_DESIGN_GEOMETRIC_PRESENTATION_REPRESENTATION (  '', ( #1876 ), #3002 ) ;
#4073 = PRESENTATION_LAYER_ASSIGNMENT (  '', '', ( #1196 ) ) ;
#4074 = DIRECTION ( 'NONE',  ( 6.982962677686265922E-15, -1.000000000000000000, -3.486454044855347901E-15 ) ) ;
#4075 = SURFACE_STYLE_FILL_AREA ( #584 ) ;
#4076 =( GEOMETRIC_REPRESENTATION_CONTEXT ( 3 ) GLOBAL_UNCERTAINTY_ASSIGNED_CONTEXT ( ( #2050 ) ) GLOBAL_UNIT_ASSIGNED_CONTEXT ( ( #1591, #2909, #1321 ) ) REPRESENTATION_CONTEXT ( 'NONE', 'WORKASPACE' ) );
#4077 = CARTESIAN_POINT ( 'NONE',  ( 2.274999999999996803, 0.4500000000000125011, 0.9999999999999856781 ) ) ;
#4078 = FILL_AREA_STYLE_COLOUR ( '', #2811 ) ;
#4079 = EDGE_LOOP ( 'NONE', ( #180, #3779, #4156, #135 ) ) ;
#4080 = CARTESIAN_POINT ( 'NONE',  ( -5.850000000000001421, 0.4499999999999825251, 0.3000000000000015432 ) ) ;
#4081 = ADVANCED_FACE ( 'NONE', ( #427 ), #1220, .T. ) ;
#4082 = EDGE_CURVE ( 'NONE', #4066, #3283, #1228, .T. ) ;
#4083 = SURFACE_STYLE_USAGE ( .BOTH. , #1192 ) ;
#4084 = ORIENTED_EDGE ( 'NONE', *, *, #1161, .T. ) ;
#4085 = CARTESIAN_POINT ( 'NONE',  ( -4.500000000000006217, -8.846943661289215296E-14, 16.49999999999999645 ) ) ;
#4086 = STYLED_ITEM ( 'NONE', ( #2779 ), #1674 ) ;
#4087 = DIRECTION ( 'NONE',  ( 1.000000000000000000, -4.326253317447225707E-31, 1.239088197126290570E-16 ) ) ;
#4088 = AXIS2_PLACEMENT_3D ( 'NONE', #2183, #3425, #2861 ) ;
#4089 = CARTESIAN_POINT ( 'NONE',  ( -2.650000000000001243, 0.4499999999999825251, 0.3000000000000015432 ) ) ;
#4090 = PRESENTATION_LAYER_ASSIGNMENT (  '', '', ( #531 ) ) ;
#4091 = CARTESIAN_POINT ( 'NONE',  ( 4.149999999999965716, 5.150000000000024336, 1.600000000000018074 ) ) ;
#4092 = CARTESIAN_POINT ( 'NONE',  ( -2.275000000000005240, 0.5999999999999802158, 0.9000000000000021316 ) ) ;
#4093 = FILL_AREA_STYLE ('',( #2161 ) ) ;
#4094 = VECTOR ( 'NONE', #3650, 1000.000000000000000 ) ;
#4095 = FILL_AREA_STYLE_COLOUR ( '', #3604 ) ;
#4096 = LINE ( 'NONE', #1863, #2945 ) ;
#4097 = LINE ( 'NONE', #589, #554 ) ;
#4098 = ORIENTED_EDGE ( 'NONE', *, *, #3315, .T. ) ;
#4099 = LINE ( 'NONE', #4036, #2559 ) ;
#4100 = AXIS2_PLACEMENT_3D ( 'NONE', #2245, #628, #1936 ) ;
#4101 = CARTESIAN_POINT ( 'NONE',  ( 4.150000000000029665, -4.149999999999974598, 1.599999999999985656 ) ) ;
#4102 = PLANE ( 'NONE',  #1467 ) ;
#4103 = ORIENTED_EDGE ( 'NONE', *, *, #3516, .T. ) ;
#4104 = EDGE_CURVE ( 'NONE', #1334, #3111, #1769, .T. ) ;
#4105 = VECTOR ( 'NONE', #246, 1000.000000000000000 ) ;
#4106 = UNCERTAINTY_MEASURE_WITH_UNIT (LENGTH_MEASURE( 1.000000000000000082E-05 ), #2112, 'distance_accuracy_value', 'NONE');
#4107 = CARTESIAN_POINT ( 'NONE',  ( -5.000000000000006217, -9.252425547934306547E-14, 16.49999999999999645 ) ) ;
#4108 = ORIENTED_EDGE ( 'NONE', *, *, #2198, .F. ) ;
#4109 =( NAMED_UNIT ( * ) SI_UNIT ( $, .STERADIAN. ) SOLID_ANGLE_UNIT ( ) );
#4110 = CARTESIAN_POINT ( 'NONE',  ( 4.149999999999971934, 4.150000000000024336, 1.600000000000014522 ) ) ;
#4111 = ORIENTED_EDGE ( 'NONE', *, *, #1857, .T. ) ;
#4112 = VERTEX_POINT ( 'NONE', #878 ) ;
#4113 = CARTESIAN_POINT ( 'NONE',  ( 1.047444401652940480E-14, -1.500000000000003775, 0.8999999999999949152 ) ) ;
#4114 = CARTESIAN_POINT ( 'NONE',  ( 0.0000000000000000000, 0.0000000000000000000, 0.0000000000000000000 ) ) ;
#4115 = DIRECTION ( 'NONE',  ( 0.0000000000000000000, 3.491481338843133355E-15, -1.000000000000000000 ) ) ;
#4116 = ORIENTED_EDGE ( 'NONE', *, *, #4152, .T. ) ;
#4117 = FILL_AREA_STYLE_COLOUR ( '', #3686 ) ;
#4118 =( NAMED_UNIT ( * ) SI_UNIT ( $, .STERADIAN. ) SOLID_ANGLE_UNIT ( ) );
#4119 = SURFACE_STYLE_USAGE ( .BOTH. , #969 ) ;
#4120 = FILL_AREA_STYLE ('',( #1280 ) ) ;
#4121 = DIRECTION ( 'NONE',  ( 1.000000000000000000, 6.982962677686265922E-15, 1.251002506714287347E-16 ) ) ;
#4122 =( LENGTH_UNIT ( ) NAMED_UNIT ( * ) SI_UNIT ( .MILLI., .METRE. ) );
#4123 = STYLED_ITEM ( 'NONE', ( #3372 ), #41 ) ;
#4124 = VECTOR ( 'NONE', #2075, 1000.000000000000000 ) ;
#4125 = EDGE_CURVE ( 'NONE', #1231, #3839, #543, .T. ) ;
#4126 = CARTESIAN_POINT ( 'NONE',  ( -2.725000000000000977, -1.906050470926743727E-14, 0.7500000000000002220 ) ) ;
#4127 = EDGE_LOOP ( 'NONE', ( #639, #2033 ) ) ;
#4128 = EDGE_CURVE ( 'NONE', #1850, #1487, #1206, .T. ) ;
#4129 = FILL_AREA_STYLE ('',( #1950 ) ) ;
#4130 = CARTESIAN_POINT ( 'NONE',  ( -2.350000000000000977, -0.4500000000000191069, 0.7499999999999984457 ) ) ;
#4131 = STYLED_ITEM ( 'NONE', ( #466 ), #2669 ) ;
#4132 = AXIS2_PLACEMENT_3D ( 'NONE', #453, #3400, #3011 ) ;
#4133 = UNCERTAINTY_MEASURE_WITH_UNIT (LENGTH_MEASURE( 1.000000000000000082E-05 ), #2599, 'distance_accuracy_value', 'NONE');
#4134 = ORIENTED_EDGE ( 'NONE', *, *, #3621, .F. ) ;
#4135 =( GEOMETRIC_REPRESENTATION_CONTEXT ( 3 ) GLOBAL_UNCERTAINTY_ASSIGNED_CONTEXT ( ( #750 ) ) GLOBAL_UNIT_ASSIGNED_CONTEXT ( ( #2635, #112, #2977 ) ) REPRESENTATION_CONTEXT ( 'NONE', 'WORKASPACE' ) );
#4136 = ORIENTED_EDGE ( 'NONE', *, *, #3923, .F. ) ;
#4137 = CARTESIAN_POINT ( 'NONE',  ( 1.499999999999999556, 4.888073874380384331E-15, 1.600000000000000089 ) ) ;
#4138 = FILL_AREA_STYLE_COLOUR ( '', #3184 ) ;
#4139 = ORIENTED_EDGE ( 'NONE', *, *, #2205, .T. ) ;
#4140 = CARTESIAN_POINT ( 'NONE',  ( -2.650000000000000799, 0.4499999999999835798, 1.680513367352531873E-15 ) ) ;
#4141 = DIRECTION ( 'NONE',  ( -0.0000000000000000000, 3.491481338843133355E-15, -1.000000000000000000 ) ) ;
#4142 = DIRECTION ( 'NONE',  ( 0.0000000000000000000, -1.000000000000000000, -3.491481338843133355E-15 ) ) ;
#4143 = COLOUR_RGB ( '',0.0000000000000000000, 0.0000000000000000000, 0.0000000000000000000 ) ;
#4144 = SURFACE_STYLE_USAGE ( .BOTH. , #61 ) ;
#4145 = CARTESIAN_POINT ( 'NONE',  ( 2.274999999999999467, 1.324052403329182278E-14, 0.7499999999999843459 ) ) ;
#4146 = VERTEX_POINT ( 'NONE', #2818 ) ;
#4147 = MECHANICAL_DESIGN_GEOMETRIC_PRESENTATION_REPRESENTATION (  '', ( #665 ), #2019 ) ;
#4148 =( NAMED_UNIT ( * ) PLANE_ANGLE_UNIT ( ) SI_UNIT ( $, .RADIAN. ) );
#4149 = PRESENTATION_LAYER_ASSIGNMENT (  '', '', ( #1350 ) ) ;
#4150 = PRESENTATION_STYLE_ASSIGNMENT (( #3611 ) ) ;
#4151 = CARTESIAN_POINT ( 'NONE',  ( -5.850000000000001421, 0.4499999999999835798, 1.301042606982605321E-15 ) ) ;
#4152 = EDGE_CURVE ( 'NONE', #1974, #2214, #3765, .T. ) ;
#4153 = EDGE_CURVE ( 'NONE', #1261, #3947, #2292, .T. ) ;
#4154 = ORIENTED_EDGE ( 'NONE', *, *, #2332, .T. ) ;
#4155 = CARTESIAN_POINT ( 'NONE',  ( -1.500000000000000000, -1.361677722148822009E-14, 0.9000000000000001332 ) ) ;
#4156 = ORIENTED_EDGE ( 'NONE', *, *, #4027, .T. ) ;
#4157 = CARTESIAN_POINT ( 'NONE',  ( 5.150000000000001243, 3.596225779008427987E-14, 1.255615519767453663E-28 ) ) ;
#4158 = DIRECTION ( 'NONE',  ( 6.982962677686266711E-15, -1.000000000000000000, -3.491481338843133355E-15 ) ) ;
ENDSEC;
END-ISO-10303-21;
