ISO-10303-21;
HEADER;
FILE_DESCRIPTION (( 'STEP AP214' ),
    '1' );
FILE_NAME ('CHAF202S540c-NCL1.STEP',
    '2026-02-11T06:39:29',
    ( '' ),
    ( '' ),
    'SwSTEP 2.0',
    'SolidWorks 2020',
    '' );
FILE_SCHEMA (( 'AUTOMOTIVE_DESIGN' ));
ENDSEC;

DATA;
#1 = EDGE_CURVE ( 'NONE', #133, #1237, #482, .T. ) ;
#2 = AXIS2_PLACEMENT_3D ( 'NONE', #573, #914, #903 ) ;
#3 = ORIENTED_EDGE ( 'NONE', *, *, #1253, .F. ) ;
#4 = EDGE_CURVE ( 'NONE', #1242, #86, #275, .T. ) ;
#5 = DIRECTION ( 'NONE',  ( -0.000000000000000000, -1.000000000000000000, -0.000000000000000000 ) ) ;
#6 = EDGE_LOOP ( 'NONE', ( #194, #970 ) ) ;
#7 = CYLINDRICAL_SURFACE ( 'NONE', #257, 1.599999999999997202 ) ;
#8 = CARTESIAN_POINT ( 'NONE',  ( 53.35000000000000142, 18.30000000000000071, -18.77999999999999758 ) ) ;
#9 = EDGE_LOOP ( 'NONE', ( #309, #749, #142, #369 ) ) ;
#10 = AXIS2_PLACEMENT_3D ( 'NONE', #528, #652, #558 ) ;
#11 = AXIS2_PLACEMENT_3D ( 'NONE', #229, #1166, #809 ) ;
#12 = ORIENTED_EDGE ( 'NONE', *, *, #538, .F. ) ;
#13 = MECHANICAL_DESIGN_GEOMETRIC_PRESENTATION_REPRESENTATION (  '', ( #662 ), #131 ) ;
#14 = DIRECTION ( 'NONE',  ( 0.000000000000000000, 1.000000000000000000, 0.000000000000000000 ) ) ;
#15 = ORIENTED_EDGE ( 'NONE', *, *, #533, .F. ) ;
#16 = LINE ( 'NONE', #110, #1165 ) ;
#17 = DIRECTION ( 'NONE',  ( 0.000000000000000000, -0.000000000000000000, 1.000000000000000000 ) ) ;
#18 = EDGE_CURVE ( 'NONE', #1264, #692, #499, .T. ) ;
#19 = AXIS2_PLACEMENT_3D ( 'NONE', #1234, #885, #1335 ) ;
#20 = VERTEX_POINT ( 'NONE', #856 ) ;
#21 = ORIENTED_EDGE ( 'NONE', *, *, #236, .T. ) ;
#22 = DIRECTION ( 'NONE',  ( 0.000000000000000000, 1.000000000000000000, 0.000000000000000000 ) ) ;
#23 = VERTEX_POINT ( 'NONE', #611 ) ;
#24 = EDGE_LOOP ( 'NONE', ( #997, #138, #1276, #186 ) ) ;
#25 = ORIENTED_EDGE ( 'NONE', *, *, #447, .T. ) ;
#26 = DIRECTION ( 'NONE',  ( 0.000000000000000000, 0.000000000000000000, 1.000000000000000000 ) ) ;
#27 = EDGE_LOOP ( 'NONE', ( #924, #764, #726, #845 ) ) ;
#28 = CIRCLE ( 'NONE', #358, 0.9999999999999974465 ) ;
#29 = VERTEX_POINT ( 'NONE', #491 ) ;
#30 = ADVANCED_FACE ( 'NONE', ( #744 ), #1414, .T. ) ;
#31 = ORIENTED_EDGE ( 'NONE', *, *, #236, .F. ) ;
#32 = VECTOR ( 'NONE', #555, 1000.000000000000000 ) ;
#33 = AXIS2_PLACEMENT_3D ( 'NONE', #1423, #1096, #863 ) ;
#34 = FACE_OUTER_BOUND ( 'NONE', #114, .T. ) ;
#35 = VECTOR ( 'NONE', #502, 1000.000000000000000 ) ;
#36 = ORIENTED_EDGE ( 'NONE', *, *, #1159, .T. ) ;
#37 = ORIENTED_EDGE ( 'NONE', *, *, #655, .T. ) ;
#38 = CARTESIAN_POINT ( 'NONE',  ( 26.67999999999999972, 13.00000000000000000, -26.16999999999999815 ) ) ;
#39 = DIRECTION ( 'NONE',  ( -0.000000000000000000, -1.000000000000000000, -0.000000000000000000 ) ) ;
#40 = DIRECTION ( 'NONE',  ( 0.000000000000000000, 0.000000000000000000, 1.000000000000000000 ) ) ;
#41 = CARTESIAN_POINT ( 'NONE',  ( 34.29999999999999716, 18.30000000000000071, -27.16999999999999815 ) ) ;
#42 = DIRECTION ( 'NONE',  ( 0.000000000000000000, 0.000000000000000000, 1.000000000000000000 ) ) ;
#43 = ORIENTED_EDGE ( 'NONE', *, *, #772, .F. ) ;
#44 = CARTESIAN_POINT ( 'NONE',  ( 30.48999999999999844, 13.00000000000000000, -27.16999999999999815 ) ) ;
#45 = CARTESIAN_POINT ( 'NONE',  ( 30.48999999999999844, 18.30000000000000071, -26.66999999999999815 ) ) ;
#46 = EDGE_CURVE ( 'NONE', #161, #1370, #1353, .T. ) ;
#47 = CARTESIAN_POINT ( 'NONE',  ( 26.67999999999999972, 18.30000000000000071, -26.66999999999999815 ) ) ;
#48 = CARTESIAN_POINT ( 'NONE',  ( 22.87000000000000099, 18.30000000000000071, -27.16999999999999815 ) ) ;
#49 = EDGE_CURVE ( 'NONE', #790, #1396, #721, .T. ) ;
#50 = AXIS2_PLACEMENT_3D ( 'NONE', #1408, #298, #634 ) ;
#51 = CARTESIAN_POINT ( 'NONE',  ( 53.35000000000000142, 18.30000000000000071, 18.77999999999999758 ) ) ;
#52 = ORIENTED_EDGE ( 'NONE', *, *, #117, .F. ) ;
#53 = FACE_OUTER_BOUND ( 'NONE', #572, .T. ) ;
#54 = AXIS2_PLACEMENT_3D ( 'NONE', #985, #434, #199 ) ;
#55 = DIRECTION ( 'NONE',  ( -0.000000000000000000, 1.000000000000000000, -0.000000000000000000 ) ) ;
#56 = FILL_AREA_STYLE ('',( #871 ) ) ;
#57 = ADVANCED_FACE ( 'NONE', ( #837 ), #1286, .T. ) ;
#58 =( NAMED_UNIT ( * ) SI_UNIT ( $, .STERADIAN. ) SOLID_ANGLE_UNIT ( ) );
#59 = DIRECTION ( 'NONE',  ( 0.000000000000000000, 0.000000000000000000, 1.000000000000000000 ) ) ;
#60 = VERTEX_POINT ( 'NONE', #1179 ) ;
#61 = DIRECTION ( 'NONE',  ( -0.000000000000000000, 1.000000000000000000, -0.000000000000000000 ) ) ;
#62 = DIRECTION ( 'NONE',  ( 0.000000000000000000, 0.000000000000000000, -1.000000000000000000 ) ) ;
#63 = LINE ( 'NONE', #1307, #1354 ) ;
#64 = LINE ( 'NONE', #1085, #365 ) ;
#65 = AXIS2_PLACEMENT_3D ( 'NONE', #1343, #672, #777 ) ;
#66 = CARTESIAN_POINT ( 'NONE',  ( -53.35000000000000142, 13.00000000000000000, 11.92999999999999794 ) ) ;
#67 = ORIENTED_EDGE ( 'NONE', *, *, #1000, .T. ) ;
#68 = FACE_OUTER_BOUND ( 'NONE', #1091, .T. ) ;
#69 = SURFACE_STYLE_FILL_AREA ( #884 ) ;
#70 = FACE_OUTER_BOUND ( 'NONE', #950, .T. ) ;
#71 = DIRECTION ( 'NONE',  ( 0.000000000000000000, 0.000000000000000000, 1.000000000000000000 ) ) ;
#72 = DIRECTION ( 'NONE',  ( -0.000000000000000000, 1.000000000000000000, -0.000000000000000000 ) ) ;
#73 = AXIS2_PLACEMENT_3D ( 'NONE', #1357, #1243, #683 ) ;
#74 =( NAMED_UNIT ( * ) PLANE_ANGLE_UNIT ( ) SI_UNIT ( $, .RADIAN. ) );
#75 = EDGE_CURVE ( 'NONE', #902, #1168, #578, .T. ) ;
#76 = EDGE_LOOP ( 'NONE', ( #596, #238, #1365, #1251 ) ) ;
#77 = CARTESIAN_POINT ( 'NONE',  ( -53.35000000000000142, 13.00000000000000000, -3.539999999999997815 ) ) ;
#78 = CARTESIAN_POINT ( 'NONE',  ( 38.10999999999999943, 18.30000000000000071, -26.67000000000000171 ) ) ;
#79 = CARTESIAN_POINT ( 'NONE',  ( 34.29999999999999716, 18.30000000000000071, -26.16999999999999815 ) ) ;
#80 = CARTESIAN_POINT ( 'NONE',  ( 38.10999999999999943, 18.30000000000000071, -27.17000000000000171 ) ) ;
#81 = AXIS2_PLACEMENT_3D ( 'NONE', #343, #1250, #906 ) ;
#82 = CARTESIAN_POINT ( 'NONE',  ( 22.87000000000000099, 18.30000000000000071, -26.16999999999999815 ) ) ;
#83 = AXIS2_PLACEMENT_3D ( 'NONE', #1190, #415, #1219 ) ;
#84 = CIRCLE ( 'NONE', #1289, 0.9999999999999974465 ) ;
#85 = CIRCLE ( 'NONE', #801, 0.5000000000000004441 ) ;
#86 = VERTEX_POINT ( 'NONE', #519 ) ;
#87 = PLANE ( 'NONE',  #607 ) ;
#88 = ADVANCED_FACE ( 'NONE', ( #1195 ), #387, .T. ) ;
#89 = CARTESIAN_POINT ( 'NONE',  ( -53.35000000000000142, 0.000000000000000000, -23.80000000000000071 ) ) ;
#90 = AXIS2_PLACEMENT_3D ( 'NONE', #650, #1007, #776 ) ;
#91 = SURFACE_STYLE_FILL_AREA ( #1440 ) ;
#92 = ORIENTED_EDGE ( 'NONE', *, *, #1301, .T. ) ;
#93 = CARTESIAN_POINT ( 'NONE',  ( -53.35000000000000142, 18.30000000000000071, 7.620000000000000107 ) ) ;
#94 = SURFACE_STYLE_USAGE ( .BOTH. , #413 ) ;
#95 = EDGE_CURVE ( 'NONE', #20, #976, #1407, .T. ) ;
#96 = DIRECTION ( 'NONE',  ( 0.000000000000000000, 0.000000000000000000, -1.000000000000000000 ) ) ;
#97 = EDGE_CURVE ( 'NONE', #608, #1216, #767, .T. ) ;
#98 = SURFACE_STYLE_USAGE ( .BOTH. , #793 ) ;
#99 = ORIENTED_EDGE ( 'NONE', *, *, #1363, .F. ) ;
#100 = EDGE_CURVE ( 'NONE', #112, #384, #1082, .T. ) ;
#101 = AXIS2_PLACEMENT_3D ( 'NONE', #216, #1004, #294 ) ;
#102 = ORIENTED_EDGE ( 'NONE', *, *, #1392, .T. ) ;
#103 = CARTESIAN_POINT ( 'NONE',  ( 38.10999999999999943, 13.00000000000000000, -26.67000000000000171 ) ) ;
#104 = CIRCLE ( 'NONE', #290, 0.9999999999999981126 ) ;
#105 = AXIS2_PLACEMENT_3D ( 'NONE', #137, #1037, #931 ) ;
#106 = EDGE_CURVE ( 'NONE', #1103, #472, #1461, .T. ) ;
#107 = PRESENTATION_LAYER_ASSIGNMENT (  '', '', ( #822 ) ) ;
#108 = FACE_OUTER_BOUND ( 'NONE', #249, .T. ) ;
#109 = VERTEX_POINT ( 'NONE', #256 ) ;
#110 = CARTESIAN_POINT ( 'NONE',  ( 53.35000000000000142, 0.000000000000000000, 27.00000000000000000 ) ) ;
#111 = MECHANICAL_DESIGN_GEOMETRIC_PRESENTATION_REPRESENTATION (  '', ( #1299 ), #549 ) ;
#112 = VERTEX_POINT ( 'NONE', #407 ) ;
#113 = CYLINDRICAL_SURFACE ( 'NONE', #81, 0.5000000000000004441 ) ;
#114 = EDGE_LOOP ( 'NONE', ( #1293, #1433 ) ) ;
#115 = FACE_OUTER_BOUND ( 'NONE', #220, .T. ) ;
#116 = CYLINDRICAL_SURFACE ( 'NONE', #105, 0.5000000000000004441 ) ;
#117 = EDGE_CURVE ( 'NONE', #1039, #286, #64, .T. ) ;
#118 = ORIENTED_EDGE ( 'NONE', *, *, #569, .F. ) ;
#119 = AXIS2_PLACEMENT_3D ( 'NONE', #45, #498, #62 ) ;
#120 = AXIS2_PLACEMENT_3D ( 'NONE', #147, #1062, #234 ) ;
#121 = EDGE_LOOP ( 'NONE', ( #1351, #615 ) ) ;
#122 = DIRECTION ( 'NONE',  ( 0.000000000000000000, -0.000000000000000000, 1.000000000000000000 ) ) ;
#123 = ORIENTED_EDGE ( 'NONE', *, *, #1133, .T. ) ;
#124 = DIRECTION ( 'NONE',  ( 0.000000000000000000, 1.000000000000000000, 0.000000000000000000 ) ) ;
#125 = AXIS2_PLACEMENT_3D ( 'NONE', #1355, #336, #575 ) ;
#126 = DIRECTION ( 'NONE',  ( 0.000000000000000000, 0.000000000000000000, 1.000000000000000000 ) ) ;
#127 = EDGE_LOOP ( 'NONE', ( #1176, #827 ) ) ;
#128 = VECTOR ( 'NONE', #354, 1000.000000000000000 ) ;
#129 = ORIENTED_EDGE ( 'NONE', *, *, #1042, .F. ) ;
#130 = UNCERTAINTY_MEASURE_WITH_UNIT (LENGTH_MEASURE( 1.000000000000000082E-05 ), #1215, 'distance_accuracy_value', 'NONE');
#131 =( GEOMETRIC_REPRESENTATION_CONTEXT ( 3 ) GLOBAL_UNCERTAINTY_ASSIGNED_CONTEXT ( ( #483 ) ) GLOBAL_UNIT_ASSIGNED_CONTEXT ( ( #1446, #552, #191 ) ) REPRESENTATION_CONTEXT ( 'NONE', 'WORKASPACE' ) );
#132 = CARTESIAN_POINT ( 'NONE',  ( -59.50000000000000711, 13.00000000000000000, 31.55000000000000071 ) ) ;
#133 = VERTEX_POINT ( 'NONE', #1393 ) ;
#134 = VERTEX_POINT ( 'NONE', #850 ) ;
#135 = VERTEX_POINT ( 'NONE', #1095 ) ;
#136 = EDGE_CURVE ( 'NONE', #487, #60, #755, .T. ) ;
#137 = CARTESIAN_POINT ( 'NONE',  ( 22.87000000000000099, 18.30000000000000071, -26.66999999999999815 ) ) ;
#138 = ORIENTED_EDGE ( 'NONE', *, *, #1159, .F. ) ;
#139 = VERTEX_POINT ( 'NONE', #1172 ) ;
#140 = AXIS2_PLACEMENT_3D ( 'NONE', #1017, #730, #40 ) ;
#141 = DIRECTION ( 'NONE',  ( 0.000000000000000000, 0.000000000000000000, -1.000000000000000000 ) ) ;
#142 = ORIENTED_EDGE ( 'NONE', *, *, #1436, .T. ) ;
#143 = ORIENTED_EDGE ( 'NONE', *, *, #538, .T. ) ;
#144 = CARTESIAN_POINT ( 'NONE',  ( -53.35000000000000142, 13.00000000000000000, -12.69999999999999929 ) ) ;
#145 = DIRECTION ( 'NONE',  ( 0.000000000000000000, 0.000000000000000000, 1.000000000000000000 ) ) ;
#146 = AXIS2_PLACEMENT_3D ( 'NONE', #303, #775, #989 ) ;
#147 = CARTESIAN_POINT ( 'NONE',  ( 53.35000000000000142, 18.30000000000000071, -17.78000000000000114 ) ) ;
#148 = PLANE ( 'NONE',  #1387 ) ;
#149 = CARTESIAN_POINT ( 'NONE',  ( -53.35000000000000142, 13.00000000000000000, -25.39999999999999858 ) ) ;
#150 = ADVANCED_FACE ( 'NONE', ( #521 ), #284, .T. ) ;
#151 = ORIENTED_EDGE ( 'NONE', *, *, #946, .T. ) ;
#152 = VERTEX_POINT ( 'NONE', #484 ) ;
#153 = APPLICATION_CONTEXT ( 'automotive_design' ) ;
#154 = CARTESIAN_POINT ( 'NONE',  ( -53.35000000000000142, 18.30000000000000071, 10.92999999999999972 ) ) ;
#155 = DIRECTION ( 'NONE',  ( 0.000000000000000000, 1.000000000000000000, 0.000000000000000000 ) ) ;
#156 = UNCERTAINTY_MEASURE_WITH_UNIT (LENGTH_MEASURE( 1.000000000000000082E-05 ), #509, 'distance_accuracy_value', 'NONE');
#157 = ADVANCED_FACE ( 'NONE', ( #645 ), #830, .T. ) ;
#158 = CARTESIAN_POINT ( 'NONE',  ( -53.35000000000000142, 18.30000000000000071, -13.69999999999999751 ) ) ;
#159 = CARTESIAN_POINT ( 'NONE',  ( 53.35000000000000142, 18.30000000000000071, -18.77999999999999758 ) ) ;
#160 = FACE_BOUND ( 'NONE', #127, .T. ) ;
#161 = VERTEX_POINT ( 'NONE', #41 ) ;
#162 = FACE_OUTER_BOUND ( 'NONE', #1098, .T. ) ;
#163 = ADVANCED_FACE ( 'NONE', ( #1077 ), #148, .F. ) ;
#164 = CARTESIAN_POINT ( 'NONE',  ( 53.35000000000000142, 18.30000000000000071, -17.78000000000000114 ) ) ;
#165 = FACE_BOUND ( 'NONE', #1046, .T. ) ;
#166 = CARTESIAN_POINT ( 'NONE',  ( -53.35000000000000142, 18.30000000000000071, 7.620000000000000107 ) ) ;
#167 = AXIS2_PLACEMENT_3D ( 'NONE', #795, #800, #577 ) ;
#168 = EDGE_CURVE ( 'NONE', #1216, #608, #485, .T. ) ;
#169 = DIRECTION ( 'NONE',  ( 0.000000000000000000, 0.000000000000000000, 1.000000000000000000 ) ) ;
#170 = ORIENTED_EDGE ( 'NONE', *, *, #811, .F. ) ;
#171 = DIRECTION ( 'NONE',  ( 0.000000000000000000, 0.000000000000000000, -1.000000000000000000 ) ) ;
#172 = COLOUR_RGB ( '',0.2980392156862745057, 0.2980392156862745057, 0.2980392156862745057 ) ;
#173 = CARTESIAN_POINT ( 'NONE',  ( 30.48999999999999844, 18.30000000000000071, -26.66999999999999815 ) ) ;
#174 = CARTESIAN_POINT ( 'NONE',  ( -53.35000000000000142, 18.30000000000000071, 7.620000000000000107 ) ) ;
#175 =( NAMED_UNIT ( * ) PLANE_ANGLE_UNIT ( ) SI_UNIT ( $, .RADIAN. ) );
#176 = AXIS2_PLACEMENT_3D ( 'NONE', #1194, #287, #751 ) ;
#177 = CARTESIAN_POINT ( 'NONE',  ( 38.10999999999999943, 18.30000000000000071, -26.67000000000000171 ) ) ;
#178 = ORIENTED_EDGE ( 'NONE', *, *, #46, .F. ) ;
#179 = ORIENTED_EDGE ( 'NONE', *, *, #97, .F. ) ;
#180 = CARTESIAN_POINT ( 'NONE',  ( 30.48999999999999844, 13.00000000000000000, -26.66999999999999815 ) ) ;
#181 = FACE_BOUND ( 'NONE', #449, .T. ) ;
#182 =( GEOMETRIC_REPRESENTATION_CONTEXT ( 3 ) GLOBAL_UNCERTAINTY_ASSIGNED_CONTEXT ( ( #1321 ) ) GLOBAL_UNIT_ASSIGNED_CONTEXT ( ( #643, #526, #1460 ) ) REPRESENTATION_CONTEXT ( 'NONE', 'WORKASPACE' ) );
#183 = DIRECTION ( 'NONE',  ( 1.000000000000000000, 0.000000000000000000, 0.000000000000000000 ) ) ;
#184 = SURFACE_STYLE_USAGE ( .BOTH. , #678 ) ;
#185 = EDGE_CURVE ( 'NONE', #750, #835, #1181, .T. ) ;
#186 = ORIENTED_EDGE ( 'NONE', *, *, #514, .T. ) ;
#187 = CARTESIAN_POINT ( 'NONE',  ( 34.29999999999999716, 13.00000000000000000, -26.16999999999999815 ) ) ;
#188 = DIRECTION ( 'NONE',  ( 0.000000000000000000, 0.000000000000000000, 1.000000000000000000 ) ) ;
#189 = FACE_OUTER_BOUND ( 'NONE', #441, .T. ) ;
#190 = DIRECTION ( 'NONE',  ( -0.000000000000000000, -1.000000000000000000, -0.000000000000000000 ) ) ;
#191 =( NAMED_UNIT ( * ) SI_UNIT ( $, .STERADIAN. ) SOLID_ANGLE_UNIT ( ) );
#192 = VECTOR ( 'NONE', #39, 1000.000000000000000 ) ;
#193 = CIRCLE ( 'NONE', #1401, 0.5000000000000004441 ) ;
#194 = ORIENTED_EDGE ( 'NONE', *, *, #1213, .F. ) ;
#195 = CARTESIAN_POINT ( 'NONE',  ( 34.29999999999999716, 18.30000000000000071, -27.16999999999999815 ) ) ;
#196 = DIRECTION ( 'NONE',  ( 0.000000000000000000, 0.000000000000000000, -1.000000000000000000 ) ) ;
#197 = DIRECTION ( 'NONE',  ( 0.000000000000000000, 0.000000000000000000, -1.000000000000000000 ) ) ;
#198 = VECTOR ( 'NONE', #779, 1000.000000000000000 ) ;
#199 = DIRECTION ( 'NONE',  ( 0.000000000000000000, 0.000000000000000000, 1.000000000000000000 ) ) ;
#200 = AXIS2_PLACEMENT_3D ( 'NONE', #1205, #640, #836 ) ;
#201 = AXIS2_PLACEMENT_3D ( 'NONE', #1144, #1027, #26 ) ;
#202 = EDGE_LOOP ( 'NONE', ( #1034, #1404 ) ) ;
#203 = DIRECTION ( 'NONE',  ( 0.000000000000000000, 0.000000000000000000, -1.000000000000000000 ) ) ;
#204 = EDGE_CURVE ( 'NONE', #917, #29, #1070, .T. ) ;
#205 = CARTESIAN_POINT ( 'NONE',  ( -53.35000000000000142, 13.00000000000000000, -2.540000000000000036 ) ) ;
#206 = CARTESIAN_POINT ( 'NONE',  ( 34.29999999999999716, 18.30000000000000071, -26.66999999999999815 ) ) ;
#207 = VECTOR ( 'NONE', #563, 1000.000000000000000 ) ;
#208 = DIRECTION ( 'NONE',  ( 0.000000000000000000, 0.000000000000000000, -1.000000000000000000 ) ) ;
#209 = DIRECTION ( 'NONE',  ( 1.000000000000000000, 0.000000000000000000, -0.000000000000000000 ) ) ;
#210 = ORIENTED_EDGE ( 'NONE', *, *, #1198, .T. ) ;
#211 = PRESENTATION_STYLE_ASSIGNMENT (( #94 ) ) ;
#212 = EDGE_CURVE ( 'NONE', #677, #403, #873, .T. ) ;
#213 = CYLINDRICAL_SURFACE ( 'NONE', #65, 0.5000000000000004441 ) ;
#214 = SURFACE_SIDE_STYLE ('',( #670 ) ) ;
#215 = ORIENTED_EDGE ( 'NONE', *, *, #569, .T. ) ;
#216 = CARTESIAN_POINT ( 'NONE',  ( -59.50000000000000711, 13.00000000000000000, 31.55000000000000071 ) ) ;
#217 = ADVANCED_FACE ( 'NONE', ( #956 ), #1409, .T. ) ;
#218 = SHAPE_DEFINITION_REPRESENTATION ( #1395, #1145 ) ;
#219 = CIRCLE ( 'NONE', #504, 0.9999999999999974465 ) ;
#220 = EDGE_LOOP ( 'NONE', ( #1066, #1209, #794, #1130 ) ) ;
#221 = CARTESIAN_POINT ( 'NONE',  ( 53.35000000000000142, 18.30000000000000071, 16.78000000000000469 ) ) ;
#222 = CIRCLE ( 'NONE', #930, 0.5000000000000004441 ) ;
#223 = CIRCLE ( 'NONE', #33, 1.599999999999997202 ) ;
#224 = ORIENTED_EDGE ( 'NONE', *, *, #1229, .T. ) ;
#225 = AXIS2_PLACEMENT_3D ( 'NONE', #1075, #55, #965 ) ;
#226 = FACE_OUTER_BOUND ( 'NONE', #1090, .T. ) ;
#227 = EDGE_LOOP ( 'NONE', ( #582, #559, #671, #215 ) ) ;
#228 = EDGE_CURVE ( 'NONE', #812, #1242, #1173, .T. ) ;
#229 = CARTESIAN_POINT ( 'NONE',  ( 53.35000000000000142, 18.30000000000000071, -17.78000000000000114 ) ) ;
#230 = ORIENTED_EDGE ( 'NONE', *, *, #852, .F. ) ;
#231 = VERTEX_POINT ( 'NONE', #325 ) ;
#232 = FACE_OUTER_BOUND ( 'NONE', #709, .T. ) ;
#233 = ORIENTED_EDGE ( 'NONE', *, *, #743, .F. ) ;
#234 = DIRECTION ( 'NONE',  ( 0.000000000000000000, 0.000000000000000000, -1.000000000000000000 ) ) ;
#235 = LINE ( 'NONE', #1247, #511 ) ;
#236 = EDGE_CURVE ( 'NONE', #1023, #1396, #425, .T. ) ;
#237 = ORIENTED_EDGE ( 'NONE', *, *, #1061, .F. ) ;
#238 = ORIENTED_EDGE ( 'NONE', *, *, #824, .F. ) ;
#239 = CARTESIAN_POINT ( 'NONE',  ( 53.35000000000000142, 18.30000000000000071, 18.77999999999999758 ) ) ;
#240 = CIRCLE ( 'NONE', #1314, 0.9999999999999974465 ) ;
#241 = DIRECTION ( 'NONE',  ( -0.000000000000000000, 1.000000000000000000, -0.000000000000000000 ) ) ;
#242 = EDGE_LOOP ( 'NONE', ( #1255, #37, #210, #693 ) ) ;
#243 = ORIENTED_EDGE ( 'NONE', *, *, #49, .F. ) ;
#244 = ORIENTED_EDGE ( 'NONE', *, *, #1122, .F. ) ;
#245 = EDGE_CURVE ( 'NONE', #109, #152, #299, .T. ) ;
#246 = EDGE_CURVE ( 'NONE', #341, #940, #1150, .T. ) ;
#247 = AXIS2_PLACEMENT_3D ( 'NONE', #746, #629, #400 ) ;
#248 = DIRECTION ( 'NONE',  ( -0.000000000000000000, 1.000000000000000000, -0.000000000000000000 ) ) ;
#249 = EDGE_LOOP ( 'NONE', ( #592, #823, #1456, #469 ) ) ;
#250 = ORIENTED_EDGE ( 'NONE', *, *, #1022, .F. ) ;
#251 = VERTEX_POINT ( 'NONE', #1001 ) ;
#252 = CARTESIAN_POINT ( 'NONE',  ( -53.35000000000000142, 0.000000000000000000, 25.39999999999999858 ) ) ;
#253 = ORIENTED_EDGE ( 'NONE', *, *, #641, .F. ) ;
#254 = EDGE_LOOP ( 'NONE', ( #1116, #1426, #1146, #1356 ) ) ;
#255 = CYLINDRICAL_SURFACE ( 'NONE', #961, 1.599999999999997202 ) ;
#256 = CARTESIAN_POINT ( 'NONE',  ( -53.35000000000000142, 18.30000000000000071, -1.540000000000002034 ) ) ;
#257 = AXIS2_PLACEMENT_3D ( 'NONE', #1021, #1151, #492 ) ;
#258 = CARTESIAN_POINT ( 'NONE',  ( 26.67999999999999972, 18.30000000000000071, -26.66999999999999815 ) ) ;
#259 = EDGE_CURVE ( 'NONE', #799, #29, #911, .T. ) ;
#260 = DIRECTION ( 'NONE',  ( 0.000000000000000000, 0.000000000000000000, -1.000000000000000000 ) ) ;
#261 = ORIENTED_EDGE ( 'NONE', *, *, #501, .F. ) ;
#262 = ORIENTED_EDGE ( 'NONE', *, *, #747, .F. ) ;
#263 = DIRECTION ( 'NONE',  ( 0.000000000000000000, 0.000000000000000000, 1.000000000000000000 ) ) ;
#264 = DIRECTION ( 'NONE',  ( 0.000000000000000000, -0.000000000000000000, 1.000000000000000000 ) ) ;
#265 = CIRCLE ( 'NONE', #959, 0.9999999999999978906 ) ;
#266 = AXIS2_PLACEMENT_3D ( 'NONE', #727, #1074, #1178 ) ;
#267 = CYLINDRICAL_SURFACE ( 'NONE', #120, 0.9999999999999974465 ) ;
#268 = DIRECTION ( 'NONE',  ( 0.000000000000000000, 0.000000000000000000, 1.000000000000000000 ) ) ;
#269 = AXIS2_PLACEMENT_3D ( 'NONE', #840, #748, #42 ) ;
#270 = DIRECTION ( 'NONE',  ( 0.000000000000000000, 1.000000000000000000, 0.000000000000000000 ) ) ;
#271 = ORIENTED_EDGE ( 'NONE', *, *, #898, .T. ) ;
#272 = ORIENTED_EDGE ( 'NONE', *, *, #335, .T. ) ;
#273 = DIRECTION ( 'NONE',  ( 0.000000000000000000, 0.000000000000000000, 1.000000000000000000 ) ) ;
#274 = PRESENTATION_LAYER_ASSIGNMENT (  '', '', ( #1299 ) ) ;
#275 = LINE ( 'NONE', #397, #192 ) ;
#276 = LINE ( 'NONE', #1196, #307 ) ;
#277 = EDGE_CURVE ( 'NONE', #152, #384, #265, .T. ) ;
#278 = DIRECTION ( 'NONE',  ( 0.000000000000000000, 1.000000000000000000, 0.000000000000000000 ) ) ;
#279 = DIRECTION ( 'NONE',  ( 0.000000000000000000, 1.000000000000000000, 0.000000000000000000 ) ) ;
#280 = ORIENTED_EDGE ( 'NONE', *, *, #246, .F. ) ;
#281 = DIRECTION ( 'NONE',  ( 0.000000000000000000, 0.000000000000000000, 1.000000000000000000 ) ) ;
#282 = DIRECTION ( 'NONE',  ( -0.000000000000000000, -1.000000000000000000, -0.000000000000000000 ) ) ;
#283 = CARTESIAN_POINT ( 'NONE',  ( 53.35000000000000142, 13.00000000000000000, -16.78000000000000469 ) ) ;
#284 = PLANE ( 'NONE',  #1059 ) ;
#285 = CARTESIAN_POINT ( 'NONE',  ( 22.87000000000000099, 13.00000000000000000, -26.16999999999999815 ) ) ;
#286 = VERTEX_POINT ( 'NONE', #1453 ) ;
#287 = DIRECTION ( 'NONE',  ( 0.000000000000000000, 1.000000000000000000, 0.000000000000000000 ) ) ;
#288 = STYLED_ITEM ( 'NONE', ( #1121 ), #1089 ) ;
#289 = DIRECTION ( 'NONE',  ( 0.000000000000000000, 0.000000000000000000, 1.000000000000000000 ) ) ;
#290 = AXIS2_PLACEMENT_3D ( 'NONE', #1099, #765, #1333 ) ;
#291 = ADVANCED_FACE ( 'NONE', ( #1323 ), #761, .T. ) ;
#292 = AXIS2_PLACEMENT_3D ( 'NONE', #375, #716, #141 ) ;
#293 = DIRECTION ( 'NONE',  ( 0.000000000000000000, 1.000000000000000000, 0.000000000000000000 ) ) ;
#294 = DIRECTION ( 'NONE',  ( -1.000000000000000000, 0.000000000000000000, -0.000000000000000000 ) ) ;
#295 = EDGE_LOOP ( 'NONE', ( #43, #340, #710, #1389 ) ) ;
#296 = LINE ( 'NONE', #783, #680 ) ;
#297 = DIRECTION ( 'NONE',  ( -0.000000000000000000, -0.000000000000000000, 1.000000000000000000 ) ) ;
#298 = DIRECTION ( 'NONE',  ( -0.000000000000000000, 1.000000000000000000, -0.000000000000000000 ) ) ;
#299 = LINE ( 'NONE', #1212, #198 ) ;
#300 = COLOUR_RGB ( '',0.2980392156862745057, 0.2980392156862745057, 0.2980392156862745057 ) ;
#301 = FACE_OUTER_BOUND ( 'NONE', #758, .T. ) ;
#302 = ORIENTED_EDGE ( 'NONE', *, *, #1349, .F. ) ;
#303 = CARTESIAN_POINT ( 'NONE',  ( 26.67999999999999972, 18.30000000000000071, -26.66999999999999815 ) ) ;
#304 = DIRECTION ( 'NONE',  ( 0.000000000000000000, 0.000000000000000000, -1.000000000000000000 ) ) ;
#305 = FACE_OUTER_BOUND ( 'NONE', #24, .T. ) ;
#306 = PLANE ( 'NONE',  #957 ) ;
#307 = VECTOR ( 'NONE', #1428, 1000.000000000000000 ) ;
#308 =( NAMED_UNIT ( * ) PLANE_ANGLE_UNIT ( ) SI_UNIT ( $, .RADIAN. ) );
#309 = ORIENTED_EDGE ( 'NONE', *, *, #212, .F. ) ;
#310 = FACE_OUTER_BOUND ( 'NONE', #516, .T. ) ;
#311 = ADVANCED_FACE ( 'NONE', ( #1228 ), #1101, .T. ) ;
#312 = CYLINDRICAL_SURFACE ( 'NONE', #90, 0.5000000000000004441 ) ;
#313 = CARTESIAN_POINT ( 'NONE',  ( 0.000000000000000000, 0.000000000000000000, 0.000000000000000000 ) ) ;
#314 = STYLED_ITEM ( 'NONE', ( #880 ), #987 ) ;
#315 = DIRECTION ( 'NONE',  ( 0.000000000000000000, 0.000000000000000000, -1.000000000000000000 ) ) ;
#316 = AXIS2_PLACEMENT_3D ( 'NONE', #1298, #278, #391 ) ;
#317 = FILL_AREA_STYLE ('',( #757 ) ) ;
#318 = EDGE_CURVE ( 'NONE', #251, #1103, #1336, .T. ) ;
#319 = VECTOR ( 'NONE', #248, 1000.000000000000000 ) ;
#320 = EDGE_LOOP ( 'NONE', ( #701, #224 ) ) ;
#321 = DIRECTION ( 'NONE',  ( 0.000000000000000000, 0.000000000000000000, 1.000000000000000000 ) ) ;
#322 = AXIS2_PLACEMENT_3D ( 'NONE', #180, #963, #1277 ) ;
#323 = DIRECTION ( 'NONE',  ( 0.000000000000000000, 1.000000000000000000, 0.000000000000000000 ) ) ;
#324 = DIRECTION ( 'NONE',  ( 0.000000000000000000, -1.000000000000000000, 0.000000000000000000 ) ) ;
#325 = CARTESIAN_POINT ( 'NONE',  ( -59.50000000000000711, 13.00000000000000000, 31.55000000000000071 ) ) ;
#326 = PRESENTATION_LAYER_ASSIGNMENT (  '', '', ( #733 ) ) ;
#327 =( NAMED_UNIT ( * ) SI_UNIT ( $, .STERADIAN. ) SOLID_ANGLE_UNIT ( ) );
#328 = ORIENTED_EDGE ( 'NONE', *, *, #533, .T. ) ;
#329 = PLANE ( 'NONE',  #1406 ) ;
#330 = DIRECTION ( 'NONE',  ( 1.000000000000000000, 0.000000000000000000, 0.000000000000000000 ) ) ;
#331 = DIRECTION ( 'NONE',  ( 0.000000000000000000, 0.000000000000000000, -1.000000000000000000 ) ) ;
#332 = ORIENTED_EDGE ( 'NONE', *, *, #382, .F. ) ;
#333 = CARTESIAN_POINT ( 'NONE',  ( -53.35000000000000142, 13.00000000000000000, 26.99999999999999645 ) ) ;
#334 = CIRCLE ( 'NONE', #815, 0.5000000000000004441 ) ;
#335 = EDGE_CURVE ( 'NONE', #420, #933, #587, .T. ) ;
#336 = DIRECTION ( 'NONE',  ( -0.000000000000000000, 1.000000000000000000, -0.000000000000000000 ) ) ;
#337 = EDGE_LOOP ( 'NONE', ( #462, #1269 ) ) ;
#338 = CARTESIAN_POINT ( 'NONE',  ( -53.35000000000000142, 0.000000000000000000, -23.80000000000000071 ) ) ;
#339 = AXIS2_PLACEMENT_3D ( 'NONE', #359, #819, #1174 ) ;
#340 = ORIENTED_EDGE ( 'NONE', *, *, #1253, .T. ) ;
#341 = VERTEX_POINT ( 'NONE', #89 ) ;
#342 = EDGE_CURVE ( 'NONE', #907, #1164, #540, .T. ) ;
#343 = CARTESIAN_POINT ( 'NONE',  ( 34.29999999999999716, 18.30000000000000071, -26.66999999999999815 ) ) ;
#344 = EDGE_LOOP ( 'NONE', ( #151, #357 ) ) ;
#345 = CARTESIAN_POINT ( 'NONE',  ( -53.35000000000000142, 18.30000000000000071, -2.540000000000000036 ) ) ;
#346 = AXIS2_PLACEMENT_3D ( 'NONE', #536, #981, #188 ) ;
#347 = PLANE ( 'NONE',  #707 ) ;
#348 = ORIENTED_EDGE ( 'NONE', *, *, #1422, .F. ) ;
#349 = ORIENTED_EDGE ( 'NONE', *, *, #95, .T. ) ;
#350 = UNCERTAINTY_MEASURE_WITH_UNIT (LENGTH_MEASURE( 1.000000000000000082E-05 ), #937, 'distance_accuracy_value', 'NONE');
#351 = CARTESIAN_POINT ( 'NONE',  ( 59.50000000000000711, 13.00000000000000000, 31.55000000000000071 ) ) ;
#352 = DIRECTION ( 'NONE',  ( -0.000000000000000000, 1.000000000000000000, -0.000000000000000000 ) ) ;
#353 = EDGE_CURVE ( 'NONE', #1023, #907, #1344, .T. ) ;
#354 = DIRECTION ( 'NONE',  ( -0.000000000000000000, -1.000000000000000000, -0.000000000000000000 ) ) ;
#355 = ORIENTED_EDGE ( 'NONE', *, *, #700, .T. ) ;
#356 = EDGE_CURVE ( 'NONE', #1271, #976, #660, .T. ) ;
#357 = ORIENTED_EDGE ( 'NONE', *, *, #1022, .T. ) ;
#358 = AXIS2_PLACEMENT_3D ( 'NONE', #654, #888, #1230 ) ;
#359 = CARTESIAN_POINT ( 'NONE',  ( 53.35000000000000142, 13.00000000000000000, 17.78000000000000114 ) ) ;
#360 = ADVANCED_FACE ( 'NONE', ( #305 ), #551, .T. ) ;
#361 = ORIENTED_EDGE ( 'NONE', *, *, #424, .F. ) ;
#362 = VECTOR ( 'NONE', #411, 1000.000000000000000 ) ;
#363 = ORIENTED_EDGE ( 'NONE', *, *, #515, .F. ) ;
#364 = ORIENTED_EDGE ( 'NONE', *, *, #447, .F. ) ;
#365 = VECTOR ( 'NONE', #974, 1000.000000000000000 ) ;
#366 = EDGE_CURVE ( 'NONE', #1164, #453, #1006, .T. ) ;
#367 = DIRECTION ( 'NONE',  ( 0.000000000000000000, 1.000000000000000000, 0.000000000000000000 ) ) ;
#368 = CIRCLE ( 'NONE', #346, 1.599999999999997202 ) ;
#369 = ORIENTED_EDGE ( 'NONE', *, *, #1199, .F. ) ;
#370 = EDGE_LOOP ( 'NONE', ( #1185, #427, #1383, #1202 ) ) ;
#371 = CARTESIAN_POINT ( 'NONE',  ( -53.35000000000000142, 18.30000000000000071, 11.92999999999999794 ) ) ;
#372 = ORIENTED_EDGE ( 'NONE', *, *, #792, .T. ) ;
#373 = DIRECTION ( 'NONE',  ( 0.000000000000000000, 1.000000000000000000, 0.000000000000000000 ) ) ;
#374 = ADVANCED_FACE ( 'NONE', ( #883 ), #1449, .T. ) ;
#375 = CARTESIAN_POINT ( 'NONE',  ( -53.35000000000000142, 13.00000000000000000, 7.620000000000000107 ) ) ;
#376 = ORIENTED_EDGE ( 'NONE', *, *, #470, .F. ) ;
#377 = EDGE_LOOP ( 'NONE', ( #918, #31, #1163, #843 ) ) ;
#378 = CARTESIAN_POINT ( 'NONE',  ( 30.48999999999999844, 13.00000000000000000, -26.66999999999999815 ) ) ;
#379 = DIRECTION ( 'NONE',  ( 0.000000000000000000, 0.000000000000000000, 1.000000000000000000 ) ) ;
#380 = CIRCLE ( 'NONE', #833, 0.5000000000000004441 ) ;
#381 = DIRECTION ( 'NONE',  ( -0.000000000000000000, 1.000000000000000000, -0.000000000000000000 ) ) ;
#382 = EDGE_CURVE ( 'NONE', #917, #960, #222, .T. ) ;
#383 = DIRECTION ( 'NONE',  ( -0.000000000000000000, -1.000000000000000000, -0.000000000000000000 ) ) ;
#384 = VERTEX_POINT ( 'NONE', #77 ) ;
#385 = ORIENTED_EDGE ( 'NONE', *, *, #106, .F. ) ;
#386 = CARTESIAN_POINT ( 'NONE',  ( -53.35000000000000142, 18.30000000000000071, -2.540000000000000036 ) ) ;
#387 = CYLINDRICAL_SURFACE ( 'NONE', #119, 0.5000000000000004441 ) ;
#388 = AXIS2_PLACEMENT_3D ( 'NONE', #1438, #431, #1329 ) ;
#389 = VECTOR ( 'NONE', #1169, 1000.000000000000000 ) ;
#390 = FACE_OUTER_BOUND ( 'NONE', #242, .T. ) ;
#391 = DIRECTION ( 'NONE',  ( 0.000000000000000000, 0.000000000000000000, 1.000000000000000000 ) ) ;
#392 = VECTOR ( 'NONE', #604, 1000.000000000000000 ) ;
#393 = DIRECTION ( 'NONE',  ( -0.000000000000000000, -1.000000000000000000, -0.000000000000000000 ) ) ;
#394 = ORIENTED_EDGE ( 'NONE', *, *, #802, .T. ) ;
#395 = DIRECTION ( 'NONE',  ( 0.000000000000000000, 1.000000000000000000, 0.000000000000000000 ) ) ;
#396 = CIRCLE ( 'NONE', #1231, 0.5000000000000004441 ) ;
#397 = CARTESIAN_POINT ( 'NONE',  ( -53.35000000000000142, 18.30000000000000071, -13.69999999999999751 ) ) ;
#398 = UNCERTAINTY_MEASURE_WITH_UNIT (LENGTH_MEASURE( 1.000000000000000082E-05 ), #523, 'distance_accuracy_value', 'NONE');
#399 = FACE_OUTER_BOUND ( 'NONE', #647, .T. ) ;
#400 = DIRECTION ( 'NONE',  ( 0.000000000000000000, 0.000000000000000000, -1.000000000000000000 ) ) ;
#401 = DIRECTION ( 'NONE',  ( 0.000000000000000000, 1.000000000000000000, 0.000000000000000000 ) ) ;
#402 = ADVANCED_FACE ( 'NONE', ( #1320 ), #87, .T. ) ;
#403 = VERTEX_POINT ( 'NONE', #1326 ) ;
#404 = CARTESIAN_POINT ( 'NONE',  ( 22.87000000000000099, 18.30000000000000071, -26.16999999999999815 ) ) ;
#405 = ADVANCED_FACE ( 'NONE', ( #310 ), #867, .F. ) ;
#406 = SURFACE_STYLE_USAGE ( .BOTH. , #1421 ) ;
#407 = CARTESIAN_POINT ( 'NONE',  ( -53.35000000000000142, 18.30000000000000071, -3.539999999999997815 ) ) ;
#408 = CARTESIAN_POINT ( 'NONE',  ( 22.87000000000000099, 18.30000000000000071, -27.16999999999999815 ) ) ;
#409 = DIRECTION ( 'NONE',  ( 0.000000000000000000, 0.000000000000000000, 1.000000000000000000 ) ) ;
#410 = ORIENTED_EDGE ( 'NONE', *, *, #246, .T. ) ;
#411 = DIRECTION ( 'NONE',  ( -1.000000000000000000, -0.000000000000000000, -0.000000000000000000 ) ) ;
#412 = UNCERTAINTY_MEASURE_WITH_UNIT (LENGTH_MEASURE( 1.000000000000000082E-05 ), #442, 'distance_accuracy_value', 'NONE');
#413 = SURFACE_SIDE_STYLE ('',( #69 ) ) ;
#414 = DIRECTION ( 'NONE',  ( -0.000000000000000000, -1.000000000000000000, -0.000000000000000000 ) ) ;
#415 = DIRECTION ( 'NONE',  ( 0.000000000000000000, 1.000000000000000000, 0.000000000000000000 ) ) ;
#416 = CIRCLE ( 'NONE', #565, 0.9999999999999974465 ) ;
#417 = AXIS2_PLACEMENT_3D ( 'NONE', #732, #293, #756 ) ;
#418 = CARTESIAN_POINT ( 'NONE',  ( 53.35000000000000142, 13.00000000000000000, -17.78000000000000114 ) ) ;
#419 = FILL_AREA_STYLE_COLOUR ( '', #172 ) ;
#420 = VERTEX_POINT ( 'NONE', #187 ) ;
#421 = DIRECTION ( 'NONE',  ( 0.000000000000000000, 1.000000000000000000, 0.000000000000000000 ) ) ;
#422 = DIRECTION ( 'NONE',  ( 0.000000000000000000, 0.000000000000000000, -1.000000000000000000 ) ) ;
#423 = FACE_BOUND ( 'NONE', #773, .T. ) ;
#424 = EDGE_CURVE ( 'NONE', #939, #453, #296, .T. ) ;
#425 = LINE ( 'NONE', #886, #1359 ) ;
#426 = FILL_AREA_STYLE ('',( #1439 ) ) ;
#427 = ORIENTED_EDGE ( 'NONE', *, *, #946, .F. ) ;
#428 = CARTESIAN_POINT ( 'NONE',  ( 26.67999999999999972, 13.00000000000000000, -27.16999999999999815 ) ) ;
#429 = FILL_AREA_STYLE_COLOUR ( '', #969 ) ;
#430 = CARTESIAN_POINT ( 'NONE',  ( 30.48999999999999844, 18.30000000000000071, -27.16999999999999815 ) ) ;
#431 = DIRECTION ( 'NONE',  ( -0.000000000000000000, 1.000000000000000000, -0.000000000000000000 ) ) ;
#432 = ADVANCED_FACE ( 'NONE', ( #68 ), #977, .T. ) ;
#433 = AXIS2_PLACEMENT_3D ( 'NONE', #689, #814, #586 ) ;
#434 = DIRECTION ( 'NONE',  ( 0.000000000000000000, 1.000000000000000000, 0.000000000000000000 ) ) ;
#435 = VERTEX_POINT ( 'NONE', #648 ) ;
#436 = CYLINDRICAL_SURFACE ( 'NONE', #1384, 1.599999999999997202 ) ;
#437 = EDGE_CURVE ( 'NONE', #112, #109, #104, .T. ) ;
#438 = DIRECTION ( 'NONE',  ( 0.000000000000000000, 1.000000000000000000, 0.000000000000000000 ) ) ;
#439 = AXIS2_PLACEMENT_3D ( 'NONE', #571, #1350, #208 ) ;
#440 = DIRECTION ( 'NONE',  ( -0.000000000000000000, -1.000000000000000000, -0.000000000000000000 ) ) ;
#441 = EDGE_LOOP ( 'NONE', ( #810, #1149, #803, #1044 ) ) ;
#442 =( LENGTH_UNIT ( ) NAMED_UNIT ( * ) SI_UNIT ( .MILLI., .METRE. ) );
#443 = AXIS2_PLACEMENT_3D ( 'NONE', #144, #61, #171 ) ;
#444 = PRODUCT_DEFINITION_FORMATION_WITH_SPECIFIED_SOURCE ( '任何', '', #1304, .NOT_KNOWN. ) ;
#445 = VERTEX_POINT ( 'NONE', #428 ) ;
#446 = CARTESIAN_POINT ( 'NONE',  ( 53.35000000000000142, 13.00000000000000000, 25.40000000000000213 ) ) ;
#447 = EDGE_CURVE ( 'NONE', #161, #933, #1217, .T. ) ;
#448 = CARTESIAN_POINT ( 'NONE',  ( -53.35000000000000142, 18.30000000000000071, 11.42999999999999972 ) ) ;
#449 = EDGE_LOOP ( 'NONE', ( #1056, #1325 ) ) ;
#450 = CYLINDRICAL_SURFACE ( 'NONE', #1281, 1.599999999999997202 ) ;
#451 = AXIS2_PLACEMENT_3D ( 'NONE', #943, #953, #379 ) ;
#452 = CIRCLE ( 'NONE', #1424, 1.599999999999997202 ) ;
#453 = VERTEX_POINT ( 'NONE', #657 ) ;
#454 = CARTESIAN_POINT ( 'NONE',  ( 53.35000000000000142, 18.30000000000000071, -17.78000000000000114 ) ) ;
#455 = ORIENTED_EDGE ( 'NONE', *, *, #1392, .F. ) ;
#456 = CYLINDRICAL_SURFACE ( 'NONE', #167, 0.9999999999999974465 ) ;
#457 = AXIS2_PLACEMENT_3D ( 'NONE', #983, #440, #197 ) ;
#458 = CARTESIAN_POINT ( 'NONE',  ( -53.35000000000000142, 0.000000000000000000, 25.39999999999999858 ) ) ;
#459 = AXIS2_PLACEMENT_3D ( 'NONE', #1390, #1413, #263 ) ;
#460 = CIRCLE ( 'NONE', #610, 0.5000000000000004441 ) ;
#461 = ORIENTED_EDGE ( 'NONE', *, *, #95, .F. ) ;
#462 = ORIENTED_EDGE ( 'NONE', *, *, #514, .F. ) ;
#463 = ADVANCED_FACE ( 'NONE', ( #1105 ), #436, .F. ) ;
#464 = FACE_OUTER_BOUND ( 'NONE', #922, .T. ) ;
#465 = DIRECTION ( 'NONE',  ( 0.000000000000000000, 0.000000000000000000, 1.000000000000000000 ) ) ;
#466 = VECTOR ( 'NONE', #658, 1000.000000000000000 ) ;
#467 = LINE ( 'NONE', #920, #992 ) ;
#468 = EDGE_LOOP ( 'NONE', ( #1361, #638 ) ) ;
#469 = ORIENTED_EDGE ( 'NONE', *, *, #926, .T. ) ;
#470 = EDGE_CURVE ( 'NONE', #139, #854, #416, .T. ) ;
#471 = LINE ( 'NONE', #923, #1318 ) ;
#472 = VERTEX_POINT ( 'NONE', #489 ) ;
#473 = EDGE_LOOP ( 'NONE', ( #1045, #585, #1441, #1339 ) ) ;
#474 = VERTEX_POINT ( 'NONE', #44 ) ;
#475 = EDGE_CURVE ( 'NONE', #566, #445, #752, .T. ) ;
#476 =( GEOMETRIC_REPRESENTATION_CONTEXT ( 3 ) GLOBAL_UNCERTAINTY_ASSIGNED_CONTEXT ( ( #398 ) ) GLOBAL_UNIT_ASSIGNED_CONTEXT ( ( #523, #74, #1338 ) ) REPRESENTATION_CONTEXT ( 'NONE', 'WORKASPACE' ) );
#477 = CARTESIAN_POINT ( 'NONE',  ( 53.35000000000000142, 0.000000000000000000, 23.80000000000000426 ) ) ;
#478 = VERTEX_POINT ( 'NONE', #846 ) ;
#479 = ORIENTED_EDGE ( 'NONE', *, *, #356, .T. ) ;
#480 = DIRECTION ( 'NONE',  ( -0.000000000000000000, 1.000000000000000000, -0.000000000000000000 ) ) ;
#481 = AXIS2_PLACEMENT_3D ( 'NONE', #1411, #630, #1402 ) ;
#482 = LINE ( 'NONE', #1391, #832 ) ;
#483 = UNCERTAINTY_MEASURE_WITH_UNIT (LENGTH_MEASURE( 1.000000000000000082E-05 ), #1446, 'distance_accuracy_value', 'NONE');
#484 = CARTESIAN_POINT ( 'NONE',  ( -53.35000000000000142, 13.00000000000000000, -1.540000000000002034 ) ) ;
#485 = CIRCLE ( 'NONE', #685, 1.599999999999997202 ) ;
#486 = CYLINDRICAL_SURFACE ( 'NONE', #1292, 0.9999999999999974465 ) ;
#487 = VERTEX_POINT ( 'NONE', #632 ) ;
#488 = ORIENTED_EDGE ( 'NONE', *, *, #1315, .T. ) ;
#489 = CARTESIAN_POINT ( 'NONE',  ( 38.10999999999999943, 13.00000000000000000, -26.17000000000000171 ) ) ;
#490 = PRODUCT_RELATED_PRODUCT_CATEGORY ( 'part', '', ( #1304 ) ) ;
#491 = CARTESIAN_POINT ( 'NONE',  ( 22.87000000000000099, 13.00000000000000000, -27.16999999999999815 ) ) ;
#492 = DIRECTION ( 'NONE',  ( 0.000000000000000000, 0.000000000000000000, 1.000000000000000000 ) ) ;
#493 = SURFACE_STYLE_FILL_AREA ( #967 ) ;
#494 = CARTESIAN_POINT ( 'NONE',  ( 53.35000000000000142, 13.00000000000000000, 16.78000000000000469 ) ) ;
#495 = EDGE_LOOP ( 'NONE', ( #328, #741, #921, #21 ) ) ;
#496 = ORIENTED_EDGE ( 'NONE', *, *, #342, .T. ) ;
#497 = DIRECTION ( 'NONE',  ( 0.000000000000000000, 0.000000000000000000, -1.000000000000000000 ) ) ;
#498 = DIRECTION ( 'NONE',  ( -0.000000000000000000, -1.000000000000000000, -0.000000000000000000 ) ) ;
#499 = CIRCLE ( 'NONE', #697, 1.599999999999997202 ) ;
#500 = CARTESIAN_POINT ( 'NONE',  ( -53.35000000000000142, 13.00000000000000000, 7.120000000000000995 ) ) ;
#501 = EDGE_CURVE ( 'NONE', #951, #20, #868, .T. ) ;
#502 = DIRECTION ( 'NONE',  ( -0.000000000000000000, -1.000000000000000000, -0.000000000000000000 ) ) ;
#503 = FACE_BOUND ( 'NONE', #1142, .T. ) ;
#504 = AXIS2_PLACEMENT_3D ( 'NONE', #454, #14, #1364 ) ;
#505 = VERTEX_POINT ( 'NONE', #935 ) ;
#506 = CYLINDRICAL_SURFACE ( 'NONE', #11, 0.9999999999999974465 ) ;
#507 = DIRECTION ( 'NONE',  ( 0.000000000000000000, 0.000000000000000000, 1.000000000000000000 ) ) ;
#508 = AXIS2_PLACEMENT_3D ( 'NONE', #768, #878, #71 ) ;
#509 =( LENGTH_UNIT ( ) NAMED_UNIT ( * ) SI_UNIT ( .MILLI., .METRE. ) );
#510 = DIRECTION ( 'NONE',  ( -0.000000000000000000, -1.000000000000000000, -0.000000000000000000 ) ) ;
#511 = VECTOR ( 'NONE', #1254, 1000.000000000000000 ) ;
#512 = EDGE_CURVE ( 'NONE', #20, #951, #990, .T. ) ;
#513 = FACE_BOUND ( 'NONE', #337, .T. ) ;
#514 = EDGE_CURVE ( 'NONE', #86, #735, #1087, .T. ) ;
#515 = EDGE_CURVE ( 'NONE', #606, #474, #1107, .T. ) ;
#516 = EDGE_LOOP ( 'NONE', ( #99, #1020, #1038, #244 ) ) ;
#517 = CARTESIAN_POINT ( 'NONE',  ( 53.35000000000000142, 0.000000000000000000, 25.40000000000000213 ) ) ;
#518 = VECTOR ( 'NONE', #297, 1000.000000000000000 ) ;
#519 = CARTESIAN_POINT ( 'NONE',  ( -53.35000000000000142, 13.00000000000000000, -13.69999999999999751 ) ) ;
#520 = CARTESIAN_POINT ( 'NONE',  ( -53.35000000000000142, 18.30000000000000071, -2.540000000000000036 ) ) ;
#521 = FACE_OUTER_BOUND ( 'NONE', #820, .T. ) ;
#522 = LINE ( 'NONE', #637, #684 ) ;
#523 =( LENGTH_UNIT ( ) NAMED_UNIT ( * ) SI_UNIT ( .MILLI., .METRE. ) );
#524 = ORIENTED_EDGE ( 'NONE', *, *, #18, .F. ) ;
#525 = DIRECTION ( 'NONE',  ( -0.000000000000000000, 1.000000000000000000, -0.000000000000000000 ) ) ;
#526 =( NAMED_UNIT ( * ) PLANE_ANGLE_UNIT ( ) SI_UNIT ( $, .RADIAN. ) );
#527 = CARTESIAN_POINT ( 'NONE',  ( -53.35000000000000142, 13.00000000000000000, -23.80000000000000071 ) ) ;
#528 = CARTESIAN_POINT ( 'NONE',  ( 22.87000000000000099, 13.00000000000000000, -26.66999999999999815 ) ) ;
#529 = AXIS2_PLACEMENT_3D ( 'NONE', #47, #1189, #1415 ) ;
#530 = CARTESIAN_POINT ( 'NONE',  ( 34.29999999999999716, 13.00000000000000000, -27.16999999999999815 ) ) ;
#531 = DIRECTION ( 'NONE',  ( 0.000000000000000000, 0.000000000000000000, 1.000000000000000000 ) ) ;
#532 = ORIENTED_EDGE ( 'NONE', *, *, #1301, .F. ) ;
#533 = EDGE_CURVE ( 'NONE', #1396, #1164, #1295, .T. ) ;
#534 = DIRECTION ( 'NONE',  ( -0.000000000000000000, 1.000000000000000000, -0.000000000000000000 ) ) ;
#535 = COLOUR_RGB ( '',1.000000000000000000, 1.000000000000000000, 1.000000000000000000 ) ;
#536 = CARTESIAN_POINT ( 'NONE',  ( 53.35000000000000142, 13.00000000000000000, 25.40000000000000213 ) ) ;
#537 = DIRECTION ( 'NONE',  ( 0.000000000000000000, 0.000000000000000000, 1.000000000000000000 ) ) ;
#538 = EDGE_CURVE ( 'NONE', #134, #988, #541, .T. ) ;
#539 = VECTOR ( 'NONE', #894, 1000.000000000000000 ) ;
#540 = LINE ( 'NONE', #872, #539 ) ;
#541 = CIRCLE ( 'NONE', #459, 1.599999999999997202 ) ;
#542 = CIRCLE ( 'NONE', #1385, 1.599999999999997202 ) ;
#543 = DIRECTION ( 'NONE',  ( 0.000000000000000000, 0.000000000000000000, -1.000000000000000000 ) ) ;
#544 = FACE_OUTER_BOUND ( 'NONE', #495, .T. ) ;
#545 = EDGE_LOOP ( 'NONE', ( #36, #1080 ) ) ;
#546 = CARTESIAN_POINT ( 'NONE',  ( -53.35000000000000142, 0.000000000000000000, 25.39999999999999858 ) ) ;
#547 = LINE ( 'NONE', #876, #466 ) ;
#548 = ADVANCED_FACE ( 'NONE', ( #1081 ), #255, .F. ) ;
#549 =( GEOMETRIC_REPRESENTATION_CONTEXT ( 3 ) GLOBAL_UNCERTAINTY_ASSIGNED_CONTEXT ( ( #156 ) ) GLOBAL_UNIT_ASSIGNED_CONTEXT ( ( #509, #786, #550 ) ) REPRESENTATION_CONTEXT ( 'NONE', 'WORKASPACE' ) );
#550 =( NAMED_UNIT ( * ) SI_UNIT ( $, .STERADIAN. ) SOLID_ANGLE_UNIT ( ) );
#551 = CYLINDRICAL_SURFACE ( 'NONE', #1317, 0.9999999999999974465 ) ;
#552 =( NAMED_UNIT ( * ) PLANE_ANGLE_UNIT ( ) SI_UNIT ( $, .RADIAN. ) );
#553 = EDGE_CURVE ( 'NONE', #109, #112, #1154, .T. ) ;
#554 = ORIENTED_EDGE ( 'NONE', *, *, #1261, .F. ) ;
#555 = DIRECTION ( 'NONE',  ( -0.000000000000000000, -1.000000000000000000, -0.000000000000000000 ) ) ;
#556 = FACE_OUTER_BOUND ( 'NONE', #1136, .T. ) ;
#557 = DIRECTION ( 'NONE',  ( 0.000000000000000000, -0.000000000000000000, 1.000000000000000000 ) ) ;
#558 = DIRECTION ( 'NONE',  ( 0.000000000000000000, 0.000000000000000000, -1.000000000000000000 ) ) ;
#559 = ORIENTED_EDGE ( 'NONE', *, *, #715, .F. ) ;
#560 = AXIS2_PLACEMENT_3D ( 'NONE', #1180, #1328, #1211 ) ;
#561 = DIRECTION ( 'NONE',  ( -0.000000000000000000, 1.000000000000000000, -0.000000000000000000 ) ) ;
#562 = CARTESIAN_POINT ( 'NONE',  ( 0.000000000000000000, 0.000000000000000000, 0.000000000000000000 ) ) ;
#563 = DIRECTION ( 'NONE',  ( -0.000000000000000000, -1.000000000000000000, -0.000000000000000000 ) ) ;
#564 = CIRCLE ( 'NONE', #125, 0.4999999999999987232 ) ;
#565 = AXIS2_PLACEMENT_3D ( 'NONE', #1233, #525, #828 ) ;
#566 = VERTEX_POINT ( 'NONE', #38 ) ;
#567 = DIRECTION ( 'NONE',  ( -0.000000000000000000, 1.000000000000000000, -0.000000000000000000 ) ) ;
#568 = CIRCLE ( 'NONE', #339, 0.9999999999999974465 ) ;
#569 = EDGE_CURVE ( 'NONE', #474, #606, #1225, .T. ) ;
#570 = COLOUR_RGB ( '',0.2980392156862745057, 0.2980392156862745057, 0.2980392156862745057 ) ;
#571 = CARTESIAN_POINT ( 'NONE',  ( 34.29999999999999716, 18.30000000000000071, -26.66999999999999815 ) ) ;
#572 = EDGE_LOOP ( 'NONE', ( #250, #1005, #1028, #712 ) ) ;
#573 = CARTESIAN_POINT ( 'NONE',  ( 26.67999999999999972, 18.30000000000000071, -26.66999999999999815 ) ) ;
#574 = ORIENTED_EDGE ( 'NONE', *, *, #512, .F. ) ;
#575 = DIRECTION ( 'NONE',  ( 0.000000000000000000, 0.000000000000000000, -1.000000000000000000 ) ) ;
#576 = VERTEX_POINT ( 'NONE', #154 ) ;
#577 = DIRECTION ( 'NONE',  ( 0.000000000000000000, 0.000000000000000000, -1.000000000000000000 ) ) ;
#578 = CIRCLE ( 'NONE', #717, 0.9999999999999974465 ) ;
#579 = MECHANICAL_DESIGN_GEOMETRIC_PRESENTATION_REPRESENTATION (  '', ( #887 ), #1192 ) ;
#580 = CARTESIAN_POINT ( 'NONE',  ( -53.35000000000000142, 13.00000000000000000, -26.99999999999999645 ) ) ;
#581 = ORIENTED_EDGE ( 'NONE', *, *, #1011, .F. ) ;
#582 = ORIENTED_EDGE ( 'NONE', *, *, #635, .F. ) ;
#583 = PRESENTATION_LAYER_ASSIGNMENT (  '', '', ( #288 ) ) ;
#584 = FACE_OUTER_BOUND ( 'NONE', #928, .T. ) ;
#585 = ORIENTED_EDGE ( 'NONE', *, *, #900, .F. ) ;
#586 = DIRECTION ( 'NONE',  ( 0.000000000000000000, 0.000000000000000000, 1.000000000000000000 ) ) ;
#587 = CIRCLE ( 'NONE', #778, 0.5000000000000004441 ) ;
#588 = DIRECTION ( 'NONE',  ( 0.000000000000000000, 1.000000000000000000, 0.000000000000000000 ) ) ;
#589 = VECTOR ( 'NONE', #1187, 1000.000000000000000 ) ;
#590 = COLOUR_RGB ( '',0.2980392156862745057, 0.2980392156862745057, 0.2980392156862745057 ) ;
#591 = ORIENTED_EDGE ( 'NONE', *, *, #910, .F. ) ;
#592 = ORIENTED_EDGE ( 'NONE', *, *, #353, .T. ) ;
#593 = EDGE_CURVE ( 'NONE', #677, #478, #941, .T. ) ;
#594 = VECTOR ( 'NONE', #1093, 1000.000000000000000 ) ;
#595 = CARTESIAN_POINT ( 'NONE',  ( 38.10999999999999943, 18.30000000000000071, -26.67000000000000171 ) ) ;
#596 = ORIENTED_EDGE ( 'NONE', *, *, #593, .F. ) ;
#597 = ORIENTED_EDGE ( 'NONE', *, *, #100, .F. ) ;
#598 = EDGE_LOOP ( 'NONE', ( #1463, #376 ) ) ;
#599 = CYLINDRICAL_SURFACE ( 'NONE', #915, 1.599999999999997202 ) ;
#600 = ORIENTED_EDGE ( 'NONE', *, *, #1363, .T. ) ;
#601 = ORIENTED_EDGE ( 'NONE', *, *, #277, .T. ) ;
#602 = ORIENTED_EDGE ( 'NONE', *, *, #1330, .T. ) ;
#603 = MECHANICAL_DESIGN_GEOMETRIC_PRESENTATION_REPRESENTATION (  '', ( #986 ), #1171 ) ;
#604 = DIRECTION ( 'NONE',  ( -0.000000000000000000, -0.000000000000000000, 1.000000000000000000 ) ) ;
#605 = EDGE_CURVE ( 'NONE', #960, #799, #618, .T. ) ;
#606 = VERTEX_POINT ( 'NONE', #1303 ) ;
#607 = AXIS2_PLACEMENT_3D ( 'NONE', #875, #421, #759 ) ;
#608 = VERTEX_POINT ( 'NONE', #1420 ) ;
#609 = DIRECTION ( 'NONE',  ( -0.000000000000000000, -1.000000000000000000, -0.000000000000000000 ) ) ;
#610 = AXIS2_PLACEMENT_3D ( 'NONE', #177, #270, #169 ) ;
#611 = CARTESIAN_POINT ( 'NONE',  ( 38.10999999999999943, 18.30000000000000071, -26.17000000000000171 ) ) ;
#612 = DIRECTION ( 'NONE',  ( -0.000000000000000000, 1.000000000000000000, -0.000000000000000000 ) ) ;
#613 = DIRECTION ( 'NONE',  ( 0.000000000000000000, 0.000000000000000000, 1.000000000000000000 ) ) ;
#614 = DIRECTION ( 'NONE',  ( 0.000000000000000000, 0.000000000000000000, -1.000000000000000000 ) ) ;
#615 = ORIENTED_EDGE ( 'NONE', *, *, #335, .F. ) ;
#616 = ORIENTED_EDGE ( 'NONE', *, *, #168, .T. ) ;
#617 = ADVANCED_FACE ( 'NONE', ( #162 ), #860, .T. ) ;
#618 = LINE ( 'NONE', #404, #589 ) ;
#619 = CARTESIAN_POINT ( 'NONE',  ( -59.50000000000000711, 0.000000000000000000, 31.55000000000000071 ) ) ;
#620 = DIRECTION ( 'NONE',  ( -0.000000000000000000, -1.000000000000000000, -0.000000000000000000 ) ) ;
#621 = DIRECTION ( 'NONE',  ( -0.000000000000000000, -1.000000000000000000, -0.000000000000000000 ) ) ;
#622 = FACE_BOUND ( 'NONE', #804, .T. ) ;
#623 = ORIENTED_EDGE ( 'NONE', *, *, #626, .T. ) ;
#624 = LINE ( 'NONE', #1058, #780 ) ;
#625 = CARTESIAN_POINT ( 'NONE',  ( -53.35000000000000142, 18.30000000000000071, -3.539999999999997815 ) ) ;
#626 = EDGE_CURVE ( 'NONE', #505, #834, #1092, .T. ) ;
#627 = CIRCLE ( 'NONE', #978, 0.5000000000000004441 ) ;
#628 = CYLINDRICAL_SURFACE ( 'NONE', #560, 0.5000000000000004441 ) ;
#629 = DIRECTION ( 'NONE',  ( -0.000000000000000000, -1.000000000000000000, -0.000000000000000000 ) ) ;
#630 = DIRECTION ( 'NONE',  ( 0.000000000000000000, 1.000000000000000000, 0.000000000000000000 ) ) ;
#631 = EDGE_LOOP ( 'NONE', ( #1381, #1371 ) ) ;
#632 = CARTESIAN_POINT ( 'NONE',  ( 26.67999999999999972, 18.30000000000000071, -27.16999999999999815 ) ) ;
#633 = DIRECTION ( 'NONE',  ( 0.000000000000000000, 1.000000000000000000, 0.000000000000000000 ) ) ;
#634 = DIRECTION ( 'NONE',  ( 0.000000000000000000, 0.000000000000000000, 1.000000000000000000 ) ) ;
#635 = EDGE_CURVE ( 'NONE', #686, #606, #624, .T. ) ;
#636 = FILL_AREA_STYLE_COLOUR ( '', #570 ) ;
#637 = CARTESIAN_POINT ( 'NONE',  ( -53.35000000000000142, 18.30000000000000071, -11.70000000000000284 ) ) ;
#638 = ORIENTED_EDGE ( 'NONE', *, *, #75, .T. ) ;
#639 = ORIENTED_EDGE ( 'NONE', *, *, #1161, .T. ) ;
#640 = DIRECTION ( 'NONE',  ( -0.000000000000000000, -1.000000000000000000, -0.000000000000000000 ) ) ;
#641 = EDGE_CURVE ( 'NONE', #505, #576, #966, .T. ) ;
#642 = AXIS2_PLACEMENT_3D ( 'NONE', #1435, #1348, #422 ) ;
#643 =( LENGTH_UNIT ( ) NAMED_UNIT ( * ) SI_UNIT ( .MILLI., .METRE. ) );
#644 = CARTESIAN_POINT ( 'NONE',  ( 34.29999999999999716, 18.30000000000000071, -26.66999999999999815 ) ) ;
#645 = FACE_OUTER_BOUND ( 'NONE', #27, .T. ) ;
#646 = FACE_OUTER_BOUND ( 'NONE', #545, .T. ) ;
#647 = EDGE_LOOP ( 'NONE', ( #15, #243, #1223, #1049 ) ) ;
#648 = CARTESIAN_POINT ( 'NONE',  ( 53.35000000000000142, 13.00000000000000000, 27.00000000000000000 ) ) ;
#649 = ADVANCED_FACE ( 'NONE', ( #53 ), #506, .T. ) ;
#650 = CARTESIAN_POINT ( 'NONE',  ( 26.67999999999999972, 18.30000000000000071, -26.66999999999999815 ) ) ;
#651 = FACE_OUTER_BOUND ( 'NONE', #1158, .T. ) ;
#652 = DIRECTION ( 'NONE',  ( -0.000000000000000000, 1.000000000000000000, -0.000000000000000000 ) ) ;
#653 = VECTOR ( 'NONE', #620, 1000.000000000000000 ) ;
#654 = CARTESIAN_POINT ( 'NONE',  ( 53.35000000000000142, 18.30000000000000071, -17.78000000000000114 ) ) ;
#655 = EDGE_CURVE ( 'NONE', #23, #472, #1394, .T. ) ;
#656 = EDGE_LOOP ( 'NONE', ( #524, #170 ) ) ;
#657 = CARTESIAN_POINT ( 'NONE',  ( -59.50000000000000711, 0.000000000000000000, -31.55000000000000071 ) ) ;
#658 = DIRECTION ( 'NONE',  ( -0.000000000000000000, 1.000000000000000000, -0.000000000000000000 ) ) ;
#659 = PLANE ( 'NONE',  #1115 ) ;
#660 = CIRCLE ( 'NONE', #388, 0.4999999999999987232 ) ;
#661 = DIRECTION ( 'NONE',  ( -0.000000000000000000, 1.000000000000000000, -0.000000000000000000 ) ) ;
#662 = STYLED_ITEM ( 'NONE', ( #1003 ), #942 ) ;
#663 = FILL_AREA_STYLE_COLOUR ( '', #590 ) ;
#664 = CARTESIAN_POINT ( 'NONE',  ( -59.50000000000000711, 13.00000000000000000, -31.55000000000000071 ) ) ;
#665 = ORIENTED_EDGE ( 'NONE', *, *, #788, .F. ) ;
#666 = CARTESIAN_POINT ( 'NONE',  ( 22.87000000000000099, 18.30000000000000071, -26.66999999999999815 ) ) ;
#667 =( NAMED_UNIT ( * ) PLANE_ANGLE_UNIT ( ) SI_UNIT ( $, .RADIAN. ) );
#668 = FACE_OUTER_BOUND ( 'NONE', #1256, .T. ) ;
#669 = DIRECTION ( 'NONE',  ( 0.000000000000000000, 1.000000000000000000, 0.000000000000000000 ) ) ;
#670 = SURFACE_STYLE_FILL_AREA ( #1462 ) ;
#671 = ORIENTED_EDGE ( 'NONE', *, *, #1349, .T. ) ;
#672 = DIRECTION ( 'NONE',  ( -0.000000000000000000, -1.000000000000000000, -0.000000000000000000 ) ) ;
#673 = EDGE_CURVE ( 'NONE', #835, #1237, #84, .T. ) ;
#674 = ADVANCED_FACE ( 'NONE', ( #1375 ), #486, .T. ) ;
#675 = DIRECTION ( 'NONE',  ( -0.000000000000000000, -1.000000000000000000, -0.000000000000000000 ) ) ;
#676 = EDGE_CURVE ( 'NONE', #1039, #1026, #847, .T. ) ;
#677 = VERTEX_POINT ( 'NONE', #477 ) ;
#678 = SURFACE_SIDE_STYLE ('',( #864 ) ) ;
#679 = PRESENTATION_LAYER_ASSIGNMENT (  '', '', ( #314 ) ) ;
#680 = VECTOR ( 'NONE', #1210, 1000.000000000000000 ) ;
#681 = CARTESIAN_POINT ( 'NONE',  ( -53.35000000000000142, 18.30000000000000071, 7.120000000000000995 ) ) ;
#682 = EDGE_LOOP ( 'NONE', ( #713, #1332 ) ) ;
#683 = DIRECTION ( 'NONE',  ( 0.000000000000000000, 0.000000000000000000, -1.000000000000000000 ) ) ;
#684 = VECTOR ( 'NONE', #383, 1000.000000000000000 ) ;
#685 = AXIS2_PLACEMENT_3D ( 'NONE', #839, #1288, #268 ) ;
#686 = VERTEX_POINT ( 'NONE', #816 ) ;
#687 = LINE ( 'NONE', #239, #1454 ) ;
#688 = ORIENTED_EDGE ( 'NONE', *, *, #1175, .T. ) ;
#689 = CARTESIAN_POINT ( 'NONE',  ( 59.50000000000000711, 13.00000000000000000, 31.55000000000000071 ) ) ;
#690 = ADVANCED_FACE ( 'NONE', ( #1274 ), #116, .T. ) ;
#691 = CARTESIAN_POINT ( 'NONE',  ( 38.10999999999999943, 18.30000000000000071, -26.17000000000000171 ) ) ;
#692 = VERTEX_POINT ( 'NONE', #580 ) ;
#693 = ORIENTED_EDGE ( 'NONE', *, *, #318, .F. ) ;
#694 = PLANE ( 'NONE',  #1263 ) ;
#695 = ORIENTED_EDGE ( 'NONE', *, *, #245, .T. ) ;
#696 = FACE_OUTER_BOUND ( 'NONE', #202, .T. ) ;
#697 = AXIS2_PLACEMENT_3D ( 'NONE', #1188, #1170, #145 ) ;
#698 = CIRCLE ( 'NONE', #853, 0.5000000000000004441 ) ;
#699 = DIRECTION ( 'NONE',  ( 0.000000000000000000, 0.000000000000000000, 1.000000000000000000 ) ) ;
#700 = EDGE_CURVE ( 'NONE', #576, #135, #235, .T. ) ;
#701 = ORIENTED_EDGE ( 'NONE', *, *, #46, .T. ) ;
#702 = EDGE_LOOP ( 'NONE', ( #818, #1294 ) ) ;
#703 =( GEOMETRIC_REPRESENTATION_CONTEXT ( 3 ) GLOBAL_UNCERTAINTY_ASSIGNED_CONTEXT ( ( #979 ) ) GLOBAL_UNIT_ASSIGNED_CONTEXT ( ( #1240, #895, #327 ) ) REPRESENTATION_CONTEXT ( 'NONE', 'WORKASPACE' ) );
#704 = ADVANCED_FACE ( 'NONE', ( #916 ), #599, .F. ) ;
#705 = DIRECTION ( 'NONE',  ( 0.000000000000000000, 0.000000000000000000, -1.000000000000000000 ) ) ;
#706 = CARTESIAN_POINT ( 'NONE',  ( -53.35000000000000142, 13.00000000000000000, -11.70000000000000284 ) ) ;
#707 = AXIS2_PLACEMENT_3D ( 'NONE', #595, #588, #17 ) ;
#708 = ORIENTED_EDGE ( 'NONE', *, *, #136, .T. ) ;
#709 = EDGE_LOOP ( 'NONE', ( #1156, #488 ) ) ;
#710 = ORIENTED_EDGE ( 'NONE', *, *, #97, .T. ) ;
#711 = DIRECTION ( 'NONE',  ( -0.000000000000000000, 1.000000000000000000, -0.000000000000000000 ) ) ;
#712 = ORIENTED_EDGE ( 'NONE', *, *, #185, .F. ) ;
#713 = ORIENTED_EDGE ( 'NONE', *, *, #1374, .F. ) ;
#714 = EDGE_LOOP ( 'NONE', ( #410, #600 ) ) ;
#715 = EDGE_CURVE ( 'NONE', #1134, #686, #1152, .T. ) ;
#716 = DIRECTION ( 'NONE',  ( -0.000000000000000000, 1.000000000000000000, -0.000000000000000000 ) ) ;
#717 = AXIS2_PLACEMENT_3D ( 'NONE', #1068, #155, #1305 ) ;
#718 = EDGE_LOOP ( 'NONE', ( #581, #719, #67, #1397 ) ) ;
#719 = ORIENTED_EDGE ( 'NONE', *, *, #927, .F. ) ;
#720 = DIRECTION ( 'NONE',  ( 0.000000000000000000, 0.000000000000000000, -1.000000000000000000 ) ) ;
#721 = LINE ( 'NONE', #619, #1280 ) ;
#722 = SURFACE_SIDE_STYLE ('',( #493 ) ) ;
#723 = CARTESIAN_POINT ( 'NONE',  ( -59.50000000000000711, 13.00000000000000000, -31.55000000000000071 ) ) ;
#724 = AXIS2_PLACEMENT_3D ( 'NONE', #739, #510, #1308 ) ;
#725 = ORIENTED_EDGE ( 'NONE', *, *, #841, .T. ) ;
#726 = ORIENTED_EDGE ( 'NONE', *, *, #259, .T. ) ;
#727 = CARTESIAN_POINT ( 'NONE',  ( -53.35000000000000142, 18.30000000000000071, 11.42999999999999972 ) ) ;
#728 = AXIS2_PLACEMENT_3D ( 'NONE', #740, #279, #1282 ) ;
#729 = DIRECTION ( 'NONE',  ( 0.000000000000000000, -0.000000000000000000, 1.000000000000000000 ) ) ;
#730 = DIRECTION ( 'NONE',  ( 0.000000000000000000, 1.000000000000000000, 0.000000000000000000 ) ) ;
#731 = DIRECTION ( 'NONE',  ( 0.000000000000000000, 1.000000000000000000, 0.000000000000000000 ) ) ;
#732 = CARTESIAN_POINT ( 'NONE',  ( 53.35000000000000142, 18.30000000000000071, 17.78000000000000114 ) ) ;
#733 = STYLED_ITEM ( 'NONE', ( #211 ), #1145 ) ;
#734 = EDGE_LOOP ( 'NONE', ( #1162, #230, #355, #807 ) ) ;
#735 = VERTEX_POINT ( 'NONE', #706 ) ;
#736 = CARTESIAN_POINT ( 'NONE',  ( 26.67999999999999972, 13.00000000000000000, -26.66999999999999815 ) ) ;
#737 = CARTESIAN_POINT ( 'NONE',  ( -53.35000000000000142, 13.00000000000000000, 25.39999999999999858 ) ) ;
#738 = DIRECTION ( 'NONE',  ( 0.000000000000000000, 1.000000000000000000, 0.000000000000000000 ) ) ;
#739 = CARTESIAN_POINT ( 'NONE',  ( -53.35000000000000142, 18.30000000000000071, 11.42999999999999972 ) ) ;
#740 = CARTESIAN_POINT ( 'NONE',  ( 53.35000000000000142, 0.000000000000000000, 25.40000000000000213 ) ) ;
#741 = ORIENTED_EDGE ( 'NONE', *, *, #342, .F. ) ;
#742 = CARTESIAN_POINT ( 'NONE',  ( -53.35000000000000142, 18.30000000000000071, 7.620000000000000107 ) ) ;
#743 = EDGE_CURVE ( 'NONE', #940, #692, #1368, .T. ) ;
#744 = FACE_OUTER_BOUND ( 'NONE', #702, .T. ) ;
#745 = CYLINDRICAL_SURFACE ( 'NONE', #949, 0.4999999999999987232 ) ;
#746 = CARTESIAN_POINT ( 'NONE',  ( 22.87000000000000099, 18.30000000000000071, -26.66999999999999815 ) ) ;
#747 = EDGE_CURVE ( 'NONE', #976, #1271, #1203, .T. ) ;
#748 = DIRECTION ( 'NONE',  ( 0.000000000000000000, 1.000000000000000000, 0.000000000000000000 ) ) ;
#749 = ORIENTED_EDGE ( 'NONE', *, *, #593, .T. ) ;
#750 = VERTEX_POINT ( 'NONE', #8 ) ;
#751 = DIRECTION ( 'NONE',  ( 0.000000000000000000, 0.000000000000000000, 1.000000000000000000 ) ) ;
#752 = CIRCLE ( 'NONE', #1245, 0.5000000000000004441 ) ;
#753 = CIRCLE ( 'NONE', #269, 0.4999999999999987232 ) ;
#754 = PRESENTATION_STYLE_ASSIGNMENT (( #406 ) ) ;
#755 = CIRCLE ( 'NONE', #1322, 0.5000000000000004441 ) ;
#756 = DIRECTION ( 'NONE',  ( 0.000000000000000000, 0.000000000000000000, 1.000000000000000000 ) ) ;
#757 = FILL_AREA_STYLE_COLOUR ( '', #1127 ) ;
#758 = EDGE_LOOP ( 'NONE', ( #1467, #1073, #272, #364 ) ) ;
#759 = DIRECTION ( 'NONE',  ( 0.000000000000000000, -0.000000000000000000, 1.000000000000000000 ) ) ;
#760 = DIRECTION ( 'NONE',  ( 0.000000000000000000, 0.000000000000000000, 1.000000000000000000 ) ) ;
#761 = CYLINDRICAL_SURFACE ( 'NONE', #457, 0.5000000000000004441 ) ;
#762 = PRODUCT_DEFINITION ( '未知', '', #444, #1052 ) ;
#763 = FACE_OUTER_BOUND ( 'NONE', #718, .T. ) ;
#764 = ORIENTED_EDGE ( 'NONE', *, *, #605, .T. ) ;
#765 = DIRECTION ( 'NONE',  ( 0.000000000000000000, 1.000000000000000000, 0.000000000000000000 ) ) ;
#766 = DIRECTION ( 'NONE',  ( -0.000000000000000000, 1.000000000000000000, -0.000000000000000000 ) ) ;
#767 = CIRCLE ( 'NONE', #1207, 1.599999999999997202 ) ;
#768 = CARTESIAN_POINT ( 'NONE',  ( -53.35000000000000142, 0.000000000000000000, -25.39999999999999858 ) ) ;
#769 = CIRCLE ( 'NONE', #2, 0.5000000000000004441 ) ;
#770 = DIRECTION ( 'NONE',  ( 0.000000000000000000, -1.000000000000000000, 0.000000000000000000 ) ) ;
#771 = SURFACE_SIDE_STYLE ('',( #91 ) ) ;
#772 = EDGE_CURVE ( 'NONE', #988, #134, #1036, .T. ) ;
#773 = EDGE_LOOP ( 'NONE', ( #143, #936 ) ) ;
#774 = VECTOR ( 'NONE', #5, 1000.000000000000000 ) ;
#775 = DIRECTION ( 'NONE',  ( 0.000000000000000000, 1.000000000000000000, 0.000000000000000000 ) ) ;
#776 = DIRECTION ( 'NONE',  ( 0.000000000000000000, 0.000000000000000000, -1.000000000000000000 ) ) ;
#777 = DIRECTION ( 'NONE',  ( 0.000000000000000000, 0.000000000000000000, -1.000000000000000000 ) ) ;
#778 = AXIS2_PLACEMENT_3D ( 'NONE', #1120, #661, #96 ) ;
#779 = DIRECTION ( 'NONE',  ( -0.000000000000000000, -1.000000000000000000, -0.000000000000000000 ) ) ;
#780 = VECTOR ( 'NONE', #1285, 1000.000000000000000 ) ;
#781 = FACE_BOUND ( 'NONE', #1376, .T. ) ;
#782 = ORIENTED_EDGE ( 'NONE', *, *, #641, .T. ) ;
#783 = CARTESIAN_POINT ( 'NONE',  ( -59.50000000000000711, 13.00000000000000000, -31.55000000000000071 ) ) ;
#784 = EDGE_CURVE ( 'NONE', #939, #231, #1048, .T. ) ;
#785 = CIRCLE ( 'NONE', #642, 0.9999999999999974465 ) ;
#786 =( NAMED_UNIT ( * ) PLANE_ANGLE_UNIT ( ) SI_UNIT ( $, .RADIAN. ) );
#787 = ADVANCED_FACE ( 'NONE', ( #34 ), #347, .T. ) ;
#788 = EDGE_CURVE ( 'NONE', #907, #939, #467, .T. ) ;
#789 = CARTESIAN_POINT ( 'NONE',  ( 59.50000000000000711, 13.00000000000000000, 31.55000000000000071 ) ) ;
#790 = VERTEX_POINT ( 'NONE', #1043 ) ;
#791 = PRESENTATION_STYLE_ASSIGNMENT (( #1221 ) ) ;
#792 = EDGE_CURVE ( 'NONE', #487, #445, #471, .T. ) ;
#793 = SURFACE_SIDE_STYLE ('',( #1129 ) ) ;
#794 = ORIENTED_EDGE ( 'NONE', *, *, #470, .T. ) ;
#795 = CARTESIAN_POINT ( 'NONE',  ( 53.35000000000000142, 18.30000000000000071, 17.78000000000000114 ) ) ;
#796 = EDGE_CURVE ( 'NONE', #854, #139, #568, .T. ) ;
#797 = AXIS2_PLACEMENT_3D ( 'NONE', #742, #395, #281 ) ;
#798 = DIRECTION ( 'NONE',  ( -0.000000000000000000, -1.000000000000000000, -0.000000000000000000 ) ) ;
#799 = VERTEX_POINT ( 'NONE', #285 ) ;
#800 = DIRECTION ( 'NONE',  ( -0.000000000000000000, -1.000000000000000000, -0.000000000000000000 ) ) ;
#801 = AXIS2_PLACEMENT_3D ( 'NONE', #1291, #851, #614 ) ;
#802 = EDGE_CURVE ( 'NONE', #812, #735, #522, .T. ) ;
#803 = ORIENTED_EDGE ( 'NONE', *, *, #100, .T. ) ;
#804 = EDGE_LOOP ( 'NONE', ( #1016, #1246 ) ) ;
#805 = AXIS2_PLACEMENT_3D ( 'NONE', #999, #438, #1443 ) ;
#806 = CARTESIAN_POINT ( 'NONE',  ( 53.35000000000000142, 0.000000000000000000, -23.80000000000000071 ) ) ;
#807 = ORIENTED_EDGE ( 'NONE', *, *, #1042, .T. ) ;
#808 = FACE_OUTER_BOUND ( 'NONE', #370, .T. ) ;
#809 = DIRECTION ( 'NONE',  ( 0.000000000000000000, 0.000000000000000000, -1.000000000000000000 ) ) ;
#810 = ORIENTED_EDGE ( 'NONE', *, *, #245, .F. ) ;
#811 = EDGE_CURVE ( 'NONE', #692, #1264, #542, .T. ) ;
#812 = VERTEX_POINT ( 'NONE', #1300 ) ;
#813 = CYLINDRICAL_SURFACE ( 'NONE', #865, 0.4999999999999987232 ) ;
#814 = DIRECTION ( 'NONE',  ( -1.000000000000000000, 0.000000000000000000, 0.000000000000000000 ) ) ;
#815 = AXIS2_PLACEMENT_3D ( 'NONE', #1143, #1252, #705 ) ;
#816 = CARTESIAN_POINT ( 'NONE',  ( 30.48999999999999844, 18.30000000000000071, -26.16999999999999815 ) ) ;
#817 = EDGE_LOOP ( 'NONE', ( #3, #12, #271, #616 ) ) ;
#818 = ORIENTED_EDGE ( 'NONE', *, *, #715, .T. ) ;
#819 = DIRECTION ( 'NONE',  ( -0.000000000000000000, 1.000000000000000000, -0.000000000000000000 ) ) ;
#820 = EDGE_LOOP ( 'NONE', ( #1283, #934 ) ) ;
#821 = EDGE_LOOP ( 'NONE', ( #118, #363 ) ) ;
#822 = STYLED_ITEM ( 'NONE', ( #1197 ), #163 ) ;
#823 = ORIENTED_EDGE ( 'NONE', *, *, #788, .T. ) ;
#824 = EDGE_CURVE ( 'NONE', #403, #677, #1362, .T. ) ;
#825 = CIRCLE ( 'NONE', #19, 1.599999999999997202 ) ;
#826 = DIRECTION ( 'NONE',  ( 0.000000000000000000, 0.000000000000000000, 1.000000000000000000 ) ) ;
#827 = ORIENTED_EDGE ( 'NONE', *, *, #475, .F. ) ;
#828 = DIRECTION ( 'NONE',  ( 0.000000000000000000, 0.000000000000000000, -1.000000000000000000 ) ) ;
#829 = ORIENTED_EDGE ( 'NONE', *, *, #605, .F. ) ;
#830 = CYLINDRICAL_SURFACE ( 'NONE', #247, 0.5000000000000004441 ) ;
#831 = FACE_BOUND ( 'NONE', #1382, .T. ) ;
#832 = VECTOR ( 'NONE', #282, 1000.000000000000000 ) ;
#833 = AXIS2_PLACEMENT_3D ( 'NONE', #1094, #861, #289 ) ;
#834 = VERTEX_POINT ( 'NONE', #66 ) ;
#835 = VERTEX_POINT ( 'NONE', #1309 ) ;
#836 = DIRECTION ( 'NONE',  ( 0.000000000000000000, 0.000000000000000000, -1.000000000000000000 ) ) ;
#837 = FACE_OUTER_BOUND ( 'NONE', #344, .T. ) ;
#838 =( NAMED_UNIT ( * ) SI_UNIT ( $, .STERADIAN. ) SOLID_ANGLE_UNIT ( ) );
#839 = CARTESIAN_POINT ( 'NONE',  ( -53.35000000000000142, 13.00000000000000000, 25.39999999999999858 ) ) ;
#840 = CARTESIAN_POINT ( 'NONE',  ( -53.35000000000000142, 18.30000000000000071, 11.42999999999999972 ) ) ;
#841 = EDGE_CURVE ( 'NONE', #29, #799, #85, .T. ) ;
#842 = VECTOR ( 'NONE', #1429, 1000.000000000000000 ) ;
#843 = ORIENTED_EDGE ( 'NONE', *, *, #889, .T. ) ;
#844 = AXIS2_PLACEMENT_3D ( 'NONE', #386, #952, #855 ) ;
#845 = ORIENTED_EDGE ( 'NONE', *, *, #204, .F. ) ;
#846 = CARTESIAN_POINT ( 'NONE',  ( 53.35000000000000142, 13.00000000000000000, 23.80000000000000426 ) ) ;
#847 = CIRCLE ( 'NONE', #932, 1.599999999999997202 ) ;
#848 = DIRECTION ( 'NONE',  ( -0.000000000000000000, -1.000000000000000000, -0.000000000000000000 ) ) ;
#849 = CYLINDRICAL_SURFACE ( 'NONE', #50, 1.599999999999997202 ) ;
#850 = CARTESIAN_POINT ( 'NONE',  ( -53.35000000000000142, 0.000000000000000000, 26.99999999999999645 ) ) ;
#851 = DIRECTION ( 'NONE',  ( -0.000000000000000000, 1.000000000000000000, -0.000000000000000000 ) ) ;
#852 = EDGE_CURVE ( 'NONE', #576, #505, #753, .T. ) ;
#853 = AXIS2_PLACEMENT_3D ( 'NONE', #1297, #738, #1206 ) ;
#854 = VERTEX_POINT ( 'NONE', #494 ) ;
#855 = DIRECTION ( 'NONE',  ( 0.000000000000000000, 0.000000000000000000, 1.000000000000000000 ) ) ;
#856 = CARTESIAN_POINT ( 'NONE',  ( -53.35000000000000142, 18.30000000000000071, 8.119999999999999218 ) ) ;
#857 = DIRECTION ( 'NONE',  ( 0.000000000000000000, 1.000000000000000000, 0.000000000000000000 ) ) ;
#858 = CARTESIAN_POINT ( 'NONE',  ( -59.50000000000000711, 13.00000000000000000, 31.55000000000000071 ) ) ;
#859 = EDGE_LOOP ( 'NONE', ( #1302, #394, #1012, #1266 ) ) ;
#860 = CYLINDRICAL_SURFACE ( 'NONE', #200, 0.9999999999999978906 ) ;
#861 = DIRECTION ( 'NONE',  ( 0.000000000000000000, 1.000000000000000000, 0.000000000000000000 ) ) ;
#862 = DIRECTION ( 'NONE',  ( 0.000000000000000000, 0.000000000000000000, -1.000000000000000000 ) ) ;
#863 = DIRECTION ( 'NONE',  ( 0.000000000000000000, 0.000000000000000000, 1.000000000000000000 ) ) ;
#864 = SURFACE_STYLE_FILL_AREA ( #317 ) ;
#865 = AXIS2_PLACEMENT_3D ( 'NONE', #448, #798, #919 ) ;
#866 = EDGE_LOOP ( 'NONE', ( #554, #1139, #1403, #302 ) ) ;
#867 = CYLINDRICAL_SURFACE ( 'NONE', #1015, 1.599999999999997202 ) ;
#868 = CIRCLE ( 'NONE', #797, 0.4999999999999987232 ) ;
#869 = EDGE_CURVE ( 'NONE', #834, #135, #1109, .T. ) ;
#870 = VECTOR ( 'NONE', #183, 1000.000000000000000 ) ;
#871 = FILL_AREA_STYLE_COLOUR ( '', #300 ) ;
#872 = CARTESIAN_POINT ( 'NONE',  ( 59.50000000000000711, 13.00000000000000000, -31.55000000000000071 ) ) ;
#873 = CIRCLE ( 'NONE', #316, 1.599999999999997202 ) ;
#874 = ORIENTED_EDGE ( 'NONE', *, *, #869, .T. ) ;
#875 = CARTESIAN_POINT ( 'NONE',  ( 53.35000000000000142, 18.30000000000000071, 17.78000000000000114 ) ) ;
#876 = CARTESIAN_POINT ( 'NONE',  ( 53.35000000000000142, 0.000000000000000000, -23.80000000000000071 ) ) ;
#877 = DIRECTION ( 'NONE',  ( -0.000000000000000000, -1.000000000000000000, -0.000000000000000000 ) ) ;
#878 = DIRECTION ( 'NONE',  ( 0.000000000000000000, 1.000000000000000000, 0.000000000000000000 ) ) ;
#879 = ADVANCED_FACE ( 'NONE', ( #646 ), #1086, .T. ) ;
#880 = PRESENTATION_STYLE_ASSIGNMENT (( #98 ) ) ;
#881 = PLANE ( 'NONE',  #433 ) ;
#882 = ORIENTED_EDGE ( 'NONE', *, *, #1061, .T. ) ;
#883 = FACE_OUTER_BOUND ( 'NONE', #909, .T. ) ;
#884 = FILL_AREA_STYLE ('',( #429 ) ) ;
#885 = DIRECTION ( 'NONE',  ( 0.000000000000000000, 1.000000000000000000, 0.000000000000000000 ) ) ;
#886 = CARTESIAN_POINT ( 'NONE',  ( 59.50000000000000711, 13.00000000000000000, 31.55000000000000071 ) ) ;
#887 = STYLED_ITEM ( 'NONE', ( #791 ), #1111 ) ;
#888 = DIRECTION ( 'NONE',  ( 0.000000000000000000, 1.000000000000000000, 0.000000000000000000 ) ) ;
#889 = EDGE_CURVE ( 'NONE', #231, #790, #1064, .T. ) ;
#890 = SURFACE_STYLE_FILL_AREA ( #1097 ) ;
#891 = ORIENTED_EDGE ( 'NONE', *, *, #1198, .F. ) ;
#892 = AXIS2_PLACEMENT_3D ( 'NONE', #1126, #561, #531 ) ;
#893 = DIRECTION ( 'NONE',  ( 0.000000000000000000, 1.000000000000000000, 0.000000000000000000 ) ) ;
#894 = DIRECTION ( 'NONE',  ( -0.000000000000000000, -1.000000000000000000, -0.000000000000000000 ) ) ;
#895 =( NAMED_UNIT ( * ) PLANE_ANGLE_UNIT ( ) SI_UNIT ( $, .RADIAN. ) );
#896 = ORIENTED_EDGE ( 'NONE', *, *, #676, .F. ) ;
#897 =( NAMED_UNIT ( * ) SI_UNIT ( $, .STERADIAN. ) SOLID_ANGLE_UNIT ( ) );
#898 = EDGE_CURVE ( 'NONE', #134, #1216, #1191, .T. ) ;
#899 = DIRECTION ( 'NONE',  ( 0.000000000000000000, 0.000000000000000000, 1.000000000000000000 ) ) ;
#900 = EDGE_CURVE ( 'NONE', #251, #23, #460, .T. ) ;
#901 = CARTESIAN_POINT ( 'NONE',  ( 0.000000000000000000, 13.00000000000000000, 0.000000000000000000 ) ) ;
#902 = VERTEX_POINT ( 'NONE', #51 ) ;
#903 = DIRECTION ( 'NONE',  ( 0.000000000000000000, 0.000000000000000000, 1.000000000000000000 ) ) ;
#904 = AXIS2_PLACEMENT_3D ( 'NONE', #173, #1060, #729 ) ;
#905 = PRESENTATION_LAYER_ASSIGNMENT (  '', '', ( #887 ) ) ;
#906 = DIRECTION ( 'NONE',  ( 0.000000000000000000, 0.000000000000000000, -1.000000000000000000 ) ) ;
#907 = VERTEX_POINT ( 'NONE', #1208 ) ;
#908 = LINE ( 'NONE', #338, #1072 ) ;
#909 = EDGE_LOOP ( 'NONE', ( #574, #349, #1249, #532 ) ) ;
#910 = EDGE_CURVE ( 'NONE', #1026, #1039, #223, .T. ) ;
#911 = CIRCLE ( 'NONE', #10, 0.5000000000000004441 ) ;
#912 = DIRECTION ( 'NONE',  ( -0.000000000000000000, -1.000000000000000000, -0.000000000000000000 ) ) ;
#913 = ORIENTED_EDGE ( 'NONE', *, *, #356, .F. ) ;
#914 = DIRECTION ( 'NONE',  ( 0.000000000000000000, 1.000000000000000000, 0.000000000000000000 ) ) ;
#915 = AXIS2_PLACEMENT_3D ( 'NONE', #252, #241, #699 ) ;
#916 = FACE_OUTER_BOUND ( 'NONE', #817, .T. ) ;
#917 = VERTEX_POINT ( 'NONE', #408 ) ;
#918 = ORIENTED_EDGE ( 'NONE', *, *, #49, .T. ) ;
#919 = DIRECTION ( 'NONE',  ( 0.000000000000000000, 0.000000000000000000, -1.000000000000000000 ) ) ;
#920 = CARTESIAN_POINT ( 'NONE',  ( -59.50000000000000711, 13.00000000000000000, -31.55000000000000071 ) ) ;
#921 = ORIENTED_EDGE ( 'NONE', *, *, #353, .F. ) ;
#922 = EDGE_LOOP ( 'NONE', ( #253, #623, #874, #1193 ) ) ;
#923 = CARTESIAN_POINT ( 'NONE',  ( 26.67999999999999972, 18.30000000000000071, -27.16999999999999815 ) ) ;
#924 = ORIENTED_EDGE ( 'NONE', *, *, #1315, .F. ) ;
#925 = EDGE_LOOP ( 'NONE', ( #385, #891 ) ) ;
#926 = EDGE_CURVE ( 'NONE', #231, #1023, #1316, .T. ) ;
#927 = EDGE_CURVE ( 'NONE', #1168, #902, #1055, .T. ) ;
#928 = EDGE_LOOP ( 'NONE', ( #233, #280, #1204, #1270 ) ) ;
#929 = CIRCLE ( 'NONE', #54, 1.599999999999997202 ) ;
#930 = AXIS2_PLACEMENT_3D ( 'NONE', #666, #893, #1340 ) ;
#931 = DIRECTION ( 'NONE',  ( 0.000000000000000000, 0.000000000000000000, -1.000000000000000000 ) ) ;
#932 = AXIS2_PLACEMENT_3D ( 'NONE', #1260, #367, #826 ) ;
#933 = VERTEX_POINT ( 'NONE', #530 ) ;
#934 = ORIENTED_EDGE ( 'NONE', *, *, #512, .T. ) ;
#935 = CARTESIAN_POINT ( 'NONE',  ( -53.35000000000000142, 18.30000000000000071, 11.92999999999999794 ) ) ;
#936 = ORIENTED_EDGE ( 'NONE', *, *, #772, .T. ) ;
#937 =( LENGTH_UNIT ( ) NAMED_UNIT ( * ) SI_UNIT ( .MILLI., .METRE. ) );
#938 = DIRECTION ( 'NONE',  ( -1.000000000000000000, -0.000000000000000000, -0.000000000000000000 ) ) ;
#939 = VERTEX_POINT ( 'NONE', #723 ) ;
#940 = VERTEX_POINT ( 'NONE', #1183 ) ;
#941 = LINE ( 'NONE', #971, #1360 ) ;
#942 = ADVANCED_FACE ( 'NONE', ( #622, #160, #1071, #984, #1430, #503, #831, #958, #513, #968, #1417, #1337, #1113, #781, #1214, #108 ), #306, .F. ) ;
#943 = CARTESIAN_POINT ( 'NONE',  ( 34.29999999999999716, 18.30000000000000071, -26.66999999999999815 ) ) ;
#944 =( NAMED_UNIT ( * ) PLANE_ANGLE_UNIT ( ) SI_UNIT ( $, .RADIAN. ) );
#945 = CARTESIAN_POINT ( 'NONE',  ( -59.50000000000000711, 13.00000000000000000, 31.55000000000000071 ) ) ;
#946 = EDGE_CURVE ( 'NONE', #750, #133, #28, .T. ) ;
#947 = CARTESIAN_POINT ( 'NONE',  ( -53.35000000000000142, 13.00000000000000000, 11.42999999999999972 ) ) ;
#948 = VECTOR ( 'NONE', #848, 1000.000000000000000 ) ;
#949 = AXIS2_PLACEMENT_3D ( 'NONE', #174, #877, #982 ) ;
#950 = EDGE_LOOP ( 'NONE', ( #348, #1050, #372, #123 ) ) ;
#951 = VERTEX_POINT ( 'NONE', #681 ) ;
#952 = DIRECTION ( 'NONE',  ( 0.000000000000000000, 1.000000000000000000, 0.000000000000000000 ) ) ;
#953 = DIRECTION ( 'NONE',  ( 0.000000000000000000, 1.000000000000000000, 0.000000000000000000 ) ) ;
#954 = FACE_OUTER_BOUND ( 'NONE', #1388, .T. ) ;
#955 = ADVANCED_FACE ( 'NONE', ( #301 ), #1102, .T. ) ;
#956 = FACE_OUTER_BOUND ( 'NONE', #734, .T. ) ;
#957 = AXIS2_PLACEMENT_3D ( 'NONE', #901, #770, #1455 ) ;
#958 = FACE_BOUND ( 'NONE', #682, .T. ) ;
#959 = AXIS2_PLACEMENT_3D ( 'NONE', #1444, #1009, #315 ) ;
#960 = VERTEX_POINT ( 'NONE', #82 ) ;
#961 = AXIS2_PLACEMENT_3D ( 'NONE', #517, #1067, #273 ) ;
#962 = EDGE_CURVE ( 'NONE', #1237, #835, #240, .T. ) ;
#963 = DIRECTION ( 'NONE',  ( -0.000000000000000000, 1.000000000000000000, -0.000000000000000000 ) ) ;
#964 = VECTOR ( 'NONE', #72, 1000.000000000000000 ) ;
#965 = DIRECTION ( 'NONE',  ( 0.000000000000000000, 0.000000000000000000, -1.000000000000000000 ) ) ;
#966 = CIRCLE ( 'NONE', #266, 0.4999999999999987232 ) ;
#967 = FILL_AREA_STYLE ('',( #636 ) ) ;
#968 = FACE_BOUND ( 'NONE', #598, .T. ) ;
#969 = COLOUR_RGB ( '',1.000000000000000000, 1.000000000000000000, 1.000000000000000000 ) ;
#970 = ORIENTED_EDGE ( 'NONE', *, *, #1436, .F. ) ;
#971 = CARTESIAN_POINT ( 'NONE',  ( 53.35000000000000142, 0.000000000000000000, 23.80000000000000426 ) ) ;
#972 = CARTESIAN_POINT ( 'NONE',  ( -53.35000000000000142, 18.30000000000000071, 8.119999999999999218 ) ) ;
#973 = PLANE ( 'NONE',  #1273 ) ;
#974 = DIRECTION ( 'NONE',  ( -0.000000000000000000, 1.000000000000000000, -0.000000000000000000 ) ) ;
#975 = CARTESIAN_POINT ( 'NONE',  ( -53.35000000000000142, 0.000000000000000000, 26.99999999999999645 ) ) ;
#976 = VERTEX_POINT ( 'NONE', #1220 ) ;
#977 = PLANE ( 'NONE',  #146 ) ;
#978 = AXIS2_PLACEMENT_3D ( 'NONE', #103, #567, #1464 ) ;
#979 = UNCERTAINTY_MEASURE_WITH_UNIT (LENGTH_MEASURE( 1.000000000000000082E-05 ), #1240, 'distance_accuracy_value', 'NONE');
#980 = ADVANCED_FACE ( 'NONE', ( #763 ), #1236, .T. ) ;
#981 = DIRECTION ( 'NONE',  ( 0.000000000000000000, 1.000000000000000000, 0.000000000000000000 ) ) ;
#982 = DIRECTION ( 'NONE',  ( 0.000000000000000000, 0.000000000000000000, -1.000000000000000000 ) ) ;
#983 = CARTESIAN_POINT ( 'NONE',  ( 38.10999999999999943, 18.30000000000000071, -26.67000000000000171 ) ) ;
#984 = FACE_BOUND ( 'NONE', #925, .T. ) ;
#985 = CARTESIAN_POINT ( 'NONE',  ( 53.35000000000000142, 13.00000000000000000, -25.39999999999999858 ) ) ;
#986 = STYLED_ITEM ( 'NONE', ( #1457 ), #1104 ) ;
#987 = MANIFOLD_SOLID_BREP ( '凸台-拉伸3', #1140 ) ;
#988 = VERTEX_POINT ( 'NONE', #1372 ) ;
#989 = DIRECTION ( 'NONE',  ( 0.000000000000000000, -0.000000000000000000, 1.000000000000000000 ) ) ;
#990 = CIRCLE ( 'NONE', #176, 0.4999999999999987232 ) ;
#991 = CARTESIAN_POINT ( 'NONE',  ( -59.50000000000000711, 0.000000000000000000, 31.55000000000000071 ) ) ;
#992 = VECTOR ( 'NONE', #938, 1000.000000000000000 ) ;
#993 = CYLINDRICAL_SURFACE ( 'NONE', #529, 0.5000000000000004441 ) ;
#994 = DIRECTION ( 'NONE',  ( 0.000000000000000000, 0.000000000000000000, -1.000000000000000000 ) ) ;
#995 = LINE ( 'NONE', #1258, #774 ) ;
#996 = PLANE ( 'NONE',  #101 ) ;
#997 = ORIENTED_EDGE ( 'NONE', *, *, #802, .F. ) ;
#998 = DIRECTION ( 'NONE',  ( -0.000000000000000000, 1.000000000000000000, -0.000000000000000000 ) ) ;
#999 = CARTESIAN_POINT ( 'NONE',  ( 53.35000000000000142, 13.00000000000000000, -25.39999999999999858 ) ) ;
#1000 = EDGE_CURVE ( 'NONE', #1168, #854, #995, .T. ) ;
#1001 = CARTESIAN_POINT ( 'NONE',  ( 38.10999999999999943, 18.30000000000000071, -27.17000000000000171 ) ) ;
#1002 = APPLICATION_CONTEXT ( 'automotive_design' ) ;
#1003 = PRESENTATION_STYLE_ASSIGNMENT (( #1124 ) ) ;
#1004 = DIRECTION ( 'NONE',  ( 0.000000000000000000, 0.000000000000000000, -1.000000000000000000 ) ) ;
#1005 = ORIENTED_EDGE ( 'NONE', *, *, #1, .T. ) ;
#1006 = LINE ( 'NONE', #1117, #362 ) ;
#1007 = DIRECTION ( 'NONE',  ( -0.000000000000000000, -1.000000000000000000, -0.000000000000000000 ) ) ;
#1008 = LINE ( 'NONE', #430, #207 ) ;
#1009 = DIRECTION ( 'NONE',  ( -0.000000000000000000, 1.000000000000000000, -0.000000000000000000 ) ) ;
#1010 = AXIS2_PLACEMENT_3D ( 'NONE', #345, #124, #1035 ) ;
#1011 = EDGE_CURVE ( 'NONE', #902, #139, #687, .T. ) ;
#1012 = ORIENTED_EDGE ( 'NONE', *, *, #1459, .T. ) ;
#1013 = CARTESIAN_POINT ( 'NONE',  ( 38.10999999999999943, 13.00000000000000000, -27.17000000000000171 ) ) ;
#1014 = DIRECTION ( 'NONE',  ( 0.000000000000000000, 0.000000000000000000, 1.000000000000000000 ) ) ;
#1015 = AXIS2_PLACEMENT_3D ( 'NONE', #1442, #534, #1427 ) ;
#1016 = ORIENTED_EDGE ( 'NONE', *, *, #841, .F. ) ;
#1017 = CARTESIAN_POINT ( 'NONE',  ( -53.35000000000000142, 18.30000000000000071, -12.69999999999999929 ) ) ;
#1018 =( GEOMETRIC_REPRESENTATION_CONTEXT ( 3 ) GLOBAL_UNCERTAINTY_ASSIGNED_CONTEXT ( ( #350 ) ) GLOBAL_UNIT_ASSIGNED_CONTEXT ( ( #937, #175, #58 ) ) REPRESENTATION_CONTEXT ( 'NONE', 'WORKASPACE' ) );
#1019 = DIRECTION ( 'NONE',  ( -0.000000000000000000, 1.000000000000000000, -0.000000000000000000 ) ) ;
#1020 = ORIENTED_EDGE ( 'NONE', *, *, #743, .T. ) ;
#1021 = CARTESIAN_POINT ( 'NONE',  ( 53.35000000000000142, 0.000000000000000000, 25.40000000000000213 ) ) ;
#1022 = EDGE_CURVE ( 'NONE', #133, #750, #219, .T. ) ;
#1023 = VERTEX_POINT ( 'NONE', #351 ) ;
#1024 = AXIS2_PLACEMENT_3D ( 'NONE', #164, #1296, #264 ) ;
#1025 = CARTESIAN_POINT ( 'NONE',  ( 22.87000000000000099, 18.30000000000000071, -26.66999999999999815 ) ) ;
#1026 = VERTEX_POINT ( 'NONE', #806 ) ;
#1027 = DIRECTION ( 'NONE',  ( 0.000000000000000000, 1.000000000000000000, 0.000000000000000000 ) ) ;
#1028 = ORIENTED_EDGE ( 'NONE', *, *, #962, .T. ) ;
#1029 = ADVANCED_FACE ( 'NONE', ( #464 ), #813, .T. ) ;
#1030 = VERTEX_POINT ( 'NONE', #1466 ) ;
#1031 = AXIS2_PLACEMENT_3D ( 'NONE', #206, #669, #1112 ) ;
#1032 = AXIS2_PLACEMENT_3D ( 'NONE', #378, #1405, #720 ) ;
#1033 = CYLINDRICAL_SURFACE ( 'NONE', #892, 1.599999999999997202 ) ;
#1034 = ORIENTED_EDGE ( 'NONE', *, *, #437, .T. ) ;
#1035 = DIRECTION ( 'NONE',  ( 0.000000000000000000, -0.000000000000000000, 1.000000000000000000 ) ) ;
#1036 = CIRCLE ( 'NONE', #1342, 1.599999999999997202 ) ;
#1037 = DIRECTION ( 'NONE',  ( -0.000000000000000000, -1.000000000000000000, -0.000000000000000000 ) ) ;
#1038 = ORIENTED_EDGE ( 'NONE', *, *, #811, .T. ) ;
#1039 = VERTEX_POINT ( 'NONE', #1135 ) ;
#1040 = CIRCLE ( 'NONE', #805, 1.599999999999997202 ) ;
#1041 = ADVANCED_FACE ( 'NONE', ( #226 ), #113, .T. ) ;
#1042 = EDGE_CURVE ( 'NONE', #135, #834, #564, .T. ) ;
#1043 = CARTESIAN_POINT ( 'NONE',  ( -59.50000000000000711, 0.000000000000000000, 31.55000000000000071 ) ) ;
#1044 = ORIENTED_EDGE ( 'NONE', *, *, #1374, .T. ) ;
#1045 = ORIENTED_EDGE ( 'NONE', *, *, #655, .F. ) ;
#1046 = EDGE_LOOP ( 'NONE', ( #1065, #1125 ) ) ;
#1047 = ADVANCED_FACE ( 'NONE', ( #232 ), #694, .T. ) ;
#1048 = LINE ( 'NONE', #132, #392 ) ;
#1049 = ORIENTED_EDGE ( 'NONE', *, *, #366, .F. ) ;
#1050 = ORIENTED_EDGE ( 'NONE', *, *, #136, .F. ) ;
#1051 = DIRECTION ( 'NONE',  ( -0.000000000000000000, -1.000000000000000000, -0.000000000000000000 ) ) ;
#1052 = PRODUCT_DEFINITION_CONTEXT ( 'detailed design', #1002, 'design' ) ;
#1053 = ADVANCED_FACE ( 'NONE', ( #584 ), #1033, .F. ) ;
#1054 = DIRECTION ( 'NONE',  ( 0.000000000000000000, 0.000000000000000000, -1.000000000000000000 ) ) ;
#1055 = CIRCLE ( 'NONE', #417, 0.9999999999999974465 ) ;
#1056 = ORIENTED_EDGE ( 'NONE', *, *, #910, .T. ) ;
#1057 = ORIENTED_EDGE ( 'NONE', *, *, #168, .F. ) ;
#1058 = CARTESIAN_POINT ( 'NONE',  ( 30.48999999999999844, 18.30000000000000071, -26.16999999999999815 ) ) ;
#1059 = AXIS2_PLACEMENT_3D ( 'NONE', #166, #731, #1063 ) ;
#1060 = DIRECTION ( 'NONE',  ( 0.000000000000000000, 1.000000000000000000, 0.000000000000000000 ) ) ;
#1061 = EDGE_CURVE ( 'NONE', #1030, #286, #929, .T. ) ;
#1062 = DIRECTION ( 'NONE',  ( -0.000000000000000000, -1.000000000000000000, -0.000000000000000000 ) ) ;
#1063 = DIRECTION ( 'NONE',  ( 0.000000000000000000, -0.000000000000000000, 1.000000000000000000 ) ) ;
#1064 = LINE ( 'NONE', #858, #1226 ) ;
#1065 = ORIENTED_EDGE ( 'NONE', *, *, #824, .T. ) ;
#1066 = ORIENTED_EDGE ( 'NONE', *, *, #75, .F. ) ;
#1067 = DIRECTION ( 'NONE',  ( -0.000000000000000000, 1.000000000000000000, -0.000000000000000000 ) ) ;
#1068 = CARTESIAN_POINT ( 'NONE',  ( 53.35000000000000142, 18.30000000000000071, 17.78000000000000114 ) ) ;
#1069 = LINE ( 'NONE', #79, #653 ) ;
#1070 = LINE ( 'NONE', #48, #35 ) ;
#1071 = FACE_BOUND ( 'NONE', #821, .T. ) ;
#1072 = VECTOR ( 'NONE', #381, 1000.000000000000000 ) ;
#1073 = ORIENTED_EDGE ( 'NONE', *, *, #1290, .T. ) ;
#1074 = DIRECTION ( 'NONE',  ( 0.000000000000000000, 1.000000000000000000, 0.000000000000000000 ) ) ;
#1075 = CARTESIAN_POINT ( 'NONE',  ( 38.10999999999999943, 13.00000000000000000, -26.67000000000000171 ) ) ;
#1076 = FACE_BOUND ( 'NONE', #714, .T. ) ;
#1077 = FACE_OUTER_BOUND ( 'NONE', #254, .T. ) ;
#1078 = MECHANICAL_DESIGN_GEOMETRIC_PRESENTATION_REPRESENTATION (  '', ( #288 ), #476 ) ;
#1079 = CARTESIAN_POINT ( 'NONE',  ( -59.50000000000000711, 13.00000000000000000, 31.55000000000000071 ) ) ;
#1080 = ORIENTED_EDGE ( 'NONE', *, *, #228, .T. ) ;
#1081 = FACE_OUTER_BOUND ( 'NONE', #76, .T. ) ;
#1082 = LINE ( 'NONE', #625, #1084 ) ;
#1083 = DIRECTION ( 'NONE',  ( -0.000000000000000000, 1.000000000000000000, -0.000000000000000000 ) ) ;
#1084 = VECTOR ( 'NONE', #1278, 1000.000000000000000 ) ;
#1085 = CARTESIAN_POINT ( 'NONE',  ( 53.35000000000000142, 0.000000000000000000, -26.99999999999999645 ) ) ;
#1086 = PLANE ( 'NONE',  #481 ) ;
#1087 = CIRCLE ( 'NONE', #443, 0.9999999999999974465 ) ;
#1088 = MECHANICAL_DESIGN_GEOMETRIC_PRESENTATION_REPRESENTATION (  '', ( #733 ), #1182 ) ;
#1089 = ADVANCED_FACE ( 'NONE', ( #1431 ), #996, .F. ) ;
#1090 = EDGE_LOOP ( 'NONE', ( #1155, #178, #25, #639 ) ) ;
#1091 = EDGE_LOOP ( 'NONE', ( #708, #688 ) ) ;
#1092 = LINE ( 'NONE', #371, #1410 ) ;
#1093 = DIRECTION ( 'NONE',  ( -0.000000000000000000, -1.000000000000000000, -0.000000000000000000 ) ) ;
#1094 = CARTESIAN_POINT ( 'NONE',  ( 30.48999999999999844, 18.30000000000000071, -26.66999999999999815 ) ) ;
#1095 = CARTESIAN_POINT ( 'NONE',  ( -53.35000000000000142, 13.00000000000000000, 10.92999999999999972 ) ) ;
#1096 = DIRECTION ( 'NONE',  ( 0.000000000000000000, 1.000000000000000000, 0.000000000000000000 ) ) ;
#1097 = FILL_AREA_STYLE ('',( #419 ) ) ;
#1098 = EDGE_LOOP ( 'NONE', ( #1138, #695, #601, #597 ) ) ;
#1099 = CARTESIAN_POINT ( 'NONE',  ( -53.35000000000000142, 18.30000000000000071, -2.540000000000000036 ) ) ;
#1100 = CARTESIAN_POINT ( 'NONE',  ( 26.67999999999999972, 18.30000000000000071, -26.16999999999999815 ) ) ;
#1101 = PLANE ( 'NONE',  #1031 ) ;
#1102 = CYLINDRICAL_SURFACE ( 'NONE', #439, 0.5000000000000004441 ) ;
#1103 = VERTEX_POINT ( 'NONE', #1013 ) ;
#1104 = ADVANCED_FACE ( 'NONE', ( #1447 ), #329, .F. ) ;
#1105 = FACE_OUTER_BOUND ( 'NONE', #295, .T. ) ;
#1106 = VECTOR ( 'NONE', #994, 1000.000000000000000 ) ;
#1107 = CIRCLE ( 'NONE', #322, 0.5000000000000004441 ) ;
#1108 = APPLICATION_PROTOCOL_DEFINITION ( 'draft international standard', 'automotive_design', 1998, #153 ) ;
#1109 = CIRCLE ( 'NONE', #1128, 0.4999999999999987232 ) ;
#1110 = DIRECTION ( 'NONE',  ( 0.000000000000000000, 1.000000000000000000, 0.000000000000000000 ) ) ;
#1111 = ADVANCED_FACE ( 'NONE', ( #544 ), #881, .F. ) ;
#1112 = DIRECTION ( 'NONE',  ( 0.000000000000000000, -0.000000000000000000, 1.000000000000000000 ) ) ;
#1113 = FACE_BOUND ( 'NONE', #656, .T. ) ;
#1114 = SURFACE_STYLE_USAGE ( .BOTH. , #1425 ) ;
#1115 = AXIS2_PLACEMENT_3D ( 'NONE', #1119, #1110, #557 ) ;
#1116 = ORIENTED_EDGE ( 'NONE', *, *, #1458, .T. ) ;
#1117 = CARTESIAN_POINT ( 'NONE',  ( -59.50000000000000711, 0.000000000000000000, -31.55000000000000071 ) ) ;
#1118 = ADVANCED_FACE ( 'NONE', ( #808 ), #267, .T. ) ;
#1119 = CARTESIAN_POINT ( 'NONE',  ( -53.35000000000000142, 18.30000000000000071, 11.42999999999999972 ) ) ;
#1120 = CARTESIAN_POINT ( 'NONE',  ( 34.29999999999999716, 13.00000000000000000, -26.66999999999999815 ) ) ;
#1121 = PRESENTATION_STYLE_ASSIGNMENT (( #1114 ) ) ;
#1122 = EDGE_CURVE ( 'NONE', #341, #1264, #908, .T. ) ;
#1123 = CARTESIAN_POINT ( 'NONE',  ( 34.29999999999999716, 18.30000000000000071, -26.16999999999999815 ) ) ;
#1124 = SURFACE_STYLE_USAGE ( .BOTH. , #214 ) ;
#1125 = ORIENTED_EDGE ( 'NONE', *, *, #212, .T. ) ;
#1126 = CARTESIAN_POINT ( 'NONE',  ( -53.35000000000000142, 0.000000000000000000, -25.39999999999999858 ) ) ;
#1127 = COLOUR_RGB ( '',0.2980392156862745057, 0.2980392156862745057, 0.2980392156862745057 ) ;
#1128 = AXIS2_PLACEMENT_3D ( 'NONE', #947, #1200, #260 ) ;
#1129 = SURFACE_STYLE_FILL_AREA ( #426 ) ;
#1130 = ORIENTED_EDGE ( 'NONE', *, *, #1000, .F. ) ;
#1131 = CARTESIAN_POINT ( 'NONE',  ( 30.48999999999999844, 18.30000000000000071, -27.16999999999999815 ) ) ;
#1132 = VECTOR ( 'NONE', #621, 1000.000000000000000 ) ;
#1133 = EDGE_CURVE ( 'NONE', #445, #566, #1257, .T. ) ;
#1134 = VERTEX_POINT ( 'NONE', #1131 ) ;
#1135 = CARTESIAN_POINT ( 'NONE',  ( 53.35000000000000142, 0.000000000000000000, -26.99999999999999645 ) ) ;
#1136 = EDGE_LOOP ( 'NONE', ( #1378, #1346, #1232, #1262 ) ) ;
#1137 = CARTESIAN_POINT ( 'NONE',  ( 53.35000000000000142, 13.00000000000000000, -17.78000000000000114 ) ) ;
#1138 = ORIENTED_EDGE ( 'NONE', *, *, #553, .F. ) ;
#1139 = ORIENTED_EDGE ( 'NONE', *, *, #635, .T. ) ;
#1140 = CLOSED_SHELL ( 'NONE', ( #157, #1445, #1367, #1241, #955, #1029, #374, #617, #674, #1148, #649, #1167, #405, #463, #1312, #1111, #1104, #163, #1089, #942, #1324, #1218, #704, #1053, #548, #1118, #57, #980, #402, #360, #879, #1306, #1186, #1279, #150, #217, #1377, #1041, #311, #291, #787, #88, #30, #1222, #432, #690, #1047 ) ) ;
#1141 = DIRECTION ( 'NONE',  ( 0.000000000000000000, 1.000000000000000000, 0.000000000000000000 ) ) ;
#1142 = EDGE_LOOP ( 'NONE', ( #129, #1284 ) ) ;
#1143 = CARTESIAN_POINT ( 'NONE',  ( 34.29999999999999716, 13.00000000000000000, -26.66999999999999815 ) ) ;
#1144 = CARTESIAN_POINT ( 'NONE',  ( 30.48999999999999844, 18.30000000000000071, -26.66999999999999815 ) ) ;
#1145 = ADVANCED_BREP_SHAPE_REPRESENTATION ( 'CHAF202S540c-NCL1', ( #987, #1347 ), #182 ) ;
#1146 = ORIENTED_EDGE ( 'NONE', *, *, #784, .F. ) ;
#1147 = MECHANICAL_DESIGN_GEOMETRIC_PRESENTATION_REPRESENTATION (  '', ( #314 ), #703 ) ;
#1148 = ADVANCED_FACE ( 'NONE', ( #115 ), #456, .T. ) ;
#1149 = ORIENTED_EDGE ( 'NONE', *, *, #437, .F. ) ;
#1150 = CIRCLE ( 'NONE', #508, 1.599999999999997202 ) ;
#1151 = DIRECTION ( 'NONE',  ( -0.000000000000000000, 1.000000000000000000, -0.000000000000000000 ) ) ;
#1152 = CIRCLE ( 'NONE', #201, 0.5000000000000004441 ) ;
#1153 = CARTESIAN_POINT ( 'NONE',  ( -53.35000000000000142, 0.000000000000000000, -26.99999999999999645 ) ) ;
#1154 = CIRCLE ( 'NONE', #844, 0.9999999999999981126 ) ;
#1155 = ORIENTED_EDGE ( 'NONE', *, *, #1290, .F. ) ;
#1156 = ORIENTED_EDGE ( 'NONE', *, *, #382, .T. ) ;
#1157 = APPLICATION_PROTOCOL_DEFINITION ( 'draft international standard', 'automotive_design', 1998, #1002 ) ;
#1158 = EDGE_LOOP ( 'NONE', ( #461, #261, #92, #479 ) ) ;
#1159 = EDGE_CURVE ( 'NONE', #1242, #812, #1379, .T. ) ;
#1160 = CARTESIAN_POINT ( 'NONE',  ( -53.35000000000000142, 18.30000000000000071, -12.69999999999999929 ) ) ;
#1161 = EDGE_CURVE ( 'NONE', #933, #420, #334, .T. ) ;
#1162 = ORIENTED_EDGE ( 'NONE', *, *, #626, .F. ) ;
#1163 = ORIENTED_EDGE ( 'NONE', *, *, #926, .F. ) ;
#1164 = VERTEX_POINT ( 'NONE', #1259 ) ;
#1165 = VECTOR ( 'NONE', #612, 1000.000000000000000 ) ;
#1166 = DIRECTION ( 'NONE',  ( -0.000000000000000000, -1.000000000000000000, -0.000000000000000000 ) ) ;
#1167 = ADVANCED_FACE ( 'NONE', ( #1287 ), #7, .F. ) ;
#1168 = VERTEX_POINT ( 'NONE', #221 ) ;
#1169 = DIRECTION ( 'NONE',  ( 0.000000000000000000, 0.000000000000000000, -1.000000000000000000 ) ) ;
#1170 = DIRECTION ( 'NONE',  ( 0.000000000000000000, 1.000000000000000000, 0.000000000000000000 ) ) ;
#1171 =( GEOMETRIC_REPRESENTATION_CONTEXT ( 3 ) GLOBAL_UNCERTAINTY_ASSIGNED_CONTEXT ( ( #130 ) ) GLOBAL_UNIT_ASSIGNED_CONTEXT ( ( #1215, #308, #897 ) ) REPRESENTATION_CONTEXT ( 'NONE', 'WORKASPACE' ) );
#1172 = CARTESIAN_POINT ( 'NONE',  ( 53.35000000000000142, 13.00000000000000000, 18.77999999999999758 ) ) ;
#1173 = CIRCLE ( 'NONE', #83, 0.9999999999999974465 ) ;
#1174 = DIRECTION ( 'NONE',  ( 0.000000000000000000, 0.000000000000000000, -1.000000000000000000 ) ) ;
#1175 = EDGE_CURVE ( 'NONE', #60, #487, #769, .T. ) ;
#1176 = ORIENTED_EDGE ( 'NONE', *, *, #1133, .F. ) ;
#1177 = ORIENTED_EDGE ( 'NONE', *, *, #117, .T. ) ;
#1178 = DIRECTION ( 'NONE',  ( 0.000000000000000000, 0.000000000000000000, 1.000000000000000000 ) ) ;
#1179 = CARTESIAN_POINT ( 'NONE',  ( 26.67999999999999972, 18.30000000000000071, -26.16999999999999815 ) ) ;
#1180 = CARTESIAN_POINT ( 'NONE',  ( 38.10999999999999943, 18.30000000000000071, -26.67000000000000171 ) ) ;
#1181 = LINE ( 'NONE', #159, #1132 ) ;
#1182 =( GEOMETRIC_REPRESENTATION_CONTEXT ( 3 ) GLOBAL_UNCERTAINTY_ASSIGNED_CONTEXT ( ( #412 ) ) GLOBAL_UNIT_ASSIGNED_CONTEXT ( ( #442, #667, #1451 ) ) REPRESENTATION_CONTEXT ( 'NONE', 'WORKASPACE' ) );
#1183 = CARTESIAN_POINT ( 'NONE',  ( -53.35000000000000142, 0.000000000000000000, -26.99999999999999645 ) ) ;
#1184 = EDGE_LOOP ( 'NONE', ( #829, #332, #1412, #725 ) ) ;
#1185 = ORIENTED_EDGE ( 'NONE', *, *, #1, .F. ) ;
#1186 = ADVANCED_FACE ( 'NONE', ( #696 ), #1366, .T. ) ;
#1187 = DIRECTION ( 'NONE',  ( -0.000000000000000000, -1.000000000000000000, -0.000000000000000000 ) ) ;
#1188 = CARTESIAN_POINT ( 'NONE',  ( -53.35000000000000142, 13.00000000000000000, -25.39999999999999858 ) ) ;
#1189 = DIRECTION ( 'NONE',  ( -0.000000000000000000, -1.000000000000000000, -0.000000000000000000 ) ) ;
#1190 = CARTESIAN_POINT ( 'NONE',  ( -53.35000000000000142, 18.30000000000000071, -12.69999999999999929 ) ) ;
#1191 = LINE ( 'NONE', #975, #964 ) ;
#1192 =( GEOMETRIC_REPRESENTATION_CONTEXT ( 3 ) GLOBAL_UNCERTAINTY_ASSIGNED_CONTEXT ( ( #1272 ) ) GLOBAL_UNIT_ASSIGNED_CONTEXT ( ( #1238, #944, #838 ) ) REPRESENTATION_CONTEXT ( 'NONE', 'WORKASPACE' ) );
#1193 = ORIENTED_EDGE ( 'NONE', *, *, #700, .F. ) ;
#1194 = CARTESIAN_POINT ( 'NONE',  ( -53.35000000000000142, 18.30000000000000071, 7.620000000000000107 ) ) ;
#1195 = FACE_OUTER_BOUND ( 'NONE', #227, .T. ) ;
#1196 = CARTESIAN_POINT ( 'NONE',  ( -53.35000000000000142, 18.30000000000000071, 7.120000000000000995 ) ) ;
#1197 = PRESENTATION_STYLE_ASSIGNMENT (( #1416 ) ) ;
#1198 = EDGE_CURVE ( 'NONE', #472, #1103, #627, .T. ) ;
#1199 = EDGE_CURVE ( 'NONE', #403, #435, #16, .T. ) ;
#1200 = DIRECTION ( 'NONE',  ( -0.000000000000000000, 1.000000000000000000, -0.000000000000000000 ) ) ;
#1201 = AXIS2_PLACEMENT_3D ( 'NONE', #93, #1224, #203 ) ;
#1202 = ORIENTED_EDGE ( 'NONE', *, *, #673, .T. ) ;
#1203 = CIRCLE ( 'NONE', #292, 0.4999999999999987232 ) ;
#1204 = ORIENTED_EDGE ( 'NONE', *, *, #1122, .T. ) ;
#1205 = CARTESIAN_POINT ( 'NONE',  ( -53.35000000000000142, 18.30000000000000071, -2.540000000000000036 ) ) ;
#1206 = DIRECTION ( 'NONE',  ( 0.000000000000000000, 0.000000000000000000, 1.000000000000000000 ) ) ;
#1207 = AXIS2_PLACEMENT_3D ( 'NONE', #737, #633, #507 ) ;
#1208 = CARTESIAN_POINT ( 'NONE',  ( 59.50000000000000711, 13.00000000000000000, -31.55000000000000071 ) ) ;
#1209 = ORIENTED_EDGE ( 'NONE', *, *, #1011, .T. ) ;
#1210 = DIRECTION ( 'NONE',  ( -0.000000000000000000, -1.000000000000000000, -0.000000000000000000 ) ) ;
#1211 = DIRECTION ( 'NONE',  ( 0.000000000000000000, 0.000000000000000000, -1.000000000000000000 ) ) ;
#1212 = CARTESIAN_POINT ( 'NONE',  ( -53.35000000000000142, 18.30000000000000071, -1.540000000000002034 ) ) ;
#1213 = EDGE_CURVE ( 'NONE', #435, #478, #452, .T. ) ;
#1214 = FACE_BOUND ( 'NONE', #1319, .T. ) ;
#1215 =( LENGTH_UNIT ( ) NAMED_UNIT ( * ) SI_UNIT ( .MILLI., .METRE. ) );
#1216 = VERTEX_POINT ( 'NONE', #333 ) ;
#1217 = LINE ( 'NONE', #195, #32 ) ;
#1218 = ADVANCED_FACE ( 'NONE', ( #1468 ), #450, .F. ) ;
#1219 = DIRECTION ( 'NONE',  ( 0.000000000000000000, 0.000000000000000000, 1.000000000000000000 ) ) ;
#1220 = CARTESIAN_POINT ( 'NONE',  ( -53.35000000000000142, 13.00000000000000000, 8.119999999999999218 ) ) ;
#1221 = SURFACE_STYLE_USAGE ( .BOTH. , #771 ) ;
#1222 = ADVANCED_FACE ( 'NONE', ( #70 ), #993, .T. ) ;
#1223 = ORIENTED_EDGE ( 'NONE', *, *, #1458, .F. ) ;
#1224 = DIRECTION ( 'NONE',  ( -0.000000000000000000, -1.000000000000000000, -0.000000000000000000 ) ) ;
#1225 = CIRCLE ( 'NONE', #1032, 0.5000000000000004441 ) ;
#1226 = VECTOR ( 'NONE', #393, 1000.000000000000000 ) ;
#1227 = FACE_OUTER_BOUND ( 'NONE', #866, .T. ) ;
#1228 = FACE_OUTER_BOUND ( 'NONE', #320, .T. ) ;
#1229 = EDGE_CURVE ( 'NONE', #1370, #161, #193, .T. ) ;
#1230 = DIRECTION ( 'NONE',  ( 0.000000000000000000, 0.000000000000000000, 1.000000000000000000 ) ) ;
#1231 = AXIS2_PLACEMENT_3D ( 'NONE', #78, #323, #1014 ) ;
#1232 = ORIENTED_EDGE ( 'NONE', *, *, #475, .T. ) ;
#1233 = CARTESIAN_POINT ( 'NONE',  ( 53.35000000000000142, 13.00000000000000000, 17.78000000000000114 ) ) ;
#1234 = CARTESIAN_POINT ( 'NONE',  ( -53.35000000000000142, 0.000000000000000000, -25.39999999999999858 ) ) ;
#1235 = CARTESIAN_POINT ( 'NONE',  ( -53.35000000000000142, 18.30000000000000071, -12.69999999999999929 ) ) ;
#1236 = CYLINDRICAL_SURFACE ( 'NONE', #1358, 0.9999999999999974465 ) ;
#1237 = VERTEX_POINT ( 'NONE', #283 ) ;
#1238 =( LENGTH_UNIT ( ) NAMED_UNIT ( * ) SI_UNIT ( .MILLI., .METRE. ) );
#1239 = CARTESIAN_POINT ( 'NONE',  ( 59.50000000000000711, 0.000000000000000000, 31.55000000000000071 ) ) ;
#1240 =( LENGTH_UNIT ( ) NAMED_UNIT ( * ) SI_UNIT ( .MILLI., .METRE. ) );
#1241 = ADVANCED_FACE ( 'NONE', ( #390 ), #628, .T. ) ;
#1242 = VERTEX_POINT ( 'NONE', #158 ) ;
#1243 = DIRECTION ( 'NONE',  ( -0.000000000000000000, 1.000000000000000000, -0.000000000000000000 ) ) ;
#1244 = PRESENTATION_LAYER_ASSIGNMENT (  '', '', ( #986 ) ) ;
#1245 = AXIS2_PLACEMENT_3D ( 'NONE', #736, #1398, #497 ) ;
#1246 = ORIENTED_EDGE ( 'NONE', *, *, #259, .F. ) ;
#1247 = CARTESIAN_POINT ( 'NONE',  ( -53.35000000000000142, 18.30000000000000071, 10.92999999999999972 ) ) ;
#1248 = ORIENTED_EDGE ( 'NONE', *, *, #1330, .F. ) ;
#1249 = ORIENTED_EDGE ( 'NONE', *, *, #747, .T. ) ;
#1250 = DIRECTION ( 'NONE',  ( -0.000000000000000000, -1.000000000000000000, -0.000000000000000000 ) ) ;
#1251 = ORIENTED_EDGE ( 'NONE', *, *, #1213, .T. ) ;
#1252 = DIRECTION ( 'NONE',  ( -0.000000000000000000, 1.000000000000000000, -0.000000000000000000 ) ) ;
#1253 = EDGE_CURVE ( 'NONE', #988, #608, #63, .T. ) ;
#1254 = DIRECTION ( 'NONE',  ( -0.000000000000000000, -1.000000000000000000, -0.000000000000000000 ) ) ;
#1255 = ORIENTED_EDGE ( 'NONE', *, *, #1418, .F. ) ;
#1256 = EDGE_LOOP ( 'NONE', ( #1310, #782 ) ) ;
#1257 = CIRCLE ( 'NONE', #73, 0.5000000000000004441 ) ;
#1258 = CARTESIAN_POINT ( 'NONE',  ( 53.35000000000000142, 18.30000000000000071, 16.78000000000000469 ) ) ;
#1259 = CARTESIAN_POINT ( 'NONE',  ( 59.50000000000000711, 0.000000000000000000, -31.55000000000000071 ) ) ;
#1260 = CARTESIAN_POINT ( 'NONE',  ( 53.35000000000000142, 0.000000000000000000, -25.39999999999999858 ) ) ;
#1261 = EDGE_CURVE ( 'NONE', #686, #1134, #380, .T. ) ;
#1262 = ORIENTED_EDGE ( 'NONE', *, *, #792, .F. ) ;
#1263 = AXIS2_PLACEMENT_3D ( 'NONE', #1025, #1141, #122 ) ;
#1264 = VERTEX_POINT ( 'NONE', #527 ) ;
#1265 = PRODUCT_CONTEXT ( 'NONE', #153, 'mechanical' ) ;
#1266 = ORIENTED_EDGE ( 'NONE', *, *, #4, .F. ) ;
#1267 = DIRECTION ( 'NONE',  ( 0.000000000000000000, 0.000000000000000000, -1.000000000000000000 ) ) ;
#1268 = MECHANICAL_DESIGN_GEOMETRIC_PRESENTATION_REPRESENTATION (  '', ( #822 ), #1018 ) ;
#1269 = ORIENTED_EDGE ( 'NONE', *, *, #1459, .F. ) ;
#1270 = ORIENTED_EDGE ( 'NONE', *, *, #18, .T. ) ;
#1271 = VERTEX_POINT ( 'NONE', #500 ) ;
#1272 = UNCERTAINTY_MEASURE_WITH_UNIT (LENGTH_MEASURE( 1.000000000000000082E-05 ), #1238, 'distance_accuracy_value', 'NONE');
#1273 = AXIS2_PLACEMENT_3D ( 'NONE', #313, #324, #1452 ) ;
#1274 = FACE_OUTER_BOUND ( 'NONE', #1184, .T. ) ;
#1275 = EDGE_LOOP ( 'NONE', ( #52, #591, #102, #882 ) ) ;
#1276 = ORIENTED_EDGE ( 'NONE', *, *, #4, .T. ) ;
#1277 = DIRECTION ( 'NONE',  ( 0.000000000000000000, 0.000000000000000000, -1.000000000000000000 ) ) ;
#1278 = DIRECTION ( 'NONE',  ( -0.000000000000000000, -1.000000000000000000, -0.000000000000000000 ) ) ;
#1279 = ADVANCED_FACE ( 'NONE', ( #651 ), #745, .T. ) ;
#1280 = VECTOR ( 'NONE', #1399, 1000.000000000000000 ) ;
#1281 = AXIS2_PLACEMENT_3D ( 'NONE', #1373, #352, #760 ) ;
#1282 = DIRECTION ( 'NONE',  ( 0.000000000000000000, 0.000000000000000000, 1.000000000000000000 ) ) ;
#1283 = ORIENTED_EDGE ( 'NONE', *, *, #501, .T. ) ;
#1284 = ORIENTED_EDGE ( 'NONE', *, *, #869, .F. ) ;
#1285 = DIRECTION ( 'NONE',  ( -0.000000000000000000, -1.000000000000000000, -0.000000000000000000 ) ) ;
#1286 = PLANE ( 'NONE',  #1024 ) ;
#1287 = FACE_OUTER_BOUND ( 'NONE', #9, .T. ) ;
#1288 = DIRECTION ( 'NONE',  ( 0.000000000000000000, 1.000000000000000000, 0.000000000000000000 ) ) ;
#1289 = AXIS2_PLACEMENT_3D ( 'NONE', #1137, #711, #1054 ) ;
#1290 = EDGE_CURVE ( 'NONE', #1370, #420, #1069, .T. ) ;
#1291 = CARTESIAN_POINT ( 'NONE',  ( 22.87000000000000099, 13.00000000000000000, -26.66999999999999815 ) ) ;
#1292 = AXIS2_PLACEMENT_3D ( 'NONE', #1160, #1386, #1267 ) ;
#1293 = ORIENTED_EDGE ( 'NONE', *, *, #900, .T. ) ;
#1294 = ORIENTED_EDGE ( 'NONE', *, *, #1261, .T. ) ;
#1295 = LINE ( 'NONE', #1311, #389 ) ;
#1296 = DIRECTION ( 'NONE',  ( 0.000000000000000000, 1.000000000000000000, 0.000000000000000000 ) ) ;
#1297 = CARTESIAN_POINT ( 'NONE',  ( 22.87000000000000099, 18.30000000000000071, -26.66999999999999815 ) ) ;
#1298 = CARTESIAN_POINT ( 'NONE',  ( 53.35000000000000142, 0.000000000000000000, 25.40000000000000213 ) ) ;
#1299 = STYLED_ITEM ( 'NONE', ( #754 ), #1324 ) ;
#1300 = CARTESIAN_POINT ( 'NONE',  ( -53.35000000000000142, 18.30000000000000071, -11.70000000000000284 ) ) ;
#1301 = EDGE_CURVE ( 'NONE', #951, #1271, #276, .T. ) ;
#1302 = ORIENTED_EDGE ( 'NONE', *, *, #228, .F. ) ;
#1303 = CARTESIAN_POINT ( 'NONE',  ( 30.48999999999999844, 13.00000000000000000, -26.16999999999999815 ) ) ;
#1304 = PRODUCT ( 'CHAF202S540c-NCL1', 'CHAF202S540c-NCL1', '', ( #1265 ) ) ;
#1305 = DIRECTION ( 'NONE',  ( 0.000000000000000000, 0.000000000000000000, 1.000000000000000000 ) ) ;
#1306 = ADVANCED_FACE ( 'NONE', ( #189 ), #1437, .T. ) ;
#1307 = CARTESIAN_POINT ( 'NONE',  ( -53.35000000000000142, 0.000000000000000000, 23.80000000000000071 ) ) ;
#1308 = DIRECTION ( 'NONE',  ( 0.000000000000000000, 0.000000000000000000, -1.000000000000000000 ) ) ;
#1309 = CARTESIAN_POINT ( 'NONE',  ( 53.35000000000000142, 13.00000000000000000, -18.77999999999999758 ) ) ;
#1310 = ORIENTED_EDGE ( 'NONE', *, *, #852, .T. ) ;
#1311 = CARTESIAN_POINT ( 'NONE',  ( 59.50000000000000711, 0.000000000000000000, 31.55000000000000071 ) ) ;
#1312 = ADVANCED_FACE ( 'NONE', ( #954 ), #849, .F. ) ;
#1313 = SURFACE_STYLE_FILL_AREA ( #56 ) ;
#1314 = AXIS2_PLACEMENT_3D ( 'NONE', #418, #1019, #331 ) ;
#1315 = EDGE_CURVE ( 'NONE', #960, #917, #698, .T. ) ;
#1316 = LINE ( 'NONE', #1079, #870 ) ;
#1317 = AXIS2_PLACEMENT_3D ( 'NONE', #1235, #1051, #1434 ) ;
#1318 = VECTOR ( 'NONE', #1380, 1000.000000000000000 ) ;
#1319 = EDGE_LOOP ( 'NONE', ( #237, #1248 ) ) ;
#1320 = FACE_OUTER_BOUND ( 'NONE', #468, .T. ) ;
#1321 = UNCERTAINTY_MEASURE_WITH_UNIT (LENGTH_MEASURE( 1.000000000000000082E-05 ), #643, 'distance_accuracy_value', 'NONE');
#1322 = AXIS2_PLACEMENT_3D ( 'NONE', #258, #373, #613 ) ;
#1323 = FACE_OUTER_BOUND ( 'NONE', #473, .T. ) ;
#1324 = ADVANCED_FACE ( 'NONE', ( #165, #1076, #423, #181, #399 ), #973, .T. ) ;
#1325 = ORIENTED_EDGE ( 'NONE', *, *, #676, .T. ) ;
#1326 = CARTESIAN_POINT ( 'NONE',  ( 53.35000000000000142, 0.000000000000000000, 27.00000000000000000 ) ) ;
#1327 = LINE ( 'NONE', #1100, #594 ) ;
#1328 = DIRECTION ( 'NONE',  ( -0.000000000000000000, -1.000000000000000000, -0.000000000000000000 ) ) ;
#1329 = DIRECTION ( 'NONE',  ( 0.000000000000000000, 0.000000000000000000, -1.000000000000000000 ) ) ;
#1330 = EDGE_CURVE ( 'NONE', #286, #1030, #1040, .T. ) ;
#1331 = FILL_AREA_STYLE_COLOUR ( '', #1450 ) ;
#1332 = ORIENTED_EDGE ( 'NONE', *, *, #277, .F. ) ;
#1333 = DIRECTION ( 'NONE',  ( 0.000000000000000000, 0.000000000000000000, 1.000000000000000000 ) ) ;
#1334 = AXIS2_PLACEMENT_3D ( 'NONE', #520, #414, #304 ) ;
#1335 = DIRECTION ( 'NONE',  ( 0.000000000000000000, 0.000000000000000000, 1.000000000000000000 ) ) ;
#1336 = LINE ( 'NONE', #80, #842 ) ;
#1337 = FACE_BOUND ( 'NONE', #6, .T. ) ;
#1338 =( NAMED_UNIT ( * ) SI_UNIT ( $, .STERADIAN. ) SOLID_ANGLE_UNIT ( ) );
#1339 = ORIENTED_EDGE ( 'NONE', *, *, #106, .T. ) ;
#1340 = DIRECTION ( 'NONE',  ( 0.000000000000000000, 0.000000000000000000, 1.000000000000000000 ) ) ;
#1341 = LINE ( 'NONE', #991, #518 ) ;
#1342 = AXIS2_PLACEMENT_3D ( 'NONE', #458, #22, #126 ) ;
#1343 = CARTESIAN_POINT ( 'NONE',  ( 30.48999999999999844, 18.30000000000000071, -26.66999999999999815 ) ) ;
#1344 = LINE ( 'NONE', #789, #1106 ) ;
#1345 = CARTESIAN_POINT ( 'NONE',  ( 53.35000000000000142, 18.30000000000000071, 17.78000000000000114 ) ) ;
#1346 = ORIENTED_EDGE ( 'NONE', *, *, #1422, .T. ) ;
#1347 = AXIS2_PLACEMENT_3D ( 'NONE', #562, #899, #330 ) ;
#1348 = DIRECTION ( 'NONE',  ( -0.000000000000000000, 1.000000000000000000, -0.000000000000000000 ) ) ;
#1349 = EDGE_CURVE ( 'NONE', #1134, #474, #1008, .T. ) ;
#1350 = DIRECTION ( 'NONE',  ( -0.000000000000000000, -1.000000000000000000, -0.000000000000000000 ) ) ;
#1351 = ORIENTED_EDGE ( 'NONE', *, *, #1161, .F. ) ;
#1352 = DIRECTION ( 'NONE',  ( 0.000000000000000000, 1.000000000000000000, 0.000000000000000000 ) ) ;
#1353 = CIRCLE ( 'NONE', #451, 0.5000000000000004441 ) ;
#1354 = VECTOR ( 'NONE', #1083, 1000.000000000000000 ) ;
#1355 = CARTESIAN_POINT ( 'NONE',  ( -53.35000000000000142, 13.00000000000000000, 11.42999999999999972 ) ) ;
#1356 = ORIENTED_EDGE ( 'NONE', *, *, #424, .T. ) ;
#1357 = CARTESIAN_POINT ( 'NONE',  ( 26.67999999999999972, 13.00000000000000000, -26.66999999999999815 ) ) ;
#1358 = AXIS2_PLACEMENT_3D ( 'NONE', #1345, #675, #543 ) ;
#1359 = VECTOR ( 'NONE', #190, 1000.000000000000000 ) ;
#1360 = VECTOR ( 'NONE', #480, 1000.000000000000000 ) ;
#1361 = ORIENTED_EDGE ( 'NONE', *, *, #927, .T. ) ;
#1362 = CIRCLE ( 'NONE', #728, 1.599999999999997202 ) ;
#1363 = EDGE_CURVE ( 'NONE', #940, #341, #825, .T. ) ;
#1364 = DIRECTION ( 'NONE',  ( 0.000000000000000000, 0.000000000000000000, 1.000000000000000000 ) ) ;
#1365 = ORIENTED_EDGE ( 'NONE', *, *, #1199, .T. ) ;
#1366 = PLANE ( 'NONE',  #1010 ) ;
#1367 = ADVANCED_FACE ( 'NONE', ( #1227 ), #213, .T. ) ;
#1368 = LINE ( 'NONE', #1153, #319 ) ;
#1369 = CIRCLE ( 'NONE', #1465, 0.9999999999999978906 ) ;
#1370 = VERTEX_POINT ( 'NONE', #1123 ) ;
#1371 = ORIENTED_EDGE ( 'NONE', *, *, #962, .F. ) ;
#1372 = CARTESIAN_POINT ( 'NONE',  ( -53.35000000000000142, 0.000000000000000000, 23.80000000000000071 ) ) ;
#1373 = CARTESIAN_POINT ( 'NONE',  ( 53.35000000000000142, 0.000000000000000000, -25.39999999999999858 ) ) ;
#1374 = EDGE_CURVE ( 'NONE', #384, #152, #1369, .T. ) ;
#1375 = FACE_OUTER_BOUND ( 'NONE', #859, .T. ) ;
#1376 = EDGE_LOOP ( 'NONE', ( #1057, #179 ) ) ;
#1377 = ADVANCED_FACE ( 'NONE', ( #668 ), #659, .T. ) ;
#1378 = ORIENTED_EDGE ( 'NONE', *, *, #1175, .F. ) ;
#1379 = CIRCLE ( 'NONE', #140, 0.9999999999999974465 ) ;
#1380 = DIRECTION ( 'NONE',  ( -0.000000000000000000, -1.000000000000000000, -0.000000000000000000 ) ) ;
#1381 = ORIENTED_EDGE ( 'NONE', *, *, #673, .F. ) ;
#1382 = EDGE_LOOP ( 'NONE', ( #913, #262 ) ) ;
#1383 = ORIENTED_EDGE ( 'NONE', *, *, #185, .T. ) ;
#1384 = AXIS2_PLACEMENT_3D ( 'NONE', #546, #998, #321 ) ;
#1385 = AXIS2_PLACEMENT_3D ( 'NONE', #149, #401, #59 ) ;
#1386 = DIRECTION ( 'NONE',  ( -0.000000000000000000, -1.000000000000000000, -0.000000000000000000 ) ) ;
#1387 = AXIS2_PLACEMENT_3D ( 'NONE', #945, #1400, #862 ) ;
#1388 = EDGE_LOOP ( 'NONE', ( #896, #1177, #602, #455 ) ) ;
#1389 = ORIENTED_EDGE ( 'NONE', *, *, #898, .F. ) ;
#1390 = CARTESIAN_POINT ( 'NONE',  ( -53.35000000000000142, 0.000000000000000000, 25.39999999999999858 ) ) ;
#1391 = CARTESIAN_POINT ( 'NONE',  ( 53.35000000000000142, 18.30000000000000071, -16.78000000000000469 ) ) ;
#1392 = EDGE_CURVE ( 'NONE', #1026, #1030, #547, .T. ) ;
#1393 = CARTESIAN_POINT ( 'NONE',  ( 53.35000000000000142, 18.30000000000000071, -16.78000000000000469 ) ) ;
#1394 = LINE ( 'NONE', #691, #128 ) ;
#1395 = PRODUCT_DEFINITION_SHAPE ( 'NONE', 'NONE',  #762 ) ;
#1396 = VERTEX_POINT ( 'NONE', #1239 ) ;
#1397 = ORIENTED_EDGE ( 'NONE', *, *, #796, .T. ) ;
#1398 = DIRECTION ( 'NONE',  ( -0.000000000000000000, 1.000000000000000000, -0.000000000000000000 ) ) ;
#1399 = DIRECTION ( 'NONE',  ( 1.000000000000000000, 0.000000000000000000, 0.000000000000000000 ) ) ;
#1400 = DIRECTION ( 'NONE',  ( 1.000000000000000000, -0.000000000000000000, 0.000000000000000000 ) ) ;
#1401 = AXIS2_PLACEMENT_3D ( 'NONE', #644, #857, #537 ) ;
#1402 = DIRECTION ( 'NONE',  ( 0.000000000000000000, -0.000000000000000000, 1.000000000000000000 ) ) ;
#1403 = ORIENTED_EDGE ( 'NONE', *, *, #515, .T. ) ;
#1404 = ORIENTED_EDGE ( 'NONE', *, *, #553, .T. ) ;
#1405 = DIRECTION ( 'NONE',  ( -0.000000000000000000, 1.000000000000000000, -0.000000000000000000 ) ) ;
#1406 = AXIS2_PLACEMENT_3D ( 'NONE', #664, #409, #209 ) ;
#1407 = LINE ( 'NONE', #972, #948 ) ;
#1408 = CARTESIAN_POINT ( 'NONE',  ( 53.35000000000000142, 0.000000000000000000, -25.39999999999999858 ) ) ;
#1409 = CYLINDRICAL_SURFACE ( 'NONE', #724, 0.4999999999999987232 ) ;
#1410 = VECTOR ( 'NONE', #609, 1000.000000000000000 ) ;
#1411 = CARTESIAN_POINT ( 'NONE',  ( -53.35000000000000142, 18.30000000000000071, -12.69999999999999929 ) ) ;
#1412 = ORIENTED_EDGE ( 'NONE', *, *, #204, .T. ) ;
#1413 = DIRECTION ( 'NONE',  ( 0.000000000000000000, 1.000000000000000000, 0.000000000000000000 ) ) ;
#1414 = PLANE ( 'NONE',  #904 ) ;
#1415 = DIRECTION ( 'NONE',  ( 0.000000000000000000, 0.000000000000000000, -1.000000000000000000 ) ) ;
#1416 = SURFACE_STYLE_USAGE ( .BOTH. , #722 ) ;
#1417 = FACE_BOUND ( 'NONE', #631, .T. ) ;
#1418 = EDGE_CURVE ( 'NONE', #23, #251, #396, .T. ) ;
#1419 = EDGE_LOOP ( 'NONE', ( #1448, #361, #665, #496 ) ) ;
#1420 = CARTESIAN_POINT ( 'NONE',  ( -53.35000000000000142, 13.00000000000000000, 23.80000000000000071 ) ) ;
#1421 = SURFACE_SIDE_STYLE ('',( #1313 ) ) ;
#1422 = EDGE_CURVE ( 'NONE', #60, #566, #1327, .T. ) ;
#1423 = CARTESIAN_POINT ( 'NONE',  ( 53.35000000000000142, 0.000000000000000000, -25.39999999999999858 ) ) ;
#1424 = AXIS2_PLACEMENT_3D ( 'NONE', #446, #1352, #465 ) ;
#1425 = SURFACE_SIDE_STYLE ('',( #890 ) ) ;
#1426 = ORIENTED_EDGE ( 'NONE', *, *, #889, .F. ) ;
#1427 = DIRECTION ( 'NONE',  ( 0.000000000000000000, 0.000000000000000000, 1.000000000000000000 ) ) ;
#1428 = DIRECTION ( 'NONE',  ( -0.000000000000000000, -1.000000000000000000, -0.000000000000000000 ) ) ;
#1429 = DIRECTION ( 'NONE',  ( -0.000000000000000000, -1.000000000000000000, -0.000000000000000000 ) ) ;
#1430 = FACE_BOUND ( 'NONE', #121, .T. ) ;
#1431 = FACE_OUTER_BOUND ( 'NONE', #377, .T. ) ;
#1432 = PRESENTATION_LAYER_ASSIGNMENT (  '', '', ( #662 ) ) ;
#1433 = ORIENTED_EDGE ( 'NONE', *, *, #1418, .T. ) ;
#1434 = DIRECTION ( 'NONE',  ( 0.000000000000000000, 0.000000000000000000, -1.000000000000000000 ) ) ;
#1435 = CARTESIAN_POINT ( 'NONE',  ( -53.35000000000000142, 13.00000000000000000, -12.69999999999999929 ) ) ;
#1436 = EDGE_CURVE ( 'NONE', #478, #435, #368, .T. ) ;
#1437 = CYLINDRICAL_SURFACE ( 'NONE', #1334, 0.9999999999999978906 ) ;
#1438 = CARTESIAN_POINT ( 'NONE',  ( -53.35000000000000142, 13.00000000000000000, 7.620000000000000107 ) ) ;
#1439 = FILL_AREA_STYLE_COLOUR ( '', #535 ) ;
#1440 = FILL_AREA_STYLE ('',( #1331 ) ) ;
#1441 = ORIENTED_EDGE ( 'NONE', *, *, #318, .T. ) ;
#1442 = CARTESIAN_POINT ( 'NONE',  ( -53.35000000000000142, 0.000000000000000000, -25.39999999999999858 ) ) ;
#1443 = DIRECTION ( 'NONE',  ( 0.000000000000000000, 0.000000000000000000, 1.000000000000000000 ) ) ;
#1444 = CARTESIAN_POINT ( 'NONE',  ( -53.35000000000000142, 13.00000000000000000, -2.540000000000000036 ) ) ;
#1445 = ADVANCED_FACE ( 'NONE', ( #556 ), #312, .T. ) ;
#1446 =( LENGTH_UNIT ( ) NAMED_UNIT ( * ) SI_UNIT ( .MILLI., .METRE. ) );
#1447 = FACE_OUTER_BOUND ( 'NONE', #1419, .T. ) ;
#1448 = ORIENTED_EDGE ( 'NONE', *, *, #366, .T. ) ;
#1449 = CYLINDRICAL_SURFACE ( 'NONE', #1201, 0.4999999999999987232 ) ;
#1450 = COLOUR_RGB ( '',0.2980392156862745057, 0.2980392156862745057, 0.2980392156862745057 ) ;
#1451 =( NAMED_UNIT ( * ) SI_UNIT ( $, .STERADIAN. ) SOLID_ANGLE_UNIT ( ) );
#1452 = DIRECTION ( 'NONE',  ( 0.000000000000000000, -0.000000000000000000, -1.000000000000000000 ) ) ;
#1453 = CARTESIAN_POINT ( 'NONE',  ( 53.35000000000000142, 13.00000000000000000, -26.99999999999999645 ) ) ;
#1454 = VECTOR ( 'NONE', #912, 1000.000000000000000 ) ;
#1455 = DIRECTION ( 'NONE',  ( 0.000000000000000000, -0.000000000000000000, -1.000000000000000000 ) ) ;
#1456 = ORIENTED_EDGE ( 'NONE', *, *, #784, .T. ) ;
#1457 = PRESENTATION_STYLE_ASSIGNMENT (( #184 ) ) ;
#1458 = EDGE_CURVE ( 'NONE', #453, #790, #1341, .T. ) ;
#1459 = EDGE_CURVE ( 'NONE', #735, #86, #785, .T. ) ;
#1460 =( NAMED_UNIT ( * ) SI_UNIT ( $, .STERADIAN. ) SOLID_ANGLE_UNIT ( ) );
#1461 = CIRCLE ( 'NONE', #225, 0.5000000000000004441 ) ;
#1462 = FILL_AREA_STYLE ('',( #663 ) ) ;
#1463 = ORIENTED_EDGE ( 'NONE', *, *, #796, .F. ) ;
#1464 = DIRECTION ( 'NONE',  ( 0.000000000000000000, 0.000000000000000000, -1.000000000000000000 ) ) ;
#1465 = AXIS2_PLACEMENT_3D ( 'NONE', #205, #766, #196 ) ;
#1466 = CARTESIAN_POINT ( 'NONE',  ( 53.35000000000000142, 13.00000000000000000, -23.80000000000000071 ) ) ;
#1467 = ORIENTED_EDGE ( 'NONE', *, *, #1229, .F. ) ;
#1468 = FACE_OUTER_BOUND ( 'NONE', #1275, .T. ) ;
ENDSEC;
END-ISO-10303-21;
