ISO-10303-21;
HEADER;
FILE_DESCRIPTION (( 'STEP AP214' ),
    '1' );
FILE_NAME ('49F3D82E-C761-4748-AC31-EB8ADBD85B53.STEP',
    '2026-07-24T08:54:16',
    ( '' ),
    ( '' ),
    'SwSTEP 2.0',
    'SolidWorks 2022',
    '' );
FILE_SCHEMA (( 'AUTOMOTIVE_DESIGN' ));
ENDSEC;

DATA;
#1 =( BOUNDED_SURFACE ( )  B_SPLINE_SURFACE ( 3, 3, ( 
 ( #359, #220, #50, #371 ),
 ( #801, #200, #86, #609 ),
 ( #773, #349, #1186, #1485 ),
 ( #209, #1745, #1530, #1388 ) ),
 .UNSPECIFIED., .F., .F., .T. ) 
 B_SPLINE_SURFACE_WITH_KNOTS ( ( 4, 4 ),
 ( 4, 4 ),
 ( 0.0000000000000000000, 1.000000000000000000 ),
 ( 0.0000000000000000000, 1.000000000000000000 ),
 .UNSPECIFIED. ) 
 GEOMETRIC_REPRESENTATION_ITEM ( )  RATIONAL_B_SPLINE_SURFACE ( (
 ( 1.000000000000000000, 0.3333333333333334259, 0.3333333333333334259, 1.000000000000000000),
 ( 0.8025111867312870739, 0.2675037289104291172, 0.2675037289104291172, 0.8025111867312870739),
 ( 0.8025111867312870739, 0.2675037289104291172, 0.2675037289104291172, 0.8025111867312870739),
 ( 1.000000000000000000, 0.3333333333333334259, 0.3333333333333334259, 1.000000000000000000) ) ) 
 REPRESENTATION_ITEM ( '' )  SURFACE ( )  );
#2 = FACE_OUTER_BOUND ( 'NONE', #1127, .T. ) ;
#3 = CARTESIAN_POINT ( 'NONE',  ( -0.001169999999999999166, 0.001549999999999999295, 0.003594834744105710085 ) ) ;
#4 = VERTEX_POINT ( 'NONE', #1405 ) ;
#5 = CYLINDRICAL_SURFACE ( 'NONE', #1173, 0.0001000000000000000048 ) ;
#6 = CARTESIAN_POINT ( 'NONE',  ( -0.001170000000000000033, -0.001649999999999999991, 0.002439999999999999895 ) ) ;
#7 = ORIENTED_EDGE ( 'NONE', *, *, #657, .F. ) ;
#8 = ORIENTED_EDGE ( 'NONE', *, *, #656, .F. ) ;
#9 = AXIS2_PLACEMENT_3D ( 'NONE', #123, #405, #528 ) ;
#10 = CARTESIAN_POINT ( 'NONE',  ( -0.001069999999999999771, -0.001549999999999999946, 0.0002000000000000000367 ) ) ;
#11 = DIRECTION ( 'NONE',  ( 0.0000000000000000000, 0.0000000000000000000, -1.000000000000000000 ) ) ;
#12 = ORIENTED_EDGE ( 'NONE', *, *, #274, .T. ) ;
#13 = CARTESIAN_POINT ( 'NONE',  ( 0.001170000000000000033, 0.002949999999999999931, 0.002439999999999999895 ) ) ;
#14 = EDGE_CURVE ( 'NONE', #1634, #702, #1562, .T. ) ;
#15 = PLANE ( 'NONE',  #398 ) ;
#16 =( GEOMETRIC_REPRESENTATION_CONTEXT ( 3 ) GLOBAL_UNCERTAINTY_ASSIGNED_CONTEXT ( ( #1243 ) ) GLOBAL_UNIT_ASSIGNED_CONTEXT ( ( #586, #46, #607 ) ) REPRESENTATION_CONTEXT ( 'NONE', 'WORKASPACE' ) );
#17 = ADVANCED_FACE ( '3:26659', ( #36 ), #108, .T. ) ;
#18 = CIRCLE ( 'NONE', #1377, 0.0001000000000000000454 ) ;
#19 = CARTESIAN_POINT ( 'NONE',  ( 0.008824834744105709491, -0.003050000000000000194, 0.003594834744105710085 ) ) ;
#20 = ORIENTED_EDGE ( 'NONE', *, *, #865, .T. ) ;
#21 = LINE ( 'NONE', #1592, #1313 ) ;
#22 = FACE_OUTER_BOUND ( 'NONE', #1272, .T. ) ;
#23 = ORIENTED_EDGE ( 'NONE', *, *, #599, .T. ) ;
#24 = DIRECTION ( 'NONE',  ( -0.0000000000000000000, -0.0000000000000000000, -1.000000000000000000 ) ) ;
#25 = CARTESIAN_POINT ( 'NONE',  ( 0.001170000000000000250, -0.001650000000000000208, 0.002440000000000000328 ) ) ;
#26 = LINE ( 'NONE', #470, #548 ) ;
#27 = FILL_AREA_STYLE ('',( #1301 ) ) ;
#28 = ADVANCED_FACE ( '0:382', ( #173 ), #877, .T. ) ;
#29 = CARTESIAN_POINT ( 'NONE',  ( -0.001170000000000000033, 0.001649999999999999991, 0.0001000000000000000454 ) ) ;
#30 = FACE_OUTER_BOUND ( 'NONE', #1065, .T. ) ;
#31 = ORIENTED_EDGE ( 'NONE', *, *, #276, .F. ) ;
#32 = CARTESIAN_POINT ( 'NONE',  ( 0.001240710678118654882, -0.001649999999999999991, 2.928932188134541342E-05 ) ) ;
#33 = ORIENTED_EDGE ( 'NONE', *, *, #1453, .F. ) ;
#34 = DIRECTION ( 'NONE',  ( -1.000000000000000000, -0.0000000000000000000, -0.0000000000000000000 ) ) ;
#35 = LINE ( 'NONE', #57, #1793 ) ;
#36 = FACE_OUTER_BOUND ( 'NONE', #75, .T. ) ;
#37 = EDGE_CURVE ( 'NONE', #615, #1344, #1063, .T. ) ;
#38 = DIRECTION ( 'NONE',  ( 0.0000000000000000000, 0.0000000000000000000, 1.000000000000000000 ) ) ;
#39 = DIRECTION ( 'NONE',  ( 0.0000000000000000000, 0.0000000000000000000, -1.000000000000000000 ) ) ;
#40 = AXIS2_PLACEMENT_3D ( 'NONE', #559, #1170, #434 ) ;
#41 = CARTESIAN_POINT ( 'NONE',  ( -0.001170000000000000900, 0.001649999999999999340, 0.002439999999999999895 ) ) ;
#42 = EDGE_LOOP ( 'NONE', ( #1291, #983, #23, #800 ) ) ;
#43 = CARTESIAN_POINT ( 'NONE',  ( 0.001170000000000000033, 0.003020710678118655648, 0.002510710678118655611 ) ) ;
#44 = DIRECTION ( 'NONE',  ( -1.000000000000000000, 0.0000000000000000000, 0.0000000000000000000 ) ) ;
#45 = AXIS2_PLACEMENT_3D ( 'NONE', #180, #1464, #1176 ) ;
#46 =( NAMED_UNIT ( * ) PLANE_ANGLE_UNIT ( ) SI_UNIT ( $, .RADIAN. ) );
#47 = AXIS2_PLACEMENT_3D ( 'NONE', #922, #1459, #487 ) ;
#48 = AXIS2_PLACEMENT_3D ( 'NONE', #158, #1565, #1686 ) ;
#49 = DIRECTION ( 'NONE',  ( 0.0000000000000000000, -1.000000000000000000, 0.0000000000000000000 ) ) ;
#50 = CARTESIAN_POINT ( 'NONE',  ( -0.001240710678118655966, -0.001649999999999999991, 0.002510710678118655177 ) ) ;
#51 = AXIS2_PLACEMENT_3D ( 'NONE', #1721, #189, #1316 ) ;
#52 = CARTESIAN_POINT ( 'NONE',  ( 0.001240041115078380305, -0.001450008882578210194, 0.0001713739602276422459 ) ) ;
#53 = CYLINDRICAL_SURFACE ( 'NONE', #1765, 9.999999999999982861E-05 ) ;
#54 = ADVANCED_FACE ( '3:28679', ( #325 ), #1743, .T. ) ;
#55 = ORIENTED_EDGE ( 'NONE', *, *, #353, .T. ) ;
#56 = CARTESIAN_POINT ( 'NONE',  ( 0.001170000000000000033, 0.003020710678118655648, 0.002510710678118655177 ) ) ;
#57 = CARTESIAN_POINT ( 'NONE',  ( -0.001270000000000000078, -0.001649999999999999991, 0.003594834744105710085 ) ) ;
#58 = CARTESIAN_POINT ( 'NONE',  ( 0.001240710678118655316, -0.001650000000000000208, 0.002510710678118654310 ) ) ;
#59 = DIRECTION ( 'NONE',  ( 1.000000000000000000, 0.0000000000000000000, 0.0000000000000000000 ) ) ;
#60 = CARTESIAN_POINT ( 'NONE',  ( 0.001170000000000000033, 0.002949999999999999498, 9.999999999999980150E-05 ) ) ;
#61 = VERTEX_POINT ( 'NONE', #154 ) ;
#62 = CARTESIAN_POINT ( 'NONE',  ( -0.001170000000000000033, 0.002949999999999999931, 9.999999999999980150E-05 ) ) ;
#63 = CIRCLE ( 'NONE', #1053, 0.0001000000000000000048 ) ;
#64 = CARTESIAN_POINT ( 'NONE',  ( 0.001282164124680903539, -0.001448896448480525801, 0.002409962439680782536 ) ) ;
#65 = ORIENTED_EDGE ( 'NONE', *, *, #440, .F. ) ;
#66 = CARTESIAN_POINT ( 'NONE',  ( -0.001069999999999999988, 0.0000000000000000000, 0.0004099999999999999912 ) ) ;
#67 = VECTOR ( 'NONE', #879, 1.000000000000000000 ) ;
#68 = DIRECTION ( 'NONE',  ( 0.0000000000000000000, 0.0000000000000000000, -1.000000000000000000 ) ) ;
#69 = DIRECTION ( 'NONE',  ( -0.0000000000000000000, -1.000000000000000000, -0.0000000000000000000 ) ) ;
#70 = ORIENTED_EDGE ( 'NONE', *, *, #1712, .T. ) ;
#71 = DIRECTION ( 'NONE',  ( -0.0000000000000000000, -1.000000000000000000, -0.0000000000000000000 ) ) ;
#72 = ADVANCED_FACE ( '3:23479', ( #1147 ), #732, .F. ) ;
#73 = CIRCLE ( 'NONE', #1501, 0.0001000000000000000454 ) ;
#74 = CARTESIAN_POINT ( 'NONE',  ( 0.001240710678118655532, -0.001649999999999998907, 0.002510710678118655611 ) ) ;
#75 = EDGE_LOOP ( 'NONE', ( #196, #228, #234, #726 ) ) ;
#76 = DIRECTION ( 'NONE',  ( 0.0000000000000000000, 0.0000000000000000000, -1.000000000000000000 ) ) ;
#77 = CARTESIAN_POINT ( 'NONE',  ( 0.001170000000000000033, 0.001579289321881345359, 2.928932188134476290E-05 ) ) ;
#78 = ADVANCED_BREP_SHAPE_REPRESENTATION ( '49F3D82E-C761-4748-AC31-EB8ADBD85B53', ( #836, #1493 ), #156 ) ;
#79 = AXIS2_PLACEMENT_3D ( 'NONE', #582, #1163, #1268 ) ;
#80 = CARTESIAN_POINT ( 'NONE',  ( 0.001170000000000000033, 0.001621020880055965962, 0.002552442236293275997 ) ) ;
#81 = DIRECTION ( 'NONE',  ( 0.0000000000000000000, 0.0000000000000000000, -1.000000000000000000 ) ) ;
#82 = ORIENTED_EDGE ( 'NONE', *, *, #502, .F. ) ;
#83 = DIRECTION ( 'NONE',  ( -1.000000000000000000, 0.0000000000000000000, -0.0000000000000000000 ) ) ;
#84 = DIRECTION ( 'NONE',  ( -1.000000000000000000, -6.672013369141570394E-17, 0.0000000000000000000 ) ) ;
#85 = VERTEX_POINT ( 'NONE', #1734 ) ;
#86 = CARTESIAN_POINT ( 'NONE',  ( -0.001282442236294294201, -0.001531965328898100527, 0.002468979119943016508 ) ) ;
#87 = CARTESIAN_POINT ( 'NONE',  ( -0.001169999999999999599, 0.001579289321881345142, 0.002510710678118655177 ) ) ;
#88 = VERTEX_POINT ( 'NONE', #462 ) ;
#89 = CARTESIAN_POINT ( 'NONE',  ( -0.001240710678118655316, -0.002949999999999999931, 0.002510710678118655177 ) ) ;
#90 = CARTESIAN_POINT ( 'NONE',  ( -0.001170000000000000033, 0.003020710678118654780, 0.002510710678118655177 ) ) ;
#91 = EDGE_LOOP ( 'NONE', ( #652, #676, #1295, #722 ) ) ;
#92 = CARTESIAN_POINT ( 'NONE',  ( 0.0000000000000000000, 0.0000000000000000000, 0.0000000000000000000 ) ) ;
#93 = EDGE_CURVE ( 'NONE', #783, #1461, #247, .T. ) ;
#94 = DIRECTION ( 'NONE',  ( 0.0000000000000000000, -1.000000000000000000, 0.0000000000000000000 ) ) ;
#95 = FACE_OUTER_BOUND ( 'NONE', #681, .T. ) ;
#96 = EDGE_CURVE ( 'NONE', #1748, #573, #1434, .T. ) ;
#97 = CIRCLE ( 'NONE', #1140, 0.0001000000000000000183 ) ;
#98 = CARTESIAN_POINT ( 'NONE',  ( -0.001098626039772358483, -0.002949999999999998630, 2.995888492161858079E-05 ) ) ;
#99 = AXIS2_PLACEMENT_3D ( 'NONE', #1537, #847, #1531 ) ;
#100 = ORIENTED_EDGE ( 'NONE', *, *, #798, .F. ) ;
#101 = FACE_OUTER_BOUND ( 'NONE', #1776, .T. ) ;
#102 = ORIENTED_EDGE ( 'NONE', *, *, #1146, .F. ) ;
#103 = DIRECTION ( 'NONE',  ( 1.000000000000000000, 6.672013369141570394E-17, -0.0000000000000000000 ) ) ;
#104 = AXIS2_PLACEMENT_3D ( 'NONE', #883, #1730, #1004 ) ;
#105 = EDGE_CURVE ( 'NONE', #224, #944, #191, .T. ) ;
#106 = DIRECTION ( 'NONE',  ( 0.0000000000000000000, -1.000000000000000000, 0.0000000000000000000 ) ) ;
#107 = VERTEX_POINT ( 'NONE', #291 ) ;
#108 =( BOUNDED_SURFACE ( )  B_SPLINE_SURFACE ( 3, 3, ( 
 ( #595, #1600, #283, #1159 ),
 ( #1422, #296, #1704, #1027 ),
 ( #751, #471, #861, #764 ),
 ( #568, #1433, #190, #1451 ) ),
 .UNSPECIFIED., .F., .F., .T. ) 
 B_SPLINE_SURFACE_WITH_KNOTS ( ( 4, 4 ),
 ( 4, 4 ),
 ( 0.0000000000000000000, 1.000000000000000000 ),
 ( 0.0000000000000000000, 1.000000000000000000 ),
 .UNSPECIFIED. ) 
 GEOMETRIC_REPRESENTATION_ITEM ( )  RATIONAL_B_SPLINE_SURFACE ( (
 ( 1.000000000000000000, 0.3333333333333247661, 0.3333333333333247661, 1.000000000000000000),
 ( 0.8025111867385922304, 0.2675037289128571749, 0.2675037289128571749, 0.8025111867385922304),
 ( 0.8025111867385922304, 0.2675037289128571749, 0.2675037289128571749, 0.8025111867385922304),
 ( 1.000000000000000000, 0.3333333333333247661, 0.3333333333333247661, 1.000000000000000000) ) ) 
 REPRESENTATION_ITEM ( '' )  SURFACE ( )  );
#109 = CARTESIAN_POINT ( 'NONE',  ( -0.001169999999999999816, -0.001649999999999999991, 0.0001000000000000000454 ) ) ;
#110 = ORIENTED_EDGE ( 'NONE', *, *, #1188, .F. ) ;
#111 =( NAMED_UNIT ( * ) PLANE_ANGLE_UNIT ( ) SI_UNIT ( $, .RADIAN. ) );
#112 = CARTESIAN_POINT ( 'NONE',  ( -0.001170000000000000033, 0.003020710678118654780, 0.002510710678118654744 ) ) ;
#113 = CARTESIAN_POINT ( 'NONE',  ( -0.001069999999999999771, 0.001549999999999999729, 0.002340000000000000066 ) ) ;
#114 = CARTESIAN_POINT ( 'NONE',  ( -0.001169999999999999383, 0.003020710678118654780, 2.928932188134485777E-05 ) ) ;
#115 = ORIENTED_EDGE ( 'NONE', *, *, #1442, .T. ) ;
#116 = CARTESIAN_POINT ( 'NONE',  ( -0.001139962439680785493, 0.001448896448480527536, -1.216412468090245758E-05 ) ) ;
#117 = EDGE_CURVE ( 'NONE', #649, #88, #1411, .T. ) ;
#118 = ORIENTED_EDGE ( 'NONE', *, *, #567, .F. ) ;
#119 = CARTESIAN_POINT ( 'NONE',  ( -0.001270000000000000078, -0.004294834744105710186, 9.999999999999978795E-05 ) ) ;
#120 = ORIENTED_EDGE ( 'NONE', *, *, #130, .T. ) ;
#121 = CARTESIAN_POINT ( 'NONE',  ( 0.001240710678118654882, 0.002949999999999999931, 2.928932188134541342E-05 ) ) ;
#122 =( BOUNDED_SURFACE ( )  B_SPLINE_SURFACE ( 3, 3, ( 
 ( #58, #1039, #74, #765 ),
 ( #1770, #492, #918, #1353 ),
 ( #1744, #64, #618, #753 ),
 ( #1068, #198, #1317, #472 ) ),
 .UNSPECIFIED., .F., .F., .F. ) 
 B_SPLINE_SURFACE_WITH_KNOTS ( ( 4, 4 ),
 ( 4, 4 ),
 ( 0.0000000000000000000, 1.000000000000000000 ),
 ( 0.0000000000000000000, 1.000000000000000000 ),
 .UNSPECIFIED. ) 
 GEOMETRIC_REPRESENTATION_ITEM ( )  RATIONAL_B_SPLINE_SURFACE ( (
 ( 1.000000000000000000, 0.3333333333333314275, 0.3333333333333314275, 1.000000000000000000),
 ( 0.8025111867385922304, 0.2675037289128625595, 0.2675037289128625595, 0.8025111867385922304),
 ( 0.8025111867385922304, 0.2675037289128625595, 0.2675037289128625595, 0.8025111867385922304),
 ( 1.000000000000000000, 0.3333333333333314275, 0.3333333333333314275, 1.000000000000000000) ) ) 
 REPRESENTATION_ITEM ( '' )  SURFACE ( )  );
#123 = CARTESIAN_POINT ( 'NONE',  ( -0.001170000000000000033, -0.002949999999999999498, 0.002439999999999999895 ) ) ;
#124 = AXIS2_PLACEMENT_3D ( 'NONE', #782, #500, #1058 ) ;
#125 = CARTESIAN_POINT ( 'NONE',  ( 0.001170000000000000033, -0.002949999999999999931, 0.003594834744105710085 ) ) ;
#126 = ORIENTED_EDGE ( 'NONE', *, *, #758, .F. ) ;
#127 = PRODUCT_DEFINITION_CONTEXT ( 'detailed design', #1060, 'design' ) ;
#128 = CARTESIAN_POINT ( 'NONE',  ( -0.001170000000000000033, 0.003062164124680902353, 0.002409962439680784271 ) ) ;
#129 = ORIENTED_EDGE ( 'NONE', *, *, #93, .T. ) ;
#130 = EDGE_CURVE ( 'NONE', #224, #694, #73, .T. ) ;
#131 = DIRECTION ( 'NONE',  ( 1.000000000000000000, 0.0000000000000000000, 0.0000000000000000000 ) ) ;
#132 = CARTESIAN_POINT ( 'NONE',  ( -0.001169999999999999816, 0.003020041115078380637, 0.0001713739602276415953 ) ) ;
#133 = ORIENTED_EDGE ( 'NONE', *, *, #512, .F. ) ;
#134 = CARTESIAN_POINT ( 'NONE',  ( -0.001282164124680902021, 0.001649999999999999991, 0.0001300375603192152358 ) ) ;
#135 = EDGE_LOOP ( 'NONE', ( #583, #1827, #1209, #1134, #126, #354 ) ) ;
#136 = VECTOR ( 'NONE', #1463, 1.000000000000000000 ) ;
#137 = EDGE_LOOP ( 'NONE', ( #1534, #384, #1728, #70 ) ) ;
#138 = ORIENTED_EDGE ( 'NONE', *, *, #731, .F. ) ;
#139 = CARTESIAN_POINT ( 'NONE',  ( 0.001098626039772356532, -0.003149991117421794499, 2.995888492161767616E-05 ) ) ;
#140 = CARTESIAN_POINT ( 'NONE',  ( 0.006324834744105709873, -0.003544834744105709954, 0.0000000000000000000 ) ) ;
#141 = ORIENTED_EDGE ( 'NONE', *, *, #105, .F. ) ;
#142 = CARTESIAN_POINT ( 'NONE',  ( 0.001270000000000000078, -0.005044834744105709985, 0.002439999999999999895 ) ) ;
#143 = DIRECTION ( 'NONE',  ( -1.000000000000000000, 0.0000000000000000000, -0.0000000000000000000 ) ) ;
#144 = UNCERTAINTY_MEASURE_WITH_UNIT (LENGTH_MEASURE( 1.000000000000000082E-05 ), #1612, 'distance_accuracy_value', 'NONE');
#145 = EDGE_LOOP ( 'NONE', ( #1220, #1641, #7, #660 ) ) ;
#146 = LINE ( 'NONE', #1009, #295 ) ;
#147 = LINE ( 'NONE', #696, #970 ) ;
#148 = EDGE_CURVE ( 'NONE', #531, #85, #1819, .T. ) ;
#149 = ORIENTED_EDGE ( 'NONE', *, *, #731, .T. ) ;
#150 = SURFACE_SIDE_STYLE ('',( #1458 ) ) ;
#151 = ADVANCED_FACE ( '3:23482', ( #303 ), #427, .T. ) ;
#152 = CARTESIAN_POINT ( 'NONE',  ( 0.008824834744105709491, 0.001549999999999999946, 9.999999999999982861E-05 ) ) ;
#153 = AXIS2_PLACEMENT_3D ( 'NONE', #1023, #1429, #301 ) ;
#154 = CARTESIAN_POINT ( 'NONE',  ( 0.001170000000000000033, 0.002949999999999999498, 0.002539999999999999723 ) ) ;
#155 = ORIENTED_EDGE ( 'NONE', *, *, #797, .T. ) ;
#156 =( GEOMETRIC_REPRESENTATION_CONTEXT ( 3 ) GLOBAL_UNCERTAINTY_ASSIGNED_CONTEXT ( ( #1386 ) ) GLOBAL_UNIT_ASSIGNED_CONTEXT ( ( #958, #1262, #1825 ) ) REPRESENTATION_CONTEXT ( 'NONE', 'WORKASPACE' ) );
#157 = CARTESIAN_POINT ( 'NONE',  ( -0.001170000000000000033, -0.008894834744105710109, 9.999999999999980150E-05 ) ) ;
#158 = CARTESIAN_POINT ( 'NONE',  ( 0.008824834744105709491, -0.001549999999999999946, 0.003594834744105710085 ) ) ;
#159 = VERTEX_POINT ( 'NONE', #313 ) ;
#160 = COLOUR_RGB ( '',1.000000000000000000, 1.000000000000000000, 1.000000000000000000 ) ;
#161 = EDGE_CURVE ( 'NONE', #322, #663, #1790, .T. ) ;
#162 = CARTESIAN_POINT ( 'NONE',  ( 0.001169999999981876510, -0.003050000000000000194, 9.999999998187635930E-05 ) ) ;
#163 = CARTESIAN_POINT ( 'NONE',  ( -0.001170000000000000467, -0.002949999999999999931, 0.002539999999999999723 ) ) ;
#164 = DIRECTION ( 'NONE',  ( 1.000000000000000000, 6.672013369141570394E-17, 0.0000000000000000000 ) ) ;
#165 = CARTESIAN_POINT ( 'NONE',  ( -0.001170000000000000033, 0.002949999999999999931, 9.999999999999982861E-05 ) ) ;
#166 = CARTESIAN_POINT ( 'NONE',  ( 0.008824834744105709491, 0.001549999999999999946, 0.002439999999999999895 ) ) ;
#167 =( BOUNDED_SURFACE ( )  B_SPLINE_SURFACE ( 3, 3, ( 
 ( #774, #1625, #351, #921 ),
 ( #1486, #212, #1347, #80 ),
 ( #253, #1122, #828, #237 ),
 ( #1671, #1389, #821, #695 ) ),
 .UNSPECIFIED., .F., .F., .F. ) 
 B_SPLINE_SURFACE_WITH_KNOTS ( ( 4, 4 ),
 ( 4, 4 ),
 ( 0.0000000000000000000, 1.000000000000000000 ),
 ( 0.0000000000000000000, 1.000000000000000000 ),
 .UNSPECIFIED. ) 
 GEOMETRIC_REPRESENTATION_ITEM ( )  RATIONAL_B_SPLINE_SURFACE ( (
 ( 1.000000000000000000, 0.3333333333333334259, 0.3333333333333334259, 1.000000000000000000),
 ( 0.8025111867385936737, 0.2675037289128646134, 0.2675037289128646134, 0.8025111867385936737),
 ( 0.8025111867385936737, 0.2675037289128646134, 0.2675037289128646134, 0.8025111867385936737),
 ( 1.000000000000000000, 0.3333333333333334259, 0.3333333333333334259, 1.000000000000000000) ) ) 
 REPRESENTATION_ITEM ( '' )  SURFACE ( )  );
#168 = VERTEX_POINT ( 'NONE', #417 ) ;
#169 = DIRECTION ( 'NONE',  ( 0.0000000000000000000, 0.0000000000000000000, -1.000000000000000000 ) ) ;
#170 = DIRECTION ( 'NONE',  ( -0.7071067811865443531, 0.0000000000000000000, -0.7071067811865507924 ) ) ;
#171 = CARTESIAN_POINT ( 'NONE',  ( 0.001170000000000000033, 0.002919962439680784307, 0.002552164124680902750 ) ) ;
#172 = CARTESIAN_POINT ( 'NONE',  ( -0.001170000000000000033, -0.001649999999999999991, 0.002439999999999999895 ) ) ;
#173 = FACE_OUTER_BOUND ( 'NONE', #1263, .T. ) ;
#174 = DIRECTION ( 'NONE',  ( 0.0000000000000000000, 0.0000000000000000000, -1.000000000000000000 ) ) ;
#175 = DIRECTION ( 'NONE',  ( 0.0000000000000000000, 0.0000000000000000000, -1.000000000000000000 ) ) ;
#176 = DIRECTION ( 'NONE',  ( 1.000000000000000000, 0.0000000000000000000, 0.0000000000000000000 ) ) ;
#177 = ORIENTED_EDGE ( 'NONE', *, *, #995, .T. ) ;
#178 = CARTESIAN_POINT ( 'NONE',  ( 0.001170000000000000033, 0.003062164124680903220, 0.002409962439680784271 ) ) ;
#179 = DIRECTION ( 'NONE',  ( 0.0000000000000000000, 0.0000000000000000000, 1.000000000000000000 ) ) ;
#180 = CARTESIAN_POINT ( 'NONE',  ( 0.001170000000000000033, -0.002949999999999999498, 0.002439999999999999895 ) ) ;
#181 = VECTOR ( 'NONE', #1155, 1.000000000000000000 ) ;
#182 = DIRECTION ( 'NONE',  ( 8.659560562354889717E-17, 1.000000000000000000, 8.659560562354975999E-17 ) ) ;
#183 = DIRECTION ( 'NONE',  ( 1.000000000000000000, 0.0000000000000000000, 0.0000000000000000000 ) ) ;
#184 = CIRCLE ( 'NONE', #1756, 0.0001000000000000000454 ) ;
#185 = CARTESIAN_POINT ( 'NONE',  ( 0.001170000000000000033, -0.002949999999999999498, 0.002439999999999999895 ) ) ;
#186 = DIRECTION ( 'NONE',  ( 1.000000000000000000, 0.0000000000000000000, 0.0000000000000000000 ) ) ;
#187 = VERTEX_POINT ( 'NONE', #747 ) ;
#188 = FACE_OUTER_BOUND ( 'NONE', #91, .T. ) ;
#189 = DIRECTION ( 'NONE',  ( 1.000000000000000000, 6.672013369141570394E-17, -0.0000000000000000000 ) ) ;
#190 = CARTESIAN_POINT ( 'NONE',  ( 0.001240041115078381389, -0.003149991117421794065, 0.002368626039772358128 ) ) ;
#191 = CIRCLE ( 'NONE', #1374, 9.999999999999996413E-05 ) ;
#192 = FACE_OUTER_BOUND ( 'NONE', #1304, .T. ) ;
#193 = CARTESIAN_POINT ( 'NONE',  ( 0.001369991117421789830, 0.001579958884921619068, 0.0001713739602276415953 ) ) ;
#194 = AXIS2_PLACEMENT_3D ( 'NONE', #1561, #182, #357 ) ;
#195 = DIRECTION ( 'NONE',  ( 1.000000000000000000, 0.0000000000000000000, 0.0000000000000000000 ) ) ;
#196 = ORIENTED_EDGE ( 'NONE', *, *, #612, .T. ) ;
#197 = CARTESIAN_POINT ( 'NONE',  ( 0.001170000000000000033, 0.003020710678118655214, 0.002510710678118655177 ) ) ;
#198 = CARTESIAN_POINT ( 'NONE',  ( 0.001240041115078381172, -0.001450008882578210411, 0.002368626039772356393 ) ) ;
#199 = ORIENTED_EDGE ( 'NONE', *, *, #1008, .T. ) ;
#200 = CARTESIAN_POINT ( 'NONE',  ( -0.001198979119943017297, -0.001531965328898100094, 0.002552442236294292979 ) ) ;
#201 = EDGE_CURVE ( 'NONE', #1700, #663, #1689, .T. ) ;
#202 = CARTESIAN_POINT ( 'NONE',  ( -0.001240710678118654665, -0.001649999999999999991, 2.928932188134563026E-05 ) ) ;
#203 = EDGE_CURVE ( 'NONE', #1461, #224, #1755, .T. ) ;
#204 = ORIENTED_EDGE ( 'NONE', *, *, #1690, .F. ) ;
#205 = CARTESIAN_POINT ( 'NONE',  ( -0.001139962439680784843, -0.003151103551519477373, 0.002552164124680904485 ) ) ;
#206 = VECTOR ( 'NONE', #83, 1.000000000000000000 ) ;
#207 = CARTESIAN_POINT ( 'NONE',  ( 0.006324834744105709873, -0.002949999999999999498, 0.0000000000000000000 ) ) ;
#208 = ORIENTED_EDGE ( 'NONE', *, *, #1579, .F. ) ;
#209 = CARTESIAN_POINT ( 'NONE',  ( -0.001098626039770197451, -0.001649999999999999774, 0.002510041115076179236 ) ) ;
#210 = LINE ( 'NONE', #1806, #461 ) ;
#211 = CIRCLE ( 'NONE', #1253, 0.0001000000000000000454 ) ;
#212 = CARTESIAN_POINT ( 'NONE',  ( 0.001288034671099021157, 0.001537557763706724322, 0.002468979119944034357 ) ) ;
#213 = DIRECTION ( 'NONE',  ( -0.0000000000000000000, -0.0000000000000000000, -1.000000000000000000 ) ) ;
#214 = COLOUR_RGB ( '',0.5019607843137254832, 0.5019607843137254832, 0.5019607843137254832 ) ;
#215 = CARTESIAN_POINT ( 'NONE',  ( -0.001240710678118654015, -0.002950000000000000365, 2.928932188134501701E-05 ) ) ;
#216 = ADVANCED_FACE ( 'NONE', ( #1595 ), #53, .T. ) ;
#217 = EDGE_CURVE ( 'NONE', #852, #1082, #223, .T. ) ;
#218 = CARTESIAN_POINT ( 'NONE',  ( 0.001270000000000000078, 0.001649999999980391110, 0.0001000000000196088175 ) ) ;
#219 = VERTEX_POINT ( 'NONE', #1767 ) ;
#220 = CARTESIAN_POINT ( 'NONE',  ( -0.001240710678118655532, -0.001649999999999999557, 0.002510710678118654310 ) ) ;
#221 = VECTOR ( 'NONE', #730, 1.000000000000000000 ) ;
#222 = CARTESIAN_POINT ( 'NONE',  ( -0.001170000000000000250, 0.001579289321881345142, 0.002510710678118654744 ) ) ;
#223 = LINE ( 'NONE', #465, #1348 ) ;
#224 = VERTEX_POINT ( 'NONE', #1321 ) ;
#225 = DIRECTION ( 'NONE',  ( 0.0000000000000000000, -1.000000000000000000, 0.0000000000000000000 ) ) ;
#226 = EDGE_CURVE ( 'NONE', #322, #1125, #1195, .T. ) ;
#227 = CARTESIAN_POINT ( 'NONE',  ( 0.001170000000000000033, 0.001649999999999999991, 0.003594834744105710085 ) ) ;
#228 = ORIENTED_EDGE ( 'NONE', *, *, #1319, .F. ) ;
#229 = CARTESIAN_POINT ( 'NONE',  ( -0.001170000000000000033, -0.001649999999999999991, 9.999999999999980150E-05 ) ) ;
#230 = CYLINDRICAL_SURFACE ( 'NONE', #1489, 0.0001000000000000000183 ) ;
#231 = CARTESIAN_POINT ( 'NONE',  ( -0.001240710678118654882, -0.002949999999999999498, 2.928932188134550829E-05 ) ) ;
#232 = ORIENTED_EDGE ( 'NONE', *, *, #1145, .T. ) ;
#233 =( BOUNDED_SURFACE ( )  B_SPLINE_SURFACE ( 3, 3, ( 
 ( #1052, #601, #344, #202 ),
 ( #1216, #1043, #352, #1631 ),
 ( #775, #933, #1338, #1651 ),
 ( #529, #972, #547, #1679 ) ),
 .UNSPECIFIED., .F., .F., .F. ) 
 B_SPLINE_SURFACE_WITH_KNOTS ( ( 4, 4 ),
 ( 4, 4 ),
 ( 0.0000000000000000000, 1.000000000000000000 ),
 ( 0.0000000000000000000, 1.000000000000000000 ),
 .UNSPECIFIED. ) 
 GEOMETRIC_REPRESENTATION_ITEM ( )  RATIONAL_B_SPLINE_SURFACE ( (
 ( 1.000000000000000000, 0.3333333333333334259, 0.3333333333333334259, 1.000000000000000000),
 ( 0.8025111867385940068, 0.2675037289128647244, 0.2675037289128647244, 0.8025111867385940068),
 ( 0.8025111867385940068, 0.2675037289128647244, 0.2675037289128647244, 0.8025111867385940068),
 ( 1.000000000000000000, 0.3333333333333334259, 0.3333333333333334259, 1.000000000000000000) ) ) 
 REPRESENTATION_ITEM ( '' )  SURFACE ( )  );
#234 = ORIENTED_EDGE ( 'NONE', *, *, #37, .F. ) ;
#235 = CARTESIAN_POINT ( 'NONE',  ( 0.001139962439680782241, 0.003151103551519476940, -1.216412468090492414E-05 ) ) ;
#236 = EDGE_CURVE ( 'NONE', #1484, #760, #1233, .T. ) ;
#237 = CARTESIAN_POINT ( 'NONE',  ( 0.001170000000000000033, 0.001680037560319215181, 0.002552164124680902316 ) ) ;
#238 = AXIS2_PLACEMENT_3D ( 'NONE', #1751, #84, #49 ) ;
#239 = MECHANICAL_DESIGN_GEOMETRIC_PRESENTATION_REPRESENTATION (  '', ( #1022 ), #653 ) ;
#240 = CARTESIAN_POINT ( 'NONE',  ( -0.001139962439680783758, -0.003151103551519475205, -1.216412468090431089E-05 ) ) ;
#241 = CIRCLE ( 'NONE', #812, 9.999999999999982861E-05 ) ;
#242 = EDGE_LOOP ( 'NONE', ( #1205, #514, #141, #1575, #710 ) ) ;
#243 = FACE_OUTER_BOUND ( 'NONE', #957, .T. ) ;
#244 = ORIENTED_EDGE ( 'NONE', *, *, #814, .T. ) ;
#245 = FILL_AREA_STYLE_COLOUR ( '', #214 ) ;
#246 = LINE ( 'NONE', #1650, #1342 ) ;
#247 = CIRCLE ( 'NONE', #1258, 0.0001000000000000000454 ) ;
#248 = CARTESIAN_POINT ( 'NONE',  ( 0.001170000000000000033, 0.002949999999999999498, 9.999999999999980150E-05 ) ) ;
#249 = ORIENTED_EDGE ( 'NONE', *, *, #148, .F. ) ;
#250 = LINE ( 'NONE', #826, #415 ) ;
#251 = VERTEX_POINT ( 'NONE', #613 ) ;
#252 = CARTESIAN_POINT ( 'NONE',  ( 0.001240041115078381172, 0.003149991117421794499, 0.0001713739602276438993 ) ) ;
#253 = CARTESIAN_POINT ( 'NONE',  ( 0.001170000000000000033, 0.001537835875319097569, 0.002409962439680784704 ) ) ;
#254 = DIRECTION ( 'NONE',  ( -1.000000000000000000, -0.0000000000000000000, -0.0000000000000000000 ) ) ;
#255 = EDGE_CURVE ( 'NONE', #1280, #187, #967, .T. ) ;
#256 = ORIENTED_EDGE ( 'NONE', *, *, #316, .F. ) ;
#257 = FACE_OUTER_BOUND ( 'NONE', #1349, .T. ) ;
#258 = ORIENTED_EDGE ( 'NONE', *, *, #1332, .T. ) ;
#259 = CARTESIAN_POINT ( 'NONE',  ( 0.001282442236293276786, 0.003068034671099023440, 7.102088005596790012E-05 ) ) ;
#260 = CYLINDRICAL_SURFACE ( 'NONE', #99, 0.0001000000000000000454 ) ;
#261 = EDGE_LOOP ( 'NONE', ( #382, #840, #645, #997 ) ) ;
#262 = AXIS2_PLACEMENT_3D ( 'NONE', #1126, #1609, #899 ) ;
#263 = CARTESIAN_POINT ( 'NONE',  ( -0.001282442236293275268, 0.001649999999999999991, 7.102088005596645000E-05 ) ) ;
#264 = ORIENTED_EDGE ( 'NONE', *, *, #1727, .F. ) ;
#265 = AXIS2_PLACEMENT_3D ( 'NONE', #1696, #318, #1444 ) ;
#266 = EDGE_CURVE ( 'NONE', #1700, #159, #846, .T. ) ;
#267 = ORIENTED_EDGE ( 'NONE', *, *, #1465, .T. ) ;
#268 = DIRECTION ( 'NONE',  ( 6.672013369141570394E-17, -1.000000000000000000, 0.0000000000000000000 ) ) ;
#269 = CARTESIAN_POINT ( 'NONE',  ( -0.001170000000000708451, 0.002878626039772357297, 2.995888492161965144E-05 ) ) ;
#270 = VECTOR ( 'NONE', #455, 1.000000000000000000 ) ;
#271 = ORIENTED_EDGE ( 'NONE', *, *, #903, .T. ) ;
#272 = CARTESIAN_POINT ( 'NONE',  ( -0.001170000000000000033, 0.003049999999999999760, 9.999999999999981506E-05 ) ) ;
#273 = CIRCLE ( 'NONE', #1351, 9.999999999999982861E-05 ) ;
#274 = EDGE_CURVE ( 'NONE', #985, #251, #1094, .T. ) ;
#275 = ORIENTED_EDGE ( 'NONE', *, *, #1773, .F. ) ;
#276 = EDGE_CURVE ( 'NONE', #1824, #1245, #1208, .T. ) ;
#277 = CARTESIAN_POINT ( 'NONE',  ( 0.001170000000000000033, -0.002949999999999999498, 9.999999999999980150E-05 ) ) ;
#278 = CARTESIAN_POINT ( 'NONE',  ( 0.001170000000000000033, 0.002949999999999999931, 0.002439999999999999895 ) ) ;
#279 = ORIENTED_EDGE ( 'NONE', *, *, #37, .T. ) ;
#280 = CARTESIAN_POINT ( 'NONE',  ( -0.001170000000000000033, 0.002949999999999999931, 0.002439999999999999895 ) ) ;
#281 = EDGE_LOOP ( 'NONE', ( #987, #1164, #1833, #1368 ) ) ;
#282 = DIRECTION ( 'NONE',  ( -0.0000000000000000000, -1.000000000000000000, -0.0000000000000000000 ) ) ;
#283 = CARTESIAN_POINT ( 'NONE',  ( 0.001240710678118655316, -0.002949999999999999931, 0.002510710678118656045 ) ) ;
#284 = ORIENTED_EDGE ( 'NONE', *, *, #1090, .F. ) ;
#285 = FACE_OUTER_BOUND ( 'NONE', #1812, .T. ) ;
#286 = CYLINDRICAL_SURFACE ( 'NONE', #79, 0.0001000000000000000454 ) ;
#287 = EDGE_CURVE ( 'NONE', #1634, #671, #768, .T. ) ;
#288 =( BOUNDED_SURFACE ( )  B_SPLINE_SURFACE ( 3, 3, ( 
 ( #1357, #1066, #804, #89 ),
 ( #1075, #1619, #346, #650 ),
 ( #513, #355, #205, #917 ),
 ( #1792, #935, #1503, #1341 ) ),
 .UNSPECIFIED., .F., .F., .T. ) 
 B_SPLINE_SURFACE_WITH_KNOTS ( ( 4, 4 ),
 ( 4, 4 ),
 ( 0.0000000000000000000, 1.000000000000000000 ),
 ( 0.0000000000000000000, 1.000000000000000000 ),
 .UNSPECIFIED. ) 
 GEOMETRIC_REPRESENTATION_ITEM ( )  RATIONAL_B_SPLINE_SURFACE ( (
 ( 1.000000000000000000, 0.3333333333333249326, 0.3333333333333249326, 1.000000000000000000),
 ( 0.8025111867385952280, 0.2675037289128583406, 0.2675037289128583406, 0.8025111867385952280),
 ( 0.8025111867385952280, 0.2675037289128583406, 0.2675037289128583406, 0.8025111867385952280),
 ( 1.000000000000000000, 0.3333333333333249326, 0.3333333333333249326, 1.000000000000000000) ) ) 
 REPRESENTATION_ITEM ( '' )  SURFACE ( )  );
#289 = ORIENTED_EDGE ( 'NONE', *, *, #1587, .T. ) ;
#290 =( NAMED_UNIT ( * ) PLANE_ANGLE_UNIT ( ) SI_UNIT ( $, .RADIAN. ) );
#291 = CARTESIAN_POINT ( 'NONE',  ( -0.001269999999999999862, -0.001649999999999999991, 9.999999999999981506E-05 ) ) ;
#292 = FACE_OUTER_BOUND ( 'NONE', #135, .T. ) ;
#293 = LINE ( 'NONE', #1589, #341 ) ;
#294 = CIRCLE ( 'NONE', #1460, 0.0001000000000000000454 ) ;
#295 = VECTOR ( 'NONE', #1455, 1.000000000000000000 ) ;
#296 = CARTESIAN_POINT ( 'NONE',  ( 0.001198979119944032978, -0.003068034671099023006, 0.002552442236293277298 ) ) ;
#297 = ORIENTED_EDGE ( 'NONE', *, *, #236, .F. ) ;
#298 = CARTESIAN_POINT ( 'NONE',  ( -0.001270000000000000078, -0.005044834744105709985, 0.002439999999999999895 ) ) ;
#299 = DIRECTION ( 'NONE',  ( -0.0000000000000000000, -0.0000000000000000000, -1.000000000000000000 ) ) ;
#300 = VERTEX_POINT ( 'NONE', #1747 ) ;
#301 = DIRECTION ( 'NONE',  ( 0.0000000000000000000, -1.000000000000000000, 0.0000000000000000000 ) ) ;
#302 = EDGE_CURVE ( 'NONE', #843, #219, #907, .T. ) ;
#303 = FACE_OUTER_BOUND ( 'NONE', #261, .T. ) ;
#304 = VECTOR ( 'NONE', #69, 1.000000000000000000 ) ;
#305 = CARTESIAN_POINT ( 'NONE',  ( 0.001170000000000000033, 0.001649999999999999557, 0.002439999999999999895 ) ) ;
#306 = UNCERTAINTY_MEASURE_WITH_UNIT (LENGTH_MEASURE( 1.000000000000000082E-05 ), #1648, 'distance_accuracy_value', 'NONE');
#307 = DIRECTION ( 'NONE',  ( 0.0000000000000000000, -1.000000000000000000, 0.0000000000000000000 ) ) ;
#308 = AXIS2_PLACEMENT_3D ( 'NONE', #6, #1100, #1649 ) ;
#309 = DIRECTION ( 'NONE',  ( 0.0000000000000000000, 0.0000000000000000000, -1.000000000000000000 ) ) ;
#310 = CARTESIAN_POINT ( 'NONE',  ( 0.001170000000000000033, 0.001549999999999999512, 0.003594834744105710085 ) ) ;
#311 = CARTESIAN_POINT ( 'NONE',  ( 0.007574834744105719657, -0.001649999999999999991, 9.999999999999980150E-05 ) ) ;
#312 = LINE ( 'NONE', #888, #361 ) ;
#313 = CARTESIAN_POINT ( 'NONE',  ( 0.001170000000000000033, -0.001649999999999999991, -1.439956010332310576E-19 ) ) ;
#314 = DIRECTION ( 'NONE',  ( -0.0000000000000000000, 1.000000000000000000, -0.0000000000000000000 ) ) ;
#315 = DIRECTION ( 'NONE',  ( 1.000000000000000000, 6.672013369141570394E-17, -4.591774807899559894E-33 ) ) ;
#316 = EDGE_CURVE ( 'NONE', #1417, #985, #1149, .T. ) ;
#317 = CYLINDRICAL_SURFACE ( 'NONE', #1391, 0.0001000000000000000454 ) ;
#318 = DIRECTION ( 'NONE',  ( -1.000000000000000000, 1.001647525381342282E-11, 1.001647525381335334E-11 ) ) ;
#319 = DIRECTION ( 'NONE',  ( 1.000000000000000000, 6.672013369141570394E-17, -0.0000000000000000000 ) ) ;
#320 = FILL_AREA_STYLE_COLOUR ( '', #626 ) ;
#321 = DIRECTION ( 'NONE',  ( -0.0000000000000000000, -0.0000000000000000000, -1.000000000000000000 ) ) ;
#322 = VERTEX_POINT ( 'NONE', #1616 ) ;
#323 = CARTESIAN_POINT ( 'NONE',  ( 0.001270000000000000078, -0.002949999999999999498, 9.999999999999981506E-05 ) ) ;
#324 = DIRECTION ( 'NONE',  ( 0.0000000000000000000, -1.000000000000000000, 0.0000000000000000000 ) ) ;
#325 = FACE_OUTER_BOUND ( 'NONE', #345, .T. ) ;
#326 = VECTOR ( 'NONE', #458, 1.000000000000000000 ) ;
#327 = ADVANCED_FACE ( 'NONE', ( #1479 ), #233, .T. ) ;
#328 = CIRCLE ( 'NONE', #1056, 0.0001000000000000000048 ) ;
#329 = CARTESIAN_POINT ( 'NONE',  ( 0.001170000000000000033, -0.003544834744105709954, 0.002540000000000000157 ) ) ;
#330 = FACE_OUTER_BOUND ( 'NONE', #842, .T. ) ;
#331 = AXIS2_PLACEMENT_3D ( 'NONE', #1267, #268, #813 ) ;
#332 = CARTESIAN_POINT ( 'NONE',  ( -0.001288034671099019856, 0.001621020880055965094, 0.002552442236293273829 ) ) ;
#333 = DIRECTION ( 'NONE',  ( 0.0000000000000000000, 0.0000000000000000000, -1.000000000000000000 ) ) ;
#334 = ORIENTED_EDGE ( 'NONE', *, *, #1201, .T. ) ;
#335 = CARTESIAN_POINT ( 'NONE',  ( 0.001288034671099022458, 0.003062442236293276901, 0.002468979119944034357 ) ) ;
#336 = VECTOR ( 'NONE', #560, 1.000000000000000000 ) ;
#337 = ADVANCED_FACE ( '3:41034', ( #95 ), #1240, .T. ) ;
#338 = ORIENTED_EDGE ( 'NONE', *, *, #823, .T. ) ;
#339 = DIRECTION ( 'NONE',  ( -0.0000000000000000000, -1.000000000000000000, -0.0000000000000000000 ) ) ;
#340 = FACE_OUTER_BOUND ( 'NONE', #555, .T. ) ;
#341 = VECTOR ( 'NONE', #585, 1.000000000000000000 ) ;
#342 = ADVANCED_FACE ( 'NONE', ( #380 ), #1384, .T. ) ;
#343 = CARTESIAN_POINT ( 'NONE',  ( -0.001288034671099018771, 0.001537557763706725190, 0.002468979119944034357 ) ) ;
#344 = CARTESIAN_POINT ( 'NONE',  ( -0.001240710678118654665, -0.001649999999999999991, 2.928932188134563026E-05 ) ) ;
#345 = EDGE_LOOP ( 'NONE', ( #33, #1213, #404, #1448, #898, #829 ) ) ;
#346 = CARTESIAN_POINT ( 'NONE',  ( -0.001198979119944033628, -0.003068034671099023874, 0.002552442236293277298 ) ) ;
#347 = LINE ( 'NONE', #207, #715 ) ;
#348 = ORIENTED_EDGE ( 'NONE', *, *, #201, .T. ) ;
#349 = CARTESIAN_POINT ( 'NONE',  ( -0.001139962439678333028, -0.001448896448476915842, 0.002552164124681002930 ) ) ;
#350 = CARTESIAN_POINT ( 'NONE',  ( 0.001170000000000000250, 0.001579289321881345359, 2.928932188134481711E-05 ) ) ;
#351 = CARTESIAN_POINT ( 'NONE',  ( 0.001170000000000000684, 0.001579289321881344925, 0.002510710678118655177 ) ) ;
#352 = CARTESIAN_POINT ( 'NONE',  ( -0.001198979119944034713, -0.001531965328900978651, -1.244223629327457622E-05 ) ) ;
#353 = EDGE_CURVE ( 'NONE', #219, #1124, #1547, .T. ) ;
#354 = ORIENTED_EDGE ( 'NONE', *, *, #598, .F. ) ;
#355 = CARTESIAN_POINT ( 'NONE',  ( -0.001282164124680904840, -0.003151103551519475639, 0.002409962439680782102 ) ) ;
#356 = STYLED_ITEM ( 'NONE', ( #1602 ), #836 ) ;
#357 = DIRECTION ( 'NONE',  ( -0.7071067811865506814, 0.0000000000000000000, 0.7071067811865442421 ) ) ;
#358 = VERTEX_POINT ( 'NONE', #1415 ) ;
#359 = CARTESIAN_POINT ( 'NONE',  ( -0.001240710678118655316, -0.001649999999999999774, 0.002510710678118654744 ) ) ;
#360 = DIRECTION ( 'NONE',  ( 0.0000000000000000000, -1.000000000000000000, 0.0000000000000000000 ) ) ;
#361 = VECTOR ( 'NONE', #1288, 1.000000000000000000 ) ;
#362 = VECTOR ( 'NONE', #1328, 1.000000000000000000 ) ;
#363 = CARTESIAN_POINT ( 'NONE',  ( 0.007574834744105710116, 0.001650000000000000425, 0.002539999999999999723 ) ) ;
#364 = DIRECTION ( 'NONE',  ( -0.0000000000000000000, 1.000000000000000000, -0.0000000000000000000 ) ) ;
#365 = ADVANCED_FACE ( '0:394', ( #1018 ), #1399, .T. ) ;
#366 = ORIENTED_EDGE ( 'NONE', *, *, #226, .F. ) ;
#367 = LINE ( 'NONE', #778, #1197 ) ;
#368 = AXIS2_PLACEMENT_3D ( 'NONE', #1739, #364, #1487 ) ;
#369 = CARTESIAN_POINT ( 'NONE',  ( -0.001170000000000000033, 0.003020041115078379770, 0.002368626039772357694 ) ) ;
#370 = EDGE_LOOP ( 'NONE', ( #348, #258, #420, #805 ) ) ;
#371 = CARTESIAN_POINT ( 'NONE',  ( -0.001240710678118655966, -0.001649999999999999991, 0.002510710678118655177 ) ) ;
#372 = DIRECTION ( 'NONE',  ( 0.0000000000000000000, 0.0000000000000000000, 1.000000000000000000 ) ) ;
#373 = EDGE_LOOP ( 'NONE', ( #930, #1234, #873, #1638 ) ) ;
#374 = EDGE_CURVE ( 'NONE', #808, #985, #1426, .T. ) ;
#375 = CARTESIAN_POINT ( 'NONE',  ( 0.001169999999999999599, -0.001549999999999999946, 0.002440000000000000328 ) ) ;
#376 = ORIENTED_EDGE ( 'NONE', *, *, #670, .F. ) ;
#377 = CARTESIAN_POINT ( 'NONE',  ( 0.001198979119944032761, 0.003068034671099023440, -1.244223629327678698E-05 ) ) ;
#378 = DIRECTION ( 'NONE',  ( -0.7071067811865400232, 0.0000000000000000000, -0.7071067811865551223 ) ) ;
#379 = CARTESIAN_POINT ( 'NONE',  ( 0.001282164124680904623, -0.003151103551519476506, 0.0001300375603192179734 ) ) ;
#380 = FACE_OUTER_BOUND ( 'NONE', #1490, .T. ) ;
#381 = LINE ( 'NONE', #1334, #1311 ) ;
#382 = ORIENTED_EDGE ( 'NONE', *, *, #287, .T. ) ;
#383 = DIRECTION ( 'NONE',  ( 1.000000000000000000, 0.0000000000000000000, 0.0000000000000000000 ) ) ;
#384 = ORIENTED_EDGE ( 'NONE', *, *, #936, .F. ) ;
#385 = LINE ( 'NONE', #838, #1226 ) ;
#386 = CARTESIAN_POINT ( 'NONE',  ( -0.001288034671098185454, 0.003062442236293276034, 7.102088005596611118E-05 ) ) ;
#387 = AXIS2_PLACEMENT_3D ( 'NONE', #1522, #525, #1655 ) ;
#388 = CARTESIAN_POINT ( 'NONE',  ( -0.001170000000000000033, 0.002949999999999999931, 0.002439999999999999895 ) ) ;
#389 = ORIENTED_EDGE ( 'NONE', *, *, #1360, .F. ) ;
#390 = CARTESIAN_POINT ( 'NONE',  ( 0.006324834744105709873, -0.002949999999999999498, 0.002540000000000000157 ) ) ;
#391 = EDGE_LOOP ( 'NONE', ( #401, #338, #1618, #454 ) ) ;
#392 = DIRECTION ( 'NONE',  ( 1.000000000000000000, 0.0000000000000000000, 0.0000000000000000000 ) ) ;
#393 = CARTESIAN_POINT ( 'NONE',  ( 0.001170000000000000033, -0.002950000000000000365, 0.002439999999999999895 ) ) ;
#394 = EDGE_CURVE ( 'NONE', #251, #786, #990, .T. ) ;
#395 = DIRECTION ( 'NONE',  ( 0.7071067811865501263, 0.0000000000000000000, -0.7071067811865449082 ) ) ;
#396 = CARTESIAN_POINT ( 'NONE',  ( -0.001371103551518761685, 0.002919962439681791314, -1.216412467989515753E-05 ) ) ;
#397 = EDGE_CURVE ( 'NONE', #1014, #1834, #147, .T. ) ;
#398 = AXIS2_PLACEMENT_3D ( 'NONE', #762, #44, #860 ) ;
#399 = FACE_OUTER_BOUND ( 'NONE', #628, .T. ) ;
#400 = ADVANCED_FACE ( '0:388', ( #1010, #1129 ), #1151, .T. ) ;
#401 = ORIENTED_EDGE ( 'NONE', *, *, #1442, .F. ) ;
#402 = UNCERTAINTY_MEASURE_WITH_UNIT (LENGTH_MEASURE( 1.000000000000000082E-05 ), #1772, 'distance_accuracy_value', 'NONE');
#403 = DIRECTION ( 'NONE',  ( 0.0000000000000000000, 0.0000000000000000000, 1.000000000000000000 ) ) ;
#404 = ORIENTED_EDGE ( 'NONE', *, *, #457, .T. ) ;
#405 = DIRECTION ( 'NONE',  ( 0.0000000000000000000, 1.000000000000000000, 0.0000000000000000000 ) ) ;
#406 = DIRECTION ( 'NONE',  ( -1.000000000000000000, -6.672013369141570394E-17, 0.0000000000000000000 ) ) ;
#407 = DIRECTION ( 'NONE',  ( 0.0000000000000000000, 0.0000000000000000000, 1.000000000000000000 ) ) ;
#408 = ORIENTED_EDGE ( 'NONE', *, *, #1532, .T. ) ;
#409 = DIRECTION ( 'NONE',  ( 0.0000000000000000000, 1.301042606982605321E-14, -1.000000000000000000 ) ) ;
#410 = EDGE_LOOP ( 'NONE', ( #638, #1804, #1385, #1436 ) ) ;
#411 = CARTESIAN_POINT ( 'NONE',  ( 0.001282442236293275702, 0.002949999999999999931, 7.102088005596666684E-05 ) ) ;
#412 = ORIENTED_EDGE ( 'NONE', *, *, #1392, .T. ) ;
#413 = CARTESIAN_POINT ( 'NONE',  ( 0.001139962439680785060, -0.002949999999999999064, -1.216412468090237627E-05 ) ) ;
#414 = VERTEX_POINT ( 'NONE', #1303 ) ;
#415 = VECTOR ( 'NONE', #1796, 1.000000000000000000 ) ;
#416 = CARTESIAN_POINT ( 'NONE',  ( 0.008824834744105709491, 0.003050000000000000194, 0.003594834744105710085 ) ) ;
#417 = CARTESIAN_POINT ( 'NONE',  ( -0.001269999999999999862, -0.001649999999999999991, 0.002439999999999999895 ) ) ;
#418 = ADVANCED_FACE ( '0:385', ( #713 ), #1284, .T. ) ;
#419 = CIRCLE ( 'NONE', #40, 0.0001000000000000000454 ) ;
#420 = ORIENTED_EDGE ( 'NONE', *, *, #1526, .T. ) ;
#421 = ORIENTED_EDGE ( 'NONE', *, *, #1319, .T. ) ;
#422 = LINE ( 'NONE', #298, #67 ) ;
#423 = FACE_OUTER_BOUND ( 'NONE', #42, .T. ) ;
#424 =( BOUNDED_SURFACE ( )  B_SPLINE_SURFACE ( 3, 3, ( 
 ( #231, #796, #215, #953 ),
 ( #1783, #1093, #1642, #787 ),
 ( #1509, #240, #1362, #1350 ),
 ( #98, #643, #1218, #522 ) ),
 .UNSPECIFIED., .F., .F., .T. ) 
 B_SPLINE_SURFACE_WITH_KNOTS ( ( 4, 4 ),
 ( 4, 4 ),
 ( 0.0000000000000000000, 1.000000000000000000 ),
 ( 0.0000000000000000000, 1.000000000000000000 ),
 .UNSPECIFIED. ) 
 GEOMETRIC_REPRESENTATION_ITEM ( )  RATIONAL_B_SPLINE_SURFACE ( (
 ( 1.000000000000000000, 0.3333333333333262649, 0.3333333333333262649, 1.000000000000000000),
 ( 0.8025111867385956721, 0.2675037289128595619, 0.2675037289128595619, 0.8025111867385956721),
 ( 0.8025111867385956721, 0.2675037289128595619, 0.2675037289128595619, 0.8025111867385956721),
 ( 1.000000000000000000, 0.3333333333333262649, 0.3333333333333262649, 1.000000000000000000) ) ) 
 REPRESENTATION_ITEM ( '' )  SURFACE ( )  );
#425 = ORIENTED_EDGE ( 'NONE', *, *, #706, .T. ) ;
#426 = FACE_OUTER_BOUND ( 'NONE', #1684, .T. ) ;
#427 = PLANE ( 'NONE',  #104 ) ;
#428 = VECTOR ( 'NONE', #724, 1.000000000000000000 ) ;
#429 = ORIENTED_EDGE ( 'NONE', *, *, #479, .F. ) ;
#430 = CARTESIAN_POINT ( 'NONE',  ( -0.001170000000000000033, 0.001649999999999999991, 0.003594834744105710085 ) ) ;
#431 = DIRECTION ( 'NONE',  ( 6.672013369141570394E-17, -1.000000000000000000, 0.0000000000000000000 ) ) ;
#432 = ADVANCED_FACE ( '3:27860', ( #22 ), #286, .T. ) ;
#433 = ORIENTED_EDGE ( 'NONE', *, *, #814, .F. ) ;
#434 = DIRECTION ( 'NONE',  ( 1.000000000000000000, 0.0000000000000000000, 0.0000000000000000000 ) ) ;
#435 = DIRECTION ( 'NONE',  ( -1.000000000000000000, -6.672013369141570394E-17, 0.0000000000000000000 ) ) ;
#436 = ORIENTED_EDGE ( 'NONE', *, *, #226, .T. ) ;
#437 = CARTESIAN_POINT ( 'NONE',  ( -0.001170000000000000033, 0.001649999999999999991, 9.999999999999982861E-05 ) ) ;
#438 = UNCERTAINTY_MEASURE_WITH_UNIT (LENGTH_MEASURE( 1.000000000000000082E-05 ), #1133, 'distance_accuracy_value', 'NONE');
#439 = CARTESIAN_POINT ( 'NONE',  ( 0.001270000000000000078, 0.001649999999999999991, 0.003594834744105710085 ) ) ;
#440 = EDGE_CURVE ( 'NONE', #1125, #1771, #788, .T. ) ;
#441 = DIRECTION ( 'NONE',  ( -0.0000000000000000000, 1.000000000000000000, -0.0000000000000000000 ) ) ;
#442 = CARTESIAN_POINT ( 'NONE',  ( 0.001270000000000000078, -0.001649999999999999991, 0.003594834744105710085 ) ) ;
#443 = ORIENTED_EDGE ( 'NONE', *, *, #599, .F. ) ;
#444 = CARTESIAN_POINT ( 'NONE',  ( 0.001139962439680785060, -0.001448896448480526669, -1.216412468090246266E-05 ) ) ;
#445 = SURFACE_SIDE_STYLE ('',( #1719 ) ) ;
#446 = AXIS2_PLACEMENT_3D ( 'NONE', #1378, #833, #1250 ) ;
#447 = CARTESIAN_POINT ( 'NONE',  ( 0.001288034671099022458, 0.002978979119944033960, 0.002552442236293276431 ) ) ;
#448 = CARTESIAN_POINT ( 'NONE',  ( -0.001170000000000000033, -0.002949999999999999498, 9.999999999999980150E-05 ) ) ;
#449 = AXIS2_PLACEMENT_3D ( 'NONE', #41, #1729, #882 ) ;
#450 = AXIS2_PLACEMENT_3D ( 'NONE', #1398, #666, #395 ) ;
#451 =( GEOMETRIC_REPRESENTATION_CONTEXT ( 3 ) GLOBAL_UNCERTAINTY_ASSIGNED_CONTEXT ( ( #306 ) ) GLOBAL_UNIT_ASSIGNED_CONTEXT ( ( #1648, #111, #1805 ) ) REPRESENTATION_CONTEXT ( 'NONE', 'WORKASPACE' ) );
#452 = DIRECTION ( 'NONE',  ( 1.000000000000000000, 0.0000000000000000000, -0.0000000000000000000 ) ) ;
#453 = DIRECTION ( 'NONE',  ( -1.000000000000000000, -6.672013369141570394E-17, -0.0000000000000000000 ) ) ;
#454 = ORIENTED_EDGE ( 'NONE', *, *, #1577, .T. ) ;
#455 = DIRECTION ( 'NONE',  ( 0.0000000000000000000, 1.000000000000000000, 0.0000000000000000000 ) ) ;
#456 = STYLED_ITEM ( 'NONE', ( #1007 ), #72 ) ;
#457 = EDGE_CURVE ( 'NONE', #300, #786, #664, .T. ) ;
#458 = DIRECTION ( 'NONE',  ( -0.0000000000000000000, -0.0000000000000000000, 1.000000000000000000 ) ) ;
#459 = FACE_OUTER_BOUND ( 'NONE', #137, .T. ) ;
#460 = VECTOR ( 'NONE', #453, 1.000000000000000000 ) ;
#461 = VECTOR ( 'NONE', #709, 1.000000000000000000 ) ;
#462 = CARTESIAN_POINT ( 'NONE',  ( -0.001170000000000000033, -0.001649999999999999991, 0.002539999999999999723 ) ) ;
#463 = DIRECTION ( 'NONE',  ( -1.000000000000000000, -0.0000000000000000000, -0.0000000000000000000 ) ) ;
#464 = CARTESIAN_POINT ( 'NONE',  ( 0.001240710678118654882, -0.001649999999999999557, 2.928932188134563026E-05 ) ) ;
#465 = CARTESIAN_POINT ( 'NONE',  ( 0.001270000000000000078, -0.002949999999999999498, 0.003594834744105710085 ) ) ;
#466 = EDGE_CURVE ( 'NONE', #187, #783, #848, .T. ) ;
#467 = ADVANCED_FACE ( '3:99', ( #30 ), #588, .F. ) ;
#468 = ORIENTED_EDGE ( 'NONE', *, *, #316, .T. ) ;
#469 = CARTESIAN_POINT ( 'NONE',  ( 0.001170000000000000033, 0.003020041115078381071, 0.002368626039772357694 ) ) ;
#470 = CARTESIAN_POINT ( 'NONE',  ( -0.001069999999999999988, 0.0000000000000000000, 0.002340000000000000066 ) ) ;
#471 = CARTESIAN_POINT ( 'NONE',  ( 0.001139962439680782891, -0.003151103551519477373, 0.002552164124680905786 ) ) ;
#472 = CARTESIAN_POINT ( 'NONE',  ( 0.001098626039772358266, -0.001649999999999999774, 0.002510041115078381034 ) ) ;
#473 = CARTESIAN_POINT ( 'NONE',  ( -0.001069999999999999771, 0.001549999999999999295, 0.003594834744105710085 ) ) ;
#474 = CARTESIAN_POINT ( 'NONE',  ( 0.001170000000000000250, 0.001621020880055966396, -1.244223629327592978E-05 ) ) ;
#475 = CARTESIAN_POINT ( 'NONE',  ( 0.001198979119944034279, -0.001650000000000000425, -1.244223629327540801E-05 ) ) ;
#476 = DIRECTION ( 'NONE',  ( 1.000000000000000000, 0.0000000000000000000, 0.0000000000000000000 ) ) ;
#477 = ORIENTED_EDGE ( 'NONE', *, *, #96, .T. ) ;
#478 = CARTESIAN_POINT ( 'NONE',  ( 0.001170000000000000033, 0.001649999999999999991, -1.016439536705160407E-19 ) ) ;
#479 = EDGE_CURVE ( 'NONE', #783, #694, #1274, .T. ) ;
#480 = AXIS2_PLACEMENT_3D ( 'NONE', #1578, #984, #1036 ) ;
#481 = EDGE_CURVE ( 'NONE', #1428, #718, #1725, .T. ) ;
#482 = DIRECTION ( 'NONE',  ( 1.000000000000000000, 0.0000000000000000000, -0.0000000000000000000 ) ) ;
#483 = DIRECTION ( 'NONE',  ( 0.0000000000000000000, 0.0000000000000000000, -1.000000000000000000 ) ) ;
#484 = AXIS2_PLACEMENT_3D ( 'NONE', #157, #1283, #887 ) ;
#485 = STYLED_ITEM ( 'NONE', ( #1396 ), #78 ) ;
#486 = DIRECTION ( 'NONE',  ( 0.0000000000000000000, 0.0000000000000000000, 1.000000000000000000 ) ) ;
#487 = DIRECTION ( 'NONE',  ( 0.0000000000000000000, -2.168404344971008868E-15, -1.000000000000000000 ) ) ;
#488 = EDGE_LOOP ( 'NONE', ( #845, #149, #1626, #965 ) ) ;
#489 = FACE_OUTER_BOUND ( 'NONE', #410, .T. ) ;
#490 = PRESENTATION_LAYER_ASSIGNMENT (  '', '', ( #635 ) ) ;
#491 = ADVANCED_FACE ( '3:27857', ( #423 ), #1000, .T. ) ;
#492 = CARTESIAN_POINT ( 'NONE',  ( 0.001282442236293276786, -0.001531965328900977783, 0.002468979119944032623 ) ) ;
#493 = ORIENTED_EDGE ( 'NONE', *, *, #1654, .T. ) ;
#494 = FACE_OUTER_BOUND ( 'NONE', #1475, .T. ) ;
#495 = CARTESIAN_POINT ( 'NONE',  ( 0.001170000000000000033, 0.001579958884921619068, 0.0001713739602276415953 ) ) ;
#496 = DIRECTION ( 'NONE',  ( -1.000000000000000000, -6.672013369141570394E-17, 4.591774807899559894E-33 ) ) ;
#497 = CARTESIAN_POINT ( 'NONE',  ( -0.001270000000000000078, -0.002949999999999999498, 0.003594834744105710085 ) ) ;
#498 = ORIENTED_EDGE ( 'NONE', *, *, #1727, .T. ) ;
#499 = LINE ( 'NONE', #1232, #206 ) ;
#500 = DIRECTION ( 'NONE',  ( 0.0000000000000000000, 0.0000000000000000000, 1.000000000000000000 ) ) ;
#501 = EDGE_LOOP ( 'NONE', ( #1261, #1157, #1472, #498 ) ) ;
#502 = EDGE_CURVE ( 'NONE', #1797, #531, #937, .T. ) ;
#503 = CARTESIAN_POINT ( 'NONE',  ( -0.001170000000000000033, 0.001537835875319098003, 0.002409962439680784704 ) ) ;
#504 = CARTESIAN_POINT ( 'NONE',  ( -0.001270000000000000078, 0.001649999999999999991, 0.003594834744105710085 ) ) ;
#505 = ORIENTED_EDGE ( 'NONE', *, *, #302, .T. ) ;
#506 = CARTESIAN_POINT ( 'NONE',  ( 0.001170000000000000033, -0.001549999999999999946, 0.003594834744105710085 ) ) ;
#507 = CARTESIAN_POINT ( 'NONE',  ( -0.001170000000000000033, 0.002878626039772357731, 0.002510041115078380167 ) ) ;
#508 = ORIENTED_EDGE ( 'NONE', *, *, #1081, .F. ) ;
#509 = SURFACE_STYLE_FILL_AREA ( #904 ) ;
#510 = VECTOR ( 'NONE', #841, 1.000000000000000000 ) ;
#511 = CIRCLE ( 'NONE', #1057, 9.999999999999982861E-05 ) ;
#512 = EDGE_CURVE ( 'NONE', #1548, #1406, #1193, .T. ) ;
#513 = CARTESIAN_POINT ( 'NONE',  ( -0.001282164124680902455, -0.002949999999999998197, 0.002409962439680784704 ) ) ;
#514 = ORIENTED_EDGE ( 'NONE', *, *, #1624, .F. ) ;
#515 = AXIS2_PLACEMENT_3D ( 'NONE', #785, #1080, #186 ) ;
#516 = DIRECTION ( 'NONE',  ( -8.659560562354902043E-17, 1.000000000000000000, 8.659560562354963673E-17 ) ) ;
#517 = ORIENTED_EDGE ( 'NONE', *, *, #1586, .F. ) ;
#518 = CARTESIAN_POINT ( 'NONE',  ( 0.001240710678118654665, 0.002949999999999999931, 2.928932188134541342E-05 ) ) ;
#519 = AXIS2_PLACEMENT_3D ( 'NONE', #1829, #1716, #1294 ) ;
#520 = AXIS2_PLACEMENT_3D ( 'NONE', #1026, #282, #179 ) ;
#521 = CARTESIAN_POINT ( 'NONE',  ( 0.007574834744105710116, 0.001649999999999999991, 9.999999999999980150E-05 ) ) ;
#522 = CARTESIAN_POINT ( 'NONE',  ( -0.001240041115078380739, -0.002949999999999999064, 0.0001713739602276420290 ) ) ;
#523 = EDGE_CURVE ( 'NONE', #694, #1114, #18, .T. ) ;
#524 = ORIENTED_EDGE ( 'NONE', *, *, #394, .T. ) ;
#525 = DIRECTION ( 'NONE',  ( -0.0000000000000000000, -0.0000000000000000000, -1.000000000000000000 ) ) ;
#526 = ORIENTED_EDGE ( 'NONE', *, *, #1670, .T. ) ;
#527 = DIRECTION ( 'NONE',  ( 0.0000000000000000000, 0.0000000000000000000, 1.000000000000000000 ) ) ;
#528 = DIRECTION ( 'NONE',  ( 0.0000000000000000000, 0.0000000000000000000, 1.000000000000000000 ) ) ;
#529 = CARTESIAN_POINT ( 'NONE',  ( -0.001240041115078380305, -0.001649999999999999991, 0.0001713739602276423001 ) ) ;
#530 = CARTESIAN_POINT ( 'NONE',  ( -0.001170000000000000900, -0.002950000000000000365, 9.999999999999980150E-05 ) ) ;
#531 = VERTEX_POINT ( 'NONE', #1445 ) ;
#532 = UNCERTAINTY_MEASURE_WITH_UNIT (LENGTH_MEASURE( 1.000000000000000082E-05 ), #1012, 'distance_accuracy_value', 'NONE');
#533 = ADVANCED_FACE ( '3:43335', ( #340 ), #565, .T. ) ;
#534 = CARTESIAN_POINT ( 'NONE',  ( -0.001369991117421789613, 0.002878626039772357731, 0.002510041115078380167 ) ) ;
#535 = ORIENTED_EDGE ( 'NONE', *, *, #479, .T. ) ;
#536 = EDGE_CURVE ( 'NONE', #1114, #976, #210, .T. ) ;
#537 = FACE_OUTER_BOUND ( 'NONE', #1613, .T. ) ;
#538 = CARTESIAN_POINT ( 'NONE',  ( -0.001371103551518048497, 0.003062164124680902787, 0.0001300375603192153171 ) ) ;
#539 = VECTOR ( 'NONE', #103, 1.000000000000000000 ) ;
#540 = FACE_OUTER_BOUND ( 'NONE', #1420, .T. ) ;
#541 = MECHANICAL_DESIGN_GEOMETRIC_PRESENTATION_REPRESENTATION (  '', ( #485 ), #451 ) ;
#542 = VERTEX_POINT ( 'NONE', #1639 ) ;
#543 = PLANE ( 'NONE',  #837 ) ;
#544 = ORIENTED_EDGE ( 'NONE', *, *, #466, .F. ) ;
#545 = MECHANICAL_DESIGN_GEOMETRIC_PRESENTATION_REPRESENTATION (  '', ( #635 ), #1178 ) ;
#546 = CARTESIAN_POINT ( 'NONE',  ( 0.001240710678118654665, -0.002949999999999999931, 2.928932188134563026E-05 ) ) ;
#547 = CARTESIAN_POINT ( 'NONE',  ( -0.001098626039772357833, -0.001450008882578209977, 2.995888492161912628E-05 ) ) ;
#548 = VECTOR ( 'NONE', #1167, 1.000000000000000000 ) ;
#549 = CARTESIAN_POINT ( 'NONE',  ( -0.001240710678118654882, 0.001649999999999999991, 2.928932188134563026E-05 ) ) ;
#550 = DIRECTION ( 'NONE',  ( -1.000000000000000000, -0.0000000000000000000, -0.0000000000000000000 ) ) ;
#551 = ORIENTED_EDGE ( 'NONE', *, *, #1738, .T. ) ;
#552 = CARTESIAN_POINT ( 'NONE',  ( 0.001282442236293275051, -0.002949999999999999064, 7.102088005596640934E-05 ) ) ;
#553 = CARTESIAN_POINT ( 'NONE',  ( -0.001369991117420372561, 0.003020041115078381071, 0.0001713739602276418935 ) ) ;
#554 = EDGE_CURVE ( 'NONE', #322, #1545, #698, .T. ) ;
#555 = EDGE_LOOP ( 'NONE', ( #1333, #859, #1514, #642 ) ) ;
#556 = VERTEX_POINT ( 'NONE', #112 ) ;
#557 = EDGE_LOOP ( 'NONE', ( #1375, #1054, #777, #1287, #468 ) ) ;
#558 = ORIENTED_EDGE ( 'NONE', *, *, #554, .F. ) ;
#559 = CARTESIAN_POINT ( 'NONE',  ( -0.001170000000000000033, -0.002949999999999999931, 0.002439999999999999895 ) ) ;
#560 = DIRECTION ( 'NONE',  ( 0.0000000000000000000, -0.0000000000000000000, -1.000000000000000000 ) ) ;
#561 = EDGE_LOOP ( 'NONE', ( #429, #129, #1481, #120 ) ) ;
#562 = CIRCLE ( 'NONE', #1605, 9.999999999999996413E-05 ) ;
#563 = CARTESIAN_POINT ( 'NONE',  ( 0.001270000000000000078, 0.002949999999999999931, 0.002439999999999999895 ) ) ;
#564 = CARTESIAN_POINT ( 'NONE',  ( -0.001170000000000000033, 0.001649999999999999991, 9.999999999999980150E-05 ) ) ;
#565 =( BOUNDED_SURFACE ( )  B_SPLINE_SURFACE ( 3, 3, ( 
 ( #350, #1310, #914, #77 ),
 ( #474, #597, #1041, #1050 ),
 ( #1477, #1764, #1623, #1346 ),
 ( #1593, #630, #193, #495 ) ),
 .UNSPECIFIED., .F., .F., .T. ) 
 B_SPLINE_SURFACE_WITH_KNOTS ( ( 4, 4 ),
 ( 4, 4 ),
 ( 0.0000000000000000000, 1.000000000000000000 ),
 ( 0.0000000000000000000, 1.000000000000000000 ),
 .UNSPECIFIED. ) 
 GEOMETRIC_REPRESENTATION_ITEM ( )  RATIONAL_B_SPLINE_SURFACE ( (
 ( 1.000000000000000000, 0.3333333333333334259, 0.3333333333333334259, 1.000000000000000000),
 ( 0.8025111867385934517, 0.2675037289128645579, 0.2675037289128645579, 0.8025111867385934517),
 ( 0.8025111867385934517, 0.2675037289128645579, 0.2675037289128645579, 0.8025111867385934517),
 ( 1.000000000000000000, 0.3333333333333334259, 0.3333333333333334259, 1.000000000000000000) ) ) 
 REPRESENTATION_ITEM ( '' )  SURFACE ( )  );
#566 = AXIS2_PLACEMENT_3D ( 'NONE', #1222, #195, #68 ) ;
#567 = EDGE_CURVE ( 'NONE', #1280, #573, #1705, .T. ) ;
#568 = CARTESIAN_POINT ( 'NONE',  ( 0.001098626039772358266, -0.002949999999999998197, 0.002510041115078381034 ) ) ;
#569 = EDGE_LOOP ( 'NONE', ( #916, #1740, #297, #1002, #279, #421 ) ) ;
#570 = DIRECTION ( 'NONE',  ( 0.0000000000000000000, -1.000000000000000000, 0.0000000000000000000 ) ) ;
#571 = CARTESIAN_POINT ( 'NONE',  ( 0.001270000000000000078, -0.005044834744105709985, 9.999999999999982861E-05 ) ) ;
#572 = VECTOR ( 'NONE', #736, 1.000000000000000000 ) ;
#573 = VERTEX_POINT ( 'NONE', #1788 ) ;
#574 = CARTESIAN_POINT ( 'NONE',  ( -0.001270000000000000078, 0.002950000000000000365, 0.003594834744105710085 ) ) ;
#575 =( NAMED_UNIT ( * ) PLANE_ANGLE_UNIT ( ) SI_UNIT ( $, .RADIAN. ) );
#576 = AXIS2_PLACEMENT_3D ( 'NONE', #1604, #755, #1746 ) ;
#577 = VECTOR ( 'NONE', #1175, 1.000000000000000000 ) ;
#578 = DIRECTION ( 'NONE',  ( 0.0000000000000000000, -1.000000000000000000, -4.336808689942016158E-15 ) ) ;
#579 = DIRECTION ( 'NONE',  ( 1.000000000000000000, 0.0000000000000000000, 0.0000000000000000000 ) ) ;
#580 = VERTEX_POINT ( 'NONE', #1279 ) ;
#581 = DIRECTION ( 'NONE',  ( -0.0000000000000000000, 1.000000000000000000, 0.0000000000000000000 ) ) ;
#582 = CARTESIAN_POINT ( 'NONE',  ( 0.001170000000000000033, -0.001649999999999999991, 0.003594834744105710085 ) ) ;
#583 = ORIENTED_EDGE ( 'NONE', *, *, #1123, .T. ) ;
#584 = CARTESIAN_POINT ( 'NONE',  ( 0.001240710678118654882, -0.002949999999999999498, 0.002510710678118654310 ) ) ;
#585 = DIRECTION ( 'NONE',  ( 0.0000000000000000000, -1.000000000000000000, -0.0000000000000000000 ) ) ;
#586 =( LENGTH_UNIT ( ) NAMED_UNIT ( * ) SI_UNIT ( $, .METRE. ) );
#587 = DIRECTION ( 'NONE',  ( 0.0000000000000000000, 0.0000000000000000000, 1.000000000000000000 ) ) ;
#588 = PLANE ( 'NONE',  #1152 ) ;
#589 = EDGE_LOOP ( 'NONE', ( #1668, #1692, #1541, #1698 ) ) ;
#590 = FILL_AREA_STYLE ('',( #320 ) ) ;
#591 = VECTOR ( 'NONE', #939, 1.000000000000000000 ) ;
#592 = FACE_OUTER_BOUND ( 'NONE', #1130, .T. ) ;
#593 = CARTESIAN_POINT ( 'NONE',  ( -0.001169999999999999816, -0.001549999999999999946, 9.999999999999982861E-05 ) ) ;
#594 = CIRCLE ( 'NONE', #1723, 9.999999999999982861E-05 ) ;
#595 = CARTESIAN_POINT ( 'NONE',  ( 0.001240710678118655532, -0.002949999999999999931, 0.002510710678118654744 ) ) ;
#596 = DIRECTION ( 'NONE',  ( 1.000000000000000000, 0.0000000000000000000, 0.0000000000000000000 ) ) ;
#597 = CARTESIAN_POINT ( 'NONE',  ( 0.001288034671099021373, 0.001621020880055966179, -1.244223629327561976E-05 ) ) ;
#598 = EDGE_CURVE ( 'NONE', #168, #358, #938, .T. ) ;
#599 = EDGE_CURVE ( 'NONE', #159, #322, #950, .T. ) ;
#600 = PLANE ( 'NONE',  #566 ) ;
#601 = CARTESIAN_POINT ( 'NONE',  ( -0.001240710678118654882, -0.001649999999999999991, 2.928932188134552184E-05 ) ) ;
#602 = AXIS2_PLACEMENT_3D ( 'NONE', #896, #321, #1775 ) ;
#603 = VERTEX_POINT ( 'NONE', #1799 ) ;
#604 = CARTESIAN_POINT ( 'NONE',  ( 0.001369991117421790264, 0.002878626039772357731, 0.002510041115078380600 ) ) ;
#605 = DIRECTION ( 'NONE',  ( 0.0000000000000000000, 0.0000000000000000000, 1.000000000000000000 ) ) ;
#606 = AXIS2_PLACEMENT_3D ( 'NONE', #885, #324, #1450 ) ;
#607 =( NAMED_UNIT ( * ) SI_UNIT ( $, .STERADIAN. ) SOLID_ANGLE_UNIT ( ) );
#608 = CARTESIAN_POINT ( 'NONE',  ( -0.001170000000000000033, 0.001549999999999999512, 0.002439999999999999895 ) ) ;
#609 = CARTESIAN_POINT ( 'NONE',  ( -0.001282442236294294201, -0.001649999999999999991, 0.002468979119943016508 ) ) ;
#610 = DIRECTION ( 'NONE',  ( 1.000000000000000000, 6.672013369141570394E-17, 0.0000000000000000000 ) ) ;
#611 = CARTESIAN_POINT ( 'NONE',  ( 0.001098626039772358266, -0.001450008882578210411, 2.995888492161901447E-05 ) ) ;
#612 = EDGE_CURVE ( 'NONE', #1510, #852, #1822, .T. ) ;
#613 = CARTESIAN_POINT ( 'NONE',  ( 0.001169999999981876076, 0.003049999999999999760, 9.999999998187650838E-05 ) ) ;
#614 = EDGE_CURVE ( 'NONE', #615, #1510, #1264, .T. ) ;
#615 = VERTEX_POINT ( 'NONE', #1015 ) ;
#616 = LINE ( 'NONE', #1306, #326 ) ;
#617 = CYLINDRICAL_SURFACE ( 'NONE', #606, 0.0001000000000000000048 ) ;
#618 = CARTESIAN_POINT ( 'NONE',  ( 0.001139962439680785276, -0.001448896448480525585, 0.002552164124680902750 ) ) ;
#619 = DIRECTION ( 'NONE',  ( 1.000000000000000000, 0.0000000000000000000, 0.0000000000000000000 ) ) ;
#620 = CYLINDRICAL_SURFACE ( 'NONE', #781, 0.0001000000000000000454 ) ;
#621 = ORIENTED_EDGE ( 'NONE', *, *, #923, .F. ) ;
#622 = CARTESIAN_POINT ( 'NONE',  ( 0.007574834744105719657, 0.003049999999999999760, 9.999999999999980150E-05 ) ) ;
#623 = ADVANCED_FACE ( '3:41037', ( #1598 ), #617, .T. ) ;
#624 = AXIS2_PLACEMENT_3D ( 'NONE', #634, #225, #1223 ) ;
#625 = VECTOR ( 'NONE', #767, 1.000000000000000000 ) ;
#626 = COLOUR_RGB ( '',1.000000000000000000, 1.000000000000000000, 1.000000000000000000 ) ;
#627 = DIRECTION ( 'NONE',  ( -0.0000000000000000000, 1.000000000000000000, 0.0000000000000000000 ) ) ;
#628 = EDGE_LOOP ( 'NONE', ( #1778, #1021, #110, #1105 ) ) ;
#629 = CARTESIAN_POINT ( 'NONE',  ( 0.001170000000000000033, 0.002949999999999999498, 0.002439999999999999895 ) ) ;
#630 = CARTESIAN_POINT ( 'NONE',  ( 0.001369991117421789613, 0.001721373960227641758, 2.995888492161985134E-05 ) ) ;
#631 = VECTOR ( 'NONE', #1088, 1.000000000000000000 ) ;
#632 = CARTESIAN_POINT ( 'NONE',  ( 0.001069999999999999771, 0.001549999999999999729, 0.002340000000000000066 ) ) ;
#633 = ORIENTED_EDGE ( 'NONE', *, *, #287, .F. ) ;
#634 = CARTESIAN_POINT ( 'NONE',  ( 0.001170000000000000033, -0.008894834744105710109, 0.002439999999999999895 ) ) ;
#635 = STYLED_ITEM ( 'NONE', ( #717 ), #151 ) ;
#636 = EDGE_CURVE ( 'NONE', #1124, #1082, #1184, .T. ) ;
#637 = FILL_AREA_STYLE ('',( #893 ) ) ;
#638 = ORIENTED_EDGE ( 'NONE', *, *, #1644, .T. ) ;
#639 = LINE ( 'NONE', #646, #1521 ) ;
#640 = CARTESIAN_POINT ( 'NONE',  ( 0.001069999999999999771, 0.001549999999999999729, 0.0002000000000000000367 ) ) ;
#641 = DIRECTION ( 'NONE',  ( 0.0000000000000000000, 0.0000000000000000000, -1.000000000000000000 ) ) ;
#642 = ORIENTED_EDGE ( 'NONE', *, *, #1352, .T. ) ;
#643 = CARTESIAN_POINT ( 'NONE',  ( -0.001098626039772356532, -0.003149991117421793631, 2.995888492161674104E-05 ) ) ;
#644 = CARTESIAN_POINT ( 'NONE',  ( -0.001270000000000000295, 0.002949999999999999931, 9.999999999999990992E-05 ) ) ;
#645 = ORIENTED_EDGE ( 'NONE', *, *, #481, .T. ) ;
#646 = CARTESIAN_POINT ( 'NONE',  ( -0.001170000000000000033, -0.004294834744105710186, -2.032879073410320814E-19 ) ) ;
#647 = EDGE_CURVE ( 'NONE', #1608, #702, #890, .T. ) ;
#648 = CARTESIAN_POINT ( 'NONE',  ( -0.001170000000000000900, 0.001721373960227641758, 0.002510041115078380167 ) ) ;
#649 = VERTEX_POINT ( 'NONE', #163 ) ;
#650 = CARTESIAN_POINT ( 'NONE',  ( -0.001198979119944034930, -0.002949999999999999064, 0.002552442236293275997 ) ) ;
#651 = CARTESIAN_POINT ( 'NONE',  ( 0.006324834744105709873, -0.008144834744105709443, 0.0000000000000000000 ) ) ;
#652 = ORIENTED_EDGE ( 'NONE', *, *, #1712, .F. ) ;
#653 =( GEOMETRIC_REPRESENTATION_CONTEXT ( 3 ) GLOBAL_UNCERTAINTY_ASSIGNED_CONTEXT ( ( #532 ) ) GLOBAL_UNIT_ASSIGNED_CONTEXT ( ( #1012, #290, #1296 ) ) REPRESENTATION_CONTEXT ( 'NONE', 'WORKASPACE' ) );
#654 = CIRCLE ( 'NONE', #1636, 9.999999999999982861E-05 ) ;
#655 = CARTESIAN_POINT ( 'NONE',  ( 0.001170000000000000033, 0.001649999999999999557, 9.999999999999980150E-05 ) ) ;
#656 = EDGE_CURVE ( 'NONE', #795, #678, #1121, .T. ) ;
#657 = EDGE_CURVE ( 'NONE', #808, #1280, #900, .T. ) ;
#658 = AXIS2_PLACEMENT_3D ( 'NONE', #66, #1355, #1078 ) ;
#659 = CARTESIAN_POINT ( 'NONE',  ( -0.001170000000000000467, 0.001649999999999999557, -2.032879073410320814E-19 ) ) ;
#660 = ORIENTED_EDGE ( 'NONE', *, *, #374, .T. ) ;
#661 = VECTOR ( 'NONE', #299, 1.000000000000000000 ) ;
#662 = DIRECTION ( 'NONE',  ( 1.000000000000000000, 0.0000000000000000000, -0.0000000000000000000 ) ) ;
#663 = VERTEX_POINT ( 'NONE', #593 ) ;
#664 = CIRCLE ( 'NONE', #910, 9.999999999999982861E-05 ) ;
#665 = CIRCLE ( 'NONE', #1096, 0.0001000000000000000454 ) ;
#666 = DIRECTION ( 'NONE',  ( -8.659560562354902043E-17, 1.000000000000000000, -8.659560562354963673E-17 ) ) ;
#667 = CARTESIAN_POINT ( 'NONE',  ( -0.001288034671098603739, 0.002978979119944624200, -1.244223629268474483E-05 ) ) ;
#668 = EDGE_CURVE ( 'NONE', #694, #1136, #1569, .T. ) ;
#669 = LINE ( 'NONE', #850, #1781 ) ;
#670 = EDGE_CURVE ( 'NONE', #1406, #1608, #293, .T. ) ;
#671 = VERTEX_POINT ( 'NONE', #720 ) ;
#672 = EDGE_CURVE ( 'NONE', #1014, #603, #1181, .T. ) ;
#673 = ORIENTED_EDGE ( 'NONE', *, *, #789, .T. ) ;
#674 = DIRECTION ( 'NONE',  ( 0.0000000000000000000, 0.0000000000000000000, -1.000000000000000000 ) ) ;
#675 = CARTESIAN_POINT ( 'NONE',  ( 0.001170000000000000033, 0.002949999999999999931, 0.003594834744105710085 ) ) ;
#676 = ORIENTED_EDGE ( 'NONE', *, *, #1759, .F. ) ;
#677 = CARTESIAN_POINT ( 'NONE',  ( -0.001098626039772358483, 0.001450008882578210411, 2.995888492161880102E-05 ) ) ;
#678 = VERTEX_POINT ( 'NONE', #1711 ) ;
#679 = EDGE_CURVE ( 'NONE', #1484, #615, #876, .T. ) ;
#680 = CARTESIAN_POINT ( 'NONE',  ( -0.001170000000000000033, 0.002978979119944033960, 0.002552442236293275563 ) ) ;
#681 = EDGE_LOOP ( 'NONE', ( #1528, #1217, #980, #1249, #791 ) ) ;
#682 = CARTESIAN_POINT ( 'NONE',  ( 0.001240710678118654665, 0.002949999999999999931, 2.928932188134563026E-05 ) ) ;
#683 = PRODUCT ( '49F3D82E-C761-4748-AC31-EB8ADBD85B53', '49F3D82E-C761-4748-AC31-EB8ADBD85B53', '', ( #1369 ) ) ;
#684 = VECTOR ( 'NONE', #1652, 1.000000000000000000 ) ;
#685 = CARTESIAN_POINT ( 'NONE',  ( 0.001240710678118654665, -0.002949999999999999931, 2.928932188134562688E-05 ) ) ;
#686 = AXIS2_PLACEMENT_3D ( 'NONE', #530, #1662, #981 ) ;
#687 = CIRCLE ( 'NONE', #839, 0.0001000000000000000454 ) ;
#688 = DIRECTION ( 'NONE',  ( 1.000000000000000000, 0.0000000000000000000, 0.0000000000000000000 ) ) ;
#689 = ORIENTED_EDGE ( 'NONE', *, *, #1794, .T. ) ;
#690 = ADVANCED_FACE ( '3:102', ( #459 ), #15, .T. ) ;
#691 = CARTESIAN_POINT ( 'NONE',  ( 0.001270000000000000078, -0.005044834744105709985, 0.003594834744105710085 ) ) ;
#692 = ORIENTED_EDGE ( 'NONE', *, *, #797, .F. ) ;
#693 = CARTESIAN_POINT ( 'NONE',  ( 0.001198979119944034062, 0.002949999999999999931, -1.244223629327556047E-05 ) ) ;
#694 = VERTEX_POINT ( 'NONE', #1441 ) ;
#695 = CARTESIAN_POINT ( 'NONE',  ( 0.001170000000000000033, 0.001721373960227642191, 0.002510041115078380600 ) ) ;
#696 = CARTESIAN_POINT ( 'NONE',  ( 0.007574834744105710116, -0.003049999999999999760, 9.999999999999980150E-05 ) ) ;
#697 = VECTOR ( 'NONE', #1583, 1.000000000000000000 ) ;
#698 = CIRCLE ( 'NONE', #1736, 9.999999999999996413E-05 ) ;
#699 = ORIENTED_EDGE ( 'NONE', *, *, #1330, .T. ) ;
#700 = CARTESIAN_POINT ( 'NONE',  ( -0.001098626039772358483, 0.001649999999999999991, 2.995888492161879763E-05 ) ) ;
#701 = ORIENTED_EDGE ( 'NONE', *, *, #466, .T. ) ;
#702 = VERTEX_POINT ( 'NONE', #1421 ) ;
#703 = ORIENTED_EDGE ( 'NONE', *, *, #672, .F. ) ;
#704 = DIRECTION ( 'NONE',  ( 0.0000000000000000000, 0.0000000000000000000, 1.000000000000000000 ) ) ;
#705 = DIRECTION ( 'NONE',  ( 1.000000000000000000, 0.0000000000000000000, -0.0000000000000000000 ) ) ;
#706 = EDGE_CURVE ( 'NONE', #919, #1714, #665, .T. ) ;
#707 = EDGE_LOOP ( 'NONE', ( #1821, #433, #878, #1786 ) ) ;
#708 = CARTESIAN_POINT ( 'NONE',  ( 0.001269999999999999862, 0.001649999999999999774, 0.002439999999999999461 ) ) ;
#709 = DIRECTION ( 'NONE',  ( 1.000000000000000000, 6.672013369141570394E-17, -0.0000000000000000000 ) ) ;
#710 = ORIENTED_EDGE ( 'NONE', *, *, #656, .T. ) ;
#711 = ORIENTED_EDGE ( 'NONE', *, *, #93, .F. ) ;
#712 = CARTESIAN_POINT ( 'NONE',  ( 0.001170000000000000033, -0.001649999999999999991, 0.002439999999999999895 ) ) ;
#713 = FACE_OUTER_BOUND ( 'NONE', #281, .T. ) ;
#714 = EDGE_LOOP ( 'NONE', ( #551, #1519, #558, #436, #1677, #1430 ) ) ;
#715 = VECTOR ( 'NONE', #482, 1.000000000000000000 ) ;
#716 = SURFACE_STYLE_USAGE ( .BOTH. , #150 ) ;
#717 = PRESENTATION_STYLE_ASSIGNMENT (( #1297 ) ) ;
#718 = VERTEX_POINT ( 'NONE', #1701 ) ;
#719 = CIRCLE ( 'NONE', #928, 0.0001000000000000000048 ) ;
#720 = CARTESIAN_POINT ( 'NONE',  ( -0.001069999999999999771, 0.001549999999999999729, 0.0002000000000000000367 ) ) ;
#721 = SURFACE_STYLE_FILL_AREA ( #27 ) ;
#722 = ORIENTED_EDGE ( 'NONE', *, *, #502, .T. ) ;
#723 = CARTESIAN_POINT ( 'NONE',  ( -0.001170000000000000033, -0.002949999999999999931, 0.003594834744105710085 ) ) ;
#724 = DIRECTION ( 'NONE',  ( 0.0000000000000000000, 0.0000000000000000000, 1.000000000000000000 ) ) ;
#725 = VECTOR ( 'NONE', #143, 1.000000000000000000 ) ;
#726 = ORIENTED_EDGE ( 'NONE', *, *, #614, .T. ) ;
#727 = ADVANCED_FACE ( '3:43825', ( #749 ), #1158, .T. ) ;
#728 = ORIENTED_EDGE ( 'NONE', *, *, #457, .F. ) ;
#729 = CYLINDRICAL_SURFACE ( 'NONE', #1196, 0.0001000000000000000454 ) ;
#730 = DIRECTION ( 'NONE',  ( 0.0000000000000000000, 0.0000000000000000000, 1.000000000000000000 ) ) ;
#731 = EDGE_CURVE ( 'NONE', #1354, #88, #273, .T. ) ;
#732 = PLANE ( 'NONE',  #1064 ) ;
#733 = ORIENTED_EDGE ( 'NONE', *, *, #769, .T. ) ;
#734 = EDGE_CURVE ( 'NONE', #702, #1548, #26, .T. ) ;
#735 = DIRECTION ( 'NONE',  ( 4.336808689942017736E-15, 0.0000000000000000000, -1.000000000000000000 ) ) ;
#736 = DIRECTION ( 'NONE',  ( -0.0000000000000000000, 1.000000000000000000, 0.0000000000000000000 ) ) ;
#737 = ORIENTED_EDGE ( 'NONE', *, *, #1300, .F. ) ;
#738 = CARTESIAN_POINT ( 'NONE',  ( -0.001169999999996933476, -0.001549999999999999946, 0.002440000000003066452 ) ) ;
#739 = DIRECTION ( 'NONE',  ( 0.0000000000000000000, 0.0000000000000000000, 1.000000000000000000 ) ) ;
#740 = CARTESIAN_POINT ( 'NONE',  ( 0.001371103551519474223, 0.002919962439680784307, 0.002552164124680902750 ) ) ;
#741 = DIRECTION ( 'NONE',  ( 1.000000000000000000, 6.672013369141570394E-17, 0.0000000000000000000 ) ) ;
#742 = DIRECTION ( 'NONE',  ( -1.000000000000000000, 0.0000000000000000000, -0.0000000000000000000 ) ) ;
#743 = EDGE_CURVE ( 'NONE', #1771, #1824, #1554, .T. ) ;
#744 = DIRECTION ( 'NONE',  ( 0.0000000000000000000, 0.0000000000000000000, 1.000000000000000000 ) ) ;
#745 = CARTESIAN_POINT ( 'NONE',  ( -0.001170000000000000900, 0.001649999999999999340, 9.999999999999980150E-05 ) ) ;
#746 = CARTESIAN_POINT ( 'NONE',  ( 0.001198979119944034279, -0.001531965328900979084, -1.244223629327540631E-05 ) ) ;
#747 = CARTESIAN_POINT ( 'NONE',  ( 0.001170000000000000033, 0.001549999999999999729, 0.002439999999999999895 ) ) ;
#748 = DIRECTION ( 'NONE',  ( 0.7071067811865506814, 0.0000000000000000000, 0.7071067811865442421 ) ) ;
#749 = FACE_OUTER_BOUND ( 'NONE', #561, .T. ) ;
#750 = CIRCLE ( 'NONE', #1112, 9.999999999999982861E-05 ) ;
#751 = CARTESIAN_POINT ( 'NONE',  ( 0.001139962439680785276, -0.002949999999999998197, 0.002552164124680903184 ) ) ;
#752 = EDGE_CURVE ( 'NONE', #107, #168, #35, .T. ) ;
#753 = CARTESIAN_POINT ( 'NONE',  ( 0.001139962439680785276, -0.001649999999999999991, 0.002552164124680902750 ) ) ;
#754 = DIRECTION ( 'NONE',  ( -0.0000000000000000000, 0.0000000000000000000, 1.000000000000000000 ) ) ;
#755 = DIRECTION ( 'NONE',  ( -0.0000000000000000000, -1.000000000000000000, -0.0000000000000000000 ) ) ;
#756 = CARTESIAN_POINT ( 'NONE',  ( 0.001240710678118654882, -0.001649999999999999991, 2.928932188134563026E-05 ) ) ;
#757 = CARTESIAN_POINT ( 'NONE',  ( -0.001069999999999999988, -0.002299999999999999961, 0.0002000000000000000096 ) ) ;
#758 = EDGE_CURVE ( 'NONE', #358, #88, #1001, .T. ) ;
#759 = AXIS2_PLACEMENT_3D ( 'NONE', #60, #1062, #641 ) ;
#760 = VERTEX_POINT ( 'NONE', #1627 ) ;
#761 = CARTESIAN_POINT ( 'NONE',  ( 0.001371103551519475090, 0.003062164124680903220, 0.002409962439680784271 ) ) ;
#762 = CARTESIAN_POINT ( 'NONE',  ( -0.001270000000000000078, -0.005044834744105709985, 0.003594834744105710085 ) ) ;
#763 = AXIS2_PLACEMENT_3D ( 'NONE', #448, #1580, #1046 ) ;
#764 = CARTESIAN_POINT ( 'NONE',  ( 0.001282164124680903105, -0.002949999999999999498, 0.002409962439680784704 ) ) ;
#765 = CARTESIAN_POINT ( 'NONE',  ( 0.001240710678118655316, -0.001649999999999999991, 0.002510710678118655177 ) ) ;
#766 =( NAMED_UNIT ( * ) PLANE_ANGLE_UNIT ( ) SI_UNIT ( $, .RADIAN. ) );
#767 = DIRECTION ( 'NONE',  ( -1.000000000000000000, -6.672013369141570394E-17, 4.591774807899559894E-33 ) ) ;
#768 = LINE ( 'NONE', #757, #1760 ) ;
#769 = EDGE_CURVE ( 'NONE', #1495, #603, #1235, .T. ) ;
#770 = ORIENTED_EDGE ( 'NONE', *, *, #1221, .F. ) ;
#771 = CARTESIAN_POINT ( 'NONE',  ( 0.001170000000000000033, 0.002878626039772357731, 0.002510041115078380600 ) ) ;
#772 = ORIENTED_EDGE ( 'NONE', *, *, #397, .T. ) ;
#773 = CARTESIAN_POINT ( 'NONE',  ( -0.001139962439678332811, -0.001649999999999999557, 0.002552164124681003364 ) ) ;
#774 = CARTESIAN_POINT ( 'NONE',  ( 0.001170000000000000033, 0.001579289321881345142, 0.002510710678118654744 ) ) ;
#775 = CARTESIAN_POINT ( 'NONE',  ( -0.001282164124680902238, -0.001650000000000000208, 0.0001300375603192156424 ) ) ;
#776 = ADVANCED_FACE ( '3:26647', ( #1620 ), #790, .T. ) ;
#777 = ORIENTED_EDGE ( 'NONE', *, *, #1690, .T. ) ;
#778 = CARTESIAN_POINT ( 'NONE',  ( -0.001270000000000000078, -0.008894834744105710109, 0.002439999999999999895 ) ) ;
#779 = MECHANICAL_DESIGN_GEOMETRIC_PRESENTATION_REPRESENTATION (  '', ( #356 ), #1282 ) ;
#780 = AXIS2_PLACEMENT_3D ( 'NONE', #416, #1270, #1832 ) ;
#781 = AXIS2_PLACEMENT_3D ( 'NONE', #1361, #496, #94 ) ;
#782 = CARTESIAN_POINT ( 'NONE',  ( -0.001170000000000000033, -0.001649999999999999991, 9.999999999999982861E-05 ) ) ;
#783 = VERTEX_POINT ( 'NONE', #608 ) ;
#784 = PRESENTATION_STYLE_ASSIGNMENT (( #1629 ) ) ;
#785 = CARTESIAN_POINT ( 'NONE',  ( 0.001170000000000000033, 0.002949999999999999931, 9.999999999999982861E-05 ) ) ;
#786 = VERTEX_POINT ( 'NONE', #1185 ) ;
#787 = CARTESIAN_POINT ( 'NONE',  ( -0.001282442236293275268, -0.002949999999999999498, 7.102088005596623316E-05 ) ) ;
#788 = CIRCLE ( 'NONE', #1259, 0.0001000000000000000183 ) ;
#789 = EDGE_CURVE ( 'NONE', #1834, #1824, #926, .T. ) ;
#790 = CYLINDRICAL_SURFACE ( 'NONE', #238, 9.999999999999982861E-05 ) ;
#791 = ORIENTED_EDGE ( 'NONE', *, *, #1383, .T. ) ;
#792 =( NAMED_UNIT ( * ) SI_UNIT ( $, .STERADIAN. ) SOLID_ANGLE_UNIT ( ) );
#793 = CARTESIAN_POINT ( 'NONE',  ( -0.001170000000000000033, -0.004294834744105710186, 9.999999999999980150E-05 ) ) ;
#794 = CARTESIAN_POINT ( 'NONE',  ( -0.001170000000000000033, -0.008894834744105710109, -2.032879073410320814E-19 ) ) ;
#795 = VERTEX_POINT ( 'NONE', #644 ) ;
#796 = CARTESIAN_POINT ( 'NONE',  ( -0.001240710678118654231, -0.002949999999999999931, 2.928932188134489504E-05 ) ) ;
#797 = EDGE_CURVE ( 'NONE', #1082, #1014, #1809, .T. ) ;
#798 = EDGE_CURVE ( 'NONE', #1125, #603, #347, .T. ) ;
#799 = CARTESIAN_POINT ( 'NONE',  ( 0.001069999999999999771, -0.001549999999999999946, 0.003594834744105710085 ) ) ;
#800 = ORIENTED_EDGE ( 'NONE', *, *, #161, .T. ) ;
#801 = CARTESIAN_POINT ( 'NONE',  ( -0.001198979119943017081, -0.001649999999999999557, 0.002552442236294293412 ) ) ;
#802 = CARTESIAN_POINT ( 'NONE',  ( 0.001170000000000000033, 0.001650000000000000425, 0.002439999999999999895 ) ) ;
#803 = CARTESIAN_POINT ( 'NONE',  ( 0.001240710678118653147, 0.002949999999999999498, 2.928932188134350252E-05 ) ) ;
#804 = CARTESIAN_POINT ( 'NONE',  ( -0.001240710678118655316, -0.002950000000000001232, 0.002510710678118655177 ) ) ;
#805 = ORIENTED_EDGE ( 'NONE', *, *, #1180, .T. ) ;
#806 = AXIS2_PLACEMENT_3D ( 'NONE', #109, #516, #968 ) ;
#807 = FACE_OUTER_BOUND ( 'NONE', #1044, .T. ) ;
#808 = VERTEX_POINT ( 'NONE', #218 ) ;
#809 = CARTESIAN_POINT ( 'NONE',  ( 0.001282164124680901587, 0.002949999999999999931, 0.0001300375603192161303 ) ) ;
#810 = DIRECTION ( 'NONE',  ( -0.0000000000000000000, 1.000000000000000000, -0.0000000000000000000 ) ) ;
#811 = ADVANCED_FACE ( 'NONE', ( #1466 ), #122, .T. ) ;
#812 = AXIS2_PLACEMENT_3D ( 'NONE', #941, #619, #483 ) ;
#813 = DIRECTION ( 'NONE',  ( 1.000000000000000000, 6.672013369141570394E-17, 0.0000000000000000000 ) ) ;
#814 = EDGE_CURVE ( 'NONE', #663, #107, #955, .T. ) ;
#815 = CARTESIAN_POINT ( 'NONE',  ( -0.001240710678118654882, 0.001649999999999999557, 2.928932188134563026E-05 ) ) ;
#816 = VECTOR ( 'NONE', #1016, 1.000000000000000000 ) ;
#817 = ORIENTED_EDGE ( 'NONE', *, *, #647, .T. ) ;
#818 = CYLINDRICAL_SURFACE ( 'NONE', #446, 9.999999999999982861E-05 ) ;
#819 = FILL_AREA_STYLE ('',( #245 ) ) ;
#820 = VECTOR ( 'NONE', #610, 1.000000000000000000 ) ;
#821 = CARTESIAN_POINT ( 'NONE',  ( 0.001369991117421790481, 0.001721373960227642191, 0.002510041115078380600 ) ) ;
#822 =( BOUNDED_SURFACE ( )  B_SPLINE_SURFACE ( 3, 3, ( 
 ( #1358, #1097, #1535, #90 ),
 ( #1637, #956, #1387, #680 ),
 ( #128, #1244, #1803, #1529 ),
 ( #369, #1785, #534, #507 ) ),
 .UNSPECIFIED., .F., .F., .F. ) 
 B_SPLINE_SURFACE_WITH_KNOTS ( ( 4, 4 ),
 ( 4, 4 ),
 ( 0.0000000000000000000, 1.000000000000000000 ),
 ( 0.0000000000000000000, 1.000000000000000000 ),
 .UNSPECIFIED. ) 
 GEOMETRIC_REPRESENTATION_ITEM ( )  RATIONAL_B_SPLINE_SURFACE ( (
 ( 1.000000000000000000, 0.3333333333333334259, 0.3333333333333334259, 1.000000000000000000),
 ( 0.8025111867385922304, 0.2675037289128641693, 0.2675037289128641693, 0.8025111867385922304),
 ( 0.8025111867385922304, 0.2675037289128641693, 0.2675037289128641693, 0.8025111867385922304),
 ( 1.000000000000000000, 0.3333333333333334259, 0.3333333333333334259, 1.000000000000000000) ) ) 
 REPRESENTATION_ITEM ( '' )  SURFACE ( )  );
#823 = EDGE_CURVE ( 'NONE', #573, #61, #1591, .T. ) ;
#824 = DIRECTION ( 'NONE',  ( 0.0000000000000000000, 0.0000000000000000000, -1.000000000000000000 ) ) ;
#825 = ORIENTED_EDGE ( 'NONE', *, *, #598, .T. ) ;
#826 = CARTESIAN_POINT ( 'NONE',  ( 0.0000000000000000000, 0.001550000000000000162, 0.0002000000000000000096 ) ) ;
#827 = ORIENTED_EDGE ( 'NONE', *, *, #1794, .F. ) ;
#828 = CARTESIAN_POINT ( 'NONE',  ( 0.001371103551519472705, 0.001680037560319215181, 0.002552164124680902316 ) ) ;
#829 = ORIENTED_EDGE ( 'NONE', *, *, #1300, .T. ) ;
#830 = PLANE ( 'NONE',  #780 ) ;
#831 = PRODUCT_RELATED_PRODUCT_CATEGORY ( 'part', '', ( #683 ) ) ;
#832 = ORIENTED_EDGE ( 'NONE', *, *, #1780, .F. ) ;
#833 = DIRECTION ( 'NONE',  ( 0.0000000000000000000, -1.000000000000000000, 0.0000000000000000000 ) ) ;
#834 = ORIENTED_EDGE ( 'NONE', *, *, #657, .T. ) ;
#835 = CARTESIAN_POINT ( 'NONE',  ( 0.001240710678118654665, 0.002949999999999999931, 2.928932188134562688E-05 ) ) ;
#836 = MANIFOLD_SOLID_BREP ( '0:382', #996 ) ;
#837 = AXIS2_PLACEMENT_3D ( 'NONE', #691, #1119, #1086 ) ;
#838 = CARTESIAN_POINT ( 'NONE',  ( 0.008824834744105709491, -0.001549999999999999946, 0.002439999999999999895 ) ) ;
#839 = AXIS2_PLACEMENT_3D ( 'NONE', #863, #1564, #1715 ) ;
#840 = ORIENTED_EDGE ( 'NONE', *, *, #923, .T. ) ;
#841 = DIRECTION ( 'NONE',  ( 0.0000000000000000000, -1.000000000000000000, -0.0000000000000000000 ) ) ;
#842 = EDGE_LOOP ( 'NONE', ( #633, #940, #1628, #827 ) ) ;
#843 = VERTEX_POINT ( 'NONE', #375 ) ;
#844 = ADVANCED_FACE ( 'NONE', ( #257 ), #317, .T. ) ;
#845 = ORIENTED_EDGE ( 'NONE', *, *, #1526, .F. ) ;
#846 = CIRCLE ( 'NONE', #47, 0.0001000000000000000048 ) ;
#847 = DIRECTION ( 'NONE',  ( 0.0000000000000000000, 0.0000000000000000000, 1.000000000000000000 ) ) ;
#848 = LINE ( 'NONE', #166, #460 ) ;
#849 = ORIENTED_EDGE ( 'NONE', *, *, #1278, .T. ) ;
#850 = CARTESIAN_POINT ( 'NONE',  ( -0.001170000000000000033, -0.003049999999999999760, 0.003594834744105710085 ) ) ;
#851 =( NAMED_UNIT ( * ) SI_UNIT ( $, .STERADIAN. ) SOLID_ANGLE_UNIT ( ) );
#852 = VERTEX_POINT ( 'NONE', #1394 ) ;
#853 = EDGE_CURVE ( 'NONE', #1545, #107, #1224, .T. ) ;
#854 = CYLINDRICAL_SURFACE ( 'NONE', #484, 0.0001000000000000000183 ) ;
#855 = DIRECTION ( 'NONE',  ( -1.000000000000000000, -0.0000000000000000000, -0.0000000000000000000 ) ) ;
#856 = EDGE_LOOP ( 'NONE', ( #1032, #102, #20, #817 ) ) ;
#857 = CARTESIAN_POINT ( 'NONE',  ( 0.001170000000000000033, 0.001650000000000000425, 9.999999999999980150E-05 ) ) ;
#858 = DIRECTION ( 'NONE',  ( -0.0000000000000000000, -1.000000000000000000, -0.0000000000000000000 ) ) ;
#859 = ORIENTED_EDGE ( 'NONE', *, *, #1383, .F. ) ;
#860 = DIRECTION ( 'NONE',  ( 0.0000000000000000000, 0.0000000000000000000, 1.000000000000000000 ) ) ;
#861 = CARTESIAN_POINT ( 'NONE',  ( 0.001282164124680903756, -0.003151103551519478241, 0.002409962439680784271 ) ) ;
#862 = ORIENTED_EDGE ( 'NONE', *, *, #769, .F. ) ;
#863 = CARTESIAN_POINT ( 'NONE',  ( 0.001170000000000000033, 0.002949999999999999931, 0.002439999999999999895 ) ) ;
#864 = CARTESIAN_POINT ( 'NONE',  ( -0.001170000000000000033, -0.002949999999999999498, 9.999999999999980150E-05 ) ) ;
#865 = EDGE_CURVE ( 'NONE', #718, #1608, #1367, .T. ) ;
#866 = AXIS2_PLACEMENT_3D ( 'NONE', #909, #1315, #1324 ) ;
#867 = ORIENTED_EDGE ( 'NONE', *, *, #1670, .F. ) ;
#868 = VECTOR ( 'NONE', #1766, 1.000000000000000000 ) ;
#869 = LINE ( 'NONE', #1051, #181 ) ;
#870 = FILL_AREA_STYLE_COLOUR ( '', #1292 ) ;
#871 = ADVANCED_FACE ( '3:42550', ( #807 ), #822, .T. ) ;
#872 = PRESENTATION_LAYER_ASSIGNMENT (  '', '', ( #1665 ) ) ;
#873 = ORIENTED_EDGE ( 'NONE', *, *, #1532, .F. ) ;
#874 = CYLINDRICAL_SURFACE ( 'NONE', #1339, 9.999999999999982861E-05 ) ;
#875 = COLOUR_RGB ( '',1.000000000000000000, 1.000000000000000000, 1.000000000000000000 ) ;
#876 = LINE ( 'NONE', #1290, #577 ) ;
#877 = PLANE ( 'NONE',  #1672 ) ;
#878 = ORIENTED_EDGE ( 'NONE', *, *, #161, .F. ) ;
#879 = DIRECTION ( 'NONE',  ( 0.0000000000000000000, 1.000000000000000000, -0.0000000000000000000 ) ) ;
#880 = DIRECTION ( 'NONE',  ( 1.000000000000000000, 0.0000000000000000000, -0.0000000000000000000 ) ) ;
#881 = ORIENTED_EDGE ( 'NONE', *, *, #743, .F. ) ;
#882 = DIRECTION ( 'NONE',  ( 0.0000000000000000000, -1.000000000000000000, -4.336808689942016158E-15 ) ) ;
#883 = CARTESIAN_POINT ( 'NONE',  ( 0.0000000000000000000, -0.002299999999999999961, 0.0002000000000000000096 ) ) ;
#884 = DIRECTION ( 'NONE',  ( 1.000000000000000000, 0.0000000000000000000, 0.0000000000000000000 ) ) ;
#885 = CARTESIAN_POINT ( 'NONE',  ( 0.001170000000000000033, -0.004294834744105710186, 9.999999999999980150E-05 ) ) ;
#886 = DIRECTION ( 'NONE',  ( 0.0000000000000000000, 0.0000000000000000000, -1.000000000000000000 ) ) ;
#887 = DIRECTION ( 'NONE',  ( 0.0000000000000000000, 0.0000000000000000000, 1.000000000000000000 ) ) ;
#888 = CARTESIAN_POINT ( 'NONE',  ( -0.001169999999999999166, -0.001549999999999999946, 0.003594834744105710085 ) ) ;
#889 = CYLINDRICAL_SURFACE ( 'NONE', #480, 9.999999999999982861E-05 ) ;
#890 = LINE ( 'NONE', #1037, #136 ) ;
#891 = ADVANCED_FACE ( '0:397', ( #101 ), #1113, .F. ) ;
#892 = SURFACE_STYLE_USAGE ( .BOTH. , #1713 ) ;
#893 = FILL_AREA_STYLE_COLOUR ( '', #1542 ) ;
#894 = CARTESIAN_POINT ( 'NONE',  ( 0.006324834744105709873, -0.003544834744105709954, 0.002540000000000000157 ) ) ;
#895 = DIRECTION ( 'NONE',  ( 0.0000000000000000000, -1.000000000000000000, 0.0000000000000000000 ) ) ;
#896 = CARTESIAN_POINT ( 'NONE',  ( 0.001170000000000000033, 0.001649999999999999991, 0.002439999999999999895 ) ) ;
#897 = PRESENTATION_LAYER_ASSIGNMENT (  '', '', ( #356 ) ) ;
#898 = ORIENTED_EDGE ( 'NONE', *, *, #1750, .T. ) ;
#899 = DIRECTION ( 'NONE',  ( 0.0000000000000000000, 0.0000000000000000000, 1.000000000000000000 ) ) ;
#900 = LINE ( 'NONE', #439, #221 ) ;
#901 = CIRCLE ( 'NONE', #1202, 9.999999999999982861E-05 ) ;
#902 = PRODUCT_DEFINITION_FORMATION_WITH_SPECIFIED_SOURCE ( 'ANY', '', #683, .NOT_KNOWN. ) ;
#903 = EDGE_CURVE ( 'NONE', #649, #615, #1667, .T. ) ;
#904 = FILL_AREA_STYLE ('',( #1622 ) ) ;
#905 = CARTESIAN_POINT ( 'NONE',  ( -0.001170000000000000684, 0.001621020880055965962, 0.002552442236293274696 ) ) ;
#906 = CARTESIAN_POINT ( 'NONE',  ( 0.007574834744105719657, -0.001649999999999999991, 0.002439999999999999895 ) ) ;
#907 = CIRCLE ( 'NONE', #1551, 0.0001000000000000000454 ) ;
#908 = ORIENTED_EDGE ( 'NONE', *, *, #1180, .F. ) ;
#909 = CARTESIAN_POINT ( 'NONE',  ( 0.007574834744105710116, -0.002949999999999999931, 9.999999999999980150E-05 ) ) ;
#910 = AXIS2_PLACEMENT_3D ( 'NONE', #278, #855, #11 ) ;
#911 = VECTOR ( 'NONE', #1238, 1.000000000000000000 ) ;
#912 = ORIENTED_EDGE ( 'NONE', *, *, #752, .T. ) ;
#913 = CARTESIAN_POINT ( 'NONE',  ( 0.001170000000000000033, -0.008894834744105710109, 9.999999999999980150E-05 ) ) ;
#914 = CARTESIAN_POINT ( 'NONE',  ( 0.001170000000000000033, 0.001579289321881345359, 2.928932188134476629E-05 ) ) ;
#915 = CARTESIAN_POINT ( 'NONE',  ( -0.001371103551519472271, 0.001680037560319214097, 0.002552164124680901015 ) ) ;
#916 = ORIENTED_EDGE ( 'NONE', *, *, #1601, .T. ) ;
#917 = CARTESIAN_POINT ( 'NONE',  ( -0.001139962439680786144, -0.002949999999999999064, 0.002552164124680903184 ) ) ;
#918 = CARTESIAN_POINT ( 'NONE',  ( 0.001198979119944034279, -0.001531965328900977133, 0.002552442236293276431 ) ) ;
#919 = VERTEX_POINT ( 'NONE', #1236 ) ;
#920 = DIRECTION ( 'NONE',  ( 0.0000000000000000000, 0.0000000000000000000, -1.000000000000000000 ) ) ;
#921 = CARTESIAN_POINT ( 'NONE',  ( 0.001170000000000000033, 0.001579289321881345142, 0.002510710678118655177 ) ) ;
#922 = CARTESIAN_POINT ( 'NONE',  ( 0.001170000000000000033, -0.001649999999999999991, 9.999999999999980150E-05 ) ) ;
#923 = EDGE_CURVE ( 'NONE', #671, #1428, #250, .T. ) ;
#924 = ORIENTED_EDGE ( 'NONE', *, *, #1654, .F. ) ;
#925 = CARTESIAN_POINT ( 'NONE',  ( 0.001270000000000000078, -0.001649999999999999991, 9.999999999999980150E-05 ) ) ;
#926 = CIRCLE ( 'NONE', #1722, 0.0001000000000000000454 ) ;
#927 = CIRCLE ( 'NONE', #1811, 0.0001000000000000000048 ) ;
#928 = AXIS2_PLACEMENT_3D ( 'NONE', #277, #1414, #735 ) ;
#929 = DIRECTION ( 'NONE',  ( -2.168404344971008868E-15, 0.0000000000000000000, -1.000000000000000000 ) ) ;
#930 = ORIENTED_EDGE ( 'NONE', *, *, #1524, .T. ) ;
#931 = CARTESIAN_POINT ( 'NONE',  ( 0.001170000000000000033, -0.002949999999999999931, 0.002439999999999999895 ) ) ;
#932 = FACE_OUTER_BOUND ( 'NONE', #1087, .T. ) ;
#933 = CARTESIAN_POINT ( 'NONE',  ( -0.001282164124680902238, -0.001448896448480527102, 0.0001300375603192159405 ) ) ;
#934 = ORIENTED_EDGE ( 'NONE', *, *, #636, .T. ) ;
#935 = CARTESIAN_POINT ( 'NONE',  ( -0.001240041115078382907, -0.003149991117421793198, 0.002368626039772355092 ) ) ;
#936 = EDGE_CURVE ( 'NONE', #224, #795, #1227, .T. ) ;
#937 = CIRCLE ( 'NONE', #576, 9.999999999999982861E-05 ) ;
#938 = CIRCLE ( 'NONE', #308, 9.999999999999999124E-05 ) ;
#939 = DIRECTION ( 'NONE',  ( 1.000000000000000000, 0.0000000000000000000, -0.0000000000000000000 ) ) ;
#940 = ORIENTED_EDGE ( 'NONE', *, *, #14, .T. ) ;
#941 = CARTESIAN_POINT ( 'NONE',  ( -0.001170000000000000033, 0.002949999999999999931, 0.002439999999999999895 ) ) ;
#942 = DIRECTION ( 'NONE',  ( 0.0000000000000000000, -1.000000000000000000, 0.0000000000000000000 ) ) ;
#943 = FACE_OUTER_BOUND ( 'NONE', #569, .T. ) ;
#944 = VERTEX_POINT ( 'NONE', #1646 ) ;
#945 = EDGE_CURVE ( 'NONE', #168, #1354, #1363, .T. ) ;
#946 =( NAMED_UNIT ( * ) SI_UNIT ( $, .STERADIAN. ) SOLID_ANGLE_UNIT ( ) );
#947 = ORIENTED_EDGE ( 'NONE', *, *, #1392, .F. ) ;
#948 = ADVANCED_FACE ( '3:28682', ( #243 ), #818, .T. ) ;
#949 = CARTESIAN_POINT ( 'NONE',  ( 0.001098626039772355231, 0.003149991117421793198, 2.995888492161690028E-05 ) ) ;
#950 = LINE ( 'NONE', #1370, #911 ) ;
#951 = DIRECTION ( 'NONE',  ( 0.0000000000000000000, -1.000000000000000000, -0.0000000000000000000 ) ) ;
#952 =( BOUNDED_SURFACE ( )  B_SPLINE_SURFACE ( 3, 3, ( 
 ( #32, #1179, #464, #756 ),
 ( #475, #746, #1418, #1718 ),
 ( #1042, #444, #1576, #1594 ),
 ( #1312, #611, #52, #1709 ) ),
 .UNSPECIFIED., .F., .F., .T. ) 
 B_SPLINE_SURFACE_WITH_KNOTS ( ( 4, 4 ),
 ( 4, 4 ),
 ( 0.0000000000000000000, 1.000000000000000000 ),
 ( 0.0000000000000000000, 1.000000000000000000 ),
 .UNSPECIFIED. ) 
 GEOMETRIC_REPRESENTATION_ITEM ( )  RATIONAL_B_SPLINE_SURFACE ( (
 ( 1.000000000000000000, 0.3333333333333334259, 0.3333333333333334259, 1.000000000000000000),
 ( 0.8025111867385945619, 0.2675037289128649465, 0.2675037289128649465, 0.8025111867385945619),
 ( 0.8025111867385945619, 0.2675037289128649465, 0.2675037289128649465, 0.8025111867385945619),
 ( 1.000000000000000000, 0.3333333333333334259, 0.3333333333333334259, 1.000000000000000000) ) ) 
 REPRESENTATION_ITEM ( '' )  SURFACE ( )  );
#953 = CARTESIAN_POINT ( 'NONE',  ( -0.001240710678118654665, -0.002950000000000000365, 2.928932188134563026E-05 ) ) ;
#954 = EDGE_LOOP ( 'NONE', ( #275, #924, #728, #389 ) ) ;
#955 = CIRCLE ( 'NONE', #124, 0.0001000000000000000454 ) ;
#956 = CARTESIAN_POINT ( 'NONE',  ( -0.001288034671099021373, 0.003062442236293275166, 0.002468979119944033490 ) ) ;
#957 = EDGE_LOOP ( 'NONE', ( #1508, #118, #1795, #1831 ) ) ;
#958 =( LENGTH_UNIT ( ) NAMED_UNIT ( * ) SI_UNIT ( $, .METRE. ) );
#959 = APPLICATION_CONTEXT ( 'automotive_design' ) ;
#960 = AXIS2_PLACEMENT_3D ( 'NONE', #125, #407, #1256 ) ;
#961 = ADVANCED_FACE ( '3:96', ( #1816 ), #543, .T. ) ;
#962 = CARTESIAN_POINT ( 'NONE',  ( 0.001240710678118654665, -0.002949999999999999931, 2.928932188134552184E-05 ) ) ;
#963 = CARTESIAN_POINT ( 'NONE',  ( -0.001169999999999999816, 0.003062442236293276034, 7.102088005596581303E-05 ) ) ;
#964 = LINE ( 'NONE', #1688, #1285 ) ;
#965 = ORIENTED_EDGE ( 'NONE', *, *, #1579, .T. ) ;
#966 = AXIS2_PLACEMENT_3D ( 'NONE', #521, #406, #979 ) ;
#967 = CIRCLE ( 'NONE', #602, 0.0001000000000000000454 ) ;
#968 = DIRECTION ( 'NONE',  ( -0.7071067811865501263, 0.0000000000000000000, -0.7071067811865449082 ) ) ;
#969 = ORIENTED_EDGE ( 'NONE', *, *, #117, .F. ) ;
#970 = VECTOR ( 'NONE', #435, 1.000000000000000000 ) ;
#971 = CARTESIAN_POINT ( 'NONE',  ( 0.001169999999996933476, -0.003049999999999999760, 0.002440000000003066452 ) ) ;
#972 = CARTESIAN_POINT ( 'NONE',  ( -0.001240041115078380305, -0.001450008882578209977, 0.0001713739602276423001 ) ) ;
#973 = EDGE_CURVE ( 'NONE', #786, #85, #1298, .T. ) ;
#974 = ORIENTED_EDGE ( 'NONE', *, *, #255, .T. ) ;
#975 = CYLINDRICAL_SURFACE ( 'NONE', #960, 0.0001000000000000000454 ) ;
#976 = VERTEX_POINT ( 'NONE', #478 ) ;
#977 = DIRECTION ( 'NONE',  ( 0.0000000000000000000, 1.000000000000000000, 0.0000000000000000000 ) ) ;
#978 = DIRECTION ( 'NONE',  ( 1.000000000000000000, -0.0000000000000000000, 0.0000000000000000000 ) ) ;
#979 = DIRECTION ( 'NONE',  ( 0.0000000000000000000, -1.000000000000000000, 0.0000000000000000000 ) ) ;
#980 = ORIENTED_EDGE ( 'NONE', *, *, #536, .T. ) ;
#981 = DIRECTION ( 'NONE',  ( 0.0000000000000000000, -1.000000000000000000, 0.0000000000000000000 ) ) ;
#982 = ADVANCED_FACE ( 'NONE', ( #292 ), #889, .T. ) ;
#983 = ORIENTED_EDGE ( 'NONE', *, *, #266, .T. ) ;
#984 = DIRECTION ( 'NONE',  ( 0.0000000000000000000, 1.000000000000000000, 0.0000000000000000000 ) ) ;
#985 = VERTEX_POINT ( 'NONE', #1449 ) ;
#986 = CARTESIAN_POINT ( 'NONE',  ( 0.001282164124680902455, 0.003151103551519477373, 0.0001300375603192167266 ) ) ;
#987 = ORIENTED_EDGE ( 'NONE', *, *, #276, .T. ) ;
#988 = VECTOR ( 'NONE', #627, 1.000000000000000000 ) ;
#989 = FACE_OUTER_BOUND ( 'NONE', #1621, .T. ) ;
#990 = LINE ( 'NONE', #1573, #428 ) ;
#991 = AXIS2_PLACEMENT_3D ( 'NONE', #165, #744, #596 ) ;
#992 = EDGE_LOOP ( 'NONE', ( #544, #177, #477, #115, #425, #412 ) ) ;
#993 = FACE_OUTER_BOUND ( 'NONE', #1553, .T. ) ;
#994 = CARTESIAN_POINT ( 'NONE',  ( 0.008824834744105709491, -0.001549999999999999946, 9.999999999999982861E-05 ) ) ;
#995 = EDGE_CURVE ( 'NONE', #187, #1748, #1661, .T. ) ;
#996 = CLOSED_SHELL ( 'NONE', ( #151, #1552, #1802, #400, #1404, #72, #1480, #844, #337, #727, #1512, #491, #432, #216, #1504, #1452, #533, #1308, #327, #1815, #1381, #811, #1703, #961, #1416, #467, #690, #1633, #982, #418, #1791, #891, #1132, #1643, #365, #948, #1031, #54, #623, #1540, #342, #1289, #1047, #1160, #1104, #1657, #1563, #1019, #17, #1266, #776, #1067, #871, #1830, #1265, #28 ) ) ;
#997 = ORIENTED_EDGE ( 'NONE', *, *, #1146, .T. ) ;
#998 = VECTOR ( 'NONE', #1470, 1.000000000000000000 ) ;
#999 = LINE ( 'NONE', #1345, #362 ) ;
#1000 = CYLINDRICAL_SURFACE ( 'NONE', #1376, 0.0001000000000000000048 ) ;
#1001 = CIRCLE ( 'NONE', #194, 9.999999999999999124E-05 ) ;
#1002 = ORIENTED_EDGE ( 'NONE', *, *, #679, .T. ) ;
#1003 = CARTESIAN_POINT ( 'NONE',  ( -0.001240710678118654882, 0.001649999999999999991, 2.928932188134541342E-05 ) ) ;
#1004 = DIRECTION ( 'NONE',  ( -1.000000000000000000, 0.0000000000000000000, -0.0000000000000000000 ) ) ;
#1005 = DIRECTION ( 'NONE',  ( 0.0000000000000000000, 0.0000000000000000000, 1.000000000000000000 ) ) ;
#1006 = EDGE_CURVE ( 'NONE', #542, #649, #1693, .T. ) ;
#1007 = PRESENTATION_STYLE_ASSIGNMENT (( #892 ) ) ;
#1008 = EDGE_CURVE ( 'NONE', #760, #219, #1137, .T. ) ;
#1009 = CARTESIAN_POINT ( 'NONE',  ( 0.001270000000000000078, -0.008894834744105710109, 0.002439999999999999895 ) ) ;
#1010 = FACE_OUTER_BOUND ( 'NONE', #370, .T. ) ;
#1011 = ORIENTED_EDGE ( 'NONE', *, *, #670, .T. ) ;
#1012 =( LENGTH_UNIT ( ) NAMED_UNIT ( * ) SI_UNIT ( $, .METRE. ) );
#1013 = FILL_AREA_STYLE ('',( #870 ) ) ;
#1014 = VERTEX_POINT ( 'NONE', #162 ) ;
#1015 = CARTESIAN_POINT ( 'NONE',  ( 0.001170000000000000033, -0.002949999999999999931, 0.002539999999999999723 ) ) ;
#1016 = DIRECTION ( 'NONE',  ( 0.0000000000000000000, 0.0000000000000000000, 1.000000000000000000 ) ) ;
#1017 = FACE_OUTER_BOUND ( 'NONE', #1142, .T. ) ;
#1018 = FACE_OUTER_BOUND ( 'NONE', #1172, .T. ) ;
#1019 = ADVANCED_FACE ( 'NONE', ( #592 ), #1462, .T. ) ;
#1020 = VECTOR ( 'NONE', #977, 1.000000000000000000 ) ;
#1021 = ORIENTED_EDGE ( 'NONE', *, *, #1145, .F. ) ;
#1022 = STYLED_ITEM ( 'NONE', ( #1187 ), #1404 ) ;
#1023 = CARTESIAN_POINT ( 'NONE',  ( 0.001170000000000000033, 0.001649999999999999557, 9.999999999999980150E-05 ) ) ;
#1024 = CIRCLE ( 'NONE', #450, 0.0001000000000000000726 ) ;
#1025 = CARTESIAN_POINT ( 'NONE',  ( 0.001170000000000000033, 0.003062442236293276901, 0.002468979119944034357 ) ) ;
#1026 = CARTESIAN_POINT ( 'NONE',  ( -0.001170000000000000033, 0.002949999999999999498, 9.999999999999980150E-05 ) ) ;
#1027 = CARTESIAN_POINT ( 'NONE',  ( 0.001282442236293276352, -0.002949999999999999931, 0.002468979119944034357 ) ) ;
#1028 = DIRECTION ( 'NONE',  ( 8.659560562354902043E-17, -1.000000000000000000, -8.659560562354963673E-17 ) ) ;
#1029 = CARTESIAN_POINT ( 'NONE',  ( 0.001069999999999999988, -0.002299999999999999961, 0.0002000000000000000096 ) ) ;
#1030 = VECTOR ( 'NONE', #213, 1.000000000000000000 ) ;
#1031 = ADVANCED_FACE ( 'NONE', ( #188 ), #874, .T. ) ;
#1032 = ORIENTED_EDGE ( 'NONE', *, *, #14, .F. ) ;
#1033 = LINE ( 'NONE', #574, #1393 ) ;
#1034 = CARTESIAN_POINT ( 'NONE',  ( 0.001170000000000000033, 0.001649999999999999557, 0.002439999999999999895 ) ) ;
#1035 = VECTOR ( 'NONE', #1732, 1.000000000000000000 ) ;
#1036 = DIRECTION ( 'NONE',  ( 0.0000000000000000000, 0.0000000000000000000, 1.000000000000000000 ) ) ;
#1037 = CARTESIAN_POINT ( 'NONE',  ( 0.008824834744105709491, -0.001549999999999999946, 0.002340000000000000066 ) ) ;
#1038 = CARTESIAN_POINT ( 'NONE',  ( -0.001170000000000000033, 0.001649999999999999991, 0.002439999999999999895 ) ) ;
#1039 = CARTESIAN_POINT ( 'NONE',  ( 0.001240710678118655532, -0.001650000000000000208, 0.002510710678118654310 ) ) ;
#1040 = CYLINDRICAL_SURFACE ( 'NONE', #1726, 0.0001000000000000000454 ) ;
#1041 = CARTESIAN_POINT ( 'NONE',  ( 0.001288034671099021373, 0.001537557763706724106, 7.102088005596556908E-05 ) ) ;
#1042 = CARTESIAN_POINT ( 'NONE',  ( 0.001139962439680785276, -0.001650000000000000425, -1.216412468090246436E-05 ) ) ;
#1043 = CARTESIAN_POINT ( 'NONE',  ( -0.001282442236293275702, -0.001531965328900979301, 7.102088005596678881E-05 ) ) ;
#1044 = EDGE_LOOP ( 'NONE', ( #82, #737, #1281, #249 ) ) ;
#1045 = CARTESIAN_POINT ( 'NONE',  ( 0.001170000000000000033, -0.001649999999999999991, 9.999999999999980150E-05 ) ) ;
#1046 = DIRECTION ( 'NONE',  ( 0.0000000000000000000, 0.0000000000000000000, 1.000000000000000000 ) ) ;
#1047 = ADVANCED_FACE ( '3:42544', ( #1749 ), #729, .T. ) ;
#1048 = CARTESIAN_POINT ( 'NONE',  ( 0.001170000000000000033, -0.002949999999999999498, 9.999999999999980150E-05 ) ) ;
#1049 = DIRECTION ( 'NONE',  ( -0.0000000000000000000, -1.000000000000000000, -0.0000000000000000000 ) ) ;
#1050 = CARTESIAN_POINT ( 'NONE',  ( 0.001170000000000000250, 0.001537557763706724539, 7.102088005596559619E-05 ) ) ;
#1051 = CARTESIAN_POINT ( 'NONE',  ( 0.001069999999999999771, 0.001549999999999999512, 0.003594834744105710085 ) ) ;
#1052 = CARTESIAN_POINT ( 'NONE',  ( -0.001240710678118654882, -0.001649999999999999991, 2.928932188134552184E-05 ) ) ;
#1053 = AXIS2_PLACEMENT_3D ( 'NONE', #1823, #550, #409 ) ;
#1054 = ORIENTED_EDGE ( 'NONE', *, *, #1352, .F. ) ;
#1055 = DIRECTION ( 'NONE',  ( 0.0000000000000000000, 0.0000000000000000000, 1.000000000000000000 ) ) ;
#1056 = AXIS2_PLACEMENT_3D ( 'NONE', #857, #895, #1446 ) ;
#1057 = AXIS2_PLACEMENT_3D ( 'NONE', #629, #1496, #76 ) ;
#1058 = DIRECTION ( 'NONE',  ( 1.000000000000000000, 0.0000000000000000000, 0.0000000000000000000 ) ) ;
#1059 = CARTESIAN_POINT ( 'NONE',  ( 0.008824834744105709491, 0.001549999999999999946, 0.002340000000000000066 ) ) ;
#1060 = APPLICATION_CONTEXT ( 'automotive_design' ) ;
#1061 = CARTESIAN_POINT ( 'NONE',  ( -0.001170000000000000033, 0.001579958884921619719, 0.002368626039772358562 ) ) ;
#1062 = DIRECTION ( 'NONE',  ( 0.0000000000000000000, -1.000000000000000000, 0.0000000000000000000 ) ) ;
#1063 = CIRCLE ( 'NONE', #45, 9.999999999999982861E-05 ) ;
#1064 = AXIS2_PLACEMENT_3D ( 'NONE', #1581, #309, #742 ) ;
#1065 = EDGE_LOOP ( 'NONE', ( #204, #1439, #832, #1566 ) ) ;
#1066 = CARTESIAN_POINT ( 'NONE',  ( -0.001240710678118655316, -0.002949999999999999931, 0.002510710678118653876 ) ) ;
#1067 = ADVANCED_FACE ( 'NONE', ( #1440 ), #1435, .T. ) ;
#1068 = CARTESIAN_POINT ( 'NONE',  ( 0.001240041115078379655, -0.001650000000000000858, 0.002368626039772357261 ) ) ;
#1069 = ORIENTED_EDGE ( 'NONE', *, *, #1601, .F. ) ;
#1070 = DIRECTION ( 'NONE',  ( -4.336808689942024836E-15, 0.0000000000000000000, 1.000000000000000000 ) ) ;
#1071 = CARTESIAN_POINT ( 'NONE',  ( 0.001170000000000000033, -0.001649999999999999991, 0.002539999999999999723 ) ) ;
#1072 = DIRECTION ( 'NONE',  ( -0.0000000000000000000, -0.0000000000000000000, -1.000000000000000000 ) ) ;
#1073 = EDGE_CURVE ( 'NONE', #985, #1271, #616, .T. ) ;
#1074 = EDGE_LOOP ( 'NONE', ( #1314, #1717, #1228, #1161 ) ) ;
#1075 = CARTESIAN_POINT ( 'NONE',  ( -0.001282442236293275702, -0.002949999999999999064, 0.002468979119944033490 ) ) ;
#1076 = SURFACE_SIDE_STYLE ('',( #1212 ) ) ;
#1077 = ORIENTED_EDGE ( 'NONE', *, *, #672, .T. ) ;
#1078 = DIRECTION ( 'NONE',  ( 0.0000000000000000000, 0.0000000000000000000, 1.000000000000000000 ) ) ;
#1079 = CARTESIAN_POINT ( 'NONE',  ( -0.001270000000000000078, 0.001650000000000000208, 0.002439999999999999895 ) ) ;
#1080 = DIRECTION ( 'NONE',  ( 0.0000000000000000000, 0.0000000000000000000, 1.000000000000000000 ) ) ;
#1081 = EDGE_CURVE ( 'NONE', #1124, #1364, #562, .T. ) ;
#1082 = VERTEX_POINT ( 'NONE', #323 ) ;
#1083 = DIRECTION ( 'NONE',  ( -0.0000000000000000000, -0.0000000000000000000, -1.000000000000000000 ) ) ;
#1084 = AXIS2_PLACEMENT_3D ( 'NONE', #305, #1568, #1174 ) ;
#1085 = VECTOR ( 'NONE', #441, 1.000000000000000000 ) ;
#1086 = DIRECTION ( 'NONE',  ( 0.0000000000000000000, 0.0000000000000000000, -1.000000000000000000 ) ) ;
#1087 = EDGE_LOOP ( 'NONE', ( #711, #947, #1340, #1596 ) ) ;
#1088 = DIRECTION ( 'NONE',  ( -0.0000000000000000000, 0.0000000000000000000, 1.000000000000000000 ) ) ;
#1089 = LINE ( 'NONE', #1194, #868 ) ;
#1090 = EDGE_CURVE ( 'NONE', #251, #414, #63, .T. ) ;
#1091 = MECHANICAL_DESIGN_GEOMETRIC_PRESENTATION_REPRESENTATION (  '', ( #456 ), #16 ) ;
#1092 = ORIENTED_EDGE ( 'NONE', *, *, #668, .T. ) ;
#1093 = CARTESIAN_POINT ( 'NONE',  ( -0.001198979119944033195, -0.003068034671099021705, -1.244223629327643630E-05 ) ) ;
#1094 = CIRCLE ( 'NONE', #515, 0.0001000000000000000454 ) ;
#1095 = ORIENTED_EDGE ( 'NONE', *, *, #865, .F. ) ;
#1096 = AXIS2_PLACEMENT_3D ( 'NONE', #1325, #315, #578 ) ;
#1097 = CARTESIAN_POINT ( 'NONE',  ( -0.001170000000000000033, 0.003020710678118654780, 0.002510710678118654744 ) ) ;
#1098 = ORIENTED_EDGE ( 'NONE', *, *, #1330, .F. ) ;
#1099 = CARTESIAN_POINT ( 'NONE',  ( 0.001098626039772357833, 0.002949999999999998197, 2.995888492161935329E-05 ) ) ;
#1100 = DIRECTION ( 'NONE',  ( -0.0000000000000000000, 1.000000000000000000, -0.0000000000000000000 ) ) ;
#1101 = CARTESIAN_POINT ( 'NONE',  ( 0.001098626039772358049, -0.002949999999999999064, 2.995888492161890605E-05 ) ) ;
#1102 = CARTESIAN_POINT ( 'NONE',  ( -0.001170000000000000033, 0.003049999999999999760, 0.003594834744105710085 ) ) ;
#1103 = EDGE_LOOP ( 'NONE', ( #1242, #1098, #1011, #1095 ) ) ;
#1104 = ADVANCED_FACE ( 'NONE', ( #489 ), #288, .T. ) ;
#1105 = ORIENTED_EDGE ( 'NONE', *, *, #973, .F. ) ;
#1106 = CARTESIAN_POINT ( 'NONE',  ( -0.001270000000000000078, -0.002949999999999999498, 9.999999999999980150E-05 ) ) ;
#1107 = FACE_OUTER_BOUND ( 'NONE', #1656, .T. ) ;
#1108 = CARTESIAN_POINT ( 'NONE',  ( -0.001170000000000000033, 0.003020710678118653913, 2.928932188134481711E-05 ) ) ;
#1109 = CARTESIAN_POINT ( 'NONE',  ( -0.001270000000000000078, -0.002949999999999999498, 0.002439999999999999895 ) ) ;
#1110 = ORIENTED_EDGE ( 'NONE', *, *, #1251, .F. ) ;
#1111 = AXIS2_PLACEMENT_3D ( 'NONE', #1219, #1761, #1204 ) ;
#1112 = AXIS2_PLACEMENT_3D ( 'NONE', #185, #1737, #169 ) ;
#1113 = PLANE ( 'NONE',  #1456 ) ;
#1114 = VERTEX_POINT ( 'NONE', #659 ) ;
#1115 = DIRECTION ( 'NONE',  ( 1.000000000000000000, 0.0000000000000000000, 0.0000000000000000000 ) ) ;
#1116 = MECHANICAL_DESIGN_GEOMETRIC_PRESENTATION_REPRESENTATION (  '', ( #1665 ), #1610 ) ;
#1117 = CARTESIAN_POINT ( 'NONE',  ( 0.001240710678118654882, -0.002949999999999999931, 2.928932188134552184E-05 ) ) ;
#1118 = ORIENTED_EDGE ( 'NONE', *, *, #798, .T. ) ;
#1119 = DIRECTION ( 'NONE',  ( 1.000000000000000000, 0.0000000000000000000, 0.0000000000000000000 ) ) ;
#1120 = SURFACE_STYLE_FILL_AREA ( #819 ) ;
#1121 = CIRCLE ( 'NONE', #520, 0.0001000000000000000183 ) ;
#1122 = CARTESIAN_POINT ( 'NONE',  ( 0.001371103551519473355, 0.001537835875319097569, 0.002409962439680784704 ) ) ;
#1123 = EDGE_CURVE ( 'NONE', #168, #1245, #367, .T. ) ;
#1124 = VERTEX_POINT ( 'NONE', #925 ) ;
#1125 = VERTEX_POINT ( 'NONE', #1482 ) ;
#1126 = CARTESIAN_POINT ( 'NONE',  ( -0.001170000000000000033, -0.002949999999999999498, 0.002439999999999999895 ) ) ;
#1127 = EDGE_LOOP ( 'NONE', ( #1077, #862, #1560, #155 ) ) ;
#1128 = CARTESIAN_POINT ( 'NONE',  ( 0.001282442236293276786, -0.003068034671099023006, 7.102088005596765617E-05 ) ) ;
#1129 = FACE_BOUND ( 'NONE', #856, .T. ) ;
#1130 = EDGE_LOOP ( 'NONE', ( #1118, #703, #772, #770 ) ) ;
#1131 = CARTESIAN_POINT ( 'NONE',  ( 0.007574834744105719657, -0.001649999999999999991, 0.002539999999999999723 ) ) ;
#1132 = ADVANCED_FACE ( 'NONE', ( #943 ), #1758, .T. ) ;
#1133 =( LENGTH_UNIT ( ) NAMED_UNIT ( * ) SI_UNIT ( $, .METRE. ) );
#1134 = ORIENTED_EDGE ( 'NONE', *, *, #117, .T. ) ;
#1135 = ORIENTED_EDGE ( 'NONE', *, *, #1203, .F. ) ;
#1136 = VERTEX_POINT ( 'NONE', #1210 ) ;
#1137 = CIRCLE ( 'NONE', #1518, 9.999999999999999124E-05 ) ;
#1138 = LINE ( 'NONE', #310, #1607 ) ;
#1139 = DIRECTION ( 'NONE',  ( 0.0000000000000000000, 0.0000000000000000000, 1.000000000000000000 ) ) ;
#1140 = AXIS2_PLACEMENT_3D ( 'NONE', #62, #254, #1680 ) ;
#1141 = CIRCLE ( 'NONE', #265, 9.999999999999989637E-05 ) ;
#1142 = EDGE_LOOP ( 'NONE', ( #1708, #1647, #1189, #1069 ) ) ;
#1143 = CARTESIAN_POINT ( 'NONE',  ( 0.007574834744105719657, 0.002949999999999999931, 9.999999999999980150E-05 ) ) ;
#1144 = DIRECTION ( 'NONE',  ( -0.0000000000000000000, -0.0000000000000000000, -1.000000000000000000 ) ) ;
#1145 = EDGE_CURVE ( 'NONE', #1276, #251, #1769, .T. ) ;
#1146 = EDGE_CURVE ( 'NONE', #718, #1634, #499, .T. ) ;
#1147 = FACE_OUTER_BOUND ( 'NONE', #1681, .T. ) ;
#1148 = ORIENTED_EDGE ( 'NONE', *, *, #105, .T. ) ;
#1149 = CIRCLE ( 'NONE', #759, 0.0001000000000000000048 ) ;
#1150 = CARTESIAN_POINT ( 'NONE',  ( 0.001270000000000000078, -0.009644834744105710775, 0.003594834744105710085 ) ) ;
#1151 = PLANE ( 'NONE',  #48 ) ;
#1152 = AXIS2_PLACEMENT_3D ( 'NONE', #140, #1171, #705 ) ;
#1153 = AXIS2_PLACEMENT_3D ( 'NONE', #393, #1497, #307 ) ;
#1154 = ORIENTED_EDGE ( 'NONE', *, *, #734, .F. ) ;
#1155 = DIRECTION ( 'NONE',  ( 0.0000000000000000000, -0.0000000000000000000, -1.000000000000000000 ) ) ;
#1156 = DIRECTION ( 'NONE',  ( 0.0000000000000000000, 0.0000000000000000000, -1.000000000000000000 ) ) ;
#1157 = ORIENTED_EDGE ( 'NONE', *, *, #148, .T. ) ;
#1158 = CYLINDRICAL_SURFACE ( 'NONE', #1322, 0.0001000000000000000454 ) ;
#1159 = CARTESIAN_POINT ( 'NONE',  ( 0.001240710678118655966, -0.002950000000000000365, 0.002510710678118655177 ) ) ;
#1160 = ADVANCED_FACE ( '3:26665', ( #1491 ), #424, .T. ) ;
#1161 = ORIENTED_EDGE ( 'NONE', *, *, #614, .F. ) ;
#1162 = FACE_OUTER_BOUND ( 'NONE', #391, .T. ) ;
#1163 = DIRECTION ( 'NONE',  ( 0.0000000000000000000, 0.0000000000000000000, 1.000000000000000000 ) ) ;
#1164 = ORIENTED_EDGE ( 'NONE', *, *, #1123, .F. ) ;
#1165 = CARTESIAN_POINT ( 'NONE',  ( 0.001240710678118654448, -0.001649999999999999991, 2.928932188134471547E-05 ) ) ;
#1166 = DIRECTION ( 'NONE',  ( 1.000000000000000000, 0.0000000000000000000, 0.0000000000000000000 ) ) ;
#1167 = DIRECTION ( 'NONE',  ( 0.0000000000000000000, 1.000000000000000000, -0.0000000000000000000 ) ) ;
#1168 = SHAPE_DEFINITION_REPRESENTATION ( #1691, #78 ) ;
#1169 = PRODUCT_DEFINITION ( 'UNKNOWN', '', #902, #127 ) ;
#1170 = DIRECTION ( 'NONE',  ( 0.0000000000000000000, 0.0000000000000000000, 1.000000000000000000 ) ) ;
#1171 = DIRECTION ( 'NONE',  ( 0.0000000000000000000, 0.0000000000000000000, 1.000000000000000000 ) ) ;
#1172 = EDGE_LOOP ( 'NONE', ( #271, #1379, #1110, #969 ) ) ;
#1173 = AXIS2_PLACEMENT_3D ( 'NONE', #1143, #1820, #824 ) ;
#1174 = DIRECTION ( 'NONE',  ( 0.0000000000000000000, -1.000000000000000000, 0.0000000000000000000 ) ) ;
#1175 = DIRECTION ( 'NONE',  ( 0.0000000000000000000, -1.000000000000000000, 0.0000000000000000000 ) ) ;
#1176 = DIRECTION ( 'NONE',  ( 0.0000000000000000000, 0.0000000000000000000, -1.000000000000000000 ) ) ;
#1177 = DIRECTION ( 'NONE',  ( 0.0000000000000000000, 0.0000000000000000000, -1.000000000000000000 ) ) ;
#1178 =( GEOMETRIC_REPRESENTATION_CONTEXT ( 3 ) GLOBAL_UNCERTAINTY_ASSIGNED_CONTEXT ( ( #438 ) ) GLOBAL_UNIT_ASSIGNED_CONTEXT ( ( #1133, #575, #851 ) ) REPRESENTATION_CONTEXT ( 'NONE', 'WORKASPACE' ) );
#1179 = CARTESIAN_POINT ( 'NONE',  ( 0.001240710678118654882, -0.001649999999999999991, 2.928932188134541681E-05 ) ) ;
#1180 = EDGE_CURVE ( 'NONE', #843, #1700, #1777, .T. ) ;
#1181 = CIRCLE ( 'NONE', #51, 9.999999999999982861E-05 ) ;
#1182 = EDGE_LOOP ( 'NONE', ( #199, #1237, #208, #1424 ) ) ;
#1183 = DIRECTION ( 'NONE',  ( 0.0000000000000000000, 1.000000000000000000, 0.0000000000000000000 ) ) ;
#1184 = LINE ( 'NONE', #1307, #1035 ) ;
#1185 = CARTESIAN_POINT ( 'NONE',  ( 0.001170000000000000033, 0.003049999999999999760, 0.002439999999999999895 ) ) ;
#1186 = CARTESIAN_POINT ( 'NONE',  ( -0.001282164124681003286, -0.001448896448476916492, 0.002409962439678332239 ) ) ;
#1187 = PRESENTATION_STYLE_ASSIGNMENT (( #716 ) ) ;
#1188 = EDGE_CURVE ( 'NONE', #85, #1276, #1635, .T. ) ;
#1189 = ORIENTED_EDGE ( 'NONE', *, *, #353, .F. ) ;
#1190 = CARTESIAN_POINT ( 'NONE',  ( 0.007574834744105719657, 0.003049999999999999760, 0.002439999999999999895 ) ) ;
#1191 = CARTESIAN_POINT ( 'NONE',  ( -0.001170000000000000033, -0.002949999999999999931, 9.999999999999982861E-05 ) ) ;
#1192 = LINE ( 'NONE', #473, #631 ) ;
#1193 = LINE ( 'NONE', #1059, #820 ) ;
#1194 = CARTESIAN_POINT ( 'NONE',  ( 0.006324834744105709873, 0.002949999999999999931, 0.002540000000000000157 ) ) ;
#1195 = LINE ( 'NONE', #794, #304 ) ;
#1196 = AXIS2_PLACEMENT_3D ( 'NONE', #1731, #1588, #884 ) ;
#1197 = VECTOR ( 'NONE', #71, 1.000000000000000000 ) ;
#1198 = ORIENTED_EDGE ( 'NONE', *, *, #523, .F. ) ;
#1199 = DIRECTION ( 'NONE',  ( 1.000000000000000000, 0.0000000000000000000, 0.0000000000000000000 ) ) ;
#1200 = CIRCLE ( 'NONE', #449, 0.0001000000000000000454 ) ;
#1201 = EDGE_CURVE ( 'NONE', #1510, #1014, #381, .T. ) ;
#1202 = AXIS2_PLACEMENT_3D ( 'NONE', #1614, #1049, #1070 ) ;
#1203 = EDGE_CURVE ( 'NONE', #1276, #4, #97, .T. ) ;
#1204 = DIRECTION ( 'NONE',  ( 1.000000000000000000, 0.0000000000000000000, 0.0000000000000000000 ) ) ;
#1205 = ORIENTED_EDGE ( 'NONE', *, *, #1780, .T. ) ;
#1206 = CARTESIAN_POINT ( 'NONE',  ( -0.001170000000000000033, 0.002949999999999999498, 0.002539999999999999723 ) ) ;
#1207 = DIRECTION ( 'NONE',  ( 0.0000000000000000000, 1.000000000000000000, 0.0000000000000000000 ) ) ;
#1208 = LINE ( 'NONE', #497, #998 ) ;
#1209 = ORIENTED_EDGE ( 'NONE', *, *, #1006, .T. ) ;
#1210 = CARTESIAN_POINT ( 'NONE',  ( 0.001170000000000000033, 0.001549999999999999729, 9.999999999999981506E-05 ) ) ;
#1211 = EDGE_CURVE ( 'NONE', #414, #678, #964, .T. ) ;
#1212 = SURFACE_STYLE_FILL_AREA ( #637 ) ;
#1213 = ORIENTED_EDGE ( 'NONE', *, *, #1360, .T. ) ;
#1214 = CYLINDRICAL_SURFACE ( 'NONE', #1666, 0.0001000000000000000048 ) ;
#1215 = CARTESIAN_POINT ( 'NONE',  ( -0.001170000000000000900, 0.001680037560319215181, 0.002552164124680901883 ) ) ;
#1216 = CARTESIAN_POINT ( 'NONE',  ( -0.001282442236293275485, -0.001650000000000000208, 7.102088005596647710E-05 ) ) ;
#1217 = ORIENTED_EDGE ( 'NONE', *, *, #523, .T. ) ;
#1218 = CARTESIAN_POINT ( 'NONE',  ( -0.001240041115078382040, -0.003149991117421793631, 0.0001713739602276432487 ) ) ;
#1219 = CARTESIAN_POINT ( 'NONE',  ( 0.001170000000000000033, -0.002949999999999999931, 9.999999999999982861E-05 ) ) ;
#1220 = ORIENTED_EDGE ( 'NONE', *, *, #1073, .T. ) ;
#1221 = EDGE_CURVE ( 'NONE', #1125, #1834, #1520, .T. ) ;
#1222 = CARTESIAN_POINT ( 'NONE',  ( 0.001069999999999999988, 0.0000000000000000000, 0.0004099999999999999912 ) ) ;
#1223 = DIRECTION ( 'NONE',  ( 0.0000000000000000000, 0.0000000000000000000, -1.000000000000000000 ) ) ;
#1224 = CIRCLE ( 'NONE', #806, 0.0001000000000000000726 ) ;
#1225 = PRESENTATION_LAYER_ASSIGNMENT (  '', '', ( #1022 ) ) ;
#1226 = VECTOR ( 'NONE', #978, 1.000000000000000000 ) ;
#1227 = LINE ( 'NONE', #119, #1020 ) ;
#1228 = ORIENTED_EDGE ( 'NONE', *, *, #1511, .T. ) ;
#1229 = DIRECTION ( 'NONE',  ( 0.0000000000000000000, 0.0000000000000000000, 1.000000000000000000 ) ) ;
#1230 = CARTESIAN_POINT ( 'NONE',  ( -0.001371103551519471187, 0.001537835875319098220, 0.002409962439680784704 ) ) ;
#1231 = EDGE_CURVE ( 'NONE', #1271, #1280, #1801, .T. ) ;
#1232 = CARTESIAN_POINT ( 'NONE',  ( 0.0000000000000000000, -0.001549999999999999946, 0.0002000000000000000096 ) ) ;
#1233 = CIRCLE ( 'NONE', #368, 9.999999999999984216E-05 ) ;
#1234 = ORIENTED_EDGE ( 'NONE', *, *, #266, .F. ) ;
#1235 = CIRCLE ( 'NONE', #1471, 0.0001000000000000000048 ) ;
#1236 = CARTESIAN_POINT ( 'NONE',  ( -0.001170000000000000467, 0.001649999999999999991, 0.002539999999999999723 ) ) ;
#1237 = ORIENTED_EDGE ( 'NONE', *, *, #302, .F. ) ;
#1238 = DIRECTION ( 'NONE',  ( -1.000000000000000000, -0.0000000000000000000, -0.0000000000000000000 ) ) ;
#1239 = DIRECTION ( 'NONE',  ( 0.0000000000000000000, 0.0000000000000000000, 1.000000000000000000 ) ) ;
#1240 = CYLINDRICAL_SURFACE ( 'NONE', #966, 0.0001000000000000000454 ) ;
#1241 = CARTESIAN_POINT ( 'NONE',  ( -0.001139962439680785493, 0.001649999999999999991, -1.216412468090245758E-05 ) ) ;
#1242 = ORIENTED_EDGE ( 'NONE', *, *, #481, .F. ) ;
#1243 = UNCERTAINTY_MEASURE_WITH_UNIT (LENGTH_MEASURE( 1.000000000000000082E-05 ), #586, 'distance_accuracy_value', 'NONE');
#1244 = CARTESIAN_POINT ( 'NONE',  ( -0.001371103551519473572, 0.003062164124680902353, 0.002409962439680784271 ) ) ;
#1245 = VERTEX_POINT ( 'NONE', #1109 ) ;
#1246 = FACE_BOUND ( 'NONE', #1269, .T. ) ;
#1247 = CARTESIAN_POINT ( 'NONE',  ( -0.001170000000000712354, 0.002919962439680783874, -1.216412468090253212E-05 ) ) ;
#1248 = CARTESIAN_POINT ( 'NONE',  ( -0.001240041115078380522, 0.001450008882578210194, 0.0001713739602276420290 ) ) ;
#1249 = ORIENTED_EDGE ( 'NONE', *, *, #1468, .T. ) ;
#1250 = DIRECTION ( 'NONE',  ( 0.0000000000000000000, 0.0000000000000000000, -1.000000000000000000 ) ) ;
#1251 = EDGE_CURVE ( 'NONE', #88, #1484, #1527, .T. ) ;
#1252 = CARTESIAN_POINT ( 'NONE',  ( 0.001240041115078379871, 0.002949999999999999064, 0.0001713739602276426795 ) ) ;
#1253 = AXIS2_PLACEMENT_3D ( 'NONE', #655, #1478, #942 ) ;
#1254 = PRESENTATION_LAYER_ASSIGNMENT (  '', '', ( #485 ) ) ;
#1255 = PLANE ( 'NONE',  #331 ) ;
#1256 = DIRECTION ( 'NONE',  ( 1.000000000000000000, 0.0000000000000000000, 0.0000000000000000000 ) ) ;
#1257 = ORIENTED_EDGE ( 'NONE', *, *, #1201, .F. ) ;
#1258 = AXIS2_PLACEMENT_3D ( 'NONE', #1038, #1590, #1710 ) ;
#1259 = AXIS2_PLACEMENT_3D ( 'NONE', #864, #1697, #1438 ) ;
#1260 = DIRECTION ( 'NONE',  ( 0.0000000000000000000, 0.0000000000000000000, 1.000000000000000000 ) ) ;
#1261 = ORIENTED_EDGE ( 'NONE', *, *, #1343, .F. ) ;
#1262 =( NAMED_UNIT ( * ) PLANE_ANGLE_UNIT ( ) SI_UNIT ( $, .RADIAN. ) );
#1263 = EDGE_LOOP ( 'NONE', ( #1768, #1257, #1390, #1762 ) ) ;
#1264 = CIRCLE ( 'NONE', #1153, 9.999999999999982861E-05 ) ;
#1265 = ADVANCED_FACE ( '3:111', ( #399 ), #830, .T. ) ;
#1266 = ADVANCED_FACE ( '3:26650', ( #993 ), #975, .T. ) ;
#1267 = CARTESIAN_POINT ( 'NONE',  ( 0.008824834744105709491, 0.001549999999999999946, 0.003594834744105710085 ) ) ;
#1268 = DIRECTION ( 'NONE',  ( 1.000000000000000000, 0.0000000000000000000, 0.0000000000000000000 ) ) ;
#1269 = EDGE_LOOP ( 'NONE', ( #689, #1782, #699, #621 ) ) ;
#1270 = DIRECTION ( 'NONE',  ( 0.0000000000000000000, 1.000000000000000000, -0.0000000000000000000 ) ) ;
#1271 = VERTEX_POINT ( 'NONE', #563 ) ;
#1272 = EDGE_LOOP ( 'NONE', ( #908, #505, #55, #408 ) ) ;
#1273 = CARTESIAN_POINT ( 'NONE',  ( 0.001170000000000000033, 0.001579289321881343407, 2.928932188134660266E-05 ) ) ;
#1274 = LINE ( 'NONE', #3, #336 ) ;
#1275 = EDGE_CURVE ( 'NONE', #414, #1417, #927, .T. ) ;
#1276 = VERTEX_POINT ( 'NONE', #272 ) ;
#1277 = CARTESIAN_POINT ( 'NONE',  ( -0.001170000000000000033, -0.008894834744105710109, 0.002539999999999999723 ) ) ;
#1278 = EDGE_CURVE ( 'NONE', #1834, #580, #669, .T. ) ;
#1279 = CARTESIAN_POINT ( 'NONE',  ( -0.001170000000000000250, -0.003049999999999999760, 0.002440000000000000328 ) ) ;
#1280 = VERTEX_POINT ( 'NONE', #708 ) ;
#1281 = ORIENTED_EDGE ( 'NONE', *, *, #1750, .F. ) ;
#1282 =( GEOMETRIC_REPRESENTATION_CONTEXT ( 3 ) GLOBAL_UNCERTAINTY_ASSIGNED_CONTEXT ( ( #144 ) ) GLOBAL_UNIT_ASSIGNED_CONTEXT ( ( #1612, #1474, #946 ) ) REPRESENTATION_CONTEXT ( 'NONE', 'WORKASPACE' ) );
#1283 = DIRECTION ( 'NONE',  ( 0.0000000000000000000, 1.000000000000000000, 0.0000000000000000000 ) ) ;
#1284 = PLANE ( 'NONE',  #519 ) ;
#1285 = VECTOR ( 'NONE', #1549, 1.000000000000000000 ) ;
#1286 = AXIS2_PLACEMENT_3D ( 'NONE', #675, #1239, #131 ) ;
#1287 = ORIENTED_EDGE ( 'NONE', *, *, #1275, .T. ) ;
#1288 = DIRECTION ( 'NONE',  ( 0.0000000000000000000, 0.0000000000000000000, 1.000000000000000000 ) ) ;
#1289 = ADVANCED_FACE ( 'NONE', ( #540 ), #5, .T. ) ;
#1290 = CARTESIAN_POINT ( 'NONE',  ( 0.001170000000000000033, -0.008894834744105710109, 0.002539999999999999723 ) ) ;
#1291 = ORIENTED_EDGE ( 'NONE', *, *, #201, .F. ) ;
#1292 = COLOUR_RGB ( '',1.000000000000000000, 1.000000000000000000, 1.000000000000000000 ) ;
#1293 = CARTESIAN_POINT ( 'NONE',  ( 0.001170000000000000033, -0.008894834744105710109, -2.032879073410320814E-19 ) ) ;
#1294 = DIRECTION ( 'NONE',  ( 0.0000000000000000000, 0.0000000000000000000, 1.000000000000000000 ) ) ;
#1295 = ORIENTED_EDGE ( 'NONE', *, *, #1577, .F. ) ;
#1296 =( NAMED_UNIT ( * ) SI_UNIT ( $, .STERADIAN. ) SOLID_ANGLE_UNIT ( ) );
#1297 = SURFACE_STYLE_USAGE ( .BOTH. , #445 ) ;
#1298 = LINE ( 'NONE', #1190, #1632 ) ;
#1299 = DIRECTION ( 'NONE',  ( 0.0000000000000000000, 0.0000000000000000000, -1.000000000000000000 ) ) ;
#1300 = EDGE_CURVE ( 'NONE', #556, #1797, #1365, .T. ) ;
#1301 = FILL_AREA_STYLE_COLOUR ( '', #160 ) ;
#1302 = CARTESIAN_POINT ( 'NONE',  ( 0.001069999999999999771, -0.001549999999999999946, 0.002340000000000000066 ) ) ;
#1303 = CARTESIAN_POINT ( 'NONE',  ( 0.001170000000000000033, 0.002949999999999999498, -1.016439536705160407E-19 ) ) ;
#1304 = EDGE_LOOP ( 'NONE', ( #1687, #825, #1409, #138 ) ) ;
#1305 = DIRECTION ( 'NONE',  ( -1.000000000000000000, -0.0000000000000000000, -0.0000000000000000000 ) ) ;
#1306 = CARTESIAN_POINT ( 'NONE',  ( 0.001270000000000000078, 0.002950000000000000365, 0.003594834744105710085 ) ) ;
#1307 = CARTESIAN_POINT ( 'NONE',  ( 0.001270000000000000078, -0.008894834744105710109, 9.999999999999980150E-05 ) ) ;
#1308 = ADVANCED_FACE ( 'NONE', ( #426 ), #1826, .T. ) ;
#1309 = FACE_OUTER_BOUND ( 'NONE', #714, .T. ) ;
#1310 = CARTESIAN_POINT ( 'NONE',  ( 0.001170000000000000250, 0.001579289321881344925, 2.928932188134512543E-05 ) ) ;
#1311 = VECTOR ( 'NONE', #1517, 1.000000000000000000 ) ;
#1312 = CARTESIAN_POINT ( 'NONE',  ( 0.001098626039772358266, -0.001649999999999999991, 2.995888492161901447E-05 ) ) ;
#1313 = VECTOR ( 'NONE', #581, 1.000000000000000000 ) ;
#1314 = ORIENTED_EDGE ( 'NONE', *, *, #903, .F. ) ;
#1315 = DIRECTION ( 'NONE',  ( -1.000000000000000000, -6.672013369141570394E-17, 0.0000000000000000000 ) ) ;
#1316 = DIRECTION ( 'NONE',  ( 0.0000000000000000000, -1.000000000000000000, 0.0000000000000000000 ) ) ;
#1317 = CARTESIAN_POINT ( 'NONE',  ( 0.001098626039772358483, -0.001450008882578208676, 0.002510041115078380600 ) ) ;
#1318 = DIRECTION ( 'NONE',  ( -1.000000000000000000, -6.672013369141570394E-17, 0.0000000000000000000 ) ) ;
#1319 = EDGE_CURVE ( 'NONE', #1344, #852, #750, .T. ) ;
#1320 = FACE_OUTER_BOUND ( 'NONE', #1103, .T. ) ;
#1321 = CARTESIAN_POINT ( 'NONE',  ( -0.001270000000000000078, 0.001649999999999999991, 9.999999999999980150E-05 ) ) ;
#1322 = AXIS2_PLACEMENT_3D ( 'NONE', #430, #605, #1432 ) ;
#1323 = ORIENTED_EDGE ( 'NONE', *, *, #647, .F. ) ;
#1324 = DIRECTION ( 'NONE',  ( 0.0000000000000000000, -1.000000000000000000, 0.0000000000000000000 ) ) ;
#1325 = CARTESIAN_POINT ( 'NONE',  ( -0.001170000000000000900, 0.001649999999999999340, 0.002439999999999999895 ) ) ;
#1326 = CARTESIAN_POINT ( 'NONE',  ( 0.007574834744105719657, 0.002949999999999999931, 0.002439999999999999895 ) ) ;
#1327 = DIRECTION ( 'NONE',  ( 1.000000000000000000, 0.0000000000000000000, 0.0000000000000000000 ) ) ;
#1328 = DIRECTION ( 'NONE',  ( 0.0000000000000000000, 1.000000000000000000, 0.0000000000000000000 ) ) ;
#1329 =( BOUNDED_SURFACE ( )  B_SPLINE_SURFACE ( 3, 3, ( 
 ( #121, #518, #835, #682 ),
 ( #693, #377, #259, #411 ),
 ( #1798, #235, #986, #809 ),
 ( #1099, #949, #252, #1252 ) ),
 .UNSPECIFIED., .F., .F., .F. ) 
 B_SPLINE_SURFACE_WITH_KNOTS ( ( 4, 4 ),
 ( 4, 4 ),
 ( 0.0000000000000000000, 1.000000000000000000 ),
 ( 0.0000000000000000000, 1.000000000000000000 ),
 .UNSPECIFIED. ) 
 GEOMETRIC_REPRESENTATION_ITEM ( )  RATIONAL_B_SPLINE_SURFACE ( (
 ( 1.000000000000000000, 0.3333333333333249326, 0.3333333333333249326, 1.000000000000000000),
 ( 0.8025111867385934517, 0.2675037289128577300, 0.2675037289128577300, 0.8025111867385934517),
 ( 0.8025111867385934517, 0.2675037289128577300, 0.2675037289128577300, 0.8025111867385934517),
 ( 1.000000000000000000, 0.3333333333333249326, 0.3333333333333249326, 1.000000000000000000) ) ) 
 REPRESENTATION_ITEM ( '' )  SURFACE ( )  );
#1330 = EDGE_CURVE ( 'NONE', #1406, #1428, #869, .T. ) ;
#1331 = DIRECTION ( 'NONE',  ( 0.0000000000000000000, 1.000000000000000000, 0.0000000000000000000 ) ) ;
#1332 = EDGE_CURVE ( 'NONE', #663, #1354, #312, .T. ) ;
#1333 = ORIENTED_EDGE ( 'NONE', *, *, #1465, .F. ) ;
#1334 = CARTESIAN_POINT ( 'NONE',  ( 0.001170000000000000033, -0.003049999999999999760, 0.003594834744105710085 ) ) ;
#1335 = ORIENTED_EDGE ( 'NONE', *, *, #274, .F. ) ;
#1336 = DIRECTION ( 'NONE',  ( 0.0000000000000000000, -1.000000000000000000, 0.0000000000000000000 ) ) ;
#1337 = CARTESIAN_POINT ( 'NONE',  ( -0.001170000000000000033, 0.001537557763706725190, 0.002468979119944034357 ) ) ;
#1338 = CARTESIAN_POINT ( 'NONE',  ( -0.001139962439680785276, -0.001448896448480526452, -1.216412468090176301E-05 ) ) ;
#1339 = AXIS2_PLACEMENT_3D ( 'NONE', #1431, #1183, #1055 ) ;
#1340 = ORIENTED_EDGE ( 'NONE', *, *, #706, .F. ) ;
#1341 = CARTESIAN_POINT ( 'NONE',  ( -0.001098626039772359134, -0.002949999999999999064, 0.002510041115078381901 ) ) ;
#1342 = VECTOR ( 'NONE', #951, 1.000000000000000000 ) ;
#1343 = EDGE_CURVE ( 'NONE', #531, #795, #1033, .T. ) ;
#1344 = VERTEX_POINT ( 'NONE', #584 ) ;
#1345 = CARTESIAN_POINT ( 'NONE',  ( -0.001270000000000000078, -0.008894834744105710109, 9.999999999999978795E-05 ) ) ;
#1346 = CARTESIAN_POINT ( 'NONE',  ( 0.001170000000000000250, 0.001537835875319097569, 0.0001300375603192148292 ) ) ;
#1347 = CARTESIAN_POINT ( 'NONE',  ( 0.001288034671099021807, 0.001621020880055966179, 0.002552442236293276431 ) ) ;
#1348 = VECTOR ( 'NONE', #333, 1.000000000000000000 ) ;
#1349 = EDGE_LOOP ( 'NONE', ( #867, #267, #834, #974 ) ) ;
#1350 = CARTESIAN_POINT ( 'NONE',  ( -0.001282164124680902021, -0.002949999999999999064, 0.0001300375603192152358 ) ) ;
#1351 = AXIS2_PLACEMENT_3D ( 'NONE', #172, #1742, #1299 ) ;
#1352 = EDGE_CURVE ( 'NONE', #976, #808, #328, .T. ) ;
#1353 = CARTESIAN_POINT ( 'NONE',  ( 0.001198979119944034496, -0.001650000000000000208, 0.002552442236293275563 ) ) ;
#1354 = VERTEX_POINT ( 'NONE', #738 ) ;
#1355 = DIRECTION ( 'NONE',  ( -1.000000000000000000, 0.0000000000000000000, 0.0000000000000000000 ) ) ;
#1356 = CARTESIAN_POINT ( 'NONE',  ( 0.001170000000000000033, -0.001649999999999999991, 0.002439999999999999895 ) ) ;
#1357 = CARTESIAN_POINT ( 'NONE',  ( -0.001240710678118655316, -0.002949999999999999931, 0.002510710678118654310 ) ) ;
#1358 = CARTESIAN_POINT ( 'NONE',  ( -0.001170000000000000033, 0.003020710678118654780, 0.002510710678118654744 ) ) ;
#1359 = ORIENTED_EDGE ( 'NONE', *, *, #1611, .T. ) ;
#1360 = EDGE_CURVE ( 'NONE', #61, #300, #594, .T. ) ;
#1361 = CARTESIAN_POINT ( 'NONE',  ( 0.007574834744105710116, 0.001649999999999999991, 0.002439999999999999895 ) ) ;
#1362 = CARTESIAN_POINT ( 'NONE',  ( -0.001282164124680903539, -0.003151103551519475639, 0.0001300375603192164555 ) ) ;
#1363 = CIRCLE ( 'NONE', #387, 0.0001000000000000000454 ) ;
#1364 = VERTEX_POINT ( 'NONE', #1165 ) ;
#1365 = CIRCLE ( 'NONE', #1663, 9.999999999999982861E-05 ) ;
#1366 = AXIS2_PLACEMENT_3D ( 'NONE', #29, #1028, #1582 ) ;
#1367 = LINE ( 'NONE', #799, #1570 ) ;
#1368 = ORIENTED_EDGE ( 'NONE', *, *, #1738, .F. ) ;
#1369 = PRODUCT_CONTEXT ( 'NONE', #959, 'mechanical' ) ;
#1370 = CARTESIAN_POINT ( 'NONE',  ( 0.007574834744105719657, -0.001649999999999999991, -2.032879073410320814E-19 ) ) ;
#1371 = CYLINDRICAL_SURFACE ( 'NONE', #1286, 0.0001000000000000000454 ) ;
#1372 = CARTESIAN_POINT ( 'NONE',  ( -0.001170000000000418101, 0.002978979119944033093, -1.244223629327598229E-05 ) ) ;
#1373 = CARTESIAN_POINT ( 'NONE',  ( -0.001282442236293275268, 0.001531965328900979084, 7.102088005596645000E-05 ) ) ;
#1374 = AXIS2_PLACEMENT_3D ( 'NONE', #564, #858, #170 ) ;
#1375 = ORIENTED_EDGE ( 'NONE', *, *, #374, .F. ) ;
#1376 = AXIS2_PLACEMENT_3D ( 'NONE', #311, #1556, #39 ) ;
#1377 = AXIS2_PLACEMENT_3D ( 'NONE', #745, #319, #1615 ) ;
#1378 = CARTESIAN_POINT ( 'NONE',  ( 0.001170000000000000033, -0.004294834744105710186, 0.002439999999999999895 ) ) ;
#1379 = ORIENTED_EDGE ( 'NONE', *, *, #679, .F. ) ;
#1380 = CARTESIAN_POINT ( 'NONE',  ( 0.007574834744105710116, -0.003049999999999999760, 0.002439999999999999895 ) ) ;
#1381 = ADVANCED_FACE ( 'NONE', ( #1585 ), #952, .T. ) ;
#1382 = CARTESIAN_POINT ( 'NONE',  ( -0.001198979119944034279, 0.001531965328900978867, -1.244223629327530975E-05 ) ) ;
#1383 = EDGE_CURVE ( 'NONE', #1557, #1136, #1753, .T. ) ;
#1384 =( BOUNDED_SURFACE ( )  B_SPLINE_SURFACE ( 3, 3, ( 
 ( #1516, #1108, #114, #1660 ),
 ( #1372, #667, #386, #963 ),
 ( #1247, #396, #538, #1808 ),
 ( #269, #1707, #553, #132 ) ),
 .UNSPECIFIED., .F., .F., .T. ) 
 B_SPLINE_SURFACE_WITH_KNOTS ( ( 4, 4 ),
 ( 4, 4 ),
 ( 0.0000000000000000000, 1.000000000000000000 ),
 ( 0.0000000000000000000, 1.000000000000000000 ),
 .UNSPECIFIED. ) 
 GEOMETRIC_REPRESENTATION_ITEM ( )  RATIONAL_B_SPLINE_SURFACE ( (
 ( 1.000000000000000000, 0.3333333333356946482, 0.3333333333356946482, 1.000000000000000000),
 ( 0.8025111867385930076, 0.2675037289147593200, 0.2675037289147593200, 0.8025111867385930076),
 ( 0.8025111867385930076, 0.2675037289147593200, 0.2675037289147593200, 0.8025111867385930076),
 ( 1.000000000000000000, 0.3333333333356946482, 0.3333333333356946482, 1.000000000000000000) ) ) 
 REPRESENTATION_ITEM ( '' )  SURFACE ( )  );
#1385 = ORIENTED_EDGE ( 'NONE', *, *, #1006, .F. ) ;
#1386 = UNCERTAINTY_MEASURE_WITH_UNIT (LENGTH_MEASURE( 1.000000000000000082E-05 ), #958, 'distance_accuracy_value', 'NONE');
#1387 = CARTESIAN_POINT ( 'NONE',  ( -0.001288034671099021807, 0.002978979119944033527, 0.002552442236293275563 ) ) ;
#1388 = CARTESIAN_POINT ( 'NONE',  ( -0.001240041115076178724, -0.001649999999999999991, 0.002368626039770197096 ) ) ;
#1389 = CARTESIAN_POINT ( 'NONE',  ( 0.001369991117421789830, 0.001579958884921619285, 0.002368626039772357694 ) ) ;
#1390 = ORIENTED_EDGE ( 'NONE', *, *, #1511, .F. ) ;
#1391 = AXIS2_PLACEMENT_3D ( 'NONE', #227, #403, #383 ) ;
#1392 = EDGE_CURVE ( 'NONE', #1714, #783, #1200, .T. ) ;
#1393 = VECTOR ( 'NONE', #24, 1.000000000000000000 ) ;
#1394 = CARTESIAN_POINT ( 'NONE',  ( 0.001270000000000000078, -0.002949999999999999498, 0.002439999999999999895 ) ) ;
#1395 = ORIENTED_EDGE ( 'NONE', *, *, #1073, .F. ) ;
#1396 = PRESENTATION_STYLE_ASSIGNMENT (( #1544 ) ) ;
#1397 = CIRCLE ( 'NONE', #1574, 9.999999999999982861E-05 ) ;
#1398 = CARTESIAN_POINT ( 'NONE',  ( 0.001170000000000000033, -0.001649999999999999991, 0.0001000000000000000454 ) ) ;
#1399 = PLANE ( 'NONE',  #1702 ) ;
#1400 = ORIENTED_EDGE ( 'NONE', *, *, #612, .F. ) ;
#1401 = CARTESIAN_POINT ( 'NONE',  ( -0.001282164124680902021, 0.001448896448480527753, 0.0001300375603192152358 ) ) ;
#1402 = ORIENTED_EDGE ( 'NONE', *, *, #1586, .T. ) ;
#1403 = AXIS2_PLACEMENT_3D ( 'NONE', #1034, #1559, #1550 ) ;
#1404 = ADVANCED_FACE ( '3:23476', ( #1320 ), #600, .T. ) ;
#1405 = CARTESIAN_POINT ( 'NONE',  ( -0.001170000000000000033, 0.003020710678118655214, 2.928932188134545069E-05 ) ) ;
#1406 = VERTEX_POINT ( 'NONE', #632 ) ;
#1407 = CARTESIAN_POINT ( 'NONE',  ( 0.001139962439680783758, -0.003151103551519476940, -1.216412468090360277E-05 ) ) ;
#1408 = CARTESIAN_POINT ( 'NONE',  ( 0.006324834744105709873, -0.008144834744105709443, 0.002540000000000000157 ) ) ;
#1409 = ORIENTED_EDGE ( 'NONE', *, *, #758, .T. ) ;
#1410 = DIRECTION ( 'NONE',  ( 0.0000000000000000000, 0.0000000000000000000, 1.000000000000000000 ) ) ;
#1411 = LINE ( 'NONE', #1277, #270 ) ;
#1412 = ORIENTED_EDGE ( 'NONE', *, *, #1090, .T. ) ;
#1413 = ORIENTED_EDGE ( 'NONE', *, *, #1624, .T. ) ;
#1414 = DIRECTION ( 'NONE',  ( -0.0000000000000000000, 1.000000000000000000, -0.0000000000000000000 ) ) ;
#1415 = CARTESIAN_POINT ( 'NONE',  ( -0.001240710678118655316, -0.001649999999999999991, 0.002510710678118654310 ) ) ;
#1416 = ADVANCED_FACE ( 'NONE', ( #1499 ), #230, .T. ) ;
#1417 = VERTEX_POINT ( 'NONE', #803 ) ;
#1418 = CARTESIAN_POINT ( 'NONE',  ( 0.001282442236293275485, -0.001531965328900979084, 7.102088005596645000E-05 ) ) ;
#1419 = DIRECTION ( 'NONE',  ( 1.000000000000000000, 0.0000000000000000000, 0.0000000000000000000 ) ) ;
#1420 = EDGE_LOOP ( 'NONE', ( #1543, #1757, #1135, #232, #1412 ) ) ;
#1421 = CARTESIAN_POINT ( 'NONE',  ( -0.001069999999999999771, -0.001549999999999999946, 0.002340000000000000066 ) ) ;
#1422 = CARTESIAN_POINT ( 'NONE',  ( 0.001198979119944034713, -0.002949999999999998630, 0.002552442236293275563 ) ) ;
#1423 = VECTOR ( 'NONE', #1199, 1.000000000000000000 ) ;
#1424 = ORIENTED_EDGE ( 'NONE', *, *, #236, .T. ) ;
#1425 = PLANE ( 'NONE',  #1492 ) ;
#1426 = LINE ( 'NONE', #571, #572 ) ;
#1427 = AXIS2_PLACEMENT_3D ( 'NONE', #894, #587, #452 ) ;
#1428 = VERTEX_POINT ( 'NONE', #640 ) ;
#1429 = DIRECTION ( 'NONE',  ( -1.000000000000000000, -6.672013369141570394E-17, 0.0000000000000000000 ) ) ;
#1430 = ORIENTED_EDGE ( 'NONE', *, *, #743, .T. ) ;
#1431 = CARTESIAN_POINT ( 'NONE',  ( -0.001170000000000000033, -0.004294834744105710186, 0.002439999999999999895 ) ) ;
#1432 = DIRECTION ( 'NONE',  ( 1.000000000000000000, 0.0000000000000000000, 0.0000000000000000000 ) ) ;
#1433 = CARTESIAN_POINT ( 'NONE',  ( 0.001098626039772355881, -0.003149991117421794065, 0.002510041115078383636 ) ) ;
#1434 = CIRCLE ( 'NONE', #1403, 0.0001000000000000000454 ) ;
#1435 =( BOUNDED_SURFACE ( )  B_SPLINE_SURFACE ( 3, 3, ( 
 ( #197, #56, #1682, #43 ),
 ( #1720, #447, #335, #1025 ),
 ( #171, #740, #761, #178 ),
 ( #771, #604, #1741, #469 ) ),
 .UNSPECIFIED., .F., .F., .T. ) 
 B_SPLINE_SURFACE_WITH_KNOTS ( ( 4, 4 ),
 ( 4, 4 ),
 ( 0.0000000000000000000, 1.000000000000000000 ),
 ( 0.0000000000000000000, 1.000000000000000000 ),
 .UNSPECIFIED. ) 
 GEOMETRIC_REPRESENTATION_ITEM ( )  RATIONAL_B_SPLINE_SURFACE ( (
 ( 1.000000000000000000, 0.3333333333333334259, 0.3333333333333334259, 1.000000000000000000),
 ( 0.8025111867385922304, 0.2675037289128641693, 0.2675037289128641693, 0.8025111867385922304),
 ( 0.8025111867385922304, 0.2675037289128641693, 0.2675037289128641693, 0.8025111867385922304),
 ( 1.000000000000000000, 0.3333333333333334259, 0.3333333333333334259, 1.000000000000000000) ) ) 
 REPRESENTATION_ITEM ( '' )  SURFACE ( )  );
#1436 = ORIENTED_EDGE ( 'NONE', *, *, #1506, .F. ) ;
#1437 = CARTESIAN_POINT ( 'NONE',  ( -0.001170000000000000684, 0.001579289321881344925, 0.002510710678118655177 ) ) ;
#1438 = DIRECTION ( 'NONE',  ( 0.0000000000000000000, 0.0000000000000000000, 1.000000000000000000 ) ) ;
#1439 = ORIENTED_EDGE ( 'NONE', *, *, #536, .F. ) ;
#1440 = FACE_OUTER_BOUND ( 'NONE', #954, .T. ) ;
#1441 = CARTESIAN_POINT ( 'NONE',  ( -0.001170000000000000033, 0.001549999999999999512, 9.999999999999934072E-05 ) ) ;
#1442 = EDGE_CURVE ( 'NONE', #573, #919, #1630, .T. ) ;
#1443 = CARTESIAN_POINT ( 'NONE',  ( -0.001069999999999999988, -0.001549999999999999946, 0.0004099999999999999912 ) ) ;
#1444 = DIRECTION ( 'NONE',  ( 0.0000000000000000000, 0.7071067811865449082, -0.7071067811865503483 ) ) ;
#1445 = CARTESIAN_POINT ( 'NONE',  ( -0.001270000000000000295, 0.002949999999999999931, 0.002439999999999999461 ) ) ;
#1446 = DIRECTION ( 'NONE',  ( 0.0000000000000000000, 0.0000000000000000000, -1.000000000000000000 ) ) ;
#1447 = CARTESIAN_POINT ( 'NONE',  ( -0.001170000000000000033, -0.001649999999999999991, 9.999999999999980150E-05 ) ) ;
#1448 = ORIENTED_EDGE ( 'NONE', *, *, #973, .T. ) ;
#1449 = CARTESIAN_POINT ( 'NONE',  ( 0.001270000000000000078, 0.002949999999999999931, 9.999999999999981506E-05 ) ) ;
#1450 = DIRECTION ( 'NONE',  ( 0.0000000000000000000, 0.0000000000000000000, -1.000000000000000000 ) ) ;
#1451 = CARTESIAN_POINT ( 'NONE',  ( 0.001240041115078380522, -0.002949999999999999498, 0.002368626039772358128 ) ) ;
#1452 = ADVANCED_FACE ( '3:43831', ( #932 ), #1814, .T. ) ;
#1453 = EDGE_CURVE ( 'NONE', #61, #1797, #1089, .T. ) ;
#1454 = SURFACE_STYLE_USAGE ( .BOTH. , #1076 ) ;
#1455 = DIRECTION ( 'NONE',  ( -0.0000000000000000000, 1.000000000000000000, -0.0000000000000000000 ) ) ;
#1456 = AXIS2_PLACEMENT_3D ( 'NONE', #651, #1513, #662 ) ;
#1457 =( BOUNDED_SURFACE ( )  B_SPLINE_SURFACE ( 3, 3, ( 
 ( #1117, #962, #685, #546 ),
 ( #552, #1128, #1515, #1525 ),
 ( #1685, #379, #1407, #413 ),
 ( #1546, #1800, #139, #1101 ) ),
 .UNSPECIFIED., .F., .F., .T. ) 
 B_SPLINE_SURFACE_WITH_KNOTS ( ( 4, 4 ),
 ( 4, 4 ),
 ( 0.0000000000000000000, 1.000000000000000000 ),
 ( 0.0000000000000000000, 1.000000000000000000 ),
 .UNSPECIFIED. ) 
 GEOMETRIC_REPRESENTATION_ITEM ( )  RATIONAL_B_SPLINE_SURFACE ( (
 ( 1.000000000000000000, 0.3333333333333249326, 0.3333333333333249326, 1.000000000000000000),
 ( 0.8025111867385943398, 0.2675037289128580631, 0.2675037289128580631, 0.8025111867385943398),
 ( 0.8025111867385943398, 0.2675037289128580631, 0.2675037289128580631, 0.8025111867385943398),
 ( 1.000000000000000000, 0.3333333333333249326, 0.3333333333333249326, 1.000000000000000000) ) ) 
 REPRESENTATION_ITEM ( '' )  SURFACE ( )  );
#1458 = SURFACE_STYLE_FILL_AREA ( #590 ) ;
#1459 = DIRECTION ( 'NONE',  ( -1.000000000000000000, -0.0000000000000000000, -0.0000000000000000000 ) ) ;
#1460 = AXIS2_PLACEMENT_3D ( 'NONE', #1640, #372, #59 ) ;
#1461 = VERTEX_POINT ( 'NONE', #1079 ) ;
#1462 = CYLINDRICAL_SURFACE ( 'NONE', #866, 9.999999999999982861E-05 ) ;
#1463 = DIRECTION ( 'NONE',  ( -1.000000000000000000, 0.0000000000000000000, -0.0000000000000000000 ) ) ;
#1464 = DIRECTION ( 'NONE',  ( -0.0000000000000000000, 1.000000000000000000, -0.0000000000000000000 ) ) ;
#1465 = EDGE_CURVE ( 'NONE', #1136, #808, #294, .T. ) ;
#1466 = FACE_OUTER_BOUND ( 'NONE', #1182, .T. ) ;
#1467 = AXIS2_PLACEMENT_3D ( 'NONE', #280, #1144, #176 ) ;
#1468 = EDGE_CURVE ( 'NONE', #976, #1557, #211, .T. ) ;
#1469 = CARTESIAN_POINT ( 'NONE',  ( -0.001369991117421787662, 0.001579958884921620153, 0.002368626039772358562 ) ) ;
#1470 = DIRECTION ( 'NONE',  ( 0.0000000000000000000, 0.0000000000000000000, 1.000000000000000000 ) ) ;
#1471 = AXIS2_PLACEMENT_3D ( 'NONE', #1048, #1483, #929 ) ;
#1472 = ORIENTED_EDGE ( 'NONE', *, *, #1188, .T. ) ;
#1473 = DIRECTION ( 'NONE',  ( 8.659560562354889717E-17, 1.000000000000000000, -8.659560562354975999E-17 ) ) ;
#1474 =( NAMED_UNIT ( * ) PLANE_ANGLE_UNIT ( ) SI_UNIT ( $, .RADIAN. ) );
#1475 = EDGE_LOOP ( 'NONE', ( #1402, #1653, #508, #934, #289, #733 ) ) ;
#1476 = PLANE ( 'NONE',  #658 ) ;
#1477 = CARTESIAN_POINT ( 'NONE',  ( 0.001170000000000000250, 0.001680037560319215832, -1.216412468090251349E-05 ) ) ;
#1478 = DIRECTION ( 'NONE',  ( -1.000000000000000000, -6.672013369141570394E-17, 0.0000000000000000000 ) ) ;
#1479 = FACE_OUTER_BOUND ( 'NONE', #707, .T. ) ;
#1480 = ADVANCED_FACE ( 'NONE', ( #1774 ), #620, .T. ) ;
#1481 = ORIENTED_EDGE ( 'NONE', *, *, #203, .T. ) ;
#1482 = CARTESIAN_POINT ( 'NONE',  ( -0.001170000000000000900, -0.002949999999999999931, -1.016439536705160407E-19 ) ) ;
#1483 = DIRECTION ( 'NONE',  ( -0.0000000000000000000, 1.000000000000000000, -0.0000000000000000000 ) ) ;
#1484 = VERTEX_POINT ( 'NONE', #1071 ) ;
#1485 = CARTESIAN_POINT ( 'NONE',  ( -0.001282164124681003286, -0.001649999999999999991, 0.002409962439678332239 ) ) ;
#1486 = CARTESIAN_POINT ( 'NONE',  ( 0.001170000000000000033, 0.001537557763706724322, 0.002468979119944033924 ) ) ;
#1487 = DIRECTION ( 'NONE',  ( 0.7071067811865582309, 0.0000000000000000000, 0.7071067811865365815 ) ) ;
#1488 = VECTOR ( 'NONE', #1083, 1.000000000000000000 ) ;
#1489 = AXIS2_PLACEMENT_3D ( 'NONE', #793, #1207, #486 ) ;
#1490 = EDGE_LOOP ( 'NONE', ( #8, #264, #1538, #1359 ) ) ;
#1491 = FACE_OUTER_BOUND ( 'NONE', #1675, .T. ) ;
#1492 = AXIS2_PLACEMENT_3D ( 'NONE', #1150, #1706, #1177 ) ;
#1493 = AXIS2_PLACEMENT_3D ( 'NONE', #92, #1229, #392 ) ;
#1494 = DIRECTION ( 'NONE',  ( -0.0000000000000000000, -0.0000000000000000000, -1.000000000000000000 ) ) ;
#1495 = VERTEX_POINT ( 'NONE', #1754 ) ;
#1496 = DIRECTION ( 'NONE',  ( 0.0000000000000000000, -1.000000000000000000, 0.0000000000000000000 ) ) ;
#1497 = DIRECTION ( 'NONE',  ( 1.000000000000000000, 6.672013369141570394E-17, -0.0000000000000000000 ) ) ;
#1498 = AXIS2_PLACEMENT_3D ( 'NONE', #1326, #579, #886 ) ;
#1499 = FACE_OUTER_BOUND ( 'NONE', #242, .T. ) ;
#1500 = DIRECTION ( 'NONE',  ( 1.000000000000000000, 0.0000000000000000000, 0.0000000000000000000 ) ) ;
#1501 = AXIS2_PLACEMENT_3D ( 'NONE', #437, #739, #1166 ) ;
#1502 = ORIENTED_EDGE ( 'NONE', *, *, #130, .F. ) ;
#1503 = CARTESIAN_POINT ( 'NONE',  ( -0.001098626039772357833, -0.003149991117421794499, 0.002510041115078383202 ) ) ;
#1504 = ADVANCED_FACE ( 'NONE', ( #1789 ), #167, .T. ) ;
#1505 = ORIENTED_EDGE ( 'NONE', *, *, #1644, .F. ) ;
#1506 = EDGE_CURVE ( 'NONE', #1245, #542, #1813, .T. ) ;
#1507 = CARTESIAN_POINT ( 'NONE',  ( -0.001170000000000000250, 0.001579289321881345142, 0.002510710678118654744 ) ) ;
#1508 = ORIENTED_EDGE ( 'NONE', *, *, #823, .F. ) ;
#1509 = CARTESIAN_POINT ( 'NONE',  ( -0.001139962439680785493, -0.002949999999999998630, -1.216412468090247113E-05 ) ) ;
#1510 = VERTEX_POINT ( 'NONE', #971 ) ;
#1511 = EDGE_CURVE ( 'NONE', #580, #1510, #1678, .T. ) ;
#1512 = ADVANCED_FACE ( 'NONE', ( #1107 ), #260, .T. ) ;
#1513 = DIRECTION ( 'NONE',  ( 0.0000000000000000000, 0.0000000000000000000, 1.000000000000000000 ) ) ;
#1514 = ORIENTED_EDGE ( 'NONE', *, *, #1468, .F. ) ;
#1515 = CARTESIAN_POINT ( 'NONE',  ( 0.001198979119944032761, -0.003068034671099023006, -1.244223629327641597E-05 ) ) ;
#1516 = CARTESIAN_POINT ( 'NONE',  ( -0.001170000000000000033, 0.003020710678118654346, 2.928932188134481711E-05 ) ) ;
#1517 = DIRECTION ( 'NONE',  ( -0.0000000000000000000, -0.0000000000000000000, -1.000000000000000000 ) ) ;
#1518 = AXIS2_PLACEMENT_3D ( 'NONE', #25, #1473, #748 ) ;
#1519 = ORIENTED_EDGE ( 'NONE', *, *, #853, .F. ) ;
#1520 = CIRCLE ( 'NONE', #686, 9.999999999999982861E-05 ) ;
#1521 = VECTOR ( 'NONE', #339, 1.000000000000000000 ) ;
#1522 = CARTESIAN_POINT ( 'NONE',  ( -0.001170000000000000033, -0.001649999999999999991, 0.002439999999999999895 ) ) ;
#1523 = APPLICATION_PROTOCOL_DEFINITION ( 'draft international standard', 'automotive_design', 1998, #1060 ) ;
#1524 = EDGE_CURVE ( 'NONE', #1364, #159, #1024, .T. ) ;
#1525 = CARTESIAN_POINT ( 'NONE',  ( 0.001198979119944034062, -0.002949999999999999064, -1.244223629327518778E-05 ) ) ;
#1526 = EDGE_CURVE ( 'NONE', #1354, #843, #385, .T. ) ;
#1527 = LINE ( 'NONE', #1131, #1571 ) ;
#1528 = ORIENTED_EDGE ( 'NONE', *, *, #668, .F. ) ;
#1529 = CARTESIAN_POINT ( 'NONE',  ( -0.001170000000000000033, 0.002919962439680784307, 0.002552164124680902750 ) ) ;
#1530 = CARTESIAN_POINT ( 'NONE',  ( -0.001240041115076178724, -0.001450008882578268524, 0.002368626039770197096 ) ) ;
#1531 = DIRECTION ( 'NONE',  ( 1.000000000000000000, 0.0000000000000000000, 0.0000000000000000000 ) ) ;
#1532 = EDGE_CURVE ( 'NONE', #1124, #1700, #184, .T. ) ;
#1533 = DIRECTION ( 'NONE',  ( 0.0000000000000000000, 0.0000000000000000000, -1.000000000000000000 ) ) ;
#1534 = ORIENTED_EDGE ( 'NONE', *, *, #1343, .T. ) ;
#1535 = CARTESIAN_POINT ( 'NONE',  ( -0.001170000000000000684, 0.003020710678118654780, 0.002510710678118655177 ) ) ;
#1536 = ORIENTED_EDGE ( 'NONE', *, *, #1275, .F. ) ;
#1537 = CARTESIAN_POINT ( 'NONE',  ( -0.001170000000000000033, -0.001649999999999999991, 0.003594834744105710085 ) ) ;
#1538 = ORIENTED_EDGE ( 'NONE', *, *, #1203, .T. ) ;
#1539 = CARTESIAN_POINT ( 'NONE',  ( -0.001198979119944034279, 0.001649999999999999991, -1.244223629327531144E-05 ) ) ;
#1540 = ADVANCED_FACE ( 'NONE', ( #1828 ), #1371, .T. ) ;
#1541 = ORIENTED_EDGE ( 'NONE', *, *, #96, .F. ) ;
#1542 = COLOUR_RGB ( '',1.000000000000000000, 1.000000000000000000, 1.000000000000000000 ) ;
#1543 = ORIENTED_EDGE ( 'NONE', *, *, #1211, .T. ) ;
#1544 = SURFACE_STYLE_USAGE ( .BOTH. , #1669 ) ;
#1545 = VERTEX_POINT ( 'NONE', #1807 ) ;
#1546 = CARTESIAN_POINT ( 'NONE',  ( 0.001240041115078380522, -0.002949999999999998197, 0.0001713739602276421916 ) ) ;
#1547 = LINE ( 'NONE', #442, #661 ) ;
#1548 = VERTEX_POINT ( 'NONE', #113 ) ;
#1549 = DIRECTION ( 'NONE',  ( -1.000000000000000000, -0.0000000000000000000, 0.0000000000000000000 ) ) ;
#1550 = DIRECTION ( 'NONE',  ( 0.0000000000000000000, -1.000000000000000000, 0.0000000000000000000 ) ) ;
#1551 = AXIS2_PLACEMENT_3D ( 'NONE', #1356, #1072, #476 ) ;
#1552 = ADVANCED_FACE ( '3:108', ( #1246, #989 ), #1255, .T. ) ;
#1553 = EDGE_LOOP ( 'NONE', ( #1664, #1400, #334, #692 ) ) ;
#1554 = CIRCLE ( 'NONE', #763, 0.0001000000000000000183 ) ;
#1555 = LINE ( 'NONE', #1293, #1085 ) ;
#1556 = DIRECTION ( 'NONE',  ( 1.000000000000000000, 0.0000000000000000000, 0.0000000000000000000 ) ) ;
#1557 = VERTEX_POINT ( 'NONE', #1273 ) ;
#1558 = CARTESIAN_POINT ( 'NONE',  ( -0.001240710678118654882, 0.001649999999999999991, 2.928932188134541681E-05 ) ) ;
#1559 = DIRECTION ( 'NONE',  ( -1.000000000000000000, -6.672013369141570394E-17, 4.591774807899559894E-33 ) ) ;
#1560 = ORIENTED_EDGE ( 'NONE', *, *, #1587, .F. ) ;
#1561 = CARTESIAN_POINT ( 'NONE',  ( -0.001170000000000000250, -0.001649999999999999774, 0.002440000000000000328 ) ) ;
#1562 = LINE ( 'NONE', #1443, #816 ) ;
#1563 = ADVANCED_FACE ( '3:26662', ( #2 ), #1457, .T. ) ;
#1564 = DIRECTION ( 'NONE',  ( -0.0000000000000000000, -0.0000000000000000000, -1.000000000000000000 ) ) ;
#1565 = DIRECTION ( 'NONE',  ( 0.0000000000000000000, 1.000000000000000000, -0.0000000000000000000 ) ) ;
#1566 = ORIENTED_EDGE ( 'NONE', *, *, #1211, .F. ) ;
#1567 = ORIENTED_EDGE ( 'NONE', *, *, #789, .F. ) ;
#1568 = DIRECTION ( 'NONE',  ( -1.000000000000000000, -6.672013369141570394E-17, 4.591774807899559894E-33 ) ) ;
#1569 = LINE ( 'NONE', #152, #1676 ) ;
#1570 = VECTOR ( 'NONE', #1260, 1.000000000000000000 ) ;
#1571 = VECTOR ( 'NONE', #1674, 1.000000000000000000 ) ;
#1572 = PLANE ( 'NONE',  #1427 ) ;
#1573 = CARTESIAN_POINT ( 'NONE',  ( 0.001170000000000000033, 0.003049999999999999760, 0.003594834744105710085 ) ) ;
#1574 = AXIS2_PLACEMENT_3D ( 'NONE', #1735, #1318, #570 ) ;
#1575 = ORIENTED_EDGE ( 'NONE', *, *, #936, .T. ) ;
#1576 = CARTESIAN_POINT ( 'NONE',  ( 0.001282164124680902021, -0.001448896448480527319, 0.0001300375603192156695 ) ) ;
#1577 = EDGE_CURVE ( 'NONE', #1797, #919, #246, .T. ) ;
#1578 = CARTESIAN_POINT ( 'NONE',  ( -0.001170000000000000033, -0.008894834744105710109, 0.002439999999999999895 ) ) ;
#1579 = EDGE_CURVE ( 'NONE', #1484, #843, #654, .T. ) ;
#1580 = DIRECTION ( 'NONE',  ( 0.0000000000000000000, 1.000000000000000000, 0.0000000000000000000 ) ) ;
#1581 = CARTESIAN_POINT ( 'NONE',  ( 0.0000000000000000000, -0.002299999999999999961, 0.002340000000000000066 ) ) ;
#1582 = DIRECTION ( 'NONE',  ( -0.7071067811865501263, 0.0000000000000000000, -0.7071067811865449082 ) ) ;
#1583 = DIRECTION ( 'NONE',  ( -0.0000000000000000000, -1.000000000000000000, -0.0000000000000000000 ) ) ;
#1584 = AXIS2_PLACEMENT_3D ( 'NONE', #802, #360, #674 ) ;
#1585 = FACE_OUTER_BOUND ( 'NONE', #373, .T. ) ;
#1586 = EDGE_CURVE ( 'NONE', #603, #159, #1555, .T. ) ;
#1587 = EDGE_CURVE ( 'NONE', #1082, #1495, #719, .T. ) ;
#1588 = DIRECTION ( 'NONE',  ( 0.0000000000000000000, 0.0000000000000000000, 1.000000000000000000 ) ) ;
#1589 = CARTESIAN_POINT ( 'NONE',  ( 0.001069999999999999988, 0.0000000000000000000, 0.002340000000000000066 ) ) ;
#1590 = DIRECTION ( 'NONE',  ( -0.0000000000000000000, -0.0000000000000000000, -1.000000000000000000 ) ) ;
#1591 = LINE ( 'NONE', #329, #988 ) ;
#1592 = CARTESIAN_POINT ( 'NONE',  ( 0.001170000000000000033, -0.003544834744105709954, 0.0000000000000000000 ) ) ;
#1593 = CARTESIAN_POINT ( 'NONE',  ( 0.001170000000000000250, 0.001721373960227642191, 2.995888492161954302E-05 ) ) ;
#1594 = CARTESIAN_POINT ( 'NONE',  ( 0.001282164124680902455, -0.001650000000000000425, 0.0001300375603192156695 ) ) ;
#1595 = FACE_OUTER_BOUND ( 'NONE', #488, .T. ) ;
#1596 = ORIENTED_EDGE ( 'NONE', *, *, #1759, .T. ) ;
#1597 = DIRECTION ( 'NONE',  ( 0.7071067811865443531, 0.0000000000000000000, -0.7071067811865507924 ) ) ;
#1598 = FACE_OUTER_BOUND ( 'NONE', #557, .T. ) ;
#1599 = EDGE_CURVE ( 'NONE', #580, #649, #1397, .T. ) ;
#1600 = CARTESIAN_POINT ( 'NONE',  ( 0.001240710678118655749, -0.002949999999999999931, 0.002510710678118654744 ) ) ;
#1601 = EDGE_CURVE ( 'NONE', #852, #219, #146, .T. ) ;
#1602 = PRESENTATION_STYLE_ASSIGNMENT (( #1454 ) ) ;
#1603 = CARTESIAN_POINT ( 'NONE',  ( -0.001240710678118655966, -0.002949999999999999498, 2.928932188134618253E-05 ) ) ;
#1604 = CARTESIAN_POINT ( 'NONE',  ( -0.001170000000000000033, 0.002949999999999999498, 0.002439999999999999895 ) ) ;
#1605 = AXIS2_PLACEMENT_3D ( 'NONE', #1045, #314, #1597 ) ;
#1606 = CARTESIAN_POINT ( 'NONE',  ( -0.001170000000000000033, 0.001579289321881345142, 0.002510710678118655177 ) ) ;
#1607 = VECTOR ( 'NONE', #754, 1.000000000000000000 ) ;
#1608 = VERTEX_POINT ( 'NONE', #1302 ) ;
#1609 = DIRECTION ( 'NONE',  ( 0.0000000000000000000, 1.000000000000000000, 0.0000000000000000000 ) ) ;
#1610 =( GEOMETRIC_REPRESENTATION_CONTEXT ( 3 ) GLOBAL_UNCERTAINTY_ASSIGNED_CONTEXT ( ( #402 ) ) GLOBAL_UNIT_ASSIGNED_CONTEXT ( ( #1772, #766, #792 ) ) REPRESENTATION_CONTEXT ( 'NONE', 'WORKASPACE' ) );
#1611 = EDGE_CURVE ( 'NONE', #4, #678, #1141, .T. ) ;
#1612 =( LENGTH_UNIT ( ) NAMED_UNIT ( * ) SI_UNIT ( $, .METRE. ) );
#1613 = EDGE_LOOP ( 'NONE', ( #1335, #256, #1536, #284 ) ) ;
#1614 = CARTESIAN_POINT ( 'NONE',  ( -0.001170000000000000033, 0.001650000000000000425, 0.002439999999999999895 ) ) ;
#1615 = DIRECTION ( 'NONE',  ( 0.0000000000000000000, -1.000000000000000000, -4.472333961502703424E-15 ) ) ;
#1616 = CARTESIAN_POINT ( 'NONE',  ( -0.001170000000000000033, -0.001649999999999999991, -2.032879073410320814E-19 ) ) ;
#1617 = AXIS2_PLACEMENT_3D ( 'NONE', #931, #527, #1115 ) ;
#1618 = ORIENTED_EDGE ( 'NONE', *, *, #1453, .T. ) ;
#1619 = CARTESIAN_POINT ( 'NONE',  ( -0.001282442236293277003, -0.003068034671099022573, 0.002468979119944032189 ) ) ;
#1620 = FACE_OUTER_BOUND ( 'NONE', #1074, .T. ) ;
#1621 = EDGE_LOOP ( 'NONE', ( #526, #701, #535, #1092 ) ) ;
#1622 = FILL_AREA_STYLE_COLOUR ( '', #875 ) ;
#1623 = CARTESIAN_POINT ( 'NONE',  ( 0.001371103551519473572, 0.001537835875319097136, 0.0001300375603192148021 ) ) ;
#1624 = EDGE_CURVE ( 'NONE', #944, #1114, #1695, .T. ) ;
#1625 = CARTESIAN_POINT ( 'NONE',  ( 0.001170000000000000033, 0.001579289321881344925, 0.002510710678118654744 ) ) ;
#1626 = ORIENTED_EDGE ( 'NONE', *, *, #1251, .T. ) ;
#1627 = CARTESIAN_POINT ( 'NONE',  ( 0.001240710678118654882, -0.001650000000000000208, 0.002510710678118654744 ) ) ;
#1628 = ORIENTED_EDGE ( 'NONE', *, *, #734, .T. ) ;
#1629 = SURFACE_STYLE_USAGE ( .BOTH. , #1752 ) ;
#1630 = LINE ( 'NONE', #363, #625 ) ;
#1631 = CARTESIAN_POINT ( 'NONE',  ( -0.001198979119944034062, -0.001649999999999999774, -1.244223629327518947E-05 ) ) ;
#1632 = VECTOR ( 'NONE', #34, 1.000000000000000000 ) ;
#1633 = ADVANCED_FACE ( '3:25016', ( #1309 ), #854, .T. ) ;
#1634 = VERTEX_POINT ( 'NONE', #10 ) ;
#1635 = LINE ( 'NONE', #1102, #684 ) ;
#1636 = AXIS2_PLACEMENT_3D ( 'NONE', #712, #463, #174 ) ;
#1637 = CARTESIAN_POINT ( 'NONE',  ( -0.001170000000000000033, 0.003062442236293275166, 0.002468979119944033490 ) ) ;
#1638 = ORIENTED_EDGE ( 'NONE', *, *, #1081, .T. ) ;
#1639 = CARTESIAN_POINT ( 'NONE',  ( -0.001240710678118654882, -0.002949999999999999498, 0.002510710678118654744 ) ) ;
#1640 = CARTESIAN_POINT ( 'NONE',  ( 0.001170000000000000033, 0.001649999999999999991, 9.999999999999982861E-05 ) ) ;
#1641 = ORIENTED_EDGE ( 'NONE', *, *, #1231, .T. ) ;
#1642 = CARTESIAN_POINT ( 'NONE',  ( -0.001282442236293276135, -0.003068034671099022573, 7.102088005596684302E-05 ) ) ;
#1643 = ADVANCED_FACE ( '0:391', ( #1017 ), #1425, .T. ) ;
#1644 = EDGE_CURVE ( 'NONE', #1245, #580, #419, .T. ) ;
#1645 = ORIENTED_EDGE ( 'NONE', *, *, #1221, .T. ) ;
#1646 = CARTESIAN_POINT ( 'NONE',  ( -0.001240710678118655749, 0.001649999999999999991, 2.928932188134603684E-05 ) ) ;
#1647 = ORIENTED_EDGE ( 'NONE', *, *, #636, .F. ) ;
#1648 =( LENGTH_UNIT ( ) NAMED_UNIT ( * ) SI_UNIT ( $, .METRE. ) );
#1649 = DIRECTION ( 'NONE',  ( -0.7071067811865420216, 0.0000000000000000000, 0.7071067811865529018 ) ) ;
#1650 = CARTESIAN_POINT ( 'NONE',  ( -0.001170000000000000033, -0.003544834744105709954, 0.002540000000000000157 ) ) ;
#1651 = CARTESIAN_POINT ( 'NONE',  ( -0.001139962439680784843, -0.001649999999999999774, -1.216412468090237627E-05 ) ) ;
#1652 = DIRECTION ( 'NONE',  ( -0.0000000000000000000, -0.0000000000000000000, -1.000000000000000000 ) ) ;
#1653 = ORIENTED_EDGE ( 'NONE', *, *, #1524, .F. ) ;
#1654 = EDGE_CURVE ( 'NONE', #786, #1271, #687, .T. ) ;
#1655 = DIRECTION ( 'NONE',  ( 1.000000000000000000, 0.0000000000000000000, 0.0000000000000000000 ) ) ;
#1656 = EDGE_LOOP ( 'NONE', ( #1817, #244, #912, #1683 ) ) ;
#1657 = ADVANCED_FACE ( 'NONE', ( #285 ), #1040, .T. ) ;
#1658 = CARTESIAN_POINT ( 'NONE',  ( -0.001169999999981446081, -0.003049999999999999760, 9.999999998144499592E-05 ) ) ;
#1659 = CARTESIAN_POINT ( 'NONE',  ( 0.001170000000000000033, -0.001649999999999999991, 9.999999999999982861E-05 ) ) ;
#1660 = CARTESIAN_POINT ( 'NONE',  ( -0.001169999999999999816, 0.003020710678118654346, 2.928932188134454606E-05 ) ) ;
#1661 = CIRCLE ( 'NONE', #1084, 0.0001000000000000000454 ) ;
#1662 = DIRECTION ( 'NONE',  ( -1.000000000000000000, -6.672013369141570394E-17, 0.0000000000000000000 ) ) ;
#1663 = AXIS2_PLACEMENT_3D ( 'NONE', #388, #688, #1699 ) ;
#1664 = ORIENTED_EDGE ( 'NONE', *, *, #217, .F. ) ;
#1665 = STYLED_ITEM ( 'NONE', ( #784 ), #1802 ) ;
#1666 = AXIS2_PLACEMENT_3D ( 'NONE', #913, #1336, #920 ) ;
#1667 = LINE ( 'NONE', #390, #591 ) ;
#1668 = ORIENTED_EDGE ( 'NONE', *, *, #255, .F. ) ;
#1669 = SURFACE_SIDE_STYLE ('',( #1120 ) ) ;
#1670 = EDGE_CURVE ( 'NONE', #1136, #187, #1138, .T. ) ;
#1671 = CARTESIAN_POINT ( 'NONE',  ( 0.001170000000000000033, 0.001579958884921619285, 0.002368626039772357694 ) ) ;
#1672 = AXIS2_PLACEMENT_3D ( 'NONE', #19, #431, #164 ) ;
#1673 = AXIS2_PLACEMENT_3D ( 'NONE', #1447, #1419, #1156 ) ;
#1674 = DIRECTION ( 'NONE',  ( 1.000000000000000000, 0.0000000000000000000, 0.0000000000000000000 ) ) ;
#1675 = EDGE_LOOP ( 'NONE', ( #673, #881, #65, #1645 ) ) ;
#1676 = VECTOR ( 'NONE', #741, 1.000000000000000000 ) ;
#1677 = ORIENTED_EDGE ( 'NONE', *, *, #440, .T. ) ;
#1678 = LINE ( 'NONE', #1380, #539 ) ;
#1679 = CARTESIAN_POINT ( 'NONE',  ( -0.001098626039772357833, -0.001649999999999999991, 2.995888492161912289E-05 ) ) ;
#1680 = DIRECTION ( 'NONE',  ( 0.0000000000000000000, 0.7071067811865440200, -0.7071067811865510144 ) ) ;
#1681 = EDGE_LOOP ( 'NONE', ( #376, #133, #1154, #1323 ) ) ;
#1682 = CARTESIAN_POINT ( 'NONE',  ( 0.001170000000000000033, 0.003020710678118655648, 0.002510710678118655611 ) ) ;
#1683 = ORIENTED_EDGE ( 'NONE', *, *, #945, .T. ) ;
#1684 = EDGE_LOOP ( 'NONE', ( #1413, #1198, #1502, #1148 ) ) ;
#1685 = CARTESIAN_POINT ( 'NONE',  ( 0.001282164124680901804, -0.002949999999999997763, 0.0001300375603192155068 ) ) ;
#1686 = DIRECTION ( 'NONE',  ( 0.0000000000000000000, 0.0000000000000000000, 1.000000000000000000 ) ) ;
#1687 = ORIENTED_EDGE ( 'NONE', *, *, #945, .F. ) ;
#1688 = CARTESIAN_POINT ( 'NONE',  ( 0.006324834744105709873, 0.002949999999999999931, 0.0000000000000000000 ) ) ;
#1689 = LINE ( 'NONE', #994, #725 ) ;
#1690 = EDGE_CURVE ( 'NONE', #976, #414, #21, .T. ) ;
#1691 = PRODUCT_DEFINITION_SHAPE ( 'NONE', 'NONE',  #1169 ) ;
#1692 = ORIENTED_EDGE ( 'NONE', *, *, #567, .T. ) ;
#1693 = CIRCLE ( 'NONE', #262, 9.999999999999982861E-05 ) ;
#1694 = EDGE_LOOP ( 'NONE', ( #1395, #12, #524, #493 ) ) ;
#1695 = CIRCLE ( 'NONE', #1366, 0.0001000000000000000726 ) ;
#1696 = CARTESIAN_POINT ( 'NONE',  ( -0.001170000000000000033, 0.002949999999999999931, 9.999999999999982861E-05 ) ) ;
#1697 = DIRECTION ( 'NONE',  ( 0.0000000000000000000, 1.000000000000000000, 0.0000000000000000000 ) ) ;
#1698 = ORIENTED_EDGE ( 'NONE', *, *, #995, .F. ) ;
#1699 = DIRECTION ( 'NONE',  ( 0.0000000000000000000, 0.0000000000000000000, -1.000000000000000000 ) ) ;
#1700 = VERTEX_POINT ( 'NONE', #1724 ) ;
#1701 = CARTESIAN_POINT ( 'NONE',  ( 0.001069999999999999771, -0.001549999999999999946, 0.0002000000000000000367 ) ) ;
#1702 = AXIS2_PLACEMENT_3D ( 'NONE', #1408, #1139, #880 ) ;
#1703 = ADVANCED_FACE ( '3:105', ( #1162 ), #1572, .T. ) ;
#1704 = CARTESIAN_POINT ( 'NONE',  ( 0.001282442236293276352, -0.003068034671099023006, 0.002468979119944034357 ) ) ;
#1705 = CIRCLE ( 'NONE', #1584, 9.999999999999982861E-05 ) ;
#1706 = DIRECTION ( 'NONE',  ( 1.000000000000000000, 0.0000000000000000000, 0.0000000000000000000 ) ) ;
#1707 = CARTESIAN_POINT ( 'NONE',  ( -0.001369991117421081629, 0.002878626039773359100, 2.995888492262150507E-05 ) ) ;
#1708 = ORIENTED_EDGE ( 'NONE', *, *, #217, .T. ) ;
#1709 = CARTESIAN_POINT ( 'NONE',  ( 0.001240041115078380305, -0.001649999999999999991, 0.0001713739602276422459 ) ) ;
#1710 = DIRECTION ( 'NONE',  ( 1.000000000000000000, 0.0000000000000000000, 0.0000000000000000000 ) ) ;
#1711 = CARTESIAN_POINT ( 'NONE',  ( -0.001170000000000500934, 0.002949999999999999498, -1.016439536705160407E-19 ) ) ;
#1712 = EDGE_CURVE ( 'NONE', #1461, #531, #422, .T. ) ;
#1713 = SURFACE_SIDE_STYLE ('',( #721 ) ) ;
#1714 = VERTEX_POINT ( 'NONE', #1437 ) ;
#1715 = DIRECTION ( 'NONE',  ( 1.000000000000000000, 0.0000000000000000000, 0.0000000000000000000 ) ) ;
#1716 = DIRECTION ( 'NONE',  ( -1.000000000000000000, 0.0000000000000000000, 0.0000000000000000000 ) ) ;
#1717 = ORIENTED_EDGE ( 'NONE', *, *, #1599, .F. ) ;
#1718 = CARTESIAN_POINT ( 'NONE',  ( 0.001282442236293275702, -0.001650000000000000425, 7.102088005596645000E-05 ) ) ;
#1719 = SURFACE_STYLE_FILL_AREA ( #1013 ) ;
#1720 = CARTESIAN_POINT ( 'NONE',  ( 0.001170000000000000033, 0.002978979119944033960, 0.002552442236293276431 ) ) ;
#1721 = CARTESIAN_POINT ( 'NONE',  ( 0.001170000000000000033, -0.002950000000000000365, 9.999999999999980150E-05 ) ) ;
#1722 = AXIS2_PLACEMENT_3D ( 'NONE', #1191, #1494, #1327 ) ;
#1723 = AXIS2_PLACEMENT_3D ( 'NONE', #13, #1305, #175 ) ;
#1724 = CARTESIAN_POINT ( 'NONE',  ( 0.001170000000000000033, -0.001550000000000000162, 9.999999999999976085E-05 ) ) ;
#1725 = LINE ( 'NONE', #1029, #697 ) ;
#1726 = AXIS2_PLACEMENT_3D ( 'NONE', #723, #38, #183 ) ;
#1727 = EDGE_CURVE ( 'NONE', #1276, #795, #1784, .T. ) ;
#1728 = ORIENTED_EDGE ( 'NONE', *, *, #203, .F. ) ;
#1729 = DIRECTION ( 'NONE',  ( 1.000000000000000000, 6.672013369141570394E-17, -4.591774807899559894E-33 ) ) ;
#1730 = DIRECTION ( 'NONE',  ( 0.0000000000000000000, 0.0000000000000000000, -1.000000000000000000 ) ) ;
#1731 = CARTESIAN_POINT ( 'NONE',  ( -0.001170000000000000033, 0.002949999999999999931, 0.003594834744105710085 ) ) ;
#1732 = DIRECTION ( 'NONE',  ( 0.0000000000000000000, -1.000000000000000000, 0.0000000000000000000 ) ) ;
#1733 = PRESENTATION_LAYER_ASSIGNMENT (  '', '', ( #456 ) ) ;
#1734 = CARTESIAN_POINT ( 'NONE',  ( -0.001170000000000000033, 0.003049999999999999760, 0.002439999999999999895 ) ) ;
#1735 = CARTESIAN_POINT ( 'NONE',  ( -0.001170000000000000900, -0.002950000000000000365, 0.002439999999999999895 ) ) ;
#1736 = AXIS2_PLACEMENT_3D ( 'NONE', #229, #810, #378 ) ;
#1737 = DIRECTION ( 'NONE',  ( -0.0000000000000000000, 1.000000000000000000, -0.0000000000000000000 ) ) ;
#1738 = EDGE_CURVE ( 'NONE', #1824, #107, #999, .T. ) ;
#1739 = CARTESIAN_POINT ( 'NONE',  ( 0.001170000000000000033, -0.001649999999999999991, 0.002439999999999999895 ) ) ;
#1740 = ORIENTED_EDGE ( 'NONE', *, *, #1008, .F. ) ;
#1741 = CARTESIAN_POINT ( 'NONE',  ( 0.001369991117421790697, 0.003020041115078381071, 0.002368626039772357694 ) ) ;
#1742 = DIRECTION ( 'NONE',  ( 1.000000000000000000, 0.0000000000000000000, 0.0000000000000000000 ) ) ;
#1743 = CYLINDRICAL_SURFACE ( 'NONE', #1498, 9.999999999999982861E-05 ) ;
#1744 = CARTESIAN_POINT ( 'NONE',  ( 0.001282164124680902238, -0.001650000000000000858, 0.002409962439680783837 ) ) ;
#1745 = CARTESIAN_POINT ( 'NONE',  ( -0.001098626039770197668, -0.001450008882578267657, 0.002510041115076178803 ) ) ;
#1746 = DIRECTION ( 'NONE',  ( 0.0000000000000000000, 0.0000000000000000000, 1.000000000000000000 ) ) ;
#1747 = CARTESIAN_POINT ( 'NONE',  ( 0.001170000000000000033, 0.003020710678118654780, 0.002510710678118654744 ) ) ;
#1748 = VERTEX_POINT ( 'NONE', #1763 ) ;
#1749 = FACE_OUTER_BOUND ( 'NONE', #501, .T. ) ;
#1750 = EDGE_CURVE ( 'NONE', #85, #556, #241, .T. ) ;
#1751 = CARTESIAN_POINT ( 'NONE',  ( 0.007574834744105710116, -0.002949999999999999931, 0.002439999999999999895 ) ) ;
#1752 = SURFACE_SIDE_STYLE ('',( #509 ) ) ;
#1753 = CIRCLE ( 'NONE', #153, 0.0001000000000000000454 ) ;
#1754 = CARTESIAN_POINT ( 'NONE',  ( 0.001240710678118653147, -0.002949999999999999498, 2.928932188134339410E-05 ) ) ;
#1755 = LINE ( 'NONE', #504, #1030 ) ;
#1756 = AXIS2_PLACEMENT_3D ( 'NONE', #1659, #704, #1818 ) ;
#1757 = ORIENTED_EDGE ( 'NONE', *, *, #1611, .F. ) ;
#1758 = CYLINDRICAL_SURFACE ( 'NONE', #624, 9.999999999999982861E-05 ) ;
#1759 = EDGE_CURVE ( 'NONE', #919, #1461, #901, .T. ) ;
#1760 = VECTOR ( 'NONE', #1331, 1.000000000000000000 ) ;
#1761 = DIRECTION ( 'NONE',  ( -0.0000000000000000000, -0.0000000000000000000, -1.000000000000000000 ) ) ;
#1762 = ORIENTED_EDGE ( 'NONE', *, *, #1278, .F. ) ;
#1763 = CARTESIAN_POINT ( 'NONE',  ( 0.001170000000000000033, 0.001579289321881344925, 0.002510710678118654744 ) ) ;
#1764 = CARTESIAN_POINT ( 'NONE',  ( 0.001371103551519473138, 0.001680037560319215181, -1.216412468090220686E-05 ) ) ;
#1765 = AXIS2_PLACEMENT_3D ( 'NONE', #906, #1500, #81 ) ;
#1766 = DIRECTION ( 'NONE',  ( -1.000000000000000000, -0.0000000000000000000, 0.0000000000000000000 ) ) ;
#1767 = CARTESIAN_POINT ( 'NONE',  ( 0.001270000000000000078, -0.001649999999999999991, 0.002440000000000000328 ) ) ;
#1768 = ORIENTED_EDGE ( 'NONE', *, *, #397, .F. ) ;
#1769 = LINE ( 'NONE', #622, #1423 ) ;
#1770 = CARTESIAN_POINT ( 'NONE',  ( 0.001282442236293276135, -0.001650000000000000425, 0.002468979119944033056 ) ) ;
#1771 = VERTEX_POINT ( 'NONE', #1603 ) ;
#1772 =( LENGTH_UNIT ( ) NAMED_UNIT ( * ) SI_UNIT ( $, .METRE. ) );
#1773 = EDGE_CURVE ( 'NONE', #1271, #61, #511, .T. ) ;
#1774 = FACE_OUTER_BOUND ( 'NONE', #992, .T. ) ;
#1775 = DIRECTION ( 'NONE',  ( 1.000000000000000000, -2.168404344971008079E-15, 0.0000000000000000000 ) ) ;
#1776 = EDGE_LOOP ( 'NONE', ( #517, #100, #366, #443 ) ) ;
#1777 = LINE ( 'NONE', #506, #1488 ) ;
#1778 = ORIENTED_EDGE ( 'NONE', *, *, #394, .F. ) ;
#1779 = CARTESIAN_POINT ( 'NONE',  ( -0.001369991117421788529, 0.001721373960227640240, 0.002510041115078378866 ) ) ;
#1780 = EDGE_CURVE ( 'NONE', #678, #1114, #639, .T. ) ;
#1781 = VECTOR ( 'NONE', #1410, 1.000000000000000000 ) ;
#1782 = ORIENTED_EDGE ( 'NONE', *, *, #512, .T. ) ;
#1783 = CARTESIAN_POINT ( 'NONE',  ( -0.001198979119944034496, -0.002949999999999999064, -1.244223629327520980E-05 ) ) ;
#1784 = CIRCLE ( 'NONE', #991, 0.0001000000000000000454 ) ;
#1785 = CARTESIAN_POINT ( 'NONE',  ( -0.001369991117421788963, 0.003020041115078379770, 0.002368626039772357694 ) ) ;
#1786 = ORIENTED_EDGE ( 'NONE', *, *, #554, .T. ) ;
#1787 = APPLICATION_PROTOCOL_DEFINITION ( 'draft international standard', 'automotive_design', 1998, #959 ) ;
#1788 = CARTESIAN_POINT ( 'NONE',  ( 0.001170000000000000033, 0.001649999999999999991, 0.002539999999999999723 ) ) ;
#1789 = FACE_OUTER_BOUND ( 'NONE', #589, .T. ) ;
#1790 = CIRCLE ( 'NONE', #1673, 0.0001000000000000000048 ) ;
#1791 = ADVANCED_FACE ( 'NONE', ( #494 ), #1214, .T. ) ;
#1792 = CARTESIAN_POINT ( 'NONE',  ( -0.001240041115078380522, -0.002949999999999998197, 0.002368626039772358128 ) ) ;
#1793 = VECTOR ( 'NONE', #1005, 1.000000000000000000 ) ;
#1794 = EDGE_CURVE ( 'NONE', #671, #1548, #1192, .T. ) ;
#1795 = ORIENTED_EDGE ( 'NONE', *, *, #1231, .F. ) ;
#1796 = DIRECTION ( 'NONE',  ( 1.000000000000000000, -0.0000000000000000000, 0.0000000000000000000 ) ) ;
#1797 = VERTEX_POINT ( 'NONE', #1206 ) ;
#1798 = CARTESIAN_POINT ( 'NONE',  ( 0.001139962439680784843, 0.002949999999999998197, -1.216412468090247113E-05 ) ) ;
#1799 = CARTESIAN_POINT ( 'NONE',  ( 0.001170000000000000033, -0.002949999999999999931, -1.016439536705160407E-19 ) ) ;
#1800 = CARTESIAN_POINT ( 'NONE',  ( 0.001240041115078382907, -0.003149991117421793631, 0.0001713739602276446582 ) ) ;
#1801 = LINE ( 'NONE', #142, #510 ) ;
#1802 = ADVANCED_FACE ( '3:23470', ( #330 ), #1476, .T. ) ;
#1803 = CARTESIAN_POINT ( 'NONE',  ( -0.001371103551519474223, 0.002919962439680784307, 0.002552164124680902750 ) ) ;
#1804 = ORIENTED_EDGE ( 'NONE', *, *, #1599, .T. ) ;
#1805 =( NAMED_UNIT ( * ) SI_UNIT ( $, .STERADIAN. ) SOLID_ANGLE_UNIT ( ) );
#1806 = CARTESIAN_POINT ( 'NONE',  ( 0.007574834744105710116, 0.001650000000000000642, -2.032879073410320814E-19 ) ) ;
#1807 = CARTESIAN_POINT ( 'NONE',  ( -0.001240710678118655749, -0.001649999999999999991, 2.928932188134621302E-05 ) ) ;
#1808 = CARTESIAN_POINT ( 'NONE',  ( -0.001169999999999999816, 0.003062164124680901919, 0.0001300375603192150190 ) ) ;
#1809 = CIRCLE ( 'NONE', #1111, 0.0001000000000000000454 ) ;
#1810 = CARTESIAN_POINT ( 'NONE',  ( -0.001240041115078380522, 0.001649999999999999991, 0.0001713739602276420290 ) ) ;
#1811 = AXIS2_PLACEMENT_3D ( 'NONE', #248, #106, #1533 ) ;
#1812 = EDGE_LOOP ( 'NONE', ( #31, #1567, #849, #1505 ) ) ;
#1813 = CIRCLE ( 'NONE', #9, 9.999999999999982861E-05 ) ;
#1814 =( BOUNDED_SURFACE ( )  B_SPLINE_SURFACE ( 3, 3, ( 
 ( #222, #1507, #87, #1606 ),
 ( #905, #332, #343, #1337 ),
 ( #1215, #915, #1230, #503 ),
 ( #648, #1779, #1469, #1061 ) ),
 .UNSPECIFIED., .F., .F., .T. ) 
 B_SPLINE_SURFACE_WITH_KNOTS ( ( 4, 4 ),
 ( 4, 4 ),
 ( 0.0000000000000000000, 1.000000000000000000 ),
 ( 0.0000000000000000000, 1.000000000000000000 ),
 .UNSPECIFIED. ) 
 GEOMETRIC_REPRESENTATION_ITEM ( )  RATIONAL_B_SPLINE_SURFACE ( (
 ( 1.000000000000000000, 0.3333333333333354798, 0.3333333333333354798, 1.000000000000000000),
 ( 0.8025111867385952280, 0.2675037289128667783, 0.2675037289128667783, 0.8025111867385952280),
 ( 0.8025111867385952280, 0.2675037289128667783, 0.2675037289128667783, 0.8025111867385952280),
 ( 1.000000000000000000, 0.3333333333333354798, 0.3333333333333354798, 1.000000000000000000) ) ) 
 REPRESENTATION_ITEM ( '' )  SURFACE ( )  );
#1815 = ADVANCED_FACE ( '3:27863', ( #192 ), #1, .T. ) ;
#1816 = FACE_OUTER_BOUND ( 'NONE', #145, .T. ) ;
#1817 = ORIENTED_EDGE ( 'NONE', *, *, #1332, .F. ) ;
#1818 = DIRECTION ( 'NONE',  ( 1.000000000000000000, 0.0000000000000000000, 0.0000000000000000000 ) ) ;
#1819 = CIRCLE ( 'NONE', #1467, 0.0001000000000000000454 ) ;
#1820 = DIRECTION ( 'NONE',  ( 1.000000000000000000, 0.0000000000000000000, 0.0000000000000000000 ) ) ;
#1821 = ORIENTED_EDGE ( 'NONE', *, *, #853, .T. ) ;
#1822 = CIRCLE ( 'NONE', #1617, 0.0001000000000000000454 ) ;
#1823 = CARTESIAN_POINT ( 'NONE',  ( 0.001170000000000000033, 0.002949999999999999931, 9.999999999999980150E-05 ) ) ;
#1824 = VERTEX_POINT ( 'NONE', #1106 ) ;
#1825 =( NAMED_UNIT ( * ) SI_UNIT ( $, .STERADIAN. ) SOLID_ANGLE_UNIT ( ) );
#1826 =( BOUNDED_SURFACE ( )  B_SPLINE_SURFACE ( 3, 3, ( 
 ( #1003, #1558, #815, #549 ),
 ( #1539, #1382, #1373, #263 ),
 ( #1241, #116, #1401, #134 ),
 ( #700, #677, #1248, #1810 ) ),
 .UNSPECIFIED., .F., .F., .F. ) 
 B_SPLINE_SURFACE_WITH_KNOTS ( ( 4, 4 ),
 ( 4, 4 ),
 ( 0.0000000000000000000, 1.000000000000000000 ),
 ( 0.0000000000000000000, 1.000000000000000000 ),
 .UNSPECIFIED. ) 
 GEOMETRIC_REPRESENTATION_ITEM ( )  RATIONAL_B_SPLINE_SURFACE ( (
 ( 1.000000000000000000, 0.3333333333333334259, 0.3333333333333334259, 1.000000000000000000),
 ( 0.8025111867385952280, 0.2675037289128651685, 0.2675037289128651685, 0.8025111867385952280),
 ( 0.8025111867385952280, 0.2675037289128651685, 0.2675037289128651685, 0.8025111867385952280),
 ( 1.000000000000000000, 0.3333333333333334259, 0.3333333333333334259, 1.000000000000000000) ) ) 
 REPRESENTATION_ITEM ( '' )  SURFACE ( )  );
#1827 = ORIENTED_EDGE ( 'NONE', *, *, #1506, .T. ) ;
#1828 = FACE_OUTER_BOUND ( 'NONE', #1694, .T. ) ;
#1829 = CARTESIAN_POINT ( 'NONE',  ( -0.001270000000000000078, -0.009644834744105710775, 0.003594834744105710085 ) ) ;
#1830 = ADVANCED_FACE ( '3:41989', ( #537 ), #1329, .T. ) ;
#1831 = ORIENTED_EDGE ( 'NONE', *, *, #1773, .T. ) ;
#1832 = DIRECTION ( 'NONE',  ( 0.0000000000000000000, 0.0000000000000000000, 1.000000000000000000 ) ) ;
#1833 = ORIENTED_EDGE ( 'NONE', *, *, #752, .F. ) ;
#1834 = VERTEX_POINT ( 'NONE', #1658 ) ;
ENDSEC;
END-ISO-10303-21;
