ISO-10303-21;
HEADER;
FILE_DESCRIPTION (( 'STEP AP214' ),
    '1' );
FILE_NAME ('0F71EAF6-A601-4EAE-8126-FC8568C9DE97.STEP',
    '2025-12-24T10:53:56',
    ( '' ),
    ( '' ),
    'SwSTEP 2.0',
    'SolidWorks 2022',
    '' );
FILE_SCHEMA (( 'AUTOMOTIVE_DESIGN' ));
ENDSEC;

DATA;
#1 = DIRECTION ( 'NONE',  ( -1.000000000000000000, -0.0000000000000000000, -0.0000000000000000000 ) ) ;
#2 = CARTESIAN_POINT ( 'NONE',  ( 0.9539554917122207156, 0.2999482143251002153, 0.4811722206163611681 ) ) ;
#3 = DIRECTION ( 'NONE',  ( 9.637352644315598694E-16, -1.000000000000000000, 0.0000000000000000000 ) ) ;
#4 = ORIENTED_EDGE ( 'NONE', *, *, #2175, .T. ) ;
#5 = DIRECTION ( 'NONE',  ( 0.0000000000000000000, 0.0000000000000000000, -1.000000000000000000 ) ) ;
#6 = FACE_OUTER_BOUND ( 'NONE', #1915, .T. ) ;
#7 = CARTESIAN_POINT ( 'NONE',  ( -1.300000000000000266, 1.050000000000000044, 0.3399999999999999689 ) ) ;
#8 = VERTEX_POINT ( 'NONE', #566 ) ;
#9 = CARTESIAN_POINT ( 'NONE',  ( -0.8899999999999999023, -1.489999999999999991, 0.0000000000000000000 ) ) ;
#10 = ORIENTED_EDGE ( 'NONE', *, *, #3220, .F. ) ;
#11 = DIRECTION ( 'NONE',  ( 1.000000000000000000, 0.0000000000000000000, 0.0000000000000000000 ) ) ;
#12 = ORIENTED_EDGE ( 'NONE', *, *, #2577, .T. ) ;
#13 = CIRCLE ( 'NONE', #3534, 0.01000000000000002623 ) ;
#14 = DIRECTION ( 'NONE',  ( -0.0000000000000000000, -1.000000000000000000, -0.0000000000000000000 ) ) ;
#15 = CARTESIAN_POINT ( 'NONE',  ( -1.300000000000000044, -0.2926794919243110860, 0.1400000000000000133 ) ) ;
#16 = CARTESIAN_POINT ( 'NONE',  ( 0.9000000000000000222, 1.489999999999999991, -0.01000000000000000021 ) ) ;
#17 = EDGE_CURVE ( 'NONE', #687, #2780, #3614, .T. ) ;
#18 = AXIS2_PLACEMENT_3D ( 'NONE', #23, #1657, #1376 ) ;
#19 = VECTOR ( 'NONE', #1814, 1000.000000000000000 ) ;
#20 = ORIENTED_EDGE ( 'NONE', *, *, #609, .F. ) ;
#21 = CARTESIAN_POINT ( 'NONE',  ( -1.550000000000000266, 0.2899999999999999800, -0.01000000000000000021 ) ) ;
#22 = CARTESIAN_POINT ( 'NONE',  ( -1.310000000000000053, -0.3099999999999999423, 0.1300000000000000044 ) ) ;
#23 = CARTESIAN_POINT ( 'NONE',  ( 1.540000000000000036, 0.2899999999999999800, 0.4799999999999999822 ) ) ;
#24 = VERTEX_POINT ( 'NONE', #305 ) ;
#25 = EDGE_CURVE ( 'NONE', #3284, #1025, #1438, .T. ) ;
#26 = EDGE_CURVE ( 'NONE', #48, #515, #2732, .T. ) ;
#27 = AXIS2_PLACEMENT_3D ( 'NONE', #2234, #286, #3033 ) ;
#28 = DIRECTION ( 'NONE',  ( -1.000000000000000000, 0.0000000000000000000, 0.0000000000000000000 ) ) ;
#29 = EDGE_CURVE ( 'NONE', #24, #2056, #970, .T. ) ;
#30 = ORIENTED_EDGE ( 'NONE', *, *, #2252, .T. ) ;
#31 = ORIENTED_EDGE ( 'NONE', *, *, #2289, .F. ) ;
#32 = CARTESIAN_POINT ( 'NONE',  ( -0.9000000000000000222, 1.500000000000000000, -0.01000000000000000021 ) ) ;
#33 = ORIENTED_EDGE ( 'NONE', *, *, #2641, .F. ) ;
#34 = AXIS2_PLACEMENT_3D ( 'NONE', #1811, #1274, #127 ) ;
#35 = CIRCLE ( 'NONE', #3037, 0.01000000000000000021 ) ;
#36 = SURFACE_SIDE_STYLE ('',( #3431 ) ) ;
#37 = CARTESIAN_POINT ( 'NONE',  ( 0.9555849187231600927, -0.2947174786270074232, 0.4888875454923521380 ) ) ;
#38 = CARTESIAN_POINT ( 'NONE',  ( 0.9100000000000002531, 1.300000000000000266, 0.1400000000000000133 ) ) ;
#39 = EDGE_CURVE ( 'NONE', #291, #776, #624, .T. ) ;
#40 = EDGE_LOOP ( 'NONE', ( #3019, #2831, #3099, #2146 ) ) ;
#41 = DIRECTION ( 'NONE',  ( -0.0000000000000000000, 0.0000000000000000000, -1.000000000000000000 ) ) ;
#42 = CARTESIAN_POINT ( 'NONE',  ( 0.8900000000000003464, -1.050000000000000044, 0.1300000000000000044 ) ) ;
#43 = LINE ( 'NONE', #3168, #2426 ) ;
#44 = VERTEX_POINT ( 'NONE', #1697 ) ;
#45 = EDGE_CURVE ( 'NONE', #3350, #3393, #1621, .T. ) ;
#46 = EDGE_CURVE ( 'NONE', #2109, #168, #1563, .T. ) ;
#47 = ORIENTED_EDGE ( 'NONE', *, *, #1019, .T. ) ;
#48 = VERTEX_POINT ( 'NONE', #1928 ) ;
#49 = CYLINDRICAL_SURFACE ( 'NONE', #449, 0.2500000000000000000 ) ;
#50 = ORIENTED_EDGE ( 'NONE', *, *, #2195, .F. ) ;
#51 = DIRECTION ( 'NONE',  ( -0.0000000000000000000, 0.0000000000000000000, -1.000000000000000000 ) ) ;
#52 = CARTESIAN_POINT ( 'NONE',  ( -1.300000000000000266, 1.050000000000000044, 0.0000000000000000000 ) ) ;
#53 = DIRECTION ( 'NONE',  ( -1.000000000000000000, 0.0000000000000000000, 0.0000000000000000000 ) ) ;
#54 = ORIENTED_EDGE ( 'NONE', *, *, #1718, .T. ) ;
#55 = DIRECTION ( 'NONE',  ( -0.0000000000000000000, 1.000000000000000000, 0.0000000000000000000 ) ) ;
#56 = CARTESIAN_POINT ( 'NONE',  ( -1.290000000000000036, 1.050000000000000044, 0.3499999999999999778 ) ) ;
#57 = CYLINDRICAL_SURFACE ( 'NONE', #377, 0.01000000000000000021 ) ;
#58 = EDGE_LOOP ( 'NONE', ( #1064, #495, #31, #3303 ) ) ;
#59 = AXIS2_PLACEMENT_3D ( 'NONE', #193, #252, #1666 ) ;
#60 = CARTESIAN_POINT ( 'NONE',  ( 1.050000000000000044, -1.300000000000000266, 0.3499999999999999778 ) ) ;
#61 = EDGE_CURVE ( 'NONE', #402, #1192, #2668, .T. ) ;
#62 = CIRCLE ( 'NONE', #1777, 0.01000000000000002623 ) ;
#63 = ORIENTED_EDGE ( 'NONE', *, *, #1191, .F. ) ;
#64 = VERTEX_POINT ( 'NONE', #512 ) ;
#65 = DIRECTION ( 'NONE',  ( 0.0000000000000000000, 0.0000000000000000000, -1.000000000000000000 ) ) ;
#66 = EDGE_CURVE ( 'NONE', #368, #1466, #3613, .T. ) ;
#67 = EDGE_CURVE ( 'NONE', #309, #3129, #3428, .T. ) ;
#68 = ORIENTED_EDGE ( 'NONE', *, *, #1304, .T. ) ;
#69 = FILL_AREA_STYLE_COLOUR ( '', #2847 ) ;
#70 = CYLINDRICAL_SURFACE ( 'NONE', #2001, 0.01000000000000002623 ) ;
#71 = PLANE ( 'NONE',  #205 ) ;
#72 = AXIS2_PLACEMENT_3D ( 'NONE', #107, #3509, #2981 ) ;
#73 = ORIENTED_EDGE ( 'NONE', *, *, #46, .F. ) ;
#74 = DIRECTION ( 'NONE',  ( 1.000000000000000000, 0.0000000000000000000, 0.0000000000000000000 ) ) ;
#75 = DIRECTION ( 'NONE',  ( 1.000000000000000000, 2.065146995210484695E-16, -0.0000000000000000000 ) ) ;
#76 = CIRCLE ( 'NONE', #1379, 0.009999999999999998473 ) ;
#77 = DIRECTION ( 'NONE',  ( -1.000000000000000000, -1.032573497605242347E-16, 0.0000000000000000000 ) ) ;
#78 = AXIS2_PLACEMENT_3D ( 'NONE', #1615, #2106, #2731 ) ;
#79 = SURFACE_STYLE_FILL_AREA ( #2036 ) ;
#80 = DIRECTION ( 'NONE',  ( -1.000000000000000000, 0.0000000000000000000, 0.0000000000000000000 ) ) ;
#81 = ORIENTED_EDGE ( 'NONE', *, *, #3022, .F. ) ;
#82 = EDGE_CURVE ( 'NONE', #280, #2064, #2215, .T. ) ;
#83 = DIRECTION ( 'NONE',  ( 0.0000000000000000000, 0.0000000000000000000, -1.000000000000000000 ) ) ;
#84 = ORIENTED_EDGE ( 'NONE', *, *, #1648, .T. ) ;
#85 = DIRECTION ( 'NONE',  ( 1.000000000000000000, 0.0000000000000000000, 0.0000000000000000000 ) ) ;
#86 = CIRCLE ( 'NONE', #3259, 0.009999999999999998473 ) ;
#87 = VERTEX_POINT ( 'NONE', #1677 ) ;
#88 = EDGE_CURVE ( 'NONE', #384, #222, #2084, .T. ) ;
#89 = LINE ( 'NONE', #2044, #1845 ) ;
#90 = DIRECTION ( 'NONE',  ( 1.000000000000000000, 0.0000000000000000000, 0.0000000000000000000 ) ) ;
#91 = CARTESIAN_POINT ( 'NONE',  ( -1.050000000000000044, 1.300000000000000044, 0.3399999999999999689 ) ) ;
#92 = VECTOR ( 'NONE', #1003, 1000.000000000000000 ) ;
#93 = EDGE_CURVE ( 'NONE', #473, #687, #3106, .T. ) ;
#94 = ORIENTED_EDGE ( 'NONE', *, *, #1089, .F. ) ;
#95 = AXIS2_PLACEMENT_3D ( 'NONE', #2098, #704, #422 ) ;
#96 = LINE ( 'NONE', #884, #392 ) ;
#97 = FACE_OUTER_BOUND ( 'NONE', #3053, .T. ) ;
#98 = CARTESIAN_POINT ( 'NONE',  ( 0.0000000000000000000, 0.0000000000000000000, 0.3500000000000000333 ) ) ;
#99 = DIRECTION ( 'NONE',  ( -2.065146995210484695E-16, 1.000000000000000000, 0.0000000000000000000 ) ) ;
#100 = CYLINDRICAL_SURFACE ( 'NONE', #3305, 1.000000000000000000 ) ;
#101 = CIRCLE ( 'NONE', #804, 0.009999999999999998473 ) ;
#102 = ORIENTED_EDGE ( 'NONE', *, *, #1472, .T. ) ;
#103 = CARTESIAN_POINT ( 'NONE',  ( 0.0000000000000000000, 0.0000000000000000000, 0.3399999999999999689 ) ) ;
#104 = EDGE_LOOP ( 'NONE', ( #3533, #1813, #1138, #3637 ) ) ;
#105 = CARTESIAN_POINT ( 'NONE',  ( 0.8899999999999999023, -1.489999999999999991, 0.0000000000000000000 ) ) ;
#106 = VERTEX_POINT ( 'NONE', #3636 ) ;
#107 = CARTESIAN_POINT ( 'NONE',  ( -0.8899999999999999023, 1.489999999999999991, 0.1300000000000000044 ) ) ;
#108 = CARTESIAN_POINT ( 'NONE',  ( -1.310000000000000053, -0.2999999999999999889, 0.0000000000000000000 ) ) ;
#109 = CARTESIAN_POINT ( 'NONE',  ( -1.540000000000000036, -0.2999999999999999889, 0.0000000000000000000 ) ) ;
#110 = EDGE_CURVE ( 'NONE', #8, #1479, #86, .T. ) ;
#111 = ORIENTED_EDGE ( 'NONE', *, *, #3521, .T. ) ;
#112 = CARTESIAN_POINT ( 'NONE',  ( 1.300000000000000266, 1.050000000000000044, 0.3399999999999999689 ) ) ;
#113 = DIRECTION ( 'NONE',  ( 0.0000000000000000000, 0.0000000000000000000, 1.000000000000000000 ) ) ;
#114 = DIRECTION ( 'NONE',  ( 0.0000000000000000000, 0.0000000000000000000, 1.000000000000000000 ) ) ;
#115 = ADVANCED_FACE ( 'NONE', ( #1363 ), #2194, .T. ) ;
#116 = CARTESIAN_POINT ( 'NONE',  ( 0.4422938222762261562, -0.3077031807963576671, 0.0000000000000000000 ) ) ;
#117 = CYLINDRICAL_SURFACE ( 'NONE', #1271, 0.01000000000000002623 ) ;
#118 = LINE ( 'NONE', #429, #2599 ) ;
#119 = ORIENTED_EDGE ( 'NONE', *, *, #1598, .F. ) ;
#120 = FACE_OUTER_BOUND ( 'NONE', #2573, .T. ) ;
#121 = ORIENTED_EDGE ( 'NONE', *, *, #3199, .T. ) ;
#122 = CARTESIAN_POINT ( 'NONE',  ( 1.050000000000000044, -1.300000000000000266, 0.3499999999999999778 ) ) ;
#123 = VERTEX_POINT ( 'NONE', #340 ) ;
#124 = AXIS2_PLACEMENT_3D ( 'NONE', #1575, #408, #1878 ) ;
#125 = LINE ( 'NONE', #2699, #431 ) ;
#126 = CARTESIAN_POINT ( 'NONE',  ( 0.9000000000000000222, -1.489999999999999991, -0.01000000000000000021 ) ) ;
#127 = DIRECTION ( 'NONE',  ( -1.000000000000000000, 0.0000000000000000000, 0.0000000000000000000 ) ) ;
#128 = EDGE_LOOP ( 'NONE', ( #3174, #3276, #1350, #2441 ) ) ;
#129 = CARTESIAN_POINT ( 'NONE',  ( -0.9000000000000000222, -1.489999999999999991, 0.1300000000000000044 ) ) ;
#130 = ADVANCED_FACE ( 'NONE', ( #2053 ), #1798, .T. ) ;
#131 = LINE ( 'NONE', #3224, #1245 ) ;
#132 = FACE_OUTER_BOUND ( 'NONE', #2291, .T. ) ;
#133 = VECTOR ( 'NONE', #3249, 1000.000000000000000 ) ;
#134 = FACE_OUTER_BOUND ( 'NONE', #213, .T. ) ;
#135 = CARTESIAN_POINT ( 'NONE',  ( -1.302729764013859759, -0.3019419326724154251, -0.004060608182510522593 ) ) ;
#136 = AXIS2_PLACEMENT_3D ( 'NONE', #1580, #2692, #167 ) ;
#137 = VECTOR ( 'NONE', #3094, 1000.000000000000000 ) ;
#138 = ORIENTED_EDGE ( 'NONE', *, *, #2425, .F. ) ;
#139 = CARTESIAN_POINT ( 'NONE',  ( -1.000000000000000000, 0.0000000000000000000, 1.250000000000000000 ) ) ;
#140 =( NAMED_UNIT ( * ) SI_UNIT ( $, .STERADIAN. ) SOLID_ANGLE_UNIT ( ) );
#141 = COLOUR_RGB ( '',1.000000000000000000, 1.000000000000000000, 1.000000000000000000 ) ;
#142 = AXIS2_PLACEMENT_3D ( 'NONE', #1119, #3300, #1905 ) ;
#143 = CARTESIAN_POINT ( 'NONE',  ( 0.9000000000000000222, 1.500000000000000000, 0.1300000000000000044 ) ) ;
#144 = CARTESIAN_POINT ( 'NONE',  ( -1.300000000000000044, -0.3098508915871230340, 0.1301490340008871482 ) ) ;
#145 = DIRECTION ( 'NONE',  ( 0.0000000000000000000, 0.0000000000000000000, 1.000000000000000000 ) ) ;
#146 = SURFACE_SIDE_STYLE ('',( #999 ) ) ;
#147 =( NAMED_UNIT ( * ) PLANE_ANGLE_UNIT ( ) SI_UNIT ( $, .RADIAN. ) );
#148 = DIRECTION ( 'NONE',  ( -1.000000000000000000, 1.224646799147355426E-16, 0.0000000000000000000 ) ) ;
#149 = AXIS2_PLACEMENT_3D ( 'NONE', #1263, #2120, #2105 ) ;
#150 = DIRECTION ( 'NONE',  ( 0.0000000000000000000, 0.0000000000000000000, 1.000000000000000000 ) ) ;
#151 = DIRECTION ( 'NONE',  ( 0.0000000000000000000, -1.000000000000000000, 0.0000000000000000000 ) ) ;
#152 = TOROIDAL_SURFACE ( 'NONE', #1751, 0.8599999999999999867, 0.01000000000000000021 ) ;
#153 = EDGE_CURVE ( 'NONE', #3268, #2734, #890, .T. ) ;
#154 = SPHERICAL_SURFACE ( 'NONE', #988, 0.01000000000000000021 ) ;
#155 = CARTESIAN_POINT ( 'NONE',  ( -0.8899999999999999023, -1.489999999999999991, 0.0000000000000000000 ) ) ;
#156 = AXIS2_PLACEMENT_3D ( 'NONE', #661, #1768, #1488 ) ;
#157 = ORIENTED_EDGE ( 'NONE', *, *, #502, .F. ) ;
#158 = ADVANCED_FACE ( 'NONE', ( #1189 ), #2564, .F. ) ;
#159 = LINE ( 'NONE', #3522, #133 ) ;
#160 = FACE_OUTER_BOUND ( 'NONE', #2753, .T. ) ;
#161 = CARTESIAN_POINT ( 'NONE',  ( -1.550000000000000266, -0.2899999999999999245, -0.01000000000000000021 ) ) ;
#162 = ORIENTED_EDGE ( 'NONE', *, *, #795, .F. ) ;
#163 =( LENGTH_UNIT ( ) NAMED_UNIT ( * ) SI_UNIT ( .MILLI., .METRE. ) );
#164 =( LENGTH_UNIT ( ) NAMED_UNIT ( * ) SI_UNIT ( .MILLI., .METRE. ) );
#165 = DIRECTION ( 'NONE',  ( 0.0000000000000000000, 0.0000000000000000000, -1.000000000000000000 ) ) ;
#166 = CARTESIAN_POINT ( 'NONE',  ( -0.8899999999999999023, -1.500000000000000000, 0.1300000000000000044 ) ) ;
#167 = DIRECTION ( 'NONE',  ( -1.000000000000000000, 0.0000000000000000000, 0.0000000000000000000 ) ) ;
#168 = VERTEX_POINT ( 'NONE', #1780 ) ;
#169 = EDGE_CURVE ( 'NONE', #168, #2109, #3140, .T. ) ;
#170 = DIRECTION ( 'NONE',  ( -0.7071067811865474617, 0.0000000000000000000, -0.7071067811865475727 ) ) ;
#171 = CIRCLE ( 'NONE', #59, 0.01000000000000002623 ) ;
#172 = EDGE_LOOP ( 'NONE', ( #1901, #1783, #1009, #2933, #1090, #971 ) ) ;
#173 = CARTESIAN_POINT ( 'NONE',  ( 1.540000000000000036, 0.2899999999999999245, 0.4799999999999999822 ) ) ;
#174 = ADVANCED_FACE ( 'NONE', ( #2017 ), #2578, .F. ) ;
#175 = CARTESIAN_POINT ( 'NONE',  ( -1.300000000000000044, -0.3019026382112036666, 0.1371190200713615359 ) ) ;
#176 = EDGE_CURVE ( 'NONE', #3085, #2109, #1506, .T. ) ;
#177 = FACE_OUTER_BOUND ( 'NONE', #2337, .T. ) ;
#178 = VERTEX_POINT ( 'NONE', #644 ) ;
#179 = MECHANICAL_DESIGN_GEOMETRIC_PRESENTATION_REPRESENTATION (  '', ( #2176 ), #768 ) ;
#180 = ADVANCED_FACE ( 'NONE', ( #3515 ), #117, .T. ) ;
#181 = CARTESIAN_POINT ( 'NONE',  ( -1.301011537385701633, -0.2962636696941601810, -0.009335613036431371359 ) ) ;
#182 = DIRECTION ( 'NONE',  ( -1.000000000000000000, 0.0000000000000000000, -0.0000000000000000000 ) ) ;
#183 = CARTESIAN_POINT ( 'NONE',  ( 0.4491064244001662931, -0.2976794919243110904, 0.0000000000000000000 ) ) ;
#184 = DIRECTION ( 'NONE',  ( 1.000000000000000000, 0.0000000000000000000, 0.0000000000000000000 ) ) ;
#185 = DIRECTION ( 'NONE',  ( -1.000000000000000000, 0.0000000000000000000, 0.0000000000000000000 ) ) ;
#186 = ORIENTED_EDGE ( 'NONE', *, *, #2226, .T. ) ;
#187 = DIRECTION ( 'NONE',  ( 0.0000000000000000000, 1.000000000000000000, 0.0000000000000000000 ) ) ;
#188 = EDGE_LOOP ( 'NONE', ( #660, #2259, #2993 ) ) ;
#189 = EDGE_CURVE ( 'NONE', #321, #349, #2553, .T. ) ;
#190 = AXIS2_PLACEMENT_3D ( 'NONE', #2247, #3373, #3102 ) ;
#191 = ORIENTED_EDGE ( 'NONE', *, *, #1241, .F. ) ;
#192 = LINE ( 'NONE', #1324, #2718 ) ;
#193 = CARTESIAN_POINT ( 'NONE',  ( -0.8900000000000001243, -1.300000000000000266, 0.1300000000000000044 ) ) ;
#194 = ORIENTED_EDGE ( 'NONE', *, *, #2839, .F. ) ;
#195 = APPLICATION_CONTEXT ( 'automotive_design' ) ;
#196 = EDGE_CURVE ( 'NONE', #2859, #2729, #2937, .T. ) ;
#197 = CARTESIAN_POINT ( 'NONE',  ( 0.8894003300729653727, 0.2999999999999999889, 0.3399999999999999689 ) ) ;
#198 = CARTESIAN_POINT ( 'NONE',  ( 0.9539392014169457701, 0.3000000000000027645, 0.4805848909611931674 ) ) ;
#199 = CARTESIAN_POINT ( 'NONE',  ( -1.550000000000000266, 0.2899999999999999800, -0.01000000000000000021 ) ) ;
#200 = ADVANCED_FACE ( 'NONE', ( #724 ), #3498, .T. ) ;
#201 = ORIENTED_EDGE ( 'NONE', *, *, #1700, .T. ) ;
#202 = VECTOR ( 'NONE', #2409, 1000.000000000000000 ) ;
#203 = LINE ( 'NONE', #1638, #2436 ) ;
#204 = CARTESIAN_POINT ( 'NONE',  ( -1.539999999999999591, 0.2899999999999999800, -0.01000000000000000021 ) ) ;
#205 = AXIS2_PLACEMENT_3D ( 'NONE', #2537, #2029, #348 ) ;
#206 = AXIS2_PLACEMENT_3D ( 'NONE', #2228, #1133, #3297 ) ;
#207 = ORIENTED_EDGE ( 'NONE', *, *, #2094, .F. ) ;
#208 = STYLED_ITEM ( 'NONE', ( #3380 ), #2495 ) ;
#209 = AXIS2_PLACEMENT_3D ( 'NONE', #1827, #2101, #3545 ) ;
#210 = ORIENTED_EDGE ( 'NONE', *, *, #265, .F. ) ;
#211 = CARTESIAN_POINT ( 'NONE',  ( 0.9000000000000003553, -1.050000000000000044, -0.01000000000000000021 ) ) ;
#212 = ORIENTED_EDGE ( 'NONE', *, *, #2801, .T. ) ;
#213 = EDGE_LOOP ( 'NONE', ( #3525, #934, #1190, #2453 ) ) ;
#214 = DIRECTION ( 'NONE',  ( 0.0000000000000000000, 0.0000000000000000000, -1.000000000000000000 ) ) ;
#215 =( NAMED_UNIT ( * ) SI_UNIT ( $, .STERADIAN. ) SOLID_ANGLE_UNIT ( ) );
#216 = CYLINDRICAL_SURFACE ( 'NONE', #3500, 0.2500000000000000000 ) ;
#217 = ORIENTED_EDGE ( 'NONE', *, *, #965, .T. ) ;
#218 = CARTESIAN_POINT ( 'NONE',  ( 0.0000000000000000000, -1.489999999999999991, 0.1400000000000000133 ) ) ;
#219 = CARTESIAN_POINT ( 'NONE',  ( 0.8900000000000013456, -8.577243853440896505E-16, 0.0000000000000000000 ) ) ;
#220 = DIRECTION ( 'NONE',  ( -1.000000000000000000, 0.0000000000000000000, 0.0000000000000000000 ) ) ;
#221 = ADVANCED_FACE ( 'NONE', ( #134 ), #1916, .T. ) ;
#222 = VERTEX_POINT ( 'NONE', #3530 ) ;
#223 = DIRECTION ( 'NONE',  ( -0.0000000000000000000, -0.0000000000000000000, -1.000000000000000000 ) ) ;
#224 = PLANE ( 'NONE',  #1130 ) ;
#225 = DIRECTION ( 'NONE',  ( 0.8137334712067356701, 9.965360908723937382E-17, -0.5812381937190955750 ) ) ;
#226 = EDGE_CURVE ( 'NONE', #2713, #343, #1748, .T. ) ;
#227 =( BOUNDED_CURVE ( )  B_SPLINE_CURVE ( 3, ( #3229, #1511, #1230, #2940 ),
 .UNSPECIFIED., .F., .F. ) 
 B_SPLINE_CURVE_WITH_KNOTS ( ( 4, 4 ),
 ( 1.570796326794896558, 3.141592653589793116 ),
 .UNSPECIFIED. ) 
 CURVE ( )  GEOMETRIC_REPRESENTATION_ITEM ( )  RATIONAL_B_SPLINE_CURVE ( ( 1.000000000000000000, 0.8047378541243649375, 0.8047378541243649375, 1.000000000000000000 ) ) 
 REPRESENTATION_ITEM ( '' )  );
#228 = DIRECTION ( 'NONE',  ( 0.0000000000000000000, -5.421010862427522959E-15, 1.000000000000000000 ) ) ;
#229 = CARTESIAN_POINT ( 'NONE',  ( -0.9970710678118654968, 0.0000000000000000000, 1.182928932188134441 ) ) ;
#230 = EDGE_LOOP ( 'NONE', ( #1835, #3640, #2543, #432 ) ) ;
#231 = VERTEX_POINT ( 'NONE', #2351 ) ;
#232 = FACE_OUTER_BOUND ( 'NONE', #1672, .T. ) ;
#233 = CIRCLE ( 'NONE', #2999, 0.2600000000000000089 ) ;
#234 = PRESENTATION_STYLE_ASSIGNMENT (( #2164 ) ) ;
#235 = ORIENTED_EDGE ( 'NONE', *, *, #496, .F. ) ;
#236 = CARTESIAN_POINT ( 'NONE',  ( 1.300000000000000266, -1.050000000000000044, 0.3499999999999999778 ) ) ;
#237 = CARTESIAN_POINT ( 'NONE',  ( 0.9543476167891953299, 0.2986982194986342876, 0.4849336577276481264 ) ) ;
#238 = DIRECTION ( 'NONE',  ( 0.0000000000000000000, 0.0000000000000000000, 1.000000000000000000 ) ) ;
#239 =( GEOMETRIC_REPRESENTATION_CONTEXT ( 3 ) GLOBAL_UNCERTAINTY_ASSIGNED_CONTEXT ( ( #1935 ) ) GLOBAL_UNIT_ASSIGNED_CONTEXT ( ( #3101, #1097, #2829 ) ) REPRESENTATION_CONTEXT ( 'NONE', 'WORKASPACE' ) );
#240 = EDGE_CURVE ( 'NONE', #1950, #321, #708, .T. ) ;
#241 = VERTEX_POINT ( 'NONE', #2154 ) ;
#242 = DIRECTION ( 'NONE',  ( 1.000000000000000000, 0.0000000000000000000, 0.0000000000000000000 ) ) ;
#243 = CARTESIAN_POINT ( 'NONE',  ( 0.8899999999999999023, 1.500000000000000000, 0.1300000000000000044 ) ) ;
#244 = LINE ( 'NONE', #263, #1440 ) ;
#245 = EDGE_CURVE ( 'NONE', #2011, #990, #2263, .T. ) ;
#246 = DIRECTION ( 'NONE',  ( -1.000000000000000000, 0.0000000000000000000, 0.0000000000000000000 ) ) ;
#247 = FACE_OUTER_BOUND ( 'NONE', #3112, .T. ) ;
#248 = EDGE_CURVE ( 'NONE', #1961, #1717, #626, .T. ) ;
#249 = ORIENTED_EDGE ( 'NONE', *, *, #245, .F. ) ;
#250 = AXIS2_PLACEMENT_3D ( 'NONE', #532, #2719, #550 ) ;
#251 = CARTESIAN_POINT ( 'NONE',  ( 0.0000000000000000000, 0.0000000000000000000, 0.1400000000000000133 ) ) ;
#252 = DIRECTION ( 'NONE',  ( -1.032573497605242717E-16, 1.000000000000000000, 0.0000000000000000000 ) ) ;
#253 = ORIENTED_EDGE ( 'NONE', *, *, #3355, .F. ) ;
#254 = AXIS2_PLACEMENT_3D ( 'NONE', #3278, #759, #1882 ) ;
#255 = AXIS2_PLACEMENT_3D ( 'NONE', #403, #3489, #702 ) ;
#256 = LINE ( 'NONE', #1608, #2745 ) ;
#257 = CARTESIAN_POINT ( 'NONE',  ( -0.8899999999999999023, 1.489999999999999991, 0.1300000000000000044 ) ) ;
#258 = CARTESIAN_POINT ( 'NONE',  ( 0.0000000000000000000, 0.0000000000000000000, 1.247071067811865497 ) ) ;
#259 = AXIS2_PLACEMENT_3D ( 'NONE', #3528, #3257, #738 ) ;
#260 = EDGE_LOOP ( 'NONE', ( #959, #1775, #2527, #875 ) ) ;
#261 = CARTESIAN_POINT ( 'NONE',  ( 0.2600000000000000089, 3.184081677783118684E-17, 0.3500000000000000333 ) ) ;
#262 = CARTESIAN_POINT ( 'NONE',  ( -1.540000000000000036, 0.2899999999999999800, 0.1300000000000000044 ) ) ;
#263 = CARTESIAN_POINT ( 'NONE',  ( 1.050000000000000044, -1.300000000000000266, 0.3399999999999999689 ) ) ;
#264 = AXIS2_PLACEMENT_3D ( 'NONE', #9, #3054, #1661 ) ;
#265 = EDGE_CURVE ( 'NONE', #321, #588, #1095, .T. ) ;
#266 = STYLED_ITEM ( 'NONE', ( #2850 ), #174 ) ;
#267 = CARTESIAN_POINT ( 'NONE',  ( 0.0000000000000000000, 0.0000000000000000000, 0.6970088442408507445 ) ) ;
#268 = AXIS2_PLACEMENT_3D ( 'NONE', #2466, #223, #2487 ) ;
#269 = ORIENTED_EDGE ( 'NONE', *, *, #406, .T. ) ;
#270 = CARTESIAN_POINT ( 'NONE',  ( -0.8900000000000001243, -1.300000000000000266, 0.1400000000000000133 ) ) ;
#271 = ORIENTED_EDGE ( 'NONE', *, *, #1629, .F. ) ;
#272 = CYLINDRICAL_SURFACE ( 'NONE', #1275, 0.01000000000000002623 ) ;
#273 = ORIENTED_EDGE ( 'NONE', *, *, #1416, .F. ) ;
#274 = MECHANICAL_DESIGN_GEOMETRIC_PRESENTATION_REPRESENTATION (  '', ( #3561 ), #1220 ) ;
#275 = UNCERTAINTY_MEASURE_WITH_UNIT (LENGTH_MEASURE( 1.000000000000000082E-05 ), #675, 'distance_accuracy_value', 'NONE');
#276 = AXIS2_PLACEMENT_3D ( 'NONE', #1662, #1320, #187 ) ;
#277 = CARTESIAN_POINT ( 'NONE',  ( -0.9000000000000002442, 1.310000000000000053, 0.1300000000000000044 ) ) ;
#278 = DIRECTION ( 'NONE',  ( 1.000000000000000000, 0.0000000000000000000, 0.0000000000000000000 ) ) ;
#279 = DIRECTION ( 'NONE',  ( 1.000000000000000000, 0.0000000000000000000, 0.0000000000000000000 ) ) ;
#280 = VERTEX_POINT ( 'NONE', #1865 ) ;
#281 = CARTESIAN_POINT ( 'NONE',  ( 1.540000000000000036, 0.2899999999999999800, 0.4799999999999999822 ) ) ;
#282 = DIRECTION ( 'NONE',  ( -1.000000000000000000, 0.0000000000000000000, 0.0000000000000000000 ) ) ;
#283 = CARTESIAN_POINT ( 'NONE',  ( -1.050000000000000044, 1.300000000000000044, 0.0000000000000000000 ) ) ;
#284 = EDGE_LOOP ( 'NONE', ( #2519, #2301, #2275 ) ) ;
#285 = VERTEX_POINT ( 'NONE', #2373 ) ;
#286 = DIRECTION ( 'NONE',  ( 0.0000000000000000000, 0.0000000000000000000, 1.000000000000000000 ) ) ;
#287 = ORIENTED_EDGE ( 'NONE', *, *, #292, .F. ) ;
#288 = EDGE_CURVE ( 'NONE', #3350, #3086, #3434, .T. ) ;
#289 = DIRECTION ( 'NONE',  ( -1.000000000000000000, 0.0000000000000000000, -0.0000000000000000000 ) ) ;
#290 = FILL_AREA_STYLE ('',( #2854 ) ) ;
#291 = VERTEX_POINT ( 'NONE', #1022 ) ;
#292 = EDGE_CURVE ( 'NONE', #1343, #2157, #2318, .T. ) ;
#293 = VECTOR ( 'NONE', #3127, 1000.000000000000000 ) ;
#294 = DIRECTION ( 'NONE',  ( 0.0000000000000000000, 1.000000000000000000, 0.0000000000000000000 ) ) ;
#295 = DIRECTION ( 'NONE',  ( 0.0000000000000000000, 1.000000000000000000, 0.0000000000000000000 ) ) ;
#296 = CARTESIAN_POINT ( 'NONE',  ( 0.0000000000000000000, 0.0000000000000000000, 1.000000000000000000 ) ) ;
#297 = EDGE_CURVE ( 'NONE', #588, #1876, #1614, .T. ) ;
#298 = EDGE_LOOP ( 'NONE', ( #1571, #1923, #592, #2849 ) ) ;
#299 = CARTESIAN_POINT ( 'NONE',  ( -1.540000000000000036, -0.2999999999999999889, -0.01000000000000000021 ) ) ;
#300 = DIRECTION ( 'NONE',  ( 0.0000000000000000000, 0.0000000000000000000, 1.000000000000000000 ) ) ;
#301 = AXIS2_PLACEMENT_3D ( 'NONE', #3421, #2332, #2268 ) ;
#302 = LINE ( 'NONE', #2192, #671 ) ;
#303 = ORIENTED_EDGE ( 'NONE', *, *, #2794, .T. ) ;
#304 = TOROIDAL_SURFACE ( 'NONE', #480, 0.02000000000000000042, 0.01000000000000000021 ) ;
#305 = CARTESIAN_POINT ( 'NONE',  ( -0.9958123819371911267, 1.219518446090682714E-16, 0.6970088442408507445 ) ) ;
#306 = VERTEX_POINT ( 'NONE', #693 ) ;
#307 = ORIENTED_EDGE ( 'NONE', *, *, #901, .T. ) ;
#308 = DIRECTION ( 'NONE',  ( -0.0000000000000000000, 0.0000000000000000000, -1.000000000000000000 ) ) ;
#309 = VERTEX_POINT ( 'NONE', #2670 ) ;
#310 = EDGE_CURVE ( 'NONE', #1403, #907, #1281, .T. ) ;
#311 = VECTOR ( 'NONE', #2070, 1000.000000000000000 ) ;
#312 =( NAMED_UNIT ( * ) SI_UNIT ( $, .STERADIAN. ) SOLID_ANGLE_UNIT ( ) );
#313 = DIRECTION ( 'NONE',  ( 0.0000000000000000000, 0.0000000000000000000, 1.000000000000000000 ) ) ;
#314 = CARTESIAN_POINT ( 'NONE',  ( 0.9100000000000002531, 1.310000000000000275, -0.01000000000000000021 ) ) ;
#315 = ADVANCED_FACE ( 'NONE', ( #2711 ), #567, .T. ) ;
#316 = CIRCLE ( 'NONE', #3200, 0.9299999999999998268 ) ;
#317 = ORIENTED_EDGE ( 'NONE', *, *, #1724, .T. ) ;
#318 = CARTESIAN_POINT ( 'NONE',  ( -0.8599999999999999867, 1.053196247266723768E-16, 1.250000000000000000 ) ) ;
#319 = DIRECTION ( 'NONE',  ( 0.0000000000000000000, 0.0000000000000000000, -1.000000000000000000 ) ) ;
#320 = CARTESIAN_POINT ( 'NONE',  ( -0.2500000000000000000, 0.0000000000000000000, 1.000000000000000000 ) ) ;
#321 = VERTEX_POINT ( 'NONE', #166 ) ;
#322 = AXIS2_PLACEMENT_3D ( 'NONE', #2805, #1653, #238 ) ;
#323 = COLOUR_RGB ( '',1.000000000000000000, 1.000000000000000000, 1.000000000000000000 ) ;
#324 = ORIENTED_EDGE ( 'NONE', *, *, #3435, .F. ) ;
#325 = ORIENTED_EDGE ( 'NONE', *, *, #2557, .F. ) ;
#326 =( NAMED_UNIT ( * ) PLANE_ANGLE_UNIT ( ) SI_UNIT ( $, .RADIAN. ) );
#327 = VERTEX_POINT ( 'NONE', #466 ) ;
#328 = CIRCLE ( 'NONE', #3208, 0.2500000000000000000 ) ;
#329 = VECTOR ( 'NONE', #2844, 1000.000000000000000 ) ;
#330 = FACE_BOUND ( 'NONE', #2359, .T. ) ;
#331 = CARTESIAN_POINT ( 'NONE',  ( 0.0000000000000000000, 0.0000000000000000000, 0.3499999999999999778 ) ) ;
#332 = CYLINDRICAL_SURFACE ( 'NONE', #1570, 0.01000000000000002623 ) ;
#333 = AXIS2_PLACEMENT_3D ( 'NONE', #3238, #2346, #2948 ) ;
#334 = EDGE_LOOP ( 'NONE', ( #2161, #382, #2018, #317 ) ) ;
#335 = ADVANCED_FACE ( 'NONE', ( #1594 ), #1057, .T. ) ;
#336 = DIRECTION ( 'NONE',  ( -1.000000000000000000, 0.0000000000000000000, 0.0000000000000000000 ) ) ;
#337 = DIRECTION ( 'NONE',  ( -1.000000000000000000, 0.0000000000000000000, 0.0000000000000000000 ) ) ;
#338 = ORIENTED_EDGE ( 'NONE', *, *, #1679, .F. ) ;
#339 = EDGE_LOOP ( 'NONE', ( #903, #842, #2761, #201 ) ) ;
#340 = CARTESIAN_POINT ( 'NONE',  ( -1.049999999999999600, -1.300000000000000044, 0.3399999999999999689 ) ) ;
#341 = EDGE_CURVE ( 'NONE', #1597, #327, #507, .T. ) ;
#342 = ORIENTED_EDGE ( 'NONE', *, *, #877, .T. ) ;
#343 = VERTEX_POINT ( 'NONE', #1902 ) ;
#344 = DIRECTION ( 'NONE',  ( 0.0000000000000000000, 0.0000000000000000000, 1.000000000000000000 ) ) ;
#345 = ORIENTED_EDGE ( 'NONE', *, *, #2816, .F. ) ;
#346 = DIRECTION ( 'NONE',  ( -0.0000000000000000000, -0.0000000000000000000, -1.000000000000000000 ) ) ;
#347 = PLANE ( 'NONE',  #593 ) ;
#348 = DIRECTION ( 'NONE',  ( 0.0000000000000000000, -0.0000000000000000000, 1.000000000000000000 ) ) ;
#349 = VERTEX_POINT ( 'NONE', #1955 ) ;
#350 = CARTESIAN_POINT ( 'NONE',  ( 0.8894003300729653727, 0.2999999999999999889, 0.4799999999999999822 ) ) ;
#351 = CARTESIAN_POINT ( 'NONE',  ( 1.300000000000000266, 1.050000000000000044, 0.3499999999999999778 ) ) ;
#352 = FACE_OUTER_BOUND ( 'NONE', #2879, .T. ) ;
#353 = AXIS2_PLACEMENT_3D ( 'NONE', #3402, #936, #2876 ) ;
#354 = ADVANCED_FACE ( 'NONE', ( #1357 ), #1079, .F. ) ;
#355 = DIRECTION ( 'NONE',  ( -1.000000000000000000, -1.032573497605242347E-16, 0.0000000000000000000 ) ) ;
#356 = CARTESIAN_POINT ( 'NONE',  ( -1.300000000000000266, 1.050000000000000044, 0.3499999999999999778 ) ) ;
#357 = VECTOR ( 'NONE', #1996, 1000.000000000000000 ) ;
#358 = ADVANCED_FACE ( 'NONE', ( #2212 ), #1921, .F. ) ;
#359 = ORIENTED_EDGE ( 'NONE', *, *, #1197, .F. ) ;
#360 = LINE ( 'NONE', #2041, #810 ) ;
#361 = VERTEX_POINT ( 'NONE', #1420 ) ;
#362 = FACE_OUTER_BOUND ( 'NONE', #2821, .T. ) ;
#363 = ORIENTED_EDGE ( 'NONE', *, *, #1221, .F. ) ;
#364 = EDGE_CURVE ( 'NONE', #1732, #1590, #2978, .T. ) ;
#365 = CARTESIAN_POINT ( 'NONE',  ( 0.9000000000000002442, 1.310000000000000053, 0.1400000000000000133 ) ) ;
#366 = CARTESIAN_POINT ( 'NONE',  ( -1.540000000000000036, -0.2999999999999999889, 0.0000000000000000000 ) ) ;
#367 = CARTESIAN_POINT ( 'NONE',  ( 0.4499999999999999001, 0.2999999999999999889, -0.01000000000000000021 ) ) ;
#368 = VERTEX_POINT ( 'NONE', #261 ) ;
#369 = DIRECTION ( 'NONE',  ( -1.000000000000000000, 0.0000000000000000000, 0.0000000000000000000 ) ) ;
#370 = CARTESIAN_POINT ( 'NONE',  ( 0.0000000000000000000, 0.0000000000000000000, 1.000000000000000000 ) ) ;
#371 = CIRCLE ( 'NONE', #2133, 0.01000000000000002623 ) ;
#372 = STYLED_ITEM ( 'NONE', ( #2279 ), #860 ) ;
#373 = CARTESIAN_POINT ( 'NONE',  ( -1.050000000000000044, -1.050000000000000044, 0.3399999999999999689 ) ) ;
#374 = AXIS2_PLACEMENT_3D ( 'NONE', #1528, #1208, #1966 ) ;
#375 = AXIS2_PLACEMENT_3D ( 'NONE', #1808, #715, #2399 ) ;
#376 = DIRECTION ( 'NONE',  ( 1.000000000000000000, 0.0000000000000000000, 0.0000000000000000000 ) ) ;
#377 = AXIS2_PLACEMENT_3D ( 'NONE', #1727, #1187, #2014 ) ;
#378 = COLOUR_RGB ( '',1.000000000000000000, 1.000000000000000000, 1.000000000000000000 ) ;
#379 = ORIENTED_EDGE ( 'NONE', *, *, #245, .T. ) ;
#380 = FACE_OUTER_BOUND ( 'NONE', #2075, .T. ) ;
#381 = EDGE_CURVE ( 'NONE', #3414, #1308, #2244, .T. ) ;
#382 = ORIENTED_EDGE ( 'NONE', *, *, #3371, .T. ) ;
#383 = DIRECTION ( 'NONE',  ( 9.637352644315598694E-16, 1.000000000000000000, 0.0000000000000000000 ) ) ;
#384 = VERTEX_POINT ( 'NONE', #1401 ) ;
#385 = FACE_OUTER_BOUND ( 'NONE', #2024, .T. ) ;
#386 = EDGE_CURVE ( 'NONE', #1289, #1471, #818, .T. ) ;
#387 = DIRECTION ( 'NONE',  ( -1.000000000000000000, 0.0000000000000000000, 0.0000000000000000000 ) ) ;
#388 = CIRCLE ( 'NONE', #1750, 0.01000000000000002623 ) ;
#389 = VECTOR ( 'NONE', #2788, 1000.000000000000000 ) ;
#390 = ORIENTED_EDGE ( 'NONE', *, *, #2129, .T. ) ;
#391 = AXIS2_PLACEMENT_3D ( 'NONE', #3182, #2857, #667 ) ;
#392 = VECTOR ( 'NONE', #55, 1000.000000000000000 ) ;
#393 = DIRECTION ( 'NONE',  ( 0.0000000000000000000, 0.0000000000000000000, -1.000000000000000000 ) ) ;
#394 = DIRECTION ( 'NONE',  ( 0.0000000000000000000, 0.0000000000000000000, 1.000000000000000000 ) ) ;
#395 =( LENGTH_UNIT ( ) NAMED_UNIT ( * ) SI_UNIT ( .MILLI., .METRE. ) );
#396 =( NAMED_UNIT ( * ) SI_UNIT ( $, .STERADIAN. ) SOLID_ANGLE_UNIT ( ) );
#397 = DIRECTION ( 'NONE',  ( -1.000000000000000000, 0.0000000000000000000, 0.0000000000000000000 ) ) ;
#398 = EDGE_LOOP ( 'NONE', ( #2925, #390, #2375, #2035 ) ) ;
#399 = FACE_OUTER_BOUND ( 'NONE', #3419, .T. ) ;
#400 = ORIENTED_EDGE ( 'NONE', *, *, #3454, .F. ) ;
#401 = CARTESIAN_POINT ( 'NONE',  ( 0.4399999999999998357, -0.3099999999999999423, 0.0000000000000000000 ) ) ;
#402 = VERTEX_POINT ( 'NONE', #2754 ) ;
#403 = CARTESIAN_POINT ( 'NONE',  ( -0.8899999999999999023, 1.489999999999999991, 0.1300000000000000044 ) ) ;
#404 = CARTESIAN_POINT ( 'NONE',  ( -1.300000000000000044, -0.3077031807963545029, 0.1322938222762231886 ) ) ;
#405 = FACE_OUTER_BOUND ( 'NONE', #2546, .T. ) ;
#406 = EDGE_CURVE ( 'NONE', #368, #384, #801, .T. ) ;
#407 = VERTEX_POINT ( 'NONE', #3591 ) ;
#408 = DIRECTION ( 'NONE',  ( -0.0000000000000000000, -1.000000000000000000, -0.0000000000000000000 ) ) ;
#409 = CARTESIAN_POINT ( 'NONE',  ( 0.0000000000000000000, 0.0000000000000000000, 0.1400000000000000133 ) ) ;
#410 = EDGE_CURVE ( 'NONE', #2109, #2056, #3351, .T. ) ;
#411 = CARTESIAN_POINT ( 'NONE',  ( 0.4402981426982218727, -0.3097018577960349850, 0.0000000000000000000 ) ) ;
#412 = DIRECTION ( 'NONE',  ( -1.000000000000000000, 0.0000000000000000000, -0.0000000000000000000 ) ) ;
#413 = CARTESIAN_POINT ( 'NONE',  ( 0.0000000000000000000, 0.0000000000000000000, 0.3600000000000000977 ) ) ;
#414 = AXIS2_PLACEMENT_3D ( 'NONE', #751, #770, #1891 ) ;
#415 = ORIENTED_EDGE ( 'NONE', *, *, #946, .F. ) ;
#416 = DIRECTION ( 'NONE',  ( 1.000000000000000000, 0.0000000000000000000, 0.0000000000000000000 ) ) ;
#417 = MECHANICAL_DESIGN_GEOMETRIC_PRESENTATION_REPRESENTATION (  '', ( #886 ), #239 ) ;
#418 = DIRECTION ( 'NONE',  ( 0.0000000000000000000, 1.000000000000000000, 0.0000000000000000000 ) ) ;
#419 = ORIENTED_EDGE ( 'NONE', *, *, #1378, .T. ) ;
#420 = CARTESIAN_POINT ( 'NONE',  ( -0.9000000000000003553, 1.040000000000000036, 0.0000000000000000000 ) ) ;
#421 = DIRECTION ( 'NONE',  ( -0.0000000000000000000, -0.0000000000000000000, -1.000000000000000000 ) ) ;
#422 = DIRECTION ( 'NONE',  ( 0.0000000000000000000, -2.168404344971009184E-14, -1.000000000000000000 ) ) ;
#423 = CARTESIAN_POINT ( 'NONE',  ( 0.4399999999999998357, -0.3099999999999999423, -0.01000000000000000021 ) ) ;
#424 =( NAMED_UNIT ( * ) SI_UNIT ( $, .STERADIAN. ) SOLID_ANGLE_UNIT ( ) );
#425 = EDGE_CURVE ( 'NONE', #178, #2548, #35, .T. ) ;
#426 = CIRCLE ( 'NONE', #895, 0.2500000000000002220 ) ;
#427 = VECTOR ( 'NONE', #14, 1000.000000000000000 ) ;
#428 = CARTESIAN_POINT ( 'NONE',  ( 0.0000000000000000000, 0.2899999999999999800, 0.1400000000000000133 ) ) ;
#429 = CARTESIAN_POINT ( 'NONE',  ( -1.050000000000000044, -0.2999999999999999334, 0.3499999999999999778 ) ) ;
#430 = AXIS2_PLACEMENT_3D ( 'NONE', #545, #2213, #820 ) ;
#431 = VECTOR ( 'NONE', #459, 1000.000000000000000 ) ;
#432 = ORIENTED_EDGE ( 'NONE', *, *, #1522, .T. ) ;
#433 = AXIS2_PLACEMENT_3D ( 'NONE', #2969, #964, #2349 ) ;
#434 = LINE ( 'NONE', #3504, #2870 ) ;
#435 = ORIENTED_EDGE ( 'NONE', *, *, #3175, .T. ) ;
#436 = CARTESIAN_POINT ( 'NONE',  ( 1.300000000000000266, 1.050000000000000044, 0.3399999999999999689 ) ) ;
#437 = EDGE_LOOP ( 'NONE', ( #1167, #2703, #273 ) ) ;
#438 = AXIS2_PLACEMENT_3D ( 'NONE', #1970, #505, #2481 ) ;
#439 = CARTESIAN_POINT ( 'NONE',  ( 1.540000000000000036, -0.2899999999999999800, 0.3399999999999999689 ) ) ;
#440 = LINE ( 'NONE', #108, #1537 ) ;
#441 = CARTESIAN_POINT ( 'NONE',  ( 0.0000000000000000000, 0.0000000000000000000, 1.179999999999999938 ) ) ;
#442 = ORIENTED_EDGE ( 'NONE', *, *, #2000, .T. ) ;
#443 = FILL_AREA_STYLE ('',( #2102 ) ) ;
#444 = DIRECTION ( 'NONE',  ( -0.0000000000000000000, -0.0000000000000000000, -1.000000000000000000 ) ) ;
#445 = AXIS2_PLACEMENT_3D ( 'NONE', #3405, #369, #1147 ) ;
#446 = EDGE_CURVE ( 'NONE', #2184, #2303, #740, .T. ) ;
#447 = DIRECTION ( 'NONE',  ( 0.0000000000000000000, 0.0000000000000000000, -1.000000000000000000 ) ) ;
#448 = DIRECTION ( 'NONE',  ( 0.0000000000000000000, 0.0000000000000000000, -1.000000000000000000 ) ) ;
#449 = AXIS2_PLACEMENT_3D ( 'NONE', #2837, #2583, #1193 ) ;
#450 = CIRCLE ( 'NONE', #3212, 0.01000000000000002623 ) ;
#451 = ADVANCED_FACE ( 'NONE', ( #833 ), #2556, .F. ) ;
#452 = ADVANCED_FACE ( 'NONE', ( #2450 ), #2772, .T. ) ;
#453 = AXIS2_PLACEMENT_3D ( 'NONE', #3485, #2636, #954 ) ;
#454 = VERTEX_POINT ( 'NONE', #3082 ) ;
#455 = CARTESIAN_POINT ( 'NONE',  ( -1.000000000000000000, 0.0000000000000000000, 1.179999999999999938 ) ) ;
#456 = CIRCLE ( 'NONE', #2273, 0.8599999999999999867 ) ;
#457 = ORIENTED_EDGE ( 'NONE', *, *, #685, .F. ) ;
#458 = EDGE_CURVE ( 'NONE', #531, #2122, #2739, .T. ) ;
#459 = DIRECTION ( 'NONE',  ( 0.0000000000000000000, -0.0000000000000000000, 1.000000000000000000 ) ) ;
#460 = CARTESIAN_POINT ( 'NONE',  ( 0.0000000000000000000, 0.0000000000000000000, 1.247071067811865497 ) ) ;
#461 = FACE_OUTER_BOUND ( 'NONE', #40, .T. ) ;
#462 = ORIENTED_EDGE ( 'NONE', *, *, #1244, .T. ) ;
#463 = LINE ( 'NONE', #1033, #1699 ) ;
#464 = DIRECTION ( 'NONE',  ( -1.000000000000000000, 0.0000000000000000000, 0.0000000000000000000 ) ) ;
#465 = CARTESIAN_POINT ( 'NONE',  ( 0.4483366811617666703, -0.2998644005134664670, 0.0000000000000000000 ) ) ;
#466 = CARTESIAN_POINT ( 'NONE',  ( -0.9000000000000003553, -1.050000000000000266, 0.0000000000000000000 ) ) ;
#467 = CARTESIAN_POINT ( 'NONE',  ( -1.302736609366954568, -0.3015653334274078778, -0.004623664426270542721 ) ) ;
#468 = EDGE_CURVE ( 'NONE', #1308, #1807, #203, .T. ) ;
#469 = ORIENTED_EDGE ( 'NONE', *, *, #617, .T. ) ;
#470 = CARTESIAN_POINT ( 'NONE',  ( 1.050000000000000044, 1.290000000000000036, 0.3399999999999999689 ) ) ;
#471 = EDGE_CURVE ( 'NONE', #2616, #1859, #525, .T. ) ;
#472 = CIRCLE ( 'NONE', #1122, 0.01000000000000002623 ) ;
#473 = VERTEX_POINT ( 'NONE', #3456 ) ;
#474 = VERTEX_POINT ( 'NONE', #2828 ) ;
#475 = DIRECTION ( 'NONE',  ( 1.000000000000000000, 0.0000000000000000000, 0.0000000000000000000 ) ) ;
#476 = APPLICATION_PROTOCOL_DEFINITION ( 'draft international standard', 'automotive_design', 1998, #195 ) ;
#477 = CARTESIAN_POINT ( 'NONE',  ( -1.352671281862867531E-16, 1.310000000000000053, 0.1500000000000000222 ) ) ;
#478 = EDGE_CURVE ( 'NONE', #8, #1300, #2506, .T. ) ;
#479 = ORIENTED_EDGE ( 'NONE', *, *, #3279, .F. ) ;
#480 = AXIS2_PLACEMENT_3D ( 'NONE', #22, #393, #1744 ) ;
#481 = DIRECTION ( 'NONE',  ( 0.0000000000000000000, 1.000000000000000000, 0.0000000000000000000 ) ) ;
#482 = CYLINDRICAL_SURFACE ( 'NONE', #2580, 0.01000000000000002623 ) ;
#483 = CARTESIAN_POINT ( 'NONE',  ( 0.4499999999999999001, 0.2999999999999999889, 0.1300000000000000044 ) ) ;
#484 = ORIENTED_EDGE ( 'NONE', *, *, #196, .F. ) ;
#485 = CARTESIAN_POINT ( 'NONE',  ( 0.4499999999999999001, -0.3099999999999999423, -0.01000000000000000021 ) ) ;
#486 = CARTESIAN_POINT ( 'NONE',  ( -1.540000000000000036, -0.2999999999999999889, 0.1300000000000000044 ) ) ;
#487 = CIRCLE ( 'NONE', #250, 0.009999999999999998473 ) ;
#488 = ORIENTED_EDGE ( 'NONE', *, *, #1042, .T. ) ;
#489 = CIRCLE ( 'NONE', #900, 0.2500000000000000000 ) ;
#490 = ORIENTED_EDGE ( 'NONE', *, *, #2094, .T. ) ;
#491 = VECTOR ( 'NONE', #346, 1000.000000000000000 ) ;
#492 = DIRECTION ( 'NONE',  ( 0.0000000000000000000, 1.000000000000000000, 0.0000000000000000000 ) ) ;
#493 = EDGE_LOOP ( 'NONE', ( #1441, #2125, #3337, #1146 ) ) ;
#494 =( GEOMETRIC_REPRESENTATION_CONTEXT ( 3 ) GLOBAL_UNCERTAINTY_ASSIGNED_CONTEXT ( ( #3363 ) ) GLOBAL_UNIT_ASSIGNED_CONTEXT ( ( #1462, #631, #312 ) ) REPRESENTATION_CONTEXT ( 'NONE', 'WORKASPACE' ) );
#495 = ORIENTED_EDGE ( 'NONE', *, *, #3187, .F. ) ;
#496 = EDGE_CURVE ( 'NONE', #1466, #222, #2677, .T. ) ;
#497 = DIRECTION ( 'NONE',  ( -1.000000000000000000, 0.0000000000000000000, 0.0000000000000000000 ) ) ;
#498 = FACE_OUTER_BOUND ( 'NONE', #1039, .T. ) ;
#499 = MECHANICAL_DESIGN_GEOMETRIC_PRESENTATION_REPRESENTATION (  '', ( #2080 ), #1264 ) ;
#500 = EDGE_LOOP ( 'NONE', ( #2434, #1238, #3586, #2404 ) ) ;
#501 = AXIS2_PLACEMENT_3D ( 'NONE', #2792, #2492, #28 ) ;
#502 = EDGE_CURVE ( 'NONE', #1479, #2237, #3390, .T. ) ;
#503 = DIRECTION ( 'NONE',  ( 0.0000000000000000000, 0.0000000000000000000, -1.000000000000000000 ) ) ;
#504 = CARTESIAN_POINT ( 'NONE',  ( 0.9540498193816315808, 0.2996481023622611928, 0.4828634255799842956 ) ) ;
#505 = DIRECTION ( 'NONE',  ( 0.0000000000000000000, 0.0000000000000000000, 1.000000000000000000 ) ) ;
#506 = ORIENTED_EDGE ( 'NONE', *, *, #425, .T. ) ;
#507 = LINE ( 'NONE', #2190, #2433 ) ;
#508 = DIRECTION ( 'NONE',  ( -1.000000000000000000, 0.0000000000000000000, 0.0000000000000000000 ) ) ;
#509 = DIRECTION ( 'NONE',  ( 1.000000000000000000, 0.0000000000000000000, 0.0000000000000000000 ) ) ;
#510 = AXIS2_PLACEMENT_3D ( 'NONE', #3433, #2552, #53 ) ;
#511 = AXIS2_PLACEMENT_3D ( 'NONE', #3420, #1501, #1761 ) ;
#512 = CARTESIAN_POINT ( 'NONE',  ( -1.289999999999999591, -1.050000000000000266, 0.3499999999999999778 ) ) ;
#513 = CARTESIAN_POINT ( 'NONE',  ( 1.530808498934191509E-17, 0.0000000000000000000, 1.250000000000000000 ) ) ;
#514 =( BOUNDED_CURVE ( )  B_SPLINE_CURVE ( 3, ( #1144, #595, #1738, #366 ),
 .UNSPECIFIED., .F., .F. ) 
 B_SPLINE_CURVE_WITH_KNOTS ( ( 4, 4 ),
 ( 3.141592653589798445, 4.712388980384689674 ),
 .UNSPECIFIED. ) 
 CURVE ( )  GEOMETRIC_REPRESENTATION_ITEM ( )  RATIONAL_B_SPLINE_CURVE ( ( 1.000000000000000000, 0.8047378541243662697, 0.8047378541243662697, 1.000000000000000000 ) ) 
 REPRESENTATION_ITEM ( '' )  );
#515 = VERTEX_POINT ( 'NONE', #1434 ) ;
#516 = AXIS2_PLACEMENT_3D ( 'NONE', #2454, #3579, #803 ) ;
#517 = EDGE_LOOP ( 'NONE', ( #2570, #1494, #1424, #2771 ) ) ;
#518 = CYLINDRICAL_SURFACE ( 'NONE', #1660, 0.01000000000000002623 ) ;
#519 = SURFACE_SIDE_STYLE ('',( #2439 ) ) ;
#520 = ORIENTED_EDGE ( 'NONE', *, *, #3395, .T. ) ;
#521 = DIRECTION ( 'NONE',  ( -1.000000000000000000, 0.0000000000000000000, 0.0000000000000000000 ) ) ;
#522 = CARTESIAN_POINT ( 'NONE',  ( 0.9550423396036892276, 0.2964694411992507272, 0.4876253741827681343 ) ) ;
#523 = EDGE_CURVE ( 'NONE', #3197, #3253, #3148, .T. ) ;
#524 = VERTEX_POINT ( 'NONE', #318 ) ;
#525 = LINE ( 'NONE', #21, #329 ) ;
#526 = LINE ( 'NONE', #3592, #540 ) ;
#527 = CARTESIAN_POINT ( 'NONE',  ( 0.0000000000000000000, 0.0000000000000000000, 0.5499999999999999334 ) ) ;
#528 = ADVANCED_FACE ( 'NONE', ( #1467 ), #1214, .T. ) ;
#529 = ORIENTED_EDGE ( 'NONE', *, *, #3126, .F. ) ;
#530 = CARTESIAN_POINT ( 'NONE',  ( -1.540000000000000036, 0.2999999999999999889, 0.1300000000000000044 ) ) ;
#531 = VERTEX_POINT ( 'NONE', #2591 ) ;
#532 = CARTESIAN_POINT ( 'NONE',  ( 0.8899999999999999023, -1.489999999999999991, 0.1300000000000000044 ) ) ;
#533 = AXIS2_PLACEMENT_3D ( 'NONE', #257, #2205, #278 ) ;
#534 = DIRECTION ( 'NONE',  ( -1.000000000000000000, 0.0000000000000000000, 0.0000000000000000000 ) ) ;
#535 = ORIENTED_EDGE ( 'NONE', *, *, #930, .T. ) ;
#536 = PRODUCT_DEFINITION_CONTEXT ( 'detailed design', #587, 'design' ) ;
#537 = DIRECTION ( 'NONE',  ( 0.0000000000000000000, 0.0000000000000000000, -1.000000000000000000 ) ) ;
#538 = DIRECTION ( 'NONE',  ( -1.224646799147353207E-16, 1.000000000000000000, 0.0000000000000000000 ) ) ;
#539 = CARTESIAN_POINT ( 'NONE',  ( 0.0000000000000000000, -1.489999999999999991, 0.0000000000000000000 ) ) ;
#540 = VECTOR ( 'NONE', #1957, 1000.000000000000000 ) ;
#541 = ORIENTED_EDGE ( 'NONE', *, *, #1055, .T. ) ;
#542 = DIRECTION ( 'NONE',  ( 0.0000000000000000000, 0.0000000000000000000, 1.000000000000000000 ) ) ;
#543 = EDGE_CURVE ( 'NONE', #2307, #343, #3557, .T. ) ;
#544 = CARTESIAN_POINT ( 'NONE',  ( 1.290000000000000036, 0.2999999999999999334, 0.3399999999999999689 ) ) ;
#545 = CARTESIAN_POINT ( 'NONE',  ( -0.9258578643762689353, 1.133848870073802159E-16, 1.239999999999999991 ) ) ;
#546 = CARTESIAN_POINT ( 'NONE',  ( -1.000000000000000000, 0.0000000000000000000, 0.4999999999999998890 ) ) ;
#547 = EDGE_CURVE ( 'NONE', #1300, #1479, #3097, .T. ) ;
#548 = ORIENTED_EDGE ( 'NONE', *, *, #2052, .F. ) ;
#549 = CIRCLE ( 'NONE', #1731, 0.01000000000000002623 ) ;
#550 = DIRECTION ( 'NONE',  ( 0.0000000000000000000, 0.0000000000000000000, -1.000000000000000000 ) ) ;
#551 = FILL_AREA_STYLE_COLOUR ( '', #1298 ) ;
#552 = ORIENTED_EDGE ( 'NONE', *, *, #1143, .T. ) ;
#553 = DIRECTION ( 'NONE',  ( 0.0000000000000000000, -1.000000000000000000, -0.0000000000000000000 ) ) ;
#554 = ORIENTED_EDGE ( 'NONE', *, *, #2304, .F. ) ;
#555 = AXIS2_PLACEMENT_3D ( 'NONE', #1816, #2938, #1005 ) ;
#556 = CIRCLE ( 'NONE', #2600, 0.01000000000000002623 ) ;
#557 = CARTESIAN_POINT ( 'NONE',  ( 0.0000000000000000000, 0.0000000000000000000, 1.000000000000000000 ) ) ;
#558 = FACE_OUTER_BOUND ( 'NONE', #2073, .T. ) ;
#559 = DIRECTION ( 'NONE',  ( 0.0000000000000000000, -0.0000000000000000000, 1.000000000000000000 ) ) ;
#560 = ORIENTED_EDGE ( 'NONE', *, *, #838, .F. ) ;
#561 = CARTESIAN_POINT ( 'NONE',  ( 0.0000000000000000000, 0.0000000000000000000, 0.3600000000000000977 ) ) ;
#562 = DIRECTION ( 'NONE',  ( 0.0000000000000000000, 0.0000000000000000000, -1.000000000000000000 ) ) ;
#563 = DIRECTION ( 'NONE',  ( -1.000000000000000000, 0.0000000000000000000, 0.0000000000000000000 ) ) ;
#564 = ORIENTED_EDGE ( 'NONE', *, *, #468, .F. ) ;
#565 = ADVANCED_FACE ( 'NONE', ( #1184 ), #1168, .F. ) ;
#566 = CARTESIAN_POINT ( 'NONE',  ( -1.540000000000000036, -0.2899999999999999800, 0.1400000000000000133 ) ) ;
#567 = TOROIDAL_SURFACE ( 'NONE', #1512, 0.9899999999999999911, 0.01000000000000000021 ) ;
#568 = ORIENTED_EDGE ( 'NONE', *, *, #2883, .F. ) ;
#569 = EDGE_CURVE ( 'NONE', #3560, #2904, #96, .T. ) ;
#570 = EDGE_CURVE ( 'NONE', #3284, #1327, #1743, .T. ) ;
#571 = AXIS2_PLACEMENT_3D ( 'NONE', #296, #1432, #3128 ) ;
#572 = VERTEX_POINT ( 'NONE', #2880 ) ;
#573 = CARTESIAN_POINT ( 'NONE',  ( 0.8900000000000001243, 1.310000000000000053, 0.1400000000000000133 ) ) ;
#574 = CYLINDRICAL_SURFACE ( 'NONE', #3386, 0.01000000000000002623 ) ;
#575 = CIRCLE ( 'NONE', #1519, 0.01000000000000002623 ) ;
#576 = VERTEX_POINT ( 'NONE', #940 ) ;
#577 = EDGE_CURVE ( 'NONE', #2089, #3038, #3438, .T. ) ;
#578 = UNCERTAINTY_MEASURE_WITH_UNIT (LENGTH_MEASURE( 1.000000000000000082E-05 ), #1279, 'distance_accuracy_value', 'NONE');
#579 = AXIS2_PLACEMENT_3D ( 'NONE', #2361, #1008, #3230 ) ;
#580 = CARTESIAN_POINT ( 'NONE',  ( -1.000000000000000000, 0.0000000000000000000, 1.250000000000000000 ) ) ;
#581 = DIRECTION ( 'NONE',  ( -1.000000000000000000, 0.0000000000000000000, 0.0000000000000000000 ) ) ;
#582 = DIRECTION ( 'NONE',  ( 1.000000000000000000, -5.421010862427507971E-15, 0.0000000000000000000 ) ) ;
#583 = ORIENTED_EDGE ( 'NONE', *, *, #3348, .F. ) ;
#584 = DIRECTION ( 'NONE',  ( 1.000000000000000000, 0.0000000000000000000, 0.0000000000000000000 ) ) ;
#585 = LINE ( 'NONE', #2830, #2663 ) ;
#586 = ORIENTED_EDGE ( 'NONE', *, *, #3080, .T. ) ;
#587 = APPLICATION_CONTEXT ( 'automotive_design' ) ;
#588 = VERTEX_POINT ( 'NONE', #129 ) ;
#589 = ORIENTED_EDGE ( 'NONE', *, *, #1175, .F. ) ;
#590 = CARTESIAN_POINT ( 'NONE',  ( -1.550000000000000266, -0.2899999999999999245, 0.1300000000000000044 ) ) ;
#591 = EDGE_CURVE ( 'NONE', #231, #1403, #867, .T. ) ;
#592 = ORIENTED_EDGE ( 'NONE', *, *, #3400, .F. ) ;
#593 = AXIS2_PLACEMENT_3D ( 'NONE', #3417, #898, #613 ) ;
#594 = ADVANCED_FACE ( 'NONE', ( #3526 ), #1922, .T. ) ;
#595 = CARTESIAN_POINT ( 'NONE',  ( -1.550000000000000266, -0.2958578643762690974, -0.009999999999999970718 ) ) ;
#596 = FACE_OUTER_BOUND ( 'NONE', #3467, .T. ) ;
#597 = EDGE_LOOP ( 'NONE', ( #554, #2626, #1132 ) ) ;
#598 = DIRECTION ( 'NONE',  ( -1.000000000000000000, 0.0000000000000000000, 0.0000000000000000000 ) ) ;
#599 = CARTESIAN_POINT ( 'NONE',  ( 0.9000000000000000222, 1.500000000000000000, -3.388131789017201356E-18 ) ) ;
#600 = CIRCLE ( 'NONE', #772, 0.2400000000000001854 ) ;
#601 = DIRECTION ( 'NONE',  ( 0.0000000000000000000, 1.000000000000000000, -0.0000000000000000000 ) ) ;
#602 = ORIENTED_EDGE ( 'NONE', *, *, #915, .F. ) ;
#603 = AXIS2_PLACEMENT_3D ( 'NONE', #1610, #814, #2241 ) ;
#604 = FILL_AREA_STYLE_COLOUR ( '', #323 ) ;
#605 = ORIENTED_EDGE ( 'NONE', *, *, #3462, .T. ) ;
#606 = ORIENTED_EDGE ( 'NONE', *, *, #3628, .T. ) ;
#607 =( LENGTH_UNIT ( ) NAMED_UNIT ( * ) SI_UNIT ( .MILLI., .METRE. ) );
#608 = ORIENTED_EDGE ( 'NONE', *, *, #288, .T. ) ;
#609 = EDGE_CURVE ( 'NONE', #2501, #1944, #1310, .T. ) ;
#610 = CIRCLE ( 'NONE', #3246, 0.01000000000000002623 ) ;
#611 = PRESENTATION_LAYER_ASSIGNMENT (  '', '', ( #372 ) ) ;
#612 = CARTESIAN_POINT ( 'NONE',  ( 1.550000000000000266, -0.2899999999999999800, 0.4799999999999999822 ) ) ;
#613 = DIRECTION ( 'NONE',  ( 0.0000000000000000000, 0.0000000000000000000, -1.000000000000000000 ) ) ;
#614 = CARTESIAN_POINT ( 'NONE',  ( -0.9299999999999998268, 1.138921523207038426E-16, 0.0000000000000000000 ) ) ;
#615 = CIRCLE ( 'NONE', #254, 0.2400000000000001854 ) ;
#616 = AXIS2_PLACEMENT_3D ( 'NONE', #918, #51, #880 ) ;
#617 = EDGE_CURVE ( 'NONE', #3635, #2380, #2442, .T. ) ;
#618 = ORIENTED_EDGE ( 'NONE', *, *, #3481, .F. ) ;
#619 = DIRECTION ( 'NONE',  ( 0.0000000000000000000, 0.0000000000000000000, 1.000000000000000000 ) ) ;
#620 = DIRECTION ( 'NONE',  ( 1.000000000000000000, 0.0000000000000000000, 0.0000000000000000000 ) ) ;
#621 = LINE ( 'NONE', #3392, #1260 ) ;
#622 = EDGE_LOOP ( 'NONE', ( #3357, #1470, #3205, #3179 ) ) ;
#623 = CIRCLE ( 'NONE', #2965, 0.01000000000000002623 ) ;
#624 = CIRCLE ( 'NONE', #142, 0.01000000000000002623 ) ;
#625 = ORIENTED_EDGE ( 'NONE', *, *, #1037, .T. ) ;
#626 = CIRCLE ( 'NONE', #2672, 0.02000000000000000042 ) ;
#627 = EDGE_LOOP ( 'NONE', ( #1346, #217, #1530, #3228 ) ) ;
#628 = ORIENTED_EDGE ( 'NONE', *, *, #2249, .F. ) ;
#629 = CIRCLE ( 'NONE', #1920, 0.02000000000000005246 ) ;
#630 =( GEOMETRIC_REPRESENTATION_CONTEXT ( 3 ) GLOBAL_UNCERTAINTY_ASSIGNED_CONTEXT ( ( #2478 ) ) GLOBAL_UNIT_ASSIGNED_CONTEXT ( ( #1449, #1726, #653 ) ) REPRESENTATION_CONTEXT ( 'NONE', 'WORKASPACE' ) );
#631 =( NAMED_UNIT ( * ) PLANE_ANGLE_UNIT ( ) SI_UNIT ( $, .RADIAN. ) );
#632 = CARTESIAN_POINT ( 'NONE',  ( 0.9552999536499138244, -0.2956382900726323704, 0.4882589154940983334 ) ) ;
#633 = DIRECTION ( 'NONE',  ( 0.0000000000000000000, 0.0000000000000000000, -1.000000000000000000 ) ) ;
#634 = MECHANICAL_DESIGN_GEOMETRIC_PRESENTATION_REPRESENTATION (  '', ( #2321 ), #1336 ) ;
#635 = VECTOR ( 'NONE', #3605, 1000.000000000000000 ) ;
#636 = EDGE_CURVE ( 'NONE', #3447, #1734, #2563, .T. ) ;
#637 =( BOUNDED_CURVE ( )  B_SPLINE_CURVE ( 3, ( #2340, #2110, #3466, #713 ),
 .UNSPECIFIED., .F., .T. ) 
 B_SPLINE_CURVE_WITH_KNOTS ( ( 4, 4 ),
 ( 3.141592653589793116, 4.712388980384689674 ),
 .UNSPECIFIED. ) 
 CURVE ( )  GEOMETRIC_REPRESENTATION_ITEM ( )  RATIONAL_B_SPLINE_CURVE ( ( 1.000000000000000000, 0.8047378541243649375, 0.8047378541243649375, 1.000000000000000000 ) ) 
 REPRESENTATION_ITEM ( '' )  );
#638 = ORIENTED_EDGE ( 'NONE', *, *, #45, .T. ) ;
#639 = DIRECTION ( 'NONE',  ( -9.637352644315598694E-16, -1.000000000000000000, 0.0000000000000000000 ) ) ;
#640 = MANIFOLD_SOLID_BREP ( 'Fillet4', #908 ) ;
#641 = CARTESIAN_POINT ( 'NONE',  ( -0.8899999999999999023, 1.489999999999999991, 0.1300000000000000044 ) ) ;
#642 = ORIENTED_EDGE ( 'NONE', *, *, #896, .T. ) ;
#643 = EDGE_CURVE ( 'NONE', #309, #2548, #463, .T. ) ;
#644 = CARTESIAN_POINT ( 'NONE',  ( 0.8899999999999999023, -1.489999999999999991, -0.01000000000000000021 ) ) ;
#645 = EDGE_CURVE ( 'NONE', #2431, #2511, #922, .T. ) ;
#646 = ORIENTED_EDGE ( 'NONE', *, *, #1493, .F. ) ;
#647 = DIRECTION ( 'NONE',  ( -1.000000000000000000, 0.0000000000000000000, 0.0000000000000000000 ) ) ;
#648 = ORIENTED_EDGE ( 'NONE', *, *, #2641, .T. ) ;
#649 = CARTESIAN_POINT ( 'NONE',  ( -1.300000000000000266, 1.050000000000000044, 0.0000000000000000000 ) ) ;
#650 = CARTESIAN_POINT ( 'NONE',  ( 1.050000000000000044, -1.300000000000000266, 0.3399999999999999689 ) ) ;
#651 = DIRECTION ( 'NONE',  ( 0.0000000000000000000, 0.0000000000000000000, -1.000000000000000000 ) ) ;
#652 = ORIENTED_EDGE ( 'NONE', *, *, #1825, .T. ) ;
#653 =( NAMED_UNIT ( * ) SI_UNIT ( $, .STERADIAN. ) SOLID_ANGLE_UNIT ( ) );
#654 = DIRECTION ( 'NONE',  ( 0.0000000000000000000, -0.0000000000000000000, 1.000000000000000000 ) ) ;
#655 = EDGE_CURVE ( 'NONE', #748, #178, #2627, .T. ) ;
#656 = FILL_AREA_STYLE ('',( #3153 ) ) ;
#657 = DIRECTION ( 'NONE',  ( -0.0000000000000000000, -0.0000000000000000000, -1.000000000000000000 ) ) ;
#658 = AXIS2_PLACEMENT_3D ( 'NONE', #243, #1375, #799 ) ;
#659 = EDGE_CURVE ( 'NONE', #763, #2939, #3474, .T. ) ;
#660 = ORIENTED_EDGE ( 'NONE', *, *, #1148, .T. ) ;
#661 = CARTESIAN_POINT ( 'NONE',  ( 0.0000000000000000000, 0.0000000000000000000, 1.175857864376268935 ) ) ;
#662 = ORIENTED_EDGE ( 'NONE', *, *, #3454, .T. ) ;
#663 = DIRECTION ( 'NONE',  ( 1.000000000000000000, 0.0000000000000000000, 0.0000000000000000000 ) ) ;
#664 = ORIENTED_EDGE ( 'NONE', *, *, #2585, .T. ) ;
#665 = LINE ( 'NONE', #1790, #2134 ) ;
#666 = CARTESIAN_POINT ( 'NONE',  ( -1.300000000000000044, -0.3097018577960362617, 0.1302981426982234292 ) ) ;
#667 = DIRECTION ( 'NONE',  ( 0.0000000000000000000, 0.0000000000000000000, -1.000000000000000000 ) ) ;
#668 = EDGE_LOOP ( 'NONE', ( #1620, #749, #1509, #1374 ) ) ;
#669 = CARTESIAN_POINT ( 'NONE',  ( 0.9100000000000002531, 1.310000000000000275, 0.0000000000000000000 ) ) ;
#670 = DIRECTION ( 'NONE',  ( 0.0000000000000000000, 1.000000000000000000, 0.0000000000000000000 ) ) ;
#671 = VECTOR ( 'NONE', #3353, 1000.000000000000000 ) ;
#672 = CARTESIAN_POINT ( 'NONE',  ( 0.0000000000000000000, 0.0000000000000000000, 1.250000000000000000 ) ) ;
#673 = AXIS2_PLACEMENT_3D ( 'NONE', #2896, #394, #2848 ) ;
#674 = DIRECTION ( 'NONE',  ( 2.065146995210484448E-16, -1.000000000000000000, 0.0000000000000000000 ) ) ;
#675 =( LENGTH_UNIT ( ) NAMED_UNIT ( * ) SI_UNIT ( .MILLI., .METRE. ) );
#676 = DIRECTION ( 'NONE',  ( -1.224646799147353207E-16, 1.000000000000000000, 0.0000000000000000000 ) ) ;
#677 = EDGE_CURVE ( 'NONE', #2729, #8, #3512, .T. ) ;
#678 = VERTEX_POINT ( 'NONE', #2966 ) ;
#679 = ORIENTED_EDGE ( 'NONE', *, *, #1676, .T. ) ;
#680 = ADVANCED_FACE ( 'NONE', ( #1574 ), #1294, .F. ) ;
#681 = ADVANCED_FACE ( 'NONE', ( #735 ), #1862, .T. ) ;
#682 = CYLINDRICAL_SURFACE ( 'NONE', #1382, 0.01000000000000000021 ) ;
#683 = CYLINDRICAL_SURFACE ( 'NONE', #2832, 0.8499999999999999778 ) ;
#684 = DIRECTION ( 'NONE',  ( -1.000000000000000000, 1.224646799147353207E-16, 0.0000000000000000000 ) ) ;
#685 = EDGE_CURVE ( 'NONE', #678, #990, #2521, .T. ) ;
#686 = AXIS2_PLACEMENT_3D ( 'NONE', #1839, #3511, #2624 ) ;
#687 = VERTEX_POINT ( 'NONE', #1052 ) ;
#688 = AXIS2_PLACEMENT_3D ( 'NONE', #3021, #1630, #1371 ) ;
#689 = DIRECTION ( 'NONE',  ( -0.0000000000000000000, -0.0000000000000000000, 1.000000000000000000 ) ) ;
#690 = SURFACE_SIDE_STYLE ('',( #2150 ) ) ;
#691 = DIRECTION ( 'NONE',  ( -0.0000000000000000000, -0.0000000000000000000, -1.000000000000000000 ) ) ;
#692 = CARTESIAN_POINT ( 'NONE',  ( -1.050000000000000044, 1.289999999999999813, 0.3499999999999999778 ) ) ;
#693 = CARTESIAN_POINT ( 'NONE',  ( -1.539999999999999591, 0.2999999999999999889, 0.1300000000000000044 ) ) ;
#694 = CARTESIAN_POINT ( 'NONE',  ( -1.310000000000000053, -0.2999999999999999889, 0.0000000000000000000 ) ) ;
#695 = AXIS2_PLACEMENT_3D ( 'NONE', #103, #2072, #416 ) ;
#696 = EDGE_LOOP ( 'NONE', ( #94, #746, #757, #642, #2294, #2217, #84, #81, #1442, #1659 ) ) ;
#697 = CARTESIAN_POINT ( 'NONE',  ( 0.0000000000000000000, 0.0000000000000000000, 0.4948538210470819765 ) ) ;
#698 = EDGE_LOOP ( 'NONE', ( #589, #1158, #2618, #1361, #3374, #3389, #3164, #605, #1637, #2324 ) ) ;
#699 = DIRECTION ( 'NONE',  ( -0.0000000000000000000, 0.0000000000000000000, -1.000000000000000000 ) ) ;
#700 = ORIENTED_EDGE ( 'NONE', *, *, #1015, .F. ) ;
#701 = ADVANCED_FACE ( 'NONE', ( #813 ), #1277, .F. ) ;
#702 = DIRECTION ( 'NONE',  ( 1.000000000000000000, 0.0000000000000000000, 0.0000000000000000000 ) ) ;
#703 = DIRECTION ( 'NONE',  ( 0.0000000000000000000, 0.0000000000000000000, -1.000000000000000000 ) ) ;
#704 = DIRECTION ( 'NONE',  ( -1.000000000000000000, -0.0000000000000000000, -0.0000000000000000000 ) ) ;
#705 = ADVANCED_FACE ( 'NONE', ( #2166 ), #2444, .F. ) ;
#706 = DIRECTION ( 'NONE',  ( 1.000000000000000000, -0.0000000000000000000, -0.0000000000000000000 ) ) ;
#707 = DIRECTION ( 'NONE',  ( -1.000000000000000000, -1.807003620809172610E-15, 0.0000000000000000000 ) ) ;
#708 = LINE ( 'NONE', #968, #913 ) ;
#709 = CIRCLE ( 'NONE', #3002, 0.9329289321881342190 ) ;
#710 = CARTESIAN_POINT ( 'NONE',  ( -1.300951574366007613, -0.3055755166938625700, -0.0009913933120944905773 ) ) ;
#711 = ORIENTED_EDGE ( 'NONE', *, *, #2226, .F. ) ;
#712 = CARTESIAN_POINT ( 'NONE',  ( 0.0000000000000000000, 0.0000000000000000000, 1.250000000000000000 ) ) ;
#713 = CARTESIAN_POINT ( 'NONE',  ( 1.550000000000000266, 0.2899999999999999800, 0.3499999999999999778 ) ) ;
#714 = ORIENTED_EDGE ( 'NONE', *, *, #288, .F. ) ;
#715 = DIRECTION ( 'NONE',  ( 1.000000000000000000, 0.0000000000000000000, 0.0000000000000000000 ) ) ;
#716 = CARTESIAN_POINT ( 'NONE',  ( 0.8499999999999999778, 1.040949779275250140E-16, 0.3600000000000000977 ) ) ;
#717 = DIRECTION ( 'NONE',  ( 9.637352644315598694E-16, -1.000000000000000000, 0.0000000000000000000 ) ) ;
#718 = EDGE_CURVE ( 'NONE', #8, #48, #256, .T. ) ;
#719 = DIRECTION ( 'NONE',  ( -1.000000000000000000, 2.710505431213753985E-15, 0.0000000000000000000 ) ) ;
#720 = CARTESIAN_POINT ( 'NONE',  ( 1.540000000000000036, 0.2999999999999999889, 0.4799999999999999822 ) ) ;
#721 = CIRCLE ( 'NONE', #72, 0.009999999999999998473 ) ;
#722 = EDGE_CURVE ( 'NONE', #3038, #974, #1936, .T. ) ;
#723 = EDGE_CURVE ( 'NONE', #811, #2548, #450, .T. ) ;
#724 = FACE_OUTER_BOUND ( 'NONE', #1711, .T. ) ;
#725 = DIRECTION ( 'NONE',  ( 1.000000000000000000, 0.0000000000000000000, 0.0000000000000000000 ) ) ;
#726 = ORIENTED_EDGE ( 'NONE', *, *, #67, .F. ) ;
#727 = VECTOR ( 'NONE', #3133, 1000.000000000000000 ) ;
#728 = FACE_OUTER_BOUND ( 'NONE', #972, .T. ) ;
#729 = ORIENTED_EDGE ( 'NONE', *, *, #1609, .F. ) ;
#730 = AXIS2_PLACEMENT_3D ( 'NONE', #3004, #1846, #2118 ) ;
#731 = DIRECTION ( 'NONE',  ( 1.000000000000000000, 0.0000000000000000000, 0.0000000000000000000 ) ) ;
#732 = CARTESIAN_POINT ( 'NONE',  ( 0.9000000000000003553, -1.050000000000000044, -0.01000000000000000021 ) ) ;
#733 = CYLINDRICAL_SURFACE ( 'NONE', #2555, 0.01000000000000002623 ) ;
#734 = EDGE_LOOP ( 'NONE', ( #2322, #1365, #1120, #950 ) ) ;
#735 = FACE_OUTER_BOUND ( 'NONE', #3536, .T. ) ;
#736 = ADVANCED_FACE ( 'NONE', ( #2725 ), #3077, .F. ) ;
#737 = CARTESIAN_POINT ( 'NONE',  ( -1.300078084359577169, -0.2929674977420829718, -0.01000000000000000021 ) ) ;
#738 = DIRECTION ( 'NONE',  ( -1.000000000000000000, 0.0000000000000000000, -0.0000000000000000000 ) ) ;
#739 = AXIS2_PLACEMENT_3D ( 'NONE', #1579, #2952, #2691 ) ;
#740 = CIRCLE ( 'NONE', #1334, 0.9258578643762689353 ) ;
#741 = CARTESIAN_POINT ( 'NONE',  ( 0.0000000000000000000, 0.0000000000000000000, 0.4899999999999999911 ) ) ;
#742 = DIRECTION ( 'NONE',  ( -1.000000000000000000, 0.0000000000000000000, 0.0000000000000000000 ) ) ;
#743 = EDGE_CURVE ( 'NONE', #1746, #572, #3105, .T. ) ;
#744 = CARTESIAN_POINT ( 'NONE',  ( -1.302679491681490775, -0.3013397459621555696, -0.004999999999999993165 ) ) ;
#745 = CIRCLE ( 'NONE', #2868, 0.01000000000000000021 ) ;
#746 = ORIENTED_EDGE ( 'NONE', *, *, #2052, .T. ) ;
#747 = CARTESIAN_POINT ( 'NONE',  ( -1.540000000000000036, 0.2899999999999999800, 0.1300000000000000044 ) ) ;
#748 = VERTEX_POINT ( 'NONE', #2203 ) ;
#749 = ORIENTED_EDGE ( 'NONE', *, *, #1453, .T. ) ;
#750 = CARTESIAN_POINT ( 'NONE',  ( 1.290000000000000036, -1.050000000000000044, 0.3499999999999999778 ) ) ;
#751 = CARTESIAN_POINT ( 'NONE',  ( 0.0000000000000000000, 0.0000000000000000000, 0.0000000000000000000 ) ) ;
#752 = DIRECTION ( 'NONE',  ( -0.0000000000000000000, 0.0000000000000000000, 1.000000000000000000 ) ) ;
#753 = ORIENTED_EDGE ( 'NONE', *, *, #3344, .T. ) ;
#754 = CARTESIAN_POINT ( 'NONE',  ( -1.550000000000000266, 0.2999999999999999889, -0.01000000000000000021 ) ) ;
#755 = DIRECTION ( 'NONE',  ( 0.0000000000000000000, 0.0000000000000000000, 1.000000000000000000 ) ) ;
#756 = CARTESIAN_POINT ( 'NONE',  ( -1.000000000000000000, 0.0000000000000000000, 0.4948538210470819765 ) ) ;
#757 = ORIENTED_EDGE ( 'NONE', *, *, #1358, .T. ) ;
#758 = DIRECTION ( 'NONE',  ( -9.637352644315598694E-16, 1.000000000000000000, 0.0000000000000000000 ) ) ;
#759 = DIRECTION ( 'NONE',  ( 0.0000000000000000000, 0.0000000000000000000, 1.000000000000000000 ) ) ;
#760 = EDGE_CURVE ( 'NONE', #349, #2855, #3060, .T. ) ;
#761 = AXIS2_PLACEMENT_3D ( 'NONE', #3221, #703, #3490 ) ;
#762 = EDGE_LOOP ( 'NONE', ( #3028, #3412, #1171, #191 ) ) ;
#763 = VERTEX_POINT ( 'NONE', #277 ) ;
#764 = DIRECTION ( 'NONE',  ( -1.224646799147353207E-16, 1.000000000000000000, 0.0000000000000000000 ) ) ;
#765 = ORIENTED_EDGE ( 'NONE', *, *, #543, .T. ) ;
#766 = EDGE_CURVE ( 'NONE', #1961, #687, #773, .T. ) ;
#767 = ORIENTED_EDGE ( 'NONE', *, *, #2520, .F. ) ;
#768 =( GEOMETRIC_REPRESENTATION_CONTEXT ( 3 ) GLOBAL_UNCERTAINTY_ASSIGNED_CONTEXT ( ( #2747 ) ) GLOBAL_UNIT_ASSIGNED_CONTEXT ( ( #164, #147, #1828 ) ) REPRESENTATION_CONTEXT ( 'NONE', 'WORKASPACE' ) );
#769 = PLANE ( 'NONE',  #3132 ) ;
#770 = DIRECTION ( 'NONE',  ( 0.0000000000000000000, 0.0000000000000000000, 1.000000000000000000 ) ) ;
#771 = ORIENTED_EDGE ( 'NONE', *, *, #2910, .F. ) ;
#772 = AXIS2_PLACEMENT_3D ( 'NONE', #3546, #113, #707 ) ;
#773 = LINE ( 'NONE', #1352, #2388 ) ;
#774 = DIRECTION ( 'NONE',  ( -1.000000000000000000, 0.0000000000000000000, 0.0000000000000000000 ) ) ;
#775 = CARTESIAN_POINT ( 'NONE',  ( -0.9000000000000002442, -1.300000000000000266, 0.1300000000000000044 ) ) ;
#776 = VERTEX_POINT ( 'NONE', #2461 ) ;
#777 = DIRECTION ( 'NONE',  ( 0.0000000000000000000, 0.0000000000000000000, 1.000000000000000000 ) ) ;
#778 = SURFACE_STYLE_USAGE ( .BOTH. , #1713 ) ;
#779 = DIRECTION ( 'NONE',  ( -1.000000000000000000, 0.0000000000000000000, 0.0000000000000000000 ) ) ;
#780 = ORIENTED_EDGE ( 'NONE', *, *, #478, .T. ) ;
#781 = CIRCLE ( 'NONE', #1489, 0.01000000000000000021 ) ;
#782 = VECTOR ( 'NONE', #3401, 1000.000000000000000 ) ;
#783 = DIRECTION ( 'NONE',  ( -1.000000000000000000, 0.0000000000000000000, 0.0000000000000000000 ) ) ;
#784 = EDGE_CURVE ( 'NONE', #3482, #3091, #1651, .T. ) ;
#785 = CIRCLE ( 'NONE', #3542, 0.8399999999999999689 ) ;
#786 = CARTESIAN_POINT ( 'NONE',  ( -1.550000000000000266, 0.2899999999999999800, 0.1300000000000000044 ) ) ;
#787 = ORIENTED_EDGE ( 'NONE', *, *, #1747, .F. ) ;
#788 = ORIENTED_EDGE ( 'NONE', *, *, #3621, .T. ) ;
#789 = DIRECTION ( 'NONE',  ( 1.000000000000000000, 0.0000000000000000000, 0.0000000000000000000 ) ) ;
#790 = EDGE_CURVE ( 'NONE', #2292, #2197, #2479, .T. ) ;
#791 = CARTESIAN_POINT ( 'NONE',  ( 0.0000000000000000000, 0.0000000000000000000, 1.239999999999999991 ) ) ;
#792 = ORIENTED_EDGE ( 'NONE', *, *, #643, .F. ) ;
#793 = VECTOR ( 'NONE', #1137, 999.9999999999998863 ) ;
#794 = CARTESIAN_POINT ( 'NONE',  ( -0.8900000000000001243, 1.310000000000000053, 0.1300000000000000044 ) ) ;
#795 = EDGE_CURVE ( 'NONE', #3414, #1944, #2223, .T. ) ;
#796 = CARTESIAN_POINT ( 'NONE',  ( 0.9539392014169456591, 0.2999999999999998779, 0.4799999999999999822 ) ) ;
#797 = FACE_OUTER_BOUND ( 'NONE', #597, .T. ) ;
#798 = EDGE_LOOP ( 'NONE', ( #2809, #2765, #3183, #2539 ) ) ;
#799 = DIRECTION ( 'NONE',  ( 1.000000000000000000, 0.0000000000000000000, 0.0000000000000000000 ) ) ;
#800 = LINE ( 'NONE', #3339, #2076 ) ;
#801 = CIRCLE ( 'NONE', #268, 0.2600000000000000089 ) ;
#802 = DIRECTION ( 'NONE',  ( 1.000000000000000000, 0.0000000000000000000, 0.0000000000000000000 ) ) ;
#803 = DIRECTION ( 'NONE',  ( -1.000000000000000000, 0.0000000000000000000, 0.0000000000000000000 ) ) ;
#804 = AXIS2_PLACEMENT_3D ( 'NONE', #747, #1619, #2994 ) ;
#805 = VECTOR ( 'NONE', #1091, 1000.000000000000000 ) ;
#806 = EDGE_LOOP ( 'NONE', ( #3619, #3245, #2985, #3093 ) ) ;
#807 = DIRECTION ( 'NONE',  ( 0.0000000000000000000, 0.0000000000000000000, -1.000000000000000000 ) ) ;
#808 = DIRECTION ( 'NONE',  ( 1.000000000000000000, 0.0000000000000000000, 0.0000000000000000000 ) ) ;
#809 = LINE ( 'NONE', #1685, #1983 ) ;
#810 = VECTOR ( 'NONE', #2675, 1000.000000000000000 ) ;
#811 = VERTEX_POINT ( 'NONE', #3567 ) ;
#812 = EDGE_CURVE ( 'NONE', #3103, #2780, #1668, .T. ) ;
#813 = FACE_OUTER_BOUND ( 'NONE', #2005, .T. ) ;
#814 = DIRECTION ( 'NONE',  ( 0.0000000000000000000, 0.0000000000000000000, 1.000000000000000000 ) ) ;
#815 = FACE_OUTER_BOUND ( 'NONE', #3035, .T. ) ;
#816 = ADVANCED_FACE ( 'NONE', ( #2803 ), #827, .F. ) ;
#817 = ORIENTED_EDGE ( 'NONE', *, *, #29, .F. ) ;
#818 = LINE ( 'NONE', #3050, #2208 ) ;
#819 = PRESENTATION_STYLE_ASSIGNMENT (( #778 ) ) ;
#820 = DIRECTION ( 'NONE',  ( -1.000000000000000000, 1.224646799147343346E-16, 0.0000000000000000000 ) ) ;
#821 = ORIENTED_EDGE ( 'NONE', *, *, #2717, .F. ) ;
#822 = ORIENTED_EDGE ( 'NONE', *, *, #2651, .F. ) ;
#823 = CARTESIAN_POINT ( 'NONE',  ( 0.0000000000000000000, 0.0000000000000000000, 0.4899999999999999911 ) ) ;
#824 =( GEOMETRIC_REPRESENTATION_CONTEXT ( 3 ) GLOBAL_UNCERTAINTY_ASSIGNED_CONTEXT ( ( #3625 ) ) GLOBAL_UNIT_ASSIGNED_CONTEXT ( ( #3601, #2458, #3583 ) ) REPRESENTATION_CONTEXT ( 'NONE', 'WORKASPACE' ) );
#825 = DIRECTION ( 'NONE',  ( -0.0000000000000000000, 0.0000000000000000000, -1.000000000000000000 ) ) ;
#826 = EDGE_LOOP ( 'NONE', ( #662, #157, #2411, #50 ) ) ;
#827 = PLANE ( 'NONE',  #3477 ) ;
#828 = CARTESIAN_POINT ( 'NONE',  ( 0.9566750789897010554, 0.2911602014465309307, 0.4899999999999999911 ) ) ;
#829 = PLANE ( 'NONE',  #2207 ) ;
#830 = EDGE_CURVE ( 'NONE', #1978, #763, #2302, .T. ) ;
#831 = AXIS2_PLACEMENT_3D ( 'NONE', #544, #1674, #300 ) ;
#832 = ORIENTED_EDGE ( 'NONE', *, *, #478, .F. ) ;
#833 = FACE_OUTER_BOUND ( 'NONE', #3316, .T. ) ;
#834 = CARTESIAN_POINT ( 'NONE',  ( 0.0000000000000000000, 0.0000000000000000000, 0.4948538210470819765 ) ) ;
#835 = CARTESIAN_POINT ( 'NONE',  ( 1.000000000000000000, 1.224646799147353207E-16, 0.4999999999999998890 ) ) ;
#836 = ORIENTED_EDGE ( 'NONE', *, *, #3521, .F. ) ;
#837 = EDGE_CURVE ( 'NONE', #1978, #1343, #3383, .T. ) ;
#838 = EDGE_CURVE ( 'NONE', #925, #869, #3113, .T. ) ;
#839 = ORIENTED_EDGE ( 'NONE', *, *, #2402, .F. ) ;
#840 = CARTESIAN_POINT ( 'NONE',  ( -1.050000000000000044, 0.2999999999999999334, 0.0000000000000000000 ) ) ;
#841 = ADVANCED_FACE ( 'NONE', ( #2007 ), #1142, .T. ) ;
#842 = ORIENTED_EDGE ( 'NONE', *, *, #1917, .T. ) ;
#843 = AXIS2_PLACEMENT_3D ( 'NONE', #2354, #2256, #3379 ) ;
#844 = CARTESIAN_POINT ( 'NONE',  ( -1.050000000000000044, 0.2999999999999999334, 0.3499999999999999778 ) ) ;
#845 = ORIENTED_EDGE ( 'NONE', *, *, #1917, .F. ) ;
#846 = ORIENTED_EDGE ( 'NONE', *, *, #468, .T. ) ;
#847 = SURFACE_STYLE_USAGE ( .BOTH. , #36 ) ;
#848 = CARTESIAN_POINT ( 'NONE',  ( 0.4446849465177212246, -0.2992250694361296981, -0.007696376225044259702 ) ) ;
#849 = AXIS2_PLACEMENT_3D ( 'NONE', #672, #2300, #1796 ) ;
#850 = LINE ( 'NONE', #1938, #3254 ) ;
#851 = ADVANCED_FACE ( 'NONE', ( #2549 ), #1495, .T. ) ;
#852 = ORIENTED_EDGE ( 'NONE', *, *, #471, .T. ) ;
#853 = DIRECTION ( 'NONE',  ( 0.0000000000000000000, 0.0000000000000000000, -1.000000000000000000 ) ) ;
#854 = DIRECTION ( 'NONE',  ( 0.0000000000000000000, 0.0000000000000000000, 1.000000000000000000 ) ) ;
#855 = ORIENTED_EDGE ( 'NONE', *, *, #857, .F. ) ;
#856 = ORIENTED_EDGE ( 'NONE', *, *, #2149, .F. ) ;
#857 = EDGE_CURVE ( 'NONE', #1853, #106, #2587, .T. ) ;
#858 = DIRECTION ( 'NONE',  ( 0.0000000000000000000, 0.0000000000000000000, -1.000000000000000000 ) ) ;
#859 = VECTOR ( 'NONE', #1518, 1000.000000000000000 ) ;
#860 = ADVANCED_FACE ( 'NONE', ( #330, #1164 ), #1444, .F. ) ;
#861 = AXIS2_PLACEMENT_3D ( 'NONE', #791, #1413, #2238 ) ;
#862 = VECTOR ( 'NONE', #3223, 1000.000000000000000 ) ;
#863 = ORIENTED_EDGE ( 'NONE', *, *, #877, .F. ) ;
#864 = DIRECTION ( 'NONE',  ( 0.0000000000000000000, 0.0000000000000000000, -1.000000000000000000 ) ) ;
#865 = VECTOR ( 'NONE', #2742, 1000.000000000000000 ) ;
#866 = VERTEX_POINT ( 'NONE', #2875 ) ;
#867 = CIRCLE ( 'NONE', #2808, 0.02000000000000005246 ) ;
#868 = CARTESIAN_POINT ( 'NONE',  ( 0.9567598726815613741, -0.2908803744725030893, 0.4900000000003537637 ) ) ;
#869 = VERTEX_POINT ( 'NONE', #612 ) ;
#870 = DIRECTION ( 'NONE',  ( -1.000000000000000000, 0.0000000000000000000, 0.0000000000000000000 ) ) ;
#871 = CARTESIAN_POINT ( 'NONE',  ( 0.0000000000000000000, 0.0000000000000000000, 0.4999999999999998890 ) ) ;
#872 = ORIENTED_EDGE ( 'NONE', *, *, #1871, .T. ) ;
#873 = DIRECTION ( 'NONE',  ( -0.0000000000000000000, -0.0000000000000000000, 1.000000000000000000 ) ) ;
#874 = EDGE_CURVE ( 'NONE', #1192, #291, #89, .T. ) ;
#875 = ORIENTED_EDGE ( 'NONE', *, *, #3578, .T. ) ;
#876 = ORIENTED_EDGE ( 'NONE', *, *, #2579, .F. ) ;
#877 = EDGE_CURVE ( 'NONE', #869, #3560, #897, .T. ) ;
#878 = ORIENTED_EDGE ( 'NONE', *, *, #82, .F. ) ;
#879 = CIRCLE ( 'NONE', #2528, 0.01000000000000002623 ) ;
#880 = DIRECTION ( 'NONE',  ( -1.000000000000000000, 0.0000000000000000000, 0.0000000000000000000 ) ) ;
#881 = PLANE ( 'NONE',  #3173 ) ;
#882 = CARTESIAN_POINT ( 'NONE',  ( 0.8900000000000001243, 1.300000000000000266, 0.1300000000000000044 ) ) ;
#883 = ORIENTED_EDGE ( 'NONE', *, *, #1222, .F. ) ;
#884 = CARTESIAN_POINT ( 'NONE',  ( 1.550000000000000266, 0.2999999999999999889, 0.3499999999999999778 ) ) ;
#885 = DIRECTION ( 'NONE',  ( -0.0000000000000000000, -0.0000000000000000000, 1.000000000000000000 ) ) ;
#886 = STYLED_ITEM ( 'NONE', ( #819 ), #2967 ) ;
#887 = DIRECTION ( 'NONE',  ( 1.000000000000000000, 0.0000000000000000000, 0.0000000000000000000 ) ) ;
#888 = ORIENTED_EDGE ( 'NONE', *, *, #1821, .T. ) ;
#889 = ORIENTED_EDGE ( 'NONE', *, *, #743, .T. ) ;
#890 = LINE ( 'NONE', #2884, #1029 ) ;
#891 = ORIENTED_EDGE ( 'NONE', *, *, #930, .F. ) ;
#892 = EDGE_CURVE ( 'NONE', #3455, #2780, #3161, .T. ) ;
#893 = LINE ( 'NONE', #32, #1572 ) ;
#894 = ORIENTED_EDGE ( 'NONE', *, *, #947, .F. ) ;
#895 = AXIS2_PLACEMENT_3D ( 'NONE', #2474, #3342, #2162 ) ;
#896 = EDGE_CURVE ( 'NONE', #1590, #2380, #1772, .T. ) ;
#897 = LINE ( 'NONE', #3141, #491 ) ;
#898 = DIRECTION ( 'NONE',  ( 0.0000000000000000000, -1.000000000000000000, -0.0000000000000000000 ) ) ;
#899 = CARTESIAN_POINT ( 'NONE',  ( 0.8900000000000001243, 1.300000000000000266, 0.1500000000000000222 ) ) ;
#900 = AXIS2_PLACEMENT_3D ( 'NONE', #1959, #2510, #3634 ) ;
#901 = EDGE_CURVE ( 'NONE', #2798, #2431, #2824, .T. ) ;
#902 = AXIS2_PLACEMENT_3D ( 'NONE', #409, #1592, #2988 ) ;
#903 = ORIENTED_EDGE ( 'NONE', *, *, #790, .F. ) ;
#904 = PRESENTATION_STYLE_ASSIGNMENT (( #1712 ) ) ;
#905 = FACE_OUTER_BOUND ( 'NONE', #1321, .T. ) ;
#906 = CARTESIAN_POINT ( 'NONE',  ( 1.290000000000000036, 1.050000000000000044, 0.3399999999999999689 ) ) ;
#907 = VERTEX_POINT ( 'NONE', #2260 ) ;
#908 = CLOSED_SHELL ( 'NONE', ( #3063, #451, #221, #2793, #315, #2923, #2472, #2136, #3554, #2352, #2264, #1788, #1893, #1261, #2538, #3215, #2495, #174, #3171, #158, #2976, #2003, #200, #1741, #2751, #565, #2967, #1851, #2464, #2414, #1265, #3472, #1309, #860, #1586, #3275, #2008, #3501, #2068, #354, #3377, #335, #1805, #3009, #680, #705, #2309, #1131, #2250, #816, #736, #2030, #1867, #2865, #3436, #3568, #1063, #3544, #2025, #941, #1658, #1840, #1883, #1109, #3263, #3459, #989, #701, #1455, #2314, #2950, #3070, #2155, #2606, #1447, #2625, #1764, #3416, #594, #3573, #528, #1654, #1830, #951, #2204, #115, #2697, #2746, #2932, #180, #2595, #851, #2221, #3042, #1721, #2899, #2906, #3017, #681, #130, #841, #452, #923, #1384, #1154, #3166, #2400, #358, #969, #3111, #2216, #1510, #2544, #2329, #3615, #3325, #2447, #1635, #2820, #2535, #1985 ) ) ;
#909 = CARTESIAN_POINT ( 'NONE',  ( 0.9299999999999998268, 0.0000000000000000000, 0.0000000000000000000 ) ) ;
#910 = AXIS2_PLACEMENT_3D ( 'NONE', #60, #1484, #1527 ) ;
#911 = EDGE_LOOP ( 'NONE', ( #1303, #1939, #1176, #3073 ) ) ;
#912 = DIRECTION ( 'NONE',  ( -0.0000000000000000000, -0.0000000000000000000, -1.000000000000000000 ) ) ;
#913 = VECTOR ( 'NONE', #3478, 1000.000000000000000 ) ;
#914 = EDGE_LOOP ( 'NONE', ( #2581, #2958, #3396, #1753 ) ) ;
#915 = EDGE_CURVE ( 'NONE', #178, #1136, #2077, .T. ) ;
#916 = VECTOR ( 'NONE', #2328, 1000.000000000000000 ) ;
#917 = VECTOR ( 'NONE', #2331, 1000.000000000000000 ) ;
#918 = CARTESIAN_POINT ( 'NONE',  ( -1.050000000000000044, 1.050000000000000044, 0.3499999999999999778 ) ) ;
#919 = DIRECTION ( 'NONE',  ( -1.000000000000000000, 0.0000000000000000000, 0.0000000000000000000 ) ) ;
#920 = CARTESIAN_POINT ( 'NONE',  ( -0.9958123819371912377, 0.0000000000000000000, 0.5029911557591489890 ) ) ;
#921 = VECTOR ( 'NONE', #170, 1000.000000000000000 ) ;
#922 = CIRCLE ( 'NONE', #2210, 0.01000000000000000021 ) ;
#923 = ADVANCED_FACE ( 'NONE', ( #2326 ), #2907, .T. ) ;
#924 = VECTOR ( 'NONE', #1578, 1000.000000000000000 ) ;
#925 = VERTEX_POINT ( 'NONE', #2943 ) ;
#926 = FILL_AREA_STYLE ('',( #2861 ) ) ;
#927 = DIRECTION ( 'NONE',  ( 0.0000000000000000000, 0.0000000000000000000, -1.000000000000000000 ) ) ;
#928 = CARTESIAN_POINT ( 'NONE',  ( -0.8399999999999999689, 0.0000000000000000000, 0.3499999999999999778 ) ) ;
#929 = CIRCLE ( 'NONE', #1163, 0.01000000000000002623 ) ;
#930 = EDGE_CURVE ( 'NONE', #3086, #64, #3202, .T. ) ;
#931 = CARTESIAN_POINT ( 'NONE',  ( 0.9899999999999999911, 1.212400331155879702E-16, 1.175857864376268935 ) ) ;
#932 = ORIENTED_EDGE ( 'NONE', *, *, #1148, .F. ) ;
#933 = DIRECTION ( 'NONE',  ( 1.000000000000000000, 0.0000000000000000000, 0.0000000000000000000 ) ) ;
#934 = ORIENTED_EDGE ( 'NONE', *, *, #1536, .T. ) ;
#935 = CARTESIAN_POINT ( 'NONE',  ( 0.8894003300729653727, -0.2999999999999999889, 0.4799999999999999822 ) ) ;
#936 = DIRECTION ( 'NONE',  ( 0.0000000000000000000, -1.000000000000000000, 0.0000000000000000000 ) ) ;
#937 = DIRECTION ( 'NONE',  ( -0.0000000000000000000, -0.0000000000000000000, 1.000000000000000000 ) ) ;
#938 = VECTOR ( 'NONE', #1217, 1000.000000000000000 ) ;
#939 = EDGE_LOOP ( 'NONE', ( #1644, #1270, #2270, #1694, #2071, #1318, #3232 ) ) ;
#940 = CARTESIAN_POINT ( 'NONE',  ( 0.9570266453970860399, 0.2899999999999999800, 0.4899999999999999911 ) ) ;
#941 = ADVANCED_FACE ( 'NONE', ( #385 ), #3469, .F. ) ;
#942 = DIRECTION ( 'NONE',  ( 1.000000000000000000, 0.0000000000000000000, 0.0000000000000000000 ) ) ;
#943 = DIRECTION ( 'NONE',  ( 1.224646799147353207E-16, 1.000000000000000000, -0.0000000000000000000 ) ) ;
#944 = MECHANICAL_DESIGN_GEOMETRIC_PRESENTATION_REPRESENTATION (  '', ( #3349 ), #2942 ) ;
#945 = SURFACE_SIDE_STYLE ('',( #79 ) ) ;
#946 = EDGE_CURVE ( 'NONE', #1807, #1690, #1011, .T. ) ;
#947 = EDGE_CURVE ( 'NONE', #3129, #588, #125, .T. ) ;
#948 = DIRECTION ( 'NONE',  ( -0.0000000000000000000, -0.0000000000000000000, -1.000000000000000000 ) ) ;
#949 = PRESENTATION_LAYER_ASSIGNMENT (  '', '', ( #886 ) ) ;
#950 = ORIENTED_EDGE ( 'NONE', *, *, #410, .F. ) ;
#951 = ADVANCED_FACE ( 'NONE', ( #2061 ), #682, .T. ) ;
#952 = DIRECTION ( 'NONE',  ( -0.0000000000000000000, -0.0000000000000000000, -1.000000000000000000 ) ) ;
#953 = ORIENTED_EDGE ( 'NONE', *, *, #3549, .T. ) ;
#954 = DIRECTION ( 'NONE',  ( 0.0000000000000000000, -1.000000000000000000, 0.0000000000000000000 ) ) ;
#955 = SPHERICAL_SURFACE ( 'NONE', #255, 0.01000000000000000021 ) ;
#956 = CARTESIAN_POINT ( 'NONE',  ( -0.8899999999999999023, 1.500000000000000000, 0.1300000000000000044 ) ) ;
#957 = DIRECTION ( 'NONE',  ( 0.0000000000000000000, 1.000000000000000000, 0.0000000000000000000 ) ) ;
#958 = AXIS2_PLACEMENT_3D ( 'NONE', #3210, #2885, #1485 ) ;
#959 = ORIENTED_EDGE ( 'NONE', *, *, #386, .T. ) ;
#960 = DIRECTION ( 'NONE',  ( 9.637352644315598694E-16, 1.000000000000000000, 0.0000000000000000000 ) ) ;
#961 = B_SPLINE_CURVE_WITH_KNOTS ( 'NONE', 3,
 ( #15, #3114, #1823, #1517, #3181, #175, #1552, #3203, #404, #1838, #666, #144, #2113 ),
 .UNSPECIFIED., .F., .F.,
 ( 4, 3, 3, 3, 4 ),
 ( 1.117570019170468128E-19, 5.079220152013310115E-06, 1.203939114632206072E-05, 1.984327742142616977E-05, 2.047573300872046991E-05 ),
 .UNSPECIFIED. ) ;
#962 = CARTESIAN_POINT ( 'NONE',  ( -1.050000000000000044, 1.300000000000000044, 0.3499999999999999778 ) ) ;
#963 = VECTOR ( 'NONE', #2536, 1000.000000000000000 ) ;
#964 = DIRECTION ( 'NONE',  ( -0.0000000000000000000, -0.0000000000000000000, -1.000000000000000000 ) ) ;
#965 = EDGE_CURVE ( 'NONE', #2855, #1439, #975, .T. ) ;
#966 = CIRCLE ( 'NONE', #1616, 0.009999999999999998473 ) ;
#967 = CARTESIAN_POINT ( 'NONE',  ( 0.4499999999999999001, -0.2926794919243111970, -3.388131789017201356E-18 ) ) ;
#968 = CARTESIAN_POINT ( 'NONE',  ( 0.9000000000000000222, -1.500000000000000000, 0.1300000000000000044 ) ) ;
#969 = ADVANCED_FACE ( 'NONE', ( #3180 ), #3425, .F. ) ;
#970 = CIRCLE ( 'NONE', #3139, 0.9958123819371909047 ) ;
#971 = ORIENTED_EDGE ( 'NONE', *, *, #1676, .F. ) ;
#972 = EDGE_LOOP ( 'NONE', ( #1366, #3369, #832, #980 ) ) ;
#973 =( NAMED_UNIT ( * ) PLANE_ANGLE_UNIT ( ) SI_UNIT ( $, .RADIAN. ) );
#974 = VERTEX_POINT ( 'NONE', #1290 ) ;
#975 = LINE ( 'NONE', #1822, #2960 ) ;
#976 = DIRECTION ( 'NONE',  ( -0.0000000000000000000, 0.0000000000000000000, -1.000000000000000000 ) ) ;
#977 = CYLINDRICAL_SURFACE ( 'NONE', #686, 0.009999999999999998473 ) ;
#978 = CIRCLE ( 'NONE', #95, 0.009999999999999998473 ) ;
#979 = AXIS2_PLACEMENT_3D ( 'NONE', #2730, #777, #3029 ) ;
#980 = ORIENTED_EDGE ( 'NONE', *, *, #677, .F. ) ;
#981 = DIRECTION ( 'NONE',  ( -1.000000000000000000, 0.0000000000000000000, 0.0000000000000000000 ) ) ;
#982 = FACE_OUTER_BOUND ( 'NONE', #3001, .T. ) ;
#983 = PRESENTATION_LAYER_ASSIGNMENT (  '', '', ( #2620 ) ) ;
#984 = VECTOR ( 'NONE', #3345, 1000.000000000000000 ) ;
#985 = SURFACE_STYLE_USAGE ( .BOTH. , #2137 ) ;
#986 = DIRECTION ( 'NONE',  ( 0.0000000000000000000, 0.0000000000000000000, 1.000000000000000000 ) ) ;
#987 = CARTESIAN_POINT ( 'NONE',  ( -1.310000000000000053, -0.2899999999999999800, -0.01000000000000000021 ) ) ;
#988 = AXIS2_PLACEMENT_3D ( 'NONE', #2057, #2617, #991 ) ;
#989 = ADVANCED_FACE ( 'NONE', ( #2929 ), #955, .T. ) ;
#990 = VERTEX_POINT ( 'NONE', #420 ) ;
#991 = DIRECTION ( 'NONE',  ( 1.000000000000000000, 0.0000000000000000000, 0.0000000000000000000 ) ) ;
#992 = EDGE_CURVE ( 'NONE', #1968, #2511, #995, .T. ) ;
#993 = ORIENTED_EDGE ( 'NONE', *, *, #1385, .T. ) ;
#994 = ORIENTED_EDGE ( 'NONE', *, *, #1143, .F. ) ;
#995 = LINE ( 'NONE', #2961, #2254 ) ;
#996 = EDGE_CURVE ( 'NONE', #1439, #1293, #665, .T. ) ;
#997 = DIRECTION ( 'NONE',  ( 0.0000000000000000000, 0.0000000000000000000, 1.000000000000000000 ) ) ;
#998 = FACE_OUTER_BOUND ( 'NONE', #517, .T. ) ;
#999 = SURFACE_STYLE_FILL_AREA ( #1539 ) ;
#1000 = SURFACE_STYLE_USAGE ( .BOTH. , #690 ) ;
#1001 = CYLINDRICAL_SURFACE ( 'NONE', #730, 0.2500000000000000000 ) ;
#1002 = DIRECTION ( 'NONE',  ( -1.000000000000000000, 0.0000000000000000000, 0.0000000000000000000 ) ) ;
#1003 = DIRECTION ( 'NONE',  ( -1.000000000000000000, 0.0000000000000000000, 0.0000000000000000000 ) ) ;
#1004 = VECTOR ( 'NONE', #1369, 1000.000000000000000 ) ;
#1005 = DIRECTION ( 'NONE',  ( 1.000000000000000000, 0.0000000000000000000, 0.0000000000000000000 ) ) ;
#1006 = EDGE_LOOP ( 'NONE', ( #2818, #993, #1686, #3286 ) ) ;
#1007 = VECTOR ( 'NONE', #1481, 1000.000000000000000 ) ;
#1008 = DIRECTION ( 'NONE',  ( -0.0000000000000000000, -0.0000000000000000000, 1.000000000000000000 ) ) ;
#1009 = ORIENTED_EDGE ( 'NONE', *, *, #795, .T. ) ;
#1010 = EDGE_CURVE ( 'NONE', #1051, #678, #556, .T. ) ;
#1011 = LINE ( 'NONE', #935, #2021 ) ;
#1012 = CARTESIAN_POINT ( 'NONE',  ( 0.0000000000000000000, 0.0000000000000000000, 1.250000000000000000 ) ) ;
#1013 = CARTESIAN_POINT ( 'NONE',  ( -1.289999999999999813, -1.050000000000000266, 0.3399999999999999689 ) ) ;
#1014 = ORIENTED_EDGE ( 'NONE', *, *, #1622, .F. ) ;
#1015 = EDGE_CURVE ( 'NONE', #3576, #2276, #1516, .T. ) ;
#1016 = CARTESIAN_POINT ( 'NONE',  ( -0.9000000000000000222, 1.500000000000000000, -0.01000000000000000021 ) ) ;
#1017 = CARTESIAN_POINT ( 'NONE',  ( 0.0000000000000000000, 0.0000000000000000000, 1.250000000000000000 ) ) ;
#1018 = DIRECTION ( 'NONE',  ( -1.000000000000000000, 0.0000000000000000000, 0.0000000000000000000 ) ) ;
#1019 = EDGE_CURVE ( 'NONE', #3576, #2554, #721, .T. ) ;
#1020 = VECTOR ( 'NONE', #3014, 1000.000000000000000 ) ;
#1021 = CARTESIAN_POINT ( 'NONE',  ( 0.9000000000000003553, 1.050000000000001821, 0.0000000000000000000 ) ) ;
#1022 = CARTESIAN_POINT ( 'NONE',  ( 1.290000000000000036, -0.2999999999999999334, 0.3499999999999999778 ) ) ;
#1023 = CARTESIAN_POINT ( 'NONE',  ( -1.300000000000000044, -0.3099999999999999423, 0.0000000000000000000 ) ) ;
#1024 = AXIS2_PLACEMENT_3D ( 'NONE', #2410, #151, #1316 ) ;
#1025 = VERTEX_POINT ( 'NONE', #2112 ) ;
#1026 = CIRCLE ( 'NONE', #849, 0.9258578643762689353 ) ;
#1027 = CARTESIAN_POINT ( 'NONE',  ( 1.290000000000000036, 1.050000000000000044, 0.3399999999999999689 ) ) ;
#1028 = ORIENTED_EDGE ( 'NONE', *, *, #93, .F. ) ;
#1029 = VECTOR ( 'NONE', #355, 1000.000000000000000 ) ;
#1030 = DIRECTION ( 'NONE',  ( -0.0000000000000000000, -0.0000000000000000000, -1.000000000000000000 ) ) ;
#1031 = DIRECTION ( 'NONE',  ( -1.000000000000000000, 4.336808689942030989E-14, 0.0000000000000000000 ) ) ;
#1032 = ORIENTED_EDGE ( 'NONE', *, *, #82, .T. ) ;
#1033 = CARTESIAN_POINT ( 'NONE',  ( 0.9000000000000000222, -1.500000000000000000, 0.0000000000000000000 ) ) ;
#1034 = CARTESIAN_POINT ( 'NONE',  ( -1.301920332280676940, -0.2991581412742478352, -0.007617552318983019342 ) ) ;
#1035 = SURFACE_STYLE_USAGE ( .BOTH. , #3225 ) ;
#1036 = AXIS2_PLACEMENT_3D ( 'NONE', #3426, #3169, #99 ) ;
#1037 = EDGE_CURVE ( 'NONE', #3473, #2142, #159, .T. ) ;
#1038 = CIRCLE ( 'NONE', #391, 0.01000000000000002623 ) ;
#1039 = EDGE_LOOP ( 'NONE', ( #1246, #12, #210 ) ) ;
#1040 = DIRECTION ( 'NONE',  ( 1.000000000000000000, -9.637352644315598694E-16, 0.0000000000000000000 ) ) ;
#1041 = CARTESIAN_POINT ( 'NONE',  ( 0.9000000000000000222, 1.489999999999999991, 0.1300000000000000044 ) ) ;
#1042 = EDGE_CURVE ( 'NONE', #2939, #1387, #1855, .T. ) ;
#1043 = TOROIDAL_SURFACE ( 'NONE', #861, 0.9258578643762689353, 0.01000000000000000021 ) ;
#1044 = ORIENTED_EDGE ( 'NONE', *, *, #25, .F. ) ;
#1045 = EDGE_LOOP ( 'NONE', ( #3248, #2455 ) ) ;
#1046 = CARTESIAN_POINT ( 'NONE',  ( -1.539999999999999591, 0.2999999999999999889, -0.01000000000000000021 ) ) ;
#1047 = ORIENTED_EDGE ( 'NONE', *, *, #26, .T. ) ;
#1048 = EDGE_LOOP ( 'NONE', ( #780, #2757, #3437 ) ) ;
#1049 = CARTESIAN_POINT ( 'NONE',  ( -0.9000000000000000222, 1.489999999999999991, -0.01000000000000000021 ) ) ;
#1050 = LINE ( 'NONE', #2799, #2443 ) ;
#1051 = VERTEX_POINT ( 'NONE', #1665 ) ;
#1052 = CARTESIAN_POINT ( 'NONE',  ( 0.4499999999999999001, 0.2999999999999999334, 0.0000000000000000000 ) ) ;
#1053 = CARTESIAN_POINT ( 'NONE',  ( -0.9100000000000002531, 1.310000000000000053, 0.1300000000000000044 ) ) ;
#1054 = LINE ( 'NONE', #3335, #2368 ) ;
#1055 = EDGE_CURVE ( 'NONE', #1649, #2501, #426, .T. ) ;
#1056 = ORIENTED_EDGE ( 'NONE', *, *, #2585, .F. ) ;
#1057 = PLANE ( 'NONE',  #3551 ) ;
#1058 = FACE_OUTER_BOUND ( 'NONE', #334, .T. ) ;
#1059 = CARTESIAN_POINT ( 'NONE',  ( 0.8900000000000001243, -1.300000000000000266, 0.1400000000000000133 ) ) ;
#1060 = ORIENTED_EDGE ( 'NONE', *, *, #1724, .F. ) ;
#1061 = EDGE_CURVE ( 'NONE', #2015, #2872, #1254, .T. ) ;
#1062 = CIRCLE ( 'NONE', #2637, 0.2500000000000002220 ) ;
#1063 = ADVANCED_FACE ( 'NONE', ( #2198 ), #769, .T. ) ;
#1064 = ORIENTED_EDGE ( 'NONE', *, *, #2421, .T. ) ;
#1065 = FACE_OUTER_BOUND ( 'NONE', #1487, .T. ) ;
#1066 = PRODUCT_DEFINITION_FORMATION_WITH_SPECIFIED_SOURCE ( 'ANY', '', #1415, .NOT_KNOWN. ) ;
#1067 = ORIENTED_EDGE ( 'NONE', *, *, #1910, .T. ) ;
#1068 = ORIENTED_EDGE ( 'NONE', *, *, #2839, .T. ) ;
#1069 = CIRCLE ( 'NONE', #831, 0.01000000000000002623 ) ;
#1070 = DIRECTION ( 'NONE',  ( 0.0000000000000000000, 0.0000000000000000000, -1.000000000000000000 ) ) ;
#1071 = SURFACE_SIDE_STYLE ('',( #3288 ) ) ;
#1072 = DIRECTION ( 'NONE',  ( -1.000000000000000000, -1.032573497605242347E-16, 0.0000000000000000000 ) ) ;
#1073 = ORIENTED_EDGE ( 'NONE', *, *, #569, .T. ) ;
#1074 = AXIS2_PLACEMENT_3D ( 'NONE', #1540, #2644, #981 ) ;
#1075 = CARTESIAN_POINT ( 'NONE',  ( 0.8899999999999999023, -1.489999999999999991, 0.0000000000000000000 ) ) ;
#1076 = CARTESIAN_POINT ( 'NONE',  ( 0.9563164206596898032, 0.2923357891380459206, 0.4897929035762529359 ) ) ;
#1077 = DIRECTION ( 'NONE',  ( 0.0000000000000000000, 0.0000000000000000000, -1.000000000000000000 ) ) ;
#1078 = ORIENTED_EDGE ( 'NONE', *, *, #1718, .F. ) ;
#1079 = PLANE ( 'NONE',  #1329 ) ;
#1080 = CARTESIAN_POINT ( 'NONE',  ( 0.9570266453970860399, -0.2899999999999999800, 0.4899999999999999911 ) ) ;
#1081 = CARTESIAN_POINT ( 'NONE',  ( 0.9000000000000002442, -1.300000000000000266, 0.3499999999999999778 ) ) ;
#1082 = AXIS2_PLACEMENT_3D ( 'NONE', #1098, #3068, #3031 ) ;
#1083 = DIRECTION ( 'NONE',  ( -0.0000000000000000000, 1.000000000000000000, 0.0000000000000000000 ) ) ;
#1084 = AXIS2_PLACEMENT_3D ( 'NONE', #906, #3186, #114 ) ;
#1085 = ORIENTED_EDGE ( 'NONE', *, *, #1019, .F. ) ;
#1086 = PLANE ( 'NONE',  #1195 ) ;
#1087 = PRODUCT_CONTEXT ( 'NONE', #195, 'mechanical' ) ;
#1088 = PLANE ( 'NONE',  #2382 ) ;
#1089 = EDGE_CURVE ( 'NONE', #3393, #1617, #2763, .T. ) ;
#1090 = ORIENTED_EDGE ( 'NONE', *, *, #1288, .F. ) ;
#1091 = DIRECTION ( 'NONE',  ( 0.7071067811865474617, 8.659560562354931626E-17, -0.7071067811865475727 ) ) ;
#1092 = CARTESIAN_POINT ( 'NONE',  ( 0.4489422050340733938, -0.2945784328622275128, -0.009855108772968782307 ) ) ;
#1093 = DIRECTION ( 'NONE',  ( -9.637352644315598694E-16, 1.000000000000000000, 0.0000000000000000000 ) ) ;
#1094 = ORIENTED_EDGE ( 'NONE', *, *, #1173, .T. ) ;
#1095 = CIRCLE ( 'NONE', #1400, 0.01000000000000002623 ) ;
#1096 = DIRECTION ( 'NONE',  ( 0.8137334712067356701, 0.0000000000000000000, 0.5812381937190955750 ) ) ;
#1097 =( NAMED_UNIT ( * ) PLANE_ANGLE_UNIT ( ) SI_UNIT ( $, .RADIAN. ) );
#1098 = CARTESIAN_POINT ( 'NONE',  ( 0.8900000000000003464, -1.050000000000000044, 0.0000000000000000000 ) ) ;
#1099 = AXIS2_PLACEMENT_3D ( 'NONE', #1993, #1464, #2572 ) ;
#1100 = CARTESIAN_POINT ( 'NONE',  ( -1.050000000000000044, 1.050000000000000044, 0.3399999999999999689 ) ) ;
#1101 = VECTOR ( 'NONE', #1932, 1000.000000000000000 ) ;
#1102 = VECTOR ( 'NONE', #674, 1000.000000000000000 ) ;
#1103 = ORIENTED_EDGE ( 'NONE', *, *, #1215, .T. ) ;
#1104 = EDGE_CURVE ( 'NONE', #48, #1471, #76, .T. ) ;
#1105 = DIRECTION ( 'NONE',  ( 1.000000000000000000, 0.0000000000000000000, -0.0000000000000000000 ) ) ;
#1106 = DIRECTION ( 'NONE',  ( 1.000000000000000000, 0.0000000000000000000, 0.0000000000000000000 ) ) ;
#1107 = TOROIDAL_SURFACE ( 'NONE', #3336, 0.9899999999999999911, 0.01000000000000000021 ) ;
#1108 = ORIENTED_EDGE ( 'NONE', *, *, #577, .T. ) ;
#1109 = ADVANCED_FACE ( 'NONE', ( #1624 ), #1347, .T. ) ;
#1110 = EDGE_CURVE ( 'NONE', #811, #3284, #1890, .T. ) ;
#1111 = DIRECTION ( 'NONE',  ( 0.0000000000000000000, 1.000000000000000000, 0.0000000000000000000 ) ) ;
#1112 = CARTESIAN_POINT ( 'NONE',  ( 0.4408051302265464377, -0.3010425912285329964, -0.005486388547806298616 ) ) ;
#1113 = CARTESIAN_POINT ( 'NONE',  ( 0.0000000000000000000, 0.0000000000000000000, 0.4999999999999998890 ) ) ;
#1114 = ORIENTED_EDGE ( 'NONE', *, *, #1765, .T. ) ;
#1115 = DIRECTION ( 'NONE',  ( 1.000000000000000000, 0.0000000000000000000, 0.0000000000000000000 ) ) ;
#1116 = DIRECTION ( 'NONE',  ( -1.000000000000000000, 0.0000000000000000000, 0.0000000000000000000 ) ) ;
#1117 = CYLINDRICAL_SURFACE ( 'NONE', #2959, 0.8499999999999999778 ) ;
#1118 = ORIENTED_EDGE ( 'NONE', *, *, #310, .F. ) ;
#1119 = CARTESIAN_POINT ( 'NONE',  ( 1.290000000000000036, -0.2999999999999999334, 0.3399999999999999689 ) ) ;
#1120 = ORIENTED_EDGE ( 'NONE', *, *, #29, .T. ) ;
#1121 = CARTESIAN_POINT ( 'NONE',  ( -1.539999999999999591, 0.2899999999999999245, 0.1300000000000000044 ) ) ;
#1122 = AXIS2_PLACEMENT_3D ( 'NONE', #1354, #2749, #1897 ) ;
#1123 = CARTESIAN_POINT ( 'NONE',  ( 0.0000000000000000000, 0.0000000000000000000, -0.01000000000000000021 ) ) ;
#1124 = EDGE_LOOP ( 'NONE', ( #47, #1987, #618, #700 ) ) ;
#1125 = EDGE_CURVE ( 'NONE', #2197, #2713, #2956, .T. ) ;
#1126 = UNCERTAINTY_MEASURE_WITH_UNIT (LENGTH_MEASURE( 1.000000000000000082E-05 ), #1948, 'distance_accuracy_value', 'NONE');
#1127 = DIRECTION ( 'NONE',  ( 1.000000000000000000, -0.0000000000000000000, -0.0000000000000000000 ) ) ;
#1128 = CARTESIAN_POINT ( 'NONE',  ( 0.9000000000000002442, -1.300000000000000266, 0.0000000000000000000 ) ) ;
#1129 = DIRECTION ( 'NONE',  ( 1.000000000000000000, 0.0000000000000000000, 0.0000000000000000000 ) ) ;
#1130 = AXIS2_PLACEMENT_3D ( 'NONE', #1359, #2229, #3352 ) ;
#1131 = ADVANCED_FACE ( 'NONE', ( #232 ), #1086, .F. ) ;
#1132 = ORIENTED_EDGE ( 'NONE', *, *, #1416, .T. ) ;
#1133 = DIRECTION ( 'NONE',  ( -0.0000000000000000000, -0.0000000000000000000, -1.000000000000000000 ) ) ;
#1134 = DIRECTION ( 'NONE',  ( -9.637352644315598694E-16, -1.000000000000000000, -0.0000000000000000000 ) ) ;
#1135 = FACE_OUTER_BOUND ( 'NONE', #2170, .T. ) ;
#1136 = VERTEX_POINT ( 'NONE', #1368 ) ;
#1137 = DIRECTION ( 'NONE',  ( -0.8137334712067356701, 0.0000000000000000000, -0.5812381937190955750 ) ) ;
#1138 = ORIENTED_EDGE ( 'NONE', *, *, #2577, .F. ) ;
#1139 = FACE_OUTER_BOUND ( 'NONE', #2864, .T. ) ;
#1140 = SURFACE_SIDE_STYLE ('',( #1427 ) ) ;
#1141 = EDGE_LOOP ( 'NONE', ( #442, #564, #1787, #863 ) ) ;
#1142 = SPHERICAL_SURFACE ( 'NONE', #1899, 0.01000000000000000021 ) ;
#1143 = EDGE_CURVE ( 'NONE', #1410, #24, #549, .T. ) ;
#1144 = CARTESIAN_POINT ( 'NONE',  ( -1.550000000000000266, -0.2900000000000000355, -0.01000000000000000021 ) ) ;
#1145 = CARTESIAN_POINT ( 'NONE',  ( 0.8499999999999999778, 1.040949779275250140E-16, 1.239999999999999991 ) ) ;
#1146 = ORIENTED_EDGE ( 'NONE', *, *, #3090, .F. ) ;
#1147 = DIRECTION ( 'NONE',  ( 0.0000000000000000000, 0.0000000000000000000, 1.000000000000000000 ) ) ;
#1148 = EDGE_CURVE ( 'NONE', #3253, #474, #13, .T. ) ;
#1149 = DIRECTION ( 'NONE',  ( -2.065146995210484695E-16, 1.000000000000000000, 0.0000000000000000000 ) ) ;
#1150 = DIRECTION ( 'NONE',  ( -0.0000000000000000000, -0.0000000000000000000, -1.000000000000000000 ) ) ;
#1151 = ORIENTED_EDGE ( 'NONE', *, *, #577, .F. ) ;
#1152 = ORIENTED_EDGE ( 'NONE', *, *, #2928, .F. ) ;
#1153 = CARTESIAN_POINT ( 'NONE',  ( 0.0000000000000000000, 0.2899999999999999800, 0.4799999999999999822 ) ) ;
#1154 = ADVANCED_FACE ( 'NONE', ( #1682 ), #2497, .T. ) ;
#1155 = AXIS2_PLACEMENT_3D ( 'NONE', #1013, #957, #2931 ) ;
#1156 = VECTOR ( 'NONE', #1096, 999.9999999999998863 ) ;
#1157 = AXIS2_PLACEMENT_3D ( 'NONE', #1584, #699, #2979 ) ;
#1158 = ORIENTED_EDGE ( 'NONE', *, *, #1604, .T. ) ;
#1159 = EDGE_LOOP ( 'NONE', ( #1601, #2485, #2100, #2871 ) ) ;
#1160 = DIRECTION ( 'NONE',  ( -1.000000000000000000, 0.0000000000000000000, 0.0000000000000000000 ) ) ;
#1161 = AXIS2_PLACEMENT_3D ( 'NONE', #3301, #764, #3322 ) ;
#1162 = EDGE_LOOP ( 'NONE', ( #363, #638, #1460, #1885 ) ) ;
#1163 = AXIS2_PLACEMENT_3D ( 'NONE', #2323, #3448, #933 ) ;
#1164 = FACE_OUTER_BOUND ( 'NONE', #2231, .T. ) ;
#1165 = CARTESIAN_POINT ( 'NONE',  ( 0.9559032239083857796, -0.2936839581256804887, 0.4893619703030274715 ) ) ;
#1166 = FACE_OUTER_BOUND ( 'NONE', #798, .T. ) ;
#1167 = ORIENTED_EDGE ( 'NONE', *, *, #743, .F. ) ;
#1168 = PLANE ( 'NONE',  #445 ) ;
#1169 = DIRECTION ( 'NONE',  ( -1.032573497605242347E-16, 1.000000000000000000, -0.0000000000000000000 ) ) ;
#1170 = DIRECTION ( 'NONE',  ( 1.000000000000000000, 0.0000000000000000000, 0.0000000000000000000 ) ) ;
#1171 = ORIENTED_EDGE ( 'NONE', *, *, #636, .T. ) ;
#1172 = ORIENTED_EDGE ( 'NONE', *, *, #1061, .T. ) ;
#1173 = EDGE_CURVE ( 'NONE', #327, #1945, #1931, .T. ) ;
#1174 = SURFACE_STYLE_FILL_AREA ( #656 ) ;
#1175 = EDGE_CURVE ( 'NONE', #1909, #3151, #3039, .T. ) ;
#1176 = ORIENTED_EDGE ( 'NONE', *, *, #3258, .F. ) ;
#1177 = ORIENTED_EDGE ( 'NONE', *, *, #1125, .T. ) ;
#1178 = DIRECTION ( 'NONE',  ( -1.000000000000000000, 0.0000000000000000000, 0.0000000000000000000 ) ) ;
#1179 = ORIENTED_EDGE ( 'NONE', *, *, #3549, .F. ) ;
#1180 = EDGE_CURVE ( 'NONE', #2122, #3503, #3270, .T. ) ;
#1181 = LINE ( 'NONE', #2027, #938 ) ;
#1182 = CARTESIAN_POINT ( 'NONE',  ( -1.050000000000000044, 1.040000000000000036, 0.0000000000000000000 ) ) ;
#1183 = ORIENTED_EDGE ( 'NONE', *, *, #965, .F. ) ;
#1184 = FACE_OUTER_BOUND ( 'NONE', #3341, .T. ) ;
#1185 = CARTESIAN_POINT ( 'NONE',  ( 0.0000000000000000000, 0.0000000000000000000, 0.6970088442408507445 ) ) ;
#1186 = AXIS2_PLACEMENT_3D ( 'NONE', #834, #562, #282 ) ;
#1187 = DIRECTION ( 'NONE',  ( 1.000000000000000000, 0.0000000000000000000, 0.0000000000000000000 ) ) ;
#1188 = ORIENTED_EDGE ( 'NONE', *, *, #3285, .F. ) ;
#1189 = FACE_OUTER_BOUND ( 'NONE', #2866, .T. ) ;
#1190 = ORIENTED_EDGE ( 'NONE', *, *, #446, .F. ) ;
#1191 = EDGE_CURVE ( 'NONE', #2855, #1950, #487, .T. ) ;
#1192 = VERTEX_POINT ( 'NONE', #750 ) ;
#1193 = DIRECTION ( 'NONE',  ( -1.000000000000000000, 0.0000000000000000000, 0.0000000000000000000 ) ) ;
#1194 = EDGE_LOOP ( 'NONE', ( #194, #3056, #1523, #3399 ) ) ;
#1195 = AXIS2_PLACEMENT_3D ( 'NONE', #251, #1070, #3563 ) ;
#1196 = CARTESIAN_POINT ( 'NONE',  ( -1.540000000000000036, -0.2899999999999999800, 0.1300000000000000044 ) ) ;
#1197 = EDGE_CURVE ( 'NONE', #474, #576, #192, .T. ) ;
#1198 = FACE_OUTER_BOUND ( 'NONE', #3632, .T. ) ;
#1199 = DIRECTION ( 'NONE',  ( 1.000000000000000000, 0.0000000000000000000, 0.0000000000000000000 ) ) ;
#1200 = CIRCLE ( 'NONE', #1313, 0.2500000000000000000 ) ;
#1201 = VECTOR ( 'NONE', #1708, 1000.000000000000000 ) ;
#1202 = AXIS2_PLACEMENT_3D ( 'NONE', #2103, #182, #1879 ) ;
#1203 = ORIENTED_EDGE ( 'NONE', *, *, #2272, .T. ) ;
#1204 = SURFACE_SIDE_STYLE ('',( #1995 ) ) ;
#1205 = CARTESIAN_POINT ( 'NONE',  ( 0.8599999999999999867, 0.0000000000000000000, 1.250000000000000000 ) ) ;
#1206 = CARTESIAN_POINT ( 'NONE',  ( 0.9539392014169456591, 0.2999999999999998779, 1.250000000000000000 ) ) ;
#1207 = SURFACE_STYLE_USAGE ( .BOTH. , #1763 ) ;
#1208 = DIRECTION ( 'NONE',  ( -0.0000000000000000000, -0.0000000000000000000, 1.000000000000000000 ) ) ;
#1209 = ORIENTED_EDGE ( 'NONE', *, *, #3069, .T. ) ;
#1210 = DIRECTION ( 'NONE',  ( -1.000000000000000000, 0.0000000000000000000, 0.0000000000000000000 ) ) ;
#1211 = ORIENTED_EDGE ( 'NONE', *, *, #3302, .T. ) ;
#1212 = CARTESIAN_POINT ( 'NONE',  ( -0.8900000000000013456, -8.577243853440896505E-16, 0.0000000000000000000 ) ) ;
#1213 = ORIENTED_EDGE ( 'NONE', *, *, #1408, .T. ) ;
#1214 = TOROIDAL_SURFACE ( 'NONE', #3266, 0.2400000000000002132, 0.01000000000000000021 ) ;
#1215 = EDGE_CURVE ( 'NONE', #306, #2616, #610, .T. ) ;
#1216 = CARTESIAN_POINT ( 'NONE',  ( -0.9000000000000000222, -1.489999999999999991, -0.01000000000000000021 ) ) ;
#1217 = DIRECTION ( 'NONE',  ( -0.0000000000000000000, 1.000000000000000000, -0.0000000000000000000 ) ) ;
#1218 = DIRECTION ( 'NONE',  ( 0.0000000000000000000, -1.000000000000000000, -0.0000000000000000000 ) ) ;
#1219 = CIRCLE ( 'NONE', #3211, 0.009999999999999998473 ) ;
#1220 =( GEOMETRIC_REPRESENTATION_CONTEXT ( 3 ) GLOBAL_UNCERTAINTY_ASSIGNED_CONTEXT ( ( #1394 ) ) GLOBAL_UNIT_ASSIGNED_CONTEXT ( ( #163, #1256, #2370 ) ) REPRESENTATION_CONTEXT ( 'NONE', 'WORKASPACE' ) );
#1221 = EDGE_CURVE ( 'NONE', #3350, #3455, #2086, .T. ) ;
#1222 = EDGE_CURVE ( 'NONE', #309, #1136, #781, .T. ) ;
#1223 = VECTOR ( 'NONE', #1383, 1000.000000000000000 ) ;
#1224 = ORIENTED_EDGE ( 'NONE', *, *, #685, .T. ) ;
#1225 = DIRECTION ( 'NONE',  ( 0.0000000000000000000, 0.0000000000000000000, -1.000000000000000000 ) ) ;
#1226 = CARTESIAN_POINT ( 'NONE',  ( 0.0000000000000000000, 0.0000000000000000000, 1.175857864376268935 ) ) ;
#1227 = CARTESIAN_POINT ( 'NONE',  ( 1.300000000000000266, 1.050000000000000044, 0.0000000000000000000 ) ) ;
#1228 = CARTESIAN_POINT ( 'NONE',  ( 0.0000000000000000000, 0.0000000000000000000, 0.3499999999999999778 ) ) ;
#1229 = ORIENTED_EDGE ( 'NONE', *, *, #2601, .F. ) ;
#1230 = CARTESIAN_POINT ( 'NONE',  ( 1.545857864376269264, -0.3000000000000000444, 0.3400000000000000244 ) ) ;
#1231 = ORIENTED_EDGE ( 'NONE', *, *, #1554, .T. ) ;
#1232 = CYLINDRICAL_SURFACE ( 'NONE', #2152, 0.009999999999999998473 ) ;
#1233 = ORIENTED_EDGE ( 'NONE', *, *, #1765, .F. ) ;
#1234 = DIRECTION ( 'NONE',  ( -0.0000000000000000000, -0.0000000000000000000, -1.000000000000000000 ) ) ;
#1235 = DIRECTION ( 'NONE',  ( 1.000000000000000000, -0.0000000000000000000, 0.0000000000000000000 ) ) ;
#1236 = CARTESIAN_POINT ( 'NONE',  ( 0.9000000000000000222, 1.500000000000000000, 0.1300000000000000044 ) ) ;
#1237 = CIRCLE ( 'NONE', #3064, 0.01000000000000000021 ) ;
#1238 = ORIENTED_EDGE ( 'NONE', *, *, #1453, .F. ) ;
#1239 = CARTESIAN_POINT ( 'NONE',  ( -1.302470003318044300, -0.3007674131679657914, -0.005991309478374557199 ) ) ;
#1240 = DIRECTION ( 'NONE',  ( -0.0000000000000000000, -0.0000000000000000000, 1.000000000000000000 ) ) ;
#1241 = EDGE_CURVE ( 'NONE', #866, #1734, #2846, .T. ) ;
#1242 = DIRECTION ( 'NONE',  ( 1.000000000000000000, 0.0000000000000000000, 0.0000000000000000000 ) ) ;
#1243 = CARTESIAN_POINT ( 'NONE',  ( 1.540000000000000036, -0.2999999999999999889, 0.3399999999999999689 ) ) ;
#1244 = EDGE_CURVE ( 'NONE', #3151, #1888, #3532, .T. ) ;
#1245 = VECTOR ( 'NONE', #2688, 1000.000000000000000 ) ;
#1246 = ORIENTED_EDGE ( 'NONE', *, *, #189, .T. ) ;
#1247 = CARTESIAN_POINT ( 'NONE',  ( 0.0000000000000000000, 0.0000000000000000000, 0.7051461789529179791 ) ) ;
#1248 = ORIENTED_EDGE ( 'NONE', *, *, #2651, .T. ) ;
#1249 = DIRECTION ( 'NONE',  ( 0.0000000000000000000, 0.0000000000000000000, -1.000000000000000000 ) ) ;
#1250 = ORIENTED_EDGE ( 'NONE', *, *, #1934, .F. ) ;
#1251 = DIRECTION ( 'NONE',  ( 1.000000000000000000, 0.0000000000000000000, 0.0000000000000000000 ) ) ;
#1252 = CYLINDRICAL_SURFACE ( 'NONE', #2341, 0.01000000000000002623 ) ;
#1253 = DIRECTION ( 'NONE',  ( -9.637352644315598694E-16, 1.000000000000000000, 0.0000000000000000000 ) ) ;
#1254 = CIRCLE ( 'NONE', #2654, 0.01000000000000002623 ) ;
#1255 = ORIENTED_EDGE ( 'NONE', *, *, #364, .F. ) ;
#1256 =( NAMED_UNIT ( * ) PLANE_ANGLE_UNIT ( ) SI_UNIT ( $, .RADIAN. ) );
#1257 = CARTESIAN_POINT ( 'NONE',  ( -1.301323123944430726, -0.2973088985168282905, -0.008934323276884459028 ) ) ;
#1258 = AXIS2_PLACEMENT_3D ( 'NONE', #2991, #3516, #2139 ) ;
#1259 = LINE ( 'NONE', #1829, #2791 ) ;
#1260 = VECTOR ( 'NONE', #1170, 1000.000000000000000 ) ;
#1261 = ADVANCED_FACE ( 'NONE', ( #1139 ), #1766, .T. ) ;
#1262 = CARTESIAN_POINT ( 'NONE',  ( 0.4441329290906862459, -0.3058256050809512461, 0.0000000000000000000 ) ) ;
#1263 = CARTESIAN_POINT ( 'NONE',  ( -0.9899999999999999911, 0.0000000000000000000, 1.175857864376268935 ) ) ;
#1264 =( GEOMETRIC_REPRESENTATION_CONTEXT ( 3 ) GLOBAL_UNCERTAINTY_ASSIGNED_CONTEXT ( ( #578 ) ) GLOBAL_UNIT_ASSIGNED_CONTEXT ( ( #1279, #2949, #424 ) ) REPRESENTATION_CONTEXT ( 'NONE', 'WORKASPACE' ) );
#1265 = ADVANCED_FACE ( 'NONE', ( #3359 ), #100, .T. ) ;
#1266 = EDGE_LOOP ( 'NONE', ( #2477, #3484, #1152, #1913 ) ) ;
#1267 = DIRECTION ( 'NONE',  ( 0.0000000000000000000, 0.0000000000000000000, 1.000000000000000000 ) ) ;
#1268 = EDGE_LOOP ( 'NONE', ( #2715, #891, #714, #3505 ) ) ;
#1269 = CARTESIAN_POINT ( 'NONE',  ( 0.9000000000000023537, 1.049999999999998046, 0.0000000000000000000 ) ) ;
#1270 = ORIENTED_EDGE ( 'NONE', *, *, #3015, .T. ) ;
#1271 = AXIS2_PLACEMENT_3D ( 'NONE', #3243, #2138, #1242 ) ;
#1272 = DIRECTION ( 'NONE',  ( -1.000000000000000000, 0.0000000000000000000, 0.0000000000000000000 ) ) ;
#1273 = CARTESIAN_POINT ( 'NONE',  ( 0.8899999999999999023, 1.489999999999999991, 0.1400000000000000133 ) ) ;
#1274 = DIRECTION ( 'NONE',  ( 0.0000000000000000000, 0.0000000000000000000, -1.000000000000000000 ) ) ;
#1275 = AXIS2_PLACEMENT_3D ( 'NONE', #477, #1072, #2782 ) ;
#1276 = STYLED_ITEM ( 'NONE', ( #3398 ), #2464 ) ;
#1277 = TOROIDAL_SURFACE ( 'NONE', #3387, 0.02000000000000000042, 0.01000000000000000021 ) ;
#1278 = CARTESIAN_POINT ( 'NONE',  ( 0.8899999999999999023, -1.500000000000000000, -0.01000000000000000021 ) ) ;
#1279 =( LENGTH_UNIT ( ) NAMED_UNIT ( * ) SI_UNIT ( .MILLI., .METRE. ) );
#1280 = CIRCLE ( 'NONE', #453, 0.01000000000000002623 ) ;
#1281 = LINE ( 'NONE', #1815, #92 ) ;
#1282 = CARTESIAN_POINT ( 'NONE',  ( 0.0000000000000000000, 0.0000000000000000000, 1.000000000000000000 ) ) ;
#1283 = AXIS2_PLACEMENT_3D ( 'NONE', #697, #2653, #647 ) ;
#1284 = EDGE_CURVE ( 'NONE', #2197, #2307, #1785, .T. ) ;
#1285 = ORIENTED_EDGE ( 'NONE', *, *, #196, .T. ) ;
#1286 = CARTESIAN_POINT ( 'NONE',  ( 0.0000000000000000000, 1.489999999999999991, 0.1400000000000000133 ) ) ;
#1287 =( LENGTH_UNIT ( ) NAMED_UNIT ( * ) SI_UNIT ( .MILLI., .METRE. ) );
#1288 = EDGE_CURVE ( 'NONE', #1448, #1681, #2615, .T. ) ;
#1289 = VERTEX_POINT ( 'NONE', #694 ) ;
#1290 = CARTESIAN_POINT ( 'NONE',  ( -0.8899999999999999023, 1.500000000000000000, 0.0000000000000000000 ) ) ;
#1291 = FACE_OUTER_BOUND ( 'NONE', #2515, .T. ) ;
#1292 = DIRECTION ( 'NONE',  ( -1.000000000000000000, 0.0000000000000000000, 0.0000000000000000000 ) ) ;
#1293 = VERTEX_POINT ( 'NONE', #270 ) ;
#1294 = PLANE ( 'NONE',  #3269 ) ;
#1295 = CYLINDRICAL_SURFACE ( 'NONE', #433, 1.000000000000000000 ) ;
#1296 = DIRECTION ( 'NONE',  ( 0.0000000000000000000, 0.0000000000000000000, -1.000000000000000000 ) ) ;
#1297 = CARTESIAN_POINT ( 'NONE',  ( 0.0000000000000000000, 0.0000000000000000000, 0.4948538210470819765 ) ) ;
#1298 = COLOUR_RGB ( '',0.9686274509803921573, 0.8784313725490195957, 0.5999999999999999778 ) ;
#1299 = DIRECTION ( 'NONE',  ( -1.000000000000000000, 0.0000000000000000000, 0.0000000000000000000 ) ) ;
#1300 = VERTEX_POINT ( 'NONE', #590 ) ;
#1301 = CIRCLE ( 'NONE', #1186, 1.000000000000000000 ) ;
#1302 = CARTESIAN_POINT ( 'NONE',  ( -0.9899999999999999911, 0.0000000000000000000, 0.4948538210470819765 ) ) ;
#1303 = ORIENTED_EDGE ( 'NONE', *, *, #3348, .T. ) ;
#1304 = EDGE_CURVE ( 'NONE', #1410, #2095, #2420, .T. ) ;
#1305 = DIRECTION ( 'NONE',  ( 0.0000000000000000000, 0.0000000000000000000, 1.000000000000000000 ) ) ;
#1306 = PLANE ( 'NONE',  #3408 ) ;
#1307 = FACE_OUTER_BOUND ( 'NONE', #104, .T. ) ;
#1308 = VERTEX_POINT ( 'NONE', #1243 ) ;
#1309 = ADVANCED_FACE ( 'NONE', ( #3638 ), #1781, .T. ) ;
#1310 = LINE ( 'NONE', #112, #862 ) ;
#1311 = CARTESIAN_POINT ( 'NONE',  ( -1.301635684529955928, -0.2982998224006839783, -0.008347543631073562134 ) ) ;
#1312 = PLANE ( 'NONE',  #902 ) ;
#1313 = AXIS2_PLACEMENT_3D ( 'NONE', #1282, #2974, #448 ) ;
#1314 = FACE_OUTER_BOUND ( 'NONE', #2853, .T. ) ;
#1315 = CARTESIAN_POINT ( 'NONE',  ( 0.0000000000000000000, 0.0000000000000000000, 0.0000000000000000000 ) ) ;
#1316 = DIRECTION ( 'NONE',  ( 0.0000000000000000000, 0.0000000000000000000, -1.000000000000000000 ) ) ;
#1317 = AXIS2_PLACEMENT_3D ( 'NONE', #3219, #1234, #1272 ) ;
#1318 = ORIENTED_EDGE ( 'NONE', *, *, #3435, .T. ) ;
#1319 = ORIENTED_EDGE ( 'NONE', *, *, #2946, .F. ) ;
#1320 = DIRECTION ( 'NONE',  ( 1.000000000000000000, 1.032573497605242717E-16, 0.0000000000000000000 ) ) ;
#1321 = EDGE_LOOP ( 'NONE', ( #479, #1183, #138, #1319 ) ) ;
#1322 = PRESENTATION_LAYER_ASSIGNMENT (  '', '', ( #2430 ) ) ;
#1323 = EDGE_LOOP ( 'NONE', ( #2048, #121, #102, #2927, #435, #535, #2189, #1203, #2722, #2887, #419, #338, #1806 ) ) ;
#1324 = CARTESIAN_POINT ( 'NONE',  ( 0.0000000000000000000, 0.2899999999999999800, 0.4899999999999999911 ) ) ;
#1325 = CARTESIAN_POINT ( 'NONE',  ( 0.9000000000000002442, 1.310000000000000275, 0.0000000000000000000 ) ) ;
#1326 = DIRECTION ( 'NONE',  ( -0.0000000000000000000, 0.0000000000000000000, -1.000000000000000000 ) ) ;
#1327 = VERTEX_POINT ( 'NONE', #3092 ) ;
#1328 = EDGE_CURVE ( 'NONE', #3145, #524, #3604, .T. ) ;
#1329 = AXIS2_PLACEMENT_3D ( 'NONE', #1673, #3338, #1338 ) ;
#1330 = DIRECTION ( 'NONE',  ( 1.000000000000000000, 1.032573497605242347E-16, 0.0000000000000000000 ) ) ;
#1331 = CARTESIAN_POINT ( 'NONE',  ( 0.4405163117012126373, -0.3011513316285575059, -0.005312996520378913089 ) ) ;
#1332 = DIRECTION ( 'NONE',  ( 0.0000000000000000000, 0.0000000000000000000, -1.000000000000000000 ) ) ;
#1333 = AXIS2_PLACEMENT_3D ( 'NONE', #2983, #2114, #752 ) ;
#1334 = AXIS2_PLACEMENT_3D ( 'NONE', #3317, #1940, #1115 ) ;
#1335 = EDGE_CURVE ( 'NONE', #974, #1387, #1393, .T. ) ;
#1336 =( GEOMETRIC_REPRESENTATION_CONTEXT ( 3 ) GLOBAL_UNCERTAINTY_ASSIGNED_CONTEXT ( ( #3043 ) ) GLOBAL_UNIT_ASSIGNED_CONTEXT ( ( #3327, #326, #2873 ) ) REPRESENTATION_CONTEXT ( 'NONE', 'WORKASPACE' ) );
#1337 = ORIENTED_EDGE ( 'NONE', *, *, #2334, .F. ) ;
#1338 = DIRECTION ( 'NONE',  ( -9.637352644315598694E-16, 1.000000000000000000, 0.0000000000000000000 ) ) ;
#1339 = CARTESIAN_POINT ( 'NONE',  ( 0.9539392014169456591, 0.2999999999999998779, 0.3500000000000001443 ) ) ;
#1340 = CIRCLE ( 'NONE', #2099, 0.01000000000000002623 ) ;
#1341 = EDGE_CURVE ( 'NONE', #1853, #3473, #1678, .T. ) ;
#1342 = AXIS2_PLACEMENT_3D ( 'NONE', #754, #2185, #2784 ) ;
#1343 = VERTEX_POINT ( 'NONE', #573 ) ;
#1344 = DIRECTION ( 'NONE',  ( 1.000000000000000000, 0.0000000000000000000, 0.0000000000000000000 ) ) ;
#1345 = VERTEX_POINT ( 'NONE', #1988 ) ;
#1346 = ORIENTED_EDGE ( 'NONE', *, *, #760, .T. ) ;
#1347 = CYLINDRICAL_SURFACE ( 'NONE', #3599, 0.01000000000000002623 ) ;
#1348 = CARTESIAN_POINT ( 'NONE',  ( 0.9958123819371912377, 1.219518446090682714E-16, 0.5029911557591489890 ) ) ;
#1349 = DIRECTION ( 'NONE',  ( 0.0000000000000000000, -0.0000000000000000000, -1.000000000000000000 ) ) ;
#1350 = ORIENTED_EDGE ( 'NONE', *, *, #3080, .F. ) ;
#1351 = UNCERTAINTY_MEASURE_WITH_UNIT (LENGTH_MEASURE( 1.000000000000000082E-05 ), #395, 'distance_accuracy_value', 'NONE');
#1352 = CARTESIAN_POINT ( 'NONE',  ( 0.4499999999999999001, 1.050000000000000044, 0.0000000000000000000 ) ) ;
#1353 = PRODUCT_DEFINITION ( 'UNKNOWN', '', #1066, #536 ) ;
#1354 = CARTESIAN_POINT ( 'NONE',  ( 0.8900000000000001243, -1.300000000000000266, 0.1300000000000000044 ) ) ;
#1355 = CARTESIAN_POINT ( 'NONE',  ( 0.8899999999999999023, -1.500000000000000000, 0.1300000000000000044 ) ) ;
#1356 = ORIENTED_EDGE ( 'NONE', *, *, #1284, .T. ) ;
#1357 = FACE_OUTER_BOUND ( 'NONE', #3282, .T. ) ;
#1358 = EDGE_CURVE ( 'NONE', #1649, #1590, #2336, .T. ) ;
#1359 = CARTESIAN_POINT ( 'NONE',  ( 0.9000000000000000222, 1.500000000000000000, -0.01000000000000000021 ) ) ;
#1360 = CARTESIAN_POINT ( 'NONE',  ( 0.0000000000000000000, 0.0000000000000000000, 0.3499999999999999778 ) ) ;
#1361 = ORIENTED_EDGE ( 'NONE', *, *, #892, .T. ) ;
#1362 = VECTOR ( 'NONE', #2785, 1000.000000000000000 ) ;
#1363 = FACE_OUTER_BOUND ( 'NONE', #914, .T. ) ;
#1364 = LINE ( 'NONE', #2159, #1223 ) ;
#1365 = ORIENTED_EDGE ( 'NONE', *, *, #2816, .T. ) ;
#1366 = ORIENTED_EDGE ( 'NONE', *, *, #2693, .T. ) ;
#1367 = AXIS2_PLACEMENT_3D ( 'NONE', #2541, #1169, #942 ) ;
#1368 = CARTESIAN_POINT ( 'NONE',  ( -0.8899999999999999023, -1.489999999999999991, -0.01000000000000000021 ) ) ;
#1369 = DIRECTION ( 'NONE',  ( -0.0000000000000000000, -0.0000000000000000000, -1.000000000000000000 ) ) ;
#1370 = ORIENTED_EDGE ( 'NONE', *, *, #169, .T. ) ;
#1371 = DIRECTION ( 'NONE',  ( 0.0000000000000000000, 0.0000000000000000000, -1.000000000000000000 ) ) ;
#1372 = CARTESIAN_POINT ( 'NONE',  ( 0.4413811617983199320, -0.3008079782232340182, -0.005824749822005765264 ) ) ;
#1373 = CARTESIAN_POINT ( 'NONE',  ( 1.540000000000000036, -0.2899999999999999800, 0.4799999999999999822 ) ) ;
#1374 = ORIENTED_EDGE ( 'NONE', *, *, #2565, .T. ) ;
#1375 = DIRECTION ( 'NONE',  ( 9.637352644315598694E-16, -1.000000000000000000, 0.0000000000000000000 ) ) ;
#1376 = DIRECTION ( 'NONE',  ( 1.000000000000000000, 0.0000000000000000000, 0.0000000000000000000 ) ) ;
#1377 = ORIENTED_EDGE ( 'NONE', *, *, #2794, .F. ) ;
#1378 = EDGE_CURVE ( 'NONE', #291, #3397, #118, .T. ) ;
#1379 = AXIS2_PLACEMENT_3D ( 'NONE', #2143, #1105, #2218 ) ;
#1380 = ORIENTED_EDGE ( 'NONE', *, *, #425, .F. ) ;
#1381 = CIRCLE ( 'NONE', #1024, 0.01000000000000002623 ) ;
#1382 = AXIS2_PLACEMENT_3D ( 'NONE', #2364, #1251, #1587 ) ;
#1383 = DIRECTION ( 'NONE',  ( 0.0000000000000000000, 0.0000000000000000000, -1.000000000000000000 ) ) ;
#1384 = ADVANCED_FACE ( 'NONE', ( #1561 ), #3298, .T. ) ;
#1385 = EDGE_CURVE ( 'NONE', #2122, #531, #2900, .T. ) ;
#1386 = AXIS2_PLACEMENT_3D ( 'NONE', #373, #2285, #337 ) ;
#1387 = VERTEX_POINT ( 'NONE', #3008 ) ;
#1388 = DIRECTION ( 'NONE',  ( 9.637352644315598694E-16, 1.000000000000000000, -0.0000000000000000000 ) ) ;
#1389 =( NAMED_UNIT ( * ) PLANE_ANGLE_UNIT ( ) SI_UNIT ( $, .RADIAN. ) );
#1390 = CARTESIAN_POINT ( 'NONE',  ( 0.0000000000000000000, 0.0000000000000000000, 1.250000000000000000 ) ) ;
#1391 = PRESENTATION_LAYER_ASSIGNMENT (  '', '', ( #2080 ) ) ;
#1392 = ORIENTED_EDGE ( 'NONE', *, *, #3443, .F. ) ;
#1393 =( BOUNDED_CURVE ( )  B_SPLINE_CURVE ( 3, ( #2898, #2918, #2633, #2819 ),
 .UNSPECIFIED., .F., .F. ) 
 B_SPLINE_CURVE_WITH_KNOTS ( ( 4, 4 ),
 ( 1.570796326794896558, 3.141592653589793116 ),
 .UNSPECIFIED. ) 
 CURVE ( )  GEOMETRIC_REPRESENTATION_ITEM ( )  RATIONAL_B_SPLINE_CURVE ( ( 1.000000000000000000, 0.8047378541243649375, 0.8047378541243649375, 1.000000000000000000 ) ) 
 REPRESENTATION_ITEM ( '' )  );
#1394 = UNCERTAINTY_MEASURE_WITH_UNIT (LENGTH_MEASURE( 1.000000000000000082E-05 ), #163, 'distance_accuracy_value', 'NONE');
#1395 = CARTESIAN_POINT ( 'NONE',  ( -0.9000000000000003553, 1.049999999999999822, 0.0000000000000000000 ) ) ;
#1396 = DIRECTION ( 'NONE',  ( -0.0000000000000000000, -0.0000000000000000000, -1.000000000000000000 ) ) ;
#1397 = DIRECTION ( 'NONE',  ( -0.0000000000000000000, -0.0000000000000000000, -1.000000000000000000 ) ) ;
#1398 = MECHANICAL_DESIGN_GEOMETRIC_PRESENTATION_REPRESENTATION (  '', ( #2430 ), #1911 ) ;
#1399 = ORIENTED_EDGE ( 'NONE', *, *, #2516, .F. ) ;
#1400 = AXIS2_PLACEMENT_3D ( 'NONE', #1831, #2972, #3277 ) ;
#1401 = CARTESIAN_POINT ( 'NONE',  ( -0.2600000000000000089, 0.0000000000000000000, 0.3500000000000000333 ) ) ;
#1402 = CYLINDRICAL_SURFACE ( 'NONE', #3311, 0.009999999999999998473 ) ;
#1403 = VERTEX_POINT ( 'NONE', #987 ) ;
#1404 = AXIS2_PLACEMENT_3D ( 'NONE', #367, #1218, #651 ) ;
#1405 = AXIS2_PLACEMENT_3D ( 'NONE', #281, #1974, #3100 ) ;
#1406 = CARTESIAN_POINT ( 'NONE',  ( 0.4499999999999999001, 0.2999999999999999889, -0.01000000000000000021 ) ) ;
#1407 = CIRCLE ( 'NONE', #1860, 0.01000000000000002623 ) ;
#1408 = EDGE_CURVE ( 'NONE', #2292, #2184, #1381, .T. ) ;
#1409 = TOROIDAL_SURFACE ( 'NONE', #1863, 0.9899999999999999911, 0.01000000000000000021 ) ;
#1410 = VERTEX_POINT ( 'NONE', #1866 ) ;
#1411 = DIRECTION ( 'NONE',  ( 0.0000000000000000000, 0.0000000000000000000, 1.000000000000000000 ) ) ;
#1412 = EDGE_CURVE ( 'NONE', #3503, #3447, #1612, .T. ) ;
#1413 = DIRECTION ( 'NONE',  ( 0.0000000000000000000, 0.0000000000000000000, 1.000000000000000000 ) ) ;
#1414 = ORIENTED_EDGE ( 'NONE', *, *, #3578, .F. ) ;
#1415 = PRODUCT ( '0F71EAF6-A601-4EAE-8126-FC8568C9DE97', '0F71EAF6-A601-4EAE-8126-FC8568C9DE97', '', ( #1087 ) ) ;
#1416 = EDGE_CURVE ( 'NONE', #572, #2685, #1200, .T. ) ;
#1417 = CARTESIAN_POINT ( 'NONE',  ( -1.300000000000000266, 1.050000000000000044, 0.3399999999999999689 ) ) ;
#1418 = CARTESIAN_POINT ( 'NONE',  ( -1.049999999999999600, -1.300000000000000044, 0.0000000000000000000 ) ) ;
#1419 = ORIENTED_EDGE ( 'NONE', *, *, #169, .F. ) ;
#1420 = CARTESIAN_POINT ( 'NONE',  ( 1.540000000000000036, -0.2899999999999999800, 0.4899999999999999911 ) ) ;
#1421 = CYLINDRICAL_SURFACE ( 'NONE', #658, 0.01000000000000002623 ) ;
#1422 = LINE ( 'NONE', #2775, #2491 ) ;
#1423 = ORIENTED_EDGE ( 'NONE', *, *, #1582, .F. ) ;
#1424 = ORIENTED_EDGE ( 'NONE', *, *, #2381, .F. ) ;
#1425 = EDGE_LOOP ( 'NONE', ( #2174, #2058, #1770, #484 ) ) ;
#1426 = DIRECTION ( 'NONE',  ( 0.0000000000000000000, 0.0000000000000000000, 1.000000000000000000 ) ) ;
#1427 = SURFACE_STYLE_FILL_AREA ( #290 ) ;
#1428 = ORIENTED_EDGE ( 'NONE', *, *, #636, .F. ) ;
#1429 = EDGE_CURVE ( 'NONE', #1968, #2798, #3375, .T. ) ;
#1430 = CARTESIAN_POINT ( 'NONE',  ( -1.050000000000000044, -0.3013397459621555696, -0.004999999999999993165 ) ) ;
#1431 = DIRECTION ( 'NONE',  ( 0.0000000000000000000, -0.0000000000000000000, 1.000000000000000000 ) ) ;
#1432 = DIRECTION ( 'NONE',  ( 0.0000000000000000000, 1.000000000000000000, 0.0000000000000000000 ) ) ;
#1433 = ORIENTED_EDGE ( 'NONE', *, *, #2274, .F. ) ;
#1434 = CARTESIAN_POINT ( 'NONE',  ( -1.300000000000000044, -0.2926794919243110860, 0.1400000000000000133 ) ) ;
#1435 = DIRECTION ( 'NONE',  ( 0.0000000000000000000, 1.000000000000000000, 0.0000000000000000000 ) ) ;
#1436 = FACE_OUTER_BOUND ( 'NONE', #1728, .T. ) ;
#1437 = ORIENTED_EDGE ( 'NONE', *, *, #381, .T. ) ;
#1438 = LINE ( 'NONE', #1081, #2258 ) ;
#1439 = VERTEX_POINT ( 'NONE', #1059 ) ;
#1440 = VECTOR ( 'NONE', #1942, 1000.000000000000000 ) ;
#1441 = ORIENTED_EDGE ( 'NONE', *, *, #1335, .T. ) ;
#1442 = ORIENTED_EDGE ( 'NONE', *, *, #2356, .T. ) ;
#1443 = VECTOR ( 'NONE', #1778, 1000.000000000000000 ) ;
#1444 = PLANE ( 'NONE',  #616 ) ;
#1445 = CARTESIAN_POINT ( 'NONE',  ( 0.9539392014169456591, -0.2999999999999998779, 0.4799999999999999822 ) ) ;
#1446 = LINE ( 'NONE', #38, #2915 ) ;
#1447 = ADVANCED_FACE ( 'NONE', ( #3499 ), #3367, .T. ) ;
#1448 = VERTEX_POINT ( 'NONE', #1339 ) ;
#1449 =( LENGTH_UNIT ( ) NAMED_UNIT ( * ) SI_UNIT ( .MILLI., .METRE. ) );
#1450 = LINE ( 'NONE', #2066, #2295 ) ;
#1451 = CYLINDRICAL_SURFACE ( 'NONE', #1084, 0.01000000000000002623 ) ;
#1452 = ORIENTED_EDGE ( 'NONE', *, *, #2055, .T. ) ;
#1453 = EDGE_CURVE ( 'NONE', #2179, #1471, #1844, .T. ) ;
#1454 = AXIS2_PLACEMENT_3D ( 'NONE', #1315, #1849, #3226 ) ;
#1455 = ADVANCED_FACE ( 'NONE', ( #1832 ), #2429, .T. ) ;
#1456 = AXIS2_PLACEMENT_3D ( 'NONE', #1123, #825, #3565 ) ;
#1457 = ORIENTED_EDGE ( 'NONE', *, *, #1536, .F. ) ;
#1458 = ORIENTED_EDGE ( 'NONE', *, *, #458, .F. ) ;
#1459 = AXIS2_PLACEMENT_3D ( 'NONE', #2124, #1249, #3216 ) ;
#1460 = ORIENTED_EDGE ( 'NONE', *, *, #1089, .T. ) ;
#1461 = CIRCLE ( 'NONE', #2752, 1.000000000000000000 ) ;
#1462 =( LENGTH_UNIT ( ) NAMED_UNIT ( * ) SI_UNIT ( .MILLI., .METRE. ) );
#1463 = CARTESIAN_POINT ( 'NONE',  ( -1.290000000000000036, 1.050000000000000044, 0.3399999999999999689 ) ) ;
#1464 = DIRECTION ( 'NONE',  ( 0.0000000000000000000, 1.000000000000000000, 0.0000000000000000000 ) ) ;
#1465 = EDGE_CURVE ( 'NONE', #3447, #3503, #1789, .T. ) ;
#1466 = VERTEX_POINT ( 'NONE', #3553 ) ;
#1467 = FACE_OUTER_BOUND ( 'NONE', #298, .T. ) ;
#1468 = DIRECTION ( 'NONE',  ( -0.0000000000000000000, -0.0000000000000000000, -1.000000000000000000 ) ) ;
#1469 = LINE ( 'NONE', #3406, #1443 ) ;
#1470 = ORIENTED_EDGE ( 'NONE', *, *, #1706, .T. ) ;
#1471 = VERTEX_POINT ( 'NONE', #2156 ) ;
#1472 = EDGE_CURVE ( 'NONE', #2211, #3268, #615, .T. ) ;
#1473 = ORIENTED_EDGE ( 'NONE', *, *, #176, .T. ) ;
#1474 = ORIENTED_EDGE ( 'NONE', *, *, #2565, .F. ) ;
#1475 = CIRCLE ( 'NONE', #2704, 0.01000000000000000021 ) ;
#1476 = DIRECTION ( 'NONE',  ( 1.000000000000000000, 0.0000000000000000000, 0.0000000000000000000 ) ) ;
#1477 = CARTESIAN_POINT ( 'NONE',  ( 0.9562291674459109103, -0.2926188294114793753, 0.4896509964585887276 ) ) ;
#1478 = CARTESIAN_POINT ( 'NONE',  ( 0.0000000000000000000, 0.0000000000000000000, 0.5029911557591489890 ) ) ;
#1479 = VERTEX_POINT ( 'NONE', #486 ) ;
#1480 = DIRECTION ( 'NONE',  ( -1.000000000000000000, 0.0000000000000000000, 0.0000000000000000000 ) ) ;
#1481 = DIRECTION ( 'NONE',  ( 1.000000000000000000, 0.0000000000000000000, 0.0000000000000000000 ) ) ;
#1482 = AXIS2_PLACEMENT_3D ( 'NONE', #1226, #319, #3457 ) ;
#1483 = CARTESIAN_POINT ( 'NONE',  ( 1.050000000000000044, -1.050000000000000044, 0.0000000000000000000 ) ) ;
#1484 = DIRECTION ( 'NONE',  ( -1.032573497605242717E-16, 1.000000000000000000, 0.0000000000000000000 ) ) ;
#1485 = DIRECTION ( 'NONE',  ( 1.000000000000000000, 0.0000000000000000000, 0.0000000000000000000 ) ) ;
#1486 = EDGE_CURVE ( 'NONE', #1859, #44, #371, .T. ) ;
#1487 = EDGE_LOOP ( 'NONE', ( #3407, #1880, #2980, #1337 ) ) ;
#1488 = DIRECTION ( 'NONE',  ( -1.000000000000000000, 0.0000000000000000000, 0.0000000000000000000 ) ) ;
#1489 = AXIS2_PLACEMENT_3D ( 'NONE', #2236, #3109, #1426 ) ;
#1490 = ORIENTED_EDGE ( 'NONE', *, *, #67, .T. ) ;
#1491 = DIRECTION ( 'NONE',  ( 0.0000000000000000000, 0.0000000000000000000, 1.000000000000000000 ) ) ;
#1492 = EDGE_CURVE ( 'NONE', #2179, #1968, #302, .T. ) ;
#1493 = EDGE_CURVE ( 'NONE', #3404, #123, #244, .T. ) ;
#1494 = ORIENTED_EDGE ( 'NONE', *, *, #248, .T. ) ;
#1495 = SPHERICAL_SURFACE ( 'NONE', #2360, 0.01000000000000000021 ) ;
#1496 = DIRECTION ( 'NONE',  ( 0.0000000000000000000, 1.000000000000000000, 0.0000000000000000000 ) ) ;
#1497 = PLANE ( 'NONE',  #1404 ) ;
#1498 = AXIS2_PLACEMENT_3D ( 'NONE', #413, #3531, #185 ) ;
#1499 = AXIS2_PLACEMENT_3D ( 'NONE', #98, #1997, #2051 ) ;
#1500 = ORIENTED_EDGE ( 'NONE', *, *, #66, .F. ) ;
#1501 = DIRECTION ( 'NONE',  ( -5.421010862427507971E-15, -1.000000000000000000, 0.0000000000000000000 ) ) ;
#1502 = CARTESIAN_POINT ( 'NONE',  ( -0.9000000000000000222, -1.489999999999999991, 0.0000000000000000000 ) ) ;
#1503 = CARTESIAN_POINT ( 'NONE',  ( 0.9539392014169456591, -0.2999999999999998779, 1.250000000000000000 ) ) ;
#1504 = AXIS2_PLACEMENT_3D ( 'NONE', #1153, #3410, #3189 ) ;
#1505 = ORIENTED_EDGE ( 'NONE', *, *, #1981, .T. ) ;
#1506 = LINE ( 'NONE', #909, #1508 ) ;
#1507 = DIRECTION ( 'NONE',  ( -1.000000000000000000, 0.0000000000000000000, 0.0000000000000000000 ) ) ;
#1508 = VECTOR ( 'NONE', #2614, 1000.000000000000000 ) ;
#1509 = ORIENTED_EDGE ( 'NONE', *, *, #386, .F. ) ;
#1510 = ADVANCED_FACE ( 'NONE', ( #1436 ), #1402, .T. ) ;
#1511 = CARTESIAN_POINT ( 'NONE',  ( 1.550000000000000044, -0.2958578643762689864, 0.3441421356237309159 ) ) ;
#1512 = AXIS2_PLACEMENT_3D ( 'NONE', #1297, #1545, #742 ) ;
#1513 = DIRECTION ( 'NONE',  ( 0.0000000000000000000, 1.000000000000000000, 0.0000000000000000000 ) ) ;
#1514 = AXIS2_PLACEMENT_3D ( 'NONE', #2909, #2386, #1292 ) ;
#1515 = EDGE_CURVE ( 'NONE', #3404, #402, #3191, .T. ) ;
#1516 = LINE ( 'NONE', #143, #3538 ) ;
#1517 = CARTESIAN_POINT ( 'NONE',  ( -1.300000000000000044, -0.2976794919243112014, 0.1391064244001664063 ) ) ;
#1518 = DIRECTION ( 'NONE',  ( 1.000000000000000000, 1.032573497605242594E-16, -0.0000000000000000000 ) ) ;
#1519 = AXIS2_PLACEMENT_3D ( 'NONE', #2547, #1160, #344 ) ;
#1520 = VECTOR ( 'NONE', #960, 1000.000000000000000 ) ;
#1521 = CIRCLE ( 'NONE', #2814, 1.000000000000000000 ) ;
#1522 = EDGE_CURVE ( 'NONE', #1597, #748, #3480, .T. ) ;
#1523 = ORIENTED_EDGE ( 'NONE', *, *, #1385, .F. ) ;
#1524 = CARTESIAN_POINT ( 'NONE',  ( -1.300752503165914620, -0.2953947296677260637, -0.009669221072017590221 ) ) ;
#1525 = DIRECTION ( 'NONE',  ( 0.0000000000000000000, 0.0000000000000000000, -1.000000000000000000 ) ) ;
#1526 = CARTESIAN_POINT ( 'NONE',  ( 0.4399999999999998357, -0.3099999999999999423, 0.0000000000000000000 ) ) ;
#1527 = DIRECTION ( 'NONE',  ( -1.000000000000000000, -1.032573497605242717E-16, 0.0000000000000000000 ) ) ;
#1528 = CARTESIAN_POINT ( 'NONE',  ( 0.0000000000000000000, 0.0000000000000000000, 0.7051461789529179791 ) ) ;
#1529 = EDGE_LOOP ( 'NONE', ( #1500, #2827, #2674, #235 ) ) ;
#1530 = ORIENTED_EDGE ( 'NONE', *, *, #996, .T. ) ;
#1531 = DIRECTION ( 'NONE',  ( -0.0000000000000000000, -1.000000000000000000, -0.0000000000000000000 ) ) ;
#1532 = EDGE_LOOP ( 'NONE', ( #506, #792, #2698, #602 ) ) ;
#1533 = DIRECTION ( 'NONE',  ( -1.000000000000000000, -1.032573497605242717E-16, 0.0000000000000000000 ) ) ;
#1534 = CARTESIAN_POINT ( 'NONE',  ( 0.9000000000000000222, 1.500000000000000000, 0.1299999999999999489 ) ) ;
#1535 = PLANE ( 'NONE',  #1333 ) ;
#1536 = EDGE_CURVE ( 'NONE', #1345, #2303, #1733, .T. ) ;
#1537 = VECTOR ( 'NONE', #1235, 1000.000000000000000 ) ;
#1538 = ORIENTED_EDGE ( 'NONE', *, *, #1981, .F. ) ;
#1539 = FILL_AREA_STYLE ('',( #2912 ) ) ;
#1540 = CARTESIAN_POINT ( 'NONE',  ( -0.9100000000000002531, 1.310000000000000053, -0.01000000000000000021 ) ) ;
#1541 = CARTESIAN_POINT ( 'NONE',  ( -1.049999999999999600, -1.300000000000000044, 0.3499999999999999778 ) ) ;
#1542 = EDGE_CURVE ( 'NONE', #280, #3085, #2723, .T. ) ;
#1543 = AXIS2_PLACEMENT_3D ( 'NONE', #3318, #3030, #1116 ) ;
#1544 = DIRECTION ( 'NONE',  ( 1.000000000000000000, -0.0000000000000000000, 0.0000000000000000000 ) ) ;
#1545 = DIRECTION ( 'NONE',  ( 0.0000000000000000000, 0.0000000000000000000, -1.000000000000000000 ) ) ;
#1546 = CARTESIAN_POINT ( 'NONE',  ( -1.300139830028962828, -0.3081169092074010352, -0.0001373879387982884477 ) ) ;
#1547 = ORIENTED_EDGE ( 'NONE', *, *, #1943, .T. ) ;
#1548 = DIRECTION ( 'NONE',  ( -0.0000000000000000000, 0.0000000000000000000, 1.000000000000000000 ) ) ;
#1549 = DIRECTION ( 'NONE',  ( 0.0000000000000000000, -1.000000000000000000, 0.0000000000000000000 ) ) ;
#1550 = ORIENTED_EDGE ( 'NONE', *, *, #496, .T. ) ;
#1551 = CARTESIAN_POINT ( 'NONE',  ( -0.9100000000000002531, 1.310000000000000053, 0.0000000000000000000 ) ) ;
#1552 = CARTESIAN_POINT ( 'NONE',  ( -1.300000000000000044, -0.3037459251293996854, 0.1357159436182648060 ) ) ;
#1553 = DIRECTION ( 'NONE',  ( -0.0000000000000000000, -0.0000000000000000000, -1.000000000000000000 ) ) ;
#1554 = EDGE_CURVE ( 'NONE', #3253, #925, #2484, .T. ) ;
#1555 = CARTESIAN_POINT ( 'NONE',  ( 0.9539392014169456591, 0.2999999999999998779, 0.4799999999999999822 ) ) ;
#1556 = VECTOR ( 'NONE', #948, 1000.000000000000000 ) ;
#1557 = TOROIDAL_SURFACE ( 'NONE', #1386, 0.2400000000000001021, 0.01000000000000000021 ) ;
#1558 = CARTESIAN_POINT ( 'NONE',  ( 0.4404471020026601846, -0.3095526747613683849, 0.0000000000000000000 ) ) ;
#1559 = DIRECTION ( 'NONE',  ( 0.0000000000000000000, 1.000000000000000000, -0.0000000000000000000 ) ) ;
#1560 = EDGE_CURVE ( 'NONE', #776, #1944, #800, .T. ) ;
#1561 = FACE_OUTER_BOUND ( 'NONE', #3429, .T. ) ;
#1562 = AXIS2_PLACEMENT_3D ( 'NONE', #258, #2446, #2168 ) ;
#1563 = CIRCLE ( 'NONE', #3032, 0.9299999999999998268 ) ;
#1564 = ORIENTED_EDGE ( 'NONE', *, *, #381, .F. ) ;
#1565 = LINE ( 'NONE', #1286, #3048 ) ;
#1566 = SPHERICAL_SURFACE ( 'NONE', #2147, 0.01000000000000000021 ) ;
#1567 = ORIENTED_EDGE ( 'NONE', *, *, #766, .T. ) ;
#1568 = DIRECTION ( 'NONE',  ( -1.000000000000000000, 0.0000000000000000000, 0.0000000000000000000 ) ) ;
#1569 = CARTESIAN_POINT ( 'NONE',  ( -1.049999999999999822, -1.290000000000000480, 0.3499999999999999778 ) ) ;
#1570 = AXIS2_PLACEMENT_3D ( 'NONE', #314, #2297, #3418 ) ;
#1571 = ORIENTED_EDGE ( 'NONE', *, *, #2702, .T. ) ;
#1572 = VECTOR ( 'NONE', #2306, 1000.000000000000000 ) ;
#1573 = VECTOR ( 'NONE', #2934, 1000.000000000000000 ) ;
#1574 = FACE_OUTER_BOUND ( 'NONE', #2220, .T. ) ;
#1575 = CARTESIAN_POINT ( 'NONE',  ( -0.8899999999999999023, -1.489999999999999991, 0.0000000000000000000 ) ) ;
#1576 = PLANE ( 'NONE',  #259 ) ;
#1577 =( GEOMETRIC_REPRESENTATION_CONTEXT ( 3 ) GLOBAL_UNCERTAINTY_ASSIGNED_CONTEXT ( ( #1351 ) ) GLOBAL_UNIT_ASSIGNED_CONTEXT ( ( #395, #2372, #3529 ) ) REPRESENTATION_CONTEXT ( 'NONE', 'WORKASPACE' ) );
#1578 = DIRECTION ( 'NONE',  ( -9.637352644315598694E-16, 1.000000000000000000, 0.0000000000000000000 ) ) ;
#1579 = CARTESIAN_POINT ( 'NONE',  ( 0.8900000000000001243, 1.310000000000000053, 0.1500000000000000222 ) ) ;
#1580 = CARTESIAN_POINT ( 'NONE',  ( 0.0000000000000000000, 0.0000000000000000000, 0.3600000000000000977 ) ) ;
#1581 = AXIS2_PLACEMENT_3D ( 'NONE', #2357, #83, #1210 ) ;
#1582 = EDGE_CURVE ( 'NONE', #1617, #3455, #489, .T. ) ;
#1583 = ORIENTED_EDGE ( 'NONE', *, *, #1847, .T. ) ;
#1584 = CARTESIAN_POINT ( 'NONE',  ( -1.050000000000000044, 1.050000000000000044, 0.0000000000000000000 ) ) ;
#1585 = ORIENTED_EDGE ( 'NONE', *, *, #2758, .T. ) ;
#1586 = ADVANCED_FACE ( 'NONE', ( #2812 ), #1117, .F. ) ;
#1587 = DIRECTION ( 'NONE',  ( 0.0000000000000000000, 0.0000000000000000000, -1.000000000000000000 ) ) ;
#1588 = CARTESIAN_POINT ( 'NONE',  ( -1.310000000000000053, -0.2899999999999999245, 0.0000000000000000000 ) ) ;
#1589 = DIRECTION ( 'NONE',  ( 0.0000000000000000000, 0.0000000000000000000, -1.000000000000000000 ) ) ;
#1590 = VERTEX_POINT ( 'NONE', #2756 ) ;
#1591 = CARTESIAN_POINT ( 'NONE',  ( -1.300234049311397522, -0.2935427578035858520, -0.009962668966755476932 ) ) ;
#1592 = DIRECTION ( 'NONE',  ( -0.0000000000000000000, 0.0000000000000000000, -1.000000000000000000 ) ) ;
#1593 = CARTESIAN_POINT ( 'NONE',  ( 0.4499999999999999001, -0.2943725653083155147, 0.0000000000000000000 ) ) ;
#1594 = FACE_OUTER_BOUND ( 'NONE', #2874, .T. ) ;
#1595 = VECTOR ( 'NONE', #2930, 1000.000000000000000 ) ;
#1596 = CARTESIAN_POINT ( 'NONE',  ( -1.300378412806747708, -0.3072478554713885535, -0.0003861713925390524642 ) ) ;
#1597 = VERTEX_POINT ( 'NONE', #2269 ) ;
#1598 = EDGE_CURVE ( 'NONE', #3085, #3603, #2230, .T. ) ;
#1599 = COLOUR_RGB ( '',1.000000000000000000, 1.000000000000000000, 1.000000000000000000 ) ;
#1600 = DIRECTION ( 'NONE',  ( 1.000000000000000000, 0.0000000000000000000, 0.0000000000000000000 ) ) ;
#1601 = ORIENTED_EDGE ( 'NONE', *, *, #1284, .F. ) ;
#1602 = ORIENTED_EDGE ( 'NONE', *, *, #3258, .T. ) ;
#1603 = CARTESIAN_POINT ( 'NONE',  ( 1.540000000000000036, 0.2999999999999999889, 0.3499999999999999778 ) ) ;
#1604 = EDGE_CURVE ( 'NONE', #1909, #3350, #3084, .T. ) ;
#1605 = APPLICATION_PROTOCOL_DEFINITION ( 'draft international standard', 'automotive_design', 1998, #587 ) ;
#1606 = CARTESIAN_POINT ( 'NONE',  ( -0.8899999999999999023, -1.489999999999999991, 0.1300000000000000044 ) ) ;
#1607 = ORIENTED_EDGE ( 'NONE', *, *, #153, .F. ) ;
#1608 = CARTESIAN_POINT ( 'NONE',  ( 0.0000000000000000000, -0.2899999999999999800, 0.1400000000000000133 ) ) ;
#1609 = EDGE_CURVE ( 'NONE', #1734, #866, #785, .T. ) ;
#1610 = CARTESIAN_POINT ( 'NONE',  ( 0.0000000000000000000, 0.0000000000000000000, 1.250000000000000000 ) ) ;
#1611 = CYLINDRICAL_SURFACE ( 'NONE', #1739, 0.01000000000000002623 ) ;
#1612 = CIRCLE ( 'NONE', #1498, 0.8499999999999999778 ) ;
#1613 = ORIENTED_EDGE ( 'NONE', *, *, #946, .T. ) ;
#1614 = LINE ( 'NONE', #3209, #2802 ) ;
#1615 = CARTESIAN_POINT ( 'NONE',  ( -1.310000000000000053, -0.3099999999999999423, 0.1300000000000000044 ) ) ;
#1616 = AXIS2_PLACEMENT_3D ( 'NONE', #641, #601, #2317 ) ;
#1617 = VERTEX_POINT ( 'NONE', #283 ) ;
#1618 = VERTEX_POINT ( 'NONE', #1080 ) ;
#1619 = DIRECTION ( 'NONE',  ( -0.0000000000000000000, -1.000000000000000000, 0.0000000000000000000 ) ) ;
#1620 = ORIENTED_EDGE ( 'NONE', *, *, #1492, .F. ) ;
#1621 = CIRCLE ( 'NONE', #3201, 0.2500000000000000000 ) ;
#1622 = EDGE_CURVE ( 'NONE', #1945, #3129, #1422, .T. ) ;
#1623 = ORIENTED_EDGE ( 'NONE', *, *, #790, .T. ) ;
#1624 = FACE_OUTER_BOUND ( 'NONE', #493, .T. ) ;
#1625 = FILL_AREA_STYLE ('',( #551 ) ) ;
#1626 = LINE ( 'NONE', #3075, #2680 ) ;
#1627 = ORIENTED_EDGE ( 'NONE', *, *, #723, .T. ) ;
#1628 = B_SPLINE_CURVE_WITH_KNOTS ( 'NONE', 3,
 ( #3588, #828, #1076, #1652, #2769, #1918, #522, #2462, #2186, #237, #1669, #504, #3313, #2, #198, #796 ),
 .UNSPECIFIED., .F., .F.,
 ( 4, 3, 3, 3, 3, 4 ),
 ( 0.0000000000000000000, 3.636893869500092868E-06, 7.278159980497716697E-06, 1.084421739062981649E-05, 1.425122980217281286E-05, 1.598630098424344819E-05 ),
 .UNSPECIFIED. ) ;
#1629 = EDGE_CURVE ( 'NONE', #361, #474, #1976, .T. ) ;
#1630 = DIRECTION ( 'NONE',  ( 0.0000000000000000000, -1.000000000000000000, -0.0000000000000000000 ) ) ;
#1631 = CARTESIAN_POINT ( 'NONE',  ( 1.050000000000000044, 1.290000000000000036, 0.3499999999999999778 ) ) ;
#1632 = CARTESIAN_POINT ( 'NONE',  ( -0.8900000000000001243, 1.309999999999999831, 0.1400000000000000133 ) ) ;
#1633 = AXIS2_PLACEMENT_3D ( 'NONE', #2504, #2225, #3347 ) ;
#1634 = AXIS2_PLACEMENT_3D ( 'NONE', #3066, #542, #242 ) ;
#1635 = ADVANCED_FACE ( 'NONE', ( #1135 ), #3612, .T. ) ;
#1636 = COLOUR_RGB ( '',1.000000000000000000, 1.000000000000000000, 1.000000000000000000 ) ;
#1637 = ORIENTED_EDGE ( 'NONE', *, *, #1492, .T. ) ;
#1638 = CARTESIAN_POINT ( 'NONE',  ( 1.540000000000000036, -0.2999999999999999889, 0.3399999999999999689 ) ) ;
#1639 = CARTESIAN_POINT ( 'NONE',  ( -0.8900000000000014566, 8.577243853440897491E-16, 0.1400000000000000133 ) ) ;
#1640 = CARTESIAN_POINT ( 'NONE',  ( 0.0000000000000000000, 0.0000000000000000000, 1.250000000000000000 ) ) ;
#1641 = CIRCLE ( 'NONE', #3507, 0.01000000000000002623 ) ;
#1642 = CARTESIAN_POINT ( 'NONE',  ( 0.2600000000000000089, 3.184081677783118684E-17, 0.3600000000000000977 ) ) ;
#1643 = DIRECTION ( 'NONE',  ( -1.224646799147353207E-16, 1.000000000000000000, 0.0000000000000000000 ) ) ;
#1644 = ORIENTED_EDGE ( 'NONE', *, *, #1037, .F. ) ;
#1645 = EDGE_LOOP ( 'NONE', ( #608, #2911, #2437, #3310 ) ) ;
#1646 = CARTESIAN_POINT ( 'NONE',  ( 0.8499999999999999778, 1.040949779275250140E-16, 1.250000000000000000 ) ) ;
#1647 = SPHERICAL_SURFACE ( 'NONE', #2377, 0.01000000000000000021 ) ;
#1648 = EDGE_CURVE ( 'NONE', #2157, #2355, #585, .T. ) ;
#1649 = VERTEX_POINT ( 'NONE', #2914 ) ;
#1650 = UNCERTAINTY_MEASURE_WITH_UNIT (LENGTH_MEASURE( 1.000000000000000082E-05 ), #1749, 'distance_accuracy_value', 'NONE');
#1651 = LINE ( 'NONE', #236, #984 ) ;
#1652 = CARTESIAN_POINT ( 'NONE',  ( 0.9559805703048355197, 0.2934299732468403366, 0.4893933638278671339 ) ) ;
#1653 = DIRECTION ( 'NONE',  ( -1.000000000000000000, 0.0000000000000000000, 0.0000000000000000000 ) ) ;
#1654 = ADVANCED_FACE ( 'NONE', ( #2067 ), #1451, .T. ) ;
#1655 = ORIENTED_EDGE ( 'NONE', *, *, #659, .T. ) ;
#1656 = DIRECTION ( 'NONE',  ( -1.000000000000000000, 0.0000000000000000000, 0.0000000000000000000 ) ) ;
#1657 = DIRECTION ( 'NONE',  ( -0.0000000000000000000, -0.0000000000000000000, -1.000000000000000000 ) ) ;
#1658 = ADVANCED_FACE ( 'NONE', ( #2559 ), #57, .F. ) ;
#1659 = ORIENTED_EDGE ( 'NONE', *, *, #2395, .T. ) ;
#1660 = AXIS2_PLACEMENT_3D ( 'NONE', #2163, #3016, #808 ) ;
#1661 = DIRECTION ( 'NONE',  ( -1.000000000000000000, 0.0000000000000000000, 0.0000000000000000000 ) ) ;
#1662 = CARTESIAN_POINT ( 'NONE',  ( -1.049999999999999822, -1.290000000000000480, 0.3399999999999999689 ) ) ;
#1663 = ORIENTED_EDGE ( 'NONE', *, *, #2000, .F. ) ;
#1664 = AXIS2_PLACEMENT_3D ( 'NONE', #42, #639, #620 ) ;
#1665 = CARTESIAN_POINT ( 'NONE',  ( -0.9100000000000002531, 1.300000000000000044, 0.0000000000000000000 ) ) ;
#1666 = DIRECTION ( 'NONE',  ( -1.000000000000000000, 0.0000000000000000000, 0.0000000000000000000 ) ) ;
#1667 = ORIENTED_EDGE ( 'NONE', *, *, #310, .T. ) ;
#1668 = LINE ( 'NONE', #3333, #3332 ) ;
#1669 = CARTESIAN_POINT ( 'NONE',  ( 0.9541743569893198496, 0.2992517885067591532, 0.4839576952660999409 ) ) ;
#1670 = FACE_OUTER_BOUND ( 'NONE', #2394, .T. ) ;
#1671 = EDGE_CURVE ( 'NONE', #2303, #2184, #1026, .T. ) ;
#1672 = EDGE_LOOP ( 'NONE', ( #2160, #1047, #1209, #1285, #2460 ) ) ;
#1673 = CARTESIAN_POINT ( 'NONE',  ( -0.9000000000000003553, -1.050000000000000044, -0.01000000000000000021 ) ) ;
#1674 = DIRECTION ( 'NONE',  ( -0.0000000000000000000, -1.000000000000000000, -0.0000000000000000000 ) ) ;
#1675 = DIRECTION ( 'NONE',  ( -0.0000000000000000000, -0.0000000000000000000, 1.000000000000000000 ) ) ;
#1676 = EDGE_CURVE ( 'NONE', #3197, #1448, #3423, .T. ) ;
#1677 = CARTESIAN_POINT ( 'NONE',  ( -0.9100000000000002531, 1.300000000000000044, 0.1300000000000000044 ) ) ;
#1678 = CIRCLE ( 'NONE', #3020, 1.000000000000000000 ) ;
#1679 = EDGE_CURVE ( 'NONE', #106, #3397, #3087, .T. ) ;
#1680 = VECTOR ( 'NONE', #1714, 1000.000000000000000 ) ;
#1681 = VERTEX_POINT ( 'NONE', #3150 ) ;
#1682 = FACE_OUTER_BOUND ( 'NONE', #1801, .T. ) ;
#1683 = DIRECTION ( 'NONE',  ( 0.0000000000000000000, 0.0000000000000000000, -1.000000000000000000 ) ) ;
#1684 = ORIENTED_EDGE ( 'NONE', *, *, #88, .F. ) ;
#1685 = CARTESIAN_POINT ( 'NONE',  ( -0.8900000000000013456, -8.577243853440896505E-16, 0.1400000000000000133 ) ) ;
#1686 = ORIENTED_EDGE ( 'NONE', *, *, #3220, .T. ) ;
#1687 = CARTESIAN_POINT ( 'NONE',  ( -0.8900000000000001243, 1.310000000000000053, 0.1300000000000000044 ) ) ;
#1688 = CARTESIAN_POINT ( 'NONE',  ( 0.4403442940306823705, -0.3012160964156608833, -0.005209725815661794303 ) ) ;
#1689 = FACE_OUTER_BOUND ( 'NONE', #627, .T. ) ;
#1690 = VERTEX_POINT ( 'NONE', #2882 ) ;
#1691 = DIRECTION ( 'NONE',  ( -0.0000000000000000000, -0.0000000000000000000, -1.000000000000000000 ) ) ;
#1692 = FACE_OUTER_BOUND ( 'NONE', #1266, .T. ) ;
#1693 = DIRECTION ( 'NONE',  ( -1.000000000000000000, 0.0000000000000000000, 0.0000000000000000000 ) ) ;
#1694 = ORIENTED_EDGE ( 'NONE', *, *, #1679, .T. ) ;
#1695 = AXIS2_PLACEMENT_3D ( 'NONE', #2312, #3143, #633 ) ;
#1696 = PRESENTATION_LAYER_ASSIGNMENT (  '', '', ( #2037 ) ) ;
#1697 = CARTESIAN_POINT ( 'NONE',  ( -1.539999999999999591, 0.2999999999999999889, -0.01000000000000000021 ) ) ;
#1698 = VECTOR ( 'NONE', #2678, 1000.000000000000000 ) ;
#1699 = VECTOR ( 'NONE', #706, 1000.000000000000000 ) ;
#1700 = EDGE_CURVE ( 'NONE', #2713, #2197, #3314, .T. ) ;
#1701 = CIRCLE ( 'NONE', #516, 1.000000000000000000 ) ;
#1702 = EDGE_LOOP ( 'NONE', ( #1704, #2473, #1188, #2140 ) ) ;
#1703 = CARTESIAN_POINT ( 'NONE',  ( 0.0000000000000000000, 0.0000000000000000000, 1.250000000000000000 ) ) ;
#1704 = ORIENTED_EDGE ( 'NONE', *, *, #1010, .F. ) ;
#1705 = FILL_AREA_STYLE ('',( #2277 ) ) ;
#1706 = EDGE_CURVE ( 'NONE', #1387, #2089, #621, .T. ) ;
#1707 = ORIENTED_EDGE ( 'NONE', *, *, #1887, .F. ) ;
#1708 = DIRECTION ( 'NONE',  ( -1.000000000000000000, -1.032573497605242347E-16, -0.0000000000000000000 ) ) ;
#1709 = CARTESIAN_POINT ( 'NONE',  ( 0.9539961377857675284, -0.2998191106898299707, 0.4821778403109034383 ) ) ;
#1710 = DIRECTION ( 'NONE',  ( 0.0000000000000000000, 0.0000000000000000000, -1.000000000000000000 ) ) ;
#1711 = EDGE_LOOP ( 'NONE', ( #3116, #2345, #1473, #1419 ) ) ;
#1712 = SURFACE_STYLE_USAGE ( .BOTH. , #1204 ) ;
#1713 = SURFACE_SIDE_STYLE ('',( #2172 ) ) ;
#1714 = DIRECTION ( 'NONE',  ( 0.0000000000000000000, 1.000000000000000000, 0.0000000000000000000 ) ) ;
#1715 = ORIENTED_EDGE ( 'NONE', *, *, #1328, .F. ) ;
#1716 = DIRECTION ( 'NONE',  ( 0.0000000000000000000, -1.000000000000000000, 0.0000000000000000000 ) ) ;
#1717 = VERTEX_POINT ( 'NONE', #2034 ) ;
#1718 = EDGE_CURVE ( 'NONE', #2939, #2554, #966, .T. ) ;
#1719 = ORIENTED_EDGE ( 'NONE', *, *, #3371, .F. ) ;
#1720 = AXIS2_PLACEMENT_3D ( 'NONE', #2968, #755, #464 ) ;
#1721 = ADVANCED_FACE ( 'NONE', ( #352 ), #2367, .T. ) ;
#1722 = CARTESIAN_POINT ( 'NONE',  ( -1.050000000000000044, 1.300000000000000044, 0.3399999999999999689 ) ) ;
#1723 = DIRECTION ( 'NONE',  ( -0.0000000000000000000, -0.0000000000000000000, 1.000000000000000000 ) ) ;
#1724 = EDGE_CURVE ( 'NONE', #1327, #3091, #2423, .T. ) ;
#1725 = ORIENTED_EDGE ( 'NONE', *, *, #2272, .F. ) ;
#1726 =( NAMED_UNIT ( * ) PLANE_ANGLE_UNIT ( ) SI_UNIT ( $, .RADIAN. ) );
#1727 = CARTESIAN_POINT ( 'NONE',  ( -1.050000000000000044, -0.3099999999999999423, -0.01000000000000000021 ) ) ;
#1728 = EDGE_LOOP ( 'NONE', ( #63, #2716, #3321, #2040 ) ) ;
#1729 = ORIENTED_EDGE ( 'NONE', *, *, #2158, .T. ) ;
#1730 = SURFACE_STYLE_USAGE ( .BOTH. , #945 ) ;
#1731 = AXIS2_PLACEMENT_3D ( 'NONE', #3326, #2438, #214 ) ;
#1732 = VERTEX_POINT ( 'NONE', #1227 ) ;
#1733 = CIRCLE ( 'NONE', #430, 0.01000000000000002623 ) ;
#1734 = VERTEX_POINT ( 'NONE', #928 ) ;
#1735 =( NAMED_UNIT ( * ) SI_UNIT ( $, .STERADIAN. ) SOLID_ANGLE_UNIT ( ) );
#1736 = EDGE_LOOP ( 'NONE', ( #3486, #765, #2852, #68 ) ) ;
#1737 = DIRECTION ( 'NONE',  ( 1.000000000000000000, 1.032573497605242347E-16, 0.0000000000000000000 ) ) ;
#1738 = CARTESIAN_POINT ( 'NONE',  ( -1.545857864376268820, -0.3000000000000000444, -0.005857864376269027173 ) ) ;
#1739 = AXIS2_PLACEMENT_3D ( 'NONE', #2646, #3547, #1018 ) ;
#1740 = CARTESIAN_POINT ( 'NONE',  ( 0.9958123819371911267, 0.0000000000000000000, 0.6970088442408507445 ) ) ;
#1741 = ADVANCED_FACE ( 'NONE', ( #2593 ), #2253, .T. ) ;
#1742 = ORIENTED_EDGE ( 'NONE', *, *, #3022, .T. ) ;
#1743 = LINE ( 'NONE', #2611, #917 ) ;
#1744 = DIRECTION ( 'NONE',  ( -1.000000000000000000, 0.0000000000000000000, 0.0000000000000000000 ) ) ;
#1745 = FACE_OUTER_BOUND ( 'NONE', #58, .T. ) ;
#1746 = VERTEX_POINT ( 'NONE', #320 ) ;
#1747 = EDGE_CURVE ( 'NONE', #321, #309, #43, .T. ) ;
#1748 = CIRCLE ( 'NONE', #149, 0.01000000000000002623 ) ;
#1749 =( LENGTH_UNIT ( ) NAMED_UNIT ( * ) SI_UNIT ( .MILLI., .METRE. ) );
#1750 = AXIS2_PLACEMENT_3D ( 'NONE', #3235, #1031, #1857 ) ;
#1751 = AXIS2_PLACEMENT_3D ( 'NONE', #2533, #1491, #85 ) ;
#1752 = ORIENTED_EDGE ( 'NONE', *, *, #1782, .F. ) ;
#1753 = ORIENTED_EDGE ( 'NONE', *, *, #2630, .F. ) ;
#1754 = CARTESIAN_POINT ( 'NONE',  ( 0.8899999999999999023, -1.489999999999999991, 0.1300000000000000044 ) ) ;
#1755 = AXIS2_PLACEMENT_3D ( 'NONE', #470, #1600, #3616 ) ;
#1756 = ORIENTED_EDGE ( 'NONE', *, *, #2347, .T. ) ;
#1757 = CIRCLE ( 'NONE', #156, 1.000000000000000000 ) ;
#1758 = CARTESIAN_POINT ( 'NONE',  ( 0.9000000000000003553, 1.050000000000000044, -0.01000000000000000021 ) ) ;
#1759 = LINE ( 'NONE', #2662, #859 ) ;
#1760 = ORIENTED_EDGE ( 'NONE', *, *, #2946, .T. ) ;
#1761 = DIRECTION ( 'NONE',  ( 1.000000000000000000, -5.421010862427507971E-15, 0.0000000000000000000 ) ) ;
#1762 = LINE ( 'NONE', #2881, #1007 ) ;
#1763 = SURFACE_SIDE_STYLE ('',( #1174 ) ) ;
#1764 = ADVANCED_FACE ( 'NONE', ( #1745 ), #1557, .T. ) ;
#1765 = EDGE_CURVE ( 'NONE', #44, #473, #1469, .T. ) ;
#1766 = CYLINDRICAL_SURFACE ( 'NONE', #958, 0.9299999999999998268 ) ;
#1767 = ORIENTED_EDGE ( 'NONE', *, *, #837, .T. ) ;
#1768 = DIRECTION ( 'NONE',  ( 0.0000000000000000000, 0.0000000000000000000, -1.000000000000000000 ) ) ;
#1769 = ORIENTED_EDGE ( 'NONE', *, *, #1522, .F. ) ;
#1770 = ORIENTED_EDGE ( 'NONE', *, *, #2180, .F. ) ;
#1771 = CIRCLE ( 'NONE', #2770, 0.9958123819371909047 ) ;
#1772 = LINE ( 'NONE', #2605, #1201 ) ;
#1773 = CARTESIAN_POINT ( 'NONE',  ( 0.9564897208673285300, -0.2917673846095899526, 0.4898820387866018033 ) ) ;
#1774 = CARTESIAN_POINT ( 'NONE',  ( -1.550000000000000266, 0.2999999999999999889, 0.1300000000000000044 ) ) ;
#1775 = ORIENTED_EDGE ( 'NONE', *, *, #3280, .T. ) ;
#1776 = DIRECTION ( 'NONE',  ( -1.000000000000000000, 0.0000000000000000000, 0.0000000000000000000 ) ) ;
#1777 = AXIS2_PLACEMENT_3D ( 'NONE', #2592, #75, #670 ) ;
#1778 = DIRECTION ( 'NONE',  ( 1.000000000000000000, -0.0000000000000000000, -0.0000000000000000000 ) ) ;
#1779 = EDGE_CURVE ( 'NONE', #3397, #1690, #2575, .T. ) ;
#1780 = CARTESIAN_POINT ( 'NONE',  ( -0.9299999999999998268, 1.179219984648860324E-16, 0.6500000000000000222 ) ) ;
#1781 = CYLINDRICAL_SURFACE ( 'NONE', #2188, 0.2500000000000000000 ) ;
#1782 = EDGE_CURVE ( 'NONE', #524, #531, #1793, .T. ) ;
#1783 = ORIENTED_EDGE ( 'NONE', *, *, #2402, .T. ) ;
#1784 = LINE ( 'NONE', #2888, #2214 ) ;
#1785 = CIRCLE ( 'NONE', #2246, 0.01000000000000002623 ) ;
#1786 = ORIENTED_EDGE ( 'NONE', *, *, #1378, .F. ) ;
#1787 = ORIENTED_EDGE ( 'NONE', *, *, #2801, .F. ) ;
#1788 = ADVANCED_FACE ( 'NONE', ( #132 ), #1295, .T. ) ;
#1789 = CIRCLE ( 'NONE', #136, 0.8499999999999999778 ) ;
#1790 = CARTESIAN_POINT ( 'NONE',  ( 1.050000000000000044, -1.300000000000000266, 0.1400000000000000133 ) ) ;
#1791 = CARTESIAN_POINT ( 'NONE',  ( 0.8958578643762690197, 1.495857864376268997, 0.1400000000000000133 ) ) ;
#1792 = SPHERICAL_SURFACE ( 'NONE', #571, 0.2500000000000000000 ) ;
#1793 = CIRCLE ( 'NONE', #2727, 0.01000000000000002623 ) ;
#1794 = EDGE_LOOP ( 'NONE', ( #1067, #303, #1663 ) ) ;
#1795 = CARTESIAN_POINT ( 'NONE',  ( 0.8899999999999999023, -1.500000000000000000, -0.01000000000000000021 ) ) ;
#1796 = DIRECTION ( 'NONE',  ( 1.000000000000000000, 0.0000000000000000000, 0.0000000000000000000 ) ) ;
#1797 = CYLINDRICAL_SURFACE ( 'NONE', #2984, 0.2500000000000002220 ) ;
#1798 = CYLINDRICAL_SURFACE ( 'NONE', #1504, 0.01000000000000002623 ) ;
#1799 = DIRECTION ( 'NONE',  ( -1.000000000000000000, -1.224646799147343346E-16, 0.0000000000000000000 ) ) ;
#1800 = AXIS2_PLACEMENT_3D ( 'NONE', #2649, #1881, #986 ) ;
#1801 = EDGE_LOOP ( 'NONE', ( #212, #1564, #664, #3562 ) ) ;
#1802 = DIRECTION ( 'NONE',  ( 0.0000000000000000000, 0.0000000000000000000, -1.000000000000000000 ) ) ;
#1803 = VECTOR ( 'NONE', #2701, 1000.000000000000000 ) ;
#1804 = MECHANICAL_DESIGN_GEOMETRIC_PRESENTATION_REPRESENTATION (  '', ( #2037 ), #630 ) ;
#1805 = ADVANCED_FACE ( 'NONE', ( #3495 ), #1312, .F. ) ;
#1806 = ORIENTED_EDGE ( 'NONE', *, *, #1956, .F. ) ;
#1807 = VERTEX_POINT ( 'NONE', #2406 ) ;
#1808 = CARTESIAN_POINT ( 'NONE',  ( -1.050000000000000044, 1.040000000000000036, -0.01000000000000000021 ) ) ;
#1809 = EDGE_CURVE ( 'NONE', #572, #1466, #1259, .T. ) ;
#1810 = CARTESIAN_POINT ( 'NONE',  ( 0.8894003300729653727, -0.2999999999999999889, 0.3399999999999999689 ) ) ;
#1811 = CARTESIAN_POINT ( 'NONE',  ( 0.4399999999999998357, -0.2899999999999999245, -0.01000000000000000021 ) ) ;
#1812 = COLOUR_RGB ( '',1.000000000000000000, 1.000000000000000000, 1.000000000000000000 ) ;
#1813 = ORIENTED_EDGE ( 'NONE', *, *, #297, .F. ) ;
#1814 = DIRECTION ( 'NONE',  ( 1.000000000000000000, 0.0000000000000000000, 0.0000000000000000000 ) ) ;
#1815 = CARTESIAN_POINT ( 'NONE',  ( -1.550000000000000266, -0.2899999999999999800, -0.01000000000000000021 ) ) ;
#1816 = CARTESIAN_POINT ( 'NONE',  ( 1.540000000000000036, 0.2899999999999999800, 0.3399999999999999689 ) ) ;
#1817 = ORIENTED_EDGE ( 'NONE', *, *, #1821, .F. ) ;
#1818 = CARTESIAN_POINT ( 'NONE',  ( 1.550000000000000266, 0.2899999999999999800, 0.3499999999999999778 ) ) ;
#1819 = ORIENTED_EDGE ( 'NONE', *, *, #1341, .T. ) ;
#1820 = LINE ( 'NONE', #1269, #2448 ) ;
#1821 = EDGE_CURVE ( 'NONE', #123, #1888, #2707, .T. ) ;
#1822 = CARTESIAN_POINT ( 'NONE',  ( 0.8900000000000014566, -8.577243853440897491E-16, 0.1400000000000000133 ) ) ;
#1823 = CARTESIAN_POINT ( 'NONE',  ( -1.300000000000000044, -0.2960826189956033416, 0.1396690026908817550 ) ) ;
#1824 = CARTESIAN_POINT ( 'NONE',  ( 1.290000000000000036, 1.050000000000000044, 0.3499999999999999778 ) ) ;
#1825 = EDGE_CURVE ( 'NONE', #306, #3103, #2083, .T. ) ;
#1826 = AXIS2_PLACEMENT_3D ( 'NONE', #2078, #2661, #976 ) ;
#1827 = CARTESIAN_POINT ( 'NONE',  ( -1.050000000000000044, 1.050000000000000044, 0.3399999999999999689 ) ) ;
#1828 =( NAMED_UNIT ( * ) SI_UNIT ( $, .STERADIAN. ) SOLID_ANGLE_UNIT ( ) );
#1829 = CARTESIAN_POINT ( 'NONE',  ( 0.2500000000000000000, 3.061616997868383018E-17, 1.250000000000000000 ) ) ;
#1830 = ADVANCED_FACE ( 'NONE', ( #982 ), #2308, .T. ) ;
#1831 = CARTESIAN_POINT ( 'NONE',  ( -0.8899999999999999023, -1.489999999999999991, 0.1300000000000000044 ) ) ;
#1832 = FACE_OUTER_BOUND ( 'NONE', #1124, .T. ) ;
#1833 = ORIENTED_EDGE ( 'NONE', *, *, #248, .F. ) ;
#1834 = CARTESIAN_POINT ( 'NONE',  ( -1.300000000000000044, 0.2899999999999999800, 0.1400000000000000133 ) ) ;
#1835 = ORIENTED_EDGE ( 'NONE', *, *, #2621, .F. ) ;
#1836 = EDGE_LOOP ( 'NONE', ( #253, #1954, #2298, #2582 ) ) ;
#1837 = DIRECTION ( 'NONE',  ( 0.0000000000000000000, 0.0000000000000000000, 1.000000000000000000 ) ) ;
#1838 = CARTESIAN_POINT ( 'NONE',  ( -1.300000000000000044, -0.3095526747613693286, 0.1304471020026614358 ) ) ;
#1839 = CARTESIAN_POINT ( 'NONE',  ( 0.4499999999999999001, -0.2899999999999999800, 0.1300000000000000044 ) ) ;
#1840 = ADVANCED_FACE ( 'NONE', ( #2424 ), #1611, .F. ) ;
#1841 = AXIS2_PLACEMENT_3D ( 'NONE', #1603, #2457, #1912 ) ;
#1842 = CARTESIAN_POINT ( 'NONE',  ( -1.540000000000000036, 0.0000000000000000000, 0.1400000000000000133 ) ) ;
#1843 = FACE_OUTER_BOUND ( 'NONE', #696, .T. ) ;
#1844 = CIRCLE ( 'NONE', #78, 0.01000000000000002623 ) ;
#1845 = VECTOR ( 'NONE', #3415, 1000.000000000000000 ) ;
#1846 = DIRECTION ( 'NONE',  ( -0.0000000000000000000, -0.0000000000000000000, -1.000000000000000000 ) ) ;
#1847 = EDGE_CURVE ( 'NONE', #3085, #280, #316, .T. ) ;
#1848 = CARTESIAN_POINT ( 'NONE',  ( 0.0000000000000000000, 0.0000000000000000000, 1.175857864376268935 ) ) ;
#1849 = DIRECTION ( 'NONE',  ( -0.0000000000000000000, -0.0000000000000000000, 1.000000000000000000 ) ) ;
#1850 = DIRECTION ( 'NONE',  ( 0.0000000000000000000, 0.0000000000000000000, -1.000000000000000000 ) ) ;
#1851 = ADVANCED_FACE ( 'NONE', ( #2371 ), #1001, .T. ) ;
#1852 = ORIENTED_EDGE ( 'NONE', *, *, #1910, .F. ) ;
#1853 = VERTEX_POINT ( 'NONE', #756 ) ;
#1854 = AXIS2_PLACEMENT_3D ( 'NONE', #2392, #1559, #150 ) ;
#1855 = LINE ( 'NONE', #1049, #1020 ) ;
#1856 = FACE_OUTER_BOUND ( 'NONE', #3610, .T. ) ;
#1857 = DIRECTION ( 'NONE',  ( -4.336808689942006376E-14, -1.000000000000000000, 0.0000000000000000000 ) ) ;
#1858 = VECTOR ( 'NONE', #937, 1000.000000000000000 ) ;
#1859 = VERTEX_POINT ( 'NONE', #199 ) ;
#1860 = AXIS2_PLACEMENT_3D ( 'NONE', #1302, #1531, #2379 ) ;
#1861 = AXIS2_PLACEMENT_3D ( 'NONE', #2065, #3184, #2267 ) ;
#1862 = CYLINDRICAL_SURFACE ( 'NONE', #2867, 0.01000000000000002623 ) ;
#1863 = AXIS2_PLACEMENT_3D ( 'NONE', #1848, #447, #3550 ) ;
#1864 = FILL_AREA_STYLE_COLOUR ( '', #1812 ) ;
#1865 = CARTESIAN_POINT ( 'NONE',  ( -0.9299999999999998268, 1.138921523207038426E-16, 0.5499999999999999334 ) ) ;
#1866 = CARTESIAN_POINT ( 'NONE',  ( -1.000000000000000000, 0.0000000000000000000, 0.7051461789529179791 ) ) ;
#1867 = ADVANCED_FACE ( 'NONE', ( #3241 ), #1576, .T. ) ;
#1868 = ORIENTED_EDGE ( 'NONE', *, *, #1429, .T. ) ;
#1869 = DIRECTION ( 'NONE',  ( 0.0000000000000000000, 0.0000000000000000000, 1.000000000000000000 ) ) ;
#1870 = ORIENTED_EDGE ( 'NONE', *, *, #655, .F. ) ;
#1871 = EDGE_CURVE ( 'NONE', #3393, #2734, #3027, .T. ) ;
#1872 = ORIENTED_EDGE ( 'NONE', *, *, #2199, .F. ) ;
#1873 = B_SPLINE_CURVE_WITH_KNOTS ( 'NONE', 3,
 ( #1526, #2104, #411, #1558, #116, #1262, #2669, #3514, #465, #183, #3242, #1593, #967 ),
 .UNSPECIFIED., .F., .F.,
 ( 4, 3, 3, 3, 4 ),
 ( -6.324555872941853617E-07, 0.0000000000000000000, 7.840856666123759882E-06, 1.483400100655120693E-05, 1.993728362545258060E-05 ),
 .UNSPECIFIED. ) ;
#1874 = DIRECTION ( 'NONE',  ( 1.000000000000000000, 0.0000000000000000000, 0.0000000000000000000 ) ) ;
#1875 = FILL_AREA_STYLE_COLOUR ( '', #2919 ) ;
#1876 = VERTEX_POINT ( 'NONE', #775 ) ;
#1877 = DIRECTION ( 'NONE',  ( 1.032573497605242347E-16, -1.000000000000000000, 0.0000000000000000000 ) ) ;
#1878 = DIRECTION ( 'NONE',  ( 0.0000000000000000000, 0.0000000000000000000, -1.000000000000000000 ) ) ;
#1879 = DIRECTION ( 'NONE',  ( 0.0000000000000000000, 0.0000000000000000000, 1.000000000000000000 ) ) ;
#1880 = ORIENTED_EDGE ( 'NONE', *, *, #874, .F. ) ;
#1881 = DIRECTION ( 'NONE',  ( -1.000000000000000000, 0.0000000000000000000, 0.0000000000000000000 ) ) ;
#1882 = DIRECTION ( 'NONE',  ( -1.000000000000000000, 0.0000000000000000000, 0.0000000000000000000 ) ) ;
#1883 = ADVANCED_FACE ( 'NONE', ( #1670 ), #3062, .T. ) ;
#1884 = PRESENTATION_LAYER_ASSIGNMENT (  '', '', ( #2176 ) ) ;
#1885 = ORIENTED_EDGE ( 'NONE', *, *, #1582, .T. ) ;
#1886 = CARTESIAN_POINT ( 'NONE',  ( 0.9899999999999999911, 1.212400331155879702E-16, 0.7051461789529179791 ) ) ;
#1887 = EDGE_CURVE ( 'NONE', #1136, #241, #1054, .T. ) ;
#1888 = VERTEX_POINT ( 'NONE', #1418 ) ;
#1889 = ORIENTED_EDGE ( 'NONE', *, *, #2842, .F. ) ;
#1890 = LINE ( 'NONE', #3600, #2482 ) ;
#1891 = DIRECTION ( 'NONE',  ( 1.000000000000000000, 0.0000000000000000000, 0.0000000000000000000 ) ) ;
#1892 = LINE ( 'NONE', #2476, #865 ) ;
#1893 = ADVANCED_FACE ( 'NONE', ( #815 ), #2851, .T. ) ;
#1894 = ORIENTED_EDGE ( 'NONE', *, *, #659, .F. ) ;
#1895 =( BOUNDED_CURVE ( )  B_SPLINE_CURVE ( 3, ( #1534, #2962, #1791, #1273 ),
 .UNSPECIFIED., .F., .T. ) 
 B_SPLINE_CURVE_WITH_KNOTS ( ( 4, 4 ),
 ( 3.141592653589787787, 4.712388980384689674 ),
 .UNSPECIFIED. ) 
 CURVE ( )  GEOMETRIC_REPRESENTATION_ITEM ( )  RATIONAL_B_SPLINE_CURVE ( ( 1.000000000000000000, 0.8047378541243637162, 0.8047378541243637162, 1.000000000000000000 ) ) 
 REPRESENTATION_ITEM ( '' )  );
#1896 = DIRECTION ( 'NONE',  ( 1.000000000000000000, -0.0000000000000000000, -0.0000000000000000000 ) ) ;
#1897 = DIRECTION ( 'NONE',  ( -1.000000000000000000, 0.0000000000000000000, 0.0000000000000000000 ) ) ;
#1898 = CARTESIAN_POINT ( 'NONE',  ( -0.9000000000000002442, -1.300000000000000266, 0.0000000000000000000 ) ) ;
#1899 = AXIS2_PLACEMENT_3D ( 'NONE', #2891, #3364, #1991 ) ;
#1900 = VECTOR ( 'NONE', #225, 999.9999999999998863 ) ;
#1901 = ORIENTED_EDGE ( 'NONE', *, *, #523, .T. ) ;
#1902 = CARTESIAN_POINT ( 'NONE',  ( -1.000000000000000000, 0.0000000000000000000, 1.175857864376268935 ) ) ;
#1903 = DIRECTION ( 'NONE',  ( 0.0000000000000000000, 0.0000000000000000000, 1.000000000000000000 ) ) ;
#1904 = ORIENTED_EDGE ( 'NONE', *, *, #1197, .T. ) ;
#1905 = DIRECTION ( 'NONE',  ( 0.0000000000000000000, 0.0000000000000000000, -1.000000000000000000 ) ) ;
#1906 = DIRECTION ( 'NONE',  ( -1.000000000000000000, -1.224646799147343346E-16, 0.0000000000000000000 ) ) ;
#1907 = ORIENTED_EDGE ( 'NONE', *, *, #722, .F. ) ;
#1908 = VECTOR ( 'NONE', #2514, 1000.000000000000000 ) ;
#1909 = VERTEX_POINT ( 'NONE', #2206 ) ;
#1910 = EDGE_CURVE ( 'NONE', #869, #361, #623, .T. ) ;
#1911 =( GEOMETRIC_REPRESENTATION_CONTEXT ( 3 ) GLOBAL_UNCERTAINTY_ASSIGNED_CONTEXT ( ( #1650 ) ) GLOBAL_UNIT_ASSIGNED_CONTEXT ( ( #1749, #2335, #396 ) ) REPRESENTATION_CONTEXT ( 'NONE', 'WORKASPACE' ) );
#1912 = DIRECTION ( 'NONE',  ( 0.0000000000000000000, 0.0000000000000000000, -1.000000000000000000 ) ) ;
#1913 = ORIENTED_EDGE ( 'NONE', *, *, #2252, .F. ) ;
#1914 = FILL_AREA_STYLE ('',( #1875 ) ) ;
#1915 = EDGE_LOOP ( 'NONE', ( #324, #415, #1377, #3264 ) ) ;
#1916 = TOROIDAL_SURFACE ( 'NONE', #1971, 0.9258578643762689353, 0.01000000000000000021 ) ;
#1917 = EDGE_CURVE ( 'NONE', #2292, #1345, #3135, .T. ) ;
#1918 = CARTESIAN_POINT ( 'NONE',  ( 0.9553217710524614104, 0.2955692848002818285, 0.4883890755767822389 ) ) ;
#1919 = DIRECTION ( 'NONE',  ( 0.0000000000000000000, 0.0000000000000000000, -1.000000000000000000 ) ) ;
#1920 = AXIS2_PLACEMENT_3D ( 'NONE', #882, #2010, #1199 ) ;
#1921 = TOROIDAL_SURFACE ( 'NONE', #206, 0.2600000000000000089, 0.01000000000000000021 ) ;
#1922 = TOROIDAL_SURFACE ( 'NONE', #209, 0.2400000000000001021, 0.01000000000000000021 ) ;
#1923 = ORIENTED_EDGE ( 'NONE', *, *, #1472, .F. ) ;
#1924 = DIRECTION ( 'NONE',  ( 0.0000000000000000000, 0.0000000000000000000, 1.000000000000000000 ) ) ;
#1925 = CARTESIAN_POINT ( 'NONE',  ( -1.310000000000000053, -0.2926794919243111970, -0.01000000000000000021 ) ) ;
#1926 = DIRECTION ( 'NONE',  ( -1.000000000000000000, 0.0000000000000000000, 0.0000000000000000000 ) ) ;
#1927 = VECTOR ( 'NONE', #2471, 1000.000000000000000 ) ;
#1928 = CARTESIAN_POINT ( 'NONE',  ( -1.310000000000000053, -0.2899999999999999800, 0.1400000000000000133 ) ) ;
#1929 = LINE ( 'NONE', #3055, #1102 ) ;
#1930 = ORIENTED_EDGE ( 'NONE', *, *, #2758, .F. ) ;
#1931 = LINE ( 'NONE', #2182, #2415 ) ;
#1932 = DIRECTION ( 'NONE',  ( -1.000000000000000000, -1.032573497605242347E-16, -0.0000000000000000000 ) ) ;
#1933 = ORIENTED_EDGE ( 'NONE', *, *, #410, .T. ) ;
#1934 = EDGE_CURVE ( 'NONE', #2089, #407, #3079, .T. ) ;
#1935 = UNCERTAINTY_MEASURE_WITH_UNIT (LENGTH_MEASURE( 1.000000000000000082E-05 ), #3101, 'distance_accuracy_value', 'NONE');
#1936 = LINE ( 'NONE', #3045, #635 ) ;
#1937 = CARTESIAN_POINT ( 'NONE',  ( 0.4477827160247012106, -0.2964018255771275756, -0.009339584963347111884 ) ) ;
#1938 = CARTESIAN_POINT ( 'NONE',  ( -0.9000000000000002442, -1.300000000000000266, 0.3499999999999999778 ) ) ;
#1939 = ORIENTED_EDGE ( 'NONE', *, *, #901, .F. ) ;
#1940 = DIRECTION ( 'NONE',  ( 0.0000000000000000000, 0.0000000000000000000, 1.000000000000000000 ) ) ;
#1941 = CYLINDRICAL_SURFACE ( 'NONE', #2642, 0.2500000000000002220 ) ;
#1942 = DIRECTION ( 'NONE',  ( -1.000000000000000000, -1.032573497605242717E-16, -0.0000000000000000000 ) ) ;
#1943 = EDGE_CURVE ( 'NONE', #1876, #1945, #850, .T. ) ;
#1944 = VERTEX_POINT ( 'NONE', #3570 ) ;
#1945 = VERTEX_POINT ( 'NONE', #1898 ) ;
#1946 = VECTOR ( 'NONE', #508, 1000.000000000000000 ) ;
#1947 = CARTESIAN_POINT ( 'NONE',  ( 0.0000000000000000000, 0.0000000000000000000, 1.182928932188134441 ) ) ;
#1948 =( LENGTH_UNIT ( ) NAMED_UNIT ( * ) SI_UNIT ( .MILLI., .METRE. ) );
#1949 = DIRECTION ( 'NONE',  ( 1.000000000000000000, 0.0000000000000000000, 0.0000000000000000000 ) ) ;
#1950 = VERTEX_POINT ( 'NONE', #1355 ) ;
#1951 = DIRECTION ( 'NONE',  ( 0.0000000000000000000, -0.0000000000000000000, 1.000000000000000000 ) ) ;
#1952 = CARTESIAN_POINT ( 'NONE',  ( 0.4461223171820775102, -0.2980047055906350773, -0.008464165796314841381 ) ) ;
#1953 = CARTESIAN_POINT ( 'NONE',  ( -0.9000000000000003553, 1.050000000000000044, -0.01000000000000000021 ) ) ;
#1954 = ORIENTED_EDGE ( 'NONE', *, *, #3597, .F. ) ;
#1955 = CARTESIAN_POINT ( 'NONE',  ( -0.8899999999999999023, -1.489999999999999991, 0.1400000000000000133 ) ) ;
#1956 = EDGE_CURVE ( 'NONE', #1448, #106, #2028, .T. ) ;
#1957 = DIRECTION ( 'NONE',  ( -9.637352644315598694E-16, -1.000000000000000000, 0.0000000000000000000 ) ) ;
#1958 = VECTOR ( 'NONE', #2416, 1000.000000000000000 ) ;
#1959 = CARTESIAN_POINT ( 'NONE',  ( -1.050000000000000044, 1.050000000000000044, 0.0000000000000000000 ) ) ;
#1960 = EDGE_LOOP ( 'NONE', ( #889, #3450, #1550, #628 ) ) ;
#1961 = VERTEX_POINT ( 'NONE', #3589 ) ;
#1962 = AXIS2_PLACEMENT_3D ( 'NONE', #2374, #2173, #2712 ) ;
#1963 = CARTESIAN_POINT ( 'NONE',  ( 0.0000000000000000000, 0.0000000000000000000, 0.6500000000000000222 ) ) ;
#1964 = AXIS2_PLACEMENT_3D ( 'NONE', #439, #1837, #2638 ) ;
#1965 = ORIENTED_EDGE ( 'NONE', *, *, #176, .F. ) ;
#1966 = DIRECTION ( 'NONE',  ( -1.000000000000000000, 0.0000000000000000000, 0.0000000000000000000 ) ) ;
#1967 = DIRECTION ( 'NONE',  ( 1.000000000000000000, 9.637352644315535585E-16, 0.0000000000000000000 ) ) ;
#1968 = VERTEX_POINT ( 'NONE', #2826 ) ;
#1969 = CARTESIAN_POINT ( 'NONE',  ( 0.4484196949722924486, -0.2954001233072531263, -0.009622794041705563101 ) ) ;
#1970 = CARTESIAN_POINT ( 'NONE',  ( 0.0000000000000000000, 0.0000000000000000000, 0.3500000000000000333 ) ) ;
#1971 = AXIS2_PLACEMENT_3D ( 'NONE', #3007, #2428, #184 ) ;
#1972 = ORIENTED_EDGE ( 'NONE', *, *, #2630, .T. ) ;
#1973 = AXIS2_PLACEMENT_3D ( 'NONE', #3096, #1397, #582 ) ;
#1974 = DIRECTION ( 'NONE',  ( 0.0000000000000000000, 1.000000000000000000, 0.0000000000000000000 ) ) ;
#1975 = CARTESIAN_POINT ( 'NONE',  ( 0.0000000000000000000, -0.2899999999999999800, 0.4799999999999999822 ) ) ;
#1976 = LINE ( 'NONE', #2526, #1680 ) ;
#1977 = ORIENTED_EDGE ( 'NONE', *, *, #2886, .T. ) ;
#1978 = VERTEX_POINT ( 'NONE', #1632 ) ;
#1979 = CONICAL_SURFACE ( 'NONE', #3382, 1.000000000000000000, 0.7853981633974482790 ) ;
#1980 = AXIS2_PLACEMENT_3D ( 'NONE', #2283, #619, #74 ) ;
#1981 = EDGE_CURVE ( 'NONE', #2904, #925, #2786, .T. ) ;
#1982 = ORIENTED_EDGE ( 'NONE', *, *, #3192, .F. ) ;
#1983 = VECTOR ( 'NONE', #2721, 1000.000000000000000 ) ;
#1984 = VECTOR ( 'NONE', #3291, 1000.000000000000000 ) ;
#1985 = ADVANCED_FACE ( 'NONE', ( #3047 ), #2750, .T. ) ;
#1986 = CIRCLE ( 'NONE', #3044, 0.009999999999999998473 ) ;
#1987 = ORIENTED_EDGE ( 'NONE', *, *, #2886, .F. ) ;
#1988 = CARTESIAN_POINT ( 'NONE',  ( -0.9329289321881342190, 0.0000000000000000000, 1.247071067811865497 ) ) ;
#1989 = DIRECTION ( 'NONE',  ( 9.637352644315598694E-16, -1.000000000000000000, 0.0000000000000000000 ) ) ;
#1990 = ORIENTED_EDGE ( 'NONE', *, *, #1629, .T. ) ;
#1991 = DIRECTION ( 'NONE',  ( 1.000000000000000000, 0.0000000000000000000, 0.0000000000000000000 ) ) ;
#1992 = CARTESIAN_POINT ( 'NONE',  ( 0.9542120499161598213, -0.2991312314878696310, 0.4842162610874113371 ) ) ;
#1993 = CARTESIAN_POINT ( 'NONE',  ( 0.0000000000000000000, 0.0000000000000000000, 1.000000000000000000 ) ) ;
#1994 = ORIENTED_EDGE ( 'NONE', *, *, #265, .T. ) ;
#1995 = SURFACE_STYLE_FILL_AREA ( #926 ) ;
#1996 = DIRECTION ( 'NONE',  ( -0.0000000000000000000, -0.0000000000000000000, -1.000000000000000000 ) ) ;
#1997 = DIRECTION ( 'NONE',  ( 0.0000000000000000000, 0.0000000000000000000, 1.000000000000000000 ) ) ;
#1998 = ORIENTED_EDGE ( 'NONE', *, *, #1241, .T. ) ;
#1999 = DIRECTION ( 'NONE',  ( 1.000000000000000000, 0.0000000000000000000, 0.0000000000000000000 ) ) ;
#2000 = EDGE_CURVE ( 'NONE', #869, #1807, #2145, .T. ) ;
#2001 = AXIS2_PLACEMENT_3D ( 'NONE', #3432, #2261, #919 ) ;
#2002 = ORIENTED_EDGE ( 'NONE', *, *, #1542, .F. ) ;
#2003 = ADVANCED_FACE ( 'NONE', ( #2463 ), #2977, .T. ) ;
#2004 = SURFACE_STYLE_FILL_AREA ( #1705 ) ;
#2005 = EDGE_LOOP ( 'NONE', ( #3290, #1742, #711, #3265 ) ) ;
#2006 = COLOUR_RGB ( '',1.000000000000000000, 1.000000000000000000, 1.000000000000000000 ) ;
#2007 = FACE_OUTER_BOUND ( 'NONE', #1794, .T. ) ;
#2008 = ADVANCED_FACE ( 'NONE', ( #1689 ), #829, .F. ) ;
#2009 = LINE ( 'NONE', #1758, #293 ) ;
#2010 = DIRECTION ( 'NONE',  ( -1.032573497605242347E-16, 1.000000000000000000, -0.0000000000000000000 ) ) ;
#2011 = VERTEX_POINT ( 'NONE', #1953 ) ;
#2012 = DIRECTION ( 'NONE',  ( 0.0000000000000000000, 0.0000000000000000000, 1.000000000000000000 ) ) ;
#2013 = LINE ( 'NONE', #3131, #3356 ) ;
#2014 = DIRECTION ( 'NONE',  ( 0.0000000000000000000, 0.0000000000000000000, -1.000000000000000000 ) ) ;
#2015 = VERTEX_POINT ( 'NONE', #2523 ) ;
#2016 = ORIENTED_EDGE ( 'NONE', *, *, #2973, .F. ) ;
#2017 = FACE_OUTER_BOUND ( 'NONE', #698, .T. ) ;
#2018 = ORIENTED_EDGE ( 'NONE', *, *, #2500, .T. ) ;
#2019 = EDGE_LOOP ( 'NONE', ( #1817, #2227, #2997, #462 ) ) ;
#2020 = AXIS2_PLACEMENT_3D ( 'NONE', #527, #1675, #509 ) ;
#2021 = VECTOR ( 'NONE', #2096, 1000.000000000000000 ) ;
#2022 = ORIENTED_EDGE ( 'NONE', *, *, #1887, .T. ) ;
#2023 = SURFACE_SIDE_STYLE ('',( #2004 ) ) ;
#2024 = EDGE_LOOP ( 'NONE', ( #249, #1392, #325, #856 ) ) ;
#2025 = ADVANCED_FACE ( 'NONE', ( #797 ), #1792, .T. ) ;
#2026 = DIRECTION ( 'NONE',  ( 1.000000000000000000, 0.0000000000000000000, 0.0000000000000000000 ) ) ;
#2027 = CARTESIAN_POINT ( 'NONE',  ( 1.300000000000000266, 1.050000000000000044, 0.0000000000000000000 ) ) ;
#2028 = CIRCLE ( 'NONE', #438, 1.000000000000000000 ) ;
#2029 = DIRECTION ( 'NONE',  ( 0.0000000000000000000, 1.000000000000000000, 0.0000000000000000000 ) ) ;
#2030 = ADVANCED_FACE ( 'NONE', ( #3453 ), #1497, .F. ) ;
#2031 = EDGE_CURVE ( 'NONE', #123, #1909, #2505, .T. ) ;
#2032 = EDGE_LOOP ( 'NONE', ( #1490, #2835, #883 ) ) ;
#2033 = DIRECTION ( 'NONE',  ( 0.0000000000000000000, 0.0000000000000000000, -1.000000000000000000 ) ) ;
#2034 = CARTESIAN_POINT ( 'NONE',  ( 0.4499999999999999001, -0.2899999999999999245, -0.01000000000000000021 ) ) ;
#2035 = ORIENTED_EDGE ( 'NONE', *, *, #2928, .T. ) ;
#2036 = FILL_AREA_STYLE ('',( #604 ) ) ;
#2037 = STYLED_ITEM ( 'NONE', ( #904 ), #565 ) ;
#2038 = COLOUR_RGB ( '',1.000000000000000000, 1.000000000000000000, 1.000000000000000000 ) ;
#2039 = VECTOR ( 'NONE', #2687, 1000.000000000000000 ) ;
#2040 = ORIENTED_EDGE ( 'NONE', *, *, #240, .F. ) ;
#2041 = CARTESIAN_POINT ( 'NONE',  ( 0.8900000000000013456, 8.577243853440896505E-16, 0.1400000000000000133 ) ) ;
#2042 = FACE_OUTER_BOUND ( 'NONE', #2177, .T. ) ;
#2043 = ORIENTED_EDGE ( 'NONE', *, *, #1598, .T. ) ;
#2044 = CARTESIAN_POINT ( 'NONE',  ( 1.290000000000000036, 1.050000000000000044, 0.3499999999999999778 ) ) ;
#2045 = CARTESIAN_POINT ( 'NONE',  ( 0.9539392014169456591, -0.2999999999999998779, 0.3500000000000001443 ) ) ;
#2046 = LINE ( 'NONE', #91, #916 ) ;
#2047 = EDGE_CURVE ( 'NONE', #2380, #2872, #1446, .T. ) ;
#2048 = ORIENTED_EDGE ( 'NONE', *, *, #1288, .T. ) ;
#2049 = CARTESIAN_POINT ( 'NONE',  ( 1.050000000000000044, 1.050000000000000044, 0.3399999999999999689 ) ) ;
#2050 = CARTESIAN_POINT ( 'NONE',  ( -1.300000000000000044, 0.2999999999999999334, 0.1300000000000000044 ) ) ;
#2051 = DIRECTION ( 'NONE',  ( -1.000000000000000000, 0.0000000000000000000, 0.0000000000000000000 ) ) ;
#2052 = EDGE_CURVE ( 'NONE', #3393, #1649, #2046, .T. ) ;
#2053 = FACE_OUTER_BOUND ( 'NONE', #2315, .T. ) ;
#2054 = DIRECTION ( 'NONE',  ( 1.000000000000000000, 0.0000000000000000000, 0.0000000000000000000 ) ) ;
#2055 = EDGE_CURVE ( 'NONE', #280, #168, #2063, .T. ) ;
#2056 = VERTEX_POINT ( 'NONE', #1740 ) ;
#2057 = CARTESIAN_POINT ( 'NONE',  ( 0.8899999999999999023, -1.489999999999999991, 0.0000000000000000000 ) ) ;
#2058 = ORIENTED_EDGE ( 'NONE', *, *, #1825, .F. ) ;
#2059 = ORIENTED_EDGE ( 'NONE', *, *, #2693, .F. ) ;
#2060 = AXIS2_PLACEMENT_3D ( 'NONE', #1053, #2726, #3365 ) ;
#2061 = FACE_OUTER_BOUND ( 'NONE', #911, .T. ) ;
#2062 = DIRECTION ( 'NONE',  ( 0.0000000000000000000, -0.0000000000000000000, -1.000000000000000000 ) ) ;
#2063 = LINE ( 'NONE', #614, #1858 ) ;
#2064 = VERTEX_POINT ( 'NONE', #920 ) ;
#2065 = CARTESIAN_POINT ( 'NONE',  ( 0.9000000000000000222, 1.489999999999999991, 0.0000000000000000000 ) ) ;
#2066 = CARTESIAN_POINT ( 'NONE',  ( -1.300000000000000266, 1.050000000000000044, 0.1400000000000000133 ) ) ;
#2067 = FACE_OUTER_BOUND ( 'NONE', #3555, .T. ) ;
#2068 = ADVANCED_FACE ( 'NONE', ( #1166 ), #71, .F. ) ;
#2069 = FACE_OUTER_BOUND ( 'NONE', #3041, .T. ) ;
#2070 = DIRECTION ( 'NONE',  ( -0.0000000000000000000, -0.0000000000000000000, -1.000000000000000000 ) ) ;
#2071 = ORIENTED_EDGE ( 'NONE', *, *, #1779, .T. ) ;
#2072 = DIRECTION ( 'NONE',  ( -0.0000000000000000000, 0.0000000000000000000, 1.000000000000000000 ) ) ;
#2073 = EDGE_LOOP ( 'NONE', ( #2975, #2838, #876, #1870, #1769 ) ) ;
#2074 = SPHERICAL_SURFACE ( 'NONE', #3502, 0.01000000000000000021 ) ;
#2075 = EDGE_LOOP ( 'NONE', ( #3465, #1103, #2059 ) ) ;
#2076 = VECTOR ( 'NONE', #2790, 1000.000000000000000 ) ;
#2077 = LINE ( 'NONE', #1216, #2659 ) ;
#2078 = CARTESIAN_POINT ( 'NONE',  ( 1.550000000000000266, 0.2999999999999999889, 0.3399999999999999689 ) ) ;
#2079 = CARTESIAN_POINT ( 'NONE',  ( 0.9329289321881342190, 1.181784161177195570E-16, 1.247071067811865497 ) ) ;
#2080 = STYLED_ITEM ( 'NONE', ( #2667 ), #1851 ) ;
#2081 = ORIENTED_EDGE ( 'NONE', *, *, #996, .F. ) ;
#2082 = FACE_OUTER_BOUND ( 'NONE', #2733, .T. ) ;
#2083 = LINE ( 'NONE', #483, #19 ) ;
#2084 = CIRCLE ( 'NONE', #2313, 0.01000000000000002623 ) ;
#2085 = DIRECTION ( 'NONE',  ( 0.0000000000000000000, 1.000000000000000000, 0.0000000000000000000 ) ) ;
#2086 = LINE ( 'NONE', #356, #311 ) ;
#2087 = EDGE_CURVE ( 'NONE', #1300, #2616, #3163, .T. ) ;
#2088 =( GEOMETRIC_REPRESENTATION_CONTEXT ( 3 ) GLOBAL_UNCERTAINTY_ASSIGNED_CONTEXT ( ( #275 ) ) GLOBAL_UNIT_ASSIGNED_CONTEXT ( ( #675, #2319, #3444 ) ) REPRESENTATION_CONTEXT ( 'NONE', 'WORKASPACE' ) );
#2089 = VERTEX_POINT ( 'NONE', #16 ) ;
#2090 = CARTESIAN_POINT ( 'NONE',  ( 0.0000000000000000000, 0.0000000000000000000, 0.4899999999999999911 ) ) ;
#2091 = TOROIDAL_SURFACE ( 'NONE', #1514, 0.02000000000000000042, 0.01000000000000000021 ) ;
#2092 = AXIS2_PLACEMENT_3D ( 'NONE', #561, #1691, #2810 ) ;
#2093 = CARTESIAN_POINT ( 'NONE',  ( -0.8899999999999999023, -1.489999999999999991, 0.1300000000000000044 ) ) ;
#2094 = EDGE_CURVE ( 'NONE', #3603, #2064, #3323, .T. ) ;
#2095 = VERTEX_POINT ( 'NONE', #3403 ) ;
#2096 = DIRECTION ( 'NONE',  ( -1.000000000000000000, -0.0000000000000000000, -0.0000000000000000000 ) ) ;
#2097 = DIRECTION ( 'NONE',  ( -1.000000000000000000, -1.032573497605242347E-16, 0.0000000000000000000 ) ) ;
#2098 = CARTESIAN_POINT ( 'NONE',  ( -0.8900000000000001243, 1.310000000000000053, 0.1500000000000000222 ) ) ;
#2099 = AXIS2_PLACEMENT_3D ( 'NONE', #1886, #1643, #1906 ) ;
#2100 = ORIENTED_EDGE ( 'NONE', *, *, #226, .T. ) ;
#2101 = DIRECTION ( 'NONE',  ( -0.0000000000000000000, -0.0000000000000000000, -1.000000000000000000 ) ) ;
#2102 = FILL_AREA_STYLE_COLOUR ( '', #1599 ) ;
#2103 = CARTESIAN_POINT ( 'NONE',  ( 0.4399999999999998357, -0.3099999999999999423, -0.01000000000000000021 ) ) ;
#2104 = CARTESIAN_POINT ( 'NONE',  ( 0.4401490340008866187, -0.3098508915871228120, 0.0000000000000000000 ) ) ;
#2105 = DIRECTION ( 'NONE',  ( 0.0000000000000000000, 0.0000000000000000000, -1.000000000000000000 ) ) ;
#2106 = DIRECTION ( 'NONE',  ( -0.0000000000000000000, -0.0000000000000000000, 1.000000000000000000 ) ) ;
#2107 = ORIENTED_EDGE ( 'NONE', *, *, #1180, .T. ) ;
#2108 = LINE ( 'NONE', #139, #2686 ) ;
#2109 = VERTEX_POINT ( 'NONE', #2893 ) ;
#2110 = CARTESIAN_POINT ( 'NONE',  ( 1.545857864376269264, 0.3000000000000000444, 0.3400000000000000244 ) ) ;
#2111 = ORIENTED_EDGE ( 'NONE', *, *, #830, .F. ) ;
#2112 = CARTESIAN_POINT ( 'NONE',  ( 0.9000000000000002442, -1.300000000000000266, 0.1300000000000000044 ) ) ;
#2113 = CARTESIAN_POINT ( 'NONE',  ( -1.300000000000000044, -0.3099999999999999423, 0.1300000000000000044 ) ) ;
#2114 = DIRECTION ( 'NONE',  ( -1.000000000000000000, 0.0000000000000000000, -0.0000000000000000000 ) ) ;
#2115 = AXIS2_PLACEMENT_3D ( 'NONE', #2571, #1496, #313 ) ;
#2116 = DIRECTION ( 'NONE',  ( 1.000000000000000000, -0.0000000000000000000, 0.0000000000000000000 ) ) ;
#2117 = CARTESIAN_POINT ( 'NONE',  ( -0.8499999999999999778, 0.0000000000000000000, 1.250000000000000000 ) ) ;
#2118 = DIRECTION ( 'NONE',  ( -1.000000000000000000, 0.0000000000000000000, 0.0000000000000000000 ) ) ;
#2119 = DIRECTION ( 'NONE',  ( -0.0000000000000000000, -0.0000000000000000000, -1.000000000000000000 ) ) ;
#2120 = DIRECTION ( 'NONE',  ( -0.0000000000000000000, -1.000000000000000000, -0.0000000000000000000 ) ) ;
#2121 = CARTESIAN_POINT ( 'NONE',  ( -1.300000000000000044, -0.3090650832417867200, 0.0000000000000000000 ) ) ;
#2122 = VERTEX_POINT ( 'NONE', #1145 ) ;
#2123 = EDGE_LOOP ( 'NONE', ( #119, #2002, #1032, #3577 ) ) ;
#2124 = CARTESIAN_POINT ( 'NONE',  ( -1.310000000000000053, -0.3099999999999999423, 0.0000000000000000000 ) ) ;
#2125 = ORIENTED_EDGE ( 'NONE', *, *, #1042, .F. ) ;
#2126 = DIRECTION ( 'NONE',  ( -1.000000000000000000, 9.637352644315598694E-16, 0.0000000000000000000 ) ) ;
#2127 = CARTESIAN_POINT ( 'NONE',  ( 0.0000000000000000000, 0.0000000000000000000, 1.000000000000000000 ) ) ;
#2128 = ORIENTED_EDGE ( 'NONE', *, *, #1486, .T. ) ;
#2129 = EDGE_CURVE ( 'NONE', #2157, #2872, #629, .T. ) ;
#2130 = AXIS2_PLACEMENT_3D ( 'NONE', #1947, #2781, #1874 ) ;
#2131 = DIRECTION ( 'NONE',  ( 1.000000000000000000, -9.637352644315598694E-16, 0.0000000000000000000 ) ) ;
#2132 = DIRECTION ( 'NONE',  ( -0.0000000000000000000, -0.0000000000000000000, -1.000000000000000000 ) ) ;
#2133 = AXIS2_PLACEMENT_3D ( 'NONE', #204, #2452, #563 ) ;
#2134 = VECTOR ( 'NONE', #1533, 1000.000000000000000 ) ;
#2135 = EDGE_CURVE ( 'NONE', #3482, #1192, #1038, .T. ) ;
#2136 = ADVANCED_FACE ( 'NONE', ( #3385 ), #2589, .T. ) ;
#2137 = SURFACE_SIDE_STYLE ('',( #2427 ) ) ;
#2138 = DIRECTION ( 'NONE',  ( 0.0000000000000000000, 0.0000000000000000000, 1.000000000000000000 ) ) ;
#2139 = DIRECTION ( 'NONE',  ( 1.000000000000000000, 0.0000000000000000000, 0.0000000000000000000 ) ) ;
#2140 = ORIENTED_EDGE ( 'NONE', *, *, #2878, .F. ) ;
#2141 = LINE ( 'NONE', #2178, #3104 ) ;
#2142 = VERTEX_POINT ( 'NONE', #2841 ) ;
#2143 = CARTESIAN_POINT ( 'NONE',  ( -1.310000000000000053, -0.2899999999999999800, 0.1300000000000000044 ) ) ;
#2144 = CARTESIAN_POINT ( 'NONE',  ( -0.8900000000000003464, -1.050000000000000044, 0.1300000000000000044 ) ) ;
#2145 = CIRCLE ( 'NONE', #1973, 0.01000000000000002623 ) ;
#2146 = ORIENTED_EDGE ( 'NONE', *, *, #718, .F. ) ;
#2147 = AXIS2_PLACEMENT_3D ( 'NONE', #155, #418, #663 ) ;
#2148 = DIRECTION ( 'NONE',  ( 0.0000000000000000000, 0.0000000000000000000, 1.000000000000000000 ) ) ;
#2149 = EDGE_CURVE ( 'NONE', #990, #2783, #2877, .T. ) ;
#2150 = SURFACE_STYLE_FILL_AREA ( #443 ) ;
#2151 = FILL_AREA_STYLE ('',( #2689 ) ) ;
#2152 = AXIS2_PLACEMENT_3D ( 'NONE', #530, #1083, #3283 ) ;
#2153 = ORIENTED_EDGE ( 'NONE', *, *, #3641, .F. ) ;
#2154 = CARTESIAN_POINT ( 'NONE',  ( -0.8900000000000003464, -1.050000000000000044, -0.01000000000000000021 ) ) ;
#2155 = ADVANCED_FACE ( 'NONE', ( #596 ), #332, .F. ) ;
#2156 = CARTESIAN_POINT ( 'NONE',  ( -1.310000000000000053, -0.2999999999999999889, 0.1300000000000000044 ) ) ;
#2157 = VERTEX_POINT ( 'NONE', #899 ) ;
#2158 = EDGE_CURVE ( 'NONE', #3145, #2122, #3496, .T. ) ;
#2159 = CARTESIAN_POINT ( 'NONE',  ( 0.9000000000000002442, 1.310000000000000275, 0.0000000000000000000 ) ) ;
#2160 = ORIENTED_EDGE ( 'NONE', *, *, #718, .T. ) ;
#2161 = ORIENTED_EDGE ( 'NONE', *, *, #784, .F. ) ;
#2162 = DIRECTION ( 'NONE',  ( -1.000000000000000000, 0.0000000000000000000, 0.0000000000000000000 ) ) ;
#2163 = CARTESIAN_POINT ( 'NONE',  ( 0.8899999999999999023, -1.489999999999999991, -0.01000000000000000021 ) ) ;
#2164 = SURFACE_STYLE_USAGE ( .BOTH. , #519 ) ;
#2165 = ORIENTED_EDGE ( 'NONE', *, *, #784, .T. ) ;
#2166 = FACE_OUTER_BOUND ( 'NONE', #128, .T. ) ;
#2167 = CARTESIAN_POINT ( 'NONE',  ( 0.4399999999999998357, -0.3013397459621555696, -0.004999999999999993165 ) ) ;
#2168 = DIRECTION ( 'NONE',  ( -1.000000000000000000, 0.0000000000000000000, 0.0000000000000000000 ) ) ;
#2169 = CIRCLE ( 'NONE', #533, 0.01000000000000002623 ) ;
#2170 = EDGE_LOOP ( 'NONE', ( #1994, #894, #726, #787 ) ) ;
#2171 = DIRECTION ( 'NONE',  ( -1.000000000000000000, 0.0000000000000000000, 0.0000000000000000000 ) ) ;
#2172 = SURFACE_STYLE_FILL_AREA ( #3372 ) ;
#2173 = DIRECTION ( 'NONE',  ( -0.0000000000000000000, -0.0000000000000000000, -1.000000000000000000 ) ) ;
#2174 = ORIENTED_EDGE ( 'NONE', *, *, #3144, .F. ) ;
#2175 = EDGE_CURVE ( 'NONE', #1888, #1945, #1759, .T. ) ;
#2176 = STYLED_ITEM ( 'NONE', ( #2666 ), #3171 ) ;
#2177 = EDGE_LOOP ( 'NONE', ( #2153, #1707, #1982, #1014, #2513 ) ) ;
#2178 = CARTESIAN_POINT ( 'NONE',  ( 0.0000000000000000000, -0.2899999999999999800, 0.4899999999999999911 ) ) ;
#2179 = VERTEX_POINT ( 'NONE', #2366 ) ;
#2180 = EDGE_CURVE ( 'NONE', #2729, #306, #388, .T. ) ;
#2181 = EDGE_LOOP ( 'NONE', ( #3134, #3343, #3281, #1719 ) ) ;
#2182 = CARTESIAN_POINT ( 'NONE',  ( -0.9000000000000024647, 1.050000000000000044, 0.0000000000000000000 ) ) ;
#2183 = DIRECTION ( 'NONE',  ( -0.0000000000000000000, -1.000000000000000000, -0.0000000000000000000 ) ) ;
#2184 = VERTEX_POINT ( 'NONE', #3491 ) ;
#2185 = DIRECTION ( 'NONE',  ( 1.000000000000000000, 0.0000000000000000000, 0.0000000000000000000 ) ) ;
#2186 = CARTESIAN_POINT ( 'NONE',  ( 0.9545288678198955434, 0.2981191183259535027, 0.4859546343316119565 ) ) ;
#2187 = CARTESIAN_POINT ( 'NONE',  ( 0.0000000000000000000, 0.0000000000000000000, 0.1400000000000000133 ) ) ;
#2188 = AXIS2_PLACEMENT_3D ( 'NONE', #1703, #3479, #2796 ) ;
#2189 = ORIENTED_EDGE ( 'NONE', *, *, #3187, .T. ) ;
#2190 = CARTESIAN_POINT ( 'NONE',  ( -1.050000000000000044, -1.050000000000000266, 0.0000000000000000000 ) ) ;
#2191 = CYLINDRICAL_SURFACE ( 'NONE', #1543, 1.000000000000000000 ) ;
#2192 = CARTESIAN_POINT ( 'NONE',  ( -1.300000000000000044, -0.3099999999999999423, 0.0000000000000000000 ) ) ;
#2193 = ORIENTED_EDGE ( 'NONE', *, *, #812, .T. ) ;
#2194 = CYLINDRICAL_SURFACE ( 'NONE', #2609, 0.01000000000000002623 ) ;
#2195 = EDGE_CURVE ( 'NONE', #907, #1300, #2640, .T. ) ;
#2196 = DIRECTION ( 'NONE',  ( 0.0000000000000000000, 0.0000000000000000000, 1.000000000000000000 ) ) ;
#2197 = VERTEX_POINT ( 'NONE', #2683 ) ;
#2198 = FACE_OUTER_BOUND ( 'NONE', #3308, .T. ) ;
#2199 = EDGE_CURVE ( 'NONE', #1717, #2901, #2860, .T. ) ;
#2200 = LINE ( 'NONE', #3307, #1004 ) ;
#2201 = PLANE ( 'NONE',  #1456 ) ;
#2202 = EDGE_LOOP ( 'NONE', ( #307, #3236, #2652, #1868 ) ) ;
#2203 = CARTESIAN_POINT ( 'NONE',  ( 0.8900000000000003464, -1.050000000000000044, -0.01000000000000000021 ) ) ;
#2204 = ADVANCED_FACE ( 'NONE', ( #405 ), #2091, .T. ) ;
#2205 = DIRECTION ( 'NONE',  ( 0.0000000000000000000, -0.0000000000000000000, 1.000000000000000000 ) ) ;
#2206 = CARTESIAN_POINT ( 'NONE',  ( -1.299999999999999822, -1.050000000000000266, 0.3399999999999999689 ) ) ;
#2207 = AXIS2_PLACEMENT_3D ( 'NONE', #2187, #1710, #3315 ) ;
#2208 = VECTOR ( 'NONE', #2508, 1000.000000000000000 ) ;
#2209 = PRESENTATION_LAYER_ASSIGNMENT (  '', '', ( #208 ) ) ;
#2210 = AXIS2_PLACEMENT_3D ( 'NONE', #423, #2116, #2405 ) ;
#2211 = VERTEX_POINT ( 'NONE', #1824 ) ;
#2212 = FACE_OUTER_BOUND ( 'NONE', #1529, .T. ) ;
#2213 = DIRECTION ( 'NONE',  ( 1.224646799147353207E-16, 1.000000000000000000, -0.0000000000000000000 ) ) ;
#2214 = VECTOR ( 'NONE', #2338, 999.9999999999998863 ) ;
#2215 = LINE ( 'NONE', #546, #793 ) ;
#2216 = ADVANCED_FACE ( 'NONE', ( #1307 ), #733, .T. ) ;
#2217 = ORIENTED_EDGE ( 'NONE', *, *, #2129, .F. ) ;
#2218 = DIRECTION ( 'NONE',  ( 0.0000000000000000000, 0.0000000000000000000, -1.000000000000000000 ) ) ;
#2219 = CARTESIAN_POINT ( 'NONE',  ( -1.050000000000000044, 1.300000000000000044, 0.0000000000000000000 ) ) ;
#2220 = EDGE_LOOP ( 'NONE', ( #457, #2369, #1655, #488, #3089, #379 ) ) ;
#2221 = ADVANCED_FACE ( 'NONE', ( #461 ), #977, .T. ) ;
#2222 = UNCERTAINTY_MEASURE_WITH_UNIT (LENGTH_MEASURE( 1.000000000000000082E-05 ), #607, 'distance_accuracy_value', 'NONE');
#2223 = LINE ( 'NONE', #197, #2869 ) ;
#2224 = CARTESIAN_POINT ( 'NONE',  ( 0.4496343304408237374, -0.2926794919243111970, -0.01000000000000000021 ) ) ;
#2225 = DIRECTION ( 'NONE',  ( -0.0000000000000000000, -0.0000000000000000000, 1.000000000000000000 ) ) ;
#2226 = EDGE_CURVE ( 'NONE', #1978, #2355, #978, .T. ) ;
#2227 = ORIENTED_EDGE ( 'NONE', *, *, #2031, .T. ) ;
#2228 = CARTESIAN_POINT ( 'NONE',  ( 0.0000000000000000000, 0.0000000000000000000, 0.3600000000000000977 ) ) ;
#2229 = DIRECTION ( 'NONE',  ( -1.000000000000000000, -9.637352644315598694E-16, 0.0000000000000000000 ) ) ;
#2230 = LINE ( 'NONE', #835, #1900 ) ;
#2231 = EDGE_LOOP ( 'NONE', ( #3409, #1998 ) ) ;
#2232 = ORIENTED_EDGE ( 'NONE', *, *, #570, .T. ) ;
#2233 = PRESENTATION_LAYER_ASSIGNMENT (  '', '', ( #3349 ) ) ;
#2234 = CARTESIAN_POINT ( 'NONE',  ( 1.050000000000000044, -1.050000000000000044, 0.3499999999999999778 ) ) ;
#2235 = ORIENTED_EDGE ( 'NONE', *, *, #2778, .F. ) ;
#2236 = CARTESIAN_POINT ( 'NONE',  ( -0.8899999999999999023, -1.489999999999999991, 0.0000000000000000000 ) ) ;
#2237 = VERTEX_POINT ( 'NONE', #109 ) ;
#2238 = DIRECTION ( 'NONE',  ( 1.000000000000000000, 0.0000000000000000000, 0.0000000000000000000 ) ) ;
#2239 = ORIENTED_EDGE ( 'NONE', *, *, #1560, .T. ) ;
#2240 = CARTESIAN_POINT ( 'NONE',  ( 1.550000000000000266, 0.2999999999999999889, 0.4799999999999999822 ) ) ;
#2241 = DIRECTION ( 'NONE',  ( 1.000000000000000000, 0.0000000000000000000, -0.0000000000000000000 ) ) ;
#2242 = DIRECTION ( 'NONE',  ( 0.0000000000000000000, 0.0000000000000000000, -1.000000000000000000 ) ) ;
#2243 = ORIENTED_EDGE ( 'NONE', *, *, #458, .T. ) ;
#2244 = LINE ( 'NONE', #3370, #389 ) ;
#2245 = CYLINDRICAL_SURFACE ( 'NONE', #2947, 0.01000000000000002623 ) ;
#2246 = AXIS2_PLACEMENT_3D ( 'NONE', #931, #676, #1799 ) ;
#2247 = CARTESIAN_POINT ( 'NONE',  ( -0.8899999999999999023, -1.489999999999999991, -0.01000000000000000021 ) ) ;
#2248 = ORIENTED_EDGE ( 'NONE', *, *, #1706, .F. ) ;
#2249 = EDGE_CURVE ( 'NONE', #1746, #222, #2418, .T. ) ;
#2250 = ADVANCED_FACE ( 'NONE', ( #998 ), #1535, .F. ) ;
#2251 = CARTESIAN_POINT ( 'NONE',  ( -0.2600000000000000089, 0.0000000000000000000, 0.3600000000000000977 ) ) ;
#2252 = EDGE_CURVE ( 'NONE', #2276, #2015, #2963, .T. ) ;
#2253 = CONICAL_SURFACE ( 'NONE', #2902, 1.000000000000000000, 0.9505468408120761881 ) ;
#2254 = VECTOR ( 'NONE', #731, 1000.000000000000000 ) ;
#2255 = EDGE_LOOP ( 'NONE', ( #3598, #1627, #1380 ) ) ;
#2256 = DIRECTION ( 'NONE',  ( -0.0000000000000000000, -0.0000000000000000000, -1.000000000000000000 ) ) ;
#2257 = SURFACE_STYLE_USAGE ( .BOTH. , #1140 ) ;
#2258 = VECTOR ( 'NONE', #2777, 1000.000000000000000 ) ;
#2259 = ORIENTED_EDGE ( 'NONE', *, *, #3394, .T. ) ;
#2260 = CARTESIAN_POINT ( 'NONE',  ( -1.550000000000000266, -0.2900000000000000355, -0.01000000000000000021 ) ) ;
#2261 = DIRECTION ( 'NONE',  ( 9.637352644315598694E-16, 1.000000000000000000, 0.0000000000000000000 ) ) ;
#2262 = DIRECTION ( 'NONE',  ( -0.0000000000000000000, 1.000000000000000000, 0.0000000000000000000 ) ) ;
#2263 = CIRCLE ( 'NONE', #2736, 0.01000000000000002623 ) ;
#2264 = ADVANCED_FACE ( 'NONE', ( #177 ), #1979, .T. ) ;
#2265 = ORIENTED_EDGE ( 'NONE', *, *, #2395, .F. ) ;
#2266 = VECTOR ( 'NONE', #2403, 1000.000000000000000 ) ;
#2267 = DIRECTION ( 'NONE',  ( 0.0000000000000000000, -1.000000000000000000, 0.0000000000000000000 ) ) ;
#2268 = DIRECTION ( 'NONE',  ( 1.000000000000000000, 1.032573497605242347E-16, 0.0000000000000000000 ) ) ;
#2269 = CARTESIAN_POINT ( 'NONE',  ( 0.9000000000000005773, -1.050000000000000266, 0.0000000000000000000 ) ) ;
#2270 = ORIENTED_EDGE ( 'NONE', *, *, #857, .T. ) ;
#2271 =( GEOMETRIC_REPRESENTATION_CONTEXT ( 3 ) GLOBAL_UNCERTAINTY_ASSIGNED_CONTEXT ( ( #2823 ) ) GLOBAL_UNIT_ASSIGNED_CONTEXT ( ( #1287, #973, #140 ) ) REPRESENTATION_CONTEXT ( 'NONE', 'WORKASPACE' ) );
#2272 = EDGE_CURVE ( 'NONE', #2604, #402, #2344, .T. ) ;
#2273 = AXIS2_PLACEMENT_3D ( 'NONE', #712, #912, #3464 ) ;
#2274 = EDGE_CURVE ( 'NONE', #907, #1859, #3541, .T. ) ;
#2275 = ORIENTED_EDGE ( 'NONE', *, *, #2347, .F. ) ;
#2276 = VERTEX_POINT ( 'NONE', #3524 ) ;
#2277 = FILL_AREA_STYLE_COLOUR ( '', #1636 ) ;
#2278 = ORIENTED_EDGE ( 'NONE', *, *, #25, .T. ) ;
#2279 = PRESENTATION_STYLE_ASSIGNMENT (( #847 ) ) ;
#2280 = FACE_OUTER_BOUND ( 'NONE', #230, .T. ) ;
#2281 = DIRECTION ( 'NONE',  ( 1.000000000000000000, 0.0000000000000000000, 0.0000000000000000000 ) ) ;
#2282 = ORIENTED_EDGE ( 'NONE', *, *, #2724, .F. ) ;
#2283 = CARTESIAN_POINT ( 'NONE',  ( -1.540000000000000036, -0.2899999999999999245, 0.1300000000000000044 ) ) ;
#2284 = FACE_OUTER_BOUND ( 'NONE', #500, .T. ) ;
#2285 = DIRECTION ( 'NONE',  ( -0.0000000000000000000, -0.0000000000000000000, -1.000000000000000000 ) ) ;
#2286 = ORIENTED_EDGE ( 'NONE', *, *, #3279, .T. ) ;
#2287 = EDGE_LOOP ( 'NONE', ( #345, #1370, #1933, #3566 ) ) ;
#2288 = DIRECTION ( 'NONE',  ( 1.000000000000000000, 0.0000000000000000000, 0.0000000000000000000 ) ) ;
#2289 = EDGE_CURVE ( 'NONE', #1909, #64, #2738, .T. ) ;
#2290 = CIRCLE ( 'NONE', #2060, 0.01000000000000002623 ) ;
#2291 = EDGE_LOOP ( 'NONE', ( #1819, #625, #3136, #753, #679, #3413, #855 ) ) ;
#2292 = VERTEX_POINT ( 'NONE', #2079 ) ;
#2293 = CARTESIAN_POINT ( 'NONE',  ( 0.4399999999999998357, -0.3013397459621555696, -0.004999999999999993165 ) ) ;
#2294 = ORIENTED_EDGE ( 'NONE', *, *, #2047, .T. ) ;
#2295 = VECTOR ( 'NONE', #1149, 1000.000000000000000 ) ;
#2296 = FACE_OUTER_BOUND ( 'NONE', #172, .T. ) ;
#2297 = DIRECTION ( 'NONE',  ( 0.0000000000000000000, 0.0000000000000000000, 1.000000000000000000 ) ) ;
#2298 = ORIENTED_EDGE ( 'NONE', *, *, #2520, .T. ) ;
#2299 = FACE_OUTER_BOUND ( 'NONE', #398, .T. ) ;
#2300 = DIRECTION ( 'NONE',  ( 0.0000000000000000000, 0.0000000000000000000, 1.000000000000000000 ) ) ;
#2301 = ORIENTED_EDGE ( 'NONE', *, *, #1191, .T. ) ;
#2302 = CIRCLE ( 'NONE', #2597, 0.01000000000000002623 ) ;
#2303 = VERTEX_POINT ( 'NONE', #3204 ) ;
#2304 = EDGE_CURVE ( 'NONE', #1746, #2685, #328, .T. ) ;
#2305 = ORIENTED_EDGE ( 'NONE', *, *, #2702, .F. ) ;
#2306 = DIRECTION ( 'NONE',  ( 9.637352644315598694E-16, 1.000000000000000000, -0.0000000000000000000 ) ) ;
#2307 = VERTEX_POINT ( 'NONE', #3000 ) ;
#2308 = TOROIDAL_SURFACE ( 'NONE', #1202, 0.02000000000000000042, 0.01000000000000000021 ) ;
#2309 = ADVANCED_FACE ( 'NONE', ( #3639 ), #2201, .T. ) ;
#2310 = FILL_AREA_STYLE ('',( #69 ) ) ;
#2311 = CARTESIAN_POINT ( 'NONE',  ( 1.540000000000000036, 0.2999999999999999889, 0.3399999999999999689 ) ) ;
#2312 = CARTESIAN_POINT ( 'NONE',  ( 0.8599999999999999867, 0.0000000000000000000, 1.239999999999999991 ) ) ;
#2313 = AXIS2_PLACEMENT_3D ( 'NONE', #2251, #1716, #858 ) ;
#2314 = ADVANCED_FACE ( 'NONE', ( #3622 ), #272, .F. ) ;
#2315 = EDGE_LOOP ( 'NONE', ( #2456, #359, #932, #3059 ) ) ;
#2316 = CARTESIAN_POINT ( 'NONE',  ( -1.299999999999999822, -1.050000000000000266, 0.0000000000000000000 ) ) ;
#2317 = DIRECTION ( 'NONE',  ( 0.0000000000000000000, 0.0000000000000000000, 1.000000000000000000 ) ) ;
#2318 = CIRCLE ( 'NONE', #739, 0.009999999999999998473 ) ;
#2319 =( NAMED_UNIT ( * ) PLANE_ANGLE_UNIT ( ) SI_UNIT ( $, .RADIAN. ) );
#2320 = VECTOR ( 'NONE', #2262, 1000.000000000000000 ) ;
#2321 = STYLED_ITEM ( 'NONE', ( #234 ), #2414 ) ;
#2322 = ORIENTED_EDGE ( 'NONE', *, *, #46, .T. ) ;
#2323 = CARTESIAN_POINT ( 'NONE',  ( 0.8900000000000001243, 1.310000000000000275, 0.1300000000000000044 ) ) ;
#2324 = ORIENTED_EDGE ( 'NONE', *, *, #2724, .T. ) ;
#2325 = PLANE ( 'NONE',  #1157 ) ;
#2326 = FACE_OUTER_BOUND ( 'NONE', #1141, .T. ) ;
#2327 = DIRECTION ( 'NONE',  ( 2.065146995210484695E-16, -1.000000000000000000, 0.0000000000000000000 ) ) ;
#2328 = DIRECTION ( 'NONE',  ( 1.000000000000000000, 1.032573497605242347E-16, -0.0000000000000000000 ) ) ;
#2329 = ADVANCED_FACE ( 'NONE', ( #498 ), #1647, .T. ) ;
#2330 = ORIENTED_EDGE ( 'NONE', *, *, #2992, .T. ) ;
#2331 = DIRECTION ( 'NONE',  ( 1.000000000000000000, 1.032573497605242594E-16, -0.0000000000000000000 ) ) ;
#2332 = DIRECTION ( 'NONE',  ( 1.032573497605242347E-16, -1.000000000000000000, 0.0000000000000000000 ) ) ;
#2333 = DIRECTION ( 'NONE',  ( 0.0000000000000000000, 0.0000000000000000000, 1.000000000000000000 ) ) ;
#2334 = EDGE_CURVE ( 'NONE', #776, #3482, #1626, .T. ) ;
#2335 =( NAMED_UNIT ( * ) PLANE_ANGLE_UNIT ( ) SI_UNIT ( $, .RADIAN. ) );
#2336 = LINE ( 'NONE', #3461, #1556 ) ;
#2337 = EDGE_LOOP ( 'NONE', ( #3424, #1623, #1177, #1399 ) ) ;
#2338 = DIRECTION ( 'NONE',  ( -0.8137334712067356701, 9.965360908723937382E-17, 0.5812381937190955750 ) ) ;
#2339 = ORIENTED_EDGE ( 'NONE', *, *, #2673, .T. ) ;
#2340 = CARTESIAN_POINT ( 'NONE',  ( 1.540000000000000036, 0.2999999999999999889, 0.3399999999999999689 ) ) ;
#2341 = AXIS2_PLACEMENT_3D ( 'NONE', #2944, #2097, #2623 ) ;
#2342 = DIRECTION ( 'NONE',  ( 9.637352644315598694E-16, 1.000000000000000000, -0.0000000000000000000 ) ) ;
#2343 = DIRECTION ( 'NONE',  ( 0.0000000000000000000, 0.0000000000000000000, -1.000000000000000000 ) ) ;
#2344 = LINE ( 'NONE', #1569, #1803 ) ;
#2345 = ORIENTED_EDGE ( 'NONE', *, *, #1542, .T. ) ;
#2346 = DIRECTION ( 'NONE',  ( 0.0000000000000000000, -1.000000000000000000, 0.0000000000000000000 ) ) ;
#2347 = EDGE_CURVE ( 'NONE', #454, #1950, #2440, .T. ) ;
#2348 = CARTESIAN_POINT ( 'NONE',  ( -1.302679491681490775, -0.3013397459621555696, -0.004999999999999993165 ) ) ;
#2349 = DIRECTION ( 'NONE',  ( -1.000000000000000000, 0.0000000000000000000, 0.0000000000000000000 ) ) ;
#2350 = CARTESIAN_POINT ( 'NONE',  ( 1.540000000000000036, -0.2899999999999999800, 0.4799999999999999822 ) ) ;
#2351 = CARTESIAN_POINT ( 'NONE',  ( -1.300000000000000044, -0.2926794919243111970, -0.01000000000000000021 ) ) ;
#2352 = ADVANCED_FACE ( 'NONE', ( #2518 ), #216, .T. ) ;
#2353 = EDGE_CURVE ( 'NONE', #1293, #349, #809, .T. ) ;
#2354 = CARTESIAN_POINT ( 'NONE',  ( 0.0000000000000000000, 0.0000000000000000000, 1.250000000000000000 ) ) ;
#2355 = VERTEX_POINT ( 'NONE', #2766 ) ;
#2356 = EDGE_CURVE ( 'NONE', #87, #1051, #1892, .T. ) ;
#2357 = CARTESIAN_POINT ( 'NONE',  ( 0.0000000000000000000, 0.0000000000000000000, 0.7051461789529179791 ) ) ;
#2358 = VECTOR ( 'NONE', #3057, 1000.000000000000000 ) ;
#2359 = EDGE_LOOP ( 'NONE', ( #3463, #269 ) ) ;
#2360 = AXIS2_PLACEMENT_3D ( 'NONE', #1196, #294, #1476 ) ;
#2361 = CARTESIAN_POINT ( 'NONE',  ( 0.0000000000000000000, 0.0000000000000000000, 0.6500000000000000222 ) ) ;
#2362 = ORIENTED_EDGE ( 'NONE', *, *, #1244, .F. ) ;
#2363 = VECTOR ( 'NONE', #2489, 1000.000000000000000 ) ;
#2364 = CARTESIAN_POINT ( 'NONE',  ( -1.050000000000000044, -0.2926794919243111970, 0.0000000000000000000 ) ) ;
#2365 = FACE_OUTER_BOUND ( 'NONE', #2567, .T. ) ;
#2366 = CARTESIAN_POINT ( 'NONE',  ( -1.300000000000000044, -0.3099999999999999423, 0.1300000000000000044 ) ) ;
#2367 = TOROIDAL_SURFACE ( 'NONE', #673, 0.8599999999999999867, 0.01000000000000000021 ) ;
#2368 = VECTOR ( 'NONE', #1093, 1000.000000000000000 ) ;
#2369 = ORIENTED_EDGE ( 'NONE', *, *, #2878, .T. ) ;
#2370 =( NAMED_UNIT ( * ) SI_UNIT ( $, .STERADIAN. ) SOLID_ANGLE_UNIT ( ) );
#2371 = FACE_OUTER_BOUND ( 'NONE', #2019, .T. ) ;
#2372 =( NAMED_UNIT ( * ) PLANE_ANGLE_UNIT ( ) SI_UNIT ( $, .RADIAN. ) );
#2373 = CARTESIAN_POINT ( 'NONE',  ( 0.8899999999999999023, 1.489999999999999991, 0.1400000000000000133 ) ) ;
#2374 = CARTESIAN_POINT ( 'NONE',  ( 1.050000000000000044, -1.050000000000000044, 0.3399999999999999689 ) ) ;
#2375 = ORIENTED_EDGE ( 'NONE', *, *, #1061, .F. ) ;
#2376 = DIRECTION ( 'NONE',  ( -1.000000000000000000, 0.0000000000000000000, 0.0000000000000000000 ) ) ;
#2377 = AXIS2_PLACEMENT_3D ( 'NONE', #1606, #3018, #1949 ) ;
#2378 = COLOUR_RGB ( '',1.000000000000000000, 1.000000000000000000, 1.000000000000000000 ) ;
#2379 = DIRECTION ( 'NONE',  ( 0.0000000000000000000, 0.0000000000000000000, -1.000000000000000000 ) ) ;
#2380 = VERTEX_POINT ( 'NONE', #3040 ) ;
#2381 = EDGE_CURVE ( 'NONE', #473, #1717, #1050, .T. ) ;
#2382 = AXIS2_PLACEMENT_3D ( 'NONE', #2569, #308, #1178 ) ;
#2383 = PRESENTATION_LAYER_ASSIGNMENT (  '', '', ( #3561 ) ) ;
#2384 = DIRECTION ( 'NONE',  ( 1.000000000000000000, 0.0000000000000000000, 0.0000000000000000000 ) ) ;
#2385 = FACE_OUTER_BOUND ( 'NONE', #339, .T. ) ;
#2386 = DIRECTION ( 'NONE',  ( 0.0000000000000000000, 0.0000000000000000000, -1.000000000000000000 ) ) ;
#2387 = VECTOR ( 'NONE', #1869, 1000.000000000000000 ) ;
#2388 = VECTOR ( 'NONE', #481, 1000.000000000000000 ) ;
#2389 = CARTESIAN_POINT ( 'NONE',  ( -0.9000000000000000222, 1.500000000000000000, 0.1300000000000000044 ) ) ;
#2390 = PLANE ( 'NONE',  #2834 ) ;
#2391 = CARTESIAN_POINT ( 'NONE',  ( 1.050000000000000044, 1.050000000000000044, 0.3499999999999999778 ) ) ;
#2392 = CARTESIAN_POINT ( 'NONE',  ( -1.290000000000000036, 1.050000000000000044, 0.3399999999999999689 ) ) ;
#2393 = CARTESIAN_POINT ( 'NONE',  ( -1.301734367834415318, -0.3039854130815641819, -0.001948503887989455922 ) ) ;
#2394 = EDGE_LOOP ( 'NONE', ( #1151, #2248, #2396, #1907 ) ) ;
#2395 = EDGE_CURVE ( 'NONE', #1051, #1617, #2459, .T. ) ;
#2396 = ORIENTED_EDGE ( 'NONE', *, *, #1335, .F. ) ;
#2397 = LINE ( 'NONE', #122, #1698 ) ;
#2398 = ORIENTED_EDGE ( 'NONE', *, *, #2149, .T. ) ;
#2399 = DIRECTION ( 'NONE',  ( 0.0000000000000000000, 0.0000000000000000000, -1.000000000000000000 ) ) ;
#2400 = ADVANCED_FACE ( 'NONE', ( #3602 ), #1043, .T. ) ;
#2401 = DIRECTION ( 'NONE',  ( 0.0000000000000000000, -1.000000000000000000, 0.0000000000000000000 ) ) ;
#2402 = EDGE_CURVE ( 'NONE', #3253, #3414, #3289, .T. ) ;
#2403 = DIRECTION ( 'NONE',  ( -0.0000000000000000000, 1.000000000000000000, -0.0000000000000000000 ) ) ;
#2404 = ORIENTED_EDGE ( 'NONE', *, *, #26, .F. ) ;
#2405 = DIRECTION ( 'NONE',  ( 0.0000000000000000000, 0.0000000000000000000, 1.000000000000000000 ) ) ;
#2406 = CARTESIAN_POINT ( 'NONE',  ( 1.540000000000000036, -0.2999999999999999889, 0.4799999999999999822 ) ) ;
#2407 = VECTOR ( 'NONE', #654, 1000.000000000000000 ) ;
#2408 = DIRECTION ( 'NONE',  ( 1.000000000000000000, 0.0000000000000000000, 0.0000000000000000000 ) ) ;
#2409 = DIRECTION ( 'NONE',  ( -1.000000000000000000, -0.0000000000000000000, -0.0000000000000000000 ) ) ;
#2410 = CARTESIAN_POINT ( 'NONE',  ( 0.9258578643762689353, 0.0000000000000000000, 1.239999999999999991 ) ) ;
#2411 = ORIENTED_EDGE ( 'NONE', *, *, #547, .F. ) ;
#2412 = DIRECTION ( 'NONE',  ( -1.000000000000000000, 0.0000000000000000000, 0.0000000000000000000 ) ) ;
#2413 = ORIENTED_EDGE ( 'NONE', *, *, #3170, .F. ) ;
#2414 = ADVANCED_FACE ( 'NONE', ( #3361 ), #1088, .F. ) ;
#2415 = VECTOR ( 'NONE', #3539, 1000.000000000000000 ) ;
#2416 = DIRECTION ( 'NONE',  ( -0.0000000000000000000, -0.0000000000000000000, -1.000000000000000000 ) ) ;
#2417 = DIRECTION ( 'NONE',  ( -1.000000000000000000, 0.0000000000000000000, 0.0000000000000000000 ) ) ;
#2418 = LINE ( 'NONE', #2945, #3556 ) ;
#2419 = ORIENTED_EDGE ( 'NONE', *, *, #1493, .T. ) ;
#2420 = CIRCLE ( 'NONE', #374, 1.000000000000000000 ) ;
#2421 = EDGE_CURVE ( 'NONE', #123, #2604, #575, .T. ) ;
#2422 = CARTESIAN_POINT ( 'NONE',  ( -1.302205350898024694, -0.3000175784486743824, -0.006886609903591310415 ) ) ;
#2423 = CIRCLE ( 'NONE', #3025, 0.2500000000000002220 ) ;
#2424 = FACE_OUTER_BOUND ( 'NONE', #668, .T. ) ;
#2425 = EDGE_CURVE ( 'NONE', #454, #2855, #1219, .T. ) ;
#2426 = VECTOR ( 'NONE', #2629, 1000.000000000000000 ) ;
#2427 = SURFACE_STYLE_FILL_AREA ( #2971 ) ;
#2428 = DIRECTION ( 'NONE',  ( 0.0000000000000000000, 0.0000000000000000000, 1.000000000000000000 ) ) ;
#2429 = CYLINDRICAL_SURFACE ( 'NONE', #2658, 0.009999999999999998473 ) ;
#2430 = STYLED_ITEM ( 'NONE', ( #2632 ), #158 ) ;
#2431 = VERTEX_POINT ( 'NONE', #2293 ) ;
#2432 = LINE ( 'NONE', #1046, #2387 ) ;
#2433 = VECTOR ( 'NONE', #2171, 1000.000000000000000 ) ;
#2434 = ORIENTED_EDGE ( 'NONE', *, *, #1104, .T. ) ;
#2435 = VECTOR ( 'NONE', #3115, 1000.000000000000000 ) ;
#2436 = VECTOR ( 'NONE', #1924, 1000.000000000000000 ) ;
#2437 = ORIENTED_EDGE ( 'NONE', *, *, #1871, .F. ) ;
#2438 = DIRECTION ( 'NONE',  ( -0.0000000000000000000, -1.000000000000000000, -0.0000000000000000000 ) ) ;
#2439 = SURFACE_STYLE_FILL_AREA ( #1914 ) ;
#2440 = CIRCLE ( 'NONE', #2562, 0.01000000000000002623 ) ;
#2441 = ORIENTED_EDGE ( 'NONE', *, *, #722, .T. ) ;
#2442 = CIRCLE ( 'NONE', #3098, 0.01000000000000002623 ) ;
#2443 = VECTOR ( 'NONE', #553, 1000.000000000000000 ) ;
#2444 = PLANE ( 'NONE',  #688 ) ;
#2445 = CARTESIAN_POINT ( 'NONE',  ( 1.050000000000000044, -1.050000000000000044, 0.3399999999999999689 ) ) ;
#2446 = DIRECTION ( 'NONE',  ( 0.0000000000000000000, 0.0000000000000000000, -1.000000000000000000 ) ) ;
#2447 = ADVANCED_FACE ( 'NONE', ( #2042 ), #574, .T. ) ;
#2448 = VECTOR ( 'NONE', #383, 1000.000000000000000 ) ;
#2449 = ORIENTED_EDGE ( 'NONE', *, *, #2647, .T. ) ;
#2450 = FACE_OUTER_BOUND ( 'NONE', #188, .T. ) ;
#2451 = FACE_OUTER_BOUND ( 'NONE', #3354, .T. ) ;
#2452 = DIRECTION ( 'NONE',  ( 0.0000000000000000000, 0.0000000000000000000, -1.000000000000000000 ) ) ;
#2453 = ORIENTED_EDGE ( 'NONE', *, *, #1408, .F. ) ;
#2454 = CARTESIAN_POINT ( 'NONE',  ( 0.0000000000000000000, 0.0000000000000000000, 0.7051461789529179791 ) ) ;
#2455 = ORIENTED_EDGE ( 'NONE', *, *, #1671, .T. ) ;
#2456 = ORIENTED_EDGE ( 'NONE', *, *, #3344, .F. ) ;
#2457 = DIRECTION ( 'NONE',  ( 0.0000000000000000000, -1.000000000000000000, 0.0000000000000000000 ) ) ;
#2458 =( NAMED_UNIT ( * ) PLANE_ANGLE_UNIT ( ) SI_UNIT ( $, .RADIAN. ) );
#2459 = LINE ( 'NONE', #2219, #1101 ) ;
#2460 = ORIENTED_EDGE ( 'NONE', *, *, #677, .T. ) ;
#2461 = CARTESIAN_POINT ( 'NONE',  ( 1.300000000000000266, -0.2999999999999999889, 0.3399999999999999689 ) ) ;
#2462 = CARTESIAN_POINT ( 'NONE',  ( 0.9547687608549735305, 0.2973507437955060229, 0.4868776685373055746 ) ) ;
#2463 = FACE_OUTER_BOUND ( 'NONE', #2287, .T. ) ;
#2464 = ADVANCED_FACE ( 'NONE', ( #3159 ), #49, .T. ) ;
#2465 = EDGE_LOOP ( 'NONE', ( #1457, #845, #1213, #3508 ) ) ;
#2466 = CARTESIAN_POINT ( 'NONE',  ( 0.0000000000000000000, 0.0000000000000000000, 0.3499999999999999778 ) ) ;
#2467 = FACE_OUTER_BOUND ( 'NONE', #1736, .T. ) ;
#2468 = DIRECTION ( 'NONE',  ( -1.000000000000000000, 0.0000000000000000000, 0.0000000000000000000 ) ) ;
#2469 = EDGE_CURVE ( 'NONE', #2011, #1387, #893, .T. ) ;
#2470 = CARTESIAN_POINT ( 'NONE',  ( -1.539999999999999591, 0.2899999999999999800, -0.01000000000000000021 ) ) ;
#2471 = DIRECTION ( 'NONE',  ( 1.000000000000000000, -0.0000000000000000000, -0.0000000000000000000 ) ) ;
#2472 = ADVANCED_FACE ( 'NONE', ( #3110 ), #152, .T. ) ;
#2473 = ORIENTED_EDGE ( 'NONE', *, *, #2356, .F. ) ;
#2474 = CARTESIAN_POINT ( 'NONE',  ( 1.050000000000000044, 1.050000000000000044, 0.3399999999999999689 ) ) ;
#2475 = CARTESIAN_POINT ( 'NONE',  ( -0.8900000000000003464, -1.050000000000000044, 0.0000000000000000000 ) ) ;
#2476 = CARTESIAN_POINT ( 'NONE',  ( -0.9100000000000002531, 1.300000000000000044, 0.0000000000000000000 ) ) ;
#2477 = ORIENTED_EDGE ( 'NONE', *, *, #3481, .T. ) ;
#2478 = UNCERTAINTY_MEASURE_WITH_UNIT (LENGTH_MEASURE( 1.000000000000000082E-05 ), #1449, 'distance_accuracy_value', 'NONE');
#2479 = LINE ( 'NONE', #2502, #805 ) ;
#2480 = CARTESIAN_POINT ( 'NONE',  ( 0.4410936470746818494, -0.3009282571125883599, -0.005656899642333994976 ) ) ;
#2481 = DIRECTION ( 'NONE',  ( -1.000000000000000000, 0.0000000000000000000, 0.0000000000000000000 ) ) ;
#2482 = VECTOR ( 'NONE', #1388, 1000.000000000000000 ) ;
#2483 = VECTOR ( 'NONE', #1737, 1000.000000000000000 ) ;
#2484 = CIRCLE ( 'NONE', #18, 0.01000000000000002623 ) ;
#2485 = ORIENTED_EDGE ( 'NONE', *, *, #1700, .F. ) ;
#2486 = VECTOR ( 'NONE', #2622, 1000.000000000000000 ) ;
#2487 = DIRECTION ( 'NONE',  ( -1.000000000000000000, 0.0000000000000000000, 0.0000000000000000000 ) ) ;
#2488 = DIRECTION ( 'NONE',  ( 1.000000000000000000, 0.0000000000000000000, 0.0000000000000000000 ) ) ;
#2489 = DIRECTION ( 'NONE',  ( -2.065146995210484695E-16, 1.000000000000000000, -0.0000000000000000000 ) ) ;
#2490 = ORIENTED_EDGE ( 'NONE', *, *, #838, .T. ) ;
#2491 = VECTOR ( 'NONE', #3319, 1000.000000000000000 ) ;
#2492 = DIRECTION ( 'NONE',  ( 0.0000000000000000000, 0.0000000000000000000, -1.000000000000000000 ) ) ;
#2493 = VECTOR ( 'NONE', #559, 1000.000000000000000 ) ;
#2494 = FACE_OUTER_BOUND ( 'NONE', #1425, .T. ) ;
#2495 = ADVANCED_FACE ( 'NONE', ( #362 ), #2325, .T. ) ;
#2496 = EDGE_LOOP ( 'NONE', ( #2568, #2128, #1114, #3156, #3590, #2330, #3299, #1667 ) ) ;
#2497 = CYLINDRICAL_SURFACE ( 'NONE', #1841, 0.01000000000000002623 ) ;
#2498 = SHAPE_DEFINITION_REPRESENTATION ( #2817, #3239 ) ;
#2499 = DIRECTION ( 'NONE',  ( -0.0000000000000000000, -0.0000000000000000000, -1.000000000000000000 ) ) ;
#2500 = EDGE_CURVE ( 'NONE', #3404, #1327, #2397, .T. ) ;
#2501 = VERTEX_POINT ( 'NONE', #436 ) ;
#2502 = CARTESIAN_POINT ( 'NONE',  ( 1.000000000000000000, 1.224646799147353207E-16, 1.179999999999999938 ) ) ;
#2503 = PLANE ( 'NONE',  #603 ) ;
#2504 = CARTESIAN_POINT ( 'NONE',  ( 0.0000000000000000000, 0.0000000000000000000, 0.6500000000000000222 ) ) ;
#2505 = CIRCLE ( 'NONE', #510, 0.2500000000000000000 ) ;
#2506 = CIRCLE ( 'NONE', #511, 0.01000000000000002623 ) ;
#2507 = ORIENTED_EDGE ( 'NONE', *, *, #3355, .T. ) ;
#2508 = DIRECTION ( 'NONE',  ( 0.0000000000000000000, -0.0000000000000000000, 1.000000000000000000 ) ) ;
#2509 = FILL_AREA_STYLE_COLOUR ( '', #2006 ) ;
#2510 = DIRECTION ( 'NONE',  ( 0.0000000000000000000, 0.0000000000000000000, 1.000000000000000000 ) ) ;
#2511 = VERTEX_POINT ( 'NONE', #401 ) ;
#2512 = CIRCLE ( 'NONE', #3154, 0.2500000000000000000 ) ;
#2513 = ORIENTED_EDGE ( 'NONE', *, *, #1173, .F. ) ;
#2514 = DIRECTION ( 'NONE',  ( -0.0000000000000000000, -0.0000000000000000000, 1.000000000000000000 ) ) ;
#2515 = EDGE_LOOP ( 'NONE', ( #2243, #2107, #3076, #10 ) ) ;
#2516 = EDGE_CURVE ( 'NONE', #1345, #2713, #2696, .T. ) ;
#2517 = DIRECTION ( 'NONE',  ( 0.0000000000000000000, -0.0000000000000000000, 1.000000000000000000 ) ) ;
#2518 = FACE_OUTER_BOUND ( 'NONE', #1960, .T. ) ;
#2519 = ORIENTED_EDGE ( 'NONE', *, *, #2425, .T. ) ;
#2520 = EDGE_CURVE ( 'NONE', #2064, #1853, #1407, .T. ) ;
#2521 = LINE ( 'NONE', #1395, #1984 ) ;
#2522 = DIRECTION ( 'NONE',  ( 9.637352644315598694E-16, 1.000000000000000000, 0.0000000000000000000 ) ) ;
#2523 = CARTESIAN_POINT ( 'NONE',  ( 0.9000000000000002442, 1.310000000000000275, 0.1300000000000000044 ) ) ;
#2524 = ORIENTED_EDGE ( 'NONE', *, *, #3107, .F. ) ;
#2525 = CARTESIAN_POINT ( 'NONE',  ( 0.0000000000000000000, 0.0000000000000000000, -0.01000000000000000021 ) ) ;
#2526 = CARTESIAN_POINT ( 'NONE',  ( 1.540000000000000036, 0.0000000000000000000, 0.4899999999999999911 ) ) ;
#2527 = ORIENTED_EDGE ( 'NONE', *, *, #502, .T. ) ;
#2528 = AXIS2_PLACEMENT_3D ( 'NONE', #3334, #538, #3292 ) ;
#2529 = DIRECTION ( 'NONE',  ( -0.0000000000000000000, -0.0000000000000000000, 1.000000000000000000 ) ) ;
#2530 = ORIENTED_EDGE ( 'NONE', *, *, #1341, .F. ) ;
#2531 = TOROIDAL_SURFACE ( 'NONE', #2890, 0.8399999999999999689, 0.01000000000000000021 ) ;
#2532 = DIRECTION ( 'NONE',  ( 0.0000000000000000000, 0.0000000000000000000, 1.000000000000000000 ) ) ;
#2533 = CARTESIAN_POINT ( 'NONE',  ( 0.0000000000000000000, 0.0000000000000000000, 1.239999999999999991 ) ) ;
#2534 = EDGE_LOOP ( 'NONE', ( #1433, #2737, #3427, #852 ) ) ;
#2535 = ADVANCED_FACE ( 'NONE', ( #3449 ), #1566, .T. ) ;
#2536 = DIRECTION ( 'NONE',  ( 1.000000000000000000, 0.0000000000000000000, 0.0000000000000000000 ) ) ;
#2537 = CARTESIAN_POINT ( 'NONE',  ( 0.9000000000000000222, -1.500000000000000000, -0.01000000000000000021 ) ) ;
#2538 = ADVANCED_FACE ( 'NONE', ( #3518 ), #2926, .T. ) ;
#2539 = ORIENTED_EDGE ( 'NONE', *, *, #240, .T. ) ;
#2540 = DIRECTION ( 'NONE',  ( -0.0000000000000000000, -0.0000000000000000000, -1.000000000000000000 ) ) ;
#2541 = CARTESIAN_POINT ( 'NONE',  ( -0.8900000000000001243, 1.300000000000000044, 0.1300000000000000044 ) ) ;
#2542 = CARTESIAN_POINT ( 'NONE',  ( 1.050000000000000044, -1.290000000000000036, 0.3399999999999999689 ) ) ;
#2543 = ORIENTED_EDGE ( 'NONE', *, *, #341, .F. ) ;
#2544 = ADVANCED_FACE ( 'NONE', ( #3178 ), #2074, .T. ) ;
#2545 = DIRECTION ( 'NONE',  ( 0.0000000000000000000, 0.0000000000000000000, -1.000000000000000000 ) ) ;
#2546 = EDGE_LOOP ( 'NONE', ( #3324, #1474, #836, #2744, #1602 ) ) ;
#2547 = CARTESIAN_POINT ( 'NONE',  ( -1.049999999999999600, -1.290000000000000258, 0.3399999999999999689 ) ) ;
#2548 = VERTEX_POINT ( 'NONE', #2905 ) ;
#2549 = FACE_OUTER_BOUND ( 'NONE', #1048, .T. ) ;
#2550 = EDGE_CURVE ( 'NONE', #3284, #1597, #1820, .T. ) ;
#2551 = CARTESIAN_POINT ( 'NONE',  ( 0.9547777112401613087, -0.2973213600664622591, 0.4868972387574264094 ) ) ;
#2552 = DIRECTION ( 'NONE',  ( -0.0000000000000000000, -0.0000000000000000000, -1.000000000000000000 ) ) ;
#2553 = CIRCLE ( 'NONE', #1800, 0.009999999999999998473 ) ;
#2554 = VERTEX_POINT ( 'NONE', #2619 ) ;
#2555 = AXIS2_PLACEMENT_3D ( 'NONE', #2144, #1253, #3271 ) ;
#2556 = TOROIDAL_SURFACE ( 'NONE', #2092, 0.2600000000000000089, 0.01000000000000000021 ) ;
#2557 = EDGE_CURVE ( 'NONE', #2783, #407, #1280, .T. ) ;
#2558 = LINE ( 'NONE', #2612, #3468 ) ;
#2559 = FACE_OUTER_BOUND ( 'NONE', #2202, .T. ) ;
#2560 = ORIENTED_EDGE ( 'NONE', *, *, #297, .T. ) ;
#2561 = EDGE_LOOP ( 'NONE', ( #1233, #1972, #652, #2193, #3624, #1028 ) ) ;
#2562 = AXIS2_PLACEMENT_3D ( 'NONE', #3309, #1349, #1106 ) ;
#2563 = CIRCLE ( 'NONE', #333, 0.01000000000000002623 ) ;
#2564 = PLANE ( 'NONE',  #910 ) ;
#2565 = EDGE_CURVE ( 'NONE', #1289, #1968, #3446, .T. ) ;
#2566 = AXIS2_PLACEMENT_3D ( 'NONE', #3497, #1544, #1296 ) ;
#2567 = EDGE_LOOP ( 'NONE', ( #342, #1073, #1505, #2490 ) ) ;
#2568 = ORIENTED_EDGE ( 'NONE', *, *, #2274, .T. ) ;
#2569 = CARTESIAN_POINT ( 'NONE',  ( -1.050000000000000044, 1.050000000000000044, 0.3499999999999999778 ) ) ;
#2570 = ORIENTED_EDGE ( 'NONE', *, *, #766, .F. ) ;
#2571 = CARTESIAN_POINT ( 'NONE',  ( 1.540000000000000036, 0.2899999999999999800, 0.4799999999999999822 ) ) ;
#2572 = DIRECTION ( 'NONE',  ( 1.000000000000000000, 0.0000000000000000000, 0.0000000000000000000 ) ) ;
#2573 = EDGE_LOOP ( 'NONE', ( #821, #1248, #817, #994 ) ) ;
#2574 = CARTESIAN_POINT ( 'NONE',  ( 0.0000000000000000000, 0.0000000000000000000, 1.175857864376268935 ) ) ;
#2575 = LINE ( 'NONE', #1503, #3368 ) ;
#2576 = ORIENTED_EDGE ( 'NONE', *, *, #3395, .F. ) ;
#2577 = EDGE_CURVE ( 'NONE', #349, #588, #1986, .T. ) ;
#2578 = PLANE ( 'NONE',  #1036 ) ;
#2579 = EDGE_CURVE ( 'NONE', #178, #811, #745, .T. ) ;
#2580 = AXIS2_PLACEMENT_3D ( 'NONE', #219, #2522, #3061 ) ;
#2581 = ORIENTED_EDGE ( 'NONE', *, *, #1486, .F. ) ;
#2582 = ORIENTED_EDGE ( 'NONE', *, *, #3015, .F. ) ;
#2583 = DIRECTION ( 'NONE',  ( -0.0000000000000000000, -0.0000000000000000000, -1.000000000000000000 ) ) ;
#2584 = ORIENTED_EDGE ( 'NONE', *, *, #2557, .T. ) ;
#2585 = EDGE_CURVE ( 'NONE', #3414, #2904, #637, .T. ) ;
#2586 = CIRCLE ( 'NONE', #2709, 0.2500000000000000000 ) ;
#2587 = LINE ( 'NONE', #580, #782 ) ;
#2588 = CARTESIAN_POINT ( 'NONE',  ( -0.8499999999999999778, 0.0000000000000000000, 0.3600000000000000977 ) ) ;
#2589 = SPHERICAL_SURFACE ( 'NONE', #1099, 0.2500000000000000000 ) ;
#2590 = ORIENTED_EDGE ( 'NONE', *, *, #723, .F. ) ;
#2591 = CARTESIAN_POINT ( 'NONE',  ( -0.8499999999999999778, 0.0000000000000000000, 1.239999999999999991 ) ) ;
#2592 = CARTESIAN_POINT ( 'NONE',  ( -1.300000000000000044, 0.2899999999999999800, 0.1300000000000000044 ) ) ;
#2593 = FACE_OUTER_BOUND ( 'NONE', #2123, .T. ) ;
#2594 = CARTESIAN_POINT ( 'NONE',  ( 0.0000000000000000000, 0.0000000000000000000, 0.6500000000000000222 ) ) ;
#2595 = ADVANCED_FACE ( 'NONE', ( #728 ), #1232, .T. ) ;
#2596 = AXIS2_PLACEMENT_3D ( 'NONE', #1228, #1411, #397 ) ;
#2597 = AXIS2_PLACEMENT_3D ( 'NONE', #1687, #1877, #2026 ) ;
#2598 = ORIENTED_EDGE ( 'NONE', *, *, #3400, .T. ) ;
#2599 = VECTOR ( 'NONE', #1299, 1000.000000000000000 ) ;
#2600 = AXIS2_PLACEMENT_3D ( 'NONE', #1551, #2681, #2660 ) ;
#2601 = EDGE_CURVE ( 'NONE', #222, #1466, #2512, .T. ) ;
#2602 = ORIENTED_EDGE ( 'NONE', *, *, #915, .T. ) ;
#2603 =( NAMED_UNIT ( * ) PLANE_ANGLE_UNIT ( ) SI_UNIT ( $, .RADIAN. ) );
#2604 = VERTEX_POINT ( 'NONE', #3559 ) ;
#2605 = CARTESIAN_POINT ( 'NONE',  ( -1.050000000000000044, 1.300000000000000044, 0.0000000000000000000 ) ) ;
#2606 = ADVANCED_FACE ( 'NONE', ( #1065 ), #3535, .T. ) ;
#2607 = CARTESIAN_POINT ( 'NONE',  ( 0.9550269021854079776, -0.2965206049152817047, 0.4876565667932549197 ) ) ;
#2608 = DIRECTION ( 'NONE',  ( -0.0000000000000000000, -0.0000000000000000000, 1.000000000000000000 ) ) ;
#2609 = AXIS2_PLACEMENT_3D ( 'NONE', #2470, #3595, #2288 ) ;
#2610 = EDGE_LOOP ( 'NONE', ( #1211, #54, #1085 ) ) ;
#2611 = CARTESIAN_POINT ( 'NONE',  ( 1.050000000000000044, -1.300000000000000266, 0.0000000000000000000 ) ) ;
#2612 = CARTESIAN_POINT ( 'NONE',  ( 0.9000000000000000222, 1.500000000000000000, -0.01000000000000000021 ) ) ;
#2613 = DIRECTION ( 'NONE',  ( -1.000000000000000000, 0.0000000000000000000, 0.0000000000000000000 ) ) ;
#2614 = DIRECTION ( 'NONE',  ( -0.0000000000000000000, -0.0000000000000000000, 1.000000000000000000 ) ) ;
#2615 = LINE ( 'NONE', #844, #3013 ) ;
#2616 = VERTEX_POINT ( 'NONE', #786 ) ;
#2617 = DIRECTION ( 'NONE',  ( 0.0000000000000000000, 1.000000000000000000, 0.0000000000000000000 ) ) ;
#2618 = ORIENTED_EDGE ( 'NONE', *, *, #1221, .T. ) ;
#2619 = CARTESIAN_POINT ( 'NONE',  ( -0.8899999999999999023, 1.489999999999999991, 0.1400000000000000133 ) ) ;
#2620 = STYLED_ITEM ( 'NONE', ( #3260 ), #2751 ) ;
#2621 = EDGE_CURVE ( 'NONE', #241, #748, #3034, .T. ) ;
#2622 = DIRECTION ( 'NONE',  ( 2.065146995210484695E-16, -1.000000000000000000, 0.0000000000000000000 ) ) ;
#2623 = DIRECTION ( 'NONE',  ( 0.0000000000000000000, -1.000000000000000000, 0.0000000000000000000 ) ) ;
#2624 = DIRECTION ( 'NONE',  ( 0.0000000000000000000, 0.0000000000000000000, 1.000000000000000000 ) ) ;
#2625 = ADVANCED_FACE ( 'NONE', ( #247 ), #3596, .T. ) ;
#2626 = ORIENTED_EDGE ( 'NONE', *, *, #3088, .F. ) ;
#2627 = LINE ( 'NONE', #1278, #1573 ) ;
#2628 = DIRECTION ( 'NONE',  ( 1.032573497605242347E-16, -1.000000000000000000, 0.0000000000000000000 ) ) ;
#2629 = DIRECTION ( 'NONE',  ( -0.0000000000000000000, 0.0000000000000000000, -1.000000000000000000 ) ) ;
#2630 = EDGE_CURVE ( 'NONE', #44, #306, #2432, .T. ) ;
#2631 = CARTESIAN_POINT ( 'NONE',  ( 0.9000000000000003553, 1.040000000000000036, 0.0000000000000000000 ) ) ;
#2632 = PRESENTATION_STYLE_ASSIGNMENT (( #1207 ) ) ;
#2633 = CARTESIAN_POINT ( 'NONE',  ( -0.9000000000000000222, 1.495857864376268997, -0.009999999999999998473 ) ) ;
#2634 = DIRECTION ( 'NONE',  ( 1.000000000000000000, 0.0000000000000000000, 0.0000000000000000000 ) ) ;
#2635 = ORIENTED_EDGE ( 'NONE', *, *, #364, .T. ) ;
#2636 = DIRECTION ( 'NONE',  ( -1.000000000000000000, -9.637352644315598694E-16, -0.0000000000000000000 ) ) ;
#2637 = AXIS2_PLACEMENT_3D ( 'NONE', #2445, #1396, #774 ) ;
#2638 = DIRECTION ( 'NONE',  ( 1.000000000000000000, 0.0000000000000000000, 0.0000000000000000000 ) ) ;
#2639 = DIRECTION ( 'NONE',  ( -1.000000000000000000, -0.0000000000000000000, -0.0000000000000000000 ) ) ;
#2640 = LINE ( 'NONE', #161, #3617 ) ;
#2641 = EDGE_CURVE ( 'NONE', #2015, #3635, #1364, .T. ) ;
#2642 = AXIS2_PLACEMENT_3D ( 'NONE', #2774, #2811, #3067 ) ;
#2643 = ORIENTED_EDGE ( 'NONE', *, *, #3122, .T. ) ;
#2644 = DIRECTION ( 'NONE',  ( 0.0000000000000000000, 0.0000000000000000000, -1.000000000000000000 ) ) ;
#2645 = AXIS2_PLACEMENT_3D ( 'NONE', #1017, #2132, #3513 ) ;
#2646 = CARTESIAN_POINT ( 'NONE',  ( -1.310000000000000053, -0.3099999999999999423, -0.01000000000000000021 ) ) ;
#2647 = EDGE_CURVE ( 'NONE', #3503, #866, #2920, .T. ) ;
#2648 = CARTESIAN_POINT ( 'NONE',  ( -1.540000000000000036, 0.2899999999999999800, 0.1400000000000000133 ) ) ;
#2649 = CARTESIAN_POINT ( 'NONE',  ( -0.8899999999999999023, -1.489999999999999991, 0.1300000000000000044 ) ) ;
#2650 = CARTESIAN_POINT ( 'NONE',  ( -1.302734381934924190, -0.3016878762983551954, -0.004440449697271853062 ) ) ;
#2651 = EDGE_CURVE ( 'NONE', #2095, #2056, #1340, .T. ) ;
#2652 = ORIENTED_EDGE ( 'NONE', *, *, #992, .F. ) ;
#2653 = DIRECTION ( 'NONE',  ( 0.0000000000000000000, 0.0000000000000000000, -1.000000000000000000 ) ) ;
#2654 = AXIS2_PLACEMENT_3D ( 'NONE', #3620, #1305, #497 ) ;
#2655 = MECHANICAL_DESIGN_GEOMETRIC_PRESENTATION_REPRESENTATION (  '', ( #372 ), #494 ) ;
#2656 = DIRECTION ( 'NONE',  ( 0.0000000000000000000, 0.0000000000000000000, -1.000000000000000000 ) ) ;
#2657 = ORIENTED_EDGE ( 'NONE', *, *, #2047, .F. ) ;
#2658 = AXIS2_PLACEMENT_3D ( 'NONE', #1041, #725, #1850 ) ;
#2659 = VECTOR ( 'NONE', #3233, 1000.000000000000000 ) ;
#2660 = DIRECTION ( 'NONE',  ( -1.000000000000000000, 0.0000000000000000000, 0.0000000000000000000 ) ) ;
#2661 = DIRECTION ( 'NONE',  ( 1.000000000000000000, 0.0000000000000000000, -0.0000000000000000000 ) ) ;
#2662 = CARTESIAN_POINT ( 'NONE',  ( 1.050000000000000044, -1.300000000000000266, 0.0000000000000000000 ) ) ;
#2663 = VECTOR ( 'NONE', #77, 1000.000000000000000 ) ;
#2664 = AXIS2_PLACEMENT_3D ( 'NONE', #1113, #1077, #220 ) ;
#2665 = CARTESIAN_POINT ( 'NONE',  ( -1.310000000000000053, -0.3099999999999999423, -0.01000000000000000021 ) ) ;
#2666 = PRESENTATION_STYLE_ASSIGNMENT (( #1000 ) ) ;
#2667 = PRESENTATION_STYLE_ASSIGNMENT (( #1035 ) ) ;
#2668 = CIRCLE ( 'NONE', #27, 0.2400000000000001854 ) ;
#2669 = CARTESIAN_POINT ( 'NONE',  ( 0.4457159436182647205, -0.3037459251293994633, 0.0000000000000000000 ) ) ;
#2670 = CARTESIAN_POINT ( 'NONE',  ( -0.8899999999999999023, -1.500000000000000000, 0.0000000000000000000 ) ) ;
#2671 = CARTESIAN_POINT ( 'NONE',  ( -1.300615218495694947, -0.3063852749004055132, -0.0006331017774925698461 ) ) ;
#2672 = AXIS2_PLACEMENT_3D ( 'NONE', #485, #412, #2990 ) ;
#2673 = EDGE_CURVE ( 'NONE', #1618, #361, #2141, .T. ) ;
#2674 = ORIENTED_EDGE ( 'NONE', *, *, #88, .T. ) ;
#2675 = DIRECTION ( 'NONE',  ( -9.637352644315598694E-16, 1.000000000000000000, -0.0000000000000000000 ) ) ;
#2676 = AXIS2_PLACEMENT_3D ( 'NONE', #539, #279, #3608 ) ;
#2677 = CIRCLE ( 'NONE', #2806, 0.2500000000000000000 ) ;
#2678 = DIRECTION ( 'NONE',  ( -0.0000000000000000000, -0.0000000000000000000, -1.000000000000000000 ) ) ;
#2679 = ORIENTED_EDGE ( 'NONE', *, *, #570, .F. ) ;
#2680 = VECTOR ( 'NONE', #2183, 1000.000000000000000 ) ;
#2681 = DIRECTION ( 'NONE',  ( 0.0000000000000000000, 0.0000000000000000000, 1.000000000000000000 ) ) ;
#2682 = DIRECTION ( 'NONE',  ( -0.0000000000000000000, -0.0000000000000000000, 1.000000000000000000 ) ) ;
#2683 = CARTESIAN_POINT ( 'NONE',  ( 0.9970710678118654968, 1.221059891718234588E-16, 1.182928932188134441 ) ) ;
#2684 = VECTOR ( 'NONE', #1896, 1000.000000000000000 ) ;
#2685 = VERTEX_POINT ( 'NONE', #513 ) ;
#2686 = VECTOR ( 'NONE', #952, 1000.000000000000000 ) ;
#2687 = DIRECTION ( 'NONE',  ( -0.0000000000000000000, -1.000000000000000000, -0.0000000000000000000 ) ) ;
#2688 = DIRECTION ( 'NONE',  ( 0.0000000000000000000, 1.000000000000000000, 0.0000000000000000000 ) ) ;
#2689 = FILL_AREA_STYLE_COLOUR ( '', #141 ) ;
#2690 = DIRECTION ( 'NONE',  ( 1.000000000000000000, 0.0000000000000000000, -0.0000000000000000000 ) ) ;
#2691 = DIRECTION ( 'NONE',  ( 0.0000000000000000000, 0.0000000000000000000, 1.000000000000000000 ) ) ;
#2692 = DIRECTION ( 'NONE',  ( -0.0000000000000000000, -0.0000000000000000000, -1.000000000000000000 ) ) ;
#2693 = EDGE_CURVE ( 'NONE', #2729, #2616, #101, .T. ) ;
#2694 = ORIENTED_EDGE ( 'NONE', *, *, #341, .T. ) ;
#2695 = ORIENTED_EDGE ( 'NONE', *, *, #645, .F. ) ;
#2696 = LINE ( 'NONE', #455, #921 ) ;
#2697 = ADVANCED_FACE ( 'NONE', ( #2494 ), #3010, .T. ) ;
#2698 = ORIENTED_EDGE ( 'NONE', *, *, #1222, .T. ) ;
#2699 = CARTESIAN_POINT ( 'NONE',  ( -0.9000000000000000222, -1.489999999999999991, -0.01000000000000000021 ) ) ;
#2700 = PLANE ( 'NONE',  #1826 ) ;
#2701 = DIRECTION ( 'NONE',  ( 1.000000000000000000, 1.032573497605242717E-16, 0.0000000000000000000 ) ) ;
#2702 = EDGE_CURVE ( 'NONE', #1649, #3268, #3213, .T. ) ;
#2703 = ORIENTED_EDGE ( 'NONE', *, *, #2304, .T. ) ;
#2704 = AXIS2_PLACEMENT_3D ( 'NONE', #1588, #2639, #997 ) ;
#2705 = PRESENTATION_STYLE_ASSIGNMENT (( #3206 ) ) ;
#2706 = CARTESIAN_POINT ( 'NONE',  ( -1.300488799007635254, -0.2944712402830793607, -0.009882215902749662967 ) ) ;
#2707 = LINE ( 'NONE', #1541, #3195 ) ;
#2708 = B_SPLINE_CURVE_WITH_KNOTS ( 'NONE', 3,
 ( #3003, #737, #2987, #1591, #2706, #1524, #181, #1257, #1311, #1034, #2422, #1239, #2348 ),
 .UNSPECIFIED., .F., .F.,
 ( 4, 3, 3, 3, 4 ),
 ( -8.952098438515442911E-07, 0.0000000000000000000, 2.898456203172329613E-06, 6.399810919942825197E-06, 9.908398966065702366E-06 ),
 .UNSPECIFIED. ) ;
#2709 = AXIS2_PLACEMENT_3D ( 'NONE', #370, #2862, #336 ) ;
#2710 = CARTESIAN_POINT ( 'NONE',  ( -1.300000000000000044, 0.2999999999999999334, 0.0000000000000000000 ) ) ;
#2711 = FACE_OUTER_BOUND ( 'NONE', #3006, .T. ) ;
#2712 = DIRECTION ( 'NONE',  ( -1.000000000000000000, 0.0000000000000000000, 0.0000000000000000000 ) ) ;
#2713 = VERTEX_POINT ( 'NONE', #229 ) ;
#2714 = CARTESIAN_POINT ( 'NONE',  ( 0.0000000000000000000, 0.0000000000000000000, 0.3600000000000000977 ) ) ;
#2715 = ORIENTED_EDGE ( 'NONE', *, *, #2289, .T. ) ;
#2716 = ORIENTED_EDGE ( 'NONE', *, *, #760, .F. ) ;
#2717 = EDGE_CURVE ( 'NONE', #2095, #1410, #1701, .T. ) ;
#2718 = VECTOR ( 'NONE', #289, 1000.000000000000000 ) ;
#2719 = DIRECTION ( 'NONE',  ( 1.000000000000000000, 0.0000000000000000000, -0.0000000000000000000 ) ) ;
#2720 = FACE_OUTER_BOUND ( 'NONE', #2740, .T. ) ;
#2721 = DIRECTION ( 'NONE',  ( 9.637352644315598694E-16, -1.000000000000000000, -0.0000000000000000000 ) ) ;
#2722 = ORIENTED_EDGE ( 'NONE', *, *, #61, .T. ) ;
#2723 = CIRCLE ( 'NONE', #2020, 0.9299999999999998268 ) ;
#2724 = EDGE_CURVE ( 'NONE', #1968, #3151, #1929, .T. ) ;
#2725 = FACE_OUTER_BOUND ( 'NONE', #2534, .T. ) ;
#2726 = DIRECTION ( 'NONE',  ( 0.0000000000000000000, 0.0000000000000000000, -1.000000000000000000 ) ) ;
#2727 = AXIS2_PLACEMENT_3D ( 'NONE', #3458, #943, #148 ) ;
#2728 = SURFACE_STYLE_FILL_AREA ( #2151 ) ;
#2729 = VERTEX_POINT ( 'NONE', #2648 ) ;
#2730 = CARTESIAN_POINT ( 'NONE',  ( 0.0000000000000000000, 0.0000000000000000000, 1.239999999999999991 ) ) ;
#2731 = DIRECTION ( 'NONE',  ( -1.000000000000000000, 0.0000000000000000000, 0.0000000000000000000 ) ) ;
#2732 = CIRCLE ( 'NONE', #501, 0.02000000000000005246 ) ;
#2733 = EDGE_LOOP ( 'NONE', ( #2800, #606, #3177, #1889 ) ) ;
#2734 = VERTEX_POINT ( 'NONE', #692 ) ;
#2735 = CARTESIAN_POINT ( 'NONE',  ( 0.4499999999999999001, 0.2899999999999999800, 0.1300000000000000044 ) ) ;
#2736 = AXIS2_PLACEMENT_3D ( 'NONE', #3552, #1040, #2085 ) ;
#2737 = ORIENTED_EDGE ( 'NONE', *, *, #2195, .T. ) ;
#2738 = CIRCLE ( 'NONE', #1155, 0.01000000000000002623 ) ;
#2739 = CIRCLE ( 'NONE', #979, 0.8499999999999999778 ) ;
#2740 = EDGE_LOOP ( 'NONE', ( #1756, #2413, #2590, #1179 ) ) ;
#2741 = CARTESIAN_POINT ( 'NONE',  ( -0.8899999999999999023, 1.489999999999999991, -0.01000000000000000021 ) ) ;
#2742 = DIRECTION ( 'NONE',  ( -0.0000000000000000000, -0.0000000000000000000, -1.000000000000000000 ) ) ;
#2743 = MECHANICAL_DESIGN_GEOMETRIC_PRESENTATION_REPRESENTATION (  '', ( #208 ), #2271 ) ;
#2744 = ORIENTED_EDGE ( 'NONE', *, *, #591, .F. ) ;
#2745 = VECTOR ( 'NONE', #1127, 1000.000000000000000 ) ;
#2746 = ADVANCED_FACE ( 'NONE', ( #2069 ), #3188, .T. ) ;
#2747 = UNCERTAINTY_MEASURE_WITH_UNIT (LENGTH_MEASURE( 1.000000000000000082E-05 ), #164, 'distance_accuracy_value', 'NONE');
#2748 = DIRECTION ( 'NONE',  ( 0.0000000000000000000, 0.0000000000000000000, 1.000000000000000000 ) ) ;
#2749 = DIRECTION ( 'NONE',  ( -1.032573497605242717E-16, 1.000000000000000000, 0.0000000000000000000 ) ) ;
#2750 = CYLINDRICAL_SURFACE ( 'NONE', #2676, 0.01000000000000000021 ) ;
#2751 = ADVANCED_FACE ( 'NONE', ( #2951 ), #1797, .T. ) ;
#2752 = AXIS2_PLACEMENT_3D ( 'NONE', #2090, #1548, #2634 ) ;
#2753 = EDGE_LOOP ( 'NONE', ( #2278, #1760, #953, #3158 ) ) ;
#2754 = CARTESIAN_POINT ( 'NONE',  ( 1.050000000000000044, -1.290000000000000258, 0.3499999999999999778 ) ) ;
#2755 = FACE_OUTER_BOUND ( 'NONE', #2795, .T. ) ;
#2756 = CARTESIAN_POINT ( 'NONE',  ( 1.050000000000000044, 1.300000000000000266, 0.0000000000000000000 ) ) ;
#2757 = ORIENTED_EDGE ( 'NONE', *, *, #547, .T. ) ;
#2758 = EDGE_CURVE ( 'NONE', #2783, #3635, #2917, .T. ) ;
#2759 = DIRECTION ( 'NONE',  ( 1.000000000000000000, -0.0000000000000000000, -0.0000000000000000000 ) ) ;
#2760 = DIRECTION ( 'NONE',  ( 0.0000000000000000000, 0.0000000000000000000, -1.000000000000000000 ) ) ;
#2761 = ORIENTED_EDGE ( 'NONE', *, *, #2516, .T. ) ;
#2762 = ORIENTED_EDGE ( 'NONE', *, *, #2500, .F. ) ;
#2763 = LINE ( 'NONE', #3582, #1958 ) ;
#2764 = SURFACE_STYLE_USAGE ( .BOTH. , #1071 ) ;
#2765 = ORIENTED_EDGE ( 'NONE', *, *, #643, .T. ) ;
#2766 = CARTESIAN_POINT ( 'NONE',  ( -0.8900000000000001243, 1.300000000000000044, 0.1500000000000000222 ) ) ;
#2767 = EDGE_LOOP ( 'NONE', ( #3108, #1068 ) ) ;
#2768 = DIRECTION ( 'NONE',  ( 0.0000000000000000000, 1.000000000000000000, 0.0000000000000000000 ) ) ;
#2769 = CARTESIAN_POINT ( 'NONE',  ( 0.9556444987042334027, 0.2945248781635125823, 0.4889935608775248244 ) ) ;
#2770 = AXIS2_PLACEMENT_3D ( 'NONE', #3470, #2682, #2797 ) ;
#2771 = ORIENTED_EDGE ( 'NONE', *, *, #93, .T. ) ;
#2772 = SPHERICAL_SURFACE ( 'NONE', #1405, 0.01000000000000000021 ) ;
#2773 = EDGE_CURVE ( 'NONE', #1618, #2142, #1521, .T. ) ;
#2774 = CARTESIAN_POINT ( 'NONE',  ( 1.050000000000000044, -1.050000000000000044, 0.3499999999999999778 ) ) ;
#2775 = CARTESIAN_POINT ( 'NONE',  ( -0.9000000000000000222, -1.500000000000000000, 0.0000000000000000000 ) ) ;
#2776 = CIRCLE ( 'NONE', #3120, 0.9958123819371909047 ) ;
#2777 = DIRECTION ( 'NONE',  ( 0.0000000000000000000, 0.0000000000000000000, 1.000000000000000000 ) ) ;
#2778 = EDGE_CURVE ( 'NONE', #2511, #1961, #1873, .T. ) ;
#2779 = DIRECTION ( 'NONE',  ( 0.0000000000000000000, 0.0000000000000000000, 1.000000000000000000 ) ) ;
#2780 = VERTEX_POINT ( 'NONE', #2710 ) ;
#2781 = DIRECTION ( 'NONE',  ( -0.0000000000000000000, -0.0000000000000000000, 1.000000000000000000 ) ) ;
#2782 = DIRECTION ( 'NONE',  ( 1.032573497605235938E-16, -1.000000000000000000, 0.0000000000000000000 ) ) ;
#2783 = VERTEX_POINT ( 'NONE', #2631 ) ;
#2784 = DIRECTION ( 'NONE',  ( 0.0000000000000000000, 0.0000000000000000000, -1.000000000000000000 ) ) ;
#2785 = DIRECTION ( 'NONE',  ( -1.000000000000000000, 0.0000000000000000000, 0.0000000000000000000 ) ) ;
#2786 = LINE ( 'NONE', #3630, #2493 ) ;
#2787 = ORIENTED_EDGE ( 'NONE', *, *, #1412, .F. ) ;
#2788 = DIRECTION ( 'NONE',  ( -0.0000000000000000000, -1.000000000000000000, 0.0000000000000000000 ) ) ;
#2789 = LINE ( 'NONE', #1639, #3411 ) ;
#2790 = DIRECTION ( 'NONE',  ( 0.0000000000000000000, 1.000000000000000000, 0.0000000000000000000 ) ) ;
#2791 = VECTOR ( 'NONE', #691, 1000.000000000000000 ) ;
#2792 = CARTESIAN_POINT ( 'NONE',  ( -1.310000000000000053, -0.3099999999999999423, 0.1400000000000000133 ) ) ;
#2793 = ADVANCED_FACE ( 'NONE', ( #1314 ), #1409, .T. ) ;
#2794 = EDGE_CURVE ( 'NONE', #361, #1807, #1641, .T. ) ;
#2795 = EDGE_LOOP ( 'NONE', ( #648, #1930, #2584, #1250, #1108, #586, #30 ) ) ;
#2796 = DIRECTION ( 'NONE',  ( -1.000000000000000000, 0.0000000000000000000, 0.0000000000000000000 ) ) ;
#2797 = DIRECTION ( 'NONE',  ( 1.000000000000000000, 0.0000000000000000000, 0.0000000000000000000 ) ) ;
#2798 = VERTEX_POINT ( 'NONE', #3476 ) ;
#2799 = CARTESIAN_POINT ( 'NONE',  ( 0.4499999999999999001, 0.2999999999999999889, -0.01000000000000000021 ) ) ;
#2800 = ORIENTED_EDGE ( 'NONE', *, *, #2910, .T. ) ;
#2801 = EDGE_CURVE ( 'NONE', #3560, #1308, #227, .T. ) ;
#2802 = VECTOR ( 'NONE', #758, 1000.000000000000000 ) ;
#2803 = FACE_OUTER_BOUND ( 'NONE', #260, .T. ) ;
#2804 = CARTESIAN_POINT ( 'NONE',  ( 0.4430347531098395297, -0.3001162149497607623, -0.006790111161523182566 ) ) ;
#2805 = CARTESIAN_POINT ( 'NONE',  ( 0.0000000000000000000, 1.489999999999999991, 0.0000000000000000000 ) ) ;
#2806 = AXIS2_PLACEMENT_3D ( 'NONE', #3165, #2012, #3130 ) ;
#2807 = VECTOR ( 'NONE', #1326, 1000.000000000000000 ) ;
#2808 = AXIS2_PLACEMENT_3D ( 'NONE', #2665, #689, #719 ) ;
#2809 = ORIENTED_EDGE ( 'NONE', *, *, #1747, .T. ) ;
#2810 = DIRECTION ( 'NONE',  ( -1.000000000000000000, 0.0000000000000000000, 0.0000000000000000000 ) ) ;
#2811 = DIRECTION ( 'NONE',  ( -0.0000000000000000000, -0.0000000000000000000, -1.000000000000000000 ) ) ;
#2812 = FACE_OUTER_BOUND ( 'NONE', #1006, .T. ) ;
#2813 = ORIENTED_EDGE ( 'NONE', *, *, #892, .F. ) ;
#2814 = AXIS2_PLACEMENT_3D ( 'NONE', #741, #2989, #2408 ) ;
#2815 = DIRECTION ( 'NONE',  ( -0.0000000000000000000, -0.0000000000000000000, -1.000000000000000000 ) ) ;
#2816 = EDGE_CURVE ( 'NONE', #168, #24, #1784, .T. ) ;
#2817 = PRODUCT_DEFINITION_SHAPE ( 'NONE', 'NONE',  #1353 ) ;
#2818 = ORIENTED_EDGE ( 'NONE', *, *, #1180, .F. ) ;
#2819 = CARTESIAN_POINT ( 'NONE',  ( -0.9000000000000000222, 1.489999999999999991, -0.01000000000000000021 ) ) ;
#2820 = ADVANCED_FACE ( 'NONE', ( #3483 ), #154, .T. ) ;
#2821 = EDGE_LOOP ( 'NONE', ( #2282, #3012, #2954, #1567, #3571, #2813, #1423, #2265, #3543, #1224, #2398, #1585, #469, #2822, #1255, #2576, #1060, #2679, #3580, #2694, #1094, #3218, #2362 ) ) ;
#2822 = ORIENTED_EDGE ( 'NONE', *, *, #896, .F. ) ;
#2823 = UNCERTAINTY_MEASURE_WITH_UNIT (LENGTH_MEASURE( 1.000000000000000082E-05 ), #1287, 'distance_accuracy_value', 'NONE');
#2824 = LINE ( 'NONE', #1430, #963 ) ;
#2825 = CARTESIAN_POINT ( 'NONE',  ( 0.8894003300729653727, 0.2999999999999999889, 0.3399999999999999689 ) ) ;
#2826 = CARTESIAN_POINT ( 'NONE',  ( -1.300000000000000044, -0.3099999999999999423, 0.0000000000000000000 ) ) ;
#2827 = ORIENTED_EDGE ( 'NONE', *, *, #3430, .F. ) ;
#2828 = CARTESIAN_POINT ( 'NONE',  ( 1.540000000000000036, 0.2899999999999999800, 0.4899999999999999911 ) ) ;
#2829 =( NAMED_UNIT ( * ) SI_UNIT ( $, .STERADIAN. ) SOLID_ANGLE_UNIT ( ) );
#2830 = CARTESIAN_POINT ( 'NONE',  ( -0.9000000000000003553, 1.300000000000000044, 0.1500000000000000222 ) ) ;
#2831 = ORIENTED_EDGE ( 'NONE', *, *, #3280, .F. ) ;
#2832 = AXIS2_PLACEMENT_3D ( 'NONE', #1012, #421, #2417 ) ;
#2833 = CARTESIAN_POINT ( 'NONE',  ( -1.540000000000000036, -0.2899999999999999245, 0.1300000000000000044 ) ) ;
#2834 = AXIS2_PLACEMENT_3D ( 'NONE', #962, #2628, #3274 ) ;
#2835 = ORIENTED_EDGE ( 'NONE', *, *, #3192, .T. ) ;
#2836 = CIRCLE ( 'NONE', #124, 0.01000000000000000021 ) ;
#2837 = CARTESIAN_POINT ( 'NONE',  ( -1.050000000000000044, 1.050000000000000044, 0.3499999999999999778 ) ) ;
#2838 = ORIENTED_EDGE ( 'NONE', *, *, #1110, .F. ) ;
#2839 = EDGE_CURVE ( 'NONE', #524, #3145, #456, .T. ) ;
#2840 = FACE_OUTER_BOUND ( 'NONE', #1268, .T. ) ;
#2841 = CARTESIAN_POINT ( 'NONE',  ( 1.000000000000000000, 1.224646799147353207E-16, 0.4899999999999999911 ) ) ;
#2842 = EDGE_CURVE ( 'NONE', #343, #1410, #2108, .T. ) ;
#2843 = ORIENTED_EDGE ( 'NONE', *, *, #617, .F. ) ;
#2844 = DIRECTION ( 'NONE',  ( -0.0000000000000000000, -0.0000000000000000000, -1.000000000000000000 ) ) ;
#2845 = DIRECTION ( 'NONE',  ( 0.0000000000000000000, 0.0000000000000000000, 1.000000000000000000 ) ) ;
#2846 = CIRCLE ( 'NONE', #2596, 0.8399999999999999689 ) ;
#2847 = COLOUR_RGB ( '',1.000000000000000000, 1.000000000000000000, 1.000000000000000000 ) ;
#2848 = DIRECTION ( 'NONE',  ( 1.000000000000000000, 0.0000000000000000000, 0.0000000000000000000 ) ) ;
#2849 = ORIENTED_EDGE ( 'NONE', *, *, #1055, .F. ) ;
#2850 = PRESENTATION_STYLE_ASSIGNMENT (( #1730 ) ) ;
#2851 = CONICAL_SURFACE ( 'NONE', #2664, 1.000000000000000000, 0.9505468408120761881 ) ;
#2852 = ORIENTED_EDGE ( 'NONE', *, *, #2842, .T. ) ;
#2853 = EDGE_LOOP ( 'NONE', ( #3360, #1356, #771, #3118 ) ) ;
#2854 = FILL_AREA_STYLE_COLOUR ( '', #2038 ) ;
#2855 = VERTEX_POINT ( 'NONE', #2903 ) ;
#2856 = CARTESIAN_POINT ( 'NONE',  ( 0.9539392014169456591, -0.2999999999999999889, 0.4810814739639322490 ) ) ;
#2857 = DIRECTION ( 'NONE',  ( 0.0000000000000000000, -1.000000000000000000, 0.0000000000000000000 ) ) ;
#2858 = EDGE_CURVE ( 'NONE', #1343, #285, #360, .T. ) ;
#2859 = VERTEX_POINT ( 'NONE', #1834 ) ;
#2860 = CIRCLE ( 'NONE', #34, 0.01000000000000002623 ) ;
#2861 = FILL_AREA_STYLE_COLOUR ( '', #2378 ) ;
#2862 = DIRECTION ( 'NONE',  ( -0.0000000000000000000, -0.0000000000000000000, -1.000000000000000000 ) ) ;
#2863 = DIRECTION ( 'NONE',  ( 0.0000000000000000000, 0.0000000000000000000, 1.000000000000000000 ) ) ;
#2864 = EDGE_LOOP ( 'NONE', ( #1583, #1452, #73, #1965 ) ) ;
#2865 = ADVANCED_FACE ( 'NONE', ( #399 ), #2955, .F. ) ;
#2866 = EDGE_LOOP ( 'NONE', ( #2762, #2419, #888, #4, #3137, #788, #2081, #2286, #1044, #2232 ) ) ;
#2867 = AXIS2_PLACEMENT_3D ( 'NONE', #2986, #2768, #2748 ) ;
#2868 = AXIS2_PLACEMENT_3D ( 'NONE', #105, #3247, #3506 ) ;
#2869 = VECTOR ( 'NONE', #1, 1000.000000000000000 ) ;
#2870 = VECTOR ( 'NONE', #1267, 1000.000000000000000 ) ;
#2871 = ORIENTED_EDGE ( 'NONE', *, *, #543, .F. ) ;
#2872 = VERTEX_POINT ( 'NONE', #3196 ) ;
#2873 =( NAMED_UNIT ( * ) SI_UNIT ( $, .STERADIAN. ) SOLID_ANGLE_UNIT ( ) );
#2874 = EDGE_LOOP ( 'NONE', ( #2602, #2022, #3222, #2889 ) ) ;
#2875 = CARTESIAN_POINT ( 'NONE',  ( 0.8399999999999999689, 1.034826545279513511E-16, 0.3499999999999999778 ) ) ;
#2876 = DIRECTION ( 'NONE',  ( 0.0000000000000000000, 0.0000000000000000000, -1.000000000000000000 ) ) ;
#2877 = LINE ( 'NONE', #1182, #2435 ) ;
#2878 = EDGE_CURVE ( 'NONE', #678, #763, #434, .T. ) ;
#2879 = EDGE_LOOP ( 'NONE', ( #1752, #1715, #1729, #1458 ) ) ;
#2880 = CARTESIAN_POINT ( 'NONE',  ( 0.2500000000000000000, 3.061616997868383018E-17, 1.000000000000000000 ) ) ;
#2881 = CARTESIAN_POINT ( 'NONE',  ( 0.8894003300729653727, -0.2999999999999999889, 0.3399999999999999689 ) ) ;
#2882 = CARTESIAN_POINT ( 'NONE',  ( 0.9539392014169456591, -0.2999999999999998779, 0.4799999999999999822 ) ) ;
#2883 = EDGE_CURVE ( 'NONE', #2142, #576, #1461, .T. ) ;
#2884 = CARTESIAN_POINT ( 'NONE',  ( -1.050000000000000044, 1.289999999999999813, 0.3499999999999999778 ) ) ;
#2885 = DIRECTION ( 'NONE',  ( -0.0000000000000000000, -0.0000000000000000000, 1.000000000000000000 ) ) ;
#2886 = EDGE_CURVE ( 'NONE', #285, #2554, #1565, .T. ) ;
#2887 = ORIENTED_EDGE ( 'NONE', *, *, #874, .T. ) ;
#2888 = CARTESIAN_POINT ( 'NONE',  ( -0.9299999999999998268, 1.138921523207038426E-16, 0.6500000000000000222 ) ) ;
#2889 = ORIENTED_EDGE ( 'NONE', *, *, #655, .T. ) ;
#2890 = AXIS2_PLACEMENT_3D ( 'NONE', #2913, #1468, #1776 ) ;
#2891 = CARTESIAN_POINT ( 'NONE',  ( 1.540000000000000036, -0.2899999999999999800, 0.4799999999999999822 ) ) ;
#2892 = DIRECTION ( 'NONE',  ( -0.0000000000000000000, -0.0000000000000000000, -1.000000000000000000 ) ) ;
#2893 = CARTESIAN_POINT ( 'NONE',  ( 0.9299999999999998268, 0.0000000000000000000, 0.6500000000000000222 ) ) ;
#2894 = ORIENTED_EDGE ( 'NONE', *, *, #1779, .F. ) ;
#2895 = CARTESIAN_POINT ( 'NONE',  ( 0.9299999999999998268, 0.0000000000000000000, 0.5499999999999999334 ) ) ;
#2896 = CARTESIAN_POINT ( 'NONE',  ( 0.0000000000000000000, 0.0000000000000000000, 1.239999999999999991 ) ) ;
#2897 = AXIS2_PLACEMENT_3D ( 'NONE', #3190, #2532, #11 ) ;
#2898 = CARTESIAN_POINT ( 'NONE',  ( -0.8899999999999999023, 1.500000000000000000, 0.0000000000000000000 ) ) ;
#2899 = ADVANCED_FACE ( 'NONE', ( #2451 ), #1107, .T. ) ;
#2900 = CIRCLE ( 'NONE', #1258, 0.8499999999999999778 ) ;
#2901 = VERTEX_POINT ( 'NONE', #2924 ) ;
#2902 = AXIS2_PLACEMENT_3D ( 'NONE', #871, #1525, #3441 ) ;
#2903 = CARTESIAN_POINT ( 'NONE',  ( 0.8899999999999999023, -1.489999999999999991, 0.1400000000000000133 ) ) ;
#2904 = VERTEX_POINT ( 'NONE', #1818 ) ;
#2905 = CARTESIAN_POINT ( 'NONE',  ( 0.8899999999999999023, -1.500000000000000000, 0.0000000000000000000 ) ) ;
#2906 = ADVANCED_FACE ( 'NONE', ( #3157 ), #3631, .T. ) ;
#2907 = CYLINDRICAL_SURFACE ( 'NONE', #1964, 0.01000000000000002623 ) ;
#2908 = FACE_OUTER_BOUND ( 'NONE', #3272, .T. ) ;
#2909 = CARTESIAN_POINT ( 'NONE',  ( -1.310000000000000053, -0.3099999999999999423, 0.0000000000000000000 ) ) ;
#2910 = EDGE_CURVE ( 'NONE', #343, #2307, #1757, .T. ) ;
#2911 = ORIENTED_EDGE ( 'NONE', *, *, #3175, .F. ) ;
#2912 = FILL_AREA_STYLE_COLOUR ( '', #3330 ) ;
#2913 = CARTESIAN_POINT ( 'NONE',  ( 0.0000000000000000000, 0.0000000000000000000, 0.3600000000000000977 ) ) ;
#2914 = CARTESIAN_POINT ( 'NONE',  ( 1.050000000000000044, 1.300000000000000266, 0.3399999999999999689 ) ) ;
#2915 = VECTOR ( 'NONE', #2608, 1000.000000000000000 ) ;
#2916 = AXIS2_PLACEMENT_3D ( 'NONE', #2574, #1225, #598 ) ;
#2917 = LINE ( 'NONE', #1021, #924 ) ;
#2918 = CARTESIAN_POINT ( 'NONE',  ( -0.8958578643762690197, 1.500000000000000000, -0.005857864376269047990 ) ) ;
#2919 = COLOUR_RGB ( '',1.000000000000000000, 1.000000000000000000, 1.000000000000000000 ) ;
#2920 = CIRCLE ( 'NONE', #1161, 0.01000000000000002623 ) ;
#2921 = AXIS2_PLACEMENT_3D ( 'NONE', #557, #3273, #3312 ) ;
#2922 = ORIENTED_EDGE ( 'NONE', *, *, #3199, .F. ) ;
#2923 = ADVANCED_FACE ( 'NONE', ( #120 ), #3155, .T. ) ;
#2924 = CARTESIAN_POINT ( 'NONE',  ( 0.4496343304408237374, -0.2926794919243111970, -0.01000000000000000021 ) ) ;
#2925 = ORIENTED_EDGE ( 'NONE', *, *, #292, .T. ) ;
#2926 = CONICAL_SURFACE ( 'NONE', #579, 0.9299999999999998268, 0.9505468408120761881 ) ;
#2927 = ORIENTED_EDGE ( 'NONE', *, *, #153, .T. ) ;
#2928 = EDGE_CURVE ( 'NONE', #2015, #1343, #929, .T. ) ;
#2929 = FACE_OUTER_BOUND ( 'NONE', #2610, .T. ) ;
#2930 = DIRECTION ( 'NONE',  ( -0.0000000000000000000, -0.0000000000000000000, -1.000000000000000000 ) ) ;
#2931 = DIRECTION ( 'NONE',  ( 0.0000000000000000000, 0.0000000000000000000, 1.000000000000000000 ) ) ;
#2932 = ADVANCED_FACE ( 'NONE', ( #380 ), #3051, .T. ) ;
#2933 = ORIENTED_EDGE ( 'NONE', *, *, #2973, .T. ) ;
#2934 = DIRECTION ( 'NONE',  ( -9.637352644315598694E-16, -1.000000000000000000, 0.0000000000000000000 ) ) ;
#2935 = FACE_OUTER_BOUND ( 'NONE', #1702, .T. ) ;
#2936 = DIRECTION ( 'NONE',  ( 1.000000000000000000, 0.0000000000000000000, 0.0000000000000000000 ) ) ;
#2937 = LINE ( 'NONE', #428, #202 ) ;
#2938 = DIRECTION ( 'NONE',  ( 0.0000000000000000000, -0.0000000000000000000, 1.000000000000000000 ) ) ;
#2939 = VERTEX_POINT ( 'NONE', #3574 ) ;
#2940 = CARTESIAN_POINT ( 'NONE',  ( 1.540000000000000036, -0.2999999999999999889, 0.3399999999999999689 ) ) ;
#2941 = CARTESIAN_POINT ( 'NONE',  ( 0.8899999999999999023, -1.489999999999999991, 0.1300000000000000044 ) ) ;
#2942 =( GEOMETRIC_REPRESENTATION_CONTEXT ( 3 ) GLOBAL_UNCERTAINTY_ASSIGNED_CONTEXT ( ( #1126 ) ) GLOBAL_UNIT_ASSIGNED_CONTEXT ( ( #1948, #1389, #215 ) ) REPRESENTATION_CONTEXT ( 'NONE', 'WORKASPACE' ) );
#2943 = CARTESIAN_POINT ( 'NONE',  ( 1.550000000000000266, 0.2899999999999999800, 0.4799999999999999822 ) ) ;
#2944 = CARTESIAN_POINT ( 'NONE',  ( -1.050000000000000044, 1.289999999999999813, 0.3399999999999999689 ) ) ;
#2945 = CARTESIAN_POINT ( 'NONE',  ( -0.2500000000000000000, 0.0000000000000000000, 1.250000000000000000 ) ) ;
#2946 = EDGE_CURVE ( 'NONE', #1025, #454, #526, .T. ) ;
#2947 = AXIS2_PLACEMENT_3D ( 'NONE', #1975, #584, #2033 ) ;
#2948 = DIRECTION ( 'NONE',  ( 0.0000000000000000000, 0.0000000000000000000, -1.000000000000000000 ) ) ;
#2949 =( NAMED_UNIT ( * ) PLANE_ANGLE_UNIT ( ) SI_UNIT ( $, .RADIAN. ) );
#2950 = ADVANCED_FACE ( 'NONE', ( #1692 ), #1421, .T. ) ;
#2951 = FACE_OUTER_BOUND ( 'NONE', #2995, .T. ) ;
#2952 = DIRECTION ( 'NONE',  ( -1.000000000000000000, -0.0000000000000000000, -0.0000000000000000000 ) ) ;
#2953 = CARTESIAN_POINT ( 'NONE',  ( -1.302219166189677813, -0.3032076640756369845, -0.002586774968253315651 ) ) ;
#2954 = ORIENTED_EDGE ( 'NONE', *, *, #2778, .T. ) ;
#2955 = PLANE ( 'NONE',  #695 ) ;
#2956 = CIRCLE ( 'NONE', #2130, 0.9970710678118654968 ) ;
#2957 = ORIENTED_EDGE ( 'NONE', *, *, #2421, .F. ) ;
#2958 = ORIENTED_EDGE ( 'NONE', *, *, #471, .F. ) ;
#2959 = AXIS2_PLACEMENT_3D ( 'NONE', #1640, #1150, #1926 ) ;
#2960 = VECTOR ( 'NONE', #2342, 1000.000000000000000 ) ;
#2961 = CARTESIAN_POINT ( 'NONE',  ( -1.050000000000000044, -0.3099999999999999423, 0.0000000000000000000 ) ) ;
#2962 = CARTESIAN_POINT ( 'NONE',  ( 0.8999999999999999112, 1.500000000000000222, 0.1358578643762690386 ) ) ;
#2963 = LINE ( 'NONE', #1236, #3036 ) ;
#2964 = ORIENTED_EDGE ( 'NONE', *, *, #3126, .T. ) ;
#2965 = AXIS2_PLACEMENT_3D ( 'NONE', #1373, #3026, #1332 ) ;
#2966 = CARTESIAN_POINT ( 'NONE',  ( -0.9000000000000002442, 1.310000000000000053, 0.0000000000000000000 ) ) ;
#2967 = ADVANCED_FACE ( 'NONE', ( #1058 ), #1941, .T. ) ;
#2968 = CARTESIAN_POINT ( 'NONE',  ( -1.050000000000000044, 1.050000000000000044, 0.3499999999999999778 ) ) ;
#2969 = CARTESIAN_POINT ( 'NONE',  ( 0.0000000000000000000, 0.0000000000000000000, 1.250000000000000000 ) ) ;
#2970 = VECTOR ( 'NONE', #3340, 1000.000000000000000 ) ;
#2971 = FILL_AREA_STYLE ('',( #1864 ) ) ;
#2972 = DIRECTION ( 'NONE',  ( -0.0000000000000000000, -0.0000000000000000000, -1.000000000000000000 ) ) ;
#2973 = EDGE_CURVE ( 'NONE', #1944, #1681, #1069, .T. ) ;
#2974 = DIRECTION ( 'NONE',  ( 0.0000000000000000000, -1.000000000000000000, 0.0000000000000000000 ) ) ;
#2975 = ORIENTED_EDGE ( 'NONE', *, *, #2550, .F. ) ;
#2976 = ADVANCED_FACE ( 'NONE', ( #2467 ), #2191, .T. ) ;
#2977 = CONICAL_SURFACE ( 'NONE', #1633, 0.9299999999999998268, 0.9505468408120761881 ) ;
#2978 = CIRCLE ( 'NONE', #1634, 0.2500000000000002220 ) ;
#2979 = DIRECTION ( 'NONE',  ( -1.000000000000000000, 0.0000000000000000000, 0.0000000000000000000 ) ) ;
#2980 = ORIENTED_EDGE ( 'NONE', *, *, #2135, .F. ) ;
#2981 = DIRECTION ( 'NONE',  ( 0.0000000000000000000, 0.0000000000000000000, 1.000000000000000000 ) ) ;
#2982 = DIRECTION ( 'NONE',  ( -9.637352644315598694E-16, -1.000000000000000000, 0.0000000000000000000 ) ) ;
#2983 = CARTESIAN_POINT ( 'NONE',  ( 0.4499999999999999001, 0.2999999999999999889, -0.01000000000000000021 ) ) ;
#2984 = AXIS2_PLACEMENT_3D ( 'NONE', #2391, #2119, #1002 ) ;
#2985 = ORIENTED_EDGE ( 'NONE', *, *, #2249, .T. ) ;
#2986 = CARTESIAN_POINT ( 'NONE',  ( 1.540000000000000036, 0.0000000000000000000, 0.4799999999999999822 ) ) ;
#2987 = CARTESIAN_POINT ( 'NONE',  ( -1.300155367965258657, -0.2932559890559413573, -0.009987517496392459698 ) ) ;
#2988 = DIRECTION ( 'NONE',  ( -1.000000000000000000, 0.0000000000000000000, 0.0000000000000000000 ) ) ;
#2989 = DIRECTION ( 'NONE',  ( -0.0000000000000000000, 0.0000000000000000000, 1.000000000000000000 ) ) ;
#2990 = DIRECTION ( 'NONE',  ( 0.0000000000000000000, 0.0000000000000000000, 1.000000000000000000 ) ) ;
#2991 = CARTESIAN_POINT ( 'NONE',  ( 0.0000000000000000000, 0.0000000000000000000, 1.239999999999999991 ) ) ;
#2992 = EDGE_CURVE ( 'NONE', #2901, #231, #3083, .T. ) ;
#2993 = ORIENTED_EDGE ( 'NONE', *, *, #1554, .F. ) ;
#2994 = DIRECTION ( 'NONE',  ( 0.0000000000000000000, 0.0000000000000000000, 1.000000000000000000 ) ) ;
#2995 = EDGE_LOOP ( 'NONE', ( #3011, #541, #2964, #2635 ) ) ;
#2996 = EDGE_CURVE ( 'NONE', #2554, #1978, #2789, .T. ) ;
#2997 = ORIENTED_EDGE ( 'NONE', *, *, #1175, .T. ) ;
#2998 = DIRECTION ( 'NONE',  ( 1.000000000000000000, 0.0000000000000000000, 0.0000000000000000000 ) ) ;
#2999 = AXIS2_PLACEMENT_3D ( 'NONE', #331, #2892, #581 ) ;
#3000 = CARTESIAN_POINT ( 'NONE',  ( 1.000000000000000000, 1.224646799147353207E-16, 1.175857864376268935 ) ) ;
#3001 = EDGE_LOOP ( 'NONE', ( #2235, #2695, #583, #1872, #1833 ) ) ;
#3002 = AXIS2_PLACEMENT_3D ( 'NONE', #460, #2343, #1568 ) ;
#3003 = CARTESIAN_POINT ( 'NONE',  ( -1.300000000000000044, -0.2926794919243111970, -0.01000000000000000021 ) ) ;
#3004 = CARTESIAN_POINT ( 'NONE',  ( -1.050000000000000044, -1.050000000000000044, 0.3499999999999999778 ) ) ;
#3005 = CIRCLE ( 'NONE', #1367, 0.02000000000000005246 ) ;
#3006 = EDGE_LOOP ( 'NONE', ( #207, #2507, #2530, #767 ) ) ;
#3007 = CARTESIAN_POINT ( 'NONE',  ( 0.0000000000000000000, 0.0000000000000000000, 1.239999999999999991 ) ) ;
#3008 = CARTESIAN_POINT ( 'NONE',  ( -0.9000000000000000222, 1.489999999999999991, -0.01000000000000000021 ) ) ;
#3009 = ADVANCED_FACE ( 'NONE', ( #2755 ), #224, .F. ) ;
#3010 = CYLINDRICAL_SURFACE ( 'NONE', #3388, 0.009999999999999998473 ) ;
#3011 = ORIENTED_EDGE ( 'NONE', *, *, #1358, .F. ) ;
#3012 = ORIENTED_EDGE ( 'NONE', *, *, #992, .T. ) ;
#3013 = VECTOR ( 'NONE', #2054, 1000.000000000000000 ) ;
#3014 = DIRECTION ( 'NONE',  ( -0.0000000000000000000, -0.0000000000000000000, -1.000000000000000000 ) ) ;
#3015 = EDGE_CURVE ( 'NONE', #3473, #1853, #1301, .T. ) ;
#3016 = DIRECTION ( 'NONE',  ( 0.0000000000000000000, -0.0000000000000000000, 1.000000000000000000 ) ) ;
#3017 = ADVANCED_FACE ( 'NONE', ( #6 ), #2245, .T. ) ;
#3018 = DIRECTION ( 'NONE',  ( 0.0000000000000000000, 1.000000000000000000, 0.0000000000000000000 ) ) ;
#3019 = ORIENTED_EDGE ( 'NONE', *, *, #110, .T. ) ;
#3020 = AXIS2_PLACEMENT_3D ( 'NONE', #3445, #864, #1507 ) ;
#3021 = CARTESIAN_POINT ( 'NONE',  ( 0.9000000000000000222, 1.500000000000000000, -0.01000000000000000021 ) ) ;
#3022 = EDGE_CURVE ( 'NONE', #87, #2355, #3005, .T. ) ;
#3023 = B_SPLINE_CURVE_WITH_KNOTS ( 'NONE', 3,
 ( #2224, #3629, #1092, #1969, #1937, #3046, #1952, #848, #2804, #1372, #2480, #1112, #1331, #1688, #3606, #2167 ),
 .UNSPECIFIED., .F., .F.,
 ( 4, 3, 3, 3, 3, 4 ),
 ( 3.388131789017201356E-21, 3.003241378616670334E-06, 6.660419858604208547E-06, 1.277780600408823632E-05, 1.383244825666441480E-05, 1.446493901207808781E-05 ),
 .UNSPECIFIED. ) ;
#3024 = CARTESIAN_POINT ( 'NONE',  ( 0.4499999999999999001, -0.2999999999999999889, 0.1300000000000000044 ) ) ;
#3025 = AXIS2_PLACEMENT_3D ( 'NONE', #1483, #2863, #2613 ) ;
#3026 = DIRECTION ( 'NONE',  ( 0.0000000000000000000, -1.000000000000000000, 0.0000000000000000000 ) ) ;
#3027 = CIRCLE ( 'NONE', #3487, 0.01000000000000002623 ) ;
#3028 = ORIENTED_EDGE ( 'NONE', *, *, #2647, .F. ) ;
#3029 = DIRECTION ( 'NONE',  ( 1.000000000000000000, 0.0000000000000000000, 0.0000000000000000000 ) ) ;
#3030 = DIRECTION ( 'NONE',  ( -0.0000000000000000000, -0.0000000000000000000, -1.000000000000000000 ) ) ;
#3031 = DIRECTION ( 'NONE',  ( 0.0000000000000000000, 0.0000000000000000000, -1.000000000000000000 ) ) ;
#3032 = AXIS2_PLACEMENT_3D ( 'NONE', #1963, #2529, #802 ) ;
#3033 = DIRECTION ( 'NONE',  ( -1.000000000000000000, 0.0000000000000000000, 0.0000000000000000000 ) ) ;
#3034 = LINE ( 'NONE', #211, #1927 ) ;
#3035 = EDGE_LOOP ( 'NONE', ( #3329, #2043, #490, #878 ) ) ;
#3036 = VECTOR ( 'NONE', #717, 1000.000000000000000 ) ;
#3037 = AXIS2_PLACEMENT_3D ( 'NONE', #3572, #3633, #853 ) ;
#3038 = VERTEX_POINT ( 'NONE', #599 ) ;
#3039 = LINE ( 'NONE', #3287, #3422 ) ;
#3040 = CARTESIAN_POINT ( 'NONE',  ( 0.9100000000000000311, 1.300000000000000266, 0.0000000000000000000 ) ) ;
#3041 = EDGE_LOOP ( 'NONE', ( #111, #1414, #400, #1118 ) ) ;
#3042 = ADVANCED_FACE ( 'NONE', ( #2284 ), #304, .T. ) ;
#3043 = UNCERTAINTY_MEASURE_WITH_UNIT (LENGTH_MEASURE( 1.000000000000000082E-05 ), #3327, 'distance_accuracy_value', 'NONE');
#3044 = AXIS2_PLACEMENT_3D ( 'NONE', #2093, #1549, #2656 ) ;
#3045 = CARTESIAN_POINT ( 'NONE',  ( -0.9000000000000000222, 1.500000000000000000, 0.0000000000000000000 ) ) ;
#3046 = CARTESIAN_POINT ( 'NONE',  ( 0.4469839360068858514, -0.2972731695377097694, -0.008924410300048708777 ) ) ;
#3047 = FACE_OUTER_BOUND ( 'NONE', #1532, .T. ) ;
#3048 = VECTOR ( 'NONE', #3176, 1000.000000000000000 ) ;
#3049 = EDGE_LOOP ( 'NONE', ( #186, #3558, #287, #3123 ) ) ;
#3050 = CARTESIAN_POINT ( 'NONE',  ( -1.310000000000000053, -0.2999999999999999889, 0.1400000000000000133 ) ) ;
#3051 = SPHERICAL_SURFACE ( 'NONE', #3217, 0.01000000000000000021 ) ;
#3052 = DIRECTION ( 'NONE',  ( 0.0000000000000000000, 0.0000000000000000000, 1.000000000000000000 ) ) ;
#3053 = EDGE_LOOP ( 'NONE', ( #2787, #2449, #729, #1428 ) ) ;
#3054 = DIRECTION ( 'NONE',  ( -0.0000000000000000000, -0.0000000000000000000, -1.000000000000000000 ) ) ;
#3055 = CARTESIAN_POINT ( 'NONE',  ( -1.300000000000000266, 1.050000000000000044, 0.0000000000000000000 ) ) ;
#3056 = ORIENTED_EDGE ( 'NONE', *, *, #1782, .T. ) ;
#3057 = DIRECTION ( 'NONE',  ( -0.0000000000000000000, -0.0000000000000000000, -1.000000000000000000 ) ) ;
#3058 = PRESENTATION_STYLE_ASSIGNMENT (( #2764 ) ) ;
#3059 = ORIENTED_EDGE ( 'NONE', *, *, #523, .F. ) ;
#3060 = LINE ( 'NONE', #218, #2684 ) ;
#3061 = DIRECTION ( 'NONE',  ( -1.000000000000000000, 9.637352644315535585E-16, 0.0000000000000000000 ) ) ;
#3062 = CYLINDRICAL_SURFACE ( 'NONE', #322, 0.01000000000000000021 ) ;
#3063 = ADVANCED_FACE ( 'NONE', ( #97 ), #2531, .F. ) ;
#3064 = AXIS2_PLACEMENT_3D ( 'NONE', #2475, #3564, #1683 ) ;
#3065 = ORIENTED_EDGE ( 'NONE', *, *, #66, .T. ) ;
#3066 = CARTESIAN_POINT ( 'NONE',  ( 1.050000000000000044, 1.050000000000000044, 0.0000000000000000000 ) ) ;
#3067 = DIRECTION ( 'NONE',  ( -1.000000000000000000, 0.0000000000000000000, 0.0000000000000000000 ) ) ;
#3068 = DIRECTION ( 'NONE',  ( 0.0000000000000000000, 1.000000000000000000, 0.0000000000000000000 ) ) ;
#3069 = EDGE_CURVE ( 'NONE', #515, #2859, #1450, .T. ) ;
#3070 = ADVANCED_FACE ( 'NONE', ( #2299 ), #3237, .F. ) ;
#3071 = TOROIDAL_SURFACE ( 'NONE', #1482, 0.9899999999999999911, 0.01000000000000000021 ) ;
#3072 = DIRECTION ( 'NONE',  ( -1.000000000000000000, -1.224646799147349509E-16, 0.0000000000000000000 ) ) ;
#3073 = ORIENTED_EDGE ( 'NONE', *, *, #2992, .F. ) ;
#3074 = DIRECTION ( 'NONE',  ( 0.0000000000000000000, 0.0000000000000000000, 1.000000000000000000 ) ) ;
#3075 = CARTESIAN_POINT ( 'NONE',  ( 1.300000000000000266, 1.050000000000000044, 0.3399999999999999689 ) ) ;
#3076 = ORIENTED_EDGE ( 'NONE', *, *, #1412, .T. ) ;
#3077 = PLANE ( 'NONE',  #1342 ) ;
#3078 = FACE_BOUND ( 'NONE', #2767, .T. ) ;
#3079 = LINE ( 'NONE', #3366, #3609 ) ;
#3080 = EDGE_CURVE ( 'NONE', #3038, #2276, #2558, .T. ) ;
#3081 = ORIENTED_EDGE ( 'NONE', *, *, #1622, .T. ) ;
#3082 = CARTESIAN_POINT ( 'NONE',  ( 0.9000000000000000222, -1.489999999999999991, 0.1300000000000000044 ) ) ;
#3083 = LINE ( 'NONE', #1925, #1946 ) ;
#3084 = LINE ( 'NONE', #7, #2363 ) ;
#3085 = VERTEX_POINT ( 'NONE', #2895 ) ;
#3086 = VERTEX_POINT ( 'NONE', #56 ) ;
#3087 = CIRCLE ( 'NONE', #1499, 1.000000000000000000 ) ;
#3088 = EDGE_CURVE ( 'NONE', #572, #1746, #2586, .T. ) ;
#3089 = ORIENTED_EDGE ( 'NONE', *, *, #2469, .F. ) ;
#3090 = EDGE_CURVE ( 'NONE', #974, #3576, #2013, .T. ) ;
#3091 = VERTEX_POINT ( 'NONE', #3391 ) ;
#3092 = CARTESIAN_POINT ( 'NONE',  ( 1.050000000000000044, -1.300000000000000266, 0.0000000000000000000 ) ) ;
#3093 = ORIENTED_EDGE ( 'NONE', *, *, #2601, .T. ) ;
#3094 = DIRECTION ( 'NONE',  ( 2.065146995210484448E-16, -1.000000000000000000, 0.0000000000000000000 ) ) ;
#3095 = CARTESIAN_POINT ( 'NONE',  ( 0.9545736403195967945, -0.2979751083697766978, 0.4860330462114453298 ) ) ;
#3096 = CARTESIAN_POINT ( 'NONE',  ( 1.540000000000000036, -0.2899999999999999245, 0.4799999999999999822 ) ) ;
#3097 = CIRCLE ( 'NONE', #1980, 0.01000000000000002623 ) ;
#3098 = AXIS2_PLACEMENT_3D ( 'NONE', #669, #2148, #3493 ) ;
#3099 = ORIENTED_EDGE ( 'NONE', *, *, #1104, .F. ) ;
#3100 = DIRECTION ( 'NONE',  ( 1.000000000000000000, 0.0000000000000000000, 0.0000000000000000000 ) ) ;
#3101 =( LENGTH_UNIT ( ) NAMED_UNIT ( * ) SI_UNIT ( .MILLI., .METRE. ) );
#3102 = DIRECTION ( 'NONE',  ( 1.000000000000000000, 0.0000000000000000000, 0.0000000000000000000 ) ) ;
#3103 = VERTEX_POINT ( 'NONE', #2050 ) ;
#3104 = VECTOR ( 'NONE', #3267, 1000.000000000000000 ) ;
#3105 = CIRCLE ( 'NONE', #2921, 0.2500000000000000000 ) ;
#3106 = LINE ( 'NONE', #1406, #1908 ) ;
#3107 = EDGE_CURVE ( 'NONE', #2056, #24, #2776, .T. ) ;
#3108 = ORIENTED_EDGE ( 'NONE', *, *, #1328, .T. ) ;
#3109 = DIRECTION ( 'NONE',  ( 1.000000000000000000, 0.0000000000000000000, 0.0000000000000000000 ) ) ;
#3110 = FACE_OUTER_BOUND ( 'NONE', #1194, .T. ) ;
#3111 = ADVANCED_FACE ( 'NONE', ( #905 ), #3149, .T. ) ;
#3112 = EDGE_LOOP ( 'NONE', ( #3296, #1725, #2957, #646 ) ) ;
#3113 = LINE ( 'NONE', #2240, #427 ) ;
#3114 = CARTESIAN_POINT ( 'NONE',  ( -1.300000000000000044, -0.2943725653083156257, 0.1400000000000000133 ) ) ;
#3115 = DIRECTION ( 'NONE',  ( 1.000000000000000000, 0.0000000000000000000, 0.0000000000000000000 ) ) ;
#3116 = ORIENTED_EDGE ( 'NONE', *, *, #2055, .F. ) ;
#3117 = CARTESIAN_POINT ( 'NONE',  ( 0.0000000000000000000, 0.0000000000000000000, 1.182928932188134441 ) ) ;
#3118 = ORIENTED_EDGE ( 'NONE', *, *, #226, .F. ) ;
#3119 = CIRCLE ( 'NONE', #2115, 0.01000000000000002623 ) ;
#3120 = AXIS2_PLACEMENT_3D ( 'NONE', #1185, #927, #870 ) ;
#3121 = ORIENTED_EDGE ( 'NONE', *, *, #3122, .F. ) ;
#3122 = EDGE_CURVE ( 'NONE', #776, #1308, #1762, .T. ) ;
#3123 = ORIENTED_EDGE ( 'NONE', *, *, #837, .F. ) ;
#3124 = SURFACE_STYLE_USAGE ( .BOTH. , #2023 ) ;
#3125 = ORIENTED_EDGE ( 'NONE', *, *, #2334, .T. ) ;
#3126 = EDGE_CURVE ( 'NONE', #2501, #1732, #3167, .T. ) ;
#3127 = DIRECTION ( 'NONE',  ( -1.000000000000000000, 0.0000000000000000000, 0.0000000000000000000 ) ) ;
#3128 = DIRECTION ( 'NONE',  ( 1.000000000000000000, 0.0000000000000000000, 0.0000000000000000000 ) ) ;
#3129 = VERTEX_POINT ( 'NONE', #1502 ) ;
#3130 = DIRECTION ( 'NONE',  ( -1.000000000000000000, 0.0000000000000000000, 0.0000000000000000000 ) ) ;
#3131 = CARTESIAN_POINT ( 'NONE',  ( -0.8899999999999999023, 1.500000000000000000, -0.01000000000000000021 ) ) ;
#3132 = AXIS2_PLACEMENT_3D ( 'NONE', #823, #3306, #2998 ) ;
#3133 = DIRECTION ( 'NONE',  ( -0.0000000000000000000, -0.0000000000000000000, -1.000000000000000000 ) ) ;
#3134 = ORIENTED_EDGE ( 'NONE', *, *, #2135, .T. ) ;
#3135 = CIRCLE ( 'NONE', #1562, 0.9329289321881342190 ) ;
#3136 = ORIENTED_EDGE ( 'NONE', *, *, #2883, .T. ) ;
#3137 = ORIENTED_EDGE ( 'NONE', *, *, #1943, .F. ) ;
#3138 = DIRECTION ( 'NONE',  ( 0.0000000000000000000, -1.000000000000000000, 0.0000000000000000000 ) ) ;
#3139 = AXIS2_PLACEMENT_3D ( 'NONE', #267, #2545, #246 ) ;
#3140 = CIRCLE ( 'NONE', #3320, 0.9299999999999998268 ) ;
#3141 = CARTESIAN_POINT ( 'NONE',  ( 1.550000000000000266, -0.2900000000000000355, 0.3399999999999999689 ) ) ;
#3142 = CARTESIAN_POINT ( 'NONE',  ( 0.9541041329697469431, -0.2994750464594583828, 0.4831974200185671364 ) ) ;
#3143 = DIRECTION ( 'NONE',  ( 0.0000000000000000000, -1.000000000000000000, 0.0000000000000000000 ) ) ;
#3144 = EDGE_CURVE ( 'NONE', #3103, #2859, #62, .T. ) ;
#3145 = VERTEX_POINT ( 'NONE', #1205 ) ;
#3146 = AXIS2_PLACEMENT_3D ( 'NONE', #1478, #1723, #2281 ) ;
#3147 = VECTOR ( 'NONE', #41, 1000.000000000000000 ) ;
#3148 = LINE ( 'NONE', #350, #3618 ) ;
#3149 = CYLINDRICAL_SURFACE ( 'NONE', #1664, 0.01000000000000002623 ) ;
#3150 = CARTESIAN_POINT ( 'NONE',  ( 1.290000000000000036, 0.2999999999999999334, 0.3499999999999999778 ) ) ;
#3151 = VERTEX_POINT ( 'NONE', #2316 ) ;
#3152 =( GEOMETRIC_REPRESENTATION_CONTEXT ( 3 ) GLOBAL_UNCERTAINTY_ASSIGNED_CONTEXT ( ( #2222 ) ) GLOBAL_UNIT_ASSIGNED_CONTEXT ( ( #607, #2603, #1735 ) ) REPRESENTATION_CONTEXT ( 'NONE', 'WORKASPACE' ) );
#3153 = FILL_AREA_STYLE_COLOUR ( '', #378 ) ;
#3154 = AXIS2_PLACEMENT_3D ( 'NONE', #2714, #2779, #2412 ) ;
#3155 = TOROIDAL_SURFACE ( 'NONE', #1581, 0.9899999999999999911, 0.01000000000000000021 ) ;
#3156 = ORIENTED_EDGE ( 'NONE', *, *, #2381, .T. ) ;
#3157 = FACE_OUTER_BOUND ( 'NONE', #1836, .T. ) ;
#3158 = ORIENTED_EDGE ( 'NONE', *, *, #1110, .T. ) ;
#3159 = FACE_OUTER_BOUND ( 'NONE', #1162, .T. ) ;
#3160 = ORIENTED_EDGE ( 'NONE', *, *, #2773, .F. ) ;
#3161 = LINE ( 'NONE', #649, #137 ) ;
#3162 = CYLINDRICAL_SURFACE ( 'NONE', #3460, 0.01000000000000002623 ) ;
#3163 = LINE ( 'NONE', #1774, #2320 ) ;
#3164 = ORIENTED_EDGE ( 'NONE', *, *, #3069, .F. ) ;
#3165 = CARTESIAN_POINT ( 'NONE',  ( 0.0000000000000000000, 0.0000000000000000000, 0.3600000000000000977 ) ) ;
#3166 = ADVANCED_FACE ( 'NONE', ( #3440 ), #3071, .T. ) ;
#3167 = LINE ( 'NONE', #351, #357 ) ;
#3168 = CARTESIAN_POINT ( 'NONE',  ( -0.8899999999999999023, -1.500000000000000000, -0.01000000000000000021 ) ) ;
#3169 = DIRECTION ( 'NONE',  ( 1.000000000000000000, 2.065146995210484695E-16, -0.0000000000000000000 ) ) ;
#3170 = EDGE_CURVE ( 'NONE', #2548, #1950, #3185, .T. ) ;
#3171 = ADVANCED_FACE ( 'NONE', ( #1843 ), #2390, .F. ) ;
#3172 = CARTESIAN_POINT ( 'NONE',  ( 0.0000000000000000000, 0.0000000000000000000, 1.250000000000000000 ) ) ;
#3173 = AXIS2_PLACEMENT_3D ( 'NONE', #2825, #295, #1431 ) ;
#3174 = ORIENTED_EDGE ( 'NONE', *, *, #3090, .T. ) ;
#3175 = EDGE_CURVE ( 'NONE', #2734, #3086, #3294, .T. ) ;
#3176 = DIRECTION ( 'NONE',  ( -1.000000000000000000, -0.0000000000000000000, -0.0000000000000000000 ) ) ;
#3177 = ORIENTED_EDGE ( 'NONE', *, *, #2717, .T. ) ;
#3178 = FACE_OUTER_BOUND ( 'NONE', #284, .T. ) ;
#3179 = ORIENTED_EDGE ( 'NONE', *, *, #3443, .T. ) ;
#3180 = FACE_OUTER_BOUND ( 'NONE', #762, .T. ) ;
#3181 = CARTESIAN_POINT ( 'NONE',  ( -1.300000000000000044, -0.2998644005134666335, 0.1383366811617667558 ) ) ;
#3182 = CARTESIAN_POINT ( 'NONE',  ( 1.290000000000000036, -1.050000000000000044, 0.3399999999999999689 ) ) ;
#3183 = ORIENTED_EDGE ( 'NONE', *, *, #3170, .T. ) ;
#3184 = DIRECTION ( 'NONE',  ( 1.000000000000000000, 9.637352644315598694E-16, 0.0000000000000000000 ) ) ;
#3185 = LINE ( 'NONE', #1795, #2407 ) ;
#3186 = DIRECTION ( 'NONE',  ( 0.0000000000000000000, 1.000000000000000000, 0.0000000000000000000 ) ) ;
#3187 = EDGE_CURVE ( 'NONE', #64, #2604, #600, .T. ) ;
#3188 = CYLINDRICAL_SURFACE ( 'NONE', #2566, 0.01000000000000000021 ) ;
#3189 = DIRECTION ( 'NONE',  ( 0.0000000000000000000, 0.0000000000000000000, 1.000000000000000000 ) ) ;
#3190 = CARTESIAN_POINT ( 'NONE',  ( -1.050000000000000044, -1.050000000000000044, 0.0000000000000000000 ) ) ;
#3191 = CIRCLE ( 'NONE', #3537, 0.01000000000000002623 ) ;
#3192 = EDGE_CURVE ( 'NONE', #3129, #1136, #2836, .T. ) ;
#3193 = ORIENTED_EDGE ( 'NONE', *, *, #947, .T. ) ;
#3194 = B_SPLINE_CURVE_WITH_KNOTS ( 'NONE', 3,
 ( #1445, #2856, #1709, #3142, #1992, #3452, #3095, #2551, #2607, #632, #37, #1165, #1477, #1773, #868, #3384 ),
 .UNSPECIFIED., .F., .F.,
 ( 4, 3, 3, 3, 3, 4 ),
 ( 0.0000000000000000000, 3.244421891806410638E-06, 6.484638937579543151E-06, 9.789932679116488762E-06, 1.324094222037822561E-05, 1.598599931093487467E-05 ),
 .UNSPECIFIED. ) ;
#3195 = VECTOR ( 'NONE', #444, 1000.000000000000000 ) ;
#3196 = CARTESIAN_POINT ( 'NONE',  ( 0.9100000000000002531, 1.300000000000000266, 0.1300000000000000044 ) ) ;
#3197 = VERTEX_POINT ( 'NONE', #1555 ) ;
#3198 = DIRECTION ( 'NONE',  ( 1.000000000000000000, 0.0000000000000000000, 0.0000000000000000000 ) ) ;
#3199 = EDGE_CURVE ( 'NONE', #1681, #2211, #131, .T. ) ;
#3200 = AXIS2_PLACEMENT_3D ( 'NONE', #3207, #3475, #2936 ) ;
#3201 = AXIS2_PLACEMENT_3D ( 'NONE', #1100, #2815, #783 ) ;
#3202 = LINE ( 'NONE', #3451, #2486 ) ;
#3203 = CARTESIAN_POINT ( 'NONE',  ( -1.300000000000000044, -0.3058256050809514126, 0.1341329290906864147 ) ) ;
#3204 = CARTESIAN_POINT ( 'NONE',  ( -0.9258578643762689353, 1.138178650354979602E-16, 1.250000000000000000 ) ) ;
#3205 = ORIENTED_EDGE ( 'NONE', *, *, #1934, .T. ) ;
#3206 = SURFACE_STYLE_USAGE ( .BOTH. , #146 ) ;
#3207 = CARTESIAN_POINT ( 'NONE',  ( 0.0000000000000000000, 0.0000000000000000000, 0.5499999999999999334 ) ) ;
#3208 = AXIS2_PLACEMENT_3D ( 'NONE', #2127, #3251, #684 ) ;
#3209 = CARTESIAN_POINT ( 'NONE',  ( -0.9000000000000003553, -1.050000000000000044, 0.1300000000000000044 ) ) ;
#3210 = CARTESIAN_POINT ( 'NONE',  ( 0.0000000000000000000, 0.0000000000000000000, 0.0000000000000000000 ) ) ;
#3211 = AXIS2_PLACEMENT_3D ( 'NONE', #1754, #3138, #65 ) ;
#3212 = AXIS2_PLACEMENT_3D ( 'NONE', #1075, #503, #521 ) ;
#3213 = CIRCLE ( 'NONE', #1755, 0.01000000000000002623 ) ;
#3214 = EDGE_LOOP ( 'NONE', ( #3517, #1977, #3358, #1767 ) ) ;
#3215 = ADVANCED_FACE ( 'NONE', ( #2082 ), #3527, .T. ) ;
#3216 = DIRECTION ( 'NONE',  ( -1.000000000000000000, 0.0000000000000000000, 0.0000000000000000000 ) ) ;
#3217 = AXIS2_PLACEMENT_3D ( 'NONE', #262, #1435, #2488 ) ;
#3218 = ORIENTED_EDGE ( 'NONE', *, *, #2175, .F. ) ;
#3219 = CARTESIAN_POINT ( 'NONE',  ( 0.0000000000000000000, 0.0000000000000000000, 0.3600000000000000977 ) ) ;
#3220 = EDGE_CURVE ( 'NONE', #531, #3447, #3256, .T. ) ;
#3221 = CARTESIAN_POINT ( 'NONE',  ( 0.0000000000000000000, 0.0000000000000000000, 1.179999999999999938 ) ) ;
#3222 = ORIENTED_EDGE ( 'NONE', *, *, #2621, .T. ) ;
#3223 = DIRECTION ( 'NONE',  ( -0.0000000000000000000, -1.000000000000000000, -0.0000000000000000000 ) ) ;
#3224 = CARTESIAN_POINT ( 'NONE',  ( 1.290000000000000036, 1.050000000000000044, 0.3499999999999999778 ) ) ;
#3225 = SURFACE_SIDE_STYLE ('',( #2728 ) ) ;
#3226 = DIRECTION ( 'NONE',  ( 1.000000000000000000, 0.0000000000000000000, 0.0000000000000000000 ) ) ;
#3227 = CARTESIAN_POINT ( 'NONE',  ( -1.302516381416579438, -0.3025148040823903983, -0.003368873242426931054 ) ) ;
#3228 = ORIENTED_EDGE ( 'NONE', *, *, #2353, .T. ) ;
#3229 = CARTESIAN_POINT ( 'NONE',  ( 1.550000000000000266, -0.2899999999999999800, 0.3499999999999999778 ) ) ;
#3230 = DIRECTION ( 'NONE',  ( 1.000000000000000000, 0.0000000000000000000, 0.0000000000000000000 ) ) ;
#3231 = CIRCLE ( 'NONE', #353, 0.01000000000000002623 ) ;
#3232 = ORIENTED_EDGE ( 'NONE', *, *, #2773, .T. ) ;
#3233 = DIRECTION ( 'NONE',  ( -1.000000000000000000, -0.0000000000000000000, 0.0000000000000000000 ) ) ;
#3234 = CARTESIAN_POINT ( 'NONE',  ( 1.550000000000000266, -0.2899999999999999800, 0.3499999999999999778 ) ) ;
#3235 = CARTESIAN_POINT ( 'NONE',  ( -1.540000000000000036, 0.2899999999999999800, 0.1300000000000000044 ) ) ;
#3236 = ORIENTED_EDGE ( 'NONE', *, *, #645, .T. ) ;
#3237 = TOROIDAL_SURFACE ( 'NONE', #301, 0.02000000000000000042, 0.01000000000000000021 ) ;
#3238 = CARTESIAN_POINT ( 'NONE',  ( -0.8399999999999999689, 0.0000000000000000000, 0.3600000000000000977 ) ) ;
#3239 = ADVANCED_BREP_SHAPE_REPRESENTATION ( '0F71EAF6-A601-4EAE-8126-FC8568C9DE97', ( #640, #414 ), #824 ) ;
#3240 = DIRECTION ( 'NONE',  ( -0.0000000000000000000, -0.0000000000000000000, -1.000000000000000000 ) ) ;
#3241 = FACE_OUTER_BOUND ( 'NONE', #2496, .T. ) ;
#3242 = CARTESIAN_POINT ( 'NONE',  ( 0.4496690026908816140, -0.2960826189956032306, 0.0000000000000000000 ) ) ;
#3243 = CARTESIAN_POINT ( 'NONE',  ( -1.540000000000000036, -0.2899999999999999245, -0.01000000000000000021 ) ) ;
#3244 = CARTESIAN_POINT ( 'NONE',  ( -1.302719174319667550, -0.3014481602856488029, -0.004812220883547548358 ) ) ;
#3245 = ORIENTED_EDGE ( 'NONE', *, *, #3088, .T. ) ;
#3246 = AXIS2_PLACEMENT_3D ( 'NONE', #1121, #2517, #376 ) ;
#3247 = DIRECTION ( 'NONE',  ( 0.0000000000000000000, -1.000000000000000000, 0.0000000000000000000 ) ) ;
#3248 = ORIENTED_EDGE ( 'NONE', *, *, #446, .T. ) ;
#3249 = DIRECTION ( 'NONE',  ( -0.0000000000000000000, -0.0000000000000000000, -1.000000000000000000 ) ) ;
#3250 = CARTESIAN_POINT ( 'NONE',  ( 1.000000000000000000, 1.224646799147353207E-16, 0.4948538210470819765 ) ) ;
#3251 = DIRECTION ( 'NONE',  ( 1.224646799147353207E-16, 1.000000000000000000, -0.0000000000000000000 ) ) ;
#3252 = PRODUCT_RELATED_PRODUCT_CATEGORY ( 'part', '', ( #1415 ) ) ;
#3253 = VERTEX_POINT ( 'NONE', #720 ) ;
#3254 = VECTOR ( 'NONE', #1919, 1000.000000000000000 ) ;
#3255 = DIRECTION ( 'NONE',  ( 9.637352644315598694E-16, 1.000000000000000000, 0.0000000000000000000 ) ) ;
#3256 = LINE ( 'NONE', #2117, #3295 ) ;
#3257 = DIRECTION ( 'NONE',  ( 0.0000000000000000000, 0.0000000000000000000, -1.000000000000000000 ) ) ;
#3258 = EDGE_CURVE ( 'NONE', #231, #2798, #2708, .T. ) ;
#3259 = AXIS2_PLACEMENT_3D ( 'NONE', #2833, #2759, #228 ) ;
#3260 = PRESENTATION_STYLE_ASSIGNMENT (( #985 ) ) ;
#3261 = PRESENTATION_LAYER_ASSIGNMENT (  '', '', ( #266 ) ) ;
#3262 = CARTESIAN_POINT ( 'NONE',  ( -1.302641415914550738, -0.3022233270866688803, -0.003697891597559367464 ) ) ;
#3263 = ADVANCED_FACE ( 'NONE', ( #2935 ), #3494, .F. ) ;
#3264 = ORIENTED_EDGE ( 'NONE', *, *, #2673, .F. ) ;
#3265 = ORIENTED_EDGE ( 'NONE', *, *, #830, .T. ) ;
#3266 = AXIS2_PLACEMENT_3D ( 'NONE', #2049, #2540, #1480 ) ;
#3267 = DIRECTION ( 'NONE',  ( 1.000000000000000000, 0.0000000000000000000, 0.0000000000000000000 ) ) ;
#3268 = VERTEX_POINT ( 'NONE', #1631 ) ;
#3269 = AXIS2_PLACEMENT_3D ( 'NONE', #1016, #2131, #3255 ) ;
#3270 = LINE ( 'NONE', #1646, #2358 ) ;
#3271 = DIRECTION ( 'NONE',  ( -1.000000000000000000, 0.0000000000000000000, 0.0000000000000000000 ) ) ;
#3272 = EDGE_LOOP ( 'NONE', ( #872, #1607, #2305, #548 ) ) ;
#3273 = DIRECTION ( 'NONE',  ( -0.0000000000000000000, -0.0000000000000000000, -1.000000000000000000 ) ) ;
#3274 = DIRECTION ( 'NONE',  ( 1.000000000000000000, 1.032573497605242347E-16, 0.0000000000000000000 ) ) ;
#3275 = ADVANCED_FACE ( 'NONE', ( #3078, #3569 ), #2503, .T. ) ;
#3276 = ORIENTED_EDGE ( 'NONE', *, *, #1015, .T. ) ;
#3277 = DIRECTION ( 'NONE',  ( 1.000000000000000000, 0.0000000000000000000, 0.0000000000000000000 ) ) ;
#3278 = CARTESIAN_POINT ( 'NONE',  ( 1.050000000000000044, 1.050000000000000044, 0.3499999999999999778 ) ) ;
#3279 = EDGE_CURVE ( 'NONE', #1439, #1025, #472, .T. ) ;
#3280 = EDGE_CURVE ( 'NONE', #1471, #1479, #3346, .T. ) ;
#3281 = ORIENTED_EDGE ( 'NONE', *, *, #1515, .F. ) ;
#3282 = EDGE_LOOP ( 'NONE', ( #1547, #3081, #3193, #2560 ) ) ;
#3283 = DIRECTION ( 'NONE',  ( 0.0000000000000000000, 0.0000000000000000000, 1.000000000000000000 ) ) ;
#3284 = VERTEX_POINT ( 'NONE', #1128 ) ;
#3285 = EDGE_CURVE ( 'NONE', #763, #87, #2290, .T. ) ;
#3286 = ORIENTED_EDGE ( 'NONE', *, *, #1465, .T. ) ;
#3287 = CARTESIAN_POINT ( 'NONE',  ( -1.299999999999999822, -1.050000000000000266, 0.3499999999999999778 ) ) ;
#3288 = SURFACE_STYLE_FILL_AREA ( #1625 ) ;
#3289 = LINE ( 'NONE', #3585, #2807 ) ;
#3290 = ORIENTED_EDGE ( 'NONE', *, *, #3285, .T. ) ;
#3291 = DIRECTION ( 'NONE',  ( -9.637352644315598694E-16, -1.000000000000000000, 0.0000000000000000000 ) ) ;
#3292 = DIRECTION ( 'NONE',  ( -1.000000000000000000, -1.224646799147343346E-16, 0.0000000000000000000 ) ) ;
#3293 = CARTESIAN_POINT ( 'NONE',  ( -1.050000000000000044, 1.289999999999999813, 0.3399999999999999689 ) ) ;
#3294 = CIRCLE ( 'NONE', #1720, 0.2400000000000001854 ) ;
#3295 = VECTOR ( 'NONE', #3240, 1000.000000000000000 ) ;
#3296 = ORIENTED_EDGE ( 'NONE', *, *, #1515, .T. ) ;
#3297 = DIRECTION ( 'NONE',  ( -1.000000000000000000, 0.0000000000000000000, 0.0000000000000000000 ) ) ;
#3298 = CYLINDRICAL_SURFACE ( 'NONE', #555, 0.01000000000000002623 ) ;
#3299 = ORIENTED_EDGE ( 'NONE', *, *, #591, .T. ) ;
#3300 = DIRECTION ( 'NONE',  ( -0.0000000000000000000, 1.000000000000000000, -0.0000000000000000000 ) ) ;
#3301 = CARTESIAN_POINT ( 'NONE',  ( 0.8399999999999999689, 1.028703311283776635E-16, 0.3600000000000000977 ) ) ;
#3302 = EDGE_CURVE ( 'NONE', #3576, #2939, #2169, .T. ) ;
#3303 = ORIENTED_EDGE ( 'NONE', *, *, #2031, .F. ) ;
#3304 = ORIENTED_EDGE ( 'NONE', *, *, #406, .F. ) ;
#3305 = AXIS2_PLACEMENT_3D ( 'NONE', #3172, #657, #80 ) ;
#3306 = DIRECTION ( 'NONE',  ( -0.0000000000000000000, 0.0000000000000000000, 1.000000000000000000 ) ) ;
#3307 = CARTESIAN_POINT ( 'NONE',  ( 1.000000000000000000, 1.224646799147353207E-16, 1.250000000000000000 ) ) ;
#3308 = EDGE_LOOP ( 'NONE', ( #1990, #1904, #568, #3160, #2339 ) ) ;
#3309 = CARTESIAN_POINT ( 'NONE',  ( 0.8899999999999999023, -1.489999999999999991, 0.1300000000000000044 ) ) ;
#3310 = ORIENTED_EDGE ( 'NONE', *, *, #45, .F. ) ;
#3311 = AXIS2_PLACEMENT_3D ( 'NONE', #3593, #1693, #854 ) ;
#3312 = DIRECTION ( 'NONE',  ( -1.000000000000000000, 0.0000000000000000000, 0.0000000000000000000 ) ) ;
#3313 = CARTESIAN_POINT ( 'NONE',  ( 0.9539875641020415520, 0.2998461731327100033, 0.4817472479142798636 ) ) ;
#3314 = CIRCLE ( 'NONE', #3607, 0.9970710678118654968 ) ;
#3315 = DIRECTION ( 'NONE',  ( -1.000000000000000000, 0.0000000000000000000, 0.0000000000000000000 ) ) ;
#3316 = EDGE_LOOP ( 'NONE', ( #3304, #3065, #1229, #1684 ) ) ;
#3317 = CARTESIAN_POINT ( 'NONE',  ( 0.0000000000000000000, 0.0000000000000000000, 1.250000000000000000 ) ) ;
#3318 = CARTESIAN_POINT ( 'NONE',  ( 0.0000000000000000000, 0.0000000000000000000, 1.250000000000000000 ) ) ;
#3319 = DIRECTION ( 'NONE',  ( 9.637352644315598694E-16, -1.000000000000000000, 0.0000000000000000000 ) ) ;
#3320 = AXIS2_PLACEMENT_3D ( 'NONE', #2594, #873, #1999 ) ;
#3321 = ORIENTED_EDGE ( 'NONE', *, *, #189, .F. ) ;
#3322 = DIRECTION ( 'NONE',  ( -1.000000000000000000, -1.224646799147355426E-16, 0.0000000000000000000 ) ) ;
#3323 = CIRCLE ( 'NONE', #3146, 0.9958123819371909047 ) ;
#3324 = ORIENTED_EDGE ( 'NONE', *, *, #1429, .F. ) ;
#3325 = ADVANCED_FACE ( 'NONE', ( #558 ), #482, .T. ) ;
#3326 = CARTESIAN_POINT ( 'NONE',  ( -0.9899999999999999911, 0.0000000000000000000, 0.7051461789529179791 ) ) ;
#3327 =( LENGTH_UNIT ( ) NAMED_UNIT ( * ) SI_UNIT ( .MILLI., .METRE. ) );
#3328 = PRESENTATION_LAYER_ASSIGNMENT (  '', '', ( #2321 ) ) ;
#3329 = ORIENTED_EDGE ( 'NONE', *, *, #1847, .F. ) ;
#3330 = COLOUR_RGB ( '',0.9686274509803921573, 0.8784313725490195957, 0.5999999999999999778 ) ;
#3331 = AXIS2_PLACEMENT_3D ( 'NONE', #1027, #492, #2196 ) ;
#3332 = VECTOR ( 'NONE', #537, 1000.000000000000000 ) ;
#3333 = CARTESIAN_POINT ( 'NONE',  ( -1.300000000000000044, 0.2999999999999999334, 0.3499999999999999778 ) ) ;
#3334 = CARTESIAN_POINT ( 'NONE',  ( 0.9899999999999999911, 1.212400331155879702E-16, 0.4948538210470819765 ) ) ;
#3335 = CARTESIAN_POINT ( 'NONE',  ( -0.8900000000000003464, -1.050000000000000044, -0.01000000000000000021 ) ) ;
#3336 = AXIS2_PLACEMENT_3D ( 'NONE', #1247, #1802, #2376 ) ;
#3337 = ORIENTED_EDGE ( 'NONE', *, *, #3302, .F. ) ;
#3338 = DIRECTION ( 'NONE',  ( 1.000000000000000000, 9.637352644315598694E-16, 0.0000000000000000000 ) ) ;
#3339 = CARTESIAN_POINT ( 'NONE',  ( 1.300000000000000266, 1.050000000000000044, 0.3399999999999999689 ) ) ;
#3340 = DIRECTION ( 'NONE',  ( -1.000000000000000000, 0.0000000000000000000, 0.0000000000000000000 ) ) ;
#3341 = EDGE_LOOP ( 'NONE', ( #529, #3520, #3362, #3125, #2165, #520 ) ) ;
#3342 = DIRECTION ( 'NONE',  ( -0.0000000000000000000, -0.0000000000000000000, -1.000000000000000000 ) ) ;
#3343 = ORIENTED_EDGE ( 'NONE', *, *, #61, .F. ) ;
#3344 = EDGE_CURVE ( 'NONE', #576, #3197, #1628, .T. ) ;
#3345 = DIRECTION ( 'NONE',  ( -0.0000000000000000000, -0.0000000000000000000, -1.000000000000000000 ) ) ;
#3346 = LINE ( 'NONE', #3024, #1362 ) ;
#3347 = DIRECTION ( 'NONE',  ( 1.000000000000000000, 0.0000000000000000000, 0.0000000000000000000 ) ) ;
#3348 = EDGE_CURVE ( 'NONE', #2901, #2431, #3023, .T. ) ;
#3349 = STYLED_ITEM ( 'NONE', ( #3058 ), #3239 ) ;
#3350 = VERTEX_POINT ( 'NONE', #1417 ) ;
#3351 = LINE ( 'NONE', #3611, #1156 ) ;
#3352 = DIRECTION ( 'NONE',  ( 9.637352644315598694E-16, -1.000000000000000000, 0.0000000000000000000 ) ) ;
#3353 = DIRECTION ( 'NONE',  ( -0.0000000000000000000, -0.0000000000000000000, -1.000000000000000000 ) ) ;
#3354 = EDGE_LOOP ( 'NONE', ( #822, #3492, #552, #2524 ) ) ;
#3355 = EDGE_CURVE ( 'NONE', #3603, #3473, #879, .T. ) ;
#3356 = VECTOR ( 'NONE', #2845, 1000.000000000000000 ) ;
#3357 = ORIENTED_EDGE ( 'NONE', *, *, #2469, .T. ) ;
#3358 = ORIENTED_EDGE ( 'NONE', *, *, #2996, .T. ) ;
#3359 = FACE_OUTER_BOUND ( 'NONE', #939, .T. ) ;
#3360 = ORIENTED_EDGE ( 'NONE', *, *, #1125, .F. ) ;
#3361 = FACE_OUTER_BOUND ( 'NONE', #1323, .T. ) ;
#3362 = ORIENTED_EDGE ( 'NONE', *, *, #1560, .F. ) ;
#3363 = UNCERTAINTY_MEASURE_WITH_UNIT (LENGTH_MEASURE( 1.000000000000000082E-05 ), #1462, 'distance_accuracy_value', 'NONE');
#3364 = DIRECTION ( 'NONE',  ( 0.0000000000000000000, 1.000000000000000000, 0.0000000000000000000 ) ) ;
#3365 = DIRECTION ( 'NONE',  ( -1.000000000000000000, 0.0000000000000000000, 0.0000000000000000000 ) ) ;
#3366 = CARTESIAN_POINT ( 'NONE',  ( 0.9000000000000000222, 1.500000000000000000, -0.01000000000000000021 ) ) ;
#3367 = TOROIDAL_SURFACE ( 'NONE', #1962, 0.2400000000000002132, 0.01000000000000000021 ) ;
#3368 = VECTOR ( 'NONE', #2333, 1000.000000000000000 ) ;
#3369 = ORIENTED_EDGE ( 'NONE', *, *, #2087, .F. ) ;
#3370 = CARTESIAN_POINT ( 'NONE',  ( 1.540000000000000036, -0.2999999999999999889, 0.3399999999999999689 ) ) ;
#3371 = EDGE_CURVE ( 'NONE', #3482, #3404, #1062, .T. ) ;
#3372 = FILL_AREA_STYLE ('',( #2509 ) ) ;
#3373 = DIRECTION ( 'NONE',  ( 0.0000000000000000000, 0.0000000000000000000, 1.000000000000000000 ) ) ;
#3374 = ORIENTED_EDGE ( 'NONE', *, *, #812, .F. ) ;
#3375 = B_SPLINE_CURVE_WITH_KNOTS ( 'NONE', 3,
 ( #1023, #2121, #1546, #1596, #2671, #710, #3575, #2393, #2953, #3227, #3262, #135, #2650, #467, #3244, #744 ),
 .UNSPECIFIED., .F., .F.,
 ( 4, 3, 3, 3, 3, 4 ),
 ( 0.0000000000000000000, 2.804750280371310314E-06, 5.573341109629273067E-06, 8.817545829710270985E-06, 1.017356764559389603E-05, 1.082201951129766013E-05 ),
 .UNSPECIFIED. ) ;
#3376 = DIRECTION ( 'NONE',  ( -1.224646799147353207E-16, 1.000000000000000000, 0.0000000000000000000 ) ) ;
#3377 = ADVANCED_FACE ( 'NONE', ( #2280 ), #347, .F. ) ;
#3378 = ORIENTED_EDGE ( 'NONE', *, *, #2996, .F. ) ;
#3379 = DIRECTION ( 'NONE',  ( 1.000000000000000000, 0.0000000000000000000, 0.0000000000000000000 ) ) ;
#3380 = PRESENTATION_STYLE_ASSIGNMENT (( #2257 ) ) ;
#3381 = ORIENTED_EDGE ( 'NONE', *, *, #3394, .F. ) ;
#3382 = AXIS2_PLACEMENT_3D ( 'NONE', #441, #1589, #387 ) ;
#3383 = LINE ( 'NONE', #365, #2483 ) ;
#3384 = CARTESIAN_POINT ( 'NONE',  ( 0.9570266453970860399, -0.2899999999999999800, 0.4899999999999999911 ) ) ;
#3385 = FACE_OUTER_BOUND ( 'NONE', #437, .T. ) ;
#3386 = AXIS2_PLACEMENT_3D ( 'NONE', #1212, #1989, #1967 ) ;
#3387 = AXIS2_PLACEMENT_3D ( 'NONE', #794, #3587, #1330 ) ;
#3388 = AXIS2_PLACEMENT_3D ( 'NONE', #2735, #1344, #2760 ) ;
#3389 = ORIENTED_EDGE ( 'NONE', *, *, #3144, .T. ) ;
#3390 = LINE ( 'NONE', #299, #3147 ) ;
#3391 = CARTESIAN_POINT ( 'NONE',  ( 1.300000000000000266, -1.050000000000000044, 0.0000000000000000000 ) ) ;
#3392 = CARTESIAN_POINT ( 'NONE',  ( 0.9000000000000000222, 1.489999999999999991, -0.01000000000000000021 ) ) ;
#3393 = VERTEX_POINT ( 'NONE', #1722 ) ;
#3394 = EDGE_CURVE ( 'NONE', #474, #925, #3119, .T. ) ;
#3395 = EDGE_CURVE ( 'NONE', #3091, #1732, #1181, .T. ) ;
#3396 = ORIENTED_EDGE ( 'NONE', *, *, #1215, .F. ) ;
#3397 = VERTEX_POINT ( 'NONE', #2045 ) ;
#3398 = PRESENTATION_STYLE_ASSIGNMENT (( #3124 ) ) ;
#3399 = ORIENTED_EDGE ( 'NONE', *, *, #2158, .F. ) ;
#3400 = EDGE_CURVE ( 'NONE', #2501, #2211, #3231, .T. ) ;
#3401 = DIRECTION ( 'NONE',  ( -0.0000000000000000000, -0.0000000000000000000, -1.000000000000000000 ) ) ;
#3402 = CARTESIAN_POINT ( 'NONE',  ( 1.290000000000000036, 1.050000000000000044, 0.3399999999999999689 ) ) ;
#3403 = CARTESIAN_POINT ( 'NONE',  ( 1.000000000000000000, 1.224646799147353207E-16, 0.7051461789529179791 ) ) ;
#3404 = VERTEX_POINT ( 'NONE', #650 ) ;
#3405 = CARTESIAN_POINT ( 'NONE',  ( 1.300000000000000266, 1.050000000000000044, 0.3499999999999999778 ) ) ;
#3406 = CARTESIAN_POINT ( 'NONE',  ( 0.4499999999999999001, 0.2999999999999999889, -0.01000000000000000021 ) ) ;
#3407 = ORIENTED_EDGE ( 'NONE', *, *, #39, .F. ) ;
#3408 = AXIS2_PLACEMENT_3D ( 'NONE', #732, #2126, #2982 ) ;
#3409 = ORIENTED_EDGE ( 'NONE', *, *, #1609, .T. ) ;
#3410 = DIRECTION ( 'NONE',  ( -1.000000000000000000, 0.0000000000000000000, -0.0000000000000000000 ) ) ;
#3411 = VECTOR ( 'NONE', #1134, 1000.000000000000000 ) ;
#3412 = ORIENTED_EDGE ( 'NONE', *, *, #1465, .F. ) ;
#3413 = ORIENTED_EDGE ( 'NONE', *, *, #1956, .T. ) ;
#3414 = VERTEX_POINT ( 'NONE', #2311 ) ;
#3415 = DIRECTION ( 'NONE',  ( 0.0000000000000000000, 1.000000000000000000, 0.0000000000000000000 ) ) ;
#3416 = ADVANCED_FACE ( 'NONE', ( #2840 ), #3162, .T. ) ;
#3417 = CARTESIAN_POINT ( 'NONE',  ( 0.9000000000000003553, -1.050000000000000044, -0.01000000000000000021 ) ) ;
#3418 = DIRECTION ( 'NONE',  ( 1.000000000000000000, 0.0000000000000000000, 0.0000000000000000000 ) ) ;
#3419 = EDGE_LOOP ( 'NONE', ( #162, #1437, #3121, #2239 ) ) ;
#3420 = CARTESIAN_POINT ( 'NONE',  ( -1.540000000000000036, -0.2899999999999999800, 0.1300000000000000044 ) ) ;
#3421 = CARTESIAN_POINT ( 'NONE',  ( 0.8900000000000001243, 1.310000000000000275, 0.1300000000000000044 ) ) ;
#3422 = VECTOR ( 'NONE', #1030, 1000.000000000000000 ) ;
#3423 = LINE ( 'NONE', #1206, #727 ) ;
#3424 = ORIENTED_EDGE ( 'NONE', *, *, #3594, .T. ) ;
#3425 = TOROIDAL_SURFACE ( 'NONE', #1317, 0.8399999999999999689, 0.01000000000000000021 ) ;
#3426 = CARTESIAN_POINT ( 'NONE',  ( -1.300000000000000266, 1.050000000000000044, 0.3499999999999999778 ) ) ;
#3427 = ORIENTED_EDGE ( 'NONE', *, *, #2087, .T. ) ;
#3428 = CIRCLE ( 'NONE', #264, 0.01000000000000002623 ) ;
#3429 = EDGE_LOOP ( 'NONE', ( #1231, #1538, #1056, #839 ) ) ;
#3430 = EDGE_CURVE ( 'NONE', #384, #368, #233, .T. ) ;
#3431 = SURFACE_STYLE_FILL_AREA ( #2310 ) ;
#3432 = CARTESIAN_POINT ( 'NONE',  ( -0.8899999999999999023, 1.500000000000000000, 0.1300000000000000044 ) ) ;
#3433 = CARTESIAN_POINT ( 'NONE',  ( -1.050000000000000044, -1.050000000000000044, 0.3399999999999999689 ) ) ;
#3434 = CIRCLE ( 'NONE', #1854, 0.01000000000000002623 ) ;
#3435 = EDGE_CURVE ( 'NONE', #1690, #1618, #3194, .T. ) ;
#3436 = ADVANCED_FACE ( 'NONE', ( #2296 ), #881, .T. ) ;
#3437 = ORIENTED_EDGE ( 'NONE', *, *, #110, .F. ) ;
#3438 = CIRCLE ( 'NONE', #1861, 0.01000000000000002623 ) ;
#3439 = DIRECTION ( 'NONE',  ( 1.000000000000000000, -0.0000000000000000000, -0.0000000000000000000 ) ) ;
#3440 = FACE_OUTER_BOUND ( 'NONE', #1159, .T. ) ;
#3441 = DIRECTION ( 'NONE',  ( -1.000000000000000000, 0.0000000000000000000, 0.0000000000000000000 ) ) ;
#3442 = MECHANICAL_DESIGN_GEOMETRIC_PRESENTATION_REPRESENTATION (  '', ( #1276 ), #3152 ) ;
#3443 = EDGE_CURVE ( 'NONE', #407, #2011, #2009, .T. ) ;
#3444 =( NAMED_UNIT ( * ) SI_UNIT ( $, .STERADIAN. ) SOLID_ANGLE_UNIT ( ) );
#3445 = CARTESIAN_POINT ( 'NONE',  ( 0.0000000000000000000, 0.0000000000000000000, 0.4948538210470819765 ) ) ;
#3446 = CIRCLE ( 'NONE', #1459, 0.01000000000000002623 ) ;
#3447 = VERTEX_POINT ( 'NONE', #2588 ) ;
#3448 = DIRECTION ( 'NONE',  ( 1.032573497605242347E-16, -1.000000000000000000, 0.0000000000000000000 ) ) ;
#3449 = FACE_OUTER_BOUND ( 'NONE', #2032, .T. ) ;
#3450 = ORIENTED_EDGE ( 'NONE', *, *, #1809, .T. ) ;
#3451 = CARTESIAN_POINT ( 'NONE',  ( -1.290000000000000036, 1.050000000000000044, 0.3499999999999999778 ) ) ;
#3452 = CARTESIAN_POINT ( 'NONE',  ( 0.9543736354501795027, -0.2986158309365908314, 0.4851860724396201419 ) ) ;
#3453 = FACE_OUTER_BOUND ( 'NONE', #2561, .T. ) ;
#3454 = EDGE_CURVE ( 'NONE', #907, #2237, #514, .T. ) ;
#3455 = VERTEX_POINT ( 'NONE', #52 ) ;
#3456 = CARTESIAN_POINT ( 'NONE',  ( 0.4499999999999999001, 0.2999999999999999889, -0.01000000000000000021 ) ) ;
#3457 = DIRECTION ( 'NONE',  ( -1.000000000000000000, 0.0000000000000000000, 0.0000000000000000000 ) ) ;
#3458 = CARTESIAN_POINT ( 'NONE',  ( -0.8599999999999999867, 1.053196247266723768E-16, 1.239999999999999991 ) ) ;
#3459 = ADVANCED_FACE ( 'NONE', ( #1198 ), #70, .T. ) ;
#3460 = AXIS2_PLACEMENT_3D ( 'NONE', #1463, #2327, #90 ) ;
#3461 = CARTESIAN_POINT ( 'NONE',  ( 1.050000000000000044, 1.300000000000000266, 0.3499999999999999778 ) ) ;
#3462 = EDGE_CURVE ( 'NONE', #515, #2179, #961, .T. ) ;
#3463 = ORIENTED_EDGE ( 'NONE', *, *, #3430, .T. ) ;
#3464 = DIRECTION ( 'NONE',  ( 1.000000000000000000, 0.0000000000000000000, 0.0000000000000000000 ) ) ;
#3465 = ORIENTED_EDGE ( 'NONE', *, *, #2180, .T. ) ;
#3466 = CARTESIAN_POINT ( 'NONE',  ( 1.550000000000000044, 0.2958578643762689864, 0.3441421356237309159 ) ) ;
#3467 = EDGE_LOOP ( 'NONE', ( #1172, #2657, #2843, #33 ) ) ;
#3468 = VECTOR ( 'NONE', #885, 1000.000000000000000 ) ;
#3469 = CYLINDRICAL_SURFACE ( 'NONE', #375, 0.01000000000000000021 ) ;
#3470 = CARTESIAN_POINT ( 'NONE',  ( 0.0000000000000000000, 0.0000000000000000000, 0.5029911557591489890 ) ) ;
#3471 = CARTESIAN_POINT ( 'NONE',  ( -1.550000000000000266, 0.2999999999999999889, -0.01000000000000000021 ) ) ;
#3472 = ADVANCED_FACE ( 'NONE', ( #2385 ), #3584, .T. ) ;
#3473 = VERTEX_POINT ( 'NONE', #3250 ) ;
#3474 = LINE ( 'NONE', #2389, #1520 ) ;
#3475 = DIRECTION ( 'NONE',  ( -0.0000000000000000000, -0.0000000000000000000, 1.000000000000000000 ) ) ;
#3476 = CARTESIAN_POINT ( 'NONE',  ( -1.302679491681490775, -0.3013397459621555696, -0.004999999999999993165 ) ) ;
#3477 = AXIS2_PLACEMENT_3D ( 'NONE', #3627, #1111, #1951 ) ;
#3478 = DIRECTION ( 'NONE',  ( -1.000000000000000000, 0.0000000000000000000, 0.0000000000000000000 ) ) ;
#3479 = DIRECTION ( 'NONE',  ( -0.0000000000000000000, -0.0000000000000000000, -1.000000000000000000 ) ) ;
#3480 = CIRCLE ( 'NONE', #1082, 0.01000000000000000021 ) ;
#3481 = EDGE_CURVE ( 'NONE', #2276, #285, #1895, .T. ) ;
#3482 = VERTEX_POINT ( 'NONE', #3540 ) ;
#3483 = FACE_OUTER_BOUND ( 'NONE', #2255, .T. ) ;
#3484 = ORIENTED_EDGE ( 'NONE', *, *, #2858, .F. ) ;
#3485 = CARTESIAN_POINT ( 'NONE',  ( 0.9000000000000003553, 1.040000000000000036, -0.01000000000000000021 ) ) ;
#3486 = ORIENTED_EDGE ( 'NONE', *, *, #3628, .F. ) ;
#3487 = AXIS2_PLACEMENT_3D ( 'NONE', #3293, #1129, #2242 ) ;
#3488 = AXIS2_PLACEMENT_3D ( 'NONE', #1642, #3376, #3072 ) ;
#3489 = DIRECTION ( 'NONE',  ( 0.0000000000000000000, 1.000000000000000000, 0.0000000000000000000 ) ) ;
#3490 = DIRECTION ( 'NONE',  ( -1.000000000000000000, 0.0000000000000000000, 0.0000000000000000000 ) ) ;
#3491 = CARTESIAN_POINT ( 'NONE',  ( 0.9258578643762689353, 0.0000000000000000000, 1.250000000000000000 ) ) ;
#3492 = ORIENTED_EDGE ( 'NONE', *, *, #1304, .F. ) ;
#3493 = DIRECTION ( 'NONE',  ( -1.000000000000000000, 0.0000000000000000000, 0.0000000000000000000 ) ) ;
#3494 = CYLINDRICAL_SURFACE ( 'NONE', #1074, 0.01000000000000002623 ) ;
#3495 = FACE_OUTER_BOUND ( 'NONE', #3214, .T. ) ;
#3496 = CIRCLE ( 'NONE', #1695, 0.01000000000000002623 ) ;
#3497 = CARTESIAN_POINT ( 'NONE',  ( 0.0000000000000000000, -0.2899999999999999800, 0.0000000000000000000 ) ) ;
#3498 = CYLINDRICAL_SURFACE ( 'NONE', #1454, 0.9299999999999998268 ) ;
#3499 = FACE_OUTER_BOUND ( 'NONE', #2181, .T. ) ;
#3500 = AXIS2_PLACEMENT_3D ( 'NONE', #1390, #2499, #534 ) ;
#3501 = ADVANCED_FACE ( 'NONE', ( #160 ), #1306, .F. ) ;
#3502 = AXIS2_PLACEMENT_3D ( 'NONE', #2941, #1513, #3198 ) ;
#3503 = VERTEX_POINT ( 'NONE', #716 ) ;
#3504 = CARTESIAN_POINT ( 'NONE',  ( -0.9000000000000002442, 1.310000000000000053, 0.1400000000000000133 ) ) ;
#3505 = ORIENTED_EDGE ( 'NONE', *, *, #1604, .F. ) ;
#3506 = DIRECTION ( 'NONE',  ( 0.0000000000000000000, 0.0000000000000000000, -1.000000000000000000 ) ) ;
#3507 = AXIS2_PLACEMENT_3D ( 'NONE', #2350, #2690, #165 ) ;
#3508 = ORIENTED_EDGE ( 'NONE', *, *, #1671, .F. ) ;
#3509 = DIRECTION ( 'NONE',  ( 1.000000000000000000, -0.0000000000000000000, -0.0000000000000000000 ) ) ;
#3510 = PLANE ( 'NONE',  #3519 ) ;
#3511 = DIRECTION ( 'NONE',  ( -1.000000000000000000, 0.0000000000000000000, 0.0000000000000000000 ) ) ;
#3512 = LINE ( 'NONE', #1842, #2039 ) ;
#3513 = DIRECTION ( 'NONE',  ( -1.000000000000000000, 0.0000000000000000000, 0.0000000000000000000 ) ) ;
#3514 = CARTESIAN_POINT ( 'NONE',  ( 0.4471190200713613949, -0.3019026382112034446, 0.0000000000000000000 ) ) ;
#3515 = FACE_OUTER_BOUND ( 'NONE', #826, .T. ) ;
#3516 = DIRECTION ( 'NONE',  ( 0.0000000000000000000, 0.0000000000000000000, 1.000000000000000000 ) ) ;
#3517 = ORIENTED_EDGE ( 'NONE', *, *, #2858, .T. ) ;
#3518 = FACE_OUTER_BOUND ( 'NONE', #734, .T. ) ;
#3519 = AXIS2_PLACEMENT_3D ( 'NONE', #1810, #2401, #2062 ) ;
#3520 = ORIENTED_EDGE ( 'NONE', *, *, #609, .T. ) ;
#3521 = EDGE_CURVE ( 'NONE', #1403, #1289, #1475, .T. ) ;
#3522 = CARTESIAN_POINT ( 'NONE',  ( 1.000000000000000000, 1.224646799147353207E-16, 1.250000000000000000 ) ) ;
#3523 = LINE ( 'NONE', #126, #1595 ) ;
#3524 = CARTESIAN_POINT ( 'NONE',  ( 0.9000000000000000222, 1.500000000000000000, 0.1299999999999999489 ) ) ;
#3525 = ORIENTED_EDGE ( 'NONE', *, *, #3594, .F. ) ;
#3526 = FACE_OUTER_BOUND ( 'NONE', #1645, .T. ) ;
#3527 = CYLINDRICAL_SURFACE ( 'NONE', #2645, 1.000000000000000000 ) ;
#3528 = CARTESIAN_POINT ( 'NONE',  ( 0.0000000000000000000, 0.0000000000000000000, -0.01000000000000000021 ) ) ;
#3529 =( NAMED_UNIT ( * ) SI_UNIT ( $, .STERADIAN. ) SOLID_ANGLE_UNIT ( ) );
#3530 = CARTESIAN_POINT ( 'NONE',  ( -0.2500000000000000000, 0.0000000000000000000, 0.3600000000000000977 ) ) ;
#3531 = DIRECTION ( 'NONE',  ( -0.0000000000000000000, -0.0000000000000000000, -1.000000000000000000 ) ) ;
#3532 = CIRCLE ( 'NONE', #2897, 0.2500000000000001110 ) ;
#3533 = ORIENTED_EDGE ( 'NONE', *, *, #3621, .F. ) ;
#3534 = AXIS2_PLACEMENT_3D ( 'NONE', #173, #789, #807 ) ;
#3535 = CYLINDRICAL_SURFACE ( 'NONE', #3331, 0.01000000000000002623 ) ;
#3536 = EDGE_LOOP ( 'NONE', ( #3381, #271, #1852, #560 ) ) ;
#3537 = AXIS2_PLACEMENT_3D ( 'NONE', #2542, #779, #3052 ) ;
#3538 = VECTOR ( 'NONE', #2384, 1000.000000000000000 ) ;
#3539 = DIRECTION ( 'NONE',  ( 9.637352644315598694E-16, -1.000000000000000000, 0.0000000000000000000 ) ) ;
#3540 = CARTESIAN_POINT ( 'NONE',  ( 1.300000000000000266, -1.050000000000000044, 0.3399999999999999689 ) ) ;
#3541 = LINE ( 'NONE', #3471, #2266 ) ;
#3542 = AXIS2_PLACEMENT_3D ( 'NONE', #1360, #1903, #2468 ) ;
#3543 = ORIENTED_EDGE ( 'NONE', *, *, #1010, .T. ) ;
#3544 = ADVANCED_FACE ( 'NONE', ( #2365 ), #2700, .T. ) ;
#3545 = DIRECTION ( 'NONE',  ( -1.000000000000000000, 0.0000000000000000000, 0.0000000000000000000 ) ) ;
#3546 = CARTESIAN_POINT ( 'NONE',  ( -1.050000000000000044, -1.050000000000000044, 0.3499999999999999778 ) ) ;
#3547 = DIRECTION ( 'NONE',  ( -0.0000000000000000000, 0.0000000000000000000, -1.000000000000000000 ) ) ;
#3548 = MECHANICAL_DESIGN_GEOMETRIC_PRESENTATION_REPRESENTATION (  '', ( #266 ), #2088 ) ;
#3549 = EDGE_CURVE ( 'NONE', #454, #811, #3523, .T. ) ;
#3550 = DIRECTION ( 'NONE',  ( -1.000000000000000000, 0.0000000000000000000, 0.0000000000000000000 ) ) ;
#3551 = AXIS2_PLACEMENT_3D ( 'NONE', #2525, #5, #1656 ) ;
#3552 = CARTESIAN_POINT ( 'NONE',  ( -0.9000000000000003553, 1.040000000000000036, -0.01000000000000000021 ) ) ;
#3553 = CARTESIAN_POINT ( 'NONE',  ( 0.2500000000000000000, 3.061616997868383018E-17, 0.3600000000000000977 ) ) ;
#3554 = ADVANCED_FACE ( 'NONE', ( #1291 ), #683, .F. ) ;
#3555 = EDGE_LOOP ( 'NONE', ( #2016, #20, #2598, #2922 ) ) ;
#3556 = VECTOR ( 'NONE', #1553, 1000.000000000000000 ) ;
#3557 = CIRCLE ( 'NONE', #2916, 1.000000000000000000 ) ;
#3558 = ORIENTED_EDGE ( 'NONE', *, *, #1648, .F. ) ;
#3559 = CARTESIAN_POINT ( 'NONE',  ( -1.049999999999999600, -1.290000000000000036, 0.3499999999999999778 ) ) ;
#3560 = VERTEX_POINT ( 'NONE', #3234 ) ;
#3561 = STYLED_ITEM ( 'NONE', ( #2705 ), #640 ) ;
#3562 = ORIENTED_EDGE ( 'NONE', *, *, #569, .F. ) ;
#3563 = DIRECTION ( 'NONE',  ( -1.000000000000000000, 0.0000000000000000000, -0.0000000000000000000 ) ) ;
#3564 = DIRECTION ( 'NONE',  ( 0.0000000000000000000, 1.000000000000000000, 0.0000000000000000000 ) ) ;
#3565 = DIRECTION ( 'NONE',  ( -1.000000000000000000, 0.0000000000000000000, 0.0000000000000000000 ) ) ;
#3566 = ORIENTED_EDGE ( 'NONE', *, *, #3107, .T. ) ;
#3567 = CARTESIAN_POINT ( 'NONE',  ( 0.9000000000000000222, -1.489999999999999991, 0.0000000000000000000 ) ) ;
#3568 = ADVANCED_FACE ( 'NONE', ( #1856 ), #3510, .T. ) ;
#3569 = FACE_OUTER_BOUND ( 'NONE', #1045, .T. ) ;
#3570 = CARTESIAN_POINT ( 'NONE',  ( 1.300000000000000266, 0.2999999999999999889, 0.3399999999999999689 ) ) ;
#3571 = ORIENTED_EDGE ( 'NONE', *, *, #17, .T. ) ;
#3572 = CARTESIAN_POINT ( 'NONE',  ( 0.8899999999999999023, -1.489999999999999991, 0.0000000000000000000 ) ) ;
#3573 = ADVANCED_FACE ( 'NONE', ( #2908 ), #1252, .T. ) ;
#3574 = CARTESIAN_POINT ( 'NONE',  ( -0.9000000000000000222, 1.489999999999999991, 0.1300000000000000044 ) ) ;
#3575 = CARTESIAN_POINT ( 'NONE',  ( -1.301312200325090762, -0.3048429701622814014, -0.001432325605618480846 ) ) ;
#3576 = VERTEX_POINT ( 'NONE', #956 ) ;
#3577 = ORIENTED_EDGE ( 'NONE', *, *, #3597, .T. ) ;
#3578 = EDGE_CURVE ( 'NONE', #2237, #1289, #440, .T. ) ;
#3579 = DIRECTION ( 'NONE',  ( -0.0000000000000000000, -0.0000000000000000000, 1.000000000000000000 ) ) ;
#3580 = ORIENTED_EDGE ( 'NONE', *, *, #2550, .T. ) ;
#3581 = ORIENTED_EDGE ( 'NONE', *, *, #39, .T. ) ;
#3582 = CARTESIAN_POINT ( 'NONE',  ( -1.050000000000000044, 1.300000000000000044, 0.3499999999999999778 ) ) ;
#3583 =( NAMED_UNIT ( * ) SI_UNIT ( $, .STERADIAN. ) SOLID_ANGLE_UNIT ( ) );
#3584 = CONICAL_SURFACE ( 'NONE', #761, 1.000000000000000000, 0.7853981633974482790 ) ;
#3585 = CARTESIAN_POINT ( 'NONE',  ( 1.540000000000000036, 0.2999999999999999889, 0.3399999999999999689 ) ) ;
#3586 = ORIENTED_EDGE ( 'NONE', *, *, #3462, .F. ) ;
#3587 = DIRECTION ( 'NONE',  ( 1.032573497605242347E-16, -1.000000000000000000, 0.0000000000000000000 ) ) ;
#3588 = CARTESIAN_POINT ( 'NONE',  ( 0.9570266453970860399, 0.2899999999999999800, 0.4899999999999999911 ) ) ;
#3589 = CARTESIAN_POINT ( 'NONE',  ( 0.4499999999999999001, -0.2926794919243111970, -3.388131789017201356E-18 ) ) ;
#3590 = ORIENTED_EDGE ( 'NONE', *, *, #2199, .T. ) ;
#3591 = CARTESIAN_POINT ( 'NONE',  ( 0.9000000000000003553, 1.050000000000000044, -0.01000000000000000021 ) ) ;
#3592 = CARTESIAN_POINT ( 'NONE',  ( 0.9000000000000003553, -1.050000000000000044, 0.1300000000000000044 ) ) ;
#3593 = CARTESIAN_POINT ( 'NONE',  ( 0.9000000000000000222, -1.489999999999999991, 0.1300000000000000044 ) ) ;
#3594 = EDGE_CURVE ( 'NONE', #1345, #2292, #709, .T. ) ;
#3595 = DIRECTION ( 'NONE',  ( 0.0000000000000000000, 0.0000000000000000000, 1.000000000000000000 ) ) ;
#3596 = CYLINDRICAL_SURFACE ( 'NONE', #276, 0.01000000000000002623 ) ;
#3597 = EDGE_CURVE ( 'NONE', #2064, #3603, #1771, .T. ) ;
#3598 = ORIENTED_EDGE ( 'NONE', *, *, #2579, .T. ) ;
#3599 = AXIS2_PLACEMENT_3D ( 'NONE', #2741, #3074, #475 ) ;
#3600 = CARTESIAN_POINT ( 'NONE',  ( 0.9000000000000003553, -1.050000000000000044, 0.0000000000000000000 ) ) ;
#3601 =( LENGTH_UNIT ( ) NAMED_UNIT ( * ) SI_UNIT ( .MILLI., .METRE. ) );
#3602 = FACE_OUTER_BOUND ( 'NONE', #2465, .T. ) ;
#3603 = VERTEX_POINT ( 'NONE', #1348 ) ;
#3604 = CIRCLE ( 'NONE', #843, 0.8599999999999999867 ) ;
#3605 = DIRECTION ( 'NONE',  ( -1.000000000000000000, -0.0000000000000000000, -0.0000000000000000000 ) ) ;
#3606 = CARTESIAN_POINT ( 'NONE',  ( 0.4401721134806136360, -0.3012788642225553981, -0.005105450266240701453 ) ) ;
#3607 = AXIS2_PLACEMENT_3D ( 'NONE', #3117, #1240, #887 ) ;
#3608 = DIRECTION ( 'NONE',  ( 0.0000000000000000000, 0.0000000000000000000, -1.000000000000000000 ) ) ;
#3609 = VECTOR ( 'NONE', #3, 1000.000000000000000 ) ;
#3610 = EDGE_LOOP ( 'NONE', ( #2643, #846, #1613, #2894, #1786, #3581 ) ) ;
#3611 = CARTESIAN_POINT ( 'NONE',  ( 0.9299999999999998268, 0.0000000000000000000, 0.6500000000000000222 ) ) ;
#3612 = CYLINDRICAL_SURFACE ( 'NONE', #190, 0.01000000000000002623 ) ;
#3613 = CIRCLE ( 'NONE', #3488, 0.01000000000000002623 ) ;
#3614 = LINE ( 'NONE', #840, #2970 ) ;
#3615 = ADVANCED_FACE ( 'NONE', ( #2720 ), #518, .T. ) ;
#3616 = DIRECTION ( 'NONE',  ( 0.0000000000000000000, 0.0000000000000000000, -1.000000000000000000 ) ) ;
#3617 = VECTOR ( 'NONE', #145, 1000.000000000000000 ) ;
#3618 = VECTOR ( 'NONE', #3439, 1000.000000000000000 ) ;
#3619 = ORIENTED_EDGE ( 'NONE', *, *, #1809, .F. ) ;
#3620 = CARTESIAN_POINT ( 'NONE',  ( 0.9100000000000002531, 1.310000000000000275, 0.1300000000000000044 ) ) ;
#3621 = EDGE_CURVE ( 'NONE', #1876, #1293, #171, .T. ) ;
#3622 = FACE_OUTER_BOUND ( 'NONE', #3049, .T. ) ;
#3623 = PRESENTATION_LAYER_ASSIGNMENT (  '', '', ( #1276 ) ) ;
#3624 = ORIENTED_EDGE ( 'NONE', *, *, #17, .F. ) ;
#3625 = UNCERTAINTY_MEASURE_WITH_UNIT (LENGTH_MEASURE( 1.000000000000000082E-05 ), #3601, 'distance_accuracy_value', 'NONE');
#3626 = MECHANICAL_DESIGN_GEOMETRIC_PRESENTATION_REPRESENTATION (  '', ( #2620 ), #1577 ) ;
#3627 = CARTESIAN_POINT ( 'NONE',  ( 0.4499999999999999001, -0.2999999999999999889, -0.01000000000000000021 ) ) ;
#3628 = EDGE_CURVE ( 'NONE', #2307, #2095, #2200, .T. ) ;
#3629 = CARTESIAN_POINT ( 'NONE',  ( 0.4493660917401524069, -0.2936439659187417006, -0.01000000000000000021 ) ) ;
#3630 = CARTESIAN_POINT ( 'NONE',  ( 1.550000000000000266, 0.2899999999999999800, 0.3399999999999999689 ) ) ;
#3631 = TOROIDAL_SURFACE ( 'NONE', #1283, 0.9899999999999999911, 0.01000000000000000021 ) ;
#3632 = EDGE_LOOP ( 'NONE', ( #1078, #1894, #2111, #3378 ) ) ;
#3633 = DIRECTION ( 'NONE',  ( -1.000000000000000000, -0.0000000000000000000, -0.0000000000000000000 ) ) ;
#3634 = DIRECTION ( 'NONE',  ( -1.000000000000000000, 0.0000000000000000000, 0.0000000000000000000 ) ) ;
#3635 = VERTEX_POINT ( 'NONE', #1325 ) ;
#3636 = CARTESIAN_POINT ( 'NONE',  ( -1.000000000000000000, 0.0000000000000000000, 0.3500000000000000333 ) ) ;
#3637 = ORIENTED_EDGE ( 'NONE', *, *, #2353, .F. ) ;
#3638 = FACE_OUTER_BOUND ( 'NONE', #806, .T. ) ;
#3639 = FACE_OUTER_BOUND ( 'NONE', #622, .T. ) ;
#3640 = ORIENTED_EDGE ( 'NONE', *, *, #3641, .T. ) ;
#3641 = EDGE_CURVE ( 'NONE', #241, #327, #1237, .T. ) ;
ENDSEC;
END-ISO-10303-21;
