ISO-10303-21;
HEADER;
FILE_DESCRIPTION(('STEP AP214'),'1');
FILE_NAME('53398-0371.stp','2025-05-24T02:36:19',('TraceParts'),('TraceParts S.A.'),'Spatial InterOp 3D',' ',' ');
FILE_SCHEMA(('AUTOMOTIVE_DESIGN { 1 0 10303 214 1 1 1 1 }'));
ENDSEC;
DATA;
#1=PRODUCT_DEFINITION_CONTEXT('',#10,'design');
#2=APPLICATION_PROTOCOL_DEFINITION('INTERNATIONAL STANDARD','automotive_design',1994,#10);
#3=PRODUCT_CATEGORY_RELATIONSHIP('NONE','NONE',#11,#12);
#4=SHAPE_DEFINITION_REPRESENTATION(#13,#14);
#5=SHAPE_DEFINITION_REPRESENTATION(#13,#15);
#6= (GEOMETRIC_REPRESENTATION_CONTEXT(3)GLOBAL_UNCERTAINTY_ASSIGNED_CONTEXT((#18))GLOBAL_UNIT_ASSIGNED_CONTEXT((#20,#21,#22))REPRESENTATION_CONTEXT('NONE','WORKSPACE'));
#10=APPLICATION_CONTEXT(' ');
#11=PRODUCT_CATEGORY('part','NONE');
#12=PRODUCT_RELATED_PRODUCT_CATEGORY('detail',' ',(#24));
#13=PRODUCT_DEFINITION_SHAPE('NONE','NONE',#25);
#14=ADVANCED_BREP_SHAPE_REPRESENTATION('533980371',(#26,#27),#6);
#15=GEOMETRICALLY_BOUNDED_SURFACE_SHAPE_REPRESENTATION('1',(#28,#29),#6);
#18=UNCERTAINTY_MEASURE_WITH_UNIT(LENGTH_MEASURE(1.0E-06),#20,'','');
#20= (CONVERSION_BASED_UNIT('MILLIMETRE',#32)LENGTH_UNIT()NAMED_UNIT(#35));
#21= (NAMED_UNIT(#37)PLANE_ANGLE_UNIT()SI_UNIT($,.RADIAN.));
#22= (NAMED_UNIT(#37)SOLID_ANGLE_UNIT()SI_UNIT($,.STERADIAN.));
#24=PRODUCT('533980371','533980371','PART-533980371-DESC',(#43));
#25=PRODUCT_DEFINITION('','NONE',#44,#1);
#26=BREP_WITH_VOIDS('533980371',#45,(#46,#47));
#27=AXIS2_PLACEMENT_3D('',#48,#49,#50);
#28=GEOMETRIC_SET('1',(#51,#52,#53,#54,#55,#56));
#29=AXIS2_PLACEMENT_3D('',#57,#58,#59);
#32=LENGTH_MEASURE_WITH_UNIT(LENGTH_MEASURE(1.0),#60);
#35=DIMENSIONAL_EXPONENTS(1.0,0.0,0.0,0.0,0.0,0.0,0.0);
#37=DIMENSIONAL_EXPONENTS(0.0,0.0,0.0,0.0,0.0,0.0,0.0);
#43=PRODUCT_CONTEXT('',#10,'mechanical');
#44=PRODUCT_DEFINITION_FORMATION_WITH_SPECIFIED_SOURCE(' ','NONE',#24,.NOT_KNOWN.);
#45=CLOSED_SHELL('',(#61,#62,#63,#64,#65,#66,#67,#68,#69,#70,#71,#72,#73,#74,#75,#76,#77,#78,#79,#80,#81,#82,#83,#84,#85,#86,#87,#88,#89,#90,#91,#92,#93,#94,#95,#96,#97,#98,#99,#100,#101,#102,#103,#104,#105,#106,#107,#108,#109,#110,#111,#112,#113,#114,#115,#116,#117,#118,#119,#120,#121,#122,#123,#124,#125,#126,#127,#128,#129,#130,#131,#132,#133,#134,#135,#136,#137,#138,#139,#140,#141,#142,#143,#144,#145,#146,#147,#148,#149,#150,#151,#152,#153,#154,#155,#156,#157,#158,#159,#160,#161,#162,#163,#164,#165,#166,#167,#168,#169,#170,#171,#172,#173,#174,#175,#176,#177,#178,#179,#180,#181,#182,#183,#184,#185,#186,#187,#188,#189,#190,#191,#192,#193,#194,#195,#196,#197,#198,#199,#200,#201,#202,#203,#204,#205,#206,#207,#208,#209,#210,#211,#212,#213,#214,#215,#216,#217,#218,#219,#220,#221,#222,#223,#224,#225,#226,#227,#228,#229,#230,#231,#232,#233,#234,#235,#236,#237,#238,#239,#240,#241,#242,#243,#244,#245,#246,#247,#248,#249,#250,#251,#252,#253,#254,#255,#256,#257,#258,#259,#260,#261,#262,#263,#264,#265,#266,#267,#268,#269,#270,#271,#272,#273,#274,#275,#276));
#46=ORIENTED_CLOSED_SHELL('',*,#277,.T.);
#47=ORIENTED_CLOSED_SHELL('',*,#278,.T.);
#48=CARTESIAN_POINT('',(0.0,0.0,0.0));
#49=DIRECTION('',(0.0,0.0,1.0));
#50=DIRECTION('',(1.0,0.0,0.0));
#51=COMPOSITE_CURVE('533980371',(#279,#280,#281,#282),.U.);
#52=COMPOSITE_CURVE('533980371',(#283,#284,#285,#286),.U.);
#53=COMPOSITE_CURVE('533980371',(#287,#288,#289,#290),.U.);
#54=COMPOSITE_CURVE('533980371',(#291,#292,#293,#294),.U.);
#55=COMPOSITE_CURVE('533980371',(#295,#296,#297,#298),.U.);
#56=COMPOSITE_CURVE('533980371',(#299,#300,#301,#302,#303,#304,#305),.U.);
#57=CARTESIAN_POINT('',(0.0,0.0,0.0));
#58=DIRECTION('',(0.0,0.0,1.0));
#59=DIRECTION('',(1.0,0.0,0.0));
#60= (NAMED_UNIT(#35)LENGTH_UNIT()SI_UNIT(.MILLI.,.METRE.));
#61=ADVANCED_FACE('',(#307),#308,.T.);
#62=ADVANCED_FACE('',(#309),#310,.T.);
#63=ADVANCED_FACE('',(#311,#312,#313,#314),#315,.T.);
#64=ADVANCED_FACE('',(#316),#317,.F.);
#65=ADVANCED_FACE('',(#318),#319,.F.);
#66=ADVANCED_FACE('',(#320),#321,.F.);
#67=ADVANCED_FACE('',(#322),#323,.F.);
#68=ADVANCED_FACE('',(#324),#325,.T.);
#69=ADVANCED_FACE('',(#326),#327,.T.);
#70=ADVANCED_FACE('',(#328),#329,.F.);
#71=ADVANCED_FACE('',(#330),#331,.T.);
#72=ADVANCED_FACE('',(#332),#333,.T.);
#73=ADVANCED_FACE('',(#334),#335,.F.);
#74=ADVANCED_FACE('',(#336),#337,.F.);
#75=ADVANCED_FACE('',(#338),#339,.F.);
#76=ADVANCED_FACE('',(#340,#341,#342,#343,#344),#345,.T.);
#77=ADVANCED_FACE('',(#346),#347,.T.);
#78=ADVANCED_FACE('',(#348),#349,.T.);
#79=ADVANCED_FACE('',(#350),#351,.T.);
#80=ADVANCED_FACE('',(#352),#353,.T.);
#81=ADVANCED_FACE('',(#354),#355,.T.);
#82=ADVANCED_FACE('',(#356),#357,.F.);
#83=ADVANCED_FACE('',(#358),#359,.F.);
#84=ADVANCED_FACE('',(#360),#361,.T.);
#85=ADVANCED_FACE('',(#362),#363,.F.);
#86=ADVANCED_FACE('',(#364),#365,.F.);
#87=ADVANCED_FACE('',(#366),#367,.F.);
#88=ADVANCED_FACE('',(#368),#369,.T.);
#89=ADVANCED_FACE('',(#370),#371,.T.);
#90=ADVANCED_FACE('',(#372),#373,.T.);
#91=ADVANCED_FACE('',(#374),#375,.T.);
#92=ADVANCED_FACE('',(#376),#377,.T.);
#93=ADVANCED_FACE('',(#378),#379,.T.);
#94=ADVANCED_FACE('',(#380),#381,.F.);
#95=ADVANCED_FACE('',(#382),#383,.F.);
#96=ADVANCED_FACE('',(#384),#385,.T.);
#97=ADVANCED_FACE('',(#386),#387,.T.);
#98=ADVANCED_FACE('',(#388),#389,.T.);
#99=ADVANCED_FACE('',(#390),#391,.F.);
#100=ADVANCED_FACE('',(#392),#393,.T.);
#101=ADVANCED_FACE('',(#394),#395,.T.);
#102=ADVANCED_FACE('',(#396),#397,.T.);
#103=ADVANCED_FACE('',(#398),#399,.T.);
#104=ADVANCED_FACE('',(#400),#401,.T.);
#105=ADVANCED_FACE('',(#402),#403,.T.);
#106=ADVANCED_FACE('',(#404),#405,.T.);
#107=ADVANCED_FACE('',(#406),#407,.T.);
#108=ADVANCED_FACE('',(#408),#409,.T.);
#109=ADVANCED_FACE('',(#410),#411,.F.);
#110=ADVANCED_FACE('',(#412),#413,.F.);
#111=ADVANCED_FACE('',(#414),#415,.T.);
#112=ADVANCED_FACE('',(#416),#417,.T.);
#113=ADVANCED_FACE('',(#418),#419,.T.);
#114=ADVANCED_FACE('',(#420),#421,.T.);
#115=ADVANCED_FACE('',(#422),#423,.T.);
#116=ADVANCED_FACE('',(#424),#425,.T.);
#117=ADVANCED_FACE('',(#426),#427,.T.);
#118=ADVANCED_FACE('',(#428),#429,.T.);
#119=ADVANCED_FACE('',(#430),#431,.T.);
#120=ADVANCED_FACE('',(#432),#433,.F.);
#121=ADVANCED_FACE('',(#434),#435,.T.);
#122=ADVANCED_FACE('',(#436),#437,.F.);
#123=ADVANCED_FACE('',(#438),#439,.T.);
#124=ADVANCED_FACE('',(#440),#441,.T.);
#125=ADVANCED_FACE('',(#442),#443,.T.);
#126=ADVANCED_FACE('',(#444),#445,.T.);
#127=ADVANCED_FACE('',(#446),#447,.T.);
#128=ADVANCED_FACE('',(#448),#449,.T.);
#129=ADVANCED_FACE('',(#450),#451,.T.);
#130=ADVANCED_FACE('',(#452),#453,.T.);
#131=ADVANCED_FACE('',(#454),#455,.T.);
#132=ADVANCED_FACE('',(#456),#457,.T.);
#133=ADVANCED_FACE('',(#458),#459,.T.);
#134=ADVANCED_FACE('',(#460),#461,.T.);
#135=ADVANCED_FACE('',(#462),#463,.T.);
#136=ADVANCED_FACE('',(#464),#465,.F.);
#137=ADVANCED_FACE('',(#466),#467,.T.);
#138=ADVANCED_FACE('',(#468),#469,.T.);
#139=ADVANCED_FACE('',(#470),#471,.T.);
#140=ADVANCED_FACE('',(#472),#473,.F.);
#141=ADVANCED_FACE('',(#474),#475,.F.);
#142=ADVANCED_FACE('',(#476),#477,.F.);
#143=ADVANCED_FACE('',(#478),#479,.T.);
#144=ADVANCED_FACE('',(#480),#481,.T.);
#145=ADVANCED_FACE('',(#482),#483,.T.);
#146=ADVANCED_FACE('',(#484),#485,.F.);
#147=ADVANCED_FACE('',(#486),#487,.T.);
#148=ADVANCED_FACE('',(#488),#489,.T.);
#149=ADVANCED_FACE('',(#490),#491,.T.);
#150=ADVANCED_FACE('',(#492),#493,.T.);
#151=ADVANCED_FACE('',(#494),#495,.T.);
#152=ADVANCED_FACE('',(#496),#497,.T.);
#153=ADVANCED_FACE('',(#498),#499,.F.);
#154=ADVANCED_FACE('',(#500),#501,.F.);
#155=ADVANCED_FACE('',(#502),#503,.T.);
#156=ADVANCED_FACE('',(#504),#505,.T.);
#157=ADVANCED_FACE('',(#506),#507,.F.);
#158=ADVANCED_FACE('',(#508),#509,.F.);
#159=ADVANCED_FACE('',(#510),#511,.F.);
#160=ADVANCED_FACE('',(#512),#513,.F.);
#161=ADVANCED_FACE('',(#514),#515,.F.);
#162=ADVANCED_FACE('',(#516),#517,.F.);
#163=ADVANCED_FACE('',(#518),#519,.F.);
#164=ADVANCED_FACE('',(#520),#521,.T.);
#165=ADVANCED_FACE('',(#522),#523,.F.);
#166=ADVANCED_FACE('',(#524,#525),#526,.F.);
#167=ADVANCED_FACE('',(#527),#528,.F.);
#168=ADVANCED_FACE('',(#529),#530,.F.);
#169=ADVANCED_FACE('',(#531),#532,.F.);
#170=ADVANCED_FACE('',(#533),#534,.F.);
#171=ADVANCED_FACE('',(#535),#536,.F.);
#172=ADVANCED_FACE('',(#537),#538,.F.);
#173=ADVANCED_FACE('',(#539,#540),#541,.F.);
#174=ADVANCED_FACE('',(#542),#543,.F.);
#175=ADVANCED_FACE('',(#544),#545,.T.);
#176=ADVANCED_FACE('',(#546),#547,.T.);
#177=ADVANCED_FACE('',(#548),#549,.F.);
#178=ADVANCED_FACE('',(#550),#551,.T.);
#179=ADVANCED_FACE('',(#552),#553,.T.);
#180=ADVANCED_FACE('',(#554),#555,.T.);
#181=ADVANCED_FACE('',(#556),#557,.T.);
#182=ADVANCED_FACE('',(#558),#559,.T.);
#183=ADVANCED_FACE('',(#560),#561,.T.);
#184=ADVANCED_FACE('',(#562),#563,.T.);
#185=ADVANCED_FACE('',(#564),#565,.T.);
#186=ADVANCED_FACE('',(#566),#567,.F.);
#187=ADVANCED_FACE('',(#568),#569,.F.);
#188=ADVANCED_FACE('',(#570),#571,.F.);
#189=ADVANCED_FACE('',(#572),#573,.F.);
#190=ADVANCED_FACE('',(#574),#575,.F.);
#191=ADVANCED_FACE('',(#576),#577,.F.);
#192=ADVANCED_FACE('',(#578,#579),#580,.F.);
#193=ADVANCED_FACE('',(#581),#582,.F.);
#194=ADVANCED_FACE('',(#583),#584,.T.);
#195=ADVANCED_FACE('',(#585),#586,.T.);
#196=ADVANCED_FACE('',(#587),#588,.F.);
#197=ADVANCED_FACE('',(#589),#590,.T.);
#198=ADVANCED_FACE('',(#591),#592,.T.);
#199=ADVANCED_FACE('',(#593),#594,.T.);
#200=ADVANCED_FACE('',(#595),#596,.T.);
#201=ADVANCED_FACE('',(#597),#598,.T.);
#202=ADVANCED_FACE('',(#599),#600,.T.);
#203=ADVANCED_FACE('',(#601),#602,.T.);
#204=ADVANCED_FACE('',(#603),#604,.T.);
#205=ADVANCED_FACE('',(#605),#606,.T.);
#206=ADVANCED_FACE('',(#607),#608,.T.);
#207=ADVANCED_FACE('',(#609),#610,.F.);
#208=ADVANCED_FACE('',(#611),#612,.T.);
#209=ADVANCED_FACE('',(#613),#614,.T.);
#210=ADVANCED_FACE('',(#615),#616,.T.);
#211=ADVANCED_FACE('',(#617),#618,.T.);
#212=ADVANCED_FACE('',(#619),#620,.T.);
#213=ADVANCED_FACE('',(#621),#622,.T.);
#214=ADVANCED_FACE('',(#623),#624,.T.);
#215=ADVANCED_FACE('',(#625),#626,.T.);
#216=ADVANCED_FACE('',(#627),#628,.F.);
#217=ADVANCED_FACE('',(#629),#630,.F.);
#218=ADVANCED_FACE('',(#631),#632,.F.);
#219=ADVANCED_FACE('',(#633),#634,.F.);
#220=ADVANCED_FACE('',(#635),#636,.F.);
#221=ADVANCED_FACE('',(#637),#638,.F.);
#222=ADVANCED_FACE('',(#639),#640,.F.);
#223=ADVANCED_FACE('',(#641),#642,.F.);
#224=ADVANCED_FACE('',(#643),#644,.F.);
#225=ADVANCED_FACE('',(#645),#646,.F.);
#226=ADVANCED_FACE('',(#647),#648,.T.);
#227=ADVANCED_FACE('',(#649),#650,.T.);
#228=ADVANCED_FACE('',(#651),#652,.F.);
#229=ADVANCED_FACE('',(#653),#654,.F.);
#230=ADVANCED_FACE('',(#655),#656,.T.);
#231=ADVANCED_FACE('',(#657),#658,.F.);
#232=ADVANCED_FACE('',(#659),#660,.F.);
#233=ADVANCED_FACE('',(#661),#662,.F.);
#234=ADVANCED_FACE('',(#663),#664,.T.);
#235=ADVANCED_FACE('',(#665),#666,.F.);
#236=ADVANCED_FACE('',(#667),#668,.F.);
#237=ADVANCED_FACE('',(#669),#670,.F.);
#238=ADVANCED_FACE('',(#671),#672,.F.);
#239=ADVANCED_FACE('',(#673),#674,.T.);
#240=ADVANCED_FACE('',(#675),#676,.F.);
#241=ADVANCED_FACE('',(#677),#678,.F.);
#242=ADVANCED_FACE('',(#679),#680,.F.);
#243=ADVANCED_FACE('',(#681),#682,.F.);
#244=ADVANCED_FACE('',(#683),#684,.T.);
#245=ADVANCED_FACE('',(#685),#686,.F.);
#246=ADVANCED_FACE('',(#687),#688,.F.);
#247=ADVANCED_FACE('',(#689),#690,.F.);
#248=ADVANCED_FACE('',(#691),#692,.F.);
#249=ADVANCED_FACE('',(#693),#694,.T.);
#250=ADVANCED_FACE('',(#695),#696,.F.);
#251=ADVANCED_FACE('',(#697),#698,.F.);
#252=ADVANCED_FACE('',(#699),#700,.T.);
#253=ADVANCED_FACE('',(#701),#702,.T.);
#254=ADVANCED_FACE('',(#703),#704,.T.);
#255=ADVANCED_FACE('',(#705),#706,.T.);
#256=ADVANCED_FACE('',(#707),#708,.T.);
#257=ADVANCED_FACE('',(#709),#710,.T.);
#258=ADVANCED_FACE('',(#711),#712,.T.);
#259=ADVANCED_FACE('',(#713),#714,.T.);
#260=ADVANCED_FACE('',(#715),#716,.T.);
#261=ADVANCED_FACE('',(#717),#718,.T.);
#262=ADVANCED_FACE('',(#719),#720,.T.);
#263=ADVANCED_FACE('',(#721),#722,.T.);
#264=ADVANCED_FACE('',(#723),#724,.T.);
#265=ADVANCED_FACE('',(#725),#726,.T.);
#266=ADVANCED_FACE('',(#727),#728,.T.);
#267=ADVANCED_FACE('',(#729),#730,.T.);
#268=ADVANCED_FACE('',(#731),#732,.T.);
#269=ADVANCED_FACE('',(#733),#734,.T.);
#270=ADVANCED_FACE('',(#735),#736,.T.);
#271=ADVANCED_FACE('',(#737),#738,.T.);
#272=ADVANCED_FACE('',(#739),#740,.T.);
#273=ADVANCED_FACE('',(#741),#742,.T.);
#274=ADVANCED_FACE('',(#743),#744,.T.);
#275=ADVANCED_FACE('',(#745),#746,.T.);
#276=ADVANCED_FACE('',(#747),#748,.T.);
#277=CLOSED_SHELL('',(#749,#750,#751,#752,#753,#754));
#278=CLOSED_SHELL('',(#755,#756,#757,#758,#759,#760));
#279=COMPOSITE_CURVE_SEGMENT(.CONTINUOUS.,.T.,#761);
#280=COMPOSITE_CURVE_SEGMENT(.CONTINUOUS.,.T.,#762);
#281=COMPOSITE_CURVE_SEGMENT(.CONTINUOUS.,.T.,#763);
#282=COMPOSITE_CURVE_SEGMENT(.CONTINUOUS.,.T.,#764);
#283=COMPOSITE_CURVE_SEGMENT(.CONTINUOUS.,.T.,#765);
#284=COMPOSITE_CURVE_SEGMENT(.CONTINUOUS.,.T.,#766);
#285=COMPOSITE_CURVE_SEGMENT(.CONTINUOUS.,.T.,#767);
#286=COMPOSITE_CURVE_SEGMENT(.CONTINUOUS.,.T.,#768);
#287=COMPOSITE_CURVE_SEGMENT(.CONTINUOUS.,.T.,#769);
#288=COMPOSITE_CURVE_SEGMENT(.CONTINUOUS.,.T.,#770);
#289=COMPOSITE_CURVE_SEGMENT(.CONTINUOUS.,.T.,#771);
#290=COMPOSITE_CURVE_SEGMENT(.CONTINUOUS.,.T.,#772);
#291=COMPOSITE_CURVE_SEGMENT(.CONTINUOUS.,.T.,#773);
#292=COMPOSITE_CURVE_SEGMENT(.CONTINUOUS.,.T.,#774);
#293=COMPOSITE_CURVE_SEGMENT(.CONTINUOUS.,.T.,#775);
#294=COMPOSITE_CURVE_SEGMENT(.CONTINUOUS.,.T.,#776);
#295=COMPOSITE_CURVE_SEGMENT(.CONTINUOUS.,.T.,#777);
#296=COMPOSITE_CURVE_SEGMENT(.CONTINUOUS.,.T.,#778);
#297=COMPOSITE_CURVE_SEGMENT(.CONTINUOUS.,.T.,#779);
#298=COMPOSITE_CURVE_SEGMENT(.CONTINUOUS.,.T.,#780);
#299=COMPOSITE_CURVE_SEGMENT(.CONTINUOUS.,.T.,#781);
#300=COMPOSITE_CURVE_SEGMENT(.CONTINUOUS.,.T.,#782);
#301=COMPOSITE_CURVE_SEGMENT(.CONTINUOUS.,.T.,#783);
#302=COMPOSITE_CURVE_SEGMENT(.CONTINUOUS.,.T.,#784);
#303=COMPOSITE_CURVE_SEGMENT(.CONTINUOUS.,.T.,#785);
#304=COMPOSITE_CURVE_SEGMENT(.CONTINUOUS.,.T.,#786);
#305=COMPOSITE_CURVE_SEGMENT(.CONTINUOUS.,.T.,#787);
#307=FACE_OUTER_BOUND('',#788,.T.);
#308=PLANE('',#789);
#309=FACE_OUTER_BOUND('',#790,.T.);
#310=PLANE('',#791);
#311=FACE_OUTER_BOUND('',#792,.T.);
#312=FACE_BOUND('',#793,.T.);
#313=FACE_BOUND('',#794,.T.);
#314=FACE_BOUND('',#795,.T.);
#315=PLANE('',#796);
#316=FACE_OUTER_BOUND('',#797,.T.);
#317=PLANE('',#798);
#318=FACE_OUTER_BOUND('',#799,.T.);
#319=PLANE('',#800);
#320=FACE_OUTER_BOUND('',#801,.T.);
#321=PLANE('',#802);
#322=FACE_OUTER_BOUND('',#803,.T.);
#323=PLANE('',#804);
#324=FACE_OUTER_BOUND('',#805,.T.);
#325=PLANE('',#806);
#326=FACE_OUTER_BOUND('',#807,.T.);
#327=PLANE('',#808);
#328=FACE_OUTER_BOUND('',#809,.T.);
#329=PLANE('',#810);
#330=FACE_OUTER_BOUND('',#811,.T.);
#331=PLANE('',#812);
#332=FACE_OUTER_BOUND('',#813,.T.);
#333=PLANE('',#814);
#334=FACE_OUTER_BOUND('',#815,.T.);
#335=PLANE('',#816);
#336=FACE_OUTER_BOUND('',#817,.T.);
#337=PLANE('',#818);
#338=FACE_OUTER_BOUND('',#819,.T.);
#339=PLANE('',#820);
#340=FACE_OUTER_BOUND('',#821,.T.);
#341=FACE_BOUND('',#822,.T.);
#342=FACE_BOUND('',#823,.T.);
#343=FACE_BOUND('',#824,.T.);
#344=FACE_BOUND('',#825,.T.);
#345=PLANE('',#826);
#346=FACE_OUTER_BOUND('',#827,.T.);
#347=PLANE('',#828);
#348=FACE_OUTER_BOUND('',#829,.T.);
#349=PLANE('',#830);
#350=FACE_OUTER_BOUND('',#831,.T.);
#351=PLANE('',#832);
#352=FACE_OUTER_BOUND('',#833,.T.);
#353=PLANE('',#834);
#354=FACE_OUTER_BOUND('',#835,.T.);
#355=PLANE('',#836);
#356=FACE_OUTER_BOUND('',#837,.T.);
#357=PLANE('',#838);
#358=FACE_OUTER_BOUND('',#839,.T.);
#359=PLANE('',#840);
#360=FACE_OUTER_BOUND('',#841,.T.);
#361=PLANE('',#842);
#362=FACE_OUTER_BOUND('',#843,.T.);
#363=PLANE('',#844);
#364=FACE_OUTER_BOUND('',#845,.T.);
#365=PLANE('',#846);
#366=FACE_OUTER_BOUND('',#847,.T.);
#367=PLANE('',#848);
#368=FACE_OUTER_BOUND('',#849,.T.);
#369=PLANE('',#850);
#370=FACE_OUTER_BOUND('',#851,.T.);
#371=PLANE('',#852);
#372=FACE_OUTER_BOUND('',#853,.T.);
#373=PLANE('',#854);
#374=FACE_OUTER_BOUND('',#855,.T.);
#375=PLANE('',#856);
#376=FACE_OUTER_BOUND('',#857,.T.);
#377=PLANE('',#858);
#378=FACE_OUTER_BOUND('',#859,.T.);
#379=PLANE('',#860);
#380=FACE_OUTER_BOUND('',#861,.T.);
#381=PLANE('',#862);
#382=FACE_OUTER_BOUND('',#863,.T.);
#383=PLANE('',#864);
#384=FACE_OUTER_BOUND('',#865,.T.);
#385=PLANE('',#866);
#386=FACE_OUTER_BOUND('',#867,.T.);
#387=PLANE('',#868);
#388=FACE_OUTER_BOUND('',#869,.T.);
#389=PLANE('',#870);
#390=FACE_OUTER_BOUND('',#871,.T.);
#391=CYLINDRICAL_SURFACE('',#872,0.05);
#392=FACE_OUTER_BOUND('',#873,.T.);
#393=PLANE('',#874);
#394=FACE_OUTER_BOUND('',#875,.T.);
#395=PLANE('',#876);
#396=FACE_OUTER_BOUND('',#877,.T.);
#397=PLANE('',#878);
#398=FACE_OUTER_BOUND('',#879,.T.);
#399=PLANE('',#880);
#400=FACE_OUTER_BOUND('',#881,.T.);
#401=PLANE('',#882);
#402=FACE_OUTER_BOUND('',#883,.T.);
#403=PLANE('',#884);
#404=FACE_OUTER_BOUND('',#885,.T.);
#405=CYLINDRICAL_SURFACE('',#886,0.3);
#406=FACE_OUTER_BOUND('',#887,.T.);
#407=PLANE('',#888);
#408=FACE_OUTER_BOUND('',#889,.T.);
#409=PLANE('',#890);
#410=FACE_OUTER_BOUND('',#891,.T.);
#411=PLANE('',#892);
#412=FACE_OUTER_BOUND('',#893,.T.);
#413=PLANE('',#894);
#414=FACE_OUTER_BOUND('',#895,.T.);
#415=PLANE('',#896);
#416=FACE_OUTER_BOUND('',#897,.T.);
#417=PLANE('',#898);
#418=FACE_OUTER_BOUND('',#899,.T.);
#419=PLANE('',#900);
#420=FACE_OUTER_BOUND('',#901,.T.);
#421=CYLINDRICAL_SURFACE('',#902,0.3);
#422=FACE_OUTER_BOUND('',#903,.T.);
#423=PLANE('',#904);
#424=FACE_OUTER_BOUND('',#905,.T.);
#425=PLANE('',#906);
#426=FACE_OUTER_BOUND('',#907,.T.);
#427=PLANE('',#908);
#428=FACE_OUTER_BOUND('',#909,.T.);
#429=PLANE('',#910);
#430=FACE_OUTER_BOUND('',#911,.T.);
#431=PLANE('',#912);
#432=FACE_OUTER_BOUND('',#913,.T.);
#433=PLANE('',#914);
#434=FACE_OUTER_BOUND('',#915,.T.);
#435=PLANE('',#916);
#436=FACE_OUTER_BOUND('',#917,.T.);
#437=CYLINDRICAL_SURFACE('',#918,0.05);
#438=FACE_OUTER_BOUND('',#919,.T.);
#439=PLANE('',#920);
#440=FACE_OUTER_BOUND('',#921,.T.);
#441=PLANE('',#922);
#442=FACE_OUTER_BOUND('',#923,.T.);
#443=PLANE('',#924);
#444=FACE_OUTER_BOUND('',#925,.T.);
#445=PLANE('',#926);
#446=FACE_OUTER_BOUND('',#927,.T.);
#447=PLANE('',#928);
#448=FACE_OUTER_BOUND('',#929,.T.);
#449=PLANE('',#930);
#450=FACE_OUTER_BOUND('',#931,.T.);
#451=PLANE('',#932);
#452=FACE_OUTER_BOUND('',#933,.T.);
#453=PLANE('',#934);
#454=FACE_OUTER_BOUND('',#935,.T.);
#455=PLANE('',#936);
#456=FACE_OUTER_BOUND('',#937,.T.);
#457=PLANE('',#938);
#458=FACE_OUTER_BOUND('',#939,.T.);
#459=PLANE('',#940);
#460=FACE_OUTER_BOUND('',#941,.T.);
#461=PLANE('',#942);
#462=FACE_OUTER_BOUND('',#943,.T.);
#463=PLANE('',#944);
#464=FACE_OUTER_BOUND('',#945,.T.);
#465=CYLINDRICAL_SURFACE('',#946,0.05);
#466=FACE_OUTER_BOUND('',#947,.T.);
#467=PLANE('',#948);
#468=FACE_OUTER_BOUND('',#949,.T.);
#469=PLANE('',#950);
#470=FACE_OUTER_BOUND('',#951,.T.);
#471=CYLINDRICAL_SURFACE('',#952,0.3);
#472=FACE_OUTER_BOUND('',#953,.T.);
#473=PLANE('',#954);
#474=FACE_OUTER_BOUND('',#955,.T.);
#475=PLANE('',#956);
#476=FACE_OUTER_BOUND('',#957,.T.);
#477=CYLINDRICAL_SURFACE('',#958,0.05);
#478=FACE_OUTER_BOUND('',#959,.T.);
#479=PLANE('',#960);
#480=FACE_OUTER_BOUND('',#961,.T.);
#481=PLANE('',#962);
#482=FACE_OUTER_BOUND('',#963,.T.);
#483=PLANE('',#964);
#484=FACE_OUTER_BOUND('',#965,.T.);
#485=PLANE('',#966);
#486=FACE_OUTER_BOUND('',#967,.T.);
#487=PLANE('',#968);
#488=FACE_OUTER_BOUND('',#969,.T.);
#489=CYLINDRICAL_SURFACE('',#970,0.3);
#490=FACE_OUTER_BOUND('',#971,.T.);
#491=PLANE('',#972);
#492=FACE_OUTER_BOUND('',#973,.T.);
#493=PLANE('',#974);
#494=FACE_OUTER_BOUND('',#975,.T.);
#495=PLANE('',#976);
#496=FACE_OUTER_BOUND('',#977,.T.);
#497=PLANE('',#978);
#498=FACE_OUTER_BOUND('',#979,.T.);
#499=PLANE('',#980);
#500=FACE_OUTER_BOUND('',#981,.T.);
#501=PLANE('',#982);
#502=FACE_OUTER_BOUND('',#983,.T.);
#503=PLANE('',#984);
#504=FACE_OUTER_BOUND('',#985,.T.);
#505=PLANE('',#986);
#506=FACE_OUTER_BOUND('',#987,.T.);
#507=PLANE('',#988);
#508=FACE_OUTER_BOUND('',#989,.T.);
#509=PLANE('',#990);
#510=FACE_OUTER_BOUND('',#991,.T.);
#511=PLANE('',#992);
#512=FACE_OUTER_BOUND('',#993,.T.);
#513=PLANE('',#994);
#514=FACE_OUTER_BOUND('',#995,.T.);
#515=PLANE('',#996);
#516=FACE_OUTER_BOUND('',#997,.T.);
#517=PLANE('',#998);
#518=FACE_OUTER_BOUND('',#999,.T.);
#519=PLANE('',#1000);
#520=FACE_OUTER_BOUND('',#1001,.T.);
#521=PLANE('',#1002);
#522=FACE_OUTER_BOUND('',#1003,.T.);
#523=PLANE('',#1004);
#524=FACE_OUTER_BOUND('',#1005,.T.);
#525=FACE_BOUND('',#1006,.T.);
#526=PLANE('',#1007);
#527=FACE_OUTER_BOUND('',#1008,.T.);
#528=PLANE('',#1009);
#529=FACE_OUTER_BOUND('',#1010,.T.);
#530=PLANE('',#1011);
#531=FACE_OUTER_BOUND('',#1012,.T.);
#532=PLANE('',#1013);
#533=FACE_OUTER_BOUND('',#1014,.T.);
#534=PLANE('',#1015);
#535=FACE_OUTER_BOUND('',#1016,.T.);
#536=PLANE('',#1017);
#537=FACE_OUTER_BOUND('',#1018,.T.);
#538=PLANE('',#1019);
#539=FACE_OUTER_BOUND('',#1020,.T.);
#540=FACE_BOUND('',#1021,.T.);
#541=PLANE('',#1022);
#542=FACE_OUTER_BOUND('',#1023,.T.);
#543=PLANE('',#1024);
#544=FACE_OUTER_BOUND('',#1025,.T.);
#545=PLANE('',#1026);
#546=FACE_OUTER_BOUND('',#1027,.T.);
#547=PLANE('',#1028);
#548=FACE_OUTER_BOUND('',#1029,.T.);
#549=PLANE('',#1030);
#550=FACE_OUTER_BOUND('',#1031,.T.);
#551=PLANE('',#1032);
#552=FACE_OUTER_BOUND('',#1033,.T.);
#553=PLANE('',#1034);
#554=FACE_OUTER_BOUND('',#1035,.T.);
#555=PLANE('',#1036);
#556=FACE_OUTER_BOUND('',#1037,.T.);
#557=PLANE('',#1038);
#558=FACE_OUTER_BOUND('',#1039,.T.);
#559=PLANE('',#1040);
#560=FACE_OUTER_BOUND('',#1041,.T.);
#561=PLANE('',#1042);
#562=FACE_OUTER_BOUND('',#1043,.T.);
#563=PLANE('',#1044);
#564=FACE_OUTER_BOUND('',#1045,.T.);
#565=PLANE('',#1046);
#566=FACE_OUTER_BOUND('',#1047,.T.);
#567=PLANE('',#1048);
#568=FACE_OUTER_BOUND('',#1049,.T.);
#569=PLANE('',#1050);
#570=FACE_OUTER_BOUND('',#1051,.T.);
#571=PLANE('',#1052);
#572=FACE_OUTER_BOUND('',#1053,.T.);
#573=PLANE('',#1054);
#574=FACE_OUTER_BOUND('',#1055,.T.);
#575=PLANE('',#1056);
#576=FACE_OUTER_BOUND('',#1057,.T.);
#577=PLANE('',#1058);
#578=FACE_OUTER_BOUND('',#1059,.T.);
#579=FACE_BOUND('',#1060,.T.);
#580=PLANE('',#1061);
#581=FACE_OUTER_BOUND('',#1062,.T.);
#582=PLANE('',#1063);
#583=FACE_OUTER_BOUND('',#1064,.T.);
#584=PLANE('',#1065);
#585=FACE_OUTER_BOUND('',#1066,.T.);
#586=PLANE('',#1067);
#587=FACE_OUTER_BOUND('',#1068,.T.);
#588=PLANE('',#1069);
#589=FACE_OUTER_BOUND('',#1070,.T.);
#590=PLANE('',#1071);
#591=FACE_OUTER_BOUND('',#1072,.T.);
#592=PLANE('',#1073);
#593=FACE_OUTER_BOUND('',#1074,.T.);
#594=PLANE('',#1075);
#595=FACE_OUTER_BOUND('',#1076,.T.);
#596=PLANE('',#1077);
#597=FACE_OUTER_BOUND('',#1078,.T.);
#598=PLANE('',#1079);
#599=FACE_OUTER_BOUND('',#1080,.T.);
#600=PLANE('',#1081);
#601=FACE_OUTER_BOUND('',#1082,.T.);
#602=PLANE('',#1083);
#603=FACE_OUTER_BOUND('',#1084,.T.);
#604=PLANE('',#1085);
#605=FACE_OUTER_BOUND('',#1086,.T.);
#606=PLANE('',#1087);
#607=FACE_OUTER_BOUND('',#1088,.T.);
#608=PLANE('',#1089);
#609=FACE_OUTER_BOUND('',#1090,.T.);
#610=PLANE('',#1091);
#611=FACE_OUTER_BOUND('',#1092,.T.);
#612=PLANE('',#1093);
#613=FACE_OUTER_BOUND('',#1094,.T.);
#614=PLANE('',#1095);
#615=FACE_OUTER_BOUND('',#1096,.T.);
#616=PLANE('',#1097);
#617=FACE_OUTER_BOUND('',#1098,.T.);
#618=PLANE('',#1099);
#619=FACE_OUTER_BOUND('',#1100,.T.);
#620=PLANE('',#1101);
#621=FACE_OUTER_BOUND('',#1102,.T.);
#622=PLANE('',#1103);
#623=FACE_OUTER_BOUND('',#1104,.T.);
#624=PLANE('',#1105);
#625=FACE_OUTER_BOUND('',#1106,.T.);
#626=PLANE('',#1107);
#627=FACE_OUTER_BOUND('',#1108,.T.);
#628=PLANE('',#1109);
#629=FACE_OUTER_BOUND('',#1110,.T.);
#630=PLANE('',#1111);
#631=FACE_OUTER_BOUND('',#1112,.T.);
#632=PLANE('',#1113);
#633=FACE_OUTER_BOUND('',#1114,.T.);
#634=PLANE('',#1115);
#635=FACE_OUTER_BOUND('',#1116,.T.);
#636=PLANE('',#1117);
#637=FACE_OUTER_BOUND('',#1118,.T.);
#638=PLANE('',#1119);
#639=FACE_OUTER_BOUND('',#1120,.T.);
#640=PLANE('',#1121);
#641=FACE_OUTER_BOUND('',#1122,.T.);
#642=PLANE('',#1123);
#643=FACE_OUTER_BOUND('',#1124,.T.);
#644=PLANE('',#1125);
#645=FACE_OUTER_BOUND('',#1126,.T.);
#646=PLANE('',#1127);
#647=FACE_OUTER_BOUND('',#1128,.T.);
#648=PLANE('',#1129);
#649=FACE_OUTER_BOUND('',#1130,.T.);
#650=PLANE('',#1131);
#651=FACE_OUTER_BOUND('',#1132,.T.);
#652=PLANE('',#1133);
#653=FACE_OUTER_BOUND('',#1134,.T.);
#654=PLANE('',#1135);
#655=FACE_OUTER_BOUND('',#1136,.T.);
#656=PLANE('',#1137);
#657=FACE_OUTER_BOUND('',#1138,.T.);
#658=PLANE('',#1139);
#659=FACE_OUTER_BOUND('',#1140,.T.);
#660=PLANE('',#1141);
#661=FACE_OUTER_BOUND('',#1142,.T.);
#662=PLANE('',#1143);
#663=FACE_OUTER_BOUND('',#1144,.T.);
#664=PLANE('',#1145);
#665=FACE_OUTER_BOUND('',#1146,.T.);
#666=PLANE('',#1147);
#667=FACE_OUTER_BOUND('',#1148,.T.);
#668=PLANE('',#1149);
#669=FACE_OUTER_BOUND('',#1150,.T.);
#670=PLANE('',#1151);
#671=FACE_OUTER_BOUND('',#1152,.T.);
#672=PLANE('',#1153);
#673=FACE_OUTER_BOUND('',#1154,.T.);
#674=PLANE('',#1155);
#675=FACE_OUTER_BOUND('',#1156,.T.);
#676=PLANE('',#1157);
#677=FACE_OUTER_BOUND('',#1158,.T.);
#678=PLANE('',#1159);
#679=FACE_OUTER_BOUND('',#1160,.T.);
#680=PLANE('',#1161);
#681=FACE_OUTER_BOUND('',#1162,.T.);
#682=PLANE('',#1163);
#683=FACE_OUTER_BOUND('',#1164,.T.);
#684=PLANE('',#1165);
#685=FACE_OUTER_BOUND('',#1166,.T.);
#686=PLANE('',#1167);
#687=FACE_OUTER_BOUND('',#1168,.T.);
#688=PLANE('',#1169);
#689=FACE_OUTER_BOUND('',#1170,.T.);
#690=PLANE('',#1171);
#691=FACE_OUTER_BOUND('',#1172,.T.);
#692=PLANE('',#1173);
#693=FACE_OUTER_BOUND('',#1174,.T.);
#694=PLANE('',#1175);
#695=FACE_OUTER_BOUND('',#1176,.T.);
#696=PLANE('',#1177);
#697=FACE_OUTER_BOUND('',#1178,.T.);
#698=PLANE('',#1179);
#699=FACE_OUTER_BOUND('',#1180,.T.);
#700=PLANE('',#1181);
#701=FACE_OUTER_BOUND('',#1182,.T.);
#702=PLANE('',#1183);
#703=FACE_OUTER_BOUND('',#1184,.T.);
#704=PLANE('',#1185);
#705=FACE_OUTER_BOUND('',#1186,.T.);
#706=PLANE('',#1187);
#707=FACE_OUTER_BOUND('',#1188,.T.);
#708=PLANE('',#1189);
#709=FACE_OUTER_BOUND('',#1190,.T.);
#710=PLANE('',#1191);
#711=FACE_OUTER_BOUND('',#1192,.T.);
#712=PLANE('',#1193);
#713=FACE_OUTER_BOUND('',#1194,.T.);
#714=PLANE('',#1195);
#715=FACE_OUTER_BOUND('',#1196,.T.);
#716=PLANE('',#1197);
#717=FACE_OUTER_BOUND('',#1198,.T.);
#718=PLANE('',#1199);
#719=FACE_OUTER_BOUND('',#1200,.T.);
#720=PLANE('',#1201);
#721=FACE_OUTER_BOUND('',#1202,.T.);
#722=PLANE('',#1203);
#723=FACE_OUTER_BOUND('',#1204,.T.);
#724=PLANE('',#1205);
#725=FACE_OUTER_BOUND('',#1206,.T.);
#726=PLANE('',#1207);
#727=FACE_OUTER_BOUND('',#1208,.T.);
#728=PLANE('',#1209);
#729=FACE_OUTER_BOUND('',#1210,.T.);
#730=PLANE('',#1211);
#731=FACE_OUTER_BOUND('',#1212,.T.);
#732=PLANE('',#1213);
#733=FACE_OUTER_BOUND('',#1214,.T.);
#734=PLANE('',#1215);
#735=FACE_OUTER_BOUND('',#1216,.T.);
#736=PLANE('',#1217);
#737=FACE_OUTER_BOUND('',#1218,.T.);
#738=PLANE('',#1219);
#739=FACE_OUTER_BOUND('',#1220,.T.);
#740=PLANE('',#1221);
#741=FACE_OUTER_BOUND('',#1222,.T.);
#742=PLANE('',#1223);
#743=FACE_OUTER_BOUND('',#1224,.T.);
#744=PLANE('',#1225);
#745=FACE_OUTER_BOUND('',#1226,.T.);
#746=PLANE('',#1227);
#747=FACE_OUTER_BOUND('',#1228,.T.);
#748=PLANE('',#1229);
#749=ADVANCED_FACE('',(#1230),#1231,.F.);
#750=ADVANCED_FACE('',(#1232),#1233,.F.);
#751=ADVANCED_FACE('',(#1234),#1235,.F.);
#752=ADVANCED_FACE('',(#1236),#1237,.F.);
#753=ADVANCED_FACE('',(#1238),#1239,.F.);
#754=ADVANCED_FACE('',(#1240),#1241,.T.);
#755=ADVANCED_FACE('',(#1242),#1243,.F.);
#756=ADVANCED_FACE('',(#1244),#1245,.F.);
#757=ADVANCED_FACE('',(#1246),#1247,.F.);
#758=ADVANCED_FACE('',(#1248),#1249,.F.);
#759=ADVANCED_FACE('',(#1250),#1251,.F.);
#760=ADVANCED_FACE('',(#1252),#1253,.T.);
#761=TRIMMED_CURVE('',#1254,(PARAMETER_VALUE(0.0)),(PARAMETER_VALUE(1.0)),.T.,.UNSPECIFIED.);
#762=TRIMMED_CURVE('',#1255,(PARAMETER_VALUE(0.0)),(PARAMETER_VALUE(1.0)),.T.,.UNSPECIFIED.);
#763=TRIMMED_CURVE('',#1256,(PARAMETER_VALUE(0.0)),(PARAMETER_VALUE(1.0)),.T.,.UNSPECIFIED.);
#764=TRIMMED_CURVE('',#1257,(PARAMETER_VALUE(0.0)),(PARAMETER_VALUE(1.0)),.T.,.UNSPECIFIED.);
#765=TRIMMED_CURVE('',#1258,(PARAMETER_VALUE(0.0)),(PARAMETER_VALUE(1.0)),.T.,.UNSPECIFIED.);
#766=TRIMMED_CURVE('',#1259,(PARAMETER_VALUE(0.0)),(PARAMETER_VALUE(1.0)),.T.,.UNSPECIFIED.);
#767=TRIMMED_CURVE('',#1260,(PARAMETER_VALUE(0.0)),(PARAMETER_VALUE(1.0)),.T.,.UNSPECIFIED.);
#768=TRIMMED_CURVE('',#1261,(PARAMETER_VALUE(0.0)),(PARAMETER_VALUE(1.0)),.T.,.UNSPECIFIED.);
#769=TRIMMED_CURVE('',#1262,(PARAMETER_VALUE(0.0)),(PARAMETER_VALUE(1.0)),.T.,.UNSPECIFIED.);
#770=TRIMMED_CURVE('',#1263,(PARAMETER_VALUE(0.0)),(PARAMETER_VALUE(1.0)),.T.,.UNSPECIFIED.);
#771=TRIMMED_CURVE('',#1264,(PARAMETER_VALUE(0.0)),(PARAMETER_VALUE(1.0)),.T.,.UNSPECIFIED.);
#772=TRIMMED_CURVE('',#1265,(PARAMETER_VALUE(0.0)),(PARAMETER_VALUE(1.0)),.T.,.UNSPECIFIED.);
#773=TRIMMED_CURVE('',#1266,(PARAMETER_VALUE(0.0)),(PARAMETER_VALUE(1.0)),.T.,.UNSPECIFIED.);
#774=TRIMMED_CURVE('',#1267,(PARAMETER_VALUE(0.0)),(PARAMETER_VALUE(1.0)),.T.,.UNSPECIFIED.);
#775=TRIMMED_CURVE('',#1268,(PARAMETER_VALUE(0.0)),(PARAMETER_VALUE(1.0)),.T.,.UNSPECIFIED.);
#776=TRIMMED_CURVE('',#1269,(PARAMETER_VALUE(0.0)),(PARAMETER_VALUE(1.0)),.T.,.UNSPECIFIED.);
#777=TRIMMED_CURVE('',#1270,(PARAMETER_VALUE(0.0)),(PARAMETER_VALUE(1.0)),.T.,.UNSPECIFIED.);
#778=TRIMMED_CURVE('',#1271,(PARAMETER_VALUE(0.0)),(PARAMETER_VALUE(1.0)),.T.,.UNSPECIFIED.);
#779=TRIMMED_CURVE('',#1272,(PARAMETER_VALUE(0.0)),(PARAMETER_VALUE(1.0)),.T.,.UNSPECIFIED.);
#780=TRIMMED_CURVE('',#1273,(PARAMETER_VALUE(0.0)),(PARAMETER_VALUE(1.0)),.T.,.UNSPECIFIED.);
#781=TRIMMED_CURVE('',#1274,(PARAMETER_VALUE(0.0)),(PARAMETER_VALUE(1.0)),.T.,.UNSPECIFIED.);
#782=TRIMMED_CURVE('',#1275,(PARAMETER_VALUE(0.0)),(PARAMETER_VALUE(1.0)),.T.,.UNSPECIFIED.);
#783=TRIMMED_CURVE('',#1276,(PARAMETER_VALUE(0.0)),(PARAMETER_VALUE(1.0)),.T.,.UNSPECIFIED.);
#784=TRIMMED_CURVE('',#1277,(PARAMETER_VALUE(0.0)),(PARAMETER_VALUE(1.0)),.T.,.UNSPECIFIED.);
#785=TRIMMED_CURVE('',#1278,(PARAMETER_VALUE(0.0)),(PARAMETER_VALUE(1.0)),.T.,.UNSPECIFIED.);
#786=TRIMMED_CURVE('',#1279,(PARAMETER_VALUE(0.0)),(PARAMETER_VALUE(1.0)),.T.,.UNSPECIFIED.);
#787=TRIMMED_CURVE('',#1280,(PARAMETER_VALUE(0.0)),(PARAMETER_VALUE(1.0)),.T.,.UNSPECIFIED.);
#788=EDGE_LOOP('',(#1281,#1282,#1283,#1284));
#789=AXIS2_PLACEMENT_3D('',#1285,#1286,#1287);
#790=EDGE_LOOP('',(#1288,#1289,#1290,#1291));
#791=AXIS2_PLACEMENT_3D('',#1292,#1293,#1294);
#792=EDGE_LOOP('',(#1295,#1296,#1297,#1298,#1299,#1300,#1301,#1302,#1303,#1304,#1305,#1306,#1307,#1308,#1309,#1310,#1311,#1312,#1313,#1314));
#793=EDGE_LOOP('',(#1315,#1316,#1317,#1318));
#794=EDGE_LOOP('',(#1319,#1320,#1321,#1322));
#795=EDGE_LOOP('',(#1323,#1324,#1325,#1326));
#796=AXIS2_PLACEMENT_3D('',#1327,#1328,#1329);
#797=EDGE_LOOP('',(#1330,#1331,#1332,#1333));
#798=AXIS2_PLACEMENT_3D('',#1334,#1335,#1336);
#799=EDGE_LOOP('',(#1337,#1338,#1339,#1340,#1341,#1342,#1343));
#800=AXIS2_PLACEMENT_3D('',#1344,#1345,#1346);
#801=EDGE_LOOP('',(#1347,#1348,#1349,#1350));
#802=AXIS2_PLACEMENT_3D('',#1351,#1352,#1353);
#803=EDGE_LOOP('',(#1354,#1355,#1356,#1357));
#804=AXIS2_PLACEMENT_3D('',#1358,#1359,#1360);
#805=EDGE_LOOP('',(#1361,#1362,#1363,#1364,#1365,#1366,#1367,#1368));
#806=AXIS2_PLACEMENT_3D('',#1369,#1370,#1371);
#807=EDGE_LOOP('',(#1372,#1373,#1374,#1375,#1376,#1377,#1378,#1379));
#808=AXIS2_PLACEMENT_3D('',#1380,#1381,#1382);
#809=EDGE_LOOP('',(#1383,#1384,#1385,#1386,#1387));
#810=AXIS2_PLACEMENT_3D('',#1388,#1389,#1390);
#811=EDGE_LOOP('',(#1391,#1392,#1393,#1394));
#812=AXIS2_PLACEMENT_3D('',#1395,#1396,#1397);
#813=EDGE_LOOP('',(#1398,#1399,#1400,#1401));
#814=AXIS2_PLACEMENT_3D('',#1402,#1403,#1404);
#815=EDGE_LOOP('',(#1405,#1406,#1407,#1408,#1409,#1410,#1411,#1412,#1413,#1414,#1415,#1416));
#816=AXIS2_PLACEMENT_3D('',#1417,#1418,#1419);
#817=EDGE_LOOP('',(#1420,#1421,#1422,#1423));
#818=AXIS2_PLACEMENT_3D('',#1424,#1425,#1426);
#819=EDGE_LOOP('',(#1427,#1428,#1429,#1430));
#820=AXIS2_PLACEMENT_3D('',#1431,#1432,#1433);
#821=EDGE_LOOP('',(#1434,#1435,#1436,#1437,#1438,#1439,#1440,#1441,#1442,#1443,#1444,#1445,#1446,#1447,#1448,#1449,#1450,#1451,#1452,#1453,#1454,#1455,#1456,#1457,#1458,#1459,#1460,#1461,#1462,#1463,#1464,#1465,#1466,#1467,#1468,#1469,#1470,#1471,#1472,#1473,#1474,#1475,#1476,#1477,#1478,#1479,#1480,#1481,#1482,#1483));
#822=EDGE_LOOP('',(#1484,#1485,#1486,#1487));
#823=EDGE_LOOP('',(#1488,#1489,#1490,#1491));
#824=EDGE_LOOP('',(#1492,#1493,#1494,#1495));
#825=EDGE_LOOP('',(#1496,#1497,#1498,#1499));
#826=AXIS2_PLACEMENT_3D('',#1500,#1501,#1502);
#827=EDGE_LOOP('',(#1503,#1504,#1505,#1506,#1507,#1508,#1509,#1510,#1511,#1512,#1513,#1514,#1515,#1516,#1517,#1518));
#828=AXIS2_PLACEMENT_3D('',#1519,#1520,#1521);
#829=EDGE_LOOP('',(#1522,#1523,#1524,#1525,#1526));
#830=AXIS2_PLACEMENT_3D('',#1527,#1528,#1529);
#831=EDGE_LOOP('',(#1530,#1531,#1532,#1533,#1534));
#832=AXIS2_PLACEMENT_3D('',#1535,#1536,#1537);
#833=EDGE_LOOP('',(#1538,#1539,#1540,#1541));
#834=AXIS2_PLACEMENT_3D('',#1542,#1543,#1544);
#835=EDGE_LOOP('',(#1545,#1546,#1547,#1548));
#836=AXIS2_PLACEMENT_3D('',#1549,#1550,#1551);
#837=EDGE_LOOP('',(#1552,#1553,#1554,#1555));
#838=AXIS2_PLACEMENT_3D('',#1556,#1557,#1558);
#839=EDGE_LOOP('',(#1559,#1560,#1561,#1562,#1563,#1564));
#840=AXIS2_PLACEMENT_3D('',#1565,#1566,#1567);
#841=EDGE_LOOP('',(#1568,#1569,#1570,#1571));
#842=AXIS2_PLACEMENT_3D('',#1572,#1573,#1574);
#843=EDGE_LOOP('',(#1575,#1576,#1577,#1578));
#844=AXIS2_PLACEMENT_3D('',#1579,#1580,#1581);
#845=EDGE_LOOP('',(#1582,#1583,#1584,#1585,#1586));
#846=AXIS2_PLACEMENT_3D('',#1587,#1588,#1589);
#847=EDGE_LOOP('',(#1590,#1591,#1592,#1593));
#848=AXIS2_PLACEMENT_3D('',#1594,#1595,#1596);
#849=EDGE_LOOP('',(#1597,#1598,#1599,#1600,#1601,#1602,#1603,#1604,#1605,#1606,#1607,#1608,#1609,#1610,#1611,#1612));
#850=AXIS2_PLACEMENT_3D('',#1613,#1614,#1615);
#851=EDGE_LOOP('',(#1616,#1617,#1618,#1619));
#852=AXIS2_PLACEMENT_3D('',#1620,#1621,#1622);
#853=EDGE_LOOP('',(#1623,#1624,#1625,#1626));
#854=AXIS2_PLACEMENT_3D('',#1627,#1628,#1629);
#855=EDGE_LOOP('',(#1630,#1631,#1632,#1633));
#856=AXIS2_PLACEMENT_3D('',#1634,#1635,#1636);
#857=EDGE_LOOP('',(#1637,#1638,#1639,#1640));
#858=AXIS2_PLACEMENT_3D('',#1641,#1642,#1643);
#859=EDGE_LOOP('',(#1644,#1645,#1646,#1647,#1648,#1649,#1650,#1651,#1652));
#860=AXIS2_PLACEMENT_3D('',#1653,#1654,#1655);
#861=EDGE_LOOP('',(#1656,#1657,#1658,#1659,#1660,#1661,#1662,#1663));
#862=AXIS2_PLACEMENT_3D('',#1664,#1665,#1666);
#863=EDGE_LOOP('',(#1667,#1668,#1669,#1670,#1671,#1672,#1673,#1674));
#864=AXIS2_PLACEMENT_3D('',#1675,#1676,#1677);
#865=EDGE_LOOP('',(#1678,#1679,#1680,#1681));
#866=AXIS2_PLACEMENT_3D('',#1682,#1683,#1684);
#867=EDGE_LOOP('',(#1685,#1686,#1687,#1688));
#868=AXIS2_PLACEMENT_3D('',#1689,#1690,#1691);
#869=EDGE_LOOP('',(#1692,#1693,#1694,#1695,#1696));
#870=AXIS2_PLACEMENT_3D('',#1697,#1698,#1699);
#871=EDGE_LOOP('',(#1700,#1701,#1702,#1703,#1704));
#872=AXIS2_PLACEMENT_3D('',#1705,#1706,#1707);
#873=EDGE_LOOP('',(#1708,#1709,#1710,#1711,#1712));
#874=AXIS2_PLACEMENT_3D('',#1713,#1714,#1715);
#875=EDGE_LOOP('',(#1716,#1717,#1718,#1719));
#876=AXIS2_PLACEMENT_3D('',#1720,#1721,#1722);
#877=EDGE_LOOP('',(#1723,#1724,#1725,#1726));
#878=AXIS2_PLACEMENT_3D('',#1727,#1728,#1729);
#879=EDGE_LOOP('',(#1730,#1731,#1732,#1733));
#880=AXIS2_PLACEMENT_3D('',#1734,#1735,#1736);
#881=EDGE_LOOP('',(#1737,#1738,#1739,#1740,#1741));
#882=AXIS2_PLACEMENT_3D('',#1742,#1743,#1744);
#883=EDGE_LOOP('',(#1745,#1746,#1747,#1748));
#884=AXIS2_PLACEMENT_3D('',#1749,#1750,#1751);
#885=EDGE_LOOP('',(#1752,#1753,#1754,#1755,#1756,#1757));
#886=AXIS2_PLACEMENT_3D('',#1758,#1759,#1760);
#887=EDGE_LOOP('',(#1761,#1762,#1763));
#888=AXIS2_PLACEMENT_3D('',#1764,#1765,#1766);
#889=EDGE_LOOP('',(#1767,#1768,#1769));
#890=AXIS2_PLACEMENT_3D('',#1770,#1771,#1772);
#891=EDGE_LOOP('',(#1773,#1774,#1775,#1776));
#892=AXIS2_PLACEMENT_3D('',#1777,#1778,#1779);
#893=EDGE_LOOP('',(#1780,#1781,#1782,#1783));
#894=AXIS2_PLACEMENT_3D('',#1784,#1785,#1786);
#895=EDGE_LOOP('',(#1787,#1788,#1789,#1790,#1791));
#896=AXIS2_PLACEMENT_3D('',#1792,#1793,#1794);
#897=EDGE_LOOP('',(#1795,#1796,#1797,#1798));
#898=AXIS2_PLACEMENT_3D('',#1799,#1800,#1801);
#899=EDGE_LOOP('',(#1802,#1803,#1804,#1805));
#900=AXIS2_PLACEMENT_3D('',#1806,#1807,#1808);
#901=EDGE_LOOP('',(#1809,#1810,#1811,#1812));
#902=AXIS2_PLACEMENT_3D('',#1813,#1814,#1815);
#903=EDGE_LOOP('',(#1816,#1817,#1818,#1819,#1820,#1821,#1822,#1823,#1824,#1825,#1826,#1827,#1828,#1829));
#904=AXIS2_PLACEMENT_3D('',#1830,#1831,#1832);
#905=EDGE_LOOP('',(#1833,#1834,#1835,#1836,#1837,#1838,#1839,#1840,#1841,#1842,#1843,#1844,#1845,#1846));
#906=AXIS2_PLACEMENT_3D('',#1847,#1848,#1849);
#907=EDGE_LOOP('',(#1850,#1851,#1852,#1853,#1854,#1855));
#908=AXIS2_PLACEMENT_3D('',#1856,#1857,#1858);
#909=EDGE_LOOP('',(#1859,#1860,#1861,#1862));
#910=AXIS2_PLACEMENT_3D('',#1863,#1864,#1865);
#911=EDGE_LOOP('',(#1866,#1867,#1868,#1869,#1870,#1871));
#912=AXIS2_PLACEMENT_3D('',#1872,#1873,#1874);
#913=EDGE_LOOP('',(#1875,#1876,#1877,#1878));
#914=AXIS2_PLACEMENT_3D('',#1879,#1880,#1881);
#915=EDGE_LOOP('',(#1882,#1883,#1884,#1885));
#916=AXIS2_PLACEMENT_3D('',#1886,#1887,#1888);
#917=EDGE_LOOP('',(#1889,#1890,#1891,#1892));
#918=AXIS2_PLACEMENT_3D('',#1893,#1894,#1895);
#919=EDGE_LOOP('',(#1896,#1897,#1898,#1899));
#920=AXIS2_PLACEMENT_3D('',#1900,#1901,#1902);
#921=EDGE_LOOP('',(#1903,#1904,#1905,#1906));
#922=AXIS2_PLACEMENT_3D('',#1907,#1908,#1909);
#923=EDGE_LOOP('',(#1910,#1911,#1912,#1913,#1914,#1915,#1916,#1917,#1918));
#924=AXIS2_PLACEMENT_3D('',#1919,#1920,#1921);
#925=EDGE_LOOP('',(#1922,#1923,#1924,#1925));
#926=AXIS2_PLACEMENT_3D('',#1926,#1927,#1928);
#927=EDGE_LOOP('',(#1929,#1930,#1931,#1932));
#928=AXIS2_PLACEMENT_3D('',#1933,#1934,#1935);
#929=EDGE_LOOP('',(#1936,#1937,#1938));
#930=AXIS2_PLACEMENT_3D('',#1939,#1940,#1941);
#931=EDGE_LOOP('',(#1942,#1943,#1944));
#932=AXIS2_PLACEMENT_3D('',#1945,#1946,#1947);
#933=EDGE_LOOP('',(#1948,#1949,#1950,#1951,#1952));
#934=AXIS2_PLACEMENT_3D('',#1953,#1954,#1955);
#935=EDGE_LOOP('',(#1956,#1957,#1958,#1959,#1960));
#936=AXIS2_PLACEMENT_3D('',#1961,#1962,#1963);
#937=EDGE_LOOP('',(#1964,#1965,#1966,#1967));
#938=AXIS2_PLACEMENT_3D('',#1968,#1969,#1970);
#939=EDGE_LOOP('',(#1971,#1972,#1973,#1974));
#940=AXIS2_PLACEMENT_3D('',#1975,#1976,#1977);
#941=EDGE_LOOP('',(#1978,#1979,#1980,#1981));
#942=AXIS2_PLACEMENT_3D('',#1982,#1983,#1984);
#943=EDGE_LOOP('',(#1985,#1986,#1987,#1988,#1989));
#944=AXIS2_PLACEMENT_3D('',#1990,#1991,#1992);
#945=EDGE_LOOP('',(#1993,#1994,#1995,#1996,#1997));
#946=AXIS2_PLACEMENT_3D('',#1998,#1999,#2000);
#947=EDGE_LOOP('',(#2001,#2002,#2003,#2004,#2005));
#948=AXIS2_PLACEMENT_3D('',#2006,#2007,#2008);
#949=EDGE_LOOP('',(#2009,#2010,#2011,#2012));
#950=AXIS2_PLACEMENT_3D('',#2013,#2014,#2015);
#951=EDGE_LOOP('',(#2016,#2017,#2018,#2019,#2020,#2021));
#952=AXIS2_PLACEMENT_3D('',#2022,#2023,#2024);
#953=EDGE_LOOP('',(#2025,#2026,#2027,#2028));
#954=AXIS2_PLACEMENT_3D('',#2029,#2030,#2031);
#955=EDGE_LOOP('',(#2032,#2033,#2034,#2035));
#956=AXIS2_PLACEMENT_3D('',#2036,#2037,#2038);
#957=EDGE_LOOP('',(#2039,#2040,#2041,#2042));
#958=AXIS2_PLACEMENT_3D('',#2043,#2044,#2045);
#959=EDGE_LOOP('',(#2046,#2047,#2048,#2049,#2050,#2051));
#960=AXIS2_PLACEMENT_3D('',#2052,#2053,#2054);
#961=EDGE_LOOP('',(#2055,#2056,#2057,#2058));
#962=AXIS2_PLACEMENT_3D('',#2059,#2060,#2061);
#963=EDGE_LOOP('',(#2062,#2063,#2064,#2065,#2066,#2067));
#964=AXIS2_PLACEMENT_3D('',#2068,#2069,#2070);
#965=EDGE_LOOP('',(#2071,#2072,#2073,#2074));
#966=AXIS2_PLACEMENT_3D('',#2075,#2076,#2077);
#967=EDGE_LOOP('',(#2078,#2079,#2080,#2081));
#968=AXIS2_PLACEMENT_3D('',#2082,#2083,#2084);
#969=EDGE_LOOP('',(#2085,#2086,#2087,#2088));
#970=AXIS2_PLACEMENT_3D('',#2089,#2090,#2091);
#971=EDGE_LOOP('',(#2092,#2093,#2094,#2095));
#972=AXIS2_PLACEMENT_3D('',#2096,#2097,#2098);
#973=EDGE_LOOP('',(#2099,#2100,#2101,#2102));
#974=AXIS2_PLACEMENT_3D('',#2103,#2104,#2105);
#975=EDGE_LOOP('',(#2106,#2107,#2108,#2109));
#976=AXIS2_PLACEMENT_3D('',#2110,#2111,#2112);
#977=EDGE_LOOP('',(#2113,#2114,#2115,#2116));
#978=AXIS2_PLACEMENT_3D('',#2117,#2118,#2119);
#979=EDGE_LOOP('',(#2120,#2121,#2122,#2123,#2124,#2125));
#980=AXIS2_PLACEMENT_3D('',#2126,#2127,#2128);
#981=EDGE_LOOP('',(#2129,#2130,#2131,#2132,#2133,#2134));
#982=AXIS2_PLACEMENT_3D('',#2135,#2136,#2137);
#983=EDGE_LOOP('',(#2138,#2139,#2140));
#984=AXIS2_PLACEMENT_3D('',#2141,#2142,#2143);
#985=EDGE_LOOP('',(#2144,#2145,#2146));
#986=AXIS2_PLACEMENT_3D('',#2147,#2148,#2149);
#987=EDGE_LOOP('',(#2150,#2151,#2152,#2153));
#988=AXIS2_PLACEMENT_3D('',#2154,#2155,#2156);
#989=EDGE_LOOP('',(#2157,#2158,#2159,#2160));
#990=AXIS2_PLACEMENT_3D('',#2161,#2162,#2163);
#991=EDGE_LOOP('',(#2164,#2165,#2166,#2167));
#992=AXIS2_PLACEMENT_3D('',#2168,#2169,#2170);
#993=EDGE_LOOP('',(#2171,#2172,#2173,#2174));
#994=AXIS2_PLACEMENT_3D('',#2175,#2176,#2177);
#995=EDGE_LOOP('',(#2178,#2179,#2180,#2181));
#996=AXIS2_PLACEMENT_3D('',#2182,#2183,#2184);
#997=EDGE_LOOP('',(#2185,#2186,#2187,#2188));
#998=AXIS2_PLACEMENT_3D('',#2189,#2190,#2191);
#999=EDGE_LOOP('',(#2192,#2193,#2194,#2195,#2196,#2197,#2198,#2199));
#1000=AXIS2_PLACEMENT_3D('',#2200,#2201,#2202);
#1001=EDGE_LOOP('',(#2203,#2204,#2205,#2206,#2207,#2208,#2209,#2210,#2211,#2212,#2213,#2214,#2215,#2216,#2217,#2218,#2219,#2220,#2221,#2222));
#1002=AXIS2_PLACEMENT_3D('',#2223,#2224,#2225);
#1003=EDGE_LOOP('',(#2226,#2227,#2228,#2229));
#1004=AXIS2_PLACEMENT_3D('',#2230,#2231,#2232);
#1005=EDGE_LOOP('',(#2233,#2234,#2235,#2236));
#1006=EDGE_LOOP('',(#2237,#2238,#2239,#2240));
#1007=AXIS2_PLACEMENT_3D('',#2241,#2242,#2243);
#1008=EDGE_LOOP('',(#2244,#2245,#2246,#2247));
#1009=AXIS2_PLACEMENT_3D('',#2248,#2249,#2250);
#1010=EDGE_LOOP('',(#2251,#2252,#2253,#2254));
#1011=AXIS2_PLACEMENT_3D('',#2255,#2256,#2257);
#1012=EDGE_LOOP('',(#2258,#2259,#2260,#2261));
#1013=AXIS2_PLACEMENT_3D('',#2262,#2263,#2264);
#1014=EDGE_LOOP('',(#2265,#2266,#2267,#2268));
#1015=AXIS2_PLACEMENT_3D('',#2269,#2270,#2271);
#1016=EDGE_LOOP('',(#2272,#2273,#2274,#2275));
#1017=AXIS2_PLACEMENT_3D('',#2276,#2277,#2278);
#1018=EDGE_LOOP('',(#2279,#2280,#2281,#2282));
#1019=AXIS2_PLACEMENT_3D('',#2283,#2284,#2285);
#1020=EDGE_LOOP('',(#2286,#2287,#2288,#2289));
#1021=EDGE_LOOP('',(#2290,#2291,#2292,#2293));
#1022=AXIS2_PLACEMENT_3D('',#2294,#2295,#2296);
#1023=EDGE_LOOP('',(#2297,#2298,#2299,#2300));
#1024=AXIS2_PLACEMENT_3D('',#2301,#2302,#2303);
#1025=EDGE_LOOP('',(#2304,#2305,#2306,#2307,#2308,#2309,#2310,#2311,#2312,#2313));
#1026=AXIS2_PLACEMENT_3D('',#2314,#2315,#2316);
#1027=EDGE_LOOP('',(#2317,#2318,#2319,#2320));
#1028=AXIS2_PLACEMENT_3D('',#2321,#2322,#2323);
#1029=EDGE_LOOP('',(#2324,#2325,#2326,#2327,#2328,#2329,#2330,#2331,#2332,#2333));
#1030=AXIS2_PLACEMENT_3D('',#2334,#2335,#2336);
#1031=EDGE_LOOP('',(#2337,#2338,#2339,#2340));
#1032=AXIS2_PLACEMENT_3D('',#2341,#2342,#2343);
#1033=EDGE_LOOP('',(#2344,#2345,#2346,#2347));
#1034=AXIS2_PLACEMENT_3D('',#2348,#2349,#2350);
#1035=EDGE_LOOP('',(#2351,#2352,#2353,#2354));
#1036=AXIS2_PLACEMENT_3D('',#2355,#2356,#2357);
#1037=EDGE_LOOP('',(#2358,#2359,#2360,#2361));
#1038=AXIS2_PLACEMENT_3D('',#2362,#2363,#2364);
#1039=EDGE_LOOP('',(#2365,#2366,#2367,#2368));
#1040=AXIS2_PLACEMENT_3D('',#2369,#2370,#2371);
#1041=EDGE_LOOP('',(#2372,#2373,#2374,#2375));
#1042=AXIS2_PLACEMENT_3D('',#2376,#2377,#2378);
#1043=EDGE_LOOP('',(#2379,#2380,#2381,#2382));
#1044=AXIS2_PLACEMENT_3D('',#2383,#2384,#2385);
#1045=EDGE_LOOP('',(#2386,#2387,#2388,#2389));
#1046=AXIS2_PLACEMENT_3D('',#2390,#2391,#2392);
#1047=EDGE_LOOP('',(#2393,#2394,#2395,#2396,#2397,#2398,#2399,#2400));
#1048=AXIS2_PLACEMENT_3D('',#2401,#2402,#2403);
#1049=EDGE_LOOP('',(#2404,#2405,#2406,#2407));
#1050=AXIS2_PLACEMENT_3D('',#2408,#2409,#2410);
#1051=EDGE_LOOP('',(#2411,#2412,#2413,#2414));
#1052=AXIS2_PLACEMENT_3D('',#2415,#2416,#2417);
#1053=EDGE_LOOP('',(#2418,#2419,#2420,#2421));
#1054=AXIS2_PLACEMENT_3D('',#2422,#2423,#2424);
#1055=EDGE_LOOP('',(#2425,#2426,#2427,#2428));
#1056=AXIS2_PLACEMENT_3D('',#2429,#2430,#2431);
#1057=EDGE_LOOP('',(#2432,#2433,#2434,#2435));
#1058=AXIS2_PLACEMENT_3D('',#2436,#2437,#2438);
#1059=EDGE_LOOP('',(#2439,#2440,#2441,#2442));
#1060=EDGE_LOOP('',(#2443,#2444,#2445,#2446));
#1061=AXIS2_PLACEMENT_3D('',#2447,#2448,#2449);
#1062=EDGE_LOOP('',(#2450,#2451,#2452,#2453));
#1063=AXIS2_PLACEMENT_3D('',#2454,#2455,#2456);
#1064=EDGE_LOOP('',(#2457,#2458,#2459,#2460,#2461,#2462,#2463,#2464,#2465,#2466));
#1065=AXIS2_PLACEMENT_3D('',#2467,#2468,#2469);
#1066=EDGE_LOOP('',(#2470,#2471,#2472,#2473));
#1067=AXIS2_PLACEMENT_3D('',#2474,#2475,#2476);
#1068=EDGE_LOOP('',(#2477,#2478,#2479,#2480,#2481,#2482,#2483,#2484,#2485,#2486));
#1069=AXIS2_PLACEMENT_3D('',#2487,#2488,#2489);
#1070=EDGE_LOOP('',(#2490,#2491,#2492,#2493));
#1071=AXIS2_PLACEMENT_3D('',#2494,#2495,#2496);
#1072=EDGE_LOOP('',(#2497,#2498,#2499,#2500));
#1073=AXIS2_PLACEMENT_3D('',#2501,#2502,#2503);
#1074=EDGE_LOOP('',(#2504,#2505,#2506,#2507));
#1075=AXIS2_PLACEMENT_3D('',#2508,#2509,#2510);
#1076=EDGE_LOOP('',(#2511,#2512,#2513,#2514));
#1077=AXIS2_PLACEMENT_3D('',#2515,#2516,#2517);
#1078=EDGE_LOOP('',(#2518,#2519,#2520,#2521));
#1079=AXIS2_PLACEMENT_3D('',#2522,#2523,#2524);
#1080=EDGE_LOOP('',(#2525,#2526,#2527,#2528));
#1081=AXIS2_PLACEMENT_3D('',#2529,#2530,#2531);
#1082=EDGE_LOOP('',(#2532,#2533,#2534,#2535));
#1083=AXIS2_PLACEMENT_3D('',#2536,#2537,#2538);
#1084=EDGE_LOOP('',(#2539,#2540,#2541,#2542));
#1085=AXIS2_PLACEMENT_3D('',#2543,#2544,#2545);
#1086=EDGE_LOOP('',(#2546,#2547,#2548,#2549,#2550,#2551,#2552,#2553,#2554,#2555));
#1087=AXIS2_PLACEMENT_3D('',#2556,#2557,#2558);
#1088=EDGE_LOOP('',(#2559,#2560,#2561,#2562));
#1089=AXIS2_PLACEMENT_3D('',#2563,#2564,#2565);
#1090=EDGE_LOOP('',(#2566,#2567,#2568,#2569,#2570,#2571,#2572,#2573,#2574,#2575));
#1091=AXIS2_PLACEMENT_3D('',#2576,#2577,#2578);
#1092=EDGE_LOOP('',(#2579,#2580,#2581,#2582));
#1093=AXIS2_PLACEMENT_3D('',#2583,#2584,#2585);
#1094=EDGE_LOOP('',(#2586,#2587,#2588,#2589));
#1095=AXIS2_PLACEMENT_3D('',#2590,#2591,#2592);
#1096=EDGE_LOOP('',(#2593,#2594,#2595,#2596));
#1097=AXIS2_PLACEMENT_3D('',#2597,#2598,#2599);
#1098=EDGE_LOOP('',(#2600,#2601,#2602,#2603));
#1099=AXIS2_PLACEMENT_3D('',#2604,#2605,#2606);
#1100=EDGE_LOOP('',(#2607,#2608,#2609,#2610));
#1101=AXIS2_PLACEMENT_3D('',#2611,#2612,#2613);
#1102=EDGE_LOOP('',(#2614,#2615,#2616,#2617));
#1103=AXIS2_PLACEMENT_3D('',#2618,#2619,#2620);
#1104=EDGE_LOOP('',(#2621,#2622,#2623,#2624));
#1105=AXIS2_PLACEMENT_3D('',#2625,#2626,#2627);
#1106=EDGE_LOOP('',(#2628,#2629,#2630,#2631));
#1107=AXIS2_PLACEMENT_3D('',#2632,#2633,#2634);
#1108=EDGE_LOOP('',(#2635,#2636,#2637,#2638));
#1109=AXIS2_PLACEMENT_3D('',#2639,#2640,#2641);
#1110=EDGE_LOOP('',(#2642,#2643,#2644,#2645,#2646,#2647));
#1111=AXIS2_PLACEMENT_3D('',#2648,#2649,#2650);
#1112=EDGE_LOOP('',(#2651,#2652,#2653,#2654,#2655));
#1113=AXIS2_PLACEMENT_3D('',#2656,#2657,#2658);
#1114=EDGE_LOOP('',(#2659,#2660,#2661,#2662));
#1115=AXIS2_PLACEMENT_3D('',#2663,#2664,#2665);
#1116=EDGE_LOOP('',(#2666,#2667,#2668,#2669));
#1117=AXIS2_PLACEMENT_3D('',#2670,#2671,#2672);
#1118=EDGE_LOOP('',(#2673,#2674,#2675,#2676,#2677,#2678,#2679));
#1119=AXIS2_PLACEMENT_3D('',#2680,#2681,#2682);
#1120=EDGE_LOOP('',(#2683,#2684,#2685,#2686));
#1121=AXIS2_PLACEMENT_3D('',#2687,#2688,#2689);
#1122=EDGE_LOOP('',(#2690,#2691,#2692,#2693));
#1123=AXIS2_PLACEMENT_3D('',#2694,#2695,#2696);
#1124=EDGE_LOOP('',(#2697,#2698,#2699,#2700));
#1125=AXIS2_PLACEMENT_3D('',#2701,#2702,#2703);
#1126=EDGE_LOOP('',(#2704,#2705,#2706,#2707));
#1127=AXIS2_PLACEMENT_3D('',#2708,#2709,#2710);
#1128=EDGE_LOOP('',(#2711,#2712,#2713,#2714));
#1129=AXIS2_PLACEMENT_3D('',#2715,#2716,#2717);
#1130=EDGE_LOOP('',(#2718,#2719,#2720,#2721));
#1131=AXIS2_PLACEMENT_3D('',#2722,#2723,#2724);
#1132=EDGE_LOOP('',(#2725,#2726,#2727,#2728,#2729));
#1133=AXIS2_PLACEMENT_3D('',#2730,#2731,#2732);
#1134=EDGE_LOOP('',(#2733,#2734,#2735,#2736));
#1135=AXIS2_PLACEMENT_3D('',#2737,#2738,#2739);
#1136=EDGE_LOOP('',(#2740,#2741,#2742,#2743));
#1137=AXIS2_PLACEMENT_3D('',#2744,#2745,#2746);
#1138=EDGE_LOOP('',(#2747,#2748,#2749,#2750));
#1139=AXIS2_PLACEMENT_3D('',#2751,#2752,#2753);
#1140=EDGE_LOOP('',(#2754,#2755,#2756,#2757));
#1141=AXIS2_PLACEMENT_3D('',#2758,#2759,#2760);
#1142=EDGE_LOOP('',(#2761,#2762,#2763,#2764));
#1143=AXIS2_PLACEMENT_3D('',#2765,#2766,#2767);
#1144=EDGE_LOOP('',(#2768,#2769,#2770,#2771));
#1145=AXIS2_PLACEMENT_3D('',#2772,#2773,#2774);
#1146=EDGE_LOOP('',(#2775,#2776,#2777,#2778));
#1147=AXIS2_PLACEMENT_3D('',#2779,#2780,#2781);
#1148=EDGE_LOOP('',(#2782,#2783,#2784,#2785));
#1149=AXIS2_PLACEMENT_3D('',#2786,#2787,#2788);
#1150=EDGE_LOOP('',(#2789,#2790,#2791,#2792));
#1151=AXIS2_PLACEMENT_3D('',#2793,#2794,#2795);
#1152=EDGE_LOOP('',(#2796,#2797,#2798,#2799));
#1153=AXIS2_PLACEMENT_3D('',#2800,#2801,#2802);
#1154=EDGE_LOOP('',(#2803,#2804,#2805,#2806));
#1155=AXIS2_PLACEMENT_3D('',#2807,#2808,#2809);
#1156=EDGE_LOOP('',(#2810,#2811,#2812,#2813));
#1157=AXIS2_PLACEMENT_3D('',#2814,#2815,#2816);
#1158=EDGE_LOOP('',(#2817,#2818,#2819,#2820));
#1159=AXIS2_PLACEMENT_3D('',#2821,#2822,#2823);
#1160=EDGE_LOOP('',(#2824,#2825,#2826,#2827));
#1161=AXIS2_PLACEMENT_3D('',#2828,#2829,#2830);
#1162=EDGE_LOOP('',(#2831,#2832,#2833,#2834));
#1163=AXIS2_PLACEMENT_3D('',#2835,#2836,#2837);
#1164=EDGE_LOOP('',(#2838,#2839,#2840,#2841));
#1165=AXIS2_PLACEMENT_3D('',#2842,#2843,#2844);
#1166=EDGE_LOOP('',(#2845,#2846,#2847,#2848));
#1167=AXIS2_PLACEMENT_3D('',#2849,#2850,#2851);
#1168=EDGE_LOOP('',(#2852,#2853,#2854,#2855));
#1169=AXIS2_PLACEMENT_3D('',#2856,#2857,#2858);
#1170=EDGE_LOOP('',(#2859,#2860,#2861,#2862));
#1171=AXIS2_PLACEMENT_3D('',#2863,#2864,#2865);
#1172=EDGE_LOOP('',(#2866,#2867,#2868,#2869));
#1173=AXIS2_PLACEMENT_3D('',#2870,#2871,#2872);
#1174=EDGE_LOOP('',(#2873,#2874,#2875,#2876));
#1175=AXIS2_PLACEMENT_3D('',#2877,#2878,#2879);
#1176=EDGE_LOOP('',(#2880,#2881,#2882,#2883));
#1177=AXIS2_PLACEMENT_3D('',#2884,#2885,#2886);
#1178=EDGE_LOOP('',(#2887,#2888,#2889,#2890));
#1179=AXIS2_PLACEMENT_3D('',#2891,#2892,#2893);
#1180=EDGE_LOOP('',(#2894,#2895,#2896,#2897));
#1181=AXIS2_PLACEMENT_3D('',#2898,#2899,#2900);
#1182=EDGE_LOOP('',(#2901,#2902,#2903,#2904));
#1183=AXIS2_PLACEMENT_3D('',#2905,#2906,#2907);
#1184=EDGE_LOOP('',(#2908,#2909,#2910,#2911));
#1185=AXIS2_PLACEMENT_3D('',#2912,#2913,#2914);
#1186=EDGE_LOOP('',(#2915,#2916,#2917,#2918));
#1187=AXIS2_PLACEMENT_3D('',#2919,#2920,#2921);
#1188=EDGE_LOOP('',(#2922,#2923,#2924,#2925));
#1189=AXIS2_PLACEMENT_3D('',#2926,#2927,#2928);
#1190=EDGE_LOOP('',(#2929,#2930,#2931,#2932));
#1191=AXIS2_PLACEMENT_3D('',#2933,#2934,#2935);
#1192=EDGE_LOOP('',(#2936,#2937,#2938,#2939));
#1193=AXIS2_PLACEMENT_3D('',#2940,#2941,#2942);
#1194=EDGE_LOOP('',(#2943,#2944,#2945,#2946));
#1195=AXIS2_PLACEMENT_3D('',#2947,#2948,#2949);
#1196=EDGE_LOOP('',(#2950,#2951,#2952,#2953));
#1197=AXIS2_PLACEMENT_3D('',#2954,#2955,#2956);
#1198=EDGE_LOOP('',(#2957,#2958,#2959,#2960));
#1199=AXIS2_PLACEMENT_3D('',#2961,#2962,#2963);
#1200=EDGE_LOOP('',(#2964,#2965,#2966,#2967));
#1201=AXIS2_PLACEMENT_3D('',#2968,#2969,#2970);
#1202=EDGE_LOOP('',(#2971,#2972,#2973,#2974));
#1203=AXIS2_PLACEMENT_3D('',#2975,#2976,#2977);
#1204=EDGE_LOOP('',(#2978,#2979,#2980,#2981));
#1205=AXIS2_PLACEMENT_3D('',#2982,#2983,#2984);
#1206=EDGE_LOOP('',(#2985,#2986,#2987,#2988));
#1207=AXIS2_PLACEMENT_3D('',#2989,#2990,#2991);
#1208=EDGE_LOOP('',(#2992,#2993,#2994,#2995));
#1209=AXIS2_PLACEMENT_3D('',#2996,#2997,#2998);
#1210=EDGE_LOOP('',(#2999,#3000,#3001,#3002));
#1211=AXIS2_PLACEMENT_3D('',#3003,#3004,#3005);
#1212=EDGE_LOOP('',(#3006,#3007,#3008,#3009));
#1213=AXIS2_PLACEMENT_3D('',#3010,#3011,#3012);
#1214=EDGE_LOOP('',(#3013,#3014,#3015,#3016));
#1215=AXIS2_PLACEMENT_3D('',#3017,#3018,#3019);
#1216=EDGE_LOOP('',(#3020,#3021,#3022,#3023));
#1217=AXIS2_PLACEMENT_3D('',#3024,#3025,#3026);
#1218=EDGE_LOOP('',(#3027,#3028,#3029,#3030));
#1219=AXIS2_PLACEMENT_3D('',#3031,#3032,#3033);
#1220=EDGE_LOOP('',(#3034,#3035,#3036,#3037));
#1221=AXIS2_PLACEMENT_3D('',#3038,#3039,#3040);
#1222=EDGE_LOOP('',(#3041,#3042,#3043,#3044));
#1223=AXIS2_PLACEMENT_3D('',#3045,#3046,#3047);
#1224=EDGE_LOOP('',(#3048,#3049,#3050,#3051));
#1225=AXIS2_PLACEMENT_3D('',#3052,#3053,#3054);
#1226=EDGE_LOOP('',(#3055,#3056,#3057,#3058));
#1227=AXIS2_PLACEMENT_3D('',#3059,#3060,#3061);
#1228=EDGE_LOOP('',(#3062,#3063,#3064,#3065));
#1229=AXIS2_PLACEMENT_3D('',#3066,#3067,#3068);
#1230=FACE_OUTER_BOUND('',#3069,.T.);
#1231=PLANE('',#3070);
#1232=FACE_OUTER_BOUND('',#3071,.T.);
#1233=PLANE('',#3072);
#1234=FACE_OUTER_BOUND('',#3073,.T.);
#1235=PLANE('',#3074);
#1236=FACE_OUTER_BOUND('',#3075,.T.);
#1237=PLANE('',#3076);
#1238=FACE_OUTER_BOUND('',#3077,.T.);
#1239=PLANE('',#3078);
#1240=FACE_OUTER_BOUND('',#3079,.T.);
#1241=PLANE('',#3080);
#1242=FACE_OUTER_BOUND('',#3081,.T.);
#1243=PLANE('',#3082);
#1244=FACE_OUTER_BOUND('',#3083,.T.);
#1245=PLANE('',#3084);
#1246=FACE_OUTER_BOUND('',#3085,.T.);
#1247=PLANE('',#3086);
#1248=FACE_OUTER_BOUND('',#3087,.T.);
#1249=PLANE('',#3088);
#1250=FACE_OUTER_BOUND('',#3089,.T.);
#1251=PLANE('',#3090);
#1252=FACE_OUTER_BOUND('',#3091,.T.);
#1253=PLANE('',#3092);
#1254=LINE('',#3093,#3094);
#1255=LINE('',#3095,#3096);
#1256=LINE('',#3097,#3098);
#1257=LINE('',#3099,#3100);
#1258=LINE('',#3101,#3102);
#1259=LINE('',#3103,#3104);
#1260=LINE('',#3105,#3106);
#1261=LINE('',#3107,#3108);
#1262=LINE('',#3109,#3110);
#1263=LINE('',#3111,#3112);
#1264=LINE('',#3113,#3114);
#1265=LINE('',#3115,#3116);
#1266=LINE('',#3117,#3118);
#1267=LINE('',#3119,#3120);
#1268=LINE('',#3121,#3122);
#1269=LINE('',#3123,#3124);
#1270=LINE('',#3125,#3126);
#1271=LINE('',#3127,#3128);
#1272=LINE('',#3129,#3130);
#1273=LINE('',#3131,#3132);
#1274=LINE('',#3133,#3134);
#1275=LINE('',#3135,#3136);
#1276=LINE('',#3137,#3138);
#1277=LINE('',#3139,#3140);
#1278=LINE('',#3141,#3142);
#1279=LINE('',#3143,#3144);
#1280=LINE('',#3145,#3146);
#1281=ORIENTED_EDGE('',*,*,#3147,.T.);
#1282=ORIENTED_EDGE('',*,*,#3148,.F.);
#1283=ORIENTED_EDGE('',*,*,#3149,.F.);
#1284=ORIENTED_EDGE('',*,*,#3150,.T.);
#1285=CARTESIAN_POINT('',(-1.25,0.025,-0.8125));
#1286=DIRECTION('',(0.0,0.242535625036309,-0.970142500145338));
#1287=DIRECTION('',(-1.0,0.0,0.0));
#1288=ORIENTED_EDGE('',*,*,#3151,.T.);
#1289=ORIENTED_EDGE('',*,*,#3150,.F.);
#1290=ORIENTED_EDGE('',*,*,#3152,.F.);
#1291=ORIENTED_EDGE('',*,*,#3153,.T.);
#1292=CARTESIAN_POINT('',(-1.25,-1.1,-0.875));
#1293=DIRECTION('',(0.0,0.0,-1.0));
#1294=DIRECTION('',(0.0,-1.0,0.0));
#1295=ORIENTED_EDGE('',*,*,#3154,.T.);
#1296=ORIENTED_EDGE('',*,*,#3155,.T.);
#1297=ORIENTED_EDGE('',*,*,#3156,.T.);
#1298=ORIENTED_EDGE('',*,*,#3157,.F.);
#1299=ORIENTED_EDGE('',*,*,#3158,.T.);
#1300=ORIENTED_EDGE('',*,*,#3159,.T.);
#1301=ORIENTED_EDGE('',*,*,#3160,.T.);
#1302=ORIENTED_EDGE('',*,*,#3161,.T.);
#1303=ORIENTED_EDGE('',*,*,#3162,.T.);
#1304=ORIENTED_EDGE('',*,*,#3163,.T.);
#1305=ORIENTED_EDGE('',*,*,#3164,.T.);
#1306=ORIENTED_EDGE('',*,*,#3165,.T.);
#1307=ORIENTED_EDGE('',*,*,#3166,.T.);
#1308=ORIENTED_EDGE('',*,*,#3167,.T.);
#1309=ORIENTED_EDGE('',*,*,#3168,.T.);
#1310=ORIENTED_EDGE('',*,*,#3169,.T.);
#1311=ORIENTED_EDGE('',*,*,#3170,.T.);
#1312=ORIENTED_EDGE('',*,*,#3171,.T.);
#1313=ORIENTED_EDGE('',*,*,#3172,.T.);
#1314=ORIENTED_EDGE('',*,*,#3173,.T.);
#1315=ORIENTED_EDGE('',*,*,#3174,.F.);
#1316=ORIENTED_EDGE('',*,*,#3175,.F.);
#1317=ORIENTED_EDGE('',*,*,#3176,.F.);
#1318=ORIENTED_EDGE('',*,*,#3177,.F.);
#1319=ORIENTED_EDGE('',*,*,#3178,.F.);
#1320=ORIENTED_EDGE('',*,*,#3179,.F.);
#1321=ORIENTED_EDGE('',*,*,#3180,.F.);
#1322=ORIENTED_EDGE('',*,*,#3181,.F.);
#1323=ORIENTED_EDGE('',*,*,#3153,.F.);
#1324=ORIENTED_EDGE('',*,*,#3182,.F.);
#1325=ORIENTED_EDGE('',*,*,#3183,.F.);
#1326=ORIENTED_EDGE('',*,*,#3184,.F.);
#1327=CARTESIAN_POINT('',(0.0,-1.975,0.0));
#1328=DIRECTION('',(-0.0,1.0,0.0));
#1329=DIRECTION('',(1.0,0.0,0.0));
#1330=ORIENTED_EDGE('',*,*,#3185,.F.);
#1331=ORIENTED_EDGE('',*,*,#3186,.T.);
#1332=ORIENTED_EDGE('',*,*,#3187,.F.);
#1333=ORIENTED_EDGE('',*,*,#3169,.F.);
#1334=CARTESIAN_POINT('',(-2.15,0.975,-1.2));
#1335=DIRECTION('',(-1.0,0.0,0.0));
#1336=DIRECTION('',(0.0,0.0,1.0));
#1337=ORIENTED_EDGE('',*,*,#3188,.T.);
#1338=ORIENTED_EDGE('',*,*,#3189,.T.);
#1339=ORIENTED_EDGE('',*,*,#3190,.T.);
#1340=ORIENTED_EDGE('',*,*,#3191,.T.);
#1341=ORIENTED_EDGE('',*,*,#3192,.F.);
#1342=ORIENTED_EDGE('',*,*,#3193,.T.);
#1343=ORIENTED_EDGE('',*,*,#3173,.F.);
#1344=CARTESIAN_POINT('',(-2.15,0.975,-1.2));
#1345=DIRECTION('',(-1.0,0.0,0.0));
#1346=DIRECTION('',(0.0,0.0,1.0));
#1347=ORIENTED_EDGE('',*,*,#3194,.F.);
#1348=ORIENTED_EDGE('',*,*,#3195,.T.);
#1349=ORIENTED_EDGE('',*,*,#3170,.F.);
#1350=ORIENTED_EDGE('',*,*,#3187,.T.);
#1351=CARTESIAN_POINT('',(-2.15,0.975,-0.4));
#1352=DIRECTION('',(0.0,0.0,-1.0));
#1353=DIRECTION('',(0.0,-1.0,0.0));
#1354=ORIENTED_EDGE('',*,*,#3196,.T.);
#1355=ORIENTED_EDGE('',*,*,#3171,.F.);
#1356=ORIENTED_EDGE('',*,*,#3195,.F.);
#1357=ORIENTED_EDGE('',*,*,#3197,.T.);
#1358=CARTESIAN_POINT('',(-2.45,0.975,-0.4));
#1359=DIRECTION('',(-1.0,0.0,0.0));
#1360=DIRECTION('',(0.0,0.0,1.0));
#1361=ORIENTED_EDGE('',*,*,#3198,.T.);
#1362=ORIENTED_EDGE('',*,*,#3199,.T.);
#1363=ORIENTED_EDGE('',*,*,#3200,.T.);
#1364=ORIENTED_EDGE('',*,*,#3201,.F.);
#1365=ORIENTED_EDGE('',*,*,#3197,.F.);
#1366=ORIENTED_EDGE('',*,*,#3202,.F.);
#1367=ORIENTED_EDGE('',*,*,#3203,.F.);
#1368=ORIENTED_EDGE('',*,*,#3204,.F.);
#1369=CARTESIAN_POINT('',(0.0,0.975,0.0));
#1370=DIRECTION('',(-0.0,1.0,0.0));
#1371=DIRECTION('',(1.0,0.0,0.0));
#1372=ORIENTED_EDGE('',*,*,#3205,.F.);
#1373=ORIENTED_EDGE('',*,*,#3206,.F.);
#1374=ORIENTED_EDGE('',*,*,#3207,.F.);
#1375=ORIENTED_EDGE('',*,*,#3208,.F.);
#1376=ORIENTED_EDGE('',*,*,#3209,.T.);
#1377=ORIENTED_EDGE('',*,*,#3210,.T.);
#1378=ORIENTED_EDGE('',*,*,#3211,.T.);
#1379=ORIENTED_EDGE('',*,*,#3212,.T.);
#1380=CARTESIAN_POINT('',(0.0,0.975,0.0));
#1381=DIRECTION('',(-0.0,1.0,0.0));
#1382=DIRECTION('',(1.0,0.0,0.0));
#1383=ORIENTED_EDGE('',*,*,#3213,.T.);
#1384=ORIENTED_EDGE('',*,*,#3214,.T.);
#1385=ORIENTED_EDGE('',*,*,#3215,.F.);
#1386=ORIENTED_EDGE('',*,*,#3204,.T.);
#1387=ORIENTED_EDGE('',*,*,#3216,.T.);
#1388=CARTESIAN_POINT('',(-0.2,-0.475,-1.6));
#1389=DIRECTION('',(-1.0,0.0,0.0));
#1390=DIRECTION('',(0.0,0.0,1.0));
#1391=ORIENTED_EDGE('',*,*,#3203,.T.);
#1392=ORIENTED_EDGE('',*,*,#3217,.T.);
#1393=ORIENTED_EDGE('',*,*,#3218,.F.);
#1394=ORIENTED_EDGE('',*,*,#3216,.F.);
#1395=CARTESIAN_POINT('',(2.15,0.975,-1.5));
#1396=DIRECTION('',(0.0,0.707106781186548,0.707106781186548));
#1397=DIRECTION('',(1.0,0.0,-0.0));
#1398=ORIENTED_EDGE('',*,*,#3219,.F.);
#1399=ORIENTED_EDGE('',*,*,#3220,.F.);
#1400=ORIENTED_EDGE('',*,*,#3205,.T.);
#1401=ORIENTED_EDGE('',*,*,#3221,.T.);
#1402=CARTESIAN_POINT('',(2.15,0.975,-1.5));
#1403=DIRECTION('',(0.0,0.707106781186548,0.707106781186548));
#1404=DIRECTION('',(1.0,0.0,-0.0));
#1405=ORIENTED_EDGE('',*,*,#3218,.T.);
#1406=ORIENTED_EDGE('',*,*,#3185,.T.);
#1407=ORIENTED_EDGE('',*,*,#3168,.F.);
#1408=ORIENTED_EDGE('',*,*,#3222,.F.);
#1409=ORIENTED_EDGE('',*,*,#3219,.T.);
#1410=ORIENTED_EDGE('',*,*,#3223,.T.);
#1411=ORIENTED_EDGE('',*,*,#3224,.T.);
#1412=ORIENTED_EDGE('',*,*,#3225,.F.);
#1413=ORIENTED_EDGE('',*,*,#3226,.F.);
#1414=ORIENTED_EDGE('',*,*,#3227,.T.);
#1415=ORIENTED_EDGE('',*,*,#3228,.T.);
#1416=ORIENTED_EDGE('',*,*,#3213,.F.);
#1417=CARTESIAN_POINT('',(2.15,0.975,-1.2));
#1418=DIRECTION('',(0.0,0.0,-1.0));
#1419=DIRECTION('',(0.0,-1.0,0.0));
#1420=ORIENTED_EDGE('',*,*,#3228,.F.);
#1421=ORIENTED_EDGE('',*,*,#3229,.F.);
#1422=ORIENTED_EDGE('',*,*,#3230,.T.);
#1423=ORIENTED_EDGE('',*,*,#3214,.F.);
#1424=CARTESIAN_POINT('',(0.0,-0.475,0.0));
#1425=DIRECTION('',(-0.0,1.0,0.0));
#1426=DIRECTION('',(1.0,0.0,0.0));
#1427=ORIENTED_EDGE('',*,*,#3231,.T.);
#1428=ORIENTED_EDGE('',*,*,#3232,.F.);
#1429=ORIENTED_EDGE('',*,*,#3224,.F.);
#1430=ORIENTED_EDGE('',*,*,#3233,.T.);
#1431=CARTESIAN_POINT('',(0.0,-0.475,0.0));
#1432=DIRECTION('',(-0.0,1.0,0.0));
#1433=DIRECTION('',(1.0,0.0,0.0));
#1434=ORIENTED_EDGE('',*,*,#3230,.F.);
#1435=ORIENTED_EDGE('',*,*,#3234,.F.);
#1436=ORIENTED_EDGE('',*,*,#3235,.T.);
#1437=ORIENTED_EDGE('',*,*,#3236,.T.);
#1438=ORIENTED_EDGE('',*,*,#3231,.F.);
#1439=ORIENTED_EDGE('',*,*,#3237,.F.);
#1440=ORIENTED_EDGE('',*,*,#3211,.F.);
#1441=ORIENTED_EDGE('',*,*,#3238,.F.);
#1442=ORIENTED_EDGE('',*,*,#3239,.T.);
#1443=ORIENTED_EDGE('',*,*,#3240,.T.);
#1444=ORIENTED_EDGE('',*,*,#3241,.T.);
#1445=ORIENTED_EDGE('',*,*,#3242,.T.);
#1446=ORIENTED_EDGE('',*,*,#3243,.T.);
#1447=ORIENTED_EDGE('',*,*,#3244,.F.);
#1448=ORIENTED_EDGE('',*,*,#3245,.F.);
#1449=ORIENTED_EDGE('',*,*,#3246,.F.);
#1450=ORIENTED_EDGE('',*,*,#3247,.F.);
#1451=ORIENTED_EDGE('',*,*,#3248,.F.);
#1452=ORIENTED_EDGE('',*,*,#3249,.F.);
#1453=ORIENTED_EDGE('',*,*,#3250,.T.);
#1454=ORIENTED_EDGE('',*,*,#3251,.T.);
#1455=ORIENTED_EDGE('',*,*,#3252,.T.);
#1456=ORIENTED_EDGE('',*,*,#3253,.F.);
#1457=ORIENTED_EDGE('',*,*,#3254,.F.);
#1458=ORIENTED_EDGE('',*,*,#3255,.F.);
#1459=ORIENTED_EDGE('',*,*,#3256,.T.);
#1460=ORIENTED_EDGE('',*,*,#3257,.F.);
#1461=ORIENTED_EDGE('',*,*,#3258,.F.);
#1462=ORIENTED_EDGE('',*,*,#3259,.F.);
#1463=ORIENTED_EDGE('',*,*,#3260,.T.);
#1464=ORIENTED_EDGE('',*,*,#3261,.F.);
#1465=ORIENTED_EDGE('',*,*,#3262,.F.);
#1466=ORIENTED_EDGE('',*,*,#3263,.F.);
#1467=ORIENTED_EDGE('',*,*,#3264,.T.);
#1468=ORIENTED_EDGE('',*,*,#3265,.F.);
#1469=ORIENTED_EDGE('',*,*,#3266,.T.);
#1470=ORIENTED_EDGE('',*,*,#3267,.T.);
#1471=ORIENTED_EDGE('',*,*,#3268,.F.);
#1472=ORIENTED_EDGE('',*,*,#3269,.F.);
#1473=ORIENTED_EDGE('',*,*,#3270,.F.);
#1474=ORIENTED_EDGE('',*,*,#3271,.F.);
#1475=ORIENTED_EDGE('',*,*,#3272,.F.);
#1476=ORIENTED_EDGE('',*,*,#3273,.T.);
#1477=ORIENTED_EDGE('',*,*,#3274,.T.);
#1478=ORIENTED_EDGE('',*,*,#3275,.T.);
#1479=ORIENTED_EDGE('',*,*,#3276,.T.);
#1480=ORIENTED_EDGE('',*,*,#3277,.T.);
#1481=ORIENTED_EDGE('',*,*,#3278,.T.);
#1482=ORIENTED_EDGE('',*,*,#3198,.F.);
#1483=ORIENTED_EDGE('',*,*,#3215,.T.);
#1484=ORIENTED_EDGE('',*,*,#3279,.F.);
#1485=ORIENTED_EDGE('',*,*,#3280,.T.);
#1486=ORIENTED_EDGE('',*,*,#3281,.T.);
#1487=ORIENTED_EDGE('',*,*,#3282,.F.);
#1488=ORIENTED_EDGE('',*,*,#3283,.F.);
#1489=ORIENTED_EDGE('',*,*,#3284,.T.);
#1490=ORIENTED_EDGE('',*,*,#3285,.T.);
#1491=ORIENTED_EDGE('',*,*,#3286,.F.);
#1492=ORIENTED_EDGE('',*,*,#3287,.F.);
#1493=ORIENTED_EDGE('',*,*,#3288,.T.);
#1494=ORIENTED_EDGE('',*,*,#3289,.T.);
#1495=ORIENTED_EDGE('',*,*,#3290,.F.);
#1496=ORIENTED_EDGE('',*,*,#3291,.F.);
#1497=ORIENTED_EDGE('',*,*,#3292,.T.);
#1498=ORIENTED_EDGE('',*,*,#3293,.T.);
#1499=ORIENTED_EDGE('',*,*,#3294,.F.);
#1500=CARTESIAN_POINT('',(2.75,-3.675,-1.6));
#1501=DIRECTION('',(0.0,0.0,-1.0));
#1502=DIRECTION('',(0.0,-1.0,0.0));
#1503=ORIENTED_EDGE('',*,*,#3199,.F.);
#1504=ORIENTED_EDGE('',*,*,#3278,.F.);
#1505=ORIENTED_EDGE('',*,*,#3295,.T.);
#1506=ORIENTED_EDGE('',*,*,#3296,.T.);
#1507=ORIENTED_EDGE('',*,*,#3297,.F.);
#1508=ORIENTED_EDGE('',*,*,#3267,.F.);
#1509=ORIENTED_EDGE('',*,*,#3298,.T.);
#1510=ORIENTED_EDGE('',*,*,#3299,.T.);
#1511=ORIENTED_EDGE('',*,*,#3300,.T.);
#1512=ORIENTED_EDGE('',*,*,#3301,.F.);
#1513=ORIENTED_EDGE('',*,*,#3302,.T.);
#1514=ORIENTED_EDGE('',*,*,#3303,.T.);
#1515=ORIENTED_EDGE('',*,*,#3157,.T.);
#1516=ORIENTED_EDGE('',*,*,#3304,.F.);
#1517=ORIENTED_EDGE('',*,*,#3305,.F.);
#1518=ORIENTED_EDGE('',*,*,#3306,.F.);
#1519=CARTESIAN_POINT('',(-2.75,-3.675,-1.6));
#1520=DIRECTION('',(-1.0,0.0,0.0));
#1521=DIRECTION('',(0.0,0.0,1.0));
#1522=ORIENTED_EDGE('',*,*,#3306,.T.);
#1523=ORIENTED_EDGE('',*,*,#3307,.T.);
#1524=ORIENTED_EDGE('',*,*,#3190,.F.);
#1525=ORIENTED_EDGE('',*,*,#3308,.F.);
#1526=ORIENTED_EDGE('',*,*,#3200,.F.);
#1527=CARTESIAN_POINT('',(1.8,0.975,1.2));
#1528=DIRECTION('',(0.0,0.0,1.0));
#1529=DIRECTION('',(1.0,0.0,0.0));
#1530=ORIENTED_EDGE('',*,*,#3309,.T.);
#1531=ORIENTED_EDGE('',*,*,#3310,.T.);
#1532=ORIENTED_EDGE('',*,*,#3311,.T.);
#1533=ORIENTED_EDGE('',*,*,#3312,.F.);
#1534=ORIENTED_EDGE('',*,*,#3209,.F.);
#1535=CARTESIAN_POINT('',(1.8,0.975,1.2));
#1536=DIRECTION('',(0.0,0.0,1.0));
#1537=DIRECTION('',(1.0,0.0,0.0));
#1538=ORIENTED_EDGE('',*,*,#3194,.T.);
#1539=ORIENTED_EDGE('',*,*,#3186,.F.);
#1540=ORIENTED_EDGE('',*,*,#3217,.F.);
#1541=ORIENTED_EDGE('',*,*,#3202,.T.);
#1542=CARTESIAN_POINT('',(-2.45,0.975,-1.2));
#1543=DIRECTION('',(0.707106781186548,0.707106781186548,0.0));
#1544=DIRECTION('',(0.0,0.0,-1.0));
#1545=ORIENTED_EDGE('',*,*,#3308,.T.);
#1546=ORIENTED_EDGE('',*,*,#3189,.F.);
#1547=ORIENTED_EDGE('',*,*,#3313,.F.);
#1548=ORIENTED_EDGE('',*,*,#3201,.T.);
#1549=CARTESIAN_POINT('',(-2.45,0.975,-1.2));
#1550=DIRECTION('',(0.707106781186548,0.707106781186548,0.0));
#1551=DIRECTION('',(0.0,0.0,-1.0));
#1552=ORIENTED_EDGE('',*,*,#3172,.F.);
#1553=ORIENTED_EDGE('',*,*,#3196,.F.);
#1554=ORIENTED_EDGE('',*,*,#3313,.T.);
#1555=ORIENTED_EDGE('',*,*,#3188,.F.);
#1556=CARTESIAN_POINT('',(-2.45,0.975,0.35));
#1557=DIRECTION('',(0.0,0.0,1.0));
#1558=DIRECTION('',(1.0,0.0,0.0));
#1559=ORIENTED_EDGE('',*,*,#3191,.F.);
#1560=ORIENTED_EDGE('',*,*,#3307,.F.);
#1561=ORIENTED_EDGE('',*,*,#3305,.T.);
#1562=ORIENTED_EDGE('',*,*,#3314,.F.);
#1563=ORIENTED_EDGE('',*,*,#3315,.F.);
#1564=ORIENTED_EDGE('',*,*,#3316,.T.);
#1565=CARTESIAN_POINT('',(-2.75,-0.025,1.8));
#1566=DIRECTION('',(0.0,-1.0,0.0));
#1567=DIRECTION('',(0.0,0.0,-1.0));
#1568=ORIENTED_EDGE('',*,*,#3192,.T.);
#1569=ORIENTED_EDGE('',*,*,#3316,.F.);
#1570=ORIENTED_EDGE('',*,*,#3317,.F.);
#1571=ORIENTED_EDGE('',*,*,#3318,.T.);
#1572=CARTESIAN_POINT('',(-1.8,-0.325,1.2));
#1573=DIRECTION('',(0.0,0.707106781186548,-0.707106781186548));
#1574=DIRECTION('',(-1.0,0.0,0.0));
#1575=ORIENTED_EDGE('',*,*,#3319,.T.);
#1576=ORIENTED_EDGE('',*,*,#3154,.F.);
#1577=ORIENTED_EDGE('',*,*,#3193,.F.);
#1578=ORIENTED_EDGE('',*,*,#3318,.F.);
#1579=CARTESIAN_POINT('',(-2.15,0.975,1.2));
#1580=DIRECTION('',(0.0,0.0,1.0));
#1581=DIRECTION('',(1.0,0.0,0.0));
#1582=ORIENTED_EDGE('',*,*,#3320,.T.);
#1583=ORIENTED_EDGE('',*,*,#3155,.F.);
#1584=ORIENTED_EDGE('',*,*,#3319,.F.);
#1585=ORIENTED_EDGE('',*,*,#3317,.T.);
#1586=ORIENTED_EDGE('',*,*,#3315,.T.);
#1587=CARTESIAN_POINT('',(-1.8,0.975,1.2));
#1588=DIRECTION('',(-1.0,0.0,0.0));
#1589=DIRECTION('',(0.0,0.0,1.0));
#1590=ORIENTED_EDGE('',*,*,#3304,.T.);
#1591=ORIENTED_EDGE('',*,*,#3156,.F.);
#1592=ORIENTED_EDGE('',*,*,#3320,.F.);
#1593=ORIENTED_EDGE('',*,*,#3314,.T.);
#1594=CARTESIAN_POINT('',(-1.8,0.975,1.8));
#1595=DIRECTION('',(0.0,0.0,-1.0));
#1596=DIRECTION('',(0.0,-1.0,0.0));
#1597=ORIENTED_EDGE('',*,*,#3321,.T.);
#1598=ORIENTED_EDGE('',*,*,#3322,.T.);
#1599=ORIENTED_EDGE('',*,*,#3159,.F.);
#1600=ORIENTED_EDGE('',*,*,#3323,.F.);
#1601=ORIENTED_EDGE('',*,*,#3324,.T.);
#1602=ORIENTED_EDGE('',*,*,#3325,.T.);
#1603=ORIENTED_EDGE('',*,*,#3326,.F.);
#1604=ORIENTED_EDGE('',*,*,#3327,.F.);
#1605=ORIENTED_EDGE('',*,*,#3328,.T.);
#1606=ORIENTED_EDGE('',*,*,#3249,.T.);
#1607=ORIENTED_EDGE('',*,*,#3329,.T.);
#1608=ORIENTED_EDGE('',*,*,#3330,.F.);
#1609=ORIENTED_EDGE('',*,*,#3331,.F.);
#1610=ORIENTED_EDGE('',*,*,#3238,.T.);
#1611=ORIENTED_EDGE('',*,*,#3210,.F.);
#1612=ORIENTED_EDGE('',*,*,#3312,.T.);
#1613=CARTESIAN_POINT('',(2.75,-3.675,2.1));
#1614=DIRECTION('',(1.0,0.0,0.0));
#1615=DIRECTION('',(0.0,1.0,0.0));
#1616=ORIENTED_EDGE('',*,*,#3332,.T.);
#1617=ORIENTED_EDGE('',*,*,#3333,.F.);
#1618=ORIENTED_EDGE('',*,*,#3239,.F.);
#1619=ORIENTED_EDGE('',*,*,#3331,.T.);
#1620=CARTESIAN_POINT('',(2.75,-0.875,-1.6));
#1621=DIRECTION('',(0.707106781186548,0.707106781186548,0.0));
#1622=DIRECTION('',(0.0,0.0,-1.0));
#1623=ORIENTED_EDGE('',*,*,#3333,.T.);
#1624=ORIENTED_EDGE('',*,*,#3334,.T.);
#1625=ORIENTED_EDGE('',*,*,#3335,.F.);
#1626=ORIENTED_EDGE('',*,*,#3240,.F.);
#1627=CARTESIAN_POINT('',(2.95,-1.075,-1.6));
#1628=DIRECTION('',(-0.0,1.0,0.0));
#1629=DIRECTION('',(1.0,0.0,0.0));
#1630=ORIENTED_EDGE('',*,*,#3335,.T.);
#1631=ORIENTED_EDGE('',*,*,#3336,.T.);
#1632=ORIENTED_EDGE('',*,*,#3337,.F.);
#1633=ORIENTED_EDGE('',*,*,#3241,.F.);
#1634=CARTESIAN_POINT('',(4.25,-1.075,-1.6));
#1635=DIRECTION('',(1.0,0.0,0.0));
#1636=DIRECTION('',(0.0,1.0,0.0));
#1637=ORIENTED_EDGE('',*,*,#3337,.T.);
#1638=ORIENTED_EDGE('',*,*,#3338,.T.);
#1639=ORIENTED_EDGE('',*,*,#3339,.F.);
#1640=ORIENTED_EDGE('',*,*,#3242,.F.);
#1641=CARTESIAN_POINT('',(4.25,-3.075,-1.6));
#1642=DIRECTION('',(0.707106781186548,-0.707106781186548,0.0));
#1643=DIRECTION('',(0.0,0.0,-1.0));
#1644=ORIENTED_EDGE('',*,*,#3340,.F.);
#1645=ORIENTED_EDGE('',*,*,#3341,.F.);
#1646=ORIENTED_EDGE('',*,*,#3243,.F.);
#1647=ORIENTED_EDGE('',*,*,#3339,.T.);
#1648=ORIENTED_EDGE('',*,*,#3342,.T.);
#1649=ORIENTED_EDGE('',*,*,#3329,.F.);
#1650=ORIENTED_EDGE('',*,*,#3343,.F.);
#1651=ORIENTED_EDGE('',*,*,#3344,.F.);
#1652=ORIENTED_EDGE('',*,*,#3345,.F.);
#1653=CARTESIAN_POINT('',(3.95,-3.375,-1.6));
#1654=DIRECTION('',(0.0,-1.0,0.0));
#1655=DIRECTION('',(0.0,0.0,-1.0));
#1656=ORIENTED_EDGE('',*,*,#3346,.F.);
#1657=ORIENTED_EDGE('',*,*,#3347,.F.);
#1658=ORIENTED_EDGE('',*,*,#3348,.F.);
#1659=ORIENTED_EDGE('',*,*,#3349,.F.);
#1660=ORIENTED_EDGE('',*,*,#3350,.F.);
#1661=ORIENTED_EDGE('',*,*,#3351,.F.);
#1662=ORIENTED_EDGE('',*,*,#3352,.F.);
#1663=ORIENTED_EDGE('',*,*,#3345,.T.);
#1664=CARTESIAN_POINT('',(2.75,-3.675,0.6));
#1665=DIRECTION('',(0.0,0.0,-1.0));
#1666=DIRECTION('',(0.0,-1.0,0.0));
#1667=ORIENTED_EDGE('',*,*,#3353,.F.);
#1668=ORIENTED_EDGE('',*,*,#3354,.F.);
#1669=ORIENTED_EDGE('',*,*,#3355,.F.);
#1670=ORIENTED_EDGE('',*,*,#3356,.F.);
#1671=ORIENTED_EDGE('',*,*,#3357,.F.);
#1672=ORIENTED_EDGE('',*,*,#3358,.F.);
#1673=ORIENTED_EDGE('',*,*,#3359,.F.);
#1674=ORIENTED_EDGE('',*,*,#3360,.T.);
#1675=CARTESIAN_POINT('',(2.75,-3.675,0.6));
#1676=DIRECTION('',(0.0,0.0,-1.0));
#1677=DIRECTION('',(0.0,-1.0,0.0));
#1678=ORIENTED_EDGE('',*,*,#3361,.T.);
#1679=ORIENTED_EDGE('',*,*,#3362,.F.);
#1680=ORIENTED_EDGE('',*,*,#3363,.T.);
#1681=ORIENTED_EDGE('',*,*,#3364,.F.);
#1682=CARTESIAN_POINT('',(3.22,-2.455,-1.6));
#1683=DIRECTION('',(1.0,0.0,0.0));
#1684=DIRECTION('',(0.0,1.0,0.0));
#1685=ORIENTED_EDGE('',*,*,#3352,.T.);
#1686=ORIENTED_EDGE('',*,*,#3365,.F.);
#1687=ORIENTED_EDGE('',*,*,#3366,.F.);
#1688=ORIENTED_EDGE('',*,*,#3340,.T.);
#1689=CARTESIAN_POINT('',(3.22,-2.455,-1.6));
#1690=DIRECTION('',(1.0,0.0,0.0));
#1691=DIRECTION('',(0.0,1.0,0.0));
#1692=ORIENTED_EDGE('',*,*,#3367,.F.);
#1693=ORIENTED_EDGE('',*,*,#3244,.T.);
#1694=ORIENTED_EDGE('',*,*,#3368,.T.);
#1695=ORIENTED_EDGE('',*,*,#3364,.T.);
#1696=ORIENTED_EDGE('',*,*,#3369,.T.);
#1697=CARTESIAN_POINT('',(3.44,-2.405,-1.6));
#1698=DIRECTION('',(-0.707106781186548,0.0,-0.707106781186548));
#1699=DIRECTION('',(-0.707106781186548,0.0,0.707106781186548));
#1700=ORIENTED_EDGE('',*,*,#3369,.F.);
#1701=ORIENTED_EDGE('',*,*,#3363,.F.);
#1702=ORIENTED_EDGE('',*,*,#3370,.F.);
#1703=ORIENTED_EDGE('',*,*,#3371,.T.);
#1704=ORIENTED_EDGE('',*,*,#3372,.F.);
#1705=CARTESIAN_POINT('',(3.27,-2.455,-1.6));
#1706=DIRECTION('',(-0.0,0.0,1.0));
#1707=DIRECTION('',(1.0,0.0,0.0));
#1708=ORIENTED_EDGE('',*,*,#3373,.F.);
#1709=ORIENTED_EDGE('',*,*,#3245,.T.);
#1710=ORIENTED_EDGE('',*,*,#3367,.T.);
#1711=ORIENTED_EDGE('',*,*,#3372,.T.);
#1712=ORIENTED_EDGE('',*,*,#3374,.F.);
#1713=CARTESIAN_POINT('',(3.77,-2.625,-1.6));
#1714=DIRECTION('',(0.0,0.707106781186548,-0.707106781186548));
#1715=DIRECTION('',(-1.0,0.0,0.0));
#1716=ORIENTED_EDGE('',*,*,#3371,.F.);
#1717=ORIENTED_EDGE('',*,*,#3375,.F.);
#1718=ORIENTED_EDGE('',*,*,#3376,.T.);
#1719=ORIENTED_EDGE('',*,*,#3374,.T.);
#1720=CARTESIAN_POINT('',(3.77,-2.405,-1.6));
#1721=DIRECTION('',(0.0,-1.0,0.0));
#1722=DIRECTION('',(0.0,0.0,-1.0));
#1723=ORIENTED_EDGE('',*,*,#3376,.F.);
#1724=ORIENTED_EDGE('',*,*,#3377,.F.);
#1725=ORIENTED_EDGE('',*,*,#3378,.T.);
#1726=ORIENTED_EDGE('',*,*,#3379,.T.);
#1727=CARTESIAN_POINT('',(3.77,-2.155,-1.6));
#1728=DIRECTION('',(1.0,0.0,0.0));
#1729=DIRECTION('',(0.0,1.0,0.0));
#1730=ORIENTED_EDGE('',*,*,#3380,.F.);
#1731=ORIENTED_EDGE('',*,*,#3246,.T.);
#1732=ORIENTED_EDGE('',*,*,#3373,.T.);
#1733=ORIENTED_EDGE('',*,*,#3379,.F.);
#1734=CARTESIAN_POINT('',(3.99,-2.155,-1.6));
#1735=DIRECTION('',(-0.707106781186548,0.0,-0.707106781186548));
#1736=DIRECTION('',(-0.707106781186548,0.0,0.707106781186548));
#1737=ORIENTED_EDGE('',*,*,#3381,.F.);
#1738=ORIENTED_EDGE('',*,*,#3382,.F.);
#1739=ORIENTED_EDGE('',*,*,#3247,.T.);
#1740=ORIENTED_EDGE('',*,*,#3380,.T.);
#1741=ORIENTED_EDGE('',*,*,#3383,.F.);
#1742=CARTESIAN_POINT('',(2.97,-1.935,-1.6));
#1743=DIRECTION('',(0.0,-0.707106781186548,-0.707106781186548));
#1744=DIRECTION('',(0.0,-0.707106781186548,0.707106781186548));
#1745=ORIENTED_EDGE('',*,*,#3378,.F.);
#1746=ORIENTED_EDGE('',*,*,#3384,.F.);
#1747=ORIENTED_EDGE('',*,*,#3385,.T.);
#1748=ORIENTED_EDGE('',*,*,#3383,.T.);
#1749=CARTESIAN_POINT('',(3.27,-2.155,-1.6));
#1750=DIRECTION('',(-0.0,1.0,0.0));
#1751=DIRECTION('',(1.0,0.0,0.0));
#1752=ORIENTED_EDGE('',*,*,#3386,.T.);
#1753=ORIENTED_EDGE('',*,*,#3385,.F.);
#1754=ORIENTED_EDGE('',*,*,#3387,.F.);
#1755=ORIENTED_EDGE('',*,*,#3388,.T.);
#1756=ORIENTED_EDGE('',*,*,#3389,.F.);
#1757=ORIENTED_EDGE('',*,*,#3390,.T.);
#1758=CARTESIAN_POINT('',(3.27,-2.455,-1.6));
#1759=DIRECTION('',(-0.0,0.0,1.0));
#1760=DIRECTION('',(1.0,0.0,0.0));
#1761=ORIENTED_EDGE('',*,*,#3391,.T.);
#1762=ORIENTED_EDGE('',*,*,#3392,.T.);
#1763=ORIENTED_EDGE('',*,*,#3390,.F.);
#1764=CARTESIAN_POINT('',(2.75,-3.675,-1.1));
#1765=DIRECTION('',(0.0,0.0,-1.0));
#1766=DIRECTION('',(0.0,-1.0,0.0));
#1767=ORIENTED_EDGE('',*,*,#3393,.T.);
#1768=ORIENTED_EDGE('',*,*,#3394,.T.);
#1769=ORIENTED_EDGE('',*,*,#3395,.F.);
#1770=CARTESIAN_POINT('',(2.75,-3.675,-1.1));
#1771=DIRECTION('',(0.0,0.0,-1.0));
#1772=DIRECTION('',(0.0,-1.0,0.0));
#1773=ORIENTED_EDGE('',*,*,#3392,.F.);
#1774=ORIENTED_EDGE('',*,*,#3396,.F.);
#1775=ORIENTED_EDGE('',*,*,#3381,.T.);
#1776=ORIENTED_EDGE('',*,*,#3386,.F.);
#1777=CARTESIAN_POINT('',(2.97,-2.155,-1.6));
#1778=DIRECTION('',(-0.0,1.0,0.0));
#1779=DIRECTION('',(1.0,0.0,0.0));
#1780=ORIENTED_EDGE('',*,*,#3397,.T.);
#1781=ORIENTED_EDGE('',*,*,#3396,.T.);
#1782=ORIENTED_EDGE('',*,*,#3391,.F.);
#1783=ORIENTED_EDGE('',*,*,#3389,.T.);
#1784=CARTESIAN_POINT('',(2.97,-3.155,-1.6));
#1785=DIRECTION('',(-1.0,0.0,0.0));
#1786=DIRECTION('',(0.0,0.0,1.0));
#1787=ORIENTED_EDGE('',*,*,#3398,.F.);
#1788=ORIENTED_EDGE('',*,*,#3248,.T.);
#1789=ORIENTED_EDGE('',*,*,#3382,.T.);
#1790=ORIENTED_EDGE('',*,*,#3397,.F.);
#1791=ORIENTED_EDGE('',*,*,#3399,.F.);
#1792=CARTESIAN_POINT('',(2.75,-3.155,-1.6));
#1793=DIRECTION('',(0.707106781186548,0.0,-0.707106781186548));
#1794=DIRECTION('',(0.0,-1.0,0.0));
#1795=ORIENTED_EDGE('',*,*,#3400,.F.);
#1796=ORIENTED_EDGE('',*,*,#3401,.T.);
#1797=ORIENTED_EDGE('',*,*,#3346,.T.);
#1798=ORIENTED_EDGE('',*,*,#3344,.T.);
#1799=CARTESIAN_POINT('',(2.97,-3.425,-1.6));
#1800=DIRECTION('',(-1.0,0.0,0.0));
#1801=DIRECTION('',(0.0,0.0,1.0));
#1802=ORIENTED_EDGE('',*,*,#3388,.F.);
#1803=ORIENTED_EDGE('',*,*,#3402,.F.);
#1804=ORIENTED_EDGE('',*,*,#3403,.F.);
#1805=ORIENTED_EDGE('',*,*,#3399,.T.);
#1806=CARTESIAN_POINT('',(2.97,-3.425,-1.6));
#1807=DIRECTION('',(-1.0,0.0,0.0));
#1808=DIRECTION('',(0.0,0.0,1.0));
#1809=ORIENTED_EDGE('',*,*,#3404,.T.);
#1810=ORIENTED_EDGE('',*,*,#3347,.T.);
#1811=ORIENTED_EDGE('',*,*,#3401,.F.);
#1812=ORIENTED_EDGE('',*,*,#3405,.F.);
#1813=CARTESIAN_POINT('',(3.27,-3.425,-1.6));
#1814=DIRECTION('',(-0.0,0.0,1.0));
#1815=DIRECTION('',(1.0,0.0,0.0));
#1816=ORIENTED_EDGE('',*,*,#3366,.T.);
#1817=ORIENTED_EDGE('',*,*,#3406,.T.);
#1818=ORIENTED_EDGE('',*,*,#3407,.T.);
#1819=ORIENTED_EDGE('',*,*,#3408,.T.);
#1820=ORIENTED_EDGE('',*,*,#3409,.T.);
#1821=ORIENTED_EDGE('',*,*,#3405,.T.);
#1822=ORIENTED_EDGE('',*,*,#3400,.T.);
#1823=ORIENTED_EDGE('',*,*,#3402,.T.);
#1824=ORIENTED_EDGE('',*,*,#3387,.T.);
#1825=ORIENTED_EDGE('',*,*,#3384,.T.);
#1826=ORIENTED_EDGE('',*,*,#3377,.T.);
#1827=ORIENTED_EDGE('',*,*,#3375,.T.);
#1828=ORIENTED_EDGE('',*,*,#3370,.T.);
#1829=ORIENTED_EDGE('',*,*,#3362,.T.);
#1830=CARTESIAN_POINT('',(2.75,-3.675,-1.6));
#1831=DIRECTION('',(0.0,0.0,-1.0));
#1832=DIRECTION('',(0.0,-1.0,0.0));
#1833=ORIENTED_EDGE('',*,*,#3410,.T.);
#1834=ORIENTED_EDGE('',*,*,#3411,.T.);
#1835=ORIENTED_EDGE('',*,*,#3412,.T.);
#1836=ORIENTED_EDGE('',*,*,#3413,.T.);
#1837=ORIENTED_EDGE('',*,*,#3414,.T.);
#1838=ORIENTED_EDGE('',*,*,#3415,.T.);
#1839=ORIENTED_EDGE('',*,*,#3416,.T.);
#1840=ORIENTED_EDGE('',*,*,#3417,.T.);
#1841=ORIENTED_EDGE('',*,*,#3418,.T.);
#1842=ORIENTED_EDGE('',*,*,#3419,.T.);
#1843=ORIENTED_EDGE('',*,*,#3420,.T.);
#1844=ORIENTED_EDGE('',*,*,#3421,.T.);
#1845=ORIENTED_EDGE('',*,*,#3422,.T.);
#1846=ORIENTED_EDGE('',*,*,#3423,.T.);
#1847=CARTESIAN_POINT('',(2.75,-3.675,-1.6));
#1848=DIRECTION('',(0.0,0.0,-1.0));
#1849=DIRECTION('',(0.0,-1.0,0.0));
#1850=ORIENTED_EDGE('',*,*,#3424,.T.);
#1851=ORIENTED_EDGE('',*,*,#3425,.T.);
#1852=ORIENTED_EDGE('',*,*,#3426,.F.);
#1853=ORIENTED_EDGE('',*,*,#3348,.T.);
#1854=ORIENTED_EDGE('',*,*,#3404,.F.);
#1855=ORIENTED_EDGE('',*,*,#3409,.F.);
#1856=CARTESIAN_POINT('',(4.45,-3.725,-1.6));
#1857=DIRECTION('',(0.0,-1.0,0.0));
#1858=DIRECTION('',(0.0,0.0,-1.0));
#1859=ORIENTED_EDGE('',*,*,#3426,.T.);
#1860=ORIENTED_EDGE('',*,*,#3427,.F.);
#1861=ORIENTED_EDGE('',*,*,#3428,.F.);
#1862=ORIENTED_EDGE('',*,*,#3349,.T.);
#1863=CARTESIAN_POINT('',(4.25,-3.475,0.6));
#1864=DIRECTION('',(0.707106781186548,0.0,0.707106781186548));
#1865=DIRECTION('',(0.0,-1.0,0.0));
#1866=ORIENTED_EDGE('',*,*,#3429,.T.);
#1867=ORIENTED_EDGE('',*,*,#3350,.T.);
#1868=ORIENTED_EDGE('',*,*,#3428,.T.);
#1869=ORIENTED_EDGE('',*,*,#3430,.F.);
#1870=ORIENTED_EDGE('',*,*,#3431,.F.);
#1871=ORIENTED_EDGE('',*,*,#3407,.F.);
#1872=CARTESIAN_POINT('',(3.27,-3.475,-1.6));
#1873=DIRECTION('',(-0.0,1.0,0.0));
#1874=DIRECTION('',(1.0,0.0,0.0));
#1875=ORIENTED_EDGE('',*,*,#3431,.T.);
#1876=ORIENTED_EDGE('',*,*,#3432,.T.);
#1877=ORIENTED_EDGE('',*,*,#3424,.F.);
#1878=ORIENTED_EDGE('',*,*,#3408,.F.);
#1879=CARTESIAN_POINT('',(4.25,-3.475,-1.6));
#1880=DIRECTION('',(-0.707106781186548,0.0,0.707106781186548));
#1881=DIRECTION('',(0.0,1.0,0.0));
#1882=ORIENTED_EDGE('',*,*,#3430,.T.);
#1883=ORIENTED_EDGE('',*,*,#3427,.T.);
#1884=ORIENTED_EDGE('',*,*,#3425,.F.);
#1885=ORIENTED_EDGE('',*,*,#3432,.F.);
#1886=CARTESIAN_POINT('',(4.45,-3.475,-1.6));
#1887=DIRECTION('',(1.0,0.0,0.0));
#1888=DIRECTION('',(0.0,1.0,0.0));
#1889=ORIENTED_EDGE('',*,*,#3365,.T.);
#1890=ORIENTED_EDGE('',*,*,#3351,.T.);
#1891=ORIENTED_EDGE('',*,*,#3429,.F.);
#1892=ORIENTED_EDGE('',*,*,#3406,.F.);
#1893=CARTESIAN_POINT('',(3.27,-3.425,-1.6));
#1894=DIRECTION('',(-0.0,0.0,1.0));
#1895=DIRECTION('',(1.0,0.0,0.0));
#1896=ORIENTED_EDGE('',*,*,#3359,.T.);
#1897=ORIENTED_EDGE('',*,*,#3433,.F.);
#1898=ORIENTED_EDGE('',*,*,#3410,.F.);
#1899=ORIENTED_EDGE('',*,*,#3434,.F.);
#1900=CARTESIAN_POINT('',(-2.97,-2.455,-1.6));
#1901=DIRECTION('',(1.0,0.0,0.0));
#1902=DIRECTION('',(0.0,1.0,0.0));
#1903=ORIENTED_EDGE('',*,*,#3423,.F.);
#1904=ORIENTED_EDGE('',*,*,#3435,.T.);
#1905=ORIENTED_EDGE('',*,*,#3436,.F.);
#1906=ORIENTED_EDGE('',*,*,#3437,.T.);
#1907=CARTESIAN_POINT('',(-2.97,-2.455,-1.6));
#1908=DIRECTION('',(1.0,0.0,0.0));
#1909=DIRECTION('',(0.0,1.0,0.0));
#1910=ORIENTED_EDGE('',*,*,#3434,.T.);
#1911=ORIENTED_EDGE('',*,*,#3438,.F.);
#1912=ORIENTED_EDGE('',*,*,#3297,.T.);
#1913=ORIENTED_EDGE('',*,*,#3439,.T.);
#1914=ORIENTED_EDGE('',*,*,#3440,.F.);
#1915=ORIENTED_EDGE('',*,*,#3273,.F.);
#1916=ORIENTED_EDGE('',*,*,#3441,.F.);
#1917=ORIENTED_EDGE('',*,*,#3442,.T.);
#1918=ORIENTED_EDGE('',*,*,#3360,.F.);
#1919=CARTESIAN_POINT('',(-2.75,-3.375,-1.6));
#1920=DIRECTION('',(0.0,-1.0,0.0));
#1921=DIRECTION('',(0.0,0.0,-1.0));
#1922=ORIENTED_EDGE('',*,*,#3443,.T.);
#1923=ORIENTED_EDGE('',*,*,#3444,.F.);
#1924=ORIENTED_EDGE('',*,*,#3417,.F.);
#1925=ORIENTED_EDGE('',*,*,#3445,.F.);
#1926=CARTESIAN_POINT('',(-3.22,-3.425,-1.6));
#1927=DIRECTION('',(-1.0,0.0,0.0));
#1928=DIRECTION('',(0.0,0.0,1.0));
#1929=ORIENTED_EDGE('',*,*,#3446,.T.);
#1930=ORIENTED_EDGE('',*,*,#3353,.T.);
#1931=ORIENTED_EDGE('',*,*,#3442,.F.);
#1932=ORIENTED_EDGE('',*,*,#3416,.F.);
#1933=CARTESIAN_POINT('',(-3.22,-3.425,-1.6));
#1934=DIRECTION('',(-1.0,0.0,0.0));
#1935=DIRECTION('',(0.0,0.0,1.0));
#1936=ORIENTED_EDGE('',*,*,#3447,.F.);
#1937=ORIENTED_EDGE('',*,*,#3438,.T.);
#1938=ORIENTED_EDGE('',*,*,#3437,.F.);
#1939=CARTESIAN_POINT('',(-2.97,-3.375,-1.6));
#1940=DIRECTION('',(0.0,0.707106781186548,-0.707106781186548));
#1941=DIRECTION('',(-1.0,0.0,0.0));
#1942=ORIENTED_EDGE('',*,*,#3441,.T.);
#1943=ORIENTED_EDGE('',*,*,#3448,.T.);
#1944=ORIENTED_EDGE('',*,*,#3445,.T.);
#1945=CARTESIAN_POINT('',(-2.97,-3.375,-1.6));
#1946=DIRECTION('',(0.0,0.707106781186548,-0.707106781186548));
#1947=DIRECTION('',(-1.0,0.0,0.0));
#1948=ORIENTED_EDGE('',*,*,#3449,.F.);
#1949=ORIENTED_EDGE('',*,*,#3450,.F.);
#1950=ORIENTED_EDGE('',*,*,#3268,.T.);
#1951=ORIENTED_EDGE('',*,*,#3447,.T.);
#1952=ORIENTED_EDGE('',*,*,#3436,.T.);
#1953=CARTESIAN_POINT('',(-2.75,-2.155,-1.6));
#1954=DIRECTION('',(-0.707106781186548,0.0,-0.707106781186548));
#1955=DIRECTION('',(-0.707106781186548,0.0,0.707106781186548));
#1956=ORIENTED_EDGE('',*,*,#3451,.F.);
#1957=ORIENTED_EDGE('',*,*,#3269,.T.);
#1958=ORIENTED_EDGE('',*,*,#3450,.T.);
#1959=ORIENTED_EDGE('',*,*,#3452,.F.);
#1960=ORIENTED_EDGE('',*,*,#3453,.F.);
#1961=CARTESIAN_POINT('',(-3.77,-1.935,-1.6));
#1962=DIRECTION('',(0.0,-0.707106781186548,-0.707106781186548));
#1963=DIRECTION('',(0.0,-0.707106781186548,0.707106781186548));
#1964=ORIENTED_EDGE('',*,*,#3454,.F.);
#1965=ORIENTED_EDGE('',*,*,#3421,.F.);
#1966=ORIENTED_EDGE('',*,*,#3455,.T.);
#1967=ORIENTED_EDGE('',*,*,#3453,.T.);
#1968=CARTESIAN_POINT('',(-3.77,-2.155,-1.6));
#1969=DIRECTION('',(-0.0,1.0,0.0));
#1970=DIRECTION('',(1.0,0.0,0.0));
#1971=ORIENTED_EDGE('',*,*,#3455,.F.);
#1972=ORIENTED_EDGE('',*,*,#3420,.F.);
#1973=ORIENTED_EDGE('',*,*,#3456,.T.);
#1974=ORIENTED_EDGE('',*,*,#3457,.T.);
#1975=CARTESIAN_POINT('',(-3.77,-2.405,-1.6));
#1976=DIRECTION('',(-1.0,0.0,0.0));
#1977=DIRECTION('',(0.0,0.0,1.0));
#1978=ORIENTED_EDGE('',*,*,#3458,.F.);
#1979=ORIENTED_EDGE('',*,*,#3270,.T.);
#1980=ORIENTED_EDGE('',*,*,#3451,.T.);
#1981=ORIENTED_EDGE('',*,*,#3457,.F.);
#1982=CARTESIAN_POINT('',(-3.99,-2.405,-1.6));
#1983=DIRECTION('',(0.707106781186548,0.0,-0.707106781186548));
#1984=DIRECTION('',(0.0,-1.0,0.0));
#1985=ORIENTED_EDGE('',*,*,#3459,.F.);
#1986=ORIENTED_EDGE('',*,*,#3271,.T.);
#1987=ORIENTED_EDGE('',*,*,#3458,.T.);
#1988=ORIENTED_EDGE('',*,*,#3460,.F.);
#1989=ORIENTED_EDGE('',*,*,#3461,.T.);
#1990=CARTESIAN_POINT('',(-3.22,-2.625,-1.6));
#1991=DIRECTION('',(0.0,0.707106781186548,-0.707106781186548));
#1992=DIRECTION('',(-1.0,0.0,0.0));
#1993=ORIENTED_EDGE('',*,*,#3461,.F.);
#1994=ORIENTED_EDGE('',*,*,#3462,.F.);
#1995=ORIENTED_EDGE('',*,*,#3418,.F.);
#1996=ORIENTED_EDGE('',*,*,#3444,.T.);
#1997=ORIENTED_EDGE('',*,*,#3463,.F.);
#1998=CARTESIAN_POINT('',(-3.27,-2.455,-1.6));
#1999=DIRECTION('',(-0.0,0.0,1.0));
#2000=DIRECTION('',(1.0,0.0,0.0));
#2001=ORIENTED_EDGE('',*,*,#3448,.F.);
#2002=ORIENTED_EDGE('',*,*,#3272,.T.);
#2003=ORIENTED_EDGE('',*,*,#3459,.T.);
#2004=ORIENTED_EDGE('',*,*,#3463,.T.);
#2005=ORIENTED_EDGE('',*,*,#3443,.F.);
#2006=CARTESIAN_POINT('',(-3.44,-3.155,-1.6));
#2007=DIRECTION('',(0.707106781186548,0.0,-0.707106781186548));
#2008=DIRECTION('',(0.0,-1.0,0.0));
#2009=ORIENTED_EDGE('',*,*,#3456,.F.);
#2010=ORIENTED_EDGE('',*,*,#3419,.F.);
#2011=ORIENTED_EDGE('',*,*,#3462,.T.);
#2012=ORIENTED_EDGE('',*,*,#3460,.T.);
#2013=CARTESIAN_POINT('',(-3.27,-2.405,-1.6));
#2014=DIRECTION('',(0.0,-1.0,0.0));
#2015=DIRECTION('',(0.0,0.0,-1.0));
#2016=ORIENTED_EDGE('',*,*,#3464,.T.);
#2017=ORIENTED_EDGE('',*,*,#3435,.F.);
#2018=ORIENTED_EDGE('',*,*,#3422,.F.);
#2019=ORIENTED_EDGE('',*,*,#3454,.T.);
#2020=ORIENTED_EDGE('',*,*,#3465,.F.);
#2021=ORIENTED_EDGE('',*,*,#3395,.T.);
#2022=CARTESIAN_POINT('',(-3.27,-2.455,-1.6));
#2023=DIRECTION('',(-0.0,0.0,1.0));
#2024=DIRECTION('',(1.0,0.0,0.0));
#2025=ORIENTED_EDGE('',*,*,#3452,.T.);
#2026=ORIENTED_EDGE('',*,*,#3466,.T.);
#2027=ORIENTED_EDGE('',*,*,#3393,.F.);
#2028=ORIENTED_EDGE('',*,*,#3465,.T.);
#2029=CARTESIAN_POINT('',(-3.77,-2.155,-1.6));
#2030=DIRECTION('',(-0.0,1.0,0.0));
#2031=DIRECTION('',(1.0,0.0,0.0));
#2032=ORIENTED_EDGE('',*,*,#3394,.F.);
#2033=ORIENTED_EDGE('',*,*,#3466,.F.);
#2034=ORIENTED_EDGE('',*,*,#3449,.T.);
#2035=ORIENTED_EDGE('',*,*,#3464,.F.);
#2036=CARTESIAN_POINT('',(-2.97,-2.155,-1.6));
#2037=DIRECTION('',(1.0,0.0,0.0));
#2038=DIRECTION('',(0.0,1.0,0.0));
#2039=ORIENTED_EDGE('',*,*,#3467,.T.);
#2040=ORIENTED_EDGE('',*,*,#3354,.T.);
#2041=ORIENTED_EDGE('',*,*,#3446,.F.);
#2042=ORIENTED_EDGE('',*,*,#3415,.F.);
#2043=CARTESIAN_POINT('',(-3.27,-3.425,-1.6));
#2044=DIRECTION('',(-0.0,0.0,1.0));
#2045=DIRECTION('',(1.0,0.0,0.0));
#2046=ORIENTED_EDGE('',*,*,#3468,.T.);
#2047=ORIENTED_EDGE('',*,*,#3469,.T.);
#2048=ORIENTED_EDGE('',*,*,#3470,.F.);
#2049=ORIENTED_EDGE('',*,*,#3355,.T.);
#2050=ORIENTED_EDGE('',*,*,#3467,.F.);
#2051=ORIENTED_EDGE('',*,*,#3414,.F.);
#2052=CARTESIAN_POINT('',(-4.45,-3.475,-1.6));
#2053=DIRECTION('',(-0.0,1.0,0.0));
#2054=DIRECTION('',(1.0,0.0,0.0));
#2055=ORIENTED_EDGE('',*,*,#3470,.T.);
#2056=ORIENTED_EDGE('',*,*,#3471,.F.);
#2057=ORIENTED_EDGE('',*,*,#3472,.F.);
#2058=ORIENTED_EDGE('',*,*,#3356,.T.);
#2059=CARTESIAN_POINT('',(-4.25,-3.725,0.6));
#2060=DIRECTION('',(-0.707106781186548,0.0,0.707106781186548));
#2061=DIRECTION('',(0.0,1.0,0.0));
#2062=ORIENTED_EDGE('',*,*,#3473,.T.);
#2063=ORIENTED_EDGE('',*,*,#3357,.T.);
#2064=ORIENTED_EDGE('',*,*,#3472,.T.);
#2065=ORIENTED_EDGE('',*,*,#3474,.F.);
#2066=ORIENTED_EDGE('',*,*,#3475,.F.);
#2067=ORIENTED_EDGE('',*,*,#3412,.F.);
#2068=CARTESIAN_POINT('',(-3.27,-3.725,-1.6));
#2069=DIRECTION('',(0.0,-1.0,0.0));
#2070=DIRECTION('',(0.0,0.0,-1.0));
#2071=ORIENTED_EDGE('',*,*,#3475,.T.);
#2072=ORIENTED_EDGE('',*,*,#3476,.T.);
#2073=ORIENTED_EDGE('',*,*,#3468,.F.);
#2074=ORIENTED_EDGE('',*,*,#3413,.F.);
#2075=CARTESIAN_POINT('',(-4.25,-3.725,-1.6));
#2076=DIRECTION('',(0.707106781186548,0.0,0.707106781186548));
#2077=DIRECTION('',(0.0,-1.0,0.0));
#2078=ORIENTED_EDGE('',*,*,#3474,.T.);
#2079=ORIENTED_EDGE('',*,*,#3471,.T.);
#2080=ORIENTED_EDGE('',*,*,#3469,.F.);
#2081=ORIENTED_EDGE('',*,*,#3476,.F.);
#2082=CARTESIAN_POINT('',(-4.45,-3.725,-1.6));
#2083=DIRECTION('',(-1.0,0.0,0.0));
#2084=DIRECTION('',(0.0,0.0,1.0));
#2085=ORIENTED_EDGE('',*,*,#3433,.T.);
#2086=ORIENTED_EDGE('',*,*,#3358,.T.);
#2087=ORIENTED_EDGE('',*,*,#3473,.F.);
#2088=ORIENTED_EDGE('',*,*,#3411,.F.);
#2089=CARTESIAN_POINT('',(-3.27,-3.425,-1.6));
#2090=DIRECTION('',(-0.0,0.0,1.0));
#2091=DIRECTION('',(1.0,0.0,0.0));
#2092=ORIENTED_EDGE('',*,*,#3440,.T.);
#2093=ORIENTED_EDGE('',*,*,#3477,.T.);
#2094=ORIENTED_EDGE('',*,*,#3478,.F.);
#2095=ORIENTED_EDGE('',*,*,#3274,.F.);
#2096=CARTESIAN_POINT('',(-3.95,-3.375,-1.6));
#2097=DIRECTION('',(-0.707106781186548,-0.707106781186548,0.0));
#2098=DIRECTION('',(-0.707106781186548,0.707106781186548,0.0));
#2099=ORIENTED_EDGE('',*,*,#3478,.T.);
#2100=ORIENTED_EDGE('',*,*,#3479,.T.);
#2101=ORIENTED_EDGE('',*,*,#3480,.F.);
#2102=ORIENTED_EDGE('',*,*,#3275,.F.);
#2103=CARTESIAN_POINT('',(-4.25,-3.075,-1.6));
#2104=DIRECTION('',(-1.0,0.0,0.0));
#2105=DIRECTION('',(0.0,0.0,1.0));
#2106=ORIENTED_EDGE('',*,*,#3480,.T.);
#2107=ORIENTED_EDGE('',*,*,#3481,.T.);
#2108=ORIENTED_EDGE('',*,*,#3482,.F.);
#2109=ORIENTED_EDGE('',*,*,#3276,.F.);
#2110=CARTESIAN_POINT('',(-4.25,-1.075,-1.6));
#2111=DIRECTION('',(-0.0,1.0,0.0));
#2112=DIRECTION('',(1.0,0.0,0.0));
#2113=ORIENTED_EDGE('',*,*,#3277,.F.);
#2114=ORIENTED_EDGE('',*,*,#3482,.T.);
#2115=ORIENTED_EDGE('',*,*,#3483,.T.);
#2116=ORIENTED_EDGE('',*,*,#3295,.F.);
#2117=CARTESIAN_POINT('',(-2.95,-1.075,-1.6));
#2118=DIRECTION('',(-0.707106781186598,0.707106781186498,0.0));
#2119=DIRECTION('',(0.0,0.0,1.0));
#2120=ORIENTED_EDGE('',*,*,#3483,.F.);
#2121=ORIENTED_EDGE('',*,*,#3481,.F.);
#2122=ORIENTED_EDGE('',*,*,#3479,.F.);
#2123=ORIENTED_EDGE('',*,*,#3477,.F.);
#2124=ORIENTED_EDGE('',*,*,#3439,.F.);
#2125=ORIENTED_EDGE('',*,*,#3296,.F.);
#2126=CARTESIAN_POINT('',(2.75,-3.675,1.2));
#2127=DIRECTION('',(0.0,0.0,-1.0));
#2128=DIRECTION('',(0.0,-1.0,0.0));
#2129=ORIENTED_EDGE('',*,*,#3342,.F.);
#2130=ORIENTED_EDGE('',*,*,#3338,.F.);
#2131=ORIENTED_EDGE('',*,*,#3336,.F.);
#2132=ORIENTED_EDGE('',*,*,#3334,.F.);
#2133=ORIENTED_EDGE('',*,*,#3332,.F.);
#2134=ORIENTED_EDGE('',*,*,#3330,.T.);
#2135=CARTESIAN_POINT('',(2.75,-3.675,1.2));
#2136=DIRECTION('',(0.0,0.0,-1.0));
#2137=DIRECTION('',(0.0,-1.0,0.0));
#2138=ORIENTED_EDGE('',*,*,#3368,.F.);
#2139=ORIENTED_EDGE('',*,*,#3341,.T.);
#2140=ORIENTED_EDGE('',*,*,#3361,.F.);
#2141=CARTESIAN_POINT('',(3.22,-3.375,-1.6));
#2142=DIRECTION('',(0.0,0.707106781186548,-0.707106781186548));
#2143=DIRECTION('',(-1.0,0.0,0.0));
#2144=ORIENTED_EDGE('',*,*,#3343,.T.);
#2145=ORIENTED_EDGE('',*,*,#3398,.T.);
#2146=ORIENTED_EDGE('',*,*,#3403,.T.);
#2147=CARTESIAN_POINT('',(3.22,-3.375,-1.6));
#2148=DIRECTION('',(0.0,0.707106781186548,-0.707106781186548));
#2149=DIRECTION('',(-1.0,0.0,0.0));
#2150=ORIENTED_EDGE('',*,*,#3484,.F.);
#2151=ORIENTED_EDGE('',*,*,#3485,.F.);
#2152=ORIENTED_EDGE('',*,*,#3302,.F.);
#2153=ORIENTED_EDGE('',*,*,#3486,.T.);
#2154=CARTESIAN_POINT('',(0.0,-3.675,0.0));
#2155=DIRECTION('',(-0.0,1.0,0.0));
#2156=DIRECTION('',(1.0,0.0,0.0));
#2157=ORIENTED_EDGE('',*,*,#3324,.F.);
#2158=ORIENTED_EDGE('',*,*,#3487,.F.);
#2159=ORIENTED_EDGE('',*,*,#3488,.T.);
#2160=ORIENTED_EDGE('',*,*,#3489,.T.);
#2161=CARTESIAN_POINT('',(0.0,-3.675,0.0));
#2162=DIRECTION('',(-0.0,1.0,0.0));
#2163=DIRECTION('',(1.0,0.0,0.0));
#2164=ORIENTED_EDGE('',*,*,#3298,.F.);
#2165=ORIENTED_EDGE('',*,*,#3266,.F.);
#2166=ORIENTED_EDGE('',*,*,#3490,.F.);
#2167=ORIENTED_EDGE('',*,*,#3491,.F.);
#2168=CARTESIAN_POINT('',(0.0,-3.675,0.0));
#2169=DIRECTION('',(-0.0,1.0,0.0));
#2170=DIRECTION('',(1.0,0.0,0.0));
#2171=ORIENTED_EDGE('',*,*,#3492,.T.);
#2172=ORIENTED_EDGE('',*,*,#3250,.F.);
#2173=ORIENTED_EDGE('',*,*,#3328,.F.);
#2174=ORIENTED_EDGE('',*,*,#3493,.F.);
#2175=CARTESIAN_POINT('',(0.0,-3.675,0.0));
#2176=DIRECTION('',(-0.0,1.0,0.0));
#2177=DIRECTION('',(1.0,0.0,0.0));
#2178=ORIENTED_EDGE('',*,*,#3301,.T.);
#2179=ORIENTED_EDGE('',*,*,#3494,.T.);
#2180=ORIENTED_EDGE('',*,*,#3495,.F.);
#2181=ORIENTED_EDGE('',*,*,#3486,.F.);
#2182=CARTESIAN_POINT('',(-2.75,-3.525,1.2));
#2183=DIRECTION('',(0.0,0.0,1.0));
#2184=DIRECTION('',(1.0,0.0,0.0));
#2185=ORIENTED_EDGE('',*,*,#3496,.T.);
#2186=ORIENTED_EDGE('',*,*,#3497,.T.);
#2187=ORIENTED_EDGE('',*,*,#3325,.F.);
#2188=ORIENTED_EDGE('',*,*,#3489,.F.);
#2189=CARTESIAN_POINT('',(-2.75,-3.525,1.2));
#2190=DIRECTION('',(0.0,0.0,1.0));
#2191=DIRECTION('',(1.0,0.0,0.0));
#2192=ORIENTED_EDGE('',*,*,#3498,.F.);
#2193=ORIENTED_EDGE('',*,*,#3499,.F.);
#2194=ORIENTED_EDGE('',*,*,#3490,.T.);
#2195=ORIENTED_EDGE('',*,*,#3265,.T.);
#2196=ORIENTED_EDGE('',*,*,#3500,.T.);
#2197=ORIENTED_EDGE('',*,*,#3501,.F.);
#2198=ORIENTED_EDGE('',*,*,#3484,.T.);
#2199=ORIENTED_EDGE('',*,*,#3495,.T.);
#2200=CARTESIAN_POINT('',(-2.35,-3.475,-1.6));
#2201=DIRECTION('',(-1.0,0.0,0.0));
#2202=DIRECTION('',(0.0,0.0,1.0));
#2203=ORIENTED_EDGE('',*,*,#3502,.T.);
#2204=ORIENTED_EDGE('',*,*,#3503,.T.);
#2205=ORIENTED_EDGE('',*,*,#3504,.F.);
#2206=ORIENTED_EDGE('',*,*,#3505,.T.);
#2207=ORIENTED_EDGE('',*,*,#3506,.T.);
#2208=ORIENTED_EDGE('',*,*,#3507,.T.);
#2209=ORIENTED_EDGE('',*,*,#3508,.F.);
#2210=ORIENTED_EDGE('',*,*,#3509,.T.);
#2211=ORIENTED_EDGE('',*,*,#3510,.T.);
#2212=ORIENTED_EDGE('',*,*,#3511,.T.);
#2213=ORIENTED_EDGE('',*,*,#3512,.F.);
#2214=ORIENTED_EDGE('',*,*,#3513,.F.);
#2215=ORIENTED_EDGE('',*,*,#3487,.T.);
#2216=ORIENTED_EDGE('',*,*,#3323,.T.);
#2217=ORIENTED_EDGE('',*,*,#3158,.F.);
#2218=ORIENTED_EDGE('',*,*,#3303,.F.);
#2219=ORIENTED_EDGE('',*,*,#3485,.T.);
#2220=ORIENTED_EDGE('',*,*,#3501,.T.);
#2221=ORIENTED_EDGE('',*,*,#3514,.F.);
#2222=ORIENTED_EDGE('',*,*,#3515,.T.);
#2223=CARTESIAN_POINT('',(-2.75,-3.675,2.1));
#2224=DIRECTION('',(0.0,0.0,1.0));
#2225=DIRECTION('',(1.0,0.0,0.0));
#2226=ORIENTED_EDGE('',*,*,#3516,.F.);
#2227=ORIENTED_EDGE('',*,*,#3263,.T.);
#2228=ORIENTED_EDGE('',*,*,#3517,.T.);
#2229=ORIENTED_EDGE('',*,*,#3515,.F.);
#2230=CARTESIAN_POINT('',(-1.675,-3.475,-1.6));
#2231=DIRECTION('',(-1.0,0.0,0.0));
#2232=DIRECTION('',(0.0,0.0,1.0));
#2233=ORIENTED_EDGE('',*,*,#3517,.F.);
#2234=ORIENTED_EDGE('',*,*,#3262,.T.);
#2235=ORIENTED_EDGE('',*,*,#3518,.T.);
#2236=ORIENTED_EDGE('',*,*,#3502,.F.);
#2237=ORIENTED_EDGE('',*,*,#3519,.F.);
#2238=ORIENTED_EDGE('',*,*,#3520,.F.);
#2239=ORIENTED_EDGE('',*,*,#3521,.T.);
#2240=ORIENTED_EDGE('',*,*,#3522,.T.);
#2241=CARTESIAN_POINT('',(-1.675,-3.075,-1.6));
#2242=DIRECTION('',(-0.0,1.0,0.0));
#2243=DIRECTION('',(1.0,0.0,0.0));
#2244=ORIENTED_EDGE('',*,*,#3518,.F.);
#2245=ORIENTED_EDGE('',*,*,#3261,.T.);
#2246=ORIENTED_EDGE('',*,*,#3523,.T.);
#2247=ORIENTED_EDGE('',*,*,#3503,.F.);
#2248=CARTESIAN_POINT('',(-0.825,-3.075,-1.6));
#2249=DIRECTION('',(1.0,0.0,0.0));
#2250=DIRECTION('',(0.0,1.0,0.0));
#2251=ORIENTED_EDGE('',*,*,#3252,.F.);
#2252=ORIENTED_EDGE('',*,*,#3524,.T.);
#2253=ORIENTED_EDGE('',*,*,#3512,.T.);
#2254=ORIENTED_EDGE('',*,*,#3525,.F.);
#2255=CARTESIAN_POINT('',(2.35,-3.475,-1.6));
#2256=DIRECTION('',(-0.0,1.0,0.0));
#2257=DIRECTION('',(1.0,0.0,0.0));
#2258=ORIENTED_EDGE('',*,*,#3256,.F.);
#2259=ORIENTED_EDGE('',*,*,#3526,.T.);
#2260=ORIENTED_EDGE('',*,*,#3508,.T.);
#2261=ORIENTED_EDGE('',*,*,#3527,.F.);
#2262=CARTESIAN_POINT('',(2.35,-3.475,-1.6));
#2263=DIRECTION('',(-0.0,1.0,0.0));
#2264=DIRECTION('',(1.0,0.0,0.0));
#2265=ORIENTED_EDGE('',*,*,#3514,.T.);
#2266=ORIENTED_EDGE('',*,*,#3500,.F.);
#2267=ORIENTED_EDGE('',*,*,#3264,.F.);
#2268=ORIENTED_EDGE('',*,*,#3516,.T.);
#2269=CARTESIAN_POINT('',(2.35,-3.475,-1.6));
#2270=DIRECTION('',(-0.0,1.0,0.0));
#2271=DIRECTION('',(1.0,0.0,0.0));
#2272=ORIENTED_EDGE('',*,*,#3260,.F.);
#2273=ORIENTED_EDGE('',*,*,#3528,.T.);
#2274=ORIENTED_EDGE('',*,*,#3504,.T.);
#2275=ORIENTED_EDGE('',*,*,#3523,.F.);
#2276=CARTESIAN_POINT('',(2.35,-3.475,-1.6));
#2277=DIRECTION('',(-0.0,1.0,0.0));
#2278=DIRECTION('',(1.0,0.0,0.0));
#2279=ORIENTED_EDGE('',*,*,#3529,.F.);
#2280=ORIENTED_EDGE('',*,*,#3253,.T.);
#2281=ORIENTED_EDGE('',*,*,#3525,.T.);
#2282=ORIENTED_EDGE('',*,*,#3511,.F.);
#2283=CARTESIAN_POINT('',(1.675,-3.075,-1.6));
#2284=DIRECTION('',(1.0,0.0,0.0));
#2285=DIRECTION('',(0.0,1.0,0.0));
#2286=ORIENTED_EDGE('',*,*,#3530,.F.);
#2287=ORIENTED_EDGE('',*,*,#3254,.T.);
#2288=ORIENTED_EDGE('',*,*,#3529,.T.);
#2289=ORIENTED_EDGE('',*,*,#3510,.F.);
#2290=ORIENTED_EDGE('',*,*,#3531,.F.);
#2291=ORIENTED_EDGE('',*,*,#3532,.F.);
#2292=ORIENTED_EDGE('',*,*,#3533,.T.);
#2293=ORIENTED_EDGE('',*,*,#3534,.T.);
#2294=CARTESIAN_POINT('',(0.825,-3.075,-1.6));
#2295=DIRECTION('',(-0.0,1.0,0.0));
#2296=DIRECTION('',(1.0,0.0,0.0));
#2297=ORIENTED_EDGE('',*,*,#3526,.F.);
#2298=ORIENTED_EDGE('',*,*,#3255,.T.);
#2299=ORIENTED_EDGE('',*,*,#3530,.T.);
#2300=ORIENTED_EDGE('',*,*,#3509,.F.);
#2301=CARTESIAN_POINT('',(0.825,-3.475,-1.6));
#2302=DIRECTION('',(-1.0,0.0,0.0));
#2303=DIRECTION('',(0.0,0.0,1.0));
#2304=ORIENTED_EDGE('',*,*,#3535,.T.);
#2305=ORIENTED_EDGE('',*,*,#3536,.T.);
#2306=ORIENTED_EDGE('',*,*,#3537,.T.);
#2307=ORIENTED_EDGE('',*,*,#3538,.T.);
#2308=ORIENTED_EDGE('',*,*,#3539,.T.);
#2309=ORIENTED_EDGE('',*,*,#3540,.T.);
#2310=ORIENTED_EDGE('',*,*,#3541,.T.);
#2311=ORIENTED_EDGE('',*,*,#3542,.T.);
#2312=ORIENTED_EDGE('',*,*,#3543,.T.);
#2313=ORIENTED_EDGE('',*,*,#3534,.F.);
#2314=CARTESIAN_POINT('',(1.41,-1.1,-0.475));
#2315=DIRECTION('',(1.0,0.0,0.0));
#2316=DIRECTION('',(0.0,1.0,0.0));
#2317=ORIENTED_EDGE('',*,*,#3543,.F.);
#2318=ORIENTED_EDGE('',*,*,#3544,.T.);
#2319=ORIENTED_EDGE('',*,*,#3545,.T.);
#2320=ORIENTED_EDGE('',*,*,#3531,.T.);
#2321=CARTESIAN_POINT('',(1.41,-3.525,-0.9));
#2322=DIRECTION('',(0.0,0.0,-1.0));
#2323=DIRECTION('',(0.0,-1.0,0.0));
#2324=ORIENTED_EDGE('',*,*,#3532,.T.);
#2325=ORIENTED_EDGE('',*,*,#3545,.F.);
#2326=ORIENTED_EDGE('',*,*,#3546,.F.);
#2327=ORIENTED_EDGE('',*,*,#3547,.F.);
#2328=ORIENTED_EDGE('',*,*,#3548,.F.);
#2329=ORIENTED_EDGE('',*,*,#3549,.F.);
#2330=ORIENTED_EDGE('',*,*,#3550,.F.);
#2331=ORIENTED_EDGE('',*,*,#3551,.F.);
#2332=ORIENTED_EDGE('',*,*,#3552,.F.);
#2333=ORIENTED_EDGE('',*,*,#3553,.F.);
#2334=CARTESIAN_POINT('',(1.09,-1.1,-0.475));
#2335=DIRECTION('',(1.0,0.0,0.0));
#2336=DIRECTION('',(0.0,1.0,0.0));
#2337=ORIENTED_EDGE('',*,*,#3553,.T.);
#2338=ORIENTED_EDGE('',*,*,#3554,.F.);
#2339=ORIENTED_EDGE('',*,*,#3535,.F.);
#2340=ORIENTED_EDGE('',*,*,#3533,.F.);
#2341=CARTESIAN_POINT('',(1.41,-3.075,1.57));
#2342=DIRECTION('',(0.0,0.866025403784429,0.500000000000017));
#2343=DIRECTION('',(1.0,0.0,-0.0));
#2344=ORIENTED_EDGE('',*,*,#3554,.T.);
#2345=ORIENTED_EDGE('',*,*,#3552,.T.);
#2346=ORIENTED_EDGE('',*,*,#3555,.F.);
#2347=ORIENTED_EDGE('',*,*,#3536,.F.);
#2348=CARTESIAN_POINT('',(1.41,-3.325,2.003012701892));
#2349=DIRECTION('',(-0.0,1.0,0.0));
#2350=DIRECTION('',(1.0,0.0,0.0));
#2351=ORIENTED_EDGE('',*,*,#3555,.T.);
#2352=ORIENTED_EDGE('',*,*,#3551,.T.);
#2353=ORIENTED_EDGE('',*,*,#3556,.F.);
#2354=ORIENTED_EDGE('',*,*,#3537,.F.);
#2355=CARTESIAN_POINT('',(1.41,-3.325,2.5));
#2356=DIRECTION('',(0.0,0.707106781186548,0.707106781186548));
#2357=DIRECTION('',(1.0,0.0,-0.0));
#2358=ORIENTED_EDGE('',*,*,#3556,.T.);
#2359=ORIENTED_EDGE('',*,*,#3550,.T.);
#2360=ORIENTED_EDGE('',*,*,#3557,.F.);
#2361=ORIENTED_EDGE('',*,*,#3538,.F.);
#2362=CARTESIAN_POINT('',(1.41,-3.425,2.6));
#2363=DIRECTION('',(0.0,0.0,1.0));
#2364=DIRECTION('',(1.0,0.0,0.0));
#2365=ORIENTED_EDGE('',*,*,#3557,.T.);
#2366=ORIENTED_EDGE('',*,*,#3549,.T.);
#2367=ORIENTED_EDGE('',*,*,#3558,.F.);
#2368=ORIENTED_EDGE('',*,*,#3539,.F.);
#2369=CARTESIAN_POINT('',(1.41,-3.675,2.6));
#2370=DIRECTION('',(0.0,-0.707106781186548,0.707106781186548));
#2371=DIRECTION('',(-1.0,0.0,0.0));
#2372=ORIENTED_EDGE('',*,*,#3558,.T.);
#2373=ORIENTED_EDGE('',*,*,#3548,.T.);
#2374=ORIENTED_EDGE('',*,*,#3559,.F.);
#2375=ORIENTED_EDGE('',*,*,#3540,.F.);
#2376=CARTESIAN_POINT('',(1.41,-3.775,2.5));
#2377=DIRECTION('',(0.0,-1.0,0.0));
#2378=DIRECTION('',(0.0,0.0,-1.0));
#2379=ORIENTED_EDGE('',*,*,#3559,.T.);
#2380=ORIENTED_EDGE('',*,*,#3547,.T.);
#2381=ORIENTED_EDGE('',*,*,#3560,.F.);
#2382=ORIENTED_EDGE('',*,*,#3541,.F.);
#2383=CARTESIAN_POINT('',(1.41,-3.775,2.0));
#2384=DIRECTION('',(0.0,-0.866025403784429,-0.500000000000017));
#2385=DIRECTION('',(0.0,0.500000000000017,-0.866025403784429));
#2386=ORIENTED_EDGE('',*,*,#3560,.T.);
#2387=ORIENTED_EDGE('',*,*,#3546,.T.);
#2388=ORIENTED_EDGE('',*,*,#3544,.F.);
#2389=ORIENTED_EDGE('',*,*,#3542,.F.);
#2390=CARTESIAN_POINT('',(1.41,-3.525,1.566987298108));
#2391=DIRECTION('',(0.0,-1.0,0.0));
#2392=DIRECTION('',(0.0,0.0,-1.0));
#2393=ORIENTED_EDGE('',*,*,#3488,.F.);
#2394=ORIENTED_EDGE('',*,*,#3513,.T.);
#2395=ORIENTED_EDGE('',*,*,#3524,.F.);
#2396=ORIENTED_EDGE('',*,*,#3251,.F.);
#2397=ORIENTED_EDGE('',*,*,#3492,.F.);
#2398=ORIENTED_EDGE('',*,*,#3561,.T.);
#2399=ORIENTED_EDGE('',*,*,#3562,.T.);
#2400=ORIENTED_EDGE('',*,*,#3496,.F.);
#2401=CARTESIAN_POINT('',(2.35,-3.675,-1.6));
#2402=DIRECTION('',(1.0,0.0,0.0));
#2403=DIRECTION('',(0.0,1.0,0.0));
#2404=ORIENTED_EDGE('',*,*,#3563,.T.);
#2405=ORIENTED_EDGE('',*,*,#3498,.T.);
#2406=ORIENTED_EDGE('',*,*,#3494,.F.);
#2407=ORIENTED_EDGE('',*,*,#3300,.F.);
#2408=CARTESIAN_POINT('',(-2.75,-3.525,-0.9));
#2409=DIRECTION('',(-0.0,1.0,0.0));
#2410=DIRECTION('',(1.0,0.0,0.0));
#2411=ORIENTED_EDGE('',*,*,#3497,.F.);
#2412=ORIENTED_EDGE('',*,*,#3562,.F.);
#2413=ORIENTED_EDGE('',*,*,#3564,.T.);
#2414=ORIENTED_EDGE('',*,*,#3326,.T.);
#2415=CARTESIAN_POINT('',(-2.75,-3.525,-0.9));
#2416=DIRECTION('',(-0.0,1.0,0.0));
#2417=DIRECTION('',(1.0,0.0,0.0));
#2418=ORIENTED_EDGE('',*,*,#3499,.T.);
#2419=ORIENTED_EDGE('',*,*,#3563,.F.);
#2420=ORIENTED_EDGE('',*,*,#3299,.F.);
#2421=ORIENTED_EDGE('',*,*,#3491,.T.);
#2422=CARTESIAN_POINT('',(-2.75,-3.675,-0.9));
#2423=DIRECTION('',(0.0,0.0,-1.0));
#2424=DIRECTION('',(0.0,-1.0,0.0));
#2425=ORIENTED_EDGE('',*,*,#3327,.T.);
#2426=ORIENTED_EDGE('',*,*,#3564,.F.);
#2427=ORIENTED_EDGE('',*,*,#3561,.F.);
#2428=ORIENTED_EDGE('',*,*,#3493,.T.);
#2429=CARTESIAN_POINT('',(-2.75,-3.675,-0.9));
#2430=DIRECTION('',(0.0,0.0,-1.0));
#2431=DIRECTION('',(0.0,-1.0,0.0));
#2432=ORIENTED_EDGE('',*,*,#3565,.F.);
#2433=ORIENTED_EDGE('',*,*,#3257,.T.);
#2434=ORIENTED_EDGE('',*,*,#3527,.T.);
#2435=ORIENTED_EDGE('',*,*,#3507,.F.);
#2436=CARTESIAN_POINT('',(0.425,-3.075,-1.6));
#2437=DIRECTION('',(1.0,0.0,0.0));
#2438=DIRECTION('',(0.0,1.0,0.0));
#2439=ORIENTED_EDGE('',*,*,#3566,.F.);
#2440=ORIENTED_EDGE('',*,*,#3258,.T.);
#2441=ORIENTED_EDGE('',*,*,#3565,.T.);
#2442=ORIENTED_EDGE('',*,*,#3506,.F.);
#2443=ORIENTED_EDGE('',*,*,#3567,.F.);
#2444=ORIENTED_EDGE('',*,*,#3568,.F.);
#2445=ORIENTED_EDGE('',*,*,#3569,.T.);
#2446=ORIENTED_EDGE('',*,*,#3570,.T.);
#2447=CARTESIAN_POINT('',(-0.425,-3.075,-1.6));
#2448=DIRECTION('',(-0.0,1.0,0.0));
#2449=DIRECTION('',(1.0,0.0,0.0));
#2450=ORIENTED_EDGE('',*,*,#3528,.F.);
#2451=ORIENTED_EDGE('',*,*,#3259,.T.);
#2452=ORIENTED_EDGE('',*,*,#3566,.T.);
#2453=ORIENTED_EDGE('',*,*,#3505,.F.);
#2454=CARTESIAN_POINT('',(-0.425,-3.475,-1.6));
#2455=DIRECTION('',(-1.0,0.0,0.0));
#2456=DIRECTION('',(0.0,0.0,1.0));
#2457=ORIENTED_EDGE('',*,*,#3571,.T.);
#2458=ORIENTED_EDGE('',*,*,#3572,.T.);
#2459=ORIENTED_EDGE('',*,*,#3573,.T.);
#2460=ORIENTED_EDGE('',*,*,#3574,.T.);
#2461=ORIENTED_EDGE('',*,*,#3575,.T.);
#2462=ORIENTED_EDGE('',*,*,#3576,.T.);
#2463=ORIENTED_EDGE('',*,*,#3577,.T.);
#2464=ORIENTED_EDGE('',*,*,#3578,.T.);
#2465=ORIENTED_EDGE('',*,*,#3579,.T.);
#2466=ORIENTED_EDGE('',*,*,#3570,.F.);
#2467=CARTESIAN_POINT('',(0.16,-1.1,-0.475));
#2468=DIRECTION('',(1.0,0.0,0.0));
#2469=DIRECTION('',(0.0,1.0,0.0));
#2470=ORIENTED_EDGE('',*,*,#3579,.F.);
#2471=ORIENTED_EDGE('',*,*,#3580,.T.);
#2472=ORIENTED_EDGE('',*,*,#3581,.T.);
#2473=ORIENTED_EDGE('',*,*,#3567,.T.);
#2474=CARTESIAN_POINT('',(0.16,-3.525,-0.9));
#2475=DIRECTION('',(0.0,0.0,-1.0));
#2476=DIRECTION('',(0.0,-1.0,0.0));
#2477=ORIENTED_EDGE('',*,*,#3568,.T.);
#2478=ORIENTED_EDGE('',*,*,#3581,.F.);
#2479=ORIENTED_EDGE('',*,*,#3582,.F.);
#2480=ORIENTED_EDGE('',*,*,#3583,.F.);
#2481=ORIENTED_EDGE('',*,*,#3584,.F.);
#2482=ORIENTED_EDGE('',*,*,#3585,.F.);
#2483=ORIENTED_EDGE('',*,*,#3586,.F.);
#2484=ORIENTED_EDGE('',*,*,#3587,.F.);
#2485=ORIENTED_EDGE('',*,*,#3588,.F.);
#2486=ORIENTED_EDGE('',*,*,#3589,.F.);
#2487=CARTESIAN_POINT('',(-0.16,-1.1,-0.475));
#2488=DIRECTION('',(1.0,0.0,0.0));
#2489=DIRECTION('',(0.0,1.0,0.0));
#2490=ORIENTED_EDGE('',*,*,#3589,.T.);
#2491=ORIENTED_EDGE('',*,*,#3590,.F.);
#2492=ORIENTED_EDGE('',*,*,#3571,.F.);
#2493=ORIENTED_EDGE('',*,*,#3569,.F.);
#2494=CARTESIAN_POINT('',(0.16,-3.075,1.57));
#2495=DIRECTION('',(0.0,0.866025403784429,0.500000000000017));
#2496=DIRECTION('',(1.0,0.0,-0.0));
#2497=ORIENTED_EDGE('',*,*,#3590,.T.);
#2498=ORIENTED_EDGE('',*,*,#3588,.T.);
#2499=ORIENTED_EDGE('',*,*,#3591,.F.);
#2500=ORIENTED_EDGE('',*,*,#3572,.F.);
#2501=CARTESIAN_POINT('',(0.16,-3.325,2.003012701892));
#2502=DIRECTION('',(-0.0,1.0,0.0));
#2503=DIRECTION('',(1.0,0.0,0.0));
#2504=ORIENTED_EDGE('',*,*,#3591,.T.);
#2505=ORIENTED_EDGE('',*,*,#3587,.T.);
#2506=ORIENTED_EDGE('',*,*,#3592,.F.);
#2507=ORIENTED_EDGE('',*,*,#3573,.F.);
#2508=CARTESIAN_POINT('',(0.16,-3.325,2.5));
#2509=DIRECTION('',(0.0,0.707106781186548,0.707106781186548));
#2510=DIRECTION('',(1.0,0.0,-0.0));
#2511=ORIENTED_EDGE('',*,*,#3592,.T.);
#2512=ORIENTED_EDGE('',*,*,#3586,.T.);
#2513=ORIENTED_EDGE('',*,*,#3593,.F.);
#2514=ORIENTED_EDGE('',*,*,#3574,.F.);
#2515=CARTESIAN_POINT('',(0.16,-3.425,2.6));
#2516=DIRECTION('',(0.0,0.0,1.0));
#2517=DIRECTION('',(1.0,0.0,0.0));
#2518=ORIENTED_EDGE('',*,*,#3593,.T.);
#2519=ORIENTED_EDGE('',*,*,#3585,.T.);
#2520=ORIENTED_EDGE('',*,*,#3594,.F.);
#2521=ORIENTED_EDGE('',*,*,#3575,.F.);
#2522=CARTESIAN_POINT('',(0.16,-3.675,2.6));
#2523=DIRECTION('',(0.0,-0.707106781186548,0.707106781186548));
#2524=DIRECTION('',(-1.0,0.0,0.0));
#2525=ORIENTED_EDGE('',*,*,#3594,.T.);
#2526=ORIENTED_EDGE('',*,*,#3584,.T.);
#2527=ORIENTED_EDGE('',*,*,#3595,.F.);
#2528=ORIENTED_EDGE('',*,*,#3576,.F.);
#2529=CARTESIAN_POINT('',(0.16,-3.775,2.5));
#2530=DIRECTION('',(0.0,-1.0,0.0));
#2531=DIRECTION('',(0.0,0.0,-1.0));
#2532=ORIENTED_EDGE('',*,*,#3595,.T.);
#2533=ORIENTED_EDGE('',*,*,#3583,.T.);
#2534=ORIENTED_EDGE('',*,*,#3596,.F.);
#2535=ORIENTED_EDGE('',*,*,#3577,.F.);
#2536=CARTESIAN_POINT('',(0.16,-3.775,2.0));
#2537=DIRECTION('',(0.0,-0.866025403784429,-0.500000000000017));
#2538=DIRECTION('',(0.0,0.500000000000017,-0.866025403784429));
#2539=ORIENTED_EDGE('',*,*,#3596,.T.);
#2540=ORIENTED_EDGE('',*,*,#3582,.T.);
#2541=ORIENTED_EDGE('',*,*,#3580,.F.);
#2542=ORIENTED_EDGE('',*,*,#3578,.F.);
#2543=CARTESIAN_POINT('',(0.16,-3.525,1.566987298108));
#2544=DIRECTION('',(0.0,-1.0,0.0));
#2545=DIRECTION('',(0.0,0.0,-1.0));
#2546=ORIENTED_EDGE('',*,*,#3597,.T.);
#2547=ORIENTED_EDGE('',*,*,#3598,.T.);
#2548=ORIENTED_EDGE('',*,*,#3599,.T.);
#2549=ORIENTED_EDGE('',*,*,#3600,.T.);
#2550=ORIENTED_EDGE('',*,*,#3601,.T.);
#2551=ORIENTED_EDGE('',*,*,#3602,.T.);
#2552=ORIENTED_EDGE('',*,*,#3603,.T.);
#2553=ORIENTED_EDGE('',*,*,#3604,.T.);
#2554=ORIENTED_EDGE('',*,*,#3605,.T.);
#2555=ORIENTED_EDGE('',*,*,#3522,.F.);
#2556=CARTESIAN_POINT('',(-1.09,-1.1,-0.475));
#2557=DIRECTION('',(1.0,0.0,0.0));
#2558=DIRECTION('',(0.0,1.0,0.0));
#2559=ORIENTED_EDGE('',*,*,#3605,.F.);
#2560=ORIENTED_EDGE('',*,*,#3606,.T.);
#2561=ORIENTED_EDGE('',*,*,#3607,.T.);
#2562=ORIENTED_EDGE('',*,*,#3519,.T.);
#2563=CARTESIAN_POINT('',(-1.09,-3.525,-0.9));
#2564=DIRECTION('',(0.0,0.0,-1.0));
#2565=DIRECTION('',(0.0,-1.0,0.0));
#2566=ORIENTED_EDGE('',*,*,#3520,.T.);
#2567=ORIENTED_EDGE('',*,*,#3607,.F.);
#2568=ORIENTED_EDGE('',*,*,#3608,.F.);
#2569=ORIENTED_EDGE('',*,*,#3609,.F.);
#2570=ORIENTED_EDGE('',*,*,#3610,.F.);
#2571=ORIENTED_EDGE('',*,*,#3611,.F.);
#2572=ORIENTED_EDGE('',*,*,#3612,.F.);
#2573=ORIENTED_EDGE('',*,*,#3613,.F.);
#2574=ORIENTED_EDGE('',*,*,#3614,.F.);
#2575=ORIENTED_EDGE('',*,*,#3615,.F.);
#2576=CARTESIAN_POINT('',(-1.41,-1.1,-0.475));
#2577=DIRECTION('',(1.0,0.0,0.0));
#2578=DIRECTION('',(0.0,1.0,0.0));
#2579=ORIENTED_EDGE('',*,*,#3615,.T.);
#2580=ORIENTED_EDGE('',*,*,#3616,.F.);
#2581=ORIENTED_EDGE('',*,*,#3597,.F.);
#2582=ORIENTED_EDGE('',*,*,#3521,.F.);
#2583=CARTESIAN_POINT('',(-1.09,-3.075,1.57));
#2584=DIRECTION('',(0.0,0.866025403784429,0.500000000000017));
#2585=DIRECTION('',(1.0,0.0,-0.0));
#2586=ORIENTED_EDGE('',*,*,#3616,.T.);
#2587=ORIENTED_EDGE('',*,*,#3614,.T.);
#2588=ORIENTED_EDGE('',*,*,#3617,.F.);
#2589=ORIENTED_EDGE('',*,*,#3598,.F.);
#2590=CARTESIAN_POINT('',(-1.09,-3.325,2.003012701892));
#2591=DIRECTION('',(-0.0,1.0,0.0));
#2592=DIRECTION('',(1.0,0.0,0.0));
#2593=ORIENTED_EDGE('',*,*,#3617,.T.);
#2594=ORIENTED_EDGE('',*,*,#3613,.T.);
#2595=ORIENTED_EDGE('',*,*,#3618,.F.);
#2596=ORIENTED_EDGE('',*,*,#3599,.F.);
#2597=CARTESIAN_POINT('',(-1.09,-3.325,2.5));
#2598=DIRECTION('',(0.0,0.707106781186548,0.707106781186548));
#2599=DIRECTION('',(1.0,0.0,-0.0));
#2600=ORIENTED_EDGE('',*,*,#3618,.T.);
#2601=ORIENTED_EDGE('',*,*,#3612,.T.);
#2602=ORIENTED_EDGE('',*,*,#3619,.F.);
#2603=ORIENTED_EDGE('',*,*,#3600,.F.);
#2604=CARTESIAN_POINT('',(-1.09,-3.425,2.6));
#2605=DIRECTION('',(0.0,0.0,1.0));
#2606=DIRECTION('',(1.0,0.0,0.0));
#2607=ORIENTED_EDGE('',*,*,#3619,.T.);
#2608=ORIENTED_EDGE('',*,*,#3611,.T.);
#2609=ORIENTED_EDGE('',*,*,#3620,.F.);
#2610=ORIENTED_EDGE('',*,*,#3601,.F.);
#2611=CARTESIAN_POINT('',(-1.09,-3.675,2.6));
#2612=DIRECTION('',(0.0,-0.707106781186548,0.707106781186548));
#2613=DIRECTION('',(-1.0,0.0,0.0));
#2614=ORIENTED_EDGE('',*,*,#3620,.T.);
#2615=ORIENTED_EDGE('',*,*,#3610,.T.);
#2616=ORIENTED_EDGE('',*,*,#3621,.F.);
#2617=ORIENTED_EDGE('',*,*,#3602,.F.);
#2618=CARTESIAN_POINT('',(-1.09,-3.775,2.5));
#2619=DIRECTION('',(0.0,-1.0,0.0));
#2620=DIRECTION('',(0.0,0.0,-1.0));
#2621=ORIENTED_EDGE('',*,*,#3621,.T.);
#2622=ORIENTED_EDGE('',*,*,#3609,.T.);
#2623=ORIENTED_EDGE('',*,*,#3622,.F.);
#2624=ORIENTED_EDGE('',*,*,#3603,.F.);
#2625=CARTESIAN_POINT('',(-1.09,-3.775,2.0));
#2626=DIRECTION('',(0.0,-0.866025403784429,-0.500000000000017));
#2627=DIRECTION('',(0.0,0.500000000000017,-0.866025403784429));
#2628=ORIENTED_EDGE('',*,*,#3622,.T.);
#2629=ORIENTED_EDGE('',*,*,#3608,.T.);
#2630=ORIENTED_EDGE('',*,*,#3606,.F.);
#2631=ORIENTED_EDGE('',*,*,#3604,.F.);
#2632=CARTESIAN_POINT('',(-1.09,-3.525,1.566987298108));
#2633=DIRECTION('',(0.0,-1.0,0.0));
#2634=DIRECTION('',(0.0,0.0,-1.0));
#2635=ORIENTED_EDGE('',*,*,#3623,.T.);
#2636=ORIENTED_EDGE('',*,*,#3160,.F.);
#2637=ORIENTED_EDGE('',*,*,#3322,.F.);
#2638=ORIENTED_EDGE('',*,*,#3624,.F.);
#2639=CARTESIAN_POINT('',(2.75,0.975,1.8));
#2640=DIRECTION('',(0.0,0.0,-1.0));
#2641=DIRECTION('',(0.0,-1.0,0.0));
#2642=ORIENTED_EDGE('',*,*,#3321,.F.);
#2643=ORIENTED_EDGE('',*,*,#3311,.F.);
#2644=ORIENTED_EDGE('',*,*,#3625,.T.);
#2645=ORIENTED_EDGE('',*,*,#3626,.F.);
#2646=ORIENTED_EDGE('',*,*,#3627,.F.);
#2647=ORIENTED_EDGE('',*,*,#3624,.T.);
#2648=CARTESIAN_POINT('',(1.8,-0.025,1.8));
#2649=DIRECTION('',(0.0,-1.0,0.0));
#2650=DIRECTION('',(0.0,0.0,-1.0));
#2651=ORIENTED_EDGE('',*,*,#3628,.F.);
#2652=ORIENTED_EDGE('',*,*,#3629,.T.);
#2653=ORIENTED_EDGE('',*,*,#3161,.F.);
#2654=ORIENTED_EDGE('',*,*,#3623,.F.);
#2655=ORIENTED_EDGE('',*,*,#3627,.T.);
#2656=CARTESIAN_POINT('',(1.8,0.975,1.8));
#2657=DIRECTION('',(1.0,0.0,0.0));
#2658=DIRECTION('',(0.0,1.0,0.0));
#2659=ORIENTED_EDGE('',*,*,#3630,.T.);
#2660=ORIENTED_EDGE('',*,*,#3162,.F.);
#2661=ORIENTED_EDGE('',*,*,#3629,.F.);
#2662=ORIENTED_EDGE('',*,*,#3631,.T.);
#2663=CARTESIAN_POINT('',(1.8,0.975,1.2));
#2664=DIRECTION('',(0.0,0.0,1.0));
#2665=DIRECTION('',(1.0,0.0,0.0));
#2666=ORIENTED_EDGE('',*,*,#3628,.T.);
#2667=ORIENTED_EDGE('',*,*,#3626,.T.);
#2668=ORIENTED_EDGE('',*,*,#3632,.F.);
#2669=ORIENTED_EDGE('',*,*,#3631,.F.);
#2670=CARTESIAN_POINT('',(1.8,-0.325,1.2));
#2671=DIRECTION('',(0.0,-0.707106781186548,0.707106781186548));
#2672=DIRECTION('',(-1.0,0.0,0.0));
#2673=ORIENTED_EDGE('',*,*,#3163,.F.);
#2674=ORIENTED_EDGE('',*,*,#3630,.F.);
#2675=ORIENTED_EDGE('',*,*,#3632,.T.);
#2676=ORIENTED_EDGE('',*,*,#3625,.F.);
#2677=ORIENTED_EDGE('',*,*,#3310,.F.);
#2678=ORIENTED_EDGE('',*,*,#3633,.T.);
#2679=ORIENTED_EDGE('',*,*,#3634,.F.);
#2680=CARTESIAN_POINT('',(2.15,0.975,1.2));
#2681=DIRECTION('',(1.0,0.0,0.0));
#2682=DIRECTION('',(0.0,1.0,0.0));
#2683=ORIENTED_EDGE('',*,*,#3635,.T.);
#2684=ORIENTED_EDGE('',*,*,#3222,.T.);
#2685=ORIENTED_EDGE('',*,*,#3167,.F.);
#2686=ORIENTED_EDGE('',*,*,#3636,.T.);
#2687=CARTESIAN_POINT('',(2.15,0.975,1.2));
#2688=DIRECTION('',(1.0,0.0,0.0));
#2689=DIRECTION('',(0.0,1.0,0.0));
#2690=ORIENTED_EDGE('',*,*,#3637,.F.);
#2691=ORIENTED_EDGE('',*,*,#3638,.T.);
#2692=ORIENTED_EDGE('',*,*,#3164,.F.);
#2693=ORIENTED_EDGE('',*,*,#3634,.T.);
#2694=CARTESIAN_POINT('',(2.15,0.975,0.35));
#2695=DIRECTION('',(0.0,0.0,1.0));
#2696=DIRECTION('',(1.0,0.0,0.0));
#2697=ORIENTED_EDGE('',*,*,#3639,.T.);
#2698=ORIENTED_EDGE('',*,*,#3165,.F.);
#2699=ORIENTED_EDGE('',*,*,#3638,.F.);
#2700=ORIENTED_EDGE('',*,*,#3207,.T.);
#2701=CARTESIAN_POINT('',(2.45,0.975,0.35));
#2702=DIRECTION('',(1.0,0.0,0.0));
#2703=DIRECTION('',(0.0,1.0,0.0));
#2704=ORIENTED_EDGE('',*,*,#3166,.F.);
#2705=ORIENTED_EDGE('',*,*,#3639,.F.);
#2706=ORIENTED_EDGE('',*,*,#3640,.T.);
#2707=ORIENTED_EDGE('',*,*,#3636,.F.);
#2708=CARTESIAN_POINT('',(2.45,0.975,-0.4));
#2709=DIRECTION('',(0.0,0.0,-1.0));
#2710=DIRECTION('',(0.0,-1.0,0.0));
#2711=ORIENTED_EDGE('',*,*,#3633,.F.);
#2712=ORIENTED_EDGE('',*,*,#3309,.F.);
#2713=ORIENTED_EDGE('',*,*,#3208,.T.);
#2714=ORIENTED_EDGE('',*,*,#3637,.T.);
#2715=CARTESIAN_POINT('',(2.45,0.975,1.2));
#2716=DIRECTION('',(-0.707106781186548,0.707106781186548,0.0));
#2717=DIRECTION('',(0.0,0.0,1.0));
#2718=ORIENTED_EDGE('',*,*,#3206,.T.);
#2719=ORIENTED_EDGE('',*,*,#3220,.T.);
#2720=ORIENTED_EDGE('',*,*,#3635,.F.);
#2721=ORIENTED_EDGE('',*,*,#3640,.F.);
#2722=CARTESIAN_POINT('',(2.45,0.975,1.2));
#2723=DIRECTION('',(-0.707106781186548,0.707106781186548,0.0));
#2724=DIRECTION('',(0.0,0.0,1.0));
#2725=ORIENTED_EDGE('',*,*,#3212,.F.);
#2726=ORIENTED_EDGE('',*,*,#3237,.T.);
#2727=ORIENTED_EDGE('',*,*,#3233,.F.);
#2728=ORIENTED_EDGE('',*,*,#3223,.F.);
#2729=ORIENTED_EDGE('',*,*,#3221,.F.);
#2730=CARTESIAN_POINT('',(0.2,0.975,-1.6));
#2731=DIRECTION('',(1.0,0.0,0.0));
#2732=DIRECTION('',(0.0,1.0,0.0));
#2733=ORIENTED_EDGE('',*,*,#3641,.F.);
#2734=ORIENTED_EDGE('',*,*,#3225,.T.);
#2735=ORIENTED_EDGE('',*,*,#3232,.T.);
#2736=ORIENTED_EDGE('',*,*,#3236,.F.);
#2737=CARTESIAN_POINT('',(0.5,-0.475,-1.2));
#2738=DIRECTION('',(0.992277876713669,0.0,0.124034734589196));
#2739=DIRECTION('',(0.0,-1.0,0.0));
#2740=ORIENTED_EDGE('',*,*,#3642,.T.);
#2741=ORIENTED_EDGE('',*,*,#3226,.T.);
#2742=ORIENTED_EDGE('',*,*,#3641,.T.);
#2743=ORIENTED_EDGE('',*,*,#3235,.F.);
#2744=CARTESIAN_POINT('',(0.0,-1.625,0.0));
#2745=DIRECTION('',(-0.0,1.0,0.0));
#2746=DIRECTION('',(1.0,0.0,0.0));
#2747=ORIENTED_EDGE('',*,*,#3229,.T.);
#2748=ORIENTED_EDGE('',*,*,#3227,.F.);
#2749=ORIENTED_EDGE('',*,*,#3642,.F.);
#2750=ORIENTED_EDGE('',*,*,#3234,.T.);
#2751=CARTESIAN_POINT('',(-0.55,-0.475,-1.6));
#2752=DIRECTION('',(-0.992277876713669,0.0,0.124034734589196));
#2753=DIRECTION('',(0.0,1.0,0.0));
#2754=ORIENTED_EDGE('',*,*,#3643,.F.);
#2755=ORIENTED_EDGE('',*,*,#3644,.F.);
#2756=ORIENTED_EDGE('',*,*,#3645,.F.);
#2757=ORIENTED_EDGE('',*,*,#3282,.T.);
#2758=CARTESIAN_POINT('',(0.0,-2.25,0.0));
#2759=DIRECTION('',(-0.0,1.0,0.0));
#2760=DIRECTION('',(1.0,0.0,0.0));
#2761=ORIENTED_EDGE('',*,*,#3645,.T.);
#2762=ORIENTED_EDGE('',*,*,#3646,.T.);
#2763=ORIENTED_EDGE('',*,*,#3647,.F.);
#2764=ORIENTED_EDGE('',*,*,#3279,.T.);
#2765=CARTESIAN_POINT('',(1.45,-2.25,-1.6));
#2766=DIRECTION('',(-0.554700196225229,0.0,0.832050294337844));
#2767=DIRECTION('',(0.0,1.0,0.0));
#2768=ORIENTED_EDGE('',*,*,#3647,.T.);
#2769=ORIENTED_EDGE('',*,*,#3648,.T.);
#2770=ORIENTED_EDGE('',*,*,#3649,.T.);
#2771=ORIENTED_EDGE('',*,*,#3280,.F.);
#2772=CARTESIAN_POINT('',(0.0,-2.85,0.0));
#2773=DIRECTION('',(-0.0,1.0,0.0));
#2774=DIRECTION('',(1.0,0.0,0.0));
#2775=ORIENTED_EDGE('',*,*,#3649,.F.);
#2776=ORIENTED_EDGE('',*,*,#3650,.F.);
#2777=ORIENTED_EDGE('',*,*,#3643,.T.);
#2778=ORIENTED_EDGE('',*,*,#3281,.F.);
#2779=CARTESIAN_POINT('',(2.25,-2.25,-1.4));
#2780=DIRECTION('',(1.0,0.0,0.0));
#2781=DIRECTION('',(0.0,1.0,0.0));
#2782=ORIENTED_EDGE('',*,*,#3650,.T.);
#2783=ORIENTED_EDGE('',*,*,#3648,.F.);
#2784=ORIENTED_EDGE('',*,*,#3646,.F.);
#2785=ORIENTED_EDGE('',*,*,#3644,.T.);
#2786=CARTESIAN_POINT('',(1.75,-2.25,-1.4));
#2787=DIRECTION('',(0.0,0.0,1.0));
#2788=DIRECTION('',(1.0,0.0,0.0));
#2789=ORIENTED_EDGE('',*,*,#3651,.F.);
#2790=ORIENTED_EDGE('',*,*,#3652,.F.);
#2791=ORIENTED_EDGE('',*,*,#3653,.F.);
#2792=ORIENTED_EDGE('',*,*,#3286,.T.);
#2793=CARTESIAN_POINT('',(0.0,-2.25,0.0));
#2794=DIRECTION('',(-0.0,1.0,0.0));
#2795=DIRECTION('',(1.0,0.0,0.0));
#2796=ORIENTED_EDGE('',*,*,#3653,.T.);
#2797=ORIENTED_EDGE('',*,*,#3654,.T.);
#2798=ORIENTED_EDGE('',*,*,#3655,.F.);
#2799=ORIENTED_EDGE('',*,*,#3283,.T.);
#2800=CARTESIAN_POINT('',(0.2,-2.25,-1.6));
#2801=DIRECTION('',(-0.554700196225229,0.0,0.832050294337844));
#2802=DIRECTION('',(0.0,1.0,0.0));
#2803=ORIENTED_EDGE('',*,*,#3655,.T.);
#2804=ORIENTED_EDGE('',*,*,#3656,.T.);
#2805=ORIENTED_EDGE('',*,*,#3657,.T.);
#2806=ORIENTED_EDGE('',*,*,#3284,.F.);
#2807=CARTESIAN_POINT('',(0.0,-2.85,0.0));
#2808=DIRECTION('',(-0.0,1.0,0.0));
#2809=DIRECTION('',(1.0,0.0,0.0));
#2810=ORIENTED_EDGE('',*,*,#3657,.F.);
#2811=ORIENTED_EDGE('',*,*,#3658,.F.);
#2812=ORIENTED_EDGE('',*,*,#3651,.T.);
#2813=ORIENTED_EDGE('',*,*,#3285,.F.);
#2814=CARTESIAN_POINT('',(1.0,-2.25,-1.4));
#2815=DIRECTION('',(1.0,0.0,0.0));
#2816=DIRECTION('',(0.0,1.0,0.0));
#2817=ORIENTED_EDGE('',*,*,#3658,.T.);
#2818=ORIENTED_EDGE('',*,*,#3656,.F.);
#2819=ORIENTED_EDGE('',*,*,#3654,.F.);
#2820=ORIENTED_EDGE('',*,*,#3652,.T.);
#2821=CARTESIAN_POINT('',(0.5,-2.25,-1.4));
#2822=DIRECTION('',(0.0,0.0,1.0));
#2823=DIRECTION('',(1.0,0.0,0.0));
#2824=ORIENTED_EDGE('',*,*,#3659,.F.);
#2825=ORIENTED_EDGE('',*,*,#3660,.F.);
#2826=ORIENTED_EDGE('',*,*,#3661,.F.);
#2827=ORIENTED_EDGE('',*,*,#3290,.T.);
#2828=CARTESIAN_POINT('',(0.0,-2.25,0.0));
#2829=DIRECTION('',(-0.0,1.0,0.0));
#2830=DIRECTION('',(1.0,0.0,0.0));
#2831=ORIENTED_EDGE('',*,*,#3661,.T.);
#2832=ORIENTED_EDGE('',*,*,#3662,.T.);
#2833=ORIENTED_EDGE('',*,*,#3663,.F.);
#2834=ORIENTED_EDGE('',*,*,#3287,.T.);
#2835=CARTESIAN_POINT('',(-1.05,-2.25,-1.6));
#2836=DIRECTION('',(-0.554700196225229,0.0,0.832050294337844));
#2837=DIRECTION('',(0.0,1.0,0.0));
#2838=ORIENTED_EDGE('',*,*,#3663,.T.);
#2839=ORIENTED_EDGE('',*,*,#3664,.T.);
#2840=ORIENTED_EDGE('',*,*,#3665,.T.);
#2841=ORIENTED_EDGE('',*,*,#3288,.F.);
#2842=CARTESIAN_POINT('',(0.0,-2.85,0.0));
#2843=DIRECTION('',(-0.0,1.0,0.0));
#2844=DIRECTION('',(1.0,0.0,0.0));
#2845=ORIENTED_EDGE('',*,*,#3665,.F.);
#2846=ORIENTED_EDGE('',*,*,#3666,.F.);
#2847=ORIENTED_EDGE('',*,*,#3659,.T.);
#2848=ORIENTED_EDGE('',*,*,#3289,.F.);
#2849=CARTESIAN_POINT('',(-0.25,-2.25,-1.4));
#2850=DIRECTION('',(1.0,0.0,0.0));
#2851=DIRECTION('',(0.0,1.0,0.0));
#2852=ORIENTED_EDGE('',*,*,#3666,.T.);
#2853=ORIENTED_EDGE('',*,*,#3664,.F.);
#2854=ORIENTED_EDGE('',*,*,#3662,.F.);
#2855=ORIENTED_EDGE('',*,*,#3660,.T.);
#2856=CARTESIAN_POINT('',(-0.75,-2.25,-1.4));
#2857=DIRECTION('',(0.0,0.0,1.0));
#2858=DIRECTION('',(1.0,0.0,0.0));
#2859=ORIENTED_EDGE('',*,*,#3667,.F.);
#2860=ORIENTED_EDGE('',*,*,#3668,.F.);
#2861=ORIENTED_EDGE('',*,*,#3669,.F.);
#2862=ORIENTED_EDGE('',*,*,#3294,.T.);
#2863=CARTESIAN_POINT('',(0.0,-2.25,0.0));
#2864=DIRECTION('',(-0.0,1.0,0.0));
#2865=DIRECTION('',(1.0,0.0,0.0));
#2866=ORIENTED_EDGE('',*,*,#3669,.T.);
#2867=ORIENTED_EDGE('',*,*,#3670,.T.);
#2868=ORIENTED_EDGE('',*,*,#3671,.F.);
#2869=ORIENTED_EDGE('',*,*,#3291,.T.);
#2870=CARTESIAN_POINT('',(-2.3,-2.25,-1.6));
#2871=DIRECTION('',(-0.554700196225229,0.0,0.832050294337844));
#2872=DIRECTION('',(0.0,1.0,0.0));
#2873=ORIENTED_EDGE('',*,*,#3671,.T.);
#2874=ORIENTED_EDGE('',*,*,#3672,.T.);
#2875=ORIENTED_EDGE('',*,*,#3673,.T.);
#2876=ORIENTED_EDGE('',*,*,#3292,.F.);
#2877=CARTESIAN_POINT('',(0.0,-2.85,0.0));
#2878=DIRECTION('',(-0.0,1.0,0.0));
#2879=DIRECTION('',(1.0,0.0,0.0));
#2880=ORIENTED_EDGE('',*,*,#3673,.F.);
#2881=ORIENTED_EDGE('',*,*,#3674,.F.);
#2882=ORIENTED_EDGE('',*,*,#3667,.T.);
#2883=ORIENTED_EDGE('',*,*,#3293,.F.);
#2884=CARTESIAN_POINT('',(-1.5,-2.25,-1.4));
#2885=DIRECTION('',(1.0,0.0,0.0));
#2886=DIRECTION('',(0.0,1.0,0.0));
#2887=ORIENTED_EDGE('',*,*,#3674,.T.);
#2888=ORIENTED_EDGE('',*,*,#3672,.F.);
#2889=ORIENTED_EDGE('',*,*,#3670,.F.);
#2890=ORIENTED_EDGE('',*,*,#3668,.T.);
#2891=CARTESIAN_POINT('',(-2.0,-2.25,-1.4));
#2892=DIRECTION('',(0.0,0.0,1.0));
#2893=DIRECTION('',(1.0,0.0,0.0));
#2894=ORIENTED_EDGE('',*,*,#3675,.T.);
#2895=ORIENTED_EDGE('',*,*,#3676,.F.);
#2896=ORIENTED_EDGE('',*,*,#3677,.F.);
#2897=ORIENTED_EDGE('',*,*,#3177,.T.);
#2898=CARTESIAN_POINT('',(1.09,-1.1,-0.475));
#2899=DIRECTION('',(-1.0,0.0,0.0));
#2900=DIRECTION('',(0.0,0.0,1.0));
#2901=ORIENTED_EDGE('',*,*,#3677,.T.);
#2902=ORIENTED_EDGE('',*,*,#3678,.F.);
#2903=ORIENTED_EDGE('',*,*,#3679,.F.);
#2904=ORIENTED_EDGE('',*,*,#3174,.T.);
#2905=CARTESIAN_POINT('',(1.25,-1.1,-0.875));
#2906=DIRECTION('',(0.0,0.0,-1.0));
#2907=DIRECTION('',(0.0,-1.0,0.0));
#2908=ORIENTED_EDGE('',*,*,#3679,.T.);
#2909=ORIENTED_EDGE('',*,*,#3680,.F.);
#2910=ORIENTED_EDGE('',*,*,#3681,.F.);
#2911=ORIENTED_EDGE('',*,*,#3175,.T.);
#2912=CARTESIAN_POINT('',(1.41,-1.1,-0.475));
#2913=DIRECTION('',(1.0,0.0,0.0));
#2914=DIRECTION('',(0.0,1.0,0.0));
#2915=ORIENTED_EDGE('',*,*,#3681,.T.);
#2916=ORIENTED_EDGE('',*,*,#3682,.F.);
#2917=ORIENTED_EDGE('',*,*,#3675,.F.);
#2918=ORIENTED_EDGE('',*,*,#3176,.T.);
#2919=CARTESIAN_POINT('',(1.25,-1.1,-0.075));
#2920=DIRECTION('',(0.0,0.0,1.0));
#2921=DIRECTION('',(1.0,0.0,0.0));
#2922=ORIENTED_EDGE('',*,*,#3683,.T.);
#2923=ORIENTED_EDGE('',*,*,#3684,.F.);
#2924=ORIENTED_EDGE('',*,*,#3685,.F.);
#2925=ORIENTED_EDGE('',*,*,#3682,.T.);
#2926=CARTESIAN_POINT('',(1.25,0.025,-0.1125));
#2927=DIRECTION('',(0.0,0.148340452930201,0.988936352868304));
#2928=DIRECTION('',(1.0,-0.0,0.0));
#2929=ORIENTED_EDGE('',*,*,#3685,.T.);
#2930=ORIENTED_EDGE('',*,*,#3686,.F.);
#2931=ORIENTED_EDGE('',*,*,#3687,.F.);
#2932=ORIENTED_EDGE('',*,*,#3676,.T.);
#2933=CARTESIAN_POINT('',(1.14,0.025,-0.4625));
#2934=DIRECTION('',(-0.980580675690916,0.196116135138203,0.0));
#2935=DIRECTION('',(0.0,0.0,1.0));
#2936=ORIENTED_EDGE('',*,*,#3687,.T.);
#2937=ORIENTED_EDGE('',*,*,#3688,.F.);
#2938=ORIENTED_EDGE('',*,*,#3689,.F.);
#2939=ORIENTED_EDGE('',*,*,#3678,.T.);
#2940=CARTESIAN_POINT('',(1.25,0.025,-0.8125));
#2941=DIRECTION('',(0.0,0.242535625036309,-0.970142500145338));
#2942=DIRECTION('',(-1.0,0.0,0.0));
#2943=ORIENTED_EDGE('',*,*,#3689,.T.);
#2944=ORIENTED_EDGE('',*,*,#3690,.F.);
#2945=ORIENTED_EDGE('',*,*,#3683,.F.);
#2946=ORIENTED_EDGE('',*,*,#3680,.T.);
#2947=CARTESIAN_POINT('',(1.36,0.025,-0.4625));
#2948=DIRECTION('',(0.980580675690916,0.196116135138203,0.0));
#2949=DIRECTION('',(0.0,0.0,-1.0));
#2950=ORIENTED_EDGE('',*,*,#3684,.T.);
#2951=ORIENTED_EDGE('',*,*,#3690,.T.);
#2952=ORIENTED_EDGE('',*,*,#3688,.T.);
#2953=ORIENTED_EDGE('',*,*,#3686,.T.);
#2954=CARTESIAN_POINT('',(0.0,0.275,0.0));
#2955=DIRECTION('',(-0.0,1.0,0.0));
#2956=DIRECTION('',(1.0,0.0,0.0));
#2957=ORIENTED_EDGE('',*,*,#3691,.T.);
#2958=ORIENTED_EDGE('',*,*,#3692,.F.);
#2959=ORIENTED_EDGE('',*,*,#3693,.F.);
#2960=ORIENTED_EDGE('',*,*,#3181,.T.);
#2961=CARTESIAN_POINT('',(-0.16,-1.1,-0.475));
#2962=DIRECTION('',(-1.0,0.0,0.0));
#2963=DIRECTION('',(0.0,0.0,1.0));
#2964=ORIENTED_EDGE('',*,*,#3693,.T.);
#2965=ORIENTED_EDGE('',*,*,#3694,.F.);
#2966=ORIENTED_EDGE('',*,*,#3695,.F.);
#2967=ORIENTED_EDGE('',*,*,#3178,.T.);
#2968=CARTESIAN_POINT('',(0.0,-1.1,-0.875));
#2969=DIRECTION('',(0.0,0.0,-1.0));
#2970=DIRECTION('',(0.0,-1.0,0.0));
#2971=ORIENTED_EDGE('',*,*,#3695,.T.);
#2972=ORIENTED_EDGE('',*,*,#3696,.F.);
#2973=ORIENTED_EDGE('',*,*,#3697,.F.);
#2974=ORIENTED_EDGE('',*,*,#3179,.T.);
#2975=CARTESIAN_POINT('',(0.16,-1.1,-0.475));
#2976=DIRECTION('',(1.0,0.0,0.0));
#2977=DIRECTION('',(0.0,1.0,0.0));
#2978=ORIENTED_EDGE('',*,*,#3697,.T.);
#2979=ORIENTED_EDGE('',*,*,#3698,.F.);
#2980=ORIENTED_EDGE('',*,*,#3691,.F.);
#2981=ORIENTED_EDGE('',*,*,#3180,.T.);
#2982=CARTESIAN_POINT('',(0.0,-1.1,-0.075));
#2983=DIRECTION('',(0.0,0.0,1.0));
#2984=DIRECTION('',(1.0,0.0,0.0));
#2985=ORIENTED_EDGE('',*,*,#3699,.T.);
#2986=ORIENTED_EDGE('',*,*,#3700,.F.);
#2987=ORIENTED_EDGE('',*,*,#3701,.F.);
#2988=ORIENTED_EDGE('',*,*,#3698,.T.);
#2989=CARTESIAN_POINT('',(0.0,0.025,-0.1125));
#2990=DIRECTION('',(0.0,0.148340452930201,0.988936352868304));
#2991=DIRECTION('',(1.0,-0.0,0.0));
#2992=ORIENTED_EDGE('',*,*,#3701,.T.);
#2993=ORIENTED_EDGE('',*,*,#3702,.F.);
#2994=ORIENTED_EDGE('',*,*,#3703,.F.);
#2995=ORIENTED_EDGE('',*,*,#3692,.T.);
#2996=CARTESIAN_POINT('',(-0.11,0.025,-0.4625));
#2997=DIRECTION('',(-0.980580675690916,0.196116135138203,0.0));
#2998=DIRECTION('',(0.0,0.0,1.0));
#2999=ORIENTED_EDGE('',*,*,#3703,.T.);
#3000=ORIENTED_EDGE('',*,*,#3704,.F.);
#3001=ORIENTED_EDGE('',*,*,#3705,.F.);
#3002=ORIENTED_EDGE('',*,*,#3694,.T.);
#3003=CARTESIAN_POINT('',(0.0,0.025,-0.8125));
#3004=DIRECTION('',(0.0,0.242535625036309,-0.970142500145338));
#3005=DIRECTION('',(-1.0,0.0,0.0));
#3006=ORIENTED_EDGE('',*,*,#3705,.T.);
#3007=ORIENTED_EDGE('',*,*,#3706,.F.);
#3008=ORIENTED_EDGE('',*,*,#3699,.F.);
#3009=ORIENTED_EDGE('',*,*,#3696,.T.);
#3010=CARTESIAN_POINT('',(0.11,0.025,-0.4625));
#3011=DIRECTION('',(0.980580675690916,0.196116135138203,0.0));
#3012=DIRECTION('',(0.0,0.0,-1.0));
#3013=ORIENTED_EDGE('',*,*,#3700,.T.);
#3014=ORIENTED_EDGE('',*,*,#3706,.T.);
#3015=ORIENTED_EDGE('',*,*,#3704,.T.);
#3016=ORIENTED_EDGE('',*,*,#3702,.T.);
#3017=CARTESIAN_POINT('',(0.0,0.275,0.0));
#3018=DIRECTION('',(-0.0,1.0,0.0));
#3019=DIRECTION('',(1.0,0.0,0.0));
#3020=ORIENTED_EDGE('',*,*,#3707,.T.);
#3021=ORIENTED_EDGE('',*,*,#3708,.F.);
#3022=ORIENTED_EDGE('',*,*,#3151,.F.);
#3023=ORIENTED_EDGE('',*,*,#3184,.T.);
#3024=CARTESIAN_POINT('',(-1.41,-1.1,-0.475));
#3025=DIRECTION('',(-1.0,0.0,0.0));
#3026=DIRECTION('',(0.0,0.0,1.0));
#3027=ORIENTED_EDGE('',*,*,#3709,.T.);
#3028=ORIENTED_EDGE('',*,*,#3710,.F.);
#3029=ORIENTED_EDGE('',*,*,#3147,.F.);
#3030=ORIENTED_EDGE('',*,*,#3708,.T.);
#3031=CARTESIAN_POINT('',(-1.36,0.025,-0.4625));
#3032=DIRECTION('',(-0.980580675690916,0.196116135138203,0.0));
#3033=DIRECTION('',(0.0,0.0,1.0));
#3034=ORIENTED_EDGE('',*,*,#3711,.T.);
#3035=ORIENTED_EDGE('',*,*,#3712,.T.);
#3036=ORIENTED_EDGE('',*,*,#3148,.T.);
#3037=ORIENTED_EDGE('',*,*,#3710,.T.);
#3038=CARTESIAN_POINT('',(0.0,0.275,0.0));
#3039=DIRECTION('',(-0.0,1.0,0.0));
#3040=DIRECTION('',(1.0,0.0,0.0));
#3041=ORIENTED_EDGE('',*,*,#3149,.T.);
#3042=ORIENTED_EDGE('',*,*,#3712,.F.);
#3043=ORIENTED_EDGE('',*,*,#3713,.F.);
#3044=ORIENTED_EDGE('',*,*,#3714,.T.);
#3045=CARTESIAN_POINT('',(-1.14,0.025,-0.4625));
#3046=DIRECTION('',(0.980580675690916,0.196116135138203,0.0));
#3047=DIRECTION('',(0.0,0.0,-1.0));
#3048=ORIENTED_EDGE('',*,*,#3152,.T.);
#3049=ORIENTED_EDGE('',*,*,#3714,.F.);
#3050=ORIENTED_EDGE('',*,*,#3715,.F.);
#3051=ORIENTED_EDGE('',*,*,#3182,.T.);
#3052=CARTESIAN_POINT('',(-1.09,-1.1,-0.475));
#3053=DIRECTION('',(1.0,0.0,0.0));
#3054=DIRECTION('',(0.0,1.0,0.0));
#3055=ORIENTED_EDGE('',*,*,#3715,.T.);
#3056=ORIENTED_EDGE('',*,*,#3716,.F.);
#3057=ORIENTED_EDGE('',*,*,#3707,.F.);
#3058=ORIENTED_EDGE('',*,*,#3183,.T.);
#3059=CARTESIAN_POINT('',(-1.25,-1.1,-0.075));
#3060=DIRECTION('',(0.0,0.0,1.0));
#3061=DIRECTION('',(1.0,0.0,0.0));
#3062=ORIENTED_EDGE('',*,*,#3713,.T.);
#3063=ORIENTED_EDGE('',*,*,#3711,.F.);
#3064=ORIENTED_EDGE('',*,*,#3709,.F.);
#3065=ORIENTED_EDGE('',*,*,#3716,.T.);
#3066=CARTESIAN_POINT('',(-1.25,0.025,-0.1125));
#3067=DIRECTION('',(0.0,0.148340452930201,0.988936352868304));
#3068=DIRECTION('',(1.0,-0.0,0.0));
#3069=EDGE_LOOP('',(#3717,#3718,#3719,#3720));
#3070=AXIS2_PLACEMENT_3D('',#3721,#3722,#3723);
#3071=EDGE_LOOP('',(#3724,#3725,#3726,#3727));
#3072=AXIS2_PLACEMENT_3D('',#3728,#3729,#3730);
#3073=EDGE_LOOP('',(#3731,#3732,#3733,#3734));
#3074=AXIS2_PLACEMENT_3D('',#3735,#3736,#3737);
#3075=EDGE_LOOP('',(#3738,#3739,#3740,#3741));
#3076=AXIS2_PLACEMENT_3D('',#3742,#3743,#3744);
#3077=EDGE_LOOP('',(#3745,#3746,#3747,#3748));
#3078=AXIS2_PLACEMENT_3D('',#3749,#3750,#3751);
#3079=EDGE_LOOP('',(#3752,#3753,#3754,#3755));
#3080=AXIS2_PLACEMENT_3D('',#3756,#3757,#3758);
#3081=EDGE_LOOP('',(#3759,#3760,#3761,#3762));
#3082=AXIS2_PLACEMENT_3D('',#3763,#3764,#3765);
#3083=EDGE_LOOP('',(#3766,#3767,#3768,#3769));
#3084=AXIS2_PLACEMENT_3D('',#3770,#3771,#3772);
#3085=EDGE_LOOP('',(#3773,#3774,#3775,#3776));
#3086=AXIS2_PLACEMENT_3D('',#3777,#3778,#3779);
#3087=EDGE_LOOP('',(#3780,#3781,#3782,#3783));
#3088=AXIS2_PLACEMENT_3D('',#3784,#3785,#3786);
#3089=EDGE_LOOP('',(#3787,#3788,#3789,#3790));
#3090=AXIS2_PLACEMENT_3D('',#3791,#3792,#3793);
#3091=EDGE_LOOP('',(#3794,#3795,#3796,#3797));
#3092=AXIS2_PLACEMENT_3D('',#3798,#3799,#3800);
#3093=CARTESIAN_POINT('',(1.65,-3.775,1.6));
#3094=VECTOR('',#3801,1.3);
#3095=CARTESIAN_POINT('',(1.65,-3.775,2.9));
#3096=VECTOR('',#3802,0.8);
#3097=CARTESIAN_POINT('',(0.85,-3.775,2.9));
#3098=VECTOR('',#3803,1.3);
#3099=CARTESIAN_POINT('',(0.85,-3.775,1.6));
#3100=VECTOR('',#3804,0.8);
#3101=CARTESIAN_POINT('',(0.4,-3.775,1.6));
#3102=VECTOR('',#3805,1.3);
#3103=CARTESIAN_POINT('',(0.4,-3.775,2.9));
#3104=VECTOR('',#3806,0.8);
#3105=CARTESIAN_POINT('',(-0.4,-3.775,2.9));
#3106=VECTOR('',#3807,1.3);
#3107=CARTESIAN_POINT('',(-0.4,-3.775,1.6));
#3108=VECTOR('',#3808,0.8);
#3109=CARTESIAN_POINT('',(-0.85,-3.775,1.6));
#3110=VECTOR('',#3809,1.3);
#3111=CARTESIAN_POINT('',(-0.85,-3.775,2.9));
#3112=VECTOR('',#3810,0.8);
#3113=CARTESIAN_POINT('',(-1.65,-3.775,2.9));
#3114=VECTOR('',#3811,1.3);
#3115=CARTESIAN_POINT('',(-1.65,-3.775,1.6));
#3116=VECTOR('',#3812,0.8);
#3117=CARTESIAN_POINT('',(2.75,-3.775,-2.0));
#3118=VECTOR('',#3813,2.1);
#3119=CARTESIAN_POINT('',(4.85,-3.775,-2.0));
#3120=VECTOR('',#3814,3.0);
#3121=CARTESIAN_POINT('',(4.85,-3.775,1.0));
#3122=VECTOR('',#3815,2.1);
#3123=CARTESIAN_POINT('',(2.75,-3.775,1.0));
#3124=VECTOR('',#3816,3.0);
#3125=CARTESIAN_POINT('',(-2.75,-3.775,-2.0));
#3126=VECTOR('',#3817,3.0);
#3127=CARTESIAN_POINT('',(-2.75,-3.775,1.0));
#3128=VECTOR('',#3818,2.1);
#3129=CARTESIAN_POINT('',(-4.85,-3.775,1.0));
#3130=VECTOR('',#3819,3.0);
#3131=CARTESIAN_POINT('',(-4.85,-3.775,-2.0));
#3132=VECTOR('',#3820,2.1);
#3133=CARTESIAN_POINT('',(3.545,-2.15,0.45));
#3134=VECTOR('',#3821,1.3);
#3135=CARTESIAN_POINT('',(3.545,-2.15,-0.85));
#3136=VECTOR('',#3822,0.1625);
#3137=CARTESIAN_POINT('',(3.3825,-2.15,-0.85));
#3138=VECTOR('',#3823,0.2527722136436);
#3139=CARTESIAN_POINT('',(3.22,-2.15,-0.6563830018044));
#3140=VECTOR('',#3824,0.2212766468525);
#3141=CARTESIAN_POINT('',(3.22,-2.15,-0.4351063549519));
#3142=VECTOR('',#3825,0.2527722729959);
#3143=CARTESIAN_POINT('',(3.3825,-2.15,-0.6287234306335));
#3144=VECTOR('',#3826,1.078723430634);
#3145=CARTESIAN_POINT('',(3.3825,-2.15,0.45));
#3146=VECTOR('',#3827,0.1625);
#3147=EDGE_CURVE('',#3828,#3829,#3830,.T.);
#3148=EDGE_CURVE('',#3831,#3829,#3832,.T.);
#3149=EDGE_CURVE('',#3833,#3831,#3834,.T.);
#3150=EDGE_CURVE('',#3833,#3828,#3835,.T.);
#3151=EDGE_CURVE('',#3836,#3828,#3837,.T.);
#3152=EDGE_CURVE('',#3838,#3833,#3839,.T.);
#3153=EDGE_CURVE('',#3838,#3836,#3840,.T.);
#3154=EDGE_CURVE('',#3841,#3842,#3843,.T.);
#3155=EDGE_CURVE('',#3842,#3844,#3845,.T.);
#3156=EDGE_CURVE('',#3844,#3846,#3847,.T.);
#3157=EDGE_CURVE('',#3848,#3846,#3849,.T.);
#3158=EDGE_CURVE('',#3848,#3850,#3851,.T.);
#3159=EDGE_CURVE('',#3850,#3852,#3853,.T.);
#3160=EDGE_CURVE('',#3852,#3854,#3855,.T.);
#3161=EDGE_CURVE('',#3854,#3856,#3857,.T.);
#3162=EDGE_CURVE('',#3856,#3858,#3859,.T.);
#3163=EDGE_CURVE('',#3858,#3860,#3861,.T.);
#3164=EDGE_CURVE('',#3860,#3862,#3863,.T.);
#3165=EDGE_CURVE('',#3862,#3864,#3865,.T.);
#3166=EDGE_CURVE('',#3864,#3866,#3867,.T.);
#3167=EDGE_CURVE('',#3866,#3868,#3869,.T.);
#3168=EDGE_CURVE('',#3868,#3870,#3871,.T.);
#3169=EDGE_CURVE('',#3870,#3872,#3873,.T.);
#3170=EDGE_CURVE('',#3872,#3874,#3875,.T.);
#3171=EDGE_CURVE('',#3874,#3876,#3877,.T.);
#3172=EDGE_CURVE('',#3876,#3878,#3879,.T.);
#3173=EDGE_CURVE('',#3878,#3841,#3880,.T.);
#3174=EDGE_CURVE('',#3881,#3882,#3883,.T.);
#3175=EDGE_CURVE('',#3884,#3881,#3885,.T.);
#3176=EDGE_CURVE('',#3886,#3884,#3887,.T.);
#3177=EDGE_CURVE('',#3882,#3886,#3888,.T.);
#3178=EDGE_CURVE('',#3889,#3890,#3891,.T.);
#3179=EDGE_CURVE('',#3892,#3889,#3893,.T.);
#3180=EDGE_CURVE('',#3894,#3892,#3895,.T.);
#3181=EDGE_CURVE('',#3890,#3894,#3896,.T.);
#3182=EDGE_CURVE('',#3897,#3838,#3898,.T.);
#3183=EDGE_CURVE('',#3899,#3897,#3900,.T.);
#3184=EDGE_CURVE('',#3836,#3899,#3901,.T.);
#3185=EDGE_CURVE('',#3902,#3870,#3903,.T.);
#3186=EDGE_CURVE('',#3902,#3904,#3905,.T.);
#3187=EDGE_CURVE('',#3872,#3904,#3906,.T.);
#3188=EDGE_CURVE('',#3878,#3907,#3908,.T.);
#3189=EDGE_CURVE('',#3907,#3909,#3910,.T.);
#3190=EDGE_CURVE('',#3909,#3911,#3912,.T.);
#3191=EDGE_CURVE('',#3911,#3913,#3914,.T.);
#3192=EDGE_CURVE('',#3915,#3913,#3916,.T.);
#3193=EDGE_CURVE('',#3915,#3841,#3917,.T.);
#3194=EDGE_CURVE('',#3918,#3904,#3919,.T.);
#3195=EDGE_CURVE('',#3918,#3874,#3920,.T.);
#3196=EDGE_CURVE('',#3921,#3876,#3922,.T.);
#3197=EDGE_CURVE('',#3918,#3921,#3923,.T.);
#3198=EDGE_CURVE('',#3924,#3925,#3926,.T.);
#3199=EDGE_CURVE('',#3925,#3927,#3928,.T.);
#3200=EDGE_CURVE('',#3927,#3929,#3930,.T.);
#3201=EDGE_CURVE('',#3921,#3929,#3931,.T.);
#3202=EDGE_CURVE('',#3932,#3918,#3933,.T.);
#3203=EDGE_CURVE('',#3934,#3932,#3935,.T.);
#3204=EDGE_CURVE('',#3924,#3934,#3936,.T.);
#3205=EDGE_CURVE('',#3937,#3938,#3939,.T.);
#3206=EDGE_CURVE('',#3940,#3937,#3941,.T.);
#3207=EDGE_CURVE('',#3942,#3940,#3943,.T.);
#3208=EDGE_CURVE('',#3944,#3942,#3945,.T.);
#3209=EDGE_CURVE('',#3944,#3946,#3947,.T.);
#3210=EDGE_CURVE('',#3946,#3948,#3949,.T.);
#3211=EDGE_CURVE('',#3948,#3950,#3951,.T.);
#3212=EDGE_CURVE('',#3950,#3938,#3952,.T.);
#3213=EDGE_CURVE('',#3953,#3954,#3955,.T.);
#3214=EDGE_CURVE('',#3954,#3956,#3957,.T.);
#3215=EDGE_CURVE('',#3924,#3956,#3958,.T.);
#3216=EDGE_CURVE('',#3934,#3953,#3959,.T.);
#3217=EDGE_CURVE('',#3932,#3902,#3960,.T.);
#3218=EDGE_CURVE('',#3953,#3902,#3961,.T.);
#3219=EDGE_CURVE('',#3962,#3963,#3964,.T.);
#3220=EDGE_CURVE('',#3937,#3962,#3965,.T.);
#3221=EDGE_CURVE('',#3938,#3963,#3966,.T.);
#3222=EDGE_CURVE('',#3962,#3868,#3967,.T.);
#3223=EDGE_CURVE('',#3963,#3968,#3969,.T.);
#3224=EDGE_CURVE('',#3968,#3970,#3971,.T.);
#3225=EDGE_CURVE('',#3972,#3970,#3973,.T.);
#3226=EDGE_CURVE('',#3974,#3972,#3975,.T.);
#3227=EDGE_CURVE('',#3974,#3976,#3977,.T.);
#3228=EDGE_CURVE('',#3976,#3954,#3978,.T.);
#3229=EDGE_CURVE('',#3979,#3976,#3980,.T.);
#3230=EDGE_CURVE('',#3979,#3956,#3981,.T.);
#3231=EDGE_CURVE('',#3982,#3983,#3984,.T.);
#3232=EDGE_CURVE('',#3970,#3983,#3985,.T.);
#3233=EDGE_CURVE('',#3968,#3982,#3986,.T.);
#3234=EDGE_CURVE('',#3987,#3979,#3988,.T.);
#3235=EDGE_CURVE('',#3987,#3989,#3990,.T.);
#3236=EDGE_CURVE('',#3989,#3983,#3991,.T.);
#3237=EDGE_CURVE('',#3950,#3982,#3992,.T.);
#3238=EDGE_CURVE('',#3993,#3948,#3994,.T.);
#3239=EDGE_CURVE('',#3993,#3995,#3996,.T.);
#3240=EDGE_CURVE('',#3995,#3997,#3998,.T.);
#3241=EDGE_CURVE('',#3997,#3999,#4000,.T.);
#3242=EDGE_CURVE('',#3999,#4001,#4002,.T.);
#3243=EDGE_CURVE('',#4001,#4003,#4004,.T.);
#3244=EDGE_CURVE('',#4005,#4003,#4006,.T.);
#3245=EDGE_CURVE('',#4007,#4005,#4008,.T.);
#3246=EDGE_CURVE('',#4009,#4007,#4010,.T.);
#3247=EDGE_CURVE('',#4011,#4009,#4012,.T.);
#3248=EDGE_CURVE('',#4013,#4011,#4014,.T.);
#3249=EDGE_CURVE('',#4015,#4013,#4016,.T.);
#3250=EDGE_CURVE('',#4015,#4017,#4018,.T.);
#3251=EDGE_CURVE('',#4017,#4019,#4020,.T.);
#3252=EDGE_CURVE('',#4019,#4021,#4022,.T.);
#3253=EDGE_CURVE('',#4023,#4021,#4024,.T.);
#3254=EDGE_CURVE('',#4025,#4023,#4026,.T.);
#3255=EDGE_CURVE('',#4027,#4025,#4028,.T.);
#3256=EDGE_CURVE('',#4027,#4029,#4030,.T.);
#3257=EDGE_CURVE('',#4031,#4029,#4032,.T.);
#3258=EDGE_CURVE('',#4033,#4031,#4034,.T.);
#3259=EDGE_CURVE('',#4035,#4033,#4036,.T.);
#3260=EDGE_CURVE('',#4035,#4037,#4038,.T.);
#3261=EDGE_CURVE('',#4039,#4037,#4040,.T.);
#3262=EDGE_CURVE('',#4041,#4039,#4042,.T.);
#3263=EDGE_CURVE('',#4043,#4041,#4044,.T.);
#3264=EDGE_CURVE('',#4043,#4045,#4046,.T.);
#3265=EDGE_CURVE('',#4047,#4045,#4048,.T.);
#3266=EDGE_CURVE('',#4047,#4049,#4050,.T.);
#3267=EDGE_CURVE('',#4049,#4051,#4052,.T.);
#3268=EDGE_CURVE('',#4053,#4051,#4054,.T.);
#3269=EDGE_CURVE('',#4055,#4053,#4056,.T.);
#3270=EDGE_CURVE('',#4057,#4055,#4058,.T.);
#3271=EDGE_CURVE('',#4059,#4057,#4060,.T.);
#3272=EDGE_CURVE('',#4061,#4059,#4062,.T.);
#3273=EDGE_CURVE('',#4061,#4063,#4064,.T.);
#3274=EDGE_CURVE('',#4063,#4065,#4066,.T.);
#3275=EDGE_CURVE('',#4065,#4067,#4068,.T.);
#3276=EDGE_CURVE('',#4067,#4069,#4070,.T.);
#3277=EDGE_CURVE('',#4069,#4071,#4072,.T.);
#3278=EDGE_CURVE('',#4071,#3925,#4073,.T.);
#3279=EDGE_CURVE('',#4074,#4075,#4076,.T.);
#3280=EDGE_CURVE('',#4074,#4077,#4078,.T.);
#3281=EDGE_CURVE('',#4077,#4079,#4080,.T.);
#3282=EDGE_CURVE('',#4075,#4079,#4081,.T.);
#3283=EDGE_CURVE('',#4082,#4083,#4084,.T.);
#3284=EDGE_CURVE('',#4082,#4085,#4086,.T.);
#3285=EDGE_CURVE('',#4085,#4087,#4088,.T.);
#3286=EDGE_CURVE('',#4083,#4087,#4089,.T.);
#3287=EDGE_CURVE('',#4090,#4091,#4092,.T.);
#3288=EDGE_CURVE('',#4090,#4093,#4094,.T.);
#3289=EDGE_CURVE('',#4093,#4095,#4096,.T.);
#3290=EDGE_CURVE('',#4091,#4095,#4097,.T.);
#3291=EDGE_CURVE('',#4098,#4099,#4100,.T.);
#3292=EDGE_CURVE('',#4098,#4101,#4102,.T.);
#3293=EDGE_CURVE('',#4101,#4103,#4104,.T.);
#3294=EDGE_CURVE('',#4099,#4103,#4105,.T.);
#3295=EDGE_CURVE('',#4071,#4106,#4107,.T.);
#3296=EDGE_CURVE('',#4106,#4108,#4109,.T.);
#3297=EDGE_CURVE('',#4051,#4108,#4110,.T.);
#3298=EDGE_CURVE('',#4049,#4111,#4112,.T.);
#3299=EDGE_CURVE('',#4111,#4113,#4114,.T.);
#3300=EDGE_CURVE('',#4113,#4115,#4116,.T.);
#3301=EDGE_CURVE('',#4117,#4115,#4118,.T.);
#3302=EDGE_CURVE('',#4117,#4119,#4120,.T.);
#3303=EDGE_CURVE('',#4119,#3848,#4121,.T.);
#3304=EDGE_CURVE('',#4122,#3846,#4123,.T.);
#3305=EDGE_CURVE('',#4124,#4122,#4125,.T.);
#3306=EDGE_CURVE('',#3927,#4124,#4126,.T.);
#3307=EDGE_CURVE('',#4124,#3911,#4127,.T.);
#3308=EDGE_CURVE('',#3929,#3909,#4128,.T.);
#3309=EDGE_CURVE('',#3944,#4129,#4130,.T.);
#3310=EDGE_CURVE('',#4129,#4131,#4132,.T.);
#3311=EDGE_CURVE('',#4131,#4133,#4134,.T.);
#3312=EDGE_CURVE('',#3946,#4133,#4135,.T.);
#3313=EDGE_CURVE('',#3921,#3907,#4136,.T.);
#3314=EDGE_CURVE('',#4137,#4122,#4138,.T.);
#3315=EDGE_CURVE('',#4139,#4137,#4140,.T.);
#3316=EDGE_CURVE('',#4139,#3913,#4141,.T.);
#3317=EDGE_CURVE('',#4142,#4139,#4143,.T.);
#3318=EDGE_CURVE('',#4142,#3915,#4144,.T.);
#3319=EDGE_CURVE('',#4142,#3842,#4145,.T.);
#3320=EDGE_CURVE('',#4137,#3844,#4146,.T.);
#3321=EDGE_CURVE('',#4133,#4147,#4148,.T.);
#3322=EDGE_CURVE('',#4147,#3852,#4149,.T.);
#3323=EDGE_CURVE('',#4150,#3850,#4151,.T.);
#3324=EDGE_CURVE('',#4150,#4152,#4153,.T.);
#3325=EDGE_CURVE('',#4152,#4154,#4155,.T.);
#3326=EDGE_CURVE('',#4156,#4154,#4157,.T.);
#3327=EDGE_CURVE('',#4158,#4156,#4159,.T.);
#3328=EDGE_CURVE('',#4158,#4015,#4160,.T.);
#3329=EDGE_CURVE('',#4013,#4161,#4162,.T.);
#3330=EDGE_CURVE('',#4163,#4161,#4164,.T.);
#3331=EDGE_CURVE('',#3993,#4163,#4165,.T.);
#3332=EDGE_CURVE('',#4163,#4166,#4167,.T.);
#3333=EDGE_CURVE('',#3995,#4166,#4168,.T.);
#3334=EDGE_CURVE('',#4166,#4169,#4170,.T.);
#3335=EDGE_CURVE('',#3997,#4169,#4171,.T.);
#3336=EDGE_CURVE('',#4169,#4172,#4173,.T.);
#3337=EDGE_CURVE('',#3999,#4172,#4174,.T.);
#3338=EDGE_CURVE('',#4172,#4175,#4176,.T.);
#3339=EDGE_CURVE('',#4001,#4175,#4177,.T.);
#3340=EDGE_CURVE('',#4178,#4179,#4180,.T.);
#3341=EDGE_CURVE('',#4003,#4178,#4181,.T.);
#3342=EDGE_CURVE('',#4175,#4161,#4182,.T.);
#3343=EDGE_CURVE('',#4183,#4013,#4184,.T.);
#3344=EDGE_CURVE('',#4185,#4183,#4186,.T.);
#3345=EDGE_CURVE('',#4179,#4185,#4187,.T.);
#3346=EDGE_CURVE('',#4188,#4185,#4189,.T.);
#3347=EDGE_CURVE('',#4190,#4188,#4191,.T.);
#3348=EDGE_CURVE('',#4192,#4190,#4193,.T.);
#3349=EDGE_CURVE('',#4194,#4192,#4195,.T.);
#3350=EDGE_CURVE('',#4196,#4194,#4197,.T.);
#3351=EDGE_CURVE('',#4198,#4196,#4199,.T.);
#3352=EDGE_CURVE('',#4179,#4198,#4200,.T.);
#3353=EDGE_CURVE('',#4201,#4202,#4203,.T.);
#3354=EDGE_CURVE('',#4204,#4201,#4205,.T.);
#3355=EDGE_CURVE('',#4206,#4204,#4207,.T.);
#3356=EDGE_CURVE('',#4208,#4206,#4209,.T.);
#3357=EDGE_CURVE('',#4210,#4208,#4211,.T.);
#3358=EDGE_CURVE('',#4212,#4210,#4213,.T.);
#3359=EDGE_CURVE('',#4214,#4212,#4215,.T.);
#3360=EDGE_CURVE('',#4214,#4202,#4216,.T.);
#3361=EDGE_CURVE('',#4217,#4178,#4218,.T.);
#3362=EDGE_CURVE('',#4219,#4178,#4220,.T.);
#3363=EDGE_CURVE('',#4219,#4221,#4222,.T.);
#3364=EDGE_CURVE('',#4217,#4221,#4223,.T.);
#3365=EDGE_CURVE('',#4224,#4198,#4225,.T.);
#3366=EDGE_CURVE('',#4178,#4224,#4226,.T.);
#3367=EDGE_CURVE('',#4005,#4227,#4228,.T.);
#3368=EDGE_CURVE('',#4003,#4217,#4229,.T.);
#3369=EDGE_CURVE('',#4221,#4227,#4230,.T.);
#3370=EDGE_CURVE('',#4231,#4219,#4232,.T.);
#3371=EDGE_CURVE('',#4231,#4233,#4234,.T.);
#3372=EDGE_CURVE('',#4227,#4233,#4235,.T.);
#3373=EDGE_CURVE('',#4007,#4236,#4237,.T.);
#3374=EDGE_CURVE('',#4236,#4233,#4238,.T.);
#3375=EDGE_CURVE('',#4239,#4231,#4240,.T.);
#3376=EDGE_CURVE('',#4239,#4236,#4241,.T.);
#3377=EDGE_CURVE('',#4242,#4239,#4243,.T.);
#3378=EDGE_CURVE('',#4242,#4244,#4245,.T.);
#3379=EDGE_CURVE('',#4244,#4236,#4246,.T.);
#3380=EDGE_CURVE('',#4009,#4244,#4247,.T.);
#3381=EDGE_CURVE('',#4248,#4249,#4250,.T.);
#3382=EDGE_CURVE('',#4011,#4248,#4251,.T.);
#3383=EDGE_CURVE('',#4249,#4244,#4252,.T.);
#3384=EDGE_CURVE('',#4253,#4242,#4254,.T.);
#3385=EDGE_CURVE('',#4253,#4249,#4255,.T.);
#3386=EDGE_CURVE('',#4256,#4249,#4257,.T.);
#3387=EDGE_CURVE('',#4258,#4253,#4259,.T.);
#3388=EDGE_CURVE('',#4258,#4260,#4261,.T.);
#3389=EDGE_CURVE('',#4262,#4260,#4263,.T.);
#3390=EDGE_CURVE('',#4262,#4256,#4264,.T.);
#3391=EDGE_CURVE('',#4262,#4265,#4266,.T.);
#3392=EDGE_CURVE('',#4265,#4256,#4267,.T.);
#3393=EDGE_CURVE('',#4268,#4269,#4270,.T.);
#3394=EDGE_CURVE('',#4269,#4271,#4272,.T.);
#3395=EDGE_CURVE('',#4268,#4271,#4273,.T.);
#3396=EDGE_CURVE('',#4248,#4265,#4274,.T.);
#3397=EDGE_CURVE('',#4260,#4248,#4275,.T.);
#3398=EDGE_CURVE('',#4013,#4276,#4277,.T.);
#3399=EDGE_CURVE('',#4276,#4260,#4278,.T.);
#3400=EDGE_CURVE('',#4279,#4183,#4280,.T.);
#3401=EDGE_CURVE('',#4279,#4188,#4281,.T.);
#3402=EDGE_CURVE('',#4183,#4258,#4282,.T.);
#3403=EDGE_CURVE('',#4276,#4183,#4283,.T.);
#3404=EDGE_CURVE('',#4284,#4190,#4285,.T.);
#3405=EDGE_CURVE('',#4284,#4279,#4286,.T.);
#3406=EDGE_CURVE('',#4224,#4287,#4288,.T.);
#3407=EDGE_CURVE('',#4287,#4289,#4290,.T.);
#3408=EDGE_CURVE('',#4289,#4291,#4292,.T.);
#3409=EDGE_CURVE('',#4291,#4284,#4293,.T.);
#3410=EDGE_CURVE('',#4294,#4295,#4296,.T.);
#3411=EDGE_CURVE('',#4295,#4297,#4298,.T.);
#3412=EDGE_CURVE('',#4297,#4299,#4300,.T.);
#3413=EDGE_CURVE('',#4299,#4301,#4302,.T.);
#3414=EDGE_CURVE('',#4301,#4303,#4304,.T.);
#3415=EDGE_CURVE('',#4303,#4305,#4306,.T.);
#3416=EDGE_CURVE('',#4305,#4307,#4308,.T.);
#3417=EDGE_CURVE('',#4307,#4309,#4310,.T.);
#3418=EDGE_CURVE('',#4309,#4311,#4312,.T.);
#3419=EDGE_CURVE('',#4311,#4313,#4314,.T.);
#3420=EDGE_CURVE('',#4313,#4315,#4316,.T.);
#3421=EDGE_CURVE('',#4315,#4317,#4318,.T.);
#3422=EDGE_CURVE('',#4317,#4319,#4320,.T.);
#3423=EDGE_CURVE('',#4319,#4294,#4321,.T.);
#3424=EDGE_CURVE('',#4291,#4322,#4323,.T.);
#3425=EDGE_CURVE('',#4322,#4324,#4325,.T.);
#3426=EDGE_CURVE('',#4192,#4324,#4326,.T.);
#3427=EDGE_CURVE('',#4327,#4324,#4328,.T.);
#3428=EDGE_CURVE('',#4194,#4327,#4329,.T.);
#3429=EDGE_CURVE('',#4287,#4196,#4330,.T.);
#3430=EDGE_CURVE('',#4331,#4327,#4332,.T.);
#3431=EDGE_CURVE('',#4289,#4331,#4333,.T.);
#3432=EDGE_CURVE('',#4331,#4322,#4334,.T.);
#3433=EDGE_CURVE('',#4295,#4212,#4335,.T.);
#3434=EDGE_CURVE('',#4214,#4294,#4336,.T.);
#3435=EDGE_CURVE('',#4319,#4337,#4338,.T.);
#3436=EDGE_CURVE('',#4339,#4337,#4340,.T.);
#3437=EDGE_CURVE('',#4339,#4294,#4341,.T.);
#3438=EDGE_CURVE('',#4051,#4294,#4342,.T.);
#3439=EDGE_CURVE('',#4108,#4343,#4344,.T.);
#3440=EDGE_CURVE('',#4063,#4343,#4345,.T.);
#3441=EDGE_CURVE('',#4307,#4061,#4346,.T.);
#3442=EDGE_CURVE('',#4307,#4202,#4347,.T.);
#3443=EDGE_CURVE('',#4348,#4349,#4350,.T.);
#3444=EDGE_CURVE('',#4309,#4349,#4351,.T.);
#3445=EDGE_CURVE('',#4348,#4307,#4352,.T.);
#3446=EDGE_CURVE('',#4305,#4201,#4353,.T.);
#3447=EDGE_CURVE('',#4051,#4339,#4354,.T.);
#3448=EDGE_CURVE('',#4061,#4348,#4355,.T.);
#3449=EDGE_CURVE('',#4356,#4337,#4357,.T.);
#3450=EDGE_CURVE('',#4053,#4356,#4358,.T.);
#3451=EDGE_CURVE('',#4055,#4359,#4360,.T.);
#3452=EDGE_CURVE('',#4361,#4356,#4362,.T.);
#3453=EDGE_CURVE('',#4359,#4361,#4363,.T.);
#3454=EDGE_CURVE('',#4317,#4361,#4364,.T.);
#3455=EDGE_CURVE('',#4315,#4359,#4365,.T.);
#3456=EDGE_CURVE('',#4313,#4366,#4367,.T.);
#3457=EDGE_CURVE('',#4366,#4359,#4368,.T.);
#3458=EDGE_CURVE('',#4057,#4366,#4369,.T.);
#3459=EDGE_CURVE('',#4059,#4370,#4371,.T.);
#3460=EDGE_CURVE('',#4372,#4366,#4373,.T.);
#3461=EDGE_CURVE('',#4372,#4370,#4374,.T.);
#3462=EDGE_CURVE('',#4311,#4372,#4375,.T.);
#3463=EDGE_CURVE('',#4370,#4349,#4376,.T.);
#3464=EDGE_CURVE('',#4271,#4337,#4377,.T.);
#3465=EDGE_CURVE('',#4268,#4361,#4378,.T.);
#3466=EDGE_CURVE('',#4356,#4269,#4379,.T.);
#3467=EDGE_CURVE('',#4303,#4204,#4380,.T.);
#3468=EDGE_CURVE('',#4301,#4381,#4382,.T.);
#3469=EDGE_CURVE('',#4381,#4383,#4384,.T.);
#3470=EDGE_CURVE('',#4206,#4383,#4385,.T.);
#3471=EDGE_CURVE('',#4386,#4383,#4387,.T.);
#3472=EDGE_CURVE('',#4208,#4386,#4388,.T.);
#3473=EDGE_CURVE('',#4297,#4210,#4389,.T.);
#3474=EDGE_CURVE('',#4390,#4386,#4391,.T.);
#3475=EDGE_CURVE('',#4299,#4390,#4392,.T.);
#3476=EDGE_CURVE('',#4390,#4381,#4393,.T.);
#3477=EDGE_CURVE('',#4343,#4394,#4395,.T.);
#3478=EDGE_CURVE('',#4065,#4394,#4396,.T.);
#3479=EDGE_CURVE('',#4394,#4397,#4398,.T.);
#3480=EDGE_CURVE('',#4067,#4397,#4399,.T.);
#3481=EDGE_CURVE('',#4397,#4400,#4401,.T.);
#3482=EDGE_CURVE('',#4069,#4400,#4402,.T.);
#3483=EDGE_CURVE('',#4400,#4106,#4403,.T.);
#3484=EDGE_CURVE('',#4404,#4405,#4406,.T.);
#3485=EDGE_CURVE('',#4119,#4404,#4407,.T.);
#3486=EDGE_CURVE('',#4117,#4405,#4408,.T.);
#3487=EDGE_CURVE('',#4409,#4150,#4410,.T.);
#3488=EDGE_CURVE('',#4409,#4411,#4412,.T.);
#3489=EDGE_CURVE('',#4411,#4152,#4413,.T.);
#3490=EDGE_CURVE('',#4414,#4047,#4415,.T.);
#3491=EDGE_CURVE('',#4111,#4414,#4416,.T.);
#3492=EDGE_CURVE('',#4417,#4017,#4418,.T.);
#3493=EDGE_CURVE('',#4417,#4158,#4419,.T.);
#3494=EDGE_CURVE('',#4115,#4420,#4421,.T.);
#3495=EDGE_CURVE('',#4405,#4420,#4422,.T.);
#3496=EDGE_CURVE('',#4411,#4423,#4424,.T.);
#3497=EDGE_CURVE('',#4423,#4154,#4425,.T.);
#3498=EDGE_CURVE('',#4426,#4420,#4427,.T.);
#3499=EDGE_CURVE('',#4414,#4426,#4428,.T.);
#3500=EDGE_CURVE('',#4045,#4429,#4430,.T.);
#3501=EDGE_CURVE('',#4404,#4429,#4431,.T.);
#3502=EDGE_CURVE('',#4432,#4433,#4434,.T.);
#3503=EDGE_CURVE('',#4433,#4435,#4436,.T.);
#3504=EDGE_CURVE('',#4437,#4435,#4438,.T.);
#3505=EDGE_CURVE('',#4437,#4439,#4440,.T.);
#3506=EDGE_CURVE('',#4439,#4441,#4442,.T.);
#3507=EDGE_CURVE('',#4441,#4443,#4444,.T.);
#3508=EDGE_CURVE('',#4445,#4443,#4446,.T.);
#3509=EDGE_CURVE('',#4445,#4447,#4448,.T.);
#3510=EDGE_CURVE('',#4447,#4449,#4450,.T.);
#3511=EDGE_CURVE('',#4449,#4451,#4452,.T.);
#3512=EDGE_CURVE('',#4453,#4451,#4454,.T.);
#3513=EDGE_CURVE('',#4409,#4453,#4455,.T.);
#3514=EDGE_CURVE('',#4456,#4429,#4457,.T.);
#3515=EDGE_CURVE('',#4456,#4432,#4458,.T.);
#3516=EDGE_CURVE('',#4043,#4456,#4459,.T.);
#3517=EDGE_CURVE('',#4041,#4432,#4460,.T.);
#3518=EDGE_CURVE('',#4039,#4433,#4461,.T.);
#3519=EDGE_CURVE('',#4462,#4463,#4464,.T.);
#3520=EDGE_CURVE('',#4465,#4462,#4466,.T.);
#3521=EDGE_CURVE('',#4465,#4467,#4468,.T.);
#3522=EDGE_CURVE('',#4467,#4463,#4469,.T.);
#3523=EDGE_CURVE('',#4037,#4435,#4470,.T.);
#3524=EDGE_CURVE('',#4019,#4453,#4471,.T.);
#3525=EDGE_CURVE('',#4021,#4451,#4472,.T.);
#3526=EDGE_CURVE('',#4027,#4445,#4473,.T.);
#3527=EDGE_CURVE('',#4029,#4443,#4474,.T.);
#3528=EDGE_CURVE('',#4035,#4437,#4475,.T.);
#3529=EDGE_CURVE('',#4023,#4449,#4476,.T.);
#3530=EDGE_CURVE('',#4025,#4447,#4477,.T.);
#3531=EDGE_CURVE('',#4478,#4479,#4480,.T.);
#3532=EDGE_CURVE('',#4481,#4478,#4482,.T.);
#3533=EDGE_CURVE('',#4481,#4483,#4484,.T.);
#3534=EDGE_CURVE('',#4483,#4479,#4485,.T.);
#3535=EDGE_CURVE('',#4483,#4486,#4487,.T.);
#3536=EDGE_CURVE('',#4486,#4488,#4489,.T.);
#3537=EDGE_CURVE('',#4488,#4490,#4491,.T.);
#3538=EDGE_CURVE('',#4490,#4492,#4493,.T.);
#3539=EDGE_CURVE('',#4492,#4494,#4495,.T.);
#3540=EDGE_CURVE('',#4494,#4496,#4497,.T.);
#3541=EDGE_CURVE('',#4496,#4498,#4499,.T.);
#3542=EDGE_CURVE('',#4498,#4500,#4501,.T.);
#3543=EDGE_CURVE('',#4500,#4479,#4502,.T.);
#3544=EDGE_CURVE('',#4500,#4503,#4504,.T.);
#3545=EDGE_CURVE('',#4503,#4478,#4505,.T.);
#3546=EDGE_CURVE('',#4506,#4503,#4507,.T.);
#3547=EDGE_CURVE('',#4508,#4506,#4509,.T.);
#3548=EDGE_CURVE('',#4510,#4508,#4511,.T.);
#3549=EDGE_CURVE('',#4512,#4510,#4513,.T.);
#3550=EDGE_CURVE('',#4514,#4512,#4515,.T.);
#3551=EDGE_CURVE('',#4516,#4514,#4517,.T.);
#3552=EDGE_CURVE('',#4518,#4516,#4519,.T.);
#3553=EDGE_CURVE('',#4481,#4518,#4520,.T.);
#3554=EDGE_CURVE('',#4486,#4518,#4521,.T.);
#3555=EDGE_CURVE('',#4488,#4516,#4522,.T.);
#3556=EDGE_CURVE('',#4490,#4514,#4523,.T.);
#3557=EDGE_CURVE('',#4492,#4512,#4524,.T.);
#3558=EDGE_CURVE('',#4494,#4510,#4525,.T.);
#3559=EDGE_CURVE('',#4496,#4508,#4526,.T.);
#3560=EDGE_CURVE('',#4498,#4506,#4527,.T.);
#3561=EDGE_CURVE('',#4417,#4528,#4529,.T.);
#3562=EDGE_CURVE('',#4528,#4423,#4530,.T.);
#3563=EDGE_CURVE('',#4113,#4426,#4531,.T.);
#3564=EDGE_CURVE('',#4528,#4156,#4532,.T.);
#3565=EDGE_CURVE('',#4031,#4441,#4533,.T.);
#3566=EDGE_CURVE('',#4033,#4439,#4534,.T.);
#3567=EDGE_CURVE('',#4535,#4536,#4537,.T.);
#3568=EDGE_CURVE('',#4538,#4535,#4539,.T.);
#3569=EDGE_CURVE('',#4538,#4540,#4541,.T.);
#3570=EDGE_CURVE('',#4540,#4536,#4542,.T.);
#3571=EDGE_CURVE('',#4540,#4543,#4544,.T.);
#3572=EDGE_CURVE('',#4543,#4545,#4546,.T.);
#3573=EDGE_CURVE('',#4545,#4547,#4548,.T.);
#3574=EDGE_CURVE('',#4547,#4549,#4550,.T.);
#3575=EDGE_CURVE('',#4549,#4551,#4552,.T.);
#3576=EDGE_CURVE('',#4551,#4553,#4554,.T.);
#3577=EDGE_CURVE('',#4553,#4555,#4556,.T.);
#3578=EDGE_CURVE('',#4555,#4557,#4558,.T.);
#3579=EDGE_CURVE('',#4557,#4536,#4559,.T.);
#3580=EDGE_CURVE('',#4557,#4560,#4561,.T.);
#3581=EDGE_CURVE('',#4560,#4535,#4562,.T.);
#3582=EDGE_CURVE('',#4563,#4560,#4564,.T.);
#3583=EDGE_CURVE('',#4565,#4563,#4566,.T.);
#3584=EDGE_CURVE('',#4567,#4565,#4568,.T.);
#3585=EDGE_CURVE('',#4569,#4567,#4570,.T.);
#3586=EDGE_CURVE('',#4571,#4569,#4572,.T.);
#3587=EDGE_CURVE('',#4573,#4571,#4574,.T.);
#3588=EDGE_CURVE('',#4575,#4573,#4576,.T.);
#3589=EDGE_CURVE('',#4538,#4575,#4577,.T.);
#3590=EDGE_CURVE('',#4543,#4575,#4578,.T.);
#3591=EDGE_CURVE('',#4545,#4573,#4579,.T.);
#3592=EDGE_CURVE('',#4547,#4571,#4580,.T.);
#3593=EDGE_CURVE('',#4549,#4569,#4581,.T.);
#3594=EDGE_CURVE('',#4551,#4567,#4582,.T.);
#3595=EDGE_CURVE('',#4553,#4565,#4583,.T.);
#3596=EDGE_CURVE('',#4555,#4563,#4584,.T.);
#3597=EDGE_CURVE('',#4467,#4585,#4586,.T.);
#3598=EDGE_CURVE('',#4585,#4587,#4588,.T.);
#3599=EDGE_CURVE('',#4587,#4589,#4590,.T.);
#3600=EDGE_CURVE('',#4589,#4591,#4592,.T.);
#3601=EDGE_CURVE('',#4591,#4593,#4594,.T.);
#3602=EDGE_CURVE('',#4593,#4595,#4596,.T.);
#3603=EDGE_CURVE('',#4595,#4597,#4598,.T.);
#3604=EDGE_CURVE('',#4597,#4599,#4600,.T.);
#3605=EDGE_CURVE('',#4599,#4463,#4601,.T.);
#3606=EDGE_CURVE('',#4599,#4602,#4603,.T.);
#3607=EDGE_CURVE('',#4602,#4462,#4604,.T.);
#3608=EDGE_CURVE('',#4605,#4602,#4606,.T.);
#3609=EDGE_CURVE('',#4607,#4605,#4608,.T.);
#3610=EDGE_CURVE('',#4609,#4607,#4610,.T.);
#3611=EDGE_CURVE('',#4611,#4609,#4612,.T.);
#3612=EDGE_CURVE('',#4613,#4611,#4614,.T.);
#3613=EDGE_CURVE('',#4615,#4613,#4616,.T.);
#3614=EDGE_CURVE('',#4617,#4615,#4618,.T.);
#3615=EDGE_CURVE('',#4465,#4617,#4619,.T.);
#3616=EDGE_CURVE('',#4585,#4617,#4620,.T.);
#3617=EDGE_CURVE('',#4587,#4615,#4621,.T.);
#3618=EDGE_CURVE('',#4589,#4613,#4622,.T.);
#3619=EDGE_CURVE('',#4591,#4611,#4623,.T.);
#3620=EDGE_CURVE('',#4593,#4609,#4624,.T.);
#3621=EDGE_CURVE('',#4595,#4607,#4625,.T.);
#3622=EDGE_CURVE('',#4597,#4605,#4626,.T.);
#3623=EDGE_CURVE('',#4627,#3854,#4628,.T.);
#3624=EDGE_CURVE('',#4627,#4147,#4629,.T.);
#3625=EDGE_CURVE('',#4131,#4630,#4631,.T.);
#3626=EDGE_CURVE('',#4632,#4630,#4633,.T.);
#3627=EDGE_CURVE('',#4627,#4632,#4634,.T.);
#3628=EDGE_CURVE('',#4635,#4632,#4636,.T.);
#3629=EDGE_CURVE('',#4635,#3856,#4637,.T.);
#3630=EDGE_CURVE('',#4638,#3858,#4639,.T.);
#3631=EDGE_CURVE('',#4635,#4638,#4640,.T.);
#3632=EDGE_CURVE('',#4638,#4630,#4641,.T.);
#3633=EDGE_CURVE('',#4129,#4642,#4643,.T.);
#3634=EDGE_CURVE('',#3860,#4642,#4644,.T.);
#3635=EDGE_CURVE('',#4645,#3962,#4646,.T.);
#3636=EDGE_CURVE('',#3866,#4645,#4647,.T.);
#3637=EDGE_CURVE('',#3942,#4642,#4648,.T.);
#3638=EDGE_CURVE('',#3942,#3862,#4649,.T.);
#3639=EDGE_CURVE('',#3940,#3864,#4650,.T.);
#3640=EDGE_CURVE('',#3940,#4645,#4651,.T.);
#3641=EDGE_CURVE('',#3972,#3989,#4652,.T.);
#3642=EDGE_CURVE('',#3987,#3974,#4653,.T.);
#3643=EDGE_CURVE('',#4654,#4079,#4655,.T.);
#3644=EDGE_CURVE('',#4656,#4654,#4657,.T.);
#3645=EDGE_CURVE('',#4075,#4656,#4658,.T.);
#3646=EDGE_CURVE('',#4656,#4659,#4660,.T.);
#3647=EDGE_CURVE('',#4074,#4659,#4661,.T.);
#3648=EDGE_CURVE('',#4659,#4662,#4663,.T.);
#3649=EDGE_CURVE('',#4662,#4077,#4664,.T.);
#3650=EDGE_CURVE('',#4654,#4662,#4665,.T.);
#3651=EDGE_CURVE('',#4666,#4087,#4667,.T.);
#3652=EDGE_CURVE('',#4668,#4666,#4669,.T.);
#3653=EDGE_CURVE('',#4083,#4668,#4670,.T.);
#3654=EDGE_CURVE('',#4668,#4671,#4672,.T.);
#3655=EDGE_CURVE('',#4082,#4671,#4673,.T.);
#3656=EDGE_CURVE('',#4671,#4674,#4675,.T.);
#3657=EDGE_CURVE('',#4674,#4085,#4676,.T.);
#3658=EDGE_CURVE('',#4666,#4674,#4677,.T.);
#3659=EDGE_CURVE('',#4678,#4095,#4679,.T.);
#3660=EDGE_CURVE('',#4680,#4678,#4681,.T.);
#3661=EDGE_CURVE('',#4091,#4680,#4682,.T.);
#3662=EDGE_CURVE('',#4680,#4683,#4684,.T.);
#3663=EDGE_CURVE('',#4090,#4683,#4685,.T.);
#3664=EDGE_CURVE('',#4683,#4686,#4687,.T.);
#3665=EDGE_CURVE('',#4686,#4093,#4688,.T.);
#3666=EDGE_CURVE('',#4678,#4686,#4689,.T.);
#3667=EDGE_CURVE('',#4690,#4103,#4691,.T.);
#3668=EDGE_CURVE('',#4692,#4690,#4693,.T.);
#3669=EDGE_CURVE('',#4099,#4692,#4694,.T.);
#3670=EDGE_CURVE('',#4692,#4695,#4696,.T.);
#3671=EDGE_CURVE('',#4098,#4695,#4697,.T.);
#3672=EDGE_CURVE('',#4695,#4698,#4699,.T.);
#3673=EDGE_CURVE('',#4698,#4101,#4700,.T.);
#3674=EDGE_CURVE('',#4690,#4698,#4701,.T.);
#3675=EDGE_CURVE('',#3886,#4702,#4703,.T.);
#3676=EDGE_CURVE('',#4704,#4702,#4705,.T.);
#3677=EDGE_CURVE('',#3882,#4704,#4706,.T.);
#3678=EDGE_CURVE('',#4707,#4704,#4708,.T.);
#3679=EDGE_CURVE('',#3881,#4707,#4709,.T.);
#3680=EDGE_CURVE('',#4710,#4707,#4711,.T.);
#3681=EDGE_CURVE('',#3884,#4710,#4712,.T.);
#3682=EDGE_CURVE('',#4702,#4710,#4713,.T.);
#3683=EDGE_CURVE('',#4710,#4714,#4715,.T.);
#3684=EDGE_CURVE('',#4716,#4714,#4717,.T.);
#3685=EDGE_CURVE('',#4702,#4716,#4718,.T.);
#3686=EDGE_CURVE('',#4719,#4716,#4720,.T.);
#3687=EDGE_CURVE('',#4704,#4719,#4721,.T.);
#3688=EDGE_CURVE('',#4722,#4719,#4723,.T.);
#3689=EDGE_CURVE('',#4707,#4722,#4724,.T.);
#3690=EDGE_CURVE('',#4714,#4722,#4725,.T.);
#3691=EDGE_CURVE('',#3894,#4726,#4727,.T.);
#3692=EDGE_CURVE('',#4728,#4726,#4729,.T.);
#3693=EDGE_CURVE('',#3890,#4728,#4730,.T.);
#3694=EDGE_CURVE('',#4731,#4728,#4732,.T.);
#3695=EDGE_CURVE('',#3889,#4731,#4733,.T.);
#3696=EDGE_CURVE('',#4734,#4731,#4735,.T.);
#3697=EDGE_CURVE('',#3892,#4734,#4736,.T.);
#3698=EDGE_CURVE('',#4726,#4734,#4737,.T.);
#3699=EDGE_CURVE('',#4734,#4738,#4739,.T.);
#3700=EDGE_CURVE('',#4740,#4738,#4741,.T.);
#3701=EDGE_CURVE('',#4726,#4740,#4742,.T.);
#3702=EDGE_CURVE('',#4743,#4740,#4744,.T.);
#3703=EDGE_CURVE('',#4728,#4743,#4745,.T.);
#3704=EDGE_CURVE('',#4746,#4743,#4747,.T.);
#3705=EDGE_CURVE('',#4731,#4746,#4748,.T.);
#3706=EDGE_CURVE('',#4738,#4746,#4749,.T.);
#3707=EDGE_CURVE('',#3899,#4750,#4751,.T.);
#3708=EDGE_CURVE('',#3828,#4750,#4752,.T.);
#3709=EDGE_CURVE('',#4750,#4753,#4754,.T.);
#3710=EDGE_CURVE('',#3829,#4753,#4755,.T.);
#3711=EDGE_CURVE('',#4753,#4756,#4757,.T.);
#3712=EDGE_CURVE('',#4756,#3831,#4758,.T.);
#3713=EDGE_CURVE('',#4759,#4756,#4760,.T.);
#3714=EDGE_CURVE('',#4759,#3833,#4761,.T.);
#3715=EDGE_CURVE('',#3897,#4759,#4762,.T.);
#3716=EDGE_CURVE('',#4750,#4759,#4763,.T.);
#3717=ORIENTED_EDGE('',*,*,#4764,.T.);
#3718=ORIENTED_EDGE('',*,*,#4765,.T.);
#3719=ORIENTED_EDGE('',*,*,#4766,.F.);
#3720=ORIENTED_EDGE('',*,*,#4767,.F.);
#3721=CARTESIAN_POINT('',(3.95,-1.35,-1.3));
#3722=DIRECTION('',(0.0,0.0,-1.0));
#3723=DIRECTION('',(0.0,-1.0,0.0));
#3724=ORIENTED_EDGE('',*,*,#4768,.F.);
#3725=ORIENTED_EDGE('',*,*,#4764,.F.);
#3726=ORIENTED_EDGE('',*,*,#4769,.F.);
#3727=ORIENTED_EDGE('',*,*,#4770,.F.);
#3728=CARTESIAN_POINT('',(0.0,-1.35,0.0));
#3729=DIRECTION('',(-0.0,1.0,0.0));
#3730=DIRECTION('',(1.0,0.0,0.0));
#3731=ORIENTED_EDGE('',*,*,#4768,.T.);
#3732=ORIENTED_EDGE('',*,*,#4771,.T.);
#3733=ORIENTED_EDGE('',*,*,#4772,.F.);
#3734=ORIENTED_EDGE('',*,*,#4765,.F.);
#3735=CARTESIAN_POINT('',(2.75,-1.35,-1.3));
#3736=DIRECTION('',(-1.0,0.0,0.0));
#3737=DIRECTION('',(0.0,0.0,1.0));
#3738=ORIENTED_EDGE('',*,*,#4770,.T.);
#3739=ORIENTED_EDGE('',*,*,#4773,.T.);
#3740=ORIENTED_EDGE('',*,*,#4774,.F.);
#3741=ORIENTED_EDGE('',*,*,#4771,.F.);
#3742=CARTESIAN_POINT('',(2.75,-1.35,0.9));
#3743=DIRECTION('',(0.0,0.0,1.0));
#3744=DIRECTION('',(1.0,0.0,0.0));
#3745=ORIENTED_EDGE('',*,*,#4769,.T.);
#3746=ORIENTED_EDGE('',*,*,#4767,.T.);
#3747=ORIENTED_EDGE('',*,*,#4775,.F.);
#3748=ORIENTED_EDGE('',*,*,#4773,.F.);
#3749=CARTESIAN_POINT('',(3.95,-1.35,0.9));
#3750=DIRECTION('',(1.0,0.0,0.0));
#3751=DIRECTION('',(0.0,1.0,0.0));
#3752=ORIENTED_EDGE('',*,*,#4772,.T.);
#3753=ORIENTED_EDGE('',*,*,#4774,.T.);
#3754=ORIENTED_EDGE('',*,*,#4775,.T.);
#3755=ORIENTED_EDGE('',*,*,#4766,.T.);
#3756=CARTESIAN_POINT('',(0.0,-2.15,0.0));
#3757=DIRECTION('',(-0.0,1.0,0.0));
#3758=DIRECTION('',(1.0,0.0,0.0));
#3759=ORIENTED_EDGE('',*,*,#4776,.F.);
#3760=ORIENTED_EDGE('',*,*,#4777,.F.);
#3761=ORIENTED_EDGE('',*,*,#4778,.F.);
#3762=ORIENTED_EDGE('',*,*,#4779,.F.);
#3763=CARTESIAN_POINT('',(0.0,-1.35,0.0));
#3764=DIRECTION('',(-0.0,1.0,0.0));
#3765=DIRECTION('',(1.0,0.0,0.0));
#3766=ORIENTED_EDGE('',*,*,#4776,.T.);
#3767=ORIENTED_EDGE('',*,*,#4780,.T.);
#3768=ORIENTED_EDGE('',*,*,#4781,.F.);
#3769=ORIENTED_EDGE('',*,*,#4782,.F.);
#3770=CARTESIAN_POINT('',(-2.75,-1.35,-1.3));
#3771=DIRECTION('',(0.0,0.0,-1.0));
#3772=DIRECTION('',(0.0,-1.0,0.0));
#3773=ORIENTED_EDGE('',*,*,#4779,.T.);
#3774=ORIENTED_EDGE('',*,*,#4783,.T.);
#3775=ORIENTED_EDGE('',*,*,#4784,.F.);
#3776=ORIENTED_EDGE('',*,*,#4780,.F.);
#3777=CARTESIAN_POINT('',(-3.95,-1.35,-1.3));
#3778=DIRECTION('',(-1.0,0.0,0.0));
#3779=DIRECTION('',(0.0,0.0,1.0));
#3780=ORIENTED_EDGE('',*,*,#4778,.T.);
#3781=ORIENTED_EDGE('',*,*,#4785,.T.);
#3782=ORIENTED_EDGE('',*,*,#4786,.F.);
#3783=ORIENTED_EDGE('',*,*,#4783,.F.);
#3784=CARTESIAN_POINT('',(-3.95,-1.35,0.9));
#3785=DIRECTION('',(0.0,0.0,1.0));
#3786=DIRECTION('',(1.0,0.0,0.0));
#3787=ORIENTED_EDGE('',*,*,#4777,.T.);
#3788=ORIENTED_EDGE('',*,*,#4782,.T.);
#3789=ORIENTED_EDGE('',*,*,#4787,.F.);
#3790=ORIENTED_EDGE('',*,*,#4785,.F.);
#3791=CARTESIAN_POINT('',(-2.75,-1.35,0.9));
#3792=DIRECTION('',(1.0,0.0,0.0));
#3793=DIRECTION('',(0.0,1.0,0.0));
#3794=ORIENTED_EDGE('',*,*,#4781,.T.);
#3795=ORIENTED_EDGE('',*,*,#4784,.T.);
#3796=ORIENTED_EDGE('',*,*,#4786,.T.);
#3797=ORIENTED_EDGE('',*,*,#4787,.T.);
#3798=CARTESIAN_POINT('',(0.0,-2.15,0.0));
#3799=DIRECTION('',(-0.0,1.0,0.0));
#3800=DIRECTION('',(1.0,0.0,0.0));
#3801=DIRECTION('',(0.0,0.0,1.0));
#3802=DIRECTION('',(-1.0,0.0,0.0));
#3803=DIRECTION('',(0.0,0.0,-1.0));
#3804=DIRECTION('',(1.0,0.0,0.0));
#3805=DIRECTION('',(0.0,0.0,1.0));
#3806=DIRECTION('',(-1.0,0.0,0.0));
#3807=DIRECTION('',(0.0,0.0,-1.0));
#3808=DIRECTION('',(1.0,0.0,0.0));
#3809=DIRECTION('',(0.0,0.0,1.0));
#3810=DIRECTION('',(-1.0,0.0,0.0));
#3811=DIRECTION('',(0.0,0.0,-1.0));
#3812=DIRECTION('',(1.0,0.0,0.0));
#3813=DIRECTION('',(1.0,0.0,0.0));
#3814=DIRECTION('',(0.0,0.0,1.0));
#3815=DIRECTION('',(-1.0,0.0,0.0));
#3816=DIRECTION('',(0.0,0.0,-1.0));
#3817=DIRECTION('',(0.0,0.0,1.0));
#3818=DIRECTION('',(-1.0,0.0,0.0));
#3819=DIRECTION('',(0.0,0.0,-1.0));
#3820=DIRECTION('',(1.0,0.0,0.0));
#3821=DIRECTION('',(0.0,0.0,-1.0));
#3822=DIRECTION('',(-1.0,0.0,0.0));
#3823=DIRECTION('',(-0.642871293713882,0.0,0.765974216092578));
#3824=DIRECTION('',(0.0,0.0,1.0));
#3825=DIRECTION('',(0.64287114276419,0.0,-0.765974342782488));
#3826=DIRECTION('',(0.0,0.0,1.0));
#3827=DIRECTION('',(1.0,0.0,0.0));
#3828=VERTEX_POINT('',#4788);
#3829=VERTEX_POINT('',#4789);
#3830=LINE('',#4790,#4791);
#3831=VERTEX_POINT('',#4792);
#3832=LINE('',#4793,#4794);
#3833=VERTEX_POINT('',#4795);
#3834=LINE('',#4796,#4797);
#3835=LINE('',#4798,#4799);
#3836=VERTEX_POINT('',#4800);
#3837=LINE('',#4801,#4802);
#3838=VERTEX_POINT('',#4803);
#3839=LINE('',#4804,#4805);
#3840=LINE('',#4806,#4807);
#3841=VERTEX_POINT('',#4808);
#3842=VERTEX_POINT('',#4809);
#3843=LINE('',#4810,#4811);
#3844=VERTEX_POINT('',#4812);
#3845=LINE('',#4813,#4814);
#3846=VERTEX_POINT('',#4815);
#3847=LINE('',#4816,#4817);
#3848=VERTEX_POINT('',#4818);
#3849=LINE('',#4819,#4820);
#3850=VERTEX_POINT('',#4821);
#3851=LINE('',#4822,#4823);
#3852=VERTEX_POINT('',#4824);
#3853=LINE('',#4825,#4826);
#3854=VERTEX_POINT('',#4827);
#3855=LINE('',#4828,#4829);
#3856=VERTEX_POINT('',#4830);
#3857=LINE('',#4831,#4832);
#3858=VERTEX_POINT('',#4833);
#3859=LINE('',#4834,#4835);
#3860=VERTEX_POINT('',#4836);
#3861=LINE('',#4837,#4838);
#3862=VERTEX_POINT('',#4839);
#3863=LINE('',#4840,#4841);
#3864=VERTEX_POINT('',#4842);
#3865=LINE('',#4843,#4844);
#3866=VERTEX_POINT('',#4845);
#3867=LINE('',#4846,#4847);
#3868=VERTEX_POINT('',#4848);
#3869=LINE('',#4849,#4850);
#3870=VERTEX_POINT('',#4851);
#3871=LINE('',#4852,#4853);
#3872=VERTEX_POINT('',#4854);
#3873=LINE('',#4855,#4856);
#3874=VERTEX_POINT('',#4857);
#3875=LINE('',#4858,#4859);
#3876=VERTEX_POINT('',#4860);
#3877=LINE('',#4861,#4862);
#3878=VERTEX_POINT('',#4863);
#3879=LINE('',#4864,#4865);
#3880=LINE('',#4866,#4867);
#3881=VERTEX_POINT('',#4868);
#3882=VERTEX_POINT('',#4869);
#3883=LINE('',#4870,#4871);
#3884=VERTEX_POINT('',#4872);
#3885=LINE('',#4873,#4874);
#3886=VERTEX_POINT('',#4875);
#3887=LINE('',#4876,#4877);
#3888=LINE('',#4878,#4879);
#3889=VERTEX_POINT('',#4880);
#3890=VERTEX_POINT('',#4881);
#3891=LINE('',#4882,#4883);
#3892=VERTEX_POINT('',#4884);
#3893=LINE('',#4885,#4886);
#3894=VERTEX_POINT('',#4887);
#3895=LINE('',#4888,#4889);
#3896=LINE('',#4890,#4891);
#3897=VERTEX_POINT('',#4892);
#3898=LINE('',#4893,#4894);
#3899=VERTEX_POINT('',#4895);
#3900=LINE('',#4896,#4897);
#3901=LINE('',#4898,#4899);
#3902=VERTEX_POINT('',#4900);
#3903=LINE('',#4901,#4902);
#3904=VERTEX_POINT('',#4903);
#3905=LINE('',#4904,#4905);
#3906=LINE('',#4906,#4907);
#3907=VERTEX_POINT('',#4908);
#3908=LINE('',#4909,#4910);
#3909=VERTEX_POINT('',#4911);
#3910=LINE('',#4912,#4913);
#3911=VERTEX_POINT('',#4914);
#3912=LINE('',#4915,#4916);
#3913=VERTEX_POINT('',#4917);
#3914=LINE('',#4918,#4919);
#3915=VERTEX_POINT('',#4920);
#3916=LINE('',#4921,#4922);
#3917=LINE('',#4923,#4924);
#3918=VERTEX_POINT('',#4925);
#3919=LINE('',#4926,#4927);
#3920=LINE('',#4928,#4929);
#3921=VERTEX_POINT('',#4930);
#3922=LINE('',#4931,#4932);
#3923=LINE('',#4933,#4934);
#3924=VERTEX_POINT('',#4935);
#3925=VERTEX_POINT('',#4936);
#3926=LINE('',#4937,#4938);
#3927=VERTEX_POINT('',#4939);
#3928=LINE('',#4940,#4941);
#3929=VERTEX_POINT('',#4942);
#3930=LINE('',#4943,#4944);
#3931=LINE('',#4945,#4946);
#3932=VERTEX_POINT('',#4947);
#3933=LINE('',#4948,#4949);
#3934=VERTEX_POINT('',#4950);
#3935=LINE('',#4951,#4952);
#3936=LINE('',#4953,#4954);
#3937=VERTEX_POINT('',#4955);
#3938=VERTEX_POINT('',#4956);
#3939=LINE('',#4957,#4958);
#3940=VERTEX_POINT('',#4959);
#3941=LINE('',#4960,#4961);
#3942=VERTEX_POINT('',#4962);
#3943=LINE('',#4963,#4964);
#3944=VERTEX_POINT('',#4965);
#3945=LINE('',#4966,#4967);
#3946=VERTEX_POINT('',#4968);
#3947=LINE('',#4969,#4970);
#3948=VERTEX_POINT('',#4971);
#3949=LINE('',#4972,#4973);
#3950=VERTEX_POINT('',#4974);
#3951=LINE('',#4975,#4976);
#3952=LINE('',#4977,#4978);
#3953=VERTEX_POINT('',#4979);
#3954=VERTEX_POINT('',#4980);
#3955=LINE('',#4981,#4982);
#3956=VERTEX_POINT('',#4983);
#3957=LINE('',#4984,#4985);
#3958=LINE('',#4986,#4987);
#3959=LINE('',#4988,#4989);
#3960=LINE('',#4990,#4991);
#3961=LINE('',#4992,#4993);
#3962=VERTEX_POINT('',#4994);
#3963=VERTEX_POINT('',#4995);
#3964=LINE('',#4996,#4997);
#3965=LINE('',#4998,#4999);
#3966=LINE('',#5000,#5001);
#3967=LINE('',#5002,#5003);
#3968=VERTEX_POINT('',#5004);
#3969=LINE('',#5005,#5006);
#3970=VERTEX_POINT('',#5007);
#3971=LINE('',#5008,#5009);
#3972=VERTEX_POINT('',#5010);
#3973=LINE('',#5011,#5012);
#3974=VERTEX_POINT('',#5013);
#3975=LINE('',#5014,#5015);
#3976=VERTEX_POINT('',#5016);
#3977=LINE('',#5017,#5018);
#3978=LINE('',#5019,#5020);
#3979=VERTEX_POINT('',#5021);
#3980=LINE('',#5022,#5023);
#3981=LINE('',#5024,#5025);
#3982=VERTEX_POINT('',#5026);
#3983=VERTEX_POINT('',#5027);
#3984=LINE('',#5028,#5029);
#3985=LINE('',#5030,#5031);
#3986=LINE('',#5032,#5033);
#3987=VERTEX_POINT('',#5034);
#3988=LINE('',#5035,#5036);
#3989=VERTEX_POINT('',#5037);
#3990=LINE('',#5038,#5039);
#3991=LINE('',#5040,#5041);
#3992=LINE('',#5042,#5043);
#3993=VERTEX_POINT('',#5044);
#3994=LINE('',#5045,#5046);
#3995=VERTEX_POINT('',#5047);
#3996=LINE('',#5048,#5049);
#3997=VERTEX_POINT('',#5050);
#3998=LINE('',#5051,#5052);
#3999=VERTEX_POINT('',#5053);
#4000=LINE('',#5054,#5055);
#4001=VERTEX_POINT('',#5056);
#4002=LINE('',#5057,#5058);
#4003=VERTEX_POINT('',#5059);
#4004=LINE('',#5060,#5061);
#4005=VERTEX_POINT('',#5062);
#4006=LINE('',#5063,#5064);
#4007=VERTEX_POINT('',#5065);
#4008=LINE('',#5066,#5067);
#4009=VERTEX_POINT('',#5068);
#4010=LINE('',#5069,#5070);
#4011=VERTEX_POINT('',#5071);
#4012=LINE('',#5072,#5073);
#4013=VERTEX_POINT('',#5074);
#4014=LINE('',#5075,#5076);
#4015=VERTEX_POINT('',#5077);
#4016=LINE('',#5078,#5079);
#4017=VERTEX_POINT('',#5080);
#4018=LINE('',#5081,#5082);
#4019=VERTEX_POINT('',#5083);
#4020=LINE('',#5084,#5085);
#4021=VERTEX_POINT('',#5086);
#4022=LINE('',#5087,#5088);
#4023=VERTEX_POINT('',#5089);
#4024=LINE('',#5090,#5091);
#4025=VERTEX_POINT('',#5092);
#4026=LINE('',#5093,#5094);
#4027=VERTEX_POINT('',#5095);
#4028=LINE('',#5096,#5097);
#4029=VERTEX_POINT('',#5098);
#4030=LINE('',#5099,#5100);
#4031=VERTEX_POINT('',#5101);
#4032=LINE('',#5102,#5103);
#4033=VERTEX_POINT('',#5104);
#4034=LINE('',#5105,#5106);
#4035=VERTEX_POINT('',#5107);
#4036=LINE('',#5108,#5109);
#4037=VERTEX_POINT('',#5110);
#4038=LINE('',#5111,#5112);
#4039=VERTEX_POINT('',#5113);
#4040=LINE('',#5114,#5115);
#4041=VERTEX_POINT('',#5116);
#4042=LINE('',#5117,#5118);
#4043=VERTEX_POINT('',#5119);
#4044=LINE('',#5120,#5121);
#4045=VERTEX_POINT('',#5122);
#4046=LINE('',#5123,#5124);
#4047=VERTEX_POINT('',#5125);
#4048=LINE('',#5126,#5127);
#4049=VERTEX_POINT('',#5128);
#4050=LINE('',#5129,#5130);
#4051=VERTEX_POINT('',#5131);
#4052=LINE('',#5132,#5133);
#4053=VERTEX_POINT('',#5134);
#4054=LINE('',#5135,#5136);
#4055=VERTEX_POINT('',#5137);
#4056=LINE('',#5138,#5139);
#4057=VERTEX_POINT('',#5140);
#4058=LINE('',#5141,#5142);
#4059=VERTEX_POINT('',#5143);
#4060=LINE('',#5144,#5145);
#4061=VERTEX_POINT('',#5146);
#4062=LINE('',#5147,#5148);
#4063=VERTEX_POINT('',#5149);
#4064=LINE('',#5150,#5151);
#4065=VERTEX_POINT('',#5152);
#4066=LINE('',#5153,#5154);
#4067=VERTEX_POINT('',#5155);
#4068=LINE('',#5156,#5157);
#4069=VERTEX_POINT('',#5158);
#4070=LINE('',#5159,#5160);
#4071=VERTEX_POINT('',#5161);
#4072=LINE('',#5162,#5163);
#4073=LINE('',#5164,#5165);
#4074=VERTEX_POINT('',#5166);
#4075=VERTEX_POINT('',#5167);
#4076=LINE('',#5168,#5169);
#4077=VERTEX_POINT('',#5170);
#4078=LINE('',#5171,#5172);
#4079=VERTEX_POINT('',#5173);
#4080=LINE('',#5174,#5175);
#4081=LINE('',#5176,#5177);
#4082=VERTEX_POINT('',#5178);
#4083=VERTEX_POINT('',#5179);
#4084=LINE('',#5180,#5181);
#4085=VERTEX_POINT('',#5182);
#4086=LINE('',#5183,#5184);
#4087=VERTEX_POINT('',#5185);
#4088=LINE('',#5186,#5187);
#4089=LINE('',#5188,#5189);
#4090=VERTEX_POINT('',#5190);
#4091=VERTEX_POINT('',#5191);
#4092=LINE('',#5192,#5193);
#4093=VERTEX_POINT('',#5194);
#4094=LINE('',#5195,#5196);
#4095=VERTEX_POINT('',#5197);
#4096=LINE('',#5198,#5199);
#4097=LINE('',#5200,#5201);
#4098=VERTEX_POINT('',#5202);
#4099=VERTEX_POINT('',#5203);
#4100=LINE('',#5204,#5205);
#4101=VERTEX_POINT('',#5206);
#4102=LINE('',#5207,#5208);
#4103=VERTEX_POINT('',#5209);
#4104=LINE('',#5210,#5211);
#4105=LINE('',#5212,#5213);
#4106=VERTEX_POINT('',#5214);
#4107=LINE('',#5215,#5216);
#4108=VERTEX_POINT('',#5217);
#4109=LINE('',#5218,#5219);
#4110=LINE('',#5220,#5221);
#4111=VERTEX_POINT('',#5222);
#4112=LINE('',#5223,#5224);
#4113=VERTEX_POINT('',#5225);
#4114=LINE('',#5226,#5227);
#4115=VERTEX_POINT('',#5228);
#4116=LINE('',#5229,#5230);
#4117=VERTEX_POINT('',#5231);
#4118=LINE('',#5232,#5233);
#4119=VERTEX_POINT('',#5234);
#4120=LINE('',#5235,#5236);
#4121=LINE('',#5237,#5238);
#4122=VERTEX_POINT('',#5239);
#4123=LINE('',#5240,#5241);
#4124=VERTEX_POINT('',#5242);
#4125=LINE('',#5243,#5244);
#4126=LINE('',#5245,#5246);
#4127=LINE('',#5247,#5248);
#4128=LINE('',#5249,#5250);
#4129=VERTEX_POINT('',#5251);
#4130=LINE('',#5252,#5253);
#4131=VERTEX_POINT('',#5254);
#4132=LINE('',#5255,#5256);
#4133=VERTEX_POINT('',#5257);
#4134=LINE('',#5258,#5259);
#4135=LINE('',#5260,#5261);
#4136=LINE('',#5262,#5263);
#4137=VERTEX_POINT('',#5264);
#4138=LINE('',#5265,#5266);
#4139=VERTEX_POINT('',#5267);
#4140=LINE('',#5268,#5269);
#4141=LINE('',#5270,#5271);
#4142=VERTEX_POINT('',#5272);
#4143=LINE('',#5273,#5274);
#4144=LINE('',#5275,#5276);
#4145=LINE('',#5277,#5278);
#4146=LINE('',#5279,#5280);
#4147=VERTEX_POINT('',#5281);
#4148=LINE('',#5282,#5283);
#4149=LINE('',#5284,#5285);
#4150=VERTEX_POINT('',#5286);
#4151=LINE('',#5287,#5288);
#4152=VERTEX_POINT('',#5289);
#4153=LINE('',#5290,#5291);
#4154=VERTEX_POINT('',#5292);
#4155=LINE('',#5293,#5294);
#4156=VERTEX_POINT('',#5295);
#4157=LINE('',#5296,#5297);
#4158=VERTEX_POINT('',#5298);
#4159=LINE('',#5299,#5300);
#4160=LINE('',#5301,#5302);
#4161=VERTEX_POINT('',#5303);
#4162=LINE('',#5304,#5305);
#4163=VERTEX_POINT('',#5306);
#4164=LINE('',#5307,#5308);
#4165=LINE('',#5309,#5310);
#4166=VERTEX_POINT('',#5311);
#4167=LINE('',#5312,#5313);
#4168=LINE('',#5314,#5315);
#4169=VERTEX_POINT('',#5316);
#4170=LINE('',#5317,#5318);
#4171=LINE('',#5319,#5320);
#4172=VERTEX_POINT('',#5321);
#4173=LINE('',#5322,#5323);
#4174=LINE('',#5324,#5325);
#4175=VERTEX_POINT('',#5326);
#4176=LINE('',#5327,#5328);
#4177=LINE('',#5329,#5330);
#4178=VERTEX_POINT('',#5331);
#4179=VERTEX_POINT('',#5332);
#4180=LINE('',#5333,#5334);
#4181=LINE('',#5335,#5336);
#4182=LINE('',#5337,#5338);
#4183=VERTEX_POINT('',#5339);
#4184=LINE('',#5340,#5341);
#4185=VERTEX_POINT('',#5342);
#4186=LINE('',#5343,#5344);
#4187=LINE('',#5345,#5346);
#4188=VERTEX_POINT('',#5347);
#4189=LINE('',#5348,#5349);
#4190=VERTEX_POINT('',#5350);
#4191=CIRCLE('',#5351,0.3);
#4192=VERTEX_POINT('',#5352);
#4193=LINE('',#5353,#5354);
#4194=VERTEX_POINT('',#5355);
#4195=LINE('',#5356,#5357);
#4196=VERTEX_POINT('',#5358);
#4197=LINE('',#5359,#5360);
#4198=VERTEX_POINT('',#5361);
#4199=CIRCLE('',#5362,0.05);
#4200=LINE('',#5363,#5364);
#4201=VERTEX_POINT('',#5365);
#4202=VERTEX_POINT('',#5366);
#4203=LINE('',#5367,#5368);
#4204=VERTEX_POINT('',#5369);
#4205=CIRCLE('',#5370,0.05);
#4206=VERTEX_POINT('',#5371);
#4207=LINE('',#5372,#5373);
#4208=VERTEX_POINT('',#5374);
#4209=LINE('',#5375,#5376);
#4210=VERTEX_POINT('',#5377);
#4211=LINE('',#5378,#5379);
#4212=VERTEX_POINT('',#5380);
#4213=CIRCLE('',#5381,0.3);
#4214=VERTEX_POINT('',#5382);
#4215=LINE('',#5383,#5384);
#4216=LINE('',#5385,#5386);
#4217=VERTEX_POINT('',#5387);
#4218=LINE('',#5388,#5389);
#4219=VERTEX_POINT('',#5390);
#4220=LINE('',#5391,#5392);
#4221=VERTEX_POINT('',#5393);
#4222=LINE('',#5394,#5395);
#4223=LINE('',#5396,#5397);
#4224=VERTEX_POINT('',#5398);
#4225=LINE('',#5399,#5400);
#4226=LINE('',#5401,#5402);
#4227=VERTEX_POINT('',#5403);
#4228=LINE('',#5404,#5405);
#4229=LINE('',#5406,#5407);
#4230=B_SPLINE_CURVE_WITH_KNOTS('',3,(#5408,#5409,#5410,#5411),.UNSPECIFIED.,.F.,.F.,(4,4),(0.0,1.0),.UNSPECIFIED.);
#4231=VERTEX_POINT('',#5412);
#4232=CIRCLE('',#5413,0.05);
#4233=VERTEX_POINT('',#5414);
#4234=LINE('',#5415,#5416);
#4235=B_SPLINE_CURVE_WITH_KNOTS('',3,(#5417,#5418,#5419,#5420),.UNSPECIFIED.,.F.,.F.,(4,4),(0.0,1.0),.UNSPECIFIED.);
#4236=VERTEX_POINT('',#5421);
#4237=LINE('',#5422,#5423);
#4238=LINE('',#5424,#5425);
#4239=VERTEX_POINT('',#5426);
#4240=LINE('',#5427,#5428);
#4241=LINE('',#5429,#5430);
#4242=VERTEX_POINT('',#5431);
#4243=LINE('',#5432,#5433);
#4244=VERTEX_POINT('',#5434);
#4245=LINE('',#5435,#5436);
#4246=LINE('',#5437,#5438);
#4247=LINE('',#5439,#5440);
#4248=VERTEX_POINT('',#5441);
#4249=VERTEX_POINT('',#5442);
#4250=LINE('',#5443,#5444);
#4251=LINE('',#5445,#5446);
#4252=LINE('',#5447,#5448);
#4253=VERTEX_POINT('',#5449);
#4254=LINE('',#5450,#5451);
#4255=LINE('',#5452,#5453);
#4256=VERTEX_POINT('',#5454);
#4257=LINE('',#5455,#5456);
#4258=VERTEX_POINT('',#5457);
#4259=CIRCLE('',#5458,0.3);
#4260=VERTEX_POINT('',#5459);
#4261=LINE('',#5460,#5461);
#4262=VERTEX_POINT('',#5462);
#4263=LINE('',#5463,#5464);
#4264=CIRCLE('',#5465,0.3);
#4265=VERTEX_POINT('',#5466);
#4266=LINE('',#5467,#5468);
#4267=LINE('',#5469,#5470);
#4268=VERTEX_POINT('',#5471);
#4269=VERTEX_POINT('',#5472);
#4270=LINE('',#5473,#5474);
#4271=VERTEX_POINT('',#5475);
#4272=LINE('',#5476,#5477);
#4273=CIRCLE('',#5478,0.3);
#4274=LINE('',#5479,#5480);
#4275=LINE('',#5481,#5482);
#4276=VERTEX_POINT('',#5483);
#4277=LINE('',#5484,#5485);
#4278=LINE('',#5486,#5487);
#4279=VERTEX_POINT('',#5488);
#4280=LINE('',#5489,#5490);
#4281=LINE('',#5491,#5492);
#4282=LINE('',#5493,#5494);
#4283=LINE('',#5495,#5496);
#4284=VERTEX_POINT('',#5497);
#4285=LINE('',#5498,#5499);
#4286=CIRCLE('',#5500,0.3);
#4287=VERTEX_POINT('',#5501);
#4288=CIRCLE('',#5502,0.05);
#4289=VERTEX_POINT('',#5503);
#4290=LINE('',#5504,#5505);
#4291=VERTEX_POINT('',#5506);
#4292=LINE('',#5507,#5508);
#4293=LINE('',#5509,#5510);
#4294=VERTEX_POINT('',#5511);
#4295=VERTEX_POINT('',#5512);
#4296=LINE('',#5513,#5514);
#4297=VERTEX_POINT('',#5515);
#4298=CIRCLE('',#5516,0.3);
#4299=VERTEX_POINT('',#5517);
#4300=LINE('',#5518,#5519);
#4301=VERTEX_POINT('',#5520);
#4302=LINE('',#5521,#5522);
#4303=VERTEX_POINT('',#5523);
#4304=LINE('',#5524,#5525);
#4305=VERTEX_POINT('',#5526);
#4306=CIRCLE('',#5527,0.05);
#4307=VERTEX_POINT('',#5528);
#4308=LINE('',#5529,#5530);
#4309=VERTEX_POINT('',#5531);
#4310=LINE('',#5532,#5533);
#4311=VERTEX_POINT('',#5534);
#4312=CIRCLE('',#5535,0.05);
#4313=VERTEX_POINT('',#5536);
#4314=LINE('',#5537,#5538);
#4315=VERTEX_POINT('',#5539);
#4316=LINE('',#5540,#5541);
#4317=VERTEX_POINT('',#5542);
#4318=LINE('',#5543,#5544);
#4319=VERTEX_POINT('',#5545);
#4320=CIRCLE('',#5546,0.3);
#4321=LINE('',#5547,#5548);
#4322=VERTEX_POINT('',#5549);
#4323=LINE('',#5550,#5551);
#4324=VERTEX_POINT('',#5552);
#4325=LINE('',#5553,#5554);
#4326=LINE('',#5555,#5556);
#4327=VERTEX_POINT('',#5557);
#4328=LINE('',#5558,#5559);
#4329=LINE('',#5560,#5561);
#4330=LINE('',#5562,#5563);
#4331=VERTEX_POINT('',#5564);
#4332=LINE('',#5565,#5566);
#4333=LINE('',#5567,#5568);
#4334=LINE('',#5569,#5570);
#4335=LINE('',#5571,#5572);
#4336=LINE('',#5573,#5574);
#4337=VERTEX_POINT('',#5575);
#4338=LINE('',#5576,#5577);
#4339=VERTEX_POINT('',#5578);
#4340=LINE('',#5579,#5580);
#4341=LINE('',#5581,#5582);
#4342=LINE('',#5583,#5584);
#4343=VERTEX_POINT('',#5585);
#4344=LINE('',#5586,#5587);
#4345=LINE('',#5588,#5589);
#4346=LINE('',#5590,#5591);
#4347=LINE('',#5592,#5593);
#4348=VERTEX_POINT('',#5594);
#4349=VERTEX_POINT('',#5595);
#4350=LINE('',#5596,#5597);
#4351=LINE('',#5598,#5599);
#4352=LINE('',#5600,#5601);
#4353=LINE('',#5602,#5603);
#4354=LINE('',#5604,#5605);
#4355=LINE('',#5606,#5607);
#4356=VERTEX_POINT('',#5608);
#4357=LINE('',#5609,#5610);
#4358=LINE('',#5611,#5612);
#4359=VERTEX_POINT('',#5613);
#4360=LINE('',#5614,#5615);
#4361=VERTEX_POINT('',#5616);
#4362=LINE('',#5617,#5618);
#4363=LINE('',#5619,#5620);
#4364=LINE('',#5621,#5622);
#4365=LINE('',#5623,#5624);
#4366=VERTEX_POINT('',#5625);
#4367=LINE('',#5626,#5627);
#4368=LINE('',#5628,#5629);
#4369=LINE('',#5630,#5631);
#4370=VERTEX_POINT('',#5632);
#4371=LINE('',#5633,#5634);
#4372=VERTEX_POINT('',#5635);
#4373=LINE('',#5636,#5637);
#4374=B_SPLINE_CURVE_WITH_KNOTS('',3,(#5638,#5639,#5640,#5641),.UNSPECIFIED.,.F.,.F.,(4,4),(0.0,1.0),.UNSPECIFIED.);
#4375=LINE('',#5642,#5643);
#4376=B_SPLINE_CURVE_WITH_KNOTS('',3,(#5644,#5645,#5646,#5647),.UNSPECIFIED.,.F.,.F.,(4,4),(0.0,1.0),.UNSPECIFIED.);
#4377=LINE('',#5648,#5649);
#4378=LINE('',#5650,#5651);
#4379=LINE('',#5652,#5653);
#4380=LINE('',#5654,#5655);
#4381=VERTEX_POINT('',#5656);
#4382=LINE('',#5657,#5658);
#4383=VERTEX_POINT('',#5659);
#4384=LINE('',#5660,#5661);
#4385=LINE('',#5662,#5663);
#4386=VERTEX_POINT('',#5664);
#4387=LINE('',#5665,#5666);
#4388=LINE('',#5667,#5668);
#4389=LINE('',#5669,#5670);
#4390=VERTEX_POINT('',#5671);
#4391=LINE('',#5672,#5673);
#4392=LINE('',#5674,#5675);
#4393=LINE('',#5676,#5677);
#4394=VERTEX_POINT('',#5678);
#4395=LINE('',#5679,#5680);
#4396=LINE('',#5681,#5682);
#4397=VERTEX_POINT('',#5683);
#4398=LINE('',#5684,#5685);
#4399=LINE('',#5686,#5687);
#4400=VERTEX_POINT('',#5688);
#4401=LINE('',#5689,#5690);
#4402=LINE('',#5691,#5692);
#4403=LINE('',#5693,#5694);
#4404=VERTEX_POINT('',#5695);
#4405=VERTEX_POINT('',#5696);
#4406=LINE('',#5697,#5698);
#4407=LINE('',#5699,#5700);
#4408=LINE('',#5701,#5702);
#4409=VERTEX_POINT('',#5703);
#4410=LINE('',#5704,#5705);
#4411=VERTEX_POINT('',#5706);
#4412=LINE('',#5707,#5708);
#4413=LINE('',#5709,#5710);
#4414=VERTEX_POINT('',#5711);
#4415=LINE('',#5712,#5713);
#4416=LINE('',#5714,#5715);
#4417=VERTEX_POINT('',#5716);
#4418=LINE('',#5717,#5718);
#4419=LINE('',#5719,#5720);
#4420=VERTEX_POINT('',#5721);
#4421=LINE('',#5722,#5723);
#4422=LINE('',#5724,#5725);
#4423=VERTEX_POINT('',#5726);
#4424=LINE('',#5727,#5728);
#4425=LINE('',#5729,#5730);
#4426=VERTEX_POINT('',#5731);
#4427=LINE('',#5732,#5733);
#4428=LINE('',#5734,#5735);
#4429=VERTEX_POINT('',#5736);
#4430=LINE('',#5737,#5738);
#4431=LINE('',#5739,#5740);
#4432=VERTEX_POINT('',#5741);
#4433=VERTEX_POINT('',#5742);
#4434=LINE('',#5743,#5744);
#4435=VERTEX_POINT('',#5745);
#4436=LINE('',#5746,#5747);
#4437=VERTEX_POINT('',#5748);
#4438=LINE('',#5749,#5750);
#4439=VERTEX_POINT('',#5751);
#4440=LINE('',#5752,#5753);
#4441=VERTEX_POINT('',#5754);
#4442=LINE('',#5755,#5756);
#4443=VERTEX_POINT('',#5757);
#4444=LINE('',#5758,#5759);
#4445=VERTEX_POINT('',#5760);
#4446=LINE('',#5761,#5762);
#4447=VERTEX_POINT('',#5763);
#4448=LINE('',#5764,#5765);
#4449=VERTEX_POINT('',#5766);
#4450=LINE('',#5767,#5768);
#4451=VERTEX_POINT('',#5769);
#4452=LINE('',#5770,#5771);
#4453=VERTEX_POINT('',#5772);
#4454=LINE('',#5773,#5774);
#4455=LINE('',#5775,#5776);
#4456=VERTEX_POINT('',#5777);
#4457=LINE('',#5778,#5779);
#4458=LINE('',#5780,#5781);
#4459=LINE('',#5782,#5783);
#4460=LINE('',#5784,#5785);
#4461=LINE('',#5786,#5787);
#4462=VERTEX_POINT('',#5788);
#4463=VERTEX_POINT('',#5789);
#4464=LINE('',#5790,#5791);
#4465=VERTEX_POINT('',#5792);
#4466=LINE('',#5793,#5794);
#4467=VERTEX_POINT('',#5795);
#4468=LINE('',#5796,#5797);
#4469=LINE('',#5798,#5799);
#4470=LINE('',#5800,#5801);
#4471=LINE('',#5802,#5803);
#4472=LINE('',#5804,#5805);
#4473=LINE('',#5806,#5807);
#4474=LINE('',#5808,#5809);
#4475=LINE('',#5810,#5811);
#4476=LINE('',#5812,#5813);
#4477=LINE('',#5814,#5815);
#4478=VERTEX_POINT('',#5816);
#4479=VERTEX_POINT('',#5817);
#4480=LINE('',#5818,#5819);
#4481=VERTEX_POINT('',#5820);
#4482=LINE('',#5821,#5822);
#4483=VERTEX_POINT('',#5823);
#4484=LINE('',#5824,#5825);
#4485=LINE('',#5826,#5827);
#4486=VERTEX_POINT('',#5828);
#4487=LINE('',#5829,#5830);
#4488=VERTEX_POINT('',#5831);
#4489=LINE('',#5832,#5833);
#4490=VERTEX_POINT('',#5834);
#4491=LINE('',#5835,#5836);
#4492=VERTEX_POINT('',#5837);
#4493=LINE('',#5838,#5839);
#4494=VERTEX_POINT('',#5840);
#4495=LINE('',#5841,#5842);
#4496=VERTEX_POINT('',#5843);
#4497=LINE('',#5844,#5845);
#4498=VERTEX_POINT('',#5846);
#4499=LINE('',#5847,#5848);
#4500=VERTEX_POINT('',#5849);
#4501=LINE('',#5850,#5851);
#4502=LINE('',#5852,#5853);
#4503=VERTEX_POINT('',#5854);
#4504=LINE('',#5855,#5856);
#4505=LINE('',#5857,#5858);
#4506=VERTEX_POINT('',#5859);
#4507=LINE('',#5860,#5861);
#4508=VERTEX_POINT('',#5862);
#4509=LINE('',#5863,#5864);
#4510=VERTEX_POINT('',#5865);
#4511=LINE('',#5866,#5867);
#4512=VERTEX_POINT('',#5868);
#4513=LINE('',#5869,#5870);
#4514=VERTEX_POINT('',#5871);
#4515=LINE('',#5872,#5873);
#4516=VERTEX_POINT('',#5874);
#4517=LINE('',#5875,#5876);
#4518=VERTEX_POINT('',#5877);
#4519=LINE('',#5878,#5879);
#4520=LINE('',#5880,#5881);
#4521=LINE('',#5882,#5883);
#4522=LINE('',#5884,#5885);
#4523=LINE('',#5886,#5887);
#4524=LINE('',#5888,#5889);
#4525=LINE('',#5890,#5891);
#4526=LINE('',#5892,#5893);
#4527=LINE('',#5894,#5895);
#4528=VERTEX_POINT('',#5896);
#4529=LINE('',#5897,#5898);
#4530=LINE('',#5899,#5900);
#4531=LINE('',#5901,#5902);
#4532=LINE('',#5903,#5904);
#4533=LINE('',#5905,#5906);
#4534=LINE('',#5907,#5908);
#4535=VERTEX_POINT('',#5909);
#4536=VERTEX_POINT('',#5910);
#4537=LINE('',#5911,#5912);
#4538=VERTEX_POINT('',#5913);
#4539=LINE('',#5914,#5915);
#4540=VERTEX_POINT('',#5916);
#4541=LINE('',#5917,#5918);
#4542=LINE('',#5919,#5920);
#4543=VERTEX_POINT('',#5921);
#4544=LINE('',#5922,#5923);
#4545=VERTEX_POINT('',#5924);
#4546=LINE('',#5925,#5926);
#4547=VERTEX_POINT('',#5927);
#4548=LINE('',#5928,#5929);
#4549=VERTEX_POINT('',#5930);
#4550=LINE('',#5931,#5932);
#4551=VERTEX_POINT('',#5933);
#4552=LINE('',#5934,#5935);
#4553=VERTEX_POINT('',#5936);
#4554=LINE('',#5937,#5938);
#4555=VERTEX_POINT('',#5939);
#4556=LINE('',#5940,#5941);
#4557=VERTEX_POINT('',#5942);
#4558=LINE('',#5943,#5944);
#4559=LINE('',#5945,#5946);
#4560=VERTEX_POINT('',#5947);
#4561=LINE('',#5948,#5949);
#4562=LINE('',#5950,#5951);
#4563=VERTEX_POINT('',#5952);
#4564=LINE('',#5953,#5954);
#4565=VERTEX_POINT('',#5955);
#4566=LINE('',#5956,#5957);
#4567=VERTEX_POINT('',#5958);
#4568=LINE('',#5959,#5960);
#4569=VERTEX_POINT('',#5961);
#4570=LINE('',#5962,#5963);
#4571=VERTEX_POINT('',#5964);
#4572=LINE('',#5965,#5966);
#4573=VERTEX_POINT('',#5967);
#4574=LINE('',#5968,#5969);
#4575=VERTEX_POINT('',#5970);
#4576=LINE('',#5971,#5972);
#4577=LINE('',#5973,#5974);
#4578=LINE('',#5975,#5976);
#4579=LINE('',#5977,#5978);
#4580=LINE('',#5979,#5980);
#4581=LINE('',#5981,#5982);
#4582=LINE('',#5983,#5984);
#4583=LINE('',#5985,#5986);
#4584=LINE('',#5987,#5988);
#4585=VERTEX_POINT('',#5989);
#4586=LINE('',#5990,#5991);
#4587=VERTEX_POINT('',#5992);
#4588=LINE('',#5993,#5994);
#4589=VERTEX_POINT('',#5995);
#4590=LINE('',#5996,#5997);
#4591=VERTEX_POINT('',#5998);
#4592=LINE('',#5999,#6000);
#4593=VERTEX_POINT('',#6001);
#4594=LINE('',#6002,#6003);
#4595=VERTEX_POINT('',#6004);
#4596=LINE('',#6005,#6006);
#4597=VERTEX_POINT('',#6007);
#4598=LINE('',#6008,#6009);
#4599=VERTEX_POINT('',#6010);
#4600=LINE('',#6011,#6012);
#4601=LINE('',#6013,#6014);
#4602=VERTEX_POINT('',#6015);
#4603=LINE('',#6016,#6017);
#4604=LINE('',#6018,#6019);
#4605=VERTEX_POINT('',#6020);
#4606=LINE('',#6021,#6022);
#4607=VERTEX_POINT('',#6023);
#4608=LINE('',#6024,#6025);
#4609=VERTEX_POINT('',#6026);
#4610=LINE('',#6027,#6028);
#4611=VERTEX_POINT('',#6029);
#4612=LINE('',#6030,#6031);
#4613=VERTEX_POINT('',#6032);
#4614=LINE('',#6033,#6034);
#4615=VERTEX_POINT('',#6035);
#4616=LINE('',#6036,#6037);
#4617=VERTEX_POINT('',#6038);
#4618=LINE('',#6039,#6040);
#4619=LINE('',#6041,#6042);
#4620=LINE('',#6043,#6044);
#4621=LINE('',#6045,#6046);
#4622=LINE('',#6047,#6048);
#4623=LINE('',#6049,#6050);
#4624=LINE('',#6051,#6052);
#4625=LINE('',#6053,#6054);
#4626=LINE('',#6055,#6056);
#4627=VERTEX_POINT('',#6057);
#4628=LINE('',#6058,#6059);
#4629=LINE('',#6060,#6061);
#4630=VERTEX_POINT('',#6062);
#4631=LINE('',#6063,#6064);
#4632=VERTEX_POINT('',#6065);
#4633=LINE('',#6066,#6067);
#4634=LINE('',#6068,#6069);
#4635=VERTEX_POINT('',#6070);
#4636=LINE('',#6071,#6072);
#4637=LINE('',#6073,#6074);
#4638=VERTEX_POINT('',#6075);
#4639=LINE('',#6076,#6077);
#4640=LINE('',#6078,#6079);
#4641=LINE('',#6080,#6081);
#4642=VERTEX_POINT('',#6082);
#4643=LINE('',#6083,#6084);
#4644=LINE('',#6085,#6086);
#4645=VERTEX_POINT('',#6087);
#4646=LINE('',#6088,#6089);
#4647=LINE('',#6090,#6091);
#4648=LINE('',#6092,#6093);
#4649=LINE('',#6094,#6095);
#4650=LINE('',#6096,#6097);
#4651=LINE('',#6098,#6099);
#4652=LINE('',#6100,#6101);
#4653=LINE('',#6102,#6103);
#4654=VERTEX_POINT('',#6104);
#4655=LINE('',#6105,#6106);
#4656=VERTEX_POINT('',#6107);
#4657=LINE('',#6108,#6109);
#4658=LINE('',#6110,#6111);
#4659=VERTEX_POINT('',#6112);
#4660=LINE('',#6113,#6114);
#4661=LINE('',#6115,#6116);
#4662=VERTEX_POINT('',#6117);
#4663=LINE('',#6118,#6119);
#4664=LINE('',#6120,#6121);
#4665=LINE('',#6122,#6123);
#4666=VERTEX_POINT('',#6124);
#4667=LINE('',#6125,#6126);
#4668=VERTEX_POINT('',#6127);
#4669=LINE('',#6128,#6129);
#4670=LINE('',#6130,#6131);
#4671=VERTEX_POINT('',#6132);
#4672=LINE('',#6133,#6134);
#4673=LINE('',#6135,#6136);
#4674=VERTEX_POINT('',#6137);
#4675=LINE('',#6138,#6139);
#4676=LINE('',#6140,#6141);
#4677=LINE('',#6142,#6143);
#4678=VERTEX_POINT('',#6144);
#4679=LINE('',#6145,#6146);
#4680=VERTEX_POINT('',#6147);
#4681=LINE('',#6148,#6149);
#4682=LINE('',#6150,#6151);
#4683=VERTEX_POINT('',#6152);
#4684=LINE('',#6153,#6154);
#4685=LINE('',#6155,#6156);
#4686=VERTEX_POINT('',#6157);
#4687=LINE('',#6158,#6159);
#4688=LINE('',#6160,#6161);
#4689=LINE('',#6162,#6163);
#4690=VERTEX_POINT('',#6164);
#4691=LINE('',#6165,#6166);
#4692=VERTEX_POINT('',#6167);
#4693=LINE('',#6168,#6169);
#4694=LINE('',#6170,#6171);
#4695=VERTEX_POINT('',#6172);
#4696=LINE('',#6173,#6174);
#4697=LINE('',#6175,#6176);
#4698=VERTEX_POINT('',#6177);
#4699=LINE('',#6178,#6179);
#4700=LINE('',#6180,#6181);
#4701=LINE('',#6182,#6183);
#4702=VERTEX_POINT('',#6184);
#4703=LINE('',#6185,#6186);
#4704=VERTEX_POINT('',#6187);
#4705=LINE('',#6188,#6189);
#4706=LINE('',#6190,#6191);
#4707=VERTEX_POINT('',#6192);
#4708=LINE('',#6193,#6194);
#4709=LINE('',#6195,#6196);
#4710=VERTEX_POINT('',#6197);
#4711=LINE('',#6198,#6199);
#4712=LINE('',#6200,#6201);
#4713=LINE('',#6202,#6203);
#4714=VERTEX_POINT('',#6204);
#4715=LINE('',#6205,#6206);
#4716=VERTEX_POINT('',#6207);
#4717=LINE('',#6208,#6209);
#4718=LINE('',#6210,#6211);
#4719=VERTEX_POINT('',#6212);
#4720=LINE('',#6213,#6214);
#4721=LINE('',#6215,#6216);
#4722=VERTEX_POINT('',#6217);
#4723=LINE('',#6218,#6219);
#4724=LINE('',#6220,#6221);
#4725=LINE('',#6222,#6223);
#4726=VERTEX_POINT('',#6224);
#4727=LINE('',#6225,#6226);
#4728=VERTEX_POINT('',#6227);
#4729=LINE('',#6228,#6229);
#4730=LINE('',#6230,#6231);
#4731=VERTEX_POINT('',#6232);
#4732=LINE('',#6233,#6234);
#4733=LINE('',#6235,#6236);
#4734=VERTEX_POINT('',#6237);
#4735=LINE('',#6238,#6239);
#4736=LINE('',#6240,#6241);
#4737=LINE('',#6242,#6243);
#4738=VERTEX_POINT('',#6244);
#4739=LINE('',#6245,#6246);
#4740=VERTEX_POINT('',#6247);
#4741=LINE('',#6248,#6249);
#4742=LINE('',#6250,#6251);
#4743=VERTEX_POINT('',#6252);
#4744=LINE('',#6253,#6254);
#4745=LINE('',#6255,#6256);
#4746=VERTEX_POINT('',#6257);
#4747=LINE('',#6258,#6259);
#4748=LINE('',#6260,#6261);
#4749=LINE('',#6262,#6263);
#4750=VERTEX_POINT('',#6264);
#4751=LINE('',#6265,#6266);
#4752=LINE('',#6267,#6268);
#4753=VERTEX_POINT('',#6269);
#4754=LINE('',#6270,#6271);
#4755=LINE('',#6272,#6273);
#4756=VERTEX_POINT('',#6274);
#4757=LINE('',#6275,#6276);
#4758=LINE('',#6277,#6278);
#4759=VERTEX_POINT('',#6279);
#4760=LINE('',#6280,#6281);
#4761=LINE('',#6282,#6283);
#4762=LINE('',#6284,#6285);
#4763=LINE('',#6286,#6287);
#4764=EDGE_CURVE('',#6288,#6289,#6290,.T.);
#4765=EDGE_CURVE('',#6289,#6291,#6292,.T.);
#4766=EDGE_CURVE('',#6293,#6291,#6294,.T.);
#4767=EDGE_CURVE('',#6288,#6293,#6295,.T.);
#4768=EDGE_CURVE('',#6289,#6296,#6297,.T.);
#4769=EDGE_CURVE('',#6298,#6288,#6299,.T.);
#4770=EDGE_CURVE('',#6296,#6298,#6300,.T.);
#4771=EDGE_CURVE('',#6296,#6301,#6302,.T.);
#4772=EDGE_CURVE('',#6291,#6301,#6303,.T.);
#4773=EDGE_CURVE('',#6298,#6304,#6305,.T.);
#4774=EDGE_CURVE('',#6301,#6304,#6306,.T.);
#4775=EDGE_CURVE('',#6304,#6293,#6307,.T.);
#4776=EDGE_CURVE('',#6308,#6309,#6310,.T.);
#4777=EDGE_CURVE('',#6311,#6308,#6312,.T.);
#4778=EDGE_CURVE('',#6313,#6311,#6314,.T.);
#4779=EDGE_CURVE('',#6309,#6313,#6315,.T.);
#4780=EDGE_CURVE('',#6309,#6316,#6317,.T.);
#4781=EDGE_CURVE('',#6318,#6316,#6319,.T.);
#4782=EDGE_CURVE('',#6308,#6318,#6320,.T.);
#4783=EDGE_CURVE('',#6313,#6321,#6322,.T.);
#4784=EDGE_CURVE('',#6316,#6321,#6323,.T.);
#4785=EDGE_CURVE('',#6311,#6324,#6325,.T.);
#4786=EDGE_CURVE('',#6321,#6324,#6326,.T.);
#4787=EDGE_CURVE('',#6324,#6318,#6327,.T.);
#4788=CARTESIAN_POINT('',(-1.41,-0.225,-0.875));
#4789=CARTESIAN_POINT('',(-1.31,0.275,-0.75));
#4790=CARTESIAN_POINT('',(-1.41,-0.225,-0.875));
#4791=VECTOR('',#6328,0.525);
#4792=CARTESIAN_POINT('',(-1.19,0.275,-0.75));
#4793=CARTESIAN_POINT('',(-1.19,0.275,-0.75));
#4794=VECTOR('',#6329,0.12);
#4795=CARTESIAN_POINT('',(-1.09,-0.225,-0.875));
#4796=CARTESIAN_POINT('',(-1.09,-0.225,-0.875));
#4797=VECTOR('',#6330,0.525);
#4798=CARTESIAN_POINT('',(-1.09,-0.225,-0.875));
#4799=VECTOR('',#6331,0.32);
#4800=CARTESIAN_POINT('',(-1.41,-1.975,-0.875));
#4801=CARTESIAN_POINT('',(-1.41,-1.975,-0.875));
#4802=VECTOR('',#6332,1.75);
#4803=CARTESIAN_POINT('',(-1.09,-1.975,-0.875));
#4804=CARTESIAN_POINT('',(-1.09,-1.975,-0.875));
#4805=VECTOR('',#6333,1.75);
#4806=CARTESIAN_POINT('',(-1.09,-1.975,-0.875));
#4807=VECTOR('',#6334,0.32);
#4808=CARTESIAN_POINT('',(-2.15,-1.975,1.2));
#4809=CARTESIAN_POINT('',(-1.8,-1.975,1.2));
#4810=CARTESIAN_POINT('',(-2.15,-1.975,1.2));
#4811=VECTOR('',#6335,0.35);
#4812=CARTESIAN_POINT('',(-1.8,-1.975,1.8));
#4813=CARTESIAN_POINT('',(-1.8,-1.975,1.2));
#4814=VECTOR('',#6336,0.6);
#4815=CARTESIAN_POINT('',(-2.75,-1.975,1.8));
#4816=CARTESIAN_POINT('',(-1.8,-1.975,1.8));
#4817=VECTOR('',#6337,0.95);
#4818=CARTESIAN_POINT('',(-2.75,-1.975,2.1));
#4819=CARTESIAN_POINT('',(-2.75,-1.975,2.1));
#4820=VECTOR('',#6338,0.3);
#4821=CARTESIAN_POINT('',(2.75,-1.975,2.1));
#4822=CARTESIAN_POINT('',(-2.75,-1.975,2.1));
#4823=VECTOR('',#6339,5.5);
#4824=CARTESIAN_POINT('',(2.75,-1.975,1.8));
#4825=CARTESIAN_POINT('',(2.75,-1.975,2.1));
#4826=VECTOR('',#6340,0.3);
#4827=CARTESIAN_POINT('',(1.8,-1.975,1.8));
#4828=CARTESIAN_POINT('',(2.75,-1.975,1.8));
#4829=VECTOR('',#6341,0.95);
#4830=CARTESIAN_POINT('',(1.8,-1.975,1.2));
#4831=CARTESIAN_POINT('',(1.8,-1.975,1.8));
#4832=VECTOR('',#6342,0.6);
#4833=CARTESIAN_POINT('',(2.15,-1.975,1.2));
#4834=CARTESIAN_POINT('',(1.8,-1.975,1.2));
#4835=VECTOR('',#6343,0.35);
#4836=CARTESIAN_POINT('',(2.15,-1.975,0.35));
#4837=CARTESIAN_POINT('',(2.15,-1.975,1.2));
#4838=VECTOR('',#6344,0.85);
#4839=CARTESIAN_POINT('',(2.45,-1.975,0.35));
#4840=CARTESIAN_POINT('',(2.15,-1.975,0.35));
#4841=VECTOR('',#6345,0.3);
#4842=CARTESIAN_POINT('',(2.45,-1.975,-0.4));
#4843=CARTESIAN_POINT('',(2.45,-1.975,0.35));
#4844=VECTOR('',#6346,0.75);
#4845=CARTESIAN_POINT('',(2.15,-1.975,-0.4));
#4846=CARTESIAN_POINT('',(2.45,-1.975,-0.4));
#4847=VECTOR('',#6347,0.3);
#4848=CARTESIAN_POINT('',(2.15,-1.975,-1.2));
#4849=CARTESIAN_POINT('',(2.15,-1.975,-0.4));
#4850=VECTOR('',#6348,0.8);
#4851=CARTESIAN_POINT('',(-2.15,-1.975,-1.2));
#4852=CARTESIAN_POINT('',(2.15,-1.975,-1.2));
#4853=VECTOR('',#6349,4.3);
#4854=CARTESIAN_POINT('',(-2.15,-1.975,-0.4));
#4855=CARTESIAN_POINT('',(-2.15,-1.975,-1.2));
#4856=VECTOR('',#6350,0.8);
#4857=CARTESIAN_POINT('',(-2.45,-1.975,-0.4));
#4858=CARTESIAN_POINT('',(-2.15,-1.975,-0.4));
#4859=VECTOR('',#6351,0.3);
#4860=CARTESIAN_POINT('',(-2.45,-1.975,0.35));
#4861=CARTESIAN_POINT('',(-2.45,-1.975,-0.4));
#4862=VECTOR('',#6352,0.75);
#4863=CARTESIAN_POINT('',(-2.15,-1.975,0.35));
#4864=CARTESIAN_POINT('',(-2.45,-1.975,0.35));
#4865=VECTOR('',#6353,0.3);
#4866=CARTESIAN_POINT('',(-2.15,-1.975,0.35));
#4867=VECTOR('',#6354,0.85);
#4868=CARTESIAN_POINT('',(1.41,-1.975,-0.875));
#4869=CARTESIAN_POINT('',(1.09,-1.975,-0.875));
#4870=CARTESIAN_POINT('',(1.41,-1.975,-0.875));
#4871=VECTOR('',#6355,0.32);
#4872=CARTESIAN_POINT('',(1.41,-1.975,-0.075));
#4873=CARTESIAN_POINT('',(1.41,-1.975,-0.075));
#4874=VECTOR('',#6356,0.8);
#4875=CARTESIAN_POINT('',(1.09,-1.975,-0.075));
#4876=CARTESIAN_POINT('',(1.09,-1.975,-0.075));
#4877=VECTOR('',#6357,0.32);
#4878=CARTESIAN_POINT('',(1.09,-1.975,-0.875));
#4879=VECTOR('',#6358,0.8);
#4880=CARTESIAN_POINT('',(0.16,-1.975,-0.875));
#4881=CARTESIAN_POINT('',(-0.16,-1.975,-0.875));
#4882=CARTESIAN_POINT('',(0.16,-1.975,-0.875));
#4883=VECTOR('',#6359,0.32);
#4884=CARTESIAN_POINT('',(0.16,-1.975,-0.075));
#4885=CARTESIAN_POINT('',(0.16,-1.975,-0.075));
#4886=VECTOR('',#6360,0.8);
#4887=CARTESIAN_POINT('',(-0.16,-1.975,-0.075));
#4888=CARTESIAN_POINT('',(-0.16,-1.975,-0.075));
#4889=VECTOR('',#6361,0.32);
#4890=CARTESIAN_POINT('',(-0.16,-1.975,-0.875));
#4891=VECTOR('',#6362,0.8);
#4892=CARTESIAN_POINT('',(-1.09,-1.975,-0.075));
#4893=CARTESIAN_POINT('',(-1.09,-1.975,-0.075));
#4894=VECTOR('',#6363,0.8);
#4895=CARTESIAN_POINT('',(-1.41,-1.975,-0.075));
#4896=CARTESIAN_POINT('',(-1.41,-1.975,-0.075));
#4897=VECTOR('',#6364,0.32);
#4898=CARTESIAN_POINT('',(-1.41,-1.975,-0.875));
#4899=VECTOR('',#6365,0.8);
#4900=CARTESIAN_POINT('',(-2.15,0.675,-1.2));
#4901=CARTESIAN_POINT('',(-2.15,0.675,-1.2));
#4902=VECTOR('',#6366,2.65);
#4903=CARTESIAN_POINT('',(-2.15,0.675,-0.4));
#4904=CARTESIAN_POINT('',(-2.15,0.675,-1.2));
#4905=VECTOR('',#6367,0.8);
#4906=CARTESIAN_POINT('',(-2.15,-1.975,-0.4));
#4907=VECTOR('',#6368,2.65);
#4908=CARTESIAN_POINT('',(-2.15,0.675,0.35));
#4909=CARTESIAN_POINT('',(-2.15,-1.975,0.35));
#4910=VECTOR('',#6369,2.65);
#4911=CARTESIAN_POINT('',(-2.15,0.675,1.2));
#4912=CARTESIAN_POINT('',(-2.15,0.675,0.35));
#4913=VECTOR('',#6370,0.85);
#4914=CARTESIAN_POINT('',(-2.15,-0.025,1.2));
#4915=CARTESIAN_POINT('',(-2.15,0.675,1.2));
#4916=VECTOR('',#6371,0.7);
#4917=CARTESIAN_POINT('',(-2.15,-0.025,1.5));
#4918=CARTESIAN_POINT('',(-2.15,-0.025,1.2));
#4919=VECTOR('',#6372,0.3);
#4920=CARTESIAN_POINT('',(-2.15,-0.325,1.2));
#4921=CARTESIAN_POINT('',(-2.15,-0.325,1.2));
#4922=VECTOR('',#6373,0.4242640687119);
#4923=CARTESIAN_POINT('',(-2.15,-0.325,1.2));
#4924=VECTOR('',#6374,1.65);
#4925=CARTESIAN_POINT('',(-2.45,0.975,-0.4));
#4926=CARTESIAN_POINT('',(-2.45,0.975,-0.4));
#4927=VECTOR('',#6375,0.4242640687119);
#4928=CARTESIAN_POINT('',(-2.45,0.975,-0.4));
#4929=VECTOR('',#6376,2.95);
#4930=CARTESIAN_POINT('',(-2.45,0.975,0.35));
#4931=CARTESIAN_POINT('',(-2.45,0.975,0.35));
#4932=VECTOR('',#6377,2.95);
#4933=CARTESIAN_POINT('',(-2.45,0.975,-0.4));
#4934=VECTOR('',#6378,0.75);
#4935=CARTESIAN_POINT('',(-0.2,0.975,-1.6));
#4936=CARTESIAN_POINT('',(-2.75,0.975,-1.6));
#4937=CARTESIAN_POINT('',(-0.2,0.975,-1.6));
#4938=VECTOR('',#6379,2.55);
#4939=CARTESIAN_POINT('',(-2.75,0.975,1.2));
#4940=CARTESIAN_POINT('',(-2.75,0.975,-1.6));
#4941=VECTOR('',#6380,2.8);
#4942=CARTESIAN_POINT('',(-2.45,0.975,1.2));
#4943=CARTESIAN_POINT('',(-2.75,0.975,1.2));
#4944=VECTOR('',#6381,0.3);
#4945=CARTESIAN_POINT('',(-2.45,0.975,0.35));
#4946=VECTOR('',#6382,0.85);
#4947=CARTESIAN_POINT('',(-2.45,0.975,-1.5));
#4948=CARTESIAN_POINT('',(-2.45,0.975,-1.5));
#4949=VECTOR('',#6383,1.1);
#4950=CARTESIAN_POINT('',(-0.2,0.975,-1.5));
#4951=CARTESIAN_POINT('',(-0.2,0.975,-1.5));
#4952=VECTOR('',#6384,2.25);
#4953=CARTESIAN_POINT('',(-0.2,0.975,-1.6));
#4954=VECTOR('',#6385,0.1);
#4955=CARTESIAN_POINT('',(2.45,0.975,-1.5));
#4956=CARTESIAN_POINT('',(0.2,0.975,-1.5));
#4957=CARTESIAN_POINT('',(2.45,0.975,-1.5));
#4958=VECTOR('',#6386,2.25);
#4959=CARTESIAN_POINT('',(2.45,0.975,-0.4));
#4960=CARTESIAN_POINT('',(2.45,0.975,-0.4));
#4961=VECTOR('',#6387,1.1);
#4962=CARTESIAN_POINT('',(2.45,0.975,0.35));
#4963=CARTESIAN_POINT('',(2.45,0.975,0.35));
#4964=VECTOR('',#6388,0.75);
#4965=CARTESIAN_POINT('',(2.45,0.975,1.2));
#4966=CARTESIAN_POINT('',(2.45,0.975,1.2));
#4967=VECTOR('',#6389,0.85);
#4968=CARTESIAN_POINT('',(2.75,0.975,1.2));
#4969=CARTESIAN_POINT('',(2.45,0.975,1.2));
#4970=VECTOR('',#6390,0.3);
#4971=CARTESIAN_POINT('',(2.75,0.975,-1.6));
#4972=CARTESIAN_POINT('',(2.75,0.975,1.2));
#4973=VECTOR('',#6391,2.8);
#4974=CARTESIAN_POINT('',(0.2,0.975,-1.6));
#4975=CARTESIAN_POINT('',(2.75,0.975,-1.6));
#4976=VECTOR('',#6392,2.55);
#4977=CARTESIAN_POINT('',(0.2,0.975,-1.6));
#4978=VECTOR('',#6393,0.1);
#4979=CARTESIAN_POINT('',(-0.2,0.675,-1.2));
#4980=CARTESIAN_POINT('',(-0.2,-0.475,-1.2));
#4981=CARTESIAN_POINT('',(-0.2,0.675,-1.2));
#4982=VECTOR('',#6394,1.15);
#4983=CARTESIAN_POINT('',(-0.2,-0.475,-1.6));
#4984=CARTESIAN_POINT('',(-0.2,-0.475,-1.2));
#4985=VECTOR('',#6395,0.4);
#4986=CARTESIAN_POINT('',(-0.2,0.975,-1.6));
#4987=VECTOR('',#6396,1.45);
#4988=CARTESIAN_POINT('',(-0.2,0.975,-1.5));
#4989=VECTOR('',#6397,0.4242640687119);
#4990=CARTESIAN_POINT('',(-2.45,0.975,-1.5));
#4991=VECTOR('',#6398,0.5196152422707);
#4992=CARTESIAN_POINT('',(-0.2,0.675,-1.2));
#4993=VECTOR('',#6399,1.95);
#4994=CARTESIAN_POINT('',(2.15,0.675,-1.2));
#4995=CARTESIAN_POINT('',(0.2,0.675,-1.2));
#4996=CARTESIAN_POINT('',(2.15,0.675,-1.2));
#4997=VECTOR('',#6400,1.95);
#4998=CARTESIAN_POINT('',(2.45,0.975,-1.5));
#4999=VECTOR('',#6401,0.5196152422707);
#5000=CARTESIAN_POINT('',(0.2,0.975,-1.5));
#5001=VECTOR('',#6402,0.4242640687119);
#5002=CARTESIAN_POINT('',(2.15,0.675,-1.2));
#5003=VECTOR('',#6403,2.65);
#5004=CARTESIAN_POINT('',(0.2,-0.475,-1.2));
#5005=CARTESIAN_POINT('',(0.2,0.675,-1.2));
#5006=VECTOR('',#6404,1.15);
#5007=CARTESIAN_POINT('',(0.5,-0.475,-1.2));
#5008=CARTESIAN_POINT('',(0.2,-0.475,-1.2));
#5009=VECTOR('',#6405,0.3);
#5010=CARTESIAN_POINT('',(0.5,-1.625,-1.2));
#5011=CARTESIAN_POINT('',(0.5,-1.625,-1.2));
#5012=VECTOR('',#6406,1.15);
#5013=CARTESIAN_POINT('',(-0.5,-1.625,-1.2));
#5014=CARTESIAN_POINT('',(-0.5,-1.625,-1.2));
#5015=VECTOR('',#6407,1.0);
#5016=CARTESIAN_POINT('',(-0.5,-0.475,-1.2));
#5017=CARTESIAN_POINT('',(-0.5,-1.625,-1.2));
#5018=VECTOR('',#6408,1.15);
#5019=CARTESIAN_POINT('',(-0.5,-0.475,-1.2));
#5020=VECTOR('',#6409,0.3);
#5021=CARTESIAN_POINT('',(-0.55,-0.475,-1.6));
#5022=CARTESIAN_POINT('',(-0.55,-0.475,-1.6));
#5023=VECTOR('',#6410,0.4031128874149);
#5024=CARTESIAN_POINT('',(-0.55,-0.475,-1.6));
#5025=VECTOR('',#6411,0.35);
#5026=CARTESIAN_POINT('',(0.2,-0.475,-1.6));
#5027=CARTESIAN_POINT('',(0.55,-0.475,-1.6));
#5028=CARTESIAN_POINT('',(0.2,-0.475,-1.6));
#5029=VECTOR('',#6412,0.35);
#5030=CARTESIAN_POINT('',(0.5,-0.475,-1.2));
#5031=VECTOR('',#6413,0.4031128874149);
#5032=CARTESIAN_POINT('',(0.2,-0.475,-1.2));
#5033=VECTOR('',#6414,0.4);
#5034=CARTESIAN_POINT('',(-0.55,-1.625,-1.6));
#5035=CARTESIAN_POINT('',(-0.55,-1.625,-1.6));
#5036=VECTOR('',#6415,1.15);
#5037=CARTESIAN_POINT('',(0.55,-1.625,-1.6));
#5038=CARTESIAN_POINT('',(-0.55,-1.625,-1.6));
#5039=VECTOR('',#6416,1.1);
#5040=CARTESIAN_POINT('',(0.55,-1.625,-1.6));
#5041=VECTOR('',#6417,1.15);
#5042=CARTESIAN_POINT('',(0.2,0.975,-1.6));
#5043=VECTOR('',#6418,1.45);
#5044=CARTESIAN_POINT('',(2.75,-0.875,-1.6));
#5045=CARTESIAN_POINT('',(2.75,-0.875,-1.6));
#5046=VECTOR('',#6419,1.85);
#5047=CARTESIAN_POINT('',(2.95,-1.075,-1.6));
#5048=CARTESIAN_POINT('',(2.75,-0.875,-1.6));
#5049=VECTOR('',#6420,0.2828427124746);
#5050=CARTESIAN_POINT('',(4.25,-1.075,-1.6));
#5051=CARTESIAN_POINT('',(2.95,-1.075,-1.6));
#5052=VECTOR('',#6421,1.3);
#5053=CARTESIAN_POINT('',(4.25,-3.075,-1.6));
#5054=CARTESIAN_POINT('',(4.25,-1.075,-1.6));
#5055=VECTOR('',#6422,2.0);
#5056=CARTESIAN_POINT('',(3.95,-3.375,-1.6));
#5057=CARTESIAN_POINT('',(4.25,-3.075,-1.6));
#5058=VECTOR('',#6423,0.4242640687119);
#5059=CARTESIAN_POINT('',(3.44,-3.375,-1.6));
#5060=CARTESIAN_POINT('',(3.95,-3.375,-1.6));
#5061=VECTOR('',#6424,0.51);
#5062=CARTESIAN_POINT('',(3.44,-2.625,-1.6));
#5063=CARTESIAN_POINT('',(3.44,-2.625,-1.6));
#5064=VECTOR('',#6425,0.75);
#5065=CARTESIAN_POINT('',(3.99,-2.625,-1.6));
#5066=CARTESIAN_POINT('',(3.99,-2.625,-1.6));
#5067=VECTOR('',#6426,0.55);
#5068=CARTESIAN_POINT('',(3.99,-1.935,-1.6));
#5069=CARTESIAN_POINT('',(3.99,-1.935,-1.6));
#5070=VECTOR('',#6427,0.69);
#5071=CARTESIAN_POINT('',(2.75,-1.935,-1.6));
#5072=CARTESIAN_POINT('',(2.75,-1.935,-1.6));
#5073=VECTOR('',#6428,1.24);
#5074=CARTESIAN_POINT('',(2.75,-3.375,-1.6));
#5075=CARTESIAN_POINT('',(2.75,-3.375,-1.6));
#5076=VECTOR('',#6429,1.44);
#5077=CARTESIAN_POINT('',(2.75,-3.675,-1.6));
#5078=CARTESIAN_POINT('',(2.75,-3.675,-1.6));
#5079=VECTOR('',#6430,0.3);
#5080=CARTESIAN_POINT('',(2.35,-3.675,-1.6));
#5081=CARTESIAN_POINT('',(2.75,-3.675,-1.6));
#5082=VECTOR('',#6431,0.4);
#5083=CARTESIAN_POINT('',(2.35,-3.475,-1.6));
#5084=CARTESIAN_POINT('',(2.35,-3.675,-1.6));
#5085=VECTOR('',#6432,0.2);
#5086=CARTESIAN_POINT('',(1.675,-3.475,-1.6));
#5087=CARTESIAN_POINT('',(2.35,-3.475,-1.6));
#5088=VECTOR('',#6433,0.675);
#5089=CARTESIAN_POINT('',(1.675,-3.075,-1.6));
#5090=CARTESIAN_POINT('',(1.675,-3.075,-1.6));
#5091=VECTOR('',#6434,0.4);
#5092=CARTESIAN_POINT('',(0.825,-3.075,-1.6));
#5093=CARTESIAN_POINT('',(0.825,-3.075,-1.6));
#5094=VECTOR('',#6435,0.85);
#5095=CARTESIAN_POINT('',(0.825,-3.475,-1.6));
#5096=CARTESIAN_POINT('',(0.825,-3.475,-1.6));
#5097=VECTOR('',#6436,0.4);
#5098=CARTESIAN_POINT('',(0.425,-3.475,-1.6));
#5099=CARTESIAN_POINT('',(0.825,-3.475,-1.6));
#5100=VECTOR('',#6437,0.4);
#5101=CARTESIAN_POINT('',(0.425,-3.075,-1.6));
#5102=CARTESIAN_POINT('',(0.425,-3.075,-1.6));
#5103=VECTOR('',#6438,0.4);
#5104=CARTESIAN_POINT('',(-0.425,-3.075,-1.6));
#5105=CARTESIAN_POINT('',(-0.425,-3.075,-1.6));
#5106=VECTOR('',#6439,0.85);
#5107=CARTESIAN_POINT('',(-0.425,-3.475,-1.6));
#5108=CARTESIAN_POINT('',(-0.425,-3.475,-1.6));
#5109=VECTOR('',#6440,0.4);
#5110=CARTESIAN_POINT('',(-0.825,-3.475,-1.6));
#5111=CARTESIAN_POINT('',(-0.425,-3.475,-1.6));
#5112=VECTOR('',#6441,0.4);
#5113=CARTESIAN_POINT('',(-0.825,-3.075,-1.6));
#5114=CARTESIAN_POINT('',(-0.825,-3.075,-1.6));
#5115=VECTOR('',#6442,0.4);
#5116=CARTESIAN_POINT('',(-1.675,-3.075,-1.6));
#5117=CARTESIAN_POINT('',(-1.675,-3.075,-1.6));
#5118=VECTOR('',#6443,0.85);
#5119=CARTESIAN_POINT('',(-1.675,-3.475,-1.6));
#5120=CARTESIAN_POINT('',(-1.675,-3.475,-1.6));
#5121=VECTOR('',#6444,0.4);
#5122=CARTESIAN_POINT('',(-2.35,-3.475,-1.6));
#5123=CARTESIAN_POINT('',(-1.675,-3.475,-1.6));
#5124=VECTOR('',#6445,0.675);
#5125=CARTESIAN_POINT('',(-2.35,-3.675,-1.6));
#5126=CARTESIAN_POINT('',(-2.35,-3.675,-1.6));
#5127=VECTOR('',#6446,0.2);
#5128=CARTESIAN_POINT('',(-2.75,-3.675,-1.6));
#5129=CARTESIAN_POINT('',(-2.35,-3.675,-1.6));
#5130=VECTOR('',#6447,0.4);
#5131=CARTESIAN_POINT('',(-2.75,-3.375,-1.6));
#5132=CARTESIAN_POINT('',(-2.75,-3.675,-1.6));
#5133=VECTOR('',#6448,0.3);
#5134=CARTESIAN_POINT('',(-2.75,-1.935,-1.6));
#5135=CARTESIAN_POINT('',(-2.75,-1.935,-1.6));
#5136=VECTOR('',#6449,1.44);
#5137=CARTESIAN_POINT('',(-3.99,-1.935,-1.6));
#5138=CARTESIAN_POINT('',(-3.99,-1.935,-1.6));
#5139=VECTOR('',#6450,1.24);
#5140=CARTESIAN_POINT('',(-3.99,-2.625,-1.6));
#5141=CARTESIAN_POINT('',(-3.99,-2.625,-1.6));
#5142=VECTOR('',#6451,0.69);
#5143=CARTESIAN_POINT('',(-3.44,-2.625,-1.6));
#5144=CARTESIAN_POINT('',(-3.44,-2.625,-1.6));
#5145=VECTOR('',#6452,0.55);
#5146=CARTESIAN_POINT('',(-3.44,-3.375,-1.6));
#5147=CARTESIAN_POINT('',(-3.44,-3.375,-1.6));
#5148=VECTOR('',#6453,0.75);
#5149=CARTESIAN_POINT('',(-3.95,-3.375,-1.6));
#5150=CARTESIAN_POINT('',(-3.44,-3.375,-1.6));
#5151=VECTOR('',#6454,0.51);
#5152=CARTESIAN_POINT('',(-4.25,-3.075,-1.6));
#5153=CARTESIAN_POINT('',(-3.95,-3.375,-1.6));
#5154=VECTOR('',#6455,0.4242640687119);
#5155=CARTESIAN_POINT('',(-4.25,-1.075,-1.6));
#5156=CARTESIAN_POINT('',(-4.25,-3.075,-1.6));
#5157=VECTOR('',#6456,2.0);
#5158=CARTESIAN_POINT('',(-2.95,-1.075,-1.6));
#5159=CARTESIAN_POINT('',(-4.25,-1.075,-1.6));
#5160=VECTOR('',#6457,1.3);
#5161=CARTESIAN_POINT('',(-2.75,-0.875,-1.6));
#5162=CARTESIAN_POINT('',(-2.95,-1.075,-1.6));
#5163=VECTOR('',#6458,0.2828427124746);
#5164=CARTESIAN_POINT('',(-2.75,-0.875,-1.6));
#5165=VECTOR('',#6459,1.85);
#5166=CARTESIAN_POINT('',(1.45,-2.85,-1.6));
#5167=CARTESIAN_POINT('',(1.45,-2.25,-1.6));
#5168=CARTESIAN_POINT('',(1.45,-2.85,-1.6));
#5169=VECTOR('',#6460,0.6);
#5170=CARTESIAN_POINT('',(2.25,-2.85,-1.6));
#5171=CARTESIAN_POINT('',(1.45,-2.85,-1.6));
#5172=VECTOR('',#6461,0.8);
#5173=CARTESIAN_POINT('',(2.25,-2.25,-1.6));
#5174=CARTESIAN_POINT('',(2.25,-2.85,-1.6));
#5175=VECTOR('',#6462,0.6);
#5176=CARTESIAN_POINT('',(1.45,-2.25,-1.6));
#5177=VECTOR('',#6463,0.8);
#5178=CARTESIAN_POINT('',(0.2,-2.85,-1.6));
#5179=CARTESIAN_POINT('',(0.2,-2.25,-1.6));
#5180=CARTESIAN_POINT('',(0.2,-2.85,-1.6));
#5181=VECTOR('',#6464,0.6);
#5182=CARTESIAN_POINT('',(1.0,-2.85,-1.6));
#5183=CARTESIAN_POINT('',(0.2,-2.85,-1.6));
#5184=VECTOR('',#6465,0.8);
#5185=CARTESIAN_POINT('',(1.0,-2.25,-1.6));
#5186=CARTESIAN_POINT('',(1.0,-2.85,-1.6));
#5187=VECTOR('',#6466,0.6);
#5188=CARTESIAN_POINT('',(0.2,-2.25,-1.6));
#5189=VECTOR('',#6467,0.8);
#5190=CARTESIAN_POINT('',(-1.05,-2.85,-1.6));
#5191=CARTESIAN_POINT('',(-1.05,-2.25,-1.6));
#5192=CARTESIAN_POINT('',(-1.05,-2.85,-1.6));
#5193=VECTOR('',#6468,0.6);
#5194=CARTESIAN_POINT('',(-0.25,-2.85,-1.6));
#5195=CARTESIAN_POINT('',(-1.05,-2.85,-1.6));
#5196=VECTOR('',#6469,0.8);
#5197=CARTESIAN_POINT('',(-0.25,-2.25,-1.6));
#5198=CARTESIAN_POINT('',(-0.25,-2.85,-1.6));
#5199=VECTOR('',#6470,0.6);
#5200=CARTESIAN_POINT('',(-1.05,-2.25,-1.6));
#5201=VECTOR('',#6471,0.8);
#5202=CARTESIAN_POINT('',(-2.3,-2.85,-1.6));
#5203=CARTESIAN_POINT('',(-2.3,-2.25,-1.6));
#5204=CARTESIAN_POINT('',(-2.3,-2.85,-1.6));
#5205=VECTOR('',#6472,0.6);
#5206=CARTESIAN_POINT('',(-1.5,-2.85,-1.6));
#5207=CARTESIAN_POINT('',(-2.3,-2.85,-1.6));
#5208=VECTOR('',#6473,0.8);
#5209=CARTESIAN_POINT('',(-1.5,-2.25,-1.6));
#5210=CARTESIAN_POINT('',(-1.5,-2.85,-1.6));
#5211=VECTOR('',#6474,0.6);
#5212=CARTESIAN_POINT('',(-2.3,-2.25,-1.6));
#5213=VECTOR('',#6475,0.8);
#5214=CARTESIAN_POINT('',(-2.75,-0.875,1.2));
#5215=CARTESIAN_POINT('',(-2.75,-0.875,-1.6));
#5216=VECTOR('',#6476,2.8);
#5217=CARTESIAN_POINT('',(-2.75,-3.375,1.2));
#5218=CARTESIAN_POINT('',(-2.75,-0.875,1.2));
#5219=VECTOR('',#6477,2.5);
#5220=CARTESIAN_POINT('',(-2.75,-3.375,-1.6));
#5221=VECTOR('',#6478,2.8);
#5222=CARTESIAN_POINT('',(-2.75,-3.675,-0.9));
#5223=CARTESIAN_POINT('',(-2.75,-3.675,-1.6));
#5224=VECTOR('',#6479,0.7);
#5225=CARTESIAN_POINT('',(-2.75,-3.525,-0.9));
#5226=CARTESIAN_POINT('',(-2.75,-3.675,-0.9));
#5227=VECTOR('',#6480,0.15);
#5228=CARTESIAN_POINT('',(-2.75,-3.525,1.2));
#5229=CARTESIAN_POINT('',(-2.75,-3.525,-0.9));
#5230=VECTOR('',#6481,2.1);
#5231=CARTESIAN_POINT('',(-2.75,-3.675,1.2));
#5232=CARTESIAN_POINT('',(-2.75,-3.675,1.2));
#5233=VECTOR('',#6482,0.15);
#5234=CARTESIAN_POINT('',(-2.75,-3.675,2.1));
#5235=CARTESIAN_POINT('',(-2.75,-3.675,1.2));
#5236=VECTOR('',#6483,0.9);
#5237=CARTESIAN_POINT('',(-2.75,-3.675,2.1));
#5238=VECTOR('',#6484,1.7);
#5239=CARTESIAN_POINT('',(-2.75,-0.025,1.8));
#5240=CARTESIAN_POINT('',(-2.75,-0.025,1.8));
#5241=VECTOR('',#6485,1.95);
#5242=CARTESIAN_POINT('',(-2.75,-0.025,1.2));
#5243=CARTESIAN_POINT('',(-2.75,-0.025,1.2));
#5244=VECTOR('',#6486,0.6);
#5245=CARTESIAN_POINT('',(-2.75,0.975,1.2));
#5246=VECTOR('',#6487,1.0);
#5247=CARTESIAN_POINT('',(-2.75,-0.025,1.2));
#5248=VECTOR('',#6488,0.6);
#5249=CARTESIAN_POINT('',(-2.45,0.975,1.2));
#5250=VECTOR('',#6489,0.4242640687119);
#5251=CARTESIAN_POINT('',(2.15,0.675,1.2));
#5252=CARTESIAN_POINT('',(2.45,0.975,1.2));
#5253=VECTOR('',#6490,0.4242640687119);
#5254=CARTESIAN_POINT('',(2.15,-0.025,1.2));
#5255=CARTESIAN_POINT('',(2.15,0.675,1.2));
#5256=VECTOR('',#6491,0.7);
#5257=CARTESIAN_POINT('',(2.75,-0.025,1.2));
#5258=CARTESIAN_POINT('',(2.15,-0.025,1.2));
#5259=VECTOR('',#6492,0.6);
#5260=CARTESIAN_POINT('',(2.75,0.975,1.2));
#5261=VECTOR('',#6493,1.0);
#5262=CARTESIAN_POINT('',(-2.45,0.975,0.35));
#5263=VECTOR('',#6494,0.4242640687119);
#5264=CARTESIAN_POINT('',(-1.8,-0.025,1.8));
#5265=CARTESIAN_POINT('',(-1.8,-0.025,1.8));
#5266=VECTOR('',#6495,0.95);
#5267=CARTESIAN_POINT('',(-1.8,-0.025,1.5));
#5268=CARTESIAN_POINT('',(-1.8,-0.025,1.5));
#5269=VECTOR('',#6496,0.3);
#5270=CARTESIAN_POINT('',(-1.8,-0.025,1.5));
#5271=VECTOR('',#6497,0.35);
#5272=CARTESIAN_POINT('',(-1.8,-0.325,1.2));
#5273=CARTESIAN_POINT('',(-1.8,-0.325,1.2));
#5274=VECTOR('',#6498,0.4242640687119);
#5275=CARTESIAN_POINT('',(-1.8,-0.325,1.2));
#5276=VECTOR('',#6499,0.35);
#5277=CARTESIAN_POINT('',(-1.8,-0.325,1.2));
#5278=VECTOR('',#6500,1.65);
#5279=CARTESIAN_POINT('',(-1.8,-0.025,1.8));
#5280=VECTOR('',#6501,1.95);
#5281=CARTESIAN_POINT('',(2.75,-0.025,1.8));
#5282=CARTESIAN_POINT('',(2.75,-0.025,1.2));
#5283=VECTOR('',#6502,0.6);
#5284=CARTESIAN_POINT('',(2.75,-0.025,1.8));
#5285=VECTOR('',#6503,1.95);
#5286=CARTESIAN_POINT('',(2.75,-3.675,2.1));
#5287=CARTESIAN_POINT('',(2.75,-3.675,2.1));
#5288=VECTOR('',#6504,1.7);
#5289=CARTESIAN_POINT('',(2.75,-3.675,1.2));
#5290=CARTESIAN_POINT('',(2.75,-3.675,2.1));
#5291=VECTOR('',#6505,0.9);
#5292=CARTESIAN_POINT('',(2.75,-3.525,1.2));
#5293=CARTESIAN_POINT('',(2.75,-3.675,1.2));
#5294=VECTOR('',#6506,0.15);
#5295=CARTESIAN_POINT('',(2.75,-3.525,-0.9));
#5296=CARTESIAN_POINT('',(2.75,-3.525,-0.9));
#5297=VECTOR('',#6507,2.1);
#5298=CARTESIAN_POINT('',(2.75,-3.675,-0.9));
#5299=CARTESIAN_POINT('',(2.75,-3.675,-0.9));
#5300=VECTOR('',#6508,0.15);
#5301=CARTESIAN_POINT('',(2.75,-3.675,-0.9));
#5302=VECTOR('',#6509,0.7);
#5303=CARTESIAN_POINT('',(2.75,-3.375,1.2));
#5304=CARTESIAN_POINT('',(2.75,-3.375,-1.6));
#5305=VECTOR('',#6510,2.8);
#5306=CARTESIAN_POINT('',(2.75,-0.875,1.2));
#5307=CARTESIAN_POINT('',(2.75,-0.875,1.2));
#5308=VECTOR('',#6511,2.5);
#5309=CARTESIAN_POINT('',(2.75,-0.875,-1.6));
#5310=VECTOR('',#6512,2.8);
#5311=CARTESIAN_POINT('',(2.95,-1.075,1.2));
#5312=CARTESIAN_POINT('',(2.75,-0.875,1.2));
#5313=VECTOR('',#6513,0.2828427124746);
#5314=CARTESIAN_POINT('',(2.95,-1.075,-1.6));
#5315=VECTOR('',#6514,2.8);
#5316=CARTESIAN_POINT('',(4.25,-1.075,1.2));
#5317=CARTESIAN_POINT('',(2.95,-1.075,1.2));
#5318=VECTOR('',#6515,1.3);
#5319=CARTESIAN_POINT('',(4.25,-1.075,-1.6));
#5320=VECTOR('',#6516,2.8);
#5321=CARTESIAN_POINT('',(4.25,-3.075,1.2));
#5322=CARTESIAN_POINT('',(4.25,-1.075,1.2));
#5323=VECTOR('',#6517,2.0);
#5324=CARTESIAN_POINT('',(4.25,-3.075,-1.6));
#5325=VECTOR('',#6518,2.8);
#5326=CARTESIAN_POINT('',(3.95,-3.375,1.2));
#5327=CARTESIAN_POINT('',(4.25,-3.075,1.2));
#5328=VECTOR('',#6519,0.4242640687119);
#5329=CARTESIAN_POINT('',(3.95,-3.375,-1.6));
#5330=VECTOR('',#6520,2.8);
#5331=CARTESIAN_POINT('',(3.22,-3.375,-1.6));
#5332=CARTESIAN_POINT('',(3.22,-3.375,0.6));
#5333=CARTESIAN_POINT('',(3.22,-3.375,-1.6));
#5334=VECTOR('',#6521,2.2);
#5335=CARTESIAN_POINT('',(3.44,-3.375,-1.6));
#5336=VECTOR('',#6522,0.22);
#5337=CARTESIAN_POINT('',(3.95,-3.375,1.2));
#5338=VECTOR('',#6523,1.2);
#5339=CARTESIAN_POINT('',(2.97,-3.375,-1.6));
#5340=CARTESIAN_POINT('',(2.97,-3.375,-1.6));
#5341=VECTOR('',#6524,0.22);
#5342=CARTESIAN_POINT('',(2.97,-3.375,0.6));
#5343=CARTESIAN_POINT('',(2.97,-3.375,0.6));
#5344=VECTOR('',#6525,2.2);
#5345=CARTESIAN_POINT('',(3.22,-3.375,0.6));
#5346=VECTOR('',#6526,0.25);
#5347=CARTESIAN_POINT('',(2.97,-3.425,0.6));
#5348=CARTESIAN_POINT('',(2.97,-3.425,0.6));
#5349=VECTOR('',#6527,0.05);
#5350=CARTESIAN_POINT('',(3.27,-3.725,0.6));
#5351=AXIS2_PLACEMENT_3D('',#6528,#6529,#6530);
#5352=CARTESIAN_POINT('',(4.25,-3.725,0.6));
#5353=CARTESIAN_POINT('',(4.25,-3.725,0.6));
#5354=VECTOR('',#6531,0.98);
#5355=CARTESIAN_POINT('',(4.25,-3.475,0.6));
#5356=CARTESIAN_POINT('',(4.25,-3.475,0.6));
#5357=VECTOR('',#6532,0.25);
#5358=CARTESIAN_POINT('',(3.27,-3.475,0.6));
#5359=CARTESIAN_POINT('',(3.27,-3.475,0.6));
#5360=VECTOR('',#6533,0.98);
#5361=CARTESIAN_POINT('',(3.22,-3.425,0.6));
#5362=AXIS2_PLACEMENT_3D('',#6534,#6535,#6536);
#5363=CARTESIAN_POINT('',(3.22,-3.375,0.6));
#5364=VECTOR('',#6537,0.05);
#5365=CARTESIAN_POINT('',(-3.22,-3.425,0.6));
#5366=CARTESIAN_POINT('',(-3.22,-3.375,0.6));
#5367=CARTESIAN_POINT('',(-3.22,-3.425,0.6));
#5368=VECTOR('',#6538,0.05);
#5369=CARTESIAN_POINT('',(-3.27,-3.475,0.6));
#5370=AXIS2_PLACEMENT_3D('',#6539,#6540,#6541);
#5371=CARTESIAN_POINT('',(-4.25,-3.475,0.6));
#5372=CARTESIAN_POINT('',(-4.25,-3.475,0.6));
#5373=VECTOR('',#6542,0.98);
#5374=CARTESIAN_POINT('',(-4.25,-3.725,0.6));
#5375=CARTESIAN_POINT('',(-4.25,-3.725,0.6));
#5376=VECTOR('',#6543,0.25);
#5377=CARTESIAN_POINT('',(-3.27,-3.725,0.6));
#5378=CARTESIAN_POINT('',(-3.27,-3.725,0.6));
#5379=VECTOR('',#6544,0.98);
#5380=CARTESIAN_POINT('',(-2.97,-3.425,0.6));
#5381=AXIS2_PLACEMENT_3D('',#6545,#6546,#6547);
#5382=CARTESIAN_POINT('',(-2.97,-3.375,0.6));
#5383=CARTESIAN_POINT('',(-2.97,-3.375,0.6));
#5384=VECTOR('',#6548,0.05);
#5385=CARTESIAN_POINT('',(-2.97,-3.375,0.6));
#5386=VECTOR('',#6549,0.25);
#5387=CARTESIAN_POINT('',(3.22,-3.155,-1.38));
#5388=CARTESIAN_POINT('',(3.22,-3.155,-1.38));
#5389=VECTOR('',#6550,0.3111269837221);
#5390=CARTESIAN_POINT('',(3.22,-2.455,-1.6));
#5391=CARTESIAN_POINT('',(3.22,-2.455,-1.6));
#5392=VECTOR('',#6551,0.92);
#5393=CARTESIAN_POINT('',(3.22,-2.455,-1.38));
#5394=CARTESIAN_POINT('',(3.22,-2.455,-1.6));
#5395=VECTOR('',#6552,0.22);
#5396=CARTESIAN_POINT('',(3.22,-3.155,-1.38));
#5397=VECTOR('',#6553,0.7);
#5398=CARTESIAN_POINT('',(3.22,-3.425,-1.6));
#5399=CARTESIAN_POINT('',(3.22,-3.425,-1.6));
#5400=VECTOR('',#6554,2.2);
#5401=CARTESIAN_POINT('',(3.22,-3.375,-1.6));
#5402=VECTOR('',#6555,0.05);
#5403=CARTESIAN_POINT('',(3.234644660941,-2.419644660941,-1.394644660941));
#5404=CARTESIAN_POINT('',(3.44,-2.625,-1.6));
#5405=VECTOR('',#6556,0.3556858808563);
#5406=CARTESIAN_POINT('',(3.44,-3.375,-1.6));
#5407=VECTOR('',#6557,0.3810511776652);
#5408=CARTESIAN_POINT('',(3.22,-2.455,-1.38));
#5409=CARTESIAN_POINT('',(3.22,-2.439641341691,-1.38));
#5410=CARTESIAN_POINT('',(3.225777335431,-2.42851198645,-1.385777335431));
#5411=CARTESIAN_POINT('',(3.234644660941,-2.419644660941,-1.394644660941));
#5412=CARTESIAN_POINT('',(3.27,-2.405,-1.6));
#5413=AXIS2_PLACEMENT_3D('',#6558,#6559,#6560);
#5414=CARTESIAN_POINT('',(3.27,-2.405,-1.38));
#5415=CARTESIAN_POINT('',(3.27,-2.405,-1.6));
#5416=VECTOR('',#6561,0.22);
#5417=CARTESIAN_POINT('',(3.234644660941,-2.419644660941,-1.394644660941));
#5418=CARTESIAN_POINT('',(3.24351198645,-2.410777335431,-1.385777335431));
#5419=CARTESIAN_POINT('',(3.254641341691,-2.405,-1.38));
#5420=CARTESIAN_POINT('',(3.27,-2.405,-1.38));
#5421=CARTESIAN_POINT('',(3.77,-2.405,-1.38));
#5422=CARTESIAN_POINT('',(3.99,-2.625,-1.6));
#5423=VECTOR('',#6562,0.3810511776652);
#5424=CARTESIAN_POINT('',(3.77,-2.405,-1.38));
#5425=VECTOR('',#6563,0.5);
#5426=CARTESIAN_POINT('',(3.77,-2.405,-1.6));
#5427=CARTESIAN_POINT('',(3.77,-2.405,-1.6));
#5428=VECTOR('',#6564,0.5);
#5429=CARTESIAN_POINT('',(3.77,-2.405,-1.6));
#5430=VECTOR('',#6565,0.22);
#5431=CARTESIAN_POINT('',(3.77,-2.155,-1.6));
#5432=CARTESIAN_POINT('',(3.77,-2.155,-1.6));
#5433=VECTOR('',#6566,0.25);
#5434=CARTESIAN_POINT('',(3.77,-2.155,-1.38));
#5435=CARTESIAN_POINT('',(3.77,-2.155,-1.6));
#5436=VECTOR('',#6567,0.22);
#5437=CARTESIAN_POINT('',(3.77,-2.155,-1.38));
#5438=VECTOR('',#6568,0.25);
#5439=CARTESIAN_POINT('',(3.99,-1.935,-1.6));
#5440=VECTOR('',#6569,0.3810511776652);
#5441=CARTESIAN_POINT('',(2.97,-2.155,-1.38));
#5442=CARTESIAN_POINT('',(3.27,-2.155,-1.38));
#5443=CARTESIAN_POINT('',(2.97,-2.155,-1.38));
#5444=VECTOR('',#6570,0.3);
#5445=CARTESIAN_POINT('',(2.75,-1.935,-1.6));
#5446=VECTOR('',#6571,0.3810511776652);
#5447=CARTESIAN_POINT('',(3.27,-2.155,-1.38));
#5448=VECTOR('',#6572,0.5);
#5449=CARTESIAN_POINT('',(3.27,-2.155,-1.6));
#5450=CARTESIAN_POINT('',(3.27,-2.155,-1.6));
#5451=VECTOR('',#6573,0.5);
#5452=CARTESIAN_POINT('',(3.27,-2.155,-1.6));
#5453=VECTOR('',#6574,0.22);
#5454=CARTESIAN_POINT('',(3.27,-2.155,-1.1));
#5455=CARTESIAN_POINT('',(3.27,-2.155,-1.1));
#5456=VECTOR('',#6575,0.28);
#5457=CARTESIAN_POINT('',(2.97,-2.455,-1.6));
#5458=AXIS2_PLACEMENT_3D('',#6576,#6577,#6578);
#5459=CARTESIAN_POINT('',(2.97,-2.455,-1.38));
#5460=CARTESIAN_POINT('',(2.97,-2.455,-1.6));
#5461=VECTOR('',#6579,0.22);
#5462=CARTESIAN_POINT('',(2.97,-2.455,-1.1));
#5463=CARTESIAN_POINT('',(2.97,-2.455,-1.1));
#5464=VECTOR('',#6580,0.28);
#5465=AXIS2_PLACEMENT_3D('',#6581,#6582,#6583);
#5466=CARTESIAN_POINT('',(2.97,-2.155,-1.1));
#5467=CARTESIAN_POINT('',(2.97,-2.455,-1.1));
#5468=VECTOR('',#6584,0.3);
#5469=CARTESIAN_POINT('',(2.97,-2.155,-1.1));
#5470=VECTOR('',#6585,0.3);
#5471=CARTESIAN_POINT('',(-3.27,-2.155,-1.1));
#5472=CARTESIAN_POINT('',(-2.97,-2.155,-1.1));
#5473=CARTESIAN_POINT('',(-3.27,-2.155,-1.1));
#5474=VECTOR('',#6586,0.3);
#5475=CARTESIAN_POINT('',(-2.97,-2.455,-1.1));
#5476=CARTESIAN_POINT('',(-2.97,-2.155,-1.1));
#5477=VECTOR('',#6587,0.3);
#5478=AXIS2_PLACEMENT_3D('',#6588,#6589,#6590);
#5479=CARTESIAN_POINT('',(2.97,-2.155,-1.38));
#5480=VECTOR('',#6591,0.28);
#5481=CARTESIAN_POINT('',(2.97,-2.455,-1.38));
#5482=VECTOR('',#6592,0.3);
#5483=CARTESIAN_POINT('',(2.97,-3.155,-1.38));
#5484=CARTESIAN_POINT('',(2.75,-3.375,-1.6));
#5485=VECTOR('',#6593,0.3810511776652);
#5486=CARTESIAN_POINT('',(2.97,-3.155,-1.38));
#5487=VECTOR('',#6594,0.7);
#5488=CARTESIAN_POINT('',(2.97,-3.425,-1.6));
#5489=CARTESIAN_POINT('',(2.97,-3.425,-1.6));
#5490=VECTOR('',#6595,0.05);
#5491=CARTESIAN_POINT('',(2.97,-3.425,-1.6));
#5492=VECTOR('',#6596,2.2);
#5493=CARTESIAN_POINT('',(2.97,-3.375,-1.6));
#5494=VECTOR('',#6597,0.92);
#5495=CARTESIAN_POINT('',(2.97,-3.155,-1.38));
#5496=VECTOR('',#6598,0.3111269837221);
#5497=CARTESIAN_POINT('',(3.27,-3.725,-1.6));
#5498=CARTESIAN_POINT('',(3.27,-3.725,-1.6));
#5499=VECTOR('',#6599,2.2);
#5500=AXIS2_PLACEMENT_3D('',#6600,#6601,#6602);
#5501=CARTESIAN_POINT('',(3.27,-3.475,-1.6));
#5502=AXIS2_PLACEMENT_3D('',#6603,#6604,#6605);
#5503=CARTESIAN_POINT('',(4.25,-3.475,-1.6));
#5504=CARTESIAN_POINT('',(3.27,-3.475,-1.6));
#5505=VECTOR('',#6606,0.98);
#5506=CARTESIAN_POINT('',(4.25,-3.725,-1.6));
#5507=CARTESIAN_POINT('',(4.25,-3.475,-1.6));
#5508=VECTOR('',#6607,0.25);
#5509=CARTESIAN_POINT('',(4.25,-3.725,-1.6));
#5510=VECTOR('',#6608,0.98);
#5511=CARTESIAN_POINT('',(-2.97,-3.375,-1.6));
#5512=CARTESIAN_POINT('',(-2.97,-3.425,-1.6));
#5513=CARTESIAN_POINT('',(-2.97,-3.375,-1.6));
#5514=VECTOR('',#6609,0.05);
#5515=CARTESIAN_POINT('',(-3.27,-3.725,-1.6));
#5516=AXIS2_PLACEMENT_3D('',#6610,#6611,#6612);
#5517=CARTESIAN_POINT('',(-4.25,-3.725,-1.6));
#5518=CARTESIAN_POINT('',(-3.27,-3.725,-1.6));
#5519=VECTOR('',#6613,0.98);
#5520=CARTESIAN_POINT('',(-4.25,-3.475,-1.6));
#5521=CARTESIAN_POINT('',(-4.25,-3.725,-1.6));
#5522=VECTOR('',#6614,0.25);
#5523=CARTESIAN_POINT('',(-3.27,-3.475,-1.6));
#5524=CARTESIAN_POINT('',(-4.25,-3.475,-1.6));
#5525=VECTOR('',#6615,0.98);
#5526=CARTESIAN_POINT('',(-3.22,-3.425,-1.6));
#5527=AXIS2_PLACEMENT_3D('',#6616,#6617,#6618);
#5528=CARTESIAN_POINT('',(-3.22,-3.375,-1.6));
#5529=CARTESIAN_POINT('',(-3.22,-3.425,-1.6));
#5530=VECTOR('',#6619,0.05);
#5531=CARTESIAN_POINT('',(-3.22,-2.455,-1.6));
#5532=CARTESIAN_POINT('',(-3.22,-3.375,-1.6));
#5533=VECTOR('',#6620,0.92);
#5534=CARTESIAN_POINT('',(-3.27,-2.405,-1.6));
#5535=AXIS2_PLACEMENT_3D('',#6621,#6622,#6623);
#5536=CARTESIAN_POINT('',(-3.77,-2.405,-1.6));
#5537=CARTESIAN_POINT('',(-3.27,-2.405,-1.6));
#5538=VECTOR('',#6624,0.5);
#5539=CARTESIAN_POINT('',(-3.77,-2.155,-1.6));
#5540=CARTESIAN_POINT('',(-3.77,-2.405,-1.6));
#5541=VECTOR('',#6625,0.25);
#5542=CARTESIAN_POINT('',(-3.27,-2.155,-1.6));
#5543=CARTESIAN_POINT('',(-3.77,-2.155,-1.6));
#5544=VECTOR('',#6626,0.5);
#5545=CARTESIAN_POINT('',(-2.97,-2.455,-1.6));
#5546=AXIS2_PLACEMENT_3D('',#6627,#6628,#6629);
#5547=CARTESIAN_POINT('',(-2.97,-2.455,-1.6));
#5548=VECTOR('',#6630,0.92);
#5549=CARTESIAN_POINT('',(4.45,-3.725,-1.4));
#5550=CARTESIAN_POINT('',(4.25,-3.725,-1.6));
#5551=VECTOR('',#6631,0.2828427124746);
#5552=CARTESIAN_POINT('',(4.45,-3.725,0.4));
#5553=CARTESIAN_POINT('',(4.45,-3.725,-1.4));
#5554=VECTOR('',#6632,1.8);
#5555=CARTESIAN_POINT('',(4.25,-3.725,0.6));
#5556=VECTOR('',#6633,0.2828427124746);
#5557=CARTESIAN_POINT('',(4.45,-3.475,0.4));
#5558=CARTESIAN_POINT('',(4.45,-3.475,0.4));
#5559=VECTOR('',#6634,0.25);
#5560=CARTESIAN_POINT('',(4.25,-3.475,0.6));
#5561=VECTOR('',#6635,0.2828427124746);
#5562=CARTESIAN_POINT('',(3.27,-3.475,-1.6));
#5563=VECTOR('',#6636,2.2);
#5564=CARTESIAN_POINT('',(4.45,-3.475,-1.4));
#5565=CARTESIAN_POINT('',(4.45,-3.475,-1.4));
#5566=VECTOR('',#6637,1.8);
#5567=CARTESIAN_POINT('',(4.25,-3.475,-1.6));
#5568=VECTOR('',#6638,0.2828427124746);
#5569=CARTESIAN_POINT('',(4.45,-3.475,-1.4));
#5570=VECTOR('',#6639,0.25);
#5571=CARTESIAN_POINT('',(-2.97,-3.425,-1.6));
#5572=VECTOR('',#6640,2.2);
#5573=CARTESIAN_POINT('',(-2.97,-3.375,0.6));
#5574=VECTOR('',#6641,2.2);
#5575=CARTESIAN_POINT('',(-2.97,-2.455,-1.38));
#5576=CARTESIAN_POINT('',(-2.97,-2.455,-1.6));
#5577=VECTOR('',#6642,0.22);
#5578=CARTESIAN_POINT('',(-2.97,-3.155,-1.38));
#5579=CARTESIAN_POINT('',(-2.97,-3.155,-1.38));
#5580=VECTOR('',#6643,0.7);
#5581=CARTESIAN_POINT('',(-2.97,-3.155,-1.38));
#5582=VECTOR('',#6644,0.3111269837221);
#5583=CARTESIAN_POINT('',(-2.75,-3.375,-1.6));
#5584=VECTOR('',#6645,0.22);
#5585=CARTESIAN_POINT('',(-3.95,-3.375,1.2));
#5586=CARTESIAN_POINT('',(-2.75,-3.375,1.2));
#5587=VECTOR('',#6646,1.2);
#5588=CARTESIAN_POINT('',(-3.95,-3.375,-1.6));
#5589=VECTOR('',#6647,2.8);
#5590=CARTESIAN_POINT('',(-3.22,-3.375,-1.6));
#5591=VECTOR('',#6648,0.22);
#5592=CARTESIAN_POINT('',(-3.22,-3.375,-1.6));
#5593=VECTOR('',#6649,2.2);
#5594=CARTESIAN_POINT('',(-3.22,-3.155,-1.38));
#5595=CARTESIAN_POINT('',(-3.22,-2.455,-1.38));
#5596=CARTESIAN_POINT('',(-3.22,-3.155,-1.38));
#5597=VECTOR('',#6650,0.7);
#5598=CARTESIAN_POINT('',(-3.22,-2.455,-1.6));
#5599=VECTOR('',#6651,0.22);
#5600=CARTESIAN_POINT('',(-3.22,-3.155,-1.38));
#5601=VECTOR('',#6652,0.3111269837221);
#5602=CARTESIAN_POINT('',(-3.22,-3.425,-1.6));
#5603=VECTOR('',#6653,2.2);
#5604=CARTESIAN_POINT('',(-2.75,-3.375,-1.6));
#5605=VECTOR('',#6654,0.3810511776652);
#5606=CARTESIAN_POINT('',(-3.44,-3.375,-1.6));
#5607=VECTOR('',#6655,0.3810511776652);
#5608=CARTESIAN_POINT('',(-2.97,-2.155,-1.38));
#5609=CARTESIAN_POINT('',(-2.97,-2.155,-1.38));
#5610=VECTOR('',#6656,0.3);
#5611=CARTESIAN_POINT('',(-2.75,-1.935,-1.6));
#5612=VECTOR('',#6657,0.3810511776652);
#5613=CARTESIAN_POINT('',(-3.77,-2.155,-1.38));
#5614=CARTESIAN_POINT('',(-3.99,-1.935,-1.6));
#5615=VECTOR('',#6658,0.3810511776652);
#5616=CARTESIAN_POINT('',(-3.27,-2.155,-1.38));
#5617=CARTESIAN_POINT('',(-3.27,-2.155,-1.38));
#5618=VECTOR('',#6659,0.3);
#5619=CARTESIAN_POINT('',(-3.77,-2.155,-1.38));
#5620=VECTOR('',#6660,0.5);
#5621=CARTESIAN_POINT('',(-3.27,-2.155,-1.6));
#5622=VECTOR('',#6661,0.22);
#5623=CARTESIAN_POINT('',(-3.77,-2.155,-1.6));
#5624=VECTOR('',#6662,0.22);
#5625=CARTESIAN_POINT('',(-3.77,-2.405,-1.38));
#5626=CARTESIAN_POINT('',(-3.77,-2.405,-1.6));
#5627=VECTOR('',#6663,0.22);
#5628=CARTESIAN_POINT('',(-3.77,-2.405,-1.38));
#5629=VECTOR('',#6664,0.25);
#5630=CARTESIAN_POINT('',(-3.99,-2.625,-1.6));
#5631=VECTOR('',#6665,0.3810511776652);
#5632=CARTESIAN_POINT('',(-3.234644660941,-2.419644660941,-1.394644660941));
#5633=CARTESIAN_POINT('',(-3.44,-2.625,-1.6));
#5634=VECTOR('',#6666,0.3556858808563);
#5635=CARTESIAN_POINT('',(-3.27,-2.405,-1.38));
#5636=CARTESIAN_POINT('',(-3.27,-2.405,-1.38));
#5637=VECTOR('',#6667,0.5);
#5638=CARTESIAN_POINT('',(-3.27,-2.405,-1.38));
#5639=CARTESIAN_POINT('',(-3.254641341691,-2.405,-1.38));
#5640=CARTESIAN_POINT('',(-3.24351198645,-2.410777335431,-1.385777335431));
#5641=CARTESIAN_POINT('',(-3.234644660941,-2.419644660941,-1.394644660941));
#5642=CARTESIAN_POINT('',(-3.27,-2.405,-1.6));
#5643=VECTOR('',#6668,0.22);
#5644=CARTESIAN_POINT('',(-3.234644660941,-2.419644660941,-1.394644660941));
#5645=CARTESIAN_POINT('',(-3.225777335431,-2.42851198645,-1.385777335431));
#5646=CARTESIAN_POINT('',(-3.22,-2.439641341691,-1.38));
#5647=CARTESIAN_POINT('',(-3.22,-2.455,-1.38));
#5648=CARTESIAN_POINT('',(-2.97,-2.455,-1.1));
#5649=VECTOR('',#6669,0.28);
#5650=CARTESIAN_POINT('',(-3.27,-2.155,-1.1));
#5651=VECTOR('',#6670,0.28);
#5652=CARTESIAN_POINT('',(-2.97,-2.155,-1.38));
#5653=VECTOR('',#6671,0.28);
#5654=CARTESIAN_POINT('',(-3.27,-3.475,-1.6));
#5655=VECTOR('',#6672,2.2);
#5656=CARTESIAN_POINT('',(-4.45,-3.475,-1.4));
#5657=CARTESIAN_POINT('',(-4.25,-3.475,-1.6));
#5658=VECTOR('',#6673,0.2828427124746);
#5659=CARTESIAN_POINT('',(-4.45,-3.475,0.4));
#5660=CARTESIAN_POINT('',(-4.45,-3.475,-1.4));
#5661=VECTOR('',#6674,1.8);
#5662=CARTESIAN_POINT('',(-4.25,-3.475,0.6));
#5663=VECTOR('',#6675,0.2828427124746);
#5664=CARTESIAN_POINT('',(-4.45,-3.725,0.4));
#5665=CARTESIAN_POINT('',(-4.45,-3.725,0.4));
#5666=VECTOR('',#6676,0.25);
#5667=CARTESIAN_POINT('',(-4.25,-3.725,0.6));
#5668=VECTOR('',#6677,0.2828427124746);
#5669=CARTESIAN_POINT('',(-3.27,-3.725,-1.6));
#5670=VECTOR('',#6678,2.2);
#5671=CARTESIAN_POINT('',(-4.45,-3.725,-1.4));
#5672=CARTESIAN_POINT('',(-4.45,-3.725,-1.4));
#5673=VECTOR('',#6679,1.8);
#5674=CARTESIAN_POINT('',(-4.25,-3.725,-1.6));
#5675=VECTOR('',#6680,0.2828427124746);
#5676=CARTESIAN_POINT('',(-4.45,-3.725,-1.4));
#5677=VECTOR('',#6681,0.25);
#5678=CARTESIAN_POINT('',(-4.25,-3.075,1.2));
#5679=CARTESIAN_POINT('',(-3.95,-3.375,1.2));
#5680=VECTOR('',#6682,0.4242640687119);
#5681=CARTESIAN_POINT('',(-4.25,-3.075,-1.6));
#5682=VECTOR('',#6683,2.8);
#5683=CARTESIAN_POINT('',(-4.25,-1.075,1.2));
#5684=CARTESIAN_POINT('',(-4.25,-3.075,1.2));
#5685=VECTOR('',#6684,2.0);
#5686=CARTESIAN_POINT('',(-4.25,-1.075,-1.6));
#5687=VECTOR('',#6685,2.8);
#5688=CARTESIAN_POINT('',(-2.95,-1.075,1.2));
#5689=CARTESIAN_POINT('',(-4.25,-1.075,1.2));
#5690=VECTOR('',#6686,1.3);
#5691=CARTESIAN_POINT('',(-2.95,-1.075,-1.6));
#5692=VECTOR('',#6687,2.8);
#5693=CARTESIAN_POINT('',(-2.95,-1.075,1.2));
#5694=VECTOR('',#6688,0.2828427124746);
#5695=CARTESIAN_POINT('',(-2.35,-3.675,2.1));
#5696=CARTESIAN_POINT('',(-2.35,-3.675,1.2));
#5697=CARTESIAN_POINT('',(-2.35,-3.675,2.1));
#5698=VECTOR('',#6689,0.9);
#5699=CARTESIAN_POINT('',(-2.75,-3.675,2.1));
#5700=VECTOR('',#6690,0.4);
#5701=CARTESIAN_POINT('',(-2.75,-3.675,1.2));
#5702=VECTOR('',#6691,0.4);
#5703=CARTESIAN_POINT('',(2.35,-3.675,2.1));
#5704=CARTESIAN_POINT('',(2.35,-3.675,2.1));
#5705=VECTOR('',#6692,0.4);
#5706=CARTESIAN_POINT('',(2.35,-3.675,1.2));
#5707=CARTESIAN_POINT('',(2.35,-3.675,2.1));
#5708=VECTOR('',#6693,0.9);
#5709=CARTESIAN_POINT('',(2.35,-3.675,1.2));
#5710=VECTOR('',#6694,0.4);
#5711=CARTESIAN_POINT('',(-2.35,-3.675,-0.9));
#5712=CARTESIAN_POINT('',(-2.35,-3.675,-0.9));
#5713=VECTOR('',#6695,0.7);
#5714=CARTESIAN_POINT('',(-2.75,-3.675,-0.9));
#5715=VECTOR('',#6696,0.4);
#5716=CARTESIAN_POINT('',(2.35,-3.675,-0.9));
#5717=CARTESIAN_POINT('',(2.35,-3.675,-0.9));
#5718=VECTOR('',#6697,0.7);
#5719=CARTESIAN_POINT('',(2.35,-3.675,-0.9));
#5720=VECTOR('',#6698,0.4);
#5721=CARTESIAN_POINT('',(-2.35,-3.525,1.2));
#5722=CARTESIAN_POINT('',(-2.75,-3.525,1.2));
#5723=VECTOR('',#6699,0.4);
#5724=CARTESIAN_POINT('',(-2.35,-3.675,1.2));
#5725=VECTOR('',#6700,0.15);
#5726=CARTESIAN_POINT('',(2.35,-3.525,1.2));
#5727=CARTESIAN_POINT('',(2.35,-3.675,1.2));
#5728=VECTOR('',#6701,0.15);
#5729=CARTESIAN_POINT('',(2.35,-3.525,1.2));
#5730=VECTOR('',#6702,0.4);
#5731=CARTESIAN_POINT('',(-2.35,-3.525,-0.9));
#5732=CARTESIAN_POINT('',(-2.35,-3.525,-0.9));
#5733=VECTOR('',#6703,2.1);
#5734=CARTESIAN_POINT('',(-2.35,-3.675,-0.9));
#5735=VECTOR('',#6704,0.15);
#5736=CARTESIAN_POINT('',(-2.35,-3.475,2.1));
#5737=CARTESIAN_POINT('',(-2.35,-3.475,-1.6));
#5738=VECTOR('',#6705,3.7);
#5739=CARTESIAN_POINT('',(-2.35,-3.675,2.1));
#5740=VECTOR('',#6706,0.2);
#5741=CARTESIAN_POINT('',(-1.675,-3.075,2.1));
#5742=CARTESIAN_POINT('',(-0.825,-3.075,2.1));
#5743=CARTESIAN_POINT('',(-1.675,-3.075,2.1));
#5744=VECTOR('',#6707,0.85);
#5745=CARTESIAN_POINT('',(-0.825,-3.475,2.1));
#5746=CARTESIAN_POINT('',(-0.825,-3.075,2.1));
#5747=VECTOR('',#6708,0.4);
#5748=CARTESIAN_POINT('',(-0.425,-3.475,2.1));
#5749=CARTESIAN_POINT('',(-0.425,-3.475,2.1));
#5750=VECTOR('',#6709,0.4);
#5751=CARTESIAN_POINT('',(-0.425,-3.075,2.1));
#5752=CARTESIAN_POINT('',(-0.425,-3.475,2.1));
#5753=VECTOR('',#6710,0.4);
#5754=CARTESIAN_POINT('',(0.425,-3.075,2.1));
#5755=CARTESIAN_POINT('',(-0.425,-3.075,2.1));
#5756=VECTOR('',#6711,0.85);
#5757=CARTESIAN_POINT('',(0.425,-3.475,2.1));
#5758=CARTESIAN_POINT('',(0.425,-3.075,2.1));
#5759=VECTOR('',#6712,0.4);
#5760=CARTESIAN_POINT('',(0.825,-3.475,2.1));
#5761=CARTESIAN_POINT('',(0.825,-3.475,2.1));
#5762=VECTOR('',#6713,0.4);
#5763=CARTESIAN_POINT('',(0.825,-3.075,2.1));
#5764=CARTESIAN_POINT('',(0.825,-3.475,2.1));
#5765=VECTOR('',#6714,0.4);
#5766=CARTESIAN_POINT('',(1.675,-3.075,2.1));
#5767=CARTESIAN_POINT('',(0.825,-3.075,2.1));
#5768=VECTOR('',#6715,0.85);
#5769=CARTESIAN_POINT('',(1.675,-3.475,2.1));
#5770=CARTESIAN_POINT('',(1.675,-3.075,2.1));
#5771=VECTOR('',#6716,0.4);
#5772=CARTESIAN_POINT('',(2.35,-3.475,2.1));
#5773=CARTESIAN_POINT('',(2.35,-3.475,2.1));
#5774=VECTOR('',#6717,0.675);
#5775=CARTESIAN_POINT('',(2.35,-3.675,2.1));
#5776=VECTOR('',#6718,0.2);
#5777=CARTESIAN_POINT('',(-1.675,-3.475,2.1));
#5778=CARTESIAN_POINT('',(-1.675,-3.475,2.1));
#5779=VECTOR('',#6719,0.675);
#5780=CARTESIAN_POINT('',(-1.675,-3.475,2.1));
#5781=VECTOR('',#6720,0.4);
#5782=CARTESIAN_POINT('',(-1.675,-3.475,-1.6));
#5783=VECTOR('',#6721,3.7);
#5784=CARTESIAN_POINT('',(-1.675,-3.075,-1.6));
#5785=VECTOR('',#6722,3.7);
#5786=CARTESIAN_POINT('',(-0.825,-3.075,-1.6));
#5787=VECTOR('',#6723,3.7);
#5788=CARTESIAN_POINT('',(-1.41,-3.075,-0.9));
#5789=CARTESIAN_POINT('',(-1.09,-3.075,-0.9));
#5790=CARTESIAN_POINT('',(-1.41,-3.075,-0.9));
#5791=VECTOR('',#6724,0.32);
#5792=CARTESIAN_POINT('',(-1.41,-3.075,1.57));
#5793=CARTESIAN_POINT('',(-1.41,-3.075,1.57));
#5794=VECTOR('',#6725,2.47);
#5795=CARTESIAN_POINT('',(-1.09,-3.075,1.57));
#5796=CARTESIAN_POINT('',(-1.41,-3.075,1.57));
#5797=VECTOR('',#6726,0.32);
#5798=CARTESIAN_POINT('',(-1.09,-3.075,1.57));
#5799=VECTOR('',#6727,2.47);
#5800=CARTESIAN_POINT('',(-0.825,-3.475,-1.6));
#5801=VECTOR('',#6728,3.7);
#5802=CARTESIAN_POINT('',(2.35,-3.475,-1.6));
#5803=VECTOR('',#6729,3.7);
#5804=CARTESIAN_POINT('',(1.675,-3.475,-1.6));
#5805=VECTOR('',#6730,3.7);
#5806=CARTESIAN_POINT('',(0.825,-3.475,-1.6));
#5807=VECTOR('',#6731,3.7);
#5808=CARTESIAN_POINT('',(0.425,-3.475,-1.6));
#5809=VECTOR('',#6732,3.7);
#5810=CARTESIAN_POINT('',(-0.425,-3.475,-1.6));
#5811=VECTOR('',#6733,3.7);
#5812=CARTESIAN_POINT('',(1.675,-3.075,-1.6));
#5813=VECTOR('',#6734,3.7);
#5814=CARTESIAN_POINT('',(0.825,-3.075,-1.6));
#5815=VECTOR('',#6735,3.7);
#5816=CARTESIAN_POINT('',(1.09,-3.075,-0.9));
#5817=CARTESIAN_POINT('',(1.41,-3.075,-0.9));
#5818=CARTESIAN_POINT('',(1.09,-3.075,-0.9));
#5819=VECTOR('',#6736,0.32);
#5820=CARTESIAN_POINT('',(1.09,-3.075,1.57));
#5821=CARTESIAN_POINT('',(1.09,-3.075,1.57));
#5822=VECTOR('',#6737,2.47);
#5823=CARTESIAN_POINT('',(1.41,-3.075,1.57));
#5824=CARTESIAN_POINT('',(1.09,-3.075,1.57));
#5825=VECTOR('',#6738,0.32);
#5826=CARTESIAN_POINT('',(1.41,-3.075,1.57));
#5827=VECTOR('',#6739,2.47);
#5828=CARTESIAN_POINT('',(1.41,-3.325,2.003012701892));
#5829=CARTESIAN_POINT('',(1.41,-3.075,1.57));
#5830=VECTOR('',#6740,0.5);
#5831=CARTESIAN_POINT('',(1.41,-3.325,2.5));
#5832=CARTESIAN_POINT('',(1.41,-3.325,2.003012701892));
#5833=VECTOR('',#6741,0.4969872981078);
#5834=CARTESIAN_POINT('',(1.41,-3.425,2.6));
#5835=CARTESIAN_POINT('',(1.41,-3.325,2.5));
#5836=VECTOR('',#6742,0.1414213562373);
#5837=CARTESIAN_POINT('',(1.41,-3.675,2.6));
#5838=CARTESIAN_POINT('',(1.41,-3.425,2.6));
#5839=VECTOR('',#6743,0.25);
#5840=CARTESIAN_POINT('',(1.41,-3.775,2.5));
#5841=CARTESIAN_POINT('',(1.41,-3.675,2.6));
#5842=VECTOR('',#6744,0.1414213562373);
#5843=CARTESIAN_POINT('',(1.41,-3.775,2.0));
#5844=CARTESIAN_POINT('',(1.41,-3.775,2.5));
#5845=VECTOR('',#6745,0.5);
#5846=CARTESIAN_POINT('',(1.41,-3.525,1.566987298108));
#5847=CARTESIAN_POINT('',(1.41,-3.775,2.0));
#5848=VECTOR('',#6746,0.5);
#5849=CARTESIAN_POINT('',(1.41,-3.525,-0.9));
#5850=CARTESIAN_POINT('',(1.41,-3.525,1.566987298108));
#5851=VECTOR('',#6747,2.466987298108);
#5852=CARTESIAN_POINT('',(1.41,-3.525,-0.9));
#5853=VECTOR('',#6748,0.45);
#5854=CARTESIAN_POINT('',(1.09,-3.525,-0.9));
#5855=CARTESIAN_POINT('',(1.41,-3.525,-0.9));
#5856=VECTOR('',#6749,0.32);
#5857=CARTESIAN_POINT('',(1.09,-3.525,-0.9));
#5858=VECTOR('',#6750,0.45);
#5859=CARTESIAN_POINT('',(1.09,-3.525,1.566987298108));
#5860=CARTESIAN_POINT('',(1.09,-3.525,1.566987298108));
#5861=VECTOR('',#6751,2.466987298108);
#5862=CARTESIAN_POINT('',(1.09,-3.775,2.0));
#5863=CARTESIAN_POINT('',(1.09,-3.775,2.0));
#5864=VECTOR('',#6752,0.5);
#5865=CARTESIAN_POINT('',(1.09,-3.775,2.5));
#5866=CARTESIAN_POINT('',(1.09,-3.775,2.5));
#5867=VECTOR('',#6753,0.5);
#5868=CARTESIAN_POINT('',(1.09,-3.675,2.6));
#5869=CARTESIAN_POINT('',(1.09,-3.675,2.6));
#5870=VECTOR('',#6754,0.1414213562373);
#5871=CARTESIAN_POINT('',(1.09,-3.425,2.6));
#5872=CARTESIAN_POINT('',(1.09,-3.425,2.6));
#5873=VECTOR('',#6755,0.25);
#5874=CARTESIAN_POINT('',(1.09,-3.325,2.5));
#5875=CARTESIAN_POINT('',(1.09,-3.325,2.5));
#5876=VECTOR('',#6756,0.1414213562373);
#5877=CARTESIAN_POINT('',(1.09,-3.325,2.003012701892));
#5878=CARTESIAN_POINT('',(1.09,-3.325,2.003012701892));
#5879=VECTOR('',#6757,0.4969872981078);
#5880=CARTESIAN_POINT('',(1.09,-3.075,1.57));
#5881=VECTOR('',#6758,0.5);
#5882=CARTESIAN_POINT('',(1.41,-3.325,2.003012701892));
#5883=VECTOR('',#6759,0.32);
#5884=CARTESIAN_POINT('',(1.41,-3.325,2.5));
#5885=VECTOR('',#6760,0.32);
#5886=CARTESIAN_POINT('',(1.41,-3.425,2.6));
#5887=VECTOR('',#6761,0.32);
#5888=CARTESIAN_POINT('',(1.41,-3.675,2.6));
#5889=VECTOR('',#6762,0.32);
#5890=CARTESIAN_POINT('',(1.41,-3.775,2.5));
#5891=VECTOR('',#6763,0.32);
#5892=CARTESIAN_POINT('',(1.41,-3.775,2.0));
#5893=VECTOR('',#6764,0.32);
#5894=CARTESIAN_POINT('',(1.41,-3.525,1.566987298108));
#5895=VECTOR('',#6765,0.32);
#5896=CARTESIAN_POINT('',(2.35,-3.525,-0.9));
#5897=CARTESIAN_POINT('',(2.35,-3.675,-0.9));
#5898=VECTOR('',#6766,0.15);
#5899=CARTESIAN_POINT('',(2.35,-3.525,-0.9));
#5900=VECTOR('',#6767,2.1);
#5901=CARTESIAN_POINT('',(-2.75,-3.525,-0.9));
#5902=VECTOR('',#6768,0.4);
#5903=CARTESIAN_POINT('',(2.35,-3.525,-0.9));
#5904=VECTOR('',#6769,0.4);
#5905=CARTESIAN_POINT('',(0.425,-3.075,-1.6));
#5906=VECTOR('',#6770,3.7);
#5907=CARTESIAN_POINT('',(-0.425,-3.075,-1.6));
#5908=VECTOR('',#6771,3.7);
#5909=CARTESIAN_POINT('',(-0.16,-3.075,-0.9));
#5910=CARTESIAN_POINT('',(0.16,-3.075,-0.9));
#5911=CARTESIAN_POINT('',(-0.16,-3.075,-0.9));
#5912=VECTOR('',#6772,0.32);
#5913=CARTESIAN_POINT('',(-0.16,-3.075,1.57));
#5914=CARTESIAN_POINT('',(-0.16,-3.075,1.57));
#5915=VECTOR('',#6773,2.47);
#5916=CARTESIAN_POINT('',(0.16,-3.075,1.57));
#5917=CARTESIAN_POINT('',(-0.16,-3.075,1.57));
#5918=VECTOR('',#6774,0.32);
#5919=CARTESIAN_POINT('',(0.16,-3.075,1.57));
#5920=VECTOR('',#6775,2.47);
#5921=CARTESIAN_POINT('',(0.16,-3.325,2.003012701892));
#5922=CARTESIAN_POINT('',(0.16,-3.075,1.57));
#5923=VECTOR('',#6776,0.5);
#5924=CARTESIAN_POINT('',(0.16,-3.325,2.5));
#5925=CARTESIAN_POINT('',(0.16,-3.325,2.003012701892));
#5926=VECTOR('',#6777,0.4969872981078);
#5927=CARTESIAN_POINT('',(0.16,-3.425,2.6));
#5928=CARTESIAN_POINT('',(0.16,-3.325,2.5));
#5929=VECTOR('',#6778,0.1414213562373);
#5930=CARTESIAN_POINT('',(0.16,-3.675,2.6));
#5931=CARTESIAN_POINT('',(0.16,-3.425,2.6));
#5932=VECTOR('',#6779,0.25);
#5933=CARTESIAN_POINT('',(0.16,-3.775,2.5));
#5934=CARTESIAN_POINT('',(0.16,-3.675,2.6));
#5935=VECTOR('',#6780,0.1414213562373);
#5936=CARTESIAN_POINT('',(0.16,-3.775,2.0));
#5937=CARTESIAN_POINT('',(0.16,-3.775,2.5));
#5938=VECTOR('',#6781,0.5);
#5939=CARTESIAN_POINT('',(0.16,-3.525,1.566987298108));
#5940=CARTESIAN_POINT('',(0.16,-3.775,2.0));
#5941=VECTOR('',#6782,0.5);
#5942=CARTESIAN_POINT('',(0.16,-3.525,-0.9));
#5943=CARTESIAN_POINT('',(0.16,-3.525,1.566987298108));
#5944=VECTOR('',#6783,2.466987298108);
#5945=CARTESIAN_POINT('',(0.16,-3.525,-0.9));
#5946=VECTOR('',#6784,0.45);
#5947=CARTESIAN_POINT('',(-0.16,-3.525,-0.9));
#5948=CARTESIAN_POINT('',(0.16,-3.525,-0.9));
#5949=VECTOR('',#6785,0.32);
#5950=CARTESIAN_POINT('',(-0.16,-3.525,-0.9));
#5951=VECTOR('',#6786,0.45);
#5952=CARTESIAN_POINT('',(-0.16,-3.525,1.566987298108));
#5953=CARTESIAN_POINT('',(-0.16,-3.525,1.566987298108));
#5954=VECTOR('',#6787,2.466987298108);
#5955=CARTESIAN_POINT('',(-0.16,-3.775,2.0));
#5956=CARTESIAN_POINT('',(-0.16,-3.775,2.0));
#5957=VECTOR('',#6788,0.5);
#5958=CARTESIAN_POINT('',(-0.16,-3.775,2.5));
#5959=CARTESIAN_POINT('',(-0.16,-3.775,2.5));
#5960=VECTOR('',#6789,0.5);
#5961=CARTESIAN_POINT('',(-0.16,-3.675,2.6));
#5962=CARTESIAN_POINT('',(-0.16,-3.675,2.6));
#5963=VECTOR('',#6790,0.1414213562373);
#5964=CARTESIAN_POINT('',(-0.16,-3.425,2.6));
#5965=CARTESIAN_POINT('',(-0.16,-3.425,2.6));
#5966=VECTOR('',#6791,0.25);
#5967=CARTESIAN_POINT('',(-0.16,-3.325,2.5));
#5968=CARTESIAN_POINT('',(-0.16,-3.325,2.5));
#5969=VECTOR('',#6792,0.1414213562373);
#5970=CARTESIAN_POINT('',(-0.16,-3.325,2.003012701892));
#5971=CARTESIAN_POINT('',(-0.16,-3.325,2.003012701892));
#5972=VECTOR('',#6793,0.4969872981078);
#5973=CARTESIAN_POINT('',(-0.16,-3.075,1.57));
#5974=VECTOR('',#6794,0.5);
#5975=CARTESIAN_POINT('',(0.16,-3.325,2.003012701892));
#5976=VECTOR('',#6795,0.32);
#5977=CARTESIAN_POINT('',(0.16,-3.325,2.5));
#5978=VECTOR('',#6796,0.32);
#5979=CARTESIAN_POINT('',(0.16,-3.425,2.6));
#5980=VECTOR('',#6797,0.32);
#5981=CARTESIAN_POINT('',(0.16,-3.675,2.6));
#5982=VECTOR('',#6798,0.32);
#5983=CARTESIAN_POINT('',(0.16,-3.775,2.5));
#5984=VECTOR('',#6799,0.32);
#5985=CARTESIAN_POINT('',(0.16,-3.775,2.0));
#5986=VECTOR('',#6800,0.32);
#5987=CARTESIAN_POINT('',(0.16,-3.525,1.566987298108));
#5988=VECTOR('',#6801,0.32);
#5989=CARTESIAN_POINT('',(-1.09,-3.325,2.003012701892));
#5990=CARTESIAN_POINT('',(-1.09,-3.075,1.57));
#5991=VECTOR('',#6802,0.5);
#5992=CARTESIAN_POINT('',(-1.09,-3.325,2.5));
#5993=CARTESIAN_POINT('',(-1.09,-3.325,2.003012701892));
#5994=VECTOR('',#6803,0.4969872981078);
#5995=CARTESIAN_POINT('',(-1.09,-3.425,2.6));
#5996=CARTESIAN_POINT('',(-1.09,-3.325,2.5));
#5997=VECTOR('',#6804,0.1414213562373);
#5998=CARTESIAN_POINT('',(-1.09,-3.675,2.6));
#5999=CARTESIAN_POINT('',(-1.09,-3.425,2.6));
#6000=VECTOR('',#6805,0.25);
#6001=CARTESIAN_POINT('',(-1.09,-3.775,2.5));
#6002=CARTESIAN_POINT('',(-1.09,-3.675,2.6));
#6003=VECTOR('',#6806,0.1414213562373);
#6004=CARTESIAN_POINT('',(-1.09,-3.775,2.0));
#6005=CARTESIAN_POINT('',(-1.09,-3.775,2.5));
#6006=VECTOR('',#6807,0.5);
#6007=CARTESIAN_POINT('',(-1.09,-3.525,1.566987298108));
#6008=CARTESIAN_POINT('',(-1.09,-3.775,2.0));
#6009=VECTOR('',#6808,0.5);
#6010=CARTESIAN_POINT('',(-1.09,-3.525,-0.9));
#6011=CARTESIAN_POINT('',(-1.09,-3.525,1.566987298108));
#6012=VECTOR('',#6809,2.466987298108);
#6013=CARTESIAN_POINT('',(-1.09,-3.525,-0.9));
#6014=VECTOR('',#6810,0.45);
#6015=CARTESIAN_POINT('',(-1.41,-3.525,-0.9));
#6016=CARTESIAN_POINT('',(-1.09,-3.525,-0.9));
#6017=VECTOR('',#6811,0.32);
#6018=CARTESIAN_POINT('',(-1.41,-3.525,-0.9));
#6019=VECTOR('',#6812,0.45);
#6020=CARTESIAN_POINT('',(-1.41,-3.525,1.566987298108));
#6021=CARTESIAN_POINT('',(-1.41,-3.525,1.566987298108));
#6022=VECTOR('',#6813,2.466987298108);
#6023=CARTESIAN_POINT('',(-1.41,-3.775,2.0));
#6024=CARTESIAN_POINT('',(-1.41,-3.775,2.0));
#6025=VECTOR('',#6814,0.5);
#6026=CARTESIAN_POINT('',(-1.41,-3.775,2.5));
#6027=CARTESIAN_POINT('',(-1.41,-3.775,2.5));
#6028=VECTOR('',#6815,0.5);
#6029=CARTESIAN_POINT('',(-1.41,-3.675,2.6));
#6030=CARTESIAN_POINT('',(-1.41,-3.675,2.6));
#6031=VECTOR('',#6816,0.1414213562373);
#6032=CARTESIAN_POINT('',(-1.41,-3.425,2.6));
#6033=CARTESIAN_POINT('',(-1.41,-3.425,2.6));
#6034=VECTOR('',#6817,0.25);
#6035=CARTESIAN_POINT('',(-1.41,-3.325,2.5));
#6036=CARTESIAN_POINT('',(-1.41,-3.325,2.5));
#6037=VECTOR('',#6818,0.1414213562373);
#6038=CARTESIAN_POINT('',(-1.41,-3.325,2.003012701892));
#6039=CARTESIAN_POINT('',(-1.41,-3.325,2.003012701892));
#6040=VECTOR('',#6819,0.4969872981078);
#6041=CARTESIAN_POINT('',(-1.41,-3.075,1.57));
#6042=VECTOR('',#6820,0.5);
#6043=CARTESIAN_POINT('',(-1.09,-3.325,2.003012701892));
#6044=VECTOR('',#6821,0.32);
#6045=CARTESIAN_POINT('',(-1.09,-3.325,2.5));
#6046=VECTOR('',#6822,0.32);
#6047=CARTESIAN_POINT('',(-1.09,-3.425,2.6));
#6048=VECTOR('',#6823,0.32);
#6049=CARTESIAN_POINT('',(-1.09,-3.675,2.6));
#6050=VECTOR('',#6824,0.32);
#6051=CARTESIAN_POINT('',(-1.09,-3.775,2.5));
#6052=VECTOR('',#6825,0.32);
#6053=CARTESIAN_POINT('',(-1.09,-3.775,2.0));
#6054=VECTOR('',#6826,0.32);
#6055=CARTESIAN_POINT('',(-1.09,-3.525,1.566987298108));
#6056=VECTOR('',#6827,0.32);
#6057=CARTESIAN_POINT('',(1.8,-0.025,1.8));
#6058=CARTESIAN_POINT('',(1.8,-0.025,1.8));
#6059=VECTOR('',#6828,1.95);
#6060=CARTESIAN_POINT('',(1.8,-0.025,1.8));
#6061=VECTOR('',#6829,0.95);
#6062=CARTESIAN_POINT('',(2.15,-0.025,1.5));
#6063=CARTESIAN_POINT('',(2.15,-0.025,1.2));
#6064=VECTOR('',#6830,0.3);
#6065=CARTESIAN_POINT('',(1.8,-0.025,1.5));
#6066=CARTESIAN_POINT('',(1.8,-0.025,1.5));
#6067=VECTOR('',#6831,0.35);
#6068=CARTESIAN_POINT('',(1.8,-0.025,1.8));
#6069=VECTOR('',#6832,0.3);
#6070=CARTESIAN_POINT('',(1.8,-0.325,1.2));
#6071=CARTESIAN_POINT('',(1.8,-0.325,1.2));
#6072=VECTOR('',#6833,0.4242640687119);
#6073=CARTESIAN_POINT('',(1.8,-0.325,1.2));
#6074=VECTOR('',#6834,1.65);
#6075=CARTESIAN_POINT('',(2.15,-0.325,1.2));
#6076=CARTESIAN_POINT('',(2.15,-0.325,1.2));
#6077=VECTOR('',#6835,1.65);
#6078=CARTESIAN_POINT('',(1.8,-0.325,1.2));
#6079=VECTOR('',#6836,0.35);
#6080=CARTESIAN_POINT('',(2.15,-0.325,1.2));
#6081=VECTOR('',#6837,0.4242640687119);
#6082=CARTESIAN_POINT('',(2.15,0.675,0.35));
#6083=CARTESIAN_POINT('',(2.15,0.675,1.2));
#6084=VECTOR('',#6838,0.85);
#6085=CARTESIAN_POINT('',(2.15,-1.975,0.35));
#6086=VECTOR('',#6839,2.65);
#6087=CARTESIAN_POINT('',(2.15,0.675,-0.4));
#6088=CARTESIAN_POINT('',(2.15,0.675,-0.4));
#6089=VECTOR('',#6840,0.8);
#6090=CARTESIAN_POINT('',(2.15,-1.975,-0.4));
#6091=VECTOR('',#6841,2.65);
#6092=CARTESIAN_POINT('',(2.45,0.975,0.35));
#6093=VECTOR('',#6842,0.4242640687119);
#6094=CARTESIAN_POINT('',(2.45,0.975,0.35));
#6095=VECTOR('',#6843,2.95);
#6096=CARTESIAN_POINT('',(2.45,0.975,-0.4));
#6097=VECTOR('',#6844,2.95);
#6098=CARTESIAN_POINT('',(2.45,0.975,-0.4));
#6099=VECTOR('',#6845,0.4242640687119);
#6100=CARTESIAN_POINT('',(0.5,-1.625,-1.2));
#6101=VECTOR('',#6846,0.4031128874149);
#6102=CARTESIAN_POINT('',(-0.55,-1.625,-1.6));
#6103=VECTOR('',#6847,0.4031128874149);
#6104=CARTESIAN_POINT('',(2.25,-2.25,-1.4));
#6105=CARTESIAN_POINT('',(2.25,-2.25,-1.4));
#6106=VECTOR('',#6848,0.2);
#6107=CARTESIAN_POINT('',(1.75,-2.25,-1.4));
#6108=CARTESIAN_POINT('',(1.75,-2.25,-1.4));
#6109=VECTOR('',#6849,0.5);
#6110=CARTESIAN_POINT('',(1.45,-2.25,-1.6));
#6111=VECTOR('',#6850,0.3605551275464);
#6112=CARTESIAN_POINT('',(1.75,-2.85,-1.4));
#6113=CARTESIAN_POINT('',(1.75,-2.25,-1.4));
#6114=VECTOR('',#6851,0.6);
#6115=CARTESIAN_POINT('',(1.45,-2.85,-1.6));
#6116=VECTOR('',#6852,0.3605551275464);
#6117=CARTESIAN_POINT('',(2.25,-2.85,-1.4));
#6118=CARTESIAN_POINT('',(1.75,-2.85,-1.4));
#6119=VECTOR('',#6853,0.5);
#6120=CARTESIAN_POINT('',(2.25,-2.85,-1.4));
#6121=VECTOR('',#6854,0.2);
#6122=CARTESIAN_POINT('',(2.25,-2.25,-1.4));
#6123=VECTOR('',#6855,0.6);
#6124=CARTESIAN_POINT('',(1.0,-2.25,-1.4));
#6125=CARTESIAN_POINT('',(1.0,-2.25,-1.4));
#6126=VECTOR('',#6856,0.2);
#6127=CARTESIAN_POINT('',(0.5,-2.25,-1.4));
#6128=CARTESIAN_POINT('',(0.5,-2.25,-1.4));
#6129=VECTOR('',#6857,0.5);
#6130=CARTESIAN_POINT('',(0.2,-2.25,-1.6));
#6131=VECTOR('',#6858,0.3605551275464);
#6132=CARTESIAN_POINT('',(0.5,-2.85,-1.4));
#6133=CARTESIAN_POINT('',(0.5,-2.25,-1.4));
#6134=VECTOR('',#6859,0.6);
#6135=CARTESIAN_POINT('',(0.2,-2.85,-1.6));
#6136=VECTOR('',#6860,0.3605551275464);
#6137=CARTESIAN_POINT('',(1.0,-2.85,-1.4));
#6138=CARTESIAN_POINT('',(0.5,-2.85,-1.4));
#6139=VECTOR('',#6861,0.5);
#6140=CARTESIAN_POINT('',(1.0,-2.85,-1.4));
#6141=VECTOR('',#6862,0.2);
#6142=CARTESIAN_POINT('',(1.0,-2.25,-1.4));
#6143=VECTOR('',#6863,0.6);
#6144=CARTESIAN_POINT('',(-0.25,-2.25,-1.4));
#6145=CARTESIAN_POINT('',(-0.25,-2.25,-1.4));
#6146=VECTOR('',#6864,0.2);
#6147=CARTESIAN_POINT('',(-0.75,-2.25,-1.4));
#6148=CARTESIAN_POINT('',(-0.75,-2.25,-1.4));
#6149=VECTOR('',#6865,0.5);
#6150=CARTESIAN_POINT('',(-1.05,-2.25,-1.6));
#6151=VECTOR('',#6866,0.3605551275464);
#6152=CARTESIAN_POINT('',(-0.75,-2.85,-1.4));
#6153=CARTESIAN_POINT('',(-0.75,-2.25,-1.4));
#6154=VECTOR('',#6867,0.6);
#6155=CARTESIAN_POINT('',(-1.05,-2.85,-1.6));
#6156=VECTOR('',#6868,0.3605551275464);
#6157=CARTESIAN_POINT('',(-0.25,-2.85,-1.4));
#6158=CARTESIAN_POINT('',(-0.75,-2.85,-1.4));
#6159=VECTOR('',#6869,0.5);
#6160=CARTESIAN_POINT('',(-0.25,-2.85,-1.4));
#6161=VECTOR('',#6870,0.2);
#6162=CARTESIAN_POINT('',(-0.25,-2.25,-1.4));
#6163=VECTOR('',#6871,0.6);
#6164=CARTESIAN_POINT('',(-1.5,-2.25,-1.4));
#6165=CARTESIAN_POINT('',(-1.5,-2.25,-1.4));
#6166=VECTOR('',#6872,0.2);
#6167=CARTESIAN_POINT('',(-2.0,-2.25,-1.4));
#6168=CARTESIAN_POINT('',(-2.0,-2.25,-1.4));
#6169=VECTOR('',#6873,0.5);
#6170=CARTESIAN_POINT('',(-2.3,-2.25,-1.6));
#6171=VECTOR('',#6874,0.3605551275464);
#6172=CARTESIAN_POINT('',(-2.0,-2.85,-1.4));
#6173=CARTESIAN_POINT('',(-2.0,-2.25,-1.4));
#6174=VECTOR('',#6875,0.6);
#6175=CARTESIAN_POINT('',(-2.3,-2.85,-1.6));
#6176=VECTOR('',#6876,0.3605551275464);
#6177=CARTESIAN_POINT('',(-1.5,-2.85,-1.4));
#6178=CARTESIAN_POINT('',(-2.0,-2.85,-1.4));
#6179=VECTOR('',#6877,0.5);
#6180=CARTESIAN_POINT('',(-1.5,-2.85,-1.4));
#6181=VECTOR('',#6878,0.2);
#6182=CARTESIAN_POINT('',(-1.5,-2.25,-1.4));
#6183=VECTOR('',#6879,0.6);
#6184=CARTESIAN_POINT('',(1.09,-0.225,-0.075));
#6185=CARTESIAN_POINT('',(1.09,-1.975,-0.075));
#6186=VECTOR('',#6880,1.75);
#6187=CARTESIAN_POINT('',(1.09,-0.225,-0.875));
#6188=CARTESIAN_POINT('',(1.09,-0.225,-0.875));
#6189=VECTOR('',#6881,0.8);
#6190=CARTESIAN_POINT('',(1.09,-1.975,-0.875));
#6191=VECTOR('',#6882,1.75);
#6192=CARTESIAN_POINT('',(1.41,-0.225,-0.875));
#6193=CARTESIAN_POINT('',(1.41,-0.225,-0.875));
#6194=VECTOR('',#6883,0.32);
#6195=CARTESIAN_POINT('',(1.41,-1.975,-0.875));
#6196=VECTOR('',#6884,1.75);
#6197=CARTESIAN_POINT('',(1.41,-0.225,-0.075));
#6198=CARTESIAN_POINT('',(1.41,-0.225,-0.075));
#6199=VECTOR('',#6885,0.8);
#6200=CARTESIAN_POINT('',(1.41,-1.975,-0.075));
#6201=VECTOR('',#6886,1.75);
#6202=CARTESIAN_POINT('',(1.09,-0.225,-0.075));
#6203=VECTOR('',#6887,0.32);
#6204=CARTESIAN_POINT('',(1.31,0.275,-0.15));
#6205=CARTESIAN_POINT('',(1.41,-0.225,-0.075));
#6206=VECTOR('',#6888,0.5153882032022);
#6207=CARTESIAN_POINT('',(1.19,0.275,-0.15));
#6208=CARTESIAN_POINT('',(1.19,0.275,-0.15));
#6209=VECTOR('',#6889,0.12);
#6210=CARTESIAN_POINT('',(1.09,-0.225,-0.075));
#6211=VECTOR('',#6890,0.5153882032022);
#6212=CARTESIAN_POINT('',(1.19,0.275,-0.75));
#6213=CARTESIAN_POINT('',(1.19,0.275,-0.75));
#6214=VECTOR('',#6891,0.6);
#6215=CARTESIAN_POINT('',(1.09,-0.225,-0.875));
#6216=VECTOR('',#6892,0.525);
#6217=CARTESIAN_POINT('',(1.31,0.275,-0.75));
#6218=CARTESIAN_POINT('',(1.31,0.275,-0.75));
#6219=VECTOR('',#6893,0.12);
#6220=CARTESIAN_POINT('',(1.41,-0.225,-0.875));
#6221=VECTOR('',#6894,0.525);
#6222=CARTESIAN_POINT('',(1.31,0.275,-0.15));
#6223=VECTOR('',#6895,0.6);
#6224=CARTESIAN_POINT('',(-0.16,-0.225,-0.075));
#6225=CARTESIAN_POINT('',(-0.16,-1.975,-0.075));
#6226=VECTOR('',#6896,1.75);
#6227=CARTESIAN_POINT('',(-0.16,-0.225,-0.875));
#6228=CARTESIAN_POINT('',(-0.16,-0.225,-0.875));
#6229=VECTOR('',#6897,0.8);
#6230=CARTESIAN_POINT('',(-0.16,-1.975,-0.875));
#6231=VECTOR('',#6898,1.75);
#6232=CARTESIAN_POINT('',(0.16,-0.225,-0.875));
#6233=CARTESIAN_POINT('',(0.16,-0.225,-0.875));
#6234=VECTOR('',#6899,0.32);
#6235=CARTESIAN_POINT('',(0.16,-1.975,-0.875));
#6236=VECTOR('',#6900,1.75);
#6237=CARTESIAN_POINT('',(0.16,-0.225,-0.075));
#6238=CARTESIAN_POINT('',(0.16,-0.225,-0.075));
#6239=VECTOR('',#6901,0.8);
#6240=CARTESIAN_POINT('',(0.16,-1.975,-0.075));
#6241=VECTOR('',#6902,1.75);
#6242=CARTESIAN_POINT('',(-0.16,-0.225,-0.075));
#6243=VECTOR('',#6903,0.32);
#6244=CARTESIAN_POINT('',(0.06,0.275,-0.15));
#6245=CARTESIAN_POINT('',(0.16,-0.225,-0.075));
#6246=VECTOR('',#6904,0.5153882032022);
#6247=CARTESIAN_POINT('',(-0.06,0.275,-0.15));
#6248=CARTESIAN_POINT('',(-0.06,0.275,-0.15));
#6249=VECTOR('',#6905,0.12);
#6250=CARTESIAN_POINT('',(-0.16,-0.225,-0.075));
#6251=VECTOR('',#6906,0.5153882032022);
#6252=CARTESIAN_POINT('',(-0.06,0.275,-0.75));
#6253=CARTESIAN_POINT('',(-0.06,0.275,-0.75));
#6254=VECTOR('',#6907,0.6);
#6255=CARTESIAN_POINT('',(-0.16,-0.225,-0.875));
#6256=VECTOR('',#6908,0.525);
#6257=CARTESIAN_POINT('',(0.06,0.275,-0.75));
#6258=CARTESIAN_POINT('',(0.06,0.275,-0.75));
#6259=VECTOR('',#6909,0.12);
#6260=CARTESIAN_POINT('',(0.16,-0.225,-0.875));
#6261=VECTOR('',#6910,0.525);
#6262=CARTESIAN_POINT('',(0.06,0.275,-0.15));
#6263=VECTOR('',#6911,0.6);
#6264=CARTESIAN_POINT('',(-1.41,-0.225,-0.075));
#6265=CARTESIAN_POINT('',(-1.41,-1.975,-0.075));
#6266=VECTOR('',#6912,1.75);
#6267=CARTESIAN_POINT('',(-1.41,-0.225,-0.875));
#6268=VECTOR('',#6913,0.8);
#6269=CARTESIAN_POINT('',(-1.31,0.275,-0.15));
#6270=CARTESIAN_POINT('',(-1.41,-0.225,-0.075));
#6271=VECTOR('',#6914,0.5153882032022);
#6272=CARTESIAN_POINT('',(-1.31,0.275,-0.75));
#6273=VECTOR('',#6915,0.6);
#6274=CARTESIAN_POINT('',(-1.19,0.275,-0.15));
#6275=CARTESIAN_POINT('',(-1.31,0.275,-0.15));
#6276=VECTOR('',#6916,0.12);
#6277=CARTESIAN_POINT('',(-1.19,0.275,-0.15));
#6278=VECTOR('',#6917,0.6);
#6279=CARTESIAN_POINT('',(-1.09,-0.225,-0.075));
#6280=CARTESIAN_POINT('',(-1.09,-0.225,-0.075));
#6281=VECTOR('',#6918,0.5153882032022);
#6282=CARTESIAN_POINT('',(-1.09,-0.225,-0.075));
#6283=VECTOR('',#6919,0.8);
#6284=CARTESIAN_POINT('',(-1.09,-1.975,-0.075));
#6285=VECTOR('',#6920,1.75);
#6286=CARTESIAN_POINT('',(-1.41,-0.225,-0.075));
#6287=VECTOR('',#6921,0.32);
#6288=VERTEX_POINT('',#6922);
#6289=VERTEX_POINT('',#6923);
#6290=LINE('',#6924,#6925);
#6291=VERTEX_POINT('',#6926);
#6292=LINE('',#6927,#6928);
#6293=VERTEX_POINT('',#6929);
#6294=LINE('',#6930,#6931);
#6295=LINE('',#6932,#6933);
#6296=VERTEX_POINT('',#6934);
#6297=LINE('',#6935,#6936);
#6298=VERTEX_POINT('',#6937);
#6299=LINE('',#6938,#6939);
#6300=LINE('',#6940,#6941);
#6301=VERTEX_POINT('',#6942);
#6302=LINE('',#6943,#6944);
#6303=LINE('',#6945,#6946);
#6304=VERTEX_POINT('',#6947);
#6305=LINE('',#6948,#6949);
#6306=LINE('',#6950,#6951);
#6307=LINE('',#6952,#6953);
#6308=VERTEX_POINT('',#6954);
#6309=VERTEX_POINT('',#6955);
#6310=LINE('',#6956,#6957);
#6311=VERTEX_POINT('',#6958);
#6312=LINE('',#6959,#6960);
#6313=VERTEX_POINT('',#6961);
#6314=LINE('',#6962,#6963);
#6315=LINE('',#6964,#6965);
#6316=VERTEX_POINT('',#6966);
#6317=LINE('',#6967,#6968);
#6318=VERTEX_POINT('',#6969);
#6319=LINE('',#6970,#6971);
#6320=LINE('',#6972,#6973);
#6321=VERTEX_POINT('',#6974);
#6322=LINE('',#6975,#6976);
#6323=LINE('',#6977,#6978);
#6324=VERTEX_POINT('',#6979);
#6325=LINE('',#6980,#6981);
#6326=LINE('',#6982,#6983);
#6327=LINE('',#6984,#6985);
#6328=DIRECTION('',(0.190476190476193,0.952380952380964,0.238095238095191));
#6329=DIRECTION('',(-1.0,0.0,0.0));
#6330=DIRECTION('',(-0.190476190476193,0.952380952380964,0.238095238095191));
#6331=DIRECTION('',(-1.0,0.0,0.0));
#6332=DIRECTION('',(0.0,1.0,0.0));
#6333=DIRECTION('',(0.0,1.0,0.0));
#6334=DIRECTION('',(-1.0,0.0,0.0));
#6335=DIRECTION('',(1.0,0.0,0.0));
#6336=DIRECTION('',(0.0,0.0,1.0));
#6337=DIRECTION('',(-1.0,0.0,0.0));
#6338=DIRECTION('',(0.0,0.0,-1.0));
#6339=DIRECTION('',(1.0,0.0,0.0));
#6340=DIRECTION('',(0.0,0.0,-1.0));
#6341=DIRECTION('',(-1.0,0.0,0.0));
#6342=DIRECTION('',(0.0,0.0,-1.0));
#6343=DIRECTION('',(1.0,0.0,0.0));
#6344=DIRECTION('',(0.0,0.0,-1.0));
#6345=DIRECTION('',(1.0,0.0,0.0));
#6346=DIRECTION('',(0.0,0.0,-1.0));
#6347=DIRECTION('',(-1.0,0.0,0.0));
#6348=DIRECTION('',(0.0,0.0,-1.0));
#6349=DIRECTION('',(-1.0,0.0,0.0));
#6350=DIRECTION('',(0.0,0.0,1.0));
#6351=DIRECTION('',(-1.0,0.0,0.0));
#6352=DIRECTION('',(0.0,0.0,1.0));
#6353=DIRECTION('',(1.0,0.0,0.0));
#6354=DIRECTION('',(0.0,0.0,1.0));
#6355=DIRECTION('',(-1.0,0.0,0.0));
#6356=DIRECTION('',(0.0,0.0,-1.0));
#6357=DIRECTION('',(1.0,0.0,0.0));
#6358=DIRECTION('',(0.0,0.0,1.0));
#6359=DIRECTION('',(-1.0,0.0,0.0));
#6360=DIRECTION('',(0.0,0.0,-1.0));
#6361=DIRECTION('',(1.0,0.0,0.0));
#6362=DIRECTION('',(0.0,0.0,1.0));
#6363=DIRECTION('',(0.0,0.0,-1.0));
#6364=DIRECTION('',(1.0,0.0,0.0));
#6365=DIRECTION('',(0.0,0.0,1.0));
#6366=DIRECTION('',(0.0,-1.0,0.0));
#6367=DIRECTION('',(0.0,0.0,1.0));
#6368=DIRECTION('',(0.0,1.0,0.0));
#6369=DIRECTION('',(0.0,1.0,0.0));
#6370=DIRECTION('',(0.0,0.0,1.0));
#6371=DIRECTION('',(0.0,-1.0,0.0));
#6372=DIRECTION('',(0.0,0.0,1.0));
#6373=DIRECTION('',(0.0,0.707106781186548,0.707106781186548));
#6374=DIRECTION('',(0.0,-1.0,0.0));
#6375=DIRECTION('',(0.707106781186548,-0.707106781186548,0.0));
#6376=DIRECTION('',(0.0,-1.0,0.0));
#6377=DIRECTION('',(0.0,-1.0,0.0));
#6378=DIRECTION('',(0.0,0.0,1.0));
#6379=DIRECTION('',(-1.0,0.0,0.0));
#6380=DIRECTION('',(0.0,0.0,1.0));
#6381=DIRECTION('',(1.0,0.0,0.0));
#6382=DIRECTION('',(0.0,0.0,1.0));
#6383=DIRECTION('',(0.0,0.0,1.0));
#6384=DIRECTION('',(-1.0,0.0,0.0));
#6385=DIRECTION('',(0.0,0.0,1.0));
#6386=DIRECTION('',(-1.0,0.0,0.0));
#6387=DIRECTION('',(0.0,0.0,-1.0));
#6388=DIRECTION('',(0.0,0.0,-1.0));
#6389=DIRECTION('',(0.0,0.0,-1.0));
#6390=DIRECTION('',(1.0,0.0,0.0));
#6391=DIRECTION('',(0.0,0.0,-1.0));
#6392=DIRECTION('',(-1.0,0.0,0.0));
#6393=DIRECTION('',(0.0,0.0,1.0));
#6394=DIRECTION('',(0.0,-1.0,0.0));
#6395=DIRECTION('',(0.0,0.0,-1.0));
#6396=DIRECTION('',(0.0,-1.0,0.0));
#6397=DIRECTION('',(0.0,-0.707106781186548,0.707106781186548));
#6398=DIRECTION('',(0.577350269189626,-0.577350269189626,0.577350269189626));
#6399=DIRECTION('',(-1.0,0.0,0.0));
#6400=DIRECTION('',(-1.0,0.0,0.0));
#6401=DIRECTION('',(-0.577350269189626,-0.577350269189626,0.577350269189626));
#6402=DIRECTION('',(0.0,-0.707106781186548,0.707106781186548));
#6403=DIRECTION('',(0.0,-1.0,0.0));
#6404=DIRECTION('',(0.0,-1.0,0.0));
#6405=DIRECTION('',(1.0,0.0,0.0));
#6406=DIRECTION('',(0.0,1.0,0.0));
#6407=DIRECTION('',(1.0,0.0,0.0));
#6408=DIRECTION('',(0.0,1.0,0.0));
#6409=DIRECTION('',(1.0,0.0,0.0));
#6410=DIRECTION('',(0.124034734589196,0.0,0.992277876713669));
#6411=DIRECTION('',(1.0,0.0,0.0));
#6412=DIRECTION('',(1.0,0.0,0.0));
#6413=DIRECTION('',(0.124034734589196,0.0,-0.992277876713669));
#6414=DIRECTION('',(0.0,0.0,-1.0));
#6415=DIRECTION('',(0.0,1.0,0.0));
#6416=DIRECTION('',(1.0,0.0,0.0));
#6417=DIRECTION('',(0.0,1.0,0.0));
#6418=DIRECTION('',(0.0,-1.0,0.0));
#6419=DIRECTION('',(0.0,1.0,0.0));
#6420=DIRECTION('',(0.707106781186548,-0.707106781186548,0.0));
#6421=DIRECTION('',(1.0,0.0,0.0));
#6422=DIRECTION('',(0.0,-1.0,0.0));
#6423=DIRECTION('',(-0.707106781186548,-0.707106781186548,0.0));
#6424=DIRECTION('',(-1.0,0.0,0.0));
#6425=DIRECTION('',(0.0,-1.0,0.0));
#6426=DIRECTION('',(-1.0,0.0,0.0));
#6427=DIRECTION('',(0.0,-1.0,0.0));
#6428=DIRECTION('',(1.0,0.0,0.0));
#6429=DIRECTION('',(0.0,1.0,0.0));
#6430=DIRECTION('',(0.0,1.0,0.0));
#6431=DIRECTION('',(-1.0,0.0,0.0));
#6432=DIRECTION('',(0.0,1.0,0.0));
#6433=DIRECTION('',(-1.0,0.0,0.0));
#6434=DIRECTION('',(0.0,-1.0,0.0));
#6435=DIRECTION('',(1.0,0.0,0.0));
#6436=DIRECTION('',(0.0,1.0,0.0));
#6437=DIRECTION('',(-1.0,0.0,0.0));
#6438=DIRECTION('',(0.0,-1.0,0.0));
#6439=DIRECTION('',(1.0,0.0,0.0));
#6440=DIRECTION('',(0.0,1.0,0.0));
#6441=DIRECTION('',(-1.0,0.0,0.0));
#6442=DIRECTION('',(0.0,-1.0,0.0));
#6443=DIRECTION('',(1.0,0.0,0.0));
#6444=DIRECTION('',(0.0,1.0,0.0));
#6445=DIRECTION('',(-1.0,0.0,0.0));
#6446=DIRECTION('',(0.0,1.0,0.0));
#6447=DIRECTION('',(-1.0,0.0,0.0));
#6448=DIRECTION('',(0.0,1.0,0.0));
#6449=DIRECTION('',(0.0,-1.0,0.0));
#6450=DIRECTION('',(1.0,0.0,0.0));
#6451=DIRECTION('',(0.0,1.0,0.0));
#6452=DIRECTION('',(-1.0,0.0,0.0));
#6453=DIRECTION('',(0.0,1.0,0.0));
#6454=DIRECTION('',(-1.0,0.0,0.0));
#6455=DIRECTION('',(-0.707106781186548,0.707106781186548,0.0));
#6456=DIRECTION('',(0.0,1.0,0.0));
#6457=DIRECTION('',(1.0,0.0,0.0));
#6458=DIRECTION('',(0.707106781186498,0.707106781186597,0.0));
#6459=DIRECTION('',(0.0,1.0,0.0));
#6460=DIRECTION('',(0.0,1.0,0.0));
#6461=DIRECTION('',(1.0,0.0,0.0));
#6462=DIRECTION('',(0.0,1.0,0.0));
#6463=DIRECTION('',(1.0,0.0,0.0));
#6464=DIRECTION('',(0.0,1.0,0.0));
#6465=DIRECTION('',(1.0,0.0,0.0));
#6466=DIRECTION('',(0.0,1.0,0.0));
#6467=DIRECTION('',(1.0,0.0,0.0));
#6468=DIRECTION('',(0.0,1.0,0.0));
#6469=DIRECTION('',(1.0,0.0,0.0));
#6470=DIRECTION('',(0.0,1.0,0.0));
#6471=DIRECTION('',(1.0,0.0,0.0));
#6472=DIRECTION('',(0.0,1.0,0.0));
#6473=DIRECTION('',(1.0,0.0,0.0));
#6474=DIRECTION('',(0.0,1.0,0.0));
#6475=DIRECTION('',(1.0,0.0,0.0));
#6476=DIRECTION('',(0.0,0.0,1.0));
#6477=DIRECTION('',(0.0,-1.0,0.0));
#6478=DIRECTION('',(0.0,0.0,1.0));
#6479=DIRECTION('',(0.0,0.0,1.0));
#6480=DIRECTION('',(0.0,1.0,0.0));
#6481=DIRECTION('',(0.0,0.0,1.0));
#6482=DIRECTION('',(0.0,1.0,0.0));
#6483=DIRECTION('',(0.0,0.0,1.0));
#6484=DIRECTION('',(0.0,1.0,0.0));
#6485=DIRECTION('',(0.0,-1.0,0.0));
#6486=DIRECTION('',(0.0,0.0,1.0));
#6487=DIRECTION('',(0.0,-1.0,0.0));
#6488=DIRECTION('',(1.0,0.0,0.0));
#6489=DIRECTION('',(0.707106781186548,-0.707106781186548,0.0));
#6490=DIRECTION('',(-0.707106781186548,-0.707106781186548,0.0));
#6491=DIRECTION('',(0.0,-1.0,0.0));
#6492=DIRECTION('',(1.0,0.0,0.0));
#6493=DIRECTION('',(0.0,-1.0,0.0));
#6494=DIRECTION('',(0.707106781186548,-0.707106781186548,0.0));
#6495=DIRECTION('',(-1.0,0.0,0.0));
#6496=DIRECTION('',(0.0,0.0,1.0));
#6497=DIRECTION('',(-1.0,0.0,0.0));
#6498=DIRECTION('',(0.0,0.707106781186548,0.707106781186548));
#6499=DIRECTION('',(-1.0,0.0,0.0));
#6500=DIRECTION('',(0.0,-1.0,0.0));
#6501=DIRECTION('',(0.0,-1.0,0.0));
#6502=DIRECTION('',(0.0,0.0,1.0));
#6503=DIRECTION('',(0.0,-1.0,0.0));
#6504=DIRECTION('',(0.0,1.0,0.0));
#6505=DIRECTION('',(0.0,0.0,-1.0));
#6506=DIRECTION('',(0.0,1.0,0.0));
#6507=DIRECTION('',(0.0,0.0,1.0));
#6508=DIRECTION('',(0.0,1.0,0.0));
#6509=DIRECTION('',(0.0,0.0,-1.0));
#6510=DIRECTION('',(0.0,0.0,1.0));
#6511=DIRECTION('',(0.0,-1.0,0.0));
#6512=DIRECTION('',(0.0,0.0,1.0));
#6513=DIRECTION('',(0.707106781186548,-0.707106781186548,0.0));
#6514=DIRECTION('',(0.0,0.0,1.0));
#6515=DIRECTION('',(1.0,0.0,0.0));
#6516=DIRECTION('',(0.0,0.0,1.0));
#6517=DIRECTION('',(0.0,-1.0,0.0));
#6518=DIRECTION('',(0.0,0.0,1.0));
#6519=DIRECTION('',(-0.707106781186548,-0.707106781186548,0.0));
#6520=DIRECTION('',(0.0,0.0,1.0));
#6521=DIRECTION('',(0.0,0.0,1.0));
#6522=DIRECTION('',(-1.0,0.0,0.0));
#6523=DIRECTION('',(-1.0,0.0,0.0));
#6524=DIRECTION('',(-1.0,0.0,0.0));
#6525=DIRECTION('',(0.0,0.0,-1.0));
#6526=DIRECTION('',(-1.0,0.0,0.0));
#6527=DIRECTION('',(0.0,1.0,0.0));
#6528=CARTESIAN_POINT('',(3.27,-3.425,0.6));
#6529=DIRECTION('',(0.0,0.0,-1.0));
#6530=DIRECTION('',(0.0,-1.0,0.0));
#6531=DIRECTION('',(-1.0,0.0,0.0));
#6532=DIRECTION('',(0.0,-1.0,0.0));
#6533=DIRECTION('',(1.0,0.0,0.0));
#6534=CARTESIAN_POINT('',(3.27,-3.425,0.6));
#6535=DIRECTION('',(0.0,0.0,1.0));
#6536=DIRECTION('',(-1.0,0.0,0.0));
#6537=DIRECTION('',(0.0,-1.0,0.0));
#6538=DIRECTION('',(0.0,1.0,0.0));
#6539=CARTESIAN_POINT('',(-3.27,-3.425,0.6));
#6540=DIRECTION('',(0.0,0.0,1.0));
#6541=DIRECTION('',(0.0,-1.0,0.0));
#6542=DIRECTION('',(1.0,0.0,0.0));
#6543=DIRECTION('',(0.0,1.0,0.0));
#6544=DIRECTION('',(-1.0,0.0,0.0));
#6545=CARTESIAN_POINT('',(-3.27,-3.425,0.6));
#6546=DIRECTION('',(0.0,0.0,-1.0));
#6547=DIRECTION('',(1.0,0.0,0.0));
#6548=DIRECTION('',(0.0,-1.0,0.0));
#6549=DIRECTION('',(-1.0,0.0,0.0));
#6550=DIRECTION('',(0.0,-0.707106781186548,-0.707106781186548));
#6551=DIRECTION('',(0.0,-1.0,0.0));
#6552=DIRECTION('',(0.0,0.0,1.0));
#6553=DIRECTION('',(0.0,1.0,0.0));
#6554=DIRECTION('',(0.0,0.0,1.0));
#6555=DIRECTION('',(0.0,-1.0,1.33226762955E-14));
#6556=DIRECTION('',(-0.577350269189626,0.577350269189626,0.577350269189626));
#6557=DIRECTION('',(-0.577350269189626,0.577350269189626,0.577350269189626));
#6558=CARTESIAN_POINT('',(3.27,-2.455,-1.6));
#6559=DIRECTION('',(0.0,-0.0,1.0));
#6560=DIRECTION('',(0.0,1.0,0.0));
#6561=DIRECTION('',(0.0,0.0,1.0));
#6562=DIRECTION('',(-0.577350269189626,0.577350269189626,0.577350269189626));
#6563=DIRECTION('',(-1.0,0.0,0.0));
#6564=DIRECTION('',(-1.0,0.0,0.0));
#6565=DIRECTION('',(0.0,0.0,1.0));
#6566=DIRECTION('',(0.0,-1.0,0.0));
#6567=DIRECTION('',(0.0,0.0,1.0));
#6568=DIRECTION('',(0.0,-1.0,0.0));
#6569=DIRECTION('',(-0.577350269189626,-0.577350269189626,0.577350269189626));
#6570=DIRECTION('',(1.0,0.0,0.0));
#6571=DIRECTION('',(0.577350269189626,-0.577350269189626,0.577350269189626));
#6572=DIRECTION('',(1.0,0.0,0.0));
#6573=DIRECTION('',(1.0,0.0,0.0));
#6574=DIRECTION('',(0.0,0.0,1.0));
#6575=DIRECTION('',(0.0,0.0,-1.0));
#6576=CARTESIAN_POINT('',(3.27,-2.455,-1.6));
#6577=DIRECTION('',(0.0,0.0,-1.0));
#6578=DIRECTION('',(-1.0,0.0,0.0));
#6579=DIRECTION('',(0.0,0.0,1.0));
#6580=DIRECTION('',(0.0,0.0,-1.0));
#6581=CARTESIAN_POINT('',(3.27,-2.455,-1.1));
#6582=DIRECTION('',(0.0,0.0,-1.0));
#6583=DIRECTION('',(-1.0,0.0,0.0));
#6584=DIRECTION('',(0.0,1.0,0.0));
#6585=DIRECTION('',(1.0,0.0,0.0));
#6586=DIRECTION('',(1.0,0.0,0.0));
#6587=DIRECTION('',(0.0,-1.0,0.0));
#6588=CARTESIAN_POINT('',(-3.27,-2.455,-1.1));
#6589=DIRECTION('',(0.0,0.0,-1.0));
#6590=DIRECTION('',(0.0,1.0,0.0));
#6591=DIRECTION('',(0.0,0.0,1.0));
#6592=DIRECTION('',(0.0,1.0,0.0));
#6593=DIRECTION('',(0.577350269189626,0.577350269189626,0.577350269189626));
#6594=DIRECTION('',(0.0,1.0,0.0));
#6595=DIRECTION('',(0.0,1.0,-1.33226762955E-14));
#6596=DIRECTION('',(0.0,0.0,1.0));
#6597=DIRECTION('',(0.0,1.0,0.0));
#6598=DIRECTION('',(0.0,-0.707106781186548,-0.707106781186548));
#6599=DIRECTION('',(0.0,0.0,1.0));
#6600=CARTESIAN_POINT('',(3.27,-3.425,-1.6));
#6601=DIRECTION('',(0.0,0.0,-1.0));
#6602=DIRECTION('',(0.0,-1.0,0.0));
#6603=CARTESIAN_POINT('',(3.27,-3.425,-1.6));
#6604=DIRECTION('',(0.0,0.0,1.0));
#6605=DIRECTION('',(-1.0,0.0,0.0));
#6606=DIRECTION('',(1.0,0.0,0.0));
#6607=DIRECTION('',(0.0,-1.0,0.0));
#6608=DIRECTION('',(-1.0,0.0,0.0));
#6609=DIRECTION('',(0.0,-1.0,1.33226762955E-14));
#6610=CARTESIAN_POINT('',(-3.27,-3.425,-1.6));
#6611=DIRECTION('',(0.0,0.0,-1.0));
#6612=DIRECTION('',(1.0,0.0,0.0));
#6613=DIRECTION('',(-1.0,0.0,0.0));
#6614=DIRECTION('',(0.0,1.0,0.0));
#6615=DIRECTION('',(1.0,0.0,0.0));
#6616=CARTESIAN_POINT('',(-3.27,-3.425,-1.6));
#6617=DIRECTION('',(0.0,0.0,1.0));
#6618=DIRECTION('',(0.0,-1.0,0.0));
#6619=DIRECTION('',(0.0,1.0,-1.33226762955E-14));
#6620=DIRECTION('',(0.0,1.0,0.0));
#6621=CARTESIAN_POINT('',(-3.27,-2.455,-1.6));
#6622=DIRECTION('',(0.0,0.0,1.0));
#6623=DIRECTION('',(1.0,0.0,0.0));
#6624=DIRECTION('',(-1.0,0.0,0.0));
#6625=DIRECTION('',(0.0,1.0,0.0));
#6626=DIRECTION('',(1.0,0.0,0.0));
#6627=CARTESIAN_POINT('',(-3.27,-2.455,-1.6));
#6628=DIRECTION('',(0.0,0.0,-1.0));
#6629=DIRECTION('',(0.0,1.0,0.0));
#6630=DIRECTION('',(0.0,-1.0,0.0));
#6631=DIRECTION('',(0.707106781186548,0.0,0.707106781186548));
#6632=DIRECTION('',(0.0,0.0,1.0));
#6633=DIRECTION('',(0.707106781186548,0.0,-0.707106781186548));
#6634=DIRECTION('',(0.0,-1.0,0.0));
#6635=DIRECTION('',(0.707106781186548,0.0,-0.707106781186548));
#6636=DIRECTION('',(0.0,0.0,1.0));
#6637=DIRECTION('',(0.0,0.0,1.0));
#6638=DIRECTION('',(0.707106781186548,0.0,0.707106781186548));
#6639=DIRECTION('',(0.0,-1.0,0.0));
#6640=DIRECTION('',(0.0,0.0,1.0));
#6641=DIRECTION('',(0.0,0.0,-1.0));
#6642=DIRECTION('',(0.0,0.0,1.0));
#6643=DIRECTION('',(0.0,1.0,0.0));
#6644=DIRECTION('',(0.0,-0.707106781186548,-0.707106781186548));
#6645=DIRECTION('',(-1.0,0.0,0.0));
#6646=DIRECTION('',(-1.0,0.0,0.0));
#6647=DIRECTION('',(0.0,0.0,1.0));
#6648=DIRECTION('',(-1.0,0.0,0.0));
#6649=DIRECTION('',(0.0,0.0,1.0));
#6650=DIRECTION('',(0.0,1.0,0.0));
#6651=DIRECTION('',(0.0,0.0,1.0));
#6652=DIRECTION('',(0.0,-0.707106781186548,-0.707106781186548));
#6653=DIRECTION('',(0.0,0.0,1.0));
#6654=DIRECTION('',(-0.577350269189626,0.577350269189626,0.577350269189626));
#6655=DIRECTION('',(0.577350269189626,0.577350269189626,0.577350269189626));
#6656=DIRECTION('',(0.0,-1.0,0.0));
#6657=DIRECTION('',(-0.577350269189626,-0.577350269189626,0.577350269189626));
#6658=DIRECTION('',(0.577350269189626,-0.577350269189626,0.577350269189626));
#6659=DIRECTION('',(1.0,0.0,0.0));
#6660=DIRECTION('',(1.0,0.0,0.0));
#6661=DIRECTION('',(0.0,0.0,1.0));
#6662=DIRECTION('',(0.0,0.0,1.0));
#6663=DIRECTION('',(0.0,0.0,1.0));
#6664=DIRECTION('',(0.0,1.0,0.0));
#6665=DIRECTION('',(0.577350269189626,0.577350269189626,0.577350269189626));
#6666=DIRECTION('',(0.577350269189626,0.577350269189626,0.577350269189626));
#6667=DIRECTION('',(-1.0,0.0,0.0));
#6668=DIRECTION('',(-2.22044604925E-14,0.0,1.0));
#6669=DIRECTION('',(0.0,0.0,-1.0));
#6670=DIRECTION('',(0.0,0.0,-1.0));
#6671=DIRECTION('',(0.0,0.0,1.0));
#6672=DIRECTION('',(0.0,0.0,1.0));
#6673=DIRECTION('',(-0.707106781186548,0.0,0.707106781186548));
#6674=DIRECTION('',(0.0,0.0,1.0));
#6675=DIRECTION('',(-0.707106781186548,0.0,-0.707106781186548));
#6676=DIRECTION('',(0.0,1.0,0.0));
#6677=DIRECTION('',(-0.707106781186548,0.0,-0.707106781186548));
#6678=DIRECTION('',(0.0,0.0,1.0));
#6679=DIRECTION('',(0.0,0.0,1.0));
#6680=DIRECTION('',(-0.707106781186548,0.0,0.707106781186548));
#6681=DIRECTION('',(0.0,1.0,0.0));
#6682=DIRECTION('',(-0.707106781186548,0.707106781186548,0.0));
#6683=DIRECTION('',(0.0,0.0,1.0));
#6684=DIRECTION('',(0.0,1.0,0.0));
#6685=DIRECTION('',(0.0,0.0,1.0));
#6686=DIRECTION('',(1.0,0.0,0.0));
#6687=DIRECTION('',(0.0,0.0,1.0));
#6688=DIRECTION('',(0.707106781186498,0.707106781186597,0.0));
#6689=DIRECTION('',(0.0,0.0,-1.0));
#6690=DIRECTION('',(1.0,0.0,0.0));
#6691=DIRECTION('',(1.0,0.0,0.0));
#6692=DIRECTION('',(1.0,0.0,0.0));
#6693=DIRECTION('',(0.0,0.0,-1.0));
#6694=DIRECTION('',(1.0,0.0,0.0));
#6695=DIRECTION('',(0.0,0.0,-1.0));
#6696=DIRECTION('',(1.0,0.0,0.0));
#6697=DIRECTION('',(0.0,0.0,-1.0));
#6698=DIRECTION('',(1.0,0.0,0.0));
#6699=DIRECTION('',(1.0,0.0,0.0));
#6700=DIRECTION('',(0.0,1.0,0.0));
#6701=DIRECTION('',(0.0,1.0,0.0));
#6702=DIRECTION('',(1.0,0.0,0.0));
#6703=DIRECTION('',(0.0,0.0,1.0));
#6704=DIRECTION('',(0.0,1.0,0.0));
#6705=DIRECTION('',(0.0,0.0,1.0));
#6706=DIRECTION('',(0.0,1.0,0.0));
#6707=DIRECTION('',(1.0,0.0,0.0));
#6708=DIRECTION('',(0.0,-1.0,0.0));
#6709=DIRECTION('',(-1.0,0.0,0.0));
#6710=DIRECTION('',(0.0,1.0,0.0));
#6711=DIRECTION('',(1.0,0.0,0.0));
#6712=DIRECTION('',(0.0,-1.0,0.0));
#6713=DIRECTION('',(-1.0,0.0,0.0));
#6714=DIRECTION('',(0.0,1.0,0.0));
#6715=DIRECTION('',(1.0,0.0,0.0));
#6716=DIRECTION('',(0.0,-1.0,0.0));
#6717=DIRECTION('',(-1.0,0.0,0.0));
#6718=DIRECTION('',(0.0,1.0,0.0));
#6719=DIRECTION('',(-1.0,0.0,0.0));
#6720=DIRECTION('',(0.0,1.0,0.0));
#6721=DIRECTION('',(0.0,0.0,1.0));
#6722=DIRECTION('',(0.0,0.0,1.0));
#6723=DIRECTION('',(0.0,0.0,1.0));
#6724=DIRECTION('',(1.0,0.0,0.0));
#6725=DIRECTION('',(0.0,0.0,-1.0));
#6726=DIRECTION('',(1.0,0.0,0.0));
#6727=DIRECTION('',(0.0,0.0,-1.0));
#6728=DIRECTION('',(0.0,0.0,1.0));
#6729=DIRECTION('',(0.0,0.0,1.0));
#6730=DIRECTION('',(0.0,0.0,1.0));
#6731=DIRECTION('',(0.0,0.0,1.0));
#6732=DIRECTION('',(0.0,0.0,1.0));
#6733=DIRECTION('',(0.0,0.0,1.0));
#6734=DIRECTION('',(0.0,0.0,1.0));
#6735=DIRECTION('',(0.0,0.0,1.0));
#6736=DIRECTION('',(1.0,0.0,0.0));
#6737=DIRECTION('',(0.0,0.0,-1.0));
#6738=DIRECTION('',(1.0,0.0,0.0));
#6739=DIRECTION('',(0.0,0.0,-1.0));
#6740=DIRECTION('',(0.0,-0.500000000000017,0.866025403784429));
#6741=DIRECTION('',(0.0,0.0,1.0));
#6742=DIRECTION('',(0.0,-0.707106781186548,0.707106781186548));
#6743=DIRECTION('',(0.0,-1.0,0.0));
#6744=DIRECTION('',(0.0,-0.707106781186548,-0.707106781186548));
#6745=DIRECTION('',(0.0,0.0,-1.0));
#6746=DIRECTION('',(0.0,0.500000000000017,-0.866025403784429));
#6747=DIRECTION('',(0.0,0.0,-1.0));
#6748=DIRECTION('',(0.0,1.0,0.0));
#6749=DIRECTION('',(-1.0,0.0,0.0));
#6750=DIRECTION('',(0.0,1.0,0.0));
#6751=DIRECTION('',(0.0,0.0,-1.0));
#6752=DIRECTION('',(0.0,0.500000000000017,-0.866025403784429));
#6753=DIRECTION('',(0.0,0.0,-1.0));
#6754=DIRECTION('',(0.0,-0.707106781186548,-0.707106781186548));
#6755=DIRECTION('',(0.0,-1.0,0.0));
#6756=DIRECTION('',(0.0,-0.707106781186548,0.707106781186548));
#6757=DIRECTION('',(0.0,0.0,1.0));
#6758=DIRECTION('',(0.0,-0.500000000000017,0.866025403784429));
#6759=DIRECTION('',(-1.0,0.0,0.0));
#6760=DIRECTION('',(-1.0,0.0,0.0));
#6761=DIRECTION('',(-1.0,0.0,0.0));
#6762=DIRECTION('',(-1.0,0.0,0.0));
#6763=DIRECTION('',(-1.0,0.0,0.0));
#6764=DIRECTION('',(-1.0,0.0,0.0));
#6765=DIRECTION('',(-1.0,0.0,0.0));
#6766=DIRECTION('',(0.0,1.0,0.0));
#6767=DIRECTION('',(0.0,0.0,1.0));
#6768=DIRECTION('',(1.0,0.0,0.0));
#6769=DIRECTION('',(1.0,0.0,0.0));
#6770=DIRECTION('',(0.0,0.0,1.0));
#6771=DIRECTION('',(0.0,0.0,1.0));
#6772=DIRECTION('',(1.0,0.0,0.0));
#6773=DIRECTION('',(0.0,0.0,-1.0));
#6774=DIRECTION('',(1.0,0.0,0.0));
#6775=DIRECTION('',(0.0,0.0,-1.0));
#6776=DIRECTION('',(0.0,-0.500000000000017,0.866025403784429));
#6777=DIRECTION('',(0.0,0.0,1.0));
#6778=DIRECTION('',(0.0,-0.707106781186548,0.707106781186548));
#6779=DIRECTION('',(0.0,-1.0,0.0));
#6780=DIRECTION('',(0.0,-0.707106781186548,-0.707106781186548));
#6781=DIRECTION('',(0.0,0.0,-1.0));
#6782=DIRECTION('',(0.0,0.500000000000017,-0.866025403784429));
#6783=DIRECTION('',(0.0,0.0,-1.0));
#6784=DIRECTION('',(0.0,1.0,0.0));
#6785=DIRECTION('',(-1.0,0.0,0.0));
#6786=DIRECTION('',(0.0,1.0,0.0));
#6787=DIRECTION('',(0.0,0.0,-1.0));
#6788=DIRECTION('',(0.0,0.500000000000017,-0.866025403784429));
#6789=DIRECTION('',(0.0,0.0,-1.0));
#6790=DIRECTION('',(0.0,-0.707106781186548,-0.707106781186548));
#6791=DIRECTION('',(0.0,-1.0,0.0));
#6792=DIRECTION('',(0.0,-0.707106781186548,0.707106781186548));
#6793=DIRECTION('',(0.0,0.0,1.0));
#6794=DIRECTION('',(0.0,-0.500000000000017,0.866025403784429));
#6795=DIRECTION('',(-1.0,0.0,0.0));
#6796=DIRECTION('',(-1.0,0.0,0.0));
#6797=DIRECTION('',(-1.0,0.0,0.0));
#6798=DIRECTION('',(-1.0,0.0,0.0));
#6799=DIRECTION('',(-1.0,0.0,0.0));
#6800=DIRECTION('',(-1.0,0.0,0.0));
#6801=DIRECTION('',(-1.0,0.0,0.0));
#6802=DIRECTION('',(0.0,-0.500000000000017,0.866025403784429));
#6803=DIRECTION('',(0.0,0.0,1.0));
#6804=DIRECTION('',(0.0,-0.707106781186548,0.707106781186548));
#6805=DIRECTION('',(0.0,-1.0,0.0));
#6806=DIRECTION('',(0.0,-0.707106781186548,-0.707106781186548));
#6807=DIRECTION('',(0.0,0.0,-1.0));
#6808=DIRECTION('',(0.0,0.500000000000017,-0.866025403784429));
#6809=DIRECTION('',(0.0,0.0,-1.0));
#6810=DIRECTION('',(0.0,1.0,0.0));
#6811=DIRECTION('',(-1.0,0.0,0.0));
#6812=DIRECTION('',(0.0,1.0,0.0));
#6813=DIRECTION('',(0.0,0.0,-1.0));
#6814=DIRECTION('',(0.0,0.500000000000017,-0.866025403784429));
#6815=DIRECTION('',(0.0,0.0,-1.0));
#6816=DIRECTION('',(0.0,-0.707106781186548,-0.707106781186548));
#6817=DIRECTION('',(0.0,-1.0,0.0));
#6818=DIRECTION('',(0.0,-0.707106781186548,0.707106781186548));
#6819=DIRECTION('',(0.0,0.0,1.0));
#6820=DIRECTION('',(0.0,-0.500000000000017,0.866025403784429));
#6821=DIRECTION('',(-1.0,0.0,0.0));
#6822=DIRECTION('',(-1.0,0.0,0.0));
#6823=DIRECTION('',(-1.0,0.0,0.0));
#6824=DIRECTION('',(-1.0,0.0,0.0));
#6825=DIRECTION('',(-1.0,0.0,0.0));
#6826=DIRECTION('',(-1.0,0.0,0.0));
#6827=DIRECTION('',(-1.0,0.0,0.0));
#6828=DIRECTION('',(0.0,-1.0,0.0));
#6829=DIRECTION('',(1.0,0.0,0.0));
#6830=DIRECTION('',(0.0,0.0,1.0));
#6831=DIRECTION('',(1.0,0.0,0.0));
#6832=DIRECTION('',(0.0,0.0,-1.0));
#6833=DIRECTION('',(0.0,0.707106781186548,0.707106781186548));
#6834=DIRECTION('',(0.0,-1.0,0.0));
#6835=DIRECTION('',(0.0,-1.0,0.0));
#6836=DIRECTION('',(1.0,0.0,0.0));
#6837=DIRECTION('',(0.0,0.707106781186548,0.707106781186548));
#6838=DIRECTION('',(0.0,0.0,-1.0));
#6839=DIRECTION('',(0.0,1.0,0.0));
#6840=DIRECTION('',(0.0,0.0,-1.0));
#6841=DIRECTION('',(0.0,1.0,0.0));
#6842=DIRECTION('',(-0.707106781186548,-0.707106781186548,0.0));
#6843=DIRECTION('',(0.0,-1.0,0.0));
#6844=DIRECTION('',(0.0,-1.0,0.0));
#6845=DIRECTION('',(-0.707106781186548,-0.707106781186548,0.0));
#6846=DIRECTION('',(0.124034734589196,0.0,-0.992277876713669));
#6847=DIRECTION('',(0.124034734589196,0.0,0.992277876713669));
#6848=DIRECTION('',(0.0,0.0,-1.0));
#6849=DIRECTION('',(1.0,0.0,0.0));
#6850=DIRECTION('',(0.832050294337844,0.0,0.554700196225229));
#6851=DIRECTION('',(0.0,-1.0,0.0));
#6852=DIRECTION('',(0.832050294337844,0.0,0.554700196225229));
#6853=DIRECTION('',(1.0,0.0,0.0));
#6854=DIRECTION('',(0.0,0.0,-1.0));
#6855=DIRECTION('',(0.0,-1.0,0.0));
#6856=DIRECTION('',(0.0,0.0,-1.0));
#6857=DIRECTION('',(1.0,0.0,0.0));
#6858=DIRECTION('',(0.832050294337844,0.0,0.554700196225229));
#6859=DIRECTION('',(0.0,-1.0,0.0));
#6860=DIRECTION('',(0.832050294337844,0.0,0.554700196225229));
#6861=DIRECTION('',(1.0,0.0,0.0));
#6862=DIRECTION('',(0.0,0.0,-1.0));
#6863=DIRECTION('',(0.0,-1.0,0.0));
#6864=DIRECTION('',(0.0,0.0,-1.0));
#6865=DIRECTION('',(1.0,0.0,0.0));
#6866=DIRECTION('',(0.832050294337844,0.0,0.554700196225229));
#6867=DIRECTION('',(0.0,-1.0,0.0));
#6868=DIRECTION('',(0.832050294337844,0.0,0.554700196225229));
#6869=DIRECTION('',(1.0,0.0,0.0));
#6870=DIRECTION('',(0.0,0.0,-1.0));
#6871=DIRECTION('',(0.0,-1.0,0.0));
#6872=DIRECTION('',(0.0,0.0,-1.0));
#6873=DIRECTION('',(1.0,0.0,0.0));
#6874=DIRECTION('',(0.832050294337844,0.0,0.554700196225229));
#6875=DIRECTION('',(0.0,-1.0,0.0));
#6876=DIRECTION('',(0.832050294337844,0.0,0.554700196225229));
#6877=DIRECTION('',(1.0,0.0,0.0));
#6878=DIRECTION('',(0.0,0.0,-1.0));
#6879=DIRECTION('',(0.0,-1.0,0.0));
#6880=DIRECTION('',(0.0,1.0,0.0));
#6881=DIRECTION('',(0.0,0.0,1.0));
#6882=DIRECTION('',(0.0,1.0,0.0));
#6883=DIRECTION('',(-1.0,0.0,0.0));
#6884=DIRECTION('',(0.0,1.0,0.0));
#6885=DIRECTION('',(0.0,0.0,-1.0));
#6886=DIRECTION('',(0.0,1.0,0.0));
#6887=DIRECTION('',(1.0,0.0,0.0));
#6888=DIRECTION('',(-0.194028500029105,0.970142500145324,-0.145521375021804));
#6889=DIRECTION('',(1.0,0.0,0.0));
#6890=DIRECTION('',(0.194028500029105,0.970142500145324,-0.145521375021804));
#6891=DIRECTION('',(0.0,0.0,1.0));
#6892=DIRECTION('',(0.190476190476193,0.952380952380964,0.238095238095191));
#6893=DIRECTION('',(-1.0,0.0,0.0));
#6894=DIRECTION('',(-0.190476190476193,0.952380952380964,0.238095238095191));
#6895=DIRECTION('',(0.0,0.0,-1.0));
#6896=DIRECTION('',(0.0,1.0,0.0));
#6897=DIRECTION('',(0.0,0.0,1.0));
#6898=DIRECTION('',(0.0,1.0,0.0));
#6899=DIRECTION('',(-1.0,0.0,0.0));
#6900=DIRECTION('',(0.0,1.0,0.0));
#6901=DIRECTION('',(0.0,0.0,-1.0));
#6902=DIRECTION('',(0.0,1.0,0.0));
#6903=DIRECTION('',(1.0,0.0,0.0));
#6904=DIRECTION('',(-0.194028500029105,0.970142500145324,-0.145521375021804));
#6905=DIRECTION('',(1.0,0.0,0.0));
#6906=DIRECTION('',(0.194028500029105,0.970142500145324,-0.145521375021804));
#6907=DIRECTION('',(0.0,0.0,1.0));
#6908=DIRECTION('',(0.190476190476193,0.952380952380964,0.238095238095191));
#6909=DIRECTION('',(-1.0,0.0,0.0));
#6910=DIRECTION('',(-0.190476190476193,0.952380952380964,0.238095238095191));
#6911=DIRECTION('',(0.0,0.0,-1.0));
#6912=DIRECTION('',(0.0,1.0,0.0));
#6913=DIRECTION('',(0.0,0.0,1.0));
#6914=DIRECTION('',(0.194028500029105,0.970142500145324,-0.145521375021804));
#6915=DIRECTION('',(0.0,0.0,1.0));
#6916=DIRECTION('',(1.0,0.0,0.0));
#6917=DIRECTION('',(0.0,0.0,-1.0));
#6918=DIRECTION('',(-0.194028500029105,0.970142500145324,-0.145521375021804));
#6919=DIRECTION('',(0.0,0.0,-1.0));
#6920=DIRECTION('',(0.0,1.0,0.0));
#6921=DIRECTION('',(1.0,0.0,0.0));
#6922=CARTESIAN_POINT('',(3.95,-1.35,-1.3));
#6923=CARTESIAN_POINT('',(2.75,-1.35,-1.3));
#6924=CARTESIAN_POINT('',(3.95,-1.35,-1.3));
#6925=VECTOR('',#6986,1.2);
#6926=CARTESIAN_POINT('',(2.75,-2.15,-1.3));
#6927=CARTESIAN_POINT('',(2.75,-1.35,-1.3));
#6928=VECTOR('',#6987,0.8);
#6929=CARTESIAN_POINT('',(3.95,-2.15,-1.3));
#6930=CARTESIAN_POINT('',(3.95,-2.15,-1.3));
#6931=VECTOR('',#6988,1.2);
#6932=CARTESIAN_POINT('',(3.95,-1.35,-1.3));
#6933=VECTOR('',#6989,0.8);
#6934=CARTESIAN_POINT('',(2.75,-1.35,0.9));
#6935=CARTESIAN_POINT('',(2.75,-1.35,-1.3));
#6936=VECTOR('',#6990,2.2);
#6937=CARTESIAN_POINT('',(3.95,-1.35,0.9));
#6938=CARTESIAN_POINT('',(3.95,-1.35,0.9));
#6939=VECTOR('',#6991,2.2);
#6940=CARTESIAN_POINT('',(2.75,-1.35,0.9));
#6941=VECTOR('',#6992,1.2);
#6942=CARTESIAN_POINT('',(2.75,-2.15,0.9));
#6943=CARTESIAN_POINT('',(2.75,-1.35,0.9));
#6944=VECTOR('',#6993,0.8);
#6945=CARTESIAN_POINT('',(2.75,-2.15,-1.3));
#6946=VECTOR('',#6994,2.2);
#6947=CARTESIAN_POINT('',(3.95,-2.15,0.9));
#6948=CARTESIAN_POINT('',(3.95,-1.35,0.9));
#6949=VECTOR('',#6995,0.8);
#6950=CARTESIAN_POINT('',(2.75,-2.15,0.9));
#6951=VECTOR('',#6996,1.2);
#6952=CARTESIAN_POINT('',(3.95,-2.15,0.9));
#6953=VECTOR('',#6997,2.2);
#6954=CARTESIAN_POINT('',(-2.75,-1.35,-1.3));
#6955=CARTESIAN_POINT('',(-3.95,-1.35,-1.3));
#6956=CARTESIAN_POINT('',(-2.75,-1.35,-1.3));
#6957=VECTOR('',#6998,1.2);
#6958=CARTESIAN_POINT('',(-2.75,-1.35,0.9));
#6959=CARTESIAN_POINT('',(-2.75,-1.35,0.9));
#6960=VECTOR('',#6999,2.2);
#6961=CARTESIAN_POINT('',(-3.95,-1.35,0.9));
#6962=CARTESIAN_POINT('',(-3.95,-1.35,0.9));
#6963=VECTOR('',#7000,1.2);
#6964=CARTESIAN_POINT('',(-3.95,-1.35,-1.3));
#6965=VECTOR('',#7001,2.2);
#6966=CARTESIAN_POINT('',(-3.95,-2.15,-1.3));
#6967=CARTESIAN_POINT('',(-3.95,-1.35,-1.3));
#6968=VECTOR('',#7002,0.8);
#6969=CARTESIAN_POINT('',(-2.75,-2.15,-1.3));
#6970=CARTESIAN_POINT('',(-2.75,-2.15,-1.3));
#6971=VECTOR('',#7003,1.2);
#6972=CARTESIAN_POINT('',(-2.75,-1.35,-1.3));
#6973=VECTOR('',#7004,0.8);
#6974=CARTESIAN_POINT('',(-3.95,-2.15,0.9));
#6975=CARTESIAN_POINT('',(-3.95,-1.35,0.9));
#6976=VECTOR('',#7005,0.8);
#6977=CARTESIAN_POINT('',(-3.95,-2.15,-1.3));
#6978=VECTOR('',#7006,2.2);
#6979=CARTESIAN_POINT('',(-2.75,-2.15,0.9));
#6980=CARTESIAN_POINT('',(-2.75,-1.35,0.9));
#6981=VECTOR('',#7007,0.8);
#6982=CARTESIAN_POINT('',(-3.95,-2.15,0.9));
#6983=VECTOR('',#7008,1.2);
#6984=CARTESIAN_POINT('',(-2.75,-2.15,0.9));
#6985=VECTOR('',#7009,2.2);
#6986=DIRECTION('',(-1.0,0.0,0.0));
#6987=DIRECTION('',(0.0,-1.0,0.0));
#6988=DIRECTION('',(-1.0,0.0,0.0));
#6989=DIRECTION('',(0.0,-1.0,0.0));
#6990=DIRECTION('',(0.0,0.0,1.0));
#6991=DIRECTION('',(0.0,0.0,-1.0));
#6992=DIRECTION('',(1.0,0.0,0.0));
#6993=DIRECTION('',(0.0,-1.0,0.0));
#6994=DIRECTION('',(0.0,0.0,1.0));
#6995=DIRECTION('',(0.0,-1.0,0.0));
#6996=DIRECTION('',(1.0,0.0,0.0));
#6997=DIRECTION('',(0.0,0.0,-1.0));
#6998=DIRECTION('',(-1.0,0.0,0.0));
#6999=DIRECTION('',(0.0,0.0,-1.0));
#7000=DIRECTION('',(1.0,0.0,0.0));
#7001=DIRECTION('',(0.0,0.0,1.0));
#7002=DIRECTION('',(0.0,-1.0,0.0));
#7003=DIRECTION('',(-1.0,0.0,0.0));
#7004=DIRECTION('',(0.0,-1.0,0.0));
#7005=DIRECTION('',(0.0,-1.0,0.0));
#7006=DIRECTION('',(0.0,0.0,1.0));
#7007=DIRECTION('',(0.0,-1.0,0.0));
#7008=DIRECTION('',(1.0,0.0,0.0));
#7009=DIRECTION('',(0.0,0.0,-1.0));
#7010=PRESENTATION_LAYER_ASSIGNMENT('','',(#26,#51,#52,#53,#54,#55,#56,#61,#62,#63,#64,#65,#66,#67,#68,#69,#70,#71,#72,#73,#74,#75,#76,#77,#78,#79,#80,#81,#82,#83,#84,#85,#86,#87,#88,#89,#90,#91,#92,#93,#94,#95,#96,#97,#98,#99,#100,#101,#102,#103,#104,#105,#106,#107,#108,#109,#110,#111,#112,#113,#114,#115,#116,#117,#118,#119,#120,#121,#122,#123,#124,#125,#126,#127,#128,#129,#130,#131,#132,#133,#134,#135,#136,#137,#138,#139,#140,#141,#142,#143,#144,#145,#146,#147,#148,#149,#150,#151,#152,#153,#154,#155,#156,#157,#158,#159,#160,#161,#162,#163,#164,#165,#166,#167,#168,#169,#170,#171,#172,#173,#174,#175,#176,#177,#178,#179,#180,#181,#182,#183,#184,#185,#186,#187,#188,#189,#190,#191,#192,#193,#194,#195,#196,#197,#198,#199,#200,#201,#202,#203,#204,#205,#206,#207,#208,#209,#210,#211,#212,#213,#214,#215,#216,#217,#218,#219,#220,#221,#222,#223,#224,#225,#226,#227,#228,#229,#230,#231,#232,#233,#234,#235,#236,#237,#238,#239,#240,#241,#242,#243,#244,#245,#246,#247,#248,#249,#250,#251,#252,#253,#254,#255,#256,#257,#258,#259,#260,#261,#262,#263,#264,#265,#266,#267,#268,#269,#270,#271,#272,#273,#274,#275,#276,#749,#750,#751,#752,#753,#754,#755,#756,#757,#758,#759,#760,#761,#762,#763,#764,#765,#766,#767,#768,#769,#770,#771,#772,#773,#774,#775,#776,#777,#778,#779,#780,#781,#782,#783,#784,#785,#786,#787,#3147,#3148,#3149,#3150,#3151,#3152,#3153,#3154,#3155,#3156,#3157,#3158,#3159,#3160,#3161,#3162,#3163,#3164,#3165,#3166,#3167,#3168,#3169,#3170,#3171,#3172,#3173,#3174,#3175,#3176,#3177,#3178,#3179,#3180,#3181,#3182,#3183,#3184,#3185,#3186,#3187,#3188,#3189,#3190,#3191,#3192,#3193,#3194,#3195,#3196,#3197,#3198,#3199,#3200,#3201,#3202,#3203,#3204,#3205,#3206,#3207,#3208,#3209,#3210,#3211,#3212,#3213,#3214,#3215,#3216,#3217,#3218,#3219,#3220,#3221,#3222,#3223,#3224,#3225,#3226,#3227,#3228,#3229,#3230,#3231,#3232,#3233,#3234,#3235,#3236,#3237,#3238,#3239,#3240,#3241,#3242,#3243,#3244,#3245,#3246,#3247,#3248,#3249,#3250,#3251,#3252,#3253,#3254,#3255,#3256,#3257,#3258,#3259,#3260,#3261,#3262,#3263,#3264,#3265,#3266,#3267,#3268,#3269,#3270,#3271,#3272,#3273,#3274,#3275,#3276,#3277,#3278,#3279,#3280,#3281,#3282,#3283,#3284,#3285,#3286,#3287,#3288,#3289,#3290,#3291,#3292,#3293,#3294,#3295,#3296,#3297,#3298,#3299,#3300,#3301,#3302,#3303,#3304,#3305,#3306,#3307,#3308,#3309,#3310,#3311,#3312,#3313,#3314,#3315,#3316,#3317,#3318,#3319,#3320,#3321,#3322,#3323,#3324,#3325,#3326,#3327,#3328,#3329,#3330,#3331,#3332,#3333,#3334,#3335,#3336,#3337,#3338,#3339,#3340,#3341,#3342,#3343,#3344,#3345,#3346,#3347,#3348,#3349,#3350,#3351,#3352,#3353,#3354,#3355,#3356,#3357,#3358,#3359,#3360,#3361,#3362,#3363,#3364,#3365,#3366,#3367,#3368,#3369,#3370,#3371,#3372,#3373,#3374,#3375,#3376,#3377,#3378,#3379,#3380,#3381,#3382,#3383,#3384,#3385,#3386,#3387,#3388,#3389,#3390,#3391,#3392,#3393,#3394,#3395,#3396,#3397,#3398,#3399,#3400,#3401,#3402,#3403,#3404,#3405,#3406,#3407,#3408,#3409,#3410,#3411,#3412,#3413,#3414,#3415,#3416,#3417,#3418,#3419,#3420,#3421,#3422,#3423,#3424,#3425,#3426,#3427,#3428,#3429,#3430,#3431,#3432,#3433,#3434,#3435,#3436,#3437,#3438,#3439,#3440,#3441,#3442,#3443,#3444,#3445,#3446,#3447,#3448,#3449,#3450,#3451,#3452,#3453,#3454,#3455,#3456,#3457,#3458,#3459,#3460,#3461,#3462,#3463,#3464,#3465,#3466,#3467,#3468,#3469,#3470,#3471,#3472,#3473,#3474,#3475,#3476,#3477,#3478,#3479,#3480,#3481,#3482,#3483,#3484,#3485,#3486,#3487,#3488,#3489,#3490,#3491,#3492,#3493,#3494,#3495,#3496,#3497,#3498,#3499,#3500,#3501,#3502,#3503,#3504,#3505,#3506,#3507,#3508,#3509,#3510,#3511,#3512,#3513,#3514,#3515,#3516,#3517,#3518,#3519,#3520,#3521,#3522,#3523,#3524,#3525,#3526,#3527,#3528,#3529,#3530,#3531,#3532,#3533,#3534,#3535,#3536,#3537,#3538,#3539,#3540,#3541,#3542,#3543,#3544,#3545,#3546,#3547,#3548,#3549,#3550,#3551,#3552,#3553,#3554,#3555,#3556,#3557,#3558,#3559,#3560,#3561,#3562,#3563,#3564,#3565,#3566,#3567,#3568,#3569,#3570,#3571,#3572,#3573,#3574,#3575,#3576,#3577,#3578,#3579,#3580,#3581,#3582,#3583,#3584,#3585,#3586,#3587,#3588,#3589,#3590,#3591,#3592,#3593,#3594,#3595,#3596,#3597,#3598,#3599,#3600,#3601,#3602,#3603,#3604,#3605,#3606,#3607,#3608,#3609,#3610,#3611,#3612,#3613,#3614,#3615,#3616,#3617,#3618,#3619,#3620,#3621,#3622,#3623,#3624,#3625,#3626,#3627,#3628,#3629,#3630,#3631,#3632,#3633,#3634,#3635,#3636,#3637,#3638,#3639,#3640,#3641,#3642,#3643,#3644,#3645,#3646,#3647,#3648,#3649,#3650,#3651,#3652,#3653,#3654,#3655,#3656,#3657,#3658,#3659,#3660,#3661,#3662,#3663,#3664,#3665,#3666,#3667,#3668,#3669,#3670,#3671,#3672,#3673,#3674,#3675,#3676,#3677,#3678,#3679,#3680,#3681,#3682,#3683,#3684,#3685,#3686,#3687,#3688,#3689,#3690,#3691,#3692,#3693,#3694,#3695,#3696,#3697,#3698,#3699,#3700,#3701,#3702,#3703,#3704,#3705,#3706,#3707,#3708,#3709,#3710,#3711,#3712,#3713,#3714,#3715,#3716,#3828,#3829,#3831,#3833,#3836,#3838,#3841,#3842,#3844,#3846,#3848,#3850,#3852,#3854,#3856,#3858,#3860,#3862,#3864,#3866,#3868,#3870,#3872,#3874,#3876,#3878,#3881,#3882,#3884,#3886,#3889,#3890,#3892,#3894,#3897,#3899,#3902,#3904,#3907,#3909,#3911,#3913,#3915,#3918,#3921,#3924,#3925,#3927,#3929,#3932,#3934,#3937,#3938,#3940,#3942,#3944,#3946,#3948,#3950,#3953,#3954,#3956,#3962,#3963,#3968,#3970,#3972,#3974,#3976,#3979,#3982,#3983,#3987,#3989,#3993,#3995,#3997,#3999,#4001,#4003,#4005,#4007,#4009,#4011,#4013,#4015,#4017,#4019,#4021,#4023,#4025,#4027,#4029,#4031,#4033,#4035,#4037,#4039,#4041,#4043,#4045,#4047,#4049,#4051,#4053,#4055,#4057,#4059,#4061,#4063,#4065,#4067,#4069,#4071,#4074,#4075,#4077,#4079,#4082,#4083,#4085,#4087,#4090,#4091,#4093,#4095,#4098,#4099,#4101,#4103,#4106,#4108,#4111,#4113,#4115,#4117,#4119,#4122,#4124,#4129,#4131,#4133,#4137,#4139,#4142,#4147,#4150,#4152,#4154,#4156,#4158,#4161,#4163,#4166,#4169,#4172,#4175,#4178,#4179,#4183,#4185,#4188,#4190,#4192,#4194,#4196,#4198,#4201,#4202,#4204,#4206,#4208,#4210,#4212,#4214,#4217,#4219,#4221,#4224,#4227,#4231,#4233,#4236,#4239,#4242,#4244,#4248,#4249,#4253,#4256,#4258,#4260,#4262,#4265,#4268,#4269,#4271,#4276,#4279,#4284,#4287,#4289,#4291,#4294,#4295,#4297,#4299,#4301,#4303,#4305,#4307,#4309,#4311,#4313,#4315,#4317,#4319,#4322,#4324,#4327,#4331,#4337,#4339,#4343,#4348,#4349,#4356,#4359,#4361,#4366,#4370,#4372,#4381,#4383,#4386,#4390,#4394,#4397,#4400,#4404,#4405,#4409,#4411,#4414,#4417,#4420,#4423,#4426,#4429,#4432,#4433,#4435,#4437,#4439,#4441,#4443,#4445,#4447,#4449,#4451,#4453,#4456,#4462,#4463,#4465,#4467,#4478,#4479,#4481,#4483,#4486,#4488,#4490,#4492,#4494,#4496,#4498,#4500,#4503,#4506,#4508,#4510,#4512,#4514,#4516,#4518,#4528,#4535,#4536,#4538,#4540,#4543,#4545,#4547,#4549,#4551,#4553,#4555,#4557,#4560,#4563,#4565,#4567,#4569,#4571,#4573,#4575,#4585,#4587,#4589,#4591,#4593,#4595,#4597,#4599,#4602,#4605,#4607,#4609,#4611,#4613,#4615,#4617,#4627,#4630,#4632,#4635,#4638,#4642,#4645,#4654,#4656,#4659,#4662,#4666,#4668,#4671,#4674,#4678,#4680,#4683,#4686,#4690,#4692,#4695,#4698,#4702,#4704,#4707,#4710,#4714,#4716,#4719,#4722,#4726,#4728,#4731,#4734,#4738,#4740,#4743,#4746,#4750,#4753,#4756,#4759,#4764,#4765,#4766,#4767,#4768,#4769,#4770,#4771,#4772,#4773,#4774,#4775,#4776,#4777,#4778,#4779,#4780,#4781,#4782,#4783,#4784,#4785,#4786,#4787,#6288,#6289,#6291,#6293,#6296,#6298,#6301,#6304,#6308,#6309,#6311,#6313,#6316,#6318,#6321,#6324));
ENDSEC;
END-ISO-10303-21;
