ISO-10303-21;
HEADER;
FILE_DESCRIPTION(('STEP AP214'),'1');
FILE_NAME('53398-0471.stp','2025-04-17T01:08:19',('TraceParts'),('TraceParts S.A.'),'Spatial InterOp 3D',' ',' ');
FILE_SCHEMA(('AUTOMOTIVE_DESIGN { 1 0 10303 214 1 1 1 1 }'));
ENDSEC;
DATA;
#1=PRODUCT_DEFINITION_CONTEXT('',#10,'design');
#2=APPLICATION_PROTOCOL_DEFINITION('INTERNATIONAL STANDARD','automotive_design',1994,#10);
#3=PRODUCT_CATEGORY_RELATIONSHIP('NONE','NONE',#11,#12);
#4=SHAPE_DEFINITION_REPRESENTATION(#13,#14);
#5=SHAPE_DEFINITION_REPRESENTATION(#13,#15);
#6= (GEOMETRIC_REPRESENTATION_CONTEXT(3)GLOBAL_UNCERTAINTY_ASSIGNED_CONTEXT((#18))GLOBAL_UNIT_ASSIGNED_CONTEXT((#20,#21,#22))REPRESENTATION_CONTEXT('NONE','WORKSPACE'));
#10=APPLICATION_CONTEXT(' ');
#11=PRODUCT_CATEGORY('part','NONE');
#12=PRODUCT_RELATED_PRODUCT_CATEGORY('detail',' ',(#24));
#13=PRODUCT_DEFINITION_SHAPE('NONE','NONE',#25);
#14=ADVANCED_BREP_SHAPE_REPRESENTATION('53398-0471_1',(#26,#27),#6);
#15=GEOMETRICALLY_BOUNDED_SURFACE_SHAPE_REPRESENTATION('1',(#28,#29),#6);
#18=UNCERTAINTY_MEASURE_WITH_UNIT(LENGTH_MEASURE(1.0E-06),#20,'','');
#20= (CONVERSION_BASED_UNIT('MILLIMETRE',#32)LENGTH_UNIT()NAMED_UNIT(#35));
#21= (NAMED_UNIT(#37)PLANE_ANGLE_UNIT()SI_UNIT($,.RADIAN.));
#22= (NAMED_UNIT(#37)SOLID_ANGLE_UNIT()SI_UNIT($,.STERADIAN.));
#24=PRODUCT('53398-0471_1','53398-0471_1','PART-53398-0471_1-DESC',(#43));
#25=PRODUCT_DEFINITION('','NONE',#44,#1);
#26=BREP_WITH_VOIDS('53398-0471_1',#45,(#46,#47));
#27=AXIS2_PLACEMENT_3D('',#48,#49,#50);
#28=GEOMETRIC_SET('1',(#51,#52,#53,#54,#55,#56,#57,#58,#59,#60,#61,#62,#63,#64,#65,#66,#67,#68,#69,#70,#71,#72,#73,#74,#75,#76,#77,#78,#79,#80,#81));
#29=AXIS2_PLACEMENT_3D('',#82,#83,#84);
#32=LENGTH_MEASURE_WITH_UNIT(LENGTH_MEASURE(1.0),#85);
#35=DIMENSIONAL_EXPONENTS(1.0,0.0,0.0,0.0,0.0,0.0,0.0);
#37=DIMENSIONAL_EXPONENTS(0.0,0.0,0.0,0.0,0.0,0.0,0.0);
#43=PRODUCT_CONTEXT('',#10,'mechanical');
#44=PRODUCT_DEFINITION_FORMATION_WITH_SPECIFIED_SOURCE(' ','NONE',#24,.NOT_KNOWN.);
#45=CLOSED_SHELL('',(#86,#87,#88,#89,#90,#91,#92,#93,#94,#95,#96,#97,#98,#99,#100,#101,#102,#103,#104,#105,#106,#107,#108,#109,#110,#111,#112,#113,#114,#115,#116,#117,#118,#119,#120,#121,#122,#123,#124,#125,#126,#127,#128,#129,#130,#131,#132,#133,#134,#135,#136,#137,#138,#139,#140,#141,#142,#143,#144,#145,#146,#147,#148,#149,#150,#151,#152,#153,#154,#155,#156,#157,#158,#159,#160,#161,#162,#163,#164,#165,#166,#167,#168,#169,#170,#171,#172,#173,#174,#175,#176,#177,#178,#179,#180,#181,#182,#183,#184,#185,#186,#187,#188,#189,#190,#191,#192,#193,#194,#195,#196,#197,#198,#199,#200,#201,#202,#203,#204,#205,#206,#207,#208,#209,#210,#211,#212,#213,#214,#215,#216,#217,#218,#219,#220,#221,#222,#223,#224,#225,#226,#227,#228,#229,#230,#231,#232,#233,#234,#235,#236,#237,#238,#239,#240,#241,#242,#243,#244,#245,#246,#247,#248,#249,#250,#251,#252,#253,#254,#255,#256,#257,#258,#259,#260,#261,#262,#263,#264,#265,#266,#267,#268,#269,#270,#271,#272,#273,#274,#275,#276,#277,#278,#279,#280,#281,#282,#283,#284,#285,#286,#287,#288,#289,#290,#291,#292,#293,#294,#295,#296,#297,#298,#299,#300,#301,#302,#303,#304,#305,#306,#307,#308,#309,#310,#311,#312,#313,#314,#315,#316,#317,#318,#319,#320,#321,#322,#323,#324,#325,#326,#327,#328,#329,#330,#331,#332,#333,#334,#335,#336,#337,#338,#339));
#46=ORIENTED_CLOSED_SHELL('',*,#340,.T.);
#47=ORIENTED_CLOSED_SHELL('',*,#341,.T.);
#48=CARTESIAN_POINT('',(0.0,0.0,0.0));
#49=DIRECTION('',(0.0,0.0,1.0));
#50=DIRECTION('',(1.0,0.0,0.0));
#51=COMPOSITE_CURVE('53398-0471_2',(#342),.U.);
#52=COMPOSITE_CURVE('53398-0471_3',(#343),.U.);
#53=COMPOSITE_CURVE('53398-0471_4',(#344),.U.);
#54=COMPOSITE_CURVE('53398-0471_5',(#345),.U.);
#55=COMPOSITE_CURVE('53398-0471_6',(#346),.U.);
#56=COMPOSITE_CURVE('53398-0471_7',(#347),.U.);
#57=COMPOSITE_CURVE('53398-0471_8',(#348),.U.);
#58=COMPOSITE_CURVE('53398-0471_9',(#349),.U.);
#59=COMPOSITE_CURVE('53398-0471_10',(#350),.U.);
#60=COMPOSITE_CURVE('53398-0471_11',(#351),.U.);
#61=COMPOSITE_CURVE('53398-0471_12',(#352),.U.);
#62=COMPOSITE_CURVE('53398-0471_13',(#353),.U.);
#63=COMPOSITE_CURVE('53398-0471_14',(#354),.U.);
#64=COMPOSITE_CURVE('53398-0471_15',(#355),.U.);
#65=COMPOSITE_CURVE('53398-0471_16',(#356),.U.);
#66=COMPOSITE_CURVE('53398-0471_17',(#357),.U.);
#67=COMPOSITE_CURVE('53398-0471_18',(#358),.U.);
#68=COMPOSITE_CURVE('53398-0471_19',(#359),.U.);
#69=COMPOSITE_CURVE('53398-0471_20',(#360),.U.);
#70=COMPOSITE_CURVE('53398-0471_21',(#361),.U.);
#71=COMPOSITE_CURVE('53398-0471_22',(#362),.U.);
#72=COMPOSITE_CURVE('53398-0471_23',(#363),.U.);
#73=COMPOSITE_CURVE('53398-0471_24',(#364),.U.);
#74=COMPOSITE_CURVE('53398-0471_25',(#365),.U.);
#75=COMPOSITE_CURVE('53398-0471_26',(#366),.U.);
#76=COMPOSITE_CURVE('53398-0471_27',(#367),.U.);
#77=COMPOSITE_CURVE('53398-0471_28',(#368),.U.);
#78=COMPOSITE_CURVE('53398-0471_29',(#369),.U.);
#79=COMPOSITE_CURVE('53398-0471_30',(#370),.U.);
#80=COMPOSITE_CURVE('53398-0471_31',(#371),.U.);
#81=COMPOSITE_CURVE('53398-0471_32',(#372),.U.);
#82=CARTESIAN_POINT('',(0.0,0.0,0.0));
#83=DIRECTION('',(0.0,0.0,1.0));
#84=DIRECTION('',(1.0,0.0,0.0));
#85= (NAMED_UNIT(#35)LENGTH_UNIT()SI_UNIT(.MILLI.,.METRE.));
#86=ADVANCED_FACE('',(#374),#375,.T.);
#87=ADVANCED_FACE('',(#376,#377),#378,.F.);
#88=ADVANCED_FACE('',(#379),#380,.T.);
#89=ADVANCED_FACE('',(#381),#382,.F.);
#90=ADVANCED_FACE('',(#383,#384),#385,.F.);
#91=ADVANCED_FACE('',(#386),#387,.F.);
#92=ADVANCED_FACE('',(#388),#389,.F.);
#93=ADVANCED_FACE('',(#390),#391,.F.);
#94=ADVANCED_FACE('',(#392),#393,.F.);
#95=ADVANCED_FACE('',(#394),#395,.F.);
#96=ADVANCED_FACE('',(#396),#397,.F.);
#97=ADVANCED_FACE('',(#398),#399,.F.);
#98=ADVANCED_FACE('',(#400,#401,#402,#403,#404,#405),#406,.T.);
#99=ADVANCED_FACE('',(#407),#408,.F.);
#100=ADVANCED_FACE('',(#409),#410,.T.);
#101=ADVANCED_FACE('',(#411),#412,.T.);
#102=ADVANCED_FACE('',(#413),#414,.T.);
#103=ADVANCED_FACE('',(#415),#416,.F.);
#104=ADVANCED_FACE('',(#417),#418,.F.);
#105=ADVANCED_FACE('',(#419),#420,.F.);
#106=ADVANCED_FACE('',(#421),#422,.F.);
#107=ADVANCED_FACE('',(#423),#424,.F.);
#108=ADVANCED_FACE('',(#425),#426,.T.);
#109=ADVANCED_FACE('',(#427),#428,.F.);
#110=ADVANCED_FACE('',(#429),#430,.F.);
#111=ADVANCED_FACE('',(#431),#432,.T.);
#112=ADVANCED_FACE('',(#433),#434,.T.);
#113=ADVANCED_FACE('',(#435),#436,.T.);
#114=ADVANCED_FACE('',(#437),#438,.T.);
#115=ADVANCED_FACE('',(#439),#440,.T.);
#116=ADVANCED_FACE('',(#441),#442,.T.);
#117=ADVANCED_FACE('',(#443),#444,.T.);
#118=ADVANCED_FACE('',(#445),#446,.T.);
#119=ADVANCED_FACE('',(#447),#448,.F.);
#120=ADVANCED_FACE('',(#449),#450,.F.);
#121=ADVANCED_FACE('',(#451,#452,#453,#454,#455),#456,.T.);
#122=ADVANCED_FACE('',(#457),#458,.F.);
#123=ADVANCED_FACE('',(#459),#460,.F.);
#124=ADVANCED_FACE('',(#461),#462,.F.);
#125=ADVANCED_FACE('',(#463),#464,.F.);
#126=ADVANCED_FACE('',(#465),#466,.F.);
#127=ADVANCED_FACE('',(#467),#468,.F.);
#128=ADVANCED_FACE('',(#469),#470,.F.);
#129=ADVANCED_FACE('',(#471),#472,.F.);
#130=ADVANCED_FACE('',(#473),#474,.T.);
#131=ADVANCED_FACE('',(#475),#476,.T.);
#132=ADVANCED_FACE('',(#477),#478,.F.);
#133=ADVANCED_FACE('',(#479),#480,.F.);
#134=ADVANCED_FACE('',(#481),#482,.F.);
#135=ADVANCED_FACE('',(#483),#484,.F.);
#136=ADVANCED_FACE('',(#485),#486,.F.);
#137=ADVANCED_FACE('',(#487),#488,.T.);
#138=ADVANCED_FACE('',(#489),#490,.F.);
#139=ADVANCED_FACE('',(#491),#492,.T.);
#140=ADVANCED_FACE('',(#493),#494,.F.);
#141=ADVANCED_FACE('',(#495),#496,.F.);
#142=ADVANCED_FACE('',(#497),#498,.F.);
#143=ADVANCED_FACE('',(#499),#500,.F.);
#144=ADVANCED_FACE('',(#501),#502,.F.);
#145=ADVANCED_FACE('',(#503),#504,.F.);
#146=ADVANCED_FACE('',(#505),#506,.F.);
#147=ADVANCED_FACE('',(#507),#508,.F.);
#148=ADVANCED_FACE('',(#509),#510,.F.);
#149=ADVANCED_FACE('',(#511),#512,.F.);
#150=ADVANCED_FACE('',(#513),#514,.F.);
#151=ADVANCED_FACE('',(#515),#516,.F.);
#152=ADVANCED_FACE('',(#517),#518,.F.);
#153=ADVANCED_FACE('',(#519),#520,.F.);
#154=ADVANCED_FACE('',(#521),#522,.F.);
#155=ADVANCED_FACE('',(#523),#524,.T.);
#156=ADVANCED_FACE('',(#525),#526,.F.);
#157=ADVANCED_FACE('',(#527),#528,.F.);
#158=ADVANCED_FACE('',(#529),#530,.T.);
#159=ADVANCED_FACE('',(#531),#532,.T.);
#160=ADVANCED_FACE('',(#533),#534,.T.);
#161=ADVANCED_FACE('',(#535),#536,.T.);
#162=ADVANCED_FACE('',(#537),#538,.T.);
#163=ADVANCED_FACE('',(#539),#540,.T.);
#164=ADVANCED_FACE('',(#541),#542,.T.);
#165=ADVANCED_FACE('',(#543),#544,.T.);
#166=ADVANCED_FACE('',(#545),#546,.T.);
#167=ADVANCED_FACE('',(#547),#548,.F.);
#168=ADVANCED_FACE('',(#549),#550,.T.);
#169=ADVANCED_FACE('',(#551),#552,.T.);
#170=ADVANCED_FACE('',(#553),#554,.T.);
#171=ADVANCED_FACE('',(#555),#556,.T.);
#172=ADVANCED_FACE('',(#557),#558,.T.);
#173=ADVANCED_FACE('',(#559),#560,.T.);
#174=ADVANCED_FACE('',(#561),#562,.T.);
#175=ADVANCED_FACE('',(#563),#564,.T.);
#176=ADVANCED_FACE('',(#565),#566,.T.);
#177=ADVANCED_FACE('',(#567),#568,.F.);
#178=ADVANCED_FACE('',(#569),#570,.F.);
#179=ADVANCED_FACE('',(#571),#572,.T.);
#180=ADVANCED_FACE('',(#573),#574,.T.);
#181=ADVANCED_FACE('',(#575),#576,.T.);
#182=ADVANCED_FACE('',(#577),#578,.T.);
#183=ADVANCED_FACE('',(#579),#580,.F.);
#184=ADVANCED_FACE('',(#581),#582,.F.);
#185=ADVANCED_FACE('',(#583),#584,.T.);
#186=ADVANCED_FACE('',(#585),#586,.T.);
#187=ADVANCED_FACE('',(#587),#588,.T.);
#188=ADVANCED_FACE('',(#589),#590,.T.);
#189=ADVANCED_FACE('',(#591),#592,.T.);
#190=ADVANCED_FACE('',(#593),#594,.F.);
#191=ADVANCED_FACE('',(#595),#596,.T.);
#192=ADVANCED_FACE('',(#597),#598,.F.);
#193=ADVANCED_FACE('',(#599),#600,.T.);
#194=ADVANCED_FACE('',(#601),#602,.T.);
#195=ADVANCED_FACE('',(#603),#604,.T.);
#196=ADVANCED_FACE('',(#605),#606,.T.);
#197=ADVANCED_FACE('',(#607),#608,.T.);
#198=ADVANCED_FACE('',(#609),#610,.F.);
#199=ADVANCED_FACE('',(#611),#612,.T.);
#200=ADVANCED_FACE('',(#613),#614,.T.);
#201=ADVANCED_FACE('',(#615),#616,.T.);
#202=ADVANCED_FACE('',(#617),#618,.T.);
#203=ADVANCED_FACE('',(#619),#620,.T.);
#204=ADVANCED_FACE('',(#621),#622,.T.);
#205=ADVANCED_FACE('',(#623),#624,.T.);
#206=ADVANCED_FACE('',(#625),#626,.T.);
#207=ADVANCED_FACE('',(#627),#628,.F.);
#208=ADVANCED_FACE('',(#629),#630,.T.);
#209=ADVANCED_FACE('',(#631),#632,.F.);
#210=ADVANCED_FACE('',(#633),#634,.T.);
#211=ADVANCED_FACE('',(#635),#636,.T.);
#212=ADVANCED_FACE('',(#637),#638,.T.);
#213=ADVANCED_FACE('',(#639),#640,.F.);
#214=ADVANCED_FACE('',(#641),#642,.F.);
#215=ADVANCED_FACE('',(#643),#644,.T.);
#216=ADVANCED_FACE('',(#645),#646,.T.);
#217=ADVANCED_FACE('',(#647),#648,.T.);
#218=ADVANCED_FACE('',(#649),#650,.T.);
#219=ADVANCED_FACE('',(#651),#652,.T.);
#220=ADVANCED_FACE('',(#653),#654,.T.);
#221=ADVANCED_FACE('',(#655),#656,.T.);
#222=ADVANCED_FACE('',(#657),#658,.T.);
#223=ADVANCED_FACE('',(#659),#660,.T.);
#224=ADVANCED_FACE('',(#661),#662,.T.);
#225=ADVANCED_FACE('',(#663),#664,.T.);
#226=ADVANCED_FACE('',(#665),#666,.T.);
#227=ADVANCED_FACE('',(#667),#668,.T.);
#228=ADVANCED_FACE('',(#669),#670,.T.);
#229=ADVANCED_FACE('',(#671),#672,.T.);
#230=ADVANCED_FACE('',(#673),#674,.T.);
#231=ADVANCED_FACE('',(#675),#676,.T.);
#232=ADVANCED_FACE('',(#677),#678,.T.);
#233=ADVANCED_FACE('',(#679),#680,.T.);
#234=ADVANCED_FACE('',(#681),#682,.T.);
#235=ADVANCED_FACE('',(#683),#684,.T.);
#236=ADVANCED_FACE('',(#685),#686,.T.);
#237=ADVANCED_FACE('',(#687),#688,.T.);
#238=ADVANCED_FACE('',(#689),#690,.T.);
#239=ADVANCED_FACE('',(#691),#692,.T.);
#240=ADVANCED_FACE('',(#693),#694,.T.);
#241=ADVANCED_FACE('',(#695),#696,.T.);
#242=ADVANCED_FACE('',(#697),#698,.T.);
#243=ADVANCED_FACE('',(#699),#700,.T.);
#244=ADVANCED_FACE('',(#701),#702,.T.);
#245=ADVANCED_FACE('',(#703),#704,.T.);
#246=ADVANCED_FACE('',(#705),#706,.T.);
#247=ADVANCED_FACE('',(#707),#708,.T.);
#248=ADVANCED_FACE('',(#709),#710,.T.);
#249=ADVANCED_FACE('',(#711),#712,.T.);
#250=ADVANCED_FACE('',(#713),#714,.T.);
#251=ADVANCED_FACE('',(#715),#716,.T.);
#252=ADVANCED_FACE('',(#717),#718,.T.);
#253=ADVANCED_FACE('',(#719),#720,.T.);
#254=ADVANCED_FACE('',(#721),#722,.T.);
#255=ADVANCED_FACE('',(#723),#724,.T.);
#256=ADVANCED_FACE('',(#725),#726,.T.);
#257=ADVANCED_FACE('',(#727),#728,.T.);
#258=ADVANCED_FACE('',(#729),#730,.T.);
#259=ADVANCED_FACE('',(#731),#732,.F.);
#260=ADVANCED_FACE('',(#733),#734,.F.);
#261=ADVANCED_FACE('',(#735),#736,.F.);
#262=ADVANCED_FACE('',(#737),#738,.F.);
#263=ADVANCED_FACE('',(#739),#740,.T.);
#264=ADVANCED_FACE('',(#741),#742,.F.);
#265=ADVANCED_FACE('',(#743),#744,.F.);
#266=ADVANCED_FACE('',(#745,#746),#747,.F.);
#267=ADVANCED_FACE('',(#748),#749,.F.);
#268=ADVANCED_FACE('',(#750),#751,.T.);
#269=ADVANCED_FACE('',(#752),#753,.T.);
#270=ADVANCED_FACE('',(#754),#755,.F.);
#271=ADVANCED_FACE('',(#756),#757,.T.);
#272=ADVANCED_FACE('',(#758),#759,.T.);
#273=ADVANCED_FACE('',(#760),#761,.T.);
#274=ADVANCED_FACE('',(#762),#763,.T.);
#275=ADVANCED_FACE('',(#764),#765,.T.);
#276=ADVANCED_FACE('',(#766),#767,.T.);
#277=ADVANCED_FACE('',(#768),#769,.T.);
#278=ADVANCED_FACE('',(#770),#771,.T.);
#279=ADVANCED_FACE('',(#772),#773,.F.);
#280=ADVANCED_FACE('',(#774,#775),#776,.F.);
#281=ADVANCED_FACE('',(#777),#778,.F.);
#282=ADVANCED_FACE('',(#779),#780,.T.);
#283=ADVANCED_FACE('',(#781),#782,.T.);
#284=ADVANCED_FACE('',(#783),#784,.F.);
#285=ADVANCED_FACE('',(#785),#786,.T.);
#286=ADVANCED_FACE('',(#787),#788,.T.);
#287=ADVANCED_FACE('',(#789),#790,.T.);
#288=ADVANCED_FACE('',(#791),#792,.T.);
#289=ADVANCED_FACE('',(#793),#794,.T.);
#290=ADVANCED_FACE('',(#795),#796,.T.);
#291=ADVANCED_FACE('',(#797),#798,.T.);
#292=ADVANCED_FACE('',(#799),#800,.T.);
#293=ADVANCED_FACE('',(#801),#802,.F.);
#294=ADVANCED_FACE('',(#803),#804,.F.);
#295=ADVANCED_FACE('',(#805),#806,.F.);
#296=ADVANCED_FACE('',(#807),#808,.T.);
#297=ADVANCED_FACE('',(#809),#810,.F.);
#298=ADVANCED_FACE('',(#811),#812,.F.);
#299=ADVANCED_FACE('',(#813),#814,.F.);
#300=ADVANCED_FACE('',(#815),#816,.F.);
#301=ADVANCED_FACE('',(#817),#818,.T.);
#302=ADVANCED_FACE('',(#819),#820,.F.);
#303=ADVANCED_FACE('',(#821),#822,.F.);
#304=ADVANCED_FACE('',(#823),#824,.F.);
#305=ADVANCED_FACE('',(#825),#826,.F.);
#306=ADVANCED_FACE('',(#827),#828,.T.);
#307=ADVANCED_FACE('',(#829),#830,.F.);
#308=ADVANCED_FACE('',(#831),#832,.F.);
#309=ADVANCED_FACE('',(#833),#834,.F.);
#310=ADVANCED_FACE('',(#835),#836,.F.);
#311=ADVANCED_FACE('',(#837),#838,.T.);
#312=ADVANCED_FACE('',(#839),#840,.F.);
#313=ADVANCED_FACE('',(#841),#842,.F.);
#314=ADVANCED_FACE('',(#843),#844,.F.);
#315=ADVANCED_FACE('',(#845),#846,.F.);
#316=ADVANCED_FACE('',(#847),#848,.T.);
#317=ADVANCED_FACE('',(#849),#850,.F.);
#318=ADVANCED_FACE('',(#851),#852,.F.);
#319=ADVANCED_FACE('',(#853),#854,.T.);
#320=ADVANCED_FACE('',(#855),#856,.T.);
#321=ADVANCED_FACE('',(#857),#858,.F.);
#322=ADVANCED_FACE('',(#859),#860,.T.);
#323=ADVANCED_FACE('',(#861),#862,.T.);
#324=ADVANCED_FACE('',(#863),#864,.T.);
#325=ADVANCED_FACE('',(#865),#866,.T.);
#326=ADVANCED_FACE('',(#867),#868,.T.);
#327=ADVANCED_FACE('',(#869),#870,.T.);
#328=ADVANCED_FACE('',(#871),#872,.T.);
#329=ADVANCED_FACE('',(#873),#874,.T.);
#330=ADVANCED_FACE('',(#875),#876,.T.);
#331=ADVANCED_FACE('',(#877),#878,.T.);
#332=ADVANCED_FACE('',(#879),#880,.F.);
#333=ADVANCED_FACE('',(#881),#882,.T.);
#334=ADVANCED_FACE('',(#883),#884,.T.);
#335=ADVANCED_FACE('',(#885),#886,.T.);
#336=ADVANCED_FACE('',(#887),#888,.T.);
#337=ADVANCED_FACE('',(#889),#890,.T.);
#338=ADVANCED_FACE('',(#891),#892,.T.);
#339=ADVANCED_FACE('',(#893),#894,.T.);
#340=CLOSED_SHELL('',(#895,#896,#897,#898,#899,#900));
#341=CLOSED_SHELL('',(#901,#902,#903,#904,#905,#906));
#342=COMPOSITE_CURVE_SEGMENT(.CONTINUOUS.,.T.,#907);
#343=COMPOSITE_CURVE_SEGMENT(.CONTINUOUS.,.T.,#908);
#344=COMPOSITE_CURVE_SEGMENT(.CONTINUOUS.,.T.,#909);
#345=COMPOSITE_CURVE_SEGMENT(.CONTINUOUS.,.T.,#910);
#346=COMPOSITE_CURVE_SEGMENT(.CONTINUOUS.,.T.,#911);
#347=COMPOSITE_CURVE_SEGMENT(.CONTINUOUS.,.T.,#912);
#348=COMPOSITE_CURVE_SEGMENT(.CONTINUOUS.,.T.,#913);
#349=COMPOSITE_CURVE_SEGMENT(.CONTINUOUS.,.T.,#914);
#350=COMPOSITE_CURVE_SEGMENT(.CONTINUOUS.,.T.,#915);
#351=COMPOSITE_CURVE_SEGMENT(.CONTINUOUS.,.T.,#916);
#352=COMPOSITE_CURVE_SEGMENT(.CONTINUOUS.,.T.,#917);
#353=COMPOSITE_CURVE_SEGMENT(.CONTINUOUS.,.T.,#918);
#354=COMPOSITE_CURVE_SEGMENT(.CONTINUOUS.,.T.,#919);
#355=COMPOSITE_CURVE_SEGMENT(.CONTINUOUS.,.T.,#920);
#356=COMPOSITE_CURVE_SEGMENT(.CONTINUOUS.,.T.,#921);
#357=COMPOSITE_CURVE_SEGMENT(.CONTINUOUS.,.T.,#922);
#358=COMPOSITE_CURVE_SEGMENT(.CONTINUOUS.,.T.,#923);
#359=COMPOSITE_CURVE_SEGMENT(.CONTINUOUS.,.T.,#924);
#360=COMPOSITE_CURVE_SEGMENT(.CONTINUOUS.,.T.,#925);
#361=COMPOSITE_CURVE_SEGMENT(.CONTINUOUS.,.T.,#926);
#362=COMPOSITE_CURVE_SEGMENT(.CONTINUOUS.,.T.,#927);
#363=COMPOSITE_CURVE_SEGMENT(.CONTINUOUS.,.T.,#928);
#364=COMPOSITE_CURVE_SEGMENT(.CONTINUOUS.,.T.,#929);
#365=COMPOSITE_CURVE_SEGMENT(.CONTINUOUS.,.T.,#930);
#366=COMPOSITE_CURVE_SEGMENT(.CONTINUOUS.,.T.,#931);
#367=COMPOSITE_CURVE_SEGMENT(.CONTINUOUS.,.T.,#932);
#368=COMPOSITE_CURVE_SEGMENT(.CONTINUOUS.,.T.,#933);
#369=COMPOSITE_CURVE_SEGMENT(.CONTINUOUS.,.T.,#934);
#370=COMPOSITE_CURVE_SEGMENT(.CONTINUOUS.,.T.,#935);
#371=COMPOSITE_CURVE_SEGMENT(.CONTINUOUS.,.T.,#936);
#372=COMPOSITE_CURVE_SEGMENT(.CONTINUOUS.,.T.,#937);
#374=FACE_OUTER_BOUND('',#938,.T.);
#375=PLANE('',#939);
#376=FACE_OUTER_BOUND('',#940,.T.);
#377=FACE_BOUND('',#941,.T.);
#378=PLANE('',#942);
#379=FACE_OUTER_BOUND('',#943,.T.);
#380=PLANE('',#944);
#381=FACE_OUTER_BOUND('',#945,.T.);
#382=PLANE('',#946);
#383=FACE_OUTER_BOUND('',#947,.T.);
#384=FACE_BOUND('',#948,.T.);
#385=PLANE('',#949);
#386=FACE_OUTER_BOUND('',#950,.T.);
#387=PLANE('',#951);
#388=FACE_OUTER_BOUND('',#952,.T.);
#389=PLANE('',#953);
#390=FACE_OUTER_BOUND('',#954,.T.);
#391=PLANE('',#955);
#392=FACE_OUTER_BOUND('',#956,.T.);
#393=PLANE('',#957);
#394=FACE_OUTER_BOUND('',#958,.T.);
#395=PLANE('',#959);
#396=FACE_OUTER_BOUND('',#960,.T.);
#397=PLANE('',#961);
#398=FACE_OUTER_BOUND('',#962,.T.);
#399=PLANE('',#963);
#400=FACE_OUTER_BOUND('',#964,.T.);
#401=FACE_BOUND('',#965,.T.);
#402=FACE_BOUND('',#966,.T.);
#403=FACE_BOUND('',#967,.T.);
#404=FACE_BOUND('',#968,.T.);
#405=FACE_BOUND('',#969,.T.);
#406=PLANE('',#970);
#407=FACE_OUTER_BOUND('',#971,.T.);
#408=PLANE('',#972);
#409=FACE_OUTER_BOUND('',#973,.T.);
#410=PLANE('',#974);
#411=FACE_OUTER_BOUND('',#975,.T.);
#412=PLANE('',#976);
#413=FACE_OUTER_BOUND('',#977,.T.);
#414=PLANE('',#978);
#415=FACE_OUTER_BOUND('',#979,.T.);
#416=PLANE('',#980);
#417=FACE_OUTER_BOUND('',#981,.T.);
#418=PLANE('',#982);
#419=FACE_OUTER_BOUND('',#983,.T.);
#420=PLANE('',#984);
#421=FACE_OUTER_BOUND('',#985,.T.);
#422=PLANE('',#986);
#423=FACE_OUTER_BOUND('',#987,.T.);
#424=PLANE('',#988);
#425=FACE_OUTER_BOUND('',#989,.T.);
#426=PLANE('',#990);
#427=FACE_OUTER_BOUND('',#991,.T.);
#428=PLANE('',#992);
#429=FACE_OUTER_BOUND('',#993,.T.);
#430=PLANE('',#994);
#431=FACE_OUTER_BOUND('',#995,.T.);
#432=PLANE('',#996);
#433=FACE_OUTER_BOUND('',#997,.T.);
#434=PLANE('',#998);
#435=FACE_OUTER_BOUND('',#999,.T.);
#436=PLANE('',#1000);
#437=FACE_OUTER_BOUND('',#1001,.T.);
#438=PLANE('',#1002);
#439=FACE_OUTER_BOUND('',#1003,.T.);
#440=PLANE('',#1004);
#441=FACE_OUTER_BOUND('',#1005,.T.);
#442=PLANE('',#1006);
#443=FACE_OUTER_BOUND('',#1007,.T.);
#444=PLANE('',#1008);
#445=FACE_OUTER_BOUND('',#1009,.T.);
#446=PLANE('',#1010);
#447=FACE_OUTER_BOUND('',#1011,.T.);
#448=PLANE('',#1012);
#449=FACE_OUTER_BOUND('',#1013,.T.);
#450=PLANE('',#1014);
#451=FACE_OUTER_BOUND('',#1015,.T.);
#452=FACE_BOUND('',#1016,.T.);
#453=FACE_BOUND('',#1017,.T.);
#454=FACE_BOUND('',#1018,.T.);
#455=FACE_BOUND('',#1019,.T.);
#456=PLANE('',#1020);
#457=FACE_OUTER_BOUND('',#1021,.T.);
#458=PLANE('',#1022);
#459=FACE_OUTER_BOUND('',#1023,.T.);
#460=PLANE('',#1024);
#461=FACE_OUTER_BOUND('',#1025,.T.);
#462=PLANE('',#1026);
#463=FACE_OUTER_BOUND('',#1027,.T.);
#464=PLANE('',#1028);
#465=FACE_OUTER_BOUND('',#1029,.T.);
#466=PLANE('',#1030);
#467=FACE_OUTER_BOUND('',#1031,.T.);
#468=PLANE('',#1032);
#469=FACE_OUTER_BOUND('',#1033,.T.);
#470=PLANE('',#1034);
#471=FACE_OUTER_BOUND('',#1035,.T.);
#472=PLANE('',#1036);
#473=FACE_OUTER_BOUND('',#1037,.T.);
#474=PLANE('',#1038);
#475=FACE_OUTER_BOUND('',#1039,.T.);
#476=PLANE('',#1040);
#477=FACE_OUTER_BOUND('',#1041,.T.);
#478=PLANE('',#1042);
#479=FACE_OUTER_BOUND('',#1043,.T.);
#480=PLANE('',#1044);
#481=FACE_OUTER_BOUND('',#1045,.T.);
#482=PLANE('',#1046);
#483=FACE_OUTER_BOUND('',#1047,.T.);
#484=PLANE('',#1048);
#485=FACE_OUTER_BOUND('',#1049,.T.);
#486=PLANE('',#1050);
#487=FACE_OUTER_BOUND('',#1051,.T.);
#488=PLANE('',#1052);
#489=FACE_OUTER_BOUND('',#1053,.T.);
#490=PLANE('',#1054);
#491=FACE_OUTER_BOUND('',#1055,.T.);
#492=PLANE('',#1056);
#493=FACE_OUTER_BOUND('',#1057,.T.);
#494=PLANE('',#1058);
#495=FACE_OUTER_BOUND('',#1059,.T.);
#496=PLANE('',#1060);
#497=FACE_OUTER_BOUND('',#1061,.T.);
#498=PLANE('',#1062);
#499=FACE_OUTER_BOUND('',#1063,.T.);
#500=PLANE('',#1064);
#501=FACE_OUTER_BOUND('',#1065,.T.);
#502=PLANE('',#1066);
#503=FACE_OUTER_BOUND('',#1067,.T.);
#504=PLANE('',#1068);
#505=FACE_OUTER_BOUND('',#1069,.T.);
#506=PLANE('',#1070);
#507=FACE_OUTER_BOUND('',#1071,.T.);
#508=PLANE('',#1072);
#509=FACE_OUTER_BOUND('',#1073,.T.);
#510=PLANE('',#1074);
#511=FACE_OUTER_BOUND('',#1075,.T.);
#512=PLANE('',#1076);
#513=FACE_OUTER_BOUND('',#1077,.T.);
#514=PLANE('',#1078);
#515=FACE_OUTER_BOUND('',#1079,.T.);
#516=PLANE('',#1080);
#517=FACE_OUTER_BOUND('',#1081,.T.);
#518=PLANE('',#1082);
#519=FACE_OUTER_BOUND('',#1083,.T.);
#520=PLANE('',#1084);
#521=FACE_OUTER_BOUND('',#1085,.T.);
#522=PLANE('',#1086);
#523=FACE_OUTER_BOUND('',#1087,.T.);
#524=PLANE('',#1088);
#525=FACE_OUTER_BOUND('',#1089,.T.);
#526=PLANE('',#1090);
#527=FACE_OUTER_BOUND('',#1091,.T.);
#528=PLANE('',#1092);
#529=FACE_OUTER_BOUND('',#1093,.T.);
#530=PLANE('',#1094);
#531=FACE_OUTER_BOUND('',#1095,.T.);
#532=PLANE('',#1096);
#533=FACE_OUTER_BOUND('',#1097,.T.);
#534=PLANE('',#1098);
#535=FACE_OUTER_BOUND('',#1099,.T.);
#536=CYLINDRICAL_SURFACE('',#1100,0.3);
#537=FACE_OUTER_BOUND('',#1101,.T.);
#538=PLANE('',#1102);
#539=FACE_OUTER_BOUND('',#1103,.T.);
#540=PLANE('',#1104);
#541=FACE_OUTER_BOUND('',#1105,.T.);
#542=PLANE('',#1106);
#543=FACE_OUTER_BOUND('',#1107,.T.);
#544=PLANE('',#1108);
#545=FACE_OUTER_BOUND('',#1109,.T.);
#546=PLANE('',#1110);
#547=FACE_OUTER_BOUND('',#1111,.T.);
#548=CYLINDRICAL_SURFACE('',#1112,0.05);
#549=FACE_OUTER_BOUND('',#1113,.T.);
#550=PLANE('',#1114);
#551=FACE_OUTER_BOUND('',#1115,.T.);
#552=PLANE('',#1116);
#553=FACE_OUTER_BOUND('',#1117,.T.);
#554=PLANE('',#1118);
#555=FACE_OUTER_BOUND('',#1119,.T.);
#556=PLANE('',#1120);
#557=FACE_OUTER_BOUND('',#1121,.T.);
#558=PLANE('',#1122);
#559=FACE_OUTER_BOUND('',#1123,.T.);
#560=PLANE('',#1124);
#561=FACE_OUTER_BOUND('',#1125,.T.);
#562=CYLINDRICAL_SURFACE('',#1126,0.3);
#563=FACE_OUTER_BOUND('',#1127,.T.);
#564=PLANE('',#1128);
#565=FACE_OUTER_BOUND('',#1129,.T.);
#566=PLANE('',#1130);
#567=FACE_OUTER_BOUND('',#1131,.T.);
#568=PLANE('',#1132);
#569=FACE_OUTER_BOUND('',#1133,.T.);
#570=PLANE('',#1134);
#571=FACE_OUTER_BOUND('',#1135,.T.);
#572=PLANE('',#1136);
#573=FACE_OUTER_BOUND('',#1137,.T.);
#574=PLANE('',#1138);
#575=FACE_OUTER_BOUND('',#1139,.T.);
#576=PLANE('',#1140);
#577=FACE_OUTER_BOUND('',#1141,.T.);
#578=CYLINDRICAL_SURFACE('',#1142,0.3);
#579=FACE_OUTER_BOUND('',#1143,.T.);
#580=PLANE('',#1144);
#581=FACE_OUTER_BOUND('',#1145,.T.);
#582=PLANE('',#1146);
#583=FACE_OUTER_BOUND('',#1147,.T.);
#584=PLANE('',#1148);
#585=FACE_OUTER_BOUND('',#1149,.T.);
#586=PLANE('',#1150);
#587=FACE_OUTER_BOUND('',#1151,.T.);
#588=PLANE('',#1152);
#589=FACE_OUTER_BOUND('',#1153,.T.);
#590=CYLINDRICAL_SURFACE('',#1154,0.3);
#591=FACE_OUTER_BOUND('',#1155,.T.);
#592=PLANE('',#1156);
#593=FACE_OUTER_BOUND('',#1157,.T.);
#594=PLANE('',#1158);
#595=FACE_OUTER_BOUND('',#1159,.T.);
#596=PLANE('',#1160);
#597=FACE_OUTER_BOUND('',#1161,.T.);
#598=CYLINDRICAL_SURFACE('',#1162,0.05);
#599=FACE_OUTER_BOUND('',#1163,.T.);
#600=PLANE('',#1164);
#601=FACE_OUTER_BOUND('',#1165,.T.);
#602=PLANE('',#1166);
#603=FACE_OUTER_BOUND('',#1167,.T.);
#604=PLANE('',#1168);
#605=FACE_OUTER_BOUND('',#1169,.T.);
#606=PLANE('',#1170);
#607=FACE_OUTER_BOUND('',#1171,.T.);
#608=PLANE('',#1172);
#609=FACE_OUTER_BOUND('',#1173,.T.);
#610=CYLINDRICAL_SURFACE('',#1174,0.05);
#611=FACE_OUTER_BOUND('',#1175,.T.);
#612=PLANE('',#1176);
#613=FACE_OUTER_BOUND('',#1177,.T.);
#614=PLANE('',#1178);
#615=FACE_OUTER_BOUND('',#1179,.T.);
#616=PLANE('',#1180);
#617=FACE_OUTER_BOUND('',#1181,.T.);
#618=PLANE('',#1182);
#619=FACE_OUTER_BOUND('',#1183,.T.);
#620=PLANE('',#1184);
#621=FACE_OUTER_BOUND('',#1185,.T.);
#622=PLANE('',#1186);
#623=FACE_OUTER_BOUND('',#1187,.T.);
#624=PLANE('',#1188);
#625=FACE_OUTER_BOUND('',#1189,.T.);
#626=PLANE('',#1190);
#627=FACE_OUTER_BOUND('',#1191,.T.);
#628=CYLINDRICAL_SURFACE('',#1192,0.05);
#629=FACE_OUTER_BOUND('',#1193,.T.);
#630=PLANE('',#1194);
#631=FACE_OUTER_BOUND('',#1195,.T.);
#632=PLANE('',#1196);
#633=FACE_OUTER_BOUND('',#1197,.T.);
#634=PLANE('',#1198);
#635=FACE_OUTER_BOUND('',#1199,.T.);
#636=PLANE('',#1200);
#637=FACE_OUTER_BOUND('',#1201,.T.);
#638=PLANE('',#1202);
#639=FACE_OUTER_BOUND('',#1203,.T.);
#640=PLANE('',#1204);
#641=FACE_OUTER_BOUND('',#1205,.T.);
#642=PLANE('',#1206);
#643=FACE_OUTER_BOUND('',#1207,.T.);
#644=PLANE('',#1208);
#645=FACE_OUTER_BOUND('',#1209,.T.);
#646=PLANE('',#1210);
#647=FACE_OUTER_BOUND('',#1211,.T.);
#648=PLANE('',#1212);
#649=FACE_OUTER_BOUND('',#1213,.T.);
#650=PLANE('',#1214);
#651=FACE_OUTER_BOUND('',#1215,.T.);
#652=PLANE('',#1216);
#653=FACE_OUTER_BOUND('',#1217,.T.);
#654=PLANE('',#1218);
#655=FACE_OUTER_BOUND('',#1219,.T.);
#656=PLANE('',#1220);
#657=FACE_OUTER_BOUND('',#1221,.T.);
#658=PLANE('',#1222);
#659=FACE_OUTER_BOUND('',#1223,.T.);
#660=PLANE('',#1224);
#661=FACE_OUTER_BOUND('',#1225,.T.);
#662=PLANE('',#1226);
#663=FACE_OUTER_BOUND('',#1227,.T.);
#664=PLANE('',#1228);
#665=FACE_OUTER_BOUND('',#1229,.T.);
#666=PLANE('',#1230);
#667=FACE_OUTER_BOUND('',#1231,.T.);
#668=PLANE('',#1232);
#669=FACE_OUTER_BOUND('',#1233,.T.);
#670=PLANE('',#1234);
#671=FACE_OUTER_BOUND('',#1235,.T.);
#672=PLANE('',#1236);
#673=FACE_OUTER_BOUND('',#1237,.T.);
#674=PLANE('',#1238);
#675=FACE_OUTER_BOUND('',#1239,.T.);
#676=PLANE('',#1240);
#677=FACE_OUTER_BOUND('',#1241,.T.);
#678=PLANE('',#1242);
#679=FACE_OUTER_BOUND('',#1243,.T.);
#680=PLANE('',#1244);
#681=FACE_OUTER_BOUND('',#1245,.T.);
#682=PLANE('',#1246);
#683=FACE_OUTER_BOUND('',#1247,.T.);
#684=PLANE('',#1248);
#685=FACE_OUTER_BOUND('',#1249,.T.);
#686=PLANE('',#1250);
#687=FACE_OUTER_BOUND('',#1251,.T.);
#688=PLANE('',#1252);
#689=FACE_OUTER_BOUND('',#1253,.T.);
#690=PLANE('',#1254);
#691=FACE_OUTER_BOUND('',#1255,.T.);
#692=PLANE('',#1256);
#693=FACE_OUTER_BOUND('',#1257,.T.);
#694=PLANE('',#1258);
#695=FACE_OUTER_BOUND('',#1259,.T.);
#696=PLANE('',#1260);
#697=FACE_OUTER_BOUND('',#1261,.T.);
#698=PLANE('',#1262);
#699=FACE_OUTER_BOUND('',#1263,.T.);
#700=PLANE('',#1264);
#701=FACE_OUTER_BOUND('',#1265,.T.);
#702=PLANE('',#1266);
#703=FACE_OUTER_BOUND('',#1267,.T.);
#704=PLANE('',#1268);
#705=FACE_OUTER_BOUND('',#1269,.T.);
#706=PLANE('',#1270);
#707=FACE_OUTER_BOUND('',#1271,.T.);
#708=PLANE('',#1272);
#709=FACE_OUTER_BOUND('',#1273,.T.);
#710=PLANE('',#1274);
#711=FACE_OUTER_BOUND('',#1275,.T.);
#712=PLANE('',#1276);
#713=FACE_OUTER_BOUND('',#1277,.T.);
#714=PLANE('',#1278);
#715=FACE_OUTER_BOUND('',#1279,.T.);
#716=PLANE('',#1280);
#717=FACE_OUTER_BOUND('',#1281,.T.);
#718=PLANE('',#1282);
#719=FACE_OUTER_BOUND('',#1283,.T.);
#720=PLANE('',#1284);
#721=FACE_OUTER_BOUND('',#1285,.T.);
#722=PLANE('',#1286);
#723=FACE_OUTER_BOUND('',#1287,.T.);
#724=PLANE('',#1288);
#725=FACE_OUTER_BOUND('',#1289,.T.);
#726=PLANE('',#1290);
#727=FACE_OUTER_BOUND('',#1291,.T.);
#728=PLANE('',#1292);
#729=FACE_OUTER_BOUND('',#1293,.T.);
#730=PLANE('',#1294);
#731=FACE_OUTER_BOUND('',#1295,.T.);
#732=PLANE('',#1296);
#733=FACE_OUTER_BOUND('',#1297,.T.);
#734=PLANE('',#1298);
#735=FACE_OUTER_BOUND('',#1299,.T.);
#736=PLANE('',#1300);
#737=FACE_OUTER_BOUND('',#1301,.T.);
#738=PLANE('',#1302);
#739=FACE_OUTER_BOUND('',#1303,.T.);
#740=PLANE('',#1304);
#741=FACE_OUTER_BOUND('',#1305,.T.);
#742=PLANE('',#1306);
#743=FACE_OUTER_BOUND('',#1307,.T.);
#744=PLANE('',#1308);
#745=FACE_OUTER_BOUND('',#1309,.T.);
#746=FACE_BOUND('',#1310,.T.);
#747=PLANE('',#1311);
#748=FACE_OUTER_BOUND('',#1312,.T.);
#749=PLANE('',#1313);
#750=FACE_OUTER_BOUND('',#1314,.T.);
#751=PLANE('',#1315);
#752=FACE_OUTER_BOUND('',#1316,.T.);
#753=PLANE('',#1317);
#754=FACE_OUTER_BOUND('',#1318,.T.);
#755=PLANE('',#1319);
#756=FACE_OUTER_BOUND('',#1320,.T.);
#757=PLANE('',#1321);
#758=FACE_OUTER_BOUND('',#1322,.T.);
#759=PLANE('',#1323);
#760=FACE_OUTER_BOUND('',#1324,.T.);
#761=PLANE('',#1325);
#762=FACE_OUTER_BOUND('',#1326,.T.);
#763=PLANE('',#1327);
#764=FACE_OUTER_BOUND('',#1328,.T.);
#765=PLANE('',#1329);
#766=FACE_OUTER_BOUND('',#1330,.T.);
#767=PLANE('',#1331);
#768=FACE_OUTER_BOUND('',#1332,.T.);
#769=PLANE('',#1333);
#770=FACE_OUTER_BOUND('',#1334,.T.);
#771=PLANE('',#1335);
#772=FACE_OUTER_BOUND('',#1336,.T.);
#773=PLANE('',#1337);
#774=FACE_OUTER_BOUND('',#1338,.T.);
#775=FACE_BOUND('',#1339,.T.);
#776=PLANE('',#1340);
#777=FACE_OUTER_BOUND('',#1341,.T.);
#778=PLANE('',#1342);
#779=FACE_OUTER_BOUND('',#1343,.T.);
#780=PLANE('',#1344);
#781=FACE_OUTER_BOUND('',#1345,.T.);
#782=PLANE('',#1346);
#783=FACE_OUTER_BOUND('',#1347,.T.);
#784=PLANE('',#1348);
#785=FACE_OUTER_BOUND('',#1349,.T.);
#786=PLANE('',#1350);
#787=FACE_OUTER_BOUND('',#1351,.T.);
#788=PLANE('',#1352);
#789=FACE_OUTER_BOUND('',#1353,.T.);
#790=PLANE('',#1354);
#791=FACE_OUTER_BOUND('',#1355,.T.);
#792=PLANE('',#1356);
#793=FACE_OUTER_BOUND('',#1357,.T.);
#794=PLANE('',#1358);
#795=FACE_OUTER_BOUND('',#1359,.T.);
#796=PLANE('',#1360);
#797=FACE_OUTER_BOUND('',#1361,.T.);
#798=PLANE('',#1362);
#799=FACE_OUTER_BOUND('',#1363,.T.);
#800=PLANE('',#1364);
#801=FACE_OUTER_BOUND('',#1365,.T.);
#802=PLANE('',#1366);
#803=FACE_OUTER_BOUND('',#1367,.T.);
#804=PLANE('',#1368);
#805=FACE_OUTER_BOUND('',#1369,.T.);
#806=PLANE('',#1370);
#807=FACE_OUTER_BOUND('',#1371,.T.);
#808=PLANE('',#1372);
#809=FACE_OUTER_BOUND('',#1373,.T.);
#810=PLANE('',#1374);
#811=FACE_OUTER_BOUND('',#1375,.T.);
#812=PLANE('',#1376);
#813=FACE_OUTER_BOUND('',#1377,.T.);
#814=PLANE('',#1378);
#815=FACE_OUTER_BOUND('',#1379,.T.);
#816=PLANE('',#1380);
#817=FACE_OUTER_BOUND('',#1381,.T.);
#818=PLANE('',#1382);
#819=FACE_OUTER_BOUND('',#1383,.T.);
#820=PLANE('',#1384);
#821=FACE_OUTER_BOUND('',#1385,.T.);
#822=PLANE('',#1386);
#823=FACE_OUTER_BOUND('',#1387,.T.);
#824=PLANE('',#1388);
#825=FACE_OUTER_BOUND('',#1389,.T.);
#826=PLANE('',#1390);
#827=FACE_OUTER_BOUND('',#1391,.T.);
#828=PLANE('',#1392);
#829=FACE_OUTER_BOUND('',#1393,.T.);
#830=PLANE('',#1394);
#831=FACE_OUTER_BOUND('',#1395,.T.);
#832=PLANE('',#1396);
#833=FACE_OUTER_BOUND('',#1397,.T.);
#834=PLANE('',#1398);
#835=FACE_OUTER_BOUND('',#1399,.T.);
#836=PLANE('',#1400);
#837=FACE_OUTER_BOUND('',#1401,.T.);
#838=PLANE('',#1402);
#839=FACE_OUTER_BOUND('',#1403,.T.);
#840=PLANE('',#1404);
#841=FACE_OUTER_BOUND('',#1405,.T.);
#842=PLANE('',#1406);
#843=FACE_OUTER_BOUND('',#1407,.T.);
#844=PLANE('',#1408);
#845=FACE_OUTER_BOUND('',#1409,.T.);
#846=PLANE('',#1410);
#847=FACE_OUTER_BOUND('',#1411,.T.);
#848=PLANE('',#1412);
#849=FACE_OUTER_BOUND('',#1413,.T.);
#850=PLANE('',#1414);
#851=FACE_OUTER_BOUND('',#1415,.T.);
#852=PLANE('',#1416);
#853=FACE_OUTER_BOUND('',#1417,.T.);
#854=PLANE('',#1418);
#855=FACE_OUTER_BOUND('',#1419,.T.);
#856=PLANE('',#1420);
#857=FACE_OUTER_BOUND('',#1421,.T.);
#858=PLANE('',#1422);
#859=FACE_OUTER_BOUND('',#1423,.T.);
#860=PLANE('',#1424);
#861=FACE_OUTER_BOUND('',#1425,.T.);
#862=PLANE('',#1426);
#863=FACE_OUTER_BOUND('',#1427,.T.);
#864=PLANE('',#1428);
#865=FACE_OUTER_BOUND('',#1429,.T.);
#866=PLANE('',#1430);
#867=FACE_OUTER_BOUND('',#1431,.T.);
#868=PLANE('',#1432);
#869=FACE_OUTER_BOUND('',#1433,.T.);
#870=PLANE('',#1434);
#871=FACE_OUTER_BOUND('',#1435,.T.);
#872=PLANE('',#1436);
#873=FACE_OUTER_BOUND('',#1437,.T.);
#874=PLANE('',#1438);
#875=FACE_OUTER_BOUND('',#1439,.T.);
#876=PLANE('',#1440);
#877=FACE_OUTER_BOUND('',#1441,.T.);
#878=PLANE('',#1442);
#879=FACE_OUTER_BOUND('',#1443,.T.);
#880=PLANE('',#1444);
#881=FACE_OUTER_BOUND('',#1445,.T.);
#882=PLANE('',#1446);
#883=FACE_OUTER_BOUND('',#1447,.T.);
#884=PLANE('',#1448);
#885=FACE_OUTER_BOUND('',#1449,.T.);
#886=PLANE('',#1450);
#887=FACE_OUTER_BOUND('',#1451,.T.);
#888=PLANE('',#1452);
#889=FACE_OUTER_BOUND('',#1453,.T.);
#890=PLANE('',#1454);
#891=FACE_OUTER_BOUND('',#1455,.T.);
#892=PLANE('',#1456);
#893=FACE_OUTER_BOUND('',#1457,.T.);
#894=PLANE('',#1458);
#895=ADVANCED_FACE('',(#1459),#1460,.F.);
#896=ADVANCED_FACE('',(#1461),#1462,.F.);
#897=ADVANCED_FACE('',(#1463),#1464,.F.);
#898=ADVANCED_FACE('',(#1465),#1466,.F.);
#899=ADVANCED_FACE('',(#1467),#1468,.F.);
#900=ADVANCED_FACE('',(#1469),#1470,.T.);
#901=ADVANCED_FACE('',(#1471),#1472,.F.);
#902=ADVANCED_FACE('',(#1473),#1474,.F.);
#903=ADVANCED_FACE('',(#1475),#1476,.F.);
#904=ADVANCED_FACE('',(#1477),#1478,.F.);
#905=ADVANCED_FACE('',(#1479),#1480,.F.);
#906=ADVANCED_FACE('',(#1481),#1482,.T.);
#907=TRIMMED_CURVE('',#1483,(PARAMETER_VALUE(0.0)),(PARAMETER_VALUE(1.0)),.T.,.UNSPECIFIED.);
#908=TRIMMED_CURVE('',#1484,(PARAMETER_VALUE(0.0)),(PARAMETER_VALUE(1.0)),.T.,.UNSPECIFIED.);
#909=TRIMMED_CURVE('',#1485,(PARAMETER_VALUE(0.0)),(PARAMETER_VALUE(1.0)),.T.,.UNSPECIFIED.);
#910=TRIMMED_CURVE('',#1486,(PARAMETER_VALUE(0.0)),(PARAMETER_VALUE(1.0)),.T.,.UNSPECIFIED.);
#911=TRIMMED_CURVE('',#1487,(PARAMETER_VALUE(0.0)),(PARAMETER_VALUE(1.0)),.T.,.UNSPECIFIED.);
#912=TRIMMED_CURVE('',#1488,(PARAMETER_VALUE(0.0)),(PARAMETER_VALUE(1.0)),.T.,.UNSPECIFIED.);
#913=TRIMMED_CURVE('',#1489,(PARAMETER_VALUE(0.0)),(PARAMETER_VALUE(1.0)),.T.,.UNSPECIFIED.);
#914=TRIMMED_CURVE('',#1490,(PARAMETER_VALUE(0.0)),(PARAMETER_VALUE(1.0)),.T.,.UNSPECIFIED.);
#915=TRIMMED_CURVE('',#1491,(PARAMETER_VALUE(0.0)),(PARAMETER_VALUE(1.0)),.T.,.UNSPECIFIED.);
#916=TRIMMED_CURVE('',#1492,(PARAMETER_VALUE(0.0)),(PARAMETER_VALUE(1.0)),.T.,.UNSPECIFIED.);
#917=TRIMMED_CURVE('',#1493,(PARAMETER_VALUE(0.0)),(PARAMETER_VALUE(1.0)),.T.,.UNSPECIFIED.);
#918=TRIMMED_CURVE('',#1494,(PARAMETER_VALUE(0.0)),(PARAMETER_VALUE(1.0)),.T.,.UNSPECIFIED.);
#919=TRIMMED_CURVE('',#1495,(PARAMETER_VALUE(0.0)),(PARAMETER_VALUE(1.0)),.T.,.UNSPECIFIED.);
#920=TRIMMED_CURVE('',#1496,(PARAMETER_VALUE(0.0)),(PARAMETER_VALUE(1.0)),.T.,.UNSPECIFIED.);
#921=TRIMMED_CURVE('',#1497,(PARAMETER_VALUE(0.0)),(PARAMETER_VALUE(1.0)),.T.,.UNSPECIFIED.);
#922=TRIMMED_CURVE('',#1498,(PARAMETER_VALUE(0.0)),(PARAMETER_VALUE(1.0)),.T.,.UNSPECIFIED.);
#923=TRIMMED_CURVE('',#1499,(PARAMETER_VALUE(0.0)),(PARAMETER_VALUE(1.0)),.T.,.UNSPECIFIED.);
#924=TRIMMED_CURVE('',#1500,(PARAMETER_VALUE(0.0)),(PARAMETER_VALUE(1.0)),.T.,.UNSPECIFIED.);
#925=TRIMMED_CURVE('',#1501,(PARAMETER_VALUE(0.0)),(PARAMETER_VALUE(1.0)),.T.,.UNSPECIFIED.);
#926=TRIMMED_CURVE('',#1502,(PARAMETER_VALUE(0.0)),(PARAMETER_VALUE(1.0)),.T.,.UNSPECIFIED.);
#927=TRIMMED_CURVE('',#1503,(PARAMETER_VALUE(0.0)),(PARAMETER_VALUE(1.0)),.T.,.UNSPECIFIED.);
#928=TRIMMED_CURVE('',#1504,(PARAMETER_VALUE(0.0)),(PARAMETER_VALUE(1.0)),.T.,.UNSPECIFIED.);
#929=TRIMMED_CURVE('',#1505,(PARAMETER_VALUE(0.0)),(PARAMETER_VALUE(1.0)),.T.,.UNSPECIFIED.);
#930=TRIMMED_CURVE('',#1506,(PARAMETER_VALUE(0.0)),(PARAMETER_VALUE(1.0)),.T.,.UNSPECIFIED.);
#931=TRIMMED_CURVE('',#1507,(PARAMETER_VALUE(0.0)),(PARAMETER_VALUE(1.0)),.T.,.UNSPECIFIED.);
#932=TRIMMED_CURVE('',#1508,(PARAMETER_VALUE(0.0)),(PARAMETER_VALUE(1.0)),.T.,.UNSPECIFIED.);
#933=TRIMMED_CURVE('',#1509,(PARAMETER_VALUE(0.0)),(PARAMETER_VALUE(1.0)),.T.,.UNSPECIFIED.);
#934=TRIMMED_CURVE('',#1510,(PARAMETER_VALUE(0.0)),(PARAMETER_VALUE(1.0)),.T.,.UNSPECIFIED.);
#935=TRIMMED_CURVE('',#1511,(PARAMETER_VALUE(0.0)),(PARAMETER_VALUE(1.0)),.T.,.UNSPECIFIED.);
#936=TRIMMED_CURVE('',#1512,(PARAMETER_VALUE(0.0)),(PARAMETER_VALUE(1.0)),.T.,.UNSPECIFIED.);
#937=TRIMMED_CURVE('',#1513,(PARAMETER_VALUE(0.0)),(PARAMETER_VALUE(1.0)),.T.,.UNSPECIFIED.);
#938=EDGE_LOOP('',(#1514,#1515,#1516,#1517));
#939=AXIS2_PLACEMENT_3D('',#1518,#1519,#1520);
#940=EDGE_LOOP('',(#1521,#1522,#1523,#1524));
#941=EDGE_LOOP('',(#1525,#1526,#1527,#1528));
#942=AXIS2_PLACEMENT_3D('',#1529,#1530,#1531);
#943=EDGE_LOOP('',(#1532,#1533,#1534,#1535,#1536,#1537,#1538,#1539,#1540,#1541,#1542,#1543,#1544,#1545,#1546,#1547,#1548,#1549,#1550,#1551,#1552,#1553,#1554,#1555));
#944=AXIS2_PLACEMENT_3D('',#1556,#1557,#1558);
#945=EDGE_LOOP('',(#1559,#1560,#1561,#1562));
#946=AXIS2_PLACEMENT_3D('',#1563,#1564,#1565);
#947=EDGE_LOOP('',(#1566,#1567,#1568,#1569));
#948=EDGE_LOOP('',(#1570,#1571,#1572,#1573));
#949=AXIS2_PLACEMENT_3D('',#1574,#1575,#1576);
#950=EDGE_LOOP('',(#1577,#1578,#1579,#1580));
#951=AXIS2_PLACEMENT_3D('',#1581,#1582,#1583);
#952=EDGE_LOOP('',(#1584,#1585,#1586,#1587));
#953=AXIS2_PLACEMENT_3D('',#1588,#1589,#1590);
#954=EDGE_LOOP('',(#1591,#1592,#1593,#1594));
#955=AXIS2_PLACEMENT_3D('',#1595,#1596,#1597);
#956=EDGE_LOOP('',(#1598,#1599,#1600,#1601));
#957=AXIS2_PLACEMENT_3D('',#1602,#1603,#1604);
#958=EDGE_LOOP('',(#1605,#1606,#1607,#1608));
#959=AXIS2_PLACEMENT_3D('',#1609,#1610,#1611);
#960=EDGE_LOOP('',(#1612,#1613,#1614,#1615));
#961=AXIS2_PLACEMENT_3D('',#1616,#1617,#1618);
#962=EDGE_LOOP('',(#1619,#1620,#1621,#1622));
#963=AXIS2_PLACEMENT_3D('',#1623,#1624,#1625);
#964=EDGE_LOOP('',(#1626,#1627,#1628,#1629,#1630,#1631,#1632,#1633,#1634,#1635,#1636,#1637,#1638,#1639,#1640,#1641,#1642,#1643,#1644,#1645,#1646,#1647,#1648,#1649,#1650,#1651,#1652,#1653,#1654,#1655,#1656,#1657,#1658,#1659,#1660,#1661,#1662,#1663,#1664,#1665,#1666,#1667,#1668,#1669,#1670,#1671,#1672,#1673,#1674,#1675,#1676,#1677,#1678,#1679,#1680,#1681,#1682,#1683,#1684,#1685,#1686,#1687));
#965=EDGE_LOOP('',(#1688,#1689,#1690,#1691));
#966=EDGE_LOOP('',(#1692,#1693,#1694,#1695));
#967=EDGE_LOOP('',(#1696,#1697,#1698,#1699));
#968=EDGE_LOOP('',(#1700,#1701,#1702,#1703));
#969=EDGE_LOOP('',(#1704,#1705,#1706,#1707));
#970=AXIS2_PLACEMENT_3D('',#1708,#1709,#1710);
#971=EDGE_LOOP('',(#1711,#1712,#1713,#1714,#1715));
#972=AXIS2_PLACEMENT_3D('',#1716,#1717,#1718);
#973=EDGE_LOOP('',(#1719,#1720,#1721,#1722));
#974=AXIS2_PLACEMENT_3D('',#1723,#1724,#1725);
#975=EDGE_LOOP('',(#1726,#1727,#1728,#1729));
#976=AXIS2_PLACEMENT_3D('',#1730,#1731,#1732);
#977=EDGE_LOOP('',(#1733,#1734,#1735,#1736));
#978=AXIS2_PLACEMENT_3D('',#1737,#1738,#1739);
#979=EDGE_LOOP('',(#1740,#1741,#1742,#1743,#1744));
#980=AXIS2_PLACEMENT_3D('',#1745,#1746,#1747);
#981=EDGE_LOOP('',(#1748,#1749,#1750,#1751,#1752,#1753,#1754,#1755,#1756,#1757,#1758,#1759,#1760,#1761,#1762,#1763,#1764,#1765,#1766,#1767));
#982=AXIS2_PLACEMENT_3D('',#1768,#1769,#1770);
#983=EDGE_LOOP('',(#1771,#1772,#1773,#1774));
#984=AXIS2_PLACEMENT_3D('',#1775,#1776,#1777);
#985=EDGE_LOOP('',(#1778,#1779,#1780,#1781));
#986=AXIS2_PLACEMENT_3D('',#1782,#1783,#1784);
#987=EDGE_LOOP('',(#1785,#1786,#1787,#1788));
#988=AXIS2_PLACEMENT_3D('',#1789,#1790,#1791);
#989=EDGE_LOOP('',(#1792,#1793,#1794,#1795));
#990=AXIS2_PLACEMENT_3D('',#1796,#1797,#1798);
#991=EDGE_LOOP('',(#1799,#1800,#1801,#1802));
#992=AXIS2_PLACEMENT_3D('',#1803,#1804,#1805);
#993=EDGE_LOOP('',(#1806,#1807,#1808,#1809,#1810));
#994=AXIS2_PLACEMENT_3D('',#1811,#1812,#1813);
#995=EDGE_LOOP('',(#1814,#1815,#1816,#1817,#1818,#1819,#1820,#1821));
#996=AXIS2_PLACEMENT_3D('',#1822,#1823,#1824);
#997=EDGE_LOOP('',(#1825,#1826,#1827,#1828,#1829,#1830,#1831,#1832));
#998=AXIS2_PLACEMENT_3D('',#1833,#1834,#1835);
#999=EDGE_LOOP('',(#1836,#1837,#1838,#1839));
#1000=AXIS2_PLACEMENT_3D('',#1840,#1841,#1842);
#1001=EDGE_LOOP('',(#1843,#1844,#1845,#1846,#1847,#1848,#1849,#1850,#1851,#1852,#1853,#1854,#1855,#1856,#1857,#1858));
#1002=AXIS2_PLACEMENT_3D('',#1859,#1860,#1861);
#1003=EDGE_LOOP('',(#1862,#1863,#1864,#1865,#1866));
#1004=AXIS2_PLACEMENT_3D('',#1867,#1868,#1869);
#1005=EDGE_LOOP('',(#1870,#1871,#1872,#1873,#1874));
#1006=AXIS2_PLACEMENT_3D('',#1875,#1876,#1877);
#1007=EDGE_LOOP('',(#1878,#1879,#1880,#1881));
#1008=AXIS2_PLACEMENT_3D('',#1882,#1883,#1884);
#1009=EDGE_LOOP('',(#1885,#1886,#1887,#1888));
#1010=AXIS2_PLACEMENT_3D('',#1889,#1890,#1891);
#1011=EDGE_LOOP('',(#1892,#1893,#1894,#1895));
#1012=AXIS2_PLACEMENT_3D('',#1896,#1897,#1898);
#1013=EDGE_LOOP('',(#1899,#1900,#1901,#1902,#1903,#1904,#1905));
#1014=AXIS2_PLACEMENT_3D('',#1906,#1907,#1908);
#1015=EDGE_LOOP('',(#1909,#1910,#1911,#1912,#1913,#1914,#1915,#1916,#1917,#1918,#1919,#1920,#1921,#1922,#1923,#1924,#1925,#1926,#1927,#1928));
#1016=EDGE_LOOP('',(#1929,#1930,#1931,#1932));
#1017=EDGE_LOOP('',(#1933,#1934,#1935,#1936));
#1018=EDGE_LOOP('',(#1937,#1938,#1939,#1940));
#1019=EDGE_LOOP('',(#1941,#1942,#1943,#1944));
#1020=AXIS2_PLACEMENT_3D('',#1945,#1946,#1947);
#1021=EDGE_LOOP('',(#1948,#1949,#1950,#1951));
#1022=AXIS2_PLACEMENT_3D('',#1952,#1953,#1954);
#1023=EDGE_LOOP('',(#1955,#1956,#1957,#1958));
#1024=AXIS2_PLACEMENT_3D('',#1959,#1960,#1961);
#1025=EDGE_LOOP('',(#1962,#1963,#1964,#1965));
#1026=AXIS2_PLACEMENT_3D('',#1966,#1967,#1968);
#1027=EDGE_LOOP('',(#1969,#1970,#1971,#1972,#1973,#1974,#1975));
#1028=AXIS2_PLACEMENT_3D('',#1976,#1977,#1978);
#1029=EDGE_LOOP('',(#1979,#1980,#1981,#1982));
#1030=AXIS2_PLACEMENT_3D('',#1983,#1984,#1985);
#1031=EDGE_LOOP('',(#1986,#1987,#1988,#1989));
#1032=AXIS2_PLACEMENT_3D('',#1990,#1991,#1992);
#1033=EDGE_LOOP('',(#1993,#1994,#1995,#1996));
#1034=AXIS2_PLACEMENT_3D('',#1997,#1998,#1999);
#1035=EDGE_LOOP('',(#2000,#2001,#2002,#2003));
#1036=AXIS2_PLACEMENT_3D('',#2004,#2005,#2006);
#1037=EDGE_LOOP('',(#2007,#2008,#2009,#2010));
#1038=AXIS2_PLACEMENT_3D('',#2011,#2012,#2013);
#1039=EDGE_LOOP('',(#2014,#2015,#2016,#2017));
#1040=AXIS2_PLACEMENT_3D('',#2018,#2019,#2020);
#1041=EDGE_LOOP('',(#2021,#2022,#2023,#2024,#2025,#2026));
#1042=AXIS2_PLACEMENT_3D('',#2027,#2028,#2029);
#1043=EDGE_LOOP('',(#2030,#2031,#2032,#2033));
#1044=AXIS2_PLACEMENT_3D('',#2034,#2035,#2036);
#1045=EDGE_LOOP('',(#2037,#2038,#2039,#2040,#2041));
#1046=AXIS2_PLACEMENT_3D('',#2042,#2043,#2044);
#1047=EDGE_LOOP('',(#2045,#2046,#2047,#2048));
#1048=AXIS2_PLACEMENT_3D('',#2049,#2050,#2051);
#1049=EDGE_LOOP('',(#2052,#2053,#2054,#2055));
#1050=AXIS2_PLACEMENT_3D('',#2056,#2057,#2058);
#1051=EDGE_LOOP('',(#2059,#2060,#2061,#2062,#2063,#2064,#2065,#2066,#2067,#2068,#2069,#2070,#2071,#2072,#2073,#2074));
#1052=AXIS2_PLACEMENT_3D('',#2075,#2076,#2077);
#1053=EDGE_LOOP('',(#2078,#2079,#2080,#2081,#2082,#2083));
#1054=AXIS2_PLACEMENT_3D('',#2084,#2085,#2086);
#1055=EDGE_LOOP('',(#2087,#2088,#2089,#2090));
#1056=AXIS2_PLACEMENT_3D('',#2091,#2092,#2093);
#1057=EDGE_LOOP('',(#2094,#2095,#2096,#2097));
#1058=AXIS2_PLACEMENT_3D('',#2098,#2099,#2100);
#1059=EDGE_LOOP('',(#2101,#2102,#2103,#2104,#2105));
#1060=AXIS2_PLACEMENT_3D('',#2106,#2107,#2108);
#1061=EDGE_LOOP('',(#2109,#2110,#2111,#2112));
#1062=AXIS2_PLACEMENT_3D('',#2113,#2114,#2115);
#1063=EDGE_LOOP('',(#2116,#2117,#2118,#2119));
#1064=AXIS2_PLACEMENT_3D('',#2120,#2121,#2122);
#1065=EDGE_LOOP('',(#2123,#2124,#2125,#2126));
#1066=AXIS2_PLACEMENT_3D('',#2127,#2128,#2129);
#1067=EDGE_LOOP('',(#2130,#2131,#2132,#2133));
#1068=AXIS2_PLACEMENT_3D('',#2134,#2135,#2136);
#1069=EDGE_LOOP('',(#2137,#2138,#2139,#2140));
#1070=AXIS2_PLACEMENT_3D('',#2141,#2142,#2143);
#1071=EDGE_LOOP('',(#2144,#2145,#2146,#2147));
#1072=AXIS2_PLACEMENT_3D('',#2148,#2149,#2150);
#1073=EDGE_LOOP('',(#2151,#2152,#2153,#2154));
#1074=AXIS2_PLACEMENT_3D('',#2155,#2156,#2157);
#1075=EDGE_LOOP('',(#2158,#2159,#2160,#2161,#2162,#2163,#2164,#2165));
#1076=AXIS2_PLACEMENT_3D('',#2166,#2167,#2168);
#1077=EDGE_LOOP('',(#2169,#2170,#2171,#2172));
#1078=AXIS2_PLACEMENT_3D('',#2173,#2174,#2175);
#1079=EDGE_LOOP('',(#2176,#2177,#2178,#2179));
#1080=AXIS2_PLACEMENT_3D('',#2180,#2181,#2182);
#1081=EDGE_LOOP('',(#2183,#2184,#2185,#2186));
#1082=AXIS2_PLACEMENT_3D('',#2187,#2188,#2189);
#1083=EDGE_LOOP('',(#2190,#2191,#2192,#2193));
#1084=AXIS2_PLACEMENT_3D('',#2194,#2195,#2196);
#1085=EDGE_LOOP('',(#2197,#2198,#2199,#2200,#2201,#2202,#2203,#2204));
#1086=AXIS2_PLACEMENT_3D('',#2205,#2206,#2207);
#1087=EDGE_LOOP('',(#2208,#2209,#2210,#2211,#2212,#2213,#2214,#2215,#2216));
#1088=AXIS2_PLACEMENT_3D('',#2217,#2218,#2219);
#1089=EDGE_LOOP('',(#2220,#2221,#2222,#2223,#2224,#2225,#2226,#2227));
#1090=AXIS2_PLACEMENT_3D('',#2228,#2229,#2230);
#1091=EDGE_LOOP('',(#2231,#2232,#2233,#2234,#2235,#2236,#2237,#2238));
#1092=AXIS2_PLACEMENT_3D('',#2239,#2240,#2241);
#1093=EDGE_LOOP('',(#2242,#2243,#2244,#2245,#2246,#2247,#2248,#2249,#2250));
#1094=AXIS2_PLACEMENT_3D('',#2251,#2252,#2253);
#1095=EDGE_LOOP('',(#2254,#2255,#2256,#2257));
#1096=AXIS2_PLACEMENT_3D('',#2258,#2259,#2260);
#1097=EDGE_LOOP('',(#2261,#2262,#2263,#2264));
#1098=AXIS2_PLACEMENT_3D('',#2265,#2266,#2267);
#1099=EDGE_LOOP('',(#2268,#2269,#2270,#2271));
#1100=AXIS2_PLACEMENT_3D('',#2272,#2273,#2274);
#1101=EDGE_LOOP('',(#2275,#2276,#2277,#2278,#2279,#2280,#2281,#2282,#2283,#2284,#2285,#2286,#2287,#2288));
#1102=AXIS2_PLACEMENT_3D('',#2289,#2290,#2291);
#1103=EDGE_LOOP('',(#2292,#2293,#2294,#2295,#2296,#2297,#2298,#2299,#2300,#2301,#2302,#2303,#2304,#2305));
#1104=AXIS2_PLACEMENT_3D('',#2306,#2307,#2308);
#1105=EDGE_LOOP('',(#2309,#2310,#2311,#2312));
#1106=AXIS2_PLACEMENT_3D('',#2313,#2314,#2315);
#1107=EDGE_LOOP('',(#2316,#2317,#2318,#2319));
#1108=AXIS2_PLACEMENT_3D('',#2320,#2321,#2322);
#1109=EDGE_LOOP('',(#2323,#2324,#2325,#2326,#2327));
#1110=AXIS2_PLACEMENT_3D('',#2328,#2329,#2330);
#1111=EDGE_LOOP('',(#2331,#2332,#2333,#2334,#2335));
#1112=AXIS2_PLACEMENT_3D('',#2336,#2337,#2338);
#1113=EDGE_LOOP('',(#2339,#2340,#2341,#2342,#2343));
#1114=AXIS2_PLACEMENT_3D('',#2344,#2345,#2346);
#1115=EDGE_LOOP('',(#2347,#2348,#2349,#2350));
#1116=AXIS2_PLACEMENT_3D('',#2351,#2352,#2353);
#1117=EDGE_LOOP('',(#2354,#2355,#2356,#2357));
#1118=AXIS2_PLACEMENT_3D('',#2358,#2359,#2360);
#1119=EDGE_LOOP('',(#2361,#2362,#2363,#2364));
#1120=AXIS2_PLACEMENT_3D('',#2365,#2366,#2367);
#1121=EDGE_LOOP('',(#2368,#2369,#2370,#2371,#2372));
#1122=AXIS2_PLACEMENT_3D('',#2373,#2374,#2375);
#1123=EDGE_LOOP('',(#2376,#2377,#2378,#2379));
#1124=AXIS2_PLACEMENT_3D('',#2380,#2381,#2382);
#1125=EDGE_LOOP('',(#2383,#2384,#2385,#2386,#2387,#2388));
#1126=AXIS2_PLACEMENT_3D('',#2389,#2390,#2391);
#1127=EDGE_LOOP('',(#2392,#2393,#2394));
#1128=AXIS2_PLACEMENT_3D('',#2395,#2396,#2397);
#1129=EDGE_LOOP('',(#2398,#2399,#2400));
#1130=AXIS2_PLACEMENT_3D('',#2401,#2402,#2403);
#1131=EDGE_LOOP('',(#2404,#2405,#2406,#2407));
#1132=AXIS2_PLACEMENT_3D('',#2408,#2409,#2410);
#1133=EDGE_LOOP('',(#2411,#2412,#2413,#2414));
#1134=AXIS2_PLACEMENT_3D('',#2415,#2416,#2417);
#1135=EDGE_LOOP('',(#2418,#2419,#2420,#2421,#2422));
#1136=AXIS2_PLACEMENT_3D('',#2423,#2424,#2425);
#1137=EDGE_LOOP('',(#2426,#2427,#2428));
#1138=AXIS2_PLACEMENT_3D('',#2429,#2430,#2431);
#1139=EDGE_LOOP('',(#2432,#2433,#2434));
#1140=AXIS2_PLACEMENT_3D('',#2435,#2436,#2437);
#1141=EDGE_LOOP('',(#2438,#2439,#2440,#2441,#2442,#2443));
#1142=AXIS2_PLACEMENT_3D('',#2444,#2445,#2446);
#1143=EDGE_LOOP('',(#2447,#2448,#2449,#2450));
#1144=AXIS2_PLACEMENT_3D('',#2451,#2452,#2453);
#1145=EDGE_LOOP('',(#2454,#2455,#2456,#2457));
#1146=AXIS2_PLACEMENT_3D('',#2458,#2459,#2460);
#1147=EDGE_LOOP('',(#2461,#2462,#2463,#2464,#2465));
#1148=AXIS2_PLACEMENT_3D('',#2466,#2467,#2468);
#1149=EDGE_LOOP('',(#2469,#2470,#2471,#2472));
#1150=AXIS2_PLACEMENT_3D('',#2473,#2474,#2475);
#1151=EDGE_LOOP('',(#2476,#2477,#2478,#2479));
#1152=AXIS2_PLACEMENT_3D('',#2480,#2481,#2482);
#1153=EDGE_LOOP('',(#2483,#2484,#2485,#2486));
#1154=AXIS2_PLACEMENT_3D('',#2487,#2488,#2489);
#1155=EDGE_LOOP('',(#2490,#2491,#2492,#2493,#2494,#2495));
#1156=AXIS2_PLACEMENT_3D('',#2496,#2497,#2498);
#1157=EDGE_LOOP('',(#2499,#2500,#2501,#2502));
#1158=AXIS2_PLACEMENT_3D('',#2503,#2504,#2505);
#1159=EDGE_LOOP('',(#2506,#2507,#2508,#2509,#2510,#2511));
#1160=AXIS2_PLACEMENT_3D('',#2512,#2513,#2514);
#1161=EDGE_LOOP('',(#2515,#2516,#2517,#2518));
#1162=AXIS2_PLACEMENT_3D('',#2519,#2520,#2521);
#1163=EDGE_LOOP('',(#2522,#2523,#2524,#2525));
#1164=AXIS2_PLACEMENT_3D('',#2526,#2527,#2528);
#1165=EDGE_LOOP('',(#2529,#2530,#2531,#2532));
#1166=AXIS2_PLACEMENT_3D('',#2533,#2534,#2535);
#1167=EDGE_LOOP('',(#2536,#2537,#2538));
#1168=AXIS2_PLACEMENT_3D('',#2539,#2540,#2541);
#1169=EDGE_LOOP('',(#2542,#2543,#2544));
#1170=AXIS2_PLACEMENT_3D('',#2545,#2546,#2547);
#1171=EDGE_LOOP('',(#2548,#2549,#2550,#2551,#2552));
#1172=AXIS2_PLACEMENT_3D('',#2553,#2554,#2555);
#1173=EDGE_LOOP('',(#2556,#2557,#2558,#2559,#2560));
#1174=AXIS2_PLACEMENT_3D('',#2561,#2562,#2563);
#1175=EDGE_LOOP('',(#2564,#2565,#2566,#2567));
#1176=AXIS2_PLACEMENT_3D('',#2568,#2569,#2570);
#1177=EDGE_LOOP('',(#2571,#2572,#2573,#2574,#2575));
#1178=AXIS2_PLACEMENT_3D('',#2576,#2577,#2578);
#1179=EDGE_LOOP('',(#2579,#2580,#2581,#2582));
#1180=AXIS2_PLACEMENT_3D('',#2583,#2584,#2585);
#1181=EDGE_LOOP('',(#2586,#2587,#2588,#2589));
#1182=AXIS2_PLACEMENT_3D('',#2590,#2591,#2592);
#1183=EDGE_LOOP('',(#2593,#2594,#2595,#2596));
#1184=AXIS2_PLACEMENT_3D('',#2597,#2598,#2599);
#1185=EDGE_LOOP('',(#2600,#2601,#2602,#2603,#2604));
#1186=AXIS2_PLACEMENT_3D('',#2605,#2606,#2607);
#1187=EDGE_LOOP('',(#2608,#2609,#2610,#2611));
#1188=AXIS2_PLACEMENT_3D('',#2612,#2613,#2614);
#1189=EDGE_LOOP('',(#2615,#2616,#2617,#2618));
#1190=AXIS2_PLACEMENT_3D('',#2619,#2620,#2621);
#1191=EDGE_LOOP('',(#2622,#2623,#2624,#2625));
#1192=AXIS2_PLACEMENT_3D('',#2626,#2627,#2628);
#1193=EDGE_LOOP('',(#2629,#2630,#2631,#2632,#2633,#2634));
#1194=AXIS2_PLACEMENT_3D('',#2635,#2636,#2637);
#1195=EDGE_LOOP('',(#2638,#2639,#2640,#2641));
#1196=AXIS2_PLACEMENT_3D('',#2642,#2643,#2644);
#1197=EDGE_LOOP('',(#2645,#2646,#2647,#2648,#2649,#2650));
#1198=AXIS2_PLACEMENT_3D('',#2651,#2652,#2653);
#1199=EDGE_LOOP('',(#2654,#2655,#2656,#2657));
#1200=AXIS2_PLACEMENT_3D('',#2658,#2659,#2660);
#1201=EDGE_LOOP('',(#2661,#2662,#2663,#2664));
#1202=AXIS2_PLACEMENT_3D('',#2665,#2666,#2667);
#1203=EDGE_LOOP('',(#2668,#2669,#2670,#2671,#2672,#2673));
#1204=AXIS2_PLACEMENT_3D('',#2674,#2675,#2676);
#1205=EDGE_LOOP('',(#2677,#2678,#2679,#2680,#2681,#2682));
#1206=AXIS2_PLACEMENT_3D('',#2683,#2684,#2685);
#1207=EDGE_LOOP('',(#2686,#2687,#2688,#2689));
#1208=AXIS2_PLACEMENT_3D('',#2690,#2691,#2692);
#1209=EDGE_LOOP('',(#2693,#2694,#2695,#2696));
#1210=AXIS2_PLACEMENT_3D('',#2697,#2698,#2699);
#1211=EDGE_LOOP('',(#2700,#2701,#2702,#2703));
#1212=AXIS2_PLACEMENT_3D('',#2704,#2705,#2706);
#1213=EDGE_LOOP('',(#2707,#2708,#2709,#2710));
#1214=AXIS2_PLACEMENT_3D('',#2711,#2712,#2713);
#1215=EDGE_LOOP('',(#2714,#2715,#2716,#2717));
#1216=AXIS2_PLACEMENT_3D('',#2718,#2719,#2720);
#1217=EDGE_LOOP('',(#2721,#2722,#2723,#2724));
#1218=AXIS2_PLACEMENT_3D('',#2725,#2726,#2727);
#1219=EDGE_LOOP('',(#2728,#2729,#2730,#2731));
#1220=AXIS2_PLACEMENT_3D('',#2732,#2733,#2734);
#1221=EDGE_LOOP('',(#2735,#2736,#2737,#2738));
#1222=AXIS2_PLACEMENT_3D('',#2739,#2740,#2741);
#1223=EDGE_LOOP('',(#2742,#2743,#2744,#2745));
#1224=AXIS2_PLACEMENT_3D('',#2746,#2747,#2748);
#1225=EDGE_LOOP('',(#2749,#2750,#2751,#2752));
#1226=AXIS2_PLACEMENT_3D('',#2753,#2754,#2755);
#1227=EDGE_LOOP('',(#2756,#2757,#2758,#2759));
#1228=AXIS2_PLACEMENT_3D('',#2760,#2761,#2762);
#1229=EDGE_LOOP('',(#2763,#2764,#2765,#2766));
#1230=AXIS2_PLACEMENT_3D('',#2767,#2768,#2769);
#1231=EDGE_LOOP('',(#2770,#2771,#2772,#2773));
#1232=AXIS2_PLACEMENT_3D('',#2774,#2775,#2776);
#1233=EDGE_LOOP('',(#2777,#2778,#2779,#2780));
#1234=AXIS2_PLACEMENT_3D('',#2781,#2782,#2783);
#1235=EDGE_LOOP('',(#2784,#2785,#2786,#2787));
#1236=AXIS2_PLACEMENT_3D('',#2788,#2789,#2790);
#1237=EDGE_LOOP('',(#2791,#2792,#2793,#2794));
#1238=AXIS2_PLACEMENT_3D('',#2795,#2796,#2797);
#1239=EDGE_LOOP('',(#2798,#2799,#2800,#2801));
#1240=AXIS2_PLACEMENT_3D('',#2802,#2803,#2804);
#1241=EDGE_LOOP('',(#2805,#2806,#2807,#2808));
#1242=AXIS2_PLACEMENT_3D('',#2809,#2810,#2811);
#1243=EDGE_LOOP('',(#2812,#2813,#2814,#2815));
#1244=AXIS2_PLACEMENT_3D('',#2816,#2817,#2818);
#1245=EDGE_LOOP('',(#2819,#2820,#2821,#2822));
#1246=AXIS2_PLACEMENT_3D('',#2823,#2824,#2825);
#1247=EDGE_LOOP('',(#2826,#2827,#2828,#2829));
#1248=AXIS2_PLACEMENT_3D('',#2830,#2831,#2832);
#1249=EDGE_LOOP('',(#2833,#2834,#2835,#2836));
#1250=AXIS2_PLACEMENT_3D('',#2837,#2838,#2839);
#1251=EDGE_LOOP('',(#2840,#2841,#2842,#2843));
#1252=AXIS2_PLACEMENT_3D('',#2844,#2845,#2846);
#1253=EDGE_LOOP('',(#2847,#2848,#2849,#2850));
#1254=AXIS2_PLACEMENT_3D('',#2851,#2852,#2853);
#1255=EDGE_LOOP('',(#2854,#2855,#2856,#2857));
#1256=AXIS2_PLACEMENT_3D('',#2858,#2859,#2860);
#1257=EDGE_LOOP('',(#2861,#2862,#2863,#2864));
#1258=AXIS2_PLACEMENT_3D('',#2865,#2866,#2867);
#1259=EDGE_LOOP('',(#2868,#2869,#2870,#2871));
#1260=AXIS2_PLACEMENT_3D('',#2872,#2873,#2874);
#1261=EDGE_LOOP('',(#2875,#2876,#2877,#2878));
#1262=AXIS2_PLACEMENT_3D('',#2879,#2880,#2881);
#1263=EDGE_LOOP('',(#2882,#2883,#2884,#2885));
#1264=AXIS2_PLACEMENT_3D('',#2886,#2887,#2888);
#1265=EDGE_LOOP('',(#2889,#2890,#2891,#2892));
#1266=AXIS2_PLACEMENT_3D('',#2893,#2894,#2895);
#1267=EDGE_LOOP('',(#2896,#2897,#2898,#2899));
#1268=AXIS2_PLACEMENT_3D('',#2900,#2901,#2902);
#1269=EDGE_LOOP('',(#2903,#2904,#2905,#2906));
#1270=AXIS2_PLACEMENT_3D('',#2907,#2908,#2909);
#1271=EDGE_LOOP('',(#2910,#2911,#2912,#2913));
#1272=AXIS2_PLACEMENT_3D('',#2914,#2915,#2916);
#1273=EDGE_LOOP('',(#2917,#2918,#2919,#2920));
#1274=AXIS2_PLACEMENT_3D('',#2921,#2922,#2923);
#1275=EDGE_LOOP('',(#2924,#2925,#2926,#2927));
#1276=AXIS2_PLACEMENT_3D('',#2928,#2929,#2930);
#1277=EDGE_LOOP('',(#2931,#2932,#2933,#2934));
#1278=AXIS2_PLACEMENT_3D('',#2935,#2936,#2937);
#1279=EDGE_LOOP('',(#2938,#2939,#2940,#2941));
#1280=AXIS2_PLACEMENT_3D('',#2942,#2943,#2944);
#1281=EDGE_LOOP('',(#2945,#2946,#2947,#2948));
#1282=AXIS2_PLACEMENT_3D('',#2949,#2950,#2951);
#1283=EDGE_LOOP('',(#2952,#2953,#2954,#2955));
#1284=AXIS2_PLACEMENT_3D('',#2956,#2957,#2958);
#1285=EDGE_LOOP('',(#2959,#2960,#2961,#2962));
#1286=AXIS2_PLACEMENT_3D('',#2963,#2964,#2965);
#1287=EDGE_LOOP('',(#2966,#2967,#2968,#2969));
#1288=AXIS2_PLACEMENT_3D('',#2970,#2971,#2972);
#1289=EDGE_LOOP('',(#2973,#2974,#2975,#2976));
#1290=AXIS2_PLACEMENT_3D('',#2977,#2978,#2979);
#1291=EDGE_LOOP('',(#2980,#2981,#2982,#2983));
#1292=AXIS2_PLACEMENT_3D('',#2984,#2985,#2986);
#1293=EDGE_LOOP('',(#2987,#2988,#2989,#2990));
#1294=AXIS2_PLACEMENT_3D('',#2991,#2992,#2993);
#1295=EDGE_LOOP('',(#2994,#2995,#2996,#2997,#2998));
#1296=AXIS2_PLACEMENT_3D('',#2999,#3000,#3001);
#1297=EDGE_LOOP('',(#3002,#3003,#3004,#3005));
#1298=AXIS2_PLACEMENT_3D('',#3006,#3007,#3008);
#1299=EDGE_LOOP('',(#3009,#3010,#3011,#3012));
#1300=AXIS2_PLACEMENT_3D('',#3013,#3014,#3015);
#1301=EDGE_LOOP('',(#3016,#3017,#3018,#3019));
#1302=AXIS2_PLACEMENT_3D('',#3020,#3021,#3022);
#1303=EDGE_LOOP('',(#3023,#3024,#3025,#3026));
#1304=AXIS2_PLACEMENT_3D('',#3027,#3028,#3029);
#1305=EDGE_LOOP('',(#3030,#3031,#3032,#3033));
#1306=AXIS2_PLACEMENT_3D('',#3034,#3035,#3036);
#1307=EDGE_LOOP('',(#3037,#3038,#3039,#3040));
#1308=AXIS2_PLACEMENT_3D('',#3041,#3042,#3043);
#1309=EDGE_LOOP('',(#3044,#3045,#3046,#3047));
#1310=EDGE_LOOP('',(#3048,#3049,#3050,#3051));
#1311=AXIS2_PLACEMENT_3D('',#3052,#3053,#3054);
#1312=EDGE_LOOP('',(#3055,#3056,#3057,#3058));
#1313=AXIS2_PLACEMENT_3D('',#3059,#3060,#3061);
#1314=EDGE_LOOP('',(#3062,#3063,#3064,#3065,#3066,#3067,#3068,#3069,#3070,#3071));
#1315=AXIS2_PLACEMENT_3D('',#3072,#3073,#3074);
#1316=EDGE_LOOP('',(#3075,#3076,#3077,#3078));
#1317=AXIS2_PLACEMENT_3D('',#3079,#3080,#3081);
#1318=EDGE_LOOP('',(#3082,#3083,#3084,#3085,#3086,#3087,#3088,#3089,#3090,#3091));
#1319=AXIS2_PLACEMENT_3D('',#3092,#3093,#3094);
#1320=EDGE_LOOP('',(#3095,#3096,#3097,#3098));
#1321=AXIS2_PLACEMENT_3D('',#3099,#3100,#3101);
#1322=EDGE_LOOP('',(#3102,#3103,#3104,#3105));
#1323=AXIS2_PLACEMENT_3D('',#3106,#3107,#3108);
#1324=EDGE_LOOP('',(#3109,#3110,#3111,#3112));
#1325=AXIS2_PLACEMENT_3D('',#3113,#3114,#3115);
#1326=EDGE_LOOP('',(#3116,#3117,#3118,#3119));
#1327=AXIS2_PLACEMENT_3D('',#3120,#3121,#3122);
#1328=EDGE_LOOP('',(#3123,#3124,#3125,#3126));
#1329=AXIS2_PLACEMENT_3D('',#3127,#3128,#3129);
#1330=EDGE_LOOP('',(#3130,#3131,#3132,#3133));
#1331=AXIS2_PLACEMENT_3D('',#3134,#3135,#3136);
#1332=EDGE_LOOP('',(#3137,#3138,#3139,#3140));
#1333=AXIS2_PLACEMENT_3D('',#3141,#3142,#3143);
#1334=EDGE_LOOP('',(#3144,#3145,#3146,#3147));
#1335=AXIS2_PLACEMENT_3D('',#3148,#3149,#3150);
#1336=EDGE_LOOP('',(#3151,#3152,#3153,#3154));
#1337=AXIS2_PLACEMENT_3D('',#3155,#3156,#3157);
#1338=EDGE_LOOP('',(#3158,#3159,#3160,#3161));
#1339=EDGE_LOOP('',(#3162,#3163,#3164,#3165));
#1340=AXIS2_PLACEMENT_3D('',#3166,#3167,#3168);
#1341=EDGE_LOOP('',(#3169,#3170,#3171,#3172));
#1342=AXIS2_PLACEMENT_3D('',#3173,#3174,#3175);
#1343=EDGE_LOOP('',(#3176,#3177,#3178,#3179,#3180,#3181,#3182,#3183,#3184,#3185));
#1344=AXIS2_PLACEMENT_3D('',#3186,#3187,#3188);
#1345=EDGE_LOOP('',(#3189,#3190,#3191,#3192));
#1346=AXIS2_PLACEMENT_3D('',#3193,#3194,#3195);
#1347=EDGE_LOOP('',(#3196,#3197,#3198,#3199,#3200,#3201,#3202,#3203,#3204,#3205));
#1348=AXIS2_PLACEMENT_3D('',#3206,#3207,#3208);
#1349=EDGE_LOOP('',(#3209,#3210,#3211,#3212));
#1350=AXIS2_PLACEMENT_3D('',#3213,#3214,#3215);
#1351=EDGE_LOOP('',(#3216,#3217,#3218,#3219));
#1352=AXIS2_PLACEMENT_3D('',#3220,#3221,#3222);
#1353=EDGE_LOOP('',(#3223,#3224,#3225,#3226));
#1354=AXIS2_PLACEMENT_3D('',#3227,#3228,#3229);
#1355=EDGE_LOOP('',(#3230,#3231,#3232,#3233));
#1356=AXIS2_PLACEMENT_3D('',#3234,#3235,#3236);
#1357=EDGE_LOOP('',(#3237,#3238,#3239,#3240));
#1358=AXIS2_PLACEMENT_3D('',#3241,#3242,#3243);
#1359=EDGE_LOOP('',(#3244,#3245,#3246,#3247));
#1360=AXIS2_PLACEMENT_3D('',#3248,#3249,#3250);
#1361=EDGE_LOOP('',(#3251,#3252,#3253,#3254));
#1362=AXIS2_PLACEMENT_3D('',#3255,#3256,#3257);
#1363=EDGE_LOOP('',(#3258,#3259,#3260,#3261));
#1364=AXIS2_PLACEMENT_3D('',#3262,#3263,#3264);
#1365=EDGE_LOOP('',(#3265,#3266,#3267,#3268));
#1366=AXIS2_PLACEMENT_3D('',#3269,#3270,#3271);
#1367=EDGE_LOOP('',(#3272,#3273,#3274,#3275));
#1368=AXIS2_PLACEMENT_3D('',#3276,#3277,#3278);
#1369=EDGE_LOOP('',(#3279,#3280,#3281,#3282));
#1370=AXIS2_PLACEMENT_3D('',#3283,#3284,#3285);
#1371=EDGE_LOOP('',(#3286,#3287,#3288,#3289));
#1372=AXIS2_PLACEMENT_3D('',#3290,#3291,#3292);
#1373=EDGE_LOOP('',(#3293,#3294,#3295,#3296));
#1374=AXIS2_PLACEMENT_3D('',#3297,#3298,#3299);
#1375=EDGE_LOOP('',(#3300,#3301,#3302,#3303));
#1376=AXIS2_PLACEMENT_3D('',#3304,#3305,#3306);
#1377=EDGE_LOOP('',(#3307,#3308,#3309,#3310));
#1378=AXIS2_PLACEMENT_3D('',#3311,#3312,#3313);
#1379=EDGE_LOOP('',(#3314,#3315,#3316,#3317));
#1380=AXIS2_PLACEMENT_3D('',#3318,#3319,#3320);
#1381=EDGE_LOOP('',(#3321,#3322,#3323,#3324));
#1382=AXIS2_PLACEMENT_3D('',#3325,#3326,#3327);
#1383=EDGE_LOOP('',(#3328,#3329,#3330,#3331));
#1384=AXIS2_PLACEMENT_3D('',#3332,#3333,#3334);
#1385=EDGE_LOOP('',(#3335,#3336,#3337,#3338));
#1386=AXIS2_PLACEMENT_3D('',#3339,#3340,#3341);
#1387=EDGE_LOOP('',(#3342,#3343,#3344,#3345));
#1388=AXIS2_PLACEMENT_3D('',#3346,#3347,#3348);
#1389=EDGE_LOOP('',(#3349,#3350,#3351,#3352));
#1390=AXIS2_PLACEMENT_3D('',#3353,#3354,#3355);
#1391=EDGE_LOOP('',(#3356,#3357,#3358,#3359));
#1392=AXIS2_PLACEMENT_3D('',#3360,#3361,#3362);
#1393=EDGE_LOOP('',(#3363,#3364,#3365,#3366));
#1394=AXIS2_PLACEMENT_3D('',#3367,#3368,#3369);
#1395=EDGE_LOOP('',(#3370,#3371,#3372,#3373));
#1396=AXIS2_PLACEMENT_3D('',#3374,#3375,#3376);
#1397=EDGE_LOOP('',(#3377,#3378,#3379,#3380));
#1398=AXIS2_PLACEMENT_3D('',#3381,#3382,#3383);
#1399=EDGE_LOOP('',(#3384,#3385,#3386,#3387));
#1400=AXIS2_PLACEMENT_3D('',#3388,#3389,#3390);
#1401=EDGE_LOOP('',(#3391,#3392,#3393,#3394));
#1402=AXIS2_PLACEMENT_3D('',#3395,#3396,#3397);
#1403=EDGE_LOOP('',(#3398,#3399,#3400,#3401));
#1404=AXIS2_PLACEMENT_3D('',#3402,#3403,#3404);
#1405=EDGE_LOOP('',(#3405,#3406,#3407,#3408));
#1406=AXIS2_PLACEMENT_3D('',#3409,#3410,#3411);
#1407=EDGE_LOOP('',(#3412,#3413,#3414,#3415));
#1408=AXIS2_PLACEMENT_3D('',#3416,#3417,#3418);
#1409=EDGE_LOOP('',(#3419,#3420,#3421,#3422));
#1410=AXIS2_PLACEMENT_3D('',#3423,#3424,#3425);
#1411=EDGE_LOOP('',(#3426,#3427,#3428,#3429));
#1412=AXIS2_PLACEMENT_3D('',#3430,#3431,#3432);
#1413=EDGE_LOOP('',(#3433,#3434,#3435,#3436));
#1414=AXIS2_PLACEMENT_3D('',#3437,#3438,#3439);
#1415=EDGE_LOOP('',(#3440,#3441,#3442,#3443));
#1416=AXIS2_PLACEMENT_3D('',#3444,#3445,#3446);
#1417=EDGE_LOOP('',(#3447,#3448,#3449,#3450,#3451,#3452,#3453,#3454,#3455,#3456));
#1418=AXIS2_PLACEMENT_3D('',#3457,#3458,#3459);
#1419=EDGE_LOOP('',(#3460,#3461,#3462,#3463));
#1420=AXIS2_PLACEMENT_3D('',#3464,#3465,#3466);
#1421=EDGE_LOOP('',(#3467,#3468,#3469,#3470,#3471,#3472,#3473,#3474,#3475,#3476));
#1422=AXIS2_PLACEMENT_3D('',#3477,#3478,#3479);
#1423=EDGE_LOOP('',(#3480,#3481,#3482,#3483));
#1424=AXIS2_PLACEMENT_3D('',#3484,#3485,#3486);
#1425=EDGE_LOOP('',(#3487,#3488,#3489,#3490));
#1426=AXIS2_PLACEMENT_3D('',#3491,#3492,#3493);
#1427=EDGE_LOOP('',(#3494,#3495,#3496,#3497));
#1428=AXIS2_PLACEMENT_3D('',#3498,#3499,#3500);
#1429=EDGE_LOOP('',(#3501,#3502,#3503,#3504));
#1430=AXIS2_PLACEMENT_3D('',#3505,#3506,#3507);
#1431=EDGE_LOOP('',(#3508,#3509,#3510,#3511));
#1432=AXIS2_PLACEMENT_3D('',#3512,#3513,#3514);
#1433=EDGE_LOOP('',(#3515,#3516,#3517,#3518));
#1434=AXIS2_PLACEMENT_3D('',#3519,#3520,#3521);
#1435=EDGE_LOOP('',(#3522,#3523,#3524,#3525));
#1436=AXIS2_PLACEMENT_3D('',#3526,#3527,#3528);
#1437=EDGE_LOOP('',(#3529,#3530,#3531,#3532));
#1438=AXIS2_PLACEMENT_3D('',#3533,#3534,#3535);
#1439=EDGE_LOOP('',(#3536,#3537,#3538,#3539,#3540,#3541,#3542,#3543,#3544,#3545));
#1440=AXIS2_PLACEMENT_3D('',#3546,#3547,#3548);
#1441=EDGE_LOOP('',(#3549,#3550,#3551,#3552));
#1442=AXIS2_PLACEMENT_3D('',#3553,#3554,#3555);
#1443=EDGE_LOOP('',(#3556,#3557,#3558,#3559,#3560,#3561,#3562,#3563,#3564,#3565));
#1444=AXIS2_PLACEMENT_3D('',#3566,#3567,#3568);
#1445=EDGE_LOOP('',(#3569,#3570,#3571,#3572));
#1446=AXIS2_PLACEMENT_3D('',#3573,#3574,#3575);
#1447=EDGE_LOOP('',(#3576,#3577,#3578,#3579));
#1448=AXIS2_PLACEMENT_3D('',#3580,#3581,#3582);
#1449=EDGE_LOOP('',(#3583,#3584,#3585,#3586));
#1450=AXIS2_PLACEMENT_3D('',#3587,#3588,#3589);
#1451=EDGE_LOOP('',(#3590,#3591,#3592,#3593));
#1452=AXIS2_PLACEMENT_3D('',#3594,#3595,#3596);
#1453=EDGE_LOOP('',(#3597,#3598,#3599,#3600));
#1454=AXIS2_PLACEMENT_3D('',#3601,#3602,#3603);
#1455=EDGE_LOOP('',(#3604,#3605,#3606,#3607));
#1456=AXIS2_PLACEMENT_3D('',#3608,#3609,#3610);
#1457=EDGE_LOOP('',(#3611,#3612,#3613,#3614));
#1458=AXIS2_PLACEMENT_3D('',#3615,#3616,#3617);
#1459=FACE_OUTER_BOUND('',#3618,.T.);
#1460=PLANE('',#3619);
#1461=FACE_OUTER_BOUND('',#3620,.T.);
#1462=PLANE('',#3621);
#1463=FACE_OUTER_BOUND('',#3622,.T.);
#1464=PLANE('',#3623);
#1465=FACE_OUTER_BOUND('',#3624,.T.);
#1466=PLANE('',#3625);
#1467=FACE_OUTER_BOUND('',#3626,.T.);
#1468=PLANE('',#3627);
#1469=FACE_OUTER_BOUND('',#3628,.T.);
#1470=PLANE('',#3629);
#1471=FACE_OUTER_BOUND('',#3630,.T.);
#1472=PLANE('',#3631);
#1473=FACE_OUTER_BOUND('',#3632,.T.);
#1474=PLANE('',#3633);
#1475=FACE_OUTER_BOUND('',#3634,.T.);
#1476=PLANE('',#3635);
#1477=FACE_OUTER_BOUND('',#3636,.T.);
#1478=PLANE('',#3637);
#1479=FACE_OUTER_BOUND('',#3638,.T.);
#1480=PLANE('',#3639);
#1481=FACE_OUTER_BOUND('',#3640,.T.);
#1482=PLANE('',#3641);
#1483=LINE('',#3642,#3643);
#1484=LINE('',#3644,#3645);
#1485=LINE('',#3646,#3647);
#1486=LINE('',#3648,#3649);
#1487=LINE('',#3650,#3651);
#1488=LINE('',#3652,#3653);
#1489=LINE('',#3654,#3655);
#1490=LINE('',#3656,#3657);
#1491=LINE('',#3658,#3659);
#1492=LINE('',#3660,#3661);
#1493=LINE('',#3662,#3663);
#1494=LINE('',#3664,#3665);
#1495=LINE('',#3666,#3667);
#1496=LINE('',#3668,#3669);
#1497=LINE('',#3670,#3671);
#1498=LINE('',#3672,#3673);
#1499=LINE('',#3674,#3675);
#1500=LINE('',#3676,#3677);
#1501=LINE('',#3678,#3679);
#1502=LINE('',#3680,#3681);
#1503=LINE('',#3682,#3683);
#1504=LINE('',#3684,#3685);
#1505=LINE('',#3686,#3687);
#1506=LINE('',#3688,#3689);
#1507=LINE('',#3690,#3691);
#1508=LINE('',#3692,#3693);
#1509=LINE('',#3694,#3695);
#1510=LINE('',#3696,#3697);
#1511=LINE('',#3698,#3699);
#1512=LINE('',#3700,#3701);
#1513=LINE('',#3702,#3703);
#1514=ORIENTED_EDGE('',*,*,#3704,.F.);
#1515=ORIENTED_EDGE('',*,*,#3705,.T.);
#1516=ORIENTED_EDGE('',*,*,#3706,.T.);
#1517=ORIENTED_EDGE('',*,*,#3707,.T.);
#1518=CARTESIAN_POINT('',(2.035,-3.525,-0.9));
#1519=DIRECTION('',(0.0,0.0,-1.0));
#1520=DIRECTION('',(0.0,-1.0,0.0));
#1521=ORIENTED_EDGE('',*,*,#3708,.F.);
#1522=ORIENTED_EDGE('',*,*,#3709,.T.);
#1523=ORIENTED_EDGE('',*,*,#3710,.T.);
#1524=ORIENTED_EDGE('',*,*,#3711,.F.);
#1525=ORIENTED_EDGE('',*,*,#3707,.F.);
#1526=ORIENTED_EDGE('',*,*,#3712,.F.);
#1527=ORIENTED_EDGE('',*,*,#3713,.T.);
#1528=ORIENTED_EDGE('',*,*,#3714,.T.);
#1529=CARTESIAN_POINT('',(1.45,-3.075,-1.6));
#1530=DIRECTION('',(-0.0,1.0,0.0));
#1531=DIRECTION('',(1.0,0.0,0.0));
#1532=ORIENTED_EDGE('',*,*,#3715,.T.);
#1533=ORIENTED_EDGE('',*,*,#3716,.T.);
#1534=ORIENTED_EDGE('',*,*,#3717,.F.);
#1535=ORIENTED_EDGE('',*,*,#3718,.T.);
#1536=ORIENTED_EDGE('',*,*,#3719,.T.);
#1537=ORIENTED_EDGE('',*,*,#3720,.T.);
#1538=ORIENTED_EDGE('',*,*,#3721,.F.);
#1539=ORIENTED_EDGE('',*,*,#3722,.T.);
#1540=ORIENTED_EDGE('',*,*,#3723,.T.);
#1541=ORIENTED_EDGE('',*,*,#3724,.T.);
#1542=ORIENTED_EDGE('',*,*,#3725,.F.);
#1543=ORIENTED_EDGE('',*,*,#3726,.T.);
#1544=ORIENTED_EDGE('',*,*,#3711,.T.);
#1545=ORIENTED_EDGE('',*,*,#3727,.T.);
#1546=ORIENTED_EDGE('',*,*,#3728,.F.);
#1547=ORIENTED_EDGE('',*,*,#3729,.F.);
#1548=ORIENTED_EDGE('',*,*,#3730,.T.);
#1549=ORIENTED_EDGE('',*,*,#3731,.T.);
#1550=ORIENTED_EDGE('',*,*,#3732,.F.);
#1551=ORIENTED_EDGE('',*,*,#3733,.F.);
#1552=ORIENTED_EDGE('',*,*,#3734,.T.);
#1553=ORIENTED_EDGE('',*,*,#3735,.T.);
#1554=ORIENTED_EDGE('',*,*,#3736,.F.);
#1555=ORIENTED_EDGE('',*,*,#3737,.T.);
#1556=CARTESIAN_POINT('',(-3.375,-3.675,2.1));
#1557=DIRECTION('',(0.0,0.0,1.0));
#1558=DIRECTION('',(1.0,0.0,0.0));
#1559=ORIENTED_EDGE('',*,*,#3738,.F.);
#1560=ORIENTED_EDGE('',*,*,#3739,.T.);
#1561=ORIENTED_EDGE('',*,*,#3740,.T.);
#1562=ORIENTED_EDGE('',*,*,#3737,.F.);
#1563=CARTESIAN_POINT('',(-2.3,-3.475,-1.6));
#1564=DIRECTION('',(-1.0,0.0,0.0));
#1565=DIRECTION('',(0.0,0.0,1.0));
#1566=ORIENTED_EDGE('',*,*,#3740,.F.);
#1567=ORIENTED_EDGE('',*,*,#3741,.T.);
#1568=ORIENTED_EDGE('',*,*,#3742,.T.);
#1569=ORIENTED_EDGE('',*,*,#3715,.F.);
#1570=ORIENTED_EDGE('',*,*,#3743,.F.);
#1571=ORIENTED_EDGE('',*,*,#3744,.F.);
#1572=ORIENTED_EDGE('',*,*,#3745,.T.);
#1573=ORIENTED_EDGE('',*,*,#3746,.T.);
#1574=CARTESIAN_POINT('',(-2.3,-3.075,-1.6));
#1575=DIRECTION('',(-0.0,1.0,0.0));
#1576=DIRECTION('',(1.0,0.0,0.0));
#1577=ORIENTED_EDGE('',*,*,#3742,.F.);
#1578=ORIENTED_EDGE('',*,*,#3747,.T.);
#1579=ORIENTED_EDGE('',*,*,#3748,.T.);
#1580=ORIENTED_EDGE('',*,*,#3716,.F.);
#1581=CARTESIAN_POINT('',(-1.45,-3.075,-1.6));
#1582=DIRECTION('',(1.0,0.0,0.0));
#1583=DIRECTION('',(0.0,1.0,0.0));
#1584=ORIENTED_EDGE('',*,*,#3749,.F.);
#1585=ORIENTED_EDGE('',*,*,#3750,.T.);
#1586=ORIENTED_EDGE('',*,*,#3728,.T.);
#1587=ORIENTED_EDGE('',*,*,#3751,.F.);
#1588=CARTESIAN_POINT('',(2.975,-3.475,-1.6));
#1589=DIRECTION('',(-0.0,1.0,0.0));
#1590=DIRECTION('',(1.0,0.0,0.0));
#1591=ORIENTED_EDGE('',*,*,#3752,.F.);
#1592=ORIENTED_EDGE('',*,*,#3753,.T.);
#1593=ORIENTED_EDGE('',*,*,#3725,.T.);
#1594=ORIENTED_EDGE('',*,*,#3754,.F.);
#1595=CARTESIAN_POINT('',(2.975,-3.475,-1.6));
#1596=DIRECTION('',(-0.0,1.0,0.0));
#1597=DIRECTION('',(1.0,0.0,0.0));
#1598=ORIENTED_EDGE('',*,*,#3755,.F.);
#1599=ORIENTED_EDGE('',*,*,#3756,.T.);
#1600=ORIENTED_EDGE('',*,*,#3721,.T.);
#1601=ORIENTED_EDGE('',*,*,#3757,.F.);
#1602=CARTESIAN_POINT('',(2.975,-3.475,-1.6));
#1603=DIRECTION('',(-0.0,1.0,0.0));
#1604=DIRECTION('',(1.0,0.0,0.0));
#1605=ORIENTED_EDGE('',*,*,#3736,.T.);
#1606=ORIENTED_EDGE('',*,*,#3758,.F.);
#1607=ORIENTED_EDGE('',*,*,#3759,.F.);
#1608=ORIENTED_EDGE('',*,*,#3738,.T.);
#1609=CARTESIAN_POINT('',(2.975,-3.475,-1.6));
#1610=DIRECTION('',(-0.0,1.0,0.0));
#1611=DIRECTION('',(1.0,0.0,0.0));
#1612=ORIENTED_EDGE('',*,*,#3760,.F.);
#1613=ORIENTED_EDGE('',*,*,#3761,.T.);
#1614=ORIENTED_EDGE('',*,*,#3717,.T.);
#1615=ORIENTED_EDGE('',*,*,#3748,.F.);
#1616=CARTESIAN_POINT('',(2.975,-3.475,-1.6));
#1617=DIRECTION('',(-0.0,1.0,0.0));
#1618=DIRECTION('',(1.0,0.0,0.0));
#1619=ORIENTED_EDGE('',*,*,#3710,.F.);
#1620=ORIENTED_EDGE('',*,*,#3762,.T.);
#1621=ORIENTED_EDGE('',*,*,#3751,.T.);
#1622=ORIENTED_EDGE('',*,*,#3727,.F.);
#1623=CARTESIAN_POINT('',(2.3,-3.075,-1.6));
#1624=DIRECTION('',(1.0,0.0,0.0));
#1625=DIRECTION('',(0.0,1.0,0.0));
#1626=ORIENTED_EDGE('',*,*,#3763,.F.);
#1627=ORIENTED_EDGE('',*,*,#3764,.F.);
#1628=ORIENTED_EDGE('',*,*,#3765,.T.);
#1629=ORIENTED_EDGE('',*,*,#3766,.T.);
#1630=ORIENTED_EDGE('',*,*,#3767,.F.);
#1631=ORIENTED_EDGE('',*,*,#3768,.F.);
#1632=ORIENTED_EDGE('',*,*,#3769,.F.);
#1633=ORIENTED_EDGE('',*,*,#3770,.T.);
#1634=ORIENTED_EDGE('',*,*,#3771,.F.);
#1635=ORIENTED_EDGE('',*,*,#3772,.F.);
#1636=ORIENTED_EDGE('',*,*,#3773,.T.);
#1637=ORIENTED_EDGE('',*,*,#3774,.T.);
#1638=ORIENTED_EDGE('',*,*,#3775,.F.);
#1639=ORIENTED_EDGE('',*,*,#3776,.F.);
#1640=ORIENTED_EDGE('',*,*,#3777,.F.);
#1641=ORIENTED_EDGE('',*,*,#3778,.F.);
#1642=ORIENTED_EDGE('',*,*,#3779,.T.);
#1643=ORIENTED_EDGE('',*,*,#3780,.T.);
#1644=ORIENTED_EDGE('',*,*,#3781,.T.);
#1645=ORIENTED_EDGE('',*,*,#3782,.T.);
#1646=ORIENTED_EDGE('',*,*,#3783,.T.);
#1647=ORIENTED_EDGE('',*,*,#3784,.F.);
#1648=ORIENTED_EDGE('',*,*,#3785,.F.);
#1649=ORIENTED_EDGE('',*,*,#3786,.F.);
#1650=ORIENTED_EDGE('',*,*,#3787,.F.);
#1651=ORIENTED_EDGE('',*,*,#3788,.F.);
#1652=ORIENTED_EDGE('',*,*,#3789,.F.);
#1653=ORIENTED_EDGE('',*,*,#3790,.T.);
#1654=ORIENTED_EDGE('',*,*,#3791,.T.);
#1655=ORIENTED_EDGE('',*,*,#3749,.T.);
#1656=ORIENTED_EDGE('',*,*,#3762,.F.);
#1657=ORIENTED_EDGE('',*,*,#3709,.F.);
#1658=ORIENTED_EDGE('',*,*,#3792,.F.);
#1659=ORIENTED_EDGE('',*,*,#3752,.T.);
#1660=ORIENTED_EDGE('',*,*,#3793,.F.);
#1661=ORIENTED_EDGE('',*,*,#3794,.F.);
#1662=ORIENTED_EDGE('',*,*,#3795,.F.);
#1663=ORIENTED_EDGE('',*,*,#3755,.T.);
#1664=ORIENTED_EDGE('',*,*,#3796,.F.);
#1665=ORIENTED_EDGE('',*,*,#3797,.F.);
#1666=ORIENTED_EDGE('',*,*,#3798,.F.);
#1667=ORIENTED_EDGE('',*,*,#3760,.T.);
#1668=ORIENTED_EDGE('',*,*,#3747,.F.);
#1669=ORIENTED_EDGE('',*,*,#3741,.F.);
#1670=ORIENTED_EDGE('',*,*,#3739,.F.);
#1671=ORIENTED_EDGE('',*,*,#3759,.T.);
#1672=ORIENTED_EDGE('',*,*,#3799,.F.);
#1673=ORIENTED_EDGE('',*,*,#3800,.T.);
#1674=ORIENTED_EDGE('',*,*,#3801,.T.);
#1675=ORIENTED_EDGE('',*,*,#3802,.F.);
#1676=ORIENTED_EDGE('',*,*,#3803,.F.);
#1677=ORIENTED_EDGE('',*,*,#3804,.F.);
#1678=ORIENTED_EDGE('',*,*,#3805,.F.);
#1679=ORIENTED_EDGE('',*,*,#3806,.F.);
#1680=ORIENTED_EDGE('',*,*,#3807,.T.);
#1681=ORIENTED_EDGE('',*,*,#3808,.T.);
#1682=ORIENTED_EDGE('',*,*,#3809,.T.);
#1683=ORIENTED_EDGE('',*,*,#3810,.T.);
#1684=ORIENTED_EDGE('',*,*,#3811,.T.);
#1685=ORIENTED_EDGE('',*,*,#3812,.T.);
#1686=ORIENTED_EDGE('',*,*,#3813,.F.);
#1687=ORIENTED_EDGE('',*,*,#3814,.T.);
#1688=ORIENTED_EDGE('',*,*,#3815,.F.);
#1689=ORIENTED_EDGE('',*,*,#3816,.T.);
#1690=ORIENTED_EDGE('',*,*,#3817,.T.);
#1691=ORIENTED_EDGE('',*,*,#3818,.F.);
#1692=ORIENTED_EDGE('',*,*,#3819,.F.);
#1693=ORIENTED_EDGE('',*,*,#3820,.T.);
#1694=ORIENTED_EDGE('',*,*,#3821,.T.);
#1695=ORIENTED_EDGE('',*,*,#3822,.F.);
#1696=ORIENTED_EDGE('',*,*,#3823,.F.);
#1697=ORIENTED_EDGE('',*,*,#3824,.T.);
#1698=ORIENTED_EDGE('',*,*,#3825,.T.);
#1699=ORIENTED_EDGE('',*,*,#3826,.F.);
#1700=ORIENTED_EDGE('',*,*,#3827,.F.);
#1701=ORIENTED_EDGE('',*,*,#3828,.T.);
#1702=ORIENTED_EDGE('',*,*,#3829,.T.);
#1703=ORIENTED_EDGE('',*,*,#3830,.F.);
#1704=ORIENTED_EDGE('',*,*,#3831,.F.);
#1705=ORIENTED_EDGE('',*,*,#3832,.T.);
#1706=ORIENTED_EDGE('',*,*,#3833,.T.);
#1707=ORIENTED_EDGE('',*,*,#3834,.F.);
#1708=CARTESIAN_POINT('',(3.375,-3.675,-1.6));
#1709=DIRECTION('',(0.0,0.0,-1.0));
#1710=DIRECTION('',(0.0,-1.0,0.0));
#1711=ORIENTED_EDGE('',*,*,#3835,.T.);
#1712=ORIENTED_EDGE('',*,*,#3836,.T.);
#1713=ORIENTED_EDGE('',*,*,#3814,.F.);
#1714=ORIENTED_EDGE('',*,*,#3837,.T.);
#1715=ORIENTED_EDGE('',*,*,#3838,.T.);
#1716=CARTESIAN_POINT('',(-1.45,-0.475,-1.6));
#1717=DIRECTION('',(-1.0,0.0,0.0));
#1718=DIRECTION('',(0.0,0.0,1.0));
#1719=ORIENTED_EDGE('',*,*,#3839,.F.);
#1720=ORIENTED_EDGE('',*,*,#3840,.F.);
#1721=ORIENTED_EDGE('',*,*,#3841,.T.);
#1722=ORIENTED_EDGE('',*,*,#3842,.T.);
#1723=CARTESIAN_POINT('',(2.775,0.975,-1.5));
#1724=DIRECTION('',(0.0,0.707106781186548,0.707106781186548));
#1725=DIRECTION('',(1.0,0.0,-0.0));
#1726=ORIENTED_EDGE('',*,*,#3843,.T.);
#1727=ORIENTED_EDGE('',*,*,#3844,.T.);
#1728=ORIENTED_EDGE('',*,*,#3845,.F.);
#1729=ORIENTED_EDGE('',*,*,#3838,.F.);
#1730=CARTESIAN_POINT('',(2.775,0.975,-1.5));
#1731=DIRECTION('',(0.0,0.707106781186548,0.707106781186548));
#1732=DIRECTION('',(1.0,0.0,-0.0));
#1733=ORIENTED_EDGE('',*,*,#3846,.F.);
#1734=ORIENTED_EDGE('',*,*,#3847,.F.);
#1735=ORIENTED_EDGE('',*,*,#3848,.T.);
#1736=ORIENTED_EDGE('',*,*,#3849,.T.);
#1737=CARTESIAN_POINT('',(2.775,0.975,-1.5));
#1738=DIRECTION('',(0.0,0.707106781186548,0.707106781186548));
#1739=DIRECTION('',(1.0,0.0,-0.0));
#1740=ORIENTED_EDGE('',*,*,#3850,.F.);
#1741=ORIENTED_EDGE('',*,*,#3776,.T.);
#1742=ORIENTED_EDGE('',*,*,#3851,.F.);
#1743=ORIENTED_EDGE('',*,*,#3852,.F.);
#1744=ORIENTED_EDGE('',*,*,#3842,.F.);
#1745=CARTESIAN_POINT('',(1.45,0.975,-1.6));
#1746=DIRECTION('',(1.0,0.0,0.0));
#1747=DIRECTION('',(0.0,1.0,0.0));
#1748=ORIENTED_EDGE('',*,*,#3845,.T.);
#1749=ORIENTED_EDGE('',*,*,#3853,.T.);
#1750=ORIENTED_EDGE('',*,*,#3854,.F.);
#1751=ORIENTED_EDGE('',*,*,#3855,.F.);
#1752=ORIENTED_EDGE('',*,*,#3839,.T.);
#1753=ORIENTED_EDGE('',*,*,#3852,.T.);
#1754=ORIENTED_EDGE('',*,*,#3856,.T.);
#1755=ORIENTED_EDGE('',*,*,#3857,.F.);
#1756=ORIENTED_EDGE('',*,*,#3858,.F.);
#1757=ORIENTED_EDGE('',*,*,#3859,.T.);
#1758=ORIENTED_EDGE('',*,*,#3860,.T.);
#1759=ORIENTED_EDGE('',*,*,#3861,.F.);
#1760=ORIENTED_EDGE('',*,*,#3846,.T.);
#1761=ORIENTED_EDGE('',*,*,#3862,.T.);
#1762=ORIENTED_EDGE('',*,*,#3863,.T.);
#1763=ORIENTED_EDGE('',*,*,#3864,.F.);
#1764=ORIENTED_EDGE('',*,*,#3865,.F.);
#1765=ORIENTED_EDGE('',*,*,#3866,.T.);
#1766=ORIENTED_EDGE('',*,*,#3867,.T.);
#1767=ORIENTED_EDGE('',*,*,#3835,.F.);
#1768=CARTESIAN_POINT('',(2.775,0.975,-1.2));
#1769=DIRECTION('',(0.0,0.0,-1.0));
#1770=DIRECTION('',(0.0,-1.0,0.0));
#1771=ORIENTED_EDGE('',*,*,#3867,.F.);
#1772=ORIENTED_EDGE('',*,*,#3868,.F.);
#1773=ORIENTED_EDGE('',*,*,#3763,.T.);
#1774=ORIENTED_EDGE('',*,*,#3836,.F.);
#1775=CARTESIAN_POINT('',(0.0,-0.475,0.0));
#1776=DIRECTION('',(-0.0,1.0,0.0));
#1777=DIRECTION('',(1.0,0.0,0.0));
#1778=ORIENTED_EDGE('',*,*,#3767,.T.);
#1779=ORIENTED_EDGE('',*,*,#3869,.F.);
#1780=ORIENTED_EDGE('',*,*,#3863,.F.);
#1781=ORIENTED_EDGE('',*,*,#3870,.T.);
#1782=CARTESIAN_POINT('',(0.0,-0.475,0.0));
#1783=DIRECTION('',(-0.0,1.0,0.0));
#1784=DIRECTION('',(1.0,0.0,0.0));
#1785=ORIENTED_EDGE('',*,*,#3868,.T.);
#1786=ORIENTED_EDGE('',*,*,#3866,.F.);
#1787=ORIENTED_EDGE('',*,*,#3871,.F.);
#1788=ORIENTED_EDGE('',*,*,#3764,.T.);
#1789=CARTESIAN_POINT('',(-1.8,-0.475,-1.6));
#1790=DIRECTION('',(-0.992277876713669,0.0,0.124034734589196));
#1791=DIRECTION('',(0.0,1.0,0.0));
#1792=ORIENTED_EDGE('',*,*,#3871,.T.);
#1793=ORIENTED_EDGE('',*,*,#3865,.T.);
#1794=ORIENTED_EDGE('',*,*,#3872,.T.);
#1795=ORIENTED_EDGE('',*,*,#3765,.F.);
#1796=CARTESIAN_POINT('',(0.0,-1.625,0.0));
#1797=DIRECTION('',(-0.0,1.0,0.0));
#1798=DIRECTION('',(1.0,0.0,0.0));
#1799=ORIENTED_EDGE('',*,*,#3872,.F.);
#1800=ORIENTED_EDGE('',*,*,#3864,.T.);
#1801=ORIENTED_EDGE('',*,*,#3869,.T.);
#1802=ORIENTED_EDGE('',*,*,#3766,.F.);
#1803=CARTESIAN_POINT('',(-0.75,-0.475,-1.2));
#1804=DIRECTION('',(0.992277876713669,0.0,0.124034734589196));
#1805=DIRECTION('',(0.0,-1.0,0.0));
#1806=ORIENTED_EDGE('',*,*,#3873,.F.);
#1807=ORIENTED_EDGE('',*,*,#3768,.T.);
#1808=ORIENTED_EDGE('',*,*,#3870,.F.);
#1809=ORIENTED_EDGE('',*,*,#3862,.F.);
#1810=ORIENTED_EDGE('',*,*,#3849,.F.);
#1811=CARTESIAN_POINT('',(-1.05,0.975,-1.6));
#1812=DIRECTION('',(1.0,0.0,0.0));
#1813=DIRECTION('',(0.0,1.0,0.0));
#1814=ORIENTED_EDGE('',*,*,#3841,.F.);
#1815=ORIENTED_EDGE('',*,*,#3874,.F.);
#1816=ORIENTED_EDGE('',*,*,#3875,.F.);
#1817=ORIENTED_EDGE('',*,*,#3876,.F.);
#1818=ORIENTED_EDGE('',*,*,#3877,.T.);
#1819=ORIENTED_EDGE('',*,*,#3878,.T.);
#1820=ORIENTED_EDGE('',*,*,#3777,.T.);
#1821=ORIENTED_EDGE('',*,*,#3850,.T.);
#1822=CARTESIAN_POINT('',(0.0,0.975,0.0));
#1823=DIRECTION('',(-0.0,1.0,0.0));
#1824=DIRECTION('',(1.0,0.0,0.0));
#1825=ORIENTED_EDGE('',*,*,#3813,.T.);
#1826=ORIENTED_EDGE('',*,*,#3879,.T.);
#1827=ORIENTED_EDGE('',*,*,#3880,.T.);
#1828=ORIENTED_EDGE('',*,*,#3881,.F.);
#1829=ORIENTED_EDGE('',*,*,#3882,.F.);
#1830=ORIENTED_EDGE('',*,*,#3883,.F.);
#1831=ORIENTED_EDGE('',*,*,#3843,.F.);
#1832=ORIENTED_EDGE('',*,*,#3837,.F.);
#1833=CARTESIAN_POINT('',(0.0,0.975,0.0));
#1834=DIRECTION('',(-0.0,1.0,0.0));
#1835=DIRECTION('',(1.0,0.0,0.0));
#1836=ORIENTED_EDGE('',*,*,#3848,.F.);
#1837=ORIENTED_EDGE('',*,*,#3884,.F.);
#1838=ORIENTED_EDGE('',*,*,#3769,.T.);
#1839=ORIENTED_EDGE('',*,*,#3873,.T.);
#1840=CARTESIAN_POINT('',(0.0,0.975,0.0));
#1841=DIRECTION('',(-0.0,1.0,0.0));
#1842=DIRECTION('',(1.0,0.0,0.0));
#1843=ORIENTED_EDGE('',*,*,#3885,.T.);
#1844=ORIENTED_EDGE('',*,*,#3886,.T.);
#1845=ORIENTED_EDGE('',*,*,#3887,.F.);
#1846=ORIENTED_EDGE('',*,*,#3731,.F.);
#1847=ORIENTED_EDGE('',*,*,#3888,.T.);
#1848=ORIENTED_EDGE('',*,*,#3889,.T.);
#1849=ORIENTED_EDGE('',*,*,#3890,.F.);
#1850=ORIENTED_EDGE('',*,*,#3891,.F.);
#1851=ORIENTED_EDGE('',*,*,#3892,.T.);
#1852=ORIENTED_EDGE('',*,*,#3789,.T.);
#1853=ORIENTED_EDGE('',*,*,#3893,.T.);
#1854=ORIENTED_EDGE('',*,*,#3894,.F.);
#1855=ORIENTED_EDGE('',*,*,#3895,.F.);
#1856=ORIENTED_EDGE('',*,*,#3778,.T.);
#1857=ORIENTED_EDGE('',*,*,#3878,.F.);
#1858=ORIENTED_EDGE('',*,*,#3896,.T.);
#1859=CARTESIAN_POINT('',(3.375,-3.675,2.1));
#1860=DIRECTION('',(1.0,0.0,0.0));
#1861=DIRECTION('',(0.0,1.0,0.0));
#1862=ORIENTED_EDGE('',*,*,#3897,.T.);
#1863=ORIENTED_EDGE('',*,*,#3898,.T.);
#1864=ORIENTED_EDGE('',*,*,#3899,.F.);
#1865=ORIENTED_EDGE('',*,*,#3900,.F.);
#1866=ORIENTED_EDGE('',*,*,#3880,.F.);
#1867=CARTESIAN_POINT('',(2.425,0.975,1.2));
#1868=DIRECTION('',(0.0,0.0,1.0));
#1869=DIRECTION('',(1.0,0.0,0.0));
#1870=ORIENTED_EDGE('',*,*,#3901,.T.);
#1871=ORIENTED_EDGE('',*,*,#3902,.T.);
#1872=ORIENTED_EDGE('',*,*,#3903,.T.);
#1873=ORIENTED_EDGE('',*,*,#3896,.F.);
#1874=ORIENTED_EDGE('',*,*,#3877,.F.);
#1875=CARTESIAN_POINT('',(2.425,0.975,1.2));
#1876=DIRECTION('',(0.0,0.0,1.0));
#1877=DIRECTION('',(1.0,0.0,0.0));
#1878=ORIENTED_EDGE('',*,*,#3904,.T.);
#1879=ORIENTED_EDGE('',*,*,#3905,.F.);
#1880=ORIENTED_EDGE('',*,*,#3844,.F.);
#1881=ORIENTED_EDGE('',*,*,#3883,.T.);
#1882=CARTESIAN_POINT('',(-3.075,0.975,-1.2));
#1883=DIRECTION('',(0.707106781186548,0.707106781186548,0.0));
#1884=DIRECTION('',(0.0,0.0,-1.0));
#1885=ORIENTED_EDGE('',*,*,#3900,.T.);
#1886=ORIENTED_EDGE('',*,*,#3906,.F.);
#1887=ORIENTED_EDGE('',*,*,#3907,.F.);
#1888=ORIENTED_EDGE('',*,*,#3881,.T.);
#1889=CARTESIAN_POINT('',(-3.075,0.975,-1.2));
#1890=DIRECTION('',(0.707106781186548,0.707106781186548,0.0));
#1891=DIRECTION('',(0.0,0.0,-1.0));
#1892=ORIENTED_EDGE('',*,*,#3853,.F.);
#1893=ORIENTED_EDGE('',*,*,#3905,.T.);
#1894=ORIENTED_EDGE('',*,*,#3908,.F.);
#1895=ORIENTED_EDGE('',*,*,#3909,.F.);
#1896=CARTESIAN_POINT('',(-2.775,0.975,-1.2));
#1897=DIRECTION('',(-1.0,0.0,0.0));
#1898=DIRECTION('',(0.0,0.0,1.0));
#1899=ORIENTED_EDGE('',*,*,#3910,.T.);
#1900=ORIENTED_EDGE('',*,*,#3906,.T.);
#1901=ORIENTED_EDGE('',*,*,#3899,.T.);
#1902=ORIENTED_EDGE('',*,*,#3911,.T.);
#1903=ORIENTED_EDGE('',*,*,#3912,.F.);
#1904=ORIENTED_EDGE('',*,*,#3913,.T.);
#1905=ORIENTED_EDGE('',*,*,#3914,.F.);
#1906=CARTESIAN_POINT('',(-2.775,0.975,-1.2));
#1907=DIRECTION('',(-1.0,0.0,0.0));
#1908=DIRECTION('',(0.0,0.0,1.0));
#1909=ORIENTED_EDGE('',*,*,#3915,.T.);
#1910=ORIENTED_EDGE('',*,*,#3916,.T.);
#1911=ORIENTED_EDGE('',*,*,#3917,.T.);
#1912=ORIENTED_EDGE('',*,*,#3918,.F.);
#1913=ORIENTED_EDGE('',*,*,#3732,.T.);
#1914=ORIENTED_EDGE('',*,*,#3887,.T.);
#1915=ORIENTED_EDGE('',*,*,#3919,.T.);
#1916=ORIENTED_EDGE('',*,*,#3920,.T.);
#1917=ORIENTED_EDGE('',*,*,#3921,.T.);
#1918=ORIENTED_EDGE('',*,*,#3922,.T.);
#1919=ORIENTED_EDGE('',*,*,#3923,.T.);
#1920=ORIENTED_EDGE('',*,*,#3924,.T.);
#1921=ORIENTED_EDGE('',*,*,#3925,.T.);
#1922=ORIENTED_EDGE('',*,*,#3926,.T.);
#1923=ORIENTED_EDGE('',*,*,#3854,.T.);
#1924=ORIENTED_EDGE('',*,*,#3909,.T.);
#1925=ORIENTED_EDGE('',*,*,#3927,.T.);
#1926=ORIENTED_EDGE('',*,*,#3928,.T.);
#1927=ORIENTED_EDGE('',*,*,#3929,.T.);
#1928=ORIENTED_EDGE('',*,*,#3914,.T.);
#1929=ORIENTED_EDGE('',*,*,#3930,.F.);
#1930=ORIENTED_EDGE('',*,*,#3931,.F.);
#1931=ORIENTED_EDGE('',*,*,#3932,.F.);
#1932=ORIENTED_EDGE('',*,*,#3933,.F.);
#1933=ORIENTED_EDGE('',*,*,#3934,.F.);
#1934=ORIENTED_EDGE('',*,*,#3935,.F.);
#1935=ORIENTED_EDGE('',*,*,#3936,.F.);
#1936=ORIENTED_EDGE('',*,*,#3937,.F.);
#1937=ORIENTED_EDGE('',*,*,#3938,.F.);
#1938=ORIENTED_EDGE('',*,*,#3939,.F.);
#1939=ORIENTED_EDGE('',*,*,#3940,.F.);
#1940=ORIENTED_EDGE('',*,*,#3941,.F.);
#1941=ORIENTED_EDGE('',*,*,#3942,.F.);
#1942=ORIENTED_EDGE('',*,*,#3943,.F.);
#1943=ORIENTED_EDGE('',*,*,#3944,.F.);
#1944=ORIENTED_EDGE('',*,*,#3945,.F.);
#1945=CARTESIAN_POINT('',(0.0,-1.975,0.0));
#1946=DIRECTION('',(-0.0,1.0,0.0));
#1947=DIRECTION('',(1.0,0.0,0.0));
#1948=ORIENTED_EDGE('',*,*,#3929,.F.);
#1949=ORIENTED_EDGE('',*,*,#3946,.F.);
#1950=ORIENTED_EDGE('',*,*,#3907,.T.);
#1951=ORIENTED_EDGE('',*,*,#3910,.F.);
#1952=CARTESIAN_POINT('',(-3.075,0.975,0.35));
#1953=DIRECTION('',(0.0,0.0,1.0));
#1954=DIRECTION('',(1.0,0.0,0.0));
#1955=ORIENTED_EDGE('',*,*,#3946,.T.);
#1956=ORIENTED_EDGE('',*,*,#3928,.F.);
#1957=ORIENTED_EDGE('',*,*,#3947,.F.);
#1958=ORIENTED_EDGE('',*,*,#3882,.T.);
#1959=CARTESIAN_POINT('',(-3.075,0.975,-0.4));
#1960=DIRECTION('',(-1.0,0.0,0.0));
#1961=DIRECTION('',(0.0,0.0,1.0));
#1962=ORIENTED_EDGE('',*,*,#3904,.F.);
#1963=ORIENTED_EDGE('',*,*,#3947,.T.);
#1964=ORIENTED_EDGE('',*,*,#3927,.F.);
#1965=ORIENTED_EDGE('',*,*,#3908,.T.);
#1966=CARTESIAN_POINT('',(-2.775,0.975,-0.4));
#1967=DIRECTION('',(0.0,0.0,-1.0));
#1968=DIRECTION('',(0.0,-1.0,0.0));
#1969=ORIENTED_EDGE('',*,*,#3922,.F.);
#1970=ORIENTED_EDGE('',*,*,#3948,.F.);
#1971=ORIENTED_EDGE('',*,*,#3949,.T.);
#1972=ORIENTED_EDGE('',*,*,#3950,.F.);
#1973=ORIENTED_EDGE('',*,*,#3902,.F.);
#1974=ORIENTED_EDGE('',*,*,#3951,.T.);
#1975=ORIENTED_EDGE('',*,*,#3952,.F.);
#1976=CARTESIAN_POINT('',(2.775,0.975,1.2));
#1977=DIRECTION('',(1.0,0.0,0.0));
#1978=DIRECTION('',(0.0,1.0,0.0));
#1979=ORIENTED_EDGE('',*,*,#3953,.T.);
#1980=ORIENTED_EDGE('',*,*,#3855,.T.);
#1981=ORIENTED_EDGE('',*,*,#3926,.F.);
#1982=ORIENTED_EDGE('',*,*,#3954,.T.);
#1983=CARTESIAN_POINT('',(2.775,0.975,1.2));
#1984=DIRECTION('',(1.0,0.0,0.0));
#1985=DIRECTION('',(0.0,1.0,0.0));
#1986=ORIENTED_EDGE('',*,*,#3955,.F.);
#1987=ORIENTED_EDGE('',*,*,#3956,.T.);
#1988=ORIENTED_EDGE('',*,*,#3923,.F.);
#1989=ORIENTED_EDGE('',*,*,#3952,.T.);
#1990=CARTESIAN_POINT('',(2.775,0.975,0.35));
#1991=DIRECTION('',(0.0,0.0,1.0));
#1992=DIRECTION('',(1.0,0.0,0.0));
#1993=ORIENTED_EDGE('',*,*,#3957,.T.);
#1994=ORIENTED_EDGE('',*,*,#3924,.F.);
#1995=ORIENTED_EDGE('',*,*,#3956,.F.);
#1996=ORIENTED_EDGE('',*,*,#3875,.T.);
#1997=CARTESIAN_POINT('',(3.075,0.975,0.35));
#1998=DIRECTION('',(1.0,0.0,0.0));
#1999=DIRECTION('',(0.0,1.0,0.0));
#2000=ORIENTED_EDGE('',*,*,#3925,.F.);
#2001=ORIENTED_EDGE('',*,*,#3957,.F.);
#2002=ORIENTED_EDGE('',*,*,#3958,.T.);
#2003=ORIENTED_EDGE('',*,*,#3954,.F.);
#2004=CARTESIAN_POINT('',(3.075,0.975,-0.4));
#2005=DIRECTION('',(0.0,0.0,-1.0));
#2006=DIRECTION('',(0.0,-1.0,0.0));
#2007=ORIENTED_EDGE('',*,*,#3951,.F.);
#2008=ORIENTED_EDGE('',*,*,#3901,.F.);
#2009=ORIENTED_EDGE('',*,*,#3876,.T.);
#2010=ORIENTED_EDGE('',*,*,#3955,.T.);
#2011=CARTESIAN_POINT('',(3.075,0.975,1.2));
#2012=DIRECTION('',(-0.707106781186548,0.707106781186548,0.0));
#2013=DIRECTION('',(0.0,0.0,1.0));
#2014=ORIENTED_EDGE('',*,*,#3874,.T.);
#2015=ORIENTED_EDGE('',*,*,#3840,.T.);
#2016=ORIENTED_EDGE('',*,*,#3953,.F.);
#2017=ORIENTED_EDGE('',*,*,#3958,.F.);
#2018=CARTESIAN_POINT('',(3.075,0.975,1.2));
#2019=DIRECTION('',(-0.707106781186548,0.707106781186548,0.0));
#2020=DIRECTION('',(0.0,0.0,1.0));
#2021=ORIENTED_EDGE('',*,*,#3885,.F.);
#2022=ORIENTED_EDGE('',*,*,#3903,.F.);
#2023=ORIENTED_EDGE('',*,*,#3950,.T.);
#2024=ORIENTED_EDGE('',*,*,#3959,.F.);
#2025=ORIENTED_EDGE('',*,*,#3960,.F.);
#2026=ORIENTED_EDGE('',*,*,#3961,.T.);
#2027=CARTESIAN_POINT('',(2.425,-0.025,1.8));
#2028=DIRECTION('',(0.0,-1.0,0.0));
#2029=DIRECTION('',(0.0,0.0,-1.0));
#2030=ORIENTED_EDGE('',*,*,#3962,.T.);
#2031=ORIENTED_EDGE('',*,*,#3919,.F.);
#2032=ORIENTED_EDGE('',*,*,#3886,.F.);
#2033=ORIENTED_EDGE('',*,*,#3961,.F.);
#2034=CARTESIAN_POINT('',(3.375,0.975,1.8));
#2035=DIRECTION('',(0.0,0.0,-1.0));
#2036=DIRECTION('',(0.0,-1.0,0.0));
#2037=ORIENTED_EDGE('',*,*,#3963,.F.);
#2038=ORIENTED_EDGE('',*,*,#3964,.T.);
#2039=ORIENTED_EDGE('',*,*,#3920,.F.);
#2040=ORIENTED_EDGE('',*,*,#3962,.F.);
#2041=ORIENTED_EDGE('',*,*,#3960,.T.);
#2042=CARTESIAN_POINT('',(2.425,0.975,1.8));
#2043=DIRECTION('',(1.0,0.0,0.0));
#2044=DIRECTION('',(0.0,1.0,0.0));
#2045=ORIENTED_EDGE('',*,*,#3948,.T.);
#2046=ORIENTED_EDGE('',*,*,#3921,.F.);
#2047=ORIENTED_EDGE('',*,*,#3964,.F.);
#2048=ORIENTED_EDGE('',*,*,#3965,.T.);
#2049=CARTESIAN_POINT('',(2.425,0.975,1.2));
#2050=DIRECTION('',(0.0,0.0,1.0));
#2051=DIRECTION('',(1.0,0.0,0.0));
#2052=ORIENTED_EDGE('',*,*,#3963,.T.);
#2053=ORIENTED_EDGE('',*,*,#3959,.T.);
#2054=ORIENTED_EDGE('',*,*,#3949,.F.);
#2055=ORIENTED_EDGE('',*,*,#3965,.F.);
#2056=CARTESIAN_POINT('',(2.425,-0.325,1.2));
#2057=DIRECTION('',(0.0,-0.707106781186548,0.707106781186548));
#2058=DIRECTION('',(-1.0,0.0,0.0));
#2059=ORIENTED_EDGE('',*,*,#3879,.F.);
#2060=ORIENTED_EDGE('',*,*,#3812,.F.);
#2061=ORIENTED_EDGE('',*,*,#3966,.T.);
#2062=ORIENTED_EDGE('',*,*,#3967,.T.);
#2063=ORIENTED_EDGE('',*,*,#3968,.F.);
#2064=ORIENTED_EDGE('',*,*,#3801,.F.);
#2065=ORIENTED_EDGE('',*,*,#3969,.T.);
#2066=ORIENTED_EDGE('',*,*,#3970,.T.);
#2067=ORIENTED_EDGE('',*,*,#3971,.T.);
#2068=ORIENTED_EDGE('',*,*,#3972,.F.);
#2069=ORIENTED_EDGE('',*,*,#3973,.T.);
#2070=ORIENTED_EDGE('',*,*,#3733,.T.);
#2071=ORIENTED_EDGE('',*,*,#3918,.T.);
#2072=ORIENTED_EDGE('',*,*,#3974,.F.);
#2073=ORIENTED_EDGE('',*,*,#3975,.F.);
#2074=ORIENTED_EDGE('',*,*,#3897,.F.);
#2075=CARTESIAN_POINT('',(-3.375,-3.675,-1.6));
#2076=DIRECTION('',(-1.0,0.0,0.0));
#2077=DIRECTION('',(0.0,0.0,1.0));
#2078=ORIENTED_EDGE('',*,*,#3911,.F.);
#2079=ORIENTED_EDGE('',*,*,#3898,.F.);
#2080=ORIENTED_EDGE('',*,*,#3975,.T.);
#2081=ORIENTED_EDGE('',*,*,#3976,.F.);
#2082=ORIENTED_EDGE('',*,*,#3977,.F.);
#2083=ORIENTED_EDGE('',*,*,#3978,.T.);
#2084=CARTESIAN_POINT('',(-3.375,-0.025,1.8));
#2085=DIRECTION('',(0.0,-1.0,0.0));
#2086=DIRECTION('',(0.0,0.0,-1.0));
#2087=ORIENTED_EDGE('',*,*,#3912,.T.);
#2088=ORIENTED_EDGE('',*,*,#3978,.F.);
#2089=ORIENTED_EDGE('',*,*,#3979,.F.);
#2090=ORIENTED_EDGE('',*,*,#3980,.T.);
#2091=CARTESIAN_POINT('',(-2.425,-0.325,1.2));
#2092=DIRECTION('',(0.0,0.707106781186548,-0.707106781186548));
#2093=DIRECTION('',(-1.0,0.0,0.0));
#2094=ORIENTED_EDGE('',*,*,#3981,.T.);
#2095=ORIENTED_EDGE('',*,*,#3915,.F.);
#2096=ORIENTED_EDGE('',*,*,#3913,.F.);
#2097=ORIENTED_EDGE('',*,*,#3980,.F.);
#2098=CARTESIAN_POINT('',(-2.775,0.975,1.2));
#2099=DIRECTION('',(0.0,0.0,1.0));
#2100=DIRECTION('',(1.0,0.0,0.0));
#2101=ORIENTED_EDGE('',*,*,#3982,.T.);
#2102=ORIENTED_EDGE('',*,*,#3916,.F.);
#2103=ORIENTED_EDGE('',*,*,#3981,.F.);
#2104=ORIENTED_EDGE('',*,*,#3979,.T.);
#2105=ORIENTED_EDGE('',*,*,#3977,.T.);
#2106=CARTESIAN_POINT('',(-2.425,0.975,1.2));
#2107=DIRECTION('',(-1.0,0.0,0.0));
#2108=DIRECTION('',(0.0,0.0,1.0));
#2109=ORIENTED_EDGE('',*,*,#3974,.T.);
#2110=ORIENTED_EDGE('',*,*,#3917,.F.);
#2111=ORIENTED_EDGE('',*,*,#3982,.F.);
#2112=ORIENTED_EDGE('',*,*,#3976,.T.);
#2113=CARTESIAN_POINT('',(-2.425,0.975,1.8));
#2114=DIRECTION('',(0.0,0.0,-1.0));
#2115=DIRECTION('',(0.0,-1.0,0.0));
#2116=ORIENTED_EDGE('',*,*,#3983,.F.);
#2117=ORIENTED_EDGE('',*,*,#3734,.F.);
#2118=ORIENTED_EDGE('',*,*,#3973,.F.);
#2119=ORIENTED_EDGE('',*,*,#3984,.T.);
#2120=CARTESIAN_POINT('',(0.0,-3.675,0.0));
#2121=DIRECTION('',(-0.0,1.0,0.0));
#2122=DIRECTION('',(1.0,0.0,0.0));
#2123=ORIENTED_EDGE('',*,*,#3888,.F.);
#2124=ORIENTED_EDGE('',*,*,#3730,.F.);
#2125=ORIENTED_EDGE('',*,*,#3985,.T.);
#2126=ORIENTED_EDGE('',*,*,#3986,.T.);
#2127=CARTESIAN_POINT('',(0.0,-3.675,0.0));
#2128=DIRECTION('',(-0.0,1.0,0.0));
#2129=DIRECTION('',(1.0,0.0,0.0));
#2130=ORIENTED_EDGE('',*,*,#3969,.F.);
#2131=ORIENTED_EDGE('',*,*,#3800,.F.);
#2132=ORIENTED_EDGE('',*,*,#3987,.F.);
#2133=ORIENTED_EDGE('',*,*,#3988,.F.);
#2134=CARTESIAN_POINT('',(0.0,-3.675,0.0));
#2135=DIRECTION('',(-0.0,1.0,0.0));
#2136=DIRECTION('',(1.0,0.0,0.0));
#2137=ORIENTED_EDGE('',*,*,#3989,.T.);
#2138=ORIENTED_EDGE('',*,*,#3790,.F.);
#2139=ORIENTED_EDGE('',*,*,#3892,.F.);
#2140=ORIENTED_EDGE('',*,*,#3990,.F.);
#2141=CARTESIAN_POINT('',(0.0,-3.675,0.0));
#2142=DIRECTION('',(-0.0,1.0,0.0));
#2143=DIRECTION('',(1.0,0.0,0.0));
#2144=ORIENTED_EDGE('',*,*,#3972,.T.);
#2145=ORIENTED_EDGE('',*,*,#3991,.T.);
#2146=ORIENTED_EDGE('',*,*,#3992,.F.);
#2147=ORIENTED_EDGE('',*,*,#3984,.F.);
#2148=CARTESIAN_POINT('',(-3.375,-3.525,1.2));
#2149=DIRECTION('',(0.0,0.0,1.0));
#2150=DIRECTION('',(1.0,0.0,0.0));
#2151=ORIENTED_EDGE('',*,*,#3993,.T.);
#2152=ORIENTED_EDGE('',*,*,#3994,.T.);
#2153=ORIENTED_EDGE('',*,*,#3889,.F.);
#2154=ORIENTED_EDGE('',*,*,#3986,.F.);
#2155=CARTESIAN_POINT('',(-3.375,-3.525,1.2));
#2156=DIRECTION('',(0.0,0.0,1.0));
#2157=DIRECTION('',(1.0,0.0,0.0));
#2158=ORIENTED_EDGE('',*,*,#3995,.F.);
#2159=ORIENTED_EDGE('',*,*,#3996,.F.);
#2160=ORIENTED_EDGE('',*,*,#3987,.T.);
#2161=ORIENTED_EDGE('',*,*,#3799,.T.);
#2162=ORIENTED_EDGE('',*,*,#3758,.T.);
#2163=ORIENTED_EDGE('',*,*,#3735,.F.);
#2164=ORIENTED_EDGE('',*,*,#3983,.T.);
#2165=ORIENTED_EDGE('',*,*,#3992,.T.);
#2166=CARTESIAN_POINT('',(-2.975,-3.475,-1.6));
#2167=DIRECTION('',(-1.0,0.0,0.0));
#2168=DIRECTION('',(0.0,0.0,1.0));
#2169=ORIENTED_EDGE('',*,*,#3996,.T.);
#2170=ORIENTED_EDGE('',*,*,#3997,.F.);
#2171=ORIENTED_EDGE('',*,*,#3970,.F.);
#2172=ORIENTED_EDGE('',*,*,#3988,.T.);
#2173=CARTESIAN_POINT('',(-3.375,-3.675,-0.9));
#2174=DIRECTION('',(0.0,0.0,-1.0));
#2175=DIRECTION('',(0.0,-1.0,0.0));
#2176=ORIENTED_EDGE('',*,*,#3891,.T.);
#2177=ORIENTED_EDGE('',*,*,#3998,.F.);
#2178=ORIENTED_EDGE('',*,*,#3999,.F.);
#2179=ORIENTED_EDGE('',*,*,#3990,.T.);
#2180=CARTESIAN_POINT('',(-3.375,-3.675,-0.9));
#2181=DIRECTION('',(0.0,0.0,-1.0));
#2182=DIRECTION('',(0.0,-1.0,0.0));
#2183=ORIENTED_EDGE('',*,*,#3997,.T.);
#2184=ORIENTED_EDGE('',*,*,#3995,.T.);
#2185=ORIENTED_EDGE('',*,*,#3991,.F.);
#2186=ORIENTED_EDGE('',*,*,#3971,.F.);
#2187=CARTESIAN_POINT('',(-3.375,-3.525,-0.9));
#2188=DIRECTION('',(-0.0,1.0,0.0));
#2189=DIRECTION('',(1.0,0.0,0.0));
#2190=ORIENTED_EDGE('',*,*,#3994,.F.);
#2191=ORIENTED_EDGE('',*,*,#4000,.F.);
#2192=ORIENTED_EDGE('',*,*,#3998,.T.);
#2193=ORIENTED_EDGE('',*,*,#3890,.T.);
#2194=CARTESIAN_POINT('',(-3.375,-3.525,-0.9));
#2195=DIRECTION('',(-0.0,1.0,0.0));
#2196=DIRECTION('',(1.0,0.0,0.0));
#2197=ORIENTED_EDGE('',*,*,#3985,.F.);
#2198=ORIENTED_EDGE('',*,*,#3729,.T.);
#2199=ORIENTED_EDGE('',*,*,#3750,.F.);
#2200=ORIENTED_EDGE('',*,*,#3791,.F.);
#2201=ORIENTED_EDGE('',*,*,#3989,.F.);
#2202=ORIENTED_EDGE('',*,*,#3999,.T.);
#2203=ORIENTED_EDGE('',*,*,#4000,.T.);
#2204=ORIENTED_EDGE('',*,*,#3993,.F.);
#2205=CARTESIAN_POINT('',(2.975,-3.675,-1.6));
#2206=DIRECTION('',(1.0,0.0,0.0));
#2207=DIRECTION('',(0.0,1.0,0.0));
#2208=ORIENTED_EDGE('',*,*,#4001,.T.);
#2209=ORIENTED_EDGE('',*,*,#4002,.F.);
#2210=ORIENTED_EDGE('',*,*,#3968,.T.);
#2211=ORIENTED_EDGE('',*,*,#4003,.T.);
#2212=ORIENTED_EDGE('',*,*,#4004,.F.);
#2213=ORIENTED_EDGE('',*,*,#3807,.F.);
#2214=ORIENTED_EDGE('',*,*,#4005,.F.);
#2215=ORIENTED_EDGE('',*,*,#4006,.T.);
#2216=ORIENTED_EDGE('',*,*,#4007,.F.);
#2217=CARTESIAN_POINT('',(-3.375,-3.375,-1.6));
#2218=DIRECTION('',(0.0,-1.0,0.0));
#2219=DIRECTION('',(0.0,0.0,-1.0));
#2220=ORIENTED_EDGE('',*,*,#4008,.F.);
#2221=ORIENTED_EDGE('',*,*,#4009,.F.);
#2222=ORIENTED_EDGE('',*,*,#4010,.F.);
#2223=ORIENTED_EDGE('',*,*,#4011,.F.);
#2224=ORIENTED_EDGE('',*,*,#4012,.F.);
#2225=ORIENTED_EDGE('',*,*,#4013,.F.);
#2226=ORIENTED_EDGE('',*,*,#4014,.F.);
#2227=ORIENTED_EDGE('',*,*,#4015,.T.);
#2228=CARTESIAN_POINT('',(3.375,-3.675,0.6));
#2229=DIRECTION('',(0.0,0.0,-1.0));
#2230=DIRECTION('',(0.0,-1.0,0.0));
#2231=ORIENTED_EDGE('',*,*,#4016,.F.);
#2232=ORIENTED_EDGE('',*,*,#4017,.F.);
#2233=ORIENTED_EDGE('',*,*,#4018,.F.);
#2234=ORIENTED_EDGE('',*,*,#4019,.F.);
#2235=ORIENTED_EDGE('',*,*,#4020,.F.);
#2236=ORIENTED_EDGE('',*,*,#4021,.F.);
#2237=ORIENTED_EDGE('',*,*,#4022,.F.);
#2238=ORIENTED_EDGE('',*,*,#4007,.T.);
#2239=CARTESIAN_POINT('',(3.375,-3.675,0.6));
#2240=DIRECTION('',(0.0,0.0,-1.0));
#2241=DIRECTION('',(0.0,-1.0,0.0));
#2242=ORIENTED_EDGE('',*,*,#4023,.F.);
#2243=ORIENTED_EDGE('',*,*,#4024,.F.);
#2244=ORIENTED_EDGE('',*,*,#3783,.F.);
#2245=ORIENTED_EDGE('',*,*,#4025,.T.);
#2246=ORIENTED_EDGE('',*,*,#4026,.T.);
#2247=ORIENTED_EDGE('',*,*,#3893,.F.);
#2248=ORIENTED_EDGE('',*,*,#4027,.F.);
#2249=ORIENTED_EDGE('',*,*,#4028,.F.);
#2250=ORIENTED_EDGE('',*,*,#4015,.F.);
#2251=CARTESIAN_POINT('',(4.575,-3.375,-1.6));
#2252=DIRECTION('',(0.0,-1.0,0.0));
#2253=DIRECTION('',(0.0,0.0,-1.0));
#2254=ORIENTED_EDGE('',*,*,#4029,.F.);
#2255=ORIENTED_EDGE('',*,*,#4030,.T.);
#2256=ORIENTED_EDGE('',*,*,#4008,.T.);
#2257=ORIENTED_EDGE('',*,*,#4028,.T.);
#2258=CARTESIAN_POINT('',(3.595,-3.425,-1.6));
#2259=DIRECTION('',(-1.0,0.0,0.0));
#2260=DIRECTION('',(0.0,0.0,1.0));
#2261=ORIENTED_EDGE('',*,*,#4031,.F.);
#2262=ORIENTED_EDGE('',*,*,#4032,.F.);
#2263=ORIENTED_EDGE('',*,*,#4033,.F.);
#2264=ORIENTED_EDGE('',*,*,#4034,.T.);
#2265=CARTESIAN_POINT('',(3.595,-3.425,-1.6));
#2266=DIRECTION('',(-1.0,0.0,0.0));
#2267=DIRECTION('',(0.0,0.0,1.0));
#2268=ORIENTED_EDGE('',*,*,#4035,.T.);
#2269=ORIENTED_EDGE('',*,*,#4009,.T.);
#2270=ORIENTED_EDGE('',*,*,#4030,.F.);
#2271=ORIENTED_EDGE('',*,*,#4036,.F.);
#2272=CARTESIAN_POINT('',(3.895,-3.425,-1.6));
#2273=DIRECTION('',(-0.0,0.0,1.0));
#2274=DIRECTION('',(1.0,0.0,0.0));
#2275=ORIENTED_EDGE('',*,*,#4037,.T.);
#2276=ORIENTED_EDGE('',*,*,#4038,.T.);
#2277=ORIENTED_EDGE('',*,*,#4039,.T.);
#2278=ORIENTED_EDGE('',*,*,#4040,.T.);
#2279=ORIENTED_EDGE('',*,*,#4041,.T.);
#2280=ORIENTED_EDGE('',*,*,#4036,.T.);
#2281=ORIENTED_EDGE('',*,*,#4029,.T.);
#2282=ORIENTED_EDGE('',*,*,#4032,.T.);
#2283=ORIENTED_EDGE('',*,*,#4042,.T.);
#2284=ORIENTED_EDGE('',*,*,#4043,.T.);
#2285=ORIENTED_EDGE('',*,*,#4044,.T.);
#2286=ORIENTED_EDGE('',*,*,#4045,.T.);
#2287=ORIENTED_EDGE('',*,*,#4046,.T.);
#2288=ORIENTED_EDGE('',*,*,#4047,.T.);
#2289=CARTESIAN_POINT('',(3.375,-3.675,-1.6));
#2290=DIRECTION('',(0.0,0.0,-1.0));
#2291=DIRECTION('',(0.0,-1.0,0.0));
#2292=ORIENTED_EDGE('',*,*,#4048,.T.);
#2293=ORIENTED_EDGE('',*,*,#4049,.T.);
#2294=ORIENTED_EDGE('',*,*,#4050,.T.);
#2295=ORIENTED_EDGE('',*,*,#4051,.T.);
#2296=ORIENTED_EDGE('',*,*,#4052,.T.);
#2297=ORIENTED_EDGE('',*,*,#4053,.T.);
#2298=ORIENTED_EDGE('',*,*,#4054,.T.);
#2299=ORIENTED_EDGE('',*,*,#4055,.T.);
#2300=ORIENTED_EDGE('',*,*,#4056,.T.);
#2301=ORIENTED_EDGE('',*,*,#4057,.T.);
#2302=ORIENTED_EDGE('',*,*,#4058,.T.);
#2303=ORIENTED_EDGE('',*,*,#4059,.T.);
#2304=ORIENTED_EDGE('',*,*,#4060,.T.);
#2305=ORIENTED_EDGE('',*,*,#4061,.T.);
#2306=CARTESIAN_POINT('',(3.375,-3.675,-1.6));
#2307=DIRECTION('',(0.0,0.0,-1.0));
#2308=DIRECTION('',(0.0,-1.0,0.0));
#2309=ORIENTED_EDGE('',*,*,#4062,.T.);
#2310=ORIENTED_EDGE('',*,*,#4047,.F.);
#2311=ORIENTED_EDGE('',*,*,#4063,.T.);
#2312=ORIENTED_EDGE('',*,*,#4064,.F.);
#2313=CARTESIAN_POINT('',(3.845,-2.455,-1.6));
#2314=DIRECTION('',(1.0,0.0,0.0));
#2315=DIRECTION('',(0.0,1.0,0.0));
#2316=ORIENTED_EDGE('',*,*,#4014,.T.);
#2317=ORIENTED_EDGE('',*,*,#4065,.F.);
#2318=ORIENTED_EDGE('',*,*,#4037,.F.);
#2319=ORIENTED_EDGE('',*,*,#4023,.T.);
#2320=CARTESIAN_POINT('',(3.845,-2.455,-1.6));
#2321=DIRECTION('',(1.0,0.0,0.0));
#2322=DIRECTION('',(0.0,1.0,0.0));
#2323=ORIENTED_EDGE('',*,*,#4066,.F.);
#2324=ORIENTED_EDGE('',*,*,#3784,.T.);
#2325=ORIENTED_EDGE('',*,*,#4067,.T.);
#2326=ORIENTED_EDGE('',*,*,#4064,.T.);
#2327=ORIENTED_EDGE('',*,*,#4068,.T.);
#2328=CARTESIAN_POINT('',(4.065,-2.405,-1.6));
#2329=DIRECTION('',(-0.707106781186548,0.0,-0.707106781186548));
#2330=DIRECTION('',(-0.707106781186548,0.0,0.707106781186548));
#2331=ORIENTED_EDGE('',*,*,#4068,.F.);
#2332=ORIENTED_EDGE('',*,*,#4063,.F.);
#2333=ORIENTED_EDGE('',*,*,#4046,.F.);
#2334=ORIENTED_EDGE('',*,*,#4069,.T.);
#2335=ORIENTED_EDGE('',*,*,#4070,.F.);
#2336=CARTESIAN_POINT('',(3.895,-2.455,-1.6));
#2337=DIRECTION('',(-0.0,0.0,1.0));
#2338=DIRECTION('',(1.0,0.0,0.0));
#2339=ORIENTED_EDGE('',*,*,#4071,.F.);
#2340=ORIENTED_EDGE('',*,*,#3785,.T.);
#2341=ORIENTED_EDGE('',*,*,#4066,.T.);
#2342=ORIENTED_EDGE('',*,*,#4070,.T.);
#2343=ORIENTED_EDGE('',*,*,#4072,.F.);
#2344=CARTESIAN_POINT('',(4.395,-2.625,-1.6));
#2345=DIRECTION('',(0.0,0.707106781186548,-0.707106781186548));
#2346=DIRECTION('',(-1.0,0.0,0.0));
#2347=ORIENTED_EDGE('',*,*,#4069,.F.);
#2348=ORIENTED_EDGE('',*,*,#4045,.F.);
#2349=ORIENTED_EDGE('',*,*,#4073,.T.);
#2350=ORIENTED_EDGE('',*,*,#4072,.T.);
#2351=CARTESIAN_POINT('',(4.395,-2.405,-1.6));
#2352=DIRECTION('',(0.0,-1.0,0.0));
#2353=DIRECTION('',(0.0,0.0,-1.0));
#2354=ORIENTED_EDGE('',*,*,#4073,.F.);
#2355=ORIENTED_EDGE('',*,*,#4044,.F.);
#2356=ORIENTED_EDGE('',*,*,#4074,.T.);
#2357=ORIENTED_EDGE('',*,*,#4075,.T.);
#2358=CARTESIAN_POINT('',(4.395,-2.155,-1.6));
#2359=DIRECTION('',(1.0,0.0,0.0));
#2360=DIRECTION('',(0.0,1.0,0.0));
#2361=ORIENTED_EDGE('',*,*,#4076,.F.);
#2362=ORIENTED_EDGE('',*,*,#3786,.T.);
#2363=ORIENTED_EDGE('',*,*,#4071,.T.);
#2364=ORIENTED_EDGE('',*,*,#4075,.F.);
#2365=CARTESIAN_POINT('',(4.615,-2.155,-1.6));
#2366=DIRECTION('',(-0.707106781186548,0.0,-0.707106781186548));
#2367=DIRECTION('',(-0.707106781186548,0.0,0.707106781186548));
#2368=ORIENTED_EDGE('',*,*,#4077,.F.);
#2369=ORIENTED_EDGE('',*,*,#4078,.F.);
#2370=ORIENTED_EDGE('',*,*,#3787,.T.);
#2371=ORIENTED_EDGE('',*,*,#4076,.T.);
#2372=ORIENTED_EDGE('',*,*,#4079,.F.);
#2373=CARTESIAN_POINT('',(3.595,-1.935,-1.6));
#2374=DIRECTION('',(0.0,-0.707106781186548,-0.707106781186548));
#2375=DIRECTION('',(0.0,-0.707106781186548,0.707106781186548));
#2376=ORIENTED_EDGE('',*,*,#4074,.F.);
#2377=ORIENTED_EDGE('',*,*,#4043,.F.);
#2378=ORIENTED_EDGE('',*,*,#4080,.T.);
#2379=ORIENTED_EDGE('',*,*,#4079,.T.);
#2380=CARTESIAN_POINT('',(3.895,-2.155,-1.6));
#2381=DIRECTION('',(-0.0,1.0,0.0));
#2382=DIRECTION('',(1.0,0.0,0.0));
#2383=ORIENTED_EDGE('',*,*,#4081,.T.);
#2384=ORIENTED_EDGE('',*,*,#4080,.F.);
#2385=ORIENTED_EDGE('',*,*,#4042,.F.);
#2386=ORIENTED_EDGE('',*,*,#4031,.T.);
#2387=ORIENTED_EDGE('',*,*,#4082,.F.);
#2388=ORIENTED_EDGE('',*,*,#4083,.T.);
#2389=CARTESIAN_POINT('',(3.895,-2.455,-1.6));
#2390=DIRECTION('',(-0.0,0.0,1.0));
#2391=DIRECTION('',(1.0,0.0,0.0));
#2392=ORIENTED_EDGE('',*,*,#4084,.T.);
#2393=ORIENTED_EDGE('',*,*,#4085,.T.);
#2394=ORIENTED_EDGE('',*,*,#4083,.F.);
#2395=CARTESIAN_POINT('',(3.375,-3.675,-1.1));
#2396=DIRECTION('',(0.0,0.0,-1.0));
#2397=DIRECTION('',(0.0,-1.0,0.0));
#2398=ORIENTED_EDGE('',*,*,#4086,.T.);
#2399=ORIENTED_EDGE('',*,*,#4087,.T.);
#2400=ORIENTED_EDGE('',*,*,#4088,.F.);
#2401=CARTESIAN_POINT('',(3.375,-3.675,-1.1));
#2402=DIRECTION('',(0.0,0.0,-1.0));
#2403=DIRECTION('',(0.0,-1.0,0.0));
#2404=ORIENTED_EDGE('',*,*,#4085,.F.);
#2405=ORIENTED_EDGE('',*,*,#4089,.F.);
#2406=ORIENTED_EDGE('',*,*,#4077,.T.);
#2407=ORIENTED_EDGE('',*,*,#4081,.F.);
#2408=CARTESIAN_POINT('',(3.595,-2.155,-1.6));
#2409=DIRECTION('',(-0.0,1.0,0.0));
#2410=DIRECTION('',(1.0,0.0,0.0));
#2411=ORIENTED_EDGE('',*,*,#4090,.T.);
#2412=ORIENTED_EDGE('',*,*,#4089,.T.);
#2413=ORIENTED_EDGE('',*,*,#4084,.F.);
#2414=ORIENTED_EDGE('',*,*,#4082,.T.);
#2415=CARTESIAN_POINT('',(3.595,-3.155,-1.6));
#2416=DIRECTION('',(-1.0,0.0,0.0));
#2417=DIRECTION('',(0.0,0.0,1.0));
#2418=ORIENTED_EDGE('',*,*,#4091,.F.);
#2419=ORIENTED_EDGE('',*,*,#3788,.T.);
#2420=ORIENTED_EDGE('',*,*,#4078,.T.);
#2421=ORIENTED_EDGE('',*,*,#4090,.F.);
#2422=ORIENTED_EDGE('',*,*,#4034,.F.);
#2423=CARTESIAN_POINT('',(3.375,-3.155,-1.6));
#2424=DIRECTION('',(0.707106781186548,0.0,-0.707106781186548));
#2425=DIRECTION('',(0.0,-1.0,0.0));
#2426=ORIENTED_EDGE('',*,*,#4067,.F.);
#2427=ORIENTED_EDGE('',*,*,#4024,.T.);
#2428=ORIENTED_EDGE('',*,*,#4062,.F.);
#2429=CARTESIAN_POINT('',(3.845,-3.375,-1.6));
#2430=DIRECTION('',(0.0,0.707106781186548,-0.707106781186548));
#2431=DIRECTION('',(-1.0,0.0,0.0));
#2432=ORIENTED_EDGE('',*,*,#4027,.T.);
#2433=ORIENTED_EDGE('',*,*,#4091,.T.);
#2434=ORIENTED_EDGE('',*,*,#4033,.T.);
#2435=CARTESIAN_POINT('',(3.845,-3.375,-1.6));
#2436=DIRECTION('',(0.0,0.707106781186548,-0.707106781186548));
#2437=DIRECTION('',(-1.0,0.0,0.0));
#2438=ORIENTED_EDGE('',*,*,#4092,.T.);
#2439=ORIENTED_EDGE('',*,*,#4093,.F.);
#2440=ORIENTED_EDGE('',*,*,#4060,.F.);
#2441=ORIENTED_EDGE('',*,*,#4094,.T.);
#2442=ORIENTED_EDGE('',*,*,#4095,.F.);
#2443=ORIENTED_EDGE('',*,*,#4088,.T.);
#2444=CARTESIAN_POINT('',(-3.895,-2.455,-1.6));
#2445=DIRECTION('',(-0.0,0.0,1.0));
#2446=DIRECTION('',(1.0,0.0,0.0));
#2447=ORIENTED_EDGE('',*,*,#4096,.T.);
#2448=ORIENTED_EDGE('',*,*,#4097,.T.);
#2449=ORIENTED_EDGE('',*,*,#4086,.F.);
#2450=ORIENTED_EDGE('',*,*,#4095,.T.);
#2451=CARTESIAN_POINT('',(-4.395,-2.155,-1.6));
#2452=DIRECTION('',(-0.0,1.0,0.0));
#2453=DIRECTION('',(1.0,0.0,0.0));
#2454=ORIENTED_EDGE('',*,*,#4087,.F.);
#2455=ORIENTED_EDGE('',*,*,#4097,.F.);
#2456=ORIENTED_EDGE('',*,*,#4098,.T.);
#2457=ORIENTED_EDGE('',*,*,#4092,.F.);
#2458=CARTESIAN_POINT('',(-3.595,-2.155,-1.6));
#2459=DIRECTION('',(1.0,0.0,0.0));
#2460=DIRECTION('',(0.0,1.0,0.0));
#2461=ORIENTED_EDGE('',*,*,#4098,.F.);
#2462=ORIENTED_EDGE('',*,*,#4099,.F.);
#2463=ORIENTED_EDGE('',*,*,#3802,.T.);
#2464=ORIENTED_EDGE('',*,*,#4100,.T.);
#2465=ORIENTED_EDGE('',*,*,#4101,.T.);
#2466=CARTESIAN_POINT('',(-3.375,-2.155,-1.6));
#2467=DIRECTION('',(-0.707106781186548,0.0,-0.707106781186548));
#2468=DIRECTION('',(-0.707106781186548,0.0,0.707106781186548));
#2469=ORIENTED_EDGE('',*,*,#4022,.T.);
#2470=ORIENTED_EDGE('',*,*,#4102,.F.);
#2471=ORIENTED_EDGE('',*,*,#4048,.F.);
#2472=ORIENTED_EDGE('',*,*,#4001,.F.);
#2473=CARTESIAN_POINT('',(-3.595,-2.455,-1.6));
#2474=DIRECTION('',(1.0,0.0,0.0));
#2475=DIRECTION('',(0.0,1.0,0.0));
#2476=ORIENTED_EDGE('',*,*,#4061,.F.);
#2477=ORIENTED_EDGE('',*,*,#4093,.T.);
#2478=ORIENTED_EDGE('',*,*,#4101,.F.);
#2479=ORIENTED_EDGE('',*,*,#4103,.T.);
#2480=CARTESIAN_POINT('',(-3.595,-2.455,-1.6));
#2481=DIRECTION('',(1.0,0.0,0.0));
#2482=DIRECTION('',(0.0,1.0,0.0));
#2483=ORIENTED_EDGE('',*,*,#4102,.T.);
#2484=ORIENTED_EDGE('',*,*,#4021,.T.);
#2485=ORIENTED_EDGE('',*,*,#4104,.F.);
#2486=ORIENTED_EDGE('',*,*,#4049,.F.);
#2487=CARTESIAN_POINT('',(-3.895,-3.425,-1.6));
#2488=DIRECTION('',(-0.0,0.0,1.0));
#2489=DIRECTION('',(1.0,0.0,0.0));
#2490=ORIENTED_EDGE('',*,*,#4104,.T.);
#2491=ORIENTED_EDGE('',*,*,#4020,.T.);
#2492=ORIENTED_EDGE('',*,*,#4105,.T.);
#2493=ORIENTED_EDGE('',*,*,#4106,.F.);
#2494=ORIENTED_EDGE('',*,*,#4107,.F.);
#2495=ORIENTED_EDGE('',*,*,#4050,.F.);
#2496=CARTESIAN_POINT('',(-3.895,-3.725,-1.6));
#2497=DIRECTION('',(0.0,-1.0,0.0));
#2498=DIRECTION('',(0.0,0.0,-1.0));
#2499=ORIENTED_EDGE('',*,*,#4107,.T.);
#2500=ORIENTED_EDGE('',*,*,#4108,.T.);
#2501=ORIENTED_EDGE('',*,*,#4109,.F.);
#2502=ORIENTED_EDGE('',*,*,#4051,.F.);
#2503=CARTESIAN_POINT('',(-4.875,-3.725,-1.6));
#2504=DIRECTION('',(0.707106781186548,0.0,0.707106781186548));
#2505=DIRECTION('',(0.0,-1.0,0.0));
#2506=ORIENTED_EDGE('',*,*,#4109,.T.);
#2507=ORIENTED_EDGE('',*,*,#4110,.T.);
#2508=ORIENTED_EDGE('',*,*,#4111,.F.);
#2509=ORIENTED_EDGE('',*,*,#4018,.T.);
#2510=ORIENTED_EDGE('',*,*,#4112,.F.);
#2511=ORIENTED_EDGE('',*,*,#4052,.F.);
#2512=CARTESIAN_POINT('',(-5.075,-3.475,-1.6));
#2513=DIRECTION('',(-0.0,1.0,0.0));
#2514=DIRECTION('',(1.0,0.0,0.0));
#2515=ORIENTED_EDGE('',*,*,#4112,.T.);
#2516=ORIENTED_EDGE('',*,*,#4017,.T.);
#2517=ORIENTED_EDGE('',*,*,#4113,.F.);
#2518=ORIENTED_EDGE('',*,*,#4053,.F.);
#2519=CARTESIAN_POINT('',(-3.895,-3.425,-1.6));
#2520=DIRECTION('',(-0.0,0.0,1.0));
#2521=DIRECTION('',(1.0,0.0,0.0));
#2522=ORIENTED_EDGE('',*,*,#4114,.T.);
#2523=ORIENTED_EDGE('',*,*,#4115,.F.);
#2524=ORIENTED_EDGE('',*,*,#4055,.F.);
#2525=ORIENTED_EDGE('',*,*,#4116,.F.);
#2526=CARTESIAN_POINT('',(-3.845,-3.425,-1.6));
#2527=DIRECTION('',(-1.0,0.0,0.0));
#2528=DIRECTION('',(0.0,0.0,1.0));
#2529=ORIENTED_EDGE('',*,*,#4113,.T.);
#2530=ORIENTED_EDGE('',*,*,#4016,.T.);
#2531=ORIENTED_EDGE('',*,*,#4006,.F.);
#2532=ORIENTED_EDGE('',*,*,#4054,.F.);
#2533=CARTESIAN_POINT('',(-3.845,-3.425,-1.6));
#2534=DIRECTION('',(-1.0,0.0,0.0));
#2535=DIRECTION('',(0.0,0.0,1.0));
#2536=ORIENTED_EDGE('',*,*,#4100,.F.);
#2537=ORIENTED_EDGE('',*,*,#4002,.T.);
#2538=ORIENTED_EDGE('',*,*,#4103,.F.);
#2539=CARTESIAN_POINT('',(-3.595,-3.375,-1.6));
#2540=DIRECTION('',(0.0,0.707106781186548,-0.707106781186548));
#2541=DIRECTION('',(-1.0,0.0,0.0));
#2542=ORIENTED_EDGE('',*,*,#4005,.T.);
#2543=ORIENTED_EDGE('',*,*,#4117,.T.);
#2544=ORIENTED_EDGE('',*,*,#4116,.T.);
#2545=CARTESIAN_POINT('',(-3.595,-3.375,-1.6));
#2546=DIRECTION('',(0.0,0.707106781186548,-0.707106781186548));
#2547=DIRECTION('',(-1.0,0.0,0.0));
#2548=ORIENTED_EDGE('',*,*,#4117,.F.);
#2549=ORIENTED_EDGE('',*,*,#3806,.T.);
#2550=ORIENTED_EDGE('',*,*,#4118,.T.);
#2551=ORIENTED_EDGE('',*,*,#4119,.T.);
#2552=ORIENTED_EDGE('',*,*,#4114,.F.);
#2553=CARTESIAN_POINT('',(-4.065,-3.155,-1.6));
#2554=DIRECTION('',(0.707106781186548,0.0,-0.707106781186548));
#2555=DIRECTION('',(0.0,-1.0,0.0));
#2556=ORIENTED_EDGE('',*,*,#4120,.F.);
#2557=ORIENTED_EDGE('',*,*,#4121,.F.);
#2558=ORIENTED_EDGE('',*,*,#4056,.F.);
#2559=ORIENTED_EDGE('',*,*,#4115,.T.);
#2560=ORIENTED_EDGE('',*,*,#4119,.F.);
#2561=CARTESIAN_POINT('',(-3.895,-2.455,-1.6));
#2562=DIRECTION('',(-0.0,0.0,1.0));
#2563=DIRECTION('',(1.0,0.0,0.0));
#2564=ORIENTED_EDGE('',*,*,#4122,.F.);
#2565=ORIENTED_EDGE('',*,*,#4057,.F.);
#2566=ORIENTED_EDGE('',*,*,#4121,.T.);
#2567=ORIENTED_EDGE('',*,*,#4123,.T.);
#2568=CARTESIAN_POINT('',(-3.895,-2.405,-1.6));
#2569=DIRECTION('',(0.0,-1.0,0.0));
#2570=DIRECTION('',(0.0,0.0,-1.0));
#2571=ORIENTED_EDGE('',*,*,#4118,.F.);
#2572=ORIENTED_EDGE('',*,*,#3805,.T.);
#2573=ORIENTED_EDGE('',*,*,#4124,.T.);
#2574=ORIENTED_EDGE('',*,*,#4123,.F.);
#2575=ORIENTED_EDGE('',*,*,#4120,.T.);
#2576=CARTESIAN_POINT('',(-3.845,-2.625,-1.6));
#2577=DIRECTION('',(0.0,0.707106781186548,-0.707106781186548));
#2578=DIRECTION('',(-1.0,0.0,0.0));
#2579=ORIENTED_EDGE('',*,*,#4124,.F.);
#2580=ORIENTED_EDGE('',*,*,#3804,.T.);
#2581=ORIENTED_EDGE('',*,*,#4125,.T.);
#2582=ORIENTED_EDGE('',*,*,#4126,.F.);
#2583=CARTESIAN_POINT('',(-4.615,-2.405,-1.6));
#2584=DIRECTION('',(0.707106781186548,0.0,-0.707106781186548));
#2585=DIRECTION('',(0.0,-1.0,0.0));
#2586=ORIENTED_EDGE('',*,*,#4127,.F.);
#2587=ORIENTED_EDGE('',*,*,#4058,.F.);
#2588=ORIENTED_EDGE('',*,*,#4122,.T.);
#2589=ORIENTED_EDGE('',*,*,#4126,.T.);
#2590=CARTESIAN_POINT('',(-4.395,-2.405,-1.6));
#2591=DIRECTION('',(-1.0,0.0,0.0));
#2592=DIRECTION('',(0.0,0.0,1.0));
#2593=ORIENTED_EDGE('',*,*,#4094,.F.);
#2594=ORIENTED_EDGE('',*,*,#4059,.F.);
#2595=ORIENTED_EDGE('',*,*,#4127,.T.);
#2596=ORIENTED_EDGE('',*,*,#4128,.T.);
#2597=CARTESIAN_POINT('',(-4.395,-2.155,-1.6));
#2598=DIRECTION('',(-0.0,1.0,0.0));
#2599=DIRECTION('',(1.0,0.0,0.0));
#2600=ORIENTED_EDGE('',*,*,#4125,.F.);
#2601=ORIENTED_EDGE('',*,*,#3803,.T.);
#2602=ORIENTED_EDGE('',*,*,#4099,.T.);
#2603=ORIENTED_EDGE('',*,*,#4096,.F.);
#2604=ORIENTED_EDGE('',*,*,#4128,.F.);
#2605=CARTESIAN_POINT('',(-4.395,-1.935,-1.6));
#2606=DIRECTION('',(0.0,-0.707106781186548,-0.707106781186548));
#2607=DIRECTION('',(0.0,-0.707106781186548,0.707106781186548));
#2608=ORIENTED_EDGE('',*,*,#4111,.T.);
#2609=ORIENTED_EDGE('',*,*,#4129,.F.);
#2610=ORIENTED_EDGE('',*,*,#4105,.F.);
#2611=ORIENTED_EDGE('',*,*,#4019,.T.);
#2612=CARTESIAN_POINT('',(-4.875,-3.725,0.6));
#2613=DIRECTION('',(-0.707106781186548,0.0,0.707106781186548));
#2614=DIRECTION('',(0.0,1.0,0.0));
#2615=ORIENTED_EDGE('',*,*,#4106,.T.);
#2616=ORIENTED_EDGE('',*,*,#4129,.T.);
#2617=ORIENTED_EDGE('',*,*,#4110,.F.);
#2618=ORIENTED_EDGE('',*,*,#4108,.F.);
#2619=CARTESIAN_POINT('',(-5.075,-3.725,-1.6));
#2620=DIRECTION('',(-1.0,0.0,0.0));
#2621=DIRECTION('',(0.0,0.0,1.0));
#2622=ORIENTED_EDGE('',*,*,#4065,.T.);
#2623=ORIENTED_EDGE('',*,*,#4013,.T.);
#2624=ORIENTED_EDGE('',*,*,#4130,.F.);
#2625=ORIENTED_EDGE('',*,*,#4038,.F.);
#2626=CARTESIAN_POINT('',(3.895,-3.425,-1.6));
#2627=DIRECTION('',(-0.0,0.0,1.0));
#2628=DIRECTION('',(1.0,0.0,0.0));
#2629=ORIENTED_EDGE('',*,*,#4130,.T.);
#2630=ORIENTED_EDGE('',*,*,#4012,.T.);
#2631=ORIENTED_EDGE('',*,*,#4131,.T.);
#2632=ORIENTED_EDGE('',*,*,#4132,.F.);
#2633=ORIENTED_EDGE('',*,*,#4133,.F.);
#2634=ORIENTED_EDGE('',*,*,#4039,.F.);
#2635=CARTESIAN_POINT('',(3.895,-3.475,-1.6));
#2636=DIRECTION('',(-0.0,1.0,0.0));
#2637=DIRECTION('',(1.0,0.0,0.0));
#2638=ORIENTED_EDGE('',*,*,#4133,.T.);
#2639=ORIENTED_EDGE('',*,*,#4134,.T.);
#2640=ORIENTED_EDGE('',*,*,#4135,.F.);
#2641=ORIENTED_EDGE('',*,*,#4040,.F.);
#2642=CARTESIAN_POINT('',(4.875,-3.475,-1.6));
#2643=DIRECTION('',(-0.707106781186548,0.0,0.707106781186548));
#2644=DIRECTION('',(0.0,1.0,0.0));
#2645=ORIENTED_EDGE('',*,*,#4135,.T.);
#2646=ORIENTED_EDGE('',*,*,#4136,.T.);
#2647=ORIENTED_EDGE('',*,*,#4137,.F.);
#2648=ORIENTED_EDGE('',*,*,#4010,.T.);
#2649=ORIENTED_EDGE('',*,*,#4035,.F.);
#2650=ORIENTED_EDGE('',*,*,#4041,.F.);
#2651=CARTESIAN_POINT('',(5.075,-3.725,-1.6));
#2652=DIRECTION('',(0.0,-1.0,0.0));
#2653=DIRECTION('',(0.0,0.0,-1.0));
#2654=ORIENTED_EDGE('',*,*,#4137,.T.);
#2655=ORIENTED_EDGE('',*,*,#4138,.F.);
#2656=ORIENTED_EDGE('',*,*,#4131,.F.);
#2657=ORIENTED_EDGE('',*,*,#4011,.T.);
#2658=CARTESIAN_POINT('',(4.875,-3.475,0.6));
#2659=DIRECTION('',(0.707106781186548,0.0,0.707106781186548));
#2660=DIRECTION('',(0.0,-1.0,0.0));
#2661=ORIENTED_EDGE('',*,*,#4132,.T.);
#2662=ORIENTED_EDGE('',*,*,#4138,.T.);
#2663=ORIENTED_EDGE('',*,*,#4136,.F.);
#2664=ORIENTED_EDGE('',*,*,#4134,.F.);
#2665=CARTESIAN_POINT('',(5.075,-3.475,-1.6));
#2666=DIRECTION('',(1.0,0.0,0.0));
#2667=DIRECTION('',(0.0,1.0,0.0));
#2668=ORIENTED_EDGE('',*,*,#4139,.F.);
#2669=ORIENTED_EDGE('',*,*,#4140,.F.);
#2670=ORIENTED_EDGE('',*,*,#4141,.F.);
#2671=ORIENTED_EDGE('',*,*,#4142,.F.);
#2672=ORIENTED_EDGE('',*,*,#4003,.F.);
#2673=ORIENTED_EDGE('',*,*,#3967,.F.);
#2674=CARTESIAN_POINT('',(3.375,-3.675,1.2));
#2675=DIRECTION('',(0.0,0.0,-1.0));
#2676=DIRECTION('',(0.0,-1.0,0.0));
#2677=ORIENTED_EDGE('',*,*,#4026,.F.);
#2678=ORIENTED_EDGE('',*,*,#4143,.F.);
#2679=ORIENTED_EDGE('',*,*,#4144,.F.);
#2680=ORIENTED_EDGE('',*,*,#4145,.F.);
#2681=ORIENTED_EDGE('',*,*,#4146,.F.);
#2682=ORIENTED_EDGE('',*,*,#3894,.T.);
#2683=CARTESIAN_POINT('',(3.375,-3.675,1.2));
#2684=DIRECTION('',(0.0,0.0,-1.0));
#2685=DIRECTION('',(0.0,-1.0,0.0));
#2686=ORIENTED_EDGE('',*,*,#4004,.T.);
#2687=ORIENTED_EDGE('',*,*,#4142,.T.);
#2688=ORIENTED_EDGE('',*,*,#4147,.F.);
#2689=ORIENTED_EDGE('',*,*,#3808,.F.);
#2690=CARTESIAN_POINT('',(-4.575,-3.375,-1.6));
#2691=DIRECTION('',(-0.707106781186548,-0.707106781186548,0.0));
#2692=DIRECTION('',(-0.707106781186548,0.707106781186548,0.0));
#2693=ORIENTED_EDGE('',*,*,#4147,.T.);
#2694=ORIENTED_EDGE('',*,*,#4141,.T.);
#2695=ORIENTED_EDGE('',*,*,#4148,.F.);
#2696=ORIENTED_EDGE('',*,*,#3809,.F.);
#2697=CARTESIAN_POINT('',(-4.875,-3.075,-1.6));
#2698=DIRECTION('',(-1.0,0.0,0.0));
#2699=DIRECTION('',(0.0,0.0,1.0));
#2700=ORIENTED_EDGE('',*,*,#4148,.T.);
#2701=ORIENTED_EDGE('',*,*,#4140,.T.);
#2702=ORIENTED_EDGE('',*,*,#4149,.F.);
#2703=ORIENTED_EDGE('',*,*,#3810,.F.);
#2704=CARTESIAN_POINT('',(-4.875,-1.075,-1.6));
#2705=DIRECTION('',(-0.0,1.0,0.0));
#2706=DIRECTION('',(1.0,0.0,0.0));
#2707=ORIENTED_EDGE('',*,*,#3811,.F.);
#2708=ORIENTED_EDGE('',*,*,#4149,.T.);
#2709=ORIENTED_EDGE('',*,*,#4139,.T.);
#2710=ORIENTED_EDGE('',*,*,#3966,.F.);
#2711=CARTESIAN_POINT('',(-3.575,-1.075,-1.6));
#2712=DIRECTION('',(-0.707106781186548,0.707106781186548,0.0));
#2713=DIRECTION('',(0.0,0.0,1.0));
#2714=ORIENTED_EDGE('',*,*,#4146,.T.);
#2715=ORIENTED_EDGE('',*,*,#4150,.F.);
#2716=ORIENTED_EDGE('',*,*,#3779,.F.);
#2717=ORIENTED_EDGE('',*,*,#3895,.T.);
#2718=CARTESIAN_POINT('',(3.375,-0.875,-1.6));
#2719=DIRECTION('',(0.707106781186548,0.707106781186548,0.0));
#2720=DIRECTION('',(0.0,0.0,-1.0));
#2721=ORIENTED_EDGE('',*,*,#4150,.T.);
#2722=ORIENTED_EDGE('',*,*,#4145,.T.);
#2723=ORIENTED_EDGE('',*,*,#4151,.F.);
#2724=ORIENTED_EDGE('',*,*,#3780,.F.);
#2725=CARTESIAN_POINT('',(3.575,-1.075,-1.6));
#2726=DIRECTION('',(-0.0,1.0,0.0));
#2727=DIRECTION('',(1.0,0.0,0.0));
#2728=ORIENTED_EDGE('',*,*,#4151,.T.);
#2729=ORIENTED_EDGE('',*,*,#4144,.T.);
#2730=ORIENTED_EDGE('',*,*,#4152,.F.);
#2731=ORIENTED_EDGE('',*,*,#3781,.F.);
#2732=CARTESIAN_POINT('',(4.875,-1.075,-1.6));
#2733=DIRECTION('',(1.0,0.0,0.0));
#2734=DIRECTION('',(0.0,1.0,0.0));
#2735=ORIENTED_EDGE('',*,*,#4152,.T.);
#2736=ORIENTED_EDGE('',*,*,#4143,.T.);
#2737=ORIENTED_EDGE('',*,*,#4025,.F.);
#2738=ORIENTED_EDGE('',*,*,#3782,.F.);
#2739=CARTESIAN_POINT('',(4.875,-3.075,-1.6));
#2740=DIRECTION('',(0.707106781186548,-0.707106781186548,0.0));
#2741=DIRECTION('',(0.0,0.0,-1.0));
#2742=ORIENTED_EDGE('',*,*,#4153,.T.);
#2743=ORIENTED_EDGE('',*,*,#4154,.F.);
#2744=ORIENTED_EDGE('',*,*,#4155,.F.);
#2745=ORIENTED_EDGE('',*,*,#3933,.T.);
#2746=CARTESIAN_POINT('',(1.715,-1.1,-0.475));
#2747=DIRECTION('',(-1.0,0.0,0.0));
#2748=DIRECTION('',(0.0,0.0,1.0));
#2749=ORIENTED_EDGE('',*,*,#4155,.T.);
#2750=ORIENTED_EDGE('',*,*,#4156,.F.);
#2751=ORIENTED_EDGE('',*,*,#4157,.F.);
#2752=ORIENTED_EDGE('',*,*,#3930,.T.);
#2753=CARTESIAN_POINT('',(1.875,-1.1,-0.875));
#2754=DIRECTION('',(0.0,0.0,-1.0));
#2755=DIRECTION('',(0.0,-1.0,0.0));
#2756=ORIENTED_EDGE('',*,*,#4157,.T.);
#2757=ORIENTED_EDGE('',*,*,#4158,.F.);
#2758=ORIENTED_EDGE('',*,*,#4159,.F.);
#2759=ORIENTED_EDGE('',*,*,#3931,.T.);
#2760=CARTESIAN_POINT('',(2.035,-1.1,-0.475));
#2761=DIRECTION('',(1.0,0.0,0.0));
#2762=DIRECTION('',(0.0,1.0,0.0));
#2763=ORIENTED_EDGE('',*,*,#4159,.T.);
#2764=ORIENTED_EDGE('',*,*,#4160,.F.);
#2765=ORIENTED_EDGE('',*,*,#4153,.F.);
#2766=ORIENTED_EDGE('',*,*,#3932,.T.);
#2767=CARTESIAN_POINT('',(1.875,-1.1,-0.075));
#2768=DIRECTION('',(0.0,0.0,1.0));
#2769=DIRECTION('',(1.0,0.0,0.0));
#2770=ORIENTED_EDGE('',*,*,#4161,.T.);
#2771=ORIENTED_EDGE('',*,*,#4162,.F.);
#2772=ORIENTED_EDGE('',*,*,#4163,.F.);
#2773=ORIENTED_EDGE('',*,*,#4160,.T.);
#2774=CARTESIAN_POINT('',(1.875,0.025,-0.1125));
#2775=DIRECTION('',(0.0,0.148340452930201,0.988936352868304));
#2776=DIRECTION('',(1.0,-0.0,0.0));
#2777=ORIENTED_EDGE('',*,*,#4163,.T.);
#2778=ORIENTED_EDGE('',*,*,#4164,.F.);
#2779=ORIENTED_EDGE('',*,*,#4165,.F.);
#2780=ORIENTED_EDGE('',*,*,#4154,.T.);
#2781=CARTESIAN_POINT('',(1.765,0.025,-0.4625));
#2782=DIRECTION('',(-0.980580675690916,0.196116135138203,0.0));
#2783=DIRECTION('',(0.0,0.0,1.0));
#2784=ORIENTED_EDGE('',*,*,#4165,.T.);
#2785=ORIENTED_EDGE('',*,*,#4166,.F.);
#2786=ORIENTED_EDGE('',*,*,#4167,.F.);
#2787=ORIENTED_EDGE('',*,*,#4156,.T.);
#2788=CARTESIAN_POINT('',(1.875,0.025,-0.8125));
#2789=DIRECTION('',(0.0,0.242535625036309,-0.970142500145338));
#2790=DIRECTION('',(-1.0,0.0,0.0));
#2791=ORIENTED_EDGE('',*,*,#4167,.T.);
#2792=ORIENTED_EDGE('',*,*,#4168,.F.);
#2793=ORIENTED_EDGE('',*,*,#4161,.F.);
#2794=ORIENTED_EDGE('',*,*,#4158,.T.);
#2795=CARTESIAN_POINT('',(1.985,0.025,-0.4625));
#2796=DIRECTION('',(0.980580675690916,0.196116135138203,0.0));
#2797=DIRECTION('',(0.0,0.0,-1.0));
#2798=ORIENTED_EDGE('',*,*,#4162,.T.);
#2799=ORIENTED_EDGE('',*,*,#4168,.T.);
#2800=ORIENTED_EDGE('',*,*,#4166,.T.);
#2801=ORIENTED_EDGE('',*,*,#4164,.T.);
#2802=CARTESIAN_POINT('',(0.0,0.275,0.0));
#2803=DIRECTION('',(-0.0,1.0,0.0));
#2804=DIRECTION('',(1.0,0.0,0.0));
#2805=ORIENTED_EDGE('',*,*,#4169,.T.);
#2806=ORIENTED_EDGE('',*,*,#4170,.F.);
#2807=ORIENTED_EDGE('',*,*,#4171,.F.);
#2808=ORIENTED_EDGE('',*,*,#3937,.T.);
#2809=CARTESIAN_POINT('',(0.465,-1.1,-0.475));
#2810=DIRECTION('',(-1.0,0.0,0.0));
#2811=DIRECTION('',(0.0,0.0,1.0));
#2812=ORIENTED_EDGE('',*,*,#4171,.T.);
#2813=ORIENTED_EDGE('',*,*,#4172,.F.);
#2814=ORIENTED_EDGE('',*,*,#4173,.F.);
#2815=ORIENTED_EDGE('',*,*,#3934,.T.);
#2816=CARTESIAN_POINT('',(0.625,-1.1,-0.875));
#2817=DIRECTION('',(0.0,0.0,-1.0));
#2818=DIRECTION('',(0.0,-1.0,0.0));
#2819=ORIENTED_EDGE('',*,*,#4173,.T.);
#2820=ORIENTED_EDGE('',*,*,#4174,.F.);
#2821=ORIENTED_EDGE('',*,*,#4175,.F.);
#2822=ORIENTED_EDGE('',*,*,#3935,.T.);
#2823=CARTESIAN_POINT('',(0.785,-1.1,-0.475));
#2824=DIRECTION('',(1.0,0.0,0.0));
#2825=DIRECTION('',(0.0,1.0,0.0));
#2826=ORIENTED_EDGE('',*,*,#4175,.T.);
#2827=ORIENTED_EDGE('',*,*,#4176,.F.);
#2828=ORIENTED_EDGE('',*,*,#4169,.F.);
#2829=ORIENTED_EDGE('',*,*,#3936,.T.);
#2830=CARTESIAN_POINT('',(0.625,-1.1,-0.075));
#2831=DIRECTION('',(0.0,0.0,1.0));
#2832=DIRECTION('',(1.0,0.0,0.0));
#2833=ORIENTED_EDGE('',*,*,#4177,.T.);
#2834=ORIENTED_EDGE('',*,*,#4178,.F.);
#2835=ORIENTED_EDGE('',*,*,#4179,.F.);
#2836=ORIENTED_EDGE('',*,*,#4176,.T.);
#2837=CARTESIAN_POINT('',(0.625,0.025,-0.1125));
#2838=DIRECTION('',(0.0,0.148340452930201,0.988936352868304));
#2839=DIRECTION('',(1.0,-0.0,0.0));
#2840=ORIENTED_EDGE('',*,*,#4179,.T.);
#2841=ORIENTED_EDGE('',*,*,#4180,.F.);
#2842=ORIENTED_EDGE('',*,*,#4181,.F.);
#2843=ORIENTED_EDGE('',*,*,#4170,.T.);
#2844=CARTESIAN_POINT('',(0.515,0.025,-0.4625));
#2845=DIRECTION('',(-0.980580675690916,0.196116135138203,0.0));
#2846=DIRECTION('',(0.0,0.0,1.0));
#2847=ORIENTED_EDGE('',*,*,#4181,.T.);
#2848=ORIENTED_EDGE('',*,*,#4182,.F.);
#2849=ORIENTED_EDGE('',*,*,#4183,.F.);
#2850=ORIENTED_EDGE('',*,*,#4172,.T.);
#2851=CARTESIAN_POINT('',(0.625,0.025,-0.8125));
#2852=DIRECTION('',(0.0,0.242535625036309,-0.970142500145338));
#2853=DIRECTION('',(-1.0,0.0,0.0));
#2854=ORIENTED_EDGE('',*,*,#4183,.T.);
#2855=ORIENTED_EDGE('',*,*,#4184,.F.);
#2856=ORIENTED_EDGE('',*,*,#4177,.F.);
#2857=ORIENTED_EDGE('',*,*,#4174,.T.);
#2858=CARTESIAN_POINT('',(0.735,0.025,-0.4625));
#2859=DIRECTION('',(0.980580675690916,0.196116135138203,0.0));
#2860=DIRECTION('',(0.0,0.0,-1.0));
#2861=ORIENTED_EDGE('',*,*,#4178,.T.);
#2862=ORIENTED_EDGE('',*,*,#4184,.T.);
#2863=ORIENTED_EDGE('',*,*,#4182,.T.);
#2864=ORIENTED_EDGE('',*,*,#4180,.T.);
#2865=CARTESIAN_POINT('',(0.0,0.275,0.0));
#2866=DIRECTION('',(-0.0,1.0,0.0));
#2867=DIRECTION('',(1.0,0.0,0.0));
#2868=ORIENTED_EDGE('',*,*,#4185,.T.);
#2869=ORIENTED_EDGE('',*,*,#4186,.F.);
#2870=ORIENTED_EDGE('',*,*,#4187,.F.);
#2871=ORIENTED_EDGE('',*,*,#3941,.T.);
#2872=CARTESIAN_POINT('',(-0.785,-1.1,-0.475));
#2873=DIRECTION('',(-1.0,0.0,0.0));
#2874=DIRECTION('',(0.0,0.0,1.0));
#2875=ORIENTED_EDGE('',*,*,#4187,.T.);
#2876=ORIENTED_EDGE('',*,*,#4188,.F.);
#2877=ORIENTED_EDGE('',*,*,#4189,.F.);
#2878=ORIENTED_EDGE('',*,*,#3938,.T.);
#2879=CARTESIAN_POINT('',(-0.625,-1.1,-0.875));
#2880=DIRECTION('',(0.0,0.0,-1.0));
#2881=DIRECTION('',(0.0,-1.0,0.0));
#2882=ORIENTED_EDGE('',*,*,#4189,.T.);
#2883=ORIENTED_EDGE('',*,*,#4190,.F.);
#2884=ORIENTED_EDGE('',*,*,#4191,.F.);
#2885=ORIENTED_EDGE('',*,*,#3939,.T.);
#2886=CARTESIAN_POINT('',(-0.465,-1.1,-0.475));
#2887=DIRECTION('',(1.0,0.0,0.0));
#2888=DIRECTION('',(0.0,1.0,0.0));
#2889=ORIENTED_EDGE('',*,*,#4191,.T.);
#2890=ORIENTED_EDGE('',*,*,#4192,.F.);
#2891=ORIENTED_EDGE('',*,*,#4185,.F.);
#2892=ORIENTED_EDGE('',*,*,#3940,.T.);
#2893=CARTESIAN_POINT('',(-0.625,-1.1,-0.075));
#2894=DIRECTION('',(0.0,0.0,1.0));
#2895=DIRECTION('',(1.0,0.0,0.0));
#2896=ORIENTED_EDGE('',*,*,#4193,.T.);
#2897=ORIENTED_EDGE('',*,*,#4194,.F.);
#2898=ORIENTED_EDGE('',*,*,#4195,.F.);
#2899=ORIENTED_EDGE('',*,*,#4192,.T.);
#2900=CARTESIAN_POINT('',(-0.625,0.025,-0.1125));
#2901=DIRECTION('',(0.0,0.148340452930201,0.988936352868304));
#2902=DIRECTION('',(1.0,-0.0,0.0));
#2903=ORIENTED_EDGE('',*,*,#4195,.T.);
#2904=ORIENTED_EDGE('',*,*,#4196,.F.);
#2905=ORIENTED_EDGE('',*,*,#4197,.F.);
#2906=ORIENTED_EDGE('',*,*,#4186,.T.);
#2907=CARTESIAN_POINT('',(-0.735,0.025,-0.4625));
#2908=DIRECTION('',(-0.980580675690916,0.196116135138203,0.0));
#2909=DIRECTION('',(0.0,0.0,1.0));
#2910=ORIENTED_EDGE('',*,*,#4197,.T.);
#2911=ORIENTED_EDGE('',*,*,#4198,.F.);
#2912=ORIENTED_EDGE('',*,*,#4199,.F.);
#2913=ORIENTED_EDGE('',*,*,#4188,.T.);
#2914=CARTESIAN_POINT('',(-0.625,0.025,-0.8125));
#2915=DIRECTION('',(0.0,0.242535625036309,-0.970142500145338));
#2916=DIRECTION('',(-1.0,0.0,0.0));
#2917=ORIENTED_EDGE('',*,*,#4199,.T.);
#2918=ORIENTED_EDGE('',*,*,#4200,.F.);
#2919=ORIENTED_EDGE('',*,*,#4193,.F.);
#2920=ORIENTED_EDGE('',*,*,#4190,.T.);
#2921=CARTESIAN_POINT('',(-0.515,0.025,-0.4625));
#2922=DIRECTION('',(0.980580675690916,0.196116135138203,0.0));
#2923=DIRECTION('',(0.0,0.0,-1.0));
#2924=ORIENTED_EDGE('',*,*,#4194,.T.);
#2925=ORIENTED_EDGE('',*,*,#4200,.T.);
#2926=ORIENTED_EDGE('',*,*,#4198,.T.);
#2927=ORIENTED_EDGE('',*,*,#4196,.T.);
#2928=CARTESIAN_POINT('',(0.0,0.275,0.0));
#2929=DIRECTION('',(-0.0,1.0,0.0));
#2930=DIRECTION('',(1.0,0.0,0.0));
#2931=ORIENTED_EDGE('',*,*,#4201,.T.);
#2932=ORIENTED_EDGE('',*,*,#4202,.F.);
#2933=ORIENTED_EDGE('',*,*,#4203,.F.);
#2934=ORIENTED_EDGE('',*,*,#3945,.T.);
#2935=CARTESIAN_POINT('',(-2.035,-1.1,-0.475));
#2936=DIRECTION('',(-1.0,0.0,0.0));
#2937=DIRECTION('',(0.0,0.0,1.0));
#2938=ORIENTED_EDGE('',*,*,#4203,.T.);
#2939=ORIENTED_EDGE('',*,*,#4204,.F.);
#2940=ORIENTED_EDGE('',*,*,#4205,.F.);
#2941=ORIENTED_EDGE('',*,*,#3942,.T.);
#2942=CARTESIAN_POINT('',(-1.875,-1.1,-0.875));
#2943=DIRECTION('',(0.0,0.0,-1.0));
#2944=DIRECTION('',(0.0,-1.0,0.0));
#2945=ORIENTED_EDGE('',*,*,#4205,.T.);
#2946=ORIENTED_EDGE('',*,*,#4206,.F.);
#2947=ORIENTED_EDGE('',*,*,#4207,.F.);
#2948=ORIENTED_EDGE('',*,*,#3943,.T.);
#2949=CARTESIAN_POINT('',(-1.715,-1.1,-0.475));
#2950=DIRECTION('',(1.0,0.0,0.0));
#2951=DIRECTION('',(0.0,1.0,0.0));
#2952=ORIENTED_EDGE('',*,*,#4207,.T.);
#2953=ORIENTED_EDGE('',*,*,#4208,.F.);
#2954=ORIENTED_EDGE('',*,*,#4201,.F.);
#2955=ORIENTED_EDGE('',*,*,#3944,.T.);
#2956=CARTESIAN_POINT('',(-1.875,-1.1,-0.075));
#2957=DIRECTION('',(0.0,0.0,1.0));
#2958=DIRECTION('',(1.0,0.0,0.0));
#2959=ORIENTED_EDGE('',*,*,#4209,.T.);
#2960=ORIENTED_EDGE('',*,*,#4210,.F.);
#2961=ORIENTED_EDGE('',*,*,#4211,.F.);
#2962=ORIENTED_EDGE('',*,*,#4208,.T.);
#2963=CARTESIAN_POINT('',(-1.875,0.025,-0.1125));
#2964=DIRECTION('',(0.0,0.148340452930201,0.988936352868304));
#2965=DIRECTION('',(1.0,-0.0,0.0));
#2966=ORIENTED_EDGE('',*,*,#4211,.T.);
#2967=ORIENTED_EDGE('',*,*,#4212,.F.);
#2968=ORIENTED_EDGE('',*,*,#4213,.F.);
#2969=ORIENTED_EDGE('',*,*,#4202,.T.);
#2970=CARTESIAN_POINT('',(-1.985,0.025,-0.4625));
#2971=DIRECTION('',(-0.980580675690916,0.196116135138203,0.0));
#2972=DIRECTION('',(0.0,0.0,1.0));
#2973=ORIENTED_EDGE('',*,*,#4213,.T.);
#2974=ORIENTED_EDGE('',*,*,#4214,.F.);
#2975=ORIENTED_EDGE('',*,*,#4215,.F.);
#2976=ORIENTED_EDGE('',*,*,#4204,.T.);
#2977=CARTESIAN_POINT('',(-1.875,0.025,-0.8125));
#2978=DIRECTION('',(0.0,0.242535625036309,-0.970142500145338));
#2979=DIRECTION('',(-1.0,0.0,0.0));
#2980=ORIENTED_EDGE('',*,*,#4215,.T.);
#2981=ORIENTED_EDGE('',*,*,#4216,.F.);
#2982=ORIENTED_EDGE('',*,*,#4209,.F.);
#2983=ORIENTED_EDGE('',*,*,#4206,.T.);
#2984=CARTESIAN_POINT('',(-1.765,0.025,-0.4625));
#2985=DIRECTION('',(0.980580675690916,0.196116135138203,0.0));
#2986=DIRECTION('',(0.0,0.0,-1.0));
#2987=ORIENTED_EDGE('',*,*,#4210,.T.);
#2988=ORIENTED_EDGE('',*,*,#4216,.T.);
#2989=ORIENTED_EDGE('',*,*,#4214,.T.);
#2990=ORIENTED_EDGE('',*,*,#4212,.T.);
#2991=CARTESIAN_POINT('',(0.0,0.275,0.0));
#2992=DIRECTION('',(-0.0,1.0,0.0));
#2993=DIRECTION('',(1.0,0.0,0.0));
#2994=ORIENTED_EDGE('',*,*,#3861,.T.);
#2995=ORIENTED_EDGE('',*,*,#4217,.T.);
#2996=ORIENTED_EDGE('',*,*,#3770,.F.);
#2997=ORIENTED_EDGE('',*,*,#3884,.T.);
#2998=ORIENTED_EDGE('',*,*,#3847,.T.);
#2999=CARTESIAN_POINT('',(1.05,-0.475,-1.6));
#3000=DIRECTION('',(-1.0,0.0,0.0));
#3001=DIRECTION('',(0.0,0.0,1.0));
#3002=ORIENTED_EDGE('',*,*,#3860,.F.);
#3003=ORIENTED_EDGE('',*,*,#4218,.F.);
#3004=ORIENTED_EDGE('',*,*,#3771,.T.);
#3005=ORIENTED_EDGE('',*,*,#4217,.F.);
#3006=CARTESIAN_POINT('',(0.0,-0.475,0.0));
#3007=DIRECTION('',(-0.0,1.0,0.0));
#3008=DIRECTION('',(1.0,0.0,0.0));
#3009=ORIENTED_EDGE('',*,*,#3775,.T.);
#3010=ORIENTED_EDGE('',*,*,#4219,.F.);
#3011=ORIENTED_EDGE('',*,*,#3856,.F.);
#3012=ORIENTED_EDGE('',*,*,#3851,.T.);
#3013=CARTESIAN_POINT('',(0.0,-0.475,0.0));
#3014=DIRECTION('',(-0.0,1.0,0.0));
#3015=DIRECTION('',(1.0,0.0,0.0));
#3016=ORIENTED_EDGE('',*,*,#4218,.T.);
#3017=ORIENTED_EDGE('',*,*,#3859,.F.);
#3018=ORIENTED_EDGE('',*,*,#4220,.F.);
#3019=ORIENTED_EDGE('',*,*,#3772,.T.);
#3020=CARTESIAN_POINT('',(0.7,-0.475,-1.6));
#3021=DIRECTION('',(-0.992277876713669,0.0,0.124034734589196));
#3022=DIRECTION('',(0.0,1.0,0.0));
#3023=ORIENTED_EDGE('',*,*,#4220,.T.);
#3024=ORIENTED_EDGE('',*,*,#3858,.T.);
#3025=ORIENTED_EDGE('',*,*,#4221,.T.);
#3026=ORIENTED_EDGE('',*,*,#3773,.F.);
#3027=CARTESIAN_POINT('',(0.0,-1.625,0.0));
#3028=DIRECTION('',(-0.0,1.0,0.0));
#3029=DIRECTION('',(1.0,0.0,0.0));
#3030=ORIENTED_EDGE('',*,*,#4221,.F.);
#3031=ORIENTED_EDGE('',*,*,#3857,.T.);
#3032=ORIENTED_EDGE('',*,*,#4219,.T.);
#3033=ORIENTED_EDGE('',*,*,#3774,.F.);
#3034=CARTESIAN_POINT('',(1.75,-0.475,-1.2));
#3035=DIRECTION('',(0.992277876713669,0.0,0.124034734589196));
#3036=DIRECTION('',(0.0,-1.0,0.0));
#3037=ORIENTED_EDGE('',*,*,#3761,.F.);
#3038=ORIENTED_EDGE('',*,*,#3798,.T.);
#3039=ORIENTED_EDGE('',*,*,#4222,.T.);
#3040=ORIENTED_EDGE('',*,*,#3718,.F.);
#3041=CARTESIAN_POINT('',(-1.05,-3.475,-1.6));
#3042=DIRECTION('',(-1.0,0.0,0.0));
#3043=DIRECTION('',(0.0,0.0,1.0));
#3044=ORIENTED_EDGE('',*,*,#4222,.F.);
#3045=ORIENTED_EDGE('',*,*,#3797,.T.);
#3046=ORIENTED_EDGE('',*,*,#4223,.T.);
#3047=ORIENTED_EDGE('',*,*,#3719,.F.);
#3048=ORIENTED_EDGE('',*,*,#4224,.F.);
#3049=ORIENTED_EDGE('',*,*,#4225,.F.);
#3050=ORIENTED_EDGE('',*,*,#4226,.T.);
#3051=ORIENTED_EDGE('',*,*,#4227,.T.);
#3052=CARTESIAN_POINT('',(-1.05,-3.075,-1.6));
#3053=DIRECTION('',(-0.0,1.0,0.0));
#3054=DIRECTION('',(1.0,0.0,0.0));
#3055=ORIENTED_EDGE('',*,*,#4223,.F.);
#3056=ORIENTED_EDGE('',*,*,#3796,.T.);
#3057=ORIENTED_EDGE('',*,*,#3757,.T.);
#3058=ORIENTED_EDGE('',*,*,#3720,.F.);
#3059=CARTESIAN_POINT('',(-0.2,-3.075,-1.6));
#3060=DIRECTION('',(1.0,0.0,0.0));
#3061=DIRECTION('',(0.0,1.0,0.0));
#3062=ORIENTED_EDGE('',*,*,#4228,.T.);
#3063=ORIENTED_EDGE('',*,*,#4229,.T.);
#3064=ORIENTED_EDGE('',*,*,#4230,.T.);
#3065=ORIENTED_EDGE('',*,*,#4231,.T.);
#3066=ORIENTED_EDGE('',*,*,#4232,.T.);
#3067=ORIENTED_EDGE('',*,*,#4233,.T.);
#3068=ORIENTED_EDGE('',*,*,#4234,.T.);
#3069=ORIENTED_EDGE('',*,*,#4235,.T.);
#3070=ORIENTED_EDGE('',*,*,#4236,.T.);
#3071=ORIENTED_EDGE('',*,*,#4227,.F.);
#3072=CARTESIAN_POINT('',(-0.465,-1.1,-0.475));
#3073=DIRECTION('',(1.0,0.0,0.0));
#3074=DIRECTION('',(0.0,1.0,0.0));
#3075=ORIENTED_EDGE('',*,*,#4236,.F.);
#3076=ORIENTED_EDGE('',*,*,#4237,.T.);
#3077=ORIENTED_EDGE('',*,*,#4238,.T.);
#3078=ORIENTED_EDGE('',*,*,#4224,.T.);
#3079=CARTESIAN_POINT('',(-0.465,-3.525,-0.9));
#3080=DIRECTION('',(0.0,0.0,-1.0));
#3081=DIRECTION('',(0.0,-1.0,0.0));
#3082=ORIENTED_EDGE('',*,*,#4225,.T.);
#3083=ORIENTED_EDGE('',*,*,#4238,.F.);
#3084=ORIENTED_EDGE('',*,*,#4239,.F.);
#3085=ORIENTED_EDGE('',*,*,#4240,.F.);
#3086=ORIENTED_EDGE('',*,*,#4241,.F.);
#3087=ORIENTED_EDGE('',*,*,#4242,.F.);
#3088=ORIENTED_EDGE('',*,*,#4243,.F.);
#3089=ORIENTED_EDGE('',*,*,#4244,.F.);
#3090=ORIENTED_EDGE('',*,*,#4245,.F.);
#3091=ORIENTED_EDGE('',*,*,#4246,.F.);
#3092=CARTESIAN_POINT('',(-0.785,-1.1,-0.475));
#3093=DIRECTION('',(1.0,0.0,0.0));
#3094=DIRECTION('',(0.0,1.0,0.0));
#3095=ORIENTED_EDGE('',*,*,#4246,.T.);
#3096=ORIENTED_EDGE('',*,*,#4247,.F.);
#3097=ORIENTED_EDGE('',*,*,#4228,.F.);
#3098=ORIENTED_EDGE('',*,*,#4226,.F.);
#3099=CARTESIAN_POINT('',(-0.465,-3.075,1.57));
#3100=DIRECTION('',(0.0,0.866025403784429,0.500000000000017));
#3101=DIRECTION('',(1.0,0.0,-0.0));
#3102=ORIENTED_EDGE('',*,*,#4247,.T.);
#3103=ORIENTED_EDGE('',*,*,#4245,.T.);
#3104=ORIENTED_EDGE('',*,*,#4248,.F.);
#3105=ORIENTED_EDGE('',*,*,#4229,.F.);
#3106=CARTESIAN_POINT('',(-0.465,-3.325,2.003012701892));
#3107=DIRECTION('',(-0.0,1.0,0.0));
#3108=DIRECTION('',(1.0,0.0,0.0));
#3109=ORIENTED_EDGE('',*,*,#4248,.T.);
#3110=ORIENTED_EDGE('',*,*,#4244,.T.);
#3111=ORIENTED_EDGE('',*,*,#4249,.F.);
#3112=ORIENTED_EDGE('',*,*,#4230,.F.);
#3113=CARTESIAN_POINT('',(-0.465,-3.325,2.5));
#3114=DIRECTION('',(0.0,0.707106781186548,0.707106781186548));
#3115=DIRECTION('',(1.0,0.0,-0.0));
#3116=ORIENTED_EDGE('',*,*,#4249,.T.);
#3117=ORIENTED_EDGE('',*,*,#4243,.T.);
#3118=ORIENTED_EDGE('',*,*,#4250,.F.);
#3119=ORIENTED_EDGE('',*,*,#4231,.F.);
#3120=CARTESIAN_POINT('',(-0.465,-3.425,2.6));
#3121=DIRECTION('',(0.0,0.0,1.0));
#3122=DIRECTION('',(1.0,0.0,0.0));
#3123=ORIENTED_EDGE('',*,*,#4250,.T.);
#3124=ORIENTED_EDGE('',*,*,#4242,.T.);
#3125=ORIENTED_EDGE('',*,*,#4251,.F.);
#3126=ORIENTED_EDGE('',*,*,#4232,.F.);
#3127=CARTESIAN_POINT('',(-0.465,-3.675,2.6));
#3128=DIRECTION('',(0.0,-0.707106781186548,0.707106781186548));
#3129=DIRECTION('',(-1.0,0.0,0.0));
#3130=ORIENTED_EDGE('',*,*,#4251,.T.);
#3131=ORIENTED_EDGE('',*,*,#4241,.T.);
#3132=ORIENTED_EDGE('',*,*,#4252,.F.);
#3133=ORIENTED_EDGE('',*,*,#4233,.F.);
#3134=CARTESIAN_POINT('',(-0.465,-3.775,2.5));
#3135=DIRECTION('',(0.0,-1.0,0.0));
#3136=DIRECTION('',(0.0,0.0,-1.0));
#3137=ORIENTED_EDGE('',*,*,#4252,.T.);
#3138=ORIENTED_EDGE('',*,*,#4240,.T.);
#3139=ORIENTED_EDGE('',*,*,#4253,.F.);
#3140=ORIENTED_EDGE('',*,*,#4234,.F.);
#3141=CARTESIAN_POINT('',(-0.465,-3.775,2.0));
#3142=DIRECTION('',(0.0,-0.866025403784429,-0.500000000000017));
#3143=DIRECTION('',(0.0,0.500000000000017,-0.866025403784429));
#3144=ORIENTED_EDGE('',*,*,#4253,.T.);
#3145=ORIENTED_EDGE('',*,*,#4239,.T.);
#3146=ORIENTED_EDGE('',*,*,#4237,.F.);
#3147=ORIENTED_EDGE('',*,*,#4235,.F.);
#3148=CARTESIAN_POINT('',(-0.465,-3.525,1.566987298108));
#3149=DIRECTION('',(0.0,-1.0,0.0));
#3150=DIRECTION('',(0.0,0.0,-1.0));
#3151=ORIENTED_EDGE('',*,*,#3756,.F.);
#3152=ORIENTED_EDGE('',*,*,#3795,.T.);
#3153=ORIENTED_EDGE('',*,*,#4254,.T.);
#3154=ORIENTED_EDGE('',*,*,#3722,.F.);
#3155=CARTESIAN_POINT('',(0.2,-3.475,-1.6));
#3156=DIRECTION('',(-1.0,0.0,0.0));
#3157=DIRECTION('',(0.0,0.0,1.0));
#3158=ORIENTED_EDGE('',*,*,#4254,.F.);
#3159=ORIENTED_EDGE('',*,*,#3794,.T.);
#3160=ORIENTED_EDGE('',*,*,#4255,.T.);
#3161=ORIENTED_EDGE('',*,*,#3723,.F.);
#3162=ORIENTED_EDGE('',*,*,#4256,.F.);
#3163=ORIENTED_EDGE('',*,*,#4257,.F.);
#3164=ORIENTED_EDGE('',*,*,#4258,.T.);
#3165=ORIENTED_EDGE('',*,*,#4259,.T.);
#3166=CARTESIAN_POINT('',(0.2,-3.075,-1.6));
#3167=DIRECTION('',(-0.0,1.0,0.0));
#3168=DIRECTION('',(1.0,0.0,0.0));
#3169=ORIENTED_EDGE('',*,*,#4255,.F.);
#3170=ORIENTED_EDGE('',*,*,#3793,.T.);
#3171=ORIENTED_EDGE('',*,*,#3754,.T.);
#3172=ORIENTED_EDGE('',*,*,#3724,.F.);
#3173=CARTESIAN_POINT('',(1.05,-3.075,-1.6));
#3174=DIRECTION('',(1.0,0.0,0.0));
#3175=DIRECTION('',(0.0,1.0,0.0));
#3176=ORIENTED_EDGE('',*,*,#4260,.T.);
#3177=ORIENTED_EDGE('',*,*,#4261,.T.);
#3178=ORIENTED_EDGE('',*,*,#4262,.T.);
#3179=ORIENTED_EDGE('',*,*,#4263,.T.);
#3180=ORIENTED_EDGE('',*,*,#4264,.T.);
#3181=ORIENTED_EDGE('',*,*,#4265,.T.);
#3182=ORIENTED_EDGE('',*,*,#4266,.T.);
#3183=ORIENTED_EDGE('',*,*,#4267,.T.);
#3184=ORIENTED_EDGE('',*,*,#4268,.T.);
#3185=ORIENTED_EDGE('',*,*,#4259,.F.);
#3186=CARTESIAN_POINT('',(0.785,-1.1,-0.475));
#3187=DIRECTION('',(1.0,0.0,0.0));
#3188=DIRECTION('',(0.0,1.0,0.0));
#3189=ORIENTED_EDGE('',*,*,#4268,.F.);
#3190=ORIENTED_EDGE('',*,*,#4269,.T.);
#3191=ORIENTED_EDGE('',*,*,#4270,.T.);
#3192=ORIENTED_EDGE('',*,*,#4256,.T.);
#3193=CARTESIAN_POINT('',(0.785,-3.525,-0.9));
#3194=DIRECTION('',(0.0,0.0,-1.0));
#3195=DIRECTION('',(0.0,-1.0,0.0));
#3196=ORIENTED_EDGE('',*,*,#4257,.T.);
#3197=ORIENTED_EDGE('',*,*,#4270,.F.);
#3198=ORIENTED_EDGE('',*,*,#4271,.F.);
#3199=ORIENTED_EDGE('',*,*,#4272,.F.);
#3200=ORIENTED_EDGE('',*,*,#4273,.F.);
#3201=ORIENTED_EDGE('',*,*,#4274,.F.);
#3202=ORIENTED_EDGE('',*,*,#4275,.F.);
#3203=ORIENTED_EDGE('',*,*,#4276,.F.);
#3204=ORIENTED_EDGE('',*,*,#4277,.F.);
#3205=ORIENTED_EDGE('',*,*,#4278,.F.);
#3206=CARTESIAN_POINT('',(0.465,-1.1,-0.475));
#3207=DIRECTION('',(1.0,0.0,0.0));
#3208=DIRECTION('',(0.0,1.0,0.0));
#3209=ORIENTED_EDGE('',*,*,#4278,.T.);
#3210=ORIENTED_EDGE('',*,*,#4279,.F.);
#3211=ORIENTED_EDGE('',*,*,#4260,.F.);
#3212=ORIENTED_EDGE('',*,*,#4258,.F.);
#3213=CARTESIAN_POINT('',(0.785,-3.075,1.57));
#3214=DIRECTION('',(0.0,0.866025403784429,0.500000000000017));
#3215=DIRECTION('',(1.0,0.0,-0.0));
#3216=ORIENTED_EDGE('',*,*,#4279,.T.);
#3217=ORIENTED_EDGE('',*,*,#4277,.T.);
#3218=ORIENTED_EDGE('',*,*,#4280,.F.);
#3219=ORIENTED_EDGE('',*,*,#4261,.F.);
#3220=CARTESIAN_POINT('',(0.785,-3.325,2.003012701892));
#3221=DIRECTION('',(-0.0,1.0,0.0));
#3222=DIRECTION('',(1.0,0.0,0.0));
#3223=ORIENTED_EDGE('',*,*,#4280,.T.);
#3224=ORIENTED_EDGE('',*,*,#4276,.T.);
#3225=ORIENTED_EDGE('',*,*,#4281,.F.);
#3226=ORIENTED_EDGE('',*,*,#4262,.F.);
#3227=CARTESIAN_POINT('',(0.785,-3.325,2.5));
#3228=DIRECTION('',(0.0,0.707106781186548,0.707106781186548));
#3229=DIRECTION('',(1.0,0.0,-0.0));
#3230=ORIENTED_EDGE('',*,*,#4281,.T.);
#3231=ORIENTED_EDGE('',*,*,#4275,.T.);
#3232=ORIENTED_EDGE('',*,*,#4282,.F.);
#3233=ORIENTED_EDGE('',*,*,#4263,.F.);
#3234=CARTESIAN_POINT('',(0.785,-3.425,2.6));
#3235=DIRECTION('',(0.0,0.0,1.0));
#3236=DIRECTION('',(1.0,0.0,0.0));
#3237=ORIENTED_EDGE('',*,*,#4282,.T.);
#3238=ORIENTED_EDGE('',*,*,#4274,.T.);
#3239=ORIENTED_EDGE('',*,*,#4283,.F.);
#3240=ORIENTED_EDGE('',*,*,#4264,.F.);
#3241=CARTESIAN_POINT('',(0.785,-3.675,2.6));
#3242=DIRECTION('',(0.0,-0.707106781186548,0.707106781186548));
#3243=DIRECTION('',(-1.0,0.0,0.0));
#3244=ORIENTED_EDGE('',*,*,#4283,.T.);
#3245=ORIENTED_EDGE('',*,*,#4273,.T.);
#3246=ORIENTED_EDGE('',*,*,#4284,.F.);
#3247=ORIENTED_EDGE('',*,*,#4265,.F.);
#3248=CARTESIAN_POINT('',(0.785,-3.775,2.5));
#3249=DIRECTION('',(0.0,-1.0,0.0));
#3250=DIRECTION('',(0.0,0.0,-1.0));
#3251=ORIENTED_EDGE('',*,*,#4284,.T.);
#3252=ORIENTED_EDGE('',*,*,#4272,.T.);
#3253=ORIENTED_EDGE('',*,*,#4285,.F.);
#3254=ORIENTED_EDGE('',*,*,#4266,.F.);
#3255=CARTESIAN_POINT('',(0.785,-3.775,2.0));
#3256=DIRECTION('',(0.0,-0.866025403784429,-0.500000000000017));
#3257=DIRECTION('',(0.0,0.500000000000017,-0.866025403784429));
#3258=ORIENTED_EDGE('',*,*,#4285,.T.);
#3259=ORIENTED_EDGE('',*,*,#4271,.T.);
#3260=ORIENTED_EDGE('',*,*,#4269,.F.);
#3261=ORIENTED_EDGE('',*,*,#4267,.F.);
#3262=CARTESIAN_POINT('',(0.785,-3.525,1.566987298108));
#3263=DIRECTION('',(0.0,-1.0,0.0));
#3264=DIRECTION('',(0.0,0.0,-1.0));
#3265=ORIENTED_EDGE('',*,*,#3753,.F.);
#3266=ORIENTED_EDGE('',*,*,#3792,.T.);
#3267=ORIENTED_EDGE('',*,*,#3708,.T.);
#3268=ORIENTED_EDGE('',*,*,#3726,.F.);
#3269=CARTESIAN_POINT('',(1.45,-3.475,-1.6));
#3270=DIRECTION('',(-1.0,0.0,0.0));
#3271=DIRECTION('',(0.0,0.0,1.0));
#3272=ORIENTED_EDGE('',*,*,#4286,.F.);
#3273=ORIENTED_EDGE('',*,*,#4287,.F.);
#3274=ORIENTED_EDGE('',*,*,#4288,.F.);
#3275=ORIENTED_EDGE('',*,*,#3818,.T.);
#3276=CARTESIAN_POINT('',(0.0,-2.25,0.0));
#3277=DIRECTION('',(-0.0,1.0,0.0));
#3278=DIRECTION('',(1.0,0.0,0.0));
#3279=ORIENTED_EDGE('',*,*,#4288,.T.);
#3280=ORIENTED_EDGE('',*,*,#4289,.T.);
#3281=ORIENTED_EDGE('',*,*,#4290,.F.);
#3282=ORIENTED_EDGE('',*,*,#3815,.T.);
#3283=CARTESIAN_POINT('',(2.075,-2.25,-1.6));
#3284=DIRECTION('',(-0.554700196225229,0.0,0.832050294337844));
#3285=DIRECTION('',(0.0,1.0,0.0));
#3286=ORIENTED_EDGE('',*,*,#4290,.T.);
#3287=ORIENTED_EDGE('',*,*,#4291,.T.);
#3288=ORIENTED_EDGE('',*,*,#4292,.T.);
#3289=ORIENTED_EDGE('',*,*,#3816,.F.);
#3290=CARTESIAN_POINT('',(0.0,-2.85,0.0));
#3291=DIRECTION('',(-0.0,1.0,0.0));
#3292=DIRECTION('',(1.0,0.0,0.0));
#3293=ORIENTED_EDGE('',*,*,#4292,.F.);
#3294=ORIENTED_EDGE('',*,*,#4293,.F.);
#3295=ORIENTED_EDGE('',*,*,#4286,.T.);
#3296=ORIENTED_EDGE('',*,*,#3817,.F.);
#3297=CARTESIAN_POINT('',(2.875,-2.25,-1.4));
#3298=DIRECTION('',(1.0,0.0,0.0));
#3299=DIRECTION('',(0.0,1.0,0.0));
#3300=ORIENTED_EDGE('',*,*,#4293,.T.);
#3301=ORIENTED_EDGE('',*,*,#4291,.F.);
#3302=ORIENTED_EDGE('',*,*,#4289,.F.);
#3303=ORIENTED_EDGE('',*,*,#4287,.T.);
#3304=CARTESIAN_POINT('',(2.375,-2.25,-1.4));
#3305=DIRECTION('',(0.0,0.0,1.0));
#3306=DIRECTION('',(1.0,0.0,0.0));
#3307=ORIENTED_EDGE('',*,*,#4294,.F.);
#3308=ORIENTED_EDGE('',*,*,#4295,.F.);
#3309=ORIENTED_EDGE('',*,*,#4296,.F.);
#3310=ORIENTED_EDGE('',*,*,#3822,.T.);
#3311=CARTESIAN_POINT('',(0.0,-2.25,0.0));
#3312=DIRECTION('',(-0.0,1.0,0.0));
#3313=DIRECTION('',(1.0,0.0,0.0));
#3314=ORIENTED_EDGE('',*,*,#4296,.T.);
#3315=ORIENTED_EDGE('',*,*,#4297,.T.);
#3316=ORIENTED_EDGE('',*,*,#4298,.F.);
#3317=ORIENTED_EDGE('',*,*,#3819,.T.);
#3318=CARTESIAN_POINT('',(0.825,-2.25,-1.6));
#3319=DIRECTION('',(-0.554700196225229,0.0,0.832050294337844));
#3320=DIRECTION('',(0.0,1.0,0.0));
#3321=ORIENTED_EDGE('',*,*,#4298,.T.);
#3322=ORIENTED_EDGE('',*,*,#4299,.T.);
#3323=ORIENTED_EDGE('',*,*,#4300,.T.);
#3324=ORIENTED_EDGE('',*,*,#3820,.F.);
#3325=CARTESIAN_POINT('',(0.0,-2.85,0.0));
#3326=DIRECTION('',(-0.0,1.0,0.0));
#3327=DIRECTION('',(1.0,0.0,0.0));
#3328=ORIENTED_EDGE('',*,*,#4300,.F.);
#3329=ORIENTED_EDGE('',*,*,#4301,.F.);
#3330=ORIENTED_EDGE('',*,*,#4294,.T.);
#3331=ORIENTED_EDGE('',*,*,#3821,.F.);
#3332=CARTESIAN_POINT('',(1.625,-2.25,-1.4));
#3333=DIRECTION('',(1.0,0.0,0.0));
#3334=DIRECTION('',(0.0,1.0,0.0));
#3335=ORIENTED_EDGE('',*,*,#4301,.T.);
#3336=ORIENTED_EDGE('',*,*,#4299,.F.);
#3337=ORIENTED_EDGE('',*,*,#4297,.F.);
#3338=ORIENTED_EDGE('',*,*,#4295,.T.);
#3339=CARTESIAN_POINT('',(1.125,-2.25,-1.4));
#3340=DIRECTION('',(0.0,0.0,1.0));
#3341=DIRECTION('',(1.0,0.0,0.0));
#3342=ORIENTED_EDGE('',*,*,#4302,.F.);
#3343=ORIENTED_EDGE('',*,*,#4303,.F.);
#3344=ORIENTED_EDGE('',*,*,#4304,.F.);
#3345=ORIENTED_EDGE('',*,*,#3826,.T.);
#3346=CARTESIAN_POINT('',(0.0,-2.25,0.0));
#3347=DIRECTION('',(-0.0,1.0,0.0));
#3348=DIRECTION('',(1.0,0.0,0.0));
#3349=ORIENTED_EDGE('',*,*,#4304,.T.);
#3350=ORIENTED_EDGE('',*,*,#4305,.T.);
#3351=ORIENTED_EDGE('',*,*,#4306,.F.);
#3352=ORIENTED_EDGE('',*,*,#3823,.T.);
#3353=CARTESIAN_POINT('',(-0.425,-2.25,-1.6));
#3354=DIRECTION('',(-0.554700196225229,0.0,0.832050294337844));
#3355=DIRECTION('',(0.0,1.0,0.0));
#3356=ORIENTED_EDGE('',*,*,#4306,.T.);
#3357=ORIENTED_EDGE('',*,*,#4307,.T.);
#3358=ORIENTED_EDGE('',*,*,#4308,.T.);
#3359=ORIENTED_EDGE('',*,*,#3824,.F.);
#3360=CARTESIAN_POINT('',(0.0,-2.85,0.0));
#3361=DIRECTION('',(-0.0,1.0,0.0));
#3362=DIRECTION('',(1.0,0.0,0.0));
#3363=ORIENTED_EDGE('',*,*,#4308,.F.);
#3364=ORIENTED_EDGE('',*,*,#4309,.F.);
#3365=ORIENTED_EDGE('',*,*,#4302,.T.);
#3366=ORIENTED_EDGE('',*,*,#3825,.F.);
#3367=CARTESIAN_POINT('',(0.375,-2.25,-1.4));
#3368=DIRECTION('',(1.0,0.0,0.0));
#3369=DIRECTION('',(0.0,1.0,0.0));
#3370=ORIENTED_EDGE('',*,*,#4309,.T.);
#3371=ORIENTED_EDGE('',*,*,#4307,.F.);
#3372=ORIENTED_EDGE('',*,*,#4305,.F.);
#3373=ORIENTED_EDGE('',*,*,#4303,.T.);
#3374=CARTESIAN_POINT('',(-0.125,-2.25,-1.4));
#3375=DIRECTION('',(0.0,0.0,1.0));
#3376=DIRECTION('',(1.0,0.0,0.0));
#3377=ORIENTED_EDGE('',*,*,#4310,.F.);
#3378=ORIENTED_EDGE('',*,*,#4311,.F.);
#3379=ORIENTED_EDGE('',*,*,#4312,.F.);
#3380=ORIENTED_EDGE('',*,*,#3830,.T.);
#3381=CARTESIAN_POINT('',(0.0,-2.25,0.0));
#3382=DIRECTION('',(-0.0,1.0,0.0));
#3383=DIRECTION('',(1.0,0.0,0.0));
#3384=ORIENTED_EDGE('',*,*,#4312,.T.);
#3385=ORIENTED_EDGE('',*,*,#4313,.T.);
#3386=ORIENTED_EDGE('',*,*,#4314,.F.);
#3387=ORIENTED_EDGE('',*,*,#3827,.T.);
#3388=CARTESIAN_POINT('',(-1.675,-2.25,-1.6));
#3389=DIRECTION('',(-0.554700196225229,0.0,0.832050294337844));
#3390=DIRECTION('',(0.0,1.0,0.0));
#3391=ORIENTED_EDGE('',*,*,#4314,.T.);
#3392=ORIENTED_EDGE('',*,*,#4315,.T.);
#3393=ORIENTED_EDGE('',*,*,#4316,.T.);
#3394=ORIENTED_EDGE('',*,*,#3828,.F.);
#3395=CARTESIAN_POINT('',(0.0,-2.85,0.0));
#3396=DIRECTION('',(-0.0,1.0,0.0));
#3397=DIRECTION('',(1.0,0.0,0.0));
#3398=ORIENTED_EDGE('',*,*,#4316,.F.);
#3399=ORIENTED_EDGE('',*,*,#4317,.F.);
#3400=ORIENTED_EDGE('',*,*,#4310,.T.);
#3401=ORIENTED_EDGE('',*,*,#3829,.F.);
#3402=CARTESIAN_POINT('',(-0.875,-2.25,-1.4));
#3403=DIRECTION('',(1.0,0.0,0.0));
#3404=DIRECTION('',(0.0,1.0,0.0));
#3405=ORIENTED_EDGE('',*,*,#4317,.T.);
#3406=ORIENTED_EDGE('',*,*,#4315,.F.);
#3407=ORIENTED_EDGE('',*,*,#4313,.F.);
#3408=ORIENTED_EDGE('',*,*,#4311,.T.);
#3409=CARTESIAN_POINT('',(-1.375,-2.25,-1.4));
#3410=DIRECTION('',(0.0,0.0,1.0));
#3411=DIRECTION('',(1.0,0.0,0.0));
#3412=ORIENTED_EDGE('',*,*,#4318,.F.);
#3413=ORIENTED_EDGE('',*,*,#4319,.F.);
#3414=ORIENTED_EDGE('',*,*,#4320,.F.);
#3415=ORIENTED_EDGE('',*,*,#3834,.T.);
#3416=CARTESIAN_POINT('',(0.0,-2.25,0.0));
#3417=DIRECTION('',(-0.0,1.0,0.0));
#3418=DIRECTION('',(1.0,0.0,0.0));
#3419=ORIENTED_EDGE('',*,*,#4320,.T.);
#3420=ORIENTED_EDGE('',*,*,#4321,.T.);
#3421=ORIENTED_EDGE('',*,*,#4322,.F.);
#3422=ORIENTED_EDGE('',*,*,#3831,.T.);
#3423=CARTESIAN_POINT('',(-2.925,-2.25,-1.6));
#3424=DIRECTION('',(-0.554700196225229,0.0,0.832050294337844));
#3425=DIRECTION('',(0.0,1.0,0.0));
#3426=ORIENTED_EDGE('',*,*,#4322,.T.);
#3427=ORIENTED_EDGE('',*,*,#4323,.T.);
#3428=ORIENTED_EDGE('',*,*,#4324,.T.);
#3429=ORIENTED_EDGE('',*,*,#3832,.F.);
#3430=CARTESIAN_POINT('',(0.0,-2.85,0.0));
#3431=DIRECTION('',(-0.0,1.0,0.0));
#3432=DIRECTION('',(1.0,0.0,0.0));
#3433=ORIENTED_EDGE('',*,*,#4324,.F.);
#3434=ORIENTED_EDGE('',*,*,#4325,.F.);
#3435=ORIENTED_EDGE('',*,*,#4318,.T.);
#3436=ORIENTED_EDGE('',*,*,#3833,.F.);
#3437=CARTESIAN_POINT('',(-2.125,-2.25,-1.4));
#3438=DIRECTION('',(1.0,0.0,0.0));
#3439=DIRECTION('',(0.0,1.0,0.0));
#3440=ORIENTED_EDGE('',*,*,#4325,.T.);
#3441=ORIENTED_EDGE('',*,*,#4323,.F.);
#3442=ORIENTED_EDGE('',*,*,#4321,.F.);
#3443=ORIENTED_EDGE('',*,*,#4319,.T.);
#3444=CARTESIAN_POINT('',(-2.625,-2.25,-1.4));
#3445=DIRECTION('',(0.0,0.0,1.0));
#3446=DIRECTION('',(1.0,0.0,0.0));
#3447=ORIENTED_EDGE('',*,*,#4326,.T.);
#3448=ORIENTED_EDGE('',*,*,#4327,.T.);
#3449=ORIENTED_EDGE('',*,*,#4328,.T.);
#3450=ORIENTED_EDGE('',*,*,#4329,.T.);
#3451=ORIENTED_EDGE('',*,*,#4330,.T.);
#3452=ORIENTED_EDGE('',*,*,#4331,.T.);
#3453=ORIENTED_EDGE('',*,*,#4332,.T.);
#3454=ORIENTED_EDGE('',*,*,#4333,.T.);
#3455=ORIENTED_EDGE('',*,*,#4334,.T.);
#3456=ORIENTED_EDGE('',*,*,#3746,.F.);
#3457=CARTESIAN_POINT('',(-1.715,-1.1,-0.475));
#3458=DIRECTION('',(1.0,0.0,0.0));
#3459=DIRECTION('',(0.0,1.0,0.0));
#3460=ORIENTED_EDGE('',*,*,#4334,.F.);
#3461=ORIENTED_EDGE('',*,*,#4335,.T.);
#3462=ORIENTED_EDGE('',*,*,#4336,.T.);
#3463=ORIENTED_EDGE('',*,*,#3743,.T.);
#3464=CARTESIAN_POINT('',(-1.715,-3.525,-0.9));
#3465=DIRECTION('',(0.0,0.0,-1.0));
#3466=DIRECTION('',(0.0,-1.0,0.0));
#3467=ORIENTED_EDGE('',*,*,#3744,.T.);
#3468=ORIENTED_EDGE('',*,*,#4336,.F.);
#3469=ORIENTED_EDGE('',*,*,#4337,.F.);
#3470=ORIENTED_EDGE('',*,*,#4338,.F.);
#3471=ORIENTED_EDGE('',*,*,#4339,.F.);
#3472=ORIENTED_EDGE('',*,*,#4340,.F.);
#3473=ORIENTED_EDGE('',*,*,#4341,.F.);
#3474=ORIENTED_EDGE('',*,*,#4342,.F.);
#3475=ORIENTED_EDGE('',*,*,#4343,.F.);
#3476=ORIENTED_EDGE('',*,*,#4344,.F.);
#3477=CARTESIAN_POINT('',(-2.035,-1.1,-0.475));
#3478=DIRECTION('',(1.0,0.0,0.0));
#3479=DIRECTION('',(0.0,1.0,0.0));
#3480=ORIENTED_EDGE('',*,*,#4344,.T.);
#3481=ORIENTED_EDGE('',*,*,#4345,.F.);
#3482=ORIENTED_EDGE('',*,*,#4326,.F.);
#3483=ORIENTED_EDGE('',*,*,#3745,.F.);
#3484=CARTESIAN_POINT('',(-1.715,-3.075,1.57));
#3485=DIRECTION('',(0.0,0.866025403784429,0.500000000000017));
#3486=DIRECTION('',(1.0,0.0,-0.0));
#3487=ORIENTED_EDGE('',*,*,#4345,.T.);
#3488=ORIENTED_EDGE('',*,*,#4343,.T.);
#3489=ORIENTED_EDGE('',*,*,#4346,.F.);
#3490=ORIENTED_EDGE('',*,*,#4327,.F.);
#3491=CARTESIAN_POINT('',(-1.715,-3.325,2.003012701892));
#3492=DIRECTION('',(-0.0,1.0,0.0));
#3493=DIRECTION('',(1.0,0.0,0.0));
#3494=ORIENTED_EDGE('',*,*,#4346,.T.);
#3495=ORIENTED_EDGE('',*,*,#4342,.T.);
#3496=ORIENTED_EDGE('',*,*,#4347,.F.);
#3497=ORIENTED_EDGE('',*,*,#4328,.F.);
#3498=CARTESIAN_POINT('',(-1.715,-3.325,2.5));
#3499=DIRECTION('',(0.0,0.707106781186548,0.707106781186548));
#3500=DIRECTION('',(1.0,0.0,-0.0));
#3501=ORIENTED_EDGE('',*,*,#4347,.T.);
#3502=ORIENTED_EDGE('',*,*,#4341,.T.);
#3503=ORIENTED_EDGE('',*,*,#4348,.F.);
#3504=ORIENTED_EDGE('',*,*,#4329,.F.);
#3505=CARTESIAN_POINT('',(-1.715,-3.425,2.6));
#3506=DIRECTION('',(0.0,0.0,1.0));
#3507=DIRECTION('',(1.0,0.0,0.0));
#3508=ORIENTED_EDGE('',*,*,#4348,.T.);
#3509=ORIENTED_EDGE('',*,*,#4340,.T.);
#3510=ORIENTED_EDGE('',*,*,#4349,.F.);
#3511=ORIENTED_EDGE('',*,*,#4330,.F.);
#3512=CARTESIAN_POINT('',(-1.715,-3.675,2.6));
#3513=DIRECTION('',(0.0,-0.707106781186548,0.707106781186548));
#3514=DIRECTION('',(-1.0,0.0,0.0));
#3515=ORIENTED_EDGE('',*,*,#4349,.T.);
#3516=ORIENTED_EDGE('',*,*,#4339,.T.);
#3517=ORIENTED_EDGE('',*,*,#4350,.F.);
#3518=ORIENTED_EDGE('',*,*,#4331,.F.);
#3519=CARTESIAN_POINT('',(-1.715,-3.775,2.5));
#3520=DIRECTION('',(0.0,-1.0,0.0));
#3521=DIRECTION('',(0.0,0.0,-1.0));
#3522=ORIENTED_EDGE('',*,*,#4350,.T.);
#3523=ORIENTED_EDGE('',*,*,#4338,.T.);
#3524=ORIENTED_EDGE('',*,*,#4351,.F.);
#3525=ORIENTED_EDGE('',*,*,#4332,.F.);
#3526=CARTESIAN_POINT('',(-1.715,-3.775,2.0));
#3527=DIRECTION('',(0.0,-0.866025403784429,-0.500000000000017));
#3528=DIRECTION('',(0.0,0.500000000000017,-0.866025403784429));
#3529=ORIENTED_EDGE('',*,*,#4351,.T.);
#3530=ORIENTED_EDGE('',*,*,#4337,.T.);
#3531=ORIENTED_EDGE('',*,*,#4335,.F.);
#3532=ORIENTED_EDGE('',*,*,#4333,.F.);
#3533=CARTESIAN_POINT('',(-1.715,-3.525,1.566987298108));
#3534=DIRECTION('',(0.0,-1.0,0.0));
#3535=DIRECTION('',(0.0,0.0,-1.0));
#3536=ORIENTED_EDGE('',*,*,#4352,.T.);
#3537=ORIENTED_EDGE('',*,*,#4353,.T.);
#3538=ORIENTED_EDGE('',*,*,#4354,.T.);
#3539=ORIENTED_EDGE('',*,*,#4355,.T.);
#3540=ORIENTED_EDGE('',*,*,#4356,.T.);
#3541=ORIENTED_EDGE('',*,*,#4357,.T.);
#3542=ORIENTED_EDGE('',*,*,#4358,.T.);
#3543=ORIENTED_EDGE('',*,*,#4359,.T.);
#3544=ORIENTED_EDGE('',*,*,#3704,.T.);
#3545=ORIENTED_EDGE('',*,*,#3714,.F.);
#3546=CARTESIAN_POINT('',(2.035,-1.1,-0.475));
#3547=DIRECTION('',(1.0,0.0,0.0));
#3548=DIRECTION('',(0.0,1.0,0.0));
#3549=ORIENTED_EDGE('',*,*,#4360,.T.);
#3550=ORIENTED_EDGE('',*,*,#4361,.T.);
#3551=ORIENTED_EDGE('',*,*,#3705,.F.);
#3552=ORIENTED_EDGE('',*,*,#4359,.F.);
#3553=CARTESIAN_POINT('',(2.035,-3.525,1.566987298108));
#3554=DIRECTION('',(0.0,-1.0,0.0));
#3555=DIRECTION('',(0.0,0.0,-1.0));
#3556=ORIENTED_EDGE('',*,*,#3712,.T.);
#3557=ORIENTED_EDGE('',*,*,#3706,.F.);
#3558=ORIENTED_EDGE('',*,*,#4361,.F.);
#3559=ORIENTED_EDGE('',*,*,#4362,.F.);
#3560=ORIENTED_EDGE('',*,*,#4363,.F.);
#3561=ORIENTED_EDGE('',*,*,#4364,.F.);
#3562=ORIENTED_EDGE('',*,*,#4365,.F.);
#3563=ORIENTED_EDGE('',*,*,#4366,.F.);
#3564=ORIENTED_EDGE('',*,*,#4367,.F.);
#3565=ORIENTED_EDGE('',*,*,#4368,.F.);
#3566=CARTESIAN_POINT('',(1.715,-1.1,-0.475));
#3567=DIRECTION('',(1.0,0.0,0.0));
#3568=DIRECTION('',(0.0,1.0,0.0));
#3569=ORIENTED_EDGE('',*,*,#4368,.T.);
#3570=ORIENTED_EDGE('',*,*,#4369,.F.);
#3571=ORIENTED_EDGE('',*,*,#4352,.F.);
#3572=ORIENTED_EDGE('',*,*,#3713,.F.);
#3573=CARTESIAN_POINT('',(2.035,-3.075,1.57));
#3574=DIRECTION('',(0.0,0.866025403784429,0.500000000000017));
#3575=DIRECTION('',(1.0,0.0,-0.0));
#3576=ORIENTED_EDGE('',*,*,#4369,.T.);
#3577=ORIENTED_EDGE('',*,*,#4367,.T.);
#3578=ORIENTED_EDGE('',*,*,#4370,.F.);
#3579=ORIENTED_EDGE('',*,*,#4353,.F.);
#3580=CARTESIAN_POINT('',(2.035,-3.325,2.003012701892));
#3581=DIRECTION('',(-0.0,1.0,0.0));
#3582=DIRECTION('',(1.0,0.0,0.0));
#3583=ORIENTED_EDGE('',*,*,#4370,.T.);
#3584=ORIENTED_EDGE('',*,*,#4366,.T.);
#3585=ORIENTED_EDGE('',*,*,#4371,.F.);
#3586=ORIENTED_EDGE('',*,*,#4354,.F.);
#3587=CARTESIAN_POINT('',(2.035,-3.325,2.5));
#3588=DIRECTION('',(0.0,0.707106781186548,0.707106781186548));
#3589=DIRECTION('',(1.0,0.0,-0.0));
#3590=ORIENTED_EDGE('',*,*,#4371,.T.);
#3591=ORIENTED_EDGE('',*,*,#4365,.T.);
#3592=ORIENTED_EDGE('',*,*,#4372,.F.);
#3593=ORIENTED_EDGE('',*,*,#4355,.F.);
#3594=CARTESIAN_POINT('',(2.035,-3.425,2.6));
#3595=DIRECTION('',(0.0,0.0,1.0));
#3596=DIRECTION('',(1.0,0.0,0.0));
#3597=ORIENTED_EDGE('',*,*,#4372,.T.);
#3598=ORIENTED_EDGE('',*,*,#4364,.T.);
#3599=ORIENTED_EDGE('',*,*,#4373,.F.);
#3600=ORIENTED_EDGE('',*,*,#4356,.F.);
#3601=CARTESIAN_POINT('',(2.035,-3.675,2.6));
#3602=DIRECTION('',(0.0,-0.707106781186548,0.707106781186548));
#3603=DIRECTION('',(-1.0,0.0,0.0));
#3604=ORIENTED_EDGE('',*,*,#4373,.T.);
#3605=ORIENTED_EDGE('',*,*,#4363,.T.);
#3606=ORIENTED_EDGE('',*,*,#4374,.F.);
#3607=ORIENTED_EDGE('',*,*,#4357,.F.);
#3608=CARTESIAN_POINT('',(2.035,-3.775,2.5));
#3609=DIRECTION('',(0.0,-1.0,0.0));
#3610=DIRECTION('',(0.0,0.0,-1.0));
#3611=ORIENTED_EDGE('',*,*,#4374,.T.);
#3612=ORIENTED_EDGE('',*,*,#4362,.T.);
#3613=ORIENTED_EDGE('',*,*,#4360,.F.);
#3614=ORIENTED_EDGE('',*,*,#4358,.F.);
#3615=CARTESIAN_POINT('',(2.035,-3.775,2.0));
#3616=DIRECTION('',(0.0,-0.866025403784429,-0.500000000000017));
#3617=DIRECTION('',(0.0,0.500000000000017,-0.866025403784429));
#3618=EDGE_LOOP('',(#4375,#4376,#4377,#4378));
#3619=AXIS2_PLACEMENT_3D('',#4379,#4380,#4381);
#3620=EDGE_LOOP('',(#4382,#4383,#4384,#4385));
#3621=AXIS2_PLACEMENT_3D('',#4386,#4387,#4388);
#3622=EDGE_LOOP('',(#4389,#4390,#4391,#4392));
#3623=AXIS2_PLACEMENT_3D('',#4393,#4394,#4395);
#3624=EDGE_LOOP('',(#4396,#4397,#4398,#4399));
#3625=AXIS2_PLACEMENT_3D('',#4400,#4401,#4402);
#3626=EDGE_LOOP('',(#4403,#4404,#4405,#4406));
#3627=AXIS2_PLACEMENT_3D('',#4407,#4408,#4409);
#3628=EDGE_LOOP('',(#4410,#4411,#4412,#4413));
#3629=AXIS2_PLACEMENT_3D('',#4414,#4415,#4416);
#3630=EDGE_LOOP('',(#4417,#4418,#4419,#4420));
#3631=AXIS2_PLACEMENT_3D('',#4421,#4422,#4423);
#3632=EDGE_LOOP('',(#4424,#4425,#4426,#4427));
#3633=AXIS2_PLACEMENT_3D('',#4428,#4429,#4430);
#3634=EDGE_LOOP('',(#4431,#4432,#4433,#4434));
#3635=AXIS2_PLACEMENT_3D('',#4435,#4436,#4437);
#3636=EDGE_LOOP('',(#4438,#4439,#4440,#4441));
#3637=AXIS2_PLACEMENT_3D('',#4442,#4443,#4444);
#3638=EDGE_LOOP('',(#4445,#4446,#4447,#4448));
#3639=AXIS2_PLACEMENT_3D('',#4449,#4450,#4451);
#3640=EDGE_LOOP('',(#4452,#4453,#4454,#4455));
#3641=AXIS2_PLACEMENT_3D('',#4456,#4457,#4458);
#3642=CARTESIAN_POINT('',(2.275,-3.775,1.6));
#3643=VECTOR('',#4459,1.3);
#3644=CARTESIAN_POINT('',(2.275,-3.775,2.9));
#3645=VECTOR('',#4460,0.8);
#3646=CARTESIAN_POINT('',(1.475,-3.775,2.9));
#3647=VECTOR('',#4461,1.3);
#3648=CARTESIAN_POINT('',(1.475,-3.775,1.6));
#3649=VECTOR('',#4462,0.8);
#3650=CARTESIAN_POINT('',(1.025,-3.775,1.6));
#3651=VECTOR('',#4463,1.3);
#3652=CARTESIAN_POINT('',(1.025,-3.775,2.9));
#3653=VECTOR('',#4464,0.8);
#3654=CARTESIAN_POINT('',(0.225,-3.775,2.9));
#3655=VECTOR('',#4465,1.3);
#3656=CARTESIAN_POINT('',(0.225,-3.775,1.6));
#3657=VECTOR('',#4466,0.8);
#3658=CARTESIAN_POINT('',(-0.225,-3.775,1.6));
#3659=VECTOR('',#4467,1.3);
#3660=CARTESIAN_POINT('',(-0.225,-3.775,2.9));
#3661=VECTOR('',#4468,0.8);
#3662=CARTESIAN_POINT('',(-1.025,-3.775,2.9));
#3663=VECTOR('',#4469,1.3);
#3664=CARTESIAN_POINT('',(-1.025,-3.775,1.6));
#3665=VECTOR('',#4470,0.8);
#3666=CARTESIAN_POINT('',(-1.475,-3.775,1.6));
#3667=VECTOR('',#4471,1.3);
#3668=CARTESIAN_POINT('',(-1.475,-3.775,2.9));
#3669=VECTOR('',#4472,0.8);
#3670=CARTESIAN_POINT('',(-2.275,-3.775,2.9));
#3671=VECTOR('',#4473,1.3);
#3672=CARTESIAN_POINT('',(-2.275,-3.775,1.6));
#3673=VECTOR('',#4474,0.8);
#3674=CARTESIAN_POINT('',(3.375,-3.775,-2.0));
#3675=VECTOR('',#4475,2.1);
#3676=CARTESIAN_POINT('',(5.475,-3.775,-2.0));
#3677=VECTOR('',#4476,3.0);
#3678=CARTESIAN_POINT('',(5.475,-3.775,1.0));
#3679=VECTOR('',#4477,2.1);
#3680=CARTESIAN_POINT('',(3.375,-3.775,1.0));
#3681=VECTOR('',#4478,3.0);
#3682=CARTESIAN_POINT('',(-3.375,-3.775,-2.0));
#3683=VECTOR('',#4479,3.0);
#3684=CARTESIAN_POINT('',(-3.375,-3.775,1.0));
#3685=VECTOR('',#4480,2.1);
#3686=CARTESIAN_POINT('',(-5.475,-3.775,1.0));
#3687=VECTOR('',#4481,3.0);
#3688=CARTESIAN_POINT('',(-5.475,-3.775,-2.0));
#3689=VECTOR('',#4482,2.1);
#3690=CARTESIAN_POINT('',(4.17,-2.15,0.45));
#3691=VECTOR('',#4483,1.3);
#3692=CARTESIAN_POINT('',(4.17,-2.15,-0.85));
#3693=VECTOR('',#4484,0.1625);
#3694=CARTESIAN_POINT('',(4.0075,-2.15,-0.85));
#3695=VECTOR('',#4485,0.2527722136436);
#3696=CARTESIAN_POINT('',(3.845,-2.15,-0.6563830018044));
#3697=VECTOR('',#4486,0.2212766468525);
#3698=CARTESIAN_POINT('',(3.845,-2.15,-0.4351063549519));
#3699=VECTOR('',#4487,0.2527722729959);
#3700=CARTESIAN_POINT('',(4.0075,-2.15,-0.6287234306335));
#3701=VECTOR('',#4488,1.078723430634);
#3702=CARTESIAN_POINT('',(4.0075,-2.15,0.45));
#3703=VECTOR('',#4489,0.1625);
#3704=EDGE_CURVE('',#4490,#4491,#4492,.T.);
#3705=EDGE_CURVE('',#4490,#4493,#4494,.T.);
#3706=EDGE_CURVE('',#4493,#4495,#4496,.T.);
#3707=EDGE_CURVE('',#4495,#4491,#4497,.T.);
#3708=EDGE_CURVE('',#4498,#4499,#4500,.T.);
#3709=EDGE_CURVE('',#4498,#4501,#4502,.T.);
#3710=EDGE_CURVE('',#4501,#4503,#4504,.T.);
#3711=EDGE_CURVE('',#4499,#4503,#4505,.T.);
#3712=EDGE_CURVE('',#4506,#4495,#4507,.T.);
#3713=EDGE_CURVE('',#4506,#4508,#4509,.T.);
#3714=EDGE_CURVE('',#4508,#4491,#4510,.T.);
#3715=EDGE_CURVE('',#4511,#4512,#4513,.T.);
#3716=EDGE_CURVE('',#4512,#4514,#4515,.T.);
#3717=EDGE_CURVE('',#4516,#4514,#4517,.T.);
#3718=EDGE_CURVE('',#4516,#4518,#4519,.T.);
#3719=EDGE_CURVE('',#4518,#4520,#4521,.T.);
#3720=EDGE_CURVE('',#4520,#4522,#4523,.T.);
#3721=EDGE_CURVE('',#4524,#4522,#4525,.T.);
#3722=EDGE_CURVE('',#4524,#4526,#4527,.T.);
#3723=EDGE_CURVE('',#4526,#4528,#4529,.T.);
#3724=EDGE_CURVE('',#4528,#4530,#4531,.T.);
#3725=EDGE_CURVE('',#4532,#4530,#4533,.T.);
#3726=EDGE_CURVE('',#4532,#4499,#4534,.T.);
#3727=EDGE_CURVE('',#4503,#4535,#4536,.T.);
#3728=EDGE_CURVE('',#4537,#4535,#4538,.T.);
#3729=EDGE_CURVE('',#4539,#4537,#4540,.T.);
#3730=EDGE_CURVE('',#4539,#4541,#4542,.T.);
#3731=EDGE_CURVE('',#4541,#4543,#4544,.T.);
#3732=EDGE_CURVE('',#4545,#4543,#4546,.T.);
#3733=EDGE_CURVE('',#4547,#4545,#4548,.T.);
#3734=EDGE_CURVE('',#4547,#4549,#4550,.T.);
#3735=EDGE_CURVE('',#4549,#4551,#4552,.T.);
#3736=EDGE_CURVE('',#4553,#4551,#4554,.T.);
#3737=EDGE_CURVE('',#4553,#4511,#4555,.T.);
#3738=EDGE_CURVE('',#4556,#4553,#4557,.T.);
#3739=EDGE_CURVE('',#4556,#4558,#4559,.T.);
#3740=EDGE_CURVE('',#4558,#4511,#4560,.T.);
#3741=EDGE_CURVE('',#4558,#4561,#4562,.T.);
#3742=EDGE_CURVE('',#4561,#4512,#4563,.T.);
#3743=EDGE_CURVE('',#4564,#4565,#4566,.T.);
#3744=EDGE_CURVE('',#4567,#4564,#4568,.T.);
#3745=EDGE_CURVE('',#4567,#4569,#4570,.T.);
#3746=EDGE_CURVE('',#4569,#4565,#4571,.T.);
#3747=EDGE_CURVE('',#4561,#4572,#4573,.T.);
#3748=EDGE_CURVE('',#4572,#4514,#4574,.T.);
#3749=EDGE_CURVE('',#4575,#4576,#4577,.T.);
#3750=EDGE_CURVE('',#4575,#4537,#4578,.T.);
#3751=EDGE_CURVE('',#4576,#4535,#4579,.T.);
#3752=EDGE_CURVE('',#4580,#4581,#4582,.T.);
#3753=EDGE_CURVE('',#4580,#4532,#4583,.T.);
#3754=EDGE_CURVE('',#4581,#4530,#4584,.T.);
#3755=EDGE_CURVE('',#4585,#4586,#4587,.T.);
#3756=EDGE_CURVE('',#4585,#4524,#4588,.T.);
#3757=EDGE_CURVE('',#4586,#4522,#4589,.T.);
#3758=EDGE_CURVE('',#4590,#4551,#4591,.T.);
#3759=EDGE_CURVE('',#4556,#4590,#4592,.T.);
#3760=EDGE_CURVE('',#4593,#4572,#4594,.T.);
#3761=EDGE_CURVE('',#4593,#4516,#4595,.T.);
#3762=EDGE_CURVE('',#4501,#4576,#4596,.T.);
#3763=EDGE_CURVE('',#4597,#4598,#4599,.T.);
#3764=EDGE_CURVE('',#4600,#4597,#4601,.T.);
#3765=EDGE_CURVE('',#4600,#4602,#4603,.T.);
#3766=EDGE_CURVE('',#4602,#4604,#4605,.T.);
#3767=EDGE_CURVE('',#4606,#4604,#4607,.T.);
#3768=EDGE_CURVE('',#4608,#4606,#4609,.T.);
#3769=EDGE_CURVE('',#4610,#4608,#4611,.T.);
#3770=EDGE_CURVE('',#4610,#4612,#4613,.T.);
#3771=EDGE_CURVE('',#4614,#4612,#4615,.T.);
#3772=EDGE_CURVE('',#4616,#4614,#4617,.T.);
#3773=EDGE_CURVE('',#4616,#4618,#4619,.T.);
#3774=EDGE_CURVE('',#4618,#4620,#4621,.T.);
#3775=EDGE_CURVE('',#4622,#4620,#4623,.T.);
#3776=EDGE_CURVE('',#4624,#4622,#4625,.T.);
#3777=EDGE_CURVE('',#4626,#4624,#4627,.T.);
#3778=EDGE_CURVE('',#4628,#4626,#4629,.T.);
#3779=EDGE_CURVE('',#4628,#4630,#4631,.T.);
#3780=EDGE_CURVE('',#4630,#4632,#4633,.T.);
#3781=EDGE_CURVE('',#4632,#4634,#4635,.T.);
#3782=EDGE_CURVE('',#4634,#4636,#4637,.T.);
#3783=EDGE_CURVE('',#4636,#4638,#4639,.T.);
#3784=EDGE_CURVE('',#4640,#4638,#4641,.T.);
#3785=EDGE_CURVE('',#4642,#4640,#4643,.T.);
#3786=EDGE_CURVE('',#4644,#4642,#4645,.T.);
#3787=EDGE_CURVE('',#4646,#4644,#4647,.T.);
#3788=EDGE_CURVE('',#4648,#4646,#4649,.T.);
#3789=EDGE_CURVE('',#4650,#4648,#4651,.T.);
#3790=EDGE_CURVE('',#4650,#4652,#4653,.T.);
#3791=EDGE_CURVE('',#4652,#4575,#4654,.T.);
#3792=EDGE_CURVE('',#4580,#4498,#4655,.T.);
#3793=EDGE_CURVE('',#4656,#4581,#4657,.T.);
#3794=EDGE_CURVE('',#4658,#4656,#4659,.T.);
#3795=EDGE_CURVE('',#4585,#4658,#4660,.T.);
#3796=EDGE_CURVE('',#4661,#4586,#4662,.T.);
#3797=EDGE_CURVE('',#4663,#4661,#4664,.T.);
#3798=EDGE_CURVE('',#4593,#4663,#4665,.T.);
#3799=EDGE_CURVE('',#4666,#4590,#4667,.T.);
#3800=EDGE_CURVE('',#4666,#4668,#4669,.T.);
#3801=EDGE_CURVE('',#4668,#4670,#4671,.T.);
#3802=EDGE_CURVE('',#4672,#4670,#4673,.T.);
#3803=EDGE_CURVE('',#4674,#4672,#4675,.T.);
#3804=EDGE_CURVE('',#4676,#4674,#4677,.T.);
#3805=EDGE_CURVE('',#4678,#4676,#4679,.T.);
#3806=EDGE_CURVE('',#4680,#4678,#4681,.T.);
#3807=EDGE_CURVE('',#4680,#4682,#4683,.T.);
#3808=EDGE_CURVE('',#4682,#4684,#4685,.T.);
#3809=EDGE_CURVE('',#4684,#4686,#4687,.T.);
#3810=EDGE_CURVE('',#4686,#4688,#4689,.T.);
#3811=EDGE_CURVE('',#4688,#4690,#4691,.T.);
#3812=EDGE_CURVE('',#4690,#4692,#4693,.T.);
#3813=EDGE_CURVE('',#4694,#4692,#4695,.T.);
#3814=EDGE_CURVE('',#4694,#4598,#4696,.T.);
#3815=EDGE_CURVE('',#4697,#4698,#4699,.T.);
#3816=EDGE_CURVE('',#4697,#4700,#4701,.T.);
#3817=EDGE_CURVE('',#4700,#4702,#4703,.T.);
#3818=EDGE_CURVE('',#4698,#4702,#4704,.T.);
#3819=EDGE_CURVE('',#4705,#4706,#4707,.T.);
#3820=EDGE_CURVE('',#4705,#4708,#4709,.T.);
#3821=EDGE_CURVE('',#4708,#4710,#4711,.T.);
#3822=EDGE_CURVE('',#4706,#4710,#4712,.T.);
#3823=EDGE_CURVE('',#4713,#4714,#4715,.T.);
#3824=EDGE_CURVE('',#4713,#4716,#4717,.T.);
#3825=EDGE_CURVE('',#4716,#4718,#4719,.T.);
#3826=EDGE_CURVE('',#4714,#4718,#4720,.T.);
#3827=EDGE_CURVE('',#4721,#4722,#4723,.T.);
#3828=EDGE_CURVE('',#4721,#4724,#4725,.T.);
#3829=EDGE_CURVE('',#4724,#4726,#4727,.T.);
#3830=EDGE_CURVE('',#4722,#4726,#4728,.T.);
#3831=EDGE_CURVE('',#4729,#4730,#4731,.T.);
#3832=EDGE_CURVE('',#4729,#4732,#4733,.T.);
#3833=EDGE_CURVE('',#4732,#4734,#4735,.T.);
#3834=EDGE_CURVE('',#4730,#4734,#4736,.T.);
#3835=EDGE_CURVE('',#4737,#4738,#4739,.T.);
#3836=EDGE_CURVE('',#4738,#4598,#4740,.T.);
#3837=EDGE_CURVE('',#4694,#4741,#4742,.T.);
#3838=EDGE_CURVE('',#4741,#4737,#4743,.T.);
#3839=EDGE_CURVE('',#4744,#4745,#4746,.T.);
#3840=EDGE_CURVE('',#4747,#4744,#4748,.T.);
#3841=EDGE_CURVE('',#4747,#4749,#4750,.T.);
#3842=EDGE_CURVE('',#4749,#4745,#4751,.T.);
#3843=EDGE_CURVE('',#4741,#4752,#4753,.T.);
#3844=EDGE_CURVE('',#4752,#4754,#4755,.T.);
#3845=EDGE_CURVE('',#4737,#4754,#4756,.T.);
#3846=EDGE_CURVE('',#4757,#4758,#4759,.T.);
#3847=EDGE_CURVE('',#4760,#4757,#4761,.T.);
#3848=EDGE_CURVE('',#4760,#4762,#4763,.T.);
#3849=EDGE_CURVE('',#4762,#4758,#4764,.T.);
#3850=EDGE_CURVE('',#4624,#4749,#4765,.T.);
#3851=EDGE_CURVE('',#4766,#4622,#4767,.T.);
#3852=EDGE_CURVE('',#4745,#4766,#4768,.T.);
#3853=EDGE_CURVE('',#4754,#4769,#4770,.T.);
#3854=EDGE_CURVE('',#4771,#4769,#4772,.T.);
#3855=EDGE_CURVE('',#4744,#4771,#4773,.T.);
#3856=EDGE_CURVE('',#4766,#4774,#4775,.T.);
#3857=EDGE_CURVE('',#4776,#4774,#4777,.T.);
#3858=EDGE_CURVE('',#4778,#4776,#4779,.T.);
#3859=EDGE_CURVE('',#4778,#4780,#4781,.T.);
#3860=EDGE_CURVE('',#4780,#4782,#4783,.T.);
#3861=EDGE_CURVE('',#4757,#4782,#4784,.T.);
#3862=EDGE_CURVE('',#4758,#4785,#4786,.T.);
#3863=EDGE_CURVE('',#4785,#4787,#4788,.T.);
#3864=EDGE_CURVE('',#4789,#4787,#4790,.T.);
#3865=EDGE_CURVE('',#4791,#4789,#4792,.T.);
#3866=EDGE_CURVE('',#4791,#4793,#4794,.T.);
#3867=EDGE_CURVE('',#4793,#4738,#4795,.T.);
#3868=EDGE_CURVE('',#4597,#4793,#4796,.T.);
#3869=EDGE_CURVE('',#4787,#4604,#4797,.T.);
#3870=EDGE_CURVE('',#4785,#4606,#4798,.T.);
#3871=EDGE_CURVE('',#4600,#4791,#4799,.T.);
#3872=EDGE_CURVE('',#4789,#4602,#4800,.T.);
#3873=EDGE_CURVE('',#4608,#4762,#4801,.T.);
#3874=EDGE_CURVE('',#4802,#4747,#4803,.T.);
#3875=EDGE_CURVE('',#4804,#4802,#4805,.T.);
#3876=EDGE_CURVE('',#4806,#4804,#4807,.T.);
#3877=EDGE_CURVE('',#4806,#4808,#4809,.T.);
#3878=EDGE_CURVE('',#4808,#4626,#4810,.T.);
#3879=EDGE_CURVE('',#4692,#4811,#4812,.T.);
#3880=EDGE_CURVE('',#4811,#4813,#4814,.T.);
#3881=EDGE_CURVE('',#4815,#4813,#4816,.T.);
#3882=EDGE_CURVE('',#4817,#4815,#4818,.T.);
#3883=EDGE_CURVE('',#4752,#4817,#4819,.T.);
#3884=EDGE_CURVE('',#4610,#4760,#4820,.T.);
#3885=EDGE_CURVE('',#4821,#4822,#4823,.T.);
#3886=EDGE_CURVE('',#4822,#4824,#4825,.T.);
#3887=EDGE_CURVE('',#4543,#4824,#4826,.T.);
#3888=EDGE_CURVE('',#4541,#4827,#4828,.T.);
#3889=EDGE_CURVE('',#4827,#4829,#4830,.T.);
#3890=EDGE_CURVE('',#4831,#4829,#4832,.T.);
#3891=EDGE_CURVE('',#4833,#4831,#4834,.T.);
#3892=EDGE_CURVE('',#4833,#4650,#4835,.T.);
#3893=EDGE_CURVE('',#4648,#4836,#4837,.T.);
#3894=EDGE_CURVE('',#4838,#4836,#4839,.T.);
#3895=EDGE_CURVE('',#4628,#4838,#4840,.T.);
#3896=EDGE_CURVE('',#4808,#4821,#4841,.T.);
#3897=EDGE_CURVE('',#4811,#4842,#4843,.T.);
#3898=EDGE_CURVE('',#4842,#4844,#4845,.T.);
#3899=EDGE_CURVE('',#4846,#4844,#4847,.T.);
#3900=EDGE_CURVE('',#4813,#4846,#4848,.T.);
#3901=EDGE_CURVE('',#4806,#4849,#4850,.T.);
#3902=EDGE_CURVE('',#4849,#4851,#4852,.T.);
#3903=EDGE_CURVE('',#4851,#4821,#4853,.T.);
#3904=EDGE_CURVE('',#4817,#4854,#4855,.T.);
#3905=EDGE_CURVE('',#4754,#4854,#4856,.T.);
#3906=EDGE_CURVE('',#4857,#4846,#4858,.T.);
#3907=EDGE_CURVE('',#4815,#4857,#4859,.T.);
#3908=EDGE_CURVE('',#4860,#4854,#4861,.T.);
#3909=EDGE_CURVE('',#4769,#4860,#4862,.T.);
#3910=EDGE_CURVE('',#4863,#4857,#4864,.T.);
#3911=EDGE_CURVE('',#4844,#4865,#4866,.T.);
#3912=EDGE_CURVE('',#4867,#4865,#4868,.T.);
#3913=EDGE_CURVE('',#4867,#4869,#4870,.T.);
#3914=EDGE_CURVE('',#4863,#4869,#4871,.T.);
#3915=EDGE_CURVE('',#4869,#4872,#4873,.T.);
#3916=EDGE_CURVE('',#4872,#4874,#4875,.T.);
#3917=EDGE_CURVE('',#4874,#4876,#4877,.T.);
#3918=EDGE_CURVE('',#4545,#4876,#4878,.T.);
#3919=EDGE_CURVE('',#4824,#4879,#4880,.T.);
#3920=EDGE_CURVE('',#4879,#4881,#4882,.T.);
#3921=EDGE_CURVE('',#4881,#4883,#4884,.T.);
#3922=EDGE_CURVE('',#4883,#4885,#4886,.T.);
#3923=EDGE_CURVE('',#4885,#4887,#4888,.T.);
#3924=EDGE_CURVE('',#4887,#4889,#4890,.T.);
#3925=EDGE_CURVE('',#4889,#4891,#4892,.T.);
#3926=EDGE_CURVE('',#4891,#4771,#4893,.T.);
#3927=EDGE_CURVE('',#4860,#4894,#4895,.T.);
#3928=EDGE_CURVE('',#4894,#4896,#4897,.T.);
#3929=EDGE_CURVE('',#4896,#4863,#4898,.T.);
#3930=EDGE_CURVE('',#4899,#4900,#4901,.T.);
#3931=EDGE_CURVE('',#4902,#4899,#4903,.T.);
#3932=EDGE_CURVE('',#4904,#4902,#4905,.T.);
#3933=EDGE_CURVE('',#4900,#4904,#4906,.T.);
#3934=EDGE_CURVE('',#4907,#4908,#4909,.T.);
#3935=EDGE_CURVE('',#4910,#4907,#4911,.T.);
#3936=EDGE_CURVE('',#4912,#4910,#4913,.T.);
#3937=EDGE_CURVE('',#4908,#4912,#4914,.T.);
#3938=EDGE_CURVE('',#4915,#4916,#4917,.T.);
#3939=EDGE_CURVE('',#4918,#4915,#4919,.T.);
#3940=EDGE_CURVE('',#4920,#4918,#4921,.T.);
#3941=EDGE_CURVE('',#4916,#4920,#4922,.T.);
#3942=EDGE_CURVE('',#4923,#4924,#4925,.T.);
#3943=EDGE_CURVE('',#4926,#4923,#4927,.T.);
#3944=EDGE_CURVE('',#4928,#4926,#4929,.T.);
#3945=EDGE_CURVE('',#4924,#4928,#4930,.T.);
#3946=EDGE_CURVE('',#4815,#4896,#4931,.T.);
#3947=EDGE_CURVE('',#4817,#4894,#4932,.T.);
#3948=EDGE_CURVE('',#4933,#4883,#4934,.T.);
#3949=EDGE_CURVE('',#4933,#4935,#4936,.T.);
#3950=EDGE_CURVE('',#4851,#4935,#4937,.T.);
#3951=EDGE_CURVE('',#4849,#4938,#4939,.T.);
#3952=EDGE_CURVE('',#4885,#4938,#4940,.T.);
#3953=EDGE_CURVE('',#4941,#4744,#4942,.T.);
#3954=EDGE_CURVE('',#4891,#4941,#4943,.T.);
#3955=EDGE_CURVE('',#4804,#4938,#4944,.T.);
#3956=EDGE_CURVE('',#4804,#4887,#4945,.T.);
#3957=EDGE_CURVE('',#4802,#4889,#4946,.T.);
#3958=EDGE_CURVE('',#4802,#4941,#4947,.T.);
#3959=EDGE_CURVE('',#4948,#4935,#4949,.T.);
#3960=EDGE_CURVE('',#4950,#4948,#4951,.T.);
#3961=EDGE_CURVE('',#4950,#4822,#4952,.T.);
#3962=EDGE_CURVE('',#4950,#4879,#4953,.T.);
#3963=EDGE_CURVE('',#4954,#4948,#4955,.T.);
#3964=EDGE_CURVE('',#4954,#4881,#4956,.T.);
#3965=EDGE_CURVE('',#4954,#4933,#4957,.T.);
#3966=EDGE_CURVE('',#4690,#4958,#4959,.T.);
#3967=EDGE_CURVE('',#4958,#4960,#4961,.T.);
#3968=EDGE_CURVE('',#4670,#4960,#4962,.T.);
#3969=EDGE_CURVE('',#4668,#4963,#4964,.T.);
#3970=EDGE_CURVE('',#4963,#4965,#4966,.T.);
#3971=EDGE_CURVE('',#4965,#4967,#4968,.T.);
#3972=EDGE_CURVE('',#4969,#4967,#4970,.T.);
#3973=EDGE_CURVE('',#4969,#4547,#4971,.T.);
#3974=EDGE_CURVE('',#4972,#4876,#4973,.T.);
#3975=EDGE_CURVE('',#4842,#4972,#4974,.T.);
#3976=EDGE_CURVE('',#4975,#4972,#4976,.T.);
#3977=EDGE_CURVE('',#4977,#4975,#4978,.T.);
#3978=EDGE_CURVE('',#4977,#4865,#4979,.T.);
#3979=EDGE_CURVE('',#4980,#4977,#4981,.T.);
#3980=EDGE_CURVE('',#4980,#4867,#4982,.T.);
#3981=EDGE_CURVE('',#4980,#4872,#4983,.T.);
#3982=EDGE_CURVE('',#4975,#4874,#4984,.T.);
#3983=EDGE_CURVE('',#4549,#4985,#4986,.T.);
#3984=EDGE_CURVE('',#4969,#4985,#4987,.T.);
#3985=EDGE_CURVE('',#4539,#4988,#4989,.T.);
#3986=EDGE_CURVE('',#4988,#4827,#4990,.T.);
#3987=EDGE_CURVE('',#4991,#4666,#4992,.T.);
#3988=EDGE_CURVE('',#4963,#4991,#4993,.T.);
#3989=EDGE_CURVE('',#4994,#4652,#4995,.T.);
#3990=EDGE_CURVE('',#4994,#4833,#4996,.T.);
#3991=EDGE_CURVE('',#4967,#4997,#4998,.T.);
#3992=EDGE_CURVE('',#4985,#4997,#4999,.T.);
#3993=EDGE_CURVE('',#4988,#5000,#5001,.T.);
#3994=EDGE_CURVE('',#5000,#4829,#5002,.T.);
#3995=EDGE_CURVE('',#5003,#4997,#5004,.T.);
#3996=EDGE_CURVE('',#4991,#5003,#5005,.T.);
#3997=EDGE_CURVE('',#4965,#5003,#5006,.T.);
#3998=EDGE_CURVE('',#5007,#4831,#5008,.T.);
#3999=EDGE_CURVE('',#4994,#5007,#5009,.T.);
#4000=EDGE_CURVE('',#5007,#5000,#5010,.T.);
#4001=EDGE_CURVE('',#5011,#5012,#5013,.T.);
#4002=EDGE_CURVE('',#4670,#5012,#5014,.T.);
#4003=EDGE_CURVE('',#4960,#5015,#5016,.T.);
#4004=EDGE_CURVE('',#4682,#5015,#5017,.T.);
#4005=EDGE_CURVE('',#5018,#4680,#5019,.T.);
#4006=EDGE_CURVE('',#5018,#5020,#5021,.T.);
#4007=EDGE_CURVE('',#5011,#5020,#5022,.T.);
#4008=EDGE_CURVE('',#5023,#5024,#5025,.T.);
#4009=EDGE_CURVE('',#5026,#5023,#5027,.T.);
#4010=EDGE_CURVE('',#5028,#5026,#5029,.T.);
#4011=EDGE_CURVE('',#5030,#5028,#5031,.T.);
#4012=EDGE_CURVE('',#5032,#5030,#5033,.T.);
#4013=EDGE_CURVE('',#5034,#5032,#5035,.T.);
#4014=EDGE_CURVE('',#5036,#5034,#5037,.T.);
#4015=EDGE_CURVE('',#5036,#5024,#5038,.T.);
#4016=EDGE_CURVE('',#5039,#5020,#5040,.T.);
#4017=EDGE_CURVE('',#5041,#5039,#5042,.T.);
#4018=EDGE_CURVE('',#5043,#5041,#5044,.T.);
#4019=EDGE_CURVE('',#5045,#5043,#5046,.T.);
#4020=EDGE_CURVE('',#5047,#5045,#5048,.T.);
#4021=EDGE_CURVE('',#5049,#5047,#5050,.T.);
#4022=EDGE_CURVE('',#5011,#5049,#5051,.T.);
#4023=EDGE_CURVE('',#5052,#5036,#5053,.T.);
#4024=EDGE_CURVE('',#4638,#5052,#5054,.T.);
#4025=EDGE_CURVE('',#4636,#5055,#5056,.T.);
#4026=EDGE_CURVE('',#5055,#4836,#5057,.T.);
#4027=EDGE_CURVE('',#5058,#4648,#5059,.T.);
#4028=EDGE_CURVE('',#5024,#5058,#5060,.T.);
#4029=EDGE_CURVE('',#5061,#5058,#5062,.T.);
#4030=EDGE_CURVE('',#5061,#5023,#5063,.T.);
#4031=EDGE_CURVE('',#5064,#5065,#5066,.T.);
#4032=EDGE_CURVE('',#5058,#5064,#5067,.T.);
#4033=EDGE_CURVE('',#5068,#5058,#5069,.T.);
#4034=EDGE_CURVE('',#5068,#5065,#5070,.T.);
#4035=EDGE_CURVE('',#5071,#5026,#5072,.T.);
#4036=EDGE_CURVE('',#5071,#5061,#5073,.T.);
#4037=EDGE_CURVE('',#5052,#5074,#5075,.T.);
#4038=EDGE_CURVE('',#5074,#5076,#5077,.T.);
#4039=EDGE_CURVE('',#5076,#5078,#5079,.T.);
#4040=EDGE_CURVE('',#5078,#5080,#5081,.T.);
#4041=EDGE_CURVE('',#5080,#5071,#5082,.T.);
#4042=EDGE_CURVE('',#5064,#5083,#5084,.T.);
#4043=EDGE_CURVE('',#5083,#5085,#5086,.T.);
#4044=EDGE_CURVE('',#5085,#5087,#5088,.T.);
#4045=EDGE_CURVE('',#5087,#5089,#5090,.T.);
#4046=EDGE_CURVE('',#5089,#5091,#5092,.T.);
#4047=EDGE_CURVE('',#5091,#5052,#5093,.T.);
#4048=EDGE_CURVE('',#5012,#5094,#5095,.T.);
#4049=EDGE_CURVE('',#5094,#5096,#5097,.T.);
#4050=EDGE_CURVE('',#5096,#5098,#5099,.T.);
#4051=EDGE_CURVE('',#5098,#5100,#5101,.T.);
#4052=EDGE_CURVE('',#5100,#5102,#5103,.T.);
#4053=EDGE_CURVE('',#5102,#5104,#5105,.T.);
#4054=EDGE_CURVE('',#5104,#5018,#5106,.T.);
#4055=EDGE_CURVE('',#5018,#5107,#5108,.T.);
#4056=EDGE_CURVE('',#5107,#5109,#5110,.T.);
#4057=EDGE_CURVE('',#5109,#5111,#5112,.T.);
#4058=EDGE_CURVE('',#5111,#5113,#5114,.T.);
#4059=EDGE_CURVE('',#5113,#5115,#5116,.T.);
#4060=EDGE_CURVE('',#5115,#5117,#5118,.T.);
#4061=EDGE_CURVE('',#5117,#5012,#5119,.T.);
#4062=EDGE_CURVE('',#5120,#5052,#5121,.T.);
#4063=EDGE_CURVE('',#5091,#5122,#5123,.T.);
#4064=EDGE_CURVE('',#5120,#5122,#5124,.T.);
#4065=EDGE_CURVE('',#5074,#5034,#5125,.T.);
#4066=EDGE_CURVE('',#4640,#5126,#5127,.T.);
#4067=EDGE_CURVE('',#4638,#5120,#5128,.T.);
#4068=EDGE_CURVE('',#5122,#5126,#5129,.T.);
#4069=EDGE_CURVE('',#5089,#5130,#5131,.T.);
#4070=EDGE_CURVE('',#5126,#5130,#5132,.T.);
#4071=EDGE_CURVE('',#4642,#5133,#5134,.T.);
#4072=EDGE_CURVE('',#5133,#5130,#5135,.T.);
#4073=EDGE_CURVE('',#5087,#5133,#5136,.T.);
#4074=EDGE_CURVE('',#5085,#5137,#5138,.T.);
#4075=EDGE_CURVE('',#5137,#5133,#5139,.T.);
#4076=EDGE_CURVE('',#4644,#5137,#5140,.T.);
#4077=EDGE_CURVE('',#5141,#5142,#5143,.T.);
#4078=EDGE_CURVE('',#4646,#5141,#5144,.T.);
#4079=EDGE_CURVE('',#5142,#5137,#5145,.T.);
#4080=EDGE_CURVE('',#5083,#5142,#5146,.T.);
#4081=EDGE_CURVE('',#5147,#5142,#5148,.T.);
#4082=EDGE_CURVE('',#5149,#5065,#5150,.T.);
#4083=EDGE_CURVE('',#5149,#5147,#5151,.T.);
#4084=EDGE_CURVE('',#5149,#5152,#5153,.T.);
#4085=EDGE_CURVE('',#5152,#5147,#5154,.T.);
#4086=EDGE_CURVE('',#5155,#5156,#5157,.T.);
#4087=EDGE_CURVE('',#5156,#5158,#5159,.T.);
#4088=EDGE_CURVE('',#5155,#5158,#5160,.T.);
#4089=EDGE_CURVE('',#5141,#5152,#5161,.T.);
#4090=EDGE_CURVE('',#5065,#5141,#5162,.T.);
#4091=EDGE_CURVE('',#4648,#5068,#5163,.T.);
#4092=EDGE_CURVE('',#5158,#5164,#5165,.T.);
#4093=EDGE_CURVE('',#5117,#5164,#5166,.T.);
#4094=EDGE_CURVE('',#5115,#5167,#5168,.T.);
#4095=EDGE_CURVE('',#5155,#5167,#5169,.T.);
#4096=EDGE_CURVE('',#5167,#5170,#5171,.T.);
#4097=EDGE_CURVE('',#5170,#5156,#5172,.T.);
#4098=EDGE_CURVE('',#5170,#5164,#5173,.T.);
#4099=EDGE_CURVE('',#4672,#5170,#5174,.T.);
#4100=EDGE_CURVE('',#4670,#5175,#5176,.T.);
#4101=EDGE_CURVE('',#5175,#5164,#5177,.T.);
#4102=EDGE_CURVE('',#5094,#5049,#5178,.T.);
#4103=EDGE_CURVE('',#5175,#5012,#5179,.T.);
#4104=EDGE_CURVE('',#5096,#5047,#5180,.T.);
#4105=EDGE_CURVE('',#5045,#5181,#5182,.T.);
#4106=EDGE_CURVE('',#5183,#5181,#5184,.T.);
#4107=EDGE_CURVE('',#5098,#5183,#5185,.T.);
#4108=EDGE_CURVE('',#5183,#5186,#5187,.T.);
#4109=EDGE_CURVE('',#5100,#5186,#5188,.T.);
#4110=EDGE_CURVE('',#5186,#5189,#5190,.T.);
#4111=EDGE_CURVE('',#5043,#5189,#5191,.T.);
#4112=EDGE_CURVE('',#5102,#5041,#5192,.T.);
#4113=EDGE_CURVE('',#5104,#5039,#5193,.T.);
#4114=EDGE_CURVE('',#5194,#5195,#5196,.T.);
#4115=EDGE_CURVE('',#5107,#5195,#5197,.T.);
#4116=EDGE_CURVE('',#5194,#5018,#5198,.T.);
#4117=EDGE_CURVE('',#4680,#5194,#5199,.T.);
#4118=EDGE_CURVE('',#4678,#5200,#5201,.T.);
#4119=EDGE_CURVE('',#5200,#5195,#5202,.T.);
#4120=EDGE_CURVE('',#5203,#5200,#5204,.T.);
#4121=EDGE_CURVE('',#5109,#5203,#5205,.T.);
#4122=EDGE_CURVE('',#5111,#5206,#5207,.T.);
#4123=EDGE_CURVE('',#5203,#5206,#5208,.T.);
#4124=EDGE_CURVE('',#4676,#5206,#5209,.T.);
#4125=EDGE_CURVE('',#4674,#5210,#5211,.T.);
#4126=EDGE_CURVE('',#5206,#5210,#5212,.T.);
#4127=EDGE_CURVE('',#5113,#5210,#5213,.T.);
#4128=EDGE_CURVE('',#5210,#5167,#5214,.T.);
#4129=EDGE_CURVE('',#5181,#5189,#5215,.T.);
#4130=EDGE_CURVE('',#5076,#5032,#5216,.T.);
#4131=EDGE_CURVE('',#5030,#5217,#5218,.T.);
#4132=EDGE_CURVE('',#5219,#5217,#5220,.T.);
#4133=EDGE_CURVE('',#5078,#5219,#5221,.T.);
#4134=EDGE_CURVE('',#5219,#5222,#5223,.T.);
#4135=EDGE_CURVE('',#5080,#5222,#5224,.T.);
#4136=EDGE_CURVE('',#5222,#5225,#5226,.T.);
#4137=EDGE_CURVE('',#5028,#5225,#5227,.T.);
#4138=EDGE_CURVE('',#5217,#5225,#5228,.T.);
#4139=EDGE_CURVE('',#5229,#4958,#5230,.T.);
#4140=EDGE_CURVE('',#5231,#5229,#5232,.T.);
#4141=EDGE_CURVE('',#5233,#5231,#5234,.T.);
#4142=EDGE_CURVE('',#5015,#5233,#5235,.T.);
#4143=EDGE_CURVE('',#5236,#5055,#5237,.T.);
#4144=EDGE_CURVE('',#5238,#5236,#5239,.T.);
#4145=EDGE_CURVE('',#5240,#5238,#5241,.T.);
#4146=EDGE_CURVE('',#4838,#5240,#5242,.T.);
#4147=EDGE_CURVE('',#4684,#5233,#5243,.T.);
#4148=EDGE_CURVE('',#4686,#5231,#5244,.T.);
#4149=EDGE_CURVE('',#4688,#5229,#5245,.T.);
#4150=EDGE_CURVE('',#4630,#5240,#5246,.T.);
#4151=EDGE_CURVE('',#4632,#5238,#5247,.T.);
#4152=EDGE_CURVE('',#4634,#5236,#5248,.T.);
#4153=EDGE_CURVE('',#4904,#5249,#5250,.T.);
#4154=EDGE_CURVE('',#5251,#5249,#5252,.T.);
#4155=EDGE_CURVE('',#4900,#5251,#5253,.T.);
#4156=EDGE_CURVE('',#5254,#5251,#5255,.T.);
#4157=EDGE_CURVE('',#4899,#5254,#5256,.T.);
#4158=EDGE_CURVE('',#5257,#5254,#5258,.T.);
#4159=EDGE_CURVE('',#4902,#5257,#5259,.T.);
#4160=EDGE_CURVE('',#5249,#5257,#5260,.T.);
#4161=EDGE_CURVE('',#5257,#5261,#5262,.T.);
#4162=EDGE_CURVE('',#5263,#5261,#5264,.T.);
#4163=EDGE_CURVE('',#5249,#5263,#5265,.T.);
#4164=EDGE_CURVE('',#5266,#5263,#5267,.T.);
#4165=EDGE_CURVE('',#5251,#5266,#5268,.T.);
#4166=EDGE_CURVE('',#5269,#5266,#5270,.T.);
#4167=EDGE_CURVE('',#5254,#5269,#5271,.T.);
#4168=EDGE_CURVE('',#5261,#5269,#5272,.T.);
#4169=EDGE_CURVE('',#4912,#5273,#5274,.T.);
#4170=EDGE_CURVE('',#5275,#5273,#5276,.T.);
#4171=EDGE_CURVE('',#4908,#5275,#5277,.T.);
#4172=EDGE_CURVE('',#5278,#5275,#5279,.T.);
#4173=EDGE_CURVE('',#4907,#5278,#5280,.T.);
#4174=EDGE_CURVE('',#5281,#5278,#5282,.T.);
#4175=EDGE_CURVE('',#4910,#5281,#5283,.T.);
#4176=EDGE_CURVE('',#5273,#5281,#5284,.T.);
#4177=EDGE_CURVE('',#5281,#5285,#5286,.T.);
#4178=EDGE_CURVE('',#5287,#5285,#5288,.T.);
#4179=EDGE_CURVE('',#5273,#5287,#5289,.T.);
#4180=EDGE_CURVE('',#5290,#5287,#5291,.T.);
#4181=EDGE_CURVE('',#5275,#5290,#5292,.T.);
#4182=EDGE_CURVE('',#5293,#5290,#5294,.T.);
#4183=EDGE_CURVE('',#5278,#5293,#5295,.T.);
#4184=EDGE_CURVE('',#5285,#5293,#5296,.T.);
#4185=EDGE_CURVE('',#4920,#5297,#5298,.T.);
#4186=EDGE_CURVE('',#5299,#5297,#5300,.T.);
#4187=EDGE_CURVE('',#4916,#5299,#5301,.T.);
#4188=EDGE_CURVE('',#5302,#5299,#5303,.T.);
#4189=EDGE_CURVE('',#4915,#5302,#5304,.T.);
#4190=EDGE_CURVE('',#5305,#5302,#5306,.T.);
#4191=EDGE_CURVE('',#4918,#5305,#5307,.T.);
#4192=EDGE_CURVE('',#5297,#5305,#5308,.T.);
#4193=EDGE_CURVE('',#5305,#5309,#5310,.T.);
#4194=EDGE_CURVE('',#5311,#5309,#5312,.T.);
#4195=EDGE_CURVE('',#5297,#5311,#5313,.T.);
#4196=EDGE_CURVE('',#5314,#5311,#5315,.T.);
#4197=EDGE_CURVE('',#5299,#5314,#5316,.T.);
#4198=EDGE_CURVE('',#5317,#5314,#5318,.T.);
#4199=EDGE_CURVE('',#5302,#5317,#5319,.T.);
#4200=EDGE_CURVE('',#5309,#5317,#5320,.T.);
#4201=EDGE_CURVE('',#4928,#5321,#5322,.T.);
#4202=EDGE_CURVE('',#5323,#5321,#5324,.T.);
#4203=EDGE_CURVE('',#4924,#5323,#5325,.T.);
#4204=EDGE_CURVE('',#5326,#5323,#5327,.T.);
#4205=EDGE_CURVE('',#4923,#5326,#5328,.T.);
#4206=EDGE_CURVE('',#5329,#5326,#5330,.T.);
#4207=EDGE_CURVE('',#4926,#5329,#5331,.T.);
#4208=EDGE_CURVE('',#5321,#5329,#5332,.T.);
#4209=EDGE_CURVE('',#5329,#5333,#5334,.T.);
#4210=EDGE_CURVE('',#5335,#5333,#5336,.T.);
#4211=EDGE_CURVE('',#5321,#5335,#5337,.T.);
#4212=EDGE_CURVE('',#5338,#5335,#5339,.T.);
#4213=EDGE_CURVE('',#5323,#5338,#5340,.T.);
#4214=EDGE_CURVE('',#5341,#5338,#5342,.T.);
#4215=EDGE_CURVE('',#5326,#5341,#5343,.T.);
#4216=EDGE_CURVE('',#5333,#5341,#5344,.T.);
#4217=EDGE_CURVE('',#4782,#4612,#5345,.T.);
#4218=EDGE_CURVE('',#4614,#4780,#5346,.T.);
#4219=EDGE_CURVE('',#4774,#4620,#5347,.T.);
#4220=EDGE_CURVE('',#4616,#4778,#5348,.T.);
#4221=EDGE_CURVE('',#4776,#4618,#5349,.T.);
#4222=EDGE_CURVE('',#4663,#4518,#5350,.T.);
#4223=EDGE_CURVE('',#4661,#4520,#5351,.T.);
#4224=EDGE_CURVE('',#5352,#5353,#5354,.T.);
#4225=EDGE_CURVE('',#5355,#5352,#5356,.T.);
#4226=EDGE_CURVE('',#5355,#5357,#5358,.T.);
#4227=EDGE_CURVE('',#5357,#5353,#5359,.T.);
#4228=EDGE_CURVE('',#5357,#5360,#5361,.T.);
#4229=EDGE_CURVE('',#5360,#5362,#5363,.T.);
#4230=EDGE_CURVE('',#5362,#5364,#5365,.T.);
#4231=EDGE_CURVE('',#5364,#5366,#5367,.T.);
#4232=EDGE_CURVE('',#5366,#5368,#5369,.T.);
#4233=EDGE_CURVE('',#5368,#5370,#5371,.T.);
#4234=EDGE_CURVE('',#5370,#5372,#5373,.T.);
#4235=EDGE_CURVE('',#5372,#5374,#5375,.T.);
#4236=EDGE_CURVE('',#5374,#5353,#5376,.T.);
#4237=EDGE_CURVE('',#5374,#5377,#5378,.T.);
#4238=EDGE_CURVE('',#5377,#5352,#5379,.T.);
#4239=EDGE_CURVE('',#5380,#5377,#5381,.T.);
#4240=EDGE_CURVE('',#5382,#5380,#5383,.T.);
#4241=EDGE_CURVE('',#5384,#5382,#5385,.T.);
#4242=EDGE_CURVE('',#5386,#5384,#5387,.T.);
#4243=EDGE_CURVE('',#5388,#5386,#5389,.T.);
#4244=EDGE_CURVE('',#5390,#5388,#5391,.T.);
#4245=EDGE_CURVE('',#5392,#5390,#5393,.T.);
#4246=EDGE_CURVE('',#5355,#5392,#5394,.T.);
#4247=EDGE_CURVE('',#5360,#5392,#5395,.T.);
#4248=EDGE_CURVE('',#5362,#5390,#5396,.T.);
#4249=EDGE_CURVE('',#5364,#5388,#5397,.T.);
#4250=EDGE_CURVE('',#5366,#5386,#5398,.T.);
#4251=EDGE_CURVE('',#5368,#5384,#5399,.T.);
#4252=EDGE_CURVE('',#5370,#5382,#5400,.T.);
#4253=EDGE_CURVE('',#5372,#5380,#5401,.T.);
#4254=EDGE_CURVE('',#4658,#4526,#5402,.T.);
#4255=EDGE_CURVE('',#4656,#4528,#5403,.T.);
#4256=EDGE_CURVE('',#5404,#5405,#5406,.T.);
#4257=EDGE_CURVE('',#5407,#5404,#5408,.T.);
#4258=EDGE_CURVE('',#5407,#5409,#5410,.T.);
#4259=EDGE_CURVE('',#5409,#5405,#5411,.T.);
#4260=EDGE_CURVE('',#5409,#5412,#5413,.T.);
#4261=EDGE_CURVE('',#5412,#5414,#5415,.T.);
#4262=EDGE_CURVE('',#5414,#5416,#5417,.T.);
#4263=EDGE_CURVE('',#5416,#5418,#5419,.T.);
#4264=EDGE_CURVE('',#5418,#5420,#5421,.T.);
#4265=EDGE_CURVE('',#5420,#5422,#5423,.T.);
#4266=EDGE_CURVE('',#5422,#5424,#5425,.T.);
#4267=EDGE_CURVE('',#5424,#5426,#5427,.T.);
#4268=EDGE_CURVE('',#5426,#5405,#5428,.T.);
#4269=EDGE_CURVE('',#5426,#5429,#5430,.T.);
#4270=EDGE_CURVE('',#5429,#5404,#5431,.T.);
#4271=EDGE_CURVE('',#5432,#5429,#5433,.T.);
#4272=EDGE_CURVE('',#5434,#5432,#5435,.T.);
#4273=EDGE_CURVE('',#5436,#5434,#5437,.T.);
#4274=EDGE_CURVE('',#5438,#5436,#5439,.T.);
#4275=EDGE_CURVE('',#5440,#5438,#5441,.T.);
#4276=EDGE_CURVE('',#5442,#5440,#5443,.T.);
#4277=EDGE_CURVE('',#5444,#5442,#5445,.T.);
#4278=EDGE_CURVE('',#5407,#5444,#5446,.T.);
#4279=EDGE_CURVE('',#5412,#5444,#5447,.T.);
#4280=EDGE_CURVE('',#5414,#5442,#5448,.T.);
#4281=EDGE_CURVE('',#5416,#5440,#5449,.T.);
#4282=EDGE_CURVE('',#5418,#5438,#5450,.T.);
#4283=EDGE_CURVE('',#5420,#5436,#5451,.T.);
#4284=EDGE_CURVE('',#5422,#5434,#5452,.T.);
#4285=EDGE_CURVE('',#5424,#5432,#5453,.T.);
#4286=EDGE_CURVE('',#5454,#4702,#5455,.T.);
#4287=EDGE_CURVE('',#5456,#5454,#5457,.T.);
#4288=EDGE_CURVE('',#4698,#5456,#5458,.T.);
#4289=EDGE_CURVE('',#5456,#5459,#5460,.T.);
#4290=EDGE_CURVE('',#4697,#5459,#5461,.T.);
#4291=EDGE_CURVE('',#5459,#5462,#5463,.T.);
#4292=EDGE_CURVE('',#5462,#4700,#5464,.T.);
#4293=EDGE_CURVE('',#5454,#5462,#5465,.T.);
#4294=EDGE_CURVE('',#5466,#4710,#5467,.T.);
#4295=EDGE_CURVE('',#5468,#5466,#5469,.T.);
#4296=EDGE_CURVE('',#4706,#5468,#5470,.T.);
#4297=EDGE_CURVE('',#5468,#5471,#5472,.T.);
#4298=EDGE_CURVE('',#4705,#5471,#5473,.T.);
#4299=EDGE_CURVE('',#5471,#5474,#5475,.T.);
#4300=EDGE_CURVE('',#5474,#4708,#5476,.T.);
#4301=EDGE_CURVE('',#5466,#5474,#5477,.T.);
#4302=EDGE_CURVE('',#5478,#4718,#5479,.T.);
#4303=EDGE_CURVE('',#5480,#5478,#5481,.T.);
#4304=EDGE_CURVE('',#4714,#5480,#5482,.T.);
#4305=EDGE_CURVE('',#5480,#5483,#5484,.T.);
#4306=EDGE_CURVE('',#4713,#5483,#5485,.T.);
#4307=EDGE_CURVE('',#5483,#5486,#5487,.T.);
#4308=EDGE_CURVE('',#5486,#4716,#5488,.T.);
#4309=EDGE_CURVE('',#5478,#5486,#5489,.T.);
#4310=EDGE_CURVE('',#5490,#4726,#5491,.T.);
#4311=EDGE_CURVE('',#5492,#5490,#5493,.T.);
#4312=EDGE_CURVE('',#4722,#5492,#5494,.T.);
#4313=EDGE_CURVE('',#5492,#5495,#5496,.T.);
#4314=EDGE_CURVE('',#4721,#5495,#5497,.T.);
#4315=EDGE_CURVE('',#5495,#5498,#5499,.T.);
#4316=EDGE_CURVE('',#5498,#4724,#5500,.T.);
#4317=EDGE_CURVE('',#5490,#5498,#5501,.T.);
#4318=EDGE_CURVE('',#5502,#4734,#5503,.T.);
#4319=EDGE_CURVE('',#5504,#5502,#5505,.T.);
#4320=EDGE_CURVE('',#4730,#5504,#5506,.T.);
#4321=EDGE_CURVE('',#5504,#5507,#5508,.T.);
#4322=EDGE_CURVE('',#4729,#5507,#5509,.T.);
#4323=EDGE_CURVE('',#5507,#5510,#5511,.T.);
#4324=EDGE_CURVE('',#5510,#4732,#5512,.T.);
#4325=EDGE_CURVE('',#5502,#5510,#5513,.T.);
#4326=EDGE_CURVE('',#4569,#5514,#5515,.T.);
#4327=EDGE_CURVE('',#5514,#5516,#5517,.T.);
#4328=EDGE_CURVE('',#5516,#5518,#5519,.T.);
#4329=EDGE_CURVE('',#5518,#5520,#5521,.T.);
#4330=EDGE_CURVE('',#5520,#5522,#5523,.T.);
#4331=EDGE_CURVE('',#5522,#5524,#5525,.T.);
#4332=EDGE_CURVE('',#5524,#5526,#5527,.T.);
#4333=EDGE_CURVE('',#5526,#5528,#5529,.T.);
#4334=EDGE_CURVE('',#5528,#4565,#5530,.T.);
#4335=EDGE_CURVE('',#5528,#5531,#5532,.T.);
#4336=EDGE_CURVE('',#5531,#4564,#5533,.T.);
#4337=EDGE_CURVE('',#5534,#5531,#5535,.T.);
#4338=EDGE_CURVE('',#5536,#5534,#5537,.T.);
#4339=EDGE_CURVE('',#5538,#5536,#5539,.T.);
#4340=EDGE_CURVE('',#5540,#5538,#5541,.T.);
#4341=EDGE_CURVE('',#5542,#5540,#5543,.T.);
#4342=EDGE_CURVE('',#5544,#5542,#5545,.T.);
#4343=EDGE_CURVE('',#5546,#5544,#5547,.T.);
#4344=EDGE_CURVE('',#4567,#5546,#5548,.T.);
#4345=EDGE_CURVE('',#5514,#5546,#5549,.T.);
#4346=EDGE_CURVE('',#5516,#5544,#5550,.T.);
#4347=EDGE_CURVE('',#5518,#5542,#5551,.T.);
#4348=EDGE_CURVE('',#5520,#5540,#5552,.T.);
#4349=EDGE_CURVE('',#5522,#5538,#5553,.T.);
#4350=EDGE_CURVE('',#5524,#5536,#5554,.T.);
#4351=EDGE_CURVE('',#5526,#5534,#5555,.T.);
#4352=EDGE_CURVE('',#4508,#5556,#5557,.T.);
#4353=EDGE_CURVE('',#5556,#5558,#5559,.T.);
#4354=EDGE_CURVE('',#5558,#5560,#5561,.T.);
#4355=EDGE_CURVE('',#5560,#5562,#5563,.T.);
#4356=EDGE_CURVE('',#5562,#5564,#5565,.T.);
#4357=EDGE_CURVE('',#5564,#5566,#5567,.T.);
#4358=EDGE_CURVE('',#5566,#5568,#5569,.T.);
#4359=EDGE_CURVE('',#5568,#4490,#5570,.T.);
#4360=EDGE_CURVE('',#5568,#5571,#5572,.T.);
#4361=EDGE_CURVE('',#5571,#4493,#5573,.T.);
#4362=EDGE_CURVE('',#5574,#5571,#5575,.T.);
#4363=EDGE_CURVE('',#5576,#5574,#5577,.T.);
#4364=EDGE_CURVE('',#5578,#5576,#5579,.T.);
#4365=EDGE_CURVE('',#5580,#5578,#5581,.T.);
#4366=EDGE_CURVE('',#5582,#5580,#5583,.T.);
#4367=EDGE_CURVE('',#5584,#5582,#5585,.T.);
#4368=EDGE_CURVE('',#4506,#5584,#5586,.T.);
#4369=EDGE_CURVE('',#5556,#5584,#5587,.T.);
#4370=EDGE_CURVE('',#5558,#5582,#5588,.T.);
#4371=EDGE_CURVE('',#5560,#5580,#5589,.T.);
#4372=EDGE_CURVE('',#5562,#5578,#5590,.T.);
#4373=EDGE_CURVE('',#5564,#5576,#5591,.T.);
#4374=EDGE_CURVE('',#5566,#5574,#5592,.T.);
#4375=ORIENTED_EDGE('',*,*,#5593,.T.);
#4376=ORIENTED_EDGE('',*,*,#5594,.T.);
#4377=ORIENTED_EDGE('',*,*,#5595,.F.);
#4378=ORIENTED_EDGE('',*,*,#5596,.F.);
#4379=CARTESIAN_POINT('',(4.575,-1.35,-1.3));
#4380=DIRECTION('',(0.0,0.0,-1.0));
#4381=DIRECTION('',(0.0,-1.0,0.0));
#4382=ORIENTED_EDGE('',*,*,#5597,.F.);
#4383=ORIENTED_EDGE('',*,*,#5593,.F.);
#4384=ORIENTED_EDGE('',*,*,#5598,.F.);
#4385=ORIENTED_EDGE('',*,*,#5599,.F.);
#4386=CARTESIAN_POINT('',(0.0,-1.35,0.0));
#4387=DIRECTION('',(-0.0,1.0,0.0));
#4388=DIRECTION('',(1.0,0.0,0.0));
#4389=ORIENTED_EDGE('',*,*,#5597,.T.);
#4390=ORIENTED_EDGE('',*,*,#5600,.T.);
#4391=ORIENTED_EDGE('',*,*,#5601,.F.);
#4392=ORIENTED_EDGE('',*,*,#5594,.F.);
#4393=CARTESIAN_POINT('',(3.375,-1.35,-1.3));
#4394=DIRECTION('',(-1.0,0.0,0.0));
#4395=DIRECTION('',(0.0,0.0,1.0));
#4396=ORIENTED_EDGE('',*,*,#5599,.T.);
#4397=ORIENTED_EDGE('',*,*,#5602,.T.);
#4398=ORIENTED_EDGE('',*,*,#5603,.F.);
#4399=ORIENTED_EDGE('',*,*,#5600,.F.);
#4400=CARTESIAN_POINT('',(3.375,-1.35,0.9));
#4401=DIRECTION('',(0.0,0.0,1.0));
#4402=DIRECTION('',(1.0,0.0,0.0));
#4403=ORIENTED_EDGE('',*,*,#5598,.T.);
#4404=ORIENTED_EDGE('',*,*,#5596,.T.);
#4405=ORIENTED_EDGE('',*,*,#5604,.F.);
#4406=ORIENTED_EDGE('',*,*,#5602,.F.);
#4407=CARTESIAN_POINT('',(4.575,-1.35,0.9));
#4408=DIRECTION('',(1.0,0.0,0.0));
#4409=DIRECTION('',(0.0,1.0,0.0));
#4410=ORIENTED_EDGE('',*,*,#5601,.T.);
#4411=ORIENTED_EDGE('',*,*,#5603,.T.);
#4412=ORIENTED_EDGE('',*,*,#5604,.T.);
#4413=ORIENTED_EDGE('',*,*,#5595,.T.);
#4414=CARTESIAN_POINT('',(0.0,-2.15,0.0));
#4415=DIRECTION('',(-0.0,1.0,0.0));
#4416=DIRECTION('',(1.0,0.0,0.0));
#4417=ORIENTED_EDGE('',*,*,#5605,.F.);
#4418=ORIENTED_EDGE('',*,*,#5606,.F.);
#4419=ORIENTED_EDGE('',*,*,#5607,.F.);
#4420=ORIENTED_EDGE('',*,*,#5608,.F.);
#4421=CARTESIAN_POINT('',(0.0,-1.35,0.0));
#4422=DIRECTION('',(-0.0,1.0,0.0));
#4423=DIRECTION('',(1.0,0.0,0.0));
#4424=ORIENTED_EDGE('',*,*,#5605,.T.);
#4425=ORIENTED_EDGE('',*,*,#5609,.T.);
#4426=ORIENTED_EDGE('',*,*,#5610,.F.);
#4427=ORIENTED_EDGE('',*,*,#5611,.F.);
#4428=CARTESIAN_POINT('',(-3.375,-1.35,-1.3));
#4429=DIRECTION('',(0.0,0.0,-1.0));
#4430=DIRECTION('',(0.0,-1.0,0.0));
#4431=ORIENTED_EDGE('',*,*,#5608,.T.);
#4432=ORIENTED_EDGE('',*,*,#5612,.T.);
#4433=ORIENTED_EDGE('',*,*,#5613,.F.);
#4434=ORIENTED_EDGE('',*,*,#5609,.F.);
#4435=CARTESIAN_POINT('',(-4.575,-1.35,-1.3));
#4436=DIRECTION('',(-1.0,0.0,0.0));
#4437=DIRECTION('',(0.0,0.0,1.0));
#4438=ORIENTED_EDGE('',*,*,#5607,.T.);
#4439=ORIENTED_EDGE('',*,*,#5614,.T.);
#4440=ORIENTED_EDGE('',*,*,#5615,.F.);
#4441=ORIENTED_EDGE('',*,*,#5612,.F.);
#4442=CARTESIAN_POINT('',(-4.575,-1.35,0.9));
#4443=DIRECTION('',(0.0,0.0,1.0));
#4444=DIRECTION('',(1.0,0.0,0.0));
#4445=ORIENTED_EDGE('',*,*,#5606,.T.);
#4446=ORIENTED_EDGE('',*,*,#5611,.T.);
#4447=ORIENTED_EDGE('',*,*,#5616,.F.);
#4448=ORIENTED_EDGE('',*,*,#5614,.F.);
#4449=CARTESIAN_POINT('',(-3.375,-1.35,0.9));
#4450=DIRECTION('',(1.0,0.0,0.0));
#4451=DIRECTION('',(0.0,1.0,0.0));
#4452=ORIENTED_EDGE('',*,*,#5610,.T.);
#4453=ORIENTED_EDGE('',*,*,#5613,.T.);
#4454=ORIENTED_EDGE('',*,*,#5615,.T.);
#4455=ORIENTED_EDGE('',*,*,#5616,.T.);
#4456=CARTESIAN_POINT('',(0.0,-2.15,0.0));
#4457=DIRECTION('',(-0.0,1.0,0.0));
#4458=DIRECTION('',(1.0,0.0,0.0));
#4459=DIRECTION('',(0.0,0.0,1.0));
#4460=DIRECTION('',(-1.0,0.0,0.0));
#4461=DIRECTION('',(0.0,0.0,-1.0));
#4462=DIRECTION('',(1.0,0.0,0.0));
#4463=DIRECTION('',(0.0,0.0,1.0));
#4464=DIRECTION('',(-1.0,0.0,0.0));
#4465=DIRECTION('',(0.0,0.0,-1.0));
#4466=DIRECTION('',(1.0,0.0,0.0));
#4467=DIRECTION('',(0.0,0.0,1.0));
#4468=DIRECTION('',(-1.0,0.0,0.0));
#4469=DIRECTION('',(0.0,0.0,-1.0));
#4470=DIRECTION('',(1.0,0.0,0.0));
#4471=DIRECTION('',(0.0,0.0,1.0));
#4472=DIRECTION('',(-1.0,0.0,0.0));
#4473=DIRECTION('',(0.0,0.0,-1.0));
#4474=DIRECTION('',(1.0,0.0,0.0));
#4475=DIRECTION('',(1.0,0.0,0.0));
#4476=DIRECTION('',(0.0,0.0,1.0));
#4477=DIRECTION('',(-1.0,0.0,0.0));
#4478=DIRECTION('',(0.0,0.0,-1.0));
#4479=DIRECTION('',(0.0,0.0,1.0));
#4480=DIRECTION('',(-1.0,0.0,0.0));
#4481=DIRECTION('',(0.0,0.0,-1.0));
#4482=DIRECTION('',(1.0,0.0,0.0));
#4483=DIRECTION('',(0.0,0.0,-1.0));
#4484=DIRECTION('',(-1.0,0.0,0.0));
#4485=DIRECTION('',(-0.642871293713882,0.0,0.765974216092578));
#4486=DIRECTION('',(0.0,0.0,1.0));
#4487=DIRECTION('',(0.64287114276419,0.0,-0.765974342782488));
#4488=DIRECTION('',(0.0,0.0,1.0));
#4489=DIRECTION('',(1.0,0.0,0.0));
#4490=VERTEX_POINT('',#5617);
#4491=VERTEX_POINT('',#5618);
#4492=LINE('',#5619,#5620);
#4493=VERTEX_POINT('',#5621);
#4494=LINE('',#5622,#5623);
#4495=VERTEX_POINT('',#5624);
#4496=LINE('',#5625,#5626);
#4497=LINE('',#5627,#5628);
#4498=VERTEX_POINT('',#5629);
#4499=VERTEX_POINT('',#5630);
#4500=LINE('',#5631,#5632);
#4501=VERTEX_POINT('',#5633);
#4502=LINE('',#5634,#5635);
#4503=VERTEX_POINT('',#5636);
#4504=LINE('',#5637,#5638);
#4505=LINE('',#5639,#5640);
#4506=VERTEX_POINT('',#5641);
#4507=LINE('',#5642,#5643);
#4508=VERTEX_POINT('',#5644);
#4509=LINE('',#5645,#5646);
#4510=LINE('',#5647,#5648);
#4511=VERTEX_POINT('',#5649);
#4512=VERTEX_POINT('',#5650);
#4513=LINE('',#5651,#5652);
#4514=VERTEX_POINT('',#5653);
#4515=LINE('',#5654,#5655);
#4516=VERTEX_POINT('',#5656);
#4517=LINE('',#5657,#5658);
#4518=VERTEX_POINT('',#5659);
#4519=LINE('',#5660,#5661);
#4520=VERTEX_POINT('',#5662);
#4521=LINE('',#5663,#5664);
#4522=VERTEX_POINT('',#5665);
#4523=LINE('',#5666,#5667);
#4524=VERTEX_POINT('',#5668);
#4525=LINE('',#5669,#5670);
#4526=VERTEX_POINT('',#5671);
#4527=LINE('',#5672,#5673);
#4528=VERTEX_POINT('',#5674);
#4529=LINE('',#5675,#5676);
#4530=VERTEX_POINT('',#5677);
#4531=LINE('',#5678,#5679);
#4532=VERTEX_POINT('',#5680);
#4533=LINE('',#5681,#5682);
#4534=LINE('',#5683,#5684);
#4535=VERTEX_POINT('',#5685);
#4536=LINE('',#5686,#5687);
#4537=VERTEX_POINT('',#5688);
#4538=LINE('',#5689,#5690);
#4539=VERTEX_POINT('',#5691);
#4540=LINE('',#5692,#5693);
#4541=VERTEX_POINT('',#5694);
#4542=LINE('',#5695,#5696);
#4543=VERTEX_POINT('',#5697);
#4544=LINE('',#5698,#5699);
#4545=VERTEX_POINT('',#5700);
#4546=LINE('',#5701,#5702);
#4547=VERTEX_POINT('',#5703);
#4548=LINE('',#5704,#5705);
#4549=VERTEX_POINT('',#5706);
#4550=LINE('',#5707,#5708);
#4551=VERTEX_POINT('',#5709);
#4552=LINE('',#5710,#5711);
#4553=VERTEX_POINT('',#5712);
#4554=LINE('',#5713,#5714);
#4555=LINE('',#5715,#5716);
#4556=VERTEX_POINT('',#5717);
#4557=LINE('',#5718,#5719);
#4558=VERTEX_POINT('',#5720);
#4559=LINE('',#5721,#5722);
#4560=LINE('',#5723,#5724);
#4561=VERTEX_POINT('',#5725);
#4562=LINE('',#5726,#5727);
#4563=LINE('',#5728,#5729);
#4564=VERTEX_POINT('',#5730);
#4565=VERTEX_POINT('',#5731);
#4566=LINE('',#5732,#5733);
#4567=VERTEX_POINT('',#5734);
#4568=LINE('',#5735,#5736);
#4569=VERTEX_POINT('',#5737);
#4570=LINE('',#5738,#5739);
#4571=LINE('',#5740,#5741);
#4572=VERTEX_POINT('',#5742);
#4573=LINE('',#5743,#5744);
#4574=LINE('',#5745,#5746);
#4575=VERTEX_POINT('',#5747);
#4576=VERTEX_POINT('',#5748);
#4577=LINE('',#5749,#5750);
#4578=LINE('',#5751,#5752);
#4579=LINE('',#5753,#5754);
#4580=VERTEX_POINT('',#5755);
#4581=VERTEX_POINT('',#5756);
#4582=LINE('',#5757,#5758);
#4583=LINE('',#5759,#5760);
#4584=LINE('',#5761,#5762);
#4585=VERTEX_POINT('',#5763);
#4586=VERTEX_POINT('',#5764);
#4587=LINE('',#5765,#5766);
#4588=LINE('',#5767,#5768);
#4589=LINE('',#5769,#5770);
#4590=VERTEX_POINT('',#5771);
#4591=LINE('',#5772,#5773);
#4592=LINE('',#5774,#5775);
#4593=VERTEX_POINT('',#5776);
#4594=LINE('',#5777,#5778);
#4595=LINE('',#5779,#5780);
#4596=LINE('',#5781,#5782);
#4597=VERTEX_POINT('',#5783);
#4598=VERTEX_POINT('',#5784);
#4599=LINE('',#5785,#5786);
#4600=VERTEX_POINT('',#5787);
#4601=LINE('',#5788,#5789);
#4602=VERTEX_POINT('',#5790);
#4603=LINE('',#5791,#5792);
#4604=VERTEX_POINT('',#5793);
#4605=LINE('',#5794,#5795);
#4606=VERTEX_POINT('',#5796);
#4607=LINE('',#5797,#5798);
#4608=VERTEX_POINT('',#5799);
#4609=LINE('',#5800,#5801);
#4610=VERTEX_POINT('',#5802);
#4611=LINE('',#5803,#5804);
#4612=VERTEX_POINT('',#5805);
#4613=LINE('',#5806,#5807);
#4614=VERTEX_POINT('',#5808);
#4615=LINE('',#5809,#5810);
#4616=VERTEX_POINT('',#5811);
#4617=LINE('',#5812,#5813);
#4618=VERTEX_POINT('',#5814);
#4619=LINE('',#5815,#5816);
#4620=VERTEX_POINT('',#5817);
#4621=LINE('',#5818,#5819);
#4622=VERTEX_POINT('',#5820);
#4623=LINE('',#5821,#5822);
#4624=VERTEX_POINT('',#5823);
#4625=LINE('',#5824,#5825);
#4626=VERTEX_POINT('',#5826);
#4627=LINE('',#5827,#5828);
#4628=VERTEX_POINT('',#5829);
#4629=LINE('',#5830,#5831);
#4630=VERTEX_POINT('',#5832);
#4631=LINE('',#5833,#5834);
#4632=VERTEX_POINT('',#5835);
#4633=LINE('',#5836,#5837);
#4634=VERTEX_POINT('',#5838);
#4635=LINE('',#5839,#5840);
#4636=VERTEX_POINT('',#5841);
#4637=LINE('',#5842,#5843);
#4638=VERTEX_POINT('',#5844);
#4639=LINE('',#5845,#5846);
#4640=VERTEX_POINT('',#5847);
#4641=LINE('',#5848,#5849);
#4642=VERTEX_POINT('',#5850);
#4643=LINE('',#5851,#5852);
#4644=VERTEX_POINT('',#5853);
#4645=LINE('',#5854,#5855);
#4646=VERTEX_POINT('',#5856);
#4647=LINE('',#5857,#5858);
#4648=VERTEX_POINT('',#5859);
#4649=LINE('',#5860,#5861);
#4650=VERTEX_POINT('',#5862);
#4651=LINE('',#5863,#5864);
#4652=VERTEX_POINT('',#5865);
#4653=LINE('',#5866,#5867);
#4654=LINE('',#5868,#5869);
#4655=LINE('',#5870,#5871);
#4656=VERTEX_POINT('',#5872);
#4657=LINE('',#5873,#5874);
#4658=VERTEX_POINT('',#5875);
#4659=LINE('',#5876,#5877);
#4660=LINE('',#5878,#5879);
#4661=VERTEX_POINT('',#5880);
#4662=LINE('',#5881,#5882);
#4663=VERTEX_POINT('',#5883);
#4664=LINE('',#5884,#5885);
#4665=LINE('',#5886,#5887);
#4666=VERTEX_POINT('',#5888);
#4667=LINE('',#5889,#5890);
#4668=VERTEX_POINT('',#5891);
#4669=LINE('',#5892,#5893);
#4670=VERTEX_POINT('',#5894);
#4671=LINE('',#5895,#5896);
#4672=VERTEX_POINT('',#5897);
#4673=LINE('',#5898,#5899);
#4674=VERTEX_POINT('',#5900);
#4675=LINE('',#5901,#5902);
#4676=VERTEX_POINT('',#5903);
#4677=LINE('',#5904,#5905);
#4678=VERTEX_POINT('',#5906);
#4679=LINE('',#5907,#5908);
#4680=VERTEX_POINT('',#5909);
#4681=LINE('',#5910,#5911);
#4682=VERTEX_POINT('',#5912);
#4683=LINE('',#5913,#5914);
#4684=VERTEX_POINT('',#5915);
#4685=LINE('',#5916,#5917);
#4686=VERTEX_POINT('',#5918);
#4687=LINE('',#5919,#5920);
#4688=VERTEX_POINT('',#5921);
#4689=LINE('',#5922,#5923);
#4690=VERTEX_POINT('',#5924);
#4691=LINE('',#5925,#5926);
#4692=VERTEX_POINT('',#5927);
#4693=LINE('',#5928,#5929);
#4694=VERTEX_POINT('',#5930);
#4695=LINE('',#5931,#5932);
#4696=LINE('',#5933,#5934);
#4697=VERTEX_POINT('',#5935);
#4698=VERTEX_POINT('',#5936);
#4699=LINE('',#5937,#5938);
#4700=VERTEX_POINT('',#5939);
#4701=LINE('',#5940,#5941);
#4702=VERTEX_POINT('',#5942);
#4703=LINE('',#5943,#5944);
#4704=LINE('',#5945,#5946);
#4705=VERTEX_POINT('',#5947);
#4706=VERTEX_POINT('',#5948);
#4707=LINE('',#5949,#5950);
#4708=VERTEX_POINT('',#5951);
#4709=LINE('',#5952,#5953);
#4710=VERTEX_POINT('',#5954);
#4711=LINE('',#5955,#5956);
#4712=LINE('',#5957,#5958);
#4713=VERTEX_POINT('',#5959);
#4714=VERTEX_POINT('',#5960);
#4715=LINE('',#5961,#5962);
#4716=VERTEX_POINT('',#5963);
#4717=LINE('',#5964,#5965);
#4718=VERTEX_POINT('',#5966);
#4719=LINE('',#5967,#5968);
#4720=LINE('',#5969,#5970);
#4721=VERTEX_POINT('',#5971);
#4722=VERTEX_POINT('',#5972);
#4723=LINE('',#5973,#5974);
#4724=VERTEX_POINT('',#5975);
#4725=LINE('',#5976,#5977);
#4726=VERTEX_POINT('',#5978);
#4727=LINE('',#5979,#5980);
#4728=LINE('',#5981,#5982);
#4729=VERTEX_POINT('',#5983);
#4730=VERTEX_POINT('',#5984);
#4731=LINE('',#5985,#5986);
#4732=VERTEX_POINT('',#5987);
#4733=LINE('',#5988,#5989);
#4734=VERTEX_POINT('',#5990);
#4735=LINE('',#5991,#5992);
#4736=LINE('',#5993,#5994);
#4737=VERTEX_POINT('',#5995);
#4738=VERTEX_POINT('',#5996);
#4739=LINE('',#5997,#5998);
#4740=LINE('',#5999,#6000);
#4741=VERTEX_POINT('',#6001);
#4742=LINE('',#6002,#6003);
#4743=LINE('',#6004,#6005);
#4744=VERTEX_POINT('',#6006);
#4745=VERTEX_POINT('',#6007);
#4746=LINE('',#6008,#6009);
#4747=VERTEX_POINT('',#6010);
#4748=LINE('',#6011,#6012);
#4749=VERTEX_POINT('',#6013);
#4750=LINE('',#6014,#6015);
#4751=LINE('',#6016,#6017);
#4752=VERTEX_POINT('',#6018);
#4753=LINE('',#6019,#6020);
#4754=VERTEX_POINT('',#6021);
#4755=LINE('',#6022,#6023);
#4756=LINE('',#6024,#6025);
#4757=VERTEX_POINT('',#6026);
#4758=VERTEX_POINT('',#6027);
#4759=LINE('',#6028,#6029);
#4760=VERTEX_POINT('',#6030);
#4761=LINE('',#6031,#6032);
#4762=VERTEX_POINT('',#6033);
#4763=LINE('',#6034,#6035);
#4764=LINE('',#6036,#6037);
#4765=LINE('',#6038,#6039);
#4766=VERTEX_POINT('',#6040);
#4767=LINE('',#6041,#6042);
#4768=LINE('',#6043,#6044);
#4769=VERTEX_POINT('',#6045);
#4770=LINE('',#6046,#6047);
#4771=VERTEX_POINT('',#6048);
#4772=LINE('',#6049,#6050);
#4773=LINE('',#6051,#6052);
#4774=VERTEX_POINT('',#6053);
#4775=LINE('',#6054,#6055);
#4776=VERTEX_POINT('',#6056);
#4777=LINE('',#6057,#6058);
#4778=VERTEX_POINT('',#6059);
#4779=LINE('',#6060,#6061);
#4780=VERTEX_POINT('',#6062);
#4781=LINE('',#6063,#6064);
#4782=VERTEX_POINT('',#6065);
#4783=LINE('',#6066,#6067);
#4784=LINE('',#6068,#6069);
#4785=VERTEX_POINT('',#6070);
#4786=LINE('',#6071,#6072);
#4787=VERTEX_POINT('',#6073);
#4788=LINE('',#6074,#6075);
#4789=VERTEX_POINT('',#6076);
#4790=LINE('',#6077,#6078);
#4791=VERTEX_POINT('',#6079);
#4792=LINE('',#6080,#6081);
#4793=VERTEX_POINT('',#6082);
#4794=LINE('',#6083,#6084);
#4795=LINE('',#6085,#6086);
#4796=LINE('',#6087,#6088);
#4797=LINE('',#6089,#6090);
#4798=LINE('',#6091,#6092);
#4799=LINE('',#6093,#6094);
#4800=LINE('',#6095,#6096);
#4801=LINE('',#6097,#6098);
#4802=VERTEX_POINT('',#6099);
#4803=LINE('',#6100,#6101);
#4804=VERTEX_POINT('',#6102);
#4805=LINE('',#6103,#6104);
#4806=VERTEX_POINT('',#6105);
#4807=LINE('',#6106,#6107);
#4808=VERTEX_POINT('',#6108);
#4809=LINE('',#6109,#6110);
#4810=LINE('',#6111,#6112);
#4811=VERTEX_POINT('',#6113);
#4812=LINE('',#6114,#6115);
#4813=VERTEX_POINT('',#6116);
#4814=LINE('',#6117,#6118);
#4815=VERTEX_POINT('',#6119);
#4816=LINE('',#6120,#6121);
#4817=VERTEX_POINT('',#6122);
#4818=LINE('',#6123,#6124);
#4819=LINE('',#6125,#6126);
#4820=LINE('',#6127,#6128);
#4821=VERTEX_POINT('',#6129);
#4822=VERTEX_POINT('',#6130);
#4823=LINE('',#6131,#6132);
#4824=VERTEX_POINT('',#6133);
#4825=LINE('',#6134,#6135);
#4826=LINE('',#6136,#6137);
#4827=VERTEX_POINT('',#6138);
#4828=LINE('',#6139,#6140);
#4829=VERTEX_POINT('',#6141);
#4830=LINE('',#6142,#6143);
#4831=VERTEX_POINT('',#6144);
#4832=LINE('',#6145,#6146);
#4833=VERTEX_POINT('',#6147);
#4834=LINE('',#6148,#6149);
#4835=LINE('',#6150,#6151);
#4836=VERTEX_POINT('',#6152);
#4837=LINE('',#6153,#6154);
#4838=VERTEX_POINT('',#6155);
#4839=LINE('',#6156,#6157);
#4840=LINE('',#6158,#6159);
#4841=LINE('',#6160,#6161);
#4842=VERTEX_POINT('',#6162);
#4843=LINE('',#6163,#6164);
#4844=VERTEX_POINT('',#6165);
#4845=LINE('',#6166,#6167);
#4846=VERTEX_POINT('',#6168);
#4847=LINE('',#6169,#6170);
#4848=LINE('',#6171,#6172);
#4849=VERTEX_POINT('',#6173);
#4850=LINE('',#6174,#6175);
#4851=VERTEX_POINT('',#6176);
#4852=LINE('',#6177,#6178);
#4853=LINE('',#6179,#6180);
#4854=VERTEX_POINT('',#6181);
#4855=LINE('',#6182,#6183);
#4856=LINE('',#6184,#6185);
#4857=VERTEX_POINT('',#6186);
#4858=LINE('',#6187,#6188);
#4859=LINE('',#6189,#6190);
#4860=VERTEX_POINT('',#6191);
#4861=LINE('',#6192,#6193);
#4862=LINE('',#6194,#6195);
#4863=VERTEX_POINT('',#6196);
#4864=LINE('',#6197,#6198);
#4865=VERTEX_POINT('',#6199);
#4866=LINE('',#6200,#6201);
#4867=VERTEX_POINT('',#6202);
#4868=LINE('',#6203,#6204);
#4869=VERTEX_POINT('',#6205);
#4870=LINE('',#6206,#6207);
#4871=LINE('',#6208,#6209);
#4872=VERTEX_POINT('',#6210);
#4873=LINE('',#6211,#6212);
#4874=VERTEX_POINT('',#6213);
#4875=LINE('',#6214,#6215);
#4876=VERTEX_POINT('',#6216);
#4877=LINE('',#6217,#6218);
#4878=LINE('',#6219,#6220);
#4879=VERTEX_POINT('',#6221);
#4880=LINE('',#6222,#6223);
#4881=VERTEX_POINT('',#6224);
#4882=LINE('',#6225,#6226);
#4883=VERTEX_POINT('',#6227);
#4884=LINE('',#6228,#6229);
#4885=VERTEX_POINT('',#6230);
#4886=LINE('',#6231,#6232);
#4887=VERTEX_POINT('',#6233);
#4888=LINE('',#6234,#6235);
#4889=VERTEX_POINT('',#6236);
#4890=LINE('',#6237,#6238);
#4891=VERTEX_POINT('',#6239);
#4892=LINE('',#6240,#6241);
#4893=LINE('',#6242,#6243);
#4894=VERTEX_POINT('',#6244);
#4895=LINE('',#6245,#6246);
#4896=VERTEX_POINT('',#6247);
#4897=LINE('',#6248,#6249);
#4898=LINE('',#6250,#6251);
#4899=VERTEX_POINT('',#6252);
#4900=VERTEX_POINT('',#6253);
#4901=LINE('',#6254,#6255);
#4902=VERTEX_POINT('',#6256);
#4903=LINE('',#6257,#6258);
#4904=VERTEX_POINT('',#6259);
#4905=LINE('',#6260,#6261);
#4906=LINE('',#6262,#6263);
#4907=VERTEX_POINT('',#6264);
#4908=VERTEX_POINT('',#6265);
#4909=LINE('',#6266,#6267);
#4910=VERTEX_POINT('',#6268);
#4911=LINE('',#6269,#6270);
#4912=VERTEX_POINT('',#6271);
#4913=LINE('',#6272,#6273);
#4914=LINE('',#6274,#6275);
#4915=VERTEX_POINT('',#6276);
#4916=VERTEX_POINT('',#6277);
#4917=LINE('',#6278,#6279);
#4918=VERTEX_POINT('',#6280);
#4919=LINE('',#6281,#6282);
#4920=VERTEX_POINT('',#6283);
#4921=LINE('',#6284,#6285);
#4922=LINE('',#6286,#6287);
#4923=VERTEX_POINT('',#6288);
#4924=VERTEX_POINT('',#6289);
#4925=LINE('',#6290,#6291);
#4926=VERTEX_POINT('',#6292);
#4927=LINE('',#6293,#6294);
#4928=VERTEX_POINT('',#6295);
#4929=LINE('',#6296,#6297);
#4930=LINE('',#6298,#6299);
#4931=LINE('',#6300,#6301);
#4932=LINE('',#6302,#6303);
#4933=VERTEX_POINT('',#6304);
#4934=LINE('',#6305,#6306);
#4935=VERTEX_POINT('',#6307);
#4936=LINE('',#6308,#6309);
#4937=LINE('',#6310,#6311);
#4938=VERTEX_POINT('',#6312);
#4939=LINE('',#6313,#6314);
#4940=LINE('',#6315,#6316);
#4941=VERTEX_POINT('',#6317);
#4942=LINE('',#6318,#6319);
#4943=LINE('',#6320,#6321);
#4944=LINE('',#6322,#6323);
#4945=LINE('',#6324,#6325);
#4946=LINE('',#6326,#6327);
#4947=LINE('',#6328,#6329);
#4948=VERTEX_POINT('',#6330);
#4949=LINE('',#6331,#6332);
#4950=VERTEX_POINT('',#6333);
#4951=LINE('',#6334,#6335);
#4952=LINE('',#6336,#6337);
#4953=LINE('',#6338,#6339);
#4954=VERTEX_POINT('',#6340);
#4955=LINE('',#6341,#6342);
#4956=LINE('',#6343,#6344);
#4957=LINE('',#6345,#6346);
#4958=VERTEX_POINT('',#6347);
#4959=LINE('',#6348,#6349);
#4960=VERTEX_POINT('',#6350);
#4961=LINE('',#6351,#6352);
#4962=LINE('',#6353,#6354);
#4963=VERTEX_POINT('',#6355);
#4964=LINE('',#6356,#6357);
#4965=VERTEX_POINT('',#6358);
#4966=LINE('',#6359,#6360);
#4967=VERTEX_POINT('',#6361);
#4968=LINE('',#6362,#6363);
#4969=VERTEX_POINT('',#6364);
#4970=LINE('',#6365,#6366);
#4971=LINE('',#6367,#6368);
#4972=VERTEX_POINT('',#6369);
#4973=LINE('',#6370,#6371);
#4974=LINE('',#6372,#6373);
#4975=VERTEX_POINT('',#6374);
#4976=LINE('',#6375,#6376);
#4977=VERTEX_POINT('',#6377);
#4978=LINE('',#6378,#6379);
#4979=LINE('',#6380,#6381);
#4980=VERTEX_POINT('',#6382);
#4981=LINE('',#6383,#6384);
#4982=LINE('',#6385,#6386);
#4983=LINE('',#6387,#6388);
#4984=LINE('',#6389,#6390);
#4985=VERTEX_POINT('',#6391);
#4986=LINE('',#6392,#6393);
#4987=LINE('',#6394,#6395);
#4988=VERTEX_POINT('',#6396);
#4989=LINE('',#6397,#6398);
#4990=LINE('',#6399,#6400);
#4991=VERTEX_POINT('',#6401);
#4992=LINE('',#6402,#6403);
#4993=LINE('',#6404,#6405);
#4994=VERTEX_POINT('',#6406);
#4995=LINE('',#6407,#6408);
#4996=LINE('',#6409,#6410);
#4997=VERTEX_POINT('',#6411);
#4998=LINE('',#6412,#6413);
#4999=LINE('',#6414,#6415);
#5000=VERTEX_POINT('',#6416);
#5001=LINE('',#6417,#6418);
#5002=LINE('',#6419,#6420);
#5003=VERTEX_POINT('',#6421);
#5004=LINE('',#6422,#6423);
#5005=LINE('',#6424,#6425);
#5006=LINE('',#6426,#6427);
#5007=VERTEX_POINT('',#6428);
#5008=LINE('',#6429,#6430);
#5009=LINE('',#6431,#6432);
#5010=LINE('',#6433,#6434);
#5011=VERTEX_POINT('',#6435);
#5012=VERTEX_POINT('',#6436);
#5013=LINE('',#6437,#6438);
#5014=LINE('',#6439,#6440);
#5015=VERTEX_POINT('',#6441);
#5016=LINE('',#6442,#6443);
#5017=LINE('',#6444,#6445);
#5018=VERTEX_POINT('',#6446);
#5019=LINE('',#6447,#6448);
#5020=VERTEX_POINT('',#6449);
#5021=LINE('',#6450,#6451);
#5022=LINE('',#6452,#6453);
#5023=VERTEX_POINT('',#6454);
#5024=VERTEX_POINT('',#6455);
#5025=LINE('',#6456,#6457);
#5026=VERTEX_POINT('',#6458);
#5027=CIRCLE('',#6459,0.3);
#5028=VERTEX_POINT('',#6460);
#5029=LINE('',#6461,#6462);
#5030=VERTEX_POINT('',#6463);
#5031=LINE('',#6464,#6465);
#5032=VERTEX_POINT('',#6466);
#5033=LINE('',#6467,#6468);
#5034=VERTEX_POINT('',#6469);
#5035=CIRCLE('',#6470,0.05);
#5036=VERTEX_POINT('',#6471);
#5037=LINE('',#6472,#6473);
#5038=LINE('',#6474,#6475);
#5039=VERTEX_POINT('',#6476);
#5040=LINE('',#6477,#6478);
#5041=VERTEX_POINT('',#6479);
#5042=CIRCLE('',#6480,0.05);
#5043=VERTEX_POINT('',#6481);
#5044=LINE('',#6482,#6483);
#5045=VERTEX_POINT('',#6484);
#5046=LINE('',#6485,#6486);
#5047=VERTEX_POINT('',#6487);
#5048=LINE('',#6488,#6489);
#5049=VERTEX_POINT('',#6490);
#5050=CIRCLE('',#6491,0.3);
#5051=LINE('',#6492,#6493);
#5052=VERTEX_POINT('',#6494);
#5053=LINE('',#6495,#6496);
#5054=LINE('',#6497,#6498);
#5055=VERTEX_POINT('',#6499);
#5056=LINE('',#6500,#6501);
#5057=LINE('',#6502,#6503);
#5058=VERTEX_POINT('',#6504);
#5059=LINE('',#6505,#6506);
#5060=LINE('',#6507,#6508);
#5061=VERTEX_POINT('',#6509);
#5062=LINE('',#6510,#6511);
#5063=LINE('',#6512,#6513);
#5064=VERTEX_POINT('',#6514);
#5065=VERTEX_POINT('',#6515);
#5066=LINE('',#6516,#6517);
#5067=LINE('',#6518,#6519);
#5068=VERTEX_POINT('',#6520);
#5069=LINE('',#6521,#6522);
#5070=LINE('',#6523,#6524);
#5071=VERTEX_POINT('',#6525);
#5072=LINE('',#6526,#6527);
#5073=CIRCLE('',#6528,0.3);
#5074=VERTEX_POINT('',#6529);
#5075=LINE('',#6530,#6531);
#5076=VERTEX_POINT('',#6532);
#5077=CIRCLE('',#6533,0.05);
#5078=VERTEX_POINT('',#6534);
#5079=LINE('',#6535,#6536);
#5080=VERTEX_POINT('',#6537);
#5081=LINE('',#6538,#6539);
#5082=LINE('',#6540,#6541);
#5083=VERTEX_POINT('',#6542);
#5084=CIRCLE('',#6543,0.3);
#5085=VERTEX_POINT('',#6544);
#5086=LINE('',#6545,#6546);
#5087=VERTEX_POINT('',#6547);
#5088=LINE('',#6548,#6549);
#5089=VERTEX_POINT('',#6550);
#5090=LINE('',#6551,#6552);
#5091=VERTEX_POINT('',#6553);
#5092=CIRCLE('',#6554,0.05);
#5093=LINE('',#6555,#6556);
#5094=VERTEX_POINT('',#6557);
#5095=LINE('',#6558,#6559);
#5096=VERTEX_POINT('',#6560);
#5097=CIRCLE('',#6561,0.3);
#5098=VERTEX_POINT('',#6562);
#5099=LINE('',#6563,#6564);
#5100=VERTEX_POINT('',#6565);
#5101=LINE('',#6566,#6567);
#5102=VERTEX_POINT('',#6568);
#5103=LINE('',#6569,#6570);
#5104=VERTEX_POINT('',#6571);
#5105=CIRCLE('',#6572,0.05);
#5106=LINE('',#6573,#6574);
#5107=VERTEX_POINT('',#6575);
#5108=LINE('',#6576,#6577);
#5109=VERTEX_POINT('',#6578);
#5110=CIRCLE('',#6579,0.05);
#5111=VERTEX_POINT('',#6580);
#5112=LINE('',#6581,#6582);
#5113=VERTEX_POINT('',#6583);
#5114=LINE('',#6584,#6585);
#5115=VERTEX_POINT('',#6586);
#5116=LINE('',#6587,#6588);
#5117=VERTEX_POINT('',#6589);
#5118=CIRCLE('',#6590,0.3);
#5119=LINE('',#6591,#6592);
#5120=VERTEX_POINT('',#6593);
#5121=LINE('',#6594,#6595);
#5122=VERTEX_POINT('',#6596);
#5123=LINE('',#6597,#6598);
#5124=LINE('',#6599,#6600);
#5125=LINE('',#6601,#6602);
#5126=VERTEX_POINT('',#6603);
#5127=LINE('',#6604,#6605);
#5128=LINE('',#6606,#6607);
#5129=B_SPLINE_CURVE_WITH_KNOTS('',3,(#6608,#6609,#6610,#6611),.UNSPECIFIED.,.F.,.F.,(4,4),(0.0,1.0),.UNSPECIFIED.);
#5130=VERTEX_POINT('',#6612);
#5131=LINE('',#6613,#6614);
#5132=B_SPLINE_CURVE_WITH_KNOTS('',3,(#6615,#6616,#6617,#6618),.UNSPECIFIED.,.F.,.F.,(4,4),(0.0,1.0),.UNSPECIFIED.);
#5133=VERTEX_POINT('',#6619);
#5134=LINE('',#6620,#6621);
#5135=LINE('',#6622,#6623);
#5136=LINE('',#6624,#6625);
#5137=VERTEX_POINT('',#6626);
#5138=LINE('',#6627,#6628);
#5139=LINE('',#6629,#6630);
#5140=LINE('',#6631,#6632);
#5141=VERTEX_POINT('',#6633);
#5142=VERTEX_POINT('',#6634);
#5143=LINE('',#6635,#6636);
#5144=LINE('',#6637,#6638);
#5145=LINE('',#6639,#6640);
#5146=LINE('',#6641,#6642);
#5147=VERTEX_POINT('',#6643);
#5148=LINE('',#6644,#6645);
#5149=VERTEX_POINT('',#6646);
#5150=LINE('',#6647,#6648);
#5151=CIRCLE('',#6649,0.3);
#5152=VERTEX_POINT('',#6650);
#5153=LINE('',#6651,#6652);
#5154=LINE('',#6653,#6654);
#5155=VERTEX_POINT('',#6655);
#5156=VERTEX_POINT('',#6656);
#5157=LINE('',#6657,#6658);
#5158=VERTEX_POINT('',#6659);
#5159=LINE('',#6660,#6661);
#5160=CIRCLE('',#6662,0.3);
#5161=LINE('',#6663,#6664);
#5162=LINE('',#6665,#6666);
#5163=LINE('',#6667,#6668);
#5164=VERTEX_POINT('',#6669);
#5165=LINE('',#6670,#6671);
#5166=LINE('',#6672,#6673);
#5167=VERTEX_POINT('',#6674);
#5168=LINE('',#6675,#6676);
#5169=LINE('',#6677,#6678);
#5170=VERTEX_POINT('',#6679);
#5171=LINE('',#6680,#6681);
#5172=LINE('',#6682,#6683);
#5173=LINE('',#6684,#6685);
#5174=LINE('',#6686,#6687);
#5175=VERTEX_POINT('',#6688);
#5176=LINE('',#6689,#6690);
#5177=LINE('',#6691,#6692);
#5178=LINE('',#6693,#6694);
#5179=LINE('',#6695,#6696);
#5180=LINE('',#6697,#6698);
#5181=VERTEX_POINT('',#6699);
#5182=LINE('',#6700,#6701);
#5183=VERTEX_POINT('',#6702);
#5184=LINE('',#6703,#6704);
#5185=LINE('',#6705,#6706);
#5186=VERTEX_POINT('',#6707);
#5187=LINE('',#6708,#6709);
#5188=LINE('',#6710,#6711);
#5189=VERTEX_POINT('',#6712);
#5190=LINE('',#6713,#6714);
#5191=LINE('',#6715,#6716);
#5192=LINE('',#6717,#6718);
#5193=LINE('',#6719,#6720);
#5194=VERTEX_POINT('',#6721);
#5195=VERTEX_POINT('',#6722);
#5196=LINE('',#6723,#6724);
#5197=LINE('',#6725,#6726);
#5198=LINE('',#6727,#6728);
#5199=LINE('',#6729,#6730);
#5200=VERTEX_POINT('',#6731);
#5201=LINE('',#6732,#6733);
#5202=B_SPLINE_CURVE_WITH_KNOTS('',3,(#6734,#6735,#6736,#6737),.UNSPECIFIED.,.F.,.F.,(4,4),(0.0,1.0),.UNSPECIFIED.);
#5203=VERTEX_POINT('',#6738);
#5204=B_SPLINE_CURVE_WITH_KNOTS('',3,(#6739,#6740,#6741,#6742),.UNSPECIFIED.,.F.,.F.,(4,4),(0.0,1.0),.UNSPECIFIED.);
#5205=LINE('',#6743,#6744);
#5206=VERTEX_POINT('',#6745);
#5207=LINE('',#6746,#6747);
#5208=LINE('',#6748,#6749);
#5209=LINE('',#6750,#6751);
#5210=VERTEX_POINT('',#6752);
#5211=LINE('',#6753,#6754);
#5212=LINE('',#6755,#6756);
#5213=LINE('',#6757,#6758);
#5214=LINE('',#6759,#6760);
#5215=LINE('',#6761,#6762);
#5216=LINE('',#6763,#6764);
#5217=VERTEX_POINT('',#6765);
#5218=LINE('',#6766,#6767);
#5219=VERTEX_POINT('',#6768);
#5220=LINE('',#6769,#6770);
#5221=LINE('',#6771,#6772);
#5222=VERTEX_POINT('',#6773);
#5223=LINE('',#6774,#6775);
#5224=LINE('',#6776,#6777);
#5225=VERTEX_POINT('',#6778);
#5226=LINE('',#6779,#6780);
#5227=LINE('',#6781,#6782);
#5228=LINE('',#6783,#6784);
#5229=VERTEX_POINT('',#6785);
#5230=LINE('',#6786,#6787);
#5231=VERTEX_POINT('',#6788);
#5232=LINE('',#6789,#6790);
#5233=VERTEX_POINT('',#6791);
#5234=LINE('',#6792,#6793);
#5235=LINE('',#6794,#6795);
#5236=VERTEX_POINT('',#6796);
#5237=LINE('',#6797,#6798);
#5238=VERTEX_POINT('',#6799);
#5239=LINE('',#6800,#6801);
#5240=VERTEX_POINT('',#6802);
#5241=LINE('',#6803,#6804);
#5242=LINE('',#6805,#6806);
#5243=LINE('',#6807,#6808);
#5244=LINE('',#6809,#6810);
#5245=LINE('',#6811,#6812);
#5246=LINE('',#6813,#6814);
#5247=LINE('',#6815,#6816);
#5248=LINE('',#6817,#6818);
#5249=VERTEX_POINT('',#6819);
#5250=LINE('',#6820,#6821);
#5251=VERTEX_POINT('',#6822);
#5252=LINE('',#6823,#6824);
#5253=LINE('',#6825,#6826);
#5254=VERTEX_POINT('',#6827);
#5255=LINE('',#6828,#6829);
#5256=LINE('',#6830,#6831);
#5257=VERTEX_POINT('',#6832);
#5258=LINE('',#6833,#6834);
#5259=LINE('',#6835,#6836);
#5260=LINE('',#6837,#6838);
#5261=VERTEX_POINT('',#6839);
#5262=LINE('',#6840,#6841);
#5263=VERTEX_POINT('',#6842);
#5264=LINE('',#6843,#6844);
#5265=LINE('',#6845,#6846);
#5266=VERTEX_POINT('',#6847);
#5267=LINE('',#6848,#6849);
#5268=LINE('',#6850,#6851);
#5269=VERTEX_POINT('',#6852);
#5270=LINE('',#6853,#6854);
#5271=LINE('',#6855,#6856);
#5272=LINE('',#6857,#6858);
#5273=VERTEX_POINT('',#6859);
#5274=LINE('',#6860,#6861);
#5275=VERTEX_POINT('',#6862);
#5276=LINE('',#6863,#6864);
#5277=LINE('',#6865,#6866);
#5278=VERTEX_POINT('',#6867);
#5279=LINE('',#6868,#6869);
#5280=LINE('',#6870,#6871);
#5281=VERTEX_POINT('',#6872);
#5282=LINE('',#6873,#6874);
#5283=LINE('',#6875,#6876);
#5284=LINE('',#6877,#6878);
#5285=VERTEX_POINT('',#6879);
#5286=LINE('',#6880,#6881);
#5287=VERTEX_POINT('',#6882);
#5288=LINE('',#6883,#6884);
#5289=LINE('',#6885,#6886);
#5290=VERTEX_POINT('',#6887);
#5291=LINE('',#6888,#6889);
#5292=LINE('',#6890,#6891);
#5293=VERTEX_POINT('',#6892);
#5294=LINE('',#6893,#6894);
#5295=LINE('',#6895,#6896);
#5296=LINE('',#6897,#6898);
#5297=VERTEX_POINT('',#6899);
#5298=LINE('',#6900,#6901);
#5299=VERTEX_POINT('',#6902);
#5300=LINE('',#6903,#6904);
#5301=LINE('',#6905,#6906);
#5302=VERTEX_POINT('',#6907);
#5303=LINE('',#6908,#6909);
#5304=LINE('',#6910,#6911);
#5305=VERTEX_POINT('',#6912);
#5306=LINE('',#6913,#6914);
#5307=LINE('',#6915,#6916);
#5308=LINE('',#6917,#6918);
#5309=VERTEX_POINT('',#6919);
#5310=LINE('',#6920,#6921);
#5311=VERTEX_POINT('',#6922);
#5312=LINE('',#6923,#6924);
#5313=LINE('',#6925,#6926);
#5314=VERTEX_POINT('',#6927);
#5315=LINE('',#6928,#6929);
#5316=LINE('',#6930,#6931);
#5317=VERTEX_POINT('',#6932);
#5318=LINE('',#6933,#6934);
#5319=LINE('',#6935,#6936);
#5320=LINE('',#6937,#6938);
#5321=VERTEX_POINT('',#6939);
#5322=LINE('',#6940,#6941);
#5323=VERTEX_POINT('',#6942);
#5324=LINE('',#6943,#6944);
#5325=LINE('',#6945,#6946);
#5326=VERTEX_POINT('',#6947);
#5327=LINE('',#6948,#6949);
#5328=LINE('',#6950,#6951);
#5329=VERTEX_POINT('',#6952);
#5330=LINE('',#6953,#6954);
#5331=LINE('',#6955,#6956);
#5332=LINE('',#6957,#6958);
#5333=VERTEX_POINT('',#6959);
#5334=LINE('',#6960,#6961);
#5335=VERTEX_POINT('',#6962);
#5336=LINE('',#6963,#6964);
#5337=LINE('',#6965,#6966);
#5338=VERTEX_POINT('',#6967);
#5339=LINE('',#6968,#6969);
#5340=LINE('',#6970,#6971);
#5341=VERTEX_POINT('',#6972);
#5342=LINE('',#6973,#6974);
#5343=LINE('',#6975,#6976);
#5344=LINE('',#6977,#6978);
#5345=LINE('',#6979,#6980);
#5346=LINE('',#6981,#6982);
#5347=LINE('',#6983,#6984);
#5348=LINE('',#6985,#6986);
#5349=LINE('',#6987,#6988);
#5350=LINE('',#6989,#6990);
#5351=LINE('',#6991,#6992);
#5352=VERTEX_POINT('',#6993);
#5353=VERTEX_POINT('',#6994);
#5354=LINE('',#6995,#6996);
#5355=VERTEX_POINT('',#6997);
#5356=LINE('',#6998,#6999);
#5357=VERTEX_POINT('',#7000);
#5358=LINE('',#7001,#7002);
#5359=LINE('',#7003,#7004);
#5360=VERTEX_POINT('',#7005);
#5361=LINE('',#7006,#7007);
#5362=VERTEX_POINT('',#7008);
#5363=LINE('',#7009,#7010);
#5364=VERTEX_POINT('',#7011);
#5365=LINE('',#7012,#7013);
#5366=VERTEX_POINT('',#7014);
#5367=LINE('',#7015,#7016);
#5368=VERTEX_POINT('',#7017);
#5369=LINE('',#7018,#7019);
#5370=VERTEX_POINT('',#7020);
#5371=LINE('',#7021,#7022);
#5372=VERTEX_POINT('',#7023);
#5373=LINE('',#7024,#7025);
#5374=VERTEX_POINT('',#7026);
#5375=LINE('',#7027,#7028);
#5376=LINE('',#7029,#7030);
#5377=VERTEX_POINT('',#7031);
#5378=LINE('',#7032,#7033);
#5379=LINE('',#7034,#7035);
#5380=VERTEX_POINT('',#7036);
#5381=LINE('',#7037,#7038);
#5382=VERTEX_POINT('',#7039);
#5383=LINE('',#7040,#7041);
#5384=VERTEX_POINT('',#7042);
#5385=LINE('',#7043,#7044);
#5386=VERTEX_POINT('',#7045);
#5387=LINE('',#7046,#7047);
#5388=VERTEX_POINT('',#7048);
#5389=LINE('',#7049,#7050);
#5390=VERTEX_POINT('',#7051);
#5391=LINE('',#7052,#7053);
#5392=VERTEX_POINT('',#7054);
#5393=LINE('',#7055,#7056);
#5394=LINE('',#7057,#7058);
#5395=LINE('',#7059,#7060);
#5396=LINE('',#7061,#7062);
#5397=LINE('',#7063,#7064);
#5398=LINE('',#7065,#7066);
#5399=LINE('',#7067,#7068);
#5400=LINE('',#7069,#7070);
#5401=LINE('',#7071,#7072);
#5402=LINE('',#7073,#7074);
#5403=LINE('',#7075,#7076);
#5404=VERTEX_POINT('',#7077);
#5405=VERTEX_POINT('',#7078);
#5406=LINE('',#7079,#7080);
#5407=VERTEX_POINT('',#7081);
#5408=LINE('',#7082,#7083);
#5409=VERTEX_POINT('',#7084);
#5410=LINE('',#7085,#7086);
#5411=LINE('',#7087,#7088);
#5412=VERTEX_POINT('',#7089);
#5413=LINE('',#7090,#7091);
#5414=VERTEX_POINT('',#7092);
#5415=LINE('',#7093,#7094);
#5416=VERTEX_POINT('',#7095);
#5417=LINE('',#7096,#7097);
#5418=VERTEX_POINT('',#7098);
#5419=LINE('',#7099,#7100);
#5420=VERTEX_POINT('',#7101);
#5421=LINE('',#7102,#7103);
#5422=VERTEX_POINT('',#7104);
#5423=LINE('',#7105,#7106);
#5424=VERTEX_POINT('',#7107);
#5425=LINE('',#7108,#7109);
#5426=VERTEX_POINT('',#7110);
#5427=LINE('',#7111,#7112);
#5428=LINE('',#7113,#7114);
#5429=VERTEX_POINT('',#7115);
#5430=LINE('',#7116,#7117);
#5431=LINE('',#7118,#7119);
#5432=VERTEX_POINT('',#7120);
#5433=LINE('',#7121,#7122);
#5434=VERTEX_POINT('',#7123);
#5435=LINE('',#7124,#7125);
#5436=VERTEX_POINT('',#7126);
#5437=LINE('',#7127,#7128);
#5438=VERTEX_POINT('',#7129);
#5439=LINE('',#7130,#7131);
#5440=VERTEX_POINT('',#7132);
#5441=LINE('',#7133,#7134);
#5442=VERTEX_POINT('',#7135);
#5443=LINE('',#7136,#7137);
#5444=VERTEX_POINT('',#7138);
#5445=LINE('',#7139,#7140);
#5446=LINE('',#7141,#7142);
#5447=LINE('',#7143,#7144);
#5448=LINE('',#7145,#7146);
#5449=LINE('',#7147,#7148);
#5450=LINE('',#7149,#7150);
#5451=LINE('',#7151,#7152);
#5452=LINE('',#7153,#7154);
#5453=LINE('',#7155,#7156);
#5454=VERTEX_POINT('',#7157);
#5455=LINE('',#7158,#7159);
#5456=VERTEX_POINT('',#7160);
#5457=LINE('',#7161,#7162);
#5458=LINE('',#7163,#7164);
#5459=VERTEX_POINT('',#7165);
#5460=LINE('',#7166,#7167);
#5461=LINE('',#7168,#7169);
#5462=VERTEX_POINT('',#7170);
#5463=LINE('',#7171,#7172);
#5464=LINE('',#7173,#7174);
#5465=LINE('',#7175,#7176);
#5466=VERTEX_POINT('',#7177);
#5467=LINE('',#7178,#7179);
#5468=VERTEX_POINT('',#7180);
#5469=LINE('',#7181,#7182);
#5470=LINE('',#7183,#7184);
#5471=VERTEX_POINT('',#7185);
#5472=LINE('',#7186,#7187);
#5473=LINE('',#7188,#7189);
#5474=VERTEX_POINT('',#7190);
#5475=LINE('',#7191,#7192);
#5476=LINE('',#7193,#7194);
#5477=LINE('',#7195,#7196);
#5478=VERTEX_POINT('',#7197);
#5479=LINE('',#7198,#7199);
#5480=VERTEX_POINT('',#7200);
#5481=LINE('',#7201,#7202);
#5482=LINE('',#7203,#7204);
#5483=VERTEX_POINT('',#7205);
#5484=LINE('',#7206,#7207);
#5485=LINE('',#7208,#7209);
#5486=VERTEX_POINT('',#7210);
#5487=LINE('',#7211,#7212);
#5488=LINE('',#7213,#7214);
#5489=LINE('',#7215,#7216);
#5490=VERTEX_POINT('',#7217);
#5491=LINE('',#7218,#7219);
#5492=VERTEX_POINT('',#7220);
#5493=LINE('',#7221,#7222);
#5494=LINE('',#7223,#7224);
#5495=VERTEX_POINT('',#7225);
#5496=LINE('',#7226,#7227);
#5497=LINE('',#7228,#7229);
#5498=VERTEX_POINT('',#7230);
#5499=LINE('',#7231,#7232);
#5500=LINE('',#7233,#7234);
#5501=LINE('',#7235,#7236);
#5502=VERTEX_POINT('',#7237);
#5503=LINE('',#7238,#7239);
#5504=VERTEX_POINT('',#7240);
#5505=LINE('',#7241,#7242);
#5506=LINE('',#7243,#7244);
#5507=VERTEX_POINT('',#7245);
#5508=LINE('',#7246,#7247);
#5509=LINE('',#7248,#7249);
#5510=VERTEX_POINT('',#7250);
#5511=LINE('',#7251,#7252);
#5512=LINE('',#7253,#7254);
#5513=LINE('',#7255,#7256);
#5514=VERTEX_POINT('',#7257);
#5515=LINE('',#7258,#7259);
#5516=VERTEX_POINT('',#7260);
#5517=LINE('',#7261,#7262);
#5518=VERTEX_POINT('',#7263);
#5519=LINE('',#7264,#7265);
#5520=VERTEX_POINT('',#7266);
#5521=LINE('',#7267,#7268);
#5522=VERTEX_POINT('',#7269);
#5523=LINE('',#7270,#7271);
#5524=VERTEX_POINT('',#7272);
#5525=LINE('',#7273,#7274);
#5526=VERTEX_POINT('',#7275);
#5527=LINE('',#7276,#7277);
#5528=VERTEX_POINT('',#7278);
#5529=LINE('',#7279,#7280);
#5530=LINE('',#7281,#7282);
#5531=VERTEX_POINT('',#7283);
#5532=LINE('',#7284,#7285);
#5533=LINE('',#7286,#7287);
#5534=VERTEX_POINT('',#7288);
#5535=LINE('',#7289,#7290);
#5536=VERTEX_POINT('',#7291);
#5537=LINE('',#7292,#7293);
#5538=VERTEX_POINT('',#7294);
#5539=LINE('',#7295,#7296);
#5540=VERTEX_POINT('',#7297);
#5541=LINE('',#7298,#7299);
#5542=VERTEX_POINT('',#7300);
#5543=LINE('',#7301,#7302);
#5544=VERTEX_POINT('',#7303);
#5545=LINE('',#7304,#7305);
#5546=VERTEX_POINT('',#7306);
#5547=LINE('',#7307,#7308);
#5548=LINE('',#7309,#7310);
#5549=LINE('',#7311,#7312);
#5550=LINE('',#7313,#7314);
#5551=LINE('',#7315,#7316);
#5552=LINE('',#7317,#7318);
#5553=LINE('',#7319,#7320);
#5554=LINE('',#7321,#7322);
#5555=LINE('',#7323,#7324);
#5556=VERTEX_POINT('',#7325);
#5557=LINE('',#7326,#7327);
#5558=VERTEX_POINT('',#7328);
#5559=LINE('',#7329,#7330);
#5560=VERTEX_POINT('',#7331);
#5561=LINE('',#7332,#7333);
#5562=VERTEX_POINT('',#7334);
#5563=LINE('',#7335,#7336);
#5564=VERTEX_POINT('',#7337);
#5565=LINE('',#7338,#7339);
#5566=VERTEX_POINT('',#7340);
#5567=LINE('',#7341,#7342);
#5568=VERTEX_POINT('',#7343);
#5569=LINE('',#7344,#7345);
#5570=LINE('',#7346,#7347);
#5571=VERTEX_POINT('',#7348);
#5572=LINE('',#7349,#7350);
#5573=LINE('',#7351,#7352);
#5574=VERTEX_POINT('',#7353);
#5575=LINE('',#7354,#7355);
#5576=VERTEX_POINT('',#7356);
#5577=LINE('',#7357,#7358);
#5578=VERTEX_POINT('',#7359);
#5579=LINE('',#7360,#7361);
#5580=VERTEX_POINT('',#7362);
#5581=LINE('',#7363,#7364);
#5582=VERTEX_POINT('',#7365);
#5583=LINE('',#7366,#7367);
#5584=VERTEX_POINT('',#7368);
#5585=LINE('',#7369,#7370);
#5586=LINE('',#7371,#7372);
#5587=LINE('',#7373,#7374);
#5588=LINE('',#7375,#7376);
#5589=LINE('',#7377,#7378);
#5590=LINE('',#7379,#7380);
#5591=LINE('',#7381,#7382);
#5592=LINE('',#7383,#7384);
#5593=EDGE_CURVE('',#7385,#7386,#7387,.T.);
#5594=EDGE_CURVE('',#7386,#7388,#7389,.T.);
#5595=EDGE_CURVE('',#7390,#7388,#7391,.T.);
#5596=EDGE_CURVE('',#7385,#7390,#7392,.T.);
#5597=EDGE_CURVE('',#7386,#7393,#7394,.T.);
#5598=EDGE_CURVE('',#7395,#7385,#7396,.T.);
#5599=EDGE_CURVE('',#7393,#7395,#7397,.T.);
#5600=EDGE_CURVE('',#7393,#7398,#7399,.T.);
#5601=EDGE_CURVE('',#7388,#7398,#7400,.T.);
#5602=EDGE_CURVE('',#7395,#7401,#7402,.T.);
#5603=EDGE_CURVE('',#7398,#7401,#7403,.T.);
#5604=EDGE_CURVE('',#7401,#7390,#7404,.T.);
#5605=EDGE_CURVE('',#7405,#7406,#7407,.T.);
#5606=EDGE_CURVE('',#7408,#7405,#7409,.T.);
#5607=EDGE_CURVE('',#7410,#7408,#7411,.T.);
#5608=EDGE_CURVE('',#7406,#7410,#7412,.T.);
#5609=EDGE_CURVE('',#7406,#7413,#7414,.T.);
#5610=EDGE_CURVE('',#7415,#7413,#7416,.T.);
#5611=EDGE_CURVE('',#7405,#7415,#7417,.T.);
#5612=EDGE_CURVE('',#7410,#7418,#7419,.T.);
#5613=EDGE_CURVE('',#7413,#7418,#7420,.T.);
#5614=EDGE_CURVE('',#7408,#7421,#7422,.T.);
#5615=EDGE_CURVE('',#7418,#7421,#7423,.T.);
#5616=EDGE_CURVE('',#7421,#7415,#7424,.T.);
#5617=CARTESIAN_POINT('',(2.035,-3.525,-0.9));
#5618=CARTESIAN_POINT('',(2.035,-3.075,-0.9));
#5619=CARTESIAN_POINT('',(2.035,-3.525,-0.9));
#5620=VECTOR('',#7425,0.45);
#5621=CARTESIAN_POINT('',(1.715,-3.525,-0.9));
#5622=CARTESIAN_POINT('',(2.035,-3.525,-0.9));
#5623=VECTOR('',#7426,0.32);
#5624=CARTESIAN_POINT('',(1.715,-3.075,-0.9));
#5625=CARTESIAN_POINT('',(1.715,-3.525,-0.9));
#5626=VECTOR('',#7427,0.45);
#5627=CARTESIAN_POINT('',(1.715,-3.075,-0.9));
#5628=VECTOR('',#7428,0.32);
#5629=CARTESIAN_POINT('',(1.45,-3.075,-1.6));
#5630=CARTESIAN_POINT('',(1.45,-3.075,2.1));
#5631=CARTESIAN_POINT('',(1.45,-3.075,-1.6));
#5632=VECTOR('',#7429,3.7);
#5633=CARTESIAN_POINT('',(2.3,-3.075,-1.6));
#5634=CARTESIAN_POINT('',(1.45,-3.075,-1.6));
#5635=VECTOR('',#7430,0.85);
#5636=CARTESIAN_POINT('',(2.3,-3.075,2.1));
#5637=CARTESIAN_POINT('',(2.3,-3.075,-1.6));
#5638=VECTOR('',#7431,3.7);
#5639=CARTESIAN_POINT('',(1.45,-3.075,2.1));
#5640=VECTOR('',#7432,0.85);
#5641=CARTESIAN_POINT('',(1.715,-3.075,1.57));
#5642=CARTESIAN_POINT('',(1.715,-3.075,1.57));
#5643=VECTOR('',#7433,2.47);
#5644=CARTESIAN_POINT('',(2.035,-3.075,1.57));
#5645=CARTESIAN_POINT('',(1.715,-3.075,1.57));
#5646=VECTOR('',#7434,0.32);
#5647=CARTESIAN_POINT('',(2.035,-3.075,1.57));
#5648=VECTOR('',#7435,2.47);
#5649=CARTESIAN_POINT('',(-2.3,-3.075,2.1));
#5650=CARTESIAN_POINT('',(-1.45,-3.075,2.1));
#5651=CARTESIAN_POINT('',(-2.3,-3.075,2.1));
#5652=VECTOR('',#7436,0.85);
#5653=CARTESIAN_POINT('',(-1.45,-3.475,2.1));
#5654=CARTESIAN_POINT('',(-1.45,-3.075,2.1));
#5655=VECTOR('',#7437,0.4);
#5656=CARTESIAN_POINT('',(-1.05,-3.475,2.1));
#5657=CARTESIAN_POINT('',(-1.05,-3.475,2.1));
#5658=VECTOR('',#7438,0.4);
#5659=CARTESIAN_POINT('',(-1.05,-3.075,2.1));
#5660=CARTESIAN_POINT('',(-1.05,-3.475,2.1));
#5661=VECTOR('',#7439,0.4);
#5662=CARTESIAN_POINT('',(-0.2,-3.075,2.1));
#5663=CARTESIAN_POINT('',(-1.05,-3.075,2.1));
#5664=VECTOR('',#7440,0.85);
#5665=CARTESIAN_POINT('',(-0.2,-3.475,2.1));
#5666=CARTESIAN_POINT('',(-0.2,-3.075,2.1));
#5667=VECTOR('',#7441,0.4);
#5668=CARTESIAN_POINT('',(0.2,-3.475,2.1));
#5669=CARTESIAN_POINT('',(0.2,-3.475,2.1));
#5670=VECTOR('',#7442,0.4);
#5671=CARTESIAN_POINT('',(0.2,-3.075,2.1));
#5672=CARTESIAN_POINT('',(0.2,-3.475,2.1));
#5673=VECTOR('',#7443,0.4);
#5674=CARTESIAN_POINT('',(1.05,-3.075,2.1));
#5675=CARTESIAN_POINT('',(0.2,-3.075,2.1));
#5676=VECTOR('',#7444,0.85);
#5677=CARTESIAN_POINT('',(1.05,-3.475,2.1));
#5678=CARTESIAN_POINT('',(1.05,-3.075,2.1));
#5679=VECTOR('',#7445,0.4);
#5680=CARTESIAN_POINT('',(1.45,-3.475,2.1));
#5681=CARTESIAN_POINT('',(1.45,-3.475,2.1));
#5682=VECTOR('',#7446,0.4);
#5683=CARTESIAN_POINT('',(1.45,-3.475,2.1));
#5684=VECTOR('',#7447,0.4);
#5685=CARTESIAN_POINT('',(2.3,-3.475,2.1));
#5686=CARTESIAN_POINT('',(2.3,-3.075,2.1));
#5687=VECTOR('',#7448,0.4);
#5688=CARTESIAN_POINT('',(2.975,-3.475,2.1));
#5689=CARTESIAN_POINT('',(2.975,-3.475,2.1));
#5690=VECTOR('',#7449,0.675);
#5691=CARTESIAN_POINT('',(2.975,-3.675,2.1));
#5692=CARTESIAN_POINT('',(2.975,-3.675,2.1));
#5693=VECTOR('',#7450,0.2);
#5694=CARTESIAN_POINT('',(3.375,-3.675,2.1));
#5695=CARTESIAN_POINT('',(2.975,-3.675,2.1));
#5696=VECTOR('',#7451,0.4);
#5697=CARTESIAN_POINT('',(3.375,-1.975,2.1));
#5698=CARTESIAN_POINT('',(3.375,-3.675,2.1));
#5699=VECTOR('',#7452,1.7);
#5700=CARTESIAN_POINT('',(-3.375,-1.975,2.1));
#5701=CARTESIAN_POINT('',(-3.375,-1.975,2.1));
#5702=VECTOR('',#7453,6.75);
#5703=CARTESIAN_POINT('',(-3.375,-3.675,2.1));
#5704=CARTESIAN_POINT('',(-3.375,-3.675,2.1));
#5705=VECTOR('',#7454,1.7);
#5706=CARTESIAN_POINT('',(-2.975,-3.675,2.1));
#5707=CARTESIAN_POINT('',(-3.375,-3.675,2.1));
#5708=VECTOR('',#7455,0.4);
#5709=CARTESIAN_POINT('',(-2.975,-3.475,2.1));
#5710=CARTESIAN_POINT('',(-2.975,-3.675,2.1));
#5711=VECTOR('',#7456,0.2);
#5712=CARTESIAN_POINT('',(-2.3,-3.475,2.1));
#5713=CARTESIAN_POINT('',(-2.3,-3.475,2.1));
#5714=VECTOR('',#7457,0.675);
#5715=CARTESIAN_POINT('',(-2.3,-3.475,2.1));
#5716=VECTOR('',#7458,0.4);
#5717=CARTESIAN_POINT('',(-2.3,-3.475,-1.6));
#5718=CARTESIAN_POINT('',(-2.3,-3.475,-1.6));
#5719=VECTOR('',#7459,3.7);
#5720=CARTESIAN_POINT('',(-2.3,-3.075,-1.6));
#5721=CARTESIAN_POINT('',(-2.3,-3.475,-1.6));
#5722=VECTOR('',#7460,0.4);
#5723=CARTESIAN_POINT('',(-2.3,-3.075,-1.6));
#5724=VECTOR('',#7461,3.7);
#5725=CARTESIAN_POINT('',(-1.45,-3.075,-1.6));
#5726=CARTESIAN_POINT('',(-2.3,-3.075,-1.6));
#5727=VECTOR('',#7462,0.85);
#5728=CARTESIAN_POINT('',(-1.45,-3.075,-1.6));
#5729=VECTOR('',#7463,3.7);
#5730=CARTESIAN_POINT('',(-2.035,-3.075,-0.9));
#5731=CARTESIAN_POINT('',(-1.715,-3.075,-0.9));
#5732=CARTESIAN_POINT('',(-2.035,-3.075,-0.9));
#5733=VECTOR('',#7464,0.32);
#5734=CARTESIAN_POINT('',(-2.035,-3.075,1.57));
#5735=CARTESIAN_POINT('',(-2.035,-3.075,1.57));
#5736=VECTOR('',#7465,2.47);
#5737=CARTESIAN_POINT('',(-1.715,-3.075,1.57));
#5738=CARTESIAN_POINT('',(-2.035,-3.075,1.57));
#5739=VECTOR('',#7466,0.32);
#5740=CARTESIAN_POINT('',(-1.715,-3.075,1.57));
#5741=VECTOR('',#7467,2.47);
#5742=CARTESIAN_POINT('',(-1.45,-3.475,-1.6));
#5743=CARTESIAN_POINT('',(-1.45,-3.075,-1.6));
#5744=VECTOR('',#7468,0.4);
#5745=CARTESIAN_POINT('',(-1.45,-3.475,-1.6));
#5746=VECTOR('',#7469,3.7);
#5747=CARTESIAN_POINT('',(2.975,-3.475,-1.6));
#5748=CARTESIAN_POINT('',(2.3,-3.475,-1.6));
#5749=CARTESIAN_POINT('',(2.975,-3.475,-1.6));
#5750=VECTOR('',#7470,0.675);
#5751=CARTESIAN_POINT('',(2.975,-3.475,-1.6));
#5752=VECTOR('',#7471,3.7);
#5753=CARTESIAN_POINT('',(2.3,-3.475,-1.6));
#5754=VECTOR('',#7472,3.7);
#5755=CARTESIAN_POINT('',(1.45,-3.475,-1.6));
#5756=CARTESIAN_POINT('',(1.05,-3.475,-1.6));
#5757=CARTESIAN_POINT('',(1.45,-3.475,-1.6));
#5758=VECTOR('',#7473,0.4);
#5759=CARTESIAN_POINT('',(1.45,-3.475,-1.6));
#5760=VECTOR('',#7474,3.7);
#5761=CARTESIAN_POINT('',(1.05,-3.475,-1.6));
#5762=VECTOR('',#7475,3.7);
#5763=CARTESIAN_POINT('',(0.2,-3.475,-1.6));
#5764=CARTESIAN_POINT('',(-0.2,-3.475,-1.6));
#5765=CARTESIAN_POINT('',(0.2,-3.475,-1.6));
#5766=VECTOR('',#7476,0.4);
#5767=CARTESIAN_POINT('',(0.2,-3.475,-1.6));
#5768=VECTOR('',#7477,3.7);
#5769=CARTESIAN_POINT('',(-0.2,-3.475,-1.6));
#5770=VECTOR('',#7478,3.7);
#5771=CARTESIAN_POINT('',(-2.975,-3.475,-1.6));
#5772=CARTESIAN_POINT('',(-2.975,-3.475,-1.6));
#5773=VECTOR('',#7479,3.7);
#5774=CARTESIAN_POINT('',(-2.3,-3.475,-1.6));
#5775=VECTOR('',#7480,0.675);
#5776=CARTESIAN_POINT('',(-1.05,-3.475,-1.6));
#5777=CARTESIAN_POINT('',(-1.05,-3.475,-1.6));
#5778=VECTOR('',#7481,0.4);
#5779=CARTESIAN_POINT('',(-1.05,-3.475,-1.6));
#5780=VECTOR('',#7482,3.7);
#5781=CARTESIAN_POINT('',(2.3,-3.075,-1.6));
#5782=VECTOR('',#7483,0.4);
#5783=CARTESIAN_POINT('',(-1.8,-0.475,-1.6));
#5784=CARTESIAN_POINT('',(-1.45,-0.475,-1.6));
#5785=CARTESIAN_POINT('',(-1.8,-0.475,-1.6));
#5786=VECTOR('',#7484,0.35);
#5787=CARTESIAN_POINT('',(-1.8,-1.625,-1.6));
#5788=CARTESIAN_POINT('',(-1.8,-1.625,-1.6));
#5789=VECTOR('',#7485,1.15);
#5790=CARTESIAN_POINT('',(-0.7,-1.625,-1.6));
#5791=CARTESIAN_POINT('',(-1.8,-1.625,-1.6));
#5792=VECTOR('',#7486,1.1);
#5793=CARTESIAN_POINT('',(-0.7,-0.475,-1.6));
#5794=CARTESIAN_POINT('',(-0.7,-1.625,-1.6));
#5795=VECTOR('',#7487,1.15);
#5796=CARTESIAN_POINT('',(-1.05,-0.475,-1.6));
#5797=CARTESIAN_POINT('',(-1.05,-0.475,-1.6));
#5798=VECTOR('',#7488,0.35);
#5799=CARTESIAN_POINT('',(-1.05,0.975,-1.6));
#5800=CARTESIAN_POINT('',(-1.05,0.975,-1.6));
#5801=VECTOR('',#7489,1.45);
#5802=CARTESIAN_POINT('',(1.05,0.975,-1.6));
#5803=CARTESIAN_POINT('',(1.05,0.975,-1.6));
#5804=VECTOR('',#7490,2.1);
#5805=CARTESIAN_POINT('',(1.05,-0.475,-1.6));
#5806=CARTESIAN_POINT('',(1.05,0.975,-1.6));
#5807=VECTOR('',#7491,1.45);
#5808=CARTESIAN_POINT('',(0.7,-0.475,-1.6));
#5809=CARTESIAN_POINT('',(0.7,-0.475,-1.6));
#5810=VECTOR('',#7492,0.35);
#5811=CARTESIAN_POINT('',(0.7,-1.625,-1.6));
#5812=CARTESIAN_POINT('',(0.7,-1.625,-1.6));
#5813=VECTOR('',#7493,1.15);
#5814=CARTESIAN_POINT('',(1.8,-1.625,-1.6));
#5815=CARTESIAN_POINT('',(0.7,-1.625,-1.6));
#5816=VECTOR('',#7494,1.1);
#5817=CARTESIAN_POINT('',(1.8,-0.475,-1.6));
#5818=CARTESIAN_POINT('',(1.8,-1.625,-1.6));
#5819=VECTOR('',#7495,1.15);
#5820=CARTESIAN_POINT('',(1.45,-0.475,-1.6));
#5821=CARTESIAN_POINT('',(1.45,-0.475,-1.6));
#5822=VECTOR('',#7496,0.35);
#5823=CARTESIAN_POINT('',(1.45,0.975,-1.6));
#5824=CARTESIAN_POINT('',(1.45,0.975,-1.6));
#5825=VECTOR('',#7497,1.45);
#5826=CARTESIAN_POINT('',(3.375,0.975,-1.6));
#5827=CARTESIAN_POINT('',(3.375,0.975,-1.6));
#5828=VECTOR('',#7498,1.925);
#5829=CARTESIAN_POINT('',(3.375,-0.875,-1.6));
#5830=CARTESIAN_POINT('',(3.375,-0.875,-1.6));
#5831=VECTOR('',#7499,1.85);
#5832=CARTESIAN_POINT('',(3.575,-1.075,-1.6));
#5833=CARTESIAN_POINT('',(3.375,-0.875,-1.6));
#5834=VECTOR('',#7500,0.2828427124746);
#5835=CARTESIAN_POINT('',(4.875,-1.075,-1.6));
#5836=CARTESIAN_POINT('',(3.575,-1.075,-1.6));
#5837=VECTOR('',#7501,1.3);
#5838=CARTESIAN_POINT('',(4.875,-3.075,-1.6));
#5839=CARTESIAN_POINT('',(4.875,-1.075,-1.6));
#5840=VECTOR('',#7502,2.0);
#5841=CARTESIAN_POINT('',(4.575,-3.375,-1.6));
#5842=CARTESIAN_POINT('',(4.875,-3.075,-1.6));
#5843=VECTOR('',#7503,0.4242640687119);
#5844=CARTESIAN_POINT('',(4.065,-3.375,-1.6));
#5845=CARTESIAN_POINT('',(4.575,-3.375,-1.6));
#5846=VECTOR('',#7504,0.51);
#5847=CARTESIAN_POINT('',(4.065,-2.625,-1.6));
#5848=CARTESIAN_POINT('',(4.065,-2.625,-1.6));
#5849=VECTOR('',#7505,0.75);
#5850=CARTESIAN_POINT('',(4.615,-2.625,-1.6));
#5851=CARTESIAN_POINT('',(4.615,-2.625,-1.6));
#5852=VECTOR('',#7506,0.55);
#5853=CARTESIAN_POINT('',(4.615,-1.935,-1.6));
#5854=CARTESIAN_POINT('',(4.615,-1.935,-1.6));
#5855=VECTOR('',#7507,0.69);
#5856=CARTESIAN_POINT('',(3.375,-1.935,-1.6));
#5857=CARTESIAN_POINT('',(3.375,-1.935,-1.6));
#5858=VECTOR('',#7508,1.24);
#5859=CARTESIAN_POINT('',(3.375,-3.375,-1.6));
#5860=CARTESIAN_POINT('',(3.375,-3.375,-1.6));
#5861=VECTOR('',#7509,1.44);
#5862=CARTESIAN_POINT('',(3.375,-3.675,-1.6));
#5863=CARTESIAN_POINT('',(3.375,-3.675,-1.6));
#5864=VECTOR('',#7510,0.3);
#5865=CARTESIAN_POINT('',(2.975,-3.675,-1.6));
#5866=CARTESIAN_POINT('',(3.375,-3.675,-1.6));
#5867=VECTOR('',#7511,0.4);
#5868=CARTESIAN_POINT('',(2.975,-3.675,-1.6));
#5869=VECTOR('',#7512,0.2);
#5870=CARTESIAN_POINT('',(1.45,-3.475,-1.6));
#5871=VECTOR('',#7513,0.4);
#5872=CARTESIAN_POINT('',(1.05,-3.075,-1.6));
#5873=CARTESIAN_POINT('',(1.05,-3.075,-1.6));
#5874=VECTOR('',#7514,0.4);
#5875=CARTESIAN_POINT('',(0.2,-3.075,-1.6));
#5876=CARTESIAN_POINT('',(0.2,-3.075,-1.6));
#5877=VECTOR('',#7515,0.85);
#5878=CARTESIAN_POINT('',(0.2,-3.475,-1.6));
#5879=VECTOR('',#7516,0.4);
#5880=CARTESIAN_POINT('',(-0.2,-3.075,-1.6));
#5881=CARTESIAN_POINT('',(-0.2,-3.075,-1.6));
#5882=VECTOR('',#7517,0.4);
#5883=CARTESIAN_POINT('',(-1.05,-3.075,-1.6));
#5884=CARTESIAN_POINT('',(-1.05,-3.075,-1.6));
#5885=VECTOR('',#7518,0.85);
#5886=CARTESIAN_POINT('',(-1.05,-3.475,-1.6));
#5887=VECTOR('',#7519,0.4);
#5888=CARTESIAN_POINT('',(-2.975,-3.675,-1.6));
#5889=CARTESIAN_POINT('',(-2.975,-3.675,-1.6));
#5890=VECTOR('',#7520,0.2);
#5891=CARTESIAN_POINT('',(-3.375,-3.675,-1.6));
#5892=CARTESIAN_POINT('',(-2.975,-3.675,-1.6));
#5893=VECTOR('',#7521,0.4);
#5894=CARTESIAN_POINT('',(-3.375,-3.375,-1.6));
#5895=CARTESIAN_POINT('',(-3.375,-3.675,-1.6));
#5896=VECTOR('',#7522,0.3);
#5897=CARTESIAN_POINT('',(-3.375,-1.935,-1.6));
#5898=CARTESIAN_POINT('',(-3.375,-1.935,-1.6));
#5899=VECTOR('',#7523,1.44);
#5900=CARTESIAN_POINT('',(-4.615,-1.935,-1.6));
#5901=CARTESIAN_POINT('',(-4.615,-1.935,-1.6));
#5902=VECTOR('',#7524,1.24);
#5903=CARTESIAN_POINT('',(-4.615,-2.625,-1.6));
#5904=CARTESIAN_POINT('',(-4.615,-2.625,-1.6));
#5905=VECTOR('',#7525,0.69);
#5906=CARTESIAN_POINT('',(-4.065,-2.625,-1.6));
#5907=CARTESIAN_POINT('',(-4.065,-2.625,-1.6));
#5908=VECTOR('',#7526,0.55);
#5909=CARTESIAN_POINT('',(-4.065,-3.375,-1.6));
#5910=CARTESIAN_POINT('',(-4.065,-3.375,-1.6));
#5911=VECTOR('',#7527,0.75);
#5912=CARTESIAN_POINT('',(-4.575,-3.375,-1.6));
#5913=CARTESIAN_POINT('',(-4.065,-3.375,-1.6));
#5914=VECTOR('',#7528,0.51);
#5915=CARTESIAN_POINT('',(-4.875,-3.075,-1.6));
#5916=CARTESIAN_POINT('',(-4.575,-3.375,-1.6));
#5917=VECTOR('',#7529,0.4242640687119);
#5918=CARTESIAN_POINT('',(-4.875,-1.075,-1.6));
#5919=CARTESIAN_POINT('',(-4.875,-3.075,-1.6));
#5920=VECTOR('',#7530,2.0);
#5921=CARTESIAN_POINT('',(-3.575,-1.075,-1.6));
#5922=CARTESIAN_POINT('',(-4.875,-1.075,-1.6));
#5923=VECTOR('',#7531,1.3);
#5924=CARTESIAN_POINT('',(-3.375,-0.875,-1.6));
#5925=CARTESIAN_POINT('',(-3.575,-1.075,-1.6));
#5926=VECTOR('',#7532,0.2828427124746);
#5927=CARTESIAN_POINT('',(-3.375,0.975,-1.6));
#5928=CARTESIAN_POINT('',(-3.375,-0.875,-1.6));
#5929=VECTOR('',#7533,1.85);
#5930=CARTESIAN_POINT('',(-1.45,0.975,-1.6));
#5931=CARTESIAN_POINT('',(-1.45,0.975,-1.6));
#5932=VECTOR('',#7534,1.925);
#5933=CARTESIAN_POINT('',(-1.45,0.975,-1.6));
#5934=VECTOR('',#7535,1.45);
#5935=CARTESIAN_POINT('',(2.075,-2.85,-1.6));
#5936=CARTESIAN_POINT('',(2.075,-2.25,-1.6));
#5937=CARTESIAN_POINT('',(2.075,-2.85,-1.6));
#5938=VECTOR('',#7536,0.6);
#5939=CARTESIAN_POINT('',(2.875,-2.85,-1.6));
#5940=CARTESIAN_POINT('',(2.075,-2.85,-1.6));
#5941=VECTOR('',#7537,0.8);
#5942=CARTESIAN_POINT('',(2.875,-2.25,-1.6));
#5943=CARTESIAN_POINT('',(2.875,-2.85,-1.6));
#5944=VECTOR('',#7538,0.6);
#5945=CARTESIAN_POINT('',(2.075,-2.25,-1.6));
#5946=VECTOR('',#7539,0.8);
#5947=CARTESIAN_POINT('',(0.825,-2.85,-1.6));
#5948=CARTESIAN_POINT('',(0.825,-2.25,-1.6));
#5949=CARTESIAN_POINT('',(0.825,-2.85,-1.6));
#5950=VECTOR('',#7540,0.6);
#5951=CARTESIAN_POINT('',(1.625,-2.85,-1.6));
#5952=CARTESIAN_POINT('',(0.825,-2.85,-1.6));
#5953=VECTOR('',#7541,0.8);
#5954=CARTESIAN_POINT('',(1.625,-2.25,-1.6));
#5955=CARTESIAN_POINT('',(1.625,-2.85,-1.6));
#5956=VECTOR('',#7542,0.6);
#5957=CARTESIAN_POINT('',(0.825,-2.25,-1.6));
#5958=VECTOR('',#7543,0.8);
#5959=CARTESIAN_POINT('',(-0.425,-2.85,-1.6));
#5960=CARTESIAN_POINT('',(-0.425,-2.25,-1.6));
#5961=CARTESIAN_POINT('',(-0.425,-2.85,-1.6));
#5962=VECTOR('',#7544,0.6);
#5963=CARTESIAN_POINT('',(0.375,-2.85,-1.6));
#5964=CARTESIAN_POINT('',(-0.425,-2.85,-1.6));
#5965=VECTOR('',#7545,0.8);
#5966=CARTESIAN_POINT('',(0.375,-2.25,-1.6));
#5967=CARTESIAN_POINT('',(0.375,-2.85,-1.6));
#5968=VECTOR('',#7546,0.6);
#5969=CARTESIAN_POINT('',(-0.425,-2.25,-1.6));
#5970=VECTOR('',#7547,0.8);
#5971=CARTESIAN_POINT('',(-1.675,-2.85,-1.6));
#5972=CARTESIAN_POINT('',(-1.675,-2.25,-1.6));
#5973=CARTESIAN_POINT('',(-1.675,-2.85,-1.6));
#5974=VECTOR('',#7548,0.6);
#5975=CARTESIAN_POINT('',(-0.875,-2.85,-1.6));
#5976=CARTESIAN_POINT('',(-1.675,-2.85,-1.6));
#5977=VECTOR('',#7549,0.8);
#5978=CARTESIAN_POINT('',(-0.875,-2.25,-1.6));
#5979=CARTESIAN_POINT('',(-0.875,-2.85,-1.6));
#5980=VECTOR('',#7550,0.6);
#5981=CARTESIAN_POINT('',(-1.675,-2.25,-1.6));
#5982=VECTOR('',#7551,0.8);
#5983=CARTESIAN_POINT('',(-2.925,-2.85,-1.6));
#5984=CARTESIAN_POINT('',(-2.925,-2.25,-1.6));
#5985=CARTESIAN_POINT('',(-2.925,-2.85,-1.6));
#5986=VECTOR('',#7552,0.6);
#5987=CARTESIAN_POINT('',(-2.125,-2.85,-1.6));
#5988=CARTESIAN_POINT('',(-2.925,-2.85,-1.6));
#5989=VECTOR('',#7553,0.8);
#5990=CARTESIAN_POINT('',(-2.125,-2.25,-1.6));
#5991=CARTESIAN_POINT('',(-2.125,-2.85,-1.6));
#5992=VECTOR('',#7554,0.6);
#5993=CARTESIAN_POINT('',(-2.925,-2.25,-1.6));
#5994=VECTOR('',#7555,0.8);
#5995=CARTESIAN_POINT('',(-1.45,0.675,-1.2));
#5996=CARTESIAN_POINT('',(-1.45,-0.475,-1.2));
#5997=CARTESIAN_POINT('',(-1.45,0.675,-1.2));
#5998=VECTOR('',#7556,1.15);
#5999=CARTESIAN_POINT('',(-1.45,-0.475,-1.2));
#6000=VECTOR('',#7557,0.4);
#6001=CARTESIAN_POINT('',(-1.45,0.975,-1.5));
#6002=CARTESIAN_POINT('',(-1.45,0.975,-1.6));
#6003=VECTOR('',#7558,0.1);
#6004=CARTESIAN_POINT('',(-1.45,0.975,-1.5));
#6005=VECTOR('',#7559,0.4242640687119);
#6006=CARTESIAN_POINT('',(2.775,0.675,-1.2));
#6007=CARTESIAN_POINT('',(1.45,0.675,-1.2));
#6008=CARTESIAN_POINT('',(2.775,0.675,-1.2));
#6009=VECTOR('',#7560,1.325);
#6010=CARTESIAN_POINT('',(3.075,0.975,-1.5));
#6011=CARTESIAN_POINT('',(3.075,0.975,-1.5));
#6012=VECTOR('',#7561,0.5196152422707);
#6013=CARTESIAN_POINT('',(1.45,0.975,-1.5));
#6014=CARTESIAN_POINT('',(3.075,0.975,-1.5));
#6015=VECTOR('',#7562,1.625);
#6016=CARTESIAN_POINT('',(1.45,0.975,-1.5));
#6017=VECTOR('',#7563,0.4242640687119);
#6018=CARTESIAN_POINT('',(-3.075,0.975,-1.5));
#6019=CARTESIAN_POINT('',(-1.45,0.975,-1.5));
#6020=VECTOR('',#7564,1.625);
#6021=CARTESIAN_POINT('',(-2.775,0.675,-1.2));
#6022=CARTESIAN_POINT('',(-3.075,0.975,-1.5));
#6023=VECTOR('',#7565,0.5196152422707);
#6024=CARTESIAN_POINT('',(-1.45,0.675,-1.2));
#6025=VECTOR('',#7566,1.325);
#6026=CARTESIAN_POINT('',(1.05,0.675,-1.2));
#6027=CARTESIAN_POINT('',(-1.05,0.675,-1.2));
#6028=CARTESIAN_POINT('',(1.05,0.675,-1.2));
#6029=VECTOR('',#7567,2.1);
#6030=CARTESIAN_POINT('',(1.05,0.975,-1.5));
#6031=CARTESIAN_POINT('',(1.05,0.975,-1.5));
#6032=VECTOR('',#7568,0.4242640687119);
#6033=CARTESIAN_POINT('',(-1.05,0.975,-1.5));
#6034=CARTESIAN_POINT('',(1.05,0.975,-1.5));
#6035=VECTOR('',#7569,2.1);
#6036=CARTESIAN_POINT('',(-1.05,0.975,-1.5));
#6037=VECTOR('',#7570,0.4242640687119);
#6038=CARTESIAN_POINT('',(1.45,0.975,-1.6));
#6039=VECTOR('',#7571,0.1);
#6040=CARTESIAN_POINT('',(1.45,-0.475,-1.2));
#6041=CARTESIAN_POINT('',(1.45,-0.475,-1.2));
#6042=VECTOR('',#7572,0.4);
#6043=CARTESIAN_POINT('',(1.45,0.675,-1.2));
#6044=VECTOR('',#7573,1.15);
#6045=CARTESIAN_POINT('',(-2.775,-1.975,-1.2));
#6046=CARTESIAN_POINT('',(-2.775,0.675,-1.2));
#6047=VECTOR('',#7574,2.65);
#6048=CARTESIAN_POINT('',(2.775,-1.975,-1.2));
#6049=CARTESIAN_POINT('',(2.775,-1.975,-1.2));
#6050=VECTOR('',#7575,5.55);
#6051=CARTESIAN_POINT('',(2.775,0.675,-1.2));
#6052=VECTOR('',#7576,2.65);
#6053=CARTESIAN_POINT('',(1.75,-0.475,-1.2));
#6054=CARTESIAN_POINT('',(1.45,-0.475,-1.2));
#6055=VECTOR('',#7577,0.3);
#6056=CARTESIAN_POINT('',(1.75,-1.625,-1.2));
#6057=CARTESIAN_POINT('',(1.75,-1.625,-1.2));
#6058=VECTOR('',#7578,1.15);
#6059=CARTESIAN_POINT('',(0.75,-1.625,-1.2));
#6060=CARTESIAN_POINT('',(0.75,-1.625,-1.2));
#6061=VECTOR('',#7579,1.0);
#6062=CARTESIAN_POINT('',(0.75,-0.475,-1.2));
#6063=CARTESIAN_POINT('',(0.75,-1.625,-1.2));
#6064=VECTOR('',#7580,1.15);
#6065=CARTESIAN_POINT('',(1.05,-0.475,-1.2));
#6066=CARTESIAN_POINT('',(0.75,-0.475,-1.2));
#6067=VECTOR('',#7581,0.3);
#6068=CARTESIAN_POINT('',(1.05,0.675,-1.2));
#6069=VECTOR('',#7582,1.15);
#6070=CARTESIAN_POINT('',(-1.05,-0.475,-1.2));
#6071=CARTESIAN_POINT('',(-1.05,0.675,-1.2));
#6072=VECTOR('',#7583,1.15);
#6073=CARTESIAN_POINT('',(-0.75,-0.475,-1.2));
#6074=CARTESIAN_POINT('',(-1.05,-0.475,-1.2));
#6075=VECTOR('',#7584,0.3);
#6076=CARTESIAN_POINT('',(-0.75,-1.625,-1.2));
#6077=CARTESIAN_POINT('',(-0.75,-1.625,-1.2));
#6078=VECTOR('',#7585,1.15);
#6079=CARTESIAN_POINT('',(-1.75,-1.625,-1.2));
#6080=CARTESIAN_POINT('',(-1.75,-1.625,-1.2));
#6081=VECTOR('',#7586,1.0);
#6082=CARTESIAN_POINT('',(-1.75,-0.475,-1.2));
#6083=CARTESIAN_POINT('',(-1.75,-1.625,-1.2));
#6084=VECTOR('',#7587,1.15);
#6085=CARTESIAN_POINT('',(-1.75,-0.475,-1.2));
#6086=VECTOR('',#7588,0.3);
#6087=CARTESIAN_POINT('',(-1.8,-0.475,-1.6));
#6088=VECTOR('',#7589,0.4031128874149);
#6089=CARTESIAN_POINT('',(-0.75,-0.475,-1.2));
#6090=VECTOR('',#7590,0.4031128874149);
#6091=CARTESIAN_POINT('',(-1.05,-0.475,-1.2));
#6092=VECTOR('',#7591,0.4);
#6093=CARTESIAN_POINT('',(-1.8,-1.625,-1.6));
#6094=VECTOR('',#7592,0.4031128874149);
#6095=CARTESIAN_POINT('',(-0.75,-1.625,-1.2));
#6096=VECTOR('',#7593,0.4031128874149);
#6097=CARTESIAN_POINT('',(-1.05,0.975,-1.6));
#6098=VECTOR('',#7594,0.1);
#6099=CARTESIAN_POINT('',(3.075,0.975,-0.4));
#6100=CARTESIAN_POINT('',(3.075,0.975,-0.4));
#6101=VECTOR('',#7595,1.1);
#6102=CARTESIAN_POINT('',(3.075,0.975,0.35));
#6103=CARTESIAN_POINT('',(3.075,0.975,0.35));
#6104=VECTOR('',#7596,0.75);
#6105=CARTESIAN_POINT('',(3.075,0.975,1.2));
#6106=CARTESIAN_POINT('',(3.075,0.975,1.2));
#6107=VECTOR('',#7597,0.85);
#6108=CARTESIAN_POINT('',(3.375,0.975,1.2));
#6109=CARTESIAN_POINT('',(3.075,0.975,1.2));
#6110=VECTOR('',#7598,0.3);
#6111=CARTESIAN_POINT('',(3.375,0.975,1.2));
#6112=VECTOR('',#7599,2.8);
#6113=CARTESIAN_POINT('',(-3.375,0.975,1.2));
#6114=CARTESIAN_POINT('',(-3.375,0.975,-1.6));
#6115=VECTOR('',#7600,2.8);
#6116=CARTESIAN_POINT('',(-3.075,0.975,1.2));
#6117=CARTESIAN_POINT('',(-3.375,0.975,1.2));
#6118=VECTOR('',#7601,0.3);
#6119=CARTESIAN_POINT('',(-3.075,0.975,0.35));
#6120=CARTESIAN_POINT('',(-3.075,0.975,0.35));
#6121=VECTOR('',#7602,0.85);
#6122=CARTESIAN_POINT('',(-3.075,0.975,-0.4));
#6123=CARTESIAN_POINT('',(-3.075,0.975,-0.4));
#6124=VECTOR('',#7603,0.75);
#6125=CARTESIAN_POINT('',(-3.075,0.975,-1.5));
#6126=VECTOR('',#7604,1.1);
#6127=CARTESIAN_POINT('',(1.05,0.975,-1.6));
#6128=VECTOR('',#7605,0.1);
#6129=CARTESIAN_POINT('',(3.375,-0.025,1.2));
#6130=CARTESIAN_POINT('',(3.375,-0.025,1.8));
#6131=CARTESIAN_POINT('',(3.375,-0.025,1.2));
#6132=VECTOR('',#7606,0.6);
#6133=CARTESIAN_POINT('',(3.375,-1.975,1.8));
#6134=CARTESIAN_POINT('',(3.375,-0.025,1.8));
#6135=VECTOR('',#7607,1.95);
#6136=CARTESIAN_POINT('',(3.375,-1.975,2.1));
#6137=VECTOR('',#7608,0.3);
#6138=CARTESIAN_POINT('',(3.375,-3.675,1.2));
#6139=CARTESIAN_POINT('',(3.375,-3.675,2.1));
#6140=VECTOR('',#7609,0.9);
#6141=CARTESIAN_POINT('',(3.375,-3.525,1.2));
#6142=CARTESIAN_POINT('',(3.375,-3.675,1.2));
#6143=VECTOR('',#7610,0.15);
#6144=CARTESIAN_POINT('',(3.375,-3.525,-0.9));
#6145=CARTESIAN_POINT('',(3.375,-3.525,-0.9));
#6146=VECTOR('',#7611,2.1);
#6147=CARTESIAN_POINT('',(3.375,-3.675,-0.9));
#6148=CARTESIAN_POINT('',(3.375,-3.675,-0.9));
#6149=VECTOR('',#7612,0.15);
#6150=CARTESIAN_POINT('',(3.375,-3.675,-0.9));
#6151=VECTOR('',#7613,0.7);
#6152=CARTESIAN_POINT('',(3.375,-3.375,1.2));
#6153=CARTESIAN_POINT('',(3.375,-3.375,-1.6));
#6154=VECTOR('',#7614,2.8);
#6155=CARTESIAN_POINT('',(3.375,-0.875,1.2));
#6156=CARTESIAN_POINT('',(3.375,-0.875,1.2));
#6157=VECTOR('',#7615,2.5);
#6158=CARTESIAN_POINT('',(3.375,-0.875,-1.6));
#6159=VECTOR('',#7616,2.8);
#6160=CARTESIAN_POINT('',(3.375,0.975,1.2));
#6161=VECTOR('',#7617,1.0);
#6162=CARTESIAN_POINT('',(-3.375,-0.025,1.2));
#6163=CARTESIAN_POINT('',(-3.375,0.975,1.2));
#6164=VECTOR('',#7618,1.0);
#6165=CARTESIAN_POINT('',(-2.775,-0.025,1.2));
#6166=CARTESIAN_POINT('',(-3.375,-0.025,1.2));
#6167=VECTOR('',#7619,0.6);
#6168=CARTESIAN_POINT('',(-2.775,0.675,1.2));
#6169=CARTESIAN_POINT('',(-2.775,0.675,1.2));
#6170=VECTOR('',#7620,0.7);
#6171=CARTESIAN_POINT('',(-3.075,0.975,1.2));
#6172=VECTOR('',#7621,0.4242640687119);
#6173=CARTESIAN_POINT('',(2.775,0.675,1.2));
#6174=CARTESIAN_POINT('',(3.075,0.975,1.2));
#6175=VECTOR('',#7622,0.4242640687119);
#6176=CARTESIAN_POINT('',(2.775,-0.025,1.2));
#6177=CARTESIAN_POINT('',(2.775,0.675,1.2));
#6178=VECTOR('',#7623,0.7);
#6179=CARTESIAN_POINT('',(2.775,-0.025,1.2));
#6180=VECTOR('',#7624,0.6);
#6181=CARTESIAN_POINT('',(-2.775,0.675,-0.4));
#6182=CARTESIAN_POINT('',(-3.075,0.975,-0.4));
#6183=VECTOR('',#7625,0.4242640687119);
#6184=CARTESIAN_POINT('',(-2.775,0.675,-1.2));
#6185=VECTOR('',#7626,0.8);
#6186=CARTESIAN_POINT('',(-2.775,0.675,0.35));
#6187=CARTESIAN_POINT('',(-2.775,0.675,0.35));
#6188=VECTOR('',#7627,0.85);
#6189=CARTESIAN_POINT('',(-3.075,0.975,0.35));
#6190=VECTOR('',#7628,0.4242640687119);
#6191=CARTESIAN_POINT('',(-2.775,-1.975,-0.4));
#6192=CARTESIAN_POINT('',(-2.775,-1.975,-0.4));
#6193=VECTOR('',#7629,2.65);
#6194=CARTESIAN_POINT('',(-2.775,-1.975,-1.2));
#6195=VECTOR('',#7630,0.8);
#6196=CARTESIAN_POINT('',(-2.775,-1.975,0.35));
#6197=CARTESIAN_POINT('',(-2.775,-1.975,0.35));
#6198=VECTOR('',#7631,2.65);
#6199=CARTESIAN_POINT('',(-2.775,-0.025,1.5));
#6200=CARTESIAN_POINT('',(-2.775,-0.025,1.2));
#6201=VECTOR('',#7632,0.3);
#6202=CARTESIAN_POINT('',(-2.775,-0.325,1.2));
#6203=CARTESIAN_POINT('',(-2.775,-0.325,1.2));
#6204=VECTOR('',#7633,0.4242640687119);
#6205=CARTESIAN_POINT('',(-2.775,-1.975,1.2));
#6206=CARTESIAN_POINT('',(-2.775,-0.325,1.2));
#6207=VECTOR('',#7634,1.65);
#6208=CARTESIAN_POINT('',(-2.775,-1.975,0.35));
#6209=VECTOR('',#7635,0.85);
#6210=CARTESIAN_POINT('',(-2.425,-1.975,1.2));
#6211=CARTESIAN_POINT('',(-2.775,-1.975,1.2));
#6212=VECTOR('',#7636,0.35);
#6213=CARTESIAN_POINT('',(-2.425,-1.975,1.8));
#6214=CARTESIAN_POINT('',(-2.425,-1.975,1.2));
#6215=VECTOR('',#7637,0.6);
#6216=CARTESIAN_POINT('',(-3.375,-1.975,1.8));
#6217=CARTESIAN_POINT('',(-2.425,-1.975,1.8));
#6218=VECTOR('',#7638,0.95);
#6219=CARTESIAN_POINT('',(-3.375,-1.975,2.1));
#6220=VECTOR('',#7639,0.3);
#6221=CARTESIAN_POINT('',(2.425,-1.975,1.8));
#6222=CARTESIAN_POINT('',(3.375,-1.975,1.8));
#6223=VECTOR('',#7640,0.95);
#6224=CARTESIAN_POINT('',(2.425,-1.975,1.2));
#6225=CARTESIAN_POINT('',(2.425,-1.975,1.8));
#6226=VECTOR('',#7641,0.6);
#6227=CARTESIAN_POINT('',(2.775,-1.975,1.2));
#6228=CARTESIAN_POINT('',(2.425,-1.975,1.2));
#6229=VECTOR('',#7642,0.35);
#6230=CARTESIAN_POINT('',(2.775,-1.975,0.35));
#6231=CARTESIAN_POINT('',(2.775,-1.975,1.2));
#6232=VECTOR('',#7643,0.85);
#6233=CARTESIAN_POINT('',(3.075,-1.975,0.35));
#6234=CARTESIAN_POINT('',(2.775,-1.975,0.35));
#6235=VECTOR('',#7644,0.3);
#6236=CARTESIAN_POINT('',(3.075,-1.975,-0.4));
#6237=CARTESIAN_POINT('',(3.075,-1.975,0.35));
#6238=VECTOR('',#7645,0.75);
#6239=CARTESIAN_POINT('',(2.775,-1.975,-0.4));
#6240=CARTESIAN_POINT('',(3.075,-1.975,-0.4));
#6241=VECTOR('',#7646,0.3);
#6242=CARTESIAN_POINT('',(2.775,-1.975,-0.4));
#6243=VECTOR('',#7647,0.8);
#6244=CARTESIAN_POINT('',(-3.075,-1.975,-0.4));
#6245=CARTESIAN_POINT('',(-2.775,-1.975,-0.4));
#6246=VECTOR('',#7648,0.3);
#6247=CARTESIAN_POINT('',(-3.075,-1.975,0.35));
#6248=CARTESIAN_POINT('',(-3.075,-1.975,-0.4));
#6249=VECTOR('',#7649,0.75);
#6250=CARTESIAN_POINT('',(-3.075,-1.975,0.35));
#6251=VECTOR('',#7650,0.3);
#6252=CARTESIAN_POINT('',(2.035,-1.975,-0.875));
#6253=CARTESIAN_POINT('',(1.715,-1.975,-0.875));
#6254=CARTESIAN_POINT('',(2.035,-1.975,-0.875));
#6255=VECTOR('',#7651,0.32);
#6256=CARTESIAN_POINT('',(2.035,-1.975,-0.075));
#6257=CARTESIAN_POINT('',(2.035,-1.975,-0.075));
#6258=VECTOR('',#7652,0.8);
#6259=CARTESIAN_POINT('',(1.715,-1.975,-0.075));
#6260=CARTESIAN_POINT('',(1.715,-1.975,-0.075));
#6261=VECTOR('',#7653,0.32);
#6262=CARTESIAN_POINT('',(1.715,-1.975,-0.875));
#6263=VECTOR('',#7654,0.8);
#6264=CARTESIAN_POINT('',(0.785,-1.975,-0.875));
#6265=CARTESIAN_POINT('',(0.465,-1.975,-0.875));
#6266=CARTESIAN_POINT('',(0.785,-1.975,-0.875));
#6267=VECTOR('',#7655,0.32);
#6268=CARTESIAN_POINT('',(0.785,-1.975,-0.075));
#6269=CARTESIAN_POINT('',(0.785,-1.975,-0.075));
#6270=VECTOR('',#7656,0.8);
#6271=CARTESIAN_POINT('',(0.465,-1.975,-0.075));
#6272=CARTESIAN_POINT('',(0.465,-1.975,-0.075));
#6273=VECTOR('',#7657,0.32);
#6274=CARTESIAN_POINT('',(0.465,-1.975,-0.875));
#6275=VECTOR('',#7658,0.8);
#6276=CARTESIAN_POINT('',(-0.465,-1.975,-0.875));
#6277=CARTESIAN_POINT('',(-0.785,-1.975,-0.875));
#6278=CARTESIAN_POINT('',(-0.465,-1.975,-0.875));
#6279=VECTOR('',#7659,0.32);
#6280=CARTESIAN_POINT('',(-0.465,-1.975,-0.075));
#6281=CARTESIAN_POINT('',(-0.465,-1.975,-0.075));
#6282=VECTOR('',#7660,0.8);
#6283=CARTESIAN_POINT('',(-0.785,-1.975,-0.075));
#6284=CARTESIAN_POINT('',(-0.785,-1.975,-0.075));
#6285=VECTOR('',#7661,0.32);
#6286=CARTESIAN_POINT('',(-0.785,-1.975,-0.875));
#6287=VECTOR('',#7662,0.8);
#6288=CARTESIAN_POINT('',(-1.715,-1.975,-0.875));
#6289=CARTESIAN_POINT('',(-2.035,-1.975,-0.875));
#6290=CARTESIAN_POINT('',(-1.715,-1.975,-0.875));
#6291=VECTOR('',#7663,0.32);
#6292=CARTESIAN_POINT('',(-1.715,-1.975,-0.075));
#6293=CARTESIAN_POINT('',(-1.715,-1.975,-0.075));
#6294=VECTOR('',#7664,0.8);
#6295=CARTESIAN_POINT('',(-2.035,-1.975,-0.075));
#6296=CARTESIAN_POINT('',(-2.035,-1.975,-0.075));
#6297=VECTOR('',#7665,0.32);
#6298=CARTESIAN_POINT('',(-2.035,-1.975,-0.875));
#6299=VECTOR('',#7666,0.8);
#6300=CARTESIAN_POINT('',(-3.075,0.975,0.35));
#6301=VECTOR('',#7667,2.95);
#6302=CARTESIAN_POINT('',(-3.075,0.975,-0.4));
#6303=VECTOR('',#7668,2.95);
#6304=CARTESIAN_POINT('',(2.775,-0.325,1.2));
#6305=CARTESIAN_POINT('',(2.775,-0.325,1.2));
#6306=VECTOR('',#7669,1.65);
#6307=CARTESIAN_POINT('',(2.775,-0.025,1.5));
#6308=CARTESIAN_POINT('',(2.775,-0.325,1.2));
#6309=VECTOR('',#7670,0.4242640687119);
#6310=CARTESIAN_POINT('',(2.775,-0.025,1.2));
#6311=VECTOR('',#7671,0.3);
#6312=CARTESIAN_POINT('',(2.775,0.675,0.35));
#6313=CARTESIAN_POINT('',(2.775,0.675,1.2));
#6314=VECTOR('',#7672,0.85);
#6315=CARTESIAN_POINT('',(2.775,-1.975,0.35));
#6316=VECTOR('',#7673,2.65);
#6317=CARTESIAN_POINT('',(2.775,0.675,-0.4));
#6318=CARTESIAN_POINT('',(2.775,0.675,-0.4));
#6319=VECTOR('',#7674,0.8);
#6320=CARTESIAN_POINT('',(2.775,-1.975,-0.4));
#6321=VECTOR('',#7675,2.65);
#6322=CARTESIAN_POINT('',(3.075,0.975,0.35));
#6323=VECTOR('',#7676,0.4242640687119);
#6324=CARTESIAN_POINT('',(3.075,0.975,0.35));
#6325=VECTOR('',#7677,2.95);
#6326=CARTESIAN_POINT('',(3.075,0.975,-0.4));
#6327=VECTOR('',#7678,2.95);
#6328=CARTESIAN_POINT('',(3.075,0.975,-0.4));
#6329=VECTOR('',#7679,0.4242640687119);
#6330=CARTESIAN_POINT('',(2.425,-0.025,1.5));
#6331=CARTESIAN_POINT('',(2.425,-0.025,1.5));
#6332=VECTOR('',#7680,0.35);
#6333=CARTESIAN_POINT('',(2.425,-0.025,1.8));
#6334=CARTESIAN_POINT('',(2.425,-0.025,1.8));
#6335=VECTOR('',#7681,0.3);
#6336=CARTESIAN_POINT('',(2.425,-0.025,1.8));
#6337=VECTOR('',#7682,0.95);
#6338=CARTESIAN_POINT('',(2.425,-0.025,1.8));
#6339=VECTOR('',#7683,1.95);
#6340=CARTESIAN_POINT('',(2.425,-0.325,1.2));
#6341=CARTESIAN_POINT('',(2.425,-0.325,1.2));
#6342=VECTOR('',#7684,0.4242640687119);
#6343=CARTESIAN_POINT('',(2.425,-0.325,1.2));
#6344=VECTOR('',#7685,1.65);
#6345=CARTESIAN_POINT('',(2.425,-0.325,1.2));
#6346=VECTOR('',#7686,0.35);
#6347=CARTESIAN_POINT('',(-3.375,-0.875,1.2));
#6348=CARTESIAN_POINT('',(-3.375,-0.875,-1.6));
#6349=VECTOR('',#7687,2.8);
#6350=CARTESIAN_POINT('',(-3.375,-3.375,1.2));
#6351=CARTESIAN_POINT('',(-3.375,-0.875,1.2));
#6352=VECTOR('',#7688,2.5);
#6353=CARTESIAN_POINT('',(-3.375,-3.375,-1.6));
#6354=VECTOR('',#7689,2.8);
#6355=CARTESIAN_POINT('',(-3.375,-3.675,-0.9));
#6356=CARTESIAN_POINT('',(-3.375,-3.675,-1.6));
#6357=VECTOR('',#7690,0.7);
#6358=CARTESIAN_POINT('',(-3.375,-3.525,-0.9));
#6359=CARTESIAN_POINT('',(-3.375,-3.675,-0.9));
#6360=VECTOR('',#7691,0.15);
#6361=CARTESIAN_POINT('',(-3.375,-3.525,1.2));
#6362=CARTESIAN_POINT('',(-3.375,-3.525,-0.9));
#6363=VECTOR('',#7692,2.1);
#6364=CARTESIAN_POINT('',(-3.375,-3.675,1.2));
#6365=CARTESIAN_POINT('',(-3.375,-3.675,1.2));
#6366=VECTOR('',#7693,0.15);
#6367=CARTESIAN_POINT('',(-3.375,-3.675,1.2));
#6368=VECTOR('',#7694,0.9);
#6369=CARTESIAN_POINT('',(-3.375,-0.025,1.8));
#6370=CARTESIAN_POINT('',(-3.375,-0.025,1.8));
#6371=VECTOR('',#7695,1.95);
#6372=CARTESIAN_POINT('',(-3.375,-0.025,1.2));
#6373=VECTOR('',#7696,0.6);
#6374=CARTESIAN_POINT('',(-2.425,-0.025,1.8));
#6375=CARTESIAN_POINT('',(-2.425,-0.025,1.8));
#6376=VECTOR('',#7697,0.95);
#6377=CARTESIAN_POINT('',(-2.425,-0.025,1.5));
#6378=CARTESIAN_POINT('',(-2.425,-0.025,1.5));
#6379=VECTOR('',#7698,0.3);
#6380=CARTESIAN_POINT('',(-2.425,-0.025,1.5));
#6381=VECTOR('',#7699,0.35);
#6382=CARTESIAN_POINT('',(-2.425,-0.325,1.2));
#6383=CARTESIAN_POINT('',(-2.425,-0.325,1.2));
#6384=VECTOR('',#7700,0.4242640687119);
#6385=CARTESIAN_POINT('',(-2.425,-0.325,1.2));
#6386=VECTOR('',#7701,0.35);
#6387=CARTESIAN_POINT('',(-2.425,-0.325,1.2));
#6388=VECTOR('',#7702,1.65);
#6389=CARTESIAN_POINT('',(-2.425,-0.025,1.8));
#6390=VECTOR('',#7703,1.95);
#6391=CARTESIAN_POINT('',(-2.975,-3.675,1.2));
#6392=CARTESIAN_POINT('',(-2.975,-3.675,2.1));
#6393=VECTOR('',#7704,0.9);
#6394=CARTESIAN_POINT('',(-3.375,-3.675,1.2));
#6395=VECTOR('',#7705,0.4);
#6396=CARTESIAN_POINT('',(2.975,-3.675,1.2));
#6397=CARTESIAN_POINT('',(2.975,-3.675,2.1));
#6398=VECTOR('',#7706,0.9);
#6399=CARTESIAN_POINT('',(2.975,-3.675,1.2));
#6400=VECTOR('',#7707,0.4);
#6401=CARTESIAN_POINT('',(-2.975,-3.675,-0.9));
#6402=CARTESIAN_POINT('',(-2.975,-3.675,-0.9));
#6403=VECTOR('',#7708,0.7);
#6404=CARTESIAN_POINT('',(-3.375,-3.675,-0.9));
#6405=VECTOR('',#7709,0.4);
#6406=CARTESIAN_POINT('',(2.975,-3.675,-0.9));
#6407=CARTESIAN_POINT('',(2.975,-3.675,-0.9));
#6408=VECTOR('',#7710,0.7);
#6409=CARTESIAN_POINT('',(2.975,-3.675,-0.9));
#6410=VECTOR('',#7711,0.4);
#6411=CARTESIAN_POINT('',(-2.975,-3.525,1.2));
#6412=CARTESIAN_POINT('',(-3.375,-3.525,1.2));
#6413=VECTOR('',#7712,0.4);
#6414=CARTESIAN_POINT('',(-2.975,-3.675,1.2));
#6415=VECTOR('',#7713,0.15);
#6416=CARTESIAN_POINT('',(2.975,-3.525,1.2));
#6417=CARTESIAN_POINT('',(2.975,-3.675,1.2));
#6418=VECTOR('',#7714,0.15);
#6419=CARTESIAN_POINT('',(2.975,-3.525,1.2));
#6420=VECTOR('',#7715,0.4);
#6421=CARTESIAN_POINT('',(-2.975,-3.525,-0.9));
#6422=CARTESIAN_POINT('',(-2.975,-3.525,-0.9));
#6423=VECTOR('',#7716,2.1);
#6424=CARTESIAN_POINT('',(-2.975,-3.675,-0.9));
#6425=VECTOR('',#7717,0.15);
#6426=CARTESIAN_POINT('',(-3.375,-3.525,-0.9));
#6427=VECTOR('',#7718,0.4);
#6428=CARTESIAN_POINT('',(2.975,-3.525,-0.9));
#6429=CARTESIAN_POINT('',(2.975,-3.525,-0.9));
#6430=VECTOR('',#7719,0.4);
#6431=CARTESIAN_POINT('',(2.975,-3.675,-0.9));
#6432=VECTOR('',#7720,0.15);
#6433=CARTESIAN_POINT('',(2.975,-3.525,-0.9));
#6434=VECTOR('',#7721,2.1);
#6435=CARTESIAN_POINT('',(-3.595,-3.375,0.6));
#6436=CARTESIAN_POINT('',(-3.595,-3.375,-1.6));
#6437=CARTESIAN_POINT('',(-3.595,-3.375,0.6));
#6438=VECTOR('',#7722,2.2);
#6439=CARTESIAN_POINT('',(-3.375,-3.375,-1.6));
#6440=VECTOR('',#7723,0.22);
#6441=CARTESIAN_POINT('',(-4.575,-3.375,1.2));
#6442=CARTESIAN_POINT('',(-3.375,-3.375,1.2));
#6443=VECTOR('',#7724,1.2);
#6444=CARTESIAN_POINT('',(-4.575,-3.375,-1.6));
#6445=VECTOR('',#7725,2.8);
#6446=CARTESIAN_POINT('',(-3.845,-3.375,-1.6));
#6447=CARTESIAN_POINT('',(-3.845,-3.375,-1.6));
#6448=VECTOR('',#7726,0.22);
#6449=CARTESIAN_POINT('',(-3.845,-3.375,0.6));
#6450=CARTESIAN_POINT('',(-3.845,-3.375,-1.6));
#6451=VECTOR('',#7727,2.2);
#6452=CARTESIAN_POINT('',(-3.595,-3.375,0.6));
#6453=VECTOR('',#7728,0.25);
#6454=CARTESIAN_POINT('',(3.595,-3.425,0.6));
#6455=CARTESIAN_POINT('',(3.595,-3.375,0.6));
#6456=CARTESIAN_POINT('',(3.595,-3.425,0.6));
#6457=VECTOR('',#7729,0.05);
#6458=CARTESIAN_POINT('',(3.895,-3.725,0.6));
#6459=AXIS2_PLACEMENT_3D('',#7730,#7731,#7732);
#6460=CARTESIAN_POINT('',(4.875,-3.725,0.6));
#6461=CARTESIAN_POINT('',(4.875,-3.725,0.6));
#6462=VECTOR('',#7733,0.98);
#6463=CARTESIAN_POINT('',(4.875,-3.475,0.6));
#6464=CARTESIAN_POINT('',(4.875,-3.475,0.6));
#6465=VECTOR('',#7734,0.25);
#6466=CARTESIAN_POINT('',(3.895,-3.475,0.6));
#6467=CARTESIAN_POINT('',(3.895,-3.475,0.6));
#6468=VECTOR('',#7735,0.98);
#6469=CARTESIAN_POINT('',(3.845,-3.425,0.6));
#6470=AXIS2_PLACEMENT_3D('',#7736,#7737,#7738);
#6471=CARTESIAN_POINT('',(3.845,-3.375,0.6));
#6472=CARTESIAN_POINT('',(3.845,-3.375,0.6));
#6473=VECTOR('',#7739,0.05);
#6474=CARTESIAN_POINT('',(3.845,-3.375,0.6));
#6475=VECTOR('',#7740,0.25);
#6476=CARTESIAN_POINT('',(-3.845,-3.425,0.6));
#6477=CARTESIAN_POINT('',(-3.845,-3.425,0.6));
#6478=VECTOR('',#7741,0.05);
#6479=CARTESIAN_POINT('',(-3.895,-3.475,0.6));
#6480=AXIS2_PLACEMENT_3D('',#7742,#7743,#7744);
#6481=CARTESIAN_POINT('',(-4.875,-3.475,0.6));
#6482=CARTESIAN_POINT('',(-4.875,-3.475,0.6));
#6483=VECTOR('',#7745,0.98);
#6484=CARTESIAN_POINT('',(-4.875,-3.725,0.6));
#6485=CARTESIAN_POINT('',(-4.875,-3.725,0.6));
#6486=VECTOR('',#7746,0.25);
#6487=CARTESIAN_POINT('',(-3.895,-3.725,0.6));
#6488=CARTESIAN_POINT('',(-3.895,-3.725,0.6));
#6489=VECTOR('',#7747,0.98);
#6490=CARTESIAN_POINT('',(-3.595,-3.425,0.6));
#6491=AXIS2_PLACEMENT_3D('',#7748,#7749,#7750);
#6492=CARTESIAN_POINT('',(-3.595,-3.375,0.6));
#6493=VECTOR('',#7751,0.05);
#6494=CARTESIAN_POINT('',(3.845,-3.375,-1.6));
#6495=CARTESIAN_POINT('',(3.845,-3.375,-1.6));
#6496=VECTOR('',#7752,2.2);
#6497=CARTESIAN_POINT('',(4.065,-3.375,-1.6));
#6498=VECTOR('',#7753,0.22);
#6499=CARTESIAN_POINT('',(4.575,-3.375,1.2));
#6500=CARTESIAN_POINT('',(4.575,-3.375,-1.6));
#6501=VECTOR('',#7754,2.8);
#6502=CARTESIAN_POINT('',(4.575,-3.375,1.2));
#6503=VECTOR('',#7755,1.2);
#6504=CARTESIAN_POINT('',(3.595,-3.375,-1.6));
#6505=CARTESIAN_POINT('',(3.595,-3.375,-1.6));
#6506=VECTOR('',#7756,0.22);
#6507=CARTESIAN_POINT('',(3.595,-3.375,0.6));
#6508=VECTOR('',#7757,2.2);
#6509=CARTESIAN_POINT('',(3.595,-3.425,-1.6));
#6510=CARTESIAN_POINT('',(3.595,-3.425,-1.6));
#6511=VECTOR('',#7758,0.05);
#6512=CARTESIAN_POINT('',(3.595,-3.425,-1.6));
#6513=VECTOR('',#7759,2.2);
#6514=CARTESIAN_POINT('',(3.595,-2.455,-1.6));
#6515=CARTESIAN_POINT('',(3.595,-2.455,-1.38));
#6516=CARTESIAN_POINT('',(3.595,-2.455,-1.6));
#6517=VECTOR('',#7760,0.22);
#6518=CARTESIAN_POINT('',(3.595,-3.375,-1.6));
#6519=VECTOR('',#7761,0.92);
#6520=CARTESIAN_POINT('',(3.595,-3.155,-1.38));
#6521=CARTESIAN_POINT('',(3.595,-3.155,-1.38));
#6522=VECTOR('',#7762,0.3111269837221);
#6523=CARTESIAN_POINT('',(3.595,-3.155,-1.38));
#6524=VECTOR('',#7763,0.7);
#6525=CARTESIAN_POINT('',(3.895,-3.725,-1.6));
#6526=CARTESIAN_POINT('',(3.895,-3.725,-1.6));
#6527=VECTOR('',#7764,2.2);
#6528=AXIS2_PLACEMENT_3D('',#7765,#7766,#7767);
#6529=CARTESIAN_POINT('',(3.845,-3.425,-1.6));
#6530=CARTESIAN_POINT('',(3.845,-3.375,-1.6));
#6531=VECTOR('',#7768,0.05);
#6532=CARTESIAN_POINT('',(3.895,-3.475,-1.6));
#6533=AXIS2_PLACEMENT_3D('',#7769,#7770,#7771);
#6534=CARTESIAN_POINT('',(4.875,-3.475,-1.6));
#6535=CARTESIAN_POINT('',(3.895,-3.475,-1.6));
#6536=VECTOR('',#7772,0.98);
#6537=CARTESIAN_POINT('',(4.875,-3.725,-1.6));
#6538=CARTESIAN_POINT('',(4.875,-3.475,-1.6));
#6539=VECTOR('',#7773,0.25);
#6540=CARTESIAN_POINT('',(4.875,-3.725,-1.6));
#6541=VECTOR('',#7774,0.98);
#6542=CARTESIAN_POINT('',(3.895,-2.155,-1.6));
#6543=AXIS2_PLACEMENT_3D('',#7775,#7776,#7777);
#6544=CARTESIAN_POINT('',(4.395,-2.155,-1.6));
#6545=CARTESIAN_POINT('',(3.895,-2.155,-1.6));
#6546=VECTOR('',#7778,0.5);
#6547=CARTESIAN_POINT('',(4.395,-2.405,-1.6));
#6548=CARTESIAN_POINT('',(4.395,-2.155,-1.6));
#6549=VECTOR('',#7779,0.25);
#6550=CARTESIAN_POINT('',(3.895,-2.405,-1.6));
#6551=CARTESIAN_POINT('',(4.395,-2.405,-1.6));
#6552=VECTOR('',#7780,0.5);
#6553=CARTESIAN_POINT('',(3.845,-2.455,-1.6));
#6554=AXIS2_PLACEMENT_3D('',#7781,#7782,#7783);
#6555=CARTESIAN_POINT('',(3.845,-2.455,-1.6));
#6556=VECTOR('',#7784,0.92);
#6557=CARTESIAN_POINT('',(-3.595,-3.425,-1.6));
#6558=CARTESIAN_POINT('',(-3.595,-3.375,-1.6));
#6559=VECTOR('',#7785,0.05);
#6560=CARTESIAN_POINT('',(-3.895,-3.725,-1.6));
#6561=AXIS2_PLACEMENT_3D('',#7786,#7787,#7788);
#6562=CARTESIAN_POINT('',(-4.875,-3.725,-1.6));
#6563=CARTESIAN_POINT('',(-3.895,-3.725,-1.6));
#6564=VECTOR('',#7789,0.98);
#6565=CARTESIAN_POINT('',(-4.875,-3.475,-1.6));
#6566=CARTESIAN_POINT('',(-4.875,-3.725,-1.6));
#6567=VECTOR('',#7790,0.25);
#6568=CARTESIAN_POINT('',(-3.895,-3.475,-1.6));
#6569=CARTESIAN_POINT('',(-4.875,-3.475,-1.6));
#6570=VECTOR('',#7791,0.98);
#6571=CARTESIAN_POINT('',(-3.845,-3.425,-1.6));
#6572=AXIS2_PLACEMENT_3D('',#7792,#7793,#7794);
#6573=CARTESIAN_POINT('',(-3.845,-3.425,-1.6));
#6574=VECTOR('',#7795,0.05);
#6575=CARTESIAN_POINT('',(-3.845,-2.455,-1.6));
#6576=CARTESIAN_POINT('',(-3.845,-3.375,-1.6));
#6577=VECTOR('',#7796,0.92);
#6578=CARTESIAN_POINT('',(-3.895,-2.405,-1.6));
#6579=AXIS2_PLACEMENT_3D('',#7797,#7798,#7799);
#6580=CARTESIAN_POINT('',(-4.395,-2.405,-1.6));
#6581=CARTESIAN_POINT('',(-3.895,-2.405,-1.6));
#6582=VECTOR('',#7800,0.5);
#6583=CARTESIAN_POINT('',(-4.395,-2.155,-1.6));
#6584=CARTESIAN_POINT('',(-4.395,-2.405,-1.6));
#6585=VECTOR('',#7801,0.25);
#6586=CARTESIAN_POINT('',(-3.895,-2.155,-1.6));
#6587=CARTESIAN_POINT('',(-4.395,-2.155,-1.6));
#6588=VECTOR('',#7802,0.5);
#6589=CARTESIAN_POINT('',(-3.595,-2.455,-1.6));
#6590=AXIS2_PLACEMENT_3D('',#7803,#7804,#7805);
#6591=CARTESIAN_POINT('',(-3.595,-2.455,-1.6));
#6592=VECTOR('',#7806,0.92);
#6593=CARTESIAN_POINT('',(3.845,-3.155,-1.38));
#6594=CARTESIAN_POINT('',(3.845,-3.155,-1.38));
#6595=VECTOR('',#7807,0.3111269837221);
#6596=CARTESIAN_POINT('',(3.845,-2.455,-1.38));
#6597=CARTESIAN_POINT('',(3.845,-2.455,-1.6));
#6598=VECTOR('',#7808,0.22);
#6599=CARTESIAN_POINT('',(3.845,-3.155,-1.38));
#6600=VECTOR('',#7809,0.7);
#6601=CARTESIAN_POINT('',(3.845,-3.425,-1.6));
#6602=VECTOR('',#7810,2.2);
#6603=CARTESIAN_POINT('',(3.859644660941,-2.419644660941,-1.394644660941));
#6604=CARTESIAN_POINT('',(4.065,-2.625,-1.6));
#6605=VECTOR('',#7811,0.3556858808563);
#6606=CARTESIAN_POINT('',(4.065,-3.375,-1.6));
#6607=VECTOR('',#7812,0.3810511776652);
#6608=CARTESIAN_POINT('',(3.845,-2.455,-1.38));
#6609=CARTESIAN_POINT('',(3.845,-2.439641341691,-1.38));
#6610=CARTESIAN_POINT('',(3.850777335431,-2.42851198645,-1.385777335431));
#6611=CARTESIAN_POINT('',(3.859644660941,-2.419644660941,-1.394644660941));
#6612=CARTESIAN_POINT('',(3.895,-2.405,-1.38));
#6613=CARTESIAN_POINT('',(3.895,-2.405,-1.6));
#6614=VECTOR('',#7813,0.22);
#6615=CARTESIAN_POINT('',(3.859644660941,-2.419644660941,-1.394644660941));
#6616=CARTESIAN_POINT('',(3.86851198645,-2.410777335431,-1.385777335431));
#6617=CARTESIAN_POINT('',(3.879641341691,-2.405,-1.38));
#6618=CARTESIAN_POINT('',(3.895,-2.405,-1.38));
#6619=CARTESIAN_POINT('',(4.395,-2.405,-1.38));
#6620=CARTESIAN_POINT('',(4.615,-2.625,-1.6));
#6621=VECTOR('',#7814,0.3810511776652);
#6622=CARTESIAN_POINT('',(4.395,-2.405,-1.38));
#6623=VECTOR('',#7815,0.5);
#6624=CARTESIAN_POINT('',(4.395,-2.405,-1.6));
#6625=VECTOR('',#7816,0.22);
#6626=CARTESIAN_POINT('',(4.395,-2.155,-1.38));
#6627=CARTESIAN_POINT('',(4.395,-2.155,-1.6));
#6628=VECTOR('',#7817,0.22);
#6629=CARTESIAN_POINT('',(4.395,-2.155,-1.38));
#6630=VECTOR('',#7818,0.25);
#6631=CARTESIAN_POINT('',(4.615,-1.935,-1.6));
#6632=VECTOR('',#7819,0.3810511776652);
#6633=CARTESIAN_POINT('',(3.595,-2.155,-1.38));
#6634=CARTESIAN_POINT('',(3.895,-2.155,-1.38));
#6635=CARTESIAN_POINT('',(3.595,-2.155,-1.38));
#6636=VECTOR('',#7820,0.3);
#6637=CARTESIAN_POINT('',(3.375,-1.935,-1.6));
#6638=VECTOR('',#7821,0.3810511776652);
#6639=CARTESIAN_POINT('',(3.895,-2.155,-1.38));
#6640=VECTOR('',#7822,0.5);
#6641=CARTESIAN_POINT('',(3.895,-2.155,-1.6));
#6642=VECTOR('',#7823,0.22);
#6643=CARTESIAN_POINT('',(3.895,-2.155,-1.1));
#6644=CARTESIAN_POINT('',(3.895,-2.155,-1.1));
#6645=VECTOR('',#7824,0.28);
#6646=CARTESIAN_POINT('',(3.595,-2.455,-1.1));
#6647=CARTESIAN_POINT('',(3.595,-2.455,-1.1));
#6648=VECTOR('',#7825,0.28);
#6649=AXIS2_PLACEMENT_3D('',#7826,#7827,#7828);
#6650=CARTESIAN_POINT('',(3.595,-2.155,-1.1));
#6651=CARTESIAN_POINT('',(3.595,-2.455,-1.1));
#6652=VECTOR('',#7829,0.3);
#6653=CARTESIAN_POINT('',(3.595,-2.155,-1.1));
#6654=VECTOR('',#7830,0.3);
#6655=CARTESIAN_POINT('',(-3.895,-2.155,-1.1));
#6656=CARTESIAN_POINT('',(-3.595,-2.155,-1.1));
#6657=CARTESIAN_POINT('',(-3.895,-2.155,-1.1));
#6658=VECTOR('',#7831,0.3);
#6659=CARTESIAN_POINT('',(-3.595,-2.455,-1.1));
#6660=CARTESIAN_POINT('',(-3.595,-2.155,-1.1));
#6661=VECTOR('',#7832,0.3);
#6662=AXIS2_PLACEMENT_3D('',#7833,#7834,#7835);
#6663=CARTESIAN_POINT('',(3.595,-2.155,-1.38));
#6664=VECTOR('',#7836,0.28);
#6665=CARTESIAN_POINT('',(3.595,-2.455,-1.38));
#6666=VECTOR('',#7837,0.3);
#6667=CARTESIAN_POINT('',(3.375,-3.375,-1.6));
#6668=VECTOR('',#7838,0.3810511776652);
#6669=CARTESIAN_POINT('',(-3.595,-2.455,-1.38));
#6670=CARTESIAN_POINT('',(-3.595,-2.455,-1.1));
#6671=VECTOR('',#7839,0.28);
#6672=CARTESIAN_POINT('',(-3.595,-2.455,-1.6));
#6673=VECTOR('',#7840,0.22);
#6674=CARTESIAN_POINT('',(-3.895,-2.155,-1.38));
#6675=CARTESIAN_POINT('',(-3.895,-2.155,-1.6));
#6676=VECTOR('',#7841,0.22);
#6677=CARTESIAN_POINT('',(-3.895,-2.155,-1.1));
#6678=VECTOR('',#7842,0.28);
#6679=CARTESIAN_POINT('',(-3.595,-2.155,-1.38));
#6680=CARTESIAN_POINT('',(-3.895,-2.155,-1.38));
#6681=VECTOR('',#7843,0.3);
#6682=CARTESIAN_POINT('',(-3.595,-2.155,-1.38));
#6683=VECTOR('',#7844,0.28);
#6684=CARTESIAN_POINT('',(-3.595,-2.155,-1.38));
#6685=VECTOR('',#7845,0.3);
#6686=CARTESIAN_POINT('',(-3.375,-1.935,-1.6));
#6687=VECTOR('',#7846,0.3810511776652);
#6688=CARTESIAN_POINT('',(-3.595,-3.155,-1.38));
#6689=CARTESIAN_POINT('',(-3.375,-3.375,-1.6));
#6690=VECTOR('',#7847,0.3810511776652);
#6691=CARTESIAN_POINT('',(-3.595,-3.155,-1.38));
#6692=VECTOR('',#7848,0.7);
#6693=CARTESIAN_POINT('',(-3.595,-3.425,-1.6));
#6694=VECTOR('',#7849,2.2);
#6695=CARTESIAN_POINT('',(-3.595,-3.155,-1.38));
#6696=VECTOR('',#7850,0.3111269837221);
#6697=CARTESIAN_POINT('',(-3.895,-3.725,-1.6));
#6698=VECTOR('',#7851,2.2);
#6699=CARTESIAN_POINT('',(-5.075,-3.725,0.4));
#6700=CARTESIAN_POINT('',(-4.875,-3.725,0.6));
#6701=VECTOR('',#7852,0.2828427124746);
#6702=CARTESIAN_POINT('',(-5.075,-3.725,-1.4));
#6703=CARTESIAN_POINT('',(-5.075,-3.725,-1.4));
#6704=VECTOR('',#7853,1.8);
#6705=CARTESIAN_POINT('',(-4.875,-3.725,-1.6));
#6706=VECTOR('',#7854,0.2828427124746);
#6707=CARTESIAN_POINT('',(-5.075,-3.475,-1.4));
#6708=CARTESIAN_POINT('',(-5.075,-3.725,-1.4));
#6709=VECTOR('',#7855,0.25);
#6710=CARTESIAN_POINT('',(-4.875,-3.475,-1.6));
#6711=VECTOR('',#7856,0.2828427124746);
#6712=CARTESIAN_POINT('',(-5.075,-3.475,0.4));
#6713=CARTESIAN_POINT('',(-5.075,-3.475,-1.4));
#6714=VECTOR('',#7857,1.8);
#6715=CARTESIAN_POINT('',(-4.875,-3.475,0.6));
#6716=VECTOR('',#7858,0.2828427124746);
#6717=CARTESIAN_POINT('',(-3.895,-3.475,-1.6));
#6718=VECTOR('',#7859,2.2);
#6719=CARTESIAN_POINT('',(-3.845,-3.425,-1.6));
#6720=VECTOR('',#7860,2.2);
#6721=CARTESIAN_POINT('',(-3.845,-3.155,-1.38));
#6722=CARTESIAN_POINT('',(-3.845,-2.455,-1.38));
#6723=CARTESIAN_POINT('',(-3.845,-3.155,-1.38));
#6724=VECTOR('',#7861,0.7);
#6725=CARTESIAN_POINT('',(-3.845,-2.455,-1.6));
#6726=VECTOR('',#7862,0.22);
#6727=CARTESIAN_POINT('',(-3.845,-3.155,-1.38));
#6728=VECTOR('',#7863,0.3111269837221);
#6729=CARTESIAN_POINT('',(-4.065,-3.375,-1.6));
#6730=VECTOR('',#7864,0.3810511776652);
#6731=CARTESIAN_POINT('',(-3.859644660941,-2.419644660941,-1.394644660941));
#6732=CARTESIAN_POINT('',(-4.065,-2.625,-1.6));
#6733=VECTOR('',#7865,0.3556858808563);
#6734=CARTESIAN_POINT('',(-3.859644660941,-2.419644660941,-1.394644660941));
#6735=CARTESIAN_POINT('',(-3.850777335431,-2.42851198645,-1.385777335431));
#6736=CARTESIAN_POINT('',(-3.845,-2.439641341691,-1.38));
#6737=CARTESIAN_POINT('',(-3.845,-2.455,-1.38));
#6738=CARTESIAN_POINT('',(-3.895,-2.405,-1.38));
#6739=CARTESIAN_POINT('',(-3.895,-2.405,-1.38));
#6740=CARTESIAN_POINT('',(-3.879641341691,-2.405,-1.38));
#6741=CARTESIAN_POINT('',(-3.86851198645,-2.410777335431,-1.385777335431));
#6742=CARTESIAN_POINT('',(-3.859644660941,-2.419644660941,-1.394644660941));
#6743=CARTESIAN_POINT('',(-3.895,-2.405,-1.6));
#6744=VECTOR('',#7866,0.22);
#6745=CARTESIAN_POINT('',(-4.395,-2.405,-1.38));
#6746=CARTESIAN_POINT('',(-4.395,-2.405,-1.6));
#6747=VECTOR('',#7867,0.22);
#6748=CARTESIAN_POINT('',(-3.895,-2.405,-1.38));
#6749=VECTOR('',#7868,0.5);
#6750=CARTESIAN_POINT('',(-4.615,-2.625,-1.6));
#6751=VECTOR('',#7869,0.3810511776652);
#6752=CARTESIAN_POINT('',(-4.395,-2.155,-1.38));
#6753=CARTESIAN_POINT('',(-4.615,-1.935,-1.6));
#6754=VECTOR('',#7870,0.3810511776652);
#6755=CARTESIAN_POINT('',(-4.395,-2.405,-1.38));
#6756=VECTOR('',#7871,0.25);
#6757=CARTESIAN_POINT('',(-4.395,-2.155,-1.6));
#6758=VECTOR('',#7872,0.22);
#6759=CARTESIAN_POINT('',(-4.395,-2.155,-1.38));
#6760=VECTOR('',#7873,0.5);
#6761=CARTESIAN_POINT('',(-5.075,-3.725,0.4));
#6762=VECTOR('',#7874,0.25);
#6763=CARTESIAN_POINT('',(3.895,-3.475,-1.6));
#6764=VECTOR('',#7875,2.2);
#6765=CARTESIAN_POINT('',(5.075,-3.475,0.4));
#6766=CARTESIAN_POINT('',(4.875,-3.475,0.6));
#6767=VECTOR('',#7876,0.2828427124746);
#6768=CARTESIAN_POINT('',(5.075,-3.475,-1.4));
#6769=CARTESIAN_POINT('',(5.075,-3.475,-1.4));
#6770=VECTOR('',#7877,1.8);
#6771=CARTESIAN_POINT('',(4.875,-3.475,-1.6));
#6772=VECTOR('',#7878,0.2828427124746);
#6773=CARTESIAN_POINT('',(5.075,-3.725,-1.4));
#6774=CARTESIAN_POINT('',(5.075,-3.475,-1.4));
#6775=VECTOR('',#7879,0.25);
#6776=CARTESIAN_POINT('',(4.875,-3.725,-1.6));
#6777=VECTOR('',#7880,0.2828427124746);
#6778=CARTESIAN_POINT('',(5.075,-3.725,0.4));
#6779=CARTESIAN_POINT('',(5.075,-3.725,-1.4));
#6780=VECTOR('',#7881,1.8);
#6781=CARTESIAN_POINT('',(4.875,-3.725,0.6));
#6782=VECTOR('',#7882,0.2828427124746);
#6783=CARTESIAN_POINT('',(5.075,-3.475,0.4));
#6784=VECTOR('',#7883,0.25);
#6785=CARTESIAN_POINT('',(-3.575,-1.075,1.2));
#6786=CARTESIAN_POINT('',(-3.575,-1.075,1.2));
#6787=VECTOR('',#7884,0.2828427124746);
#6788=CARTESIAN_POINT('',(-4.875,-1.075,1.2));
#6789=CARTESIAN_POINT('',(-4.875,-1.075,1.2));
#6790=VECTOR('',#7885,1.3);
#6791=CARTESIAN_POINT('',(-4.875,-3.075,1.2));
#6792=CARTESIAN_POINT('',(-4.875,-3.075,1.2));
#6793=VECTOR('',#7886,2.0);
#6794=CARTESIAN_POINT('',(-4.575,-3.375,1.2));
#6795=VECTOR('',#7887,0.4242640687119);
#6796=CARTESIAN_POINT('',(4.875,-3.075,1.2));
#6797=CARTESIAN_POINT('',(4.875,-3.075,1.2));
#6798=VECTOR('',#7888,0.4242640687119);
#6799=CARTESIAN_POINT('',(4.875,-1.075,1.2));
#6800=CARTESIAN_POINT('',(4.875,-1.075,1.2));
#6801=VECTOR('',#7889,2.0);
#6802=CARTESIAN_POINT('',(3.575,-1.075,1.2));
#6803=CARTESIAN_POINT('',(3.575,-1.075,1.2));
#6804=VECTOR('',#7890,1.3);
#6805=CARTESIAN_POINT('',(3.375,-0.875,1.2));
#6806=VECTOR('',#7891,0.2828427124746);
#6807=CARTESIAN_POINT('',(-4.875,-3.075,-1.6));
#6808=VECTOR('',#7892,2.8);
#6809=CARTESIAN_POINT('',(-4.875,-1.075,-1.6));
#6810=VECTOR('',#7893,2.8);
#6811=CARTESIAN_POINT('',(-3.575,-1.075,-1.6));
#6812=VECTOR('',#7894,2.8);
#6813=CARTESIAN_POINT('',(3.575,-1.075,-1.6));
#6814=VECTOR('',#7895,2.8);
#6815=CARTESIAN_POINT('',(4.875,-1.075,-1.6));
#6816=VECTOR('',#7896,2.8);
#6817=CARTESIAN_POINT('',(4.875,-3.075,-1.6));
#6818=VECTOR('',#7897,2.8);
#6819=CARTESIAN_POINT('',(1.715,-0.225,-0.075));
#6820=CARTESIAN_POINT('',(1.715,-1.975,-0.075));
#6821=VECTOR('',#7898,1.75);
#6822=CARTESIAN_POINT('',(1.715,-0.225,-0.875));
#6823=CARTESIAN_POINT('',(1.715,-0.225,-0.875));
#6824=VECTOR('',#7899,0.8);
#6825=CARTESIAN_POINT('',(1.715,-1.975,-0.875));
#6826=VECTOR('',#7900,1.75);
#6827=CARTESIAN_POINT('',(2.035,-0.225,-0.875));
#6828=CARTESIAN_POINT('',(2.035,-0.225,-0.875));
#6829=VECTOR('',#7901,0.32);
#6830=CARTESIAN_POINT('',(2.035,-1.975,-0.875));
#6831=VECTOR('',#7902,1.75);
#6832=CARTESIAN_POINT('',(2.035,-0.225,-0.075));
#6833=CARTESIAN_POINT('',(2.035,-0.225,-0.075));
#6834=VECTOR('',#7903,0.8);
#6835=CARTESIAN_POINT('',(2.035,-1.975,-0.075));
#6836=VECTOR('',#7904,1.75);
#6837=CARTESIAN_POINT('',(1.715,-0.225,-0.075));
#6838=VECTOR('',#7905,0.32);
#6839=CARTESIAN_POINT('',(1.935,0.275,-0.15));
#6840=CARTESIAN_POINT('',(2.035,-0.225,-0.075));
#6841=VECTOR('',#7906,0.5153882032022);
#6842=CARTESIAN_POINT('',(1.815,0.275,-0.15));
#6843=CARTESIAN_POINT('',(1.815,0.275,-0.15));
#6844=VECTOR('',#7907,0.12);
#6845=CARTESIAN_POINT('',(1.715,-0.225,-0.075));
#6846=VECTOR('',#7908,0.5153882032022);
#6847=CARTESIAN_POINT('',(1.815,0.275,-0.75));
#6848=CARTESIAN_POINT('',(1.815,0.275,-0.75));
#6849=VECTOR('',#7909,0.6);
#6850=CARTESIAN_POINT('',(1.715,-0.225,-0.875));
#6851=VECTOR('',#7910,0.525);
#6852=CARTESIAN_POINT('',(1.935,0.275,-0.75));
#6853=CARTESIAN_POINT('',(1.935,0.275,-0.75));
#6854=VECTOR('',#7911,0.12);
#6855=CARTESIAN_POINT('',(2.035,-0.225,-0.875));
#6856=VECTOR('',#7912,0.525);
#6857=CARTESIAN_POINT('',(1.935,0.275,-0.15));
#6858=VECTOR('',#7913,0.6);
#6859=CARTESIAN_POINT('',(0.465,-0.225,-0.075));
#6860=CARTESIAN_POINT('',(0.465,-1.975,-0.075));
#6861=VECTOR('',#7914,1.75);
#6862=CARTESIAN_POINT('',(0.465,-0.225,-0.875));
#6863=CARTESIAN_POINT('',(0.465,-0.225,-0.875));
#6864=VECTOR('',#7915,0.8);
#6865=CARTESIAN_POINT('',(0.465,-1.975,-0.875));
#6866=VECTOR('',#7916,1.75);
#6867=CARTESIAN_POINT('',(0.785,-0.225,-0.875));
#6868=CARTESIAN_POINT('',(0.785,-0.225,-0.875));
#6869=VECTOR('',#7917,0.32);
#6870=CARTESIAN_POINT('',(0.785,-1.975,-0.875));
#6871=VECTOR('',#7918,1.75);
#6872=CARTESIAN_POINT('',(0.785,-0.225,-0.075));
#6873=CARTESIAN_POINT('',(0.785,-0.225,-0.075));
#6874=VECTOR('',#7919,0.8);
#6875=CARTESIAN_POINT('',(0.785,-1.975,-0.075));
#6876=VECTOR('',#7920,1.75);
#6877=CARTESIAN_POINT('',(0.465,-0.225,-0.075));
#6878=VECTOR('',#7921,0.32);
#6879=CARTESIAN_POINT('',(0.685,0.275,-0.15));
#6880=CARTESIAN_POINT('',(0.785,-0.225,-0.075));
#6881=VECTOR('',#7922,0.5153882032022);
#6882=CARTESIAN_POINT('',(0.565,0.275,-0.15));
#6883=CARTESIAN_POINT('',(0.565,0.275,-0.15));
#6884=VECTOR('',#7923,0.12);
#6885=CARTESIAN_POINT('',(0.465,-0.225,-0.075));
#6886=VECTOR('',#7924,0.5153882032022);
#6887=CARTESIAN_POINT('',(0.565,0.275,-0.75));
#6888=CARTESIAN_POINT('',(0.565,0.275,-0.75));
#6889=VECTOR('',#7925,0.6);
#6890=CARTESIAN_POINT('',(0.465,-0.225,-0.875));
#6891=VECTOR('',#7926,0.525);
#6892=CARTESIAN_POINT('',(0.685,0.275,-0.75));
#6893=CARTESIAN_POINT('',(0.685,0.275,-0.75));
#6894=VECTOR('',#7927,0.12);
#6895=CARTESIAN_POINT('',(0.785,-0.225,-0.875));
#6896=VECTOR('',#7928,0.525);
#6897=CARTESIAN_POINT('',(0.685,0.275,-0.15));
#6898=VECTOR('',#7929,0.6);
#6899=CARTESIAN_POINT('',(-0.785,-0.225,-0.075));
#6900=CARTESIAN_POINT('',(-0.785,-1.975,-0.075));
#6901=VECTOR('',#7930,1.75);
#6902=CARTESIAN_POINT('',(-0.785,-0.225,-0.875));
#6903=CARTESIAN_POINT('',(-0.785,-0.225,-0.875));
#6904=VECTOR('',#7931,0.8);
#6905=CARTESIAN_POINT('',(-0.785,-1.975,-0.875));
#6906=VECTOR('',#7932,1.75);
#6907=CARTESIAN_POINT('',(-0.465,-0.225,-0.875));
#6908=CARTESIAN_POINT('',(-0.465,-0.225,-0.875));
#6909=VECTOR('',#7933,0.32);
#6910=CARTESIAN_POINT('',(-0.465,-1.975,-0.875));
#6911=VECTOR('',#7934,1.75);
#6912=CARTESIAN_POINT('',(-0.465,-0.225,-0.075));
#6913=CARTESIAN_POINT('',(-0.465,-0.225,-0.075));
#6914=VECTOR('',#7935,0.8);
#6915=CARTESIAN_POINT('',(-0.465,-1.975,-0.075));
#6916=VECTOR('',#7936,1.75);
#6917=CARTESIAN_POINT('',(-0.785,-0.225,-0.075));
#6918=VECTOR('',#7937,0.32);
#6919=CARTESIAN_POINT('',(-0.565,0.275,-0.15));
#6920=CARTESIAN_POINT('',(-0.465,-0.225,-0.075));
#6921=VECTOR('',#7938,0.5153882032022);
#6922=CARTESIAN_POINT('',(-0.685,0.275,-0.15));
#6923=CARTESIAN_POINT('',(-0.685,0.275,-0.15));
#6924=VECTOR('',#7939,0.12);
#6925=CARTESIAN_POINT('',(-0.785,-0.225,-0.075));
#6926=VECTOR('',#7940,0.5153882032022);
#6927=CARTESIAN_POINT('',(-0.685,0.275,-0.75));
#6928=CARTESIAN_POINT('',(-0.685,0.275,-0.75));
#6929=VECTOR('',#7941,0.6);
#6930=CARTESIAN_POINT('',(-0.785,-0.225,-0.875));
#6931=VECTOR('',#7942,0.525);
#6932=CARTESIAN_POINT('',(-0.565,0.275,-0.75));
#6933=CARTESIAN_POINT('',(-0.565,0.275,-0.75));
#6934=VECTOR('',#7943,0.12);
#6935=CARTESIAN_POINT('',(-0.465,-0.225,-0.875));
#6936=VECTOR('',#7944,0.525);
#6937=CARTESIAN_POINT('',(-0.565,0.275,-0.15));
#6938=VECTOR('',#7945,0.6);
#6939=CARTESIAN_POINT('',(-2.035,-0.225,-0.075));
#6940=CARTESIAN_POINT('',(-2.035,-1.975,-0.075));
#6941=VECTOR('',#7946,1.75);
#6942=CARTESIAN_POINT('',(-2.035,-0.225,-0.875));
#6943=CARTESIAN_POINT('',(-2.035,-0.225,-0.875));
#6944=VECTOR('',#7947,0.8);
#6945=CARTESIAN_POINT('',(-2.035,-1.975,-0.875));
#6946=VECTOR('',#7948,1.75);
#6947=CARTESIAN_POINT('',(-1.715,-0.225,-0.875));
#6948=CARTESIAN_POINT('',(-1.715,-0.225,-0.875));
#6949=VECTOR('',#7949,0.32);
#6950=CARTESIAN_POINT('',(-1.715,-1.975,-0.875));
#6951=VECTOR('',#7950,1.75);
#6952=CARTESIAN_POINT('',(-1.715,-0.225,-0.075));
#6953=CARTESIAN_POINT('',(-1.715,-0.225,-0.075));
#6954=VECTOR('',#7951,0.8);
#6955=CARTESIAN_POINT('',(-1.715,-1.975,-0.075));
#6956=VECTOR('',#7952,1.75);
#6957=CARTESIAN_POINT('',(-2.035,-0.225,-0.075));
#6958=VECTOR('',#7953,0.32);
#6959=CARTESIAN_POINT('',(-1.815,0.275,-0.15));
#6960=CARTESIAN_POINT('',(-1.715,-0.225,-0.075));
#6961=VECTOR('',#7954,0.5153882032022);
#6962=CARTESIAN_POINT('',(-1.935,0.275,-0.15));
#6963=CARTESIAN_POINT('',(-1.935,0.275,-0.15));
#6964=VECTOR('',#7955,0.12);
#6965=CARTESIAN_POINT('',(-2.035,-0.225,-0.075));
#6966=VECTOR('',#7956,0.5153882032022);
#6967=CARTESIAN_POINT('',(-1.935,0.275,-0.75));
#6968=CARTESIAN_POINT('',(-1.935,0.275,-0.75));
#6969=VECTOR('',#7957,0.6);
#6970=CARTESIAN_POINT('',(-2.035,-0.225,-0.875));
#6971=VECTOR('',#7958,0.525);
#6972=CARTESIAN_POINT('',(-1.815,0.275,-0.75));
#6973=CARTESIAN_POINT('',(-1.815,0.275,-0.75));
#6974=VECTOR('',#7959,0.12);
#6975=CARTESIAN_POINT('',(-1.715,-0.225,-0.875));
#6976=VECTOR('',#7960,0.525);
#6977=CARTESIAN_POINT('',(-1.815,0.275,-0.15));
#6978=VECTOR('',#7961,0.6);
#6979=CARTESIAN_POINT('',(1.05,-0.475,-1.2));
#6980=VECTOR('',#7962,0.4);
#6981=CARTESIAN_POINT('',(0.7,-0.475,-1.6));
#6982=VECTOR('',#7963,0.4031128874149);
#6983=CARTESIAN_POINT('',(1.75,-0.475,-1.2));
#6984=VECTOR('',#7964,0.4031128874149);
#6985=CARTESIAN_POINT('',(0.7,-1.625,-1.6));
#6986=VECTOR('',#7965,0.4031128874149);
#6987=CARTESIAN_POINT('',(1.75,-1.625,-1.2));
#6988=VECTOR('',#7966,0.4031128874149);
#6989=CARTESIAN_POINT('',(-1.05,-3.075,-1.6));
#6990=VECTOR('',#7967,3.7);
#6991=CARTESIAN_POINT('',(-0.2,-3.075,-1.6));
#6992=VECTOR('',#7968,3.7);
#6993=CARTESIAN_POINT('',(-0.785,-3.075,-0.9));
#6994=CARTESIAN_POINT('',(-0.465,-3.075,-0.9));
#6995=CARTESIAN_POINT('',(-0.785,-3.075,-0.9));
#6996=VECTOR('',#7969,0.32);
#6997=CARTESIAN_POINT('',(-0.785,-3.075,1.57));
#6998=CARTESIAN_POINT('',(-0.785,-3.075,1.57));
#6999=VECTOR('',#7970,2.47);
#7000=CARTESIAN_POINT('',(-0.465,-3.075,1.57));
#7001=CARTESIAN_POINT('',(-0.785,-3.075,1.57));
#7002=VECTOR('',#7971,0.32);
#7003=CARTESIAN_POINT('',(-0.465,-3.075,1.57));
#7004=VECTOR('',#7972,2.47);
#7005=CARTESIAN_POINT('',(-0.465,-3.325,2.003012701892));
#7006=CARTESIAN_POINT('',(-0.465,-3.075,1.57));
#7007=VECTOR('',#7973,0.5);
#7008=CARTESIAN_POINT('',(-0.465,-3.325,2.5));
#7009=CARTESIAN_POINT('',(-0.465,-3.325,2.003012701892));
#7010=VECTOR('',#7974,0.4969872981078);
#7011=CARTESIAN_POINT('',(-0.465,-3.425,2.6));
#7012=CARTESIAN_POINT('',(-0.465,-3.325,2.5));
#7013=VECTOR('',#7975,0.1414213562373);
#7014=CARTESIAN_POINT('',(-0.465,-3.675,2.6));
#7015=CARTESIAN_POINT('',(-0.465,-3.425,2.6));
#7016=VECTOR('',#7976,0.25);
#7017=CARTESIAN_POINT('',(-0.465,-3.775,2.5));
#7018=CARTESIAN_POINT('',(-0.465,-3.675,2.6));
#7019=VECTOR('',#7977,0.1414213562373);
#7020=CARTESIAN_POINT('',(-0.465,-3.775,2.0));
#7021=CARTESIAN_POINT('',(-0.465,-3.775,2.5));
#7022=VECTOR('',#7978,0.5);
#7023=CARTESIAN_POINT('',(-0.465,-3.525,1.566987298108));
#7024=CARTESIAN_POINT('',(-0.465,-3.775,2.0));
#7025=VECTOR('',#7979,0.5);
#7026=CARTESIAN_POINT('',(-0.465,-3.525,-0.9));
#7027=CARTESIAN_POINT('',(-0.465,-3.525,1.566987298108));
#7028=VECTOR('',#7980,2.466987298108);
#7029=CARTESIAN_POINT('',(-0.465,-3.525,-0.9));
#7030=VECTOR('',#7981,0.45);
#7031=CARTESIAN_POINT('',(-0.785,-3.525,-0.9));
#7032=CARTESIAN_POINT('',(-0.465,-3.525,-0.9));
#7033=VECTOR('',#7982,0.32);
#7034=CARTESIAN_POINT('',(-0.785,-3.525,-0.9));
#7035=VECTOR('',#7983,0.45);
#7036=CARTESIAN_POINT('',(-0.785,-3.525,1.566987298108));
#7037=CARTESIAN_POINT('',(-0.785,-3.525,1.566987298108));
#7038=VECTOR('',#7984,2.466987298108);
#7039=CARTESIAN_POINT('',(-0.785,-3.775,2.0));
#7040=CARTESIAN_POINT('',(-0.785,-3.775,2.0));
#7041=VECTOR('',#7985,0.5);
#7042=CARTESIAN_POINT('',(-0.785,-3.775,2.5));
#7043=CARTESIAN_POINT('',(-0.785,-3.775,2.5));
#7044=VECTOR('',#7986,0.5);
#7045=CARTESIAN_POINT('',(-0.785,-3.675,2.6));
#7046=CARTESIAN_POINT('',(-0.785,-3.675,2.6));
#7047=VECTOR('',#7987,0.1414213562373);
#7048=CARTESIAN_POINT('',(-0.785,-3.425,2.6));
#7049=CARTESIAN_POINT('',(-0.785,-3.425,2.6));
#7050=VECTOR('',#7988,0.25);
#7051=CARTESIAN_POINT('',(-0.785,-3.325,2.5));
#7052=CARTESIAN_POINT('',(-0.785,-3.325,2.5));
#7053=VECTOR('',#7989,0.1414213562373);
#7054=CARTESIAN_POINT('',(-0.785,-3.325,2.003012701892));
#7055=CARTESIAN_POINT('',(-0.785,-3.325,2.003012701892));
#7056=VECTOR('',#7990,0.4969872981078);
#7057=CARTESIAN_POINT('',(-0.785,-3.075,1.57));
#7058=VECTOR('',#7991,0.5);
#7059=CARTESIAN_POINT('',(-0.465,-3.325,2.003012701892));
#7060=VECTOR('',#7992,0.32);
#7061=CARTESIAN_POINT('',(-0.465,-3.325,2.5));
#7062=VECTOR('',#7993,0.32);
#7063=CARTESIAN_POINT('',(-0.465,-3.425,2.6));
#7064=VECTOR('',#7994,0.32);
#7065=CARTESIAN_POINT('',(-0.465,-3.675,2.6));
#7066=VECTOR('',#7995,0.32);
#7067=CARTESIAN_POINT('',(-0.465,-3.775,2.5));
#7068=VECTOR('',#7996,0.32);
#7069=CARTESIAN_POINT('',(-0.465,-3.775,2.0));
#7070=VECTOR('',#7997,0.32);
#7071=CARTESIAN_POINT('',(-0.465,-3.525,1.566987298108));
#7072=VECTOR('',#7998,0.32);
#7073=CARTESIAN_POINT('',(0.2,-3.075,-1.6));
#7074=VECTOR('',#7999,3.7);
#7075=CARTESIAN_POINT('',(1.05,-3.075,-1.6));
#7076=VECTOR('',#8000,3.7);
#7077=CARTESIAN_POINT('',(0.465,-3.075,-0.9));
#7078=CARTESIAN_POINT('',(0.785,-3.075,-0.9));
#7079=CARTESIAN_POINT('',(0.465,-3.075,-0.9));
#7080=VECTOR('',#8001,0.32);
#7081=CARTESIAN_POINT('',(0.465,-3.075,1.57));
#7082=CARTESIAN_POINT('',(0.465,-3.075,1.57));
#7083=VECTOR('',#8002,2.47);
#7084=CARTESIAN_POINT('',(0.785,-3.075,1.57));
#7085=CARTESIAN_POINT('',(0.465,-3.075,1.57));
#7086=VECTOR('',#8003,0.32);
#7087=CARTESIAN_POINT('',(0.785,-3.075,1.57));
#7088=VECTOR('',#8004,2.47);
#7089=CARTESIAN_POINT('',(0.785,-3.325,2.003012701892));
#7090=CARTESIAN_POINT('',(0.785,-3.075,1.57));
#7091=VECTOR('',#8005,0.5);
#7092=CARTESIAN_POINT('',(0.785,-3.325,2.5));
#7093=CARTESIAN_POINT('',(0.785,-3.325,2.003012701892));
#7094=VECTOR('',#8006,0.4969872981078);
#7095=CARTESIAN_POINT('',(0.785,-3.425,2.6));
#7096=CARTESIAN_POINT('',(0.785,-3.325,2.5));
#7097=VECTOR('',#8007,0.1414213562373);
#7098=CARTESIAN_POINT('',(0.785,-3.675,2.6));
#7099=CARTESIAN_POINT('',(0.785,-3.425,2.6));
#7100=VECTOR('',#8008,0.25);
#7101=CARTESIAN_POINT('',(0.785,-3.775,2.5));
#7102=CARTESIAN_POINT('',(0.785,-3.675,2.6));
#7103=VECTOR('',#8009,0.1414213562373);
#7104=CARTESIAN_POINT('',(0.785,-3.775,2.0));
#7105=CARTESIAN_POINT('',(0.785,-3.775,2.5));
#7106=VECTOR('',#8010,0.5);
#7107=CARTESIAN_POINT('',(0.785,-3.525,1.566987298108));
#7108=CARTESIAN_POINT('',(0.785,-3.775,2.0));
#7109=VECTOR('',#8011,0.5);
#7110=CARTESIAN_POINT('',(0.785,-3.525,-0.9));
#7111=CARTESIAN_POINT('',(0.785,-3.525,1.566987298108));
#7112=VECTOR('',#8012,2.466987298108);
#7113=CARTESIAN_POINT('',(0.785,-3.525,-0.9));
#7114=VECTOR('',#8013,0.45);
#7115=CARTESIAN_POINT('',(0.465,-3.525,-0.9));
#7116=CARTESIAN_POINT('',(0.785,-3.525,-0.9));
#7117=VECTOR('',#8014,0.32);
#7118=CARTESIAN_POINT('',(0.465,-3.525,-0.9));
#7119=VECTOR('',#8015,0.45);
#7120=CARTESIAN_POINT('',(0.465,-3.525,1.566987298108));
#7121=CARTESIAN_POINT('',(0.465,-3.525,1.566987298108));
#7122=VECTOR('',#8016,2.466987298108);
#7123=CARTESIAN_POINT('',(0.465,-3.775,2.0));
#7124=CARTESIAN_POINT('',(0.465,-3.775,2.0));
#7125=VECTOR('',#8017,0.5);
#7126=CARTESIAN_POINT('',(0.465,-3.775,2.5));
#7127=CARTESIAN_POINT('',(0.465,-3.775,2.5));
#7128=VECTOR('',#8018,0.5);
#7129=CARTESIAN_POINT('',(0.465,-3.675,2.6));
#7130=CARTESIAN_POINT('',(0.465,-3.675,2.6));
#7131=VECTOR('',#8019,0.1414213562373);
#7132=CARTESIAN_POINT('',(0.465,-3.425,2.6));
#7133=CARTESIAN_POINT('',(0.465,-3.425,2.6));
#7134=VECTOR('',#8020,0.25);
#7135=CARTESIAN_POINT('',(0.465,-3.325,2.5));
#7136=CARTESIAN_POINT('',(0.465,-3.325,2.5));
#7137=VECTOR('',#8021,0.1414213562373);
#7138=CARTESIAN_POINT('',(0.465,-3.325,2.003012701892));
#7139=CARTESIAN_POINT('',(0.465,-3.325,2.003012701892));
#7140=VECTOR('',#8022,0.4969872981078);
#7141=CARTESIAN_POINT('',(0.465,-3.075,1.57));
#7142=VECTOR('',#8023,0.5);
#7143=CARTESIAN_POINT('',(0.785,-3.325,2.003012701892));
#7144=VECTOR('',#8024,0.32);
#7145=CARTESIAN_POINT('',(0.785,-3.325,2.5));
#7146=VECTOR('',#8025,0.32);
#7147=CARTESIAN_POINT('',(0.785,-3.425,2.6));
#7148=VECTOR('',#8026,0.32);
#7149=CARTESIAN_POINT('',(0.785,-3.675,2.6));
#7150=VECTOR('',#8027,0.32);
#7151=CARTESIAN_POINT('',(0.785,-3.775,2.5));
#7152=VECTOR('',#8028,0.32);
#7153=CARTESIAN_POINT('',(0.785,-3.775,2.0));
#7154=VECTOR('',#8029,0.32);
#7155=CARTESIAN_POINT('',(0.785,-3.525,1.566987298108));
#7156=VECTOR('',#8030,0.32);
#7157=CARTESIAN_POINT('',(2.875,-2.25,-1.4));
#7158=CARTESIAN_POINT('',(2.875,-2.25,-1.4));
#7159=VECTOR('',#8031,0.2);
#7160=CARTESIAN_POINT('',(2.375,-2.25,-1.4));
#7161=CARTESIAN_POINT('',(2.375,-2.25,-1.4));
#7162=VECTOR('',#8032,0.5);
#7163=CARTESIAN_POINT('',(2.075,-2.25,-1.6));
#7164=VECTOR('',#8033,0.3605551275464);
#7165=CARTESIAN_POINT('',(2.375,-2.85,-1.4));
#7166=CARTESIAN_POINT('',(2.375,-2.25,-1.4));
#7167=VECTOR('',#8034,0.6);
#7168=CARTESIAN_POINT('',(2.075,-2.85,-1.6));
#7169=VECTOR('',#8035,0.3605551275464);
#7170=CARTESIAN_POINT('',(2.875,-2.85,-1.4));
#7171=CARTESIAN_POINT('',(2.375,-2.85,-1.4));
#7172=VECTOR('',#8036,0.5);
#7173=CARTESIAN_POINT('',(2.875,-2.85,-1.4));
#7174=VECTOR('',#8037,0.2);
#7175=CARTESIAN_POINT('',(2.875,-2.25,-1.4));
#7176=VECTOR('',#8038,0.6);
#7177=CARTESIAN_POINT('',(1.625,-2.25,-1.4));
#7178=CARTESIAN_POINT('',(1.625,-2.25,-1.4));
#7179=VECTOR('',#8039,0.2);
#7180=CARTESIAN_POINT('',(1.125,-2.25,-1.4));
#7181=CARTESIAN_POINT('',(1.125,-2.25,-1.4));
#7182=VECTOR('',#8040,0.5);
#7183=CARTESIAN_POINT('',(0.825,-2.25,-1.6));
#7184=VECTOR('',#8041,0.3605551275464);
#7185=CARTESIAN_POINT('',(1.125,-2.85,-1.4));
#7186=CARTESIAN_POINT('',(1.125,-2.25,-1.4));
#7187=VECTOR('',#8042,0.6);
#7188=CARTESIAN_POINT('',(0.825,-2.85,-1.6));
#7189=VECTOR('',#8043,0.3605551275464);
#7190=CARTESIAN_POINT('',(1.625,-2.85,-1.4));
#7191=CARTESIAN_POINT('',(1.125,-2.85,-1.4));
#7192=VECTOR('',#8044,0.5);
#7193=CARTESIAN_POINT('',(1.625,-2.85,-1.4));
#7194=VECTOR('',#8045,0.2);
#7195=CARTESIAN_POINT('',(1.625,-2.25,-1.4));
#7196=VECTOR('',#8046,0.6);
#7197=CARTESIAN_POINT('',(0.375,-2.25,-1.4));
#7198=CARTESIAN_POINT('',(0.375,-2.25,-1.4));
#7199=VECTOR('',#8047,0.2);
#7200=CARTESIAN_POINT('',(-0.125,-2.25,-1.4));
#7201=CARTESIAN_POINT('',(-0.125,-2.25,-1.4));
#7202=VECTOR('',#8048,0.5);
#7203=CARTESIAN_POINT('',(-0.425,-2.25,-1.6));
#7204=VECTOR('',#8049,0.3605551275464);
#7205=CARTESIAN_POINT('',(-0.125,-2.85,-1.4));
#7206=CARTESIAN_POINT('',(-0.125,-2.25,-1.4));
#7207=VECTOR('',#8050,0.6);
#7208=CARTESIAN_POINT('',(-0.425,-2.85,-1.6));
#7209=VECTOR('',#8051,0.3605551275464);
#7210=CARTESIAN_POINT('',(0.375,-2.85,-1.4));
#7211=CARTESIAN_POINT('',(-0.125,-2.85,-1.4));
#7212=VECTOR('',#8052,0.5);
#7213=CARTESIAN_POINT('',(0.375,-2.85,-1.4));
#7214=VECTOR('',#8053,0.2);
#7215=CARTESIAN_POINT('',(0.375,-2.25,-1.4));
#7216=VECTOR('',#8054,0.6);
#7217=CARTESIAN_POINT('',(-0.875,-2.25,-1.4));
#7218=CARTESIAN_POINT('',(-0.875,-2.25,-1.4));
#7219=VECTOR('',#8055,0.2);
#7220=CARTESIAN_POINT('',(-1.375,-2.25,-1.4));
#7221=CARTESIAN_POINT('',(-1.375,-2.25,-1.4));
#7222=VECTOR('',#8056,0.5);
#7223=CARTESIAN_POINT('',(-1.675,-2.25,-1.6));
#7224=VECTOR('',#8057,0.3605551275464);
#7225=CARTESIAN_POINT('',(-1.375,-2.85,-1.4));
#7226=CARTESIAN_POINT('',(-1.375,-2.25,-1.4));
#7227=VECTOR('',#8058,0.6);
#7228=CARTESIAN_POINT('',(-1.675,-2.85,-1.6));
#7229=VECTOR('',#8059,0.3605551275464);
#7230=CARTESIAN_POINT('',(-0.875,-2.85,-1.4));
#7231=CARTESIAN_POINT('',(-1.375,-2.85,-1.4));
#7232=VECTOR('',#8060,0.5);
#7233=CARTESIAN_POINT('',(-0.875,-2.85,-1.4));
#7234=VECTOR('',#8061,0.2);
#7235=CARTESIAN_POINT('',(-0.875,-2.25,-1.4));
#7236=VECTOR('',#8062,0.6);
#7237=CARTESIAN_POINT('',(-2.125,-2.25,-1.4));
#7238=CARTESIAN_POINT('',(-2.125,-2.25,-1.4));
#7239=VECTOR('',#8063,0.2);
#7240=CARTESIAN_POINT('',(-2.625,-2.25,-1.4));
#7241=CARTESIAN_POINT('',(-2.625,-2.25,-1.4));
#7242=VECTOR('',#8064,0.5);
#7243=CARTESIAN_POINT('',(-2.925,-2.25,-1.6));
#7244=VECTOR('',#8065,0.3605551275464);
#7245=CARTESIAN_POINT('',(-2.625,-2.85,-1.4));
#7246=CARTESIAN_POINT('',(-2.625,-2.25,-1.4));
#7247=VECTOR('',#8066,0.6);
#7248=CARTESIAN_POINT('',(-2.925,-2.85,-1.6));
#7249=VECTOR('',#8067,0.3605551275464);
#7250=CARTESIAN_POINT('',(-2.125,-2.85,-1.4));
#7251=CARTESIAN_POINT('',(-2.625,-2.85,-1.4));
#7252=VECTOR('',#8068,0.5);
#7253=CARTESIAN_POINT('',(-2.125,-2.85,-1.4));
#7254=VECTOR('',#8069,0.2);
#7255=CARTESIAN_POINT('',(-2.125,-2.25,-1.4));
#7256=VECTOR('',#8070,0.6);
#7257=CARTESIAN_POINT('',(-1.715,-3.325,2.003012701892));
#7258=CARTESIAN_POINT('',(-1.715,-3.075,1.57));
#7259=VECTOR('',#8071,0.5);
#7260=CARTESIAN_POINT('',(-1.715,-3.325,2.5));
#7261=CARTESIAN_POINT('',(-1.715,-3.325,2.003012701892));
#7262=VECTOR('',#8072,0.4969872981078);
#7263=CARTESIAN_POINT('',(-1.715,-3.425,2.6));
#7264=CARTESIAN_POINT('',(-1.715,-3.325,2.5));
#7265=VECTOR('',#8073,0.1414213562373);
#7266=CARTESIAN_POINT('',(-1.715,-3.675,2.6));
#7267=CARTESIAN_POINT('',(-1.715,-3.425,2.6));
#7268=VECTOR('',#8074,0.25);
#7269=CARTESIAN_POINT('',(-1.715,-3.775,2.5));
#7270=CARTESIAN_POINT('',(-1.715,-3.675,2.6));
#7271=VECTOR('',#8075,0.1414213562373);
#7272=CARTESIAN_POINT('',(-1.715,-3.775,2.0));
#7273=CARTESIAN_POINT('',(-1.715,-3.775,2.5));
#7274=VECTOR('',#8076,0.5);
#7275=CARTESIAN_POINT('',(-1.715,-3.525,1.566987298108));
#7276=CARTESIAN_POINT('',(-1.715,-3.775,2.0));
#7277=VECTOR('',#8077,0.5);
#7278=CARTESIAN_POINT('',(-1.715,-3.525,-0.9));
#7279=CARTESIAN_POINT('',(-1.715,-3.525,1.566987298108));
#7280=VECTOR('',#8078,2.466987298108);
#7281=CARTESIAN_POINT('',(-1.715,-3.525,-0.9));
#7282=VECTOR('',#8079,0.45);
#7283=CARTESIAN_POINT('',(-2.035,-3.525,-0.9));
#7284=CARTESIAN_POINT('',(-1.715,-3.525,-0.9));
#7285=VECTOR('',#8080,0.32);
#7286=CARTESIAN_POINT('',(-2.035,-3.525,-0.9));
#7287=VECTOR('',#8081,0.45);
#7288=CARTESIAN_POINT('',(-2.035,-3.525,1.566987298108));
#7289=CARTESIAN_POINT('',(-2.035,-3.525,1.566987298108));
#7290=VECTOR('',#8082,2.466987298108);
#7291=CARTESIAN_POINT('',(-2.035,-3.775,2.0));
#7292=CARTESIAN_POINT('',(-2.035,-3.775,2.0));
#7293=VECTOR('',#8083,0.5);
#7294=CARTESIAN_POINT('',(-2.035,-3.775,2.5));
#7295=CARTESIAN_POINT('',(-2.035,-3.775,2.5));
#7296=VECTOR('',#8084,0.5);
#7297=CARTESIAN_POINT('',(-2.035,-3.675,2.6));
#7298=CARTESIAN_POINT('',(-2.035,-3.675,2.6));
#7299=VECTOR('',#8085,0.1414213562373);
#7300=CARTESIAN_POINT('',(-2.035,-3.425,2.6));
#7301=CARTESIAN_POINT('',(-2.035,-3.425,2.6));
#7302=VECTOR('',#8086,0.25);
#7303=CARTESIAN_POINT('',(-2.035,-3.325,2.5));
#7304=CARTESIAN_POINT('',(-2.035,-3.325,2.5));
#7305=VECTOR('',#8087,0.1414213562373);
#7306=CARTESIAN_POINT('',(-2.035,-3.325,2.003012701892));
#7307=CARTESIAN_POINT('',(-2.035,-3.325,2.003012701892));
#7308=VECTOR('',#8088,0.4969872981078);
#7309=CARTESIAN_POINT('',(-2.035,-3.075,1.57));
#7310=VECTOR('',#8089,0.5);
#7311=CARTESIAN_POINT('',(-1.715,-3.325,2.003012701892));
#7312=VECTOR('',#8090,0.32);
#7313=CARTESIAN_POINT('',(-1.715,-3.325,2.5));
#7314=VECTOR('',#8091,0.32);
#7315=CARTESIAN_POINT('',(-1.715,-3.425,2.6));
#7316=VECTOR('',#8092,0.32);
#7317=CARTESIAN_POINT('',(-1.715,-3.675,2.6));
#7318=VECTOR('',#8093,0.32);
#7319=CARTESIAN_POINT('',(-1.715,-3.775,2.5));
#7320=VECTOR('',#8094,0.32);
#7321=CARTESIAN_POINT('',(-1.715,-3.775,2.0));
#7322=VECTOR('',#8095,0.32);
#7323=CARTESIAN_POINT('',(-1.715,-3.525,1.566987298108));
#7324=VECTOR('',#8096,0.32);
#7325=CARTESIAN_POINT('',(2.035,-3.325,2.003012701892));
#7326=CARTESIAN_POINT('',(2.035,-3.075,1.57));
#7327=VECTOR('',#8097,0.5);
#7328=CARTESIAN_POINT('',(2.035,-3.325,2.5));
#7329=CARTESIAN_POINT('',(2.035,-3.325,2.003012701892));
#7330=VECTOR('',#8098,0.4969872981078);
#7331=CARTESIAN_POINT('',(2.035,-3.425,2.6));
#7332=CARTESIAN_POINT('',(2.035,-3.325,2.5));
#7333=VECTOR('',#8099,0.1414213562373);
#7334=CARTESIAN_POINT('',(2.035,-3.675,2.6));
#7335=CARTESIAN_POINT('',(2.035,-3.425,2.6));
#7336=VECTOR('',#8100,0.25);
#7337=CARTESIAN_POINT('',(2.035,-3.775,2.5));
#7338=CARTESIAN_POINT('',(2.035,-3.675,2.6));
#7339=VECTOR('',#8101,0.1414213562373);
#7340=CARTESIAN_POINT('',(2.035,-3.775,2.0));
#7341=CARTESIAN_POINT('',(2.035,-3.775,2.5));
#7342=VECTOR('',#8102,0.5);
#7343=CARTESIAN_POINT('',(2.035,-3.525,1.566987298108));
#7344=CARTESIAN_POINT('',(2.035,-3.775,2.0));
#7345=VECTOR('',#8103,0.5);
#7346=CARTESIAN_POINT('',(2.035,-3.525,1.566987298108));
#7347=VECTOR('',#8104,2.466987298108);
#7348=CARTESIAN_POINT('',(1.715,-3.525,1.566987298108));
#7349=CARTESIAN_POINT('',(2.035,-3.525,1.566987298108));
#7350=VECTOR('',#8105,0.32);
#7351=CARTESIAN_POINT('',(1.715,-3.525,1.566987298108));
#7352=VECTOR('',#8106,2.466987298108);
#7353=CARTESIAN_POINT('',(1.715,-3.775,2.0));
#7354=CARTESIAN_POINT('',(1.715,-3.775,2.0));
#7355=VECTOR('',#8107,0.5);
#7356=CARTESIAN_POINT('',(1.715,-3.775,2.5));
#7357=CARTESIAN_POINT('',(1.715,-3.775,2.5));
#7358=VECTOR('',#8108,0.5);
#7359=CARTESIAN_POINT('',(1.715,-3.675,2.6));
#7360=CARTESIAN_POINT('',(1.715,-3.675,2.6));
#7361=VECTOR('',#8109,0.1414213562373);
#7362=CARTESIAN_POINT('',(1.715,-3.425,2.6));
#7363=CARTESIAN_POINT('',(1.715,-3.425,2.6));
#7364=VECTOR('',#8110,0.25);
#7365=CARTESIAN_POINT('',(1.715,-3.325,2.5));
#7366=CARTESIAN_POINT('',(1.715,-3.325,2.5));
#7367=VECTOR('',#8111,0.1414213562373);
#7368=CARTESIAN_POINT('',(1.715,-3.325,2.003012701892));
#7369=CARTESIAN_POINT('',(1.715,-3.325,2.003012701892));
#7370=VECTOR('',#8112,0.4969872981078);
#7371=CARTESIAN_POINT('',(1.715,-3.075,1.57));
#7372=VECTOR('',#8113,0.5);
#7373=CARTESIAN_POINT('',(2.035,-3.325,2.003012701892));
#7374=VECTOR('',#8114,0.32);
#7375=CARTESIAN_POINT('',(2.035,-3.325,2.5));
#7376=VECTOR('',#8115,0.32);
#7377=CARTESIAN_POINT('',(2.035,-3.425,2.6));
#7378=VECTOR('',#8116,0.32);
#7379=CARTESIAN_POINT('',(2.035,-3.675,2.6));
#7380=VECTOR('',#8117,0.32);
#7381=CARTESIAN_POINT('',(2.035,-3.775,2.5));
#7382=VECTOR('',#8118,0.32);
#7383=CARTESIAN_POINT('',(2.035,-3.775,2.0));
#7384=VECTOR('',#8119,0.32);
#7385=VERTEX_POINT('',#8120);
#7386=VERTEX_POINT('',#8121);
#7387=LINE('',#8122,#8123);
#7388=VERTEX_POINT('',#8124);
#7389=LINE('',#8125,#8126);
#7390=VERTEX_POINT('',#8127);
#7391=LINE('',#8128,#8129);
#7392=LINE('',#8130,#8131);
#7393=VERTEX_POINT('',#8132);
#7394=LINE('',#8133,#8134);
#7395=VERTEX_POINT('',#8135);
#7396=LINE('',#8136,#8137);
#7397=LINE('',#8138,#8139);
#7398=VERTEX_POINT('',#8140);
#7399=LINE('',#8141,#8142);
#7400=LINE('',#8143,#8144);
#7401=VERTEX_POINT('',#8145);
#7402=LINE('',#8146,#8147);
#7403=LINE('',#8148,#8149);
#7404=LINE('',#8150,#8151);
#7405=VERTEX_POINT('',#8152);
#7406=VERTEX_POINT('',#8153);
#7407=LINE('',#8154,#8155);
#7408=VERTEX_POINT('',#8156);
#7409=LINE('',#8157,#8158);
#7410=VERTEX_POINT('',#8159);
#7411=LINE('',#8160,#8161);
#7412=LINE('',#8162,#8163);
#7413=VERTEX_POINT('',#8164);
#7414=LINE('',#8165,#8166);
#7415=VERTEX_POINT('',#8167);
#7416=LINE('',#8168,#8169);
#7417=LINE('',#8170,#8171);
#7418=VERTEX_POINT('',#8172);
#7419=LINE('',#8173,#8174);
#7420=LINE('',#8175,#8176);
#7421=VERTEX_POINT('',#8177);
#7422=LINE('',#8178,#8179);
#7423=LINE('',#8180,#8181);
#7424=LINE('',#8182,#8183);
#7425=DIRECTION('',(0.0,1.0,0.0));
#7426=DIRECTION('',(-1.0,0.0,0.0));
#7427=DIRECTION('',(0.0,1.0,0.0));
#7428=DIRECTION('',(1.0,0.0,0.0));
#7429=DIRECTION('',(0.0,0.0,1.0));
#7430=DIRECTION('',(1.0,0.0,0.0));
#7431=DIRECTION('',(0.0,0.0,1.0));
#7432=DIRECTION('',(1.0,0.0,0.0));
#7433=DIRECTION('',(0.0,0.0,-1.0));
#7434=DIRECTION('',(1.0,0.0,0.0));
#7435=DIRECTION('',(0.0,0.0,-1.0));
#7436=DIRECTION('',(1.0,0.0,0.0));
#7437=DIRECTION('',(0.0,-1.0,0.0));
#7438=DIRECTION('',(-1.0,0.0,0.0));
#7439=DIRECTION('',(0.0,1.0,0.0));
#7440=DIRECTION('',(1.0,0.0,0.0));
#7441=DIRECTION('',(0.0,-1.0,0.0));
#7442=DIRECTION('',(-1.0,0.0,0.0));
#7443=DIRECTION('',(0.0,1.0,0.0));
#7444=DIRECTION('',(1.0,0.0,0.0));
#7445=DIRECTION('',(0.0,-1.0,0.0));
#7446=DIRECTION('',(-1.0,0.0,0.0));
#7447=DIRECTION('',(0.0,1.0,0.0));
#7448=DIRECTION('',(0.0,-1.0,0.0));
#7449=DIRECTION('',(-1.0,0.0,0.0));
#7450=DIRECTION('',(0.0,1.0,0.0));
#7451=DIRECTION('',(1.0,0.0,0.0));
#7452=DIRECTION('',(0.0,1.0,0.0));
#7453=DIRECTION('',(1.0,0.0,0.0));
#7454=DIRECTION('',(0.0,1.0,0.0));
#7455=DIRECTION('',(1.0,0.0,0.0));
#7456=DIRECTION('',(0.0,1.0,0.0));
#7457=DIRECTION('',(-1.0,0.0,0.0));
#7458=DIRECTION('',(0.0,1.0,0.0));
#7459=DIRECTION('',(0.0,0.0,1.0));
#7460=DIRECTION('',(0.0,1.0,0.0));
#7461=DIRECTION('',(0.0,0.0,1.0));
#7462=DIRECTION('',(1.0,0.0,0.0));
#7463=DIRECTION('',(0.0,0.0,1.0));
#7464=DIRECTION('',(1.0,0.0,0.0));
#7465=DIRECTION('',(0.0,0.0,-1.0));
#7466=DIRECTION('',(1.0,0.0,0.0));
#7467=DIRECTION('',(0.0,0.0,-1.0));
#7468=DIRECTION('',(0.0,-1.0,0.0));
#7469=DIRECTION('',(0.0,0.0,1.0));
#7470=DIRECTION('',(-1.0,0.0,0.0));
#7471=DIRECTION('',(0.0,0.0,1.0));
#7472=DIRECTION('',(0.0,0.0,1.0));
#7473=DIRECTION('',(-1.0,0.0,0.0));
#7474=DIRECTION('',(0.0,0.0,1.0));
#7475=DIRECTION('',(0.0,0.0,1.0));
#7476=DIRECTION('',(-1.0,0.0,0.0));
#7477=DIRECTION('',(0.0,0.0,1.0));
#7478=DIRECTION('',(0.0,0.0,1.0));
#7479=DIRECTION('',(0.0,0.0,1.0));
#7480=DIRECTION('',(-1.0,0.0,0.0));
#7481=DIRECTION('',(-1.0,0.0,0.0));
#7482=DIRECTION('',(0.0,0.0,1.0));
#7483=DIRECTION('',(0.0,-1.0,0.0));
#7484=DIRECTION('',(1.0,0.0,0.0));
#7485=DIRECTION('',(0.0,1.0,0.0));
#7486=DIRECTION('',(1.0,0.0,0.0));
#7487=DIRECTION('',(0.0,1.0,0.0));
#7488=DIRECTION('',(1.0,0.0,0.0));
#7489=DIRECTION('',(0.0,-1.0,0.0));
#7490=DIRECTION('',(-1.0,0.0,0.0));
#7491=DIRECTION('',(0.0,-1.0,0.0));
#7492=DIRECTION('',(1.0,0.0,0.0));
#7493=DIRECTION('',(0.0,1.0,0.0));
#7494=DIRECTION('',(1.0,0.0,0.0));
#7495=DIRECTION('',(0.0,1.0,0.0));
#7496=DIRECTION('',(1.0,0.0,0.0));
#7497=DIRECTION('',(0.0,-1.0,0.0));
#7498=DIRECTION('',(-1.0,0.0,0.0));
#7499=DIRECTION('',(0.0,1.0,0.0));
#7500=DIRECTION('',(0.707106781186548,-0.707106781186548,0.0));
#7501=DIRECTION('',(1.0,0.0,0.0));
#7502=DIRECTION('',(0.0,-1.0,0.0));
#7503=DIRECTION('',(-0.707106781186548,-0.707106781186548,0.0));
#7504=DIRECTION('',(-1.0,0.0,0.0));
#7505=DIRECTION('',(0.0,-1.0,0.0));
#7506=DIRECTION('',(-1.0,0.0,0.0));
#7507=DIRECTION('',(0.0,-1.0,0.0));
#7508=DIRECTION('',(1.0,0.0,0.0));
#7509=DIRECTION('',(0.0,1.0,0.0));
#7510=DIRECTION('',(0.0,1.0,0.0));
#7511=DIRECTION('',(-1.0,0.0,0.0));
#7512=DIRECTION('',(0.0,1.0,0.0));
#7513=DIRECTION('',(0.0,1.0,0.0));
#7514=DIRECTION('',(0.0,-1.0,0.0));
#7515=DIRECTION('',(1.0,0.0,0.0));
#7516=DIRECTION('',(0.0,1.0,0.0));
#7517=DIRECTION('',(0.0,-1.0,0.0));
#7518=DIRECTION('',(1.0,0.0,0.0));
#7519=DIRECTION('',(0.0,1.0,0.0));
#7520=DIRECTION('',(0.0,1.0,0.0));
#7521=DIRECTION('',(-1.0,0.0,0.0));
#7522=DIRECTION('',(0.0,1.0,0.0));
#7523=DIRECTION('',(0.0,-1.0,0.0));
#7524=DIRECTION('',(1.0,0.0,0.0));
#7525=DIRECTION('',(0.0,1.0,0.0));
#7526=DIRECTION('',(-1.0,0.0,0.0));
#7527=DIRECTION('',(0.0,1.0,0.0));
#7528=DIRECTION('',(-1.0,0.0,0.0));
#7529=DIRECTION('',(-0.707106781186548,0.707106781186548,0.0));
#7530=DIRECTION('',(0.0,1.0,0.0));
#7531=DIRECTION('',(1.0,0.0,0.0));
#7532=DIRECTION('',(0.707106781186548,0.707106781186548,0.0));
#7533=DIRECTION('',(0.0,1.0,0.0));
#7534=DIRECTION('',(-1.0,0.0,0.0));
#7535=DIRECTION('',(0.0,-1.0,0.0));
#7536=DIRECTION('',(0.0,1.0,0.0));
#7537=DIRECTION('',(1.0,0.0,0.0));
#7538=DIRECTION('',(0.0,1.0,0.0));
#7539=DIRECTION('',(1.0,0.0,0.0));
#7540=DIRECTION('',(0.0,1.0,0.0));
#7541=DIRECTION('',(1.0,0.0,0.0));
#7542=DIRECTION('',(0.0,1.0,0.0));
#7543=DIRECTION('',(1.0,0.0,0.0));
#7544=DIRECTION('',(0.0,1.0,0.0));
#7545=DIRECTION('',(1.0,0.0,0.0));
#7546=DIRECTION('',(0.0,1.0,0.0));
#7547=DIRECTION('',(1.0,0.0,0.0));
#7548=DIRECTION('',(0.0,1.0,0.0));
#7549=DIRECTION('',(1.0,0.0,0.0));
#7550=DIRECTION('',(0.0,1.0,0.0));
#7551=DIRECTION('',(1.0,0.0,0.0));
#7552=DIRECTION('',(0.0,1.0,0.0));
#7553=DIRECTION('',(1.0,0.0,0.0));
#7554=DIRECTION('',(0.0,1.0,0.0));
#7555=DIRECTION('',(1.0,0.0,0.0));
#7556=DIRECTION('',(0.0,-1.0,0.0));
#7557=DIRECTION('',(0.0,0.0,-1.0));
#7558=DIRECTION('',(0.0,0.0,1.0));
#7559=DIRECTION('',(0.0,-0.707106781186548,0.707106781186548));
#7560=DIRECTION('',(-1.0,0.0,0.0));
#7561=DIRECTION('',(-0.577350269189626,-0.577350269189626,0.577350269189626));
#7562=DIRECTION('',(-1.0,0.0,0.0));
#7563=DIRECTION('',(0.0,-0.707106781186548,0.707106781186548));
#7564=DIRECTION('',(-1.0,0.0,0.0));
#7565=DIRECTION('',(0.577350269189626,-0.577350269189626,0.577350269189626));
#7566=DIRECTION('',(-1.0,0.0,0.0));
#7567=DIRECTION('',(-1.0,0.0,0.0));
#7568=DIRECTION('',(0.0,-0.707106781186548,0.707106781186548));
#7569=DIRECTION('',(-1.0,0.0,0.0));
#7570=DIRECTION('',(0.0,-0.707106781186548,0.707106781186548));
#7571=DIRECTION('',(0.0,0.0,1.0));
#7572=DIRECTION('',(0.0,0.0,-1.0));
#7573=DIRECTION('',(0.0,-1.0,0.0));
#7574=DIRECTION('',(0.0,-1.0,0.0));
#7575=DIRECTION('',(-1.0,0.0,0.0));
#7576=DIRECTION('',(0.0,-1.0,0.0));
#7577=DIRECTION('',(1.0,0.0,0.0));
#7578=DIRECTION('',(0.0,1.0,0.0));
#7579=DIRECTION('',(1.0,0.0,0.0));
#7580=DIRECTION('',(0.0,1.0,0.0));
#7581=DIRECTION('',(1.0,0.0,0.0));
#7582=DIRECTION('',(0.0,-1.0,0.0));
#7583=DIRECTION('',(0.0,-1.0,0.0));
#7584=DIRECTION('',(1.0,0.0,0.0));
#7585=DIRECTION('',(0.0,1.0,0.0));
#7586=DIRECTION('',(1.0,0.0,0.0));
#7587=DIRECTION('',(0.0,1.0,0.0));
#7588=DIRECTION('',(1.0,0.0,0.0));
#7589=DIRECTION('',(0.124034734589196,0.0,0.992277876713669));
#7590=DIRECTION('',(0.124034734589196,0.0,-0.992277876713669));
#7591=DIRECTION('',(0.0,0.0,-1.0));
#7592=DIRECTION('',(0.124034734589196,0.0,0.992277876713669));
#7593=DIRECTION('',(0.124034734589196,0.0,-0.992277876713669));
#7594=DIRECTION('',(0.0,0.0,1.0));
#7595=DIRECTION('',(0.0,0.0,-1.0));
#7596=DIRECTION('',(0.0,0.0,-1.0));
#7597=DIRECTION('',(0.0,0.0,-1.0));
#7598=DIRECTION('',(1.0,0.0,0.0));
#7599=DIRECTION('',(0.0,0.0,-1.0));
#7600=DIRECTION('',(0.0,0.0,1.0));
#7601=DIRECTION('',(1.0,0.0,0.0));
#7602=DIRECTION('',(0.0,0.0,1.0));
#7603=DIRECTION('',(0.0,0.0,1.0));
#7604=DIRECTION('',(0.0,0.0,1.0));
#7605=DIRECTION('',(0.0,0.0,1.0));
#7606=DIRECTION('',(0.0,0.0,1.0));
#7607=DIRECTION('',(0.0,-1.0,0.0));
#7608=DIRECTION('',(0.0,0.0,-1.0));
#7609=DIRECTION('',(0.0,0.0,-1.0));
#7610=DIRECTION('',(0.0,1.0,0.0));
#7611=DIRECTION('',(0.0,0.0,1.0));
#7612=DIRECTION('',(0.0,1.0,0.0));
#7613=DIRECTION('',(0.0,0.0,-1.0));
#7614=DIRECTION('',(0.0,0.0,1.0));
#7615=DIRECTION('',(0.0,-1.0,0.0));
#7616=DIRECTION('',(0.0,0.0,1.0));
#7617=DIRECTION('',(0.0,-1.0,0.0));
#7618=DIRECTION('',(0.0,-1.0,0.0));
#7619=DIRECTION('',(1.0,0.0,0.0));
#7620=DIRECTION('',(0.0,-1.0,0.0));
#7621=DIRECTION('',(0.707106781186548,-0.707106781186548,0.0));
#7622=DIRECTION('',(-0.707106781186548,-0.707106781186548,0.0));
#7623=DIRECTION('',(0.0,-1.0,0.0));
#7624=DIRECTION('',(1.0,0.0,0.0));
#7625=DIRECTION('',(0.707106781186548,-0.707106781186548,0.0));
#7626=DIRECTION('',(0.0,0.0,1.0));
#7627=DIRECTION('',(0.0,0.0,1.0));
#7628=DIRECTION('',(0.707106781186548,-0.707106781186548,0.0));
#7629=DIRECTION('',(0.0,1.0,0.0));
#7630=DIRECTION('',(0.0,0.0,1.0));
#7631=DIRECTION('',(0.0,1.0,0.0));
#7632=DIRECTION('',(0.0,0.0,1.0));
#7633=DIRECTION('',(0.0,0.707106781186548,0.707106781186548));
#7634=DIRECTION('',(0.0,-1.0,0.0));
#7635=DIRECTION('',(0.0,0.0,1.0));
#7636=DIRECTION('',(1.0,0.0,0.0));
#7637=DIRECTION('',(0.0,0.0,1.0));
#7638=DIRECTION('',(-1.0,0.0,0.0));
#7639=DIRECTION('',(0.0,0.0,-1.0));
#7640=DIRECTION('',(-1.0,0.0,0.0));
#7641=DIRECTION('',(0.0,0.0,-1.0));
#7642=DIRECTION('',(1.0,0.0,0.0));
#7643=DIRECTION('',(0.0,0.0,-1.0));
#7644=DIRECTION('',(1.0,0.0,0.0));
#7645=DIRECTION('',(0.0,0.0,-1.0));
#7646=DIRECTION('',(-1.0,0.0,0.0));
#7647=DIRECTION('',(0.0,0.0,-1.0));
#7648=DIRECTION('',(-1.0,0.0,0.0));
#7649=DIRECTION('',(0.0,0.0,1.0));
#7650=DIRECTION('',(1.0,0.0,0.0));
#7651=DIRECTION('',(-1.0,0.0,0.0));
#7652=DIRECTION('',(0.0,0.0,-1.0));
#7653=DIRECTION('',(1.0,0.0,0.0));
#7654=DIRECTION('',(0.0,0.0,1.0));
#7655=DIRECTION('',(-1.0,0.0,0.0));
#7656=DIRECTION('',(0.0,0.0,-1.0));
#7657=DIRECTION('',(1.0,0.0,0.0));
#7658=DIRECTION('',(0.0,0.0,1.0));
#7659=DIRECTION('',(-1.0,0.0,0.0));
#7660=DIRECTION('',(0.0,0.0,-1.0));
#7661=DIRECTION('',(1.0,0.0,0.0));
#7662=DIRECTION('',(0.0,0.0,1.0));
#7663=DIRECTION('',(-1.0,0.0,0.0));
#7664=DIRECTION('',(0.0,0.0,-1.0));
#7665=DIRECTION('',(1.0,0.0,0.0));
#7666=DIRECTION('',(0.0,0.0,1.0));
#7667=DIRECTION('',(0.0,-1.0,0.0));
#7668=DIRECTION('',(0.0,-1.0,0.0));
#7669=DIRECTION('',(0.0,-1.0,0.0));
#7670=DIRECTION('',(0.0,0.707106781186548,0.707106781186548));
#7671=DIRECTION('',(0.0,0.0,1.0));
#7672=DIRECTION('',(0.0,0.0,-1.0));
#7673=DIRECTION('',(0.0,1.0,0.0));
#7674=DIRECTION('',(0.0,0.0,-1.0));
#7675=DIRECTION('',(0.0,1.0,0.0));
#7676=DIRECTION('',(-0.707106781186548,-0.707106781186548,0.0));
#7677=DIRECTION('',(0.0,-1.0,0.0));
#7678=DIRECTION('',(0.0,-1.0,0.0));
#7679=DIRECTION('',(-0.707106781186548,-0.707106781186548,0.0));
#7680=DIRECTION('',(1.0,0.0,0.0));
#7681=DIRECTION('',(0.0,0.0,-1.0));
#7682=DIRECTION('',(1.0,0.0,0.0));
#7683=DIRECTION('',(0.0,-1.0,0.0));
#7684=DIRECTION('',(0.0,0.707106781186548,0.707106781186548));
#7685=DIRECTION('',(0.0,-1.0,0.0));
#7686=DIRECTION('',(1.0,0.0,0.0));
#7687=DIRECTION('',(0.0,0.0,1.0));
#7688=DIRECTION('',(0.0,-1.0,0.0));
#7689=DIRECTION('',(0.0,0.0,1.0));
#7690=DIRECTION('',(0.0,0.0,1.0));
#7691=DIRECTION('',(0.0,1.0,0.0));
#7692=DIRECTION('',(0.0,0.0,1.0));
#7693=DIRECTION('',(0.0,1.0,0.0));
#7694=DIRECTION('',(0.0,0.0,1.0));
#7695=DIRECTION('',(0.0,-1.0,0.0));
#7696=DIRECTION('',(0.0,0.0,1.0));
#7697=DIRECTION('',(-1.0,0.0,0.0));
#7698=DIRECTION('',(0.0,0.0,1.0));
#7699=DIRECTION('',(-1.0,0.0,0.0));
#7700=DIRECTION('',(0.0,0.707106781186548,0.707106781186548));
#7701=DIRECTION('',(-1.0,0.0,0.0));
#7702=DIRECTION('',(0.0,-1.0,0.0));
#7703=DIRECTION('',(0.0,-1.0,0.0));
#7704=DIRECTION('',(0.0,0.0,-1.0));
#7705=DIRECTION('',(1.0,0.0,0.0));
#7706=DIRECTION('',(0.0,0.0,-1.0));
#7707=DIRECTION('',(1.0,0.0,0.0));
#7708=DIRECTION('',(0.0,0.0,-1.0));
#7709=DIRECTION('',(1.0,0.0,0.0));
#7710=DIRECTION('',(0.0,0.0,-1.0));
#7711=DIRECTION('',(1.0,0.0,0.0));
#7712=DIRECTION('',(1.0,0.0,0.0));
#7713=DIRECTION('',(0.0,1.0,0.0));
#7714=DIRECTION('',(0.0,1.0,0.0));
#7715=DIRECTION('',(1.0,0.0,0.0));
#7716=DIRECTION('',(0.0,0.0,1.0));
#7717=DIRECTION('',(0.0,1.0,0.0));
#7718=DIRECTION('',(1.0,0.0,0.0));
#7719=DIRECTION('',(1.0,0.0,0.0));
#7720=DIRECTION('',(0.0,1.0,0.0));
#7721=DIRECTION('',(0.0,0.0,1.0));
#7722=DIRECTION('',(0.0,0.0,-1.0));
#7723=DIRECTION('',(-1.0,0.0,0.0));
#7724=DIRECTION('',(-1.0,0.0,0.0));
#7725=DIRECTION('',(0.0,0.0,1.0));
#7726=DIRECTION('',(-1.0,0.0,0.0));
#7727=DIRECTION('',(0.0,0.0,1.0));
#7728=DIRECTION('',(-1.0,0.0,0.0));
#7729=DIRECTION('',(0.0,1.0,0.0));
#7730=CARTESIAN_POINT('',(3.895,-3.425,0.6));
#7731=DIRECTION('',(0.0,0.0,-1.0));
#7732=DIRECTION('',(0.0,-1.0,0.0));
#7733=DIRECTION('',(-1.0,0.0,0.0));
#7734=DIRECTION('',(0.0,-1.0,0.0));
#7735=DIRECTION('',(1.0,0.0,0.0));
#7736=CARTESIAN_POINT('',(3.895,-3.425,0.6));
#7737=DIRECTION('',(0.0,0.0,1.0));
#7738=DIRECTION('',(-1.0,0.0,0.0));
#7739=DIRECTION('',(0.0,-1.0,0.0));
#7740=DIRECTION('',(-1.0,0.0,0.0));
#7741=DIRECTION('',(0.0,1.0,0.0));
#7742=CARTESIAN_POINT('',(-3.895,-3.425,0.6));
#7743=DIRECTION('',(0.0,0.0,1.0));
#7744=DIRECTION('',(0.0,-1.0,0.0));
#7745=DIRECTION('',(1.0,0.0,0.0));
#7746=DIRECTION('',(0.0,1.0,0.0));
#7747=DIRECTION('',(-1.0,0.0,0.0));
#7748=CARTESIAN_POINT('',(-3.895,-3.425,0.6));
#7749=DIRECTION('',(0.0,0.0,-1.0));
#7750=DIRECTION('',(1.0,0.0,0.0));
#7751=DIRECTION('',(0.0,-1.0,0.0));
#7752=DIRECTION('',(0.0,0.0,1.0));
#7753=DIRECTION('',(-1.0,0.0,0.0));
#7754=DIRECTION('',(0.0,0.0,1.0));
#7755=DIRECTION('',(-1.0,0.0,0.0));
#7756=DIRECTION('',(-1.0,0.0,0.0));
#7757=DIRECTION('',(0.0,0.0,-1.0));
#7758=DIRECTION('',(0.0,1.0,-1.33226762955E-14));
#7759=DIRECTION('',(0.0,0.0,1.0));
#7760=DIRECTION('',(0.0,0.0,1.0));
#7761=DIRECTION('',(0.0,1.0,0.0));
#7762=DIRECTION('',(0.0,-0.707106781186548,-0.707106781186548));
#7763=DIRECTION('',(0.0,1.0,0.0));
#7764=DIRECTION('',(0.0,0.0,1.0));
#7765=CARTESIAN_POINT('',(3.895,-3.425,-1.6));
#7766=DIRECTION('',(0.0,0.0,-1.0));
#7767=DIRECTION('',(0.0,-1.0,0.0));
#7768=DIRECTION('',(0.0,-1.0,1.33226762955E-14));
#7769=CARTESIAN_POINT('',(3.895,-3.425,-1.6));
#7770=DIRECTION('',(0.0,0.0,1.0));
#7771=DIRECTION('',(-1.0,0.0,0.0));
#7772=DIRECTION('',(1.0,0.0,0.0));
#7773=DIRECTION('',(0.0,-1.0,0.0));
#7774=DIRECTION('',(-1.0,0.0,0.0));
#7775=CARTESIAN_POINT('',(3.895,-2.455,-1.6));
#7776=DIRECTION('',(0.0,0.0,-1.0));
#7777=DIRECTION('',(-1.0,0.0,0.0));
#7778=DIRECTION('',(1.0,0.0,0.0));
#7779=DIRECTION('',(0.0,-1.0,0.0));
#7780=DIRECTION('',(-1.0,0.0,0.0));
#7781=CARTESIAN_POINT('',(3.895,-2.455,-1.6));
#7782=DIRECTION('',(0.0,-0.0,1.0));
#7783=DIRECTION('',(0.0,1.0,0.0));
#7784=DIRECTION('',(0.0,-1.0,0.0));
#7785=DIRECTION('',(0.0,-1.0,0.0));
#7786=CARTESIAN_POINT('',(-3.895,-3.425,-1.6));
#7787=DIRECTION('',(0.0,0.0,-1.0));
#7788=DIRECTION('',(1.0,0.0,0.0));
#7789=DIRECTION('',(-1.0,0.0,0.0));
#7790=DIRECTION('',(0.0,1.0,0.0));
#7791=DIRECTION('',(1.0,0.0,0.0));
#7792=CARTESIAN_POINT('',(-3.895,-3.425,-1.6));
#7793=DIRECTION('',(0.0,0.0,1.0));
#7794=DIRECTION('',(0.0,-1.0,0.0));
#7795=DIRECTION('',(0.0,1.0,0.0));
#7796=DIRECTION('',(0.0,1.0,0.0));
#7797=CARTESIAN_POINT('',(-3.895,-2.455,-1.6));
#7798=DIRECTION('',(0.0,0.0,1.0));
#7799=DIRECTION('',(1.0,0.0,0.0));
#7800=DIRECTION('',(-1.0,0.0,0.0));
#7801=DIRECTION('',(0.0,1.0,0.0));
#7802=DIRECTION('',(1.0,0.0,0.0));
#7803=CARTESIAN_POINT('',(-3.895,-2.455,-1.6));
#7804=DIRECTION('',(0.0,0.0,-1.0));
#7805=DIRECTION('',(0.0,1.0,0.0));
#7806=DIRECTION('',(0.0,-1.0,0.0));
#7807=DIRECTION('',(0.0,-0.707106781186548,-0.707106781186548));
#7808=DIRECTION('',(0.0,0.0,1.0));
#7809=DIRECTION('',(0.0,1.0,0.0));
#7810=DIRECTION('',(0.0,0.0,1.0));
#7811=DIRECTION('',(-0.577350269189626,0.577350269189626,0.577350269189626));
#7812=DIRECTION('',(-0.577350269189626,0.577350269189626,0.577350269189626));
#7813=DIRECTION('',(0.0,0.0,1.0));
#7814=DIRECTION('',(-0.577350269189626,0.577350269189626,0.577350269189626));
#7815=DIRECTION('',(-1.0,0.0,0.0));
#7816=DIRECTION('',(0.0,0.0,1.0));
#7817=DIRECTION('',(0.0,0.0,1.0));
#7818=DIRECTION('',(0.0,-1.0,0.0));
#7819=DIRECTION('',(-0.577350269189626,-0.577350269189626,0.577350269189626));
#7820=DIRECTION('',(1.0,0.0,0.0));
#7821=DIRECTION('',(0.577350269189626,-0.577350269189626,0.577350269189626));
#7822=DIRECTION('',(1.0,0.0,0.0));
#7823=DIRECTION('',(0.0,0.0,1.0));
#7824=DIRECTION('',(0.0,0.0,-1.0));
#7825=DIRECTION('',(0.0,0.0,-1.0));
#7826=CARTESIAN_POINT('',(3.895,-2.455,-1.1));
#7827=DIRECTION('',(0.0,0.0,-1.0));
#7828=DIRECTION('',(-1.0,0.0,0.0));
#7829=DIRECTION('',(0.0,1.0,0.0));
#7830=DIRECTION('',(1.0,0.0,0.0));
#7831=DIRECTION('',(1.0,0.0,0.0));
#7832=DIRECTION('',(0.0,-1.0,0.0));
#7833=CARTESIAN_POINT('',(-3.895,-2.455,-1.1));
#7834=DIRECTION('',(0.0,0.0,-1.0));
#7835=DIRECTION('',(0.0,1.0,0.0));
#7836=DIRECTION('',(0.0,0.0,1.0));
#7837=DIRECTION('',(0.0,1.0,0.0));
#7838=DIRECTION('',(0.577350269189626,0.577350269189626,0.577350269189626));
#7839=DIRECTION('',(0.0,0.0,-1.0));
#7840=DIRECTION('',(0.0,0.0,1.0));
#7841=DIRECTION('',(0.0,0.0,1.0));
#7842=DIRECTION('',(0.0,0.0,-1.0));
#7843=DIRECTION('',(1.0,0.0,0.0));
#7844=DIRECTION('',(0.0,0.0,1.0));
#7845=DIRECTION('',(0.0,-1.0,0.0));
#7846=DIRECTION('',(-0.577350269189626,-0.577350269189626,0.577350269189626));
#7847=DIRECTION('',(-0.577350269189626,0.577350269189626,0.577350269189626));
#7848=DIRECTION('',(0.0,1.0,0.0));
#7849=DIRECTION('',(0.0,0.0,1.0));
#7850=DIRECTION('',(0.0,-0.707106781186548,-0.707106781186548));
#7851=DIRECTION('',(0.0,0.0,1.0));
#7852=DIRECTION('',(-0.707106781186548,0.0,-0.707106781186548));
#7853=DIRECTION('',(0.0,0.0,1.0));
#7854=DIRECTION('',(-0.707106781186548,0.0,0.707106781186548));
#7855=DIRECTION('',(0.0,1.0,0.0));
#7856=DIRECTION('',(-0.707106781186548,0.0,0.707106781186548));
#7857=DIRECTION('',(0.0,0.0,1.0));
#7858=DIRECTION('',(-0.707106781186548,0.0,-0.707106781186548));
#7859=DIRECTION('',(0.0,0.0,1.0));
#7860=DIRECTION('',(0.0,0.0,1.0));
#7861=DIRECTION('',(0.0,1.0,0.0));
#7862=DIRECTION('',(0.0,0.0,1.0));
#7863=DIRECTION('',(0.0,-0.707106781186548,-0.707106781186548));
#7864=DIRECTION('',(0.577350269189626,0.577350269189626,0.577350269189626));
#7865=DIRECTION('',(0.577350269189626,0.577350269189626,0.577350269189626));
#7866=DIRECTION('',(-2.62416351275E-14,0.0,1.0));
#7867=DIRECTION('',(0.0,0.0,1.0));
#7868=DIRECTION('',(-1.0,0.0,0.0));
#7869=DIRECTION('',(0.577350269189626,0.577350269189626,0.577350269189626));
#7870=DIRECTION('',(0.577350269189626,-0.577350269189626,0.577350269189626));
#7871=DIRECTION('',(0.0,1.0,0.0));
#7872=DIRECTION('',(0.0,0.0,1.0));
#7873=DIRECTION('',(1.0,0.0,0.0));
#7874=DIRECTION('',(0.0,1.0,0.0));
#7875=DIRECTION('',(0.0,0.0,1.0));
#7876=DIRECTION('',(0.707106781186548,0.0,-0.707106781186548));
#7877=DIRECTION('',(0.0,0.0,1.0));
#7878=DIRECTION('',(0.707106781186548,0.0,0.707106781186548));
#7879=DIRECTION('',(0.0,-1.0,0.0));
#7880=DIRECTION('',(0.707106781186548,0.0,0.707106781186548));
#7881=DIRECTION('',(0.0,0.0,1.0));
#7882=DIRECTION('',(0.707106781186548,0.0,-0.707106781186548));
#7883=DIRECTION('',(0.0,-1.0,0.0));
#7884=DIRECTION('',(0.707106781186548,0.707106781186548,0.0));
#7885=DIRECTION('',(1.0,0.0,0.0));
#7886=DIRECTION('',(0.0,1.0,0.0));
#7887=DIRECTION('',(-0.707106781186548,0.707106781186548,0.0));
#7888=DIRECTION('',(-0.707106781186548,-0.707106781186548,0.0));
#7889=DIRECTION('',(0.0,-1.0,0.0));
#7890=DIRECTION('',(1.0,0.0,0.0));
#7891=DIRECTION('',(0.707106781186548,-0.707106781186548,0.0));
#7892=DIRECTION('',(0.0,0.0,1.0));
#7893=DIRECTION('',(0.0,0.0,1.0));
#7894=DIRECTION('',(0.0,0.0,1.0));
#7895=DIRECTION('',(0.0,0.0,1.0));
#7896=DIRECTION('',(0.0,0.0,1.0));
#7897=DIRECTION('',(0.0,0.0,1.0));
#7898=DIRECTION('',(0.0,1.0,0.0));
#7899=DIRECTION('',(0.0,0.0,1.0));
#7900=DIRECTION('',(0.0,1.0,0.0));
#7901=DIRECTION('',(-1.0,0.0,0.0));
#7902=DIRECTION('',(0.0,1.0,0.0));
#7903=DIRECTION('',(0.0,0.0,-1.0));
#7904=DIRECTION('',(0.0,1.0,0.0));
#7905=DIRECTION('',(1.0,0.0,0.0));
#7906=DIRECTION('',(-0.194028500029105,0.970142500145324,-0.145521375021804));
#7907=DIRECTION('',(1.0,0.0,0.0));
#7908=DIRECTION('',(0.194028500029105,0.970142500145324,-0.145521375021804));
#7909=DIRECTION('',(0.0,0.0,1.0));
#7910=DIRECTION('',(0.190476190476193,0.952380952380964,0.238095238095191));
#7911=DIRECTION('',(-1.0,0.0,0.0));
#7912=DIRECTION('',(-0.190476190476193,0.952380952380964,0.238095238095191));
#7913=DIRECTION('',(0.0,0.0,-1.0));
#7914=DIRECTION('',(0.0,1.0,0.0));
#7915=DIRECTION('',(0.0,0.0,1.0));
#7916=DIRECTION('',(0.0,1.0,0.0));
#7917=DIRECTION('',(-1.0,0.0,0.0));
#7918=DIRECTION('',(0.0,1.0,0.0));
#7919=DIRECTION('',(0.0,0.0,-1.0));
#7920=DIRECTION('',(0.0,1.0,0.0));
#7921=DIRECTION('',(1.0,0.0,0.0));
#7922=DIRECTION('',(-0.194028500029105,0.970142500145324,-0.145521375021804));
#7923=DIRECTION('',(1.0,0.0,0.0));
#7924=DIRECTION('',(0.194028500029105,0.970142500145324,-0.145521375021804));
#7925=DIRECTION('',(0.0,0.0,1.0));
#7926=DIRECTION('',(0.190476190476193,0.952380952380964,0.238095238095191));
#7927=DIRECTION('',(-1.0,0.0,0.0));
#7928=DIRECTION('',(-0.190476190476193,0.952380952380964,0.238095238095191));
#7929=DIRECTION('',(0.0,0.0,-1.0));
#7930=DIRECTION('',(0.0,1.0,0.0));
#7931=DIRECTION('',(0.0,0.0,1.0));
#7932=DIRECTION('',(0.0,1.0,0.0));
#7933=DIRECTION('',(-1.0,0.0,0.0));
#7934=DIRECTION('',(0.0,1.0,0.0));
#7935=DIRECTION('',(0.0,0.0,-1.0));
#7936=DIRECTION('',(0.0,1.0,0.0));
#7937=DIRECTION('',(1.0,0.0,0.0));
#7938=DIRECTION('',(-0.194028500029105,0.970142500145324,-0.145521375021804));
#7939=DIRECTION('',(1.0,0.0,0.0));
#7940=DIRECTION('',(0.194028500029105,0.970142500145324,-0.145521375021804));
#7941=DIRECTION('',(0.0,0.0,1.0));
#7942=DIRECTION('',(0.190476190476193,0.952380952380964,0.238095238095191));
#7943=DIRECTION('',(-1.0,0.0,0.0));
#7944=DIRECTION('',(-0.190476190476193,0.952380952380964,0.238095238095191));
#7945=DIRECTION('',(0.0,0.0,-1.0));
#7946=DIRECTION('',(0.0,1.0,0.0));
#7947=DIRECTION('',(0.0,0.0,1.0));
#7948=DIRECTION('',(0.0,1.0,0.0));
#7949=DIRECTION('',(-1.0,0.0,0.0));
#7950=DIRECTION('',(0.0,1.0,0.0));
#7951=DIRECTION('',(0.0,0.0,-1.0));
#7952=DIRECTION('',(0.0,1.0,0.0));
#7953=DIRECTION('',(1.0,0.0,0.0));
#7954=DIRECTION('',(-0.194028500029105,0.970142500145324,-0.145521375021804));
#7955=DIRECTION('',(1.0,0.0,0.0));
#7956=DIRECTION('',(0.194028500029105,0.970142500145324,-0.145521375021804));
#7957=DIRECTION('',(0.0,0.0,1.0));
#7958=DIRECTION('',(0.190476190476193,0.952380952380964,0.238095238095191));
#7959=DIRECTION('',(-1.0,0.0,0.0));
#7960=DIRECTION('',(-0.190476190476193,0.952380952380964,0.238095238095191));
#7961=DIRECTION('',(0.0,0.0,-1.0));
#7962=DIRECTION('',(0.0,0.0,-1.0));
#7963=DIRECTION('',(0.124034734589196,0.0,0.992277876713669));
#7964=DIRECTION('',(0.124034734589196,0.0,-0.992277876713669));
#7965=DIRECTION('',(0.124034734589196,0.0,0.992277876713669));
#7966=DIRECTION('',(0.124034734589196,0.0,-0.992277876713669));
#7967=DIRECTION('',(0.0,0.0,1.0));
#7968=DIRECTION('',(0.0,0.0,1.0));
#7969=DIRECTION('',(1.0,0.0,0.0));
#7970=DIRECTION('',(0.0,0.0,-1.0));
#7971=DIRECTION('',(1.0,0.0,0.0));
#7972=DIRECTION('',(0.0,0.0,-1.0));
#7973=DIRECTION('',(0.0,-0.500000000000017,0.866025403784429));
#7974=DIRECTION('',(0.0,0.0,1.0));
#7975=DIRECTION('',(0.0,-0.707106781186548,0.707106781186548));
#7976=DIRECTION('',(0.0,-1.0,0.0));
#7977=DIRECTION('',(0.0,-0.707106781186548,-0.707106781186548));
#7978=DIRECTION('',(0.0,0.0,-1.0));
#7979=DIRECTION('',(0.0,0.500000000000017,-0.866025403784429));
#7980=DIRECTION('',(0.0,0.0,-1.0));
#7981=DIRECTION('',(0.0,1.0,0.0));
#7982=DIRECTION('',(-1.0,0.0,0.0));
#7983=DIRECTION('',(0.0,1.0,0.0));
#7984=DIRECTION('',(0.0,0.0,-1.0));
#7985=DIRECTION('',(0.0,0.500000000000017,-0.866025403784429));
#7986=DIRECTION('',(0.0,0.0,-1.0));
#7987=DIRECTION('',(0.0,-0.707106781186548,-0.707106781186548));
#7988=DIRECTION('',(0.0,-1.0,0.0));
#7989=DIRECTION('',(0.0,-0.707106781186548,0.707106781186548));
#7990=DIRECTION('',(0.0,0.0,1.0));
#7991=DIRECTION('',(0.0,-0.500000000000017,0.866025403784429));
#7992=DIRECTION('',(-1.0,0.0,0.0));
#7993=DIRECTION('',(-1.0,0.0,0.0));
#7994=DIRECTION('',(-1.0,0.0,0.0));
#7995=DIRECTION('',(-1.0,0.0,0.0));
#7996=DIRECTION('',(-1.0,0.0,0.0));
#7997=DIRECTION('',(-1.0,0.0,0.0));
#7998=DIRECTION('',(-1.0,0.0,0.0));
#7999=DIRECTION('',(0.0,0.0,1.0));
#8000=DIRECTION('',(0.0,0.0,1.0));
#8001=DIRECTION('',(1.0,0.0,0.0));
#8002=DIRECTION('',(0.0,0.0,-1.0));
#8003=DIRECTION('',(1.0,0.0,0.0));
#8004=DIRECTION('',(0.0,0.0,-1.0));
#8005=DIRECTION('',(0.0,-0.500000000000017,0.866025403784429));
#8006=DIRECTION('',(0.0,0.0,1.0));
#8007=DIRECTION('',(0.0,-0.707106781186548,0.707106781186548));
#8008=DIRECTION('',(0.0,-1.0,0.0));
#8009=DIRECTION('',(0.0,-0.707106781186548,-0.707106781186548));
#8010=DIRECTION('',(0.0,0.0,-1.0));
#8011=DIRECTION('',(0.0,0.500000000000017,-0.866025403784429));
#8012=DIRECTION('',(0.0,0.0,-1.0));
#8013=DIRECTION('',(0.0,1.0,0.0));
#8014=DIRECTION('',(-1.0,0.0,0.0));
#8015=DIRECTION('',(0.0,1.0,0.0));
#8016=DIRECTION('',(0.0,0.0,-1.0));
#8017=DIRECTION('',(0.0,0.500000000000017,-0.866025403784429));
#8018=DIRECTION('',(0.0,0.0,-1.0));
#8019=DIRECTION('',(0.0,-0.707106781186548,-0.707106781186548));
#8020=DIRECTION('',(0.0,-1.0,0.0));
#8021=DIRECTION('',(0.0,-0.707106781186548,0.707106781186548));
#8022=DIRECTION('',(0.0,0.0,1.0));
#8023=DIRECTION('',(0.0,-0.500000000000017,0.866025403784429));
#8024=DIRECTION('',(-1.0,0.0,0.0));
#8025=DIRECTION('',(-1.0,0.0,0.0));
#8026=DIRECTION('',(-1.0,0.0,0.0));
#8027=DIRECTION('',(-1.0,0.0,0.0));
#8028=DIRECTION('',(-1.0,0.0,0.0));
#8029=DIRECTION('',(-1.0,0.0,0.0));
#8030=DIRECTION('',(-1.0,0.0,0.0));
#8031=DIRECTION('',(0.0,0.0,-1.0));
#8032=DIRECTION('',(1.0,0.0,0.0));
#8033=DIRECTION('',(0.832050294337844,0.0,0.554700196225229));
#8034=DIRECTION('',(0.0,-1.0,0.0));
#8035=DIRECTION('',(0.832050294337844,0.0,0.554700196225229));
#8036=DIRECTION('',(1.0,0.0,0.0));
#8037=DIRECTION('',(0.0,0.0,-1.0));
#8038=DIRECTION('',(0.0,-1.0,0.0));
#8039=DIRECTION('',(0.0,0.0,-1.0));
#8040=DIRECTION('',(1.0,0.0,0.0));
#8041=DIRECTION('',(0.832050294337844,0.0,0.554700196225229));
#8042=DIRECTION('',(0.0,-1.0,0.0));
#8043=DIRECTION('',(0.832050294337844,0.0,0.554700196225229));
#8044=DIRECTION('',(1.0,0.0,0.0));
#8045=DIRECTION('',(0.0,0.0,-1.0));
#8046=DIRECTION('',(0.0,-1.0,0.0));
#8047=DIRECTION('',(0.0,0.0,-1.0));
#8048=DIRECTION('',(1.0,0.0,0.0));
#8049=DIRECTION('',(0.832050294337844,0.0,0.554700196225229));
#8050=DIRECTION('',(0.0,-1.0,0.0));
#8051=DIRECTION('',(0.832050294337844,0.0,0.554700196225229));
#8052=DIRECTION('',(1.0,0.0,0.0));
#8053=DIRECTION('',(0.0,0.0,-1.0));
#8054=DIRECTION('',(0.0,-1.0,0.0));
#8055=DIRECTION('',(0.0,0.0,-1.0));
#8056=DIRECTION('',(1.0,0.0,0.0));
#8057=DIRECTION('',(0.832050294337844,0.0,0.554700196225229));
#8058=DIRECTION('',(0.0,-1.0,0.0));
#8059=DIRECTION('',(0.832050294337844,0.0,0.554700196225229));
#8060=DIRECTION('',(1.0,0.0,0.0));
#8061=DIRECTION('',(0.0,0.0,-1.0));
#8062=DIRECTION('',(0.0,-1.0,0.0));
#8063=DIRECTION('',(0.0,0.0,-1.0));
#8064=DIRECTION('',(1.0,0.0,0.0));
#8065=DIRECTION('',(0.832050294337844,0.0,0.554700196225229));
#8066=DIRECTION('',(0.0,-1.0,0.0));
#8067=DIRECTION('',(0.832050294337844,0.0,0.554700196225229));
#8068=DIRECTION('',(1.0,0.0,0.0));
#8069=DIRECTION('',(0.0,0.0,-1.0));
#8070=DIRECTION('',(0.0,-1.0,0.0));
#8071=DIRECTION('',(0.0,-0.500000000000017,0.866025403784429));
#8072=DIRECTION('',(0.0,0.0,1.0));
#8073=DIRECTION('',(0.0,-0.707106781186548,0.707106781186548));
#8074=DIRECTION('',(0.0,-1.0,0.0));
#8075=DIRECTION('',(0.0,-0.707106781186548,-0.707106781186548));
#8076=DIRECTION('',(0.0,0.0,-1.0));
#8077=DIRECTION('',(0.0,0.500000000000017,-0.866025403784429));
#8078=DIRECTION('',(0.0,0.0,-1.0));
#8079=DIRECTION('',(0.0,1.0,0.0));
#8080=DIRECTION('',(-1.0,0.0,0.0));
#8081=DIRECTION('',(0.0,1.0,0.0));
#8082=DIRECTION('',(0.0,0.0,-1.0));
#8083=DIRECTION('',(0.0,0.500000000000017,-0.866025403784429));
#8084=DIRECTION('',(0.0,0.0,-1.0));
#8085=DIRECTION('',(0.0,-0.707106781186548,-0.707106781186548));
#8086=DIRECTION('',(0.0,-1.0,0.0));
#8087=DIRECTION('',(0.0,-0.707106781186548,0.707106781186548));
#8088=DIRECTION('',(0.0,0.0,1.0));
#8089=DIRECTION('',(0.0,-0.500000000000017,0.866025403784429));
#8090=DIRECTION('',(-1.0,0.0,0.0));
#8091=DIRECTION('',(-1.0,0.0,0.0));
#8092=DIRECTION('',(-1.0,0.0,0.0));
#8093=DIRECTION('',(-1.0,0.0,0.0));
#8094=DIRECTION('',(-1.0,0.0,0.0));
#8095=DIRECTION('',(-1.0,0.0,0.0));
#8096=DIRECTION('',(-1.0,0.0,0.0));
#8097=DIRECTION('',(0.0,-0.500000000000017,0.866025403784429));
#8098=DIRECTION('',(0.0,0.0,1.0));
#8099=DIRECTION('',(0.0,-0.707106781186548,0.707106781186548));
#8100=DIRECTION('',(0.0,-1.0,0.0));
#8101=DIRECTION('',(0.0,-0.707106781186548,-0.707106781186548));
#8102=DIRECTION('',(0.0,0.0,-1.0));
#8103=DIRECTION('',(0.0,0.500000000000017,-0.866025403784429));
#8104=DIRECTION('',(0.0,0.0,-1.0));
#8105=DIRECTION('',(-1.0,0.0,0.0));
#8106=DIRECTION('',(0.0,0.0,-1.0));
#8107=DIRECTION('',(0.0,0.500000000000017,-0.866025403784429));
#8108=DIRECTION('',(0.0,0.0,-1.0));
#8109=DIRECTION('',(0.0,-0.707106781186548,-0.707106781186548));
#8110=DIRECTION('',(0.0,-1.0,0.0));
#8111=DIRECTION('',(0.0,-0.707106781186548,0.707106781186548));
#8112=DIRECTION('',(0.0,0.0,1.0));
#8113=DIRECTION('',(0.0,-0.500000000000017,0.866025403784429));
#8114=DIRECTION('',(-1.0,0.0,0.0));
#8115=DIRECTION('',(-1.0,0.0,0.0));
#8116=DIRECTION('',(-1.0,0.0,0.0));
#8117=DIRECTION('',(-1.0,0.0,0.0));
#8118=DIRECTION('',(-1.0,0.0,0.0));
#8119=DIRECTION('',(-1.0,0.0,0.0));
#8120=CARTESIAN_POINT('',(4.575,-1.35,-1.3));
#8121=CARTESIAN_POINT('',(3.375,-1.35,-1.3));
#8122=CARTESIAN_POINT('',(4.575,-1.35,-1.3));
#8123=VECTOR('',#8184,1.2);
#8124=CARTESIAN_POINT('',(3.375,-2.15,-1.3));
#8125=CARTESIAN_POINT('',(3.375,-1.35,-1.3));
#8126=VECTOR('',#8185,0.8);
#8127=CARTESIAN_POINT('',(4.575,-2.15,-1.3));
#8128=CARTESIAN_POINT('',(4.575,-2.15,-1.3));
#8129=VECTOR('',#8186,1.2);
#8130=CARTESIAN_POINT('',(4.575,-1.35,-1.3));
#8131=VECTOR('',#8187,0.8);
#8132=CARTESIAN_POINT('',(3.375,-1.35,0.9));
#8133=CARTESIAN_POINT('',(3.375,-1.35,-1.3));
#8134=VECTOR('',#8188,2.2);
#8135=CARTESIAN_POINT('',(4.575,-1.35,0.9));
#8136=CARTESIAN_POINT('',(4.575,-1.35,0.9));
#8137=VECTOR('',#8189,2.2);
#8138=CARTESIAN_POINT('',(3.375,-1.35,0.9));
#8139=VECTOR('',#8190,1.2);
#8140=CARTESIAN_POINT('',(3.375,-2.15,0.9));
#8141=CARTESIAN_POINT('',(3.375,-1.35,0.9));
#8142=VECTOR('',#8191,0.8);
#8143=CARTESIAN_POINT('',(3.375,-2.15,-1.3));
#8144=VECTOR('',#8192,2.2);
#8145=CARTESIAN_POINT('',(4.575,-2.15,0.9));
#8146=CARTESIAN_POINT('',(4.575,-1.35,0.9));
#8147=VECTOR('',#8193,0.8);
#8148=CARTESIAN_POINT('',(3.375,-2.15,0.9));
#8149=VECTOR('',#8194,1.2);
#8150=CARTESIAN_POINT('',(4.575,-2.15,0.9));
#8151=VECTOR('',#8195,2.2);
#8152=CARTESIAN_POINT('',(-3.375,-1.35,-1.3));
#8153=CARTESIAN_POINT('',(-4.575,-1.35,-1.3));
#8154=CARTESIAN_POINT('',(-3.375,-1.35,-1.3));
#8155=VECTOR('',#8196,1.2);
#8156=CARTESIAN_POINT('',(-3.375,-1.35,0.9));
#8157=CARTESIAN_POINT('',(-3.375,-1.35,0.9));
#8158=VECTOR('',#8197,2.2);
#8159=CARTESIAN_POINT('',(-4.575,-1.35,0.9));
#8160=CARTESIAN_POINT('',(-4.575,-1.35,0.9));
#8161=VECTOR('',#8198,1.2);
#8162=CARTESIAN_POINT('',(-4.575,-1.35,-1.3));
#8163=VECTOR('',#8199,2.2);
#8164=CARTESIAN_POINT('',(-4.575,-2.15,-1.3));
#8165=CARTESIAN_POINT('',(-4.575,-1.35,-1.3));
#8166=VECTOR('',#8200,0.8);
#8167=CARTESIAN_POINT('',(-3.375,-2.15,-1.3));
#8168=CARTESIAN_POINT('',(-3.375,-2.15,-1.3));
#8169=VECTOR('',#8201,1.2);
#8170=CARTESIAN_POINT('',(-3.375,-1.35,-1.3));
#8171=VECTOR('',#8202,0.8);
#8172=CARTESIAN_POINT('',(-4.575,-2.15,0.9));
#8173=CARTESIAN_POINT('',(-4.575,-1.35,0.9));
#8174=VECTOR('',#8203,0.8);
#8175=CARTESIAN_POINT('',(-4.575,-2.15,-1.3));
#8176=VECTOR('',#8204,2.2);
#8177=CARTESIAN_POINT('',(-3.375,-2.15,0.9));
#8178=CARTESIAN_POINT('',(-3.375,-1.35,0.9));
#8179=VECTOR('',#8205,0.8);
#8180=CARTESIAN_POINT('',(-4.575,-2.15,0.9));
#8181=VECTOR('',#8206,1.2);
#8182=CARTESIAN_POINT('',(-3.375,-2.15,0.9));
#8183=VECTOR('',#8207,2.2);
#8184=DIRECTION('',(-1.0,0.0,0.0));
#8185=DIRECTION('',(0.0,-1.0,0.0));
#8186=DIRECTION('',(-1.0,0.0,0.0));
#8187=DIRECTION('',(0.0,-1.0,0.0));
#8188=DIRECTION('',(0.0,0.0,1.0));
#8189=DIRECTION('',(0.0,0.0,-1.0));
#8190=DIRECTION('',(1.0,0.0,0.0));
#8191=DIRECTION('',(0.0,-1.0,0.0));
#8192=DIRECTION('',(0.0,0.0,1.0));
#8193=DIRECTION('',(0.0,-1.0,0.0));
#8194=DIRECTION('',(1.0,0.0,0.0));
#8195=DIRECTION('',(0.0,0.0,-1.0));
#8196=DIRECTION('',(-1.0,0.0,0.0));
#8197=DIRECTION('',(0.0,0.0,-1.0));
#8198=DIRECTION('',(1.0,0.0,0.0));
#8199=DIRECTION('',(0.0,0.0,1.0));
#8200=DIRECTION('',(0.0,-1.0,0.0));
#8201=DIRECTION('',(-1.0,0.0,0.0));
#8202=DIRECTION('',(0.0,-1.0,0.0));
#8203=DIRECTION('',(0.0,-1.0,0.0));
#8204=DIRECTION('',(0.0,0.0,1.0));
#8205=DIRECTION('',(0.0,-1.0,0.0));
#8206=DIRECTION('',(1.0,0.0,0.0));
#8207=DIRECTION('',(0.0,0.0,-1.0));
ENDSEC;
END-ISO-10303-21;
