ISO-10303-21;
HEADER;
FILE_DESCRIPTION(('STEP AP214'),'1');
FILE_NAME('53398-0271.stp','2025-05-24T04:56:58',('TraceParts'),('TraceParts S.A.'),'Spatial InterOp 3D',' ',' ');
FILE_SCHEMA(('AUTOMOTIVE_DESIGN { 1 0 10303 214 1 1 1 1 }'));
ENDSEC;
DATA;
#1=PRODUCT_DEFINITION_CONTEXT('',#10,'design');
#2=APPLICATION_PROTOCOL_DEFINITION('INTERNATIONAL STANDARD','automotive_design',1994,#10);
#3=PRODUCT_CATEGORY_RELATIONSHIP('NONE','NONE',#11,#12);
#4=SHAPE_DEFINITION_REPRESENTATION(#13,#14);
#5=SHAPE_DEFINITION_REPRESENTATION(#13,#15);
#6= (GEOMETRIC_REPRESENTATION_CONTEXT(3)GLOBAL_UNCERTAINTY_ASSIGNED_CONTEXT((#18))GLOBAL_UNIT_ASSIGNED_CONTEXT((#20,#21,#22))REPRESENTATION_CONTEXT('NONE','WORKSPACE'));
#10=APPLICATION_CONTEXT(' ');
#11=PRODUCT_CATEGORY('part','NONE');
#12=PRODUCT_RELATED_PRODUCT_CATEGORY('detail',' ',(#24));
#13=PRODUCT_DEFINITION_SHAPE('NONE','NONE',#25);
#14=ADVANCED_BREP_SHAPE_REPRESENTATION('533980271',(#26,#27),#6);
#15=GEOMETRICALLY_BOUNDED_SURFACE_SHAPE_REPRESENTATION('1',(#28,#29),#6);
#18=UNCERTAINTY_MEASURE_WITH_UNIT(LENGTH_MEASURE(1.0E-06),#20,'','');
#20= (CONVERSION_BASED_UNIT('MILLIMETRE',#32)LENGTH_UNIT()NAMED_UNIT(#35));
#21= (NAMED_UNIT(#37)PLANE_ANGLE_UNIT()SI_UNIT($,.RADIAN.));
#22= (NAMED_UNIT(#37)SOLID_ANGLE_UNIT()SI_UNIT($,.STERADIAN.));
#24=PRODUCT('533980271','533980271','PART-533980271-DESC',(#43));
#25=PRODUCT_DEFINITION('','NONE',#44,#1);
#26=BREP_WITH_VOIDS('533980271',#45,(#46,#47));
#27=AXIS2_PLACEMENT_3D('',#48,#49,#50);
#28=GEOMETRIC_SET('1',(#51,#52,#53,#54,#55));
#29=AXIS2_PLACEMENT_3D('',#56,#57,#58);
#32=LENGTH_MEASURE_WITH_UNIT(LENGTH_MEASURE(1.0),#59);
#35=DIMENSIONAL_EXPONENTS(1.0,0.0,0.0,0.0,0.0,0.0,0.0);
#37=DIMENSIONAL_EXPONENTS(0.0,0.0,0.0,0.0,0.0,0.0,0.0);
#43=PRODUCT_CONTEXT('',#10,'mechanical');
#44=PRODUCT_DEFINITION_FORMATION_WITH_SPECIFIED_SOURCE(' ','NONE',#24,.NOT_KNOWN.);
#45=CLOSED_SHELL('',(#60,#61,#62,#63,#64,#65,#66,#67,#68,#69,#70,#71,#72,#73,#74,#75,#76,#77,#78,#79,#80,#81,#82,#83,#84,#85,#86,#87,#88,#89,#90,#91,#92,#93,#94,#95,#96,#97,#98,#99,#100,#101,#102,#103,#104,#105,#106,#107,#108,#109,#110,#111,#112,#113,#114,#115,#116,#117,#118,#119,#120,#121,#122,#123,#124,#125,#126,#127,#128,#129,#130,#131,#132,#133,#134,#135,#136,#137,#138,#139,#140,#141,#142,#143,#144,#145,#146,#147,#148,#149,#150,#151,#152,#153,#154,#155,#156,#157,#158,#159,#160,#161,#162,#163,#164,#165,#166,#167,#168,#169,#170,#171,#172,#173,#174,#175,#176,#177,#178,#179,#180,#181,#182,#183,#184,#185,#186,#187,#188,#189,#190,#191,#192,#193,#194,#195,#196,#197,#198,#199,#200,#201,#202,#203,#204,#205,#206,#207,#208,#209,#210,#211,#212,#213,#214,#215,#216,#217,#218,#219,#220,#221,#222,#223,#224,#225,#226,#227,#228,#229,#230,#231,#232,#233,#234,#235,#236,#237,#238,#239,#240,#241,#242,#243,#244,#245,#246));
#46=ORIENTED_CLOSED_SHELL('',*,#247,.T.);
#47=ORIENTED_CLOSED_SHELL('',*,#248,.T.);
#48=CARTESIAN_POINT('',(0.0,0.0,0.0));
#49=DIRECTION('',(0.0,0.0,1.0));
#50=DIRECTION('',(1.0,0.0,0.0));
#51=COMPOSITE_CURVE('533980271',(#249,#250,#251,#252),.U.);
#52=COMPOSITE_CURVE('533980271',(#253,#254,#255,#256),.U.);
#53=COMPOSITE_CURVE('533980271',(#257,#258,#259,#260),.U.);
#54=COMPOSITE_CURVE('533980271',(#261,#262,#263,#264),.U.);
#55=COMPOSITE_CURVE('533980271',(#265,#266,#267,#268,#269,#270,#271),.U.);
#56=CARTESIAN_POINT('',(0.0,0.0,0.0));
#57=DIRECTION('',(0.0,0.0,1.0));
#58=DIRECTION('',(1.0,0.0,0.0));
#59= (NAMED_UNIT(#35)LENGTH_UNIT()SI_UNIT(.MILLI.,.METRE.));
#60=ADVANCED_FACE('',(#273),#274,.T.);
#61=ADVANCED_FACE('',(#275,#276,#277),#278,.T.);
#62=ADVANCED_FACE('',(#279),#280,.F.);
#63=ADVANCED_FACE('',(#281),#282,.F.);
#64=ADVANCED_FACE('',(#283),#284,.F.);
#65=ADVANCED_FACE('',(#285),#286,.F.);
#66=ADVANCED_FACE('',(#287),#288,.T.);
#67=ADVANCED_FACE('',(#289),#290,.T.);
#68=ADVANCED_FACE('',(#291),#292,.F.);
#69=ADVANCED_FACE('',(#293),#294,.T.);
#70=ADVANCED_FACE('',(#295),#296,.T.);
#71=ADVANCED_FACE('',(#297),#298,.F.);
#72=ADVANCED_FACE('',(#299),#300,.F.);
#73=ADVANCED_FACE('',(#301),#302,.F.);
#74=ADVANCED_FACE('',(#303,#304,#305,#306),#307,.T.);
#75=ADVANCED_FACE('',(#308),#309,.T.);
#76=ADVANCED_FACE('',(#310),#311,.T.);
#77=ADVANCED_FACE('',(#312),#313,.T.);
#78=ADVANCED_FACE('',(#314),#315,.T.);
#79=ADVANCED_FACE('',(#316),#317,.T.);
#80=ADVANCED_FACE('',(#318),#319,.F.);
#81=ADVANCED_FACE('',(#320),#321,.F.);
#82=ADVANCED_FACE('',(#322),#323,.T.);
#83=ADVANCED_FACE('',(#324),#325,.F.);
#84=ADVANCED_FACE('',(#326),#327,.F.);
#85=ADVANCED_FACE('',(#328),#329,.F.);
#86=ADVANCED_FACE('',(#330),#331,.T.);
#87=ADVANCED_FACE('',(#332),#333,.T.);
#88=ADVANCED_FACE('',(#334),#335,.T.);
#89=ADVANCED_FACE('',(#336),#337,.T.);
#90=ADVANCED_FACE('',(#338),#339,.T.);
#91=ADVANCED_FACE('',(#340),#341,.T.);
#92=ADVANCED_FACE('',(#342),#343,.F.);
#93=ADVANCED_FACE('',(#344),#345,.F.);
#94=ADVANCED_FACE('',(#346),#347,.T.);
#95=ADVANCED_FACE('',(#348),#349,.T.);
#96=ADVANCED_FACE('',(#350),#351,.T.);
#97=ADVANCED_FACE('',(#352),#353,.F.);
#98=ADVANCED_FACE('',(#354),#355,.T.);
#99=ADVANCED_FACE('',(#356),#357,.T.);
#100=ADVANCED_FACE('',(#358),#359,.T.);
#101=ADVANCED_FACE('',(#360),#361,.T.);
#102=ADVANCED_FACE('',(#362),#363,.T.);
#103=ADVANCED_FACE('',(#364),#365,.T.);
#104=ADVANCED_FACE('',(#366),#367,.T.);
#105=ADVANCED_FACE('',(#368),#369,.T.);
#106=ADVANCED_FACE('',(#370),#371,.T.);
#107=ADVANCED_FACE('',(#372),#373,.F.);
#108=ADVANCED_FACE('',(#374),#375,.F.);
#109=ADVANCED_FACE('',(#376),#377,.T.);
#110=ADVANCED_FACE('',(#378),#379,.T.);
#111=ADVANCED_FACE('',(#380),#381,.T.);
#112=ADVANCED_FACE('',(#382),#383,.T.);
#113=ADVANCED_FACE('',(#384),#385,.T.);
#114=ADVANCED_FACE('',(#386),#387,.T.);
#115=ADVANCED_FACE('',(#388),#389,.T.);
#116=ADVANCED_FACE('',(#390),#391,.T.);
#117=ADVANCED_FACE('',(#392),#393,.T.);
#118=ADVANCED_FACE('',(#394),#395,.F.);
#119=ADVANCED_FACE('',(#396),#397,.T.);
#120=ADVANCED_FACE('',(#398),#399,.F.);
#121=ADVANCED_FACE('',(#400),#401,.T.);
#122=ADVANCED_FACE('',(#402),#403,.T.);
#123=ADVANCED_FACE('',(#404),#405,.T.);
#124=ADVANCED_FACE('',(#406),#407,.T.);
#125=ADVANCED_FACE('',(#408),#409,.T.);
#126=ADVANCED_FACE('',(#410),#411,.T.);
#127=ADVANCED_FACE('',(#412),#413,.T.);
#128=ADVANCED_FACE('',(#414),#415,.T.);
#129=ADVANCED_FACE('',(#416),#417,.T.);
#130=ADVANCED_FACE('',(#418),#419,.T.);
#131=ADVANCED_FACE('',(#420),#421,.T.);
#132=ADVANCED_FACE('',(#422),#423,.T.);
#133=ADVANCED_FACE('',(#424),#425,.T.);
#134=ADVANCED_FACE('',(#426),#427,.F.);
#135=ADVANCED_FACE('',(#428),#429,.T.);
#136=ADVANCED_FACE('',(#430),#431,.T.);
#137=ADVANCED_FACE('',(#432),#433,.T.);
#138=ADVANCED_FACE('',(#434),#435,.F.);
#139=ADVANCED_FACE('',(#436),#437,.F.);
#140=ADVANCED_FACE('',(#438),#439,.F.);
#141=ADVANCED_FACE('',(#440),#441,.T.);
#142=ADVANCED_FACE('',(#442),#443,.T.);
#143=ADVANCED_FACE('',(#444),#445,.T.);
#144=ADVANCED_FACE('',(#446),#447,.F.);
#145=ADVANCED_FACE('',(#448),#449,.T.);
#146=ADVANCED_FACE('',(#450),#451,.T.);
#147=ADVANCED_FACE('',(#452),#453,.T.);
#148=ADVANCED_FACE('',(#454),#455,.T.);
#149=ADVANCED_FACE('',(#456),#457,.T.);
#150=ADVANCED_FACE('',(#458),#459,.T.);
#151=ADVANCED_FACE('',(#460),#461,.F.);
#152=ADVANCED_FACE('',(#462),#463,.F.);
#153=ADVANCED_FACE('',(#464),#465,.T.);
#154=ADVANCED_FACE('',(#466),#467,.T.);
#155=ADVANCED_FACE('',(#468),#469,.F.);
#156=ADVANCED_FACE('',(#470),#471,.F.);
#157=ADVANCED_FACE('',(#472),#473,.F.);
#158=ADVANCED_FACE('',(#474),#475,.F.);
#159=ADVANCED_FACE('',(#476),#477,.F.);
#160=ADVANCED_FACE('',(#478),#479,.F.);
#161=ADVANCED_FACE('',(#480),#481,.F.);
#162=ADVANCED_FACE('',(#482),#483,.T.);
#163=ADVANCED_FACE('',(#484),#485,.F.);
#164=ADVANCED_FACE('',(#486,#487),#488,.F.);
#165=ADVANCED_FACE('',(#489),#490,.F.);
#166=ADVANCED_FACE('',(#491),#492,.F.);
#167=ADVANCED_FACE('',(#493),#494,.F.);
#168=ADVANCED_FACE('',(#495),#496,.F.);
#169=ADVANCED_FACE('',(#497),#498,.F.);
#170=ADVANCED_FACE('',(#499,#500),#501,.F.);
#171=ADVANCED_FACE('',(#502),#503,.F.);
#172=ADVANCED_FACE('',(#504),#505,.T.);
#173=ADVANCED_FACE('',(#506),#507,.T.);
#174=ADVANCED_FACE('',(#508),#509,.F.);
#175=ADVANCED_FACE('',(#510),#511,.T.);
#176=ADVANCED_FACE('',(#512),#513,.T.);
#177=ADVANCED_FACE('',(#514),#515,.T.);
#178=ADVANCED_FACE('',(#516),#517,.T.);
#179=ADVANCED_FACE('',(#518),#519,.T.);
#180=ADVANCED_FACE('',(#520),#521,.T.);
#181=ADVANCED_FACE('',(#522),#523,.T.);
#182=ADVANCED_FACE('',(#524),#525,.T.);
#183=ADVANCED_FACE('',(#526),#527,.F.);
#184=ADVANCED_FACE('',(#528),#529,.F.);
#185=ADVANCED_FACE('',(#530),#531,.F.);
#186=ADVANCED_FACE('',(#532),#533,.F.);
#187=ADVANCED_FACE('',(#534),#535,.F.);
#188=ADVANCED_FACE('',(#536),#537,.T.);
#189=ADVANCED_FACE('',(#538),#539,.T.);
#190=ADVANCED_FACE('',(#540),#541,.F.);
#191=ADVANCED_FACE('',(#542),#543,.T.);
#192=ADVANCED_FACE('',(#544),#545,.T.);
#193=ADVANCED_FACE('',(#546),#547,.T.);
#194=ADVANCED_FACE('',(#548),#549,.T.);
#195=ADVANCED_FACE('',(#550),#551,.T.);
#196=ADVANCED_FACE('',(#552),#553,.T.);
#197=ADVANCED_FACE('',(#554),#555,.T.);
#198=ADVANCED_FACE('',(#556),#557,.T.);
#199=ADVANCED_FACE('',(#558),#559,.F.);
#200=ADVANCED_FACE('',(#560),#561,.F.);
#201=ADVANCED_FACE('',(#562),#563,.F.);
#202=ADVANCED_FACE('',(#564),#565,.F.);
#203=ADVANCED_FACE('',(#566),#567,.F.);
#204=ADVANCED_FACE('',(#568),#569,.F.);
#205=ADVANCED_FACE('',(#570),#571,.F.);
#206=ADVANCED_FACE('',(#572),#573,.F.);
#207=ADVANCED_FACE('',(#574),#575,.F.);
#208=ADVANCED_FACE('',(#576),#577,.F.);
#209=ADVANCED_FACE('',(#578),#579,.T.);
#210=ADVANCED_FACE('',(#580),#581,.T.);
#211=ADVANCED_FACE('',(#582),#583,.F.);
#212=ADVANCED_FACE('',(#584),#585,.F.);
#213=ADVANCED_FACE('',(#586),#587,.T.);
#214=ADVANCED_FACE('',(#588),#589,.F.);
#215=ADVANCED_FACE('',(#590),#591,.F.);
#216=ADVANCED_FACE('',(#592),#593,.F.);
#217=ADVANCED_FACE('',(#594),#595,.T.);
#218=ADVANCED_FACE('',(#596),#597,.F.);
#219=ADVANCED_FACE('',(#598),#599,.F.);
#220=ADVANCED_FACE('',(#600),#601,.F.);
#221=ADVANCED_FACE('',(#602),#603,.F.);
#222=ADVANCED_FACE('',(#604),#605,.T.);
#223=ADVANCED_FACE('',(#606),#607,.F.);
#224=ADVANCED_FACE('',(#608),#609,.F.);
#225=ADVANCED_FACE('',(#610),#611,.F.);
#226=ADVANCED_FACE('',(#612),#613,.F.);
#227=ADVANCED_FACE('',(#614),#615,.T.);
#228=ADVANCED_FACE('',(#616),#617,.F.);
#229=ADVANCED_FACE('',(#618),#619,.F.);
#230=ADVANCED_FACE('',(#620),#621,.T.);
#231=ADVANCED_FACE('',(#622),#623,.T.);
#232=ADVANCED_FACE('',(#624),#625,.T.);
#233=ADVANCED_FACE('',(#626),#627,.T.);
#234=ADVANCED_FACE('',(#628),#629,.T.);
#235=ADVANCED_FACE('',(#630),#631,.T.);
#236=ADVANCED_FACE('',(#632),#633,.T.);
#237=ADVANCED_FACE('',(#634),#635,.T.);
#238=ADVANCED_FACE('',(#636),#637,.T.);
#239=ADVANCED_FACE('',(#638),#639,.T.);
#240=ADVANCED_FACE('',(#640),#641,.T.);
#241=ADVANCED_FACE('',(#642),#643,.T.);
#242=ADVANCED_FACE('',(#644),#645,.T.);
#243=ADVANCED_FACE('',(#646),#647,.T.);
#244=ADVANCED_FACE('',(#648),#649,.T.);
#245=ADVANCED_FACE('',(#650),#651,.T.);
#246=ADVANCED_FACE('',(#652),#653,.T.);
#247=CLOSED_SHELL('',(#654,#655,#656,#657,#658,#659));
#248=CLOSED_SHELL('',(#660,#661,#662,#663,#664,#665));
#249=COMPOSITE_CURVE_SEGMENT(.CONTINUOUS.,.T.,#666);
#250=COMPOSITE_CURVE_SEGMENT(.CONTINUOUS.,.T.,#667);
#251=COMPOSITE_CURVE_SEGMENT(.CONTINUOUS.,.T.,#668);
#252=COMPOSITE_CURVE_SEGMENT(.CONTINUOUS.,.T.,#669);
#253=COMPOSITE_CURVE_SEGMENT(.CONTINUOUS.,.T.,#670);
#254=COMPOSITE_CURVE_SEGMENT(.CONTINUOUS.,.T.,#671);
#255=COMPOSITE_CURVE_SEGMENT(.CONTINUOUS.,.T.,#672);
#256=COMPOSITE_CURVE_SEGMENT(.CONTINUOUS.,.T.,#673);
#257=COMPOSITE_CURVE_SEGMENT(.CONTINUOUS.,.T.,#674);
#258=COMPOSITE_CURVE_SEGMENT(.CONTINUOUS.,.T.,#675);
#259=COMPOSITE_CURVE_SEGMENT(.CONTINUOUS.,.T.,#676);
#260=COMPOSITE_CURVE_SEGMENT(.CONTINUOUS.,.T.,#677);
#261=COMPOSITE_CURVE_SEGMENT(.CONTINUOUS.,.T.,#678);
#262=COMPOSITE_CURVE_SEGMENT(.CONTINUOUS.,.T.,#679);
#263=COMPOSITE_CURVE_SEGMENT(.CONTINUOUS.,.T.,#680);
#264=COMPOSITE_CURVE_SEGMENT(.CONTINUOUS.,.T.,#681);
#265=COMPOSITE_CURVE_SEGMENT(.CONTINUOUS.,.T.,#682);
#266=COMPOSITE_CURVE_SEGMENT(.CONTINUOUS.,.T.,#683);
#267=COMPOSITE_CURVE_SEGMENT(.CONTINUOUS.,.T.,#684);
#268=COMPOSITE_CURVE_SEGMENT(.CONTINUOUS.,.T.,#685);
#269=COMPOSITE_CURVE_SEGMENT(.CONTINUOUS.,.T.,#686);
#270=COMPOSITE_CURVE_SEGMENT(.CONTINUOUS.,.T.,#687);
#271=COMPOSITE_CURVE_SEGMENT(.CONTINUOUS.,.T.,#688);
#273=FACE_OUTER_BOUND('',#689,.T.);
#274=PLANE('',#690);
#275=FACE_OUTER_BOUND('',#691,.T.);
#276=FACE_BOUND('',#692,.T.);
#277=FACE_BOUND('',#693,.T.);
#278=PLANE('',#694);
#279=FACE_OUTER_BOUND('',#695,.T.);
#280=PLANE('',#696);
#281=FACE_OUTER_BOUND('',#697,.T.);
#282=PLANE('',#698);
#283=FACE_OUTER_BOUND('',#699,.T.);
#284=PLANE('',#700);
#285=FACE_OUTER_BOUND('',#701,.T.);
#286=PLANE('',#702);
#287=FACE_OUTER_BOUND('',#703,.T.);
#288=PLANE('',#704);
#289=FACE_OUTER_BOUND('',#705,.T.);
#290=PLANE('',#706);
#291=FACE_OUTER_BOUND('',#707,.T.);
#292=PLANE('',#708);
#293=FACE_OUTER_BOUND('',#709,.T.);
#294=PLANE('',#710);
#295=FACE_OUTER_BOUND('',#711,.T.);
#296=PLANE('',#712);
#297=FACE_OUTER_BOUND('',#713,.T.);
#298=PLANE('',#714);
#299=FACE_OUTER_BOUND('',#715,.T.);
#300=PLANE('',#716);
#301=FACE_OUTER_BOUND('',#717,.T.);
#302=PLANE('',#718);
#303=FACE_OUTER_BOUND('',#719,.T.);
#304=FACE_BOUND('',#720,.T.);
#305=FACE_BOUND('',#721,.T.);
#306=FACE_BOUND('',#722,.T.);
#307=PLANE('',#723);
#308=FACE_OUTER_BOUND('',#724,.T.);
#309=PLANE('',#725);
#310=FACE_OUTER_BOUND('',#726,.T.);
#311=PLANE('',#727);
#312=FACE_OUTER_BOUND('',#728,.T.);
#313=PLANE('',#729);
#314=FACE_OUTER_BOUND('',#730,.T.);
#315=PLANE('',#731);
#316=FACE_OUTER_BOUND('',#732,.T.);
#317=PLANE('',#733);
#318=FACE_OUTER_BOUND('',#734,.T.);
#319=PLANE('',#735);
#320=FACE_OUTER_BOUND('',#736,.T.);
#321=PLANE('',#737);
#322=FACE_OUTER_BOUND('',#738,.T.);
#323=PLANE('',#739);
#324=FACE_OUTER_BOUND('',#740,.T.);
#325=PLANE('',#741);
#326=FACE_OUTER_BOUND('',#742,.T.);
#327=PLANE('',#743);
#328=FACE_OUTER_BOUND('',#744,.T.);
#329=PLANE('',#745);
#330=FACE_OUTER_BOUND('',#746,.T.);
#331=PLANE('',#747);
#332=FACE_OUTER_BOUND('',#748,.T.);
#333=PLANE('',#749);
#334=FACE_OUTER_BOUND('',#750,.T.);
#335=PLANE('',#751);
#336=FACE_OUTER_BOUND('',#752,.T.);
#337=PLANE('',#753);
#338=FACE_OUTER_BOUND('',#754,.T.);
#339=PLANE('',#755);
#340=FACE_OUTER_BOUND('',#756,.T.);
#341=PLANE('',#757);
#342=FACE_OUTER_BOUND('',#758,.T.);
#343=PLANE('',#759);
#344=FACE_OUTER_BOUND('',#760,.T.);
#345=PLANE('',#761);
#346=FACE_OUTER_BOUND('',#762,.T.);
#347=PLANE('',#763);
#348=FACE_OUTER_BOUND('',#764,.T.);
#349=PLANE('',#765);
#350=FACE_OUTER_BOUND('',#766,.T.);
#351=PLANE('',#767);
#352=FACE_OUTER_BOUND('',#768,.T.);
#353=CYLINDRICAL_SURFACE('',#769,0.05);
#354=FACE_OUTER_BOUND('',#770,.T.);
#355=PLANE('',#771);
#356=FACE_OUTER_BOUND('',#772,.T.);
#357=PLANE('',#773);
#358=FACE_OUTER_BOUND('',#774,.T.);
#359=PLANE('',#775);
#360=FACE_OUTER_BOUND('',#776,.T.);
#361=PLANE('',#777);
#362=FACE_OUTER_BOUND('',#778,.T.);
#363=PLANE('',#779);
#364=FACE_OUTER_BOUND('',#780,.T.);
#365=PLANE('',#781);
#366=FACE_OUTER_BOUND('',#782,.T.);
#367=CYLINDRICAL_SURFACE('',#783,0.3);
#368=FACE_OUTER_BOUND('',#784,.T.);
#369=PLANE('',#785);
#370=FACE_OUTER_BOUND('',#786,.T.);
#371=PLANE('',#787);
#372=FACE_OUTER_BOUND('',#788,.T.);
#373=PLANE('',#789);
#374=FACE_OUTER_BOUND('',#790,.T.);
#375=PLANE('',#791);
#376=FACE_OUTER_BOUND('',#792,.T.);
#377=PLANE('',#793);
#378=FACE_OUTER_BOUND('',#794,.T.);
#379=PLANE('',#795);
#380=FACE_OUTER_BOUND('',#796,.T.);
#381=PLANE('',#797);
#382=FACE_OUTER_BOUND('',#798,.T.);
#383=CYLINDRICAL_SURFACE('',#799,0.3);
#384=FACE_OUTER_BOUND('',#800,.T.);
#385=PLANE('',#801);
#386=FACE_OUTER_BOUND('',#802,.T.);
#387=PLANE('',#803);
#388=FACE_OUTER_BOUND('',#804,.T.);
#389=PLANE('',#805);
#390=FACE_OUTER_BOUND('',#806,.T.);
#391=PLANE('',#807);
#392=FACE_OUTER_BOUND('',#808,.T.);
#393=PLANE('',#809);
#394=FACE_OUTER_BOUND('',#810,.T.);
#395=PLANE('',#811);
#396=FACE_OUTER_BOUND('',#812,.T.);
#397=PLANE('',#813);
#398=FACE_OUTER_BOUND('',#814,.T.);
#399=CYLINDRICAL_SURFACE('',#815,0.05);
#400=FACE_OUTER_BOUND('',#816,.T.);
#401=PLANE('',#817);
#402=FACE_OUTER_BOUND('',#818,.T.);
#403=PLANE('',#819);
#404=FACE_OUTER_BOUND('',#820,.T.);
#405=PLANE('',#821);
#406=FACE_OUTER_BOUND('',#822,.T.);
#407=PLANE('',#823);
#408=FACE_OUTER_BOUND('',#824,.T.);
#409=PLANE('',#825);
#410=FACE_OUTER_BOUND('',#826,.T.);
#411=PLANE('',#827);
#412=FACE_OUTER_BOUND('',#828,.T.);
#413=PLANE('',#829);
#414=FACE_OUTER_BOUND('',#830,.T.);
#415=PLANE('',#831);
#416=FACE_OUTER_BOUND('',#832,.T.);
#417=PLANE('',#833);
#418=FACE_OUTER_BOUND('',#834,.T.);
#419=PLANE('',#835);
#420=FACE_OUTER_BOUND('',#836,.T.);
#421=PLANE('',#837);
#422=FACE_OUTER_BOUND('',#838,.T.);
#423=PLANE('',#839);
#424=FACE_OUTER_BOUND('',#840,.T.);
#425=PLANE('',#841);
#426=FACE_OUTER_BOUND('',#842,.T.);
#427=CYLINDRICAL_SURFACE('',#843,0.05);
#428=FACE_OUTER_BOUND('',#844,.T.);
#429=PLANE('',#845);
#430=FACE_OUTER_BOUND('',#846,.T.);
#431=PLANE('',#847);
#432=FACE_OUTER_BOUND('',#848,.T.);
#433=CYLINDRICAL_SURFACE('',#849,0.3);
#434=FACE_OUTER_BOUND('',#850,.T.);
#435=PLANE('',#851);
#436=FACE_OUTER_BOUND('',#852,.T.);
#437=PLANE('',#853);
#438=FACE_OUTER_BOUND('',#854,.T.);
#439=CYLINDRICAL_SURFACE('',#855,0.05);
#440=FACE_OUTER_BOUND('',#856,.T.);
#441=PLANE('',#857);
#442=FACE_OUTER_BOUND('',#858,.T.);
#443=PLANE('',#859);
#444=FACE_OUTER_BOUND('',#860,.T.);
#445=PLANE('',#861);
#446=FACE_OUTER_BOUND('',#862,.T.);
#447=PLANE('',#863);
#448=FACE_OUTER_BOUND('',#864,.T.);
#449=PLANE('',#865);
#450=FACE_OUTER_BOUND('',#866,.T.);
#451=CYLINDRICAL_SURFACE('',#867,0.3);
#452=FACE_OUTER_BOUND('',#868,.T.);
#453=PLANE('',#869);
#454=FACE_OUTER_BOUND('',#870,.T.);
#455=PLANE('',#871);
#456=FACE_OUTER_BOUND('',#872,.T.);
#457=PLANE('',#873);
#458=FACE_OUTER_BOUND('',#874,.T.);
#459=PLANE('',#875);
#460=FACE_OUTER_BOUND('',#876,.T.);
#461=PLANE('',#877);
#462=FACE_OUTER_BOUND('',#878,.T.);
#463=PLANE('',#879);
#464=FACE_OUTER_BOUND('',#880,.T.);
#465=PLANE('',#881);
#466=FACE_OUTER_BOUND('',#882,.T.);
#467=PLANE('',#883);
#468=FACE_OUTER_BOUND('',#884,.T.);
#469=PLANE('',#885);
#470=FACE_OUTER_BOUND('',#886,.T.);
#471=PLANE('',#887);
#472=FACE_OUTER_BOUND('',#888,.T.);
#473=PLANE('',#889);
#474=FACE_OUTER_BOUND('',#890,.T.);
#475=PLANE('',#891);
#476=FACE_OUTER_BOUND('',#892,.T.);
#477=PLANE('',#893);
#478=FACE_OUTER_BOUND('',#894,.T.);
#479=PLANE('',#895);
#480=FACE_OUTER_BOUND('',#896,.T.);
#481=PLANE('',#897);
#482=FACE_OUTER_BOUND('',#898,.T.);
#483=PLANE('',#899);
#484=FACE_OUTER_BOUND('',#900,.T.);
#485=PLANE('',#901);
#486=FACE_OUTER_BOUND('',#902,.T.);
#487=FACE_BOUND('',#903,.T.);
#488=PLANE('',#904);
#489=FACE_OUTER_BOUND('',#905,.T.);
#490=PLANE('',#906);
#491=FACE_OUTER_BOUND('',#907,.T.);
#492=PLANE('',#908);
#493=FACE_OUTER_BOUND('',#909,.T.);
#494=PLANE('',#910);
#495=FACE_OUTER_BOUND('',#911,.T.);
#496=PLANE('',#912);
#497=FACE_OUTER_BOUND('',#913,.T.);
#498=PLANE('',#914);
#499=FACE_OUTER_BOUND('',#915,.T.);
#500=FACE_BOUND('',#916,.T.);
#501=PLANE('',#917);
#502=FACE_OUTER_BOUND('',#918,.T.);
#503=PLANE('',#919);
#504=FACE_OUTER_BOUND('',#920,.T.);
#505=PLANE('',#921);
#506=FACE_OUTER_BOUND('',#922,.T.);
#507=PLANE('',#923);
#508=FACE_OUTER_BOUND('',#924,.T.);
#509=PLANE('',#925);
#510=FACE_OUTER_BOUND('',#926,.T.);
#511=PLANE('',#927);
#512=FACE_OUTER_BOUND('',#928,.T.);
#513=PLANE('',#929);
#514=FACE_OUTER_BOUND('',#930,.T.);
#515=PLANE('',#931);
#516=FACE_OUTER_BOUND('',#932,.T.);
#517=PLANE('',#933);
#518=FACE_OUTER_BOUND('',#934,.T.);
#519=PLANE('',#935);
#520=FACE_OUTER_BOUND('',#936,.T.);
#521=PLANE('',#937);
#522=FACE_OUTER_BOUND('',#938,.T.);
#523=PLANE('',#939);
#524=FACE_OUTER_BOUND('',#940,.T.);
#525=PLANE('',#941);
#526=FACE_OUTER_BOUND('',#942,.T.);
#527=PLANE('',#943);
#528=FACE_OUTER_BOUND('',#944,.T.);
#529=PLANE('',#945);
#530=FACE_OUTER_BOUND('',#946,.T.);
#531=PLANE('',#947);
#532=FACE_OUTER_BOUND('',#948,.T.);
#533=PLANE('',#949);
#534=FACE_OUTER_BOUND('',#950,.T.);
#535=PLANE('',#951);
#536=FACE_OUTER_BOUND('',#952,.T.);
#537=PLANE('',#953);
#538=FACE_OUTER_BOUND('',#954,.T.);
#539=PLANE('',#955);
#540=FACE_OUTER_BOUND('',#956,.T.);
#541=PLANE('',#957);
#542=FACE_OUTER_BOUND('',#958,.T.);
#543=PLANE('',#959);
#544=FACE_OUTER_BOUND('',#960,.T.);
#545=PLANE('',#961);
#546=FACE_OUTER_BOUND('',#962,.T.);
#547=PLANE('',#963);
#548=FACE_OUTER_BOUND('',#964,.T.);
#549=PLANE('',#965);
#550=FACE_OUTER_BOUND('',#966,.T.);
#551=PLANE('',#967);
#552=FACE_OUTER_BOUND('',#968,.T.);
#553=PLANE('',#969);
#554=FACE_OUTER_BOUND('',#970,.T.);
#555=PLANE('',#971);
#556=FACE_OUTER_BOUND('',#972,.T.);
#557=PLANE('',#973);
#558=FACE_OUTER_BOUND('',#974,.T.);
#559=PLANE('',#975);
#560=FACE_OUTER_BOUND('',#976,.T.);
#561=PLANE('',#977);
#562=FACE_OUTER_BOUND('',#978,.T.);
#563=PLANE('',#979);
#564=FACE_OUTER_BOUND('',#980,.T.);
#565=PLANE('',#981);
#566=FACE_OUTER_BOUND('',#982,.T.);
#567=PLANE('',#983);
#568=FACE_OUTER_BOUND('',#984,.T.);
#569=PLANE('',#985);
#570=FACE_OUTER_BOUND('',#986,.T.);
#571=PLANE('',#987);
#572=FACE_OUTER_BOUND('',#988,.T.);
#573=PLANE('',#989);
#574=FACE_OUTER_BOUND('',#990,.T.);
#575=PLANE('',#991);
#576=FACE_OUTER_BOUND('',#992,.T.);
#577=PLANE('',#993);
#578=FACE_OUTER_BOUND('',#994,.T.);
#579=PLANE('',#995);
#580=FACE_OUTER_BOUND('',#996,.T.);
#581=PLANE('',#997);
#582=FACE_OUTER_BOUND('',#998,.T.);
#583=PLANE('',#999);
#584=FACE_OUTER_BOUND('',#1000,.T.);
#585=PLANE('',#1001);
#586=FACE_OUTER_BOUND('',#1002,.T.);
#587=PLANE('',#1003);
#588=FACE_OUTER_BOUND('',#1004,.T.);
#589=PLANE('',#1005);
#590=FACE_OUTER_BOUND('',#1006,.T.);
#591=PLANE('',#1007);
#592=FACE_OUTER_BOUND('',#1008,.T.);
#593=PLANE('',#1009);
#594=FACE_OUTER_BOUND('',#1010,.T.);
#595=PLANE('',#1011);
#596=FACE_OUTER_BOUND('',#1012,.T.);
#597=PLANE('',#1013);
#598=FACE_OUTER_BOUND('',#1014,.T.);
#599=PLANE('',#1015);
#600=FACE_OUTER_BOUND('',#1016,.T.);
#601=PLANE('',#1017);
#602=FACE_OUTER_BOUND('',#1018,.T.);
#603=PLANE('',#1019);
#604=FACE_OUTER_BOUND('',#1020,.T.);
#605=PLANE('',#1021);
#606=FACE_OUTER_BOUND('',#1022,.T.);
#607=PLANE('',#1023);
#608=FACE_OUTER_BOUND('',#1024,.T.);
#609=PLANE('',#1025);
#610=FACE_OUTER_BOUND('',#1026,.T.);
#611=PLANE('',#1027);
#612=FACE_OUTER_BOUND('',#1028,.T.);
#613=PLANE('',#1029);
#614=FACE_OUTER_BOUND('',#1030,.T.);
#615=PLANE('',#1031);
#616=FACE_OUTER_BOUND('',#1032,.T.);
#617=PLANE('',#1033);
#618=FACE_OUTER_BOUND('',#1034,.T.);
#619=PLANE('',#1035);
#620=FACE_OUTER_BOUND('',#1036,.T.);
#621=PLANE('',#1037);
#622=FACE_OUTER_BOUND('',#1038,.T.);
#623=PLANE('',#1039);
#624=FACE_OUTER_BOUND('',#1040,.T.);
#625=PLANE('',#1041);
#626=FACE_OUTER_BOUND('',#1042,.T.);
#627=PLANE('',#1043);
#628=FACE_OUTER_BOUND('',#1044,.T.);
#629=PLANE('',#1045);
#630=FACE_OUTER_BOUND('',#1046,.T.);
#631=PLANE('',#1047);
#632=FACE_OUTER_BOUND('',#1048,.T.);
#633=PLANE('',#1049);
#634=FACE_OUTER_BOUND('',#1050,.T.);
#635=PLANE('',#1051);
#636=FACE_OUTER_BOUND('',#1052,.T.);
#637=PLANE('',#1053);
#638=FACE_OUTER_BOUND('',#1054,.T.);
#639=PLANE('',#1055);
#640=FACE_OUTER_BOUND('',#1056,.T.);
#641=PLANE('',#1057);
#642=FACE_OUTER_BOUND('',#1058,.T.);
#643=PLANE('',#1059);
#644=FACE_OUTER_BOUND('',#1060,.T.);
#645=PLANE('',#1061);
#646=FACE_OUTER_BOUND('',#1062,.T.);
#647=PLANE('',#1063);
#648=FACE_OUTER_BOUND('',#1064,.T.);
#649=PLANE('',#1065);
#650=FACE_OUTER_BOUND('',#1066,.T.);
#651=PLANE('',#1067);
#652=FACE_OUTER_BOUND('',#1068,.T.);
#653=PLANE('',#1069);
#654=ADVANCED_FACE('',(#1070),#1071,.F.);
#655=ADVANCED_FACE('',(#1072),#1073,.F.);
#656=ADVANCED_FACE('',(#1074),#1075,.F.);
#657=ADVANCED_FACE('',(#1076),#1077,.F.);
#658=ADVANCED_FACE('',(#1078),#1079,.F.);
#659=ADVANCED_FACE('',(#1080),#1081,.T.);
#660=ADVANCED_FACE('',(#1082),#1083,.F.);
#661=ADVANCED_FACE('',(#1084),#1085,.F.);
#662=ADVANCED_FACE('',(#1086),#1087,.F.);
#663=ADVANCED_FACE('',(#1088),#1089,.F.);
#664=ADVANCED_FACE('',(#1090),#1091,.F.);
#665=ADVANCED_FACE('',(#1092),#1093,.T.);
#666=TRIMMED_CURVE('',#1094,(PARAMETER_VALUE(0.0)),(PARAMETER_VALUE(1.0)),.T.,.UNSPECIFIED.);
#667=TRIMMED_CURVE('',#1095,(PARAMETER_VALUE(0.0)),(PARAMETER_VALUE(1.0)),.T.,.UNSPECIFIED.);
#668=TRIMMED_CURVE('',#1096,(PARAMETER_VALUE(0.0)),(PARAMETER_VALUE(1.0)),.T.,.UNSPECIFIED.);
#669=TRIMMED_CURVE('',#1097,(PARAMETER_VALUE(0.0)),(PARAMETER_VALUE(1.0)),.T.,.UNSPECIFIED.);
#670=TRIMMED_CURVE('',#1098,(PARAMETER_VALUE(0.0)),(PARAMETER_VALUE(1.0)),.T.,.UNSPECIFIED.);
#671=TRIMMED_CURVE('',#1099,(PARAMETER_VALUE(0.0)),(PARAMETER_VALUE(1.0)),.T.,.UNSPECIFIED.);
#672=TRIMMED_CURVE('',#1100,(PARAMETER_VALUE(0.0)),(PARAMETER_VALUE(1.0)),.T.,.UNSPECIFIED.);
#673=TRIMMED_CURVE('',#1101,(PARAMETER_VALUE(0.0)),(PARAMETER_VALUE(1.0)),.T.,.UNSPECIFIED.);
#674=TRIMMED_CURVE('',#1102,(PARAMETER_VALUE(0.0)),(PARAMETER_VALUE(1.0)),.T.,.UNSPECIFIED.);
#675=TRIMMED_CURVE('',#1103,(PARAMETER_VALUE(0.0)),(PARAMETER_VALUE(1.0)),.T.,.UNSPECIFIED.);
#676=TRIMMED_CURVE('',#1104,(PARAMETER_VALUE(0.0)),(PARAMETER_VALUE(1.0)),.T.,.UNSPECIFIED.);
#677=TRIMMED_CURVE('',#1105,(PARAMETER_VALUE(0.0)),(PARAMETER_VALUE(1.0)),.T.,.UNSPECIFIED.);
#678=TRIMMED_CURVE('',#1106,(PARAMETER_VALUE(0.0)),(PARAMETER_VALUE(1.0)),.T.,.UNSPECIFIED.);
#679=TRIMMED_CURVE('',#1107,(PARAMETER_VALUE(0.0)),(PARAMETER_VALUE(1.0)),.T.,.UNSPECIFIED.);
#680=TRIMMED_CURVE('',#1108,(PARAMETER_VALUE(0.0)),(PARAMETER_VALUE(1.0)),.T.,.UNSPECIFIED.);
#681=TRIMMED_CURVE('',#1109,(PARAMETER_VALUE(0.0)),(PARAMETER_VALUE(1.0)),.T.,.UNSPECIFIED.);
#682=TRIMMED_CURVE('',#1110,(PARAMETER_VALUE(0.0)),(PARAMETER_VALUE(1.0)),.T.,.UNSPECIFIED.);
#683=TRIMMED_CURVE('',#1111,(PARAMETER_VALUE(0.0)),(PARAMETER_VALUE(1.0)),.T.,.UNSPECIFIED.);
#684=TRIMMED_CURVE('',#1112,(PARAMETER_VALUE(0.0)),(PARAMETER_VALUE(1.0)),.T.,.UNSPECIFIED.);
#685=TRIMMED_CURVE('',#1113,(PARAMETER_VALUE(0.0)),(PARAMETER_VALUE(1.0)),.T.,.UNSPECIFIED.);
#686=TRIMMED_CURVE('',#1114,(PARAMETER_VALUE(0.0)),(PARAMETER_VALUE(1.0)),.T.,.UNSPECIFIED.);
#687=TRIMMED_CURVE('',#1115,(PARAMETER_VALUE(0.0)),(PARAMETER_VALUE(1.0)),.T.,.UNSPECIFIED.);
#688=TRIMMED_CURVE('',#1116,(PARAMETER_VALUE(0.0)),(PARAMETER_VALUE(1.0)),.T.,.UNSPECIFIED.);
#689=EDGE_LOOP('',(#1117,#1118,#1119,#1120));
#690=AXIS2_PLACEMENT_3D('',#1121,#1122,#1123);
#691=EDGE_LOOP('',(#1124,#1125,#1126,#1127,#1128,#1129,#1130,#1131,#1132,#1133,#1134,#1135,#1136,#1137,#1138,#1139,#1140,#1141,#1142,#1143));
#692=EDGE_LOOP('',(#1144,#1145,#1146,#1147));
#693=EDGE_LOOP('',(#1148,#1149,#1150,#1151));
#694=AXIS2_PLACEMENT_3D('',#1152,#1153,#1154);
#695=EDGE_LOOP('',(#1155,#1156,#1157,#1158));
#696=AXIS2_PLACEMENT_3D('',#1159,#1160,#1161);
#697=EDGE_LOOP('',(#1162,#1163,#1164,#1165,#1166,#1167,#1168));
#698=AXIS2_PLACEMENT_3D('',#1169,#1170,#1171);
#699=EDGE_LOOP('',(#1172,#1173,#1174,#1175));
#700=AXIS2_PLACEMENT_3D('',#1176,#1177,#1178);
#701=EDGE_LOOP('',(#1179,#1180,#1181,#1182));
#702=AXIS2_PLACEMENT_3D('',#1183,#1184,#1185);
#703=EDGE_LOOP('',(#1186,#1187,#1188,#1189,#1190,#1191,#1192,#1193));
#704=AXIS2_PLACEMENT_3D('',#1194,#1195,#1196);
#705=EDGE_LOOP('',(#1197,#1198,#1199,#1200,#1201,#1202,#1203,#1204));
#706=AXIS2_PLACEMENT_3D('',#1205,#1206,#1207);
#707=EDGE_LOOP('',(#1208,#1209,#1210,#1211,#1212));
#708=AXIS2_PLACEMENT_3D('',#1213,#1214,#1215);
#709=EDGE_LOOP('',(#1216,#1217,#1218,#1219));
#710=AXIS2_PLACEMENT_3D('',#1220,#1221,#1222);
#711=EDGE_LOOP('',(#1223,#1224,#1225,#1226));
#712=AXIS2_PLACEMENT_3D('',#1227,#1228,#1229);
#713=EDGE_LOOP('',(#1230,#1231,#1232,#1233,#1234,#1235,#1236,#1237,#1238,#1239,#1240,#1241));
#714=AXIS2_PLACEMENT_3D('',#1242,#1243,#1244);
#715=EDGE_LOOP('',(#1245,#1246,#1247,#1248));
#716=AXIS2_PLACEMENT_3D('',#1249,#1250,#1251);
#717=EDGE_LOOP('',(#1252,#1253,#1254,#1255));
#718=AXIS2_PLACEMENT_3D('',#1256,#1257,#1258);
#719=EDGE_LOOP('',(#1259,#1260,#1261,#1262,#1263,#1264,#1265,#1266,#1267,#1268,#1269,#1270,#1271,#1272,#1273,#1274,#1275,#1276,#1277,#1278,#1279,#1280,#1281,#1282,#1283,#1284,#1285,#1286,#1287,#1288,#1289,#1290,#1291,#1292,#1293,#1294,#1295,#1296,#1297,#1298,#1299,#1300,#1301,#1302,#1303,#1304));
#720=EDGE_LOOP('',(#1305,#1306,#1307,#1308));
#721=EDGE_LOOP('',(#1309,#1310,#1311,#1312));
#722=EDGE_LOOP('',(#1313,#1314,#1315,#1316));
#723=AXIS2_PLACEMENT_3D('',#1317,#1318,#1319);
#724=EDGE_LOOP('',(#1320,#1321,#1322,#1323,#1324,#1325,#1326,#1327,#1328,#1329,#1330,#1331,#1332,#1333,#1334,#1335));
#725=AXIS2_PLACEMENT_3D('',#1336,#1337,#1338);
#726=EDGE_LOOP('',(#1339,#1340,#1341,#1342,#1343));
#727=AXIS2_PLACEMENT_3D('',#1344,#1345,#1346);
#728=EDGE_LOOP('',(#1347,#1348,#1349,#1350,#1351));
#729=AXIS2_PLACEMENT_3D('',#1352,#1353,#1354);
#730=EDGE_LOOP('',(#1355,#1356,#1357,#1358));
#731=AXIS2_PLACEMENT_3D('',#1359,#1360,#1361);
#732=EDGE_LOOP('',(#1362,#1363,#1364,#1365));
#733=AXIS2_PLACEMENT_3D('',#1366,#1367,#1368);
#734=EDGE_LOOP('',(#1369,#1370,#1371,#1372));
#735=AXIS2_PLACEMENT_3D('',#1373,#1374,#1375);
#736=EDGE_LOOP('',(#1376,#1377,#1378,#1379,#1380,#1381));
#737=AXIS2_PLACEMENT_3D('',#1382,#1383,#1384);
#738=EDGE_LOOP('',(#1385,#1386,#1387,#1388));
#739=AXIS2_PLACEMENT_3D('',#1389,#1390,#1391);
#740=EDGE_LOOP('',(#1392,#1393,#1394,#1395));
#741=AXIS2_PLACEMENT_3D('',#1396,#1397,#1398);
#742=EDGE_LOOP('',(#1399,#1400,#1401,#1402,#1403));
#743=AXIS2_PLACEMENT_3D('',#1404,#1405,#1406);
#744=EDGE_LOOP('',(#1407,#1408,#1409,#1410));
#745=AXIS2_PLACEMENT_3D('',#1411,#1412,#1413);
#746=EDGE_LOOP('',(#1414,#1415,#1416,#1417,#1418,#1419,#1420,#1421,#1422,#1423,#1424,#1425,#1426,#1427,#1428,#1429));
#747=AXIS2_PLACEMENT_3D('',#1430,#1431,#1432);
#748=EDGE_LOOP('',(#1433,#1434,#1435,#1436));
#749=AXIS2_PLACEMENT_3D('',#1437,#1438,#1439);
#750=EDGE_LOOP('',(#1440,#1441,#1442,#1443));
#751=AXIS2_PLACEMENT_3D('',#1444,#1445,#1446);
#752=EDGE_LOOP('',(#1447,#1448,#1449,#1450));
#753=AXIS2_PLACEMENT_3D('',#1451,#1452,#1453);
#754=EDGE_LOOP('',(#1454,#1455,#1456,#1457));
#755=AXIS2_PLACEMENT_3D('',#1458,#1459,#1460);
#756=EDGE_LOOP('',(#1461,#1462,#1463,#1464,#1465,#1466,#1467,#1468,#1469));
#757=AXIS2_PLACEMENT_3D('',#1470,#1471,#1472);
#758=EDGE_LOOP('',(#1473,#1474,#1475,#1476,#1477,#1478,#1479,#1480));
#759=AXIS2_PLACEMENT_3D('',#1481,#1482,#1483);
#760=EDGE_LOOP('',(#1484,#1485,#1486,#1487,#1488,#1489,#1490,#1491));
#761=AXIS2_PLACEMENT_3D('',#1492,#1493,#1494);
#762=EDGE_LOOP('',(#1495,#1496,#1497,#1498));
#763=AXIS2_PLACEMENT_3D('',#1499,#1500,#1501);
#764=EDGE_LOOP('',(#1502,#1503,#1504,#1505));
#765=AXIS2_PLACEMENT_3D('',#1506,#1507,#1508);
#766=EDGE_LOOP('',(#1509,#1510,#1511,#1512,#1513));
#767=AXIS2_PLACEMENT_3D('',#1514,#1515,#1516);
#768=EDGE_LOOP('',(#1517,#1518,#1519,#1520,#1521));
#769=AXIS2_PLACEMENT_3D('',#1522,#1523,#1524);
#770=EDGE_LOOP('',(#1525,#1526,#1527,#1528,#1529));
#771=AXIS2_PLACEMENT_3D('',#1530,#1531,#1532);
#772=EDGE_LOOP('',(#1533,#1534,#1535,#1536));
#773=AXIS2_PLACEMENT_3D('',#1537,#1538,#1539);
#774=EDGE_LOOP('',(#1540,#1541,#1542,#1543));
#775=AXIS2_PLACEMENT_3D('',#1544,#1545,#1546);
#776=EDGE_LOOP('',(#1547,#1548,#1549,#1550));
#777=AXIS2_PLACEMENT_3D('',#1551,#1552,#1553);
#778=EDGE_LOOP('',(#1554,#1555,#1556,#1557,#1558));
#779=AXIS2_PLACEMENT_3D('',#1559,#1560,#1561);
#780=EDGE_LOOP('',(#1562,#1563,#1564,#1565));
#781=AXIS2_PLACEMENT_3D('',#1566,#1567,#1568);
#782=EDGE_LOOP('',(#1569,#1570,#1571,#1572,#1573,#1574));
#783=AXIS2_PLACEMENT_3D('',#1575,#1576,#1577);
#784=EDGE_LOOP('',(#1578,#1579,#1580));
#785=AXIS2_PLACEMENT_3D('',#1581,#1582,#1583);
#786=EDGE_LOOP('',(#1584,#1585,#1586));
#787=AXIS2_PLACEMENT_3D('',#1587,#1588,#1589);
#788=EDGE_LOOP('',(#1590,#1591,#1592,#1593));
#789=AXIS2_PLACEMENT_3D('',#1594,#1595,#1596);
#790=EDGE_LOOP('',(#1597,#1598,#1599,#1600));
#791=AXIS2_PLACEMENT_3D('',#1601,#1602,#1603);
#792=EDGE_LOOP('',(#1604,#1605,#1606,#1607,#1608));
#793=AXIS2_PLACEMENT_3D('',#1609,#1610,#1611);
#794=EDGE_LOOP('',(#1612,#1613,#1614,#1615));
#795=AXIS2_PLACEMENT_3D('',#1616,#1617,#1618);
#796=EDGE_LOOP('',(#1619,#1620,#1621,#1622));
#797=AXIS2_PLACEMENT_3D('',#1623,#1624,#1625);
#798=EDGE_LOOP('',(#1626,#1627,#1628,#1629));
#799=AXIS2_PLACEMENT_3D('',#1630,#1631,#1632);
#800=EDGE_LOOP('',(#1633,#1634,#1635,#1636,#1637,#1638,#1639,#1640,#1641,#1642,#1643,#1644,#1645,#1646));
#801=AXIS2_PLACEMENT_3D('',#1647,#1648,#1649);
#802=EDGE_LOOP('',(#1650,#1651,#1652,#1653,#1654,#1655,#1656,#1657,#1658,#1659,#1660,#1661,#1662,#1663));
#803=AXIS2_PLACEMENT_3D('',#1664,#1665,#1666);
#804=EDGE_LOOP('',(#1667,#1668,#1669,#1670,#1671,#1672));
#805=AXIS2_PLACEMENT_3D('',#1673,#1674,#1675);
#806=EDGE_LOOP('',(#1676,#1677,#1678,#1679));
#807=AXIS2_PLACEMENT_3D('',#1680,#1681,#1682);
#808=EDGE_LOOP('',(#1683,#1684,#1685,#1686,#1687,#1688));
#809=AXIS2_PLACEMENT_3D('',#1689,#1690,#1691);
#810=EDGE_LOOP('',(#1692,#1693,#1694,#1695));
#811=AXIS2_PLACEMENT_3D('',#1696,#1697,#1698);
#812=EDGE_LOOP('',(#1699,#1700,#1701,#1702));
#813=AXIS2_PLACEMENT_3D('',#1703,#1704,#1705);
#814=EDGE_LOOP('',(#1706,#1707,#1708,#1709));
#815=AXIS2_PLACEMENT_3D('',#1710,#1711,#1712);
#816=EDGE_LOOP('',(#1713,#1714,#1715,#1716));
#817=AXIS2_PLACEMENT_3D('',#1717,#1718,#1719);
#818=EDGE_LOOP('',(#1720,#1721,#1722,#1723));
#819=AXIS2_PLACEMENT_3D('',#1724,#1725,#1726);
#820=EDGE_LOOP('',(#1727,#1728,#1729,#1730,#1731,#1732,#1733,#1734,#1735));
#821=AXIS2_PLACEMENT_3D('',#1736,#1737,#1738);
#822=EDGE_LOOP('',(#1739,#1740,#1741,#1742));
#823=AXIS2_PLACEMENT_3D('',#1743,#1744,#1745);
#824=EDGE_LOOP('',(#1746,#1747,#1748,#1749));
#825=AXIS2_PLACEMENT_3D('',#1750,#1751,#1752);
#826=EDGE_LOOP('',(#1753,#1754,#1755));
#827=AXIS2_PLACEMENT_3D('',#1756,#1757,#1758);
#828=EDGE_LOOP('',(#1759,#1760,#1761));
#829=AXIS2_PLACEMENT_3D('',#1762,#1763,#1764);
#830=EDGE_LOOP('',(#1765,#1766,#1767,#1768,#1769));
#831=AXIS2_PLACEMENT_3D('',#1770,#1771,#1772);
#832=EDGE_LOOP('',(#1773,#1774,#1775,#1776,#1777));
#833=AXIS2_PLACEMENT_3D('',#1778,#1779,#1780);
#834=EDGE_LOOP('',(#1781,#1782,#1783,#1784));
#835=AXIS2_PLACEMENT_3D('',#1785,#1786,#1787);
#836=EDGE_LOOP('',(#1788,#1789,#1790,#1791));
#837=AXIS2_PLACEMENT_3D('',#1792,#1793,#1794);
#838=EDGE_LOOP('',(#1795,#1796,#1797,#1798));
#839=AXIS2_PLACEMENT_3D('',#1799,#1800,#1801);
#840=EDGE_LOOP('',(#1802,#1803,#1804,#1805,#1806));
#841=AXIS2_PLACEMENT_3D('',#1807,#1808,#1809);
#842=EDGE_LOOP('',(#1810,#1811,#1812,#1813,#1814));
#843=AXIS2_PLACEMENT_3D('',#1815,#1816,#1817);
#844=EDGE_LOOP('',(#1818,#1819,#1820,#1821,#1822));
#845=AXIS2_PLACEMENT_3D('',#1823,#1824,#1825);
#846=EDGE_LOOP('',(#1826,#1827,#1828,#1829));
#847=AXIS2_PLACEMENT_3D('',#1830,#1831,#1832);
#848=EDGE_LOOP('',(#1833,#1834,#1835,#1836,#1837,#1838));
#849=AXIS2_PLACEMENT_3D('',#1839,#1840,#1841);
#850=EDGE_LOOP('',(#1842,#1843,#1844,#1845));
#851=AXIS2_PLACEMENT_3D('',#1846,#1847,#1848);
#852=EDGE_LOOP('',(#1849,#1850,#1851,#1852));
#853=AXIS2_PLACEMENT_3D('',#1853,#1854,#1855);
#854=EDGE_LOOP('',(#1856,#1857,#1858,#1859));
#855=AXIS2_PLACEMENT_3D('',#1860,#1861,#1862);
#856=EDGE_LOOP('',(#1863,#1864,#1865,#1866,#1867,#1868));
#857=AXIS2_PLACEMENT_3D('',#1869,#1870,#1871);
#858=EDGE_LOOP('',(#1872,#1873,#1874,#1875));
#859=AXIS2_PLACEMENT_3D('',#1876,#1877,#1878);
#860=EDGE_LOOP('',(#1879,#1880,#1881,#1882,#1883,#1884));
#861=AXIS2_PLACEMENT_3D('',#1885,#1886,#1887);
#862=EDGE_LOOP('',(#1888,#1889,#1890,#1891));
#863=AXIS2_PLACEMENT_3D('',#1892,#1893,#1894);
#864=EDGE_LOOP('',(#1895,#1896,#1897,#1898));
#865=AXIS2_PLACEMENT_3D('',#1899,#1900,#1901);
#866=EDGE_LOOP('',(#1902,#1903,#1904,#1905));
#867=AXIS2_PLACEMENT_3D('',#1906,#1907,#1908);
#868=EDGE_LOOP('',(#1909,#1910,#1911,#1912));
#869=AXIS2_PLACEMENT_3D('',#1913,#1914,#1915);
#870=EDGE_LOOP('',(#1916,#1917,#1918,#1919));
#871=AXIS2_PLACEMENT_3D('',#1920,#1921,#1922);
#872=EDGE_LOOP('',(#1923,#1924,#1925,#1926));
#873=AXIS2_PLACEMENT_3D('',#1927,#1928,#1929);
#874=EDGE_LOOP('',(#1930,#1931,#1932,#1933));
#875=AXIS2_PLACEMENT_3D('',#1934,#1935,#1936);
#876=EDGE_LOOP('',(#1937,#1938,#1939,#1940,#1941,#1942));
#877=AXIS2_PLACEMENT_3D('',#1943,#1944,#1945);
#878=EDGE_LOOP('',(#1946,#1947,#1948,#1949,#1950,#1951));
#879=AXIS2_PLACEMENT_3D('',#1952,#1953,#1954);
#880=EDGE_LOOP('',(#1955,#1956,#1957));
#881=AXIS2_PLACEMENT_3D('',#1958,#1959,#1960);
#882=EDGE_LOOP('',(#1961,#1962,#1963));
#883=AXIS2_PLACEMENT_3D('',#1964,#1965,#1966);
#884=EDGE_LOOP('',(#1967,#1968,#1969,#1970));
#885=AXIS2_PLACEMENT_3D('',#1971,#1972,#1973);
#886=EDGE_LOOP('',(#1974,#1975,#1976,#1977));
#887=AXIS2_PLACEMENT_3D('',#1978,#1979,#1980);
#888=EDGE_LOOP('',(#1981,#1982,#1983,#1984));
#889=AXIS2_PLACEMENT_3D('',#1985,#1986,#1987);
#890=EDGE_LOOP('',(#1988,#1989,#1990,#1991));
#891=AXIS2_PLACEMENT_3D('',#1992,#1993,#1994);
#892=EDGE_LOOP('',(#1995,#1996,#1997,#1998));
#893=AXIS2_PLACEMENT_3D('',#1999,#2000,#2001);
#894=EDGE_LOOP('',(#2002,#2003,#2004,#2005));
#895=AXIS2_PLACEMENT_3D('',#2006,#2007,#2008);
#896=EDGE_LOOP('',(#2009,#2010,#2011,#2012,#2013,#2014,#2015,#2016));
#897=AXIS2_PLACEMENT_3D('',#2017,#2018,#2019);
#898=EDGE_LOOP('',(#2020,#2021,#2022,#2023,#2024,#2025,#2026,#2027,#2028,#2029,#2030,#2031,#2032,#2033,#2034,#2035));
#899=AXIS2_PLACEMENT_3D('',#2036,#2037,#2038);
#900=EDGE_LOOP('',(#2039,#2040,#2041,#2042));
#901=AXIS2_PLACEMENT_3D('',#2043,#2044,#2045);
#902=EDGE_LOOP('',(#2046,#2047,#2048,#2049));
#903=EDGE_LOOP('',(#2050,#2051,#2052,#2053));
#904=AXIS2_PLACEMENT_3D('',#2054,#2055,#2056);
#905=EDGE_LOOP('',(#2057,#2058,#2059,#2060));
#906=AXIS2_PLACEMENT_3D('',#2061,#2062,#2063);
#907=EDGE_LOOP('',(#2064,#2065,#2066,#2067));
#908=AXIS2_PLACEMENT_3D('',#2068,#2069,#2070);
#909=EDGE_LOOP('',(#2071,#2072,#2073,#2074));
#910=AXIS2_PLACEMENT_3D('',#2075,#2076,#2077);
#911=EDGE_LOOP('',(#2078,#2079,#2080,#2081));
#912=AXIS2_PLACEMENT_3D('',#2082,#2083,#2084);
#913=EDGE_LOOP('',(#2085,#2086,#2087,#2088));
#914=AXIS2_PLACEMENT_3D('',#2089,#2090,#2091);
#915=EDGE_LOOP('',(#2092,#2093,#2094,#2095));
#916=EDGE_LOOP('',(#2096,#2097,#2098,#2099));
#917=AXIS2_PLACEMENT_3D('',#2100,#2101,#2102);
#918=EDGE_LOOP('',(#2103,#2104,#2105,#2106));
#919=AXIS2_PLACEMENT_3D('',#2107,#2108,#2109);
#920=EDGE_LOOP('',(#2110,#2111,#2112,#2113,#2114,#2115,#2116,#2117,#2118,#2119));
#921=AXIS2_PLACEMENT_3D('',#2120,#2121,#2122);
#922=EDGE_LOOP('',(#2123,#2124,#2125,#2126));
#923=AXIS2_PLACEMENT_3D('',#2127,#2128,#2129);
#924=EDGE_LOOP('',(#2130,#2131,#2132,#2133,#2134,#2135,#2136,#2137,#2138,#2139));
#925=AXIS2_PLACEMENT_3D('',#2140,#2141,#2142);
#926=EDGE_LOOP('',(#2143,#2144,#2145,#2146));
#927=AXIS2_PLACEMENT_3D('',#2147,#2148,#2149);
#928=EDGE_LOOP('',(#2150,#2151,#2152,#2153));
#929=AXIS2_PLACEMENT_3D('',#2154,#2155,#2156);
#930=EDGE_LOOP('',(#2157,#2158,#2159,#2160));
#931=AXIS2_PLACEMENT_3D('',#2161,#2162,#2163);
#932=EDGE_LOOP('',(#2164,#2165,#2166,#2167));
#933=AXIS2_PLACEMENT_3D('',#2168,#2169,#2170);
#934=EDGE_LOOP('',(#2171,#2172,#2173,#2174));
#935=AXIS2_PLACEMENT_3D('',#2175,#2176,#2177);
#936=EDGE_LOOP('',(#2178,#2179,#2180,#2181));
#937=AXIS2_PLACEMENT_3D('',#2182,#2183,#2184);
#938=EDGE_LOOP('',(#2185,#2186,#2187,#2188));
#939=AXIS2_PLACEMENT_3D('',#2189,#2190,#2191);
#940=EDGE_LOOP('',(#2192,#2193,#2194,#2195));
#941=AXIS2_PLACEMENT_3D('',#2196,#2197,#2198);
#942=EDGE_LOOP('',(#2199,#2200,#2201,#2202,#2203,#2204,#2205,#2206));
#943=AXIS2_PLACEMENT_3D('',#2207,#2208,#2209);
#944=EDGE_LOOP('',(#2210,#2211,#2212,#2213));
#945=AXIS2_PLACEMENT_3D('',#2214,#2215,#2216);
#946=EDGE_LOOP('',(#2217,#2218,#2219,#2220));
#947=AXIS2_PLACEMENT_3D('',#2221,#2222,#2223);
#948=EDGE_LOOP('',(#2224,#2225,#2226,#2227));
#949=AXIS2_PLACEMENT_3D('',#2228,#2229,#2230);
#950=EDGE_LOOP('',(#2231,#2232,#2233,#2234));
#951=AXIS2_PLACEMENT_3D('',#2235,#2236,#2237);
#952=EDGE_LOOP('',(#2238,#2239,#2240,#2241,#2242,#2243,#2244,#2245,#2246,#2247));
#953=AXIS2_PLACEMENT_3D('',#2248,#2249,#2250);
#954=EDGE_LOOP('',(#2251,#2252,#2253,#2254));
#955=AXIS2_PLACEMENT_3D('',#2255,#2256,#2257);
#956=EDGE_LOOP('',(#2258,#2259,#2260,#2261,#2262,#2263,#2264,#2265,#2266,#2267));
#957=AXIS2_PLACEMENT_3D('',#2268,#2269,#2270);
#958=EDGE_LOOP('',(#2271,#2272,#2273,#2274));
#959=AXIS2_PLACEMENT_3D('',#2275,#2276,#2277);
#960=EDGE_LOOP('',(#2278,#2279,#2280,#2281));
#961=AXIS2_PLACEMENT_3D('',#2282,#2283,#2284);
#962=EDGE_LOOP('',(#2285,#2286,#2287,#2288));
#963=AXIS2_PLACEMENT_3D('',#2289,#2290,#2291);
#964=EDGE_LOOP('',(#2292,#2293,#2294,#2295));
#965=AXIS2_PLACEMENT_3D('',#2296,#2297,#2298);
#966=EDGE_LOOP('',(#2299,#2300,#2301,#2302));
#967=AXIS2_PLACEMENT_3D('',#2303,#2304,#2305);
#968=EDGE_LOOP('',(#2306,#2307,#2308,#2309));
#969=AXIS2_PLACEMENT_3D('',#2310,#2311,#2312);
#970=EDGE_LOOP('',(#2313,#2314,#2315,#2316));
#971=AXIS2_PLACEMENT_3D('',#2317,#2318,#2319);
#972=EDGE_LOOP('',(#2320,#2321,#2322,#2323));
#973=AXIS2_PLACEMENT_3D('',#2324,#2325,#2326);
#974=EDGE_LOOP('',(#2327,#2328,#2329,#2330));
#975=AXIS2_PLACEMENT_3D('',#2331,#2332,#2333);
#976=EDGE_LOOP('',(#2334,#2335,#2336,#2337,#2338,#2339));
#977=AXIS2_PLACEMENT_3D('',#2340,#2341,#2342);
#978=EDGE_LOOP('',(#2343,#2344,#2345,#2346,#2347));
#979=AXIS2_PLACEMENT_3D('',#2348,#2349,#2350);
#980=EDGE_LOOP('',(#2351,#2352,#2353,#2354));
#981=AXIS2_PLACEMENT_3D('',#2355,#2356,#2357);
#982=EDGE_LOOP('',(#2358,#2359,#2360,#2361));
#983=AXIS2_PLACEMENT_3D('',#2362,#2363,#2364);
#984=EDGE_LOOP('',(#2365,#2366,#2367,#2368,#2369,#2370,#2371));
#985=AXIS2_PLACEMENT_3D('',#2372,#2373,#2374);
#986=EDGE_LOOP('',(#2375,#2376,#2377,#2378));
#987=AXIS2_PLACEMENT_3D('',#2379,#2380,#2381);
#988=EDGE_LOOP('',(#2382,#2383,#2384,#2385));
#989=AXIS2_PLACEMENT_3D('',#2386,#2387,#2388);
#990=EDGE_LOOP('',(#2389,#2390,#2391,#2392));
#991=AXIS2_PLACEMENT_3D('',#2393,#2394,#2395);
#992=EDGE_LOOP('',(#2396,#2397,#2398,#2399));
#993=AXIS2_PLACEMENT_3D('',#2400,#2401,#2402);
#994=EDGE_LOOP('',(#2403,#2404,#2405,#2406));
#995=AXIS2_PLACEMENT_3D('',#2407,#2408,#2409);
#996=EDGE_LOOP('',(#2410,#2411,#2412,#2413));
#997=AXIS2_PLACEMENT_3D('',#2414,#2415,#2416);
#998=EDGE_LOOP('',(#2417,#2418,#2419,#2420,#2421));
#999=AXIS2_PLACEMENT_3D('',#2422,#2423,#2424);
#1000=EDGE_LOOP('',(#2425,#2426,#2427,#2428));
#1001=AXIS2_PLACEMENT_3D('',#2429,#2430,#2431);
#1002=EDGE_LOOP('',(#2432,#2433,#2434,#2435));
#1003=AXIS2_PLACEMENT_3D('',#2436,#2437,#2438);
#1004=EDGE_LOOP('',(#2439,#2440,#2441,#2442));
#1005=AXIS2_PLACEMENT_3D('',#2443,#2444,#2445);
#1006=EDGE_LOOP('',(#2446,#2447,#2448,#2449));
#1007=AXIS2_PLACEMENT_3D('',#2450,#2451,#2452);
#1008=EDGE_LOOP('',(#2453,#2454,#2455,#2456));
#1009=AXIS2_PLACEMENT_3D('',#2457,#2458,#2459);
#1010=EDGE_LOOP('',(#2460,#2461,#2462,#2463));
#1011=AXIS2_PLACEMENT_3D('',#2464,#2465,#2466);
#1012=EDGE_LOOP('',(#2467,#2468,#2469,#2470));
#1013=AXIS2_PLACEMENT_3D('',#2471,#2472,#2473);
#1014=EDGE_LOOP('',(#2474,#2475,#2476,#2477));
#1015=AXIS2_PLACEMENT_3D('',#2478,#2479,#2480);
#1016=EDGE_LOOP('',(#2481,#2482,#2483,#2484));
#1017=AXIS2_PLACEMENT_3D('',#2485,#2486,#2487);
#1018=EDGE_LOOP('',(#2488,#2489,#2490,#2491));
#1019=AXIS2_PLACEMENT_3D('',#2492,#2493,#2494);
#1020=EDGE_LOOP('',(#2495,#2496,#2497,#2498));
#1021=AXIS2_PLACEMENT_3D('',#2499,#2500,#2501);
#1022=EDGE_LOOP('',(#2502,#2503,#2504,#2505));
#1023=AXIS2_PLACEMENT_3D('',#2506,#2507,#2508);
#1024=EDGE_LOOP('',(#2509,#2510,#2511,#2512));
#1025=AXIS2_PLACEMENT_3D('',#2513,#2514,#2515);
#1026=EDGE_LOOP('',(#2516,#2517,#2518,#2519));
#1027=AXIS2_PLACEMENT_3D('',#2520,#2521,#2522);
#1028=EDGE_LOOP('',(#2523,#2524,#2525,#2526));
#1029=AXIS2_PLACEMENT_3D('',#2527,#2528,#2529);
#1030=EDGE_LOOP('',(#2530,#2531,#2532,#2533));
#1031=AXIS2_PLACEMENT_3D('',#2534,#2535,#2536);
#1032=EDGE_LOOP('',(#2537,#2538,#2539,#2540));
#1033=AXIS2_PLACEMENT_3D('',#2541,#2542,#2543);
#1034=EDGE_LOOP('',(#2544,#2545,#2546,#2547));
#1035=AXIS2_PLACEMENT_3D('',#2548,#2549,#2550);
#1036=EDGE_LOOP('',(#2551,#2552,#2553,#2554));
#1037=AXIS2_PLACEMENT_3D('',#2555,#2556,#2557);
#1038=EDGE_LOOP('',(#2558,#2559,#2560,#2561));
#1039=AXIS2_PLACEMENT_3D('',#2562,#2563,#2564);
#1040=EDGE_LOOP('',(#2565,#2566,#2567,#2568));
#1041=AXIS2_PLACEMENT_3D('',#2569,#2570,#2571);
#1042=EDGE_LOOP('',(#2572,#2573,#2574,#2575));
#1043=AXIS2_PLACEMENT_3D('',#2576,#2577,#2578);
#1044=EDGE_LOOP('',(#2579,#2580,#2581,#2582));
#1045=AXIS2_PLACEMENT_3D('',#2583,#2584,#2585);
#1046=EDGE_LOOP('',(#2586,#2587,#2588,#2589));
#1047=AXIS2_PLACEMENT_3D('',#2590,#2591,#2592);
#1048=EDGE_LOOP('',(#2593,#2594,#2595,#2596));
#1049=AXIS2_PLACEMENT_3D('',#2597,#2598,#2599);
#1050=EDGE_LOOP('',(#2600,#2601,#2602,#2603));
#1051=AXIS2_PLACEMENT_3D('',#2604,#2605,#2606);
#1052=EDGE_LOOP('',(#2607,#2608,#2609,#2610));
#1053=AXIS2_PLACEMENT_3D('',#2611,#2612,#2613);
#1054=EDGE_LOOP('',(#2614,#2615,#2616,#2617));
#1055=AXIS2_PLACEMENT_3D('',#2618,#2619,#2620);
#1056=EDGE_LOOP('',(#2621,#2622,#2623,#2624));
#1057=AXIS2_PLACEMENT_3D('',#2625,#2626,#2627);
#1058=EDGE_LOOP('',(#2628,#2629,#2630,#2631));
#1059=AXIS2_PLACEMENT_3D('',#2632,#2633,#2634);
#1060=EDGE_LOOP('',(#2635,#2636,#2637,#2638));
#1061=AXIS2_PLACEMENT_3D('',#2639,#2640,#2641);
#1062=EDGE_LOOP('',(#2642,#2643,#2644,#2645));
#1063=AXIS2_PLACEMENT_3D('',#2646,#2647,#2648);
#1064=EDGE_LOOP('',(#2649,#2650,#2651,#2652));
#1065=AXIS2_PLACEMENT_3D('',#2653,#2654,#2655);
#1066=EDGE_LOOP('',(#2656,#2657,#2658,#2659));
#1067=AXIS2_PLACEMENT_3D('',#2660,#2661,#2662);
#1068=EDGE_LOOP('',(#2663,#2664,#2665,#2666));
#1069=AXIS2_PLACEMENT_3D('',#2667,#2668,#2669);
#1070=FACE_OUTER_BOUND('',#2670,.T.);
#1071=PLANE('',#2671);
#1072=FACE_OUTER_BOUND('',#2672,.T.);
#1073=PLANE('',#2673);
#1074=FACE_OUTER_BOUND('',#2674,.T.);
#1075=PLANE('',#2675);
#1076=FACE_OUTER_BOUND('',#2676,.T.);
#1077=PLANE('',#2677);
#1078=FACE_OUTER_BOUND('',#2678,.T.);
#1079=PLANE('',#2679);
#1080=FACE_OUTER_BOUND('',#2680,.T.);
#1081=PLANE('',#2681);
#1082=FACE_OUTER_BOUND('',#2682,.T.);
#1083=PLANE('',#2683);
#1084=FACE_OUTER_BOUND('',#2684,.T.);
#1085=PLANE('',#2685);
#1086=FACE_OUTER_BOUND('',#2686,.T.);
#1087=PLANE('',#2687);
#1088=FACE_OUTER_BOUND('',#2688,.T.);
#1089=PLANE('',#2689);
#1090=FACE_OUTER_BOUND('',#2690,.T.);
#1091=PLANE('',#2691);
#1092=FACE_OUTER_BOUND('',#2692,.T.);
#1093=PLANE('',#2693);
#1094=LINE('',#2694,#2695);
#1095=LINE('',#2696,#2697);
#1096=LINE('',#2698,#2699);
#1097=LINE('',#2700,#2701);
#1098=LINE('',#2702,#2703);
#1099=LINE('',#2704,#2705);
#1100=LINE('',#2706,#2707);
#1101=LINE('',#2708,#2709);
#1102=LINE('',#2710,#2711);
#1103=LINE('',#2712,#2713);
#1104=LINE('',#2714,#2715);
#1105=LINE('',#2716,#2717);
#1106=LINE('',#2718,#2719);
#1107=LINE('',#2720,#2721);
#1108=LINE('',#2722,#2723);
#1109=LINE('',#2724,#2725);
#1110=LINE('',#2726,#2727);
#1111=LINE('',#2728,#2729);
#1112=LINE('',#2730,#2731);
#1113=LINE('',#2732,#2733);
#1114=LINE('',#2734,#2735);
#1115=LINE('',#2736,#2737);
#1116=LINE('',#2738,#2739);
#1117=ORIENTED_EDGE('',*,*,#2740,.T.);
#1118=ORIENTED_EDGE('',*,*,#2741,.F.);
#1119=ORIENTED_EDGE('',*,*,#2742,.F.);
#1120=ORIENTED_EDGE('',*,*,#2743,.T.);
#1121=CARTESIAN_POINT('',(-0.625,-1.1,-0.075));
#1122=DIRECTION('',(0.0,0.0,1.0));
#1123=DIRECTION('',(1.0,0.0,0.0));
#1124=ORIENTED_EDGE('',*,*,#2744,.T.);
#1125=ORIENTED_EDGE('',*,*,#2745,.T.);
#1126=ORIENTED_EDGE('',*,*,#2746,.T.);
#1127=ORIENTED_EDGE('',*,*,#2747,.F.);
#1128=ORIENTED_EDGE('',*,*,#2748,.T.);
#1129=ORIENTED_EDGE('',*,*,#2749,.T.);
#1130=ORIENTED_EDGE('',*,*,#2750,.T.);
#1131=ORIENTED_EDGE('',*,*,#2751,.T.);
#1132=ORIENTED_EDGE('',*,*,#2752,.T.);
#1133=ORIENTED_EDGE('',*,*,#2753,.T.);
#1134=ORIENTED_EDGE('',*,*,#2754,.T.);
#1135=ORIENTED_EDGE('',*,*,#2755,.T.);
#1136=ORIENTED_EDGE('',*,*,#2756,.T.);
#1137=ORIENTED_EDGE('',*,*,#2757,.T.);
#1138=ORIENTED_EDGE('',*,*,#2758,.T.);
#1139=ORIENTED_EDGE('',*,*,#2759,.T.);
#1140=ORIENTED_EDGE('',*,*,#2760,.T.);
#1141=ORIENTED_EDGE('',*,*,#2761,.T.);
#1142=ORIENTED_EDGE('',*,*,#2762,.T.);
#1143=ORIENTED_EDGE('',*,*,#2763,.T.);
#1144=ORIENTED_EDGE('',*,*,#2764,.F.);
#1145=ORIENTED_EDGE('',*,*,#2765,.F.);
#1146=ORIENTED_EDGE('',*,*,#2766,.F.);
#1147=ORIENTED_EDGE('',*,*,#2767,.F.);
#1148=ORIENTED_EDGE('',*,*,#2768,.F.);
#1149=ORIENTED_EDGE('',*,*,#2769,.F.);
#1150=ORIENTED_EDGE('',*,*,#2743,.F.);
#1151=ORIENTED_EDGE('',*,*,#2770,.F.);
#1152=CARTESIAN_POINT('',(0.0,-1.975,0.0));
#1153=DIRECTION('',(-0.0,1.0,0.0));
#1154=DIRECTION('',(1.0,0.0,0.0));
#1155=ORIENTED_EDGE('',*,*,#2771,.F.);
#1156=ORIENTED_EDGE('',*,*,#2772,.T.);
#1157=ORIENTED_EDGE('',*,*,#2773,.F.);
#1158=ORIENTED_EDGE('',*,*,#2759,.F.);
#1159=CARTESIAN_POINT('',(-1.525,0.975,-1.2));
#1160=DIRECTION('',(-1.0,0.0,0.0));
#1161=DIRECTION('',(0.0,0.0,1.0));
#1162=ORIENTED_EDGE('',*,*,#2774,.T.);
#1163=ORIENTED_EDGE('',*,*,#2775,.T.);
#1164=ORIENTED_EDGE('',*,*,#2776,.T.);
#1165=ORIENTED_EDGE('',*,*,#2777,.T.);
#1166=ORIENTED_EDGE('',*,*,#2778,.F.);
#1167=ORIENTED_EDGE('',*,*,#2779,.T.);
#1168=ORIENTED_EDGE('',*,*,#2763,.F.);
#1169=CARTESIAN_POINT('',(-1.525,0.975,-1.2));
#1170=DIRECTION('',(-1.0,0.0,0.0));
#1171=DIRECTION('',(0.0,0.0,1.0));
#1172=ORIENTED_EDGE('',*,*,#2780,.F.);
#1173=ORIENTED_EDGE('',*,*,#2781,.T.);
#1174=ORIENTED_EDGE('',*,*,#2760,.F.);
#1175=ORIENTED_EDGE('',*,*,#2773,.T.);
#1176=CARTESIAN_POINT('',(-1.525,0.975,-0.4));
#1177=DIRECTION('',(0.0,0.0,-1.0));
#1178=DIRECTION('',(0.0,-1.0,0.0));
#1179=ORIENTED_EDGE('',*,*,#2782,.T.);
#1180=ORIENTED_EDGE('',*,*,#2761,.F.);
#1181=ORIENTED_EDGE('',*,*,#2781,.F.);
#1182=ORIENTED_EDGE('',*,*,#2783,.T.);
#1183=CARTESIAN_POINT('',(-1.825,0.975,-0.4));
#1184=DIRECTION('',(-1.0,0.0,0.0));
#1185=DIRECTION('',(0.0,0.0,1.0));
#1186=ORIENTED_EDGE('',*,*,#2784,.T.);
#1187=ORIENTED_EDGE('',*,*,#2785,.T.);
#1188=ORIENTED_EDGE('',*,*,#2786,.T.);
#1189=ORIENTED_EDGE('',*,*,#2787,.F.);
#1190=ORIENTED_EDGE('',*,*,#2783,.F.);
#1191=ORIENTED_EDGE('',*,*,#2788,.F.);
#1192=ORIENTED_EDGE('',*,*,#2789,.F.);
#1193=ORIENTED_EDGE('',*,*,#2790,.F.);
#1194=CARTESIAN_POINT('',(0.0,0.975,0.0));
#1195=DIRECTION('',(-0.0,1.0,0.0));
#1196=DIRECTION('',(1.0,0.0,0.0));
#1197=ORIENTED_EDGE('',*,*,#2791,.F.);
#1198=ORIENTED_EDGE('',*,*,#2792,.F.);
#1199=ORIENTED_EDGE('',*,*,#2793,.F.);
#1200=ORIENTED_EDGE('',*,*,#2794,.F.);
#1201=ORIENTED_EDGE('',*,*,#2795,.T.);
#1202=ORIENTED_EDGE('',*,*,#2796,.T.);
#1203=ORIENTED_EDGE('',*,*,#2797,.T.);
#1204=ORIENTED_EDGE('',*,*,#2798,.T.);
#1205=CARTESIAN_POINT('',(0.0,0.975,0.0));
#1206=DIRECTION('',(-0.0,1.0,0.0));
#1207=DIRECTION('',(1.0,0.0,0.0));
#1208=ORIENTED_EDGE('',*,*,#2799,.T.);
#1209=ORIENTED_EDGE('',*,*,#2800,.T.);
#1210=ORIENTED_EDGE('',*,*,#2801,.F.);
#1211=ORIENTED_EDGE('',*,*,#2790,.T.);
#1212=ORIENTED_EDGE('',*,*,#2802,.T.);
#1213=CARTESIAN_POINT('',(-0.2,-0.475,-1.6));
#1214=DIRECTION('',(-1.0,0.0,0.0));
#1215=DIRECTION('',(0.0,0.0,1.0));
#1216=ORIENTED_EDGE('',*,*,#2789,.T.);
#1217=ORIENTED_EDGE('',*,*,#2803,.T.);
#1218=ORIENTED_EDGE('',*,*,#2804,.F.);
#1219=ORIENTED_EDGE('',*,*,#2802,.F.);
#1220=CARTESIAN_POINT('',(1.525,0.975,-1.5));
#1221=DIRECTION('',(0.0,0.707106781186548,0.707106781186548));
#1222=DIRECTION('',(1.0,0.0,-0.0));
#1223=ORIENTED_EDGE('',*,*,#2805,.F.);
#1224=ORIENTED_EDGE('',*,*,#2806,.F.);
#1225=ORIENTED_EDGE('',*,*,#2791,.T.);
#1226=ORIENTED_EDGE('',*,*,#2807,.T.);
#1227=CARTESIAN_POINT('',(1.525,0.975,-1.5));
#1228=DIRECTION('',(0.0,0.707106781186548,0.707106781186548));
#1229=DIRECTION('',(1.0,0.0,-0.0));
#1230=ORIENTED_EDGE('',*,*,#2804,.T.);
#1231=ORIENTED_EDGE('',*,*,#2771,.T.);
#1232=ORIENTED_EDGE('',*,*,#2758,.F.);
#1233=ORIENTED_EDGE('',*,*,#2808,.F.);
#1234=ORIENTED_EDGE('',*,*,#2805,.T.);
#1235=ORIENTED_EDGE('',*,*,#2809,.T.);
#1236=ORIENTED_EDGE('',*,*,#2810,.T.);
#1237=ORIENTED_EDGE('',*,*,#2811,.F.);
#1238=ORIENTED_EDGE('',*,*,#2812,.F.);
#1239=ORIENTED_EDGE('',*,*,#2813,.T.);
#1240=ORIENTED_EDGE('',*,*,#2814,.T.);
#1241=ORIENTED_EDGE('',*,*,#2799,.F.);
#1242=CARTESIAN_POINT('',(1.525,0.975,-1.2));
#1243=DIRECTION('',(0.0,0.0,-1.0));
#1244=DIRECTION('',(0.0,-1.0,0.0));
#1245=ORIENTED_EDGE('',*,*,#2814,.F.);
#1246=ORIENTED_EDGE('',*,*,#2815,.F.);
#1247=ORIENTED_EDGE('',*,*,#2816,.T.);
#1248=ORIENTED_EDGE('',*,*,#2800,.F.);
#1249=CARTESIAN_POINT('',(0.0,-0.475,0.0));
#1250=DIRECTION('',(-0.0,1.0,0.0));
#1251=DIRECTION('',(1.0,0.0,0.0));
#1252=ORIENTED_EDGE('',*,*,#2817,.T.);
#1253=ORIENTED_EDGE('',*,*,#2818,.F.);
#1254=ORIENTED_EDGE('',*,*,#2810,.F.);
#1255=ORIENTED_EDGE('',*,*,#2819,.T.);
#1256=CARTESIAN_POINT('',(0.0,-0.475,0.0));
#1257=DIRECTION('',(-0.0,1.0,0.0));
#1258=DIRECTION('',(1.0,0.0,0.0));
#1259=ORIENTED_EDGE('',*,*,#2816,.F.);
#1260=ORIENTED_EDGE('',*,*,#2820,.F.);
#1261=ORIENTED_EDGE('',*,*,#2821,.T.);
#1262=ORIENTED_EDGE('',*,*,#2822,.T.);
#1263=ORIENTED_EDGE('',*,*,#2817,.F.);
#1264=ORIENTED_EDGE('',*,*,#2823,.F.);
#1265=ORIENTED_EDGE('',*,*,#2797,.F.);
#1266=ORIENTED_EDGE('',*,*,#2824,.F.);
#1267=ORIENTED_EDGE('',*,*,#2825,.T.);
#1268=ORIENTED_EDGE('',*,*,#2826,.T.);
#1269=ORIENTED_EDGE('',*,*,#2827,.T.);
#1270=ORIENTED_EDGE('',*,*,#2828,.T.);
#1271=ORIENTED_EDGE('',*,*,#2829,.T.);
#1272=ORIENTED_EDGE('',*,*,#2830,.F.);
#1273=ORIENTED_EDGE('',*,*,#2831,.F.);
#1274=ORIENTED_EDGE('',*,*,#2832,.F.);
#1275=ORIENTED_EDGE('',*,*,#2833,.F.);
#1276=ORIENTED_EDGE('',*,*,#2834,.F.);
#1277=ORIENTED_EDGE('',*,*,#2835,.F.);
#1278=ORIENTED_EDGE('',*,*,#2836,.T.);
#1279=ORIENTED_EDGE('',*,*,#2837,.T.);
#1280=ORIENTED_EDGE('',*,*,#2838,.T.);
#1281=ORIENTED_EDGE('',*,*,#2839,.F.);
#1282=ORIENTED_EDGE('',*,*,#2840,.F.);
#1283=ORIENTED_EDGE('',*,*,#2841,.F.);
#1284=ORIENTED_EDGE('',*,*,#2842,.T.);
#1285=ORIENTED_EDGE('',*,*,#2843,.F.);
#1286=ORIENTED_EDGE('',*,*,#2844,.F.);
#1287=ORIENTED_EDGE('',*,*,#2845,.F.);
#1288=ORIENTED_EDGE('',*,*,#2846,.T.);
#1289=ORIENTED_EDGE('',*,*,#2847,.F.);
#1290=ORIENTED_EDGE('',*,*,#2848,.T.);
#1291=ORIENTED_EDGE('',*,*,#2849,.T.);
#1292=ORIENTED_EDGE('',*,*,#2850,.F.);
#1293=ORIENTED_EDGE('',*,*,#2851,.F.);
#1294=ORIENTED_EDGE('',*,*,#2852,.F.);
#1295=ORIENTED_EDGE('',*,*,#2853,.F.);
#1296=ORIENTED_EDGE('',*,*,#2854,.F.);
#1297=ORIENTED_EDGE('',*,*,#2855,.T.);
#1298=ORIENTED_EDGE('',*,*,#2856,.T.);
#1299=ORIENTED_EDGE('',*,*,#2857,.T.);
#1300=ORIENTED_EDGE('',*,*,#2858,.T.);
#1301=ORIENTED_EDGE('',*,*,#2859,.T.);
#1302=ORIENTED_EDGE('',*,*,#2860,.T.);
#1303=ORIENTED_EDGE('',*,*,#2784,.F.);
#1304=ORIENTED_EDGE('',*,*,#2801,.T.);
#1305=ORIENTED_EDGE('',*,*,#2861,.F.);
#1306=ORIENTED_EDGE('',*,*,#2862,.T.);
#1307=ORIENTED_EDGE('',*,*,#2863,.T.);
#1308=ORIENTED_EDGE('',*,*,#2864,.F.);
#1309=ORIENTED_EDGE('',*,*,#2865,.F.);
#1310=ORIENTED_EDGE('',*,*,#2866,.T.);
#1311=ORIENTED_EDGE('',*,*,#2867,.T.);
#1312=ORIENTED_EDGE('',*,*,#2868,.F.);
#1313=ORIENTED_EDGE('',*,*,#2869,.F.);
#1314=ORIENTED_EDGE('',*,*,#2870,.T.);
#1315=ORIENTED_EDGE('',*,*,#2871,.T.);
#1316=ORIENTED_EDGE('',*,*,#2872,.F.);
#1317=CARTESIAN_POINT('',(2.125,-3.675,-1.6));
#1318=DIRECTION('',(0.0,0.0,-1.0));
#1319=DIRECTION('',(0.0,-1.0,0.0));
#1320=ORIENTED_EDGE('',*,*,#2785,.F.);
#1321=ORIENTED_EDGE('',*,*,#2860,.F.);
#1322=ORIENTED_EDGE('',*,*,#2873,.T.);
#1323=ORIENTED_EDGE('',*,*,#2874,.T.);
#1324=ORIENTED_EDGE('',*,*,#2875,.F.);
#1325=ORIENTED_EDGE('',*,*,#2849,.F.);
#1326=ORIENTED_EDGE('',*,*,#2876,.T.);
#1327=ORIENTED_EDGE('',*,*,#2877,.T.);
#1328=ORIENTED_EDGE('',*,*,#2878,.T.);
#1329=ORIENTED_EDGE('',*,*,#2879,.F.);
#1330=ORIENTED_EDGE('',*,*,#2880,.T.);
#1331=ORIENTED_EDGE('',*,*,#2881,.T.);
#1332=ORIENTED_EDGE('',*,*,#2747,.T.);
#1333=ORIENTED_EDGE('',*,*,#2882,.F.);
#1334=ORIENTED_EDGE('',*,*,#2883,.F.);
#1335=ORIENTED_EDGE('',*,*,#2884,.F.);
#1336=CARTESIAN_POINT('',(-2.125,-3.675,-1.6));
#1337=DIRECTION('',(-1.0,0.0,0.0));
#1338=DIRECTION('',(0.0,0.0,1.0));
#1339=ORIENTED_EDGE('',*,*,#2884,.T.);
#1340=ORIENTED_EDGE('',*,*,#2885,.T.);
#1341=ORIENTED_EDGE('',*,*,#2776,.F.);
#1342=ORIENTED_EDGE('',*,*,#2886,.F.);
#1343=ORIENTED_EDGE('',*,*,#2786,.F.);
#1344=CARTESIAN_POINT('',(1.175,0.975,1.2));
#1345=DIRECTION('',(0.0,0.0,1.0));
#1346=DIRECTION('',(1.0,0.0,0.0));
#1347=ORIENTED_EDGE('',*,*,#2887,.T.);
#1348=ORIENTED_EDGE('',*,*,#2888,.T.);
#1349=ORIENTED_EDGE('',*,*,#2889,.T.);
#1350=ORIENTED_EDGE('',*,*,#2890,.F.);
#1351=ORIENTED_EDGE('',*,*,#2795,.F.);
#1352=CARTESIAN_POINT('',(1.175,0.975,1.2));
#1353=DIRECTION('',(0.0,0.0,1.0));
#1354=DIRECTION('',(1.0,0.0,0.0));
#1355=ORIENTED_EDGE('',*,*,#2780,.T.);
#1356=ORIENTED_EDGE('',*,*,#2772,.F.);
#1357=ORIENTED_EDGE('',*,*,#2803,.F.);
#1358=ORIENTED_EDGE('',*,*,#2788,.T.);
#1359=CARTESIAN_POINT('',(-1.825,0.975,-1.2));
#1360=DIRECTION('',(0.707106781186548,0.707106781186548,0.0));
#1361=DIRECTION('',(0.0,0.0,-1.0));
#1362=ORIENTED_EDGE('',*,*,#2886,.T.);
#1363=ORIENTED_EDGE('',*,*,#2775,.F.);
#1364=ORIENTED_EDGE('',*,*,#2891,.F.);
#1365=ORIENTED_EDGE('',*,*,#2787,.T.);
#1366=CARTESIAN_POINT('',(-1.825,0.975,-1.2));
#1367=DIRECTION('',(0.707106781186548,0.707106781186548,0.0));
#1368=DIRECTION('',(0.0,0.0,-1.0));
#1369=ORIENTED_EDGE('',*,*,#2762,.F.);
#1370=ORIENTED_EDGE('',*,*,#2782,.F.);
#1371=ORIENTED_EDGE('',*,*,#2891,.T.);
#1372=ORIENTED_EDGE('',*,*,#2774,.F.);
#1373=CARTESIAN_POINT('',(-1.825,0.975,0.35));
#1374=DIRECTION('',(0.0,0.0,1.0));
#1375=DIRECTION('',(1.0,0.0,0.0));
#1376=ORIENTED_EDGE('',*,*,#2777,.F.);
#1377=ORIENTED_EDGE('',*,*,#2885,.F.);
#1378=ORIENTED_EDGE('',*,*,#2883,.T.);
#1379=ORIENTED_EDGE('',*,*,#2892,.F.);
#1380=ORIENTED_EDGE('',*,*,#2893,.F.);
#1381=ORIENTED_EDGE('',*,*,#2894,.T.);
#1382=CARTESIAN_POINT('',(-2.125,-0.025,1.8));
#1383=DIRECTION('',(0.0,-1.0,0.0));
#1384=DIRECTION('',(0.0,0.0,-1.0));
#1385=ORIENTED_EDGE('',*,*,#2778,.T.);
#1386=ORIENTED_EDGE('',*,*,#2894,.F.);
#1387=ORIENTED_EDGE('',*,*,#2895,.F.);
#1388=ORIENTED_EDGE('',*,*,#2896,.T.);
#1389=CARTESIAN_POINT('',(-1.175,-0.325,1.2));
#1390=DIRECTION('',(0.0,0.707106781186548,-0.707106781186548));
#1391=DIRECTION('',(-1.0,0.0,0.0));
#1392=ORIENTED_EDGE('',*,*,#2897,.T.);
#1393=ORIENTED_EDGE('',*,*,#2744,.F.);
#1394=ORIENTED_EDGE('',*,*,#2779,.F.);
#1395=ORIENTED_EDGE('',*,*,#2896,.F.);
#1396=CARTESIAN_POINT('',(-1.525,0.975,1.2));
#1397=DIRECTION('',(0.0,0.0,1.0));
#1398=DIRECTION('',(1.0,0.0,0.0));
#1399=ORIENTED_EDGE('',*,*,#2898,.T.);
#1400=ORIENTED_EDGE('',*,*,#2745,.F.);
#1401=ORIENTED_EDGE('',*,*,#2897,.F.);
#1402=ORIENTED_EDGE('',*,*,#2895,.T.);
#1403=ORIENTED_EDGE('',*,*,#2893,.T.);
#1404=CARTESIAN_POINT('',(-1.175,0.975,1.2));
#1405=DIRECTION('',(-1.0,0.0,0.0));
#1406=DIRECTION('',(0.0,0.0,1.0));
#1407=ORIENTED_EDGE('',*,*,#2882,.T.);
#1408=ORIENTED_EDGE('',*,*,#2746,.F.);
#1409=ORIENTED_EDGE('',*,*,#2898,.F.);
#1410=ORIENTED_EDGE('',*,*,#2892,.T.);
#1411=CARTESIAN_POINT('',(-1.175,0.975,1.8));
#1412=DIRECTION('',(0.0,0.0,-1.0));
#1413=DIRECTION('',(0.0,-1.0,0.0));
#1414=ORIENTED_EDGE('',*,*,#2899,.T.);
#1415=ORIENTED_EDGE('',*,*,#2900,.T.);
#1416=ORIENTED_EDGE('',*,*,#2749,.F.);
#1417=ORIENTED_EDGE('',*,*,#2901,.F.);
#1418=ORIENTED_EDGE('',*,*,#2902,.T.);
#1419=ORIENTED_EDGE('',*,*,#2903,.T.);
#1420=ORIENTED_EDGE('',*,*,#2904,.F.);
#1421=ORIENTED_EDGE('',*,*,#2905,.F.);
#1422=ORIENTED_EDGE('',*,*,#2906,.T.);
#1423=ORIENTED_EDGE('',*,*,#2835,.T.);
#1424=ORIENTED_EDGE('',*,*,#2907,.T.);
#1425=ORIENTED_EDGE('',*,*,#2908,.F.);
#1426=ORIENTED_EDGE('',*,*,#2909,.F.);
#1427=ORIENTED_EDGE('',*,*,#2824,.T.);
#1428=ORIENTED_EDGE('',*,*,#2796,.F.);
#1429=ORIENTED_EDGE('',*,*,#2890,.T.);
#1430=CARTESIAN_POINT('',(2.125,-3.675,2.1));
#1431=DIRECTION('',(1.0,0.0,0.0));
#1432=DIRECTION('',(0.0,1.0,0.0));
#1433=ORIENTED_EDGE('',*,*,#2910,.T.);
#1434=ORIENTED_EDGE('',*,*,#2911,.F.);
#1435=ORIENTED_EDGE('',*,*,#2825,.F.);
#1436=ORIENTED_EDGE('',*,*,#2909,.T.);
#1437=CARTESIAN_POINT('',(2.125,-0.875,-1.6));
#1438=DIRECTION('',(0.707106781186548,0.707106781186548,0.0));
#1439=DIRECTION('',(0.0,0.0,-1.0));
#1440=ORIENTED_EDGE('',*,*,#2911,.T.);
#1441=ORIENTED_EDGE('',*,*,#2912,.T.);
#1442=ORIENTED_EDGE('',*,*,#2913,.F.);
#1443=ORIENTED_EDGE('',*,*,#2826,.F.);
#1444=CARTESIAN_POINT('',(2.325,-1.075,-1.6));
#1445=DIRECTION('',(-0.0,1.0,0.0));
#1446=DIRECTION('',(1.0,0.0,0.0));
#1447=ORIENTED_EDGE('',*,*,#2913,.T.);
#1448=ORIENTED_EDGE('',*,*,#2914,.T.);
#1449=ORIENTED_EDGE('',*,*,#2915,.F.);
#1450=ORIENTED_EDGE('',*,*,#2827,.F.);
#1451=CARTESIAN_POINT('',(3.625,-1.075,-1.6));
#1452=DIRECTION('',(1.0,0.0,0.0));
#1453=DIRECTION('',(0.0,1.0,0.0));
#1454=ORIENTED_EDGE('',*,*,#2915,.T.);
#1455=ORIENTED_EDGE('',*,*,#2916,.T.);
#1456=ORIENTED_EDGE('',*,*,#2917,.F.);
#1457=ORIENTED_EDGE('',*,*,#2828,.F.);
#1458=CARTESIAN_POINT('',(3.625,-3.075,-1.6));
#1459=DIRECTION('',(0.707106781186548,-0.707106781186548,0.0));
#1460=DIRECTION('',(0.0,0.0,-1.0));
#1461=ORIENTED_EDGE('',*,*,#2918,.F.);
#1462=ORIENTED_EDGE('',*,*,#2919,.F.);
#1463=ORIENTED_EDGE('',*,*,#2829,.F.);
#1464=ORIENTED_EDGE('',*,*,#2917,.T.);
#1465=ORIENTED_EDGE('',*,*,#2920,.T.);
#1466=ORIENTED_EDGE('',*,*,#2907,.F.);
#1467=ORIENTED_EDGE('',*,*,#2921,.F.);
#1468=ORIENTED_EDGE('',*,*,#2922,.F.);
#1469=ORIENTED_EDGE('',*,*,#2923,.F.);
#1470=CARTESIAN_POINT('',(3.325,-3.375,-1.6));
#1471=DIRECTION('',(0.0,-1.0,0.0));
#1472=DIRECTION('',(0.0,0.0,-1.0));
#1473=ORIENTED_EDGE('',*,*,#2924,.F.);
#1474=ORIENTED_EDGE('',*,*,#2925,.F.);
#1475=ORIENTED_EDGE('',*,*,#2926,.F.);
#1476=ORIENTED_EDGE('',*,*,#2927,.F.);
#1477=ORIENTED_EDGE('',*,*,#2928,.F.);
#1478=ORIENTED_EDGE('',*,*,#2929,.F.);
#1479=ORIENTED_EDGE('',*,*,#2930,.F.);
#1480=ORIENTED_EDGE('',*,*,#2923,.T.);
#1481=CARTESIAN_POINT('',(2.125,-3.675,0.6));
#1482=DIRECTION('',(0.0,0.0,-1.0));
#1483=DIRECTION('',(0.0,-1.0,0.0));
#1484=ORIENTED_EDGE('',*,*,#2931,.F.);
#1485=ORIENTED_EDGE('',*,*,#2932,.F.);
#1486=ORIENTED_EDGE('',*,*,#2933,.F.);
#1487=ORIENTED_EDGE('',*,*,#2934,.F.);
#1488=ORIENTED_EDGE('',*,*,#2935,.F.);
#1489=ORIENTED_EDGE('',*,*,#2936,.F.);
#1490=ORIENTED_EDGE('',*,*,#2937,.F.);
#1491=ORIENTED_EDGE('',*,*,#2938,.T.);
#1492=CARTESIAN_POINT('',(2.125,-3.675,0.6));
#1493=DIRECTION('',(0.0,0.0,-1.0));
#1494=DIRECTION('',(0.0,-1.0,0.0));
#1495=ORIENTED_EDGE('',*,*,#2939,.T.);
#1496=ORIENTED_EDGE('',*,*,#2940,.F.);
#1497=ORIENTED_EDGE('',*,*,#2941,.T.);
#1498=ORIENTED_EDGE('',*,*,#2942,.F.);
#1499=CARTESIAN_POINT('',(2.595,-2.455,-1.6));
#1500=DIRECTION('',(1.0,0.0,0.0));
#1501=DIRECTION('',(0.0,1.0,0.0));
#1502=ORIENTED_EDGE('',*,*,#2930,.T.);
#1503=ORIENTED_EDGE('',*,*,#2943,.F.);
#1504=ORIENTED_EDGE('',*,*,#2944,.F.);
#1505=ORIENTED_EDGE('',*,*,#2918,.T.);
#1506=CARTESIAN_POINT('',(2.595,-2.455,-1.6));
#1507=DIRECTION('',(1.0,0.0,0.0));
#1508=DIRECTION('',(0.0,1.0,0.0));
#1509=ORIENTED_EDGE('',*,*,#2945,.F.);
#1510=ORIENTED_EDGE('',*,*,#2830,.T.);
#1511=ORIENTED_EDGE('',*,*,#2946,.T.);
#1512=ORIENTED_EDGE('',*,*,#2942,.T.);
#1513=ORIENTED_EDGE('',*,*,#2947,.T.);
#1514=CARTESIAN_POINT('',(2.815,-2.405,-1.6));
#1515=DIRECTION('',(-0.707106781186548,0.0,-0.707106781186548));
#1516=DIRECTION('',(-0.707106781186548,0.0,0.707106781186548));
#1517=ORIENTED_EDGE('',*,*,#2947,.F.);
#1518=ORIENTED_EDGE('',*,*,#2941,.F.);
#1519=ORIENTED_EDGE('',*,*,#2948,.F.);
#1520=ORIENTED_EDGE('',*,*,#2949,.T.);
#1521=ORIENTED_EDGE('',*,*,#2950,.F.);
#1522=CARTESIAN_POINT('',(2.645,-2.455,-1.6));
#1523=DIRECTION('',(-0.0,0.0,1.0));
#1524=DIRECTION('',(1.0,0.0,0.0));
#1525=ORIENTED_EDGE('',*,*,#2951,.F.);
#1526=ORIENTED_EDGE('',*,*,#2831,.T.);
#1527=ORIENTED_EDGE('',*,*,#2945,.T.);
#1528=ORIENTED_EDGE('',*,*,#2950,.T.);
#1529=ORIENTED_EDGE('',*,*,#2952,.F.);
#1530=CARTESIAN_POINT('',(3.145,-2.625,-1.6));
#1531=DIRECTION('',(0.0,0.707106781186548,-0.707106781186548));
#1532=DIRECTION('',(-1.0,0.0,0.0));
#1533=ORIENTED_EDGE('',*,*,#2949,.F.);
#1534=ORIENTED_EDGE('',*,*,#2953,.F.);
#1535=ORIENTED_EDGE('',*,*,#2954,.T.);
#1536=ORIENTED_EDGE('',*,*,#2952,.T.);
#1537=CARTESIAN_POINT('',(3.145,-2.405,-1.6));
#1538=DIRECTION('',(0.0,-1.0,0.0));
#1539=DIRECTION('',(0.0,0.0,-1.0));
#1540=ORIENTED_EDGE('',*,*,#2954,.F.);
#1541=ORIENTED_EDGE('',*,*,#2955,.F.);
#1542=ORIENTED_EDGE('',*,*,#2956,.T.);
#1543=ORIENTED_EDGE('',*,*,#2957,.T.);
#1544=CARTESIAN_POINT('',(3.145,-2.155,-1.6));
#1545=DIRECTION('',(1.0,0.0,0.0));
#1546=DIRECTION('',(0.0,1.0,0.0));
#1547=ORIENTED_EDGE('',*,*,#2958,.F.);
#1548=ORIENTED_EDGE('',*,*,#2832,.T.);
#1549=ORIENTED_EDGE('',*,*,#2951,.T.);
#1550=ORIENTED_EDGE('',*,*,#2957,.F.);
#1551=CARTESIAN_POINT('',(3.365,-2.155,-1.6));
#1552=DIRECTION('',(-0.707106781186548,0.0,-0.707106781186548));
#1553=DIRECTION('',(-0.707106781186548,0.0,0.707106781186548));
#1554=ORIENTED_EDGE('',*,*,#2959,.F.);
#1555=ORIENTED_EDGE('',*,*,#2960,.F.);
#1556=ORIENTED_EDGE('',*,*,#2833,.T.);
#1557=ORIENTED_EDGE('',*,*,#2958,.T.);
#1558=ORIENTED_EDGE('',*,*,#2961,.F.);
#1559=CARTESIAN_POINT('',(2.345,-1.935,-1.6));
#1560=DIRECTION('',(0.0,-0.707106781186548,-0.707106781186548));
#1561=DIRECTION('',(0.0,-0.707106781186548,0.707106781186548));
#1562=ORIENTED_EDGE('',*,*,#2956,.F.);
#1563=ORIENTED_EDGE('',*,*,#2962,.F.);
#1564=ORIENTED_EDGE('',*,*,#2963,.T.);
#1565=ORIENTED_EDGE('',*,*,#2961,.T.);
#1566=CARTESIAN_POINT('',(2.645,-2.155,-1.6));
#1567=DIRECTION('',(-0.0,1.0,0.0));
#1568=DIRECTION('',(1.0,0.0,0.0));
#1569=ORIENTED_EDGE('',*,*,#2964,.T.);
#1570=ORIENTED_EDGE('',*,*,#2963,.F.);
#1571=ORIENTED_EDGE('',*,*,#2965,.F.);
#1572=ORIENTED_EDGE('',*,*,#2966,.T.);
#1573=ORIENTED_EDGE('',*,*,#2967,.F.);
#1574=ORIENTED_EDGE('',*,*,#2968,.T.);
#1575=CARTESIAN_POINT('',(2.645,-2.455,-1.6));
#1576=DIRECTION('',(-0.0,0.0,1.0));
#1577=DIRECTION('',(1.0,0.0,0.0));
#1578=ORIENTED_EDGE('',*,*,#2969,.T.);
#1579=ORIENTED_EDGE('',*,*,#2970,.T.);
#1580=ORIENTED_EDGE('',*,*,#2968,.F.);
#1581=CARTESIAN_POINT('',(2.125,-3.675,-1.1));
#1582=DIRECTION('',(0.0,0.0,-1.0));
#1583=DIRECTION('',(0.0,-1.0,0.0));
#1584=ORIENTED_EDGE('',*,*,#2971,.T.);
#1585=ORIENTED_EDGE('',*,*,#2972,.T.);
#1586=ORIENTED_EDGE('',*,*,#2973,.F.);
#1587=CARTESIAN_POINT('',(2.125,-3.675,-1.1));
#1588=DIRECTION('',(0.0,0.0,-1.0));
#1589=DIRECTION('',(0.0,-1.0,0.0));
#1590=ORIENTED_EDGE('',*,*,#2970,.F.);
#1591=ORIENTED_EDGE('',*,*,#2974,.F.);
#1592=ORIENTED_EDGE('',*,*,#2959,.T.);
#1593=ORIENTED_EDGE('',*,*,#2964,.F.);
#1594=CARTESIAN_POINT('',(2.345,-2.155,-1.6));
#1595=DIRECTION('',(-0.0,1.0,0.0));
#1596=DIRECTION('',(1.0,0.0,0.0));
#1597=ORIENTED_EDGE('',*,*,#2975,.T.);
#1598=ORIENTED_EDGE('',*,*,#2974,.T.);
#1599=ORIENTED_EDGE('',*,*,#2969,.F.);
#1600=ORIENTED_EDGE('',*,*,#2967,.T.);
#1601=CARTESIAN_POINT('',(2.345,-3.155,-1.6));
#1602=DIRECTION('',(-1.0,0.0,0.0));
#1603=DIRECTION('',(0.0,0.0,1.0));
#1604=ORIENTED_EDGE('',*,*,#2976,.F.);
#1605=ORIENTED_EDGE('',*,*,#2834,.T.);
#1606=ORIENTED_EDGE('',*,*,#2960,.T.);
#1607=ORIENTED_EDGE('',*,*,#2975,.F.);
#1608=ORIENTED_EDGE('',*,*,#2977,.F.);
#1609=CARTESIAN_POINT('',(2.125,-3.155,-1.6));
#1610=DIRECTION('',(0.707106781186548,0.0,-0.707106781186548));
#1611=DIRECTION('',(0.0,-1.0,0.0));
#1612=ORIENTED_EDGE('',*,*,#2978,.F.);
#1613=ORIENTED_EDGE('',*,*,#2979,.T.);
#1614=ORIENTED_EDGE('',*,*,#2924,.T.);
#1615=ORIENTED_EDGE('',*,*,#2922,.T.);
#1616=CARTESIAN_POINT('',(2.345,-3.425,-1.6));
#1617=DIRECTION('',(-1.0,0.0,0.0));
#1618=DIRECTION('',(0.0,0.0,1.0));
#1619=ORIENTED_EDGE('',*,*,#2966,.F.);
#1620=ORIENTED_EDGE('',*,*,#2980,.F.);
#1621=ORIENTED_EDGE('',*,*,#2981,.F.);
#1622=ORIENTED_EDGE('',*,*,#2977,.T.);
#1623=CARTESIAN_POINT('',(2.345,-3.425,-1.6));
#1624=DIRECTION('',(-1.0,0.0,0.0));
#1625=DIRECTION('',(0.0,0.0,1.0));
#1626=ORIENTED_EDGE('',*,*,#2982,.T.);
#1627=ORIENTED_EDGE('',*,*,#2925,.T.);
#1628=ORIENTED_EDGE('',*,*,#2979,.F.);
#1629=ORIENTED_EDGE('',*,*,#2983,.F.);
#1630=CARTESIAN_POINT('',(2.645,-3.425,-1.6));
#1631=DIRECTION('',(-0.0,0.0,1.0));
#1632=DIRECTION('',(1.0,0.0,0.0));
#1633=ORIENTED_EDGE('',*,*,#2944,.T.);
#1634=ORIENTED_EDGE('',*,*,#2984,.T.);
#1635=ORIENTED_EDGE('',*,*,#2985,.T.);
#1636=ORIENTED_EDGE('',*,*,#2986,.T.);
#1637=ORIENTED_EDGE('',*,*,#2987,.T.);
#1638=ORIENTED_EDGE('',*,*,#2983,.T.);
#1639=ORIENTED_EDGE('',*,*,#2978,.T.);
#1640=ORIENTED_EDGE('',*,*,#2980,.T.);
#1641=ORIENTED_EDGE('',*,*,#2965,.T.);
#1642=ORIENTED_EDGE('',*,*,#2962,.T.);
#1643=ORIENTED_EDGE('',*,*,#2955,.T.);
#1644=ORIENTED_EDGE('',*,*,#2953,.T.);
#1645=ORIENTED_EDGE('',*,*,#2948,.T.);
#1646=ORIENTED_EDGE('',*,*,#2940,.T.);
#1647=CARTESIAN_POINT('',(2.125,-3.675,-1.6));
#1648=DIRECTION('',(0.0,0.0,-1.0));
#1649=DIRECTION('',(0.0,-1.0,0.0));
#1650=ORIENTED_EDGE('',*,*,#2988,.T.);
#1651=ORIENTED_EDGE('',*,*,#2989,.T.);
#1652=ORIENTED_EDGE('',*,*,#2990,.T.);
#1653=ORIENTED_EDGE('',*,*,#2991,.T.);
#1654=ORIENTED_EDGE('',*,*,#2992,.T.);
#1655=ORIENTED_EDGE('',*,*,#2993,.T.);
#1656=ORIENTED_EDGE('',*,*,#2994,.T.);
#1657=ORIENTED_EDGE('',*,*,#2995,.T.);
#1658=ORIENTED_EDGE('',*,*,#2996,.T.);
#1659=ORIENTED_EDGE('',*,*,#2997,.T.);
#1660=ORIENTED_EDGE('',*,*,#2998,.T.);
#1661=ORIENTED_EDGE('',*,*,#2999,.T.);
#1662=ORIENTED_EDGE('',*,*,#3000,.T.);
#1663=ORIENTED_EDGE('',*,*,#3001,.T.);
#1664=CARTESIAN_POINT('',(2.125,-3.675,-1.6));
#1665=DIRECTION('',(0.0,0.0,-1.0));
#1666=DIRECTION('',(0.0,-1.0,0.0));
#1667=ORIENTED_EDGE('',*,*,#3002,.T.);
#1668=ORIENTED_EDGE('',*,*,#3003,.T.);
#1669=ORIENTED_EDGE('',*,*,#3004,.F.);
#1670=ORIENTED_EDGE('',*,*,#2926,.T.);
#1671=ORIENTED_EDGE('',*,*,#2982,.F.);
#1672=ORIENTED_EDGE('',*,*,#2987,.F.);
#1673=CARTESIAN_POINT('',(3.825,-3.725,-1.6));
#1674=DIRECTION('',(0.0,-1.0,0.0));
#1675=DIRECTION('',(0.0,0.0,-1.0));
#1676=ORIENTED_EDGE('',*,*,#3004,.T.);
#1677=ORIENTED_EDGE('',*,*,#3005,.F.);
#1678=ORIENTED_EDGE('',*,*,#3006,.F.);
#1679=ORIENTED_EDGE('',*,*,#2927,.T.);
#1680=CARTESIAN_POINT('',(3.625,-3.475,0.6));
#1681=DIRECTION('',(0.707106781186548,0.0,0.707106781186548));
#1682=DIRECTION('',(0.0,-1.0,0.0));
#1683=ORIENTED_EDGE('',*,*,#3007,.T.);
#1684=ORIENTED_EDGE('',*,*,#2928,.T.);
#1685=ORIENTED_EDGE('',*,*,#3006,.T.);
#1686=ORIENTED_EDGE('',*,*,#3008,.F.);
#1687=ORIENTED_EDGE('',*,*,#3009,.F.);
#1688=ORIENTED_EDGE('',*,*,#2985,.F.);
#1689=CARTESIAN_POINT('',(2.645,-3.475,-1.6));
#1690=DIRECTION('',(-0.0,1.0,0.0));
#1691=DIRECTION('',(1.0,0.0,0.0));
#1692=ORIENTED_EDGE('',*,*,#3009,.T.);
#1693=ORIENTED_EDGE('',*,*,#3010,.T.);
#1694=ORIENTED_EDGE('',*,*,#3002,.F.);
#1695=ORIENTED_EDGE('',*,*,#2986,.F.);
#1696=CARTESIAN_POINT('',(3.625,-3.475,-1.6));
#1697=DIRECTION('',(-0.707106781186548,0.0,0.707106781186548));
#1698=DIRECTION('',(0.0,1.0,0.0));
#1699=ORIENTED_EDGE('',*,*,#3008,.T.);
#1700=ORIENTED_EDGE('',*,*,#3005,.T.);
#1701=ORIENTED_EDGE('',*,*,#3003,.F.);
#1702=ORIENTED_EDGE('',*,*,#3010,.F.);
#1703=CARTESIAN_POINT('',(3.825,-3.475,-1.6));
#1704=DIRECTION('',(1.0,0.0,0.0));
#1705=DIRECTION('',(0.0,1.0,0.0));
#1706=ORIENTED_EDGE('',*,*,#2943,.T.);
#1707=ORIENTED_EDGE('',*,*,#2929,.T.);
#1708=ORIENTED_EDGE('',*,*,#3007,.F.);
#1709=ORIENTED_EDGE('',*,*,#2984,.F.);
#1710=CARTESIAN_POINT('',(2.645,-3.425,-1.6));
#1711=DIRECTION('',(-0.0,0.0,1.0));
#1712=DIRECTION('',(1.0,0.0,0.0));
#1713=ORIENTED_EDGE('',*,*,#2937,.T.);
#1714=ORIENTED_EDGE('',*,*,#3011,.F.);
#1715=ORIENTED_EDGE('',*,*,#2988,.F.);
#1716=ORIENTED_EDGE('',*,*,#3012,.F.);
#1717=CARTESIAN_POINT('',(-2.345,-2.455,-1.6));
#1718=DIRECTION('',(1.0,0.0,0.0));
#1719=DIRECTION('',(0.0,1.0,0.0));
#1720=ORIENTED_EDGE('',*,*,#3001,.F.);
#1721=ORIENTED_EDGE('',*,*,#3013,.T.);
#1722=ORIENTED_EDGE('',*,*,#3014,.F.);
#1723=ORIENTED_EDGE('',*,*,#3015,.T.);
#1724=CARTESIAN_POINT('',(-2.345,-2.455,-1.6));
#1725=DIRECTION('',(1.0,0.0,0.0));
#1726=DIRECTION('',(0.0,1.0,0.0));
#1727=ORIENTED_EDGE('',*,*,#3012,.T.);
#1728=ORIENTED_EDGE('',*,*,#3016,.F.);
#1729=ORIENTED_EDGE('',*,*,#2875,.T.);
#1730=ORIENTED_EDGE('',*,*,#3017,.T.);
#1731=ORIENTED_EDGE('',*,*,#3018,.F.);
#1732=ORIENTED_EDGE('',*,*,#2855,.F.);
#1733=ORIENTED_EDGE('',*,*,#3019,.F.);
#1734=ORIENTED_EDGE('',*,*,#3020,.T.);
#1735=ORIENTED_EDGE('',*,*,#2938,.F.);
#1736=CARTESIAN_POINT('',(-2.125,-3.375,-1.6));
#1737=DIRECTION('',(0.0,-1.0,0.0));
#1738=DIRECTION('',(0.0,0.0,-1.0));
#1739=ORIENTED_EDGE('',*,*,#3021,.T.);
#1740=ORIENTED_EDGE('',*,*,#3022,.F.);
#1741=ORIENTED_EDGE('',*,*,#2995,.F.);
#1742=ORIENTED_EDGE('',*,*,#3023,.F.);
#1743=CARTESIAN_POINT('',(-2.595,-3.425,-1.6));
#1744=DIRECTION('',(-1.0,0.0,0.0));
#1745=DIRECTION('',(0.0,0.0,1.0));
#1746=ORIENTED_EDGE('',*,*,#3024,.T.);
#1747=ORIENTED_EDGE('',*,*,#2931,.T.);
#1748=ORIENTED_EDGE('',*,*,#3020,.F.);
#1749=ORIENTED_EDGE('',*,*,#2994,.F.);
#1750=CARTESIAN_POINT('',(-2.595,-3.425,-1.6));
#1751=DIRECTION('',(-1.0,0.0,0.0));
#1752=DIRECTION('',(0.0,0.0,1.0));
#1753=ORIENTED_EDGE('',*,*,#3025,.F.);
#1754=ORIENTED_EDGE('',*,*,#3016,.T.);
#1755=ORIENTED_EDGE('',*,*,#3015,.F.);
#1756=CARTESIAN_POINT('',(-2.345,-3.375,-1.6));
#1757=DIRECTION('',(0.0,0.707106781186548,-0.707106781186548));
#1758=DIRECTION('',(-1.0,0.0,0.0));
#1759=ORIENTED_EDGE('',*,*,#3019,.T.);
#1760=ORIENTED_EDGE('',*,*,#3026,.T.);
#1761=ORIENTED_EDGE('',*,*,#3023,.T.);
#1762=CARTESIAN_POINT('',(-2.345,-3.375,-1.6));
#1763=DIRECTION('',(0.0,0.707106781186548,-0.707106781186548));
#1764=DIRECTION('',(-1.0,0.0,0.0));
#1765=ORIENTED_EDGE('',*,*,#3027,.F.);
#1766=ORIENTED_EDGE('',*,*,#3028,.F.);
#1767=ORIENTED_EDGE('',*,*,#2850,.T.);
#1768=ORIENTED_EDGE('',*,*,#3025,.T.);
#1769=ORIENTED_EDGE('',*,*,#3014,.T.);
#1770=CARTESIAN_POINT('',(-2.125,-2.155,-1.6));
#1771=DIRECTION('',(-0.707106781186548,0.0,-0.707106781186548));
#1772=DIRECTION('',(-0.707106781186548,0.0,0.707106781186548));
#1773=ORIENTED_EDGE('',*,*,#3029,.F.);
#1774=ORIENTED_EDGE('',*,*,#2851,.T.);
#1775=ORIENTED_EDGE('',*,*,#3028,.T.);
#1776=ORIENTED_EDGE('',*,*,#3030,.F.);
#1777=ORIENTED_EDGE('',*,*,#3031,.F.);
#1778=CARTESIAN_POINT('',(-3.145,-1.935,-1.6));
#1779=DIRECTION('',(0.0,-0.707106781186548,-0.707106781186548));
#1780=DIRECTION('',(0.0,-0.707106781186548,0.707106781186548));
#1781=ORIENTED_EDGE('',*,*,#3032,.F.);
#1782=ORIENTED_EDGE('',*,*,#2999,.F.);
#1783=ORIENTED_EDGE('',*,*,#3033,.T.);
#1784=ORIENTED_EDGE('',*,*,#3031,.T.);
#1785=CARTESIAN_POINT('',(-3.145,-2.155,-1.6));
#1786=DIRECTION('',(-0.0,1.0,0.0));
#1787=DIRECTION('',(1.0,0.0,0.0));
#1788=ORIENTED_EDGE('',*,*,#3033,.F.);
#1789=ORIENTED_EDGE('',*,*,#2998,.F.);
#1790=ORIENTED_EDGE('',*,*,#3034,.T.);
#1791=ORIENTED_EDGE('',*,*,#3035,.T.);
#1792=CARTESIAN_POINT('',(-3.145,-2.405,-1.6));
#1793=DIRECTION('',(-1.0,0.0,0.0));
#1794=DIRECTION('',(0.0,0.0,1.0));
#1795=ORIENTED_EDGE('',*,*,#3036,.F.);
#1796=ORIENTED_EDGE('',*,*,#2852,.T.);
#1797=ORIENTED_EDGE('',*,*,#3029,.T.);
#1798=ORIENTED_EDGE('',*,*,#3035,.F.);
#1799=CARTESIAN_POINT('',(-3.365,-2.405,-1.6));
#1800=DIRECTION('',(0.707106781186548,0.0,-0.707106781186548));
#1801=DIRECTION('',(0.0,-1.0,0.0));
#1802=ORIENTED_EDGE('',*,*,#3037,.F.);
#1803=ORIENTED_EDGE('',*,*,#2853,.T.);
#1804=ORIENTED_EDGE('',*,*,#3036,.T.);
#1805=ORIENTED_EDGE('',*,*,#3038,.F.);
#1806=ORIENTED_EDGE('',*,*,#3039,.T.);
#1807=CARTESIAN_POINT('',(-2.595,-2.625,-1.6));
#1808=DIRECTION('',(0.0,0.707106781186548,-0.707106781186548));
#1809=DIRECTION('',(-1.0,0.0,0.0));
#1810=ORIENTED_EDGE('',*,*,#3039,.F.);
#1811=ORIENTED_EDGE('',*,*,#3040,.F.);
#1812=ORIENTED_EDGE('',*,*,#2996,.F.);
#1813=ORIENTED_EDGE('',*,*,#3022,.T.);
#1814=ORIENTED_EDGE('',*,*,#3041,.F.);
#1815=CARTESIAN_POINT('',(-2.645,-2.455,-1.6));
#1816=DIRECTION('',(-0.0,0.0,1.0));
#1817=DIRECTION('',(1.0,0.0,0.0));
#1818=ORIENTED_EDGE('',*,*,#3026,.F.);
#1819=ORIENTED_EDGE('',*,*,#2854,.T.);
#1820=ORIENTED_EDGE('',*,*,#3037,.T.);
#1821=ORIENTED_EDGE('',*,*,#3041,.T.);
#1822=ORIENTED_EDGE('',*,*,#3021,.F.);
#1823=CARTESIAN_POINT('',(-2.815,-3.155,-1.6));
#1824=DIRECTION('',(0.707106781186548,0.0,-0.707106781186548));
#1825=DIRECTION('',(0.0,-1.0,0.0));
#1826=ORIENTED_EDGE('',*,*,#3034,.F.);
#1827=ORIENTED_EDGE('',*,*,#2997,.F.);
#1828=ORIENTED_EDGE('',*,*,#3040,.T.);
#1829=ORIENTED_EDGE('',*,*,#3038,.T.);
#1830=CARTESIAN_POINT('',(-2.645,-2.405,-1.6));
#1831=DIRECTION('',(0.0,-1.0,0.0));
#1832=DIRECTION('',(0.0,0.0,-1.0));
#1833=ORIENTED_EDGE('',*,*,#3042,.T.);
#1834=ORIENTED_EDGE('',*,*,#3013,.F.);
#1835=ORIENTED_EDGE('',*,*,#3000,.F.);
#1836=ORIENTED_EDGE('',*,*,#3032,.T.);
#1837=ORIENTED_EDGE('',*,*,#3043,.F.);
#1838=ORIENTED_EDGE('',*,*,#2973,.T.);
#1839=CARTESIAN_POINT('',(-2.645,-2.455,-1.6));
#1840=DIRECTION('',(-0.0,0.0,1.0));
#1841=DIRECTION('',(1.0,0.0,0.0));
#1842=ORIENTED_EDGE('',*,*,#3030,.T.);
#1843=ORIENTED_EDGE('',*,*,#3044,.T.);
#1844=ORIENTED_EDGE('',*,*,#2971,.F.);
#1845=ORIENTED_EDGE('',*,*,#3043,.T.);
#1846=CARTESIAN_POINT('',(-3.145,-2.155,-1.6));
#1847=DIRECTION('',(-0.0,1.0,0.0));
#1848=DIRECTION('',(1.0,0.0,0.0));
#1849=ORIENTED_EDGE('',*,*,#2972,.F.);
#1850=ORIENTED_EDGE('',*,*,#3044,.F.);
#1851=ORIENTED_EDGE('',*,*,#3027,.T.);
#1852=ORIENTED_EDGE('',*,*,#3042,.F.);
#1853=CARTESIAN_POINT('',(-2.345,-2.155,-1.6));
#1854=DIRECTION('',(1.0,0.0,0.0));
#1855=DIRECTION('',(0.0,1.0,0.0));
#1856=ORIENTED_EDGE('',*,*,#3045,.T.);
#1857=ORIENTED_EDGE('',*,*,#2932,.T.);
#1858=ORIENTED_EDGE('',*,*,#3024,.F.);
#1859=ORIENTED_EDGE('',*,*,#2993,.F.);
#1860=CARTESIAN_POINT('',(-2.645,-3.425,-1.6));
#1861=DIRECTION('',(-0.0,0.0,1.0));
#1862=DIRECTION('',(1.0,0.0,0.0));
#1863=ORIENTED_EDGE('',*,*,#3046,.T.);
#1864=ORIENTED_EDGE('',*,*,#3047,.T.);
#1865=ORIENTED_EDGE('',*,*,#3048,.F.);
#1866=ORIENTED_EDGE('',*,*,#2933,.T.);
#1867=ORIENTED_EDGE('',*,*,#3045,.F.);
#1868=ORIENTED_EDGE('',*,*,#2992,.F.);
#1869=CARTESIAN_POINT('',(-3.825,-3.475,-1.6));
#1870=DIRECTION('',(-0.0,1.0,0.0));
#1871=DIRECTION('',(1.0,0.0,0.0));
#1872=ORIENTED_EDGE('',*,*,#3048,.T.);
#1873=ORIENTED_EDGE('',*,*,#3049,.F.);
#1874=ORIENTED_EDGE('',*,*,#3050,.F.);
#1875=ORIENTED_EDGE('',*,*,#2934,.T.);
#1876=CARTESIAN_POINT('',(-3.625,-3.725,0.6));
#1877=DIRECTION('',(-0.707106781186548,0.0,0.707106781186548));
#1878=DIRECTION('',(0.0,1.0,0.0));
#1879=ORIENTED_EDGE('',*,*,#3051,.T.);
#1880=ORIENTED_EDGE('',*,*,#2935,.T.);
#1881=ORIENTED_EDGE('',*,*,#3050,.T.);
#1882=ORIENTED_EDGE('',*,*,#3052,.F.);
#1883=ORIENTED_EDGE('',*,*,#3053,.F.);
#1884=ORIENTED_EDGE('',*,*,#2990,.F.);
#1885=CARTESIAN_POINT('',(-2.645,-3.725,-1.6));
#1886=DIRECTION('',(0.0,-1.0,0.0));
#1887=DIRECTION('',(0.0,0.0,-1.0));
#1888=ORIENTED_EDGE('',*,*,#3053,.T.);
#1889=ORIENTED_EDGE('',*,*,#3054,.T.);
#1890=ORIENTED_EDGE('',*,*,#3046,.F.);
#1891=ORIENTED_EDGE('',*,*,#2991,.F.);
#1892=CARTESIAN_POINT('',(-3.625,-3.725,-1.6));
#1893=DIRECTION('',(0.707106781186548,0.0,0.707106781186548));
#1894=DIRECTION('',(0.0,-1.0,0.0));
#1895=ORIENTED_EDGE('',*,*,#3052,.T.);
#1896=ORIENTED_EDGE('',*,*,#3049,.T.);
#1897=ORIENTED_EDGE('',*,*,#3047,.F.);
#1898=ORIENTED_EDGE('',*,*,#3054,.F.);
#1899=CARTESIAN_POINT('',(-3.825,-3.725,-1.6));
#1900=DIRECTION('',(-1.0,0.0,0.0));
#1901=DIRECTION('',(0.0,0.0,1.0));
#1902=ORIENTED_EDGE('',*,*,#3011,.T.);
#1903=ORIENTED_EDGE('',*,*,#2936,.T.);
#1904=ORIENTED_EDGE('',*,*,#3051,.F.);
#1905=ORIENTED_EDGE('',*,*,#2989,.F.);
#1906=CARTESIAN_POINT('',(-2.645,-3.425,-1.6));
#1907=DIRECTION('',(-0.0,0.0,1.0));
#1908=DIRECTION('',(1.0,0.0,0.0));
#1909=ORIENTED_EDGE('',*,*,#3018,.T.);
#1910=ORIENTED_EDGE('',*,*,#3055,.T.);
#1911=ORIENTED_EDGE('',*,*,#3056,.F.);
#1912=ORIENTED_EDGE('',*,*,#2856,.F.);
#1913=CARTESIAN_POINT('',(-3.325,-3.375,-1.6));
#1914=DIRECTION('',(-0.707106781186548,-0.707106781186548,0.0));
#1915=DIRECTION('',(-0.707106781186548,0.707106781186548,0.0));
#1916=ORIENTED_EDGE('',*,*,#3056,.T.);
#1917=ORIENTED_EDGE('',*,*,#3057,.T.);
#1918=ORIENTED_EDGE('',*,*,#3058,.F.);
#1919=ORIENTED_EDGE('',*,*,#2857,.F.);
#1920=CARTESIAN_POINT('',(-3.625,-3.075,-1.6));
#1921=DIRECTION('',(-1.0,0.0,0.0));
#1922=DIRECTION('',(0.0,0.0,1.0));
#1923=ORIENTED_EDGE('',*,*,#3058,.T.);
#1924=ORIENTED_EDGE('',*,*,#3059,.T.);
#1925=ORIENTED_EDGE('',*,*,#3060,.F.);
#1926=ORIENTED_EDGE('',*,*,#2858,.F.);
#1927=CARTESIAN_POINT('',(-3.625,-1.075,-1.6));
#1928=DIRECTION('',(-0.0,1.0,0.0));
#1929=DIRECTION('',(1.0,0.0,0.0));
#1930=ORIENTED_EDGE('',*,*,#2859,.F.);
#1931=ORIENTED_EDGE('',*,*,#3060,.T.);
#1932=ORIENTED_EDGE('',*,*,#3061,.T.);
#1933=ORIENTED_EDGE('',*,*,#2873,.F.);
#1934=CARTESIAN_POINT('',(-2.325,-1.075,-1.6));
#1935=DIRECTION('',(-0.707106781186548,0.707106781186548,0.0));
#1936=DIRECTION('',(0.0,0.0,1.0));
#1937=ORIENTED_EDGE('',*,*,#3061,.F.);
#1938=ORIENTED_EDGE('',*,*,#3059,.F.);
#1939=ORIENTED_EDGE('',*,*,#3057,.F.);
#1940=ORIENTED_EDGE('',*,*,#3055,.F.);
#1941=ORIENTED_EDGE('',*,*,#3017,.F.);
#1942=ORIENTED_EDGE('',*,*,#2874,.F.);
#1943=CARTESIAN_POINT('',(2.125,-3.675,1.2));
#1944=DIRECTION('',(0.0,0.0,-1.0));
#1945=DIRECTION('',(0.0,-1.0,0.0));
#1946=ORIENTED_EDGE('',*,*,#2920,.F.);
#1947=ORIENTED_EDGE('',*,*,#2916,.F.);
#1948=ORIENTED_EDGE('',*,*,#2914,.F.);
#1949=ORIENTED_EDGE('',*,*,#2912,.F.);
#1950=ORIENTED_EDGE('',*,*,#2910,.F.);
#1951=ORIENTED_EDGE('',*,*,#2908,.T.);
#1952=CARTESIAN_POINT('',(2.125,-3.675,1.2));
#1953=DIRECTION('',(0.0,0.0,-1.0));
#1954=DIRECTION('',(0.0,-1.0,0.0));
#1955=ORIENTED_EDGE('',*,*,#2946,.F.);
#1956=ORIENTED_EDGE('',*,*,#2919,.T.);
#1957=ORIENTED_EDGE('',*,*,#2939,.F.);
#1958=CARTESIAN_POINT('',(2.595,-3.375,-1.6));
#1959=DIRECTION('',(0.0,0.707106781186548,-0.707106781186548));
#1960=DIRECTION('',(-1.0,0.0,0.0));
#1961=ORIENTED_EDGE('',*,*,#2921,.T.);
#1962=ORIENTED_EDGE('',*,*,#2976,.T.);
#1963=ORIENTED_EDGE('',*,*,#2981,.T.);
#1964=CARTESIAN_POINT('',(2.595,-3.375,-1.6));
#1965=DIRECTION('',(0.0,0.707106781186548,-0.707106781186548));
#1966=DIRECTION('',(-1.0,0.0,0.0));
#1967=ORIENTED_EDGE('',*,*,#3062,.F.);
#1968=ORIENTED_EDGE('',*,*,#3063,.F.);
#1969=ORIENTED_EDGE('',*,*,#2880,.F.);
#1970=ORIENTED_EDGE('',*,*,#3064,.T.);
#1971=CARTESIAN_POINT('',(0.0,-3.675,0.0));
#1972=DIRECTION('',(-0.0,1.0,0.0));
#1973=DIRECTION('',(1.0,0.0,0.0));
#1974=ORIENTED_EDGE('',*,*,#2902,.F.);
#1975=ORIENTED_EDGE('',*,*,#3065,.F.);
#1976=ORIENTED_EDGE('',*,*,#3066,.T.);
#1977=ORIENTED_EDGE('',*,*,#3067,.T.);
#1978=CARTESIAN_POINT('',(0.0,-3.675,0.0));
#1979=DIRECTION('',(-0.0,1.0,0.0));
#1980=DIRECTION('',(1.0,0.0,0.0));
#1981=ORIENTED_EDGE('',*,*,#2876,.F.);
#1982=ORIENTED_EDGE('',*,*,#2848,.F.);
#1983=ORIENTED_EDGE('',*,*,#3068,.F.);
#1984=ORIENTED_EDGE('',*,*,#3069,.F.);
#1985=CARTESIAN_POINT('',(0.0,-3.675,0.0));
#1986=DIRECTION('',(-0.0,1.0,0.0));
#1987=DIRECTION('',(1.0,0.0,0.0));
#1988=ORIENTED_EDGE('',*,*,#3070,.T.);
#1989=ORIENTED_EDGE('',*,*,#2836,.F.);
#1990=ORIENTED_EDGE('',*,*,#2906,.F.);
#1991=ORIENTED_EDGE('',*,*,#3071,.F.);
#1992=CARTESIAN_POINT('',(0.0,-3.675,0.0));
#1993=DIRECTION('',(-0.0,1.0,0.0));
#1994=DIRECTION('',(1.0,0.0,0.0));
#1995=ORIENTED_EDGE('',*,*,#2879,.T.);
#1996=ORIENTED_EDGE('',*,*,#3072,.T.);
#1997=ORIENTED_EDGE('',*,*,#3073,.F.);
#1998=ORIENTED_EDGE('',*,*,#3064,.F.);
#1999=CARTESIAN_POINT('',(-2.125,-3.525,1.2));
#2000=DIRECTION('',(0.0,0.0,1.0));
#2001=DIRECTION('',(1.0,0.0,0.0));
#2002=ORIENTED_EDGE('',*,*,#3074,.T.);
#2003=ORIENTED_EDGE('',*,*,#3075,.T.);
#2004=ORIENTED_EDGE('',*,*,#2903,.F.);
#2005=ORIENTED_EDGE('',*,*,#3067,.F.);
#2006=CARTESIAN_POINT('',(-2.125,-3.525,1.2));
#2007=DIRECTION('',(0.0,0.0,1.0));
#2008=DIRECTION('',(1.0,0.0,0.0));
#2009=ORIENTED_EDGE('',*,*,#3076,.F.);
#2010=ORIENTED_EDGE('',*,*,#3077,.F.);
#2011=ORIENTED_EDGE('',*,*,#3068,.T.);
#2012=ORIENTED_EDGE('',*,*,#2847,.T.);
#2013=ORIENTED_EDGE('',*,*,#3078,.T.);
#2014=ORIENTED_EDGE('',*,*,#3079,.F.);
#2015=ORIENTED_EDGE('',*,*,#3062,.T.);
#2016=ORIENTED_EDGE('',*,*,#3073,.T.);
#2017=CARTESIAN_POINT('',(-1.725,-3.475,-1.6));
#2018=DIRECTION('',(-1.0,0.0,0.0));
#2019=DIRECTION('',(0.0,0.0,1.0));
#2020=ORIENTED_EDGE('',*,*,#3080,.T.);
#2021=ORIENTED_EDGE('',*,*,#3081,.T.);
#2022=ORIENTED_EDGE('',*,*,#3082,.F.);
#2023=ORIENTED_EDGE('',*,*,#3083,.T.);
#2024=ORIENTED_EDGE('',*,*,#3084,.T.);
#2025=ORIENTED_EDGE('',*,*,#3085,.T.);
#2026=ORIENTED_EDGE('',*,*,#3086,.F.);
#2027=ORIENTED_EDGE('',*,*,#3087,.F.);
#2028=ORIENTED_EDGE('',*,*,#3065,.T.);
#2029=ORIENTED_EDGE('',*,*,#2901,.T.);
#2030=ORIENTED_EDGE('',*,*,#2748,.F.);
#2031=ORIENTED_EDGE('',*,*,#2881,.F.);
#2032=ORIENTED_EDGE('',*,*,#3063,.T.);
#2033=ORIENTED_EDGE('',*,*,#3079,.T.);
#2034=ORIENTED_EDGE('',*,*,#3088,.F.);
#2035=ORIENTED_EDGE('',*,*,#3089,.T.);
#2036=CARTESIAN_POINT('',(-2.125,-3.675,2.1));
#2037=DIRECTION('',(0.0,0.0,1.0));
#2038=DIRECTION('',(1.0,0.0,0.0));
#2039=ORIENTED_EDGE('',*,*,#3090,.F.);
#2040=ORIENTED_EDGE('',*,*,#2845,.T.);
#2041=ORIENTED_EDGE('',*,*,#3091,.T.);
#2042=ORIENTED_EDGE('',*,*,#3089,.F.);
#2043=CARTESIAN_POINT('',(-1.05,-3.475,-1.6));
#2044=DIRECTION('',(-1.0,0.0,0.0));
#2045=DIRECTION('',(0.0,0.0,1.0));
#2046=ORIENTED_EDGE('',*,*,#3091,.F.);
#2047=ORIENTED_EDGE('',*,*,#2844,.T.);
#2048=ORIENTED_EDGE('',*,*,#3092,.T.);
#2049=ORIENTED_EDGE('',*,*,#3080,.F.);
#2050=ORIENTED_EDGE('',*,*,#3093,.F.);
#2051=ORIENTED_EDGE('',*,*,#3094,.F.);
#2052=ORIENTED_EDGE('',*,*,#3095,.T.);
#2053=ORIENTED_EDGE('',*,*,#3096,.T.);
#2054=CARTESIAN_POINT('',(-1.05,-3.075,-1.6));
#2055=DIRECTION('',(-0.0,1.0,0.0));
#2056=DIRECTION('',(1.0,0.0,0.0));
#2057=ORIENTED_EDGE('',*,*,#3092,.F.);
#2058=ORIENTED_EDGE('',*,*,#2843,.T.);
#2059=ORIENTED_EDGE('',*,*,#3097,.T.);
#2060=ORIENTED_EDGE('',*,*,#3081,.F.);
#2061=CARTESIAN_POINT('',(-0.2,-3.075,-1.6));
#2062=DIRECTION('',(1.0,0.0,0.0));
#2063=DIRECTION('',(0.0,1.0,0.0));
#2064=ORIENTED_EDGE('',*,*,#2838,.F.);
#2065=ORIENTED_EDGE('',*,*,#3098,.T.);
#2066=ORIENTED_EDGE('',*,*,#3086,.T.);
#2067=ORIENTED_EDGE('',*,*,#3099,.F.);
#2068=CARTESIAN_POINT('',(1.725,-3.475,-1.6));
#2069=DIRECTION('',(-0.0,1.0,0.0));
#2070=DIRECTION('',(1.0,0.0,0.0));
#2071=ORIENTED_EDGE('',*,*,#3088,.T.);
#2072=ORIENTED_EDGE('',*,*,#3078,.F.);
#2073=ORIENTED_EDGE('',*,*,#2846,.F.);
#2074=ORIENTED_EDGE('',*,*,#3090,.T.);
#2075=CARTESIAN_POINT('',(1.725,-3.475,-1.6));
#2076=DIRECTION('',(-0.0,1.0,0.0));
#2077=DIRECTION('',(1.0,0.0,0.0));
#2078=ORIENTED_EDGE('',*,*,#2842,.F.);
#2079=ORIENTED_EDGE('',*,*,#3100,.T.);
#2080=ORIENTED_EDGE('',*,*,#3082,.T.);
#2081=ORIENTED_EDGE('',*,*,#3097,.F.);
#2082=CARTESIAN_POINT('',(1.725,-3.475,-1.6));
#2083=DIRECTION('',(-0.0,1.0,0.0));
#2084=DIRECTION('',(1.0,0.0,0.0));
#2085=ORIENTED_EDGE('',*,*,#3101,.F.);
#2086=ORIENTED_EDGE('',*,*,#2839,.T.);
#2087=ORIENTED_EDGE('',*,*,#3099,.T.);
#2088=ORIENTED_EDGE('',*,*,#3085,.F.);
#2089=CARTESIAN_POINT('',(1.05,-3.075,-1.6));
#2090=DIRECTION('',(1.0,0.0,0.0));
#2091=DIRECTION('',(0.0,1.0,0.0));
#2092=ORIENTED_EDGE('',*,*,#3102,.F.);
#2093=ORIENTED_EDGE('',*,*,#2840,.T.);
#2094=ORIENTED_EDGE('',*,*,#3101,.T.);
#2095=ORIENTED_EDGE('',*,*,#3084,.F.);
#2096=ORIENTED_EDGE('',*,*,#3103,.F.);
#2097=ORIENTED_EDGE('',*,*,#3104,.F.);
#2098=ORIENTED_EDGE('',*,*,#3105,.T.);
#2099=ORIENTED_EDGE('',*,*,#3106,.T.);
#2100=CARTESIAN_POINT('',(0.2,-3.075,-1.6));
#2101=DIRECTION('',(-0.0,1.0,0.0));
#2102=DIRECTION('',(1.0,0.0,0.0));
#2103=ORIENTED_EDGE('',*,*,#3100,.F.);
#2104=ORIENTED_EDGE('',*,*,#2841,.T.);
#2105=ORIENTED_EDGE('',*,*,#3102,.T.);
#2106=ORIENTED_EDGE('',*,*,#3083,.F.);
#2107=CARTESIAN_POINT('',(0.2,-3.475,-1.6));
#2108=DIRECTION('',(-1.0,0.0,0.0));
#2109=DIRECTION('',(0.0,0.0,1.0));
#2110=ORIENTED_EDGE('',*,*,#3107,.T.);
#2111=ORIENTED_EDGE('',*,*,#3108,.T.);
#2112=ORIENTED_EDGE('',*,*,#3109,.T.);
#2113=ORIENTED_EDGE('',*,*,#3110,.T.);
#2114=ORIENTED_EDGE('',*,*,#3111,.T.);
#2115=ORIENTED_EDGE('',*,*,#3112,.T.);
#2116=ORIENTED_EDGE('',*,*,#3113,.T.);
#2117=ORIENTED_EDGE('',*,*,#3114,.T.);
#2118=ORIENTED_EDGE('',*,*,#3115,.T.);
#2119=ORIENTED_EDGE('',*,*,#3106,.F.);
#2120=CARTESIAN_POINT('',(0.785,-1.1,-0.475));
#2121=DIRECTION('',(1.0,0.0,0.0));
#2122=DIRECTION('',(0.0,1.0,0.0));
#2123=ORIENTED_EDGE('',*,*,#3115,.F.);
#2124=ORIENTED_EDGE('',*,*,#3116,.T.);
#2125=ORIENTED_EDGE('',*,*,#3117,.T.);
#2126=ORIENTED_EDGE('',*,*,#3103,.T.);
#2127=CARTESIAN_POINT('',(0.785,-3.525,-0.9));
#2128=DIRECTION('',(0.0,0.0,-1.0));
#2129=DIRECTION('',(0.0,-1.0,0.0));
#2130=ORIENTED_EDGE('',*,*,#3104,.T.);
#2131=ORIENTED_EDGE('',*,*,#3117,.F.);
#2132=ORIENTED_EDGE('',*,*,#3118,.F.);
#2133=ORIENTED_EDGE('',*,*,#3119,.F.);
#2134=ORIENTED_EDGE('',*,*,#3120,.F.);
#2135=ORIENTED_EDGE('',*,*,#3121,.F.);
#2136=ORIENTED_EDGE('',*,*,#3122,.F.);
#2137=ORIENTED_EDGE('',*,*,#3123,.F.);
#2138=ORIENTED_EDGE('',*,*,#3124,.F.);
#2139=ORIENTED_EDGE('',*,*,#3125,.F.);
#2140=CARTESIAN_POINT('',(0.465,-1.1,-0.475));
#2141=DIRECTION('',(1.0,0.0,0.0));
#2142=DIRECTION('',(0.0,1.0,0.0));
#2143=ORIENTED_EDGE('',*,*,#3125,.T.);
#2144=ORIENTED_EDGE('',*,*,#3126,.F.);
#2145=ORIENTED_EDGE('',*,*,#3107,.F.);
#2146=ORIENTED_EDGE('',*,*,#3105,.F.);
#2147=CARTESIAN_POINT('',(0.785,-3.075,1.57));
#2148=DIRECTION('',(0.0,0.866025403784429,0.500000000000017));
#2149=DIRECTION('',(1.0,0.0,-0.0));
#2150=ORIENTED_EDGE('',*,*,#3126,.T.);
#2151=ORIENTED_EDGE('',*,*,#3124,.T.);
#2152=ORIENTED_EDGE('',*,*,#3127,.F.);
#2153=ORIENTED_EDGE('',*,*,#3108,.F.);
#2154=CARTESIAN_POINT('',(0.785,-3.325,2.003012701892));
#2155=DIRECTION('',(-0.0,1.0,0.0));
#2156=DIRECTION('',(1.0,0.0,0.0));
#2157=ORIENTED_EDGE('',*,*,#3127,.T.);
#2158=ORIENTED_EDGE('',*,*,#3123,.T.);
#2159=ORIENTED_EDGE('',*,*,#3128,.F.);
#2160=ORIENTED_EDGE('',*,*,#3109,.F.);
#2161=CARTESIAN_POINT('',(0.785,-3.325,2.5));
#2162=DIRECTION('',(0.0,0.707106781186548,0.707106781186548));
#2163=DIRECTION('',(1.0,0.0,-0.0));
#2164=ORIENTED_EDGE('',*,*,#3128,.T.);
#2165=ORIENTED_EDGE('',*,*,#3122,.T.);
#2166=ORIENTED_EDGE('',*,*,#3129,.F.);
#2167=ORIENTED_EDGE('',*,*,#3110,.F.);
#2168=CARTESIAN_POINT('',(0.785,-3.425,2.6));
#2169=DIRECTION('',(0.0,0.0,1.0));
#2170=DIRECTION('',(1.0,0.0,0.0));
#2171=ORIENTED_EDGE('',*,*,#3129,.T.);
#2172=ORIENTED_EDGE('',*,*,#3121,.T.);
#2173=ORIENTED_EDGE('',*,*,#3130,.F.);
#2174=ORIENTED_EDGE('',*,*,#3111,.F.);
#2175=CARTESIAN_POINT('',(0.785,-3.675,2.6));
#2176=DIRECTION('',(0.0,-0.707106781186548,0.707106781186548));
#2177=DIRECTION('',(-1.0,0.0,0.0));
#2178=ORIENTED_EDGE('',*,*,#3130,.T.);
#2179=ORIENTED_EDGE('',*,*,#3120,.T.);
#2180=ORIENTED_EDGE('',*,*,#3131,.F.);
#2181=ORIENTED_EDGE('',*,*,#3112,.F.);
#2182=CARTESIAN_POINT('',(0.785,-3.775,2.5));
#2183=DIRECTION('',(0.0,-1.0,0.0));
#2184=DIRECTION('',(0.0,0.0,-1.0));
#2185=ORIENTED_EDGE('',*,*,#3131,.T.);
#2186=ORIENTED_EDGE('',*,*,#3119,.T.);
#2187=ORIENTED_EDGE('',*,*,#3132,.F.);
#2188=ORIENTED_EDGE('',*,*,#3113,.F.);
#2189=CARTESIAN_POINT('',(0.785,-3.775,2.0));
#2190=DIRECTION('',(0.0,-0.866025403784429,-0.500000000000017));
#2191=DIRECTION('',(0.0,0.500000000000017,-0.866025403784429));
#2192=ORIENTED_EDGE('',*,*,#3132,.T.);
#2193=ORIENTED_EDGE('',*,*,#3118,.T.);
#2194=ORIENTED_EDGE('',*,*,#3116,.F.);
#2195=ORIENTED_EDGE('',*,*,#3114,.F.);
#2196=CARTESIAN_POINT('',(0.785,-3.525,1.566987298108));
#2197=DIRECTION('',(0.0,-1.0,0.0));
#2198=DIRECTION('',(0.0,0.0,-1.0));
#2199=ORIENTED_EDGE('',*,*,#3066,.F.);
#2200=ORIENTED_EDGE('',*,*,#3087,.T.);
#2201=ORIENTED_EDGE('',*,*,#3098,.F.);
#2202=ORIENTED_EDGE('',*,*,#2837,.F.);
#2203=ORIENTED_EDGE('',*,*,#3070,.F.);
#2204=ORIENTED_EDGE('',*,*,#3133,.T.);
#2205=ORIENTED_EDGE('',*,*,#3134,.T.);
#2206=ORIENTED_EDGE('',*,*,#3074,.F.);
#2207=CARTESIAN_POINT('',(1.725,-3.675,-1.6));
#2208=DIRECTION('',(1.0,0.0,0.0));
#2209=DIRECTION('',(0.0,1.0,0.0));
#2210=ORIENTED_EDGE('',*,*,#3135,.T.);
#2211=ORIENTED_EDGE('',*,*,#3076,.T.);
#2212=ORIENTED_EDGE('',*,*,#3072,.F.);
#2213=ORIENTED_EDGE('',*,*,#2878,.F.);
#2214=CARTESIAN_POINT('',(-2.125,-3.525,-0.9));
#2215=DIRECTION('',(-0.0,1.0,0.0));
#2216=DIRECTION('',(1.0,0.0,0.0));
#2217=ORIENTED_EDGE('',*,*,#3075,.F.);
#2218=ORIENTED_EDGE('',*,*,#3134,.F.);
#2219=ORIENTED_EDGE('',*,*,#3136,.T.);
#2220=ORIENTED_EDGE('',*,*,#2904,.T.);
#2221=CARTESIAN_POINT('',(-2.125,-3.525,-0.9));
#2222=DIRECTION('',(-0.0,1.0,0.0));
#2223=DIRECTION('',(1.0,0.0,0.0));
#2224=ORIENTED_EDGE('',*,*,#3077,.T.);
#2225=ORIENTED_EDGE('',*,*,#3135,.F.);
#2226=ORIENTED_EDGE('',*,*,#2877,.F.);
#2227=ORIENTED_EDGE('',*,*,#3069,.T.);
#2228=CARTESIAN_POINT('',(-2.125,-3.675,-0.9));
#2229=DIRECTION('',(0.0,0.0,-1.0));
#2230=DIRECTION('',(0.0,-1.0,0.0));
#2231=ORIENTED_EDGE('',*,*,#2905,.T.);
#2232=ORIENTED_EDGE('',*,*,#3136,.F.);
#2233=ORIENTED_EDGE('',*,*,#3133,.F.);
#2234=ORIENTED_EDGE('',*,*,#3071,.T.);
#2235=CARTESIAN_POINT('',(-2.125,-3.675,-0.9));
#2236=DIRECTION('',(0.0,0.0,-1.0));
#2237=DIRECTION('',(0.0,-1.0,0.0));
#2238=ORIENTED_EDGE('',*,*,#3137,.T.);
#2239=ORIENTED_EDGE('',*,*,#3138,.T.);
#2240=ORIENTED_EDGE('',*,*,#3139,.T.);
#2241=ORIENTED_EDGE('',*,*,#3140,.T.);
#2242=ORIENTED_EDGE('',*,*,#3141,.T.);
#2243=ORIENTED_EDGE('',*,*,#3142,.T.);
#2244=ORIENTED_EDGE('',*,*,#3143,.T.);
#2245=ORIENTED_EDGE('',*,*,#3144,.T.);
#2246=ORIENTED_EDGE('',*,*,#3145,.T.);
#2247=ORIENTED_EDGE('',*,*,#3096,.F.);
#2248=CARTESIAN_POINT('',(-0.465,-1.1,-0.475));
#2249=DIRECTION('',(1.0,0.0,0.0));
#2250=DIRECTION('',(0.0,1.0,0.0));
#2251=ORIENTED_EDGE('',*,*,#3145,.F.);
#2252=ORIENTED_EDGE('',*,*,#3146,.T.);
#2253=ORIENTED_EDGE('',*,*,#3147,.T.);
#2254=ORIENTED_EDGE('',*,*,#3093,.T.);
#2255=CARTESIAN_POINT('',(-0.465,-3.525,-0.9));
#2256=DIRECTION('',(0.0,0.0,-1.0));
#2257=DIRECTION('',(0.0,-1.0,0.0));
#2258=ORIENTED_EDGE('',*,*,#3094,.T.);
#2259=ORIENTED_EDGE('',*,*,#3147,.F.);
#2260=ORIENTED_EDGE('',*,*,#3148,.F.);
#2261=ORIENTED_EDGE('',*,*,#3149,.F.);
#2262=ORIENTED_EDGE('',*,*,#3150,.F.);
#2263=ORIENTED_EDGE('',*,*,#3151,.F.);
#2264=ORIENTED_EDGE('',*,*,#3152,.F.);
#2265=ORIENTED_EDGE('',*,*,#3153,.F.);
#2266=ORIENTED_EDGE('',*,*,#3154,.F.);
#2267=ORIENTED_EDGE('',*,*,#3155,.F.);
#2268=CARTESIAN_POINT('',(-0.785,-1.1,-0.475));
#2269=DIRECTION('',(1.0,0.0,0.0));
#2270=DIRECTION('',(0.0,1.0,0.0));
#2271=ORIENTED_EDGE('',*,*,#3155,.T.);
#2272=ORIENTED_EDGE('',*,*,#3156,.F.);
#2273=ORIENTED_EDGE('',*,*,#3137,.F.);
#2274=ORIENTED_EDGE('',*,*,#3095,.F.);
#2275=CARTESIAN_POINT('',(-0.465,-3.075,1.57));
#2276=DIRECTION('',(0.0,0.866025403784429,0.500000000000017));
#2277=DIRECTION('',(1.0,0.0,-0.0));
#2278=ORIENTED_EDGE('',*,*,#3156,.T.);
#2279=ORIENTED_EDGE('',*,*,#3154,.T.);
#2280=ORIENTED_EDGE('',*,*,#3157,.F.);
#2281=ORIENTED_EDGE('',*,*,#3138,.F.);
#2282=CARTESIAN_POINT('',(-0.465,-3.325,2.003012701892));
#2283=DIRECTION('',(-0.0,1.0,0.0));
#2284=DIRECTION('',(1.0,0.0,0.0));
#2285=ORIENTED_EDGE('',*,*,#3157,.T.);
#2286=ORIENTED_EDGE('',*,*,#3153,.T.);
#2287=ORIENTED_EDGE('',*,*,#3158,.F.);
#2288=ORIENTED_EDGE('',*,*,#3139,.F.);
#2289=CARTESIAN_POINT('',(-0.465,-3.325,2.5));
#2290=DIRECTION('',(0.0,0.707106781186548,0.707106781186548));
#2291=DIRECTION('',(1.0,0.0,-0.0));
#2292=ORIENTED_EDGE('',*,*,#3158,.T.);
#2293=ORIENTED_EDGE('',*,*,#3152,.T.);
#2294=ORIENTED_EDGE('',*,*,#3159,.F.);
#2295=ORIENTED_EDGE('',*,*,#3140,.F.);
#2296=CARTESIAN_POINT('',(-0.465,-3.425,2.6));
#2297=DIRECTION('',(0.0,0.0,1.0));
#2298=DIRECTION('',(1.0,0.0,0.0));
#2299=ORIENTED_EDGE('',*,*,#3159,.T.);
#2300=ORIENTED_EDGE('',*,*,#3151,.T.);
#2301=ORIENTED_EDGE('',*,*,#3160,.F.);
#2302=ORIENTED_EDGE('',*,*,#3141,.F.);
#2303=CARTESIAN_POINT('',(-0.465,-3.675,2.6));
#2304=DIRECTION('',(0.0,-0.707106781186548,0.707106781186548));
#2305=DIRECTION('',(-1.0,0.0,0.0));
#2306=ORIENTED_EDGE('',*,*,#3160,.T.);
#2307=ORIENTED_EDGE('',*,*,#3150,.T.);
#2308=ORIENTED_EDGE('',*,*,#3161,.F.);
#2309=ORIENTED_EDGE('',*,*,#3142,.F.);
#2310=CARTESIAN_POINT('',(-0.465,-3.775,2.5));
#2311=DIRECTION('',(0.0,-1.0,0.0));
#2312=DIRECTION('',(0.0,0.0,-1.0));
#2313=ORIENTED_EDGE('',*,*,#3161,.T.);
#2314=ORIENTED_EDGE('',*,*,#3149,.T.);
#2315=ORIENTED_EDGE('',*,*,#3162,.F.);
#2316=ORIENTED_EDGE('',*,*,#3143,.F.);
#2317=CARTESIAN_POINT('',(-0.465,-3.775,2.0));
#2318=DIRECTION('',(0.0,-0.866025403784429,-0.500000000000017));
#2319=DIRECTION('',(0.0,0.500000000000017,-0.866025403784429));
#2320=ORIENTED_EDGE('',*,*,#3162,.T.);
#2321=ORIENTED_EDGE('',*,*,#3148,.T.);
#2322=ORIENTED_EDGE('',*,*,#3146,.F.);
#2323=ORIENTED_EDGE('',*,*,#3144,.F.);
#2324=CARTESIAN_POINT('',(-0.465,-3.525,1.566987298108));
#2325=DIRECTION('',(0.0,-1.0,0.0));
#2326=DIRECTION('',(0.0,0.0,-1.0));
#2327=ORIENTED_EDGE('',*,*,#3163,.T.);
#2328=ORIENTED_EDGE('',*,*,#2750,.F.);
#2329=ORIENTED_EDGE('',*,*,#2900,.F.);
#2330=ORIENTED_EDGE('',*,*,#3164,.F.);
#2331=CARTESIAN_POINT('',(2.125,0.975,1.8));
#2332=DIRECTION('',(0.0,0.0,-1.0));
#2333=DIRECTION('',(0.0,-1.0,0.0));
#2334=ORIENTED_EDGE('',*,*,#2899,.F.);
#2335=ORIENTED_EDGE('',*,*,#2889,.F.);
#2336=ORIENTED_EDGE('',*,*,#3165,.T.);
#2337=ORIENTED_EDGE('',*,*,#3166,.F.);
#2338=ORIENTED_EDGE('',*,*,#3167,.F.);
#2339=ORIENTED_EDGE('',*,*,#3164,.T.);
#2340=CARTESIAN_POINT('',(1.175,-0.025,1.8));
#2341=DIRECTION('',(0.0,-1.0,0.0));
#2342=DIRECTION('',(0.0,0.0,-1.0));
#2343=ORIENTED_EDGE('',*,*,#3168,.F.);
#2344=ORIENTED_EDGE('',*,*,#3169,.T.);
#2345=ORIENTED_EDGE('',*,*,#2751,.F.);
#2346=ORIENTED_EDGE('',*,*,#3163,.F.);
#2347=ORIENTED_EDGE('',*,*,#3167,.T.);
#2348=CARTESIAN_POINT('',(1.175,0.975,1.8));
#2349=DIRECTION('',(1.0,0.0,0.0));
#2350=DIRECTION('',(0.0,1.0,0.0));
#2351=ORIENTED_EDGE('',*,*,#3170,.T.);
#2352=ORIENTED_EDGE('',*,*,#2752,.F.);
#2353=ORIENTED_EDGE('',*,*,#3169,.F.);
#2354=ORIENTED_EDGE('',*,*,#3171,.T.);
#2355=CARTESIAN_POINT('',(1.175,0.975,1.2));
#2356=DIRECTION('',(0.0,0.0,1.0));
#2357=DIRECTION('',(1.0,0.0,0.0));
#2358=ORIENTED_EDGE('',*,*,#3168,.T.);
#2359=ORIENTED_EDGE('',*,*,#3166,.T.);
#2360=ORIENTED_EDGE('',*,*,#3172,.F.);
#2361=ORIENTED_EDGE('',*,*,#3171,.F.);
#2362=CARTESIAN_POINT('',(1.175,-0.325,1.2));
#2363=DIRECTION('',(0.0,-0.707106781186548,0.707106781186548));
#2364=DIRECTION('',(-1.0,0.0,0.0));
#2365=ORIENTED_EDGE('',*,*,#2753,.F.);
#2366=ORIENTED_EDGE('',*,*,#3170,.F.);
#2367=ORIENTED_EDGE('',*,*,#3172,.T.);
#2368=ORIENTED_EDGE('',*,*,#3165,.F.);
#2369=ORIENTED_EDGE('',*,*,#2888,.F.);
#2370=ORIENTED_EDGE('',*,*,#3173,.T.);
#2371=ORIENTED_EDGE('',*,*,#3174,.F.);
#2372=CARTESIAN_POINT('',(1.525,0.975,1.2));
#2373=DIRECTION('',(1.0,0.0,0.0));
#2374=DIRECTION('',(0.0,1.0,0.0));
#2375=ORIENTED_EDGE('',*,*,#3175,.T.);
#2376=ORIENTED_EDGE('',*,*,#2808,.T.);
#2377=ORIENTED_EDGE('',*,*,#2757,.F.);
#2378=ORIENTED_EDGE('',*,*,#3176,.T.);
#2379=CARTESIAN_POINT('',(1.525,0.975,1.2));
#2380=DIRECTION('',(1.0,0.0,0.0));
#2381=DIRECTION('',(0.0,1.0,0.0));
#2382=ORIENTED_EDGE('',*,*,#3177,.F.);
#2383=ORIENTED_EDGE('',*,*,#3178,.T.);
#2384=ORIENTED_EDGE('',*,*,#2754,.F.);
#2385=ORIENTED_EDGE('',*,*,#3174,.T.);
#2386=CARTESIAN_POINT('',(1.525,0.975,0.35));
#2387=DIRECTION('',(0.0,0.0,1.0));
#2388=DIRECTION('',(1.0,0.0,0.0));
#2389=ORIENTED_EDGE('',*,*,#3179,.T.);
#2390=ORIENTED_EDGE('',*,*,#2755,.F.);
#2391=ORIENTED_EDGE('',*,*,#3178,.F.);
#2392=ORIENTED_EDGE('',*,*,#2793,.T.);
#2393=CARTESIAN_POINT('',(1.825,0.975,0.35));
#2394=DIRECTION('',(1.0,0.0,0.0));
#2395=DIRECTION('',(0.0,1.0,0.0));
#2396=ORIENTED_EDGE('',*,*,#2756,.F.);
#2397=ORIENTED_EDGE('',*,*,#3179,.F.);
#2398=ORIENTED_EDGE('',*,*,#3180,.T.);
#2399=ORIENTED_EDGE('',*,*,#3176,.F.);
#2400=CARTESIAN_POINT('',(1.825,0.975,-0.4));
#2401=DIRECTION('',(0.0,0.0,-1.0));
#2402=DIRECTION('',(0.0,-1.0,0.0));
#2403=ORIENTED_EDGE('',*,*,#3173,.F.);
#2404=ORIENTED_EDGE('',*,*,#2887,.F.);
#2405=ORIENTED_EDGE('',*,*,#2794,.T.);
#2406=ORIENTED_EDGE('',*,*,#3177,.T.);
#2407=CARTESIAN_POINT('',(1.825,0.975,1.2));
#2408=DIRECTION('',(-0.707106781186548,0.707106781186548,0.0));
#2409=DIRECTION('',(0.0,0.0,1.0));
#2410=ORIENTED_EDGE('',*,*,#2792,.T.);
#2411=ORIENTED_EDGE('',*,*,#2806,.T.);
#2412=ORIENTED_EDGE('',*,*,#3175,.F.);
#2413=ORIENTED_EDGE('',*,*,#3180,.F.);
#2414=CARTESIAN_POINT('',(1.825,0.975,1.2));
#2415=DIRECTION('',(-0.707106781186548,0.707106781186548,0.0));
#2416=DIRECTION('',(0.0,0.0,1.0));
#2417=ORIENTED_EDGE('',*,*,#2798,.F.);
#2418=ORIENTED_EDGE('',*,*,#2823,.T.);
#2419=ORIENTED_EDGE('',*,*,#2819,.F.);
#2420=ORIENTED_EDGE('',*,*,#2809,.F.);
#2421=ORIENTED_EDGE('',*,*,#2807,.F.);
#2422=CARTESIAN_POINT('',(0.2,0.975,-1.6));
#2423=DIRECTION('',(1.0,0.0,0.0));
#2424=DIRECTION('',(0.0,1.0,0.0));
#2425=ORIENTED_EDGE('',*,*,#3181,.F.);
#2426=ORIENTED_EDGE('',*,*,#2811,.T.);
#2427=ORIENTED_EDGE('',*,*,#2818,.T.);
#2428=ORIENTED_EDGE('',*,*,#2822,.F.);
#2429=CARTESIAN_POINT('',(0.5,-0.475,-1.2));
#2430=DIRECTION('',(0.992277876713669,0.0,0.124034734589196));
#2431=DIRECTION('',(0.0,-1.0,0.0));
#2432=ORIENTED_EDGE('',*,*,#3182,.T.);
#2433=ORIENTED_EDGE('',*,*,#2812,.T.);
#2434=ORIENTED_EDGE('',*,*,#3181,.T.);
#2435=ORIENTED_EDGE('',*,*,#2821,.F.);
#2436=CARTESIAN_POINT('',(0.0,-1.625,0.0));
#2437=DIRECTION('',(-0.0,1.0,0.0));
#2438=DIRECTION('',(1.0,0.0,0.0));
#2439=ORIENTED_EDGE('',*,*,#2815,.T.);
#2440=ORIENTED_EDGE('',*,*,#2813,.F.);
#2441=ORIENTED_EDGE('',*,*,#3182,.F.);
#2442=ORIENTED_EDGE('',*,*,#2820,.T.);
#2443=CARTESIAN_POINT('',(-0.55,-0.475,-1.6));
#2444=DIRECTION('',(-0.992277876713669,0.0,0.124034734589196));
#2445=DIRECTION('',(0.0,1.0,0.0));
#2446=ORIENTED_EDGE('',*,*,#3183,.F.);
#2447=ORIENTED_EDGE('',*,*,#3184,.F.);
#2448=ORIENTED_EDGE('',*,*,#3185,.F.);
#2449=ORIENTED_EDGE('',*,*,#2864,.T.);
#2450=CARTESIAN_POINT('',(0.0,-2.25,0.0));
#2451=DIRECTION('',(-0.0,1.0,0.0));
#2452=DIRECTION('',(1.0,0.0,0.0));
#2453=ORIENTED_EDGE('',*,*,#3185,.T.);
#2454=ORIENTED_EDGE('',*,*,#3186,.T.);
#2455=ORIENTED_EDGE('',*,*,#3187,.F.);
#2456=ORIENTED_EDGE('',*,*,#2861,.T.);
#2457=CARTESIAN_POINT('',(0.825,-2.25,-1.6));
#2458=DIRECTION('',(-0.554700196225229,0.0,0.832050294337844));
#2459=DIRECTION('',(0.0,1.0,0.0));
#2460=ORIENTED_EDGE('',*,*,#3187,.T.);
#2461=ORIENTED_EDGE('',*,*,#3188,.T.);
#2462=ORIENTED_EDGE('',*,*,#3189,.T.);
#2463=ORIENTED_EDGE('',*,*,#2862,.F.);
#2464=CARTESIAN_POINT('',(0.0,-2.85,0.0));
#2465=DIRECTION('',(-0.0,1.0,0.0));
#2466=DIRECTION('',(1.0,0.0,0.0));
#2467=ORIENTED_EDGE('',*,*,#3189,.F.);
#2468=ORIENTED_EDGE('',*,*,#3190,.F.);
#2469=ORIENTED_EDGE('',*,*,#3183,.T.);
#2470=ORIENTED_EDGE('',*,*,#2863,.F.);
#2471=CARTESIAN_POINT('',(1.625,-2.25,-1.4));
#2472=DIRECTION('',(1.0,0.0,0.0));
#2473=DIRECTION('',(0.0,1.0,0.0));
#2474=ORIENTED_EDGE('',*,*,#3190,.T.);
#2475=ORIENTED_EDGE('',*,*,#3188,.F.);
#2476=ORIENTED_EDGE('',*,*,#3186,.F.);
#2477=ORIENTED_EDGE('',*,*,#3184,.T.);
#2478=CARTESIAN_POINT('',(1.125,-2.25,-1.4));
#2479=DIRECTION('',(0.0,0.0,1.0));
#2480=DIRECTION('',(1.0,0.0,0.0));
#2481=ORIENTED_EDGE('',*,*,#3191,.F.);
#2482=ORIENTED_EDGE('',*,*,#3192,.F.);
#2483=ORIENTED_EDGE('',*,*,#3193,.F.);
#2484=ORIENTED_EDGE('',*,*,#2868,.T.);
#2485=CARTESIAN_POINT('',(0.0,-2.25,0.0));
#2486=DIRECTION('',(-0.0,1.0,0.0));
#2487=DIRECTION('',(1.0,0.0,0.0));
#2488=ORIENTED_EDGE('',*,*,#3193,.T.);
#2489=ORIENTED_EDGE('',*,*,#3194,.T.);
#2490=ORIENTED_EDGE('',*,*,#3195,.F.);
#2491=ORIENTED_EDGE('',*,*,#2865,.T.);
#2492=CARTESIAN_POINT('',(-0.425,-2.25,-1.6));
#2493=DIRECTION('',(-0.554700196225229,0.0,0.832050294337844));
#2494=DIRECTION('',(0.0,1.0,0.0));
#2495=ORIENTED_EDGE('',*,*,#3195,.T.);
#2496=ORIENTED_EDGE('',*,*,#3196,.T.);
#2497=ORIENTED_EDGE('',*,*,#3197,.T.);
#2498=ORIENTED_EDGE('',*,*,#2866,.F.);
#2499=CARTESIAN_POINT('',(0.0,-2.85,0.0));
#2500=DIRECTION('',(-0.0,1.0,0.0));
#2501=DIRECTION('',(1.0,0.0,0.0));
#2502=ORIENTED_EDGE('',*,*,#3197,.F.);
#2503=ORIENTED_EDGE('',*,*,#3198,.F.);
#2504=ORIENTED_EDGE('',*,*,#3191,.T.);
#2505=ORIENTED_EDGE('',*,*,#2867,.F.);
#2506=CARTESIAN_POINT('',(0.375,-2.25,-1.4));
#2507=DIRECTION('',(1.0,0.0,0.0));
#2508=DIRECTION('',(0.0,1.0,0.0));
#2509=ORIENTED_EDGE('',*,*,#3198,.T.);
#2510=ORIENTED_EDGE('',*,*,#3196,.F.);
#2511=ORIENTED_EDGE('',*,*,#3194,.F.);
#2512=ORIENTED_EDGE('',*,*,#3192,.T.);
#2513=CARTESIAN_POINT('',(-0.125,-2.25,-1.4));
#2514=DIRECTION('',(0.0,0.0,1.0));
#2515=DIRECTION('',(1.0,0.0,0.0));
#2516=ORIENTED_EDGE('',*,*,#3199,.F.);
#2517=ORIENTED_EDGE('',*,*,#3200,.F.);
#2518=ORIENTED_EDGE('',*,*,#3201,.F.);
#2519=ORIENTED_EDGE('',*,*,#2872,.T.);
#2520=CARTESIAN_POINT('',(0.0,-2.25,0.0));
#2521=DIRECTION('',(-0.0,1.0,0.0));
#2522=DIRECTION('',(1.0,0.0,0.0));
#2523=ORIENTED_EDGE('',*,*,#3201,.T.);
#2524=ORIENTED_EDGE('',*,*,#3202,.T.);
#2525=ORIENTED_EDGE('',*,*,#3203,.F.);
#2526=ORIENTED_EDGE('',*,*,#2869,.T.);
#2527=CARTESIAN_POINT('',(-1.675,-2.25,-1.6));
#2528=DIRECTION('',(-0.554700196225229,0.0,0.832050294337844));
#2529=DIRECTION('',(0.0,1.0,0.0));
#2530=ORIENTED_EDGE('',*,*,#3203,.T.);
#2531=ORIENTED_EDGE('',*,*,#3204,.T.);
#2532=ORIENTED_EDGE('',*,*,#3205,.T.);
#2533=ORIENTED_EDGE('',*,*,#2870,.F.);
#2534=CARTESIAN_POINT('',(0.0,-2.85,0.0));
#2535=DIRECTION('',(-0.0,1.0,0.0));
#2536=DIRECTION('',(1.0,0.0,0.0));
#2537=ORIENTED_EDGE('',*,*,#3205,.F.);
#2538=ORIENTED_EDGE('',*,*,#3206,.F.);
#2539=ORIENTED_EDGE('',*,*,#3199,.T.);
#2540=ORIENTED_EDGE('',*,*,#2871,.F.);
#2541=CARTESIAN_POINT('',(-0.875,-2.25,-1.4));
#2542=DIRECTION('',(1.0,0.0,0.0));
#2543=DIRECTION('',(0.0,1.0,0.0));
#2544=ORIENTED_EDGE('',*,*,#3206,.T.);
#2545=ORIENTED_EDGE('',*,*,#3204,.F.);
#2546=ORIENTED_EDGE('',*,*,#3202,.F.);
#2547=ORIENTED_EDGE('',*,*,#3200,.T.);
#2548=CARTESIAN_POINT('',(-1.375,-2.25,-1.4));
#2549=DIRECTION('',(0.0,0.0,1.0));
#2550=DIRECTION('',(1.0,0.0,0.0));
#2551=ORIENTED_EDGE('',*,*,#3207,.T.);
#2552=ORIENTED_EDGE('',*,*,#3208,.F.);
#2553=ORIENTED_EDGE('',*,*,#3209,.F.);
#2554=ORIENTED_EDGE('',*,*,#2767,.T.);
#2555=CARTESIAN_POINT('',(0.465,-1.1,-0.475));
#2556=DIRECTION('',(-1.0,0.0,0.0));
#2557=DIRECTION('',(0.0,0.0,1.0));
#2558=ORIENTED_EDGE('',*,*,#3209,.T.);
#2559=ORIENTED_EDGE('',*,*,#3210,.F.);
#2560=ORIENTED_EDGE('',*,*,#3211,.F.);
#2561=ORIENTED_EDGE('',*,*,#2764,.T.);
#2562=CARTESIAN_POINT('',(0.625,-1.1,-0.875));
#2563=DIRECTION('',(0.0,0.0,-1.0));
#2564=DIRECTION('',(0.0,-1.0,0.0));
#2565=ORIENTED_EDGE('',*,*,#3211,.T.);
#2566=ORIENTED_EDGE('',*,*,#3212,.F.);
#2567=ORIENTED_EDGE('',*,*,#3213,.F.);
#2568=ORIENTED_EDGE('',*,*,#2765,.T.);
#2569=CARTESIAN_POINT('',(0.785,-1.1,-0.475));
#2570=DIRECTION('',(1.0,0.0,0.0));
#2571=DIRECTION('',(0.0,1.0,0.0));
#2572=ORIENTED_EDGE('',*,*,#3213,.T.);
#2573=ORIENTED_EDGE('',*,*,#3214,.F.);
#2574=ORIENTED_EDGE('',*,*,#3207,.F.);
#2575=ORIENTED_EDGE('',*,*,#2766,.T.);
#2576=CARTESIAN_POINT('',(0.625,-1.1,-0.075));
#2577=DIRECTION('',(0.0,0.0,1.0));
#2578=DIRECTION('',(1.0,0.0,0.0));
#2579=ORIENTED_EDGE('',*,*,#3215,.T.);
#2580=ORIENTED_EDGE('',*,*,#3216,.F.);
#2581=ORIENTED_EDGE('',*,*,#3217,.F.);
#2582=ORIENTED_EDGE('',*,*,#3214,.T.);
#2583=CARTESIAN_POINT('',(0.625,0.025,-0.1125));
#2584=DIRECTION('',(0.0,0.148340452930201,0.988936352868304));
#2585=DIRECTION('',(1.0,-0.0,0.0));
#2586=ORIENTED_EDGE('',*,*,#3217,.T.);
#2587=ORIENTED_EDGE('',*,*,#3218,.F.);
#2588=ORIENTED_EDGE('',*,*,#3219,.F.);
#2589=ORIENTED_EDGE('',*,*,#3208,.T.);
#2590=CARTESIAN_POINT('',(0.515,0.025,-0.4625));
#2591=DIRECTION('',(-0.980580675690916,0.196116135138203,0.0));
#2592=DIRECTION('',(0.0,0.0,1.0));
#2593=ORIENTED_EDGE('',*,*,#3219,.T.);
#2594=ORIENTED_EDGE('',*,*,#3220,.F.);
#2595=ORIENTED_EDGE('',*,*,#3221,.F.);
#2596=ORIENTED_EDGE('',*,*,#3210,.T.);
#2597=CARTESIAN_POINT('',(0.625,0.025,-0.8125));
#2598=DIRECTION('',(0.0,0.242535625036309,-0.970142500145338));
#2599=DIRECTION('',(-1.0,0.0,0.0));
#2600=ORIENTED_EDGE('',*,*,#3221,.T.);
#2601=ORIENTED_EDGE('',*,*,#3222,.F.);
#2602=ORIENTED_EDGE('',*,*,#3215,.F.);
#2603=ORIENTED_EDGE('',*,*,#3212,.T.);
#2604=CARTESIAN_POINT('',(0.735,0.025,-0.4625));
#2605=DIRECTION('',(0.980580675690916,0.196116135138203,0.0));
#2606=DIRECTION('',(0.0,0.0,-1.0));
#2607=ORIENTED_EDGE('',*,*,#3216,.T.);
#2608=ORIENTED_EDGE('',*,*,#3222,.T.);
#2609=ORIENTED_EDGE('',*,*,#3220,.T.);
#2610=ORIENTED_EDGE('',*,*,#3218,.T.);
#2611=CARTESIAN_POINT('',(0.0,0.275,0.0));
#2612=DIRECTION('',(-0.0,1.0,0.0));
#2613=DIRECTION('',(1.0,0.0,0.0));
#2614=ORIENTED_EDGE('',*,*,#2742,.T.);
#2615=ORIENTED_EDGE('',*,*,#3223,.F.);
#2616=ORIENTED_EDGE('',*,*,#3224,.F.);
#2617=ORIENTED_EDGE('',*,*,#2770,.T.);
#2618=CARTESIAN_POINT('',(-0.785,-1.1,-0.475));
#2619=DIRECTION('',(-1.0,0.0,0.0));
#2620=DIRECTION('',(0.0,0.0,1.0));
#2621=ORIENTED_EDGE('',*,*,#3224,.T.);
#2622=ORIENTED_EDGE('',*,*,#3225,.F.);
#2623=ORIENTED_EDGE('',*,*,#3226,.F.);
#2624=ORIENTED_EDGE('',*,*,#2768,.T.);
#2625=CARTESIAN_POINT('',(-0.625,-1.1,-0.875));
#2626=DIRECTION('',(0.0,0.0,-1.0));
#2627=DIRECTION('',(0.0,-1.0,0.0));
#2628=ORIENTED_EDGE('',*,*,#3226,.T.);
#2629=ORIENTED_EDGE('',*,*,#3227,.F.);
#2630=ORIENTED_EDGE('',*,*,#2740,.F.);
#2631=ORIENTED_EDGE('',*,*,#2769,.T.);
#2632=CARTESIAN_POINT('',(-0.465,-1.1,-0.475));
#2633=DIRECTION('',(1.0,0.0,0.0));
#2634=DIRECTION('',(0.0,1.0,0.0));
#2635=ORIENTED_EDGE('',*,*,#3228,.T.);
#2636=ORIENTED_EDGE('',*,*,#3229,.F.);
#2637=ORIENTED_EDGE('',*,*,#3230,.F.);
#2638=ORIENTED_EDGE('',*,*,#3227,.T.);
#2639=CARTESIAN_POINT('',(-0.515,0.025,-0.4625));
#2640=DIRECTION('',(0.980580675690916,0.196116135138203,0.0));
#2641=DIRECTION('',(0.0,0.0,-1.0));
#2642=ORIENTED_EDGE('',*,*,#3230,.T.);
#2643=ORIENTED_EDGE('',*,*,#3231,.F.);
#2644=ORIENTED_EDGE('',*,*,#3232,.F.);
#2645=ORIENTED_EDGE('',*,*,#2741,.T.);
#2646=CARTESIAN_POINT('',(-0.625,0.025,-0.1125));
#2647=DIRECTION('',(0.0,0.148340452930201,0.988936352868304));
#2648=DIRECTION('',(1.0,-0.0,0.0));
#2649=ORIENTED_EDGE('',*,*,#3232,.T.);
#2650=ORIENTED_EDGE('',*,*,#3233,.F.);
#2651=ORIENTED_EDGE('',*,*,#3234,.F.);
#2652=ORIENTED_EDGE('',*,*,#3223,.T.);
#2653=CARTESIAN_POINT('',(-0.735,0.025,-0.4625));
#2654=DIRECTION('',(-0.980580675690916,0.196116135138203,0.0));
#2655=DIRECTION('',(0.0,0.0,1.0));
#2656=ORIENTED_EDGE('',*,*,#3234,.T.);
#2657=ORIENTED_EDGE('',*,*,#3235,.F.);
#2658=ORIENTED_EDGE('',*,*,#3228,.F.);
#2659=ORIENTED_EDGE('',*,*,#3225,.T.);
#2660=CARTESIAN_POINT('',(-0.625,0.025,-0.8125));
#2661=DIRECTION('',(0.0,0.242535625036309,-0.970142500145338));
#2662=DIRECTION('',(-1.0,0.0,0.0));
#2663=ORIENTED_EDGE('',*,*,#3231,.T.);
#2664=ORIENTED_EDGE('',*,*,#3229,.T.);
#2665=ORIENTED_EDGE('',*,*,#3235,.T.);
#2666=ORIENTED_EDGE('',*,*,#3233,.T.);
#2667=CARTESIAN_POINT('',(0.0,0.275,0.0));
#2668=DIRECTION('',(-0.0,1.0,0.0));
#2669=DIRECTION('',(1.0,0.0,0.0));
#2670=EDGE_LOOP('',(#3236,#3237,#3238,#3239));
#2671=AXIS2_PLACEMENT_3D('',#3240,#3241,#3242);
#2672=EDGE_LOOP('',(#3243,#3244,#3245,#3246));
#2673=AXIS2_PLACEMENT_3D('',#3247,#3248,#3249);
#2674=EDGE_LOOP('',(#3250,#3251,#3252,#3253));
#2675=AXIS2_PLACEMENT_3D('',#3254,#3255,#3256);
#2676=EDGE_LOOP('',(#3257,#3258,#3259,#3260));
#2677=AXIS2_PLACEMENT_3D('',#3261,#3262,#3263);
#2678=EDGE_LOOP('',(#3264,#3265,#3266,#3267));
#2679=AXIS2_PLACEMENT_3D('',#3268,#3269,#3270);
#2680=EDGE_LOOP('',(#3271,#3272,#3273,#3274));
#2681=AXIS2_PLACEMENT_3D('',#3275,#3276,#3277);
#2682=EDGE_LOOP('',(#3278,#3279,#3280,#3281));
#2683=AXIS2_PLACEMENT_3D('',#3282,#3283,#3284);
#2684=EDGE_LOOP('',(#3285,#3286,#3287,#3288));
#2685=AXIS2_PLACEMENT_3D('',#3289,#3290,#3291);
#2686=EDGE_LOOP('',(#3292,#3293,#3294,#3295));
#2687=AXIS2_PLACEMENT_3D('',#3296,#3297,#3298);
#2688=EDGE_LOOP('',(#3299,#3300,#3301,#3302));
#2689=AXIS2_PLACEMENT_3D('',#3303,#3304,#3305);
#2690=EDGE_LOOP('',(#3306,#3307,#3308,#3309));
#2691=AXIS2_PLACEMENT_3D('',#3310,#3311,#3312);
#2692=EDGE_LOOP('',(#3313,#3314,#3315,#3316));
#2693=AXIS2_PLACEMENT_3D('',#3317,#3318,#3319);
#2694=CARTESIAN_POINT('',(1.025,-3.775,1.6));
#2695=VECTOR('',#3320,1.3);
#2696=CARTESIAN_POINT('',(1.025,-3.775,2.9));
#2697=VECTOR('',#3321,0.8);
#2698=CARTESIAN_POINT('',(0.225,-3.775,2.9));
#2699=VECTOR('',#3322,1.3);
#2700=CARTESIAN_POINT('',(0.225,-3.775,1.6));
#2701=VECTOR('',#3323,0.8);
#2702=CARTESIAN_POINT('',(-0.225,-3.775,1.6));
#2703=VECTOR('',#3324,1.3);
#2704=CARTESIAN_POINT('',(-0.225,-3.775,2.9));
#2705=VECTOR('',#3325,0.8);
#2706=CARTESIAN_POINT('',(-1.025,-3.775,2.9));
#2707=VECTOR('',#3326,1.3);
#2708=CARTESIAN_POINT('',(-1.025,-3.775,1.6));
#2709=VECTOR('',#3327,0.8);
#2710=CARTESIAN_POINT('',(2.125,-3.775,-2.0));
#2711=VECTOR('',#3328,2.1);
#2712=CARTESIAN_POINT('',(4.225,-3.775,-2.0));
#2713=VECTOR('',#3329,3.0);
#2714=CARTESIAN_POINT('',(4.225,-3.775,1.0));
#2715=VECTOR('',#3330,2.1);
#2716=CARTESIAN_POINT('',(2.125,-3.775,1.0));
#2717=VECTOR('',#3331,3.0);
#2718=CARTESIAN_POINT('',(-2.125,-3.775,-2.0));
#2719=VECTOR('',#3332,3.0);
#2720=CARTESIAN_POINT('',(-2.125,-3.775,1.0));
#2721=VECTOR('',#3333,2.1);
#2722=CARTESIAN_POINT('',(-4.225,-3.775,1.0));
#2723=VECTOR('',#3334,3.0);
#2724=CARTESIAN_POINT('',(-4.225,-3.775,-2.0));
#2725=VECTOR('',#3335,2.1);
#2726=CARTESIAN_POINT('',(2.92,-2.15,0.45));
#2727=VECTOR('',#3336,1.3);
#2728=CARTESIAN_POINT('',(2.92,-2.15,-0.85));
#2729=VECTOR('',#3337,0.1625);
#2730=CARTESIAN_POINT('',(2.7575,-2.15,-0.85));
#2731=VECTOR('',#3338,0.2527722136436);
#2732=CARTESIAN_POINT('',(2.595,-2.15,-0.6563830018044));
#2733=VECTOR('',#3339,0.2212766468525);
#2734=CARTESIAN_POINT('',(2.595,-2.15,-0.4351063549519));
#2735=VECTOR('',#3340,0.2527722729959);
#2736=CARTESIAN_POINT('',(2.7575,-2.15,-0.6287234306335));
#2737=VECTOR('',#3341,1.078723430634);
#2738=CARTESIAN_POINT('',(2.7575,-2.15,0.45));
#2739=VECTOR('',#3342,0.1625);
#2740=EDGE_CURVE('',#3343,#3344,#3345,.T.);
#2741=EDGE_CURVE('',#3346,#3344,#3347,.T.);
#2742=EDGE_CURVE('',#3348,#3346,#3349,.T.);
#2743=EDGE_CURVE('',#3348,#3343,#3350,.T.);
#2744=EDGE_CURVE('',#3351,#3352,#3353,.T.);
#2745=EDGE_CURVE('',#3352,#3354,#3355,.T.);
#2746=EDGE_CURVE('',#3354,#3356,#3357,.T.);
#2747=EDGE_CURVE('',#3358,#3356,#3359,.T.);
#2748=EDGE_CURVE('',#3358,#3360,#3361,.T.);
#2749=EDGE_CURVE('',#3360,#3362,#3363,.T.);
#2750=EDGE_CURVE('',#3362,#3364,#3365,.T.);
#2751=EDGE_CURVE('',#3364,#3366,#3367,.T.);
#2752=EDGE_CURVE('',#3366,#3368,#3369,.T.);
#2753=EDGE_CURVE('',#3368,#3370,#3371,.T.);
#2754=EDGE_CURVE('',#3370,#3372,#3373,.T.);
#2755=EDGE_CURVE('',#3372,#3374,#3375,.T.);
#2756=EDGE_CURVE('',#3374,#3376,#3377,.T.);
#2757=EDGE_CURVE('',#3376,#3378,#3379,.T.);
#2758=EDGE_CURVE('',#3378,#3380,#3381,.T.);
#2759=EDGE_CURVE('',#3380,#3382,#3383,.T.);
#2760=EDGE_CURVE('',#3382,#3384,#3385,.T.);
#2761=EDGE_CURVE('',#3384,#3386,#3387,.T.);
#2762=EDGE_CURVE('',#3386,#3388,#3389,.T.);
#2763=EDGE_CURVE('',#3388,#3351,#3390,.T.);
#2764=EDGE_CURVE('',#3391,#3392,#3393,.T.);
#2765=EDGE_CURVE('',#3394,#3391,#3395,.T.);
#2766=EDGE_CURVE('',#3396,#3394,#3397,.T.);
#2767=EDGE_CURVE('',#3392,#3396,#3398,.T.);
#2768=EDGE_CURVE('',#3399,#3400,#3401,.T.);
#2769=EDGE_CURVE('',#3343,#3399,#3402,.T.);
#2770=EDGE_CURVE('',#3400,#3348,#3403,.T.);
#2771=EDGE_CURVE('',#3404,#3380,#3405,.T.);
#2772=EDGE_CURVE('',#3404,#3406,#3407,.T.);
#2773=EDGE_CURVE('',#3382,#3406,#3408,.T.);
#2774=EDGE_CURVE('',#3388,#3409,#3410,.T.);
#2775=EDGE_CURVE('',#3409,#3411,#3412,.T.);
#2776=EDGE_CURVE('',#3411,#3413,#3414,.T.);
#2777=EDGE_CURVE('',#3413,#3415,#3416,.T.);
#2778=EDGE_CURVE('',#3417,#3415,#3418,.T.);
#2779=EDGE_CURVE('',#3417,#3351,#3419,.T.);
#2780=EDGE_CURVE('',#3420,#3406,#3421,.T.);
#2781=EDGE_CURVE('',#3420,#3384,#3422,.T.);
#2782=EDGE_CURVE('',#3423,#3386,#3424,.T.);
#2783=EDGE_CURVE('',#3420,#3423,#3425,.T.);
#2784=EDGE_CURVE('',#3426,#3427,#3428,.T.);
#2785=EDGE_CURVE('',#3427,#3429,#3430,.T.);
#2786=EDGE_CURVE('',#3429,#3431,#3432,.T.);
#2787=EDGE_CURVE('',#3423,#3431,#3433,.T.);
#2788=EDGE_CURVE('',#3434,#3420,#3435,.T.);
#2789=EDGE_CURVE('',#3436,#3434,#3437,.T.);
#2790=EDGE_CURVE('',#3426,#3436,#3438,.T.);
#2791=EDGE_CURVE('',#3439,#3440,#3441,.T.);
#2792=EDGE_CURVE('',#3442,#3439,#3443,.T.);
#2793=EDGE_CURVE('',#3444,#3442,#3445,.T.);
#2794=EDGE_CURVE('',#3446,#3444,#3447,.T.);
#2795=EDGE_CURVE('',#3446,#3448,#3449,.T.);
#2796=EDGE_CURVE('',#3448,#3450,#3451,.T.);
#2797=EDGE_CURVE('',#3450,#3452,#3453,.T.);
#2798=EDGE_CURVE('',#3452,#3440,#3454,.T.);
#2799=EDGE_CURVE('',#3455,#3456,#3457,.T.);
#2800=EDGE_CURVE('',#3456,#3458,#3459,.T.);
#2801=EDGE_CURVE('',#3426,#3458,#3460,.T.);
#2802=EDGE_CURVE('',#3436,#3455,#3461,.T.);
#2803=EDGE_CURVE('',#3434,#3404,#3462,.T.);
#2804=EDGE_CURVE('',#3455,#3404,#3463,.T.);
#2805=EDGE_CURVE('',#3464,#3465,#3466,.T.);
#2806=EDGE_CURVE('',#3439,#3464,#3467,.T.);
#2807=EDGE_CURVE('',#3440,#3465,#3468,.T.);
#2808=EDGE_CURVE('',#3464,#3378,#3469,.T.);
#2809=EDGE_CURVE('',#3465,#3470,#3471,.T.);
#2810=EDGE_CURVE('',#3470,#3472,#3473,.T.);
#2811=EDGE_CURVE('',#3474,#3472,#3475,.T.);
#2812=EDGE_CURVE('',#3476,#3474,#3477,.T.);
#2813=EDGE_CURVE('',#3476,#3478,#3479,.T.);
#2814=EDGE_CURVE('',#3478,#3456,#3480,.T.);
#2815=EDGE_CURVE('',#3481,#3478,#3482,.T.);
#2816=EDGE_CURVE('',#3481,#3458,#3483,.T.);
#2817=EDGE_CURVE('',#3484,#3485,#3486,.T.);
#2818=EDGE_CURVE('',#3472,#3485,#3487,.T.);
#2819=EDGE_CURVE('',#3470,#3484,#3488,.T.);
#2820=EDGE_CURVE('',#3489,#3481,#3490,.T.);
#2821=EDGE_CURVE('',#3489,#3491,#3492,.T.);
#2822=EDGE_CURVE('',#3491,#3485,#3493,.T.);
#2823=EDGE_CURVE('',#3452,#3484,#3494,.T.);
#2824=EDGE_CURVE('',#3495,#3450,#3496,.T.);
#2825=EDGE_CURVE('',#3495,#3497,#3498,.T.);
#2826=EDGE_CURVE('',#3497,#3499,#3500,.T.);
#2827=EDGE_CURVE('',#3499,#3501,#3502,.T.);
#2828=EDGE_CURVE('',#3501,#3503,#3504,.T.);
#2829=EDGE_CURVE('',#3503,#3505,#3506,.T.);
#2830=EDGE_CURVE('',#3507,#3505,#3508,.T.);
#2831=EDGE_CURVE('',#3509,#3507,#3510,.T.);
#2832=EDGE_CURVE('',#3511,#3509,#3512,.T.);
#2833=EDGE_CURVE('',#3513,#3511,#3514,.T.);
#2834=EDGE_CURVE('',#3515,#3513,#3516,.T.);
#2835=EDGE_CURVE('',#3517,#3515,#3518,.T.);
#2836=EDGE_CURVE('',#3517,#3519,#3520,.T.);
#2837=EDGE_CURVE('',#3519,#3521,#3522,.T.);
#2838=EDGE_CURVE('',#3521,#3523,#3524,.T.);
#2839=EDGE_CURVE('',#3525,#3523,#3526,.T.);
#2840=EDGE_CURVE('',#3527,#3525,#3528,.T.);
#2841=EDGE_CURVE('',#3529,#3527,#3530,.T.);
#2842=EDGE_CURVE('',#3529,#3531,#3532,.T.);
#2843=EDGE_CURVE('',#3533,#3531,#3534,.T.);
#2844=EDGE_CURVE('',#3535,#3533,#3536,.T.);
#2845=EDGE_CURVE('',#3537,#3535,#3538,.T.);
#2846=EDGE_CURVE('',#3537,#3539,#3540,.T.);
#2847=EDGE_CURVE('',#3541,#3539,#3542,.T.);
#2848=EDGE_CURVE('',#3541,#3543,#3544,.T.);
#2849=EDGE_CURVE('',#3543,#3545,#3546,.T.);
#2850=EDGE_CURVE('',#3547,#3545,#3548,.T.);
#2851=EDGE_CURVE('',#3549,#3547,#3550,.T.);
#2852=EDGE_CURVE('',#3551,#3549,#3552,.T.);
#2853=EDGE_CURVE('',#3553,#3551,#3554,.T.);
#2854=EDGE_CURVE('',#3555,#3553,#3556,.T.);
#2855=EDGE_CURVE('',#3555,#3557,#3558,.T.);
#2856=EDGE_CURVE('',#3557,#3559,#3560,.T.);
#2857=EDGE_CURVE('',#3559,#3561,#3562,.T.);
#2858=EDGE_CURVE('',#3561,#3563,#3564,.T.);
#2859=EDGE_CURVE('',#3563,#3565,#3566,.T.);
#2860=EDGE_CURVE('',#3565,#3427,#3567,.T.);
#2861=EDGE_CURVE('',#3568,#3569,#3570,.T.);
#2862=EDGE_CURVE('',#3568,#3571,#3572,.T.);
#2863=EDGE_CURVE('',#3571,#3573,#3574,.T.);
#2864=EDGE_CURVE('',#3569,#3573,#3575,.T.);
#2865=EDGE_CURVE('',#3576,#3577,#3578,.T.);
#2866=EDGE_CURVE('',#3576,#3579,#3580,.T.);
#2867=EDGE_CURVE('',#3579,#3581,#3582,.T.);
#2868=EDGE_CURVE('',#3577,#3581,#3583,.T.);
#2869=EDGE_CURVE('',#3584,#3585,#3586,.T.);
#2870=EDGE_CURVE('',#3584,#3587,#3588,.T.);
#2871=EDGE_CURVE('',#3587,#3589,#3590,.T.);
#2872=EDGE_CURVE('',#3585,#3589,#3591,.T.);
#2873=EDGE_CURVE('',#3565,#3592,#3593,.T.);
#2874=EDGE_CURVE('',#3592,#3594,#3595,.T.);
#2875=EDGE_CURVE('',#3545,#3594,#3596,.T.);
#2876=EDGE_CURVE('',#3543,#3597,#3598,.T.);
#2877=EDGE_CURVE('',#3597,#3599,#3600,.T.);
#2878=EDGE_CURVE('',#3599,#3601,#3602,.T.);
#2879=EDGE_CURVE('',#3603,#3601,#3604,.T.);
#2880=EDGE_CURVE('',#3603,#3605,#3606,.T.);
#2881=EDGE_CURVE('',#3605,#3358,#3607,.T.);
#2882=EDGE_CURVE('',#3608,#3356,#3609,.T.);
#2883=EDGE_CURVE('',#3610,#3608,#3611,.T.);
#2884=EDGE_CURVE('',#3429,#3610,#3612,.T.);
#2885=EDGE_CURVE('',#3610,#3413,#3613,.T.);
#2886=EDGE_CURVE('',#3431,#3411,#3614,.T.);
#2887=EDGE_CURVE('',#3446,#3615,#3616,.T.);
#2888=EDGE_CURVE('',#3615,#3617,#3618,.T.);
#2889=EDGE_CURVE('',#3617,#3619,#3620,.T.);
#2890=EDGE_CURVE('',#3448,#3619,#3621,.T.);
#2891=EDGE_CURVE('',#3423,#3409,#3622,.T.);
#2892=EDGE_CURVE('',#3623,#3608,#3624,.T.);
#2893=EDGE_CURVE('',#3625,#3623,#3626,.T.);
#2894=EDGE_CURVE('',#3625,#3415,#3627,.T.);
#2895=EDGE_CURVE('',#3628,#3625,#3629,.T.);
#2896=EDGE_CURVE('',#3628,#3417,#3630,.T.);
#2897=EDGE_CURVE('',#3628,#3352,#3631,.T.);
#2898=EDGE_CURVE('',#3623,#3354,#3632,.T.);
#2899=EDGE_CURVE('',#3619,#3633,#3634,.T.);
#2900=EDGE_CURVE('',#3633,#3362,#3635,.T.);
#2901=EDGE_CURVE('',#3636,#3360,#3637,.T.);
#2902=EDGE_CURVE('',#3636,#3638,#3639,.T.);
#2903=EDGE_CURVE('',#3638,#3640,#3641,.T.);
#2904=EDGE_CURVE('',#3642,#3640,#3643,.T.);
#2905=EDGE_CURVE('',#3644,#3642,#3645,.T.);
#2906=EDGE_CURVE('',#3644,#3517,#3646,.T.);
#2907=EDGE_CURVE('',#3515,#3647,#3648,.T.);
#2908=EDGE_CURVE('',#3649,#3647,#3650,.T.);
#2909=EDGE_CURVE('',#3495,#3649,#3651,.T.);
#2910=EDGE_CURVE('',#3649,#3652,#3653,.T.);
#2911=EDGE_CURVE('',#3497,#3652,#3654,.T.);
#2912=EDGE_CURVE('',#3652,#3655,#3656,.T.);
#2913=EDGE_CURVE('',#3499,#3655,#3657,.T.);
#2914=EDGE_CURVE('',#3655,#3658,#3659,.T.);
#2915=EDGE_CURVE('',#3501,#3658,#3660,.T.);
#2916=EDGE_CURVE('',#3658,#3661,#3662,.T.);
#2917=EDGE_CURVE('',#3503,#3661,#3663,.T.);
#2918=EDGE_CURVE('',#3664,#3665,#3666,.T.);
#2919=EDGE_CURVE('',#3505,#3664,#3667,.T.);
#2920=EDGE_CURVE('',#3661,#3647,#3668,.T.);
#2921=EDGE_CURVE('',#3669,#3515,#3670,.T.);
#2922=EDGE_CURVE('',#3671,#3669,#3672,.T.);
#2923=EDGE_CURVE('',#3665,#3671,#3673,.T.);
#2924=EDGE_CURVE('',#3674,#3671,#3675,.T.);
#2925=EDGE_CURVE('',#3676,#3674,#3677,.T.);
#2926=EDGE_CURVE('',#3678,#3676,#3679,.T.);
#2927=EDGE_CURVE('',#3680,#3678,#3681,.T.);
#2928=EDGE_CURVE('',#3682,#3680,#3683,.T.);
#2929=EDGE_CURVE('',#3684,#3682,#3685,.T.);
#2930=EDGE_CURVE('',#3665,#3684,#3686,.T.);
#2931=EDGE_CURVE('',#3687,#3688,#3689,.T.);
#2932=EDGE_CURVE('',#3690,#3687,#3691,.T.);
#2933=EDGE_CURVE('',#3692,#3690,#3693,.T.);
#2934=EDGE_CURVE('',#3694,#3692,#3695,.T.);
#2935=EDGE_CURVE('',#3696,#3694,#3697,.T.);
#2936=EDGE_CURVE('',#3698,#3696,#3699,.T.);
#2937=EDGE_CURVE('',#3700,#3698,#3701,.T.);
#2938=EDGE_CURVE('',#3700,#3688,#3702,.T.);
#2939=EDGE_CURVE('',#3703,#3664,#3704,.T.);
#2940=EDGE_CURVE('',#3705,#3664,#3706,.T.);
#2941=EDGE_CURVE('',#3705,#3707,#3708,.T.);
#2942=EDGE_CURVE('',#3703,#3707,#3709,.T.);
#2943=EDGE_CURVE('',#3710,#3684,#3711,.T.);
#2944=EDGE_CURVE('',#3664,#3710,#3712,.T.);
#2945=EDGE_CURVE('',#3507,#3713,#3714,.T.);
#2946=EDGE_CURVE('',#3505,#3703,#3715,.T.);
#2947=EDGE_CURVE('',#3707,#3713,#3716,.T.);
#2948=EDGE_CURVE('',#3717,#3705,#3718,.T.);
#2949=EDGE_CURVE('',#3717,#3719,#3720,.T.);
#2950=EDGE_CURVE('',#3713,#3719,#3721,.T.);
#2951=EDGE_CURVE('',#3509,#3722,#3723,.T.);
#2952=EDGE_CURVE('',#3722,#3719,#3724,.T.);
#2953=EDGE_CURVE('',#3725,#3717,#3726,.T.);
#2954=EDGE_CURVE('',#3725,#3722,#3727,.T.);
#2955=EDGE_CURVE('',#3728,#3725,#3729,.T.);
#2956=EDGE_CURVE('',#3728,#3730,#3731,.T.);
#2957=EDGE_CURVE('',#3730,#3722,#3732,.T.);
#2958=EDGE_CURVE('',#3511,#3730,#3733,.T.);
#2959=EDGE_CURVE('',#3734,#3735,#3736,.T.);
#2960=EDGE_CURVE('',#3513,#3734,#3737,.T.);
#2961=EDGE_CURVE('',#3735,#3730,#3738,.T.);
#2962=EDGE_CURVE('',#3739,#3728,#3740,.T.);
#2963=EDGE_CURVE('',#3739,#3735,#3741,.T.);
#2964=EDGE_CURVE('',#3742,#3735,#3743,.T.);
#2965=EDGE_CURVE('',#3744,#3739,#3745,.T.);
#2966=EDGE_CURVE('',#3744,#3746,#3747,.T.);
#2967=EDGE_CURVE('',#3748,#3746,#3749,.T.);
#2968=EDGE_CURVE('',#3748,#3742,#3750,.T.);
#2969=EDGE_CURVE('',#3748,#3751,#3752,.T.);
#2970=EDGE_CURVE('',#3751,#3742,#3753,.T.);
#2971=EDGE_CURVE('',#3754,#3755,#3756,.T.);
#2972=EDGE_CURVE('',#3755,#3757,#3758,.T.);
#2973=EDGE_CURVE('',#3754,#3757,#3759,.T.);
#2974=EDGE_CURVE('',#3734,#3751,#3760,.T.);
#2975=EDGE_CURVE('',#3746,#3734,#3761,.T.);
#2976=EDGE_CURVE('',#3515,#3762,#3763,.T.);
#2977=EDGE_CURVE('',#3762,#3746,#3764,.T.);
#2978=EDGE_CURVE('',#3765,#3669,#3766,.T.);
#2979=EDGE_CURVE('',#3765,#3674,#3767,.T.);
#2980=EDGE_CURVE('',#3669,#3744,#3768,.T.);
#2981=EDGE_CURVE('',#3762,#3669,#3769,.T.);
#2982=EDGE_CURVE('',#3770,#3676,#3771,.T.);
#2983=EDGE_CURVE('',#3770,#3765,#3772,.T.);
#2984=EDGE_CURVE('',#3710,#3773,#3774,.T.);
#2985=EDGE_CURVE('',#3773,#3775,#3776,.T.);
#2986=EDGE_CURVE('',#3775,#3777,#3778,.T.);
#2987=EDGE_CURVE('',#3777,#3770,#3779,.T.);
#2988=EDGE_CURVE('',#3780,#3781,#3782,.T.);
#2989=EDGE_CURVE('',#3781,#3783,#3784,.T.);
#2990=EDGE_CURVE('',#3783,#3785,#3786,.T.);
#2991=EDGE_CURVE('',#3785,#3787,#3788,.T.);
#2992=EDGE_CURVE('',#3787,#3789,#3790,.T.);
#2993=EDGE_CURVE('',#3789,#3791,#3792,.T.);
#2994=EDGE_CURVE('',#3791,#3793,#3794,.T.);
#2995=EDGE_CURVE('',#3793,#3795,#3796,.T.);
#2996=EDGE_CURVE('',#3795,#3797,#3798,.T.);
#2997=EDGE_CURVE('',#3797,#3799,#3800,.T.);
#2998=EDGE_CURVE('',#3799,#3801,#3802,.T.);
#2999=EDGE_CURVE('',#3801,#3803,#3804,.T.);
#3000=EDGE_CURVE('',#3803,#3805,#3806,.T.);
#3001=EDGE_CURVE('',#3805,#3780,#3807,.T.);
#3002=EDGE_CURVE('',#3777,#3808,#3809,.T.);
#3003=EDGE_CURVE('',#3808,#3810,#3811,.T.);
#3004=EDGE_CURVE('',#3678,#3810,#3812,.T.);
#3005=EDGE_CURVE('',#3813,#3810,#3814,.T.);
#3006=EDGE_CURVE('',#3680,#3813,#3815,.T.);
#3007=EDGE_CURVE('',#3773,#3682,#3816,.T.);
#3008=EDGE_CURVE('',#3817,#3813,#3818,.T.);
#3009=EDGE_CURVE('',#3775,#3817,#3819,.T.);
#3010=EDGE_CURVE('',#3817,#3808,#3820,.T.);
#3011=EDGE_CURVE('',#3781,#3698,#3821,.T.);
#3012=EDGE_CURVE('',#3700,#3780,#3822,.T.);
#3013=EDGE_CURVE('',#3805,#3823,#3824,.T.);
#3014=EDGE_CURVE('',#3825,#3823,#3826,.T.);
#3015=EDGE_CURVE('',#3825,#3780,#3827,.T.);
#3016=EDGE_CURVE('',#3545,#3780,#3828,.T.);
#3017=EDGE_CURVE('',#3594,#3829,#3830,.T.);
#3018=EDGE_CURVE('',#3557,#3829,#3831,.T.);
#3019=EDGE_CURVE('',#3793,#3555,#3832,.T.);
#3020=EDGE_CURVE('',#3793,#3688,#3833,.T.);
#3021=EDGE_CURVE('',#3834,#3835,#3836,.T.);
#3022=EDGE_CURVE('',#3795,#3835,#3837,.T.);
#3023=EDGE_CURVE('',#3834,#3793,#3838,.T.);
#3024=EDGE_CURVE('',#3791,#3687,#3839,.T.);
#3025=EDGE_CURVE('',#3545,#3825,#3840,.T.);
#3026=EDGE_CURVE('',#3555,#3834,#3841,.T.);
#3027=EDGE_CURVE('',#3842,#3823,#3843,.T.);
#3028=EDGE_CURVE('',#3547,#3842,#3844,.T.);
#3029=EDGE_CURVE('',#3549,#3845,#3846,.T.);
#3030=EDGE_CURVE('',#3847,#3842,#3848,.T.);
#3031=EDGE_CURVE('',#3845,#3847,#3849,.T.);
#3032=EDGE_CURVE('',#3803,#3847,#3850,.T.);
#3033=EDGE_CURVE('',#3801,#3845,#3851,.T.);
#3034=EDGE_CURVE('',#3799,#3852,#3853,.T.);
#3035=EDGE_CURVE('',#3852,#3845,#3854,.T.);
#3036=EDGE_CURVE('',#3551,#3852,#3855,.T.);
#3037=EDGE_CURVE('',#3553,#3856,#3857,.T.);
#3038=EDGE_CURVE('',#3858,#3852,#3859,.T.);
#3039=EDGE_CURVE('',#3858,#3856,#3860,.T.);
#3040=EDGE_CURVE('',#3797,#3858,#3861,.T.);
#3041=EDGE_CURVE('',#3856,#3835,#3862,.T.);
#3042=EDGE_CURVE('',#3757,#3823,#3863,.T.);
#3043=EDGE_CURVE('',#3754,#3847,#3864,.T.);
#3044=EDGE_CURVE('',#3842,#3755,#3865,.T.);
#3045=EDGE_CURVE('',#3789,#3690,#3866,.T.);
#3046=EDGE_CURVE('',#3787,#3867,#3868,.T.);
#3047=EDGE_CURVE('',#3867,#3869,#3870,.T.);
#3048=EDGE_CURVE('',#3692,#3869,#3871,.T.);
#3049=EDGE_CURVE('',#3872,#3869,#3873,.T.);
#3050=EDGE_CURVE('',#3694,#3872,#3874,.T.);
#3051=EDGE_CURVE('',#3783,#3696,#3875,.T.);
#3052=EDGE_CURVE('',#3876,#3872,#3877,.T.);
#3053=EDGE_CURVE('',#3785,#3876,#3878,.T.);
#3054=EDGE_CURVE('',#3876,#3867,#3879,.T.);
#3055=EDGE_CURVE('',#3829,#3880,#3881,.T.);
#3056=EDGE_CURVE('',#3559,#3880,#3882,.T.);
#3057=EDGE_CURVE('',#3880,#3883,#3884,.T.);
#3058=EDGE_CURVE('',#3561,#3883,#3885,.T.);
#3059=EDGE_CURVE('',#3883,#3886,#3887,.T.);
#3060=EDGE_CURVE('',#3563,#3886,#3888,.T.);
#3061=EDGE_CURVE('',#3886,#3592,#3889,.T.);
#3062=EDGE_CURVE('',#3890,#3891,#3892,.T.);
#3063=EDGE_CURVE('',#3605,#3890,#3893,.T.);
#3064=EDGE_CURVE('',#3603,#3891,#3894,.T.);
#3065=EDGE_CURVE('',#3895,#3636,#3896,.T.);
#3066=EDGE_CURVE('',#3895,#3897,#3898,.T.);
#3067=EDGE_CURVE('',#3897,#3638,#3899,.T.);
#3068=EDGE_CURVE('',#3900,#3541,#3901,.T.);
#3069=EDGE_CURVE('',#3597,#3900,#3902,.T.);
#3070=EDGE_CURVE('',#3903,#3519,#3904,.T.);
#3071=EDGE_CURVE('',#3903,#3644,#3905,.T.);
#3072=EDGE_CURVE('',#3601,#3906,#3907,.T.);
#3073=EDGE_CURVE('',#3891,#3906,#3908,.T.);
#3074=EDGE_CURVE('',#3897,#3909,#3910,.T.);
#3075=EDGE_CURVE('',#3909,#3640,#3911,.T.);
#3076=EDGE_CURVE('',#3912,#3906,#3913,.T.);
#3077=EDGE_CURVE('',#3900,#3912,#3914,.T.);
#3078=EDGE_CURVE('',#3539,#3915,#3916,.T.);
#3079=EDGE_CURVE('',#3890,#3915,#3917,.T.);
#3080=EDGE_CURVE('',#3918,#3919,#3920,.T.);
#3081=EDGE_CURVE('',#3919,#3921,#3922,.T.);
#3082=EDGE_CURVE('',#3923,#3921,#3924,.T.);
#3083=EDGE_CURVE('',#3923,#3925,#3926,.T.);
#3084=EDGE_CURVE('',#3925,#3927,#3928,.T.);
#3085=EDGE_CURVE('',#3927,#3929,#3930,.T.);
#3086=EDGE_CURVE('',#3931,#3929,#3932,.T.);
#3087=EDGE_CURVE('',#3895,#3931,#3933,.T.);
#3088=EDGE_CURVE('',#3934,#3915,#3935,.T.);
#3089=EDGE_CURVE('',#3934,#3918,#3936,.T.);
#3090=EDGE_CURVE('',#3537,#3934,#3937,.T.);
#3091=EDGE_CURVE('',#3535,#3918,#3938,.T.);
#3092=EDGE_CURVE('',#3533,#3919,#3939,.T.);
#3093=EDGE_CURVE('',#3940,#3941,#3942,.T.);
#3094=EDGE_CURVE('',#3943,#3940,#3944,.T.);
#3095=EDGE_CURVE('',#3943,#3945,#3946,.T.);
#3096=EDGE_CURVE('',#3945,#3941,#3947,.T.);
#3097=EDGE_CURVE('',#3531,#3921,#3948,.T.);
#3098=EDGE_CURVE('',#3521,#3931,#3949,.T.);
#3099=EDGE_CURVE('',#3523,#3929,#3950,.T.);
#3100=EDGE_CURVE('',#3529,#3923,#3951,.T.);
#3101=EDGE_CURVE('',#3525,#3927,#3952,.T.);
#3102=EDGE_CURVE('',#3527,#3925,#3953,.T.);
#3103=EDGE_CURVE('',#3954,#3955,#3956,.T.);
#3104=EDGE_CURVE('',#3957,#3954,#3958,.T.);
#3105=EDGE_CURVE('',#3957,#3959,#3960,.T.);
#3106=EDGE_CURVE('',#3959,#3955,#3961,.T.);
#3107=EDGE_CURVE('',#3959,#3962,#3963,.T.);
#3108=EDGE_CURVE('',#3962,#3964,#3965,.T.);
#3109=EDGE_CURVE('',#3964,#3966,#3967,.T.);
#3110=EDGE_CURVE('',#3966,#3968,#3969,.T.);
#3111=EDGE_CURVE('',#3968,#3970,#3971,.T.);
#3112=EDGE_CURVE('',#3970,#3972,#3973,.T.);
#3113=EDGE_CURVE('',#3972,#3974,#3975,.T.);
#3114=EDGE_CURVE('',#3974,#3976,#3977,.T.);
#3115=EDGE_CURVE('',#3976,#3955,#3978,.T.);
#3116=EDGE_CURVE('',#3976,#3979,#3980,.T.);
#3117=EDGE_CURVE('',#3979,#3954,#3981,.T.);
#3118=EDGE_CURVE('',#3982,#3979,#3983,.T.);
#3119=EDGE_CURVE('',#3984,#3982,#3985,.T.);
#3120=EDGE_CURVE('',#3986,#3984,#3987,.T.);
#3121=EDGE_CURVE('',#3988,#3986,#3989,.T.);
#3122=EDGE_CURVE('',#3990,#3988,#3991,.T.);
#3123=EDGE_CURVE('',#3992,#3990,#3993,.T.);
#3124=EDGE_CURVE('',#3994,#3992,#3995,.T.);
#3125=EDGE_CURVE('',#3957,#3994,#3996,.T.);
#3126=EDGE_CURVE('',#3962,#3994,#3997,.T.);
#3127=EDGE_CURVE('',#3964,#3992,#3998,.T.);
#3128=EDGE_CURVE('',#3966,#3990,#3999,.T.);
#3129=EDGE_CURVE('',#3968,#3988,#4000,.T.);
#3130=EDGE_CURVE('',#3970,#3986,#4001,.T.);
#3131=EDGE_CURVE('',#3972,#3984,#4002,.T.);
#3132=EDGE_CURVE('',#3974,#3982,#4003,.T.);
#3133=EDGE_CURVE('',#3903,#4004,#4005,.T.);
#3134=EDGE_CURVE('',#4004,#3909,#4006,.T.);
#3135=EDGE_CURVE('',#3599,#3912,#4007,.T.);
#3136=EDGE_CURVE('',#4004,#3642,#4008,.T.);
#3137=EDGE_CURVE('',#3945,#4009,#4010,.T.);
#3138=EDGE_CURVE('',#4009,#4011,#4012,.T.);
#3139=EDGE_CURVE('',#4011,#4013,#4014,.T.);
#3140=EDGE_CURVE('',#4013,#4015,#4016,.T.);
#3141=EDGE_CURVE('',#4015,#4017,#4018,.T.);
#3142=EDGE_CURVE('',#4017,#4019,#4020,.T.);
#3143=EDGE_CURVE('',#4019,#4021,#4022,.T.);
#3144=EDGE_CURVE('',#4021,#4023,#4024,.T.);
#3145=EDGE_CURVE('',#4023,#3941,#4025,.T.);
#3146=EDGE_CURVE('',#4023,#4026,#4027,.T.);
#3147=EDGE_CURVE('',#4026,#3940,#4028,.T.);
#3148=EDGE_CURVE('',#4029,#4026,#4030,.T.);
#3149=EDGE_CURVE('',#4031,#4029,#4032,.T.);
#3150=EDGE_CURVE('',#4033,#4031,#4034,.T.);
#3151=EDGE_CURVE('',#4035,#4033,#4036,.T.);
#3152=EDGE_CURVE('',#4037,#4035,#4038,.T.);
#3153=EDGE_CURVE('',#4039,#4037,#4040,.T.);
#3154=EDGE_CURVE('',#4041,#4039,#4042,.T.);
#3155=EDGE_CURVE('',#3943,#4041,#4043,.T.);
#3156=EDGE_CURVE('',#4009,#4041,#4044,.T.);
#3157=EDGE_CURVE('',#4011,#4039,#4045,.T.);
#3158=EDGE_CURVE('',#4013,#4037,#4046,.T.);
#3159=EDGE_CURVE('',#4015,#4035,#4047,.T.);
#3160=EDGE_CURVE('',#4017,#4033,#4048,.T.);
#3161=EDGE_CURVE('',#4019,#4031,#4049,.T.);
#3162=EDGE_CURVE('',#4021,#4029,#4050,.T.);
#3163=EDGE_CURVE('',#4051,#3364,#4052,.T.);
#3164=EDGE_CURVE('',#4051,#3633,#4053,.T.);
#3165=EDGE_CURVE('',#3617,#4054,#4055,.T.);
#3166=EDGE_CURVE('',#4056,#4054,#4057,.T.);
#3167=EDGE_CURVE('',#4051,#4056,#4058,.T.);
#3168=EDGE_CURVE('',#4059,#4056,#4060,.T.);
#3169=EDGE_CURVE('',#4059,#3366,#4061,.T.);
#3170=EDGE_CURVE('',#4062,#3368,#4063,.T.);
#3171=EDGE_CURVE('',#4059,#4062,#4064,.T.);
#3172=EDGE_CURVE('',#4062,#4054,#4065,.T.);
#3173=EDGE_CURVE('',#3615,#4066,#4067,.T.);
#3174=EDGE_CURVE('',#3370,#4066,#4068,.T.);
#3175=EDGE_CURVE('',#4069,#3464,#4070,.T.);
#3176=EDGE_CURVE('',#3376,#4069,#4071,.T.);
#3177=EDGE_CURVE('',#3444,#4066,#4072,.T.);
#3178=EDGE_CURVE('',#3444,#3372,#4073,.T.);
#3179=EDGE_CURVE('',#3442,#3374,#4074,.T.);
#3180=EDGE_CURVE('',#3442,#4069,#4075,.T.);
#3181=EDGE_CURVE('',#3474,#3491,#4076,.T.);
#3182=EDGE_CURVE('',#3489,#3476,#4077,.T.);
#3183=EDGE_CURVE('',#4078,#3573,#4079,.T.);
#3184=EDGE_CURVE('',#4080,#4078,#4081,.T.);
#3185=EDGE_CURVE('',#3569,#4080,#4082,.T.);
#3186=EDGE_CURVE('',#4080,#4083,#4084,.T.);
#3187=EDGE_CURVE('',#3568,#4083,#4085,.T.);
#3188=EDGE_CURVE('',#4083,#4086,#4087,.T.);
#3189=EDGE_CURVE('',#4086,#3571,#4088,.T.);
#3190=EDGE_CURVE('',#4078,#4086,#4089,.T.);
#3191=EDGE_CURVE('',#4090,#3581,#4091,.T.);
#3192=EDGE_CURVE('',#4092,#4090,#4093,.T.);
#3193=EDGE_CURVE('',#3577,#4092,#4094,.T.);
#3194=EDGE_CURVE('',#4092,#4095,#4096,.T.);
#3195=EDGE_CURVE('',#3576,#4095,#4097,.T.);
#3196=EDGE_CURVE('',#4095,#4098,#4099,.T.);
#3197=EDGE_CURVE('',#4098,#3579,#4100,.T.);
#3198=EDGE_CURVE('',#4090,#4098,#4101,.T.);
#3199=EDGE_CURVE('',#4102,#3589,#4103,.T.);
#3200=EDGE_CURVE('',#4104,#4102,#4105,.T.);
#3201=EDGE_CURVE('',#3585,#4104,#4106,.T.);
#3202=EDGE_CURVE('',#4104,#4107,#4108,.T.);
#3203=EDGE_CURVE('',#3584,#4107,#4109,.T.);
#3204=EDGE_CURVE('',#4107,#4110,#4111,.T.);
#3205=EDGE_CURVE('',#4110,#3587,#4112,.T.);
#3206=EDGE_CURVE('',#4102,#4110,#4113,.T.);
#3207=EDGE_CURVE('',#3396,#4114,#4115,.T.);
#3208=EDGE_CURVE('',#4116,#4114,#4117,.T.);
#3209=EDGE_CURVE('',#3392,#4116,#4118,.T.);
#3210=EDGE_CURVE('',#4119,#4116,#4120,.T.);
#3211=EDGE_CURVE('',#3391,#4119,#4121,.T.);
#3212=EDGE_CURVE('',#4122,#4119,#4123,.T.);
#3213=EDGE_CURVE('',#3394,#4122,#4124,.T.);
#3214=EDGE_CURVE('',#4114,#4122,#4125,.T.);
#3215=EDGE_CURVE('',#4122,#4126,#4127,.T.);
#3216=EDGE_CURVE('',#4128,#4126,#4129,.T.);
#3217=EDGE_CURVE('',#4114,#4128,#4130,.T.);
#3218=EDGE_CURVE('',#4131,#4128,#4132,.T.);
#3219=EDGE_CURVE('',#4116,#4131,#4133,.T.);
#3220=EDGE_CURVE('',#4134,#4131,#4135,.T.);
#3221=EDGE_CURVE('',#4119,#4134,#4136,.T.);
#3222=EDGE_CURVE('',#4126,#4134,#4137,.T.);
#3223=EDGE_CURVE('',#4138,#3346,#4139,.T.);
#3224=EDGE_CURVE('',#3400,#4138,#4140,.T.);
#3225=EDGE_CURVE('',#4141,#4138,#4142,.T.);
#3226=EDGE_CURVE('',#3399,#4141,#4143,.T.);
#3227=EDGE_CURVE('',#3344,#4141,#4144,.T.);
#3228=EDGE_CURVE('',#4141,#4145,#4146,.T.);
#3229=EDGE_CURVE('',#4147,#4145,#4148,.T.);
#3230=EDGE_CURVE('',#3344,#4147,#4149,.T.);
#3231=EDGE_CURVE('',#4150,#4147,#4151,.T.);
#3232=EDGE_CURVE('',#3346,#4150,#4152,.T.);
#3233=EDGE_CURVE('',#4153,#4150,#4154,.T.);
#3234=EDGE_CURVE('',#4138,#4153,#4155,.T.);
#3235=EDGE_CURVE('',#4145,#4153,#4156,.T.);
#3236=ORIENTED_EDGE('',*,*,#4157,.T.);
#3237=ORIENTED_EDGE('',*,*,#4158,.T.);
#3238=ORIENTED_EDGE('',*,*,#4159,.F.);
#3239=ORIENTED_EDGE('',*,*,#4160,.F.);
#3240=CARTESIAN_POINT('',(3.325,-1.35,-1.3));
#3241=DIRECTION('',(0.0,0.0,-1.0));
#3242=DIRECTION('',(0.0,-1.0,0.0));
#3243=ORIENTED_EDGE('',*,*,#4161,.F.);
#3244=ORIENTED_EDGE('',*,*,#4157,.F.);
#3245=ORIENTED_EDGE('',*,*,#4162,.F.);
#3246=ORIENTED_EDGE('',*,*,#4163,.F.);
#3247=CARTESIAN_POINT('',(0.0,-1.35,0.0));
#3248=DIRECTION('',(-0.0,1.0,0.0));
#3249=DIRECTION('',(1.0,0.0,0.0));
#3250=ORIENTED_EDGE('',*,*,#4161,.T.);
#3251=ORIENTED_EDGE('',*,*,#4164,.T.);
#3252=ORIENTED_EDGE('',*,*,#4165,.F.);
#3253=ORIENTED_EDGE('',*,*,#4158,.F.);
#3254=CARTESIAN_POINT('',(2.125,-1.35,-1.3));
#3255=DIRECTION('',(-1.0,0.0,0.0));
#3256=DIRECTION('',(0.0,0.0,1.0));
#3257=ORIENTED_EDGE('',*,*,#4163,.T.);
#3258=ORIENTED_EDGE('',*,*,#4166,.T.);
#3259=ORIENTED_EDGE('',*,*,#4167,.F.);
#3260=ORIENTED_EDGE('',*,*,#4164,.F.);
#3261=CARTESIAN_POINT('',(2.125,-1.35,0.9));
#3262=DIRECTION('',(0.0,0.0,1.0));
#3263=DIRECTION('',(1.0,0.0,0.0));
#3264=ORIENTED_EDGE('',*,*,#4162,.T.);
#3265=ORIENTED_EDGE('',*,*,#4160,.T.);
#3266=ORIENTED_EDGE('',*,*,#4168,.F.);
#3267=ORIENTED_EDGE('',*,*,#4166,.F.);
#3268=CARTESIAN_POINT('',(3.325,-1.35,0.9));
#3269=DIRECTION('',(1.0,0.0,0.0));
#3270=DIRECTION('',(0.0,1.0,0.0));
#3271=ORIENTED_EDGE('',*,*,#4165,.T.);
#3272=ORIENTED_EDGE('',*,*,#4167,.T.);
#3273=ORIENTED_EDGE('',*,*,#4168,.T.);
#3274=ORIENTED_EDGE('',*,*,#4159,.T.);
#3275=CARTESIAN_POINT('',(0.0,-2.15,0.0));
#3276=DIRECTION('',(-0.0,1.0,0.0));
#3277=DIRECTION('',(1.0,0.0,0.0));
#3278=ORIENTED_EDGE('',*,*,#4169,.F.);
#3279=ORIENTED_EDGE('',*,*,#4170,.F.);
#3280=ORIENTED_EDGE('',*,*,#4171,.F.);
#3281=ORIENTED_EDGE('',*,*,#4172,.F.);
#3282=CARTESIAN_POINT('',(0.0,-1.35,0.0));
#3283=DIRECTION('',(-0.0,1.0,0.0));
#3284=DIRECTION('',(1.0,0.0,0.0));
#3285=ORIENTED_EDGE('',*,*,#4169,.T.);
#3286=ORIENTED_EDGE('',*,*,#4173,.T.);
#3287=ORIENTED_EDGE('',*,*,#4174,.F.);
#3288=ORIENTED_EDGE('',*,*,#4175,.F.);
#3289=CARTESIAN_POINT('',(-2.125,-1.35,-1.3));
#3290=DIRECTION('',(0.0,0.0,-1.0));
#3291=DIRECTION('',(0.0,-1.0,0.0));
#3292=ORIENTED_EDGE('',*,*,#4172,.T.);
#3293=ORIENTED_EDGE('',*,*,#4176,.T.);
#3294=ORIENTED_EDGE('',*,*,#4177,.F.);
#3295=ORIENTED_EDGE('',*,*,#4173,.F.);
#3296=CARTESIAN_POINT('',(-3.325,-1.35,-1.3));
#3297=DIRECTION('',(-1.0,0.0,0.0));
#3298=DIRECTION('',(0.0,0.0,1.0));
#3299=ORIENTED_EDGE('',*,*,#4171,.T.);
#3300=ORIENTED_EDGE('',*,*,#4178,.T.);
#3301=ORIENTED_EDGE('',*,*,#4179,.F.);
#3302=ORIENTED_EDGE('',*,*,#4176,.F.);
#3303=CARTESIAN_POINT('',(-3.325,-1.35,0.9));
#3304=DIRECTION('',(0.0,0.0,1.0));
#3305=DIRECTION('',(1.0,0.0,0.0));
#3306=ORIENTED_EDGE('',*,*,#4170,.T.);
#3307=ORIENTED_EDGE('',*,*,#4175,.T.);
#3308=ORIENTED_EDGE('',*,*,#4180,.F.);
#3309=ORIENTED_EDGE('',*,*,#4178,.F.);
#3310=CARTESIAN_POINT('',(-2.125,-1.35,0.9));
#3311=DIRECTION('',(1.0,0.0,0.0));
#3312=DIRECTION('',(0.0,1.0,0.0));
#3313=ORIENTED_EDGE('',*,*,#4174,.T.);
#3314=ORIENTED_EDGE('',*,*,#4177,.T.);
#3315=ORIENTED_EDGE('',*,*,#4179,.T.);
#3316=ORIENTED_EDGE('',*,*,#4180,.T.);
#3317=CARTESIAN_POINT('',(0.0,-2.15,0.0));
#3318=DIRECTION('',(-0.0,1.0,0.0));
#3319=DIRECTION('',(1.0,0.0,0.0));
#3320=DIRECTION('',(0.0,0.0,1.0));
#3321=DIRECTION('',(-1.0,0.0,0.0));
#3322=DIRECTION('',(0.0,0.0,-1.0));
#3323=DIRECTION('',(1.0,0.0,0.0));
#3324=DIRECTION('',(0.0,0.0,1.0));
#3325=DIRECTION('',(-1.0,0.0,0.0));
#3326=DIRECTION('',(0.0,0.0,-1.0));
#3327=DIRECTION('',(1.0,0.0,0.0));
#3328=DIRECTION('',(1.0,0.0,0.0));
#3329=DIRECTION('',(0.0,0.0,1.0));
#3330=DIRECTION('',(-1.0,0.0,0.0));
#3331=DIRECTION('',(0.0,0.0,-1.0));
#3332=DIRECTION('',(0.0,0.0,1.0));
#3333=DIRECTION('',(-1.0,0.0,0.0));
#3334=DIRECTION('',(0.0,0.0,-1.0));
#3335=DIRECTION('',(1.0,0.0,0.0));
#3336=DIRECTION('',(0.0,0.0,-1.0));
#3337=DIRECTION('',(-1.0,0.0,0.0));
#3338=DIRECTION('',(-0.642871293713882,0.0,0.765974216092578));
#3339=DIRECTION('',(0.0,0.0,1.0));
#3340=DIRECTION('',(0.64287114276419,0.0,-0.765974342782488));
#3341=DIRECTION('',(0.0,0.0,1.0));
#3342=DIRECTION('',(1.0,0.0,0.0));
#3343=VERTEX_POINT('',#4181);
#3344=VERTEX_POINT('',#4182);
#3345=LINE('',#4183,#4184);
#3346=VERTEX_POINT('',#4185);
#3347=LINE('',#4186,#4187);
#3348=VERTEX_POINT('',#4188);
#3349=LINE('',#4189,#4190);
#3350=LINE('',#4191,#4192);
#3351=VERTEX_POINT('',#4193);
#3352=VERTEX_POINT('',#4194);
#3353=LINE('',#4195,#4196);
#3354=VERTEX_POINT('',#4197);
#3355=LINE('',#4198,#4199);
#3356=VERTEX_POINT('',#4200);
#3357=LINE('',#4201,#4202);
#3358=VERTEX_POINT('',#4203);
#3359=LINE('',#4204,#4205);
#3360=VERTEX_POINT('',#4206);
#3361=LINE('',#4207,#4208);
#3362=VERTEX_POINT('',#4209);
#3363=LINE('',#4210,#4211);
#3364=VERTEX_POINT('',#4212);
#3365=LINE('',#4213,#4214);
#3366=VERTEX_POINT('',#4215);
#3367=LINE('',#4216,#4217);
#3368=VERTEX_POINT('',#4218);
#3369=LINE('',#4219,#4220);
#3370=VERTEX_POINT('',#4221);
#3371=LINE('',#4222,#4223);
#3372=VERTEX_POINT('',#4224);
#3373=LINE('',#4225,#4226);
#3374=VERTEX_POINT('',#4227);
#3375=LINE('',#4228,#4229);
#3376=VERTEX_POINT('',#4230);
#3377=LINE('',#4231,#4232);
#3378=VERTEX_POINT('',#4233);
#3379=LINE('',#4234,#4235);
#3380=VERTEX_POINT('',#4236);
#3381=LINE('',#4237,#4238);
#3382=VERTEX_POINT('',#4239);
#3383=LINE('',#4240,#4241);
#3384=VERTEX_POINT('',#4242);
#3385=LINE('',#4243,#4244);
#3386=VERTEX_POINT('',#4245);
#3387=LINE('',#4246,#4247);
#3388=VERTEX_POINT('',#4248);
#3389=LINE('',#4249,#4250);
#3390=LINE('',#4251,#4252);
#3391=VERTEX_POINT('',#4253);
#3392=VERTEX_POINT('',#4254);
#3393=LINE('',#4255,#4256);
#3394=VERTEX_POINT('',#4257);
#3395=LINE('',#4258,#4259);
#3396=VERTEX_POINT('',#4260);
#3397=LINE('',#4261,#4262);
#3398=LINE('',#4263,#4264);
#3399=VERTEX_POINT('',#4265);
#3400=VERTEX_POINT('',#4266);
#3401=LINE('',#4267,#4268);
#3402=LINE('',#4269,#4270);
#3403=LINE('',#4271,#4272);
#3404=VERTEX_POINT('',#4273);
#3405=LINE('',#4274,#4275);
#3406=VERTEX_POINT('',#4276);
#3407=LINE('',#4277,#4278);
#3408=LINE('',#4279,#4280);
#3409=VERTEX_POINT('',#4281);
#3410=LINE('',#4282,#4283);
#3411=VERTEX_POINT('',#4284);
#3412=LINE('',#4285,#4286);
#3413=VERTEX_POINT('',#4287);
#3414=LINE('',#4288,#4289);
#3415=VERTEX_POINT('',#4290);
#3416=LINE('',#4291,#4292);
#3417=VERTEX_POINT('',#4293);
#3418=LINE('',#4294,#4295);
#3419=LINE('',#4296,#4297);
#3420=VERTEX_POINT('',#4298);
#3421=LINE('',#4299,#4300);
#3422=LINE('',#4301,#4302);
#3423=VERTEX_POINT('',#4303);
#3424=LINE('',#4304,#4305);
#3425=LINE('',#4306,#4307);
#3426=VERTEX_POINT('',#4308);
#3427=VERTEX_POINT('',#4309);
#3428=LINE('',#4310,#4311);
#3429=VERTEX_POINT('',#4312);
#3430=LINE('',#4313,#4314);
#3431=VERTEX_POINT('',#4315);
#3432=LINE('',#4316,#4317);
#3433=LINE('',#4318,#4319);
#3434=VERTEX_POINT('',#4320);
#3435=LINE('',#4321,#4322);
#3436=VERTEX_POINT('',#4323);
#3437=LINE('',#4324,#4325);
#3438=LINE('',#4326,#4327);
#3439=VERTEX_POINT('',#4328);
#3440=VERTEX_POINT('',#4329);
#3441=LINE('',#4330,#4331);
#3442=VERTEX_POINT('',#4332);
#3443=LINE('',#4333,#4334);
#3444=VERTEX_POINT('',#4335);
#3445=LINE('',#4336,#4337);
#3446=VERTEX_POINT('',#4338);
#3447=LINE('',#4339,#4340);
#3448=VERTEX_POINT('',#4341);
#3449=LINE('',#4342,#4343);
#3450=VERTEX_POINT('',#4344);
#3451=LINE('',#4345,#4346);
#3452=VERTEX_POINT('',#4347);
#3453=LINE('',#4348,#4349);
#3454=LINE('',#4350,#4351);
#3455=VERTEX_POINT('',#4352);
#3456=VERTEX_POINT('',#4353);
#3457=LINE('',#4354,#4355);
#3458=VERTEX_POINT('',#4356);
#3459=LINE('',#4357,#4358);
#3460=LINE('',#4359,#4360);
#3461=LINE('',#4361,#4362);
#3462=LINE('',#4363,#4364);
#3463=LINE('',#4365,#4366);
#3464=VERTEX_POINT('',#4367);
#3465=VERTEX_POINT('',#4368);
#3466=LINE('',#4369,#4370);
#3467=LINE('',#4371,#4372);
#3468=LINE('',#4373,#4374);
#3469=LINE('',#4375,#4376);
#3470=VERTEX_POINT('',#4377);
#3471=LINE('',#4378,#4379);
#3472=VERTEX_POINT('',#4380);
#3473=LINE('',#4381,#4382);
#3474=VERTEX_POINT('',#4383);
#3475=LINE('',#4384,#4385);
#3476=VERTEX_POINT('',#4386);
#3477=LINE('',#4387,#4388);
#3478=VERTEX_POINT('',#4389);
#3479=LINE('',#4390,#4391);
#3480=LINE('',#4392,#4393);
#3481=VERTEX_POINT('',#4394);
#3482=LINE('',#4395,#4396);
#3483=LINE('',#4397,#4398);
#3484=VERTEX_POINT('',#4399);
#3485=VERTEX_POINT('',#4400);
#3486=LINE('',#4401,#4402);
#3487=LINE('',#4403,#4404);
#3488=LINE('',#4405,#4406);
#3489=VERTEX_POINT('',#4407);
#3490=LINE('',#4408,#4409);
#3491=VERTEX_POINT('',#4410);
#3492=LINE('',#4411,#4412);
#3493=LINE('',#4413,#4414);
#3494=LINE('',#4415,#4416);
#3495=VERTEX_POINT('',#4417);
#3496=LINE('',#4418,#4419);
#3497=VERTEX_POINT('',#4420);
#3498=LINE('',#4421,#4422);
#3499=VERTEX_POINT('',#4423);
#3500=LINE('',#4424,#4425);
#3501=VERTEX_POINT('',#4426);
#3502=LINE('',#4427,#4428);
#3503=VERTEX_POINT('',#4429);
#3504=LINE('',#4430,#4431);
#3505=VERTEX_POINT('',#4432);
#3506=LINE('',#4433,#4434);
#3507=VERTEX_POINT('',#4435);
#3508=LINE('',#4436,#4437);
#3509=VERTEX_POINT('',#4438);
#3510=LINE('',#4439,#4440);
#3511=VERTEX_POINT('',#4441);
#3512=LINE('',#4442,#4443);
#3513=VERTEX_POINT('',#4444);
#3514=LINE('',#4445,#4446);
#3515=VERTEX_POINT('',#4447);
#3516=LINE('',#4448,#4449);
#3517=VERTEX_POINT('',#4450);
#3518=LINE('',#4451,#4452);
#3519=VERTEX_POINT('',#4453);
#3520=LINE('',#4454,#4455);
#3521=VERTEX_POINT('',#4456);
#3522=LINE('',#4457,#4458);
#3523=VERTEX_POINT('',#4459);
#3524=LINE('',#4460,#4461);
#3525=VERTEX_POINT('',#4462);
#3526=LINE('',#4463,#4464);
#3527=VERTEX_POINT('',#4465);
#3528=LINE('',#4466,#4467);
#3529=VERTEX_POINT('',#4468);
#3530=LINE('',#4469,#4470);
#3531=VERTEX_POINT('',#4471);
#3532=LINE('',#4472,#4473);
#3533=VERTEX_POINT('',#4474);
#3534=LINE('',#4475,#4476);
#3535=VERTEX_POINT('',#4477);
#3536=LINE('',#4478,#4479);
#3537=VERTEX_POINT('',#4480);
#3538=LINE('',#4481,#4482);
#3539=VERTEX_POINT('',#4483);
#3540=LINE('',#4484,#4485);
#3541=VERTEX_POINT('',#4486);
#3542=LINE('',#4487,#4488);
#3543=VERTEX_POINT('',#4489);
#3544=LINE('',#4490,#4491);
#3545=VERTEX_POINT('',#4492);
#3546=LINE('',#4493,#4494);
#3547=VERTEX_POINT('',#4495);
#3548=LINE('',#4496,#4497);
#3549=VERTEX_POINT('',#4498);
#3550=LINE('',#4499,#4500);
#3551=VERTEX_POINT('',#4501);
#3552=LINE('',#4502,#4503);
#3553=VERTEX_POINT('',#4504);
#3554=LINE('',#4505,#4506);
#3555=VERTEX_POINT('',#4507);
#3556=LINE('',#4508,#4509);
#3557=VERTEX_POINT('',#4510);
#3558=LINE('',#4511,#4512);
#3559=VERTEX_POINT('',#4513);
#3560=LINE('',#4514,#4515);
#3561=VERTEX_POINT('',#4516);
#3562=LINE('',#4517,#4518);
#3563=VERTEX_POINT('',#4519);
#3564=LINE('',#4520,#4521);
#3565=VERTEX_POINT('',#4522);
#3566=LINE('',#4523,#4524);
#3567=LINE('',#4525,#4526);
#3568=VERTEX_POINT('',#4527);
#3569=VERTEX_POINT('',#4528);
#3570=LINE('',#4529,#4530);
#3571=VERTEX_POINT('',#4531);
#3572=LINE('',#4532,#4533);
#3573=VERTEX_POINT('',#4534);
#3574=LINE('',#4535,#4536);
#3575=LINE('',#4537,#4538);
#3576=VERTEX_POINT('',#4539);
#3577=VERTEX_POINT('',#4540);
#3578=LINE('',#4541,#4542);
#3579=VERTEX_POINT('',#4543);
#3580=LINE('',#4544,#4545);
#3581=VERTEX_POINT('',#4546);
#3582=LINE('',#4547,#4548);
#3583=LINE('',#4549,#4550);
#3584=VERTEX_POINT('',#4551);
#3585=VERTEX_POINT('',#4552);
#3586=LINE('',#4553,#4554);
#3587=VERTEX_POINT('',#4555);
#3588=LINE('',#4556,#4557);
#3589=VERTEX_POINT('',#4558);
#3590=LINE('',#4559,#4560);
#3591=LINE('',#4561,#4562);
#3592=VERTEX_POINT('',#4563);
#3593=LINE('',#4564,#4565);
#3594=VERTEX_POINT('',#4566);
#3595=LINE('',#4567,#4568);
#3596=LINE('',#4569,#4570);
#3597=VERTEX_POINT('',#4571);
#3598=LINE('',#4572,#4573);
#3599=VERTEX_POINT('',#4574);
#3600=LINE('',#4575,#4576);
#3601=VERTEX_POINT('',#4577);
#3602=LINE('',#4578,#4579);
#3603=VERTEX_POINT('',#4580);
#3604=LINE('',#4581,#4582);
#3605=VERTEX_POINT('',#4583);
#3606=LINE('',#4584,#4585);
#3607=LINE('',#4586,#4587);
#3608=VERTEX_POINT('',#4588);
#3609=LINE('',#4589,#4590);
#3610=VERTEX_POINT('',#4591);
#3611=LINE('',#4592,#4593);
#3612=LINE('',#4594,#4595);
#3613=LINE('',#4596,#4597);
#3614=LINE('',#4598,#4599);
#3615=VERTEX_POINT('',#4600);
#3616=LINE('',#4601,#4602);
#3617=VERTEX_POINT('',#4603);
#3618=LINE('',#4604,#4605);
#3619=VERTEX_POINT('',#4606);
#3620=LINE('',#4607,#4608);
#3621=LINE('',#4609,#4610);
#3622=LINE('',#4611,#4612);
#3623=VERTEX_POINT('',#4613);
#3624=LINE('',#4614,#4615);
#3625=VERTEX_POINT('',#4616);
#3626=LINE('',#4617,#4618);
#3627=LINE('',#4619,#4620);
#3628=VERTEX_POINT('',#4621);
#3629=LINE('',#4622,#4623);
#3630=LINE('',#4624,#4625);
#3631=LINE('',#4626,#4627);
#3632=LINE('',#4628,#4629);
#3633=VERTEX_POINT('',#4630);
#3634=LINE('',#4631,#4632);
#3635=LINE('',#4633,#4634);
#3636=VERTEX_POINT('',#4635);
#3637=LINE('',#4636,#4637);
#3638=VERTEX_POINT('',#4638);
#3639=LINE('',#4639,#4640);
#3640=VERTEX_POINT('',#4641);
#3641=LINE('',#4642,#4643);
#3642=VERTEX_POINT('',#4644);
#3643=LINE('',#4645,#4646);
#3644=VERTEX_POINT('',#4647);
#3645=LINE('',#4648,#4649);
#3646=LINE('',#4650,#4651);
#3647=VERTEX_POINT('',#4652);
#3648=LINE('',#4653,#4654);
#3649=VERTEX_POINT('',#4655);
#3650=LINE('',#4656,#4657);
#3651=LINE('',#4658,#4659);
#3652=VERTEX_POINT('',#4660);
#3653=LINE('',#4661,#4662);
#3654=LINE('',#4663,#4664);
#3655=VERTEX_POINT('',#4665);
#3656=LINE('',#4666,#4667);
#3657=LINE('',#4668,#4669);
#3658=VERTEX_POINT('',#4670);
#3659=LINE('',#4671,#4672);
#3660=LINE('',#4673,#4674);
#3661=VERTEX_POINT('',#4675);
#3662=LINE('',#4676,#4677);
#3663=LINE('',#4678,#4679);
#3664=VERTEX_POINT('',#4680);
#3665=VERTEX_POINT('',#4681);
#3666=LINE('',#4682,#4683);
#3667=LINE('',#4684,#4685);
#3668=LINE('',#4686,#4687);
#3669=VERTEX_POINT('',#4688);
#3670=LINE('',#4689,#4690);
#3671=VERTEX_POINT('',#4691);
#3672=LINE('',#4692,#4693);
#3673=LINE('',#4694,#4695);
#3674=VERTEX_POINT('',#4696);
#3675=LINE('',#4697,#4698);
#3676=VERTEX_POINT('',#4699);
#3677=CIRCLE('',#4700,0.3);
#3678=VERTEX_POINT('',#4701);
#3679=LINE('',#4702,#4703);
#3680=VERTEX_POINT('',#4704);
#3681=LINE('',#4705,#4706);
#3682=VERTEX_POINT('',#4707);
#3683=LINE('',#4708,#4709);
#3684=VERTEX_POINT('',#4710);
#3685=CIRCLE('',#4711,0.05);
#3686=LINE('',#4712,#4713);
#3687=VERTEX_POINT('',#4714);
#3688=VERTEX_POINT('',#4715);
#3689=LINE('',#4716,#4717);
#3690=VERTEX_POINT('',#4718);
#3691=CIRCLE('',#4719,0.05);
#3692=VERTEX_POINT('',#4720);
#3693=LINE('',#4721,#4722);
#3694=VERTEX_POINT('',#4723);
#3695=LINE('',#4724,#4725);
#3696=VERTEX_POINT('',#4726);
#3697=LINE('',#4727,#4728);
#3698=VERTEX_POINT('',#4729);
#3699=CIRCLE('',#4730,0.3);
#3700=VERTEX_POINT('',#4731);
#3701=LINE('',#4732,#4733);
#3702=LINE('',#4734,#4735);
#3703=VERTEX_POINT('',#4736);
#3704=LINE('',#4737,#4738);
#3705=VERTEX_POINT('',#4739);
#3706=LINE('',#4740,#4741);
#3707=VERTEX_POINT('',#4742);
#3708=LINE('',#4743,#4744);
#3709=LINE('',#4745,#4746);
#3710=VERTEX_POINT('',#4747);
#3711=LINE('',#4748,#4749);
#3712=LINE('',#4750,#4751);
#3713=VERTEX_POINT('',#4752);
#3714=LINE('',#4753,#4754);
#3715=LINE('',#4755,#4756);
#3716=B_SPLINE_CURVE_WITH_KNOTS('',3,(#4757,#4758,#4759,#4760),.UNSPECIFIED.,.F.,.F.,(4,4),(0.0,1.0),.UNSPECIFIED.);
#3717=VERTEX_POINT('',#4761);
#3718=CIRCLE('',#4762,0.05);
#3719=VERTEX_POINT('',#4763);
#3720=LINE('',#4764,#4765);
#3721=B_SPLINE_CURVE_WITH_KNOTS('',3,(#4766,#4767,#4768,#4769),.UNSPECIFIED.,.F.,.F.,(4,4),(0.0,1.0),.UNSPECIFIED.);
#3722=VERTEX_POINT('',#4770);
#3723=LINE('',#4771,#4772);
#3724=LINE('',#4773,#4774);
#3725=VERTEX_POINT('',#4775);
#3726=LINE('',#4776,#4777);
#3727=LINE('',#4778,#4779);
#3728=VERTEX_POINT('',#4780);
#3729=LINE('',#4781,#4782);
#3730=VERTEX_POINT('',#4783);
#3731=LINE('',#4784,#4785);
#3732=LINE('',#4786,#4787);
#3733=LINE('',#4788,#4789);
#3734=VERTEX_POINT('',#4790);
#3735=VERTEX_POINT('',#4791);
#3736=LINE('',#4792,#4793);
#3737=LINE('',#4794,#4795);
#3738=LINE('',#4796,#4797);
#3739=VERTEX_POINT('',#4798);
#3740=LINE('',#4799,#4800);
#3741=LINE('',#4801,#4802);
#3742=VERTEX_POINT('',#4803);
#3743=LINE('',#4804,#4805);
#3744=VERTEX_POINT('',#4806);
#3745=CIRCLE('',#4807,0.3);
#3746=VERTEX_POINT('',#4808);
#3747=LINE('',#4809,#4810);
#3748=VERTEX_POINT('',#4811);
#3749=LINE('',#4812,#4813);
#3750=CIRCLE('',#4814,0.3);
#3751=VERTEX_POINT('',#4815);
#3752=LINE('',#4816,#4817);
#3753=LINE('',#4818,#4819);
#3754=VERTEX_POINT('',#4820);
#3755=VERTEX_POINT('',#4821);
#3756=LINE('',#4822,#4823);
#3757=VERTEX_POINT('',#4824);
#3758=LINE('',#4825,#4826);
#3759=CIRCLE('',#4827,0.3);
#3760=LINE('',#4828,#4829);
#3761=LINE('',#4830,#4831);
#3762=VERTEX_POINT('',#4832);
#3763=LINE('',#4833,#4834);
#3764=LINE('',#4835,#4836);
#3765=VERTEX_POINT('',#4837);
#3766=LINE('',#4838,#4839);
#3767=LINE('',#4840,#4841);
#3768=LINE('',#4842,#4843);
#3769=LINE('',#4844,#4845);
#3770=VERTEX_POINT('',#4846);
#3771=LINE('',#4847,#4848);
#3772=CIRCLE('',#4849,0.3);
#3773=VERTEX_POINT('',#4850);
#3774=CIRCLE('',#4851,0.05);
#3775=VERTEX_POINT('',#4852);
#3776=LINE('',#4853,#4854);
#3777=VERTEX_POINT('',#4855);
#3778=LINE('',#4856,#4857);
#3779=LINE('',#4858,#4859);
#3780=VERTEX_POINT('',#4860);
#3781=VERTEX_POINT('',#4861);
#3782=LINE('',#4862,#4863);
#3783=VERTEX_POINT('',#4864);
#3784=CIRCLE('',#4865,0.3);
#3785=VERTEX_POINT('',#4866);
#3786=LINE('',#4867,#4868);
#3787=VERTEX_POINT('',#4869);
#3788=LINE('',#4870,#4871);
#3789=VERTEX_POINT('',#4872);
#3790=LINE('',#4873,#4874);
#3791=VERTEX_POINT('',#4875);
#3792=CIRCLE('',#4876,0.05);
#3793=VERTEX_POINT('',#4877);
#3794=LINE('',#4878,#4879);
#3795=VERTEX_POINT('',#4880);
#3796=LINE('',#4881,#4882);
#3797=VERTEX_POINT('',#4883);
#3798=CIRCLE('',#4884,0.05);
#3799=VERTEX_POINT('',#4885);
#3800=LINE('',#4886,#4887);
#3801=VERTEX_POINT('',#4888);
#3802=LINE('',#4889,#4890);
#3803=VERTEX_POINT('',#4891);
#3804=LINE('',#4892,#4893);
#3805=VERTEX_POINT('',#4894);
#3806=CIRCLE('',#4895,0.3);
#3807=LINE('',#4896,#4897);
#3808=VERTEX_POINT('',#4898);
#3809=LINE('',#4899,#4900);
#3810=VERTEX_POINT('',#4901);
#3811=LINE('',#4902,#4903);
#3812=LINE('',#4904,#4905);
#3813=VERTEX_POINT('',#4906);
#3814=LINE('',#4907,#4908);
#3815=LINE('',#4909,#4910);
#3816=LINE('',#4911,#4912);
#3817=VERTEX_POINT('',#4913);
#3818=LINE('',#4914,#4915);
#3819=LINE('',#4916,#4917);
#3820=LINE('',#4918,#4919);
#3821=LINE('',#4920,#4921);
#3822=LINE('',#4922,#4923);
#3823=VERTEX_POINT('',#4924);
#3824=LINE('',#4925,#4926);
#3825=VERTEX_POINT('',#4927);
#3826=LINE('',#4928,#4929);
#3827=LINE('',#4930,#4931);
#3828=LINE('',#4932,#4933);
#3829=VERTEX_POINT('',#4934);
#3830=LINE('',#4935,#4936);
#3831=LINE('',#4937,#4938);
#3832=LINE('',#4939,#4940);
#3833=LINE('',#4941,#4942);
#3834=VERTEX_POINT('',#4943);
#3835=VERTEX_POINT('',#4944);
#3836=LINE('',#4945,#4946);
#3837=LINE('',#4947,#4948);
#3838=LINE('',#4949,#4950);
#3839=LINE('',#4951,#4952);
#3840=LINE('',#4953,#4954);
#3841=LINE('',#4955,#4956);
#3842=VERTEX_POINT('',#4957);
#3843=LINE('',#4958,#4959);
#3844=LINE('',#4960,#4961);
#3845=VERTEX_POINT('',#4962);
#3846=LINE('',#4963,#4964);
#3847=VERTEX_POINT('',#4965);
#3848=LINE('',#4966,#4967);
#3849=LINE('',#4968,#4969);
#3850=LINE('',#4970,#4971);
#3851=LINE('',#4972,#4973);
#3852=VERTEX_POINT('',#4974);
#3853=LINE('',#4975,#4976);
#3854=LINE('',#4977,#4978);
#3855=LINE('',#4979,#4980);
#3856=VERTEX_POINT('',#4981);
#3857=LINE('',#4982,#4983);
#3858=VERTEX_POINT('',#4984);
#3859=LINE('',#4985,#4986);
#3860=B_SPLINE_CURVE_WITH_KNOTS('',3,(#4987,#4988,#4989,#4990),.UNSPECIFIED.,.F.,.F.,(4,4),(0.0,1.0),.UNSPECIFIED.);
#3861=LINE('',#4991,#4992);
#3862=B_SPLINE_CURVE_WITH_KNOTS('',3,(#4993,#4994,#4995,#4996),.UNSPECIFIED.,.F.,.F.,(4,4),(0.0,1.0),.UNSPECIFIED.);
#3863=LINE('',#4997,#4998);
#3864=LINE('',#4999,#5000);
#3865=LINE('',#5001,#5002);
#3866=LINE('',#5003,#5004);
#3867=VERTEX_POINT('',#5005);
#3868=LINE('',#5006,#5007);
#3869=VERTEX_POINT('',#5008);
#3870=LINE('',#5009,#5010);
#3871=LINE('',#5011,#5012);
#3872=VERTEX_POINT('',#5013);
#3873=LINE('',#5014,#5015);
#3874=LINE('',#5016,#5017);
#3875=LINE('',#5018,#5019);
#3876=VERTEX_POINT('',#5020);
#3877=LINE('',#5021,#5022);
#3878=LINE('',#5023,#5024);
#3879=LINE('',#5025,#5026);
#3880=VERTEX_POINT('',#5027);
#3881=LINE('',#5028,#5029);
#3882=LINE('',#5030,#5031);
#3883=VERTEX_POINT('',#5032);
#3884=LINE('',#5033,#5034);
#3885=LINE('',#5035,#5036);
#3886=VERTEX_POINT('',#5037);
#3887=LINE('',#5038,#5039);
#3888=LINE('',#5040,#5041);
#3889=LINE('',#5042,#5043);
#3890=VERTEX_POINT('',#5044);
#3891=VERTEX_POINT('',#5045);
#3892=LINE('',#5046,#5047);
#3893=LINE('',#5048,#5049);
#3894=LINE('',#5050,#5051);
#3895=VERTEX_POINT('',#5052);
#3896=LINE('',#5053,#5054);
#3897=VERTEX_POINT('',#5055);
#3898=LINE('',#5056,#5057);
#3899=LINE('',#5058,#5059);
#3900=VERTEX_POINT('',#5060);
#3901=LINE('',#5061,#5062);
#3902=LINE('',#5063,#5064);
#3903=VERTEX_POINT('',#5065);
#3904=LINE('',#5066,#5067);
#3905=LINE('',#5068,#5069);
#3906=VERTEX_POINT('',#5070);
#3907=LINE('',#5071,#5072);
#3908=LINE('',#5073,#5074);
#3909=VERTEX_POINT('',#5075);
#3910=LINE('',#5076,#5077);
#3911=LINE('',#5078,#5079);
#3912=VERTEX_POINT('',#5080);
#3913=LINE('',#5081,#5082);
#3914=LINE('',#5083,#5084);
#3915=VERTEX_POINT('',#5085);
#3916=LINE('',#5086,#5087);
#3917=LINE('',#5088,#5089);
#3918=VERTEX_POINT('',#5090);
#3919=VERTEX_POINT('',#5091);
#3920=LINE('',#5092,#5093);
#3921=VERTEX_POINT('',#5094);
#3922=LINE('',#5095,#5096);
#3923=VERTEX_POINT('',#5097);
#3924=LINE('',#5098,#5099);
#3925=VERTEX_POINT('',#5100);
#3926=LINE('',#5101,#5102);
#3927=VERTEX_POINT('',#5103);
#3928=LINE('',#5104,#5105);
#3929=VERTEX_POINT('',#5106);
#3930=LINE('',#5107,#5108);
#3931=VERTEX_POINT('',#5109);
#3932=LINE('',#5110,#5111);
#3933=LINE('',#5112,#5113);
#3934=VERTEX_POINT('',#5114);
#3935=LINE('',#5115,#5116);
#3936=LINE('',#5117,#5118);
#3937=LINE('',#5119,#5120);
#3938=LINE('',#5121,#5122);
#3939=LINE('',#5123,#5124);
#3940=VERTEX_POINT('',#5125);
#3941=VERTEX_POINT('',#5126);
#3942=LINE('',#5127,#5128);
#3943=VERTEX_POINT('',#5129);
#3944=LINE('',#5130,#5131);
#3945=VERTEX_POINT('',#5132);
#3946=LINE('',#5133,#5134);
#3947=LINE('',#5135,#5136);
#3948=LINE('',#5137,#5138);
#3949=LINE('',#5139,#5140);
#3950=LINE('',#5141,#5142);
#3951=LINE('',#5143,#5144);
#3952=LINE('',#5145,#5146);
#3953=LINE('',#5147,#5148);
#3954=VERTEX_POINT('',#5149);
#3955=VERTEX_POINT('',#5150);
#3956=LINE('',#5151,#5152);
#3957=VERTEX_POINT('',#5153);
#3958=LINE('',#5154,#5155);
#3959=VERTEX_POINT('',#5156);
#3960=LINE('',#5157,#5158);
#3961=LINE('',#5159,#5160);
#3962=VERTEX_POINT('',#5161);
#3963=LINE('',#5162,#5163);
#3964=VERTEX_POINT('',#5164);
#3965=LINE('',#5165,#5166);
#3966=VERTEX_POINT('',#5167);
#3967=LINE('',#5168,#5169);
#3968=VERTEX_POINT('',#5170);
#3969=LINE('',#5171,#5172);
#3970=VERTEX_POINT('',#5173);
#3971=LINE('',#5174,#5175);
#3972=VERTEX_POINT('',#5176);
#3973=LINE('',#5177,#5178);
#3974=VERTEX_POINT('',#5179);
#3975=LINE('',#5180,#5181);
#3976=VERTEX_POINT('',#5182);
#3977=LINE('',#5183,#5184);
#3978=LINE('',#5185,#5186);
#3979=VERTEX_POINT('',#5187);
#3980=LINE('',#5188,#5189);
#3981=LINE('',#5190,#5191);
#3982=VERTEX_POINT('',#5192);
#3983=LINE('',#5193,#5194);
#3984=VERTEX_POINT('',#5195);
#3985=LINE('',#5196,#5197);
#3986=VERTEX_POINT('',#5198);
#3987=LINE('',#5199,#5200);
#3988=VERTEX_POINT('',#5201);
#3989=LINE('',#5202,#5203);
#3990=VERTEX_POINT('',#5204);
#3991=LINE('',#5205,#5206);
#3992=VERTEX_POINT('',#5207);
#3993=LINE('',#5208,#5209);
#3994=VERTEX_POINT('',#5210);
#3995=LINE('',#5211,#5212);
#3996=LINE('',#5213,#5214);
#3997=LINE('',#5215,#5216);
#3998=LINE('',#5217,#5218);
#3999=LINE('',#5219,#5220);
#4000=LINE('',#5221,#5222);
#4001=LINE('',#5223,#5224);
#4002=LINE('',#5225,#5226);
#4003=LINE('',#5227,#5228);
#4004=VERTEX_POINT('',#5229);
#4005=LINE('',#5230,#5231);
#4006=LINE('',#5232,#5233);
#4007=LINE('',#5234,#5235);
#4008=LINE('',#5236,#5237);
#4009=VERTEX_POINT('',#5238);
#4010=LINE('',#5239,#5240);
#4011=VERTEX_POINT('',#5241);
#4012=LINE('',#5242,#5243);
#4013=VERTEX_POINT('',#5244);
#4014=LINE('',#5245,#5246);
#4015=VERTEX_POINT('',#5247);
#4016=LINE('',#5248,#5249);
#4017=VERTEX_POINT('',#5250);
#4018=LINE('',#5251,#5252);
#4019=VERTEX_POINT('',#5253);
#4020=LINE('',#5254,#5255);
#4021=VERTEX_POINT('',#5256);
#4022=LINE('',#5257,#5258);
#4023=VERTEX_POINT('',#5259);
#4024=LINE('',#5260,#5261);
#4025=LINE('',#5262,#5263);
#4026=VERTEX_POINT('',#5264);
#4027=LINE('',#5265,#5266);
#4028=LINE('',#5267,#5268);
#4029=VERTEX_POINT('',#5269);
#4030=LINE('',#5270,#5271);
#4031=VERTEX_POINT('',#5272);
#4032=LINE('',#5273,#5274);
#4033=VERTEX_POINT('',#5275);
#4034=LINE('',#5276,#5277);
#4035=VERTEX_POINT('',#5278);
#4036=LINE('',#5279,#5280);
#4037=VERTEX_POINT('',#5281);
#4038=LINE('',#5282,#5283);
#4039=VERTEX_POINT('',#5284);
#4040=LINE('',#5285,#5286);
#4041=VERTEX_POINT('',#5287);
#4042=LINE('',#5288,#5289);
#4043=LINE('',#5290,#5291);
#4044=LINE('',#5292,#5293);
#4045=LINE('',#5294,#5295);
#4046=LINE('',#5296,#5297);
#4047=LINE('',#5298,#5299);
#4048=LINE('',#5300,#5301);
#4049=LINE('',#5302,#5303);
#4050=LINE('',#5304,#5305);
#4051=VERTEX_POINT('',#5306);
#4052=LINE('',#5307,#5308);
#4053=LINE('',#5309,#5310);
#4054=VERTEX_POINT('',#5311);
#4055=LINE('',#5312,#5313);
#4056=VERTEX_POINT('',#5314);
#4057=LINE('',#5315,#5316);
#4058=LINE('',#5317,#5318);
#4059=VERTEX_POINT('',#5319);
#4060=LINE('',#5320,#5321);
#4061=LINE('',#5322,#5323);
#4062=VERTEX_POINT('',#5324);
#4063=LINE('',#5325,#5326);
#4064=LINE('',#5327,#5328);
#4065=LINE('',#5329,#5330);
#4066=VERTEX_POINT('',#5331);
#4067=LINE('',#5332,#5333);
#4068=LINE('',#5334,#5335);
#4069=VERTEX_POINT('',#5336);
#4070=LINE('',#5337,#5338);
#4071=LINE('',#5339,#5340);
#4072=LINE('',#5341,#5342);
#4073=LINE('',#5343,#5344);
#4074=LINE('',#5345,#5346);
#4075=LINE('',#5347,#5348);
#4076=LINE('',#5349,#5350);
#4077=LINE('',#5351,#5352);
#4078=VERTEX_POINT('',#5353);
#4079=LINE('',#5354,#5355);
#4080=VERTEX_POINT('',#5356);
#4081=LINE('',#5357,#5358);
#4082=LINE('',#5359,#5360);
#4083=VERTEX_POINT('',#5361);
#4084=LINE('',#5362,#5363);
#4085=LINE('',#5364,#5365);
#4086=VERTEX_POINT('',#5366);
#4087=LINE('',#5367,#5368);
#4088=LINE('',#5369,#5370);
#4089=LINE('',#5371,#5372);
#4090=VERTEX_POINT('',#5373);
#4091=LINE('',#5374,#5375);
#4092=VERTEX_POINT('',#5376);
#4093=LINE('',#5377,#5378);
#4094=LINE('',#5379,#5380);
#4095=VERTEX_POINT('',#5381);
#4096=LINE('',#5382,#5383);
#4097=LINE('',#5384,#5385);
#4098=VERTEX_POINT('',#5386);
#4099=LINE('',#5387,#5388);
#4100=LINE('',#5389,#5390);
#4101=LINE('',#5391,#5392);
#4102=VERTEX_POINT('',#5393);
#4103=LINE('',#5394,#5395);
#4104=VERTEX_POINT('',#5396);
#4105=LINE('',#5397,#5398);
#4106=LINE('',#5399,#5400);
#4107=VERTEX_POINT('',#5401);
#4108=LINE('',#5402,#5403);
#4109=LINE('',#5404,#5405);
#4110=VERTEX_POINT('',#5406);
#4111=LINE('',#5407,#5408);
#4112=LINE('',#5409,#5410);
#4113=LINE('',#5411,#5412);
#4114=VERTEX_POINT('',#5413);
#4115=LINE('',#5414,#5415);
#4116=VERTEX_POINT('',#5416);
#4117=LINE('',#5417,#5418);
#4118=LINE('',#5419,#5420);
#4119=VERTEX_POINT('',#5421);
#4120=LINE('',#5422,#5423);
#4121=LINE('',#5424,#5425);
#4122=VERTEX_POINT('',#5426);
#4123=LINE('',#5427,#5428);
#4124=LINE('',#5429,#5430);
#4125=LINE('',#5431,#5432);
#4126=VERTEX_POINT('',#5433);
#4127=LINE('',#5434,#5435);
#4128=VERTEX_POINT('',#5436);
#4129=LINE('',#5437,#5438);
#4130=LINE('',#5439,#5440);
#4131=VERTEX_POINT('',#5441);
#4132=LINE('',#5442,#5443);
#4133=LINE('',#5444,#5445);
#4134=VERTEX_POINT('',#5446);
#4135=LINE('',#5447,#5448);
#4136=LINE('',#5449,#5450);
#4137=LINE('',#5451,#5452);
#4138=VERTEX_POINT('',#5453);
#4139=LINE('',#5454,#5455);
#4140=LINE('',#5456,#5457);
#4141=VERTEX_POINT('',#5458);
#4142=LINE('',#5459,#5460);
#4143=LINE('',#5461,#5462);
#4144=LINE('',#5463,#5464);
#4145=VERTEX_POINT('',#5465);
#4146=LINE('',#5466,#5467);
#4147=VERTEX_POINT('',#5468);
#4148=LINE('',#5469,#5470);
#4149=LINE('',#5471,#5472);
#4150=VERTEX_POINT('',#5473);
#4151=LINE('',#5474,#5475);
#4152=LINE('',#5476,#5477);
#4153=VERTEX_POINT('',#5478);
#4154=LINE('',#5479,#5480);
#4155=LINE('',#5481,#5482);
#4156=LINE('',#5483,#5484);
#4157=EDGE_CURVE('',#5485,#5486,#5487,.T.);
#4158=EDGE_CURVE('',#5486,#5488,#5489,.T.);
#4159=EDGE_CURVE('',#5490,#5488,#5491,.T.);
#4160=EDGE_CURVE('',#5485,#5490,#5492,.T.);
#4161=EDGE_CURVE('',#5486,#5493,#5494,.T.);
#4162=EDGE_CURVE('',#5495,#5485,#5496,.T.);
#4163=EDGE_CURVE('',#5493,#5495,#5497,.T.);
#4164=EDGE_CURVE('',#5493,#5498,#5499,.T.);
#4165=EDGE_CURVE('',#5488,#5498,#5500,.T.);
#4166=EDGE_CURVE('',#5495,#5501,#5502,.T.);
#4167=EDGE_CURVE('',#5498,#5501,#5503,.T.);
#4168=EDGE_CURVE('',#5501,#5490,#5504,.T.);
#4169=EDGE_CURVE('',#5505,#5506,#5507,.T.);
#4170=EDGE_CURVE('',#5508,#5505,#5509,.T.);
#4171=EDGE_CURVE('',#5510,#5508,#5511,.T.);
#4172=EDGE_CURVE('',#5506,#5510,#5512,.T.);
#4173=EDGE_CURVE('',#5506,#5513,#5514,.T.);
#4174=EDGE_CURVE('',#5515,#5513,#5516,.T.);
#4175=EDGE_CURVE('',#5505,#5515,#5517,.T.);
#4176=EDGE_CURVE('',#5510,#5518,#5519,.T.);
#4177=EDGE_CURVE('',#5513,#5518,#5520,.T.);
#4178=EDGE_CURVE('',#5508,#5521,#5522,.T.);
#4179=EDGE_CURVE('',#5518,#5521,#5523,.T.);
#4180=EDGE_CURVE('',#5521,#5515,#5524,.T.);
#4181=CARTESIAN_POINT('',(-0.465,-1.975,-0.075));
#4182=CARTESIAN_POINT('',(-0.465,-0.225,-0.075));
#4183=CARTESIAN_POINT('',(-0.465,-1.975,-0.075));
#4184=VECTOR('',#5525,1.75);
#4185=CARTESIAN_POINT('',(-0.785,-0.225,-0.075));
#4186=CARTESIAN_POINT('',(-0.785,-0.225,-0.075));
#4187=VECTOR('',#5526,0.32);
#4188=CARTESIAN_POINT('',(-0.785,-1.975,-0.075));
#4189=CARTESIAN_POINT('',(-0.785,-1.975,-0.075));
#4190=VECTOR('',#5527,1.75);
#4191=CARTESIAN_POINT('',(-0.785,-1.975,-0.075));
#4192=VECTOR('',#5528,0.32);
#4193=CARTESIAN_POINT('',(-1.525,-1.975,1.2));
#4194=CARTESIAN_POINT('',(-1.175,-1.975,1.2));
#4195=CARTESIAN_POINT('',(-1.525,-1.975,1.2));
#4196=VECTOR('',#5529,0.35);
#4197=CARTESIAN_POINT('',(-1.175,-1.975,1.8));
#4198=CARTESIAN_POINT('',(-1.175,-1.975,1.2));
#4199=VECTOR('',#5530,0.6);
#4200=CARTESIAN_POINT('',(-2.125,-1.975,1.8));
#4201=CARTESIAN_POINT('',(-1.175,-1.975,1.8));
#4202=VECTOR('',#5531,0.95);
#4203=CARTESIAN_POINT('',(-2.125,-1.975,2.1));
#4204=CARTESIAN_POINT('',(-2.125,-1.975,2.1));
#4205=VECTOR('',#5532,0.3);
#4206=CARTESIAN_POINT('',(2.125,-1.975,2.1));
#4207=CARTESIAN_POINT('',(-2.125,-1.975,2.1));
#4208=VECTOR('',#5533,4.25);
#4209=CARTESIAN_POINT('',(2.125,-1.975,1.8));
#4210=CARTESIAN_POINT('',(2.125,-1.975,2.1));
#4211=VECTOR('',#5534,0.3);
#4212=CARTESIAN_POINT('',(1.175,-1.975,1.8));
#4213=CARTESIAN_POINT('',(2.125,-1.975,1.8));
#4214=VECTOR('',#5535,0.95);
#4215=CARTESIAN_POINT('',(1.175,-1.975,1.2));
#4216=CARTESIAN_POINT('',(1.175,-1.975,1.8));
#4217=VECTOR('',#5536,0.6);
#4218=CARTESIAN_POINT('',(1.525,-1.975,1.2));
#4219=CARTESIAN_POINT('',(1.175,-1.975,1.2));
#4220=VECTOR('',#5537,0.35);
#4221=CARTESIAN_POINT('',(1.525,-1.975,0.35));
#4222=CARTESIAN_POINT('',(1.525,-1.975,1.2));
#4223=VECTOR('',#5538,0.85);
#4224=CARTESIAN_POINT('',(1.825,-1.975,0.35));
#4225=CARTESIAN_POINT('',(1.525,-1.975,0.35));
#4226=VECTOR('',#5539,0.3);
#4227=CARTESIAN_POINT('',(1.825,-1.975,-0.4));
#4228=CARTESIAN_POINT('',(1.825,-1.975,0.35));
#4229=VECTOR('',#5540,0.75);
#4230=CARTESIAN_POINT('',(1.525,-1.975,-0.4));
#4231=CARTESIAN_POINT('',(1.825,-1.975,-0.4));
#4232=VECTOR('',#5541,0.3);
#4233=CARTESIAN_POINT('',(1.525,-1.975,-1.2));
#4234=CARTESIAN_POINT('',(1.525,-1.975,-0.4));
#4235=VECTOR('',#5542,0.8);
#4236=CARTESIAN_POINT('',(-1.525,-1.975,-1.2));
#4237=CARTESIAN_POINT('',(1.525,-1.975,-1.2));
#4238=VECTOR('',#5543,3.05);
#4239=CARTESIAN_POINT('',(-1.525,-1.975,-0.4));
#4240=CARTESIAN_POINT('',(-1.525,-1.975,-1.2));
#4241=VECTOR('',#5544,0.8);
#4242=CARTESIAN_POINT('',(-1.825,-1.975,-0.4));
#4243=CARTESIAN_POINT('',(-1.525,-1.975,-0.4));
#4244=VECTOR('',#5545,0.3);
#4245=CARTESIAN_POINT('',(-1.825,-1.975,0.35));
#4246=CARTESIAN_POINT('',(-1.825,-1.975,-0.4));
#4247=VECTOR('',#5546,0.75);
#4248=CARTESIAN_POINT('',(-1.525,-1.975,0.35));
#4249=CARTESIAN_POINT('',(-1.825,-1.975,0.35));
#4250=VECTOR('',#5547,0.3);
#4251=CARTESIAN_POINT('',(-1.525,-1.975,0.35));
#4252=VECTOR('',#5548,0.85);
#4253=CARTESIAN_POINT('',(0.785,-1.975,-0.875));
#4254=CARTESIAN_POINT('',(0.465,-1.975,-0.875));
#4255=CARTESIAN_POINT('',(0.785,-1.975,-0.875));
#4256=VECTOR('',#5549,0.32);
#4257=CARTESIAN_POINT('',(0.785,-1.975,-0.075));
#4258=CARTESIAN_POINT('',(0.785,-1.975,-0.075));
#4259=VECTOR('',#5550,0.8);
#4260=CARTESIAN_POINT('',(0.465,-1.975,-0.075));
#4261=CARTESIAN_POINT('',(0.465,-1.975,-0.075));
#4262=VECTOR('',#5551,0.32);
#4263=CARTESIAN_POINT('',(0.465,-1.975,-0.875));
#4264=VECTOR('',#5552,0.8);
#4265=CARTESIAN_POINT('',(-0.465,-1.975,-0.875));
#4266=CARTESIAN_POINT('',(-0.785,-1.975,-0.875));
#4267=CARTESIAN_POINT('',(-0.465,-1.975,-0.875));
#4268=VECTOR('',#5553,0.32);
#4269=CARTESIAN_POINT('',(-0.465,-1.975,-0.075));
#4270=VECTOR('',#5554,0.8);
#4271=CARTESIAN_POINT('',(-0.785,-1.975,-0.875));
#4272=VECTOR('',#5555,0.8);
#4273=CARTESIAN_POINT('',(-1.525,0.675,-1.2));
#4274=CARTESIAN_POINT('',(-1.525,0.675,-1.2));
#4275=VECTOR('',#5556,2.65);
#4276=CARTESIAN_POINT('',(-1.525,0.675,-0.4));
#4277=CARTESIAN_POINT('',(-1.525,0.675,-1.2));
#4278=VECTOR('',#5557,0.8);
#4279=CARTESIAN_POINT('',(-1.525,-1.975,-0.4));
#4280=VECTOR('',#5558,2.65);
#4281=CARTESIAN_POINT('',(-1.525,0.675,0.35));
#4282=CARTESIAN_POINT('',(-1.525,-1.975,0.35));
#4283=VECTOR('',#5559,2.65);
#4284=CARTESIAN_POINT('',(-1.525,0.675,1.2));
#4285=CARTESIAN_POINT('',(-1.525,0.675,0.35));
#4286=VECTOR('',#5560,0.85);
#4287=CARTESIAN_POINT('',(-1.525,-0.025,1.2));
#4288=CARTESIAN_POINT('',(-1.525,0.675,1.2));
#4289=VECTOR('',#5561,0.7);
#4290=CARTESIAN_POINT('',(-1.525,-0.025,1.5));
#4291=CARTESIAN_POINT('',(-1.525,-0.025,1.2));
#4292=VECTOR('',#5562,0.3);
#4293=CARTESIAN_POINT('',(-1.525,-0.325,1.2));
#4294=CARTESIAN_POINT('',(-1.525,-0.325,1.2));
#4295=VECTOR('',#5563,0.4242640687119);
#4296=CARTESIAN_POINT('',(-1.525,-0.325,1.2));
#4297=VECTOR('',#5564,1.65);
#4298=CARTESIAN_POINT('',(-1.825,0.975,-0.4));
#4299=CARTESIAN_POINT('',(-1.825,0.975,-0.4));
#4300=VECTOR('',#5565,0.4242640687119);
#4301=CARTESIAN_POINT('',(-1.825,0.975,-0.4));
#4302=VECTOR('',#5566,2.95);
#4303=CARTESIAN_POINT('',(-1.825,0.975,0.35));
#4304=CARTESIAN_POINT('',(-1.825,0.975,0.35));
#4305=VECTOR('',#5567,2.95);
#4306=CARTESIAN_POINT('',(-1.825,0.975,-0.4));
#4307=VECTOR('',#5568,0.75);
#4308=CARTESIAN_POINT('',(-0.2,0.975,-1.6));
#4309=CARTESIAN_POINT('',(-2.125,0.975,-1.6));
#4310=CARTESIAN_POINT('',(-0.2,0.975,-1.6));
#4311=VECTOR('',#5569,1.925);
#4312=CARTESIAN_POINT('',(-2.125,0.975,1.2));
#4313=CARTESIAN_POINT('',(-2.125,0.975,-1.6));
#4314=VECTOR('',#5570,2.8);
#4315=CARTESIAN_POINT('',(-1.825,0.975,1.2));
#4316=CARTESIAN_POINT('',(-2.125,0.975,1.2));
#4317=VECTOR('',#5571,0.3);
#4318=CARTESIAN_POINT('',(-1.825,0.975,0.35));
#4319=VECTOR('',#5572,0.85);
#4320=CARTESIAN_POINT('',(-1.825,0.975,-1.5));
#4321=CARTESIAN_POINT('',(-1.825,0.975,-1.5));
#4322=VECTOR('',#5573,1.1);
#4323=CARTESIAN_POINT('',(-0.2,0.975,-1.5));
#4324=CARTESIAN_POINT('',(-0.2,0.975,-1.5));
#4325=VECTOR('',#5574,1.625);
#4326=CARTESIAN_POINT('',(-0.2,0.975,-1.6));
#4327=VECTOR('',#5575,0.1);
#4328=CARTESIAN_POINT('',(1.825,0.975,-1.5));
#4329=CARTESIAN_POINT('',(0.2,0.975,-1.5));
#4330=CARTESIAN_POINT('',(1.825,0.975,-1.5));
#4331=VECTOR('',#5576,1.625);
#4332=CARTESIAN_POINT('',(1.825,0.975,-0.4));
#4333=CARTESIAN_POINT('',(1.825,0.975,-0.4));
#4334=VECTOR('',#5577,1.1);
#4335=CARTESIAN_POINT('',(1.825,0.975,0.35));
#4336=CARTESIAN_POINT('',(1.825,0.975,0.35));
#4337=VECTOR('',#5578,0.75);
#4338=CARTESIAN_POINT('',(1.825,0.975,1.2));
#4339=CARTESIAN_POINT('',(1.825,0.975,1.2));
#4340=VECTOR('',#5579,0.85);
#4341=CARTESIAN_POINT('',(2.125,0.975,1.2));
#4342=CARTESIAN_POINT('',(1.825,0.975,1.2));
#4343=VECTOR('',#5580,0.3);
#4344=CARTESIAN_POINT('',(2.125,0.975,-1.6));
#4345=CARTESIAN_POINT('',(2.125,0.975,1.2));
#4346=VECTOR('',#5581,2.8);
#4347=CARTESIAN_POINT('',(0.2,0.975,-1.6));
#4348=CARTESIAN_POINT('',(2.125,0.975,-1.6));
#4349=VECTOR('',#5582,1.925);
#4350=CARTESIAN_POINT('',(0.2,0.975,-1.6));
#4351=VECTOR('',#5583,0.1);
#4352=CARTESIAN_POINT('',(-0.2,0.675,-1.2));
#4353=CARTESIAN_POINT('',(-0.2,-0.475,-1.2));
#4354=CARTESIAN_POINT('',(-0.2,0.675,-1.2));
#4355=VECTOR('',#5584,1.15);
#4356=CARTESIAN_POINT('',(-0.2,-0.475,-1.6));
#4357=CARTESIAN_POINT('',(-0.2,-0.475,-1.2));
#4358=VECTOR('',#5585,0.4);
#4359=CARTESIAN_POINT('',(-0.2,0.975,-1.6));
#4360=VECTOR('',#5586,1.45);
#4361=CARTESIAN_POINT('',(-0.2,0.975,-1.5));
#4362=VECTOR('',#5587,0.4242640687119);
#4363=CARTESIAN_POINT('',(-1.825,0.975,-1.5));
#4364=VECTOR('',#5588,0.5196152422707);
#4365=CARTESIAN_POINT('',(-0.2,0.675,-1.2));
#4366=VECTOR('',#5589,1.325);
#4367=CARTESIAN_POINT('',(1.525,0.675,-1.2));
#4368=CARTESIAN_POINT('',(0.2,0.675,-1.2));
#4369=CARTESIAN_POINT('',(1.525,0.675,-1.2));
#4370=VECTOR('',#5590,1.325);
#4371=CARTESIAN_POINT('',(1.825,0.975,-1.5));
#4372=VECTOR('',#5591,0.5196152422707);
#4373=CARTESIAN_POINT('',(0.2,0.975,-1.5));
#4374=VECTOR('',#5592,0.4242640687119);
#4375=CARTESIAN_POINT('',(1.525,0.675,-1.2));
#4376=VECTOR('',#5593,2.65);
#4377=CARTESIAN_POINT('',(0.2,-0.475,-1.2));
#4378=CARTESIAN_POINT('',(0.2,0.675,-1.2));
#4379=VECTOR('',#5594,1.15);
#4380=CARTESIAN_POINT('',(0.5,-0.475,-1.2));
#4381=CARTESIAN_POINT('',(0.2,-0.475,-1.2));
#4382=VECTOR('',#5595,0.3);
#4383=CARTESIAN_POINT('',(0.5,-1.625,-1.2));
#4384=CARTESIAN_POINT('',(0.5,-1.625,-1.2));
#4385=VECTOR('',#5596,1.15);
#4386=CARTESIAN_POINT('',(-0.5,-1.625,-1.2));
#4387=CARTESIAN_POINT('',(-0.5,-1.625,-1.2));
#4388=VECTOR('',#5597,1.0);
#4389=CARTESIAN_POINT('',(-0.5,-0.475,-1.2));
#4390=CARTESIAN_POINT('',(-0.5,-1.625,-1.2));
#4391=VECTOR('',#5598,1.15);
#4392=CARTESIAN_POINT('',(-0.5,-0.475,-1.2));
#4393=VECTOR('',#5599,0.3);
#4394=CARTESIAN_POINT('',(-0.55,-0.475,-1.6));
#4395=CARTESIAN_POINT('',(-0.55,-0.475,-1.6));
#4396=VECTOR('',#5600,0.4031128874149);
#4397=CARTESIAN_POINT('',(-0.55,-0.475,-1.6));
#4398=VECTOR('',#5601,0.35);
#4399=CARTESIAN_POINT('',(0.2,-0.475,-1.6));
#4400=CARTESIAN_POINT('',(0.55,-0.475,-1.6));
#4401=CARTESIAN_POINT('',(0.2,-0.475,-1.6));
#4402=VECTOR('',#5602,0.35);
#4403=CARTESIAN_POINT('',(0.5,-0.475,-1.2));
#4404=VECTOR('',#5603,0.4031128874149);
#4405=CARTESIAN_POINT('',(0.2,-0.475,-1.2));
#4406=VECTOR('',#5604,0.4);
#4407=CARTESIAN_POINT('',(-0.55,-1.625,-1.6));
#4408=CARTESIAN_POINT('',(-0.55,-1.625,-1.6));
#4409=VECTOR('',#5605,1.15);
#4410=CARTESIAN_POINT('',(0.55,-1.625,-1.6));
#4411=CARTESIAN_POINT('',(-0.55,-1.625,-1.6));
#4412=VECTOR('',#5606,1.1);
#4413=CARTESIAN_POINT('',(0.55,-1.625,-1.6));
#4414=VECTOR('',#5607,1.15);
#4415=CARTESIAN_POINT('',(0.2,0.975,-1.6));
#4416=VECTOR('',#5608,1.45);
#4417=CARTESIAN_POINT('',(2.125,-0.875,-1.6));
#4418=CARTESIAN_POINT('',(2.125,-0.875,-1.6));
#4419=VECTOR('',#5609,1.85);
#4420=CARTESIAN_POINT('',(2.325,-1.075,-1.6));
#4421=CARTESIAN_POINT('',(2.125,-0.875,-1.6));
#4422=VECTOR('',#5610,0.2828427124746);
#4423=CARTESIAN_POINT('',(3.625,-1.075,-1.6));
#4424=CARTESIAN_POINT('',(2.325,-1.075,-1.6));
#4425=VECTOR('',#5611,1.3);
#4426=CARTESIAN_POINT('',(3.625,-3.075,-1.6));
#4427=CARTESIAN_POINT('',(3.625,-1.075,-1.6));
#4428=VECTOR('',#5612,2.0);
#4429=CARTESIAN_POINT('',(3.325,-3.375,-1.6));
#4430=CARTESIAN_POINT('',(3.625,-3.075,-1.6));
#4431=VECTOR('',#5613,0.4242640687119);
#4432=CARTESIAN_POINT('',(2.815,-3.375,-1.6));
#4433=CARTESIAN_POINT('',(3.325,-3.375,-1.6));
#4434=VECTOR('',#5614,0.51);
#4435=CARTESIAN_POINT('',(2.815,-2.625,-1.6));
#4436=CARTESIAN_POINT('',(2.815,-2.625,-1.6));
#4437=VECTOR('',#5615,0.75);
#4438=CARTESIAN_POINT('',(3.365,-2.625,-1.6));
#4439=CARTESIAN_POINT('',(3.365,-2.625,-1.6));
#4440=VECTOR('',#5616,0.55);
#4441=CARTESIAN_POINT('',(3.365,-1.935,-1.6));
#4442=CARTESIAN_POINT('',(3.365,-1.935,-1.6));
#4443=VECTOR('',#5617,0.69);
#4444=CARTESIAN_POINT('',(2.125,-1.935,-1.6));
#4445=CARTESIAN_POINT('',(2.125,-1.935,-1.6));
#4446=VECTOR('',#5618,1.24);
#4447=CARTESIAN_POINT('',(2.125,-3.375,-1.6));
#4448=CARTESIAN_POINT('',(2.125,-3.375,-1.6));
#4449=VECTOR('',#5619,1.44);
#4450=CARTESIAN_POINT('',(2.125,-3.675,-1.6));
#4451=CARTESIAN_POINT('',(2.125,-3.675,-1.6));
#4452=VECTOR('',#5620,0.3);
#4453=CARTESIAN_POINT('',(1.725,-3.675,-1.6));
#4454=CARTESIAN_POINT('',(2.125,-3.675,-1.6));
#4455=VECTOR('',#5621,0.4);
#4456=CARTESIAN_POINT('',(1.725,-3.475,-1.6));
#4457=CARTESIAN_POINT('',(1.725,-3.675,-1.6));
#4458=VECTOR('',#5622,0.2);
#4459=CARTESIAN_POINT('',(1.05,-3.475,-1.6));
#4460=CARTESIAN_POINT('',(1.725,-3.475,-1.6));
#4461=VECTOR('',#5623,0.675);
#4462=CARTESIAN_POINT('',(1.05,-3.075,-1.6));
#4463=CARTESIAN_POINT('',(1.05,-3.075,-1.6));
#4464=VECTOR('',#5624,0.4);
#4465=CARTESIAN_POINT('',(0.2,-3.075,-1.6));
#4466=CARTESIAN_POINT('',(0.2,-3.075,-1.6));
#4467=VECTOR('',#5625,0.85);
#4468=CARTESIAN_POINT('',(0.2,-3.475,-1.6));
#4469=CARTESIAN_POINT('',(0.2,-3.475,-1.6));
#4470=VECTOR('',#5626,0.4);
#4471=CARTESIAN_POINT('',(-0.2,-3.475,-1.6));
#4472=CARTESIAN_POINT('',(0.2,-3.475,-1.6));
#4473=VECTOR('',#5627,0.4);
#4474=CARTESIAN_POINT('',(-0.2,-3.075,-1.6));
#4475=CARTESIAN_POINT('',(-0.2,-3.075,-1.6));
#4476=VECTOR('',#5628,0.4);
#4477=CARTESIAN_POINT('',(-1.05,-3.075,-1.6));
#4478=CARTESIAN_POINT('',(-1.05,-3.075,-1.6));
#4479=VECTOR('',#5629,0.85);
#4480=CARTESIAN_POINT('',(-1.05,-3.475,-1.6));
#4481=CARTESIAN_POINT('',(-1.05,-3.475,-1.6));
#4482=VECTOR('',#5630,0.4);
#4483=CARTESIAN_POINT('',(-1.725,-3.475,-1.6));
#4484=CARTESIAN_POINT('',(-1.05,-3.475,-1.6));
#4485=VECTOR('',#5631,0.675);
#4486=CARTESIAN_POINT('',(-1.725,-3.675,-1.6));
#4487=CARTESIAN_POINT('',(-1.725,-3.675,-1.6));
#4488=VECTOR('',#5632,0.2);
#4489=CARTESIAN_POINT('',(-2.125,-3.675,-1.6));
#4490=CARTESIAN_POINT('',(-1.725,-3.675,-1.6));
#4491=VECTOR('',#5633,0.4);
#4492=CARTESIAN_POINT('',(-2.125,-3.375,-1.6));
#4493=CARTESIAN_POINT('',(-2.125,-3.675,-1.6));
#4494=VECTOR('',#5634,0.3);
#4495=CARTESIAN_POINT('',(-2.125,-1.935,-1.6));
#4496=CARTESIAN_POINT('',(-2.125,-1.935,-1.6));
#4497=VECTOR('',#5635,1.44);
#4498=CARTESIAN_POINT('',(-3.365,-1.935,-1.6));
#4499=CARTESIAN_POINT('',(-3.365,-1.935,-1.6));
#4500=VECTOR('',#5636,1.24);
#4501=CARTESIAN_POINT('',(-3.365,-2.625,-1.6));
#4502=CARTESIAN_POINT('',(-3.365,-2.625,-1.6));
#4503=VECTOR('',#5637,0.69);
#4504=CARTESIAN_POINT('',(-2.815,-2.625,-1.6));
#4505=CARTESIAN_POINT('',(-2.815,-2.625,-1.6));
#4506=VECTOR('',#5638,0.55);
#4507=CARTESIAN_POINT('',(-2.815,-3.375,-1.6));
#4508=CARTESIAN_POINT('',(-2.815,-3.375,-1.6));
#4509=VECTOR('',#5639,0.75);
#4510=CARTESIAN_POINT('',(-3.325,-3.375,-1.6));
#4511=CARTESIAN_POINT('',(-2.815,-3.375,-1.6));
#4512=VECTOR('',#5640,0.51);
#4513=CARTESIAN_POINT('',(-3.625,-3.075,-1.6));
#4514=CARTESIAN_POINT('',(-3.325,-3.375,-1.6));
#4515=VECTOR('',#5641,0.4242640687119);
#4516=CARTESIAN_POINT('',(-3.625,-1.075,-1.6));
#4517=CARTESIAN_POINT('',(-3.625,-3.075,-1.6));
#4518=VECTOR('',#5642,2.0);
#4519=CARTESIAN_POINT('',(-2.325,-1.075,-1.6));
#4520=CARTESIAN_POINT('',(-3.625,-1.075,-1.6));
#4521=VECTOR('',#5643,1.3);
#4522=CARTESIAN_POINT('',(-2.125,-0.875,-1.6));
#4523=CARTESIAN_POINT('',(-2.325,-1.075,-1.6));
#4524=VECTOR('',#5644,0.2828427124746);
#4525=CARTESIAN_POINT('',(-2.125,-0.875,-1.6));
#4526=VECTOR('',#5645,1.85);
#4527=CARTESIAN_POINT('',(0.825,-2.85,-1.6));
#4528=CARTESIAN_POINT('',(0.825,-2.25,-1.6));
#4529=CARTESIAN_POINT('',(0.825,-2.85,-1.6));
#4530=VECTOR('',#5646,0.6);
#4531=CARTESIAN_POINT('',(1.625,-2.85,-1.6));
#4532=CARTESIAN_POINT('',(0.825,-2.85,-1.6));
#4533=VECTOR('',#5647,0.8);
#4534=CARTESIAN_POINT('',(1.625,-2.25,-1.6));
#4535=CARTESIAN_POINT('',(1.625,-2.85,-1.6));
#4536=VECTOR('',#5648,0.6);
#4537=CARTESIAN_POINT('',(0.825,-2.25,-1.6));
#4538=VECTOR('',#5649,0.8);
#4539=CARTESIAN_POINT('',(-0.425,-2.85,-1.6));
#4540=CARTESIAN_POINT('',(-0.425,-2.25,-1.6));
#4541=CARTESIAN_POINT('',(-0.425,-2.85,-1.6));
#4542=VECTOR('',#5650,0.6);
#4543=CARTESIAN_POINT('',(0.375,-2.85,-1.6));
#4544=CARTESIAN_POINT('',(-0.425,-2.85,-1.6));
#4545=VECTOR('',#5651,0.8);
#4546=CARTESIAN_POINT('',(0.375,-2.25,-1.6));
#4547=CARTESIAN_POINT('',(0.375,-2.85,-1.6));
#4548=VECTOR('',#5652,0.6);
#4549=CARTESIAN_POINT('',(-0.425,-2.25,-1.6));
#4550=VECTOR('',#5653,0.8);
#4551=CARTESIAN_POINT('',(-1.675,-2.85,-1.6));
#4552=CARTESIAN_POINT('',(-1.675,-2.25,-1.6));
#4553=CARTESIAN_POINT('',(-1.675,-2.85,-1.6));
#4554=VECTOR('',#5654,0.6);
#4555=CARTESIAN_POINT('',(-0.875,-2.85,-1.6));
#4556=CARTESIAN_POINT('',(-1.675,-2.85,-1.6));
#4557=VECTOR('',#5655,0.8);
#4558=CARTESIAN_POINT('',(-0.875,-2.25,-1.6));
#4559=CARTESIAN_POINT('',(-0.875,-2.85,-1.6));
#4560=VECTOR('',#5656,0.6);
#4561=CARTESIAN_POINT('',(-1.675,-2.25,-1.6));
#4562=VECTOR('',#5657,0.8);
#4563=CARTESIAN_POINT('',(-2.125,-0.875,1.2));
#4564=CARTESIAN_POINT('',(-2.125,-0.875,-1.6));
#4565=VECTOR('',#5658,2.8);
#4566=CARTESIAN_POINT('',(-2.125,-3.375,1.2));
#4567=CARTESIAN_POINT('',(-2.125,-0.875,1.2));
#4568=VECTOR('',#5659,2.5);
#4569=CARTESIAN_POINT('',(-2.125,-3.375,-1.6));
#4570=VECTOR('',#5660,2.8);
#4571=CARTESIAN_POINT('',(-2.125,-3.675,-0.9));
#4572=CARTESIAN_POINT('',(-2.125,-3.675,-1.6));
#4573=VECTOR('',#5661,0.7);
#4574=CARTESIAN_POINT('',(-2.125,-3.525,-0.9));
#4575=CARTESIAN_POINT('',(-2.125,-3.675,-0.9));
#4576=VECTOR('',#5662,0.15);
#4577=CARTESIAN_POINT('',(-2.125,-3.525,1.2));
#4578=CARTESIAN_POINT('',(-2.125,-3.525,-0.9));
#4579=VECTOR('',#5663,2.1);
#4580=CARTESIAN_POINT('',(-2.125,-3.675,1.2));
#4581=CARTESIAN_POINT('',(-2.125,-3.675,1.2));
#4582=VECTOR('',#5664,0.15);
#4583=CARTESIAN_POINT('',(-2.125,-3.675,2.1));
#4584=CARTESIAN_POINT('',(-2.125,-3.675,1.2));
#4585=VECTOR('',#5665,0.9);
#4586=CARTESIAN_POINT('',(-2.125,-3.675,2.1));
#4587=VECTOR('',#5666,1.7);
#4588=CARTESIAN_POINT('',(-2.125,-0.025,1.8));
#4589=CARTESIAN_POINT('',(-2.125,-0.025,1.8));
#4590=VECTOR('',#5667,1.95);
#4591=CARTESIAN_POINT('',(-2.125,-0.025,1.2));
#4592=CARTESIAN_POINT('',(-2.125,-0.025,1.2));
#4593=VECTOR('',#5668,0.6);
#4594=CARTESIAN_POINT('',(-2.125,0.975,1.2));
#4595=VECTOR('',#5669,1.0);
#4596=CARTESIAN_POINT('',(-2.125,-0.025,1.2));
#4597=VECTOR('',#5670,0.6);
#4598=CARTESIAN_POINT('',(-1.825,0.975,1.2));
#4599=VECTOR('',#5671,0.4242640687119);
#4600=CARTESIAN_POINT('',(1.525,0.675,1.2));
#4601=CARTESIAN_POINT('',(1.825,0.975,1.2));
#4602=VECTOR('',#5672,0.4242640687119);
#4603=CARTESIAN_POINT('',(1.525,-0.025,1.2));
#4604=CARTESIAN_POINT('',(1.525,0.675,1.2));
#4605=VECTOR('',#5673,0.7);
#4606=CARTESIAN_POINT('',(2.125,-0.025,1.2));
#4607=CARTESIAN_POINT('',(1.525,-0.025,1.2));
#4608=VECTOR('',#5674,0.6);
#4609=CARTESIAN_POINT('',(2.125,0.975,1.2));
#4610=VECTOR('',#5675,1.0);
#4611=CARTESIAN_POINT('',(-1.825,0.975,0.35));
#4612=VECTOR('',#5676,0.4242640687119);
#4613=CARTESIAN_POINT('',(-1.175,-0.025,1.8));
#4614=CARTESIAN_POINT('',(-1.175,-0.025,1.8));
#4615=VECTOR('',#5677,0.95);
#4616=CARTESIAN_POINT('',(-1.175,-0.025,1.5));
#4617=CARTESIAN_POINT('',(-1.175,-0.025,1.5));
#4618=VECTOR('',#5678,0.3);
#4619=CARTESIAN_POINT('',(-1.175,-0.025,1.5));
#4620=VECTOR('',#5679,0.35);
#4621=CARTESIAN_POINT('',(-1.175,-0.325,1.2));
#4622=CARTESIAN_POINT('',(-1.175,-0.325,1.2));
#4623=VECTOR('',#5680,0.4242640687119);
#4624=CARTESIAN_POINT('',(-1.175,-0.325,1.2));
#4625=VECTOR('',#5681,0.35);
#4626=CARTESIAN_POINT('',(-1.175,-0.325,1.2));
#4627=VECTOR('',#5682,1.65);
#4628=CARTESIAN_POINT('',(-1.175,-0.025,1.8));
#4629=VECTOR('',#5683,1.95);
#4630=CARTESIAN_POINT('',(2.125,-0.025,1.8));
#4631=CARTESIAN_POINT('',(2.125,-0.025,1.2));
#4632=VECTOR('',#5684,0.6);
#4633=CARTESIAN_POINT('',(2.125,-0.025,1.8));
#4634=VECTOR('',#5685,1.95);
#4635=CARTESIAN_POINT('',(2.125,-3.675,2.1));
#4636=CARTESIAN_POINT('',(2.125,-3.675,2.1));
#4637=VECTOR('',#5686,1.7);
#4638=CARTESIAN_POINT('',(2.125,-3.675,1.2));
#4639=CARTESIAN_POINT('',(2.125,-3.675,2.1));
#4640=VECTOR('',#5687,0.9);
#4641=CARTESIAN_POINT('',(2.125,-3.525,1.2));
#4642=CARTESIAN_POINT('',(2.125,-3.675,1.2));
#4643=VECTOR('',#5688,0.15);
#4644=CARTESIAN_POINT('',(2.125,-3.525,-0.9));
#4645=CARTESIAN_POINT('',(2.125,-3.525,-0.9));
#4646=VECTOR('',#5689,2.1);
#4647=CARTESIAN_POINT('',(2.125,-3.675,-0.9));
#4648=CARTESIAN_POINT('',(2.125,-3.675,-0.9));
#4649=VECTOR('',#5690,0.15);
#4650=CARTESIAN_POINT('',(2.125,-3.675,-0.9));
#4651=VECTOR('',#5691,0.7);
#4652=CARTESIAN_POINT('',(2.125,-3.375,1.2));
#4653=CARTESIAN_POINT('',(2.125,-3.375,-1.6));
#4654=VECTOR('',#5692,2.8);
#4655=CARTESIAN_POINT('',(2.125,-0.875,1.2));
#4656=CARTESIAN_POINT('',(2.125,-0.875,1.2));
#4657=VECTOR('',#5693,2.5);
#4658=CARTESIAN_POINT('',(2.125,-0.875,-1.6));
#4659=VECTOR('',#5694,2.8);
#4660=CARTESIAN_POINT('',(2.325,-1.075,1.2));
#4661=CARTESIAN_POINT('',(2.125,-0.875,1.2));
#4662=VECTOR('',#5695,0.2828427124746);
#4663=CARTESIAN_POINT('',(2.325,-1.075,-1.6));
#4664=VECTOR('',#5696,2.8);
#4665=CARTESIAN_POINT('',(3.625,-1.075,1.2));
#4666=CARTESIAN_POINT('',(2.325,-1.075,1.2));
#4667=VECTOR('',#5697,1.3);
#4668=CARTESIAN_POINT('',(3.625,-1.075,-1.6));
#4669=VECTOR('',#5698,2.8);
#4670=CARTESIAN_POINT('',(3.625,-3.075,1.2));
#4671=CARTESIAN_POINT('',(3.625,-1.075,1.2));
#4672=VECTOR('',#5699,2.0);
#4673=CARTESIAN_POINT('',(3.625,-3.075,-1.6));
#4674=VECTOR('',#5700,2.8);
#4675=CARTESIAN_POINT('',(3.325,-3.375,1.2));
#4676=CARTESIAN_POINT('',(3.625,-3.075,1.2));
#4677=VECTOR('',#5701,0.4242640687119);
#4678=CARTESIAN_POINT('',(3.325,-3.375,-1.6));
#4679=VECTOR('',#5702,2.8);
#4680=CARTESIAN_POINT('',(2.595,-3.375,-1.6));
#4681=CARTESIAN_POINT('',(2.595,-3.375,0.6));
#4682=CARTESIAN_POINT('',(2.595,-3.375,-1.6));
#4683=VECTOR('',#5703,2.2);
#4684=CARTESIAN_POINT('',(2.815,-3.375,-1.6));
#4685=VECTOR('',#5704,0.22);
#4686=CARTESIAN_POINT('',(3.325,-3.375,1.2));
#4687=VECTOR('',#5705,1.2);
#4688=CARTESIAN_POINT('',(2.345,-3.375,-1.6));
#4689=CARTESIAN_POINT('',(2.345,-3.375,-1.6));
#4690=VECTOR('',#5706,0.22);
#4691=CARTESIAN_POINT('',(2.345,-3.375,0.6));
#4692=CARTESIAN_POINT('',(2.345,-3.375,0.6));
#4693=VECTOR('',#5707,2.2);
#4694=CARTESIAN_POINT('',(2.595,-3.375,0.6));
#4695=VECTOR('',#5708,0.25);
#4696=CARTESIAN_POINT('',(2.345,-3.425,0.6));
#4697=CARTESIAN_POINT('',(2.345,-3.425,0.6));
#4698=VECTOR('',#5709,0.05);
#4699=CARTESIAN_POINT('',(2.645,-3.725,0.6));
#4700=AXIS2_PLACEMENT_3D('',#5710,#5711,#5712);
#4701=CARTESIAN_POINT('',(3.625,-3.725,0.6));
#4702=CARTESIAN_POINT('',(3.625,-3.725,0.6));
#4703=VECTOR('',#5713,0.98);
#4704=CARTESIAN_POINT('',(3.625,-3.475,0.6));
#4705=CARTESIAN_POINT('',(3.625,-3.475,0.6));
#4706=VECTOR('',#5714,0.25);
#4707=CARTESIAN_POINT('',(2.645,-3.475,0.6));
#4708=CARTESIAN_POINT('',(2.645,-3.475,0.6));
#4709=VECTOR('',#5715,0.98);
#4710=CARTESIAN_POINT('',(2.595,-3.425,0.6));
#4711=AXIS2_PLACEMENT_3D('',#5716,#5717,#5718);
#4712=CARTESIAN_POINT('',(2.595,-3.375,0.6));
#4713=VECTOR('',#5719,0.05);
#4714=CARTESIAN_POINT('',(-2.595,-3.425,0.6));
#4715=CARTESIAN_POINT('',(-2.595,-3.375,0.6));
#4716=CARTESIAN_POINT('',(-2.595,-3.425,0.6));
#4717=VECTOR('',#5720,0.05);
#4718=CARTESIAN_POINT('',(-2.645,-3.475,0.6));
#4719=AXIS2_PLACEMENT_3D('',#5721,#5722,#5723);
#4720=CARTESIAN_POINT('',(-3.625,-3.475,0.6));
#4721=CARTESIAN_POINT('',(-3.625,-3.475,0.6));
#4722=VECTOR('',#5724,0.98);
#4723=CARTESIAN_POINT('',(-3.625,-3.725,0.6));
#4724=CARTESIAN_POINT('',(-3.625,-3.725,0.6));
#4725=VECTOR('',#5725,0.25);
#4726=CARTESIAN_POINT('',(-2.645,-3.725,0.6));
#4727=CARTESIAN_POINT('',(-2.645,-3.725,0.6));
#4728=VECTOR('',#5726,0.98);
#4729=CARTESIAN_POINT('',(-2.345,-3.425,0.6));
#4730=AXIS2_PLACEMENT_3D('',#5727,#5728,#5729);
#4731=CARTESIAN_POINT('',(-2.345,-3.375,0.6));
#4732=CARTESIAN_POINT('',(-2.345,-3.375,0.6));
#4733=VECTOR('',#5730,0.05);
#4734=CARTESIAN_POINT('',(-2.345,-3.375,0.6));
#4735=VECTOR('',#5731,0.25);
#4736=CARTESIAN_POINT('',(2.595,-3.155,-1.38));
#4737=CARTESIAN_POINT('',(2.595,-3.155,-1.38));
#4738=VECTOR('',#5732,0.3111269837221);
#4739=CARTESIAN_POINT('',(2.595,-2.455,-1.6));
#4740=CARTESIAN_POINT('',(2.595,-2.455,-1.6));
#4741=VECTOR('',#5733,0.92);
#4742=CARTESIAN_POINT('',(2.595,-2.455,-1.38));
#4743=CARTESIAN_POINT('',(2.595,-2.455,-1.6));
#4744=VECTOR('',#5734,0.22);
#4745=CARTESIAN_POINT('',(2.595,-3.155,-1.38));
#4746=VECTOR('',#5735,0.7);
#4747=CARTESIAN_POINT('',(2.595,-3.425,-1.6));
#4748=CARTESIAN_POINT('',(2.595,-3.425,-1.6));
#4749=VECTOR('',#5736,2.2);
#4750=CARTESIAN_POINT('',(2.595,-3.375,-1.6));
#4751=VECTOR('',#5737,0.05);
#4752=CARTESIAN_POINT('',(2.609644660941,-2.419644660941,-1.394644660941));
#4753=CARTESIAN_POINT('',(2.815,-2.625,-1.6));
#4754=VECTOR('',#5738,0.3556858808563);
#4755=CARTESIAN_POINT('',(2.815,-3.375,-1.6));
#4756=VECTOR('',#5739,0.3810511776652);
#4757=CARTESIAN_POINT('',(2.595,-2.455,-1.38));
#4758=CARTESIAN_POINT('',(2.595,-2.439641341691,-1.38));
#4759=CARTESIAN_POINT('',(2.600777335431,-2.42851198645,-1.385777335431));
#4760=CARTESIAN_POINT('',(2.609644660941,-2.419644660941,-1.394644660941));
#4761=CARTESIAN_POINT('',(2.645,-2.405,-1.6));
#4762=AXIS2_PLACEMENT_3D('',#5740,#5741,#5742);
#4763=CARTESIAN_POINT('',(2.645,-2.405,-1.38));
#4764=CARTESIAN_POINT('',(2.645,-2.405,-1.6));
#4765=VECTOR('',#5743,0.22);
#4766=CARTESIAN_POINT('',(2.609644660941,-2.419644660941,-1.394644660941));
#4767=CARTESIAN_POINT('',(2.61851198645,-2.410777335431,-1.385777335431));
#4768=CARTESIAN_POINT('',(2.629641341691,-2.405,-1.38));
#4769=CARTESIAN_POINT('',(2.645,-2.405,-1.38));
#4770=CARTESIAN_POINT('',(3.145,-2.405,-1.38));
#4771=CARTESIAN_POINT('',(3.365,-2.625,-1.6));
#4772=VECTOR('',#5744,0.3810511776652);
#4773=CARTESIAN_POINT('',(3.145,-2.405,-1.38));
#4774=VECTOR('',#5745,0.5);
#4775=CARTESIAN_POINT('',(3.145,-2.405,-1.6));
#4776=CARTESIAN_POINT('',(3.145,-2.405,-1.6));
#4777=VECTOR('',#5746,0.5);
#4778=CARTESIAN_POINT('',(3.145,-2.405,-1.6));
#4779=VECTOR('',#5747,0.22);
#4780=CARTESIAN_POINT('',(3.145,-2.155,-1.6));
#4781=CARTESIAN_POINT('',(3.145,-2.155,-1.6));
#4782=VECTOR('',#5748,0.25);
#4783=CARTESIAN_POINT('',(3.145,-2.155,-1.38));
#4784=CARTESIAN_POINT('',(3.145,-2.155,-1.6));
#4785=VECTOR('',#5749,0.22);
#4786=CARTESIAN_POINT('',(3.145,-2.155,-1.38));
#4787=VECTOR('',#5750,0.25);
#4788=CARTESIAN_POINT('',(3.365,-1.935,-1.6));
#4789=VECTOR('',#5751,0.3810511776652);
#4790=CARTESIAN_POINT('',(2.345,-2.155,-1.38));
#4791=CARTESIAN_POINT('',(2.645,-2.155,-1.38));
#4792=CARTESIAN_POINT('',(2.345,-2.155,-1.38));
#4793=VECTOR('',#5752,0.3);
#4794=CARTESIAN_POINT('',(2.125,-1.935,-1.6));
#4795=VECTOR('',#5753,0.3810511776652);
#4796=CARTESIAN_POINT('',(2.645,-2.155,-1.38));
#4797=VECTOR('',#5754,0.5);
#4798=CARTESIAN_POINT('',(2.645,-2.155,-1.6));
#4799=CARTESIAN_POINT('',(2.645,-2.155,-1.6));
#4800=VECTOR('',#5755,0.5);
#4801=CARTESIAN_POINT('',(2.645,-2.155,-1.6));
#4802=VECTOR('',#5756,0.22);
#4803=CARTESIAN_POINT('',(2.645,-2.155,-1.1));
#4804=CARTESIAN_POINT('',(2.645,-2.155,-1.1));
#4805=VECTOR('',#5757,0.28);
#4806=CARTESIAN_POINT('',(2.345,-2.455,-1.6));
#4807=AXIS2_PLACEMENT_3D('',#5758,#5759,#5760);
#4808=CARTESIAN_POINT('',(2.345,-2.455,-1.38));
#4809=CARTESIAN_POINT('',(2.345,-2.455,-1.6));
#4810=VECTOR('',#5761,0.22);
#4811=CARTESIAN_POINT('',(2.345,-2.455,-1.1));
#4812=CARTESIAN_POINT('',(2.345,-2.455,-1.1));
#4813=VECTOR('',#5762,0.28);
#4814=AXIS2_PLACEMENT_3D('',#5763,#5764,#5765);
#4815=CARTESIAN_POINT('',(2.345,-2.155,-1.1));
#4816=CARTESIAN_POINT('',(2.345,-2.455,-1.1));
#4817=VECTOR('',#5766,0.3);
#4818=CARTESIAN_POINT('',(2.345,-2.155,-1.1));
#4819=VECTOR('',#5767,0.3);
#4820=CARTESIAN_POINT('',(-2.645,-2.155,-1.1));
#4821=CARTESIAN_POINT('',(-2.345,-2.155,-1.1));
#4822=CARTESIAN_POINT('',(-2.645,-2.155,-1.1));
#4823=VECTOR('',#5768,0.3);
#4824=CARTESIAN_POINT('',(-2.345,-2.455,-1.1));
#4825=CARTESIAN_POINT('',(-2.345,-2.155,-1.1));
#4826=VECTOR('',#5769,0.3);
#4827=AXIS2_PLACEMENT_3D('',#5770,#5771,#5772);
#4828=CARTESIAN_POINT('',(2.345,-2.155,-1.38));
#4829=VECTOR('',#5773,0.28);
#4830=CARTESIAN_POINT('',(2.345,-2.455,-1.38));
#4831=VECTOR('',#5774,0.3);
#4832=CARTESIAN_POINT('',(2.345,-3.155,-1.38));
#4833=CARTESIAN_POINT('',(2.125,-3.375,-1.6));
#4834=VECTOR('',#5775,0.3810511776652);
#4835=CARTESIAN_POINT('',(2.345,-3.155,-1.38));
#4836=VECTOR('',#5776,0.7);
#4837=CARTESIAN_POINT('',(2.345,-3.425,-1.6));
#4838=CARTESIAN_POINT('',(2.345,-3.425,-1.6));
#4839=VECTOR('',#5777,0.05);
#4840=CARTESIAN_POINT('',(2.345,-3.425,-1.6));
#4841=VECTOR('',#5778,2.2);
#4842=CARTESIAN_POINT('',(2.345,-3.375,-1.6));
#4843=VECTOR('',#5779,0.92);
#4844=CARTESIAN_POINT('',(2.345,-3.155,-1.38));
#4845=VECTOR('',#5780,0.3111269837221);
#4846=CARTESIAN_POINT('',(2.645,-3.725,-1.6));
#4847=CARTESIAN_POINT('',(2.645,-3.725,-1.6));
#4848=VECTOR('',#5781,2.2);
#4849=AXIS2_PLACEMENT_3D('',#5782,#5783,#5784);
#4850=CARTESIAN_POINT('',(2.645,-3.475,-1.6));
#4851=AXIS2_PLACEMENT_3D('',#5785,#5786,#5787);
#4852=CARTESIAN_POINT('',(3.625,-3.475,-1.6));
#4853=CARTESIAN_POINT('',(2.645,-3.475,-1.6));
#4854=VECTOR('',#5788,0.98);
#4855=CARTESIAN_POINT('',(3.625,-3.725,-1.6));
#4856=CARTESIAN_POINT('',(3.625,-3.475,-1.6));
#4857=VECTOR('',#5789,0.25);
#4858=CARTESIAN_POINT('',(3.625,-3.725,-1.6));
#4859=VECTOR('',#5790,0.98);
#4860=CARTESIAN_POINT('',(-2.345,-3.375,-1.6));
#4861=CARTESIAN_POINT('',(-2.345,-3.425,-1.6));
#4862=CARTESIAN_POINT('',(-2.345,-3.375,-1.6));
#4863=VECTOR('',#5791,0.05);
#4864=CARTESIAN_POINT('',(-2.645,-3.725,-1.6));
#4865=AXIS2_PLACEMENT_3D('',#5792,#5793,#5794);
#4866=CARTESIAN_POINT('',(-3.625,-3.725,-1.6));
#4867=CARTESIAN_POINT('',(-2.645,-3.725,-1.6));
#4868=VECTOR('',#5795,0.98);
#4869=CARTESIAN_POINT('',(-3.625,-3.475,-1.6));
#4870=CARTESIAN_POINT('',(-3.625,-3.725,-1.6));
#4871=VECTOR('',#5796,0.25);
#4872=CARTESIAN_POINT('',(-2.645,-3.475,-1.6));
#4873=CARTESIAN_POINT('',(-3.625,-3.475,-1.6));
#4874=VECTOR('',#5797,0.98);
#4875=CARTESIAN_POINT('',(-2.595,-3.425,-1.6));
#4876=AXIS2_PLACEMENT_3D('',#5798,#5799,#5800);
#4877=CARTESIAN_POINT('',(-2.595,-3.375,-1.6));
#4878=CARTESIAN_POINT('',(-2.595,-3.425,-1.6));
#4879=VECTOR('',#5801,0.05);
#4880=CARTESIAN_POINT('',(-2.595,-2.455,-1.6));
#4881=CARTESIAN_POINT('',(-2.595,-3.375,-1.6));
#4882=VECTOR('',#5802,0.92);
#4883=CARTESIAN_POINT('',(-2.645,-2.405,-1.6));
#4884=AXIS2_PLACEMENT_3D('',#5803,#5804,#5805);
#4885=CARTESIAN_POINT('',(-3.145,-2.405,-1.6));
#4886=CARTESIAN_POINT('',(-2.645,-2.405,-1.6));
#4887=VECTOR('',#5806,0.5);
#4888=CARTESIAN_POINT('',(-3.145,-2.155,-1.6));
#4889=CARTESIAN_POINT('',(-3.145,-2.405,-1.6));
#4890=VECTOR('',#5807,0.25);
#4891=CARTESIAN_POINT('',(-2.645,-2.155,-1.6));
#4892=CARTESIAN_POINT('',(-3.145,-2.155,-1.6));
#4893=VECTOR('',#5808,0.5);
#4894=CARTESIAN_POINT('',(-2.345,-2.455,-1.6));
#4895=AXIS2_PLACEMENT_3D('',#5809,#5810,#5811);
#4896=CARTESIAN_POINT('',(-2.345,-2.455,-1.6));
#4897=VECTOR('',#5812,0.92);
#4898=CARTESIAN_POINT('',(3.825,-3.725,-1.4));
#4899=CARTESIAN_POINT('',(3.625,-3.725,-1.6));
#4900=VECTOR('',#5813,0.2828427124746);
#4901=CARTESIAN_POINT('',(3.825,-3.725,0.4));
#4902=CARTESIAN_POINT('',(3.825,-3.725,-1.4));
#4903=VECTOR('',#5814,1.8);
#4904=CARTESIAN_POINT('',(3.625,-3.725,0.6));
#4905=VECTOR('',#5815,0.2828427124746);
#4906=CARTESIAN_POINT('',(3.825,-3.475,0.4));
#4907=CARTESIAN_POINT('',(3.825,-3.475,0.4));
#4908=VECTOR('',#5816,0.25);
#4909=CARTESIAN_POINT('',(3.625,-3.475,0.6));
#4910=VECTOR('',#5817,0.2828427124746);
#4911=CARTESIAN_POINT('',(2.645,-3.475,-1.6));
#4912=VECTOR('',#5818,2.2);
#4913=CARTESIAN_POINT('',(3.825,-3.475,-1.4));
#4914=CARTESIAN_POINT('',(3.825,-3.475,-1.4));
#4915=VECTOR('',#5819,1.8);
#4916=CARTESIAN_POINT('',(3.625,-3.475,-1.6));
#4917=VECTOR('',#5820,0.2828427124746);
#4918=CARTESIAN_POINT('',(3.825,-3.475,-1.4));
#4919=VECTOR('',#5821,0.25);
#4920=CARTESIAN_POINT('',(-2.345,-3.425,-1.6));
#4921=VECTOR('',#5822,2.2);
#4922=CARTESIAN_POINT('',(-2.345,-3.375,0.6));
#4923=VECTOR('',#5823,2.2);
#4924=CARTESIAN_POINT('',(-2.345,-2.455,-1.38));
#4925=CARTESIAN_POINT('',(-2.345,-2.455,-1.6));
#4926=VECTOR('',#5824,0.22);
#4927=CARTESIAN_POINT('',(-2.345,-3.155,-1.38));
#4928=CARTESIAN_POINT('',(-2.345,-3.155,-1.38));
#4929=VECTOR('',#5825,0.7);
#4930=CARTESIAN_POINT('',(-2.345,-3.155,-1.38));
#4931=VECTOR('',#5826,0.3111269837221);
#4932=CARTESIAN_POINT('',(-2.125,-3.375,-1.6));
#4933=VECTOR('',#5827,0.22);
#4934=CARTESIAN_POINT('',(-3.325,-3.375,1.2));
#4935=CARTESIAN_POINT('',(-2.125,-3.375,1.2));
#4936=VECTOR('',#5828,1.2);
#4937=CARTESIAN_POINT('',(-3.325,-3.375,-1.6));
#4938=VECTOR('',#5829,2.8);
#4939=CARTESIAN_POINT('',(-2.595,-3.375,-1.6));
#4940=VECTOR('',#5830,0.22);
#4941=CARTESIAN_POINT('',(-2.595,-3.375,-1.6));
#4942=VECTOR('',#5831,2.2);
#4943=CARTESIAN_POINT('',(-2.595,-3.155,-1.38));
#4944=CARTESIAN_POINT('',(-2.595,-2.455,-1.38));
#4945=CARTESIAN_POINT('',(-2.595,-3.155,-1.38));
#4946=VECTOR('',#5832,0.7);
#4947=CARTESIAN_POINT('',(-2.595,-2.455,-1.6));
#4948=VECTOR('',#5833,0.22);
#4949=CARTESIAN_POINT('',(-2.595,-3.155,-1.38));
#4950=VECTOR('',#5834,0.3111269837221);
#4951=CARTESIAN_POINT('',(-2.595,-3.425,-1.6));
#4952=VECTOR('',#5835,2.2);
#4953=CARTESIAN_POINT('',(-2.125,-3.375,-1.6));
#4954=VECTOR('',#5836,0.3810511776652);
#4955=CARTESIAN_POINT('',(-2.815,-3.375,-1.6));
#4956=VECTOR('',#5837,0.3810511776652);
#4957=CARTESIAN_POINT('',(-2.345,-2.155,-1.38));
#4958=CARTESIAN_POINT('',(-2.345,-2.155,-1.38));
#4959=VECTOR('',#5838,0.3);
#4960=CARTESIAN_POINT('',(-2.125,-1.935,-1.6));
#4961=VECTOR('',#5839,0.3810511776652);
#4962=CARTESIAN_POINT('',(-3.145,-2.155,-1.38));
#4963=CARTESIAN_POINT('',(-3.365,-1.935,-1.6));
#4964=VECTOR('',#5840,0.3810511776652);
#4965=CARTESIAN_POINT('',(-2.645,-2.155,-1.38));
#4966=CARTESIAN_POINT('',(-2.645,-2.155,-1.38));
#4967=VECTOR('',#5841,0.3);
#4968=CARTESIAN_POINT('',(-3.145,-2.155,-1.38));
#4969=VECTOR('',#5842,0.5);
#4970=CARTESIAN_POINT('',(-2.645,-2.155,-1.6));
#4971=VECTOR('',#5843,0.22);
#4972=CARTESIAN_POINT('',(-3.145,-2.155,-1.6));
#4973=VECTOR('',#5844,0.22);
#4974=CARTESIAN_POINT('',(-3.145,-2.405,-1.38));
#4975=CARTESIAN_POINT('',(-3.145,-2.405,-1.6));
#4976=VECTOR('',#5845,0.22);
#4977=CARTESIAN_POINT('',(-3.145,-2.405,-1.38));
#4978=VECTOR('',#5846,0.25);
#4979=CARTESIAN_POINT('',(-3.365,-2.625,-1.6));
#4980=VECTOR('',#5847,0.3810511776652);
#4981=CARTESIAN_POINT('',(-2.609644660941,-2.419644660941,-1.394644660941));
#4982=CARTESIAN_POINT('',(-2.815,-2.625,-1.6));
#4983=VECTOR('',#5848,0.3556858808563);
#4984=CARTESIAN_POINT('',(-2.645,-2.405,-1.38));
#4985=CARTESIAN_POINT('',(-2.645,-2.405,-1.38));
#4986=VECTOR('',#5849,0.5);
#4987=CARTESIAN_POINT('',(-2.645,-2.405,-1.38));
#4988=CARTESIAN_POINT('',(-2.629641341691,-2.405,-1.38));
#4989=CARTESIAN_POINT('',(-2.61851198645,-2.410777335431,-1.385777335431));
#4990=CARTESIAN_POINT('',(-2.609644660941,-2.419644660941,-1.394644660941));
#4991=CARTESIAN_POINT('',(-2.645,-2.405,-1.6));
#4992=VECTOR('',#5850,0.22);
#4993=CARTESIAN_POINT('',(-2.609644660941,-2.419644660941,-1.394644660941));
#4994=CARTESIAN_POINT('',(-2.600777335431,-2.42851198645,-1.385777335431));
#4995=CARTESIAN_POINT('',(-2.595,-2.439641341691,-1.38));
#4996=CARTESIAN_POINT('',(-2.595,-2.455,-1.38));
#4997=CARTESIAN_POINT('',(-2.345,-2.455,-1.1));
#4998=VECTOR('',#5851,0.28);
#4999=CARTESIAN_POINT('',(-2.645,-2.155,-1.1));
#5000=VECTOR('',#5852,0.28);
#5001=CARTESIAN_POINT('',(-2.345,-2.155,-1.38));
#5002=VECTOR('',#5853,0.28);
#5003=CARTESIAN_POINT('',(-2.645,-3.475,-1.6));
#5004=VECTOR('',#5854,2.2);
#5005=CARTESIAN_POINT('',(-3.825,-3.475,-1.4));
#5006=CARTESIAN_POINT('',(-3.625,-3.475,-1.6));
#5007=VECTOR('',#5855,0.2828427124746);
#5008=CARTESIAN_POINT('',(-3.825,-3.475,0.4));
#5009=CARTESIAN_POINT('',(-3.825,-3.475,-1.4));
#5010=VECTOR('',#5856,1.8);
#5011=CARTESIAN_POINT('',(-3.625,-3.475,0.6));
#5012=VECTOR('',#5857,0.2828427124746);
#5013=CARTESIAN_POINT('',(-3.825,-3.725,0.4));
#5014=CARTESIAN_POINT('',(-3.825,-3.725,0.4));
#5015=VECTOR('',#5858,0.25);
#5016=CARTESIAN_POINT('',(-3.625,-3.725,0.6));
#5017=VECTOR('',#5859,0.2828427124746);
#5018=CARTESIAN_POINT('',(-2.645,-3.725,-1.6));
#5019=VECTOR('',#5860,2.2);
#5020=CARTESIAN_POINT('',(-3.825,-3.725,-1.4));
#5021=CARTESIAN_POINT('',(-3.825,-3.725,-1.4));
#5022=VECTOR('',#5861,1.8);
#5023=CARTESIAN_POINT('',(-3.625,-3.725,-1.6));
#5024=VECTOR('',#5862,0.2828427124746);
#5025=CARTESIAN_POINT('',(-3.825,-3.725,-1.4));
#5026=VECTOR('',#5863,0.25);
#5027=CARTESIAN_POINT('',(-3.625,-3.075,1.2));
#5028=CARTESIAN_POINT('',(-3.325,-3.375,1.2));
#5029=VECTOR('',#5864,0.4242640687119);
#5030=CARTESIAN_POINT('',(-3.625,-3.075,-1.6));
#5031=VECTOR('',#5865,2.8);
#5032=CARTESIAN_POINT('',(-3.625,-1.075,1.2));
#5033=CARTESIAN_POINT('',(-3.625,-3.075,1.2));
#5034=VECTOR('',#5866,2.0);
#5035=CARTESIAN_POINT('',(-3.625,-1.075,-1.6));
#5036=VECTOR('',#5867,2.8);
#5037=CARTESIAN_POINT('',(-2.325,-1.075,1.2));
#5038=CARTESIAN_POINT('',(-3.625,-1.075,1.2));
#5039=VECTOR('',#5868,1.3);
#5040=CARTESIAN_POINT('',(-2.325,-1.075,-1.6));
#5041=VECTOR('',#5869,2.8);
#5042=CARTESIAN_POINT('',(-2.325,-1.075,1.2));
#5043=VECTOR('',#5870,0.2828427124746);
#5044=CARTESIAN_POINT('',(-1.725,-3.675,2.1));
#5045=CARTESIAN_POINT('',(-1.725,-3.675,1.2));
#5046=CARTESIAN_POINT('',(-1.725,-3.675,2.1));
#5047=VECTOR('',#5871,0.9);
#5048=CARTESIAN_POINT('',(-2.125,-3.675,2.1));
#5049=VECTOR('',#5872,0.4);
#5050=CARTESIAN_POINT('',(-2.125,-3.675,1.2));
#5051=VECTOR('',#5873,0.4);
#5052=CARTESIAN_POINT('',(1.725,-3.675,2.1));
#5053=CARTESIAN_POINT('',(1.725,-3.675,2.1));
#5054=VECTOR('',#5874,0.4);
#5055=CARTESIAN_POINT('',(1.725,-3.675,1.2));
#5056=CARTESIAN_POINT('',(1.725,-3.675,2.1));
#5057=VECTOR('',#5875,0.9);
#5058=CARTESIAN_POINT('',(1.725,-3.675,1.2));
#5059=VECTOR('',#5876,0.4);
#5060=CARTESIAN_POINT('',(-1.725,-3.675,-0.9));
#5061=CARTESIAN_POINT('',(-1.725,-3.675,-0.9));
#5062=VECTOR('',#5877,0.7);
#5063=CARTESIAN_POINT('',(-2.125,-3.675,-0.9));
#5064=VECTOR('',#5878,0.4);
#5065=CARTESIAN_POINT('',(1.725,-3.675,-0.9));
#5066=CARTESIAN_POINT('',(1.725,-3.675,-0.9));
#5067=VECTOR('',#5879,0.7);
#5068=CARTESIAN_POINT('',(1.725,-3.675,-0.9));
#5069=VECTOR('',#5880,0.4);
#5070=CARTESIAN_POINT('',(-1.725,-3.525,1.2));
#5071=CARTESIAN_POINT('',(-2.125,-3.525,1.2));
#5072=VECTOR('',#5881,0.4);
#5073=CARTESIAN_POINT('',(-1.725,-3.675,1.2));
#5074=VECTOR('',#5882,0.15);
#5075=CARTESIAN_POINT('',(1.725,-3.525,1.2));
#5076=CARTESIAN_POINT('',(1.725,-3.675,1.2));
#5077=VECTOR('',#5883,0.15);
#5078=CARTESIAN_POINT('',(1.725,-3.525,1.2));
#5079=VECTOR('',#5884,0.4);
#5080=CARTESIAN_POINT('',(-1.725,-3.525,-0.9));
#5081=CARTESIAN_POINT('',(-1.725,-3.525,-0.9));
#5082=VECTOR('',#5885,2.1);
#5083=CARTESIAN_POINT('',(-1.725,-3.675,-0.9));
#5084=VECTOR('',#5886,0.15);
#5085=CARTESIAN_POINT('',(-1.725,-3.475,2.1));
#5086=CARTESIAN_POINT('',(-1.725,-3.475,-1.6));
#5087=VECTOR('',#5887,3.7);
#5088=CARTESIAN_POINT('',(-1.725,-3.675,2.1));
#5089=VECTOR('',#5888,0.2);
#5090=CARTESIAN_POINT('',(-1.05,-3.075,2.1));
#5091=CARTESIAN_POINT('',(-0.2,-3.075,2.1));
#5092=CARTESIAN_POINT('',(-1.05,-3.075,2.1));
#5093=VECTOR('',#5889,0.85);
#5094=CARTESIAN_POINT('',(-0.2,-3.475,2.1));
#5095=CARTESIAN_POINT('',(-0.2,-3.075,2.1));
#5096=VECTOR('',#5890,0.4);
#5097=CARTESIAN_POINT('',(0.2,-3.475,2.1));
#5098=CARTESIAN_POINT('',(0.2,-3.475,2.1));
#5099=VECTOR('',#5891,0.4);
#5100=CARTESIAN_POINT('',(0.2,-3.075,2.1));
#5101=CARTESIAN_POINT('',(0.2,-3.475,2.1));
#5102=VECTOR('',#5892,0.4);
#5103=CARTESIAN_POINT('',(1.05,-3.075,2.1));
#5104=CARTESIAN_POINT('',(0.2,-3.075,2.1));
#5105=VECTOR('',#5893,0.85);
#5106=CARTESIAN_POINT('',(1.05,-3.475,2.1));
#5107=CARTESIAN_POINT('',(1.05,-3.075,2.1));
#5108=VECTOR('',#5894,0.4);
#5109=CARTESIAN_POINT('',(1.725,-3.475,2.1));
#5110=CARTESIAN_POINT('',(1.725,-3.475,2.1));
#5111=VECTOR('',#5895,0.675);
#5112=CARTESIAN_POINT('',(1.725,-3.675,2.1));
#5113=VECTOR('',#5896,0.2);
#5114=CARTESIAN_POINT('',(-1.05,-3.475,2.1));
#5115=CARTESIAN_POINT('',(-1.05,-3.475,2.1));
#5116=VECTOR('',#5897,0.675);
#5117=CARTESIAN_POINT('',(-1.05,-3.475,2.1));
#5118=VECTOR('',#5898,0.4);
#5119=CARTESIAN_POINT('',(-1.05,-3.475,-1.6));
#5120=VECTOR('',#5899,3.7);
#5121=CARTESIAN_POINT('',(-1.05,-3.075,-1.6));
#5122=VECTOR('',#5900,3.7);
#5123=CARTESIAN_POINT('',(-0.2,-3.075,-1.6));
#5124=VECTOR('',#5901,3.7);
#5125=CARTESIAN_POINT('',(-0.785,-3.075,-0.9));
#5126=CARTESIAN_POINT('',(-0.465,-3.075,-0.9));
#5127=CARTESIAN_POINT('',(-0.785,-3.075,-0.9));
#5128=VECTOR('',#5902,0.32);
#5129=CARTESIAN_POINT('',(-0.785,-3.075,1.57));
#5130=CARTESIAN_POINT('',(-0.785,-3.075,1.57));
#5131=VECTOR('',#5903,2.47);
#5132=CARTESIAN_POINT('',(-0.465,-3.075,1.57));
#5133=CARTESIAN_POINT('',(-0.785,-3.075,1.57));
#5134=VECTOR('',#5904,0.32);
#5135=CARTESIAN_POINT('',(-0.465,-3.075,1.57));
#5136=VECTOR('',#5905,2.47);
#5137=CARTESIAN_POINT('',(-0.2,-3.475,-1.6));
#5138=VECTOR('',#5906,3.7);
#5139=CARTESIAN_POINT('',(1.725,-3.475,-1.6));
#5140=VECTOR('',#5907,3.7);
#5141=CARTESIAN_POINT('',(1.05,-3.475,-1.6));
#5142=VECTOR('',#5908,3.7);
#5143=CARTESIAN_POINT('',(0.2,-3.475,-1.6));
#5144=VECTOR('',#5909,3.7);
#5145=CARTESIAN_POINT('',(1.05,-3.075,-1.6));
#5146=VECTOR('',#5910,3.7);
#5147=CARTESIAN_POINT('',(0.2,-3.075,-1.6));
#5148=VECTOR('',#5911,3.7);
#5149=CARTESIAN_POINT('',(0.465,-3.075,-0.9));
#5150=CARTESIAN_POINT('',(0.785,-3.075,-0.9));
#5151=CARTESIAN_POINT('',(0.465,-3.075,-0.9));
#5152=VECTOR('',#5912,0.32);
#5153=CARTESIAN_POINT('',(0.465,-3.075,1.57));
#5154=CARTESIAN_POINT('',(0.465,-3.075,1.57));
#5155=VECTOR('',#5913,2.47);
#5156=CARTESIAN_POINT('',(0.785,-3.075,1.57));
#5157=CARTESIAN_POINT('',(0.465,-3.075,1.57));
#5158=VECTOR('',#5914,0.32);
#5159=CARTESIAN_POINT('',(0.785,-3.075,1.57));
#5160=VECTOR('',#5915,2.47);
#5161=CARTESIAN_POINT('',(0.785,-3.325,2.003012701892));
#5162=CARTESIAN_POINT('',(0.785,-3.075,1.57));
#5163=VECTOR('',#5916,0.5);
#5164=CARTESIAN_POINT('',(0.785,-3.325,2.5));
#5165=CARTESIAN_POINT('',(0.785,-3.325,2.003012701892));
#5166=VECTOR('',#5917,0.4969872981078);
#5167=CARTESIAN_POINT('',(0.785,-3.425,2.6));
#5168=CARTESIAN_POINT('',(0.785,-3.325,2.5));
#5169=VECTOR('',#5918,0.1414213562373);
#5170=CARTESIAN_POINT('',(0.785,-3.675,2.6));
#5171=CARTESIAN_POINT('',(0.785,-3.425,2.6));
#5172=VECTOR('',#5919,0.25);
#5173=CARTESIAN_POINT('',(0.785,-3.775,2.5));
#5174=CARTESIAN_POINT('',(0.785,-3.675,2.6));
#5175=VECTOR('',#5920,0.1414213562373);
#5176=CARTESIAN_POINT('',(0.785,-3.775,2.0));
#5177=CARTESIAN_POINT('',(0.785,-3.775,2.5));
#5178=VECTOR('',#5921,0.5);
#5179=CARTESIAN_POINT('',(0.785,-3.525,1.566987298108));
#5180=CARTESIAN_POINT('',(0.785,-3.775,2.0));
#5181=VECTOR('',#5922,0.5);
#5182=CARTESIAN_POINT('',(0.785,-3.525,-0.9));
#5183=CARTESIAN_POINT('',(0.785,-3.525,1.566987298108));
#5184=VECTOR('',#5923,2.466987298108);
#5185=CARTESIAN_POINT('',(0.785,-3.525,-0.9));
#5186=VECTOR('',#5924,0.45);
#5187=CARTESIAN_POINT('',(0.465,-3.525,-0.9));
#5188=CARTESIAN_POINT('',(0.785,-3.525,-0.9));
#5189=VECTOR('',#5925,0.32);
#5190=CARTESIAN_POINT('',(0.465,-3.525,-0.9));
#5191=VECTOR('',#5926,0.45);
#5192=CARTESIAN_POINT('',(0.465,-3.525,1.566987298108));
#5193=CARTESIAN_POINT('',(0.465,-3.525,1.566987298108));
#5194=VECTOR('',#5927,2.466987298108);
#5195=CARTESIAN_POINT('',(0.465,-3.775,2.0));
#5196=CARTESIAN_POINT('',(0.465,-3.775,2.0));
#5197=VECTOR('',#5928,0.5);
#5198=CARTESIAN_POINT('',(0.465,-3.775,2.5));
#5199=CARTESIAN_POINT('',(0.465,-3.775,2.5));
#5200=VECTOR('',#5929,0.5);
#5201=CARTESIAN_POINT('',(0.465,-3.675,2.6));
#5202=CARTESIAN_POINT('',(0.465,-3.675,2.6));
#5203=VECTOR('',#5930,0.1414213562373);
#5204=CARTESIAN_POINT('',(0.465,-3.425,2.6));
#5205=CARTESIAN_POINT('',(0.465,-3.425,2.6));
#5206=VECTOR('',#5931,0.25);
#5207=CARTESIAN_POINT('',(0.465,-3.325,2.5));
#5208=CARTESIAN_POINT('',(0.465,-3.325,2.5));
#5209=VECTOR('',#5932,0.1414213562373);
#5210=CARTESIAN_POINT('',(0.465,-3.325,2.003012701892));
#5211=CARTESIAN_POINT('',(0.465,-3.325,2.003012701892));
#5212=VECTOR('',#5933,0.4969872981078);
#5213=CARTESIAN_POINT('',(0.465,-3.075,1.57));
#5214=VECTOR('',#5934,0.5);
#5215=CARTESIAN_POINT('',(0.785,-3.325,2.003012701892));
#5216=VECTOR('',#5935,0.32);
#5217=CARTESIAN_POINT('',(0.785,-3.325,2.5));
#5218=VECTOR('',#5936,0.32);
#5219=CARTESIAN_POINT('',(0.785,-3.425,2.6));
#5220=VECTOR('',#5937,0.32);
#5221=CARTESIAN_POINT('',(0.785,-3.675,2.6));
#5222=VECTOR('',#5938,0.32);
#5223=CARTESIAN_POINT('',(0.785,-3.775,2.5));
#5224=VECTOR('',#5939,0.32);
#5225=CARTESIAN_POINT('',(0.785,-3.775,2.0));
#5226=VECTOR('',#5940,0.32);
#5227=CARTESIAN_POINT('',(0.785,-3.525,1.566987298108));
#5228=VECTOR('',#5941,0.32);
#5229=CARTESIAN_POINT('',(1.725,-3.525,-0.9));
#5230=CARTESIAN_POINT('',(1.725,-3.675,-0.9));
#5231=VECTOR('',#5942,0.15);
#5232=CARTESIAN_POINT('',(1.725,-3.525,-0.9));
#5233=VECTOR('',#5943,2.1);
#5234=CARTESIAN_POINT('',(-2.125,-3.525,-0.9));
#5235=VECTOR('',#5944,0.4);
#5236=CARTESIAN_POINT('',(1.725,-3.525,-0.9));
#5237=VECTOR('',#5945,0.4);
#5238=CARTESIAN_POINT('',(-0.465,-3.325,2.003012701892));
#5239=CARTESIAN_POINT('',(-0.465,-3.075,1.57));
#5240=VECTOR('',#5946,0.5);
#5241=CARTESIAN_POINT('',(-0.465,-3.325,2.5));
#5242=CARTESIAN_POINT('',(-0.465,-3.325,2.003012701892));
#5243=VECTOR('',#5947,0.4969872981078);
#5244=CARTESIAN_POINT('',(-0.465,-3.425,2.6));
#5245=CARTESIAN_POINT('',(-0.465,-3.325,2.5));
#5246=VECTOR('',#5948,0.1414213562373);
#5247=CARTESIAN_POINT('',(-0.465,-3.675,2.6));
#5248=CARTESIAN_POINT('',(-0.465,-3.425,2.6));
#5249=VECTOR('',#5949,0.25);
#5250=CARTESIAN_POINT('',(-0.465,-3.775,2.5));
#5251=CARTESIAN_POINT('',(-0.465,-3.675,2.6));
#5252=VECTOR('',#5950,0.1414213562373);
#5253=CARTESIAN_POINT('',(-0.465,-3.775,2.0));
#5254=CARTESIAN_POINT('',(-0.465,-3.775,2.5));
#5255=VECTOR('',#5951,0.5);
#5256=CARTESIAN_POINT('',(-0.465,-3.525,1.566987298108));
#5257=CARTESIAN_POINT('',(-0.465,-3.775,2.0));
#5258=VECTOR('',#5952,0.5);
#5259=CARTESIAN_POINT('',(-0.465,-3.525,-0.9));
#5260=CARTESIAN_POINT('',(-0.465,-3.525,1.566987298108));
#5261=VECTOR('',#5953,2.466987298108);
#5262=CARTESIAN_POINT('',(-0.465,-3.525,-0.9));
#5263=VECTOR('',#5954,0.45);
#5264=CARTESIAN_POINT('',(-0.785,-3.525,-0.9));
#5265=CARTESIAN_POINT('',(-0.465,-3.525,-0.9));
#5266=VECTOR('',#5955,0.32);
#5267=CARTESIAN_POINT('',(-0.785,-3.525,-0.9));
#5268=VECTOR('',#5956,0.45);
#5269=CARTESIAN_POINT('',(-0.785,-3.525,1.566987298108));
#5270=CARTESIAN_POINT('',(-0.785,-3.525,1.566987298108));
#5271=VECTOR('',#5957,2.466987298108);
#5272=CARTESIAN_POINT('',(-0.785,-3.775,2.0));
#5273=CARTESIAN_POINT('',(-0.785,-3.775,2.0));
#5274=VECTOR('',#5958,0.5);
#5275=CARTESIAN_POINT('',(-0.785,-3.775,2.5));
#5276=CARTESIAN_POINT('',(-0.785,-3.775,2.5));
#5277=VECTOR('',#5959,0.5);
#5278=CARTESIAN_POINT('',(-0.785,-3.675,2.6));
#5279=CARTESIAN_POINT('',(-0.785,-3.675,2.6));
#5280=VECTOR('',#5960,0.1414213562373);
#5281=CARTESIAN_POINT('',(-0.785,-3.425,2.6));
#5282=CARTESIAN_POINT('',(-0.785,-3.425,2.6));
#5283=VECTOR('',#5961,0.25);
#5284=CARTESIAN_POINT('',(-0.785,-3.325,2.5));
#5285=CARTESIAN_POINT('',(-0.785,-3.325,2.5));
#5286=VECTOR('',#5962,0.1414213562373);
#5287=CARTESIAN_POINT('',(-0.785,-3.325,2.003012701892));
#5288=CARTESIAN_POINT('',(-0.785,-3.325,2.003012701892));
#5289=VECTOR('',#5963,0.4969872981078);
#5290=CARTESIAN_POINT('',(-0.785,-3.075,1.57));
#5291=VECTOR('',#5964,0.5);
#5292=CARTESIAN_POINT('',(-0.465,-3.325,2.003012701892));
#5293=VECTOR('',#5965,0.32);
#5294=CARTESIAN_POINT('',(-0.465,-3.325,2.5));
#5295=VECTOR('',#5966,0.32);
#5296=CARTESIAN_POINT('',(-0.465,-3.425,2.6));
#5297=VECTOR('',#5967,0.32);
#5298=CARTESIAN_POINT('',(-0.465,-3.675,2.6));
#5299=VECTOR('',#5968,0.32);
#5300=CARTESIAN_POINT('',(-0.465,-3.775,2.5));
#5301=VECTOR('',#5969,0.32);
#5302=CARTESIAN_POINT('',(-0.465,-3.775,2.0));
#5303=VECTOR('',#5970,0.32);
#5304=CARTESIAN_POINT('',(-0.465,-3.525,1.566987298108));
#5305=VECTOR('',#5971,0.32);
#5306=CARTESIAN_POINT('',(1.175,-0.025,1.8));
#5307=CARTESIAN_POINT('',(1.175,-0.025,1.8));
#5308=VECTOR('',#5972,1.95);
#5309=CARTESIAN_POINT('',(1.175,-0.025,1.8));
#5310=VECTOR('',#5973,0.95);
#5311=CARTESIAN_POINT('',(1.525,-0.025,1.5));
#5312=CARTESIAN_POINT('',(1.525,-0.025,1.2));
#5313=VECTOR('',#5974,0.3);
#5314=CARTESIAN_POINT('',(1.175,-0.025,1.5));
#5315=CARTESIAN_POINT('',(1.175,-0.025,1.5));
#5316=VECTOR('',#5975,0.35);
#5317=CARTESIAN_POINT('',(1.175,-0.025,1.8));
#5318=VECTOR('',#5976,0.3);
#5319=CARTESIAN_POINT('',(1.175,-0.325,1.2));
#5320=CARTESIAN_POINT('',(1.175,-0.325,1.2));
#5321=VECTOR('',#5977,0.4242640687119);
#5322=CARTESIAN_POINT('',(1.175,-0.325,1.2));
#5323=VECTOR('',#5978,1.65);
#5324=CARTESIAN_POINT('',(1.525,-0.325,1.2));
#5325=CARTESIAN_POINT('',(1.525,-0.325,1.2));
#5326=VECTOR('',#5979,1.65);
#5327=CARTESIAN_POINT('',(1.175,-0.325,1.2));
#5328=VECTOR('',#5980,0.35);
#5329=CARTESIAN_POINT('',(1.525,-0.325,1.2));
#5330=VECTOR('',#5981,0.4242640687119);
#5331=CARTESIAN_POINT('',(1.525,0.675,0.35));
#5332=CARTESIAN_POINT('',(1.525,0.675,1.2));
#5333=VECTOR('',#5982,0.85);
#5334=CARTESIAN_POINT('',(1.525,-1.975,0.35));
#5335=VECTOR('',#5983,2.65);
#5336=CARTESIAN_POINT('',(1.525,0.675,-0.4));
#5337=CARTESIAN_POINT('',(1.525,0.675,-0.4));
#5338=VECTOR('',#5984,0.8);
#5339=CARTESIAN_POINT('',(1.525,-1.975,-0.4));
#5340=VECTOR('',#5985,2.65);
#5341=CARTESIAN_POINT('',(1.825,0.975,0.35));
#5342=VECTOR('',#5986,0.4242640687119);
#5343=CARTESIAN_POINT('',(1.825,0.975,0.35));
#5344=VECTOR('',#5987,2.95);
#5345=CARTESIAN_POINT('',(1.825,0.975,-0.4));
#5346=VECTOR('',#5988,2.95);
#5347=CARTESIAN_POINT('',(1.825,0.975,-0.4));
#5348=VECTOR('',#5989,0.4242640687119);
#5349=CARTESIAN_POINT('',(0.5,-1.625,-1.2));
#5350=VECTOR('',#5990,0.4031128874149);
#5351=CARTESIAN_POINT('',(-0.55,-1.625,-1.6));
#5352=VECTOR('',#5991,0.4031128874149);
#5353=CARTESIAN_POINT('',(1.625,-2.25,-1.4));
#5354=CARTESIAN_POINT('',(1.625,-2.25,-1.4));
#5355=VECTOR('',#5992,0.2);
#5356=CARTESIAN_POINT('',(1.125,-2.25,-1.4));
#5357=CARTESIAN_POINT('',(1.125,-2.25,-1.4));
#5358=VECTOR('',#5993,0.5);
#5359=CARTESIAN_POINT('',(0.825,-2.25,-1.6));
#5360=VECTOR('',#5994,0.3605551275464);
#5361=CARTESIAN_POINT('',(1.125,-2.85,-1.4));
#5362=CARTESIAN_POINT('',(1.125,-2.25,-1.4));
#5363=VECTOR('',#5995,0.6);
#5364=CARTESIAN_POINT('',(0.825,-2.85,-1.6));
#5365=VECTOR('',#5996,0.3605551275464);
#5366=CARTESIAN_POINT('',(1.625,-2.85,-1.4));
#5367=CARTESIAN_POINT('',(1.125,-2.85,-1.4));
#5368=VECTOR('',#5997,0.5);
#5369=CARTESIAN_POINT('',(1.625,-2.85,-1.4));
#5370=VECTOR('',#5998,0.2);
#5371=CARTESIAN_POINT('',(1.625,-2.25,-1.4));
#5372=VECTOR('',#5999,0.6);
#5373=CARTESIAN_POINT('',(0.375,-2.25,-1.4));
#5374=CARTESIAN_POINT('',(0.375,-2.25,-1.4));
#5375=VECTOR('',#6000,0.2);
#5376=CARTESIAN_POINT('',(-0.125,-2.25,-1.4));
#5377=CARTESIAN_POINT('',(-0.125,-2.25,-1.4));
#5378=VECTOR('',#6001,0.5);
#5379=CARTESIAN_POINT('',(-0.425,-2.25,-1.6));
#5380=VECTOR('',#6002,0.3605551275464);
#5381=CARTESIAN_POINT('',(-0.125,-2.85,-1.4));
#5382=CARTESIAN_POINT('',(-0.125,-2.25,-1.4));
#5383=VECTOR('',#6003,0.6);
#5384=CARTESIAN_POINT('',(-0.425,-2.85,-1.6));
#5385=VECTOR('',#6004,0.3605551275464);
#5386=CARTESIAN_POINT('',(0.375,-2.85,-1.4));
#5387=CARTESIAN_POINT('',(-0.125,-2.85,-1.4));
#5388=VECTOR('',#6005,0.5);
#5389=CARTESIAN_POINT('',(0.375,-2.85,-1.4));
#5390=VECTOR('',#6006,0.2);
#5391=CARTESIAN_POINT('',(0.375,-2.25,-1.4));
#5392=VECTOR('',#6007,0.6);
#5393=CARTESIAN_POINT('',(-0.875,-2.25,-1.4));
#5394=CARTESIAN_POINT('',(-0.875,-2.25,-1.4));
#5395=VECTOR('',#6008,0.2);
#5396=CARTESIAN_POINT('',(-1.375,-2.25,-1.4));
#5397=CARTESIAN_POINT('',(-1.375,-2.25,-1.4));
#5398=VECTOR('',#6009,0.5);
#5399=CARTESIAN_POINT('',(-1.675,-2.25,-1.6));
#5400=VECTOR('',#6010,0.3605551275464);
#5401=CARTESIAN_POINT('',(-1.375,-2.85,-1.4));
#5402=CARTESIAN_POINT('',(-1.375,-2.25,-1.4));
#5403=VECTOR('',#6011,0.6);
#5404=CARTESIAN_POINT('',(-1.675,-2.85,-1.6));
#5405=VECTOR('',#6012,0.3605551275464);
#5406=CARTESIAN_POINT('',(-0.875,-2.85,-1.4));
#5407=CARTESIAN_POINT('',(-1.375,-2.85,-1.4));
#5408=VECTOR('',#6013,0.5);
#5409=CARTESIAN_POINT('',(-0.875,-2.85,-1.4));
#5410=VECTOR('',#6014,0.2);
#5411=CARTESIAN_POINT('',(-0.875,-2.25,-1.4));
#5412=VECTOR('',#6015,0.6);
#5413=CARTESIAN_POINT('',(0.465,-0.225,-0.075));
#5414=CARTESIAN_POINT('',(0.465,-1.975,-0.075));
#5415=VECTOR('',#6016,1.75);
#5416=CARTESIAN_POINT('',(0.465,-0.225,-0.875));
#5417=CARTESIAN_POINT('',(0.465,-0.225,-0.875));
#5418=VECTOR('',#6017,0.8);
#5419=CARTESIAN_POINT('',(0.465,-1.975,-0.875));
#5420=VECTOR('',#6018,1.75);
#5421=CARTESIAN_POINT('',(0.785,-0.225,-0.875));
#5422=CARTESIAN_POINT('',(0.785,-0.225,-0.875));
#5423=VECTOR('',#6019,0.32);
#5424=CARTESIAN_POINT('',(0.785,-1.975,-0.875));
#5425=VECTOR('',#6020,1.75);
#5426=CARTESIAN_POINT('',(0.785,-0.225,-0.075));
#5427=CARTESIAN_POINT('',(0.785,-0.225,-0.075));
#5428=VECTOR('',#6021,0.8);
#5429=CARTESIAN_POINT('',(0.785,-1.975,-0.075));
#5430=VECTOR('',#6022,1.75);
#5431=CARTESIAN_POINT('',(0.465,-0.225,-0.075));
#5432=VECTOR('',#6023,0.32);
#5433=CARTESIAN_POINT('',(0.685,0.275,-0.15));
#5434=CARTESIAN_POINT('',(0.785,-0.225,-0.075));
#5435=VECTOR('',#6024,0.5153882032022);
#5436=CARTESIAN_POINT('',(0.565,0.275,-0.15));
#5437=CARTESIAN_POINT('',(0.565,0.275,-0.15));
#5438=VECTOR('',#6025,0.12);
#5439=CARTESIAN_POINT('',(0.465,-0.225,-0.075));
#5440=VECTOR('',#6026,0.5153882032022);
#5441=CARTESIAN_POINT('',(0.565,0.275,-0.75));
#5442=CARTESIAN_POINT('',(0.565,0.275,-0.75));
#5443=VECTOR('',#6027,0.6);
#5444=CARTESIAN_POINT('',(0.465,-0.225,-0.875));
#5445=VECTOR('',#6028,0.525);
#5446=CARTESIAN_POINT('',(0.685,0.275,-0.75));
#5447=CARTESIAN_POINT('',(0.685,0.275,-0.75));
#5448=VECTOR('',#6029,0.12);
#5449=CARTESIAN_POINT('',(0.785,-0.225,-0.875));
#5450=VECTOR('',#6030,0.525);
#5451=CARTESIAN_POINT('',(0.685,0.275,-0.15));
#5452=VECTOR('',#6031,0.6);
#5453=CARTESIAN_POINT('',(-0.785,-0.225,-0.875));
#5454=CARTESIAN_POINT('',(-0.785,-0.225,-0.875));
#5455=VECTOR('',#6032,0.8);
#5456=CARTESIAN_POINT('',(-0.785,-1.975,-0.875));
#5457=VECTOR('',#6033,1.75);
#5458=CARTESIAN_POINT('',(-0.465,-0.225,-0.875));
#5459=CARTESIAN_POINT('',(-0.465,-0.225,-0.875));
#5460=VECTOR('',#6034,0.32);
#5461=CARTESIAN_POINT('',(-0.465,-1.975,-0.875));
#5462=VECTOR('',#6035,1.75);
#5463=CARTESIAN_POINT('',(-0.465,-0.225,-0.075));
#5464=VECTOR('',#6036,0.8);
#5465=CARTESIAN_POINT('',(-0.565,0.275,-0.75));
#5466=CARTESIAN_POINT('',(-0.465,-0.225,-0.875));
#5467=VECTOR('',#6037,0.525);
#5468=CARTESIAN_POINT('',(-0.565,0.275,-0.15));
#5469=CARTESIAN_POINT('',(-0.565,0.275,-0.15));
#5470=VECTOR('',#6038,0.6);
#5471=CARTESIAN_POINT('',(-0.465,-0.225,-0.075));
#5472=VECTOR('',#6039,0.5153882032022);
#5473=CARTESIAN_POINT('',(-0.685,0.275,-0.15));
#5474=CARTESIAN_POINT('',(-0.685,0.275,-0.15));
#5475=VECTOR('',#6040,0.12);
#5476=CARTESIAN_POINT('',(-0.785,-0.225,-0.075));
#5477=VECTOR('',#6041,0.5153882032022);
#5478=CARTESIAN_POINT('',(-0.685,0.275,-0.75));
#5479=CARTESIAN_POINT('',(-0.685,0.275,-0.75));
#5480=VECTOR('',#6042,0.6);
#5481=CARTESIAN_POINT('',(-0.785,-0.225,-0.875));
#5482=VECTOR('',#6043,0.525);
#5483=CARTESIAN_POINT('',(-0.565,0.275,-0.75));
#5484=VECTOR('',#6044,0.12);
#5485=VERTEX_POINT('',#6045);
#5486=VERTEX_POINT('',#6046);
#5487=LINE('',#6047,#6048);
#5488=VERTEX_POINT('',#6049);
#5489=LINE('',#6050,#6051);
#5490=VERTEX_POINT('',#6052);
#5491=LINE('',#6053,#6054);
#5492=LINE('',#6055,#6056);
#5493=VERTEX_POINT('',#6057);
#5494=LINE('',#6058,#6059);
#5495=VERTEX_POINT('',#6060);
#5496=LINE('',#6061,#6062);
#5497=LINE('',#6063,#6064);
#5498=VERTEX_POINT('',#6065);
#5499=LINE('',#6066,#6067);
#5500=LINE('',#6068,#6069);
#5501=VERTEX_POINT('',#6070);
#5502=LINE('',#6071,#6072);
#5503=LINE('',#6073,#6074);
#5504=LINE('',#6075,#6076);
#5505=VERTEX_POINT('',#6077);
#5506=VERTEX_POINT('',#6078);
#5507=LINE('',#6079,#6080);
#5508=VERTEX_POINT('',#6081);
#5509=LINE('',#6082,#6083);
#5510=VERTEX_POINT('',#6084);
#5511=LINE('',#6085,#6086);
#5512=LINE('',#6087,#6088);
#5513=VERTEX_POINT('',#6089);
#5514=LINE('',#6090,#6091);
#5515=VERTEX_POINT('',#6092);
#5516=LINE('',#6093,#6094);
#5517=LINE('',#6095,#6096);
#5518=VERTEX_POINT('',#6097);
#5519=LINE('',#6098,#6099);
#5520=LINE('',#6100,#6101);
#5521=VERTEX_POINT('',#6102);
#5522=LINE('',#6103,#6104);
#5523=LINE('',#6105,#6106);
#5524=LINE('',#6107,#6108);
#5525=DIRECTION('',(0.0,1.0,0.0));
#5526=DIRECTION('',(1.0,0.0,0.0));
#5527=DIRECTION('',(0.0,1.0,0.0));
#5528=DIRECTION('',(1.0,0.0,0.0));
#5529=DIRECTION('',(1.0,0.0,0.0));
#5530=DIRECTION('',(0.0,0.0,1.0));
#5531=DIRECTION('',(-1.0,0.0,0.0));
#5532=DIRECTION('',(0.0,0.0,-1.0));
#5533=DIRECTION('',(1.0,0.0,0.0));
#5534=DIRECTION('',(0.0,0.0,-1.0));
#5535=DIRECTION('',(-1.0,0.0,0.0));
#5536=DIRECTION('',(0.0,0.0,-1.0));
#5537=DIRECTION('',(1.0,0.0,0.0));
#5538=DIRECTION('',(0.0,0.0,-1.0));
#5539=DIRECTION('',(1.0,0.0,0.0));
#5540=DIRECTION('',(0.0,0.0,-1.0));
#5541=DIRECTION('',(-1.0,0.0,0.0));
#5542=DIRECTION('',(0.0,0.0,-1.0));
#5543=DIRECTION('',(-1.0,0.0,0.0));
#5544=DIRECTION('',(0.0,0.0,1.0));
#5545=DIRECTION('',(-1.0,0.0,0.0));
#5546=DIRECTION('',(0.0,0.0,1.0));
#5547=DIRECTION('',(1.0,0.0,0.0));
#5548=DIRECTION('',(0.0,0.0,1.0));
#5549=DIRECTION('',(-1.0,0.0,0.0));
#5550=DIRECTION('',(0.0,0.0,-1.0));
#5551=DIRECTION('',(1.0,0.0,0.0));
#5552=DIRECTION('',(0.0,0.0,1.0));
#5553=DIRECTION('',(-1.0,0.0,0.0));
#5554=DIRECTION('',(0.0,0.0,-1.0));
#5555=DIRECTION('',(0.0,0.0,1.0));
#5556=DIRECTION('',(0.0,-1.0,0.0));
#5557=DIRECTION('',(0.0,0.0,1.0));
#5558=DIRECTION('',(0.0,1.0,0.0));
#5559=DIRECTION('',(0.0,1.0,0.0));
#5560=DIRECTION('',(0.0,0.0,1.0));
#5561=DIRECTION('',(0.0,-1.0,0.0));
#5562=DIRECTION('',(0.0,0.0,1.0));
#5563=DIRECTION('',(0.0,0.707106781186548,0.707106781186548));
#5564=DIRECTION('',(0.0,-1.0,0.0));
#5565=DIRECTION('',(0.707106781186548,-0.707106781186548,0.0));
#5566=DIRECTION('',(0.0,-1.0,0.0));
#5567=DIRECTION('',(0.0,-1.0,0.0));
#5568=DIRECTION('',(0.0,0.0,1.0));
#5569=DIRECTION('',(-1.0,0.0,0.0));
#5570=DIRECTION('',(0.0,0.0,1.0));
#5571=DIRECTION('',(1.0,0.0,0.0));
#5572=DIRECTION('',(0.0,0.0,1.0));
#5573=DIRECTION('',(0.0,0.0,1.0));
#5574=DIRECTION('',(-1.0,0.0,0.0));
#5575=DIRECTION('',(0.0,0.0,1.0));
#5576=DIRECTION('',(-1.0,0.0,0.0));
#5577=DIRECTION('',(0.0,0.0,-1.0));
#5578=DIRECTION('',(0.0,0.0,-1.0));
#5579=DIRECTION('',(0.0,0.0,-1.0));
#5580=DIRECTION('',(1.0,0.0,0.0));
#5581=DIRECTION('',(0.0,0.0,-1.0));
#5582=DIRECTION('',(-1.0,0.0,0.0));
#5583=DIRECTION('',(0.0,0.0,1.0));
#5584=DIRECTION('',(0.0,-1.0,0.0));
#5585=DIRECTION('',(0.0,0.0,-1.0));
#5586=DIRECTION('',(0.0,-1.0,0.0));
#5587=DIRECTION('',(0.0,-0.707106781186548,0.707106781186548));
#5588=DIRECTION('',(0.577350269189626,-0.577350269189626,0.577350269189626));
#5589=DIRECTION('',(-1.0,0.0,0.0));
#5590=DIRECTION('',(-1.0,0.0,0.0));
#5591=DIRECTION('',(-0.577350269189626,-0.577350269189626,0.577350269189626));
#5592=DIRECTION('',(0.0,-0.707106781186548,0.707106781186548));
#5593=DIRECTION('',(0.0,-1.0,0.0));
#5594=DIRECTION('',(0.0,-1.0,0.0));
#5595=DIRECTION('',(1.0,0.0,0.0));
#5596=DIRECTION('',(0.0,1.0,0.0));
#5597=DIRECTION('',(1.0,0.0,0.0));
#5598=DIRECTION('',(0.0,1.0,0.0));
#5599=DIRECTION('',(1.0,0.0,0.0));
#5600=DIRECTION('',(0.124034734589196,0.0,0.992277876713669));
#5601=DIRECTION('',(1.0,0.0,0.0));
#5602=DIRECTION('',(1.0,0.0,0.0));
#5603=DIRECTION('',(0.124034734589196,0.0,-0.992277876713669));
#5604=DIRECTION('',(0.0,0.0,-1.0));
#5605=DIRECTION('',(0.0,1.0,0.0));
#5606=DIRECTION('',(1.0,0.0,0.0));
#5607=DIRECTION('',(0.0,1.0,0.0));
#5608=DIRECTION('',(0.0,-1.0,0.0));
#5609=DIRECTION('',(0.0,1.0,0.0));
#5610=DIRECTION('',(0.707106781186548,-0.707106781186548,0.0));
#5611=DIRECTION('',(1.0,0.0,0.0));
#5612=DIRECTION('',(0.0,-1.0,0.0));
#5613=DIRECTION('',(-0.707106781186548,-0.707106781186548,0.0));
#5614=DIRECTION('',(-1.0,0.0,0.0));
#5615=DIRECTION('',(0.0,-1.0,0.0));
#5616=DIRECTION('',(-1.0,0.0,0.0));
#5617=DIRECTION('',(0.0,-1.0,0.0));
#5618=DIRECTION('',(1.0,0.0,0.0));
#5619=DIRECTION('',(0.0,1.0,0.0));
#5620=DIRECTION('',(0.0,1.0,0.0));
#5621=DIRECTION('',(-1.0,0.0,0.0));
#5622=DIRECTION('',(0.0,1.0,0.0));
#5623=DIRECTION('',(-1.0,0.0,0.0));
#5624=DIRECTION('',(0.0,-1.0,0.0));
#5625=DIRECTION('',(1.0,0.0,0.0));
#5626=DIRECTION('',(0.0,1.0,0.0));
#5627=DIRECTION('',(-1.0,0.0,0.0));
#5628=DIRECTION('',(0.0,-1.0,0.0));
#5629=DIRECTION('',(1.0,0.0,0.0));
#5630=DIRECTION('',(0.0,1.0,0.0));
#5631=DIRECTION('',(-1.0,0.0,0.0));
#5632=DIRECTION('',(0.0,1.0,0.0));
#5633=DIRECTION('',(-1.0,0.0,0.0));
#5634=DIRECTION('',(0.0,1.0,0.0));
#5635=DIRECTION('',(0.0,-1.0,0.0));
#5636=DIRECTION('',(1.0,0.0,0.0));
#5637=DIRECTION('',(0.0,1.0,0.0));
#5638=DIRECTION('',(-1.0,0.0,0.0));
#5639=DIRECTION('',(0.0,1.0,0.0));
#5640=DIRECTION('',(-1.0,0.0,0.0));
#5641=DIRECTION('',(-0.707106781186548,0.707106781186548,0.0));
#5642=DIRECTION('',(0.0,1.0,0.0));
#5643=DIRECTION('',(1.0,0.0,0.0));
#5644=DIRECTION('',(0.707106781186548,0.707106781186548,0.0));
#5645=DIRECTION('',(0.0,1.0,0.0));
#5646=DIRECTION('',(0.0,1.0,0.0));
#5647=DIRECTION('',(1.0,0.0,0.0));
#5648=DIRECTION('',(0.0,1.0,0.0));
#5649=DIRECTION('',(1.0,0.0,0.0));
#5650=DIRECTION('',(0.0,1.0,0.0));
#5651=DIRECTION('',(1.0,0.0,0.0));
#5652=DIRECTION('',(0.0,1.0,0.0));
#5653=DIRECTION('',(1.0,0.0,0.0));
#5654=DIRECTION('',(0.0,1.0,0.0));
#5655=DIRECTION('',(1.0,0.0,0.0));
#5656=DIRECTION('',(0.0,1.0,0.0));
#5657=DIRECTION('',(1.0,0.0,0.0));
#5658=DIRECTION('',(0.0,0.0,1.0));
#5659=DIRECTION('',(0.0,-1.0,0.0));
#5660=DIRECTION('',(0.0,0.0,1.0));
#5661=DIRECTION('',(0.0,0.0,1.0));
#5662=DIRECTION('',(0.0,1.0,0.0));
#5663=DIRECTION('',(0.0,0.0,1.0));
#5664=DIRECTION('',(0.0,1.0,0.0));
#5665=DIRECTION('',(0.0,0.0,1.0));
#5666=DIRECTION('',(0.0,1.0,0.0));
#5667=DIRECTION('',(0.0,-1.0,0.0));
#5668=DIRECTION('',(0.0,0.0,1.0));
#5669=DIRECTION('',(0.0,-1.0,0.0));
#5670=DIRECTION('',(1.0,0.0,0.0));
#5671=DIRECTION('',(0.707106781186548,-0.707106781186548,0.0));
#5672=DIRECTION('',(-0.707106781186548,-0.707106781186548,0.0));
#5673=DIRECTION('',(0.0,-1.0,0.0));
#5674=DIRECTION('',(1.0,0.0,0.0));
#5675=DIRECTION('',(0.0,-1.0,0.0));
#5676=DIRECTION('',(0.707106781186548,-0.707106781186548,0.0));
#5677=DIRECTION('',(-1.0,0.0,0.0));
#5678=DIRECTION('',(0.0,0.0,1.0));
#5679=DIRECTION('',(-1.0,0.0,0.0));
#5680=DIRECTION('',(0.0,0.707106781186548,0.707106781186548));
#5681=DIRECTION('',(-1.0,0.0,0.0));
#5682=DIRECTION('',(0.0,-1.0,0.0));
#5683=DIRECTION('',(0.0,-1.0,0.0));
#5684=DIRECTION('',(0.0,0.0,1.0));
#5685=DIRECTION('',(0.0,-1.0,0.0));
#5686=DIRECTION('',(0.0,1.0,0.0));
#5687=DIRECTION('',(0.0,0.0,-1.0));
#5688=DIRECTION('',(0.0,1.0,0.0));
#5689=DIRECTION('',(0.0,0.0,1.0));
#5690=DIRECTION('',(0.0,1.0,0.0));
#5691=DIRECTION('',(0.0,0.0,-1.0));
#5692=DIRECTION('',(0.0,0.0,1.0));
#5693=DIRECTION('',(0.0,-1.0,0.0));
#5694=DIRECTION('',(0.0,0.0,1.0));
#5695=DIRECTION('',(0.707106781186548,-0.707106781186548,0.0));
#5696=DIRECTION('',(0.0,0.0,1.0));
#5697=DIRECTION('',(1.0,0.0,0.0));
#5698=DIRECTION('',(0.0,0.0,1.0));
#5699=DIRECTION('',(0.0,-1.0,0.0));
#5700=DIRECTION('',(0.0,0.0,1.0));
#5701=DIRECTION('',(-0.707106781186548,-0.707106781186548,0.0));
#5702=DIRECTION('',(0.0,0.0,1.0));
#5703=DIRECTION('',(0.0,0.0,1.0));
#5704=DIRECTION('',(-1.0,0.0,0.0));
#5705=DIRECTION('',(-1.0,0.0,0.0));
#5706=DIRECTION('',(-1.0,0.0,0.0));
#5707=DIRECTION('',(0.0,0.0,-1.0));
#5708=DIRECTION('',(-1.0,0.0,0.0));
#5709=DIRECTION('',(0.0,1.0,0.0));
#5710=CARTESIAN_POINT('',(2.645,-3.425,0.6));
#5711=DIRECTION('',(0.0,0.0,-1.0));
#5712=DIRECTION('',(0.0,-1.0,0.0));
#5713=DIRECTION('',(-1.0,0.0,0.0));
#5714=DIRECTION('',(0.0,-1.0,0.0));
#5715=DIRECTION('',(1.0,0.0,0.0));
#5716=CARTESIAN_POINT('',(2.645,-3.425,0.6));
#5717=DIRECTION('',(0.0,0.0,1.0));
#5718=DIRECTION('',(-1.0,0.0,0.0));
#5719=DIRECTION('',(0.0,-1.0,0.0));
#5720=DIRECTION('',(0.0,1.0,0.0));
#5721=CARTESIAN_POINT('',(-2.645,-3.425,0.6));
#5722=DIRECTION('',(0.0,0.0,1.0));
#5723=DIRECTION('',(0.0,-1.0,0.0));
#5724=DIRECTION('',(1.0,0.0,0.0));
#5725=DIRECTION('',(0.0,1.0,0.0));
#5726=DIRECTION('',(-1.0,0.0,0.0));
#5727=CARTESIAN_POINT('',(-2.645,-3.425,0.6));
#5728=DIRECTION('',(0.0,0.0,-1.0));
#5729=DIRECTION('',(1.0,0.0,0.0));
#5730=DIRECTION('',(0.0,-1.0,0.0));
#5731=DIRECTION('',(-1.0,0.0,0.0));
#5732=DIRECTION('',(0.0,-0.707106781186548,-0.707106781186548));
#5733=DIRECTION('',(0.0,-1.0,0.0));
#5734=DIRECTION('',(0.0,0.0,1.0));
#5735=DIRECTION('',(0.0,1.0,0.0));
#5736=DIRECTION('',(0.0,0.0,1.0));
#5737=DIRECTION('',(0.0,-1.0,0.0));
#5738=DIRECTION('',(-0.577350269189626,0.577350269189626,0.577350269189626));
#5739=DIRECTION('',(-0.577350269189626,0.577350269189626,0.577350269189626));
#5740=CARTESIAN_POINT('',(2.645,-2.455,-1.6));
#5741=DIRECTION('',(0.0,-0.0,1.0));
#5742=DIRECTION('',(0.0,1.0,0.0));
#5743=DIRECTION('',(0.0,0.0,1.0));
#5744=DIRECTION('',(-0.577350269189626,0.577350269189626,0.577350269189626));
#5745=DIRECTION('',(-1.0,0.0,0.0));
#5746=DIRECTION('',(-1.0,0.0,0.0));
#5747=DIRECTION('',(0.0,0.0,1.0));
#5748=DIRECTION('',(0.0,-1.0,0.0));
#5749=DIRECTION('',(0.0,0.0,1.0));
#5750=DIRECTION('',(0.0,-1.0,0.0));
#5751=DIRECTION('',(-0.577350269189626,-0.577350269189626,0.577350269189626));
#5752=DIRECTION('',(1.0,0.0,0.0));
#5753=DIRECTION('',(0.577350269189626,-0.577350269189626,0.577350269189626));
#5754=DIRECTION('',(1.0,0.0,0.0));
#5755=DIRECTION('',(1.0,0.0,0.0));
#5756=DIRECTION('',(0.0,0.0,1.0));
#5757=DIRECTION('',(0.0,0.0,-1.0));
#5758=CARTESIAN_POINT('',(2.645,-2.455,-1.6));
#5759=DIRECTION('',(0.0,0.0,-1.0));
#5760=DIRECTION('',(-1.0,0.0,0.0));
#5761=DIRECTION('',(0.0,0.0,1.0));
#5762=DIRECTION('',(0.0,0.0,-1.0));
#5763=CARTESIAN_POINT('',(2.645,-2.455,-1.1));
#5764=DIRECTION('',(0.0,0.0,-1.0));
#5765=DIRECTION('',(-1.0,0.0,0.0));
#5766=DIRECTION('',(0.0,1.0,0.0));
#5767=DIRECTION('',(1.0,0.0,0.0));
#5768=DIRECTION('',(1.0,0.0,0.0));
#5769=DIRECTION('',(0.0,-1.0,0.0));
#5770=CARTESIAN_POINT('',(-2.645,-2.455,-1.1));
#5771=DIRECTION('',(0.0,0.0,-1.0));
#5772=DIRECTION('',(0.0,1.0,0.0));
#5773=DIRECTION('',(0.0,0.0,1.0));
#5774=DIRECTION('',(0.0,1.0,0.0));
#5775=DIRECTION('',(0.577350269189626,0.577350269189626,0.577350269189626));
#5776=DIRECTION('',(0.0,1.0,0.0));
#5777=DIRECTION('',(0.0,1.0,0.0));
#5778=DIRECTION('',(0.0,0.0,1.0));
#5779=DIRECTION('',(0.0,1.0,0.0));
#5780=DIRECTION('',(0.0,-0.707106781186548,-0.707106781186548));
#5781=DIRECTION('',(0.0,0.0,1.0));
#5782=CARTESIAN_POINT('',(2.645,-3.425,-1.6));
#5783=DIRECTION('',(0.0,0.0,-1.0));
#5784=DIRECTION('',(0.0,-1.0,0.0));
#5785=CARTESIAN_POINT('',(2.645,-3.425,-1.6));
#5786=DIRECTION('',(0.0,0.0,1.0));
#5787=DIRECTION('',(-1.0,0.0,0.0));
#5788=DIRECTION('',(1.0,0.0,0.0));
#5789=DIRECTION('',(0.0,-1.0,0.0));
#5790=DIRECTION('',(-1.0,0.0,0.0));
#5791=DIRECTION('',(0.0,-1.0,0.0));
#5792=CARTESIAN_POINT('',(-2.645,-3.425,-1.6));
#5793=DIRECTION('',(0.0,0.0,-1.0));
#5794=DIRECTION('',(1.0,0.0,0.0));
#5795=DIRECTION('',(-1.0,0.0,0.0));
#5796=DIRECTION('',(0.0,1.0,0.0));
#5797=DIRECTION('',(1.0,0.0,0.0));
#5798=CARTESIAN_POINT('',(-2.645,-3.425,-1.6));
#5799=DIRECTION('',(0.0,0.0,1.0));
#5800=DIRECTION('',(0.0,-1.0,0.0));
#5801=DIRECTION('',(0.0,1.0,0.0));
#5802=DIRECTION('',(0.0,1.0,0.0));
#5803=CARTESIAN_POINT('',(-2.645,-2.455,-1.6));
#5804=DIRECTION('',(0.0,0.0,1.0));
#5805=DIRECTION('',(1.0,0.0,0.0));
#5806=DIRECTION('',(-1.0,0.0,0.0));
#5807=DIRECTION('',(0.0,1.0,0.0));
#5808=DIRECTION('',(1.0,0.0,0.0));
#5809=CARTESIAN_POINT('',(-2.645,-2.455,-1.6));
#5810=DIRECTION('',(0.0,0.0,-1.0));
#5811=DIRECTION('',(0.0,1.0,0.0));
#5812=DIRECTION('',(0.0,-1.0,0.0));
#5813=DIRECTION('',(0.707106781186548,0.0,0.707106781186548));
#5814=DIRECTION('',(0.0,0.0,1.0));
#5815=DIRECTION('',(0.707106781186548,0.0,-0.707106781186548));
#5816=DIRECTION('',(0.0,-1.0,0.0));
#5817=DIRECTION('',(0.707106781186548,0.0,-0.707106781186548));
#5818=DIRECTION('',(0.0,0.0,1.0));
#5819=DIRECTION('',(0.0,0.0,1.0));
#5820=DIRECTION('',(0.707106781186548,0.0,0.707106781186548));
#5821=DIRECTION('',(0.0,-1.0,0.0));
#5822=DIRECTION('',(0.0,0.0,1.0));
#5823=DIRECTION('',(0.0,0.0,-1.0));
#5824=DIRECTION('',(0.0,0.0,1.0));
#5825=DIRECTION('',(0.0,1.0,0.0));
#5826=DIRECTION('',(0.0,-0.707106781186548,-0.707106781186548));
#5827=DIRECTION('',(-1.0,0.0,0.0));
#5828=DIRECTION('',(-1.0,0.0,0.0));
#5829=DIRECTION('',(0.0,0.0,1.0));
#5830=DIRECTION('',(-1.0,0.0,0.0));
#5831=DIRECTION('',(0.0,0.0,1.0));
#5832=DIRECTION('',(0.0,1.0,0.0));
#5833=DIRECTION('',(0.0,0.0,1.0));
#5834=DIRECTION('',(0.0,-0.707106781186548,-0.707106781186548));
#5835=DIRECTION('',(0.0,0.0,1.0));
#5836=DIRECTION('',(-0.577350269189626,0.577350269189626,0.577350269189626));
#5837=DIRECTION('',(0.577350269189626,0.577350269189626,0.577350269189626));
#5838=DIRECTION('',(0.0,-1.0,0.0));
#5839=DIRECTION('',(-0.577350269189626,-0.577350269189626,0.577350269189626));
#5840=DIRECTION('',(0.577350269189626,-0.577350269189626,0.577350269189626));
#5841=DIRECTION('',(1.0,0.0,0.0));
#5842=DIRECTION('',(1.0,0.0,0.0));
#5843=DIRECTION('',(0.0,0.0,1.0));
#5844=DIRECTION('',(0.0,0.0,1.0));
#5845=DIRECTION('',(0.0,0.0,1.0));
#5846=DIRECTION('',(0.0,1.0,0.0));
#5847=DIRECTION('',(0.577350269189626,0.577350269189626,0.577350269189626));
#5848=DIRECTION('',(0.577350269189626,0.577350269189626,0.577350269189626));
#5849=DIRECTION('',(-1.0,0.0,0.0));
#5850=DIRECTION('',(-1.41301112225E-14,0.0,1.0));
#5851=DIRECTION('',(0.0,0.0,-1.0));
#5852=DIRECTION('',(0.0,0.0,-1.0));
#5853=DIRECTION('',(0.0,0.0,1.0));
#5854=DIRECTION('',(0.0,0.0,1.0));
#5855=DIRECTION('',(-0.707106781186548,0.0,0.707106781186548));
#5856=DIRECTION('',(0.0,0.0,1.0));
#5857=DIRECTION('',(-0.707106781186548,0.0,-0.707106781186548));
#5858=DIRECTION('',(0.0,1.0,0.0));
#5859=DIRECTION('',(-0.707106781186548,0.0,-0.707106781186548));
#5860=DIRECTION('',(0.0,0.0,1.0));
#5861=DIRECTION('',(0.0,0.0,1.0));
#5862=DIRECTION('',(-0.707106781186548,0.0,0.707106781186548));
#5863=DIRECTION('',(0.0,1.0,0.0));
#5864=DIRECTION('',(-0.707106781186548,0.707106781186548,0.0));
#5865=DIRECTION('',(0.0,0.0,1.0));
#5866=DIRECTION('',(0.0,1.0,0.0));
#5867=DIRECTION('',(0.0,0.0,1.0));
#5868=DIRECTION('',(1.0,0.0,0.0));
#5869=DIRECTION('',(0.0,0.0,1.0));
#5870=DIRECTION('',(0.707106781186548,0.707106781186548,0.0));
#5871=DIRECTION('',(0.0,0.0,-1.0));
#5872=DIRECTION('',(1.0,0.0,0.0));
#5873=DIRECTION('',(1.0,0.0,0.0));
#5874=DIRECTION('',(1.0,0.0,0.0));
#5875=DIRECTION('',(0.0,0.0,-1.0));
#5876=DIRECTION('',(1.0,0.0,0.0));
#5877=DIRECTION('',(0.0,0.0,-1.0));
#5878=DIRECTION('',(1.0,0.0,0.0));
#5879=DIRECTION('',(0.0,0.0,-1.0));
#5880=DIRECTION('',(1.0,0.0,0.0));
#5881=DIRECTION('',(1.0,0.0,0.0));
#5882=DIRECTION('',(0.0,1.0,0.0));
#5883=DIRECTION('',(0.0,1.0,0.0));
#5884=DIRECTION('',(1.0,0.0,0.0));
#5885=DIRECTION('',(0.0,0.0,1.0));
#5886=DIRECTION('',(0.0,1.0,0.0));
#5887=DIRECTION('',(0.0,0.0,1.0));
#5888=DIRECTION('',(0.0,1.0,0.0));
#5889=DIRECTION('',(1.0,0.0,0.0));
#5890=DIRECTION('',(0.0,-1.0,0.0));
#5891=DIRECTION('',(-1.0,0.0,0.0));
#5892=DIRECTION('',(0.0,1.0,0.0));
#5893=DIRECTION('',(1.0,0.0,0.0));
#5894=DIRECTION('',(0.0,-1.0,0.0));
#5895=DIRECTION('',(-1.0,0.0,0.0));
#5896=DIRECTION('',(0.0,1.0,0.0));
#5897=DIRECTION('',(-1.0,0.0,0.0));
#5898=DIRECTION('',(0.0,1.0,0.0));
#5899=DIRECTION('',(0.0,0.0,1.0));
#5900=DIRECTION('',(0.0,0.0,1.0));
#5901=DIRECTION('',(0.0,0.0,1.0));
#5902=DIRECTION('',(1.0,0.0,0.0));
#5903=DIRECTION('',(0.0,0.0,-1.0));
#5904=DIRECTION('',(1.0,0.0,0.0));
#5905=DIRECTION('',(0.0,0.0,-1.0));
#5906=DIRECTION('',(0.0,0.0,1.0));
#5907=DIRECTION('',(0.0,0.0,1.0));
#5908=DIRECTION('',(0.0,0.0,1.0));
#5909=DIRECTION('',(0.0,0.0,1.0));
#5910=DIRECTION('',(0.0,0.0,1.0));
#5911=DIRECTION('',(0.0,0.0,1.0));
#5912=DIRECTION('',(1.0,0.0,0.0));
#5913=DIRECTION('',(0.0,0.0,-1.0));
#5914=DIRECTION('',(1.0,0.0,0.0));
#5915=DIRECTION('',(0.0,0.0,-1.0));
#5916=DIRECTION('',(0.0,-0.500000000000017,0.866025403784429));
#5917=DIRECTION('',(0.0,0.0,1.0));
#5918=DIRECTION('',(0.0,-0.707106781186548,0.707106781186548));
#5919=DIRECTION('',(0.0,-1.0,0.0));
#5920=DIRECTION('',(0.0,-0.707106781186548,-0.707106781186548));
#5921=DIRECTION('',(0.0,0.0,-1.0));
#5922=DIRECTION('',(0.0,0.500000000000017,-0.866025403784429));
#5923=DIRECTION('',(0.0,0.0,-1.0));
#5924=DIRECTION('',(0.0,1.0,0.0));
#5925=DIRECTION('',(-1.0,0.0,0.0));
#5926=DIRECTION('',(0.0,1.0,0.0));
#5927=DIRECTION('',(0.0,0.0,-1.0));
#5928=DIRECTION('',(0.0,0.500000000000017,-0.866025403784429));
#5929=DIRECTION('',(0.0,0.0,-1.0));
#5930=DIRECTION('',(0.0,-0.707106781186548,-0.707106781186548));
#5931=DIRECTION('',(0.0,-1.0,0.0));
#5932=DIRECTION('',(0.0,-0.707106781186548,0.707106781186548));
#5933=DIRECTION('',(0.0,0.0,1.0));
#5934=DIRECTION('',(0.0,-0.500000000000017,0.866025403784429));
#5935=DIRECTION('',(-1.0,0.0,0.0));
#5936=DIRECTION('',(-1.0,0.0,0.0));
#5937=DIRECTION('',(-1.0,0.0,0.0));
#5938=DIRECTION('',(-1.0,0.0,0.0));
#5939=DIRECTION('',(-1.0,0.0,0.0));
#5940=DIRECTION('',(-1.0,0.0,0.0));
#5941=DIRECTION('',(-1.0,0.0,0.0));
#5942=DIRECTION('',(0.0,1.0,0.0));
#5943=DIRECTION('',(0.0,0.0,1.0));
#5944=DIRECTION('',(1.0,0.0,0.0));
#5945=DIRECTION('',(1.0,0.0,0.0));
#5946=DIRECTION('',(0.0,-0.500000000000017,0.866025403784429));
#5947=DIRECTION('',(0.0,0.0,1.0));
#5948=DIRECTION('',(0.0,-0.707106781186548,0.707106781186548));
#5949=DIRECTION('',(0.0,-1.0,0.0));
#5950=DIRECTION('',(0.0,-0.707106781186548,-0.707106781186548));
#5951=DIRECTION('',(0.0,0.0,-1.0));
#5952=DIRECTION('',(0.0,0.500000000000017,-0.866025403784429));
#5953=DIRECTION('',(0.0,0.0,-1.0));
#5954=DIRECTION('',(0.0,1.0,0.0));
#5955=DIRECTION('',(-1.0,0.0,0.0));
#5956=DIRECTION('',(0.0,1.0,0.0));
#5957=DIRECTION('',(0.0,0.0,-1.0));
#5958=DIRECTION('',(0.0,0.500000000000017,-0.866025403784429));
#5959=DIRECTION('',(0.0,0.0,-1.0));
#5960=DIRECTION('',(0.0,-0.707106781186548,-0.707106781186548));
#5961=DIRECTION('',(0.0,-1.0,0.0));
#5962=DIRECTION('',(0.0,-0.707106781186548,0.707106781186548));
#5963=DIRECTION('',(0.0,0.0,1.0));
#5964=DIRECTION('',(0.0,-0.500000000000017,0.866025403784429));
#5965=DIRECTION('',(-1.0,0.0,0.0));
#5966=DIRECTION('',(-1.0,0.0,0.0));
#5967=DIRECTION('',(-1.0,0.0,0.0));
#5968=DIRECTION('',(-1.0,0.0,0.0));
#5969=DIRECTION('',(-1.0,0.0,0.0));
#5970=DIRECTION('',(-1.0,0.0,0.0));
#5971=DIRECTION('',(-1.0,0.0,0.0));
#5972=DIRECTION('',(0.0,-1.0,0.0));
#5973=DIRECTION('',(1.0,0.0,0.0));
#5974=DIRECTION('',(0.0,0.0,1.0));
#5975=DIRECTION('',(1.0,0.0,0.0));
#5976=DIRECTION('',(0.0,0.0,-1.0));
#5977=DIRECTION('',(0.0,0.707106781186548,0.707106781186548));
#5978=DIRECTION('',(0.0,-1.0,0.0));
#5979=DIRECTION('',(0.0,-1.0,0.0));
#5980=DIRECTION('',(1.0,0.0,0.0));
#5981=DIRECTION('',(0.0,0.707106781186548,0.707106781186548));
#5982=DIRECTION('',(0.0,0.0,-1.0));
#5983=DIRECTION('',(0.0,1.0,0.0));
#5984=DIRECTION('',(0.0,0.0,-1.0));
#5985=DIRECTION('',(0.0,1.0,0.0));
#5986=DIRECTION('',(-0.707106781186548,-0.707106781186548,0.0));
#5987=DIRECTION('',(0.0,-1.0,0.0));
#5988=DIRECTION('',(0.0,-1.0,0.0));
#5989=DIRECTION('',(-0.707106781186548,-0.707106781186548,0.0));
#5990=DIRECTION('',(0.124034734589196,0.0,-0.992277876713669));
#5991=DIRECTION('',(0.124034734589196,0.0,0.992277876713669));
#5992=DIRECTION('',(0.0,0.0,-1.0));
#5993=DIRECTION('',(1.0,0.0,0.0));
#5994=DIRECTION('',(0.832050294337844,0.0,0.554700196225229));
#5995=DIRECTION('',(0.0,-1.0,0.0));
#5996=DIRECTION('',(0.832050294337844,0.0,0.554700196225229));
#5997=DIRECTION('',(1.0,0.0,0.0));
#5998=DIRECTION('',(0.0,0.0,-1.0));
#5999=DIRECTION('',(0.0,-1.0,0.0));
#6000=DIRECTION('',(0.0,0.0,-1.0));
#6001=DIRECTION('',(1.0,0.0,0.0));
#6002=DIRECTION('',(0.832050294337844,0.0,0.554700196225229));
#6003=DIRECTION('',(0.0,-1.0,0.0));
#6004=DIRECTION('',(0.832050294337844,0.0,0.554700196225229));
#6005=DIRECTION('',(1.0,0.0,0.0));
#6006=DIRECTION('',(0.0,0.0,-1.0));
#6007=DIRECTION('',(0.0,-1.0,0.0));
#6008=DIRECTION('',(0.0,0.0,-1.0));
#6009=DIRECTION('',(1.0,0.0,0.0));
#6010=DIRECTION('',(0.832050294337844,0.0,0.554700196225229));
#6011=DIRECTION('',(0.0,-1.0,0.0));
#6012=DIRECTION('',(0.832050294337844,0.0,0.554700196225229));
#6013=DIRECTION('',(1.0,0.0,0.0));
#6014=DIRECTION('',(0.0,0.0,-1.0));
#6015=DIRECTION('',(0.0,-1.0,0.0));
#6016=DIRECTION('',(0.0,1.0,0.0));
#6017=DIRECTION('',(0.0,0.0,1.0));
#6018=DIRECTION('',(0.0,1.0,0.0));
#6019=DIRECTION('',(-1.0,0.0,0.0));
#6020=DIRECTION('',(0.0,1.0,0.0));
#6021=DIRECTION('',(0.0,0.0,-1.0));
#6022=DIRECTION('',(0.0,1.0,0.0));
#6023=DIRECTION('',(1.0,0.0,0.0));
#6024=DIRECTION('',(-0.194028500029105,0.970142500145324,-0.145521375021804));
#6025=DIRECTION('',(1.0,0.0,0.0));
#6026=DIRECTION('',(0.194028500029105,0.970142500145324,-0.145521375021804));
#6027=DIRECTION('',(0.0,0.0,1.0));
#6028=DIRECTION('',(0.190476190476193,0.952380952380964,0.238095238095191));
#6029=DIRECTION('',(-1.0,0.0,0.0));
#6030=DIRECTION('',(-0.190476190476193,0.952380952380964,0.238095238095191));
#6031=DIRECTION('',(0.0,0.0,-1.0));
#6032=DIRECTION('',(0.0,0.0,1.0));
#6033=DIRECTION('',(0.0,1.0,0.0));
#6034=DIRECTION('',(-1.0,0.0,0.0));
#6035=DIRECTION('',(0.0,1.0,0.0));
#6036=DIRECTION('',(0.0,0.0,-1.0));
#6037=DIRECTION('',(-0.190476190476193,0.952380952380964,0.238095238095191));
#6038=DIRECTION('',(0.0,0.0,-1.0));
#6039=DIRECTION('',(-0.194028500029105,0.970142500145324,-0.145521375021804));
#6040=DIRECTION('',(1.0,0.0,0.0));
#6041=DIRECTION('',(0.194028500029105,0.970142500145324,-0.145521375021804));
#6042=DIRECTION('',(0.0,0.0,1.0));
#6043=DIRECTION('',(0.190476190476193,0.952380952380964,0.238095238095191));
#6044=DIRECTION('',(-1.0,0.0,0.0));
#6045=CARTESIAN_POINT('',(3.325,-1.35,-1.3));
#6046=CARTESIAN_POINT('',(2.125,-1.35,-1.3));
#6047=CARTESIAN_POINT('',(3.325,-1.35,-1.3));
#6048=VECTOR('',#6109,1.2);
#6049=CARTESIAN_POINT('',(2.125,-2.15,-1.3));
#6050=CARTESIAN_POINT('',(2.125,-1.35,-1.3));
#6051=VECTOR('',#6110,0.8);
#6052=CARTESIAN_POINT('',(3.325,-2.15,-1.3));
#6053=CARTESIAN_POINT('',(3.325,-2.15,-1.3));
#6054=VECTOR('',#6111,1.2);
#6055=CARTESIAN_POINT('',(3.325,-1.35,-1.3));
#6056=VECTOR('',#6112,0.8);
#6057=CARTESIAN_POINT('',(2.125,-1.35,0.9));
#6058=CARTESIAN_POINT('',(2.125,-1.35,-1.3));
#6059=VECTOR('',#6113,2.2);
#6060=CARTESIAN_POINT('',(3.325,-1.35,0.9));
#6061=CARTESIAN_POINT('',(3.325,-1.35,0.9));
#6062=VECTOR('',#6114,2.2);
#6063=CARTESIAN_POINT('',(2.125,-1.35,0.9));
#6064=VECTOR('',#6115,1.2);
#6065=CARTESIAN_POINT('',(2.125,-2.15,0.9));
#6066=CARTESIAN_POINT('',(2.125,-1.35,0.9));
#6067=VECTOR('',#6116,0.8);
#6068=CARTESIAN_POINT('',(2.125,-2.15,-1.3));
#6069=VECTOR('',#6117,2.2);
#6070=CARTESIAN_POINT('',(3.325,-2.15,0.9));
#6071=CARTESIAN_POINT('',(3.325,-1.35,0.9));
#6072=VECTOR('',#6118,0.8);
#6073=CARTESIAN_POINT('',(2.125,-2.15,0.9));
#6074=VECTOR('',#6119,1.2);
#6075=CARTESIAN_POINT('',(3.325,-2.15,0.9));
#6076=VECTOR('',#6120,2.2);
#6077=CARTESIAN_POINT('',(-2.125,-1.35,-1.3));
#6078=CARTESIAN_POINT('',(-3.325,-1.35,-1.3));
#6079=CARTESIAN_POINT('',(-2.125,-1.35,-1.3));
#6080=VECTOR('',#6121,1.2);
#6081=CARTESIAN_POINT('',(-2.125,-1.35,0.9));
#6082=CARTESIAN_POINT('',(-2.125,-1.35,0.9));
#6083=VECTOR('',#6122,2.2);
#6084=CARTESIAN_POINT('',(-3.325,-1.35,0.9));
#6085=CARTESIAN_POINT('',(-3.325,-1.35,0.9));
#6086=VECTOR('',#6123,1.2);
#6087=CARTESIAN_POINT('',(-3.325,-1.35,-1.3));
#6088=VECTOR('',#6124,2.2);
#6089=CARTESIAN_POINT('',(-3.325,-2.15,-1.3));
#6090=CARTESIAN_POINT('',(-3.325,-1.35,-1.3));
#6091=VECTOR('',#6125,0.8);
#6092=CARTESIAN_POINT('',(-2.125,-2.15,-1.3));
#6093=CARTESIAN_POINT('',(-2.125,-2.15,-1.3));
#6094=VECTOR('',#6126,1.2);
#6095=CARTESIAN_POINT('',(-2.125,-1.35,-1.3));
#6096=VECTOR('',#6127,0.8);
#6097=CARTESIAN_POINT('',(-3.325,-2.15,0.9));
#6098=CARTESIAN_POINT('',(-3.325,-1.35,0.9));
#6099=VECTOR('',#6128,0.8);
#6100=CARTESIAN_POINT('',(-3.325,-2.15,-1.3));
#6101=VECTOR('',#6129,2.2);
#6102=CARTESIAN_POINT('',(-2.125,-2.15,0.9));
#6103=CARTESIAN_POINT('',(-2.125,-1.35,0.9));
#6104=VECTOR('',#6130,0.8);
#6105=CARTESIAN_POINT('',(-3.325,-2.15,0.9));
#6106=VECTOR('',#6131,1.2);
#6107=CARTESIAN_POINT('',(-2.125,-2.15,0.9));
#6108=VECTOR('',#6132,2.2);
#6109=DIRECTION('',(-1.0,0.0,0.0));
#6110=DIRECTION('',(0.0,-1.0,0.0));
#6111=DIRECTION('',(-1.0,0.0,0.0));
#6112=DIRECTION('',(0.0,-1.0,0.0));
#6113=DIRECTION('',(0.0,0.0,1.0));
#6114=DIRECTION('',(0.0,0.0,-1.0));
#6115=DIRECTION('',(1.0,0.0,0.0));
#6116=DIRECTION('',(0.0,-1.0,0.0));
#6117=DIRECTION('',(0.0,0.0,1.0));
#6118=DIRECTION('',(0.0,-1.0,0.0));
#6119=DIRECTION('',(1.0,0.0,0.0));
#6120=DIRECTION('',(0.0,0.0,-1.0));
#6121=DIRECTION('',(-1.0,0.0,0.0));
#6122=DIRECTION('',(0.0,0.0,-1.0));
#6123=DIRECTION('',(1.0,0.0,0.0));
#6124=DIRECTION('',(0.0,0.0,1.0));
#6125=DIRECTION('',(0.0,-1.0,0.0));
#6126=DIRECTION('',(-1.0,0.0,0.0));
#6127=DIRECTION('',(0.0,-1.0,0.0));
#6128=DIRECTION('',(0.0,-1.0,0.0));
#6129=DIRECTION('',(0.0,0.0,1.0));
#6130=DIRECTION('',(0.0,-1.0,0.0));
#6131=DIRECTION('',(1.0,0.0,0.0));
#6132=DIRECTION('',(0.0,0.0,-1.0));
#6133=PRESENTATION_LAYER_ASSIGNMENT('','',(#26,#51,#52,#53,#54,#55,#60,#61,#62,#63,#64,#65,#66,#67,#68,#69,#70,#71,#72,#73,#74,#75,#76,#77,#78,#79,#80,#81,#82,#83,#84,#85,#86,#87,#88,#89,#90,#91,#92,#93,#94,#95,#96,#97,#98,#99,#100,#101,#102,#103,#104,#105,#106,#107,#108,#109,#110,#111,#112,#113,#114,#115,#116,#117,#118,#119,#120,#121,#122,#123,#124,#125,#126,#127,#128,#129,#130,#131,#132,#133,#134,#135,#136,#137,#138,#139,#140,#141,#142,#143,#144,#145,#146,#147,#148,#149,#150,#151,#152,#153,#154,#155,#156,#157,#158,#159,#160,#161,#162,#163,#164,#165,#166,#167,#168,#169,#170,#171,#172,#173,#174,#175,#176,#177,#178,#179,#180,#181,#182,#183,#184,#185,#186,#187,#188,#189,#190,#191,#192,#193,#194,#195,#196,#197,#198,#199,#200,#201,#202,#203,#204,#205,#206,#207,#208,#209,#210,#211,#212,#213,#214,#215,#216,#217,#218,#219,#220,#221,#222,#223,#224,#225,#226,#227,#228,#229,#230,#231,#232,#233,#234,#235,#236,#237,#238,#239,#240,#241,#242,#243,#244,#245,#246,#654,#655,#656,#657,#658,#659,#660,#661,#662,#663,#664,#665,#666,#667,#668,#669,#670,#671,#672,#673,#674,#675,#676,#677,#678,#679,#680,#681,#682,#683,#684,#685,#686,#687,#688,#2740,#2741,#2742,#2743,#2744,#2745,#2746,#2747,#2748,#2749,#2750,#2751,#2752,#2753,#2754,#2755,#2756,#2757,#2758,#2759,#2760,#2761,#2762,#2763,#2764,#2765,#2766,#2767,#2768,#2769,#2770,#2771,#2772,#2773,#2774,#2775,#2776,#2777,#2778,#2779,#2780,#2781,#2782,#2783,#2784,#2785,#2786,#2787,#2788,#2789,#2790,#2791,#2792,#2793,#2794,#2795,#2796,#2797,#2798,#2799,#2800,#2801,#2802,#2803,#2804,#2805,#2806,#2807,#2808,#2809,#2810,#2811,#2812,#2813,#2814,#2815,#2816,#2817,#2818,#2819,#2820,#2821,#2822,#2823,#2824,#2825,#2826,#2827,#2828,#2829,#2830,#2831,#2832,#2833,#2834,#2835,#2836,#2837,#2838,#2839,#2840,#2841,#2842,#2843,#2844,#2845,#2846,#2847,#2848,#2849,#2850,#2851,#2852,#2853,#2854,#2855,#2856,#2857,#2858,#2859,#2860,#2861,#2862,#2863,#2864,#2865,#2866,#2867,#2868,#2869,#2870,#2871,#2872,#2873,#2874,#2875,#2876,#2877,#2878,#2879,#2880,#2881,#2882,#2883,#2884,#2885,#2886,#2887,#2888,#2889,#2890,#2891,#2892,#2893,#2894,#2895,#2896,#2897,#2898,#2899,#2900,#2901,#2902,#2903,#2904,#2905,#2906,#2907,#2908,#2909,#2910,#2911,#2912,#2913,#2914,#2915,#2916,#2917,#2918,#2919,#2920,#2921,#2922,#2923,#2924,#2925,#2926,#2927,#2928,#2929,#2930,#2931,#2932,#2933,#2934,#2935,#2936,#2937,#2938,#2939,#2940,#2941,#2942,#2943,#2944,#2945,#2946,#2947,#2948,#2949,#2950,#2951,#2952,#2953,#2954,#2955,#2956,#2957,#2958,#2959,#2960,#2961,#2962,#2963,#2964,#2965,#2966,#2967,#2968,#2969,#2970,#2971,#2972,#2973,#2974,#2975,#2976,#2977,#2978,#2979,#2980,#2981,#2982,#2983,#2984,#2985,#2986,#2987,#2988,#2989,#2990,#2991,#2992,#2993,#2994,#2995,#2996,#2997,#2998,#2999,#3000,#3001,#3002,#3003,#3004,#3005,#3006,#3007,#3008,#3009,#3010,#3011,#3012,#3013,#3014,#3015,#3016,#3017,#3018,#3019,#3020,#3021,#3022,#3023,#3024,#3025,#3026,#3027,#3028,#3029,#3030,#3031,#3032,#3033,#3034,#3035,#3036,#3037,#3038,#3039,#3040,#3041,#3042,#3043,#3044,#3045,#3046,#3047,#3048,#3049,#3050,#3051,#3052,#3053,#3054,#3055,#3056,#3057,#3058,#3059,#3060,#3061,#3062,#3063,#3064,#3065,#3066,#3067,#3068,#3069,#3070,#3071,#3072,#3073,#3074,#3075,#3076,#3077,#3078,#3079,#3080,#3081,#3082,#3083,#3084,#3085,#3086,#3087,#3088,#3089,#3090,#3091,#3092,#3093,#3094,#3095,#3096,#3097,#3098,#3099,#3100,#3101,#3102,#3103,#3104,#3105,#3106,#3107,#3108,#3109,#3110,#3111,#3112,#3113,#3114,#3115,#3116,#3117,#3118,#3119,#3120,#3121,#3122,#3123,#3124,#3125,#3126,#3127,#3128,#3129,#3130,#3131,#3132,#3133,#3134,#3135,#3136,#3137,#3138,#3139,#3140,#3141,#3142,#3143,#3144,#3145,#3146,#3147,#3148,#3149,#3150,#3151,#3152,#3153,#3154,#3155,#3156,#3157,#3158,#3159,#3160,#3161,#3162,#3163,#3164,#3165,#3166,#3167,#3168,#3169,#3170,#3171,#3172,#3173,#3174,#3175,#3176,#3177,#3178,#3179,#3180,#3181,#3182,#3183,#3184,#3185,#3186,#3187,#3188,#3189,#3190,#3191,#3192,#3193,#3194,#3195,#3196,#3197,#3198,#3199,#3200,#3201,#3202,#3203,#3204,#3205,#3206,#3207,#3208,#3209,#3210,#3211,#3212,#3213,#3214,#3215,#3216,#3217,#3218,#3219,#3220,#3221,#3222,#3223,#3224,#3225,#3226,#3227,#3228,#3229,#3230,#3231,#3232,#3233,#3234,#3235,#3343,#3344,#3346,#3348,#3351,#3352,#3354,#3356,#3358,#3360,#3362,#3364,#3366,#3368,#3370,#3372,#3374,#3376,#3378,#3380,#3382,#3384,#3386,#3388,#3391,#3392,#3394,#3396,#3399,#3400,#3404,#3406,#3409,#3411,#3413,#3415,#3417,#3420,#3423,#3426,#3427,#3429,#3431,#3434,#3436,#3439,#3440,#3442,#3444,#3446,#3448,#3450,#3452,#3455,#3456,#3458,#3464,#3465,#3470,#3472,#3474,#3476,#3478,#3481,#3484,#3485,#3489,#3491,#3495,#3497,#3499,#3501,#3503,#3505,#3507,#3509,#3511,#3513,#3515,#3517,#3519,#3521,#3523,#3525,#3527,#3529,#3531,#3533,#3535,#3537,#3539,#3541,#3543,#3545,#3547,#3549,#3551,#3553,#3555,#3557,#3559,#3561,#3563,#3565,#3568,#3569,#3571,#3573,#3576,#3577,#3579,#3581,#3584,#3585,#3587,#3589,#3592,#3594,#3597,#3599,#3601,#3603,#3605,#3608,#3610,#3615,#3617,#3619,#3623,#3625,#3628,#3633,#3636,#3638,#3640,#3642,#3644,#3647,#3649,#3652,#3655,#3658,#3661,#3664,#3665,#3669,#3671,#3674,#3676,#3678,#3680,#3682,#3684,#3687,#3688,#3690,#3692,#3694,#3696,#3698,#3700,#3703,#3705,#3707,#3710,#3713,#3717,#3719,#3722,#3725,#3728,#3730,#3734,#3735,#3739,#3742,#3744,#3746,#3748,#3751,#3754,#3755,#3757,#3762,#3765,#3770,#3773,#3775,#3777,#3780,#3781,#3783,#3785,#3787,#3789,#3791,#3793,#3795,#3797,#3799,#3801,#3803,#3805,#3808,#3810,#3813,#3817,#3823,#3825,#3829,#3834,#3835,#3842,#3845,#3847,#3852,#3856,#3858,#3867,#3869,#3872,#3876,#3880,#3883,#3886,#3890,#3891,#3895,#3897,#3900,#3903,#3906,#3909,#3912,#3915,#3918,#3919,#3921,#3923,#3925,#3927,#3929,#3931,#3934,#3940,#3941,#3943,#3945,#3954,#3955,#3957,#3959,#3962,#3964,#3966,#3968,#3970,#3972,#3974,#3976,#3979,#3982,#3984,#3986,#3988,#3990,#3992,#3994,#4004,#4009,#4011,#4013,#4015,#4017,#4019,#4021,#4023,#4026,#4029,#4031,#4033,#4035,#4037,#4039,#4041,#4051,#4054,#4056,#4059,#4062,#4066,#4069,#4078,#4080,#4083,#4086,#4090,#4092,#4095,#4098,#4102,#4104,#4107,#4110,#4114,#4116,#4119,#4122,#4126,#4128,#4131,#4134,#4138,#4141,#4145,#4147,#4150,#4153,#4157,#4158,#4159,#4160,#4161,#4162,#4163,#4164,#4165,#4166,#4167,#4168,#4169,#4170,#4171,#4172,#4173,#4174,#4175,#4176,#4177,#4178,#4179,#4180,#5485,#5486,#5488,#5490,#5493,#5495,#5498,#5501,#5505,#5506,#5508,#5510,#5513,#5515,#5518,#5521));
ENDSEC;
END-ISO-10303-21;
