ISO-10303-21;
HEADER;
FILE_DESCRIPTION (( 'STEP AP214' ),
    '1' );
FILE_NAME ('WG-电压转换模块 ZAQ7O1S48P-NCLC.STEP',
    '2026-04-07T09:22:48',
    ( '' ),
    ( '' ),
    'SwSTEP 2.0',
    'SolidWorks 2022',
    '' );
FILE_SCHEMA (( 'AUTOMOTIVE_DESIGN' ));
ENDSEC;

DATA;
#1 = DIRECTION ( 'NONE',  ( 0.000000000000000000, 0.000000000000000000, -1.000000000000000000 ) ) ;
#2 = ORIENTED_EDGE ( 'NONE', *, *, #241, .T. ) ;
#3 = EDGE_LOOP ( 'NONE', ( #988, #854, #44, #569 ) ) ;
#4 = FACE_OUTER_BOUND ( 'NONE', #1310, .T. ) ;
#5 = DIRECTION ( 'NONE',  ( -1.000000000000000000, 0.000000000000000000, 0.000000000000000000 ) ) ;
#6 = ADVANCED_FACE ( 'NONE', ( #1152 ), #1902, .F. ) ;
#7 = ORIENTED_EDGE ( 'NONE', *, *, #1747, .F. ) ;
#8 = ADVANCED_FACE ( 'NONE', ( #1225 ), #1026, .F. ) ;
#9 = FACE_BOUND ( 'NONE', #2404, .T. ) ;
#10 = EDGE_LOOP ( 'NONE', ( #89, #1543 ) ) ;
#11 = DIRECTION ( 'NONE',  ( 0.000000000000000000, 0.000000000000000000, -1.000000000000000000 ) ) ;
#12 = CYLINDRICAL_SURFACE ( 'NONE', #1196, 0.5000000000000004441 ) ;
#13 = CARTESIAN_POINT ( 'NONE',  ( -25.40000000000000213, 7.620000000000000107, 12.69999999999999929 ) ) ;
#14 = DIRECTION ( 'NONE',  ( 1.000000000000000000, 0.000000000000000000, 0.000000000000000000 ) ) ;
#15 = ORIENTED_EDGE ( 'NONE', *, *, #1291, .T. ) ;
#16 = ORIENTED_EDGE ( 'NONE', *, *, #2305, .T. ) ;
#17 = FACE_OUTER_BOUND ( 'NONE', #2279, .T. ) ;
#18 = CARTESIAN_POINT ( 'NONE',  ( -25.40000000000000568, -3.810000000000000053, 16.29999999999999716 ) ) ;
#19 = CIRCLE ( 'NONE', #1941, 0.2999999999999981570 ) ;
#20 = ORIENTED_EDGE ( 'NONE', *, *, #387, .T. ) ;
#21 = EDGE_CURVE ( 'NONE', #212, #1380, #487, .T. ) ;
#22 = ORIENTED_EDGE ( 'NONE', *, *, #983, .T. ) ;
#23 = CARTESIAN_POINT ( 'NONE',  ( -25.40000000000000213, 7.620000000000000107, 12.69999999999999929 ) ) ;
#24 =( GEOMETRIC_REPRESENTATION_CONTEXT ( 3 ) GLOBAL_UNCERTAINTY_ASSIGNED_CONTEXT ( ( #1520 ) ) GLOBAL_UNIT_ASSIGNED_CONTEXT ( ( #911, #1197, #768 ) ) REPRESENTATION_CONTEXT ( 'NONE', 'WORKASPACE' ) );
#25 = LINE ( 'NONE', #774, #120 ) ;
#26 = VERTEX_POINT ( 'NONE', #1410 ) ;
#27 = CARTESIAN_POINT ( 'NONE',  ( -24.40000000000000213, 7.620000000000000107, 12.00000000000000000 ) ) ;
#28 = CYLINDRICAL_SURFACE ( 'NONE', #1324, 0.5000000000000004441 ) ;
#29 = ORIENTED_EDGE ( 'NONE', *, *, #1517, .F. ) ;
#30 = LINE ( 'NONE', #235, #504 ) ;
#31 = CIRCLE ( 'NONE', #541, 0.5000000000000004441 ) ;
#32 = ORIENTED_EDGE ( 'NONE', *, *, #374, .F. ) ;
#33 = EDGE_CURVE ( 'NONE', #43, #899, #113, .T. ) ;
#34 = PRESENTATION_LAYER_ASSIGNMENT (  '', '', ( #1281 ) ) ;
#35 = AXIS2_PLACEMENT_3D ( 'NONE', #938, #1686, #1499 ) ;
#36 = AXIS2_PLACEMENT_3D ( 'NONE', #657, #1430, #2168 ) ;
#37 = EDGE_CURVE ( 'NONE', #2251, #2267, #2327, .T. ) ;
#38 = CARTESIAN_POINT ( 'NONE',  ( -24.40000000000000568, 3.810000000000000053, 12.69999999999999929 ) ) ;
#39 = AXIS2_PLACEMENT_3D ( 'NONE', #884, #529, #1843 ) ;
#40 = EDGE_CURVE ( 'NONE', #2267, #736, #1701, .T. ) ;
#41 = CIRCLE ( 'NONE', #1726, 1.000000000000000888 ) ;
#42 = DIRECTION ( 'NONE',  ( -1.000000000000000000, 0.000000000000000000, 0.000000000000000000 ) ) ;
#43 = VERTEX_POINT ( 'NONE', #1059 ) ;
#44 = ORIENTED_EDGE ( 'NONE', *, *, #999, .F. ) ;
#45 = DIRECTION ( 'NONE',  ( -1.000000000000000000, 0.000000000000000000, 0.000000000000000000 ) ) ;
#46 = CARTESIAN_POINT ( 'NONE',  ( -26.40000000000000568, 3.810000000000000053, 12.00000000000000000 ) ) ;
#47 = EDGE_LOOP ( 'NONE', ( #1165, #764 ) ) ;
#48 = DIRECTION ( 'NONE',  ( 0.000000000000000000, 0.000000000000000000, -1.000000000000000000 ) ) ;
#49 = ORIENTED_EDGE ( 'NONE', *, *, #1786, .T. ) ;
#50 = CARTESIAN_POINT ( 'NONE',  ( -28.95000000000000995, 17.89999999999999503, 0.000000000000000000 ) ) ;
#51 = EDGE_CURVE ( 'NONE', #1537, #1834, #2086, .T. ) ;
#52 = CARTESIAN_POINT ( 'NONE',  ( -25.40000000000000568, 3.810000000000000053, 12.69999999999999929 ) ) ;
#53 = ADVANCED_FACE ( 'NONE', ( #862 ), #102, .T. ) ;
#54 = ORIENTED_EDGE ( 'NONE', *, *, #466, .T. ) ;
#55 = ORIENTED_EDGE ( 'NONE', *, *, #1491, .F. ) ;
#56 = LINE ( 'NONE', #1539, #1052 ) ;
#57 = CARTESIAN_POINT ( 'NONE',  ( -25.40000000000000213, 7.620000000000000107, 16.10000000000000142 ) ) ;
#58 = ORIENTED_EDGE ( 'NONE', *, *, #33, .T. ) ;
#59 = VECTOR ( 'NONE', #125, 1000.000000000000000 ) ;
#60 = FACE_BOUND ( 'NONE', #1029, .T. ) ;
#61 = PLANE ( 'NONE',  #935 ) ;
#62 = ORIENTED_EDGE ( 'NONE', *, *, #1517, .T. ) ;
#63 = DIRECTION ( 'NONE',  ( 0.000000000000000000, 0.000000000000000000, 1.000000000000000000 ) ) ;
#64 = DIRECTION ( 'NONE',  ( -0.000000000000000000, -0.000000000000000000, -1.000000000000000000 ) ) ;
#65 = ORIENTED_EDGE ( 'NONE', *, *, #257, .F. ) ;
#66 = ORIENTED_EDGE ( 'NONE', *, *, #2174, .F. ) ;
#67 = DIRECTION ( 'NONE',  ( -0.000000000000000000, -0.000000000000000000, -1.000000000000000000 ) ) ;
#68 = ORIENTED_EDGE ( 'NONE', *, *, #708, .F. ) ;
#69 = EDGE_CURVE ( 'NONE', #1945, #775, #645, .T. ) ;
#70 = EDGE_CURVE ( 'NONE', #2128, #1694, #686, .T. ) ;
#71 = DIRECTION ( 'NONE',  ( 0.000000000000000000, 0.000000000000000000, 1.000000000000000000 ) ) ;
#72 = VERTEX_POINT ( 'NONE', #2000 ) ;
#73 = AXIS2_PLACEMENT_3D ( 'NONE', #1142, #216, #996 ) ;
#74 = CIRCLE ( 'NONE', #1566, 0.5000000000000004441 ) ;
#75 = DIRECTION ( 'NONE',  ( 1.000000000000000000, 0.000000000000000000, 0.000000000000000000 ) ) ;
#76 = AXIS2_PLACEMENT_3D ( 'NONE', #107, #1598, #5 ) ;
#77 = CIRCLE ( 'NONE', #1838, 1.249999999999987121 ) ;
#78 = ORIENTED_EDGE ( 'NONE', *, *, #1185, .F. ) ;
#79 = EDGE_LOOP ( 'NONE', ( #84, #920, #254, #1816 ) ) ;
#80 = AXIS2_PLACEMENT_3D ( 'NONE', #2223, #169, #909 ) ;
#81 = LINE ( 'NONE', #2364, #1603 ) ;
#82 = FACE_OUTER_BOUND ( 'NONE', #780, .T. ) ;
#83 = AXIS2_PLACEMENT_3D ( 'NONE', #2033, #366, #342 ) ;
#84 = ORIENTED_EDGE ( 'NONE', *, *, #1258, .F. ) ;
#85 = DIRECTION ( 'NONE',  ( 0.000000000000000000, 0.000000000000000000, 1.000000000000000000 ) ) ;
#86 = EDGE_CURVE ( 'NONE', #1380, #2034, #2163, .T. ) ;
#87 = FACE_OUTER_BOUND ( 'NONE', #1304, .T. ) ;
#88 = EDGE_CURVE ( 'NONE', #2011, #1548, #653, .T. ) ;
#89 = ORIENTED_EDGE ( 'NONE', *, *, #1159, .T. ) ;
#90 = LINE ( 'NONE', #1215, #350 ) ;
#91 = DIRECTION ( 'NONE',  ( -0.000000000000000000, -0.000000000000000000, -1.000000000000000000 ) ) ;
#92 = CARTESIAN_POINT ( 'NONE',  ( -28.95000000000000995, 18.39999999999999503, 12.00000000000000000 ) ) ;
#93 = CARTESIAN_POINT ( 'NONE',  ( -25.40000000000000568, 0.000000000000000000, 12.69999999999999929 ) ) ;
#94 = DIRECTION ( 'NONE',  ( -1.000000000000000000, 0.000000000000000000, 0.000000000000000000 ) ) ;
#95 = EDGE_LOOP ( 'NONE', ( #1937, #182, #423, #2372 ) ) ;
#96 = CARTESIAN_POINT ( 'NONE',  ( -24.90000000000000924, -7.620000000000000107, 16.29999999999999716 ) ) ;
#97 = EDGE_LOOP ( 'NONE', ( #391, #1137, #1669, #597 ) ) ;
#98 = ADVANCED_FACE ( 'NONE', ( #849 ), #1591, .T. ) ;
#99 = CARTESIAN_POINT ( 'NONE',  ( -24.90000000000000568, 6.123233995736736454E-17, 16.10000000000000142 ) ) ;
#100 = CARTESIAN_POINT ( 'NONE',  ( -26.40000000000000924, -7.620000000000000107, 12.00000000000000000 ) ) ;
#101 = ADVANCED_BREP_SHAPE_REPRESENTATION ( 'WG-\X2\7535538b8f6c63626a215757\X0\ ZAQ7O1S48P-NCLC', ( #2289, #1064 ), #204 ) ;
#102 = CYLINDRICAL_SURFACE ( 'NONE', #912, 1.000000000000000888 ) ;
#103 = DIRECTION ( 'NONE',  ( 1.000000000000000000, 0.000000000000000000, -0.000000000000000000 ) ) ;
#104 = CARTESIAN_POINT ( 'NONE',  ( -24.87000000000000455, -13.07999999999999474, 7.500000000000007105 ) ) ;
#105 = ORIENTED_EDGE ( 'NONE', *, *, #40, .F. ) ;
#106 = LINE ( 'NONE', #852, #1960 ) ;
#107 = CARTESIAN_POINT ( 'NONE',  ( -23.62000000000001521, -13.07999999999999474, -1.402220585023716934E-15 ) ) ;
#108 = CIRCLE ( 'NONE', #1471, 0.2999999999999981570 ) ;
#109 = ORIENTED_EDGE ( 'NONE', *, *, #833, .T. ) ;
#110 = STYLED_ITEM ( 'NONE', ( #555 ), #1097 ) ;
#111 = PLANE ( 'NONE',  #1716 ) ;
#112 = FACE_OUTER_BOUND ( 'NONE', #1873, .T. ) ;
#113 = LINE ( 'NONE', #135, #1383 ) ;
#114 = ADVANCED_FACE ( 'NONE', ( #904 ), #386, .F. ) ;
#115 = CARTESIAN_POINT ( 'NONE',  ( -24.90000000000000568, 3.810000000000000053, 16.10000000000000142 ) ) ;
#116 = CARTESIAN_POINT ( 'NONE',  ( -24.40000000000000213, 7.620000000000000107, 12.69999999999999929 ) ) ;
#117 = AXIS2_PLACEMENT_3D ( 'NONE', #297, #2365, #829 ) ;
#118 = CIRCLE ( 'NONE', #860, 0.2999999999999981570 ) ;
#119 = CARTESIAN_POINT ( 'NONE',  ( -24.90000000000000213, 7.620000000000000107, 16.29999999999999716 ) ) ;
#120 = VECTOR ( 'NONE', #1525, 1000.000000000000000 ) ;
#121 = FILL_AREA_STYLE_COLOUR ( '', #1633 ) ;
#122 = ORIENTED_EDGE ( 'NONE', *, *, #441, .F. ) ;
#123 = ORIENTED_EDGE ( 'NONE', *, *, #1521, .F. ) ;
#124 = CARTESIAN_POINT ( 'NONE',  ( -26.40000000000000568, 0.000000000000000000, 12.00000000000000000 ) ) ;
#125 = DIRECTION ( 'NONE',  ( 1.885568995626964287E-16, -1.000000000000000000, 0.000000000000000000 ) ) ;
#126 = UNCERTAINTY_MEASURE_WITH_UNIT (LENGTH_MEASURE( 1.000000000000000082E-05 ), #1045, 'distance_accuracy_value', 'NONE');
#127 = EDGE_CURVE ( 'NONE', #72, #2286, #1450, .T. ) ;
#128 = ADVANCED_FACE ( 'NONE', ( #2386 ), #928, .T. ) ;
#129 = DIRECTION ( 'NONE',  ( 1.000000000000000000, 0.000000000000000000, 0.000000000000000000 ) ) ;
#130 = CARTESIAN_POINT ( 'NONE',  ( 26.39999999999999503, 7.620000000000000107, 12.69999999999999929 ) ) ;
#131 = ORIENTED_EDGE ( 'NONE', *, *, #654, .F. ) ;
#132 = DIRECTION ( 'NONE',  ( 1.224646799147353207E-16, 1.000000000000000000, -0.000000000000000000 ) ) ;
#133 = ORIENTED_EDGE ( 'NONE', *, *, #1394, .T. ) ;
#134 = AXIS2_PLACEMENT_3D ( 'NONE', #1649, #1842, #538 ) ;
#135 = CARTESIAN_POINT ( 'NONE',  ( 28.44999999999999929, 18.40000000000000213, 12.00000000000000000 ) ) ;
#136 = CIRCLE ( 'NONE', #1979, 1.000000000000000888 ) ;
#137 = PLANE ( 'NONE',  #39 ) ;
#138 = DIRECTION ( 'NONE',  ( -1.000000000000000000, -1.198427271831990987E-16, 0.000000000000000000 ) ) ;
#139 = EDGE_LOOP ( 'NONE', ( #981, #1331, #1148, #1104 ) ) ;
#140 = CARTESIAN_POINT ( 'NONE',  ( -25.40000000000000568, 0.000000000000000000, 12.69999999999999929 ) ) ;
#141 = CARTESIAN_POINT ( 'NONE',  ( 22.37000000000000810, 13.08000000000000362, -1.402220585023716934E-15 ) ) ;
#142 = ADVANCED_FACE ( 'NONE', ( #1101 ), #1495, .T. ) ;
#143 = ADVANCED_FACE ( 'NONE', ( #365 ), #2253, .F. ) ;
#144 = DIRECTION ( 'NONE',  ( -1.000000000000000000, 0.000000000000000000, 0.000000000000000000 ) ) ;
#145 = DIRECTION ( 'NONE',  ( -1.000000000000000000, 0.000000000000000000, 0.000000000000000000 ) ) ;
#146 = PRODUCT_DEFINITION_CONTEXT ( 'detailed design', #363, 'design' ) ;
#147 = DIRECTION ( 'NONE',  ( 0.000000000000000000, 0.000000000000000000, -1.000000000000000000 ) ) ;
#148 = AXIS2_PLACEMENT_3D ( 'NONE', #447, #1534, #1179 ) ;
#149 = DIRECTION ( 'NONE',  ( 1.000000000000000000, 0.000000000000000000, 0.000000000000000000 ) ) ;
#150 = AXIS2_PLACEMENT_3D ( 'NONE', #625, #11, #1198 ) ;
#151 = AXIS2_PLACEMENT_3D ( 'NONE', #646, #132, #1815 ) ;
#152 = PLANE ( 'NONE',  #1480 ) ;
#153 = CYLINDRICAL_SURFACE ( 'NONE', #1172, 0.5000000000000004441 ) ;
#154 = AXIS2_PLACEMENT_3D ( 'NONE', #1725, #1540, #1759 ) ;
#155 = CIRCLE ( 'NONE', #1671, 0.1999999999999987899 ) ;
#156 = EDGE_LOOP ( 'NONE', ( #729, #2321, #2072, #485 ) ) ;
#157 = CIRCLE ( 'NONE', #1963, 1.000000000000000888 ) ;
#158 = EDGE_CURVE ( 'NONE', #1516, #689, #19, .T. ) ;
#159 = CARTESIAN_POINT ( 'NONE',  ( -25.10000000000001208, -7.620000000000000107, 16.10000000000000142 ) ) ;
#160 = ADVANCED_FACE ( 'NONE', ( #1267 ), #1086, .T. ) ;
#161 = COLOUR_RGB ( '',0.7921568627450980005, 0.8196078431372548767, 0.9333333333333333481 ) ;
#162 = CARTESIAN_POINT ( 'NONE',  ( 25.39999999999999147, -7.620000000000000107, 16.29999999999999716 ) ) ;
#163 = SURFACE_SIDE_STYLE ('',( #1464 ) ) ;
#164 = LINE ( 'NONE', #947, #1679 ) ;
#165 = CARTESIAN_POINT ( 'NONE',  ( -28.95000000000000284, -17.90000000000000213, 12.00000000000000000 ) ) ;
#166 = EDGE_LOOP ( 'NONE', ( #1944, #1541 ) ) ;
#167 = VERTEX_POINT ( 'NONE', #1282 ) ;
#168 = CARTESIAN_POINT ( 'NONE',  ( -25.40000000000000568, 3.810000000000000053, 12.69999999999999929 ) ) ;
#169 = DIRECTION ( 'NONE',  ( 0.000000000000000000, -0.000000000000000000, -1.000000000000000000 ) ) ;
#170 = ORIENTED_EDGE ( 'NONE', *, *, #1972, .F. ) ;
#171 = CARTESIAN_POINT ( 'NONE',  ( 26.39999999999999503, -2.215327193812617570E-16, 12.00000000000000000 ) ) ;
#172 = ORIENTED_EDGE ( 'NONE', *, *, #578, .T. ) ;
#173 = EDGE_CURVE ( 'NONE', #895, #2011, #462, .T. ) ;
#174 = CARTESIAN_POINT ( 'NONE',  ( -25.40000000000000568, 3.810000000000000053, 16.10000000000000142 ) ) ;
#175 = ADVANCED_FACE ( 'NONE', ( #2440 ), #915, .T. ) ;
#176 = DIRECTION ( 'NONE',  ( -1.000000000000000000, 0.000000000000000000, 0.000000000000000000 ) ) ;
#177 = PLANE ( 'NONE',  #435 ) ;
#178 = DIRECTION ( 'NONE',  ( 1.000000000000000000, 1.885568995626964040E-16, -0.000000000000000000 ) ) ;
#179 = ORIENTED_EDGE ( 'NONE', *, *, #952, .T. ) ;
#180 = EDGE_LOOP ( 'NONE', ( #531, #1727, #767, #1950 ) ) ;
#181 = CARTESIAN_POINT ( 'NONE',  ( -25.10000000000000853, 0.000000000000000000, 16.29999999999999716 ) ) ;
#182 = ORIENTED_EDGE ( 'NONE', *, *, #21, .T. ) ;
#183 = DIRECTION ( 'NONE',  ( 1.000000000000000000, 0.000000000000000000, 0.000000000000000000 ) ) ;
#184 = VERTEX_POINT ( 'NONE', #1112 ) ;
#185 = CARTESIAN_POINT ( 'NONE',  ( -25.40000000000000924, -7.620000000000000107, 16.29999999999999716 ) ) ;
#186 = EDGE_CURVE ( 'NONE', #758, #1302, #1154, .T. ) ;
#187 = DIRECTION ( 'NONE',  ( 1.000000000000000000, 0.000000000000000000, -0.000000000000000000 ) ) ;
#188 = DIRECTION ( 'NONE',  ( 1.000000000000000000, 0.000000000000000000, 0.000000000000000000 ) ) ;
#189 = ADVANCED_FACE ( 'NONE', ( #591 ), #1518, .T. ) ;
#190 = ORIENTED_EDGE ( 'NONE', *, *, #1489, .T. ) ;
#191 = ORIENTED_EDGE ( 'NONE', *, *, #437, .F. ) ;
#192 = AXIS2_PLACEMENT_3D ( 'NONE', #93, #2148, #481 ) ;
#193 = CARTESIAN_POINT ( 'NONE',  ( -24.40000000000000568, -3.810000000000000053, 12.69999999999999929 ) ) ;
#194 = EDGE_LOOP ( 'NONE', ( #724, #1065, #2317 ) ) ;
#195 = AXIS2_PLACEMENT_3D ( 'NONE', #2005, #1828, #1100 ) ;
#196 = PRESENTATION_STYLE_ASSIGNMENT (( #1276 ) ) ;
#197 = CIRCLE ( 'NONE', #1019, 1.249999999999987121 ) ;
#198 = AXIS2_PLACEMENT_3D ( 'NONE', #1472, #2417, #897 ) ;
#199 = ORIENTED_EDGE ( 'NONE', *, *, #88, .F. ) ;
#200 = AXIS2_PLACEMENT_3D ( 'NONE', #1513, #1936, #1014 ) ;
#201 = PLANE ( 'NONE',  #2313 ) ;
#202 = CIRCLE ( 'NONE', #822, 0.5000000000000004441 ) ;
#203 = DIRECTION ( 'NONE',  ( 0.000000000000000000, 0.000000000000000000, 1.000000000000000000 ) ) ;
#204 =( GEOMETRIC_REPRESENTATION_CONTEXT ( 3 ) GLOBAL_UNCERTAINTY_ASSIGNED_CONTEXT ( ( #1297 ) ) GLOBAL_UNIT_ASSIGNED_CONTEXT ( ( #478, #641, #1188 ) ) REPRESENTATION_CONTEXT ( 'NONE', 'WORKASPACE' ) );
#205 = CARTESIAN_POINT ( 'NONE',  ( 25.09999999999999787, -2.950115273301032798E-16, 16.29999999999999716 ) ) ;
#206 = SURFACE_SIDE_STYLE ('',( #404 ) ) ;
#207 = ORIENTED_EDGE ( 'NONE', *, *, #1220, .T. ) ;
#208 = ORIENTED_EDGE ( 'NONE', *, *, #756, .F. ) ;
#209 = EDGE_CURVE ( 'NONE', #368, #1588, #772, .T. ) ;
#210 = DIRECTION ( 'NONE',  ( 1.000000000000000000, 0.000000000000000000, 0.000000000000000000 ) ) ;
#211 = CARTESIAN_POINT ( 'NONE',  ( -25.90000000000000568, 3.810000000000000053, 16.29999999999999716 ) ) ;
#212 = VERTEX_POINT ( 'NONE', #38 ) ;
#213 = CARTESIAN_POINT ( 'NONE',  ( -28.45000000000000284, -18.40000000000000213, 12.00000000000000000 ) ) ;
#214 = ORIENTED_EDGE ( 'NONE', *, *, #466, .F. ) ;
#215 = DIRECTION ( 'NONE',  ( -1.000000000000000000, 0.000000000000000000, 0.000000000000000000 ) ) ;
#216 = DIRECTION ( 'NONE',  ( -0.000000000000000000, -0.000000000000000000, -1.000000000000000000 ) ) ;
#217 = LINE ( 'NONE', #604, #1407 ) ;
#218 = ORIENTED_EDGE ( 'NONE', *, *, #1700, .F. ) ;
#219 = ORIENTED_EDGE ( 'NONE', *, *, #1809, .F. ) ;
#220 =( GEOMETRIC_REPRESENTATION_CONTEXT ( 3 ) GLOBAL_UNCERTAINTY_ASSIGNED_CONTEXT ( ( #126 ) ) GLOBAL_UNIT_ASSIGNED_CONTEXT ( ( #1045, #1791, #1070 ) ) REPRESENTATION_CONTEXT ( 'NONE', 'WORKASPACE' ) );
#221 = CARTESIAN_POINT ( 'NONE',  ( -25.40000000000000213, 7.620000000000000107, 16.29999999999999716 ) ) ;
#222 = CARTESIAN_POINT ( 'NONE',  ( 25.39999999999999147, -7.620000000000000107, 12.69999999999999929 ) ) ;
#223 = ORIENTED_EDGE ( 'NONE', *, *, #1583, .T. ) ;
#224 = EDGE_CURVE ( 'NONE', #268, #1694, #1003, .T. ) ;
#225 = EDGE_CURVE ( 'NONE', #233, #1144, #1705, .T. ) ;
#226 = ORIENTED_EDGE ( 'NONE', *, *, #1130, .T. ) ;
#227 = CARTESIAN_POINT ( 'NONE',  ( 25.39999999999999503, 7.620000000000000107, 16.29999999999999716 ) ) ;
#228 = CARTESIAN_POINT ( 'NONE',  ( 28.44999999999999929, 17.90000000000000213, 12.00000000000000000 ) ) ;
#229 = CARTESIAN_POINT ( 'NONE',  ( -28.95000000000000284, -17.90000000000000213, 12.00000000000000000 ) ) ;
#230 = ORIENTED_EDGE ( 'NONE', *, *, #37, .T. ) ;
#231 = ORIENTED_EDGE ( 'NONE', *, *, #1823, .F. ) ;
#232 = DIRECTION ( 'NONE',  ( 0.000000000000000000, 0.000000000000000000, 1.000000000000000000 ) ) ;
#233 = VERTEX_POINT ( 'NONE', #50 ) ;
#234 = AXIS2_PLACEMENT_3D ( 'NONE', #2318, #1696, #410 ) ;
#235 = CARTESIAN_POINT ( 'NONE',  ( 25.89999999999999503, -2.827650593386298734E-16, 16.29999999999999716 ) ) ;
#236 = VECTOR ( 'NONE', #416, 1000.000000000000000 ) ;
#237 = ORIENTED_EDGE ( 'NONE', *, *, #639, .T. ) ;
#238 = ADVANCED_FACE ( 'NONE', ( #614 ), #12, .T. ) ;
#239 = AXIS2_PLACEMENT_3D ( 'NONE', #1556, #2259, #1355 ) ;
#240 = AXIS2_PLACEMENT_3D ( 'NONE', #1105, #752, #2430 ) ;
#241 = EDGE_CURVE ( 'NONE', #368, #384, #136, .T. ) ;
#242 = AXIS2_PLACEMENT_3D ( 'NONE', #1956, #2330, #94 ) ;
#243 = FACE_OUTER_BOUND ( 'NONE', #1335, .T. ) ;
#244 = AXIS2_PLACEMENT_3D ( 'NONE', #2095, #1134, #45 ) ;
#245 = CARTESIAN_POINT ( 'NONE',  ( -25.90000000000000213, 7.620000000000000107, 12.69999999999999929 ) ) ;
#246 = DIRECTION ( 'NONE',  ( 0.000000000000000000, -0.000000000000000000, -1.000000000000000000 ) ) ;
#247 = ORIENTED_EDGE ( 'NONE', *, *, #1258, .T. ) ;
#248 = VERTEX_POINT ( 'NONE', #1344 ) ;
#249 = AXIS2_PLACEMENT_3D ( 'NONE', #2348, #2145, #652 ) ;
#250 = DIRECTION ( 'NONE',  ( 0.000000000000000000, 0.000000000000000000, 1.000000000000000000 ) ) ;
#251 = ORIENTED_EDGE ( 'NONE', *, *, #2219, .F. ) ;
#252 = DIRECTION ( 'NONE',  ( -1.000000000000000000, 0.000000000000000000, 0.000000000000000000 ) ) ;
#253 = CARTESIAN_POINT ( 'NONE',  ( -25.40000000000000568, -3.810000000000000053, 16.10000000000000142 ) ) ;
#254 = ORIENTED_EDGE ( 'NONE', *, *, #1571, .F. ) ;
#255 = DIRECTION ( 'NONE',  ( 1.000000000000000000, 0.000000000000000000, 0.000000000000000000 ) ) ;
#256 = DIRECTION ( 'NONE',  ( 1.224646799147353207E-16, 1.000000000000000000, -0.000000000000000000 ) ) ;
#257 = EDGE_CURVE ( 'NONE', #802, #1160, #2137, .T. ) ;
#258 = CARTESIAN_POINT ( 'NONE',  ( -26.40000000000000568, -3.810000000000000053, 12.69999999999999929 ) ) ;
#259 = VERTEX_POINT ( 'NONE', #994 ) ;
#260 = EDGE_CURVE ( 'NONE', #2284, #1925, #2090, .T. ) ;
#261 = ORIENTED_EDGE ( 'NONE', *, *, #1909, .F. ) ;
#262 = DIRECTION ( 'NONE',  ( -0.8571673007021115565, 0.000000000000000000, -0.5150380749100554878 ) ) ;
#263 = DIRECTION ( 'NONE',  ( -1.000000000000000000, 0.000000000000000000, 0.000000000000000000 ) ) ;
#264 = ORIENTED_EDGE ( 'NONE', *, *, #1625, .T. ) ;
#265 = VECTOR ( 'NONE', #1035, 1000.000000000000000 ) ;
#266 = LINE ( 'NONE', #2076, #2384 ) ;
#267 = FACE_OUTER_BOUND ( 'NONE', #516, .T. ) ;
#268 = VERTEX_POINT ( 'NONE', #1506 ) ;
#269 = AXIS2_PLACEMENT_3D ( 'NONE', #1730, #2260, #602 ) ;
#270 = CARTESIAN_POINT ( 'NONE',  ( -25.40000000000000568, -3.810000000000000053, 12.00000000000000000 ) ) ;
#271 = ORIENTED_EDGE ( 'NONE', *, *, #273, .T. ) ;
#272 = ORIENTED_EDGE ( 'NONE', *, *, #1337, .T. ) ;
#273 = EDGE_CURVE ( 'NONE', #327, #1928, #1827, .T. ) ;
#274 = ADVANCED_FACE ( 'NONE', ( #2287 ), #1533, .T. ) ;
#275 = CARTESIAN_POINT ( 'NONE',  ( -25.40000000000000213, 7.620000000000000107, 12.69999999999999929 ) ) ;
#276 = CARTESIAN_POINT ( 'NONE',  ( -25.40000000000000568, 3.810000000000000053, 12.69999999999999929 ) ) ;
#277 = ORIENTED_EDGE ( 'NONE', *, *, #1503, .T. ) ;
#278 = VECTOR ( 'NONE', #425, 1000.000000000000000 ) ;
#279 = DIRECTION ( 'NONE',  ( -0.000000000000000000, -0.000000000000000000, -1.000000000000000000 ) ) ;
#280 = FACE_OUTER_BOUND ( 'NONE', #1433, .T. ) ;
#281 = ORIENTED_EDGE ( 'NONE', *, *, #1746, .T. ) ;
#282 = TOROIDAL_SURFACE ( 'NONE', #1632, 0.2999999999999991562, 0.2000000000000000111 ) ;
#283 = CARTESIAN_POINT ( 'NONE',  ( 26.39999999999999503, 7.620000000000000107, 12.00000000000000000 ) ) ;
#284 = AXIS2_PLACEMENT_3D ( 'NONE', #1772, #2332, #2369 ) ;
#285 =( NAMED_UNIT ( * ) PLANE_ANGLE_UNIT ( ) SI_UNIT ( $, .RADIAN. ) );
#286 = DIRECTION ( 'NONE',  ( -0.000000000000000000, 0.000000000000000000, 1.000000000000000000 ) ) ;
#287 = CONICAL_SURFACE ( 'NONE', #1997, 1.249999999999987121, 1.029744258676652979 ) ;
#288 = DIRECTION ( 'NONE',  ( -0.000000000000000000, -0.000000000000000000, -1.000000000000000000 ) ) ;
#289 = CARTESIAN_POINT ( 'NONE',  ( 28.94999999999999929, 17.90000000000000213, 12.00000000000000000 ) ) ;
#290 = ORIENTED_EDGE ( 'NONE', *, *, #835, .F. ) ;
#291 = ADVANCED_FACE ( 'NONE', ( #1912, #243 ), #984, .F. ) ;
#292 = LINE ( 'NONE', #298, #936 ) ;
#293 = ORIENTED_EDGE ( 'NONE', *, *, #1190, .F. ) ;
#294 = CARTESIAN_POINT ( 'NONE',  ( 23.61999999999998678, -13.07999999999999652, 7.500000000000007105 ) ) ;
#295 = CARTESIAN_POINT ( 'NONE',  ( 23.61999999999998678, -13.07999999999999652, 0.000000000000000000 ) ) ;
#296 = DIRECTION ( 'NONE',  ( 1.000000000000000000, 0.000000000000000000, 0.000000000000000000 ) ) ;
#297 = CARTESIAN_POINT ( 'NONE',  ( -25.40000000000000568, -3.810000000000000053, 12.69999999999999929 ) ) ;
#298 = CARTESIAN_POINT ( 'NONE',  ( -26.40000000000000924, -7.620000000000000107, 12.69999999999999929 ) ) ;
#299 = SURFACE_STYLE_USAGE ( .BOTH. , #1067 ) ;
#300 = EDGE_LOOP ( 'NONE', ( #170, #1658 ) ) ;
#301 = EDGE_CURVE ( 'NONE', #736, #72, #396, .T. ) ;
#302 = EDGE_CURVE ( 'NONE', #2128, #706, #649, .T. ) ;
#303 = DIRECTION ( 'NONE',  ( 0.000000000000000000, 0.000000000000000000, 1.000000000000000000 ) ) ;
#304 = SURFACE_SIDE_STYLE ('',( #871 ) ) ;
#305 = AXIS2_PLACEMENT_3D ( 'NONE', #2012, #717, #183 ) ;
#306 = PLANE ( 'NONE',  #1482 ) ;
#307 = AXIS2_PLACEMENT_3D ( 'NONE', #348, #1459, #925 ) ;
#308 = CARTESIAN_POINT ( 'NONE',  ( 25.39999999999999147, -7.620000000000000107, 16.10000000000000142 ) ) ;
#309 = DIRECTION ( 'NONE',  ( -1.000000000000000000, 0.000000000000000000, 0.000000000000000000 ) ) ;
#310 = DIRECTION ( 'NONE',  ( -1.000000000000000000, 0.000000000000000000, 0.000000000000000000 ) ) ;
#311 = ORIENTED_EDGE ( 'NONE', *, *, #1394, .F. ) ;
#312 = ORIENTED_EDGE ( 'NONE', *, *, #260, .T. ) ;
#313 = ADVANCED_FACE ( 'NONE', ( #1293 ), #1461, .T. ) ;
#314 = CIRCLE ( 'NONE', #1089, 1.000000000000000888 ) ;
#315 = LINE ( 'NONE', #631, #1872 ) ;
#316 = CIRCLE ( 'NONE', #1596, 0.2999999999999981570 ) ;
#317 = CARTESIAN_POINT ( 'NONE',  ( -28.45000000000000284, -17.90000000000000213, 12.00000000000000000 ) ) ;
#318 = CIRCLE ( 'NONE', #698, 1.249999999999987121 ) ;
#319 = CIRCLE ( 'NONE', #151, 0.1999999999999987899 ) ;
#320 = DIRECTION ( 'NONE',  ( 0.000000000000000000, 0.000000000000000000, 1.000000000000000000 ) ) ;
#321 = FACE_OUTER_BOUND ( 'NONE', #2298, .T. ) ;
#322 = VECTOR ( 'NONE', #512, 1000.000000000000000 ) ;
#323 = AXIS2_PLACEMENT_3D ( 'NONE', #1452, #341, #711 ) ;
#324 = CARTESIAN_POINT ( 'NONE',  ( 23.61999999999999034, 13.08000000000000362, 8.251075773784450007 ) ) ;
#325 = VECTOR ( 'NONE', #2262, 1000.000000000000000 ) ;
#326 = FILL_AREA_STYLE ('',( #121 ) ) ;
#327 = VERTEX_POINT ( 'NONE', #171 ) ;
#328 = DIRECTION ( 'NONE',  ( 1.000000000000000000, 0.000000000000000000, 0.000000000000000000 ) ) ;
#329 = ADVANCED_FACE ( 'NONE', ( #1492, #755, #9, #2243 ), #372, .T. ) ;
#330 = CARTESIAN_POINT ( 'NONE',  ( -25.40000000000000568, 3.810000000000000053, 12.00000000000000000 ) ) ;
#331 =( NAMED_UNIT ( * ) SI_UNIT ( $, .STERADIAN. ) SOLID_ANGLE_UNIT ( ) );
#332 = DIRECTION ( 'NONE',  ( -1.000000000000000000, 0.000000000000000000, 0.000000000000000000 ) ) ;
#333 = EDGE_CURVE ( 'NONE', #596, #1834, #1885, .T. ) ;
#334 = ORIENTED_EDGE ( 'NONE', *, *, #2174, .T. ) ;
#335 = DIRECTION ( 'NONE',  ( 0.000000000000000000, 0.000000000000000000, -1.000000000000000000 ) ) ;
#336 = DIRECTION ( 'NONE',  ( -1.000000000000000000, 0.000000000000000000, 0.000000000000000000 ) ) ;
#337 = EDGE_LOOP ( 'NONE', ( #105, #458, #468, #543 ) ) ;
#338 = VECTOR ( 'NONE', #1217, 1000.000000000000000 ) ;
#339 = CARTESIAN_POINT ( 'NONE',  ( -25.40000000000000568, 0.000000000000000000, 16.10000000000000142 ) ) ;
#340 = DIRECTION ( 'NONE',  ( -1.000000000000000000, 0.000000000000000000, 0.000000000000000000 ) ) ;
#341 = DIRECTION ( 'NONE',  ( 0.000000000000000000, -0.000000000000000000, -1.000000000000000000 ) ) ;
#342 = DIRECTION ( 'NONE',  ( -1.000000000000000000, -1.198427271831991233E-16, 0.000000000000000000 ) ) ;
#343 = ADVANCED_FACE ( 'NONE', ( #2397 ), #2408, .T. ) ;
#344 = EDGE_CURVE ( 'NONE', #1834, #1537, #921, .T. ) ;
#345 = CARTESIAN_POINT ( 'NONE',  ( 23.61999999999998678, -13.07999999999999652, 7.500000000000007105 ) ) ;
#346 = CARTESIAN_POINT ( 'NONE',  ( 24.39999999999999147, -7.620000000000000107, 12.00000000000000000 ) ) ;
#347 = VERTEX_POINT ( 'NONE', #362 ) ;
#348 = CARTESIAN_POINT ( 'NONE',  ( 25.39999999999999503, 7.620000000000000107, 12.69999999999999929 ) ) ;
#349 = CARTESIAN_POINT ( 'NONE',  ( 25.39999999999999503, -3.439973992959973982E-16, 12.69999999999999929 ) ) ;
#350 = VECTOR ( 'NONE', #1742, 1000.000000000000000 ) ;
#351 = CARTESIAN_POINT ( 'NONE',  ( -25.90000000000000213, 7.620000000000000107, 16.10000000000000142 ) ) ;
#352 = VERTEX_POINT ( 'NONE', #2039 ) ;
#353 = CIRCLE ( 'NONE', #1837, 0.5000000000000004441 ) ;
#354 = AXIS2_PLACEMENT_3D ( 'NONE', #2159, #1253, #1586 ) ;
#355 = FACE_BOUND ( 'NONE', #406, .T. ) ;
#356 = CYLINDRICAL_SURFACE ( 'NONE', #821, 0.5000000000000004441 ) ;
#357 = AXIS2_PLACEMENT_3D ( 'NONE', #308, #1397, #873 ) ;
#358 = AXIS2_PLACEMENT_3D ( 'NONE', #1363, #990, #2113 ) ;
#359 = EDGE_CURVE ( 'NONE', #248, #1957, #1474, .T. ) ;
#360 = ORIENTED_EDGE ( 'NONE', *, *, #1451, .F. ) ;
#361 = AXIS2_PLACEMENT_3D ( 'NONE', #2301, #2092, #2278 ) ;
#362 = CARTESIAN_POINT ( 'NONE',  ( 25.09999999999999432, -7.620000000000000107, 16.29999999999999716 ) ) ;
#363 = APPLICATION_CONTEXT ( 'automotive_design' ) ;
#364 = DIRECTION ( 'NONE',  ( -1.000000000000000000, 0.000000000000000000, 0.000000000000000000 ) ) ;
#365 = FACE_OUTER_BOUND ( 'NONE', #1109, .T. ) ;
#366 = DIRECTION ( 'NONE',  ( -1.198427271831991233E-16, 1.000000000000000000, 0.000000000000000000 ) ) ;
#367 = EDGE_LOOP ( 'NONE', ( #2345, #1004, #394, #2065 ) ) ;
#368 = VERTEX_POINT ( 'NONE', #383 ) ;
#369 = DIRECTION ( 'NONE',  ( 0.000000000000000000, 0.000000000000000000, -1.000000000000000000 ) ) ;
#370 = DIRECTION ( 'NONE',  ( 1.000000000000000000, 0.000000000000000000, 0.000000000000000000 ) ) ;
#371 = ORIENTED_EDGE ( 'NONE', *, *, #2132, .F. ) ;
#372 = PLANE ( 'NONE',  #2339 ) ;
#373 = VERTEX_POINT ( 'NONE', #2212 ) ;
#374 = EDGE_CURVE ( 'NONE', #1302, #750, #883, .T. ) ;
#375 = DIRECTION ( 'NONE',  ( 0.000000000000000000, 0.000000000000000000, 1.000000000000000000 ) ) ;
#376 = AXIS2_PLACEMENT_3D ( 'NONE', #699, #1639, #340 ) ;
#377 =( NAMED_UNIT ( * ) PLANE_ANGLE_UNIT ( ) SI_UNIT ( $, .RADIAN. ) );
#378 = CARTESIAN_POINT ( 'NONE',  ( 25.39999999999999147, -7.620000000000000107, 12.69999999999999929 ) ) ;
#379 = VERTEX_POINT ( 'NONE', #1108 ) ;
#380 = EDGE_LOOP ( 'NONE', ( #1645, #190, #1995, #1457 ) ) ;
#381 = DIRECTION ( 'NONE',  ( 0.000000000000000000, 0.000000000000000000, -1.000000000000000000 ) ) ;
#382 = ORIENTED_EDGE ( 'NONE', *, *, #844, .F. ) ;
#383 = CARTESIAN_POINT ( 'NONE',  ( -26.40000000000000568, 0.000000000000000000, 12.69999999999999929 ) ) ;
#384 = VERTEX_POINT ( 'NONE', #1098 ) ;
#385 = DIRECTION ( 'NONE',  ( -1.000000000000000000, 0.000000000000000000, 0.000000000000000000 ) ) ;
#386 = CYLINDRICAL_SURFACE ( 'NONE', #1545, 1.249999999999987121 ) ;
#387 = EDGE_CURVE ( 'NONE', #1336, #2359, #525, .T. ) ;
#388 = CARTESIAN_POINT ( 'NONE',  ( 28.44999999999999574, -17.89999999999999503, 0.000000000000000000 ) ) ;
#389 = PLANE ( 'NONE',  #83 ) ;
#390 = ORIENTED_EDGE ( 'NONE', *, *, #273, .F. ) ;
#391 = ORIENTED_EDGE ( 'NONE', *, *, #480, .F. ) ;
#392 = CIRCLE ( 'NONE', #855, 0.5000000000000004441 ) ;
#393 = DIRECTION ( 'NONE',  ( 1.000000000000000000, 0.000000000000000000, 0.000000000000000000 ) ) ;
#394 = ORIENTED_EDGE ( 'NONE', *, *, #2068, .T. ) ;
#395 = CIRCLE ( 'NONE', #1169, 0.1999999999999987899 ) ;
#396 = LINE ( 'NONE', #213, #1075 ) ;
#397 = AXIS2_PLACEMENT_3D ( 'NONE', #560, #2049, #1118 ) ;
#398 = AXIS2_PLACEMENT_3D ( 'NONE', #2003, #1613, #1017 ) ;
#399 = ORIENTED_EDGE ( 'NONE', *, *, #1685, .F. ) ;
#400 = AXIS2_PLACEMENT_3D ( 'NONE', #1468, #1, #1453 ) ;
#401 = VECTOR ( 'NONE', #138, 1000.000000000000000 ) ;
#402 = AXIS2_PLACEMENT_3D ( 'NONE', #295, #91, #1044 ) ;
#403 = DIRECTION ( 'NONE',  ( -1.000000000000000000, 0.000000000000000000, 0.000000000000000000 ) ) ;
#404 = SURFACE_STYLE_FILL_AREA ( #2249 ) ;
#405 = EDGE_LOOP ( 'NONE', ( #1860, #1531, #16, #1538 ) ) ;
#406 = EDGE_LOOP ( 'NONE', ( #991, #271 ) ) ;
#407 = EDGE_CURVE ( 'NONE', #1831, #1537, #1689, .T. ) ;
#408 = PRODUCT_DEFINITION ( '未知', '', #2154, #146 ) ;
#409 = ADVANCED_FACE ( 'NONE', ( #1120 ), #1836, .F. ) ;
#410 = DIRECTION ( 'NONE',  ( -1.000000000000000000, 0.000000000000000000, 0.000000000000000000 ) ) ;
#411 = DIRECTION ( 'NONE',  ( 0.000000000000000000, -0.000000000000000000, -1.000000000000000000 ) ) ;
#412 = ORIENTED_EDGE ( 'NONE', *, *, #1177, .T. ) ;
#413 = DIRECTION ( 'NONE',  ( 0.000000000000000000, 0.000000000000000000, 1.000000000000000000 ) ) ;
#414 = ORIENTED_EDGE ( 'NONE', *, *, #2099, .T. ) ;
#415 = DIRECTION ( 'NONE',  ( -0.000000000000000000, -0.000000000000000000, -1.000000000000000000 ) ) ;
#416 = DIRECTION ( 'NONE',  ( 0.8571673007021115565, 1.049727191138617710E-16, -0.5150380749100554878 ) ) ;
#417 = FILL_AREA_STYLE_COLOUR ( '', #670 ) ;
#418 = ORIENTED_EDGE ( 'NONE', *, *, #771, .T. ) ;
#419 = ORIENTED_EDGE ( 'NONE', *, *, #2244, .F. ) ;
#420 = CARTESIAN_POINT ( 'NONE',  ( 28.44999999999999929, 18.40000000000000213, 0.000000000000000000 ) ) ;
#421 = DIRECTION ( 'NONE',  ( -0.000000000000000000, -0.000000000000000000, -1.000000000000000000 ) ) ;
#422 = ADVANCED_FACE ( 'NONE', ( #1330 ), #796, .T. ) ;
#423 = ORIENTED_EDGE ( 'NONE', *, *, #2020, .F. ) ;
#424 = EDGE_CURVE ( 'NONE', #184, #1891, #2344, .T. ) ;
#425 = DIRECTION ( 'NONE',  ( -0.000000000000000000, -0.000000000000000000, 1.000000000000000000 ) ) ;
#426 = ORIENTED_EDGE ( 'NONE', *, *, #2040, .F. ) ;
#427 = DIRECTION ( 'NONE',  ( -1.000000000000000000, 0.000000000000000000, 0.000000000000000000 ) ) ;
#428 = CARTESIAN_POINT ( 'NONE',  ( 25.69999999999999218, -3.439973992959973982E-16, 16.29999999999999716 ) ) ;
#429 = CIRCLE ( 'NONE', #1787, 1.249999999999987121 ) ;
#430 = SURFACE_SIDE_STYLE ('',( #1901 ) ) ;
#431 = ORIENTED_EDGE ( 'NONE', *, *, #2335, .T. ) ;
#432 = ORIENTED_EDGE ( 'NONE', *, *, #241, .F. ) ;
#433 = FACE_BOUND ( 'NONE', #2060, .T. ) ;
#434 = ORIENTED_EDGE ( 'NONE', *, *, #333, .T. ) ;
#435 = AXIS2_PLACEMENT_3D ( 'NONE', #511, #1251, #187 ) ;
#436 = DIRECTION ( 'NONE',  ( 0.000000000000000000, 0.000000000000000000, -1.000000000000000000 ) ) ;
#437 = EDGE_CURVE ( 'NONE', #1925, #2284, #108, .T. ) ;
#438 = AXIS2_PLACEMENT_3D ( 'NONE', #1308, #2057, #2261 ) ;
#439 = ORIENTED_EDGE ( 'NONE', *, *, #2121, .T. ) ;
#440 = AXIS2_PLACEMENT_3D ( 'NONE', #2333, #1390, #310 ) ;
#441 = EDGE_CURVE ( 'NONE', #1771, #1356, #429, .T. ) ;
#442 = CIRCLE ( 'NONE', #284, 1.000000000000000888 ) ;
#443 = EDGE_CURVE ( 'NONE', #2251, #233, #1699, .T. ) ;
#444 = AXIS2_PLACEMENT_3D ( 'NONE', #276, #1340, #1167 ) ;
#445 = DIRECTION ( 'NONE',  ( 0.000000000000000000, 0.000000000000000000, -1.000000000000000000 ) ) ;
#446 = AXIS2_PLACEMENT_3D ( 'NONE', #1102, #2389, #568 ) ;
#447 = CARTESIAN_POINT ( 'NONE',  ( -25.40000000000000568, 0.000000000000000000, 12.69999999999999929 ) ) ;
#448 = ORIENTED_EDGE ( 'NONE', *, *, #985, .F. ) ;
#449 = ORIENTED_EDGE ( 'NONE', *, *, #2368, .F. ) ;
#450 = DIRECTION ( 'NONE',  ( 1.000000000000000000, 0.000000000000000000, 0.000000000000000000 ) ) ;
#451 = EDGE_LOOP ( 'NONE', ( #219, #1316, #976, #949 ) ) ;
#452 = CARTESIAN_POINT ( 'NONE',  ( 25.39999999999999503, 7.620000000000000107, 12.69999999999999929 ) ) ;
#453 = DIRECTION ( 'NONE',  ( 0.000000000000000000, 0.000000000000000000, 1.000000000000000000 ) ) ;
#454 = ORIENTED_EDGE ( 'NONE', *, *, #2245, .F. ) ;
#455 = ADVANCED_FACE ( 'NONE', ( #60, #806 ), #1555, .F. ) ;
#456 = EDGE_CURVE ( 'NONE', #750, #1107, #536, .T. ) ;
#457 = ORIENTED_EDGE ( 'NONE', *, *, #21, .F. ) ;
#458 = ORIENTED_EDGE ( 'NONE', *, *, #2336, .F. ) ;
#459 = DIRECTION ( 'NONE',  ( 0.000000000000000000, -0.000000000000000000, -1.000000000000000000 ) ) ;
#460 = EDGE_LOOP ( 'NONE', ( #1490, #2291, #1182, #2035 ) ) ;
#461 = DIRECTION ( 'NONE',  ( 0.000000000000000000, 0.000000000000000000, 1.000000000000000000 ) ) ;
#462 = CIRCLE ( 'NONE', #2130, 1.249999999999987121 ) ;
#463 = CYLINDRICAL_SURFACE ( 'NONE', #1366, 1.000000000000000888 ) ;
#464 = ORIENTED_EDGE ( 'NONE', *, *, #344, .F. ) ;
#465 = DIRECTION ( 'NONE',  ( 0.000000000000000000, 0.000000000000000000, -1.000000000000000000 ) ) ;
#466 = EDGE_CURVE ( 'NONE', #505, #1886, #30, .T. ) ;
#467 = DIRECTION ( 'NONE',  ( -1.000000000000000000, 0.000000000000000000, 0.000000000000000000 ) ) ;
#468 = ORIENTED_EDGE ( 'NONE', *, *, #1703, .F. ) ;
#469 = DIRECTION ( 'NONE',  ( -1.000000000000000000, 0.000000000000000000, 0.000000000000000000 ) ) ;
#470 = DIRECTION ( 'NONE',  ( 0.000000000000000000, 0.000000000000000000, 1.000000000000000000 ) ) ;
#471 = ORIENTED_EDGE ( 'NONE', *, *, #1700, .T. ) ;
#472 = CARTESIAN_POINT ( 'NONE',  ( -25.10000000000000853, -3.810000000000000053, 16.29999999999999716 ) ) ;
#473 = DIRECTION ( 'NONE',  ( -0.000000000000000000, -0.000000000000000000, -1.000000000000000000 ) ) ;
#474 = EDGE_LOOP ( 'NONE', ( #1532, #1801, #2366, #1624 ) ) ;
#475 = CIRCLE ( 'NONE', #2314, 0.5000000000000004441 ) ;
#476 = FACE_OUTER_BOUND ( 'NONE', #194, .T. ) ;
#477 = AXIS2_PLACEMENT_3D ( 'NONE', #57, #2379, #1252 ) ;
#478 =( LENGTH_UNIT ( ) NAMED_UNIT ( * ) SI_UNIT ( .MILLI., .METRE. ) );
#479 = CIRCLE ( 'NONE', #1061, 1.000000000000000888 ) ;
#480 = EDGE_CURVE ( 'NONE', #2059, #1347, #266, .T. ) ;
#481 = DIRECTION ( 'NONE',  ( -1.000000000000000000, 0.000000000000000000, 0.000000000000000000 ) ) ;
#482 = CARTESIAN_POINT ( 'NONE',  ( 25.39999999999999147, -7.620000000000000107, 16.29999999999999716 ) ) ;
#483 = EDGE_CURVE ( 'NONE', #775, #1945, #1121, .T. ) ;
#484 = DIRECTION ( 'NONE',  ( 0.000000000000000000, 0.000000000000000000, 1.000000000000000000 ) ) ;
#485 = ORIENTED_EDGE ( 'NONE', *, *, #443, .T. ) ;
#486 = DIRECTION ( 'NONE',  ( 0.000000000000000000, 0.000000000000000000, -1.000000000000000000 ) ) ;
#487 = LINE ( 'NONE', #1987, #338 ) ;
#488 = DIRECTION ( 'NONE',  ( -1.000000000000000000, 0.000000000000000000, 0.000000000000000000 ) ) ;
#489 = DIRECTION ( 'NONE',  ( 0.000000000000000000, 0.000000000000000000, 1.000000000000000000 ) ) ;
#490 = DIRECTION ( 'NONE',  ( 0.000000000000000000, -0.000000000000000000, -1.000000000000000000 ) ) ;
#491 = ADVANCED_FACE ( 'NONE', ( #1567 ), #692, .T. ) ;
#492 = LINE ( 'NONE', #1614, #977 ) ;
#493 = ORIENTED_EDGE ( 'NONE', *, *, #359, .F. ) ;
#494 = VECTOR ( 'NONE', #1249, 1000.000000000000000 ) ;
#495 = EDGE_CURVE ( 'NONE', #184, #1501, #1379, .T. ) ;
#496 = ORIENTED_EDGE ( 'NONE', *, *, #1060, .T. ) ;
#497 = CARTESIAN_POINT ( 'NONE',  ( -25.40000000000000568, 0.000000000000000000, 12.69999999999999929 ) ) ;
#498 = FACE_OUTER_BOUND ( 'NONE', #1934, .T. ) ;
#499 = FACE_BOUND ( 'NONE', #843, .T. ) ;
#500 = CARTESIAN_POINT ( 'NONE',  ( -22.37000000000002942, -13.07999999999999474, -1.402220585023716934E-15 ) ) ;
#501 = LINE ( 'NONE', #1221, #510 ) ;
#502 = CARTESIAN_POINT ( 'NONE',  ( -25.90000000000000924, -7.620000000000000107, 12.69999999999999929 ) ) ;
#503 = EDGE_LOOP ( 'NONE', ( #2071, #948 ) ) ;
#504 = VECTOR ( 'NONE', #279, 1000.000000000000000 ) ;
#505 = VERTEX_POINT ( 'NONE', #600 ) ;
#506 = AXIS2_PLACEMENT_3D ( 'NONE', #13, #1900, #749 ) ;
#507 = EDGE_CURVE ( 'NONE', #1470, #1372, #1342, .T. ) ;
#508 = DIRECTION ( 'NONE',  ( -0.000000000000000000, -0.000000000000000000, 1.000000000000000000 ) ) ;
#509 = CIRCLE ( 'NONE', #626, 1.000000000000000888 ) ;
#510 = VECTOR ( 'NONE', #1238, 1000.000000000000000 ) ;
#511 = CARTESIAN_POINT ( 'NONE',  ( 25.39999999999999147, -7.620000000000000107, 16.29999999999999716 ) ) ;
#512 = DIRECTION ( 'NONE',  ( -0.8571673007021115565, 0.000000000000000000, -0.5150380749100554878 ) ) ;
#513 = AXIS2_PLACEMENT_3D ( 'NONE', #1923, #794, #610 ) ;
#514 = CARTESIAN_POINT ( 'NONE',  ( -25.90000000000000924, -7.620000000000000107, 16.29999999999999716 ) ) ;
#515 = AXIS2_PLACEMENT_3D ( 'NONE', #1237, #1047, #1227 ) ;
#516 = EDGE_LOOP ( 'NONE', ( #2263, #1292 ) ) ;
#517 = ADVANCED_FACE ( 'NONE', ( #1158 ), #1908, .T. ) ;
#518 = DIRECTION ( 'NONE',  ( 0.000000000000000000, 0.000000000000000000, 1.000000000000000000 ) ) ;
#519 = SURFACE_STYLE_USAGE ( .BOTH. , #163 ) ;
#520 = EDGE_CURVE ( 'NONE', #1295, #373, #1597, .T. ) ;
#521 = PLANE ( 'NONE',  #2357 ) ;
#522 = CYLINDRICAL_SURFACE ( 'NONE', #1245, 0.5000000000000004441 ) ;
#523 = FACE_OUTER_BOUND ( 'NONE', #2254, .T. ) ;
#524 = ORIENTED_EDGE ( 'NONE', *, *, #86, .T. ) ;
#525 = LINE ( 'NONE', #728, #1510 ) ;
#526 = DIRECTION ( 'NONE',  ( 0.000000000000000000, 0.000000000000000000, -1.000000000000000000 ) ) ;
#527 = CARTESIAN_POINT ( 'NONE',  ( 28.94999999999999574, -18.39999999999999503, 0.000000000000000000 ) ) ;
#528 = EDGE_CURVE ( 'NONE', #758, #1785, #2356, .T. ) ;
#529 = DIRECTION ( 'NONE',  ( 0.000000000000000000, 0.000000000000000000, 1.000000000000000000 ) ) ;
#530 = CARTESIAN_POINT ( 'NONE',  ( 24.86999999999998323, 13.08000000000000362, 7.500000000000007105 ) ) ;
#531 = ORIENTED_EDGE ( 'NONE', *, *, #627, .F. ) ;
#532 = FACE_BOUND ( 'NONE', #1994, .T. ) ;
#533 = ORIENTED_EDGE ( 'NONE', *, *, #1413, .F. ) ;
#534 = DIRECTION ( 'NONE',  ( 0.000000000000000000, 0.000000000000000000, -1.000000000000000000 ) ) ;
#535 = AXIS2_PLACEMENT_3D ( 'NONE', #2098, #623, #252 ) ;
#536 = CIRCLE ( 'NONE', #1009, 0.2999999999999981570 ) ;
#537 = DIRECTION ( 'NONE',  ( 1.000000000000000000, 0.000000000000000000, 0.000000000000000000 ) ) ;
#538 = DIRECTION ( 'NONE',  ( 1.000000000000000000, 0.000000000000000000, -0.000000000000000000 ) ) ;
#539 = UNCERTAINTY_MEASURE_WITH_UNIT (LENGTH_MEASURE( 1.000000000000000082E-05 ), #1932, 'distance_accuracy_value', 'NONE');
#540 = DIRECTION ( 'NONE',  ( -1.000000000000000000, 0.000000000000000000, 0.000000000000000000 ) ) ;
#541 = AXIS2_PLACEMENT_3D ( 'NONE', #388, #1888, #1127 ) ;
#542 = CARTESIAN_POINT ( 'NONE',  ( 28.44999999999999574, -18.39999999999999503, 0.000000000000000000 ) ) ;
#543 = ORIENTED_EDGE ( 'NONE', *, *, #301, .F. ) ;
#544 = ORIENTED_EDGE ( 'NONE', *, *, #173, .F. ) ;
#545 = CARTESIAN_POINT ( 'NONE',  ( 25.39999999999999503, -3.439973992959973982E-16, 12.69999999999999929 ) ) ;
#546 = CARTESIAN_POINT ( 'NONE',  ( -25.40000000000000568, 3.810000000000000053, 16.10000000000000142 ) ) ;
#547 = VECTOR ( 'NONE', #1445, 1000.000000000000000 ) ;
#548 = EDGE_CURVE ( 'NONE', #1160, #802, #1325, .T. ) ;
#549 = ORIENTED_EDGE ( 'NONE', *, *, #1071, .F. ) ;
#550 = EDGE_CURVE ( 'NONE', #167, #689, #701, .T. ) ;
#551 = DIRECTION ( 'NONE',  ( 0.000000000000000000, 0.000000000000000000, -1.000000000000000000 ) ) ;
#552 =( GEOMETRIC_REPRESENTATION_CONTEXT ( 3 ) GLOBAL_UNCERTAINTY_ASSIGNED_CONTEXT ( ( #1640 ) ) GLOBAL_UNIT_ASSIGNED_CONTEXT ( ( #881, #1638, #1627 ) ) REPRESENTATION_CONTEXT ( 'NONE', 'WORKASPACE' ) );
#553 = VERTEX_POINT ( 'NONE', #1030 ) ;
#554 = DIRECTION ( 'NONE',  ( -0.000000000000000000, -0.000000000000000000, -1.000000000000000000 ) ) ;
#555 = PRESENTATION_STYLE_ASSIGNMENT (( #1268 ) ) ;
#556 = CARTESIAN_POINT ( 'NONE',  ( -26.40000000000000213, 7.620000000000000107, 12.69999999999999929 ) ) ;
#557 = ORIENTED_EDGE ( 'NONE', *, *, #1071, .T. ) ;
#558 = VERTEX_POINT ( 'NONE', #1621 ) ;
#559 = PLANE ( 'NONE',  #1087 ) ;
#560 = CARTESIAN_POINT ( 'NONE',  ( 25.09999999999999787, 7.620000000000000107, 16.10000000000000142 ) ) ;
#561 = VERTEX_POINT ( 'NONE', #324 ) ;
#562 = EDGE_CURVE ( 'NONE', #558, #564, #2228, .T. ) ;
#563 = MECHANICAL_DESIGN_GEOMETRIC_PRESENTATION_REPRESENTATION (  '', ( #1695 ), #220 ) ;
#564 = VERTEX_POINT ( 'NONE', #472 ) ;
#565 = DIRECTION ( 'NONE',  ( 0.000000000000000000, 0.000000000000000000, -1.000000000000000000 ) ) ;
#566 = AXIS2_PLACEMENT_3D ( 'NONE', #1829, #710, #1676 ) ;
#567 = DIRECTION ( 'NONE',  ( -1.000000000000000000, 0.000000000000000000, 0.000000000000000000 ) ) ;
#568 = DIRECTION ( 'NONE',  ( -1.000000000000000000, 0.000000000000000000, 0.000000000000000000 ) ) ;
#569 = ORIENTED_EDGE ( 'NONE', *, *, #1625, .F. ) ;
#570 = ORIENTED_EDGE ( 'NONE', *, *, #1961, .T. ) ;
#571 = CARTESIAN_POINT ( 'NONE',  ( 25.39999999999999503, -3.439973992959973982E-16, 16.29999999999999716 ) ) ;
#572 = CARTESIAN_POINT ( 'NONE',  ( 25.09999999999999787, 7.620000000000000107, 16.29999999999999716 ) ) ;
#573 = VERTEX_POINT ( 'NONE', #658 ) ;
#574 = VERTEX_POINT ( 'NONE', #865 ) ;
#575 = DIRECTION ( 'NONE',  ( -1.000000000000000000, 9.427844978134820201E-17, 0.000000000000000000 ) ) ;
#576 = CARTESIAN_POINT ( 'NONE',  ( -25.40000000000000568, 0.000000000000000000, 12.69999999999999929 ) ) ;
#577 = VECTOR ( 'NONE', #1764, 1000.000000000000000 ) ;
#578 = EDGE_CURVE ( 'NONE', #1347, #1704, #1876, .T. ) ;
#579 = CARTESIAN_POINT ( 'NONE',  ( -24.90000000000000213, 7.620000000000000107, 16.10000000000000142 ) ) ;
#580 = LINE ( 'NONE', #2069, #2152 ) ;
#581 = EDGE_LOOP ( 'NONE', ( #49, #763 ) ) ;
#582 = CIRCLE ( 'NONE', #1953, 0.5000000000000004441 ) ;
#583 = FACE_BOUND ( 'NONE', #2432, .T. ) ;
#584 = CARTESIAN_POINT ( 'NONE',  ( 23.61999999999999389, 13.08000000000000362, 7.500000000000007105 ) ) ;
#585 = VERTEX_POINT ( 'NONE', #1580 ) ;
#586 = MECHANICAL_DESIGN_GEOMETRIC_PRESENTATION_REPRESENTATION (  '', ( #1281 ), #1599 ) ;
#587 = CARTESIAN_POINT ( 'NONE',  ( 25.39999999999999503, 7.620000000000000107, 16.29999999999999716 ) ) ;
#588 = CIRCLE ( 'NONE', #741, 1.000000000000000888 ) ;
#589 = ORIENTED_EDGE ( 'NONE', *, *, #2280, .T. ) ;
#590 = VECTOR ( 'NONE', #712, 1000.000000000000000 ) ;
#591 = FACE_OUTER_BOUND ( 'NONE', #2085, .T. ) ;
#592 = EDGE_CURVE ( 'NONE', #233, #1470, #2186, .T. ) ;
#593 = DIRECTION ( 'NONE',  ( 0.000000000000000000, 0.000000000000000000, -1.000000000000000000 ) ) ;
#594 = CARTESIAN_POINT ( 'NONE',  ( 25.89999999999999147, -7.620000000000000107, 12.69999999999999929 ) ) ;
#595 = EDGE_CURVE ( 'NONE', #967, #2217, #2025, .T. ) ;
#596 = VERTEX_POINT ( 'NONE', #1796 ) ;
#597 = ORIENTED_EDGE ( 'NONE', *, *, #578, .F. ) ;
#598 = CARTESIAN_POINT ( 'NONE',  ( -25.69999999999999929, 7.620000000000000107, 16.29999999999999716 ) ) ;
#599 = ORIENTED_EDGE ( 'NONE', *, *, #562, .T. ) ;
#600 = CARTESIAN_POINT ( 'NONE',  ( 25.89999999999999503, -2.827650593386300707E-16, 16.10000000000000142 ) ) ;
#601 = EDGE_LOOP ( 'NONE', ( #1980, #208, #2046, #1509 ) ) ;
#602 = DIRECTION ( 'NONE',  ( -1.000000000000000000, 0.000000000000000000, 0.000000000000000000 ) ) ;
#603 = DIRECTION ( 'NONE',  ( -1.000000000000000000, -1.198427271831990987E-16, 0.000000000000000000 ) ) ;
#604 = CARTESIAN_POINT ( 'NONE',  ( -24.87000000000000455, -13.07999999999999474, 0.000000000000000000 ) ) ;
#605 = AXIS2_PLACEMENT_3D ( 'NONE', #2351, #1384, #2338 ) ;
#606 = VERTEX_POINT ( 'NONE', #2380 ) ;
#607 = ORIENTED_EDGE ( 'NONE', *, *, #845, .T. ) ;
#608 = EDGE_CURVE ( 'NONE', #1601, #1940, #442, .T. ) ;
#609 = PLANE ( 'NONE',  #2221 ) ;
#610 = DIRECTION ( 'NONE',  ( -1.000000000000000000, 0.000000000000000000, 0.000000000000000000 ) ) ;
#611 = ORIENTED_EDGE ( 'NONE', *, *, #1294, .F. ) ;
#612 = DIRECTION ( 'NONE',  ( -0.000000000000000000, -0.000000000000000000, -1.000000000000000000 ) ) ;
#613 = ORIENTED_EDGE ( 'NONE', *, *, #627, .T. ) ;
#614 = FACE_OUTER_BOUND ( 'NONE', #367, .T. ) ;
#615 = LINE ( 'NONE', #1162, #236 ) ;
#616 = FACE_OUTER_BOUND ( 'NONE', #1153, .T. ) ;
#617 = EDGE_LOOP ( 'NONE', ( #1744, #109, #2229, #66 ) ) ;
#618 = ORIENTED_EDGE ( 'NONE', *, *, #158, .T. ) ;
#619 = CARTESIAN_POINT ( 'NONE',  ( 24.86999999999998323, 13.08000000000000362, 0.000000000000000000 ) ) ;
#620 = DIRECTION ( 'NONE',  ( -1.000000000000000000, 0.000000000000000000, 0.000000000000000000 ) ) ;
#621 = ORIENTED_EDGE ( 'NONE', *, *, #1896, .T. ) ;
#622 = AXIS2_PLACEMENT_3D ( 'NONE', #1780, #2340, #488 ) ;
#623 = DIRECTION ( 'NONE',  ( 0.000000000000000000, 0.000000000000000000, -1.000000000000000000 ) ) ;
#624 = ADVANCED_FACE ( 'NONE', ( #680 ), #1636, .T. ) ;
#625 = CARTESIAN_POINT ( 'NONE',  ( 25.39999999999999503, -3.439973992959973982E-16, 12.69999999999999929 ) ) ;
#626 = AXIS2_PLACEMENT_3D ( 'NONE', #869, #1247, #1617 ) ;
#627 = EDGE_CURVE ( 'NONE', #1096, #1160, #319, .T. ) ;
#628 = EDGE_LOOP ( 'NONE', ( #496, #972, #179, #247, #1232, #1688, #230, #2310 ) ) ;
#629 = TOROIDAL_SURFACE ( 'NONE', #1244, 0.2999999999999990452, 0.2000000000000000111 ) ;
#630 = VECTOR ( 'NONE', #1784, 1000.000000000000000 ) ;
#631 = CARTESIAN_POINT ( 'NONE',  ( 28.94999999999999574, -17.89999999999999503, 12.00000000000000000 ) ) ;
#632 = CARTESIAN_POINT ( 'NONE',  ( -25.40000000000000568, 0.000000000000000000, 12.00000000000000000 ) ) ;
#633 = FILL_AREA_STYLE_COLOUR ( '', #2044 ) ;
#634 = ORIENTED_EDGE ( 'NONE', *, *, #1110, .T. ) ;
#635 = DIRECTION ( 'NONE',  ( 0.000000000000000000, 0.000000000000000000, -1.000000000000000000 ) ) ;
#636 = ORIENTED_EDGE ( 'NONE', *, *, #1291, .F. ) ;
#637 = PRODUCT ( 'WG-\X2\7535538b8f6c63626a215757\X0\ ZAQ7O1S48P-NCLC', 'WG-\X2\7535538b8f6c63626a215757\X0\ ZAQ7O1S48P-NCLC', '', ( #2439 ) ) ;
#638 = EDGE_LOOP ( 'NONE', ( #1323, #281, #727, #2173 ) ) ;
#639 = EDGE_CURVE ( 'NONE', #1694, #268, #737, .T. ) ;
#640 = FACE_BOUND ( 'NONE', #743, .T. ) ;
#641 =( NAMED_UNIT ( * ) PLANE_ANGLE_UNIT ( ) SI_UNIT ( $, .RADIAN. ) );
#642 = CARTESIAN_POINT ( 'NONE',  ( 28.94999999999999574, -18.39999999999999503, 12.00000000000000000 ) ) ;
#643 = CARTESIAN_POINT ( 'NONE',  ( -24.90000000000000568, -3.810000000000000053, 16.10000000000000142 ) ) ;
#644 = ORIENTED_EDGE ( 'NONE', *, *, #456, .F. ) ;
#645 = CIRCLE ( 'NONE', #605, 0.5000000000000004441 ) ;
#646 = CARTESIAN_POINT ( 'NONE',  ( -25.70000000000000284, 3.673940397442047789E-17, 16.10000000000000142 ) ) ;
#647 = CYLINDRICAL_SURFACE ( 'NONE', #2182, 1.000000000000000888 ) ;
#648 = ORIENTED_EDGE ( 'NONE', *, *, #2101, .F. ) ;
#649 = CIRCLE ( 'NONE', #305, 0.5000000000000004441 ) ;
#650 = DIRECTION ( 'NONE',  ( 1.000000000000000000, 0.000000000000000000, 0.000000000000000000 ) ) ;
#651 = EDGE_CURVE ( 'NONE', #1372, #2251, #1403, .T. ) ;
#652 = DIRECTION ( 'NONE',  ( -1.000000000000000000, 0.000000000000000000, 0.000000000000000000 ) ) ;
#653 = LINE ( 'NONE', #1395, #265 ) ;
#654 = EDGE_CURVE ( 'NONE', #1093, #775, #2141, .T. ) ;
#655 = STYLED_ITEM ( 'NONE', ( #196 ), #409 ) ;
#656 = DIRECTION ( 'NONE',  ( 1.000000000000000000, 0.000000000000000000, 0.000000000000000000 ) ) ;
#657 = CARTESIAN_POINT ( 'NONE',  ( -25.40000000000000924, -7.620000000000000107, 12.69999999999999929 ) ) ;
#658 = CARTESIAN_POINT ( 'NONE',  ( 24.39999999999999147, -7.620000000000000107, 12.69999999999999929 ) ) ;
#659 = CARTESIAN_POINT ( 'NONE',  ( 25.39999999999999503, -3.439973992959973982E-16, 16.10000000000000142 ) ) ;
#660 = ORIENTED_EDGE ( 'NONE', *, *, #224, .T. ) ;
#661 = CIRCLE ( 'NONE', #971, 0.2999999999999981570 ) ;
#662 = CIRCLE ( 'NONE', #974, 0.1999999999999987899 ) ;
#663 = AXIS2_PLACEMENT_3D ( 'NONE', #2118, #1018, #1765 ) ;
#664 = AXIS2_PLACEMENT_3D ( 'NONE', #1969, #1066, #831 ) ;
#665 = CARTESIAN_POINT ( 'NONE',  ( -25.40000000000000213, 7.620000000000000107, 16.10000000000000142 ) ) ;
#666 = CIRCLE ( 'NONE', #2149, 0.5000000000000004441 ) ;
#667 = TOROIDAL_SURFACE ( 'NONE', #980, 0.2999999999999991562, 0.2000000000000000111 ) ;
#668 = FACE_OUTER_BOUND ( 'NONE', #139, .T. ) ;
#669 = CARTESIAN_POINT ( 'NONE',  ( 25.39999999999999503, 7.620000000000000107, 12.69999999999999929 ) ) ;
#670 = COLOUR_RGB ( '',0.7921568627450980005, 0.8196078431372548767, 0.9333333333333333481 ) ;
#671 = EDGE_CURVE ( 'NONE', #895, #26, #501, .T. ) ;
#672 = PLANE ( 'NONE',  #1921 ) ;
#673 = DIRECTION ( 'NONE',  ( 1.000000000000000000, 0.000000000000000000, -0.000000000000000000 ) ) ;
#674 = DIRECTION ( 'NONE',  ( -0.000000000000000000, -0.000000000000000000, -1.000000000000000000 ) ) ;
#675 =( NAMED_UNIT ( * ) SI_UNIT ( $, .STERADIAN. ) SOLID_ANGLE_UNIT ( ) );
#676 = ORIENTED_EDGE ( 'NONE', *, *, #2382, .T. ) ;
#677 = DIRECTION ( 'NONE',  ( 0.000000000000000000, -1.000000000000000000, 0.000000000000000000 ) ) ;
#678 = DIRECTION ( 'NONE',  ( 0.000000000000000000, -1.000000000000000000, 0.000000000000000000 ) ) ;
#679 = DIRECTION ( 'NONE',  ( 1.000000000000000000, 0.000000000000000000, -0.000000000000000000 ) ) ;
#680 = FACE_OUTER_BOUND ( 'NONE', #2296, .T. ) ;
#681 = EDGE_CURVE ( 'NONE', #1891, #2416, #292, .T. ) ;
#682 = ORIENTED_EDGE ( 'NONE', *, *, #302, .F. ) ;
#683 = AXIS2_PLACEMENT_3D ( 'NONE', #330, #2134, #467 ) ;
#684 = ORIENTED_EDGE ( 'NONE', *, *, #70, .T. ) ;
#685 = DIRECTION ( 'NONE',  ( -0.000000000000000000, -0.000000000000000000, -1.000000000000000000 ) ) ;
#686 = LINE ( 'NONE', #1427, #494 ) ;
#687 =( LENGTH_UNIT ( ) NAMED_UNIT ( * ) SI_UNIT ( .MILLI., .METRE. ) );
#688 = CARTESIAN_POINT ( 'NONE',  ( -25.40000000000000213, 7.620000000000000107, 16.29999999999999716 ) ) ;
#689 = VERTEX_POINT ( 'NONE', #1783 ) ;
#690 = ORIENTED_EDGE ( 'NONE', *, *, #69, .T. ) ;
#691 =( NAMED_UNIT ( * ) PLANE_ANGLE_UNIT ( ) SI_UNIT ( $, .RADIAN. ) );
#692 = TOROIDAL_SURFACE ( 'NONE', #1315, 0.2999999999999990452, 0.2000000000000000111 ) ;
#693 = EDGE_LOOP ( 'NONE', ( #1712, #826, #1131, #1378 ) ) ;
#694 = EDGE_CURVE ( 'NONE', #1254, #1601, #106, .T. ) ;
#695 = ADVANCED_FACE ( 'NONE', ( #4 ), #522, .T. ) ;
#696 = AXIS2_PLACEMENT_3D ( 'NONE', #2400, #2013, #364 ) ;
#697 = CARTESIAN_POINT ( 'NONE',  ( -25.10000000000000853, 3.810000000000000053, 16.29999999999999716 ) ) ;
#698 = AXIS2_PLACEMENT_3D ( 'NONE', #1982, #1971, #1991 ) ;
#699 = CARTESIAN_POINT ( 'NONE',  ( -25.40000000000000568, 3.810000000000000053, 12.69999999999999929 ) ) ;
#700 = AXIS2_PLACEMENT_3D ( 'NONE', #1301, #1135, #951 ) ;
#701 = CIRCLE ( 'NONE', #354, 0.1999999999999987899 ) ;
#702 = DIRECTION ( 'NONE',  ( 0.000000000000000000, 0.000000000000000000, 1.000000000000000000 ) ) ;
#703 = AXIS2_PLACEMENT_3D ( 'NONE', #2403, #721, #149 ) ;
#704 = DIRECTION ( 'NONE',  ( -1.000000000000000000, 0.000000000000000000, 0.000000000000000000 ) ) ;
#705 =( LENGTH_UNIT ( ) NAMED_UNIT ( * ) SI_UNIT ( .MILLI., .METRE. ) );
#706 = VERTEX_POINT ( 'NONE', #1311 ) ;
#707 = CARTESIAN_POINT ( 'NONE',  ( 25.89999999999999503, 7.620000000000000107, 16.29999999999999716 ) ) ;
#708 = EDGE_CURVE ( 'NONE', #212, #1180, #1762, .T. ) ;
#709 = DIRECTION ( 'NONE',  ( -1.000000000000000000, 0.000000000000000000, 0.000000000000000000 ) ) ;
#710 = DIRECTION ( 'NONE',  ( -0.000000000000000000, -0.000000000000000000, -1.000000000000000000 ) ) ;
#711 = DIRECTION ( 'NONE',  ( -1.000000000000000000, 0.000000000000000000, 0.000000000000000000 ) ) ;
#712 = DIRECTION ( 'NONE',  ( 0.000000000000000000, 0.000000000000000000, -1.000000000000000000 ) ) ;
#713 = VERTEX_POINT ( 'NONE', #1668 ) ;
#714 = CARTESIAN_POINT ( 'NONE',  ( 23.61999999999999389, 13.08000000000000362, 7.500000000000007105 ) ) ;
#715 = CARTESIAN_POINT ( 'NONE',  ( 25.39999999999999503, -3.439973992959973982E-16, 12.69999999999999929 ) ) ;
#716 = ORIENTED_EDGE ( 'NONE', *, *, #595, .F. ) ;
#717 = DIRECTION ( 'NONE',  ( -0.000000000000000000, -0.000000000000000000, -1.000000000000000000 ) ) ;
#718 = DIRECTION ( 'NONE',  ( -1.000000000000000000, 0.000000000000000000, 0.000000000000000000 ) ) ;
#719 = VECTOR ( 'NONE', #2203, 1000.000000000000000 ) ;
#720 =( LENGTH_UNIT ( ) NAMED_UNIT ( * ) SI_UNIT ( .MILLI., .METRE. ) );
#721 = DIRECTION ( 'NONE',  ( -0.000000000000000000, -0.000000000000000000, -1.000000000000000000 ) ) ;
#722 = ADVANCED_FACE ( 'NONE', ( #2222 ), #978, .F. ) ;
#723 = VERTEX_POINT ( 'NONE', #886 ) ;
#724 = ORIENTED_EDGE ( 'NONE', *, *, #2367, .F. ) ;
#725 = AXIS2_PLACEMENT_3D ( 'NONE', #1447, #2051, #2200 ) ;
#726 = FACE_BOUND ( 'NONE', #2238, .T. ) ;
#727 = ORIENTED_EDGE ( 'NONE', *, *, #1451, .T. ) ;
#728 = CARTESIAN_POINT ( 'NONE',  ( 24.89999999999999503, -3.439973992959973982E-16, 16.29999999999999716 ) ) ;
#729 = ORIENTED_EDGE ( 'NONE', *, *, #225, .T. ) ;
#730 = DIRECTION ( 'NONE',  ( -1.000000000000000000, 0.000000000000000000, 0.000000000000000000 ) ) ;
#731 = DIRECTION ( 'NONE',  ( -1.000000000000000000, 0.000000000000000000, 0.000000000000000000 ) ) ;
#732 = COLOUR_RGB ( '',0.7921568627450980005, 0.8196078431372548767, 0.9333333333333333481 ) ;
#733 = SURFACE_SIDE_STYLE ('',( #893 ) ) ;
#734 = CONICAL_SURFACE ( 'NONE', #2180, 1.249999999999987121, 1.029744258676652979 ) ;
#735 = ORIENTED_EDGE ( 'NONE', *, *, #1850, .F. ) ;
#736 = VERTEX_POINT ( 'NONE', #922 ) ;
#737 = CIRCLE ( 'NONE', #1916, 0.5000000000000004441 ) ;
#738 = EDGE_CURVE ( 'NONE', #373, #1240, #475, .T. ) ;
#739 = FACE_BOUND ( 'NONE', #2136, .T. ) ;
#740 = CARTESIAN_POINT ( 'NONE',  ( -26.40000000000000924, -7.620000000000000107, 12.69999999999999929 ) ) ;
#741 = AXIS2_PLACEMENT_3D ( 'NONE', #2114, #635, #779 ) ;
#742 =( GEOMETRIC_REPRESENTATION_CONTEXT ( 3 ) GLOBAL_UNCERTAINTY_ASSIGNED_CONTEXT ( ( #1465 ) ) GLOBAL_UNIT_ASSIGNED_CONTEXT ( ( #687, #377, #331 ) ) REPRESENTATION_CONTEXT ( 'NONE', 'WORKASPACE' ) );
#743 = EDGE_LOOP ( 'NONE', ( #1760, #1195 ) ) ;
#744 = TOROIDAL_SURFACE ( 'NONE', #1138, 0.2999999999999991562, 0.2000000000000000111 ) ;
#745 = DIRECTION ( 'NONE',  ( -0.000000000000000000, -0.000000000000000000, -1.000000000000000000 ) ) ;
#746 = ORIENTED_EDGE ( 'NONE', *, *, #507, .F. ) ;
#747 = DIRECTION ( 'NONE',  ( 0.000000000000000000, -0.000000000000000000, -1.000000000000000000 ) ) ;
#748 = APPLICATION_PROTOCOL_DEFINITION ( 'draft international standard', 'automotive_design', 1998, #363 ) ;
#749 = DIRECTION ( 'NONE',  ( -1.000000000000000000, 0.000000000000000000, 0.000000000000000000 ) ) ;
#750 = VERTEX_POINT ( 'NONE', #1846 ) ;
#751 = EDGE_LOOP ( 'NONE', ( #1241, #1264, #1298, #1166 ) ) ;
#752 = DIRECTION ( 'NONE',  ( 1.224646799147353207E-16, 1.000000000000000000, -0.000000000000000000 ) ) ;
#753 = DIRECTION ( 'NONE',  ( 1.000000000000000000, 0.000000000000000000, 0.000000000000000000 ) ) ;
#754 = ORIENTED_EDGE ( 'NONE', *, *, #1262, .T. ) ;
#755 = FACE_BOUND ( 'NONE', #1904, .T. ) ;
#756 = EDGE_CURVE ( 'NONE', #606, #1115, #77, .T. ) ;
#757 = ADVANCED_FACE ( 'NONE', ( #2197, #1824 ), #1074, .F. ) ;
#758 = VERTEX_POINT ( 'NONE', #1655 ) ;
#759 = FACE_OUTER_BOUND ( 'NONE', #1983, .T. ) ;
#760 = DIRECTION ( 'NONE',  ( 1.000000000000000000, 0.000000000000000000, 0.000000000000000000 ) ) ;
#761 = LINE ( 'NONE', #1333, #1594 ) ;
#762 = CARTESIAN_POINT ( 'NONE',  ( -25.10000000000000853, 3.810000000000000053, 16.10000000000000142 ) ) ;
#763 = ORIENTED_EDGE ( 'NONE', *, *, #608, .T. ) ;
#764 = ORIENTED_EDGE ( 'NONE', *, *, #2001, .T. ) ;
#765 = CARTESIAN_POINT ( 'NONE',  ( 24.86999999999997613, -13.07999999999999652, 7.500000000000007105 ) ) ;
#766 = AXIS2_PLACEMENT_3D ( 'NONE', #576, #1887, #957 ) ;
#767 = ORIENTED_EDGE ( 'NONE', *, *, #1318, .T. ) ;
#768 =( NAMED_UNIT ( * ) SI_UNIT ( $, .STERADIAN. ) SOLID_ANGLE_UNIT ( ) );
#769 = ORIENTED_EDGE ( 'NONE', *, *, #1256, .T. ) ;
#770 = ADVANCED_FACE ( 'NONE', ( #2009 ), #152, .T. ) ;
#771 = EDGE_CURVE ( 'NONE', #1548, #26, #782, .T. ) ;
#772 = LINE ( 'NONE', #2089, #2166 ) ;
#773 = CARTESIAN_POINT ( 'NONE',  ( -26.40000000000000568, 3.810000000000000053, 12.69999999999999929 ) ) ;
#774 = CARTESIAN_POINT ( 'NONE',  ( -26.40000000000000568, 3.810000000000000053, 12.69999999999999929 ) ) ;
#775 = VERTEX_POINT ( 'NONE', #1643 ) ;
#776 = ORIENTED_EDGE ( 'NONE', *, *, #954, .T. ) ;
#777 = CIRCLE ( 'NONE', #73, 0.5000000000000004441 ) ;
#778 = CARTESIAN_POINT ( 'NONE',  ( 25.39999999999999147, -7.620000000000000107, 12.69999999999999929 ) ) ;
#779 = DIRECTION ( 'NONE',  ( -1.000000000000000000, 0.000000000000000000, 0.000000000000000000 ) ) ;
#780 = EDGE_LOOP ( 'NONE', ( #735, #1175, #78, #834 ) ) ;
#781 = CONICAL_SURFACE ( 'NONE', #1523, 1.249999999999987121, 1.029744258676652979 ) ;
#782 = CIRCLE ( 'NONE', #198, 1.249999999999987121 ) ;
#783 = CARTESIAN_POINT ( 'NONE',  ( -24.40000000000000924, -7.620000000000000107, 12.69999999999999929 ) ) ;
#784 = AXIS2_PLACEMENT_3D ( 'NONE', #864, #1612, #332 ) ;
#785 = MECHANICAL_DESIGN_GEOMETRIC_PRESENTATION_REPRESENTATION (  '', ( #110 ), #742 ) ;
#786 = ORIENTED_EDGE ( 'NONE', *, *, #1589, .F. ) ;
#787 = STYLED_ITEM ( 'NONE', ( #1334 ), #2289 ) ;
#788 = DIRECTION ( 'NONE',  ( 0.000000000000000000, -0.000000000000000000, -1.000000000000000000 ) ) ;
#789 = EDGE_CURVE ( 'NONE', #758, #1107, #1437, .T. ) ;
#790 = FACE_OUTER_BOUND ( 'NONE', #95, .T. ) ;
#791 = ORIENTED_EDGE ( 'NONE', *, *, #1337, .F. ) ;
#792 = PRODUCT_DEFINITION_SHAPE ( 'NONE', 'NONE',  #408 ) ;
#793 = CARTESIAN_POINT ( 'NONE',  ( 25.39999999999999503, -3.439973992959973982E-16, 16.10000000000000142 ) ) ;
#794 = DIRECTION ( 'NONE',  ( 0.000000000000000000, 0.000000000000000000, -1.000000000000000000 ) ) ;
#795 = ORIENTED_EDGE ( 'NONE', *, *, #771, .F. ) ;
#796 = CYLINDRICAL_SURFACE ( 'NONE', #1272, 0.5000000000000004441 ) ;
#797 = ORIENTED_EDGE ( 'NONE', *, *, #1187, .T. ) ;
#798 = CARTESIAN_POINT ( 'NONE',  ( -25.40000000000000568, -3.810000000000000053, 16.29999999999999716 ) ) ;
#799 = DIRECTION ( 'NONE',  ( 0.000000000000000000, 0.000000000000000000, -1.000000000000000000 ) ) ;
#800 = CARTESIAN_POINT ( 'NONE',  ( 24.89999999999999503, -3.439973992959973982E-16, 12.69999999999999929 ) ) ;
#801 = EDGE_LOOP ( 'NONE', ( #1855, #2426 ) ) ;
#802 = VERTEX_POINT ( 'NONE', #181 ) ;
#803 = ADVANCED_FACE ( 'NONE', ( #739, #532, #1274, #2019, #1300, #355, #1487, #726, #2240 ), #559, .F. ) ;
#804 = DIRECTION ( 'NONE',  ( 0.000000000000000000, 0.000000000000000000, 1.000000000000000000 ) ) ;
#805 = ORIENTED_EDGE ( 'NONE', *, *, #1930, .T. ) ;
#806 = FACE_OUTER_BOUND ( 'NONE', #300, .T. ) ;
#807 = CARTESIAN_POINT ( 'NONE',  ( 28.94999999999999929, 18.40000000000000213, 12.00000000000000000 ) ) ;
#808 = VERTEX_POINT ( 'NONE', #193 ) ;
#809 = CARTESIAN_POINT ( 'NONE',  ( -28.45000000000000639, 18.39999999999999503, 12.00000000000000000 ) ) ;
#810 = DIRECTION ( 'NONE',  ( 0.000000000000000000, 0.000000000000000000, -1.000000000000000000 ) ) ;
#811 = ORIENTED_EDGE ( 'NONE', *, *, #2040, .T. ) ;
#812 = EDGE_LOOP ( 'NONE', ( #493, #2111, #1721, #1844, #1313, #1895, #293, #1753 ) ) ;
#813 = DIRECTION ( 'NONE',  ( -1.000000000000000000, 0.000000000000000000, -0.000000000000000000 ) ) ;
#814 = EDGE_LOOP ( 'NONE', ( #2210, #1884, #819, #1565 ) ) ;
#815 = EDGE_CURVE ( 'NONE', #1785, #1616, #1213, .T. ) ;
#816 = CIRCLE ( 'NONE', #1206, 0.5000000000000004441 ) ;
#817 = DIRECTION ( 'NONE',  ( 0.000000000000000000, 0.000000000000000000, -1.000000000000000000 ) ) ;
#818 = VECTOR ( 'NONE', #2247, 1000.000000000000000 ) ;
#819 = ORIENTED_EDGE ( 'NONE', *, *, #2398, .F. ) ;
#820 = AXIS2_PLACEMENT_3D ( 'NONE', #1006, #1306, #565 ) ;
#821 = AXIS2_PLACEMENT_3D ( 'NONE', #1644, #1106, #1656 ) ;
#822 = AXIS2_PLACEMENT_3D ( 'NONE', #378, #1651, #1641 ) ;
#823 = CYLINDRICAL_SURFACE ( 'NONE', #1755, 1.000000000000000888 ) ;
#824 = FILL_AREA_STYLE ('',( #1010 ) ) ;
#825 = EDGE_LOOP ( 'NONE', ( #1205, #682, #1910, #1858 ) ) ;
#826 = ORIENTED_EDGE ( 'NONE', *, *, #1909, .T. ) ;
#827 = AXIS2_PLACEMENT_3D ( 'NONE', #861, #1409, #1806 ) ;
#828 = CYLINDRICAL_SURFACE ( 'NONE', #622, 1.000000000000000888 ) ;
#829 = DIRECTION ( 'NONE',  ( -1.000000000000000000, 0.000000000000000000, 0.000000000000000000 ) ) ;
#830 = ORIENTED_EDGE ( 'NONE', *, *, #550, .T. ) ;
#831 = DIRECTION ( 'NONE',  ( -1.000000000000000000, 0.000000000000000000, 0.000000000000000000 ) ) ;
#832 = DIRECTION ( 'NONE',  ( 1.000000000000000000, 0.000000000000000000, 0.000000000000000000 ) ) ;
#833 = EDGE_CURVE ( 'NONE', #384, #368, #857, .T. ) ;
#834 = ORIENTED_EDGE ( 'NONE', *, *, #1187, .F. ) ;
#835 = EDGE_CURVE ( 'NONE', #561, #606, #1922, .T. ) ;
#836 = ADVANCED_FACE ( 'NONE', ( #17 ), #1055, .T. ) ;
#837 = LINE ( 'NONE', #1965, #1795 ) ;
#838 = CYLINDRICAL_SURFACE ( 'NONE', #1443, 1.000000000000000888 ) ;
#839 = CARTESIAN_POINT ( 'NONE',  ( 26.39999999999999503, -2.215327193812617570E-16, 12.69999999999999929 ) ) ;
#840 = ORIENTED_EDGE ( 'NONE', *, *, #550, .F. ) ;
#841 = DIRECTION ( 'NONE',  ( -0.000000000000000000, 0.000000000000000000, 1.000000000000000000 ) ) ;
#842 = DIRECTION ( 'NONE',  ( -0.000000000000000000, -0.000000000000000000, -1.000000000000000000 ) ) ;
#843 = EDGE_LOOP ( 'NONE', ( #1404, #1485 ) ) ;
#844 = EDGE_CURVE ( 'NONE', #606, #1771, #1892, .T. ) ;
#845 = EDGE_CURVE ( 'NONE', #1115, #1356, #1563, .T. ) ;
#846 = AXIS2_PLACEMENT_3D ( 'NONE', #159, #900, #534 ) ;
#847 = CARTESIAN_POINT ( 'NONE',  ( -25.10000000000000853, 0.000000000000000000, 16.10000000000000142 ) ) ;
#848 = DIRECTION ( 'NONE',  ( 0.000000000000000000, 0.000000000000000000, -1.000000000000000000 ) ) ;
#849 = FACE_OUTER_BOUND ( 'NONE', #337, .T. ) ;
#850 = DIRECTION ( 'NONE',  ( -1.000000000000000000, 0.000000000000000000, -0.000000000000000000 ) ) ;
#851 = PLANE ( 'NONE',  #1881 ) ;
#852 = CARTESIAN_POINT ( 'NONE',  ( 26.39999999999999147, -7.620000000000000107, 12.69999999999999929 ) ) ;
#853 = CARTESIAN_POINT ( 'NONE',  ( -24.90000000000000568, 6.123233995736753710E-17, 16.29999999999999716 ) ) ;
#854 = ORIENTED_EDGE ( 'NONE', *, *, #1413, .T. ) ;
#855 = AXIS2_PLACEMENT_3D ( 'NONE', #665, #1408, #75 ) ;
#856 = CIRCLE ( 'NONE', #2390, 1.249999999999987121 ) ;
#857 = CIRCLE ( 'NONE', #1799, 1.000000000000000888 ) ;
#858 = CARTESIAN_POINT ( 'NONE',  ( 24.39999999999999503, -3.439973992959973982E-16, 12.69999999999999929 ) ) ;
#859 = CIRCLE ( 'NONE', #513, 1.000000000000000888 ) ;
#860 = AXIS2_PLACEMENT_3D ( 'NONE', #1977, #1193, #656 ) ;
#861 = CARTESIAN_POINT ( 'NONE',  ( -25.40000000000000568, 3.810000000000000053, 16.29999999999999716 ) ) ;
#862 = FACE_OUTER_BOUND ( 'NONE', #2302, .T. ) ;
#863 = CARTESIAN_POINT ( 'NONE',  ( -25.90000000000000568, 0.000000000000000000, 16.10000000000000142 ) ) ;
#864 = CARTESIAN_POINT ( 'NONE',  ( 25.39999999999999503, 7.620000000000000107, 16.29999999999999716 ) ) ;
#865 = CARTESIAN_POINT ( 'NONE',  ( 28.94999999999999574, -17.89999999999999503, 12.00000000000000000 ) ) ;
#866 = DIRECTION ( 'NONE',  ( -1.000000000000000000, 0.000000000000000000, 0.000000000000000000 ) ) ;
#867 = ORIENTED_EDGE ( 'NONE', *, *, #2258, .T. ) ;
#868 = ORIENTED_EDGE ( 'NONE', *, *, #70, .F. ) ;
#869 = CARTESIAN_POINT ( 'NONE',  ( 25.39999999999999503, 7.620000000000000107, 12.00000000000000000 ) ) ;
#870 = CARTESIAN_POINT ( 'NONE',  ( -25.40000000000000568, 3.810000000000000053, 16.29999999999999716 ) ) ;
#871 = SURFACE_STYLE_FILL_AREA ( #1375 ) ;
#872 = FACE_BOUND ( 'NONE', #503, .T. ) ;
#873 = DIRECTION ( 'NONE',  ( 1.000000000000000000, 0.000000000000000000, 0.000000000000000000 ) ) ;
#874 = EDGE_CURVE ( 'NONE', #944, #553, #2272, .T. ) ;
#875 = EDGE_CURVE ( 'NONE', #1096, #1360, #2026, .T. ) ;
#876 = DIRECTION ( 'NONE',  ( 1.000000000000000000, 0.000000000000000000, 0.000000000000000000 ) ) ;
#877 = CARTESIAN_POINT ( 'NONE',  ( 24.39999999999999503, 7.620000000000000107, 12.69999999999999929 ) ) ;
#878 = VERTEX_POINT ( 'NONE', #27 ) ;
#879 = AXIS2_PLACEMENT_3D ( 'NONE', #1660, #554, #2043 ) ;
#880 = CARTESIAN_POINT ( 'NONE',  ( 28.44999999999999574, -18.39999999999999503, 12.00000000000000000 ) ) ;
#881 =( LENGTH_UNIT ( ) NAMED_UNIT ( * ) SI_UNIT ( .MILLI., .METRE. ) );
#882 = DIRECTION ( 'NONE',  ( -0.000000000000000000, -0.000000000000000000, -1.000000000000000000 ) ) ;
#883 = CIRCLE ( 'NONE', #846, 0.1999999999999987899 ) ;
#884 = CARTESIAN_POINT ( 'NONE',  ( -25.40000000000000568, -3.810000000000000053, 16.29999999999999716 ) ) ;
#885 = FACE_OUTER_BOUND ( 'NONE', #380, .T. ) ;
#886 = CARTESIAN_POINT ( 'NONE',  ( -23.62000000000001876, -13.07999999999999474, 8.251075773784450007 ) ) ;
#887 = LINE ( 'NONE', #96, #2434 ) ;
#888 = EDGE_CURVE ( 'NONE', #1891, #184, #1723, .T. ) ;
#889 = CIRCLE ( 'NONE', #2146, 0.1999999999999987899 ) ;
#890 = DIRECTION ( 'NONE',  ( 1.000000000000000000, 0.000000000000000000, 0.000000000000000000 ) ) ;
#891 = CONICAL_SURFACE ( 'NONE', #1996, 1.249999999999987121, 1.029744258676652979 ) ;
#892 = AXIS2_PLACEMENT_3D ( 'NONE', #545, #369, #1263 ) ;
#893 = SURFACE_STYLE_FILL_AREA ( #2007 ) ;
#894 = LINE ( 'NONE', #556, #590 ) ;
#895 = VERTEX_POINT ( 'NONE', #765 ) ;
#896 = AXIS2_PLACEMENT_3D ( 'NONE', #762, #987, #1917 ) ;
#897 = DIRECTION ( 'NONE',  ( -1.000000000000000000, 0.000000000000000000, 0.000000000000000000 ) ) ;
#898 = CARTESIAN_POINT ( 'NONE',  ( 24.89999999999999503, 7.620000000000000107, 16.10000000000000142 ) ) ;
#899 = VERTEX_POINT ( 'NONE', #420 ) ;
#900 = DIRECTION ( 'NONE',  ( 0.000000000000000000, -1.000000000000000000, 0.000000000000000000 ) ) ;
#901 = ADVANCED_FACE ( 'NONE', ( #2073 ), #1512, .T. ) ;
#902 = ADVANCED_FACE ( 'NONE', ( #583, #2265 ), #609, .F. ) ;
#903 = CARTESIAN_POINT ( 'NONE',  ( 22.37000000000000099, -13.07999999999999652, -1.402220585023716934E-15 ) ) ;
#904 = FACE_OUTER_BOUND ( 'NONE', #1690, .T. ) ;
#905 = DIRECTION ( 'NONE',  ( -0.000000000000000000, -0.000000000000000000, -1.000000000000000000 ) ) ;
#906 = ORIENTED_EDGE ( 'NONE', *, *, #1491, .T. ) ;
#907 = ORIENTED_EDGE ( 'NONE', *, *, #51, .F. ) ;
#908 = DIRECTION ( 'NONE',  ( -0.000000000000000000, -0.000000000000000000, -1.000000000000000000 ) ) ;
#909 = DIRECTION ( 'NONE',  ( -1.000000000000000000, 0.000000000000000000, 0.000000000000000000 ) ) ;
#910 = ORIENTED_EDGE ( 'NONE', *, *, #1747, .T. ) ;
#911 =( LENGTH_UNIT ( ) NAMED_UNIT ( * ) SI_UNIT ( .MILLI., .METRE. ) );
#912 = AXIS2_PLACEMENT_3D ( 'NONE', #1576, #1608, #2362 ) ;
#913 = ORIENTED_EDGE ( 'NONE', *, *, #2175, .T. ) ;
#914 = DIRECTION ( 'NONE',  ( -0.000000000000000000, 0.000000000000000000, 1.000000000000000000 ) ) ;
#915 = CYLINDRICAL_SURFACE ( 'NONE', #879, 0.5000000000000004441 ) ;
#916 = ADVANCED_FACE ( 'NONE', ( #1349 ), #2062, .T. ) ;
#917 = CARTESIAN_POINT ( 'NONE',  ( 25.69999999999998863, -7.620000000000000107, 16.10000000000000142 ) ) ;
#918 = DIRECTION ( 'NONE',  ( 0.000000000000000000, -0.000000000000000000, -1.000000000000000000 ) ) ;
#919 = ORIENTED_EDGE ( 'NONE', *, *, #2245, .T. ) ;
#920 = ORIENTED_EDGE ( 'NONE', *, *, #2121, .F. ) ;
#921 = CIRCLE ( 'NONE', #307, 0.5000000000000004441 ) ;
#922 = CARTESIAN_POINT ( 'NONE',  ( -28.44999999999998863, -18.40000000000000213, 12.00000000000000000 ) ) ;
#923 = CARTESIAN_POINT ( 'NONE',  ( -26.40000000000000568, -3.810000000000000053, 12.69999999999999929 ) ) ;
#924 = EDGE_LOOP ( 'NONE', ( #867, #272, #449, #1653 ) ) ;
#925 = DIRECTION ( 'NONE',  ( 1.000000000000000000, 0.000000000000000000, 0.000000000000000000 ) ) ;
#926 = ORIENTED_EDGE ( 'NONE', *, *, #2307, .F. ) ;
#927 = CARTESIAN_POINT ( 'NONE',  ( -25.40000000000000924, -7.620000000000000107, 12.69999999999999929 ) ) ;
#928 = CYLINDRICAL_SURFACE ( 'NONE', #376, 1.000000000000000888 ) ;
#929 = CIRCLE ( 'NONE', #2018, 0.1999999999999987899 ) ;
#930 = DIRECTION ( 'NONE',  ( 0.000000000000000000, 0.000000000000000000, -1.000000000000000000 ) ) ;
#931 = CIRCLE ( 'NONE', #696, 1.249999999999987121 ) ;
#932 = DIRECTION ( 'NONE',  ( 1.000000000000000000, 0.000000000000000000, 0.000000000000000000 ) ) ;
#933 = EDGE_LOOP ( 'NONE', ( #953, #334 ) ) ;
#934 = ORIENTED_EDGE ( 'NONE', *, *, #1763, .F. ) ;
#935 = AXIS2_PLACEMENT_3D ( 'NONE', #185, #453, #1674 ) ;
#936 = VECTOR ( 'NONE', #1039, 1000.000000000000000 ) ;
#937 = ADVANCED_FACE ( 'NONE', ( #2282 ), #1803, .T. ) ;
#938 = CARTESIAN_POINT ( 'NONE',  ( -25.40000000000000924, -7.620000000000000107, 12.69999999999999929 ) ) ;
#939 = CIRCLE ( 'NONE', #700, 0.2999999999999981570 ) ;
#940 = ORIENTED_EDGE ( 'NONE', *, *, #2280, .F. ) ;
#941 = EDGE_CURVE ( 'NONE', #1756, #1704, #950, .T. ) ;
#942 = AXIS2_PLACEMENT_3D ( 'NONE', #1063, #918, #1309 ) ;
#943 = SURFACE_SIDE_STYLE ('',( #1139 ) ) ;
#944 = VERTEX_POINT ( 'NONE', #598 ) ;
#945 = CYLINDRICAL_SURFACE ( 'NONE', #150, 1.000000000000000888 ) ;
#946 = DIRECTION ( 'NONE',  ( -1.000000000000000000, 0.000000000000000000, 0.000000000000000000 ) ) ;
#947 = CARTESIAN_POINT ( 'NONE',  ( -24.40000000000000568, -3.810000000000000053, 12.69999999999999929 ) ) ;
#948 = ORIENTED_EDGE ( 'NONE', *, *, #738, .F. ) ;
#949 = ORIENTED_EDGE ( 'NONE', *, *, #815, .T. ) ;
#950 = LINE ( 'NONE', #1326, #1370 ) ;
#951 = DIRECTION ( 'NONE',  ( 1.000000000000000000, 0.000000000000000000, 0.000000000000000000 ) ) ;
#952 = EDGE_CURVE ( 'NONE', #574, #1050, #56, .T. ) ;
#953 = ORIENTED_EDGE ( 'NONE', *, *, #2307, .T. ) ;
#954 = EDGE_CURVE ( 'NONE', #596, #2284, #155, .T. ) ;
#955 = DIRECTION ( 'NONE',  ( 0.000000000000000000, 0.000000000000000000, 1.000000000000000000 ) ) ;
#956 = ORIENTED_EDGE ( 'NONE', *, *, #1233, .F. ) ;
#957 = DIRECTION ( 'NONE',  ( -1.000000000000000000, 0.000000000000000000, -0.000000000000000000 ) ) ;
#958 = CARTESIAN_POINT ( 'NONE',  ( 25.39999999999999503, -3.439973992959973982E-16, 16.10000000000000142 ) ) ;
#959 = ORIENTED_EDGE ( 'NONE', *, *, #2367, .T. ) ;
#960 = ORIENTED_EDGE ( 'NONE', *, *, #302, .T. ) ;
#961 = CARTESIAN_POINT ( 'NONE',  ( 22.37000000000000810, 13.08000000000000362, 7.500000000000007105 ) ) ;
#962 = AXIS2_PLACEMENT_3D ( 'NONE', #2226, #955, #1670 ) ;
#963 = CARTESIAN_POINT ( 'NONE',  ( -25.90000000000000568, 3.810000000000000053, 12.69999999999999929 ) ) ;
#964 = ORIENTED_EDGE ( 'NONE', *, *, #941, .F. ) ;
#965 = DIRECTION ( 'NONE',  ( 1.000000000000000000, 0.000000000000000000, 0.000000000000000000 ) ) ;
#966 = ADVANCED_FACE ( 'NONE', ( #1988 ), #667, .T. ) ;
#967 = VERTEX_POINT ( 'NONE', #1062 ) ;
#968 = AXIS2_PLACEMENT_3D ( 'NONE', #1171, #612, #2308 ) ;
#969 = DIRECTION ( 'NONE',  ( 1.885568995626964287E-16, -1.000000000000000000, 0.000000000000000000 ) ) ;
#970 = SURFACE_STYLE_USAGE ( .BOTH. , #430 ) ;
#971 = AXIS2_PLACEMENT_3D ( 'NONE', #2300, #1522, #1345 ) ;
#972 = ORIENTED_EDGE ( 'NONE', *, *, #1521, .T. ) ;
#973 = ORIENTED_EDGE ( 'NONE', *, *, #1246, .F. ) ;
#974 = AXIS2_PLACEMENT_3D ( 'NONE', #1186, #1777, #1392 ) ;
#975 = DIRECTION ( 'NONE',  ( 1.000000000000000000, 0.000000000000000000, 0.000000000000000000 ) ) ;
#976 = ORIENTED_EDGE ( 'NONE', *, *, #528, .T. ) ;
#977 = VECTOR ( 'NONE', #2142, 1000.000000000000000 ) ;
#978 = CONICAL_SURFACE ( 'NONE', #1170, 1.249999999999987121, 1.029744258676652979 ) ;
#979 = CIRCLE ( 'NONE', #444, 1.000000000000000888 ) ;
#980 = AXIS2_PLACEMENT_3D ( 'NONE', #1218, #320, #129 ) ;
#981 = ORIENTED_EDGE ( 'NONE', *, *, #1894, .T. ) ;
#982 = CIRCLE ( 'NONE', #1439, 1.249999999999987121 ) ;
#983 = EDGE_CURVE ( 'NONE', #706, #268, #81, .T. ) ;
#984 = PLANE ( 'NONE',  #766 ) ;
#985 = EDGE_CURVE ( 'NONE', #2094, #1526, #2355, .T. ) ;
#986 = DIRECTION ( 'NONE',  ( 0.000000000000000000, 0.000000000000000000, -1.000000000000000000 ) ) ;
#987 = DIRECTION ( 'NONE',  ( 0.000000000000000000, -1.000000000000000000, 0.000000000000000000 ) ) ;
#988 = ORIENTED_EDGE ( 'NONE', *, *, #1203, .F. ) ;
#989 = EDGE_LOOP ( 'NONE', ( #1231, #599 ) ) ;
#990 = DIRECTION ( 'NONE',  ( -0.000000000000000000, -0.000000000000000000, -1.000000000000000000 ) ) ;
#991 = ORIENTED_EDGE ( 'NONE', *, *, #2368, .T. ) ;
#992 = DIRECTION ( 'NONE',  ( 1.000000000000000000, 0.000000000000000000, 0.000000000000000000 ) ) ;
#993 = ORIENTED_EDGE ( 'NONE', *, *, #1839, .T. ) ;
#994 = CARTESIAN_POINT ( 'NONE',  ( -26.40000000000000213, 7.620000000000000107, 12.00000000000000000 ) ) ;
#995 = ADVANCED_FACE ( 'NONE', ( #1037 ), #828, .T. ) ;
#996 = DIRECTION ( 'NONE',  ( 1.000000000000000000, 0.000000000000000000, 0.000000000000000000 ) ) ;
#997 = LINE ( 'NONE', #258, #1328 ) ;
#998 = COLOUR_RGB ( '',0.7921568627450980005, 0.8196078431372548767, 0.9333333333333333481 ) ;
#999 = EDGE_CURVE ( 'NONE', #1211, #1199, #118, .T. ) ;
#1000 = ORIENTED_EDGE ( 'NONE', *, *, #1424, .T. ) ;
#1001 = PRESENTATION_LAYER_ASSIGNMENT (  '', '', ( #1458 ) ) ;
#1002 = DIRECTION ( 'NONE',  ( 0.000000000000000000, 0.000000000000000000, -1.000000000000000000 ) ) ;
#1003 = CIRCLE ( 'NONE', #1307, 0.5000000000000004441 ) ;
#1004 = ORIENTED_EDGE ( 'NONE', *, *, #1809, .T. ) ;
#1005 = DIRECTION ( 'NONE',  ( 1.000000000000000000, 0.000000000000000000, 0.000000000000000000 ) ) ;
#1006 = CARTESIAN_POINT ( 'NONE',  ( 25.69999999999999218, -3.439973992959973982E-16, 16.10000000000000142 ) ) ;
#1007 = ORIENTED_EDGE ( 'NONE', *, *, #2349, .T. ) ;
#1008 = DIRECTION ( 'NONE',  ( 0.000000000000000000, 0.000000000000000000, -1.000000000000000000 ) ) ;
#1009 = AXIS2_PLACEMENT_3D ( 'NONE', #1938, #1515, #1354 ) ;
#1010 = FILL_AREA_STYLE_COLOUR ( '', #161 ) ;
#1011 = EDGE_LOOP ( 'NONE', ( #716, #1103 ) ) ;
#1012 = ORIENTED_EDGE ( 'NONE', *, *, #2258, .F. ) ;
#1013 = FACE_OUTER_BOUND ( 'NONE', #2292, .T. ) ;
#1014 = DIRECTION ( 'NONE',  ( 1.000000000000000000, 0.000000000000000000, 0.000000000000000000 ) ) ;
#1015 = ORIENTED_EDGE ( 'NONE', *, *, #2257, .T. ) ;
#1016 = CIRCLE ( 'NONE', #2388, 0.5000000000000004441 ) ;
#1017 = DIRECTION ( 'NONE',  ( 1.000000000000000000, 0.000000000000000000, 0.000000000000000000 ) ) ;
#1018 = DIRECTION ( 'NONE',  ( -0.000000000000000000, -0.000000000000000000, -1.000000000000000000 ) ) ;
#1019 = AXIS2_PLACEMENT_3D ( 'NONE', #2192, #2421, #730 ) ;
#1020 = ORIENTED_EDGE ( 'NONE', *, *, #671, .F. ) ;
#1021 = AXIS2_PLACEMENT_3D ( 'NONE', #1194, #804, #450 ) ;
#1022 = VECTOR ( 'NONE', #67, 1000.000000000000000 ) ;
#1023 = TOROIDAL_SURFACE ( 'NONE', #2395, 0.2999999999999991562, 0.2000000000000000111 ) ;
#1024 = CARTESIAN_POINT ( 'NONE',  ( -28.45000000000000639, 18.39999999999999503, 0.000000000000000000 ) ) ;
#1025 =( NAMED_UNIT ( * ) SI_UNIT ( $, .STERADIAN. ) SOLID_ANGLE_UNIT ( ) );
#1026 = PLANE ( 'NONE',  #1778 ) ;
#1027 = DIRECTION ( 'NONE',  ( 1.000000000000000000, 1.198427271831991233E-16, -0.000000000000000000 ) ) ;
#1028 = FACE_OUTER_BOUND ( 'NONE', #47, .T. ) ;
#1029 = EDGE_LOOP ( 'NONE', ( #907, #464 ) ) ;
#1030 = CARTESIAN_POINT ( 'NONE',  ( -25.10000000000000497, 7.620000000000000107, 16.29999999999999716 ) ) ;
#1031 = CARTESIAN_POINT ( 'NONE',  ( 23.61999999999999389, 13.08000000000000362, 0.000000000000000000 ) ) ;
#1032 = ADVANCED_FACE ( 'NONE', ( #1013 ), #306, .T. ) ;
#1033 = ORIENTED_EDGE ( 'NONE', *, *, #1246, .T. ) ;
#1034 = DIRECTION ( 'NONE',  ( -1.000000000000000000, 0.000000000000000000, 0.000000000000000000 ) ) ;
#1035 = DIRECTION ( 'NONE',  ( -0.000000000000000000, -0.000000000000000000, -1.000000000000000000 ) ) ;
#1036 = AXIS2_PLACEMENT_3D ( 'NONE', #669, #1808, #296 ) ;
#1037 = FACE_OUTER_BOUND ( 'NONE', #1848, .T. ) ;
#1038 = DIRECTION ( 'NONE',  ( 0.000000000000000000, 0.000000000000000000, 1.000000000000000000 ) ) ;
#1039 = DIRECTION ( 'NONE',  ( 0.000000000000000000, 0.000000000000000000, -1.000000000000000000 ) ) ;
#1040 = CARTESIAN_POINT ( 'NONE',  ( 25.39999999999999147, -7.620000000000000107, 12.00000000000000000 ) ) ;
#1041 = ORIENTED_EDGE ( 'NONE', *, *, #1970, .F. ) ;
#1042 = EDGE_CURVE ( 'NONE', #2059, #1756, #1840, .T. ) ;
#1043 = DIRECTION ( 'NONE',  ( -1.000000000000000000, 0.000000000000000000, 0.000000000000000000 ) ) ;
#1044 = DIRECTION ( 'NONE',  ( -1.000000000000000000, 0.000000000000000000, 0.000000000000000000 ) ) ;
#1045 =( LENGTH_UNIT ( ) NAMED_UNIT ( * ) SI_UNIT ( .MILLI., .METRE. ) );
#1046 = DIRECTION ( 'NONE',  ( 0.000000000000000000, 0.000000000000000000, -1.000000000000000000 ) ) ;
#1047 = DIRECTION ( 'NONE',  ( 0.000000000000000000, 0.000000000000000000, 1.000000000000000000 ) ) ;
#1048 = DIRECTION ( 'NONE',  ( -1.000000000000000000, 0.000000000000000000, 0.000000000000000000 ) ) ;
#1049 = FACE_OUTER_BOUND ( 'NONE', #1774, .T. ) ;
#1050 = VERTEX_POINT ( 'NONE', #1396 ) ;
#1051 = ORIENTED_EDGE ( 'NONE', *, *, #1256, .F. ) ;
#1052 = VECTOR ( 'NONE', #1967, 1000.000000000000000 ) ;
#1053 = CIRCLE ( 'NONE', #1125, 1.000000000000000888 ) ;
#1054 = CIRCLE ( 'NONE', #663, 1.249999999999987121 ) ;
#1055 = TOROIDAL_SURFACE ( 'NONE', #1367, 0.2999999999999991562, 0.2000000000000000111 ) ;
#1056 = CARTESIAN_POINT ( 'NONE',  ( 28.44999999999999574, -18.39999999999999503, 12.00000000000000000 ) ) ;
#1057 = AXIS2_PLACEMENT_3D ( 'NONE', #482, #489, #1420 ) ;
#1058 = ADVANCED_FACE ( 'NONE', ( #872, #1618 ), #1411, .F. ) ;
#1059 = CARTESIAN_POINT ( 'NONE',  ( 28.44999999999999929, 18.40000000000000213, 12.00000000000000000 ) ) ;
#1060 = EDGE_CURVE ( 'NONE', #736, #1549, #1593, .T. ) ;
#1061 = AXIS2_PLACEMENT_3D ( 'NONE', #1287, #2045, #1820 ) ;
#1062 = CARTESIAN_POINT ( 'NONE',  ( -25.90000000000000568, 0.000000000000000000, 12.69999999999999929 ) ) ;
#1063 = CARTESIAN_POINT ( 'NONE',  ( -25.40000000000000568, 0.000000000000000000, 12.00000000000000000 ) ) ;
#1064 = AXIS2_PLACEMENT_3D ( 'NONE', #2193, #518, #1280 ) ;
#1065 = ORIENTED_EDGE ( 'NONE', *, *, #1233, .T. ) ;
#1066 = DIRECTION ( 'NONE',  ( 0.000000000000000000, -0.000000000000000000, -1.000000000000000000 ) ) ;
#1067 = SURFACE_SIDE_STYLE ('',( #2392 ) ) ;
#1068 = ORIENTED_EDGE ( 'NONE', *, *, #1985, .F. ) ;
#1069 = CARTESIAN_POINT ( 'NONE',  ( -22.37000000000002942, -13.07999999999999474, 7.500000000000007105 ) ) ;
#1070 =( NAMED_UNIT ( * ) SI_UNIT ( $, .STERADIAN. ) SOLID_ANGLE_UNIT ( ) );
#1071 = EDGE_CURVE ( 'NONE', #1501, #2416, #2311, .T. ) ;
#1072 = CARTESIAN_POINT ( 'NONE',  ( -28.95000000000000284, -17.90000000000000213, 0.000000000000000000 ) ) ;
#1073 = CARTESIAN_POINT ( 'NONE',  ( -26.40000000000000568, -3.810000000000000053, 12.00000000000000000 ) ) ;
#1074 = PLANE ( 'NONE',  #892 ) ;
#1075 = VECTOR ( 'NONE', #551, 1000.000000000000000 ) ;
#1076 = DIRECTION ( 'NONE',  ( 0.000000000000000000, 0.000000000000000000, 1.000000000000000000 ) ) ;
#1077 = CARTESIAN_POINT ( 'NONE',  ( 25.39999999999999503, 7.620000000000000107, 16.10000000000000142 ) ) ;
#1078 = DIRECTION ( 'NONE',  ( -1.000000000000000000, 0.000000000000000000, 0.000000000000000000 ) ) ;
#1079 = ADVANCED_FACE ( 'NONE', ( #2353 ), #2167, .T. ) ;
#1080 = VECTOR ( 'NONE', #1751, 1000.000000000000000 ) ;
#1081 = ADVANCED_FACE ( 'NONE', ( #499, #2378 ), #672, .F. ) ;
#1082 = DIRECTION ( 'NONE',  ( 9.427844978134821433E-17, 1.000000000000000000, -0.000000000000000000 ) ) ;
#1083 = CIRCLE ( 'NONE', #1519, 0.5000000000000004441 ) ;
#1084 = CARTESIAN_POINT ( 'NONE',  ( 23.61999999999999389, 13.08000000000000362, 7.500000000000007105 ) ) ;
#1085 = AXIS2_PLACEMENT_3D ( 'NONE', #1031, #2171, #1773 ) ;
#1086 = PLANE ( 'NONE',  #134 ) ;
#1087 = AXIS2_PLACEMENT_3D ( 'NONE', #2048, #381, #1868 ) ;
#1088 = CIRCLE ( 'NONE', #36, 0.5000000000000004441 ) ;
#1089 = AXIS2_PLACEMENT_3D ( 'NONE', #1866, #147, #2236 ) ;
#1090 = LINE ( 'NONE', #1663, #1359 ) ;
#1091 = DIRECTION ( 'NONE',  ( 0.8571673007021115565, 1.049727191138617710E-16, -0.5150380749100554878 ) ) ;
#1092 = EDGE_LOOP ( 'NONE', ( #2, #1189, #926, #1365 ) ) ;
#1093 = VERTEX_POINT ( 'NONE', #115 ) ;
#1094 = VECTOR ( 'NONE', #1889, 1000.000000000000000 ) ;
#1095 = DIRECTION ( 'NONE',  ( 0.000000000000000000, 0.000000000000000000, -1.000000000000000000 ) ) ;
#1096 = VERTEX_POINT ( 'NONE', #863 ) ;
#1097 = ADVANCED_FACE ( 'NONE', ( #1611 ), #1854, .F. ) ;
#1098 = CARTESIAN_POINT ( 'NONE',  ( -24.40000000000000568, 1.224646799147355672E-16, 12.69999999999999929 ) ) ;
#1099 = ADVANCED_FACE ( 'NONE', ( #2179 ), #177, .T. ) ;
#1100 = DIRECTION ( 'NONE',  ( 1.000000000000000000, 0.000000000000000000, 0.000000000000000000 ) ) ;
#1101 = FACE_OUTER_BOUND ( 'NONE', #474, .T. ) ;
#1102 = CARTESIAN_POINT ( 'NONE',  ( 25.39999999999999147, -7.620000000000000107, 12.69999999999999929 ) ) ;
#1103 = ORIENTED_EDGE ( 'NONE', *, *, #1353, .F. ) ;
#1104 = ORIENTED_EDGE ( 'NONE', *, *, #1930, .F. ) ;
#1105 = CARTESIAN_POINT ( 'NONE',  ( -25.70000000000000639, -7.620000000000000107, 16.10000000000000142 ) ) ;
#1106 = DIRECTION ( 'NONE',  ( 0.000000000000000000, 0.000000000000000000, -1.000000000000000000 ) ) ;
#1107 = VERTEX_POINT ( 'NONE', #1113 ) ;
#1108 = CARTESIAN_POINT ( 'NONE',  ( 24.89999999999999147, -7.620000000000000107, 16.10000000000000142 ) ) ;
#1109 = EDGE_LOOP ( 'NONE', ( #55, #2415, #1964 ) ) ;
#1110 = EDGE_CURVE ( 'NONE', #1156, #1919, #1529, .T. ) ;
#1111 = EDGE_CURVE ( 'NONE', #384, #2017, #2423, .T. ) ;
#1112 = CARTESIAN_POINT ( 'NONE',  ( -24.40000000000000924, -7.620000000000000107, 12.69999999999999929 ) ) ;
#1113 = CARTESIAN_POINT ( 'NONE',  ( -25.70000000000000639, -7.620000000000000107, 16.29999999999999716 ) ) ;
#1114 = LINE ( 'NONE', #530, #1440 ) ;
#1115 = VERTEX_POINT ( 'NONE', #1286 ) ;
#1116 = ORIENTED_EDGE ( 'NONE', *, *, #2175, .F. ) ;
#1117 = DIRECTION ( 'NONE',  ( 0.000000000000000000, 0.000000000000000000, 1.000000000000000000 ) ) ;
#1118 = DIRECTION ( 'NONE',  ( -1.000000000000000000, 0.000000000000000000, 0.000000000000000000 ) ) ;
#1119 = EDGE_LOOP ( 'NONE', ( #1184, #746, #1918, #2161 ) ) ;
#1120 = FACE_OUTER_BOUND ( 'NONE', #601, .T. ) ;
#1121 = CIRCLE ( 'NONE', #1429, 0.5000000000000004441 ) ;
#1122 = ORIENTED_EDGE ( 'NONE', *, *, #1318, .F. ) ;
#1123 = CARTESIAN_POINT ( 'NONE',  ( -25.40000000000000213, 7.620000000000000107, 12.00000000000000000 ) ) ;
#1124 = DIRECTION ( 'NONE',  ( -0.000000000000000000, -0.000000000000000000, -1.000000000000000000 ) ) ;
#1125 = AXIS2_PLACEMENT_3D ( 'NONE', #270, #1754, #1034 ) ;
#1126 = EDGE_CURVE ( 'NONE', #2224, #1240, #1090, .T. ) ;
#1127 = DIRECTION ( 'NONE',  ( -1.000000000000000000, 0.000000000000000000, 0.000000000000000000 ) ) ;
#1128 = CIRCLE ( 'NONE', #1478, 1.000000000000000888 ) ;
#1129 = LINE ( 'NONE', #229, #325 ) ;
#1130 = EDGE_CURVE ( 'NONE', #573, #1254, #314, .T. ) ;
#1131 = ORIENTED_EDGE ( 'NONE', *, *, #260, .F. ) ;
#1132 = ORIENTED_EDGE ( 'NONE', *, *, #1731, .T. ) ;
#1133 = AXIS2_PLACEMENT_3D ( 'NONE', #1893, #421, #1711 ) ;
#1134 = DIRECTION ( 'NONE',  ( 0.000000000000000000, 0.000000000000000000, -1.000000000000000000 ) ) ;
#1135 = DIRECTION ( 'NONE',  ( 0.000000000000000000, 0.000000000000000000, 1.000000000000000000 ) ) ;
#1136 = CIRCLE ( 'NONE', #80, 1.000000000000000888 ) ;
#1137 = ORIENTED_EDGE ( 'NONE', *, *, #1042, .T. ) ;
#1138 = AXIS2_PLACEMENT_3D ( 'NONE', #1077, #702, #188 ) ;
#1139 = SURFACE_STYLE_FILL_AREA ( #1502 ) ;
#1140 = EDGE_LOOP ( 'NONE', ( #7, #2207, #1007, #1504 ) ) ;
#1141 = CARTESIAN_POINT ( 'NONE',  ( -25.40000000000000924, -7.620000000000000107, 16.10000000000000142 ) ) ;
#1142 = CARTESIAN_POINT ( 'NONE',  ( -25.40000000000000568, -3.810000000000000053, 16.10000000000000142 ) ) ;
#1143 = VERTEX_POINT ( 'NONE', #1680 ) ;
#1144 = VERTEX_POINT ( 'NONE', #1072 ) ;
#1145 = ADVANCED_FACE ( 'NONE', ( #1819 ), #137, .T. ) ;
#1146 = DIRECTION ( 'NONE',  ( 0.000000000000000000, 0.000000000000000000, -1.000000000000000000 ) ) ;
#1147 = DIRECTION ( 'NONE',  ( 0.000000000000000000, 0.000000000000000000, -1.000000000000000000 ) ) ;
#1148 = ORIENTED_EDGE ( 'NONE', *, *, #483, .T. ) ;
#1149 = DIRECTION ( 'NONE',  ( -1.000000000000000000, 0.000000000000000000, 0.000000000000000000 ) ) ;
#1150 = DIRECTION ( 'NONE',  ( 1.000000000000000000, 0.000000000000000000, 0.000000000000000000 ) ) ;
#1151 = FILL_AREA_STYLE ('',( #417 ) ) ;
#1152 = FACE_OUTER_BOUND ( 'NONE', #1666, .T. ) ;
#1153 = EDGE_LOOP ( 'NONE', ( #544, #1683, #62, #199 ) ) ;
#1154 = CIRCLE ( 'NONE', #1782, 0.5000000000000004441 ) ;
#1155 = PLANE ( 'NONE',  #154 ) ;
#1156 = VERTEX_POINT ( 'NONE', #1628 ) ;
#1157 = VECTOR ( 'NONE', #745, 1000.000000000000000 ) ;
#1158 = FACE_OUTER_BOUND ( 'NONE', #1423, .T. ) ;
#1159 = EDGE_CURVE ( 'NONE', #259, #878, #1406, .T. ) ;
#1160 = VERTEX_POINT ( 'NONE', #1650 ) ;
#1161 = DIRECTION ( 'NONE',  ( 1.000000000000000000, 0.000000000000000000, 0.000000000000000000 ) ) ;
#1162 = CARTESIAN_POINT ( 'NONE',  ( 24.86999999999997613, -13.07999999999999652, 7.500000000000007105 ) ) ;
#1163 = PRESENTATION_STYLE_ASSIGNMENT (( #970 ) ) ;
#1164 = AXIS2_PLACEMENT_3D ( 'NONE', #275, #1758, #850 ) ;
#1165 = ORIENTED_EDGE ( 'NONE', *, *, #999, .T. ) ;
#1166 = ORIENTED_EDGE ( 'NONE', *, *, #595, .T. ) ;
#1167 = DIRECTION ( 'NONE',  ( -1.000000000000000000, 0.000000000000000000, 0.000000000000000000 ) ) ;
#1168 = ORIENTED_EDGE ( 'NONE', *, *, #2083, .F. ) ;
#1169 = AXIS2_PLACEMENT_3D ( 'NONE', #1438, #1817, #1266 ) ;
#1170 = AXIS2_PLACEMENT_3D ( 'NONE', #345, #2252, #1857 ) ;
#1171 = CARTESIAN_POINT ( 'NONE',  ( 23.61999999999999389, 13.08000000000000362, 0.000000000000000000 ) ) ;
#1172 = AXIS2_PLACEMENT_3D ( 'NONE', #2209, #1697, #2418 ) ;
#1173 = PRESENTATION_LAYER_ASSIGNMENT (  '', '', ( #110 ) ) ;
#1174 = CARTESIAN_POINT ( 'NONE',  ( -25.40000000000000568, -3.810000000000000053, 12.69999999999999929 ) ) ;
#1175 = ORIENTED_EDGE ( 'NONE', *, *, #1273, .T. ) ;
#1176 = EDGE_CURVE ( 'NONE', #2128, #564, #929, .T. ) ;
#1177 = EDGE_CURVE ( 'NONE', #808, #1526, #164, .T. ) ;
#1178 = CARTESIAN_POINT ( 'NONE',  ( -28.95000000000000995, 18.39999999999999503, 0.000000000000000000 ) ) ;
#1179 = DIRECTION ( 'NONE',  ( -1.000000000000000000, 0.000000000000000000, 0.000000000000000000 ) ) ;
#1180 = VERTEX_POINT ( 'NONE', #773 ) ;
#1181 = ORIENTED_EDGE ( 'NONE', *, *, #1536, .T. ) ;
#1182 = ORIENTED_EDGE ( 'NONE', *, *, #1863, .F. ) ;
#1183 = FACE_OUTER_BOUND ( 'NONE', #1561, .T. ) ;
#1184 = ORIENTED_EDGE ( 'NONE', *, *, #651, .F. ) ;
#1185 = EDGE_CURVE ( 'NONE', #553, #944, #661, .T. ) ;
#1186 = CARTESIAN_POINT ( 'NONE',  ( 25.09999999999999787, -3.072579953215768833E-16, 16.10000000000000142 ) ) ;
#1187 = EDGE_CURVE ( 'NONE', #1295, #553, #2346, .T. ) ;
#1188 =( NAMED_UNIT ( * ) SI_UNIT ( $, .STERADIAN. ) SOLID_ANGLE_UNIT ( ) );
#1189 = ORIENTED_EDGE ( 'NONE', *, *, #1111, .T. ) ;
#1190 = EDGE_CURVE ( 'NONE', #899, #1470, #761, .T. ) ;
#1191 = ORIENTED_EDGE ( 'NONE', *, *, #1786, .F. ) ;
#1192 = AXIS2_PLACEMENT_3D ( 'NONE', #2401, #1124, #731 ) ;
#1193 = DIRECTION ( 'NONE',  ( 0.000000000000000000, 0.000000000000000000, 1.000000000000000000 ) ) ;
#1194 = CARTESIAN_POINT ( 'NONE',  ( -25.40000000000000568, 3.810000000000000053, 16.10000000000000142 ) ) ;
#1195 = ORIENTED_EDGE ( 'NONE', *, *, #483, .F. ) ;
#1196 = AXIS2_PLACEMENT_3D ( 'NONE', #1929, #415, #215 ) ;
#1197 =( NAMED_UNIT ( * ) PLANE_ANGLE_UNIT ( ) SI_UNIT ( $, .RADIAN. ) );
#1198 = DIRECTION ( 'NONE',  ( -1.000000000000000000, 0.000000000000000000, 0.000000000000000000 ) ) ;
#1199 = VERTEX_POINT ( 'NONE', #205 ) ;
#1200 = DIRECTION ( 'NONE',  ( 1.000000000000000000, 0.000000000000000000, 0.000000000000000000 ) ) ;
#1201 = AXIS2_PLACEMENT_3D ( 'NONE', #2297, #1728, #309 ) ;
#1202 = ORIENTED_EDGE ( 'NONE', *, *, #333, .F. ) ;
#1203 = EDGE_CURVE ( 'NONE', #1336, #505, #582, .T. ) ;
#1204 = FACE_OUTER_BOUND ( 'NONE', #166, .T. ) ;
#1205 = ORIENTED_EDGE ( 'NONE', *, *, #1592, .F. ) ;
#1206 = AXIS2_PLACEMENT_3D ( 'NONE', #228, #1496, #42 ) ;
#1207 = CARTESIAN_POINT ( 'NONE',  ( -24.90000000000000568, 3.810000000000000053, 16.29999999999999716 ) ) ;
#1208 = PRESENTATION_STYLE_ASSIGNMENT (( #299 ) ) ;
#1209 = AXIS2_PLACEMENT_3D ( 'NONE', #1862, #436, #385 ) ;
#1210 = AXIS2_PLACEMENT_3D ( 'NONE', #1400, #490, #1048 ) ;
#1211 = VERTEX_POINT ( 'NONE', #428 ) ;
#1212 = AXIS2_PLACEMENT_3D ( 'NONE', #715, #2431, #753 ) ;
#1213 = CIRCLE ( 'NONE', #35, 0.5000000000000004441 ) ;
#1214 =( GEOMETRIC_REPRESENTATION_CONTEXT ( 3 ) GLOBAL_UNCERTAINTY_ASSIGNED_CONTEXT ( ( #539 ) ) GLOBAL_UNIT_ASSIGNED_CONTEXT ( ( #1932, #1508, #1346 ) ) REPRESENTATION_CONTEXT ( 'NONE', 'WORKASPACE' ) );
#1215 = CARTESIAN_POINT ( 'NONE',  ( -22.37000000000002942, -13.07999999999999474, 0.000000000000000000 ) ) ;
#1216 = SURFACE_STYLE_USAGE ( .BOTH. , #2337 ) ;
#1217 = DIRECTION ( 'NONE',  ( 0.000000000000000000, 0.000000000000000000, -1.000000000000000000 ) ) ;
#1218 = CARTESIAN_POINT ( 'NONE',  ( 25.39999999999999503, 7.620000000000000107, 16.10000000000000142 ) ) ;
#1219 = FACE_OUTER_BOUND ( 'NONE', #180, .T. ) ;
#1220 = EDGE_CURVE ( 'NONE', #706, #2128, #777, .T. ) ;
#1221 = CARTESIAN_POINT ( 'NONE',  ( 24.86999999999997613, -13.07999999999999652, 0.000000000000000000 ) ) ;
#1222 = DIRECTION ( 'NONE',  ( 1.000000000000000000, 0.000000000000000000, 0.000000000000000000 ) ) ;
#1223 = ORIENTED_EDGE ( 'NONE', *, *, #2070, .F. ) ;
#1224 = DIRECTION ( 'NONE',  ( -1.000000000000000000, 0.000000000000000000, 0.000000000000000000 ) ) ;
#1225 = FACE_OUTER_BOUND ( 'NONE', #2075, .T. ) ;
#1226 = DIRECTION ( 'NONE',  ( -1.000000000000000000, 0.000000000000000000, 0.000000000000000000 ) ) ;
#1227 = DIRECTION ( 'NONE',  ( 1.000000000000000000, 0.000000000000000000, 0.000000000000000000 ) ) ;
#1228 =( GEOMETRIC_REPRESENTATION_CONTEXT ( 3 ) GLOBAL_UNCERTAINTY_ASSIGNED_CONTEXT ( ( #2413 ) ) GLOBAL_UNIT_ASSIGNED_CONTEXT ( ( #720, #1257, #1479 ) ) REPRESENTATION_CONTEXT ( 'NONE', 'WORKASPACE' ) );
#1229 = CARTESIAN_POINT ( 'NONE',  ( -25.40000000000000568, 0.000000000000000000, 16.29999999999999716 ) ) ;
#1230 = FACE_OUTER_BOUND ( 'NONE', #1140, .T. ) ;
#1231 = ORIENTED_EDGE ( 'NONE', *, *, #2398, .T. ) ;
#1232 = ORIENTED_EDGE ( 'NONE', *, *, #2276, .T. ) ;
#1233 = EDGE_CURVE ( 'NONE', #585, #895, #615, .T. ) ;
#1234 = CARTESIAN_POINT ( 'NONE',  ( 24.89999999999999503, -3.439973992959973982E-16, 16.10000000000000142 ) ) ;
#1235 = FACE_OUTER_BOUND ( 'NONE', #97, .T. ) ;
#1236 = DIRECTION ( 'NONE',  ( 1.000000000000000000, 1.198427271831990987E-16, 0.000000000000000000 ) ) ;
#1237 = CARTESIAN_POINT ( 'NONE',  ( -25.40000000000000213, 7.620000000000000107, 16.10000000000000142 ) ) ;
#1238 = DIRECTION ( 'NONE',  ( -0.000000000000000000, -0.000000000000000000, -1.000000000000000000 ) ) ;
#1239 = CARTESIAN_POINT ( 'NONE',  ( 23.61999999999999389, 13.08000000000000362, 7.500000000000007105 ) ) ;
#1240 = VERTEX_POINT ( 'NONE', #245 ) ;
#1241 = ORIENTED_EDGE ( 'NONE', *, *, #1821, .F. ) ;
#1242 = AXIS2_PLACEMENT_3D ( 'NONE', #2125, #459, #1226 ) ;
#1243 = CIRCLE ( 'NONE', #195, 0.5000000000000004441 ) ;
#1244 = AXIS2_PLACEMENT_3D ( 'NONE', #659, #1401, #1222 ) ;
#1245 = AXIS2_PLACEMENT_3D ( 'NONE', #571, #2391, #1078 ) ;
#1246 = EDGE_CURVE ( 'NONE', #379, #1156, #2225, .T. ) ;
#1247 = DIRECTION ( 'NONE',  ( 0.000000000000000000, -0.000000000000000000, -1.000000000000000000 ) ) ;
#1248 = AXIS2_PLACEMENT_3D ( 'NONE', #2319, #1350, #2074 ) ;
#1249 = DIRECTION ( 'NONE',  ( -0.000000000000000000, -0.000000000000000000, -1.000000000000000000 ) ) ;
#1250 = PRESENTATION_LAYER_ASSIGNMENT (  '', '', ( #787 ) ) ;
#1251 = DIRECTION ( 'NONE',  ( 0.000000000000000000, 0.000000000000000000, 1.000000000000000000 ) ) ;
#1252 = DIRECTION ( 'NONE',  ( 1.000000000000000000, 0.000000000000000000, 0.000000000000000000 ) ) ;
#1253 = DIRECTION ( 'NONE',  ( 1.224646799147353207E-16, 1.000000000000000000, -0.000000000000000000 ) ) ;
#1254 = VERTEX_POINT ( 'NONE', #1914 ) ;
#1255 = CARTESIAN_POINT ( 'NONE',  ( -24.40000000000000568, -3.810000000000000053, 12.00000000000000000 ) ) ;
#1256 = EDGE_CURVE ( 'NONE', #2097, #352, #2269, .T. ) ;
#1257 =( NAMED_UNIT ( * ) PLANE_ANGLE_UNIT ( ) SI_UNIT ( $, .RADIAN. ) );
#1258 = EDGE_CURVE ( 'NONE', #1050, #43, #816, .T. ) ;
#1259 = DIRECTION ( 'NONE',  ( -0.000000000000000000, -0.000000000000000000, -1.000000000000000000 ) ) ;
#1260 = ADVANCED_FACE ( 'NONE', ( #790 ), #1320, .T. ) ;
#1261 = DIRECTION ( 'NONE',  ( -0.000000000000000000, -0.000000000000000000, -1.000000000000000000 ) ) ;
#1262 = EDGE_CURVE ( 'NONE', #1907, #808, #1476, .T. ) ;
#1263 = DIRECTION ( 'NONE',  ( -1.000000000000000000, 0.000000000000000000, -0.000000000000000000 ) ) ;
#1264 = ORIENTED_EDGE ( 'NONE', *, *, #2220, .T. ) ;
#1265 = DIRECTION ( 'NONE',  ( -0.000000000000000000, -0.000000000000000000, -1.000000000000000000 ) ) ;
#1266 = DIRECTION ( 'NONE',  ( -1.000000000000000000, 0.000000000000000000, 0.000000000000000000 ) ) ;
#1267 = FACE_OUTER_BOUND ( 'NONE', #1729, .T. ) ;
#1268 = SURFACE_STYLE_USAGE ( .BOTH. , #733 ) ;
#1269 = CARTESIAN_POINT ( 'NONE',  ( 28.94999999999999929, 18.40000000000000213, 12.00000000000000000 ) ) ;
#1270 = ORIENTED_EDGE ( 'NONE', *, *, #1972, .T. ) ;
#1271 = ADVANCED_FACE ( 'NONE', ( #1507 ), #1878, .T. ) ;
#1272 = AXIS2_PLACEMENT_3D ( 'NONE', #1713, #1147, #1926 ) ;
#1273 = EDGE_CURVE ( 'NONE', #2224, #944, #889, .T. ) ;
#1274 = FACE_BOUND ( 'NONE', #933, .T. ) ;
#1275 = EDGE_LOOP ( 'NONE', ( #791, #811, #1289, #390 ) ) ;
#1276 = SURFACE_STYLE_USAGE ( .BOTH. , #943 ) ;
#1277 = AXIS2_PLACEMENT_3D ( 'NONE', #1693, #2288, #2091 ) ;
#1278 = VECTOR ( 'NONE', #1974, 1000.000000000000000 ) ;
#1279 = FACE_OUTER_BOUND ( 'NONE', #1709, .T. ) ;
#1280 = DIRECTION ( 'NONE',  ( 1.000000000000000000, 0.000000000000000000, 0.000000000000000000 ) ) ;
#1281 = STYLED_ITEM ( 'NONE', ( #1208 ), #1776 ) ;
#1282 = CARTESIAN_POINT ( 'NONE',  ( -25.90000000000000568, 3.810000000000000053, 16.10000000000000142 ) ) ;
#1283 = AXIS2_PLACEMENT_3D ( 'NONE', #1229, #85, #1414 ) ;
#1284 = CIRCLE ( 'NONE', #242, 1.249999999999987121 ) ;
#1285 = AXIS2_PLACEMENT_3D ( 'NONE', #1578, #1946, #1386 ) ;
#1286 = CARTESIAN_POINT ( 'NONE',  ( 24.86999999999998323, 13.08000000000000362, 7.500000000000007105 ) ) ;
#1287 = CARTESIAN_POINT ( 'NONE',  ( 25.39999999999999503, -3.439973992959973982E-16, 12.69999999999999929 ) ) ;
#1288 = ORIENTED_EDGE ( 'NONE', *, *, #1412, .T. ) ;
#1289 = ORIENTED_EDGE ( 'NONE', *, *, #1422, .T. ) ;
#1290 = DIRECTION ( 'NONE',  ( -1.000000000000000000, 0.000000000000000000, 0.000000000000000000 ) ) ;
#1291 = EDGE_CURVE ( 'NONE', #2359, #1886, #1989, .T. ) ;
#1292 = ORIENTED_EDGE ( 'NONE', *, *, #1466, .T. ) ;
#1293 = FACE_OUTER_BOUND ( 'NONE', #2250, .T. ) ;
#1294 = EDGE_CURVE ( 'NONE', #248, #2286, #31, .T. ) ;
#1295 = VERTEX_POINT ( 'NONE', #579 ) ;
#1296 = CARTESIAN_POINT ( 'NONE',  ( 24.89999999999999503, 7.620000000000000107, 12.69999999999999929 ) ) ;
#1297 = UNCERTAINTY_MEASURE_WITH_UNIT (LENGTH_MEASURE( 1.000000000000000082E-05 ), #478, 'distance_accuracy_value', 'NONE');
#1298 = ORIENTED_EDGE ( 'NONE', *, *, #2147, .T. ) ;
#1299 = EDGE_LOOP ( 'NONE', ( #1270, #1708, #2256, #964 ) ) ;
#1300 = FACE_BOUND ( 'NONE', #10, .T. ) ;
#1301 = CARTESIAN_POINT ( 'NONE',  ( -25.40000000000000568, 3.810000000000000053, 16.29999999999999716 ) ) ;
#1302 = VERTEX_POINT ( 'NONE', #1706 ) ;
#1303 = CARTESIAN_POINT ( 'NONE',  ( 0.000000000000000000, 0.000000000000000000, 0.000000000000000000 ) ) ;
#1304 = EDGE_LOOP ( 'NONE', ( #2052, #1000, #2081, #1446 ) ) ;
#1305 = EDGE_CURVE ( 'NONE', #1240, #373, #1083, .T. ) ;
#1306 = DIRECTION ( 'NONE',  ( 0.000000000000000000, -1.000000000000000000, 0.000000000000000000 ) ) ;
#1307 = AXIS2_PLACEMENT_3D ( 'NONE', #1544, #2104, #1161 ) ;
#1308 = CARTESIAN_POINT ( 'NONE',  ( 25.39999999999999503, -3.439973992959973982E-16, 12.69999999999999929 ) ) ;
#1309 = DIRECTION ( 'NONE',  ( -1.000000000000000000, 0.000000000000000000, 0.000000000000000000 ) ) ;
#1310 = EDGE_LOOP ( 'NONE', ( #2047, #54, #993, #2242 ) ) ;
#1311 = CARTESIAN_POINT ( 'NONE',  ( -25.90000000000000568, -3.810000000000000053, 16.10000000000000142 ) ) ;
#1312 = FACE_OUTER_BOUND ( 'NONE', #1119, .T. ) ;
#1313 = ORIENTED_EDGE ( 'NONE', *, *, #225, .F. ) ;
#1314 = DIRECTION ( 'NONE',  ( 0.000000000000000000, 0.000000000000000000, -1.000000000000000000 ) ) ;
#1315 = AXIS2_PLACEMENT_3D ( 'NONE', #1897, #461, #965 ) ;
#1316 = ORIENTED_EDGE ( 'NONE', *, *, #1970, .T. ) ;
#1317 = DIRECTION ( 'NONE',  ( 0.000000000000000000, 0.000000000000000000, -1.000000000000000000 ) ) ;
#1318 = EDGE_CURVE ( 'NONE', #1360, #802, #2022, .T. ) ;
#1319 = VECTOR ( 'NONE', #2027, 1000.000000000000000 ) ;
#1320 = CYLINDRICAL_SURFACE ( 'NONE', #1835, 1.000000000000000888 ) ;
#1321 = SURFACE_STYLE_USAGE ( .BOTH. , #206 ) ;
#1322 = ORIENTED_EDGE ( 'NONE', *, *, #2083, .T. ) ;
#1323 = ORIENTED_EDGE ( 'NONE', *, *, #694, .F. ) ;
#1324 = AXIS2_PLACEMENT_3D ( 'NONE', #1749, #1364, #263 ) ;
#1325 = CIRCLE ( 'NONE', #1283, 0.2999999999999981570 ) ;
#1326 = CARTESIAN_POINT ( 'NONE',  ( 24.39999999999999503, 7.620000000000000107, 12.69999999999999929 ) ) ;
#1327 = CARTESIAN_POINT ( 'NONE',  ( -25.40000000000000568, 3.810000000000000053, 12.00000000000000000 ) ) ;
#1328 = VECTOR ( 'NONE', #810, 1000.000000000000000 ) ;
#1329 = ORIENTED_EDGE ( 'NONE', *, *, #1554, .F. ) ;
#1330 = FACE_OUTER_BOUND ( 'NONE', #79, .T. ) ;
#1331 = ORIENTED_EDGE ( 'NONE', *, *, #654, .T. ) ;
#1332 = CARTESIAN_POINT ( 'NONE',  ( -25.40000000000000568, 0.000000000000000000, 16.29999999999999716 ) ) ;
#1333 = CARTESIAN_POINT ( 'NONE',  ( 28.94999999999999929, 18.40000000000000213, 0.000000000000000000 ) ) ;
#1334 = PRESENTATION_STYLE_ASSIGNMENT (( #1321 ) ) ;
#1335 = EDGE_LOOP ( 'NONE', ( #432, #2093 ) ) ;
#1336 = VERTEX_POINT ( 'NONE', #1234 ) ;
#1337 = EDGE_CURVE ( 'NONE', #2110, #327, #837, .T. ) ;
#1338 = ADVANCED_FACE ( 'NONE', ( #476 ), #734, .F. ) ;
#1339 = CARTESIAN_POINT ( 'NONE',  ( 22.37000000000000810, 13.08000000000000362, 0.000000000000000000 ) ) ;
#1340 = DIRECTION ( 'NONE',  ( 0.000000000000000000, 0.000000000000000000, -1.000000000000000000 ) ) ;
#1341 = ORIENTED_EDGE ( 'NONE', *, *, #548, .T. ) ;
#1342 = LINE ( 'NONE', #2087, #278 ) ;
#1343 = ORIENTED_EDGE ( 'NONE', *, *, #407, .T. ) ;
#1344 = CARTESIAN_POINT ( 'NONE',  ( 28.94999999999999574, -17.89999999999999503, 0.000000000000000000 ) ) ;
#1345 = DIRECTION ( 'NONE',  ( 1.000000000000000000, 0.000000000000000000, 0.000000000000000000 ) ) ;
#1346 =( NAMED_UNIT ( * ) SI_UNIT ( $, .STERADIAN. ) SOLID_ANGLE_UNIT ( ) );
#1347 = VERTEX_POINT ( 'NONE', #283 ) ;
#1348 = ORIENTED_EDGE ( 'NONE', *, *, #2147, .F. ) ;
#1349 = FACE_OUTER_BOUND ( 'NONE', #2331, .T. ) ;
#1350 = DIRECTION ( 'NONE',  ( 1.224646799147353207E-16, 1.000000000000000000, -0.000000000000000000 ) ) ;
#1351 = ADVANCED_FACE ( 'NONE', ( #640, #1942 ), #111, .F. ) ;
#1352 = VERTEX_POINT ( 'NONE', #1789 ) ;
#1353 = EDGE_CURVE ( 'NONE', #2217, #967, #2105, .T. ) ;
#1354 = DIRECTION ( 'NONE',  ( 1.000000000000000000, 0.000000000000000000, 0.000000000000000000 ) ) ;
#1355 = DIRECTION ( 'NONE',  ( -1.000000000000000000, 0.000000000000000000, 0.000000000000000000 ) ) ;
#1356 = VERTEX_POINT ( 'NONE', #1986 ) ;
#1357 = DIRECTION ( 'NONE',  ( -0.000000000000000000, -0.000000000000000000, -1.000000000000000000 ) ) ;
#1358 = CARTESIAN_POINT ( 'NONE',  ( 25.39999999999999147, -7.620000000000000107, 16.10000000000000142 ) ) ;
#1359 = VECTOR ( 'NONE', #1259, 1000.000000000000000 ) ;
#1360 = VERTEX_POINT ( 'NONE', #99 ) ;
#1361 = EDGE_LOOP ( 'NONE', ( #1012, #426 ) ) ;
#1362 = AXIS2_PLACEMENT_3D ( 'NONE', #1717, #986, #2106 ) ;
#1363 = CARTESIAN_POINT ( 'NONE',  ( -25.40000000000000568, 0.000000000000000000, 16.10000000000000142 ) ) ;
#1364 = DIRECTION ( 'NONE',  ( -0.000000000000000000, -0.000000000000000000, -1.000000000000000000 ) ) ;
#1365 = ORIENTED_EDGE ( 'NONE', *, *, #209, .F. ) ;
#1366 = AXIS2_PLACEMENT_3D ( 'NONE', #927, #2100, #1505 ) ;
#1367 = AXIS2_PLACEMENT_3D ( 'NONE', #2303, #250, #1551 ) ;
#1368 = CARTESIAN_POINT ( 'NONE',  ( 23.61999999999999389, 13.08000000000000362, -1.402220585023716934E-15 ) ) ;
#1369 = VECTOR ( 'NONE', #1811, 1000.000000000000000 ) ;
#1370 = VECTOR ( 'NONE', #1146, 1000.000000000000000 ) ;
#1371 = DIRECTION ( 'NONE',  ( -1.000000000000000000, 0.000000000000000000, 0.000000000000000000 ) ) ;
#1372 = VERTEX_POINT ( 'NONE', #809 ) ;
#1373 = DIRECTION ( 'NONE',  ( 0.000000000000000000, 0.000000000000000000, -1.000000000000000000 ) ) ;
#1374 = DIRECTION ( 'NONE',  ( -1.000000000000000000, 0.000000000000000000, 0.000000000000000000 ) ) ;
#1375 = FILL_AREA_STYLE ('',( #633 ) ) ;
#1376 = VERTEX_POINT ( 'NONE', #1382 ) ;
#1377 = FACE_OUTER_BOUND ( 'NONE', #1750, .T. ) ;
#1378 = ORIENTED_EDGE ( 'NONE', *, *, #954, .F. ) ;
#1379 = LINE ( 'NONE', #783, #2061 ) ;
#1380 = VERTEX_POINT ( 'NONE', #2312 ) ;
#1381 = EDGE_CURVE ( 'NONE', #713, #2116, #90, .T. ) ;
#1382 = CARTESIAN_POINT ( 'NONE',  ( -24.87000000000000455, -13.07999999999999474, 7.500000000000007105 ) ) ;
#1383 = VECTOR ( 'NONE', #2377, 1000.000000000000000 ) ;
#1384 = DIRECTION ( 'NONE',  ( 0.000000000000000000, 0.000000000000000000, 1.000000000000000000 ) ) ;
#1385 = ORIENTED_EDGE ( 'NONE', *, *, #694, .T. ) ;
#1386 = DIRECTION ( 'NONE',  ( -1.000000000000000000, 0.000000000000000000, 0.000000000000000000 ) ) ;
#1387 = DIRECTION ( 'NONE',  ( 0.000000000000000000, 0.000000000000000000, 1.000000000000000000 ) ) ;
#1388 = ORIENTED_EDGE ( 'NONE', *, *, #507, .T. ) ;
#1389 = CARTESIAN_POINT ( 'NONE',  ( -25.40000000000000568, -3.810000000000000053, 12.69999999999999929 ) ) ;
#1390 = DIRECTION ( 'NONE',  ( -0.000000000000000000, -0.000000000000000000, -1.000000000000000000 ) ) ;
#1391 = EDGE_LOOP ( 'NONE', ( #2064, #1473, #2082, #549 ) ) ;
#1392 = DIRECTION ( 'NONE',  ( -1.000000000000000000, 1.224646799147361342E-16, 0.000000000000000000 ) ) ;
#1393 = DIRECTION ( 'NONE',  ( -1.000000000000000000, 0.000000000000000000, 0.000000000000000000 ) ) ;
#1394 = EDGE_CURVE ( 'NONE', #574, #248, #315, .T. ) ;
#1395 = CARTESIAN_POINT ( 'NONE',  ( 22.37000000000000099, -13.07999999999999652, 0.000000000000000000 ) ) ;
#1396 = CARTESIAN_POINT ( 'NONE',  ( 28.94999999999999929, 17.90000000000000213, 12.00000000000000000 ) ) ;
#1397 = DIRECTION ( 'NONE',  ( -0.000000000000000000, -0.000000000000000000, -1.000000000000000000 ) ) ;
#1398 = ORIENTED_EDGE ( 'NONE', *, *, #2001, .F. ) ;
#1399 = AXIS2_PLACEMENT_3D ( 'NONE', #497, #303, #650 ) ;
#1400 = CARTESIAN_POINT ( 'NONE',  ( -28.45000000000000995, 17.89999999999999503, 0.000000000000000000 ) ) ;
#1401 = DIRECTION ( 'NONE',  ( 0.000000000000000000, 0.000000000000000000, 1.000000000000000000 ) ) ;
#1402 = CIRCLE ( 'NONE', #239, 0.5000000000000004441 ) ;
#1403 = CIRCLE ( 'NONE', #1993, 0.5000000000000004441 ) ;
#1404 = ORIENTED_EDGE ( 'NONE', *, *, #815, .F. ) ;
#1405 = CIRCLE ( 'NONE', #357, 0.5000000000000004441 ) ;
#1406 = CIRCLE ( 'NONE', #323, 1.000000000000000888 ) ;
#1407 = VECTOR ( 'NONE', #1707, 1000.000000000000000 ) ;
#1408 = DIRECTION ( 'NONE',  ( -0.000000000000000000, -0.000000000000000000, -1.000000000000000000 ) ) ;
#1409 = DIRECTION ( 'NONE',  ( -0.000000000000000000, -0.000000000000000000, -1.000000000000000000 ) ) ;
#1410 = CARTESIAN_POINT ( 'NONE',  ( 24.86999999999997613, -13.07999999999999652, -1.402220585023716934E-15 ) ) ;
#1411 = PLANE ( 'NONE',  #1164 ) ;
#1412 = EDGE_CURVE ( 'NONE', #1526, #2094, #1053, .T. ) ;
#1413 = EDGE_CURVE ( 'NONE', #1336, #1199, #662, .T. ) ;
#1414 = DIRECTION ( 'NONE',  ( 1.000000000000000000, 0.000000000000000000, 0.000000000000000000 ) ) ;
#1415 = EDGE_LOOP ( 'NONE', ( #1867, #1720, #644, #32 ) ) ;
#1416 = CLOSED_SHELL ( 'NONE', ( #1776, #1775, #2399, #1338, #1097, #2162, #2160, #1999, #1610, #491, #2293, #966, #1812, #313, #517, #695, #2056, #238, #1851, #1865, #2412, #142, #1623, #1715, #1271, #1260, #916, #1550, #53, #901, #2206, #2204, #1702, #8, #803, #329, #2427, #455, #2190, #902, #1634, #757, #995, #1058, #128, #1351, #1079, #291, #1449, #2006, #343, #1081, #1733, #2158, #2429, #1032, #274, #160, #189, #1145, #175, #1665, #1959, #770, #2410, #2135, #1788, #1099, #1647, #422, #98, #1833, #836, #937, #2202, #624, #1662, #2120, #1553, #2054, #143, #114, #722, #6, #1943, #409 ) ) ;
#1417 = DIRECTION ( 'NONE',  ( -0.000000000000000000, -0.000000000000000000, -1.000000000000000000 ) ) ;
#1418 = PRESENTATION_STYLE_ASSIGNMENT (( #2178 ) ) ;
#1419 = DIRECTION ( 'NONE',  ( 0.000000000000000000, 0.000000000000000000, 1.000000000000000000 ) ) ;
#1420 = DIRECTION ( 'NONE',  ( 1.000000000000000000, 0.000000000000000000, 0.000000000000000000 ) ) ;
#1421 = DIRECTION ( 'NONE',  ( -1.000000000000000000, 0.000000000000000000, 0.000000000000000000 ) ) ;
#1422 = EDGE_CURVE ( 'NONE', #1352, #1928, #2131, .T. ) ;
#1423 = EDGE_LOOP ( 'NONE', ( #1033, #910, #913, #1735 ) ) ;
#1424 = EDGE_CURVE ( 'NONE', #1295, #2224, #392, .T. ) ;
#1425 = ORIENTED_EDGE ( 'NONE', *, *, #756, .T. ) ;
#1426 = CARTESIAN_POINT ( 'NONE',  ( -24.40000000000000924, -7.620000000000000107, 12.00000000000000000 ) ) ;
#1427 = CARTESIAN_POINT ( 'NONE',  ( -24.90000000000000568, -3.810000000000000053, 16.29999999999999716 ) ) ;
#1428 = MECHANICAL_DESIGN_GEOMETRIC_PRESENTATION_REPRESENTATION (  '', ( #655 ), #24 ) ;
#1429 = AXIS2_PLACEMENT_3D ( 'NONE', #2268, #413, #1542 ) ;
#1430 = DIRECTION ( 'NONE',  ( 0.000000000000000000, 0.000000000000000000, 1.000000000000000000 ) ) ;
#1431 = DIRECTION ( 'NONE',  ( 0.000000000000000000, 0.000000000000000000, 1.000000000000000000 ) ) ;
#1432 = DIRECTION ( 'NONE',  ( -0.000000000000000000, -0.000000000000000000, -1.000000000000000000 ) ) ;
#1433 = EDGE_LOOP ( 'NONE', ( #754, #412, #448, #1582 ) ) ;
#1434 = AXIS2_PLACEMENT_3D ( 'NONE', #847, #677, #1008 ) ;
#1435 = CIRCLE ( 'NONE', #2271, 0.5000000000000004441 ) ;
#1436 = CIRCLE ( 'NONE', #1635, 0.5000000000000004441 ) ;
#1437 = CIRCLE ( 'NONE', #240, 0.1999999999999987899 ) ;
#1438 = CARTESIAN_POINT ( 'NONE',  ( -25.70000000000000284, -3.810000000000000053, 16.10000000000000142 ) ) ;
#1439 = AXIS2_PLACEMENT_3D ( 'NONE', #1830, #1261, #2424 ) ;
#1440 = VECTOR ( 'NONE', #1091, 1000.000000000000000 ) ;
#1441 = DIRECTION ( 'NONE',  ( 0.000000000000000000, -1.000000000000000000, 0.000000000000000000 ) ) ;
#1442 = FACE_OUTER_BOUND ( 'NONE', #156, .T. ) ;
#1443 = AXIS2_PLACEMENT_3D ( 'NONE', #2326, #848, #1393 ) ;
#1444 = DIRECTION ( 'NONE',  ( 0.000000000000000000, 0.000000000000000000, 1.000000000000000000 ) ) ;
#1445 = DIRECTION ( 'NONE',  ( -0.000000000000000000, -0.000000000000000000, -1.000000000000000000 ) ) ;
#1446 = ORIENTED_EDGE ( 'NONE', *, *, #1305, .T. ) ;
#1447 = CARTESIAN_POINT ( 'NONE',  ( -25.40000000000000924, -7.620000000000000107, 12.69999999999999929 ) ) ;
#1448 = CYLINDRICAL_SURFACE ( 'NONE', #1874, 1.000000000000000888 ) ;
#1449 = ADVANCED_FACE ( 'NONE', ( #1606 ), #823, .T. ) ;
#1450 = LINE ( 'NONE', #527, #719 ) ;
#1451 = EDGE_CURVE ( 'NONE', #573, #1940, #1574, .T. ) ;
#1452 = CARTESIAN_POINT ( 'NONE',  ( -25.40000000000000213, 7.620000000000000107, 12.00000000000000000 ) ) ;
#1453 = DIRECTION ( 'NONE',  ( -1.000000000000000000, 0.000000000000000000, 0.000000000000000000 ) ) ;
#1454 = ORIENTED_EDGE ( 'NONE', *, *, #888, .F. ) ;
#1455 = CARTESIAN_POINT ( 'NONE',  ( 25.39999999999999503, 7.620000000000000107, 16.29999999999999716 ) ) ;
#1456 = CARTESIAN_POINT ( 'NONE',  ( -25.40000000000000213, 7.620000000000000107, 16.10000000000000142 ) ) ;
#1457 = ORIENTED_EDGE ( 'NONE', *, *, #301, .T. ) ;
#1458 = STYLED_ITEM ( 'NONE', ( #2014 ), #114 ) ;
#1459 = DIRECTION ( 'NONE',  ( 0.000000000000000000, 0.000000000000000000, 1.000000000000000000 ) ) ;
#1460 = AXIS2_PLACEMENT_3D ( 'NONE', #798, #1357, #427 ) ;
#1461 = TOROIDAL_SURFACE ( 'NONE', #962, 0.2999999999999991562, 0.2000000000000000111 ) ;
#1462 = CARTESIAN_POINT ( 'NONE',  ( 26.39999999999999147, -7.620000000000000107, 12.00000000000000000 ) ) ;
#1463 = PRESENTATION_STYLE_ASSIGNMENT (( #1216 ) ) ;
#1464 = SURFACE_STYLE_FILL_AREA ( #2194 ) ;
#1465 = UNCERTAINTY_MEASURE_WITH_UNIT (LENGTH_MEASURE( 1.000000000000000082E-05 ), #687, 'distance_accuracy_value', 'NONE');
#1466 = EDGE_CURVE ( 'NONE', #1107, #750, #316, .T. ) ;
#1467 = DIRECTION ( 'NONE',  ( 0.000000000000000000, -1.000000000000000000, 0.000000000000000000 ) ) ;
#1468 = CARTESIAN_POINT ( 'NONE',  ( -25.40000000000000213, 7.620000000000000107, 12.69999999999999929 ) ) ;
#1469 = ORIENTED_EDGE ( 'NONE', *, *, #1589, .T. ) ;
#1470 = VERTEX_POINT ( 'NONE', #1024 ) ;
#1471 = AXIS2_PLACEMENT_3D ( 'NONE', #587, #71, #1005 ) ;
#1472 = CARTESIAN_POINT ( 'NONE',  ( 23.61999999999998678, -13.07999999999999652, -1.402220585023716934E-15 ) ) ;
#1473 = ORIENTED_EDGE ( 'NONE', *, *, #424, .T. ) ;
#1474 = LINE ( 'NONE', #1849, #1903 ) ;
#1475 = ORIENTED_EDGE ( 'NONE', *, *, #1190, .T. ) ;
#1476 = CIRCLE ( 'NONE', #1362, 1.000000000000000888 ) ;
#1477 = CARTESIAN_POINT ( 'NONE',  ( 28.44999999999999574, -17.89999999999999503, 12.00000000000000000 ) ) ;
#1478 = AXIS2_PLACEMENT_3D ( 'NONE', #1123, #747, #1494 ) ;
#1479 =( NAMED_UNIT ( * ) SI_UNIT ( $, .STERADIAN. ) SOLID_ANGLE_UNIT ( ) );
#1480 = AXIS2_PLACEMENT_3D ( 'NONE', #1455, #1117, #2208 ) ;
#1481 = TOROIDAL_SURFACE ( 'NONE', #2436, 0.2999999999999990452, 0.2000000000000000111 ) ;
#1482 = AXIS2_PLACEMENT_3D ( 'NONE', #1810, #1419, #103 ) ;
#1483 = CARTESIAN_POINT ( 'NONE',  ( -24.90000000000000568, 6.123233995736736454E-17, 12.69999999999999929 ) ) ;
#1484 = ORIENTED_EDGE ( 'NONE', *, *, #1569, .T. ) ;
#1485 = ORIENTED_EDGE ( 'NONE', *, *, #2068, .F. ) ;
#1486 = MECHANICAL_DESIGN_GEOMETRIC_PRESENTATION_REPRESENTATION (  '', ( #2028 ), #1924 ) ;
#1487 = FACE_BOUND ( 'NONE', #581, .T. ) ;
#1488 = DIRECTION ( 'NONE',  ( -1.000000000000000000, 0.000000000000000000, 0.000000000000000000 ) ) ;
#1489 = EDGE_CURVE ( 'NONE', #2286, #1549, #1767, .T. ) ;
#1490 = ORIENTED_EDGE ( 'NONE', *, *, #888, .T. ) ;
#1491 = EDGE_CURVE ( 'NONE', #723, #713, #2409, .T. ) ;
#1492 = FACE_BOUND ( 'NONE', #1527, .T. ) ;
#1493 = ORIENTED_EDGE ( 'NONE', *, *, #2276, .F. ) ;
#1494 = DIRECTION ( 'NONE',  ( -1.000000000000000000, 0.000000000000000000, 0.000000000000000000 ) ) ;
#1495 = CYLINDRICAL_SURFACE ( 'NONE', #566, 0.5000000000000004441 ) ;
#1496 = DIRECTION ( 'NONE',  ( -0.000000000000000000, 0.000000000000000000, 1.000000000000000000 ) ) ;
#1497 = FILL_AREA_STYLE_COLOUR ( '', #1637 ) ;
#1498 = EDGE_LOOP ( 'NONE', ( #956, #959, #414 ) ) ;
#1499 = DIRECTION ( 'NONE',  ( 1.000000000000000000, 0.000000000000000000, 0.000000000000000000 ) ) ;
#1500 = DIRECTION ( 'NONE',  ( -0.000000000000000000, -0.000000000000000000, -1.000000000000000000 ) ) ;
#1501 = VERTEX_POINT ( 'NONE', #1426 ) ;
#1502 = FILL_AREA_STYLE ('',( #1871 ) ) ;
#1503 = EDGE_CURVE ( 'NONE', #1704, #1347, #509, .T. ) ;
#1504 = ORIENTED_EDGE ( 'NONE', *, *, #2023, .T. ) ;
#1505 = DIRECTION ( 'NONE',  ( -1.000000000000000000, 0.000000000000000000, 0.000000000000000000 ) ) ;
#1506 = CARTESIAN_POINT ( 'NONE',  ( -25.90000000000000568, -3.810000000000000053, 12.69999999999999929 ) ) ;
#1507 = FACE_OUTER_BOUND ( 'NONE', #1092, .T. ) ;
#1508 =( NAMED_UNIT ( * ) PLANE_ANGLE_UNIT ( ) SI_UNIT ( $, .RADIAN. ) );
#1509 = ORIENTED_EDGE ( 'NONE', *, *, #441, .T. ) ;
#1510 = VECTOR ( 'NONE', #1859, 1000.000000000000000 ) ;
#1511 = ORIENTED_EDGE ( 'NONE', *, *, #257, .T. ) ;
#1512 = CYLINDRICAL_SURFACE ( 'NONE', #2231, 1.000000000000000888 ) ;
#1513 = CARTESIAN_POINT ( 'NONE',  ( 25.39999999999999503, -3.439973992959973982E-16, 16.29999999999999716 ) ) ;
#1514 = ORIENTED_EDGE ( 'NONE', *, *, #1381, .F. ) ;
#1515 = DIRECTION ( 'NONE',  ( 0.000000000000000000, 0.000000000000000000, 1.000000000000000000 ) ) ;
#1516 = VERTEX_POINT ( 'NONE', #697 ) ;
#1517 = EDGE_CURVE ( 'NONE', #26, #1548, #931, .T. ) ;
#1518 = CYLINDRICAL_SURFACE ( 'NONE', #1460, 0.5000000000000004441 ) ;
#1519 = AXIS2_PLACEMENT_3D ( 'NONE', #23, #63, #1952 ) ;
#1520 = UNCERTAINTY_MEASURE_WITH_UNIT (LENGTH_MEASURE( 1.000000000000000082E-05 ), #911, 'distance_accuracy_value', 'NONE');
#1521 = EDGE_CURVE ( 'NONE', #1549, #574, #1016, .T. ) ;
#1522 = DIRECTION ( 'NONE',  ( 0.000000000000000000, 0.000000000000000000, 1.000000000000000000 ) ) ;
#1523 = AXIS2_PLACEMENT_3D ( 'NONE', #1239, #473, #2358 ) ;
#1524 = AXIS2_PLACEMENT_3D ( 'NONE', #168, #335, #2036 ) ;
#1525 = DIRECTION ( 'NONE',  ( 0.000000000000000000, 0.000000000000000000, -1.000000000000000000 ) ) ;
#1526 = VERTEX_POINT ( 'NONE', #1255 ) ;
#1527 = EDGE_LOOP ( 'NONE', ( #122, #2119 ) ) ;
#1528 = TOROIDAL_SURFACE ( 'NONE', #477, 0.2999999999999991562, 0.2000000000000000111 ) ;
#1529 = CIRCLE ( 'NONE', #2150, 0.1999999999999987899 ) ;
#1530 = CIRCLE ( 'NONE', #896, 0.1999999999999987899 ) ;
#1531 = ORIENTED_EDGE ( 'NONE', *, *, #2101, .T. ) ;
#1532 = ORIENTED_EDGE ( 'NONE', *, *, #1850, .T. ) ;
#1533 = CYLINDRICAL_SURFACE ( 'NONE', #269, 0.5000000000000004441 ) ;
#1534 = DIRECTION ( 'NONE',  ( 0.000000000000000000, 0.000000000000000000, -1.000000000000000000 ) ) ;
#1535 = FACE_OUTER_BOUND ( 'NONE', #1415, .T. ) ;
#1536 = EDGE_CURVE ( 'NONE', #1831, #596, #1243, .T. ) ;
#1537 = VERTEX_POINT ( 'NONE', #1296 ) ;
#1538 = ORIENTED_EDGE ( 'NONE', *, *, #1412, .F. ) ;
#1539 = CARTESIAN_POINT ( 'NONE',  ( 28.94999999999999929, 18.40000000000000213, 12.00000000000000000 ) ) ;
#1540 = DIRECTION ( 'NONE',  ( 0.000000000000000000, 0.000000000000000000, -1.000000000000000000 ) ) ;
#1541 = ORIENTED_EDGE ( 'NONE', *, *, #874, .T. ) ;
#1542 = DIRECTION ( 'NONE',  ( 1.000000000000000000, 0.000000000000000000, 0.000000000000000000 ) ) ;
#1543 = ORIENTED_EDGE ( 'NONE', *, *, #1685, .T. ) ;
#1544 = CARTESIAN_POINT ( 'NONE',  ( -25.40000000000000568, -3.810000000000000053, 12.69999999999999929 ) ) ;
#1545 = AXIS2_PLACEMENT_3D ( 'NONE', #2214, #882, #2055 ) ;
#1546 = CARTESIAN_POINT ( 'NONE',  ( -25.69999999999999929, 7.620000000000000107, 16.10000000000000142 ) ) ;
#1547 = CARTESIAN_POINT ( 'NONE',  ( 25.39999999999999503, -3.439973992959973982E-16, 12.00000000000000000 ) ) ;
#1548 = VERTEX_POINT ( 'NONE', #903 ) ;
#1549 = VERTEX_POINT ( 'NONE', #880 ) ;
#1550 = ADVANCED_FACE ( 'NONE', ( #1648 ), #1448, .T. ) ;
#1551 = DIRECTION ( 'NONE',  ( 1.000000000000000000, 0.000000000000000000, 0.000000000000000000 ) ) ;
#1552 = EDGE_LOOP ( 'NONE', ( #636, #2218 ) ) ;
#1553 = ADVANCED_FACE ( 'NONE', ( #1852 ), #282, .T. ) ;
#1554 = EDGE_CURVE ( 'NONE', #2116, #1143, #197, .T. ) ;
#1555 = PLANE ( 'NONE',  #2015 ) ;
#1556 = CARTESIAN_POINT ( 'NONE',  ( -28.45000000000000284, -17.90000000000000213, 0.000000000000000000 ) ) ;
#1557 = ORIENTED_EDGE ( 'NONE', *, *, #1609, .T. ) ;
#1558 = DIRECTION ( 'NONE',  ( 0.000000000000000000, 0.000000000000000000, -1.000000000000000000 ) ) ;
#1559 = CARTESIAN_POINT ( 'NONE',  ( 22.37000000000000099, -13.07999999999999652, 7.500000000000007105 ) ) ;
#1560 = AXIS2_PLACEMENT_3D ( 'NONE', #2329, #2138, #469 ) ;
#1561 = EDGE_LOOP ( 'NONE', ( #1615, #133, #1642, #439 ) ) ;
#1562 = EDGE_LOOP ( 'NONE', ( #2124, #1856, #797, #2371 ) ) ;
#1563 = LINE ( 'NONE', #619, #2275 ) ;
#1564 = CARTESIAN_POINT ( 'NONE',  ( 28.94999999999999929, 17.90000000000000213, 0.000000000000000000 ) ) ;
#1565 = ORIENTED_EDGE ( 'NONE', *, *, #1176, .F. ) ;
#1566 = AXIS2_PLACEMENT_3D ( 'NONE', #1998, #685, #2201 ) ;
#1567 = FACE_OUTER_BOUND ( 'NONE', #814, .T. ) ;
#1568 = AXIS2_PLACEMENT_3D ( 'NONE', #1327, #411, #2295 ) ;
#1569 = EDGE_CURVE ( 'NONE', #1115, #606, #856, .T. ) ;
#1570 = DIRECTION ( 'NONE',  ( -9.427844978134820201E-17, -1.000000000000000000, 0.000000000000000000 ) ) ;
#1571 = EDGE_CURVE ( 'NONE', #899, #1957, #353, .T. ) ;
#1572 = ORIENTED_EDGE ( 'NONE', *, *, #1569, .F. ) ;
#1573 = CIRCLE ( 'NONE', #400, 1.000000000000000888 ) ;
#1574 = LINE ( 'NONE', #1584, #1278 ) ;
#1575 = SURFACE_STYLE_FILL_AREA ( #824 ) ;
#1576 = CARTESIAN_POINT ( 'NONE',  ( 25.39999999999999147, -7.620000000000000107, 12.69999999999999929 ) ) ;
#1577 = ORIENTED_EDGE ( 'NONE', *, *, #875, .F. ) ;
#1578 = CARTESIAN_POINT ( 'NONE',  ( 25.39999999999999503, 7.620000000000000107, 12.69999999999999929 ) ) ;
#1579 = ORIENTED_EDGE ( 'NONE', *, *, #708, .T. ) ;
#1580 = CARTESIAN_POINT ( 'NONE',  ( 23.61999999999998323, -13.07999999999999652, 8.251075773784450007 ) ) ;
#1581 = CYLINDRICAL_SURFACE ( 'NONE', #440, 0.5000000000000004441 ) ;
#1582 = ORIENTED_EDGE ( 'NONE', *, *, #2305, .F. ) ;
#1583 = EDGE_CURVE ( 'NONE', #1919, #347, #2352, .T. ) ;
#1584 = CARTESIAN_POINT ( 'NONE',  ( 24.39999999999999147, -7.620000000000000107, 12.69999999999999929 ) ) ;
#1585 = CARTESIAN_POINT ( 'NONE',  ( 25.39999999999999503, -3.439973992959973982E-16, 16.29999999999999716 ) ) ;
#1586 = DIRECTION ( 'NONE',  ( -1.000000000000000000, 0.000000000000000000, 0.000000000000000000 ) ) ;
#1587 = FACE_OUTER_BOUND ( 'NONE', #3, .T. ) ;
#1588 = VERTEX_POINT ( 'NONE', #124 ) ;
#1589 = EDGE_CURVE ( 'NONE', #505, #1336, #74, .T. ) ;
#1590 =( LENGTH_UNIT ( ) NAMED_UNIT ( * ) SI_UNIT ( .MILLI., .METRE. ) );
#1591 = CYLINDRICAL_SURFACE ( 'NONE', #2374, 0.5000000000000004441 ) ;
#1592 = EDGE_CURVE ( 'NONE', #706, #558, #395, .T. ) ;
#1593 = LINE ( 'NONE', #642, #1793 ) ;
#1594 = VECTOR ( 'NONE', #603, 1000.000000000000000 ) ;
#1595 = LINE ( 'NONE', #1770, #1804 ) ;
#1596 = AXIS2_PLACEMENT_3D ( 'NONE', #2361, #2325, #1200 ) ;
#1597 = LINE ( 'NONE', #119, #577 ) ;
#1598 = DIRECTION ( 'NONE',  ( -0.000000000000000000, -0.000000000000000000, -1.000000000000000000 ) ) ;
#1599 =( GEOMETRIC_REPRESENTATION_CONTEXT ( 3 ) GLOBAL_UNCERTAINTY_ASSIGNED_CONTEXT ( ( #2363 ) ) GLOBAL_UNIT_ASSIGNED_CONTEXT ( ( #705, #691, #675 ) ) REPRESENTATION_CONTEXT ( 'NONE', 'WORKASPACE' ) );
#1600 = AXIS2_PLACEMENT_3D ( 'NONE', #1990, #2342, #1981 ) ;
#1601 = VERTEX_POINT ( 'NONE', #1462 ) ;
#1602 = CIRCLE ( 'NONE', #76, 1.249999999999987121 ) ;
#1603 = VECTOR ( 'NONE', #288, 1000.000000000000000 ) ;
#1604 = PRESENTATION_LAYER_ASSIGNMENT (  '', '', ( #2028 ) ) ;
#1605 = MECHANICAL_DESIGN_GEOMETRIC_PRESENTATION_REPRESENTATION (  '', ( #2360 ), #552 ) ;
#1606 = FACE_OUTER_BOUND ( 'NONE', #405, .T. ) ;
#1607 = APPLICATION_CONTEXT ( 'automotive_design' ) ;
#1608 = DIRECTION ( 'NONE',  ( 0.000000000000000000, 0.000000000000000000, -1.000000000000000000 ) ) ;
#1609 = EDGE_CURVE ( 'NONE', #1093, #167, #1435, .T. ) ;
#1610 = ADVANCED_FACE ( 'NONE', ( #1279 ), #1718, .T. ) ;
#1611 = FACE_OUTER_BOUND ( 'NONE', #1652, .T. ) ;
#1612 = DIRECTION ( 'NONE',  ( -0.000000000000000000, -0.000000000000000000, -1.000000000000000000 ) ) ;
#1613 = DIRECTION ( 'NONE',  ( 0.000000000000000000, 0.000000000000000000, 1.000000000000000000 ) ) ;
#1614 = CARTESIAN_POINT ( 'NONE',  ( 25.89999999999999147, -7.620000000000000107, 16.29999999999999716 ) ) ;
#1615 = ORIENTED_EDGE ( 'NONE', *, *, #952, .F. ) ;
#1616 = VERTEX_POINT ( 'NONE', #1626 ) ;
#1617 = DIRECTION ( 'NONE',  ( -1.000000000000000000, 0.000000000000000000, 0.000000000000000000 ) ) ;
#1618 = FACE_OUTER_BOUND ( 'NONE', #2264, .T. ) ;
#1619 = DIRECTION ( 'NONE',  ( 1.000000000000000000, 0.000000000000000000, 0.000000000000000000 ) ) ;
#1620 = EDGE_LOOP ( 'NONE', ( #533, #786, #264, #1398 ) ) ;
#1621 = CARTESIAN_POINT ( 'NONE',  ( -25.70000000000000284, -3.810000000000000053, 16.29999999999999716 ) ) ;
#1622 = CYLINDRICAL_SURFACE ( 'NONE', #1675, 0.5000000000000004441 ) ;
#1623 = ADVANCED_FACE ( 'NONE', ( #1691 ), #463, .T. ) ;
#1624 = ORIENTED_EDGE ( 'NONE', *, *, #1126, .F. ) ;
#1625 = EDGE_CURVE ( 'NONE', #505, #1211, #2024, .T. ) ;
#1626 = CARTESIAN_POINT ( 'NONE',  ( -24.90000000000000924, -7.620000000000000107, 12.69999999999999929 ) ) ;
#1627 =( NAMED_UNIT ( * ) SI_UNIT ( $, .STERADIAN. ) SOLID_ANGLE_UNIT ( ) );
#1628 = CARTESIAN_POINT ( 'NONE',  ( 25.89999999999999147, -7.620000000000000107, 16.10000000000000142 ) ) ;
#1629 = DIRECTION ( 'NONE',  ( 0.000000000000000000, 0.000000000000000000, -1.000000000000000000 ) ) ;
#1630 = DIRECTION ( 'NONE',  ( 0.000000000000000000, 0.000000000000000000, -1.000000000000000000 ) ) ;
#1631 = ORIENTED_EDGE ( 'NONE', *, *, #1489, .F. ) ;
#1632 = AXIS2_PLACEMENT_3D ( 'NONE', #174, #1659, #890 ) ;
#1633 = COLOUR_RGB ( '',0.7921568627450980005, 0.8196078431372548767, 0.9333333333333333481 ) ;
#1634 = ADVANCED_FACE ( 'NONE', ( #1939 ), #945, .T. ) ;
#1635 = AXIS2_PLACEMENT_3D ( 'NONE', #546, #1500, #370 ) ;
#1636 = TOROIDAL_SURFACE ( 'NONE', #1719, 0.2999999999999991562, 0.2000000000000000111 ) ;
#1637 = COLOUR_RGB ( '',0.7921568627450980005, 0.8196078431372548767, 0.9333333333333333481 ) ;
#1638 =( NAMED_UNIT ( * ) PLANE_ANGLE_UNIT ( ) SI_UNIT ( $, .RADIAN. ) );
#1639 = DIRECTION ( 'NONE',  ( 0.000000000000000000, 0.000000000000000000, -1.000000000000000000 ) ) ;
#1640 = UNCERTAINTY_MEASURE_WITH_UNIT (LENGTH_MEASURE( 1.000000000000000082E-05 ), #881, 'distance_accuracy_value', 'NONE');
#1641 = DIRECTION ( 'NONE',  ( 1.000000000000000000, 0.000000000000000000, 0.000000000000000000 ) ) ;
#1642 = ORIENTED_EDGE ( 'NONE', *, *, #359, .T. ) ;
#1643 = CARTESIAN_POINT ( 'NONE',  ( -24.90000000000000568, 3.810000000000000053, 12.69999999999999929 ) ) ;
#1644 = CARTESIAN_POINT ( 'NONE',  ( -28.45000000000000995, 17.89999999999999503, 12.00000000000000000 ) ) ;
#1645 = ORIENTED_EDGE ( 'NONE', *, *, #127, .T. ) ;
#1646 = DIRECTION ( 'NONE',  ( -1.000000000000000000, 0.000000000000000000, -0.000000000000000000 ) ) ;
#1647 = ADVANCED_FACE ( 'NONE', ( #759 ), #1752, .T. ) ;
#1648 = FACE_OUTER_BOUND ( 'NONE', #924, .T. ) ;
#1649 = CARTESIAN_POINT ( 'NONE',  ( -25.40000000000000568, 0.000000000000000000, 16.29999999999999716 ) ) ;
#1650 = CARTESIAN_POINT ( 'NONE',  ( -25.70000000000000284, 4.898587196589409377E-17, 16.29999999999999716 ) ) ;
#1651 = DIRECTION ( 'NONE',  ( 0.000000000000000000, 0.000000000000000000, 1.000000000000000000 ) ) ;
#1652 = EDGE_LOOP ( 'NONE', ( #251, #2199, #2021, #2123 ) ) ;
#1653 = ORIENTED_EDGE ( 'NONE', *, *, #1422, .F. ) ;
#1654 = AXIS2_PLACEMENT_3D ( 'NONE', #317, #286, #1966 ) ;
#1655 = CARTESIAN_POINT ( 'NONE',  ( -25.90000000000000924, -7.620000000000000107, 16.10000000000000142 ) ) ;
#1656 = DIRECTION ( 'NONE',  ( -1.000000000000000000, 0.000000000000000000, 0.000000000000000000 ) ) ;
#1657 = ORIENTED_EDGE ( 'NONE', *, *, #1894, .F. ) ;
#1658 = ORIENTED_EDGE ( 'NONE', *, *, #1042, .F. ) ;
#1659 = DIRECTION ( 'NONE',  ( 0.000000000000000000, 0.000000000000000000, 1.000000000000000000 ) ) ;
#1660 = CARTESIAN_POINT ( 'NONE',  ( -25.40000000000000924, -7.620000000000000107, 16.29999999999999716 ) ) ;
#1661 = COLOUR_RGB ( '',0.7921568627450980005, 0.8196078431372548767, 0.9333333333333333481 ) ;
#1662 = ADVANCED_FACE ( 'NONE', ( #2127 ), #2185, .T. ) ;
#1663 = CARTESIAN_POINT ( 'NONE',  ( -25.90000000000000213, 7.620000000000000107, 16.29999999999999716 ) ) ;
#1664 = CARTESIAN_POINT ( 'NONE',  ( -28.95000000000000995, 18.39999999999999503, 12.00000000000000000 ) ) ;
#1665 = ADVANCED_FACE ( 'NONE', ( #267 ), #61, .T. ) ;
#1666 = EDGE_LOOP ( 'NONE', ( #1020, #1741, #2041, #418 ) ) ;
#1667 = ORIENTED_EDGE ( 'NONE', *, *, #1863, .T. ) ;
#1668 = CARTESIAN_POINT ( 'NONE',  ( -22.37000000000002942, -13.07999999999999474, 7.500000000000007105 ) ) ;
#1669 = ORIENTED_EDGE ( 'NONE', *, *, #941, .T. ) ;
#1670 = DIRECTION ( 'NONE',  ( 1.000000000000000000, 0.000000000000000000, 0.000000000000000000 ) ) ;
#1671 = AXIS2_PLACEMENT_3D ( 'NONE', #1955, #678, #1769 ) ;
#1672 = VERTEX_POINT ( 'NONE', #2438 ) ;
#1673 = AXIS2_PLACEMENT_3D ( 'NONE', #1358, #1931, #1150 ) ;
#1674 = DIRECTION ( 'NONE',  ( 1.000000000000000000, 0.000000000000000000, -0.000000000000000000 ) ) ;
#1675 = AXIS2_PLACEMENT_3D ( 'NONE', #2381, #1432, #336 ) ;
#1676 = DIRECTION ( 'NONE',  ( -1.000000000000000000, 0.000000000000000000, 0.000000000000000000 ) ) ;
#1677 = VECTOR ( 'NONE', #2183, 1000.000000000000000 ) ;
#1678 = AXIS2_PLACEMENT_3D ( 'NONE', #1456, #1847, #393 ) ;
#1679 = VECTOR ( 'NONE', #593, 1000.000000000000000 ) ;
#1680 = CARTESIAN_POINT ( 'NONE',  ( -24.87000000000000455, -13.07999999999999474, -1.402220585023716934E-15 ) ) ;
#1681 = LINE ( 'NONE', #1269, #401 ) ;
#1682 = ORIENTED_EDGE ( 'NONE', *, *, #344, .T. ) ;
#1683 = ORIENTED_EDGE ( 'NONE', *, *, #671, .T. ) ;
#1684 = CIRCLE ( 'NONE', #361, 0.2999999999999981570 ) ;
#1685 = EDGE_CURVE ( 'NONE', #878, #259, #1128, .T. ) ;
#1686 = DIRECTION ( 'NONE',  ( 0.000000000000000000, 0.000000000000000000, 1.000000000000000000 ) ) ;
#1687 = DIRECTION ( 'NONE',  ( -0.000000000000000000, -0.000000000000000000, -1.000000000000000000 ) ) ;
#1688 = ORIENTED_EDGE ( 'NONE', *, *, #651, .T. ) ;
#1689 = LINE ( 'NONE', #2433, #1157 ) ;
#1690 = EDGE_LOOP ( 'NONE', ( #1514, #934, #676, #1879 ) ) ;
#1691 = FACE_OUTER_BOUND ( 'NONE', #460, .T. ) ;
#1692 = DIRECTION ( 'NONE',  ( -0.000000000000000000, -0.000000000000000000, -1.000000000000000000 ) ) ;
#1693 = CARTESIAN_POINT ( 'NONE',  ( -25.10000000000000497, 7.620000000000000107, 16.10000000000000142 ) ) ;
#1694 = VERTEX_POINT ( 'NONE', #2053 ) ;
#1695 = STYLED_ITEM ( 'NONE', ( #1418 ), #6 ) ;
#1696 = DIRECTION ( 'NONE',  ( 0.000000000000000000, 0.000000000000000000, -1.000000000000000000 ) ) ;
#1697 = DIRECTION ( 'NONE',  ( -0.000000000000000000, -0.000000000000000000, -1.000000000000000000 ) ) ;
#1698 = EDGE_LOOP ( 'NONE', ( #2126, #2246, #1984, #1348 ) ) ;
#1699 = LINE ( 'NONE', #2322, #1080 ) ;
#1700 = EDGE_CURVE ( 'NONE', #2097, #878, #2323, .T. ) ;
#1701 = CIRCLE ( 'NONE', #1654, 0.5000000000000004441 ) ;
#1702 = ADVANCED_FACE ( 'NONE', ( #1183 ), #201, .F. ) ;
#1703 = EDGE_CURVE ( 'NONE', #72, #1144, #1402, .T. ) ;
#1704 = VERTEX_POINT ( 'NONE', #2309 ) ;
#1705 = LINE ( 'NONE', #1178, #2255 ) ;
#1706 = CARTESIAN_POINT ( 'NONE',  ( -24.90000000000000924, -7.620000000000000107, 16.10000000000000142 ) ) ;
#1707 = DIRECTION ( 'NONE',  ( -0.000000000000000000, -0.000000000000000000, -1.000000000000000000 ) ) ;
#1708 = ORIENTED_EDGE ( 'NONE', *, *, #480, .T. ) ;
#1709 = EDGE_LOOP ( 'NONE', ( #1577, #613, #65, #1122 ) ) ;
#1710 = DIRECTION ( 'NONE',  ( 1.000000000000000000, 0.000000000000000000, 0.000000000000000000 ) ) ;
#1711 = DIRECTION ( 'NONE',  ( 1.000000000000000000, 0.000000000000000000, 0.000000000000000000 ) ) ;
#1712 = ORIENTED_EDGE ( 'NONE', *, *, #1536, .F. ) ;
#1713 = CARTESIAN_POINT ( 'NONE',  ( 28.44999999999999929, 17.90000000000000213, 12.00000000000000000 ) ) ;
#1714 = EDGE_LOOP ( 'NONE', ( #1572, #607, #1132, #382 ) ) ;
#1715 = ADVANCED_FACE ( 'NONE', ( #280 ), #647, .T. ) ;
#1716 = AXIS2_PLACEMENT_3D ( 'NONE', #2144, #2347, #2164 ) ;
#1717 = CARTESIAN_POINT ( 'NONE',  ( -25.40000000000000568, -3.810000000000000053, 12.69999999999999929 ) ) ;
#1718 = TOROIDAL_SURFACE ( 'NONE', #2227, 0.2999999999999990452, 0.2000000000000000111 ) ;
#1719 = AXIS2_PLACEMENT_3D ( 'NONE', #2151, #484, #2170 ) ;
#1720 = ORIENTED_EDGE ( 'NONE', *, *, #789, .T. ) ;
#1721 = ORIENTED_EDGE ( 'NONE', *, *, #127, .F. ) ;
#1722 = CIRCLE ( 'NONE', #1057, 0.2999999999999981570 ) ;
#1723 = CIRCLE ( 'NONE', #234, 1.000000000000000888 ) ;
#1724 = DIRECTION ( 'NONE',  ( -0.000000000000000000, -0.000000000000000000, -1.000000000000000000 ) ) ;
#1725 = CARTESIAN_POINT ( 'NONE',  ( -25.40000000000000568, -3.810000000000000053, 12.69999999999999929 ) ) ;
#1726 = AXIS2_PLACEMENT_3D ( 'NONE', #1547, #2315, #2122 ) ;
#1727 = ORIENTED_EDGE ( 'NONE', *, *, #2220, .F. ) ;
#1728 = DIRECTION ( 'NONE',  ( -0.000000000000000000, -0.000000000000000000, -1.000000000000000000 ) ) ;
#1729 = EDGE_LOOP ( 'NONE', ( #1511, #1341 ) ) ;
#1730 = CARTESIAN_POINT ( 'NONE',  ( -25.40000000000000568, 0.000000000000000000, 16.29999999999999716 ) ) ;
#1731 = EDGE_CURVE ( 'NONE', #1356, #1771, #1054, .T. ) ;
#1732 = DIRECTION ( 'NONE',  ( 1.000000000000000000, 0.000000000000000000, 0.000000000000000000 ) ) ;
#1733 = ADVANCED_FACE ( 'NONE', ( #87 ), #1581, .T. ) ;
#1734 = LINE ( 'NONE', #1559, #1094 ) ;
#1735 = ORIENTED_EDGE ( 'NONE', *, *, #2349, .F. ) ;
#1736 = ORIENTED_EDGE ( 'NONE', *, *, #1159, .F. ) ;
#1737 = FACE_OUTER_BOUND ( 'NONE', #2187, .T. ) ;
#1738 = ORIENTED_EDGE ( 'NONE', *, *, #1609, .F. ) ;
#1739 = DIRECTION ( 'NONE',  ( -1.000000000000000000, 0.000000000000000000, 0.000000000000000000 ) ) ;
#1740 = CARTESIAN_POINT ( 'NONE',  ( -24.40000000000000213, 7.620000000000000107, 12.69999999999999929 ) ) ;
#1741 = ORIENTED_EDGE ( 'NONE', *, *, #2099, .F. ) ;
#1742 = DIRECTION ( 'NONE',  ( -0.000000000000000000, -0.000000000000000000, -1.000000000000000000 ) ) ;
#1743 = ORIENTED_EDGE ( 'NONE', *, *, #2396, .T. ) ;
#1744 = ORIENTED_EDGE ( 'NONE', *, *, #1111, .F. ) ;
#1745 = AXIS2_PLACEMENT_3D ( 'NONE', #1332, #2078, #255 ) ;
#1746 = EDGE_CURVE ( 'NONE', #1254, #573, #1798, .T. ) ;
#1747 = EDGE_CURVE ( 'NONE', #1156, #2383, #492, .T. ) ;
#1748 = DIRECTION ( 'NONE',  ( -1.000000000000000000, 0.000000000000000000, 0.000000000000000000 ) ) ;
#1749 = CARTESIAN_POINT ( 'NONE',  ( 25.39999999999999503, 7.620000000000000107, 16.29999999999999716 ) ) ;
#1750 = EDGE_LOOP ( 'NONE', ( #1657, #830, #2394, #2102 ) ) ;
#1751 = DIRECTION ( 'NONE',  ( 0.000000000000000000, 0.000000000000000000, -1.000000000000000000 ) ) ;
#1752 = CYLINDRICAL_SURFACE ( 'NONE', #1209, 0.5000000000000004441 ) ;
#1753 = ORIENTED_EDGE ( 'NONE', *, *, #1571, .T. ) ;
#1754 = DIRECTION ( 'NONE',  ( 0.000000000000000000, -0.000000000000000000, -1.000000000000000000 ) ) ;
#1755 = AXIS2_PLACEMENT_3D ( 'NONE', #2155, #486, #1224 ) ;
#1756 = VERTEX_POINT ( 'NONE', #877 ) ;
#1757 = AXIS2_PLACEMENT_3D ( 'NONE', #162, #1805, #328 ) ;
#1758 = DIRECTION ( 'NONE',  ( 0.000000000000000000, 0.000000000000000000, -1.000000000000000000 ) ) ;
#1759 = DIRECTION ( 'NONE',  ( -1.000000000000000000, 0.000000000000000000, -0.000000000000000000 ) ) ;
#1760 = ORIENTED_EDGE ( 'NONE', *, *, #69, .F. ) ;
#1761 = TOROIDAL_SURFACE ( 'NONE', #1021, 0.2999999999999991562, 0.2000000000000000111 ) ;
#1762 = CIRCLE ( 'NONE', #1524, 1.000000000000000888 ) ;
#1763 = EDGE_CURVE ( 'NONE', #1376, #713, #318, .T. ) ;
#1764 = DIRECTION ( 'NONE',  ( -0.000000000000000000, -0.000000000000000000, -1.000000000000000000 ) ) ;
#1765 = DIRECTION ( 'NONE',  ( -1.000000000000000000, 0.000000000000000000, 0.000000000000000000 ) ) ;
#1766 = ORIENTED_EDGE ( 'NONE', *, *, #86, .F. ) ;
#1767 = LINE ( 'NONE', #1056, #1913 ) ;
#1768 = CARTESIAN_POINT ( 'NONE',  ( 23.61999999999998678, -13.07999999999999652, 0.000000000000000000 ) ) ;
#1769 = DIRECTION ( 'NONE',  ( 0.000000000000000000, 0.000000000000000000, -1.000000000000000000 ) ) ;
#1770 = CARTESIAN_POINT ( 'NONE',  ( -25.90000000000000568, 0.000000000000000000, 16.29999999999999716 ) ) ;
#1771 = VERTEX_POINT ( 'NONE', #141 ) ;
#1772 = CARTESIAN_POINT ( 'NONE',  ( 25.39999999999999147, -7.620000000000000107, 12.00000000000000000 ) ) ;
#1773 = DIRECTION ( 'NONE',  ( -1.000000000000000000, 0.000000000000000000, 0.000000000000000000 ) ) ;
#1774 = EDGE_LOOP ( 'NONE', ( #290, #1015, #1484 ) ) ;
#1775 = ADVANCED_FACE ( 'NONE', ( #1049 ), #781, .F. ) ;
#1776 = ADVANCED_FACE ( 'NONE', ( #1797 ), #2370, .F. ) ;
#1777 = DIRECTION ( 'NONE',  ( 1.224646799147353207E-16, 1.000000000000000000, -0.000000000000000000 ) ) ;
#1778 = AXIS2_PLACEMENT_3D ( 'NONE', #1976, #1779, #1236 ) ;
#1779 = DIRECTION ( 'NONE',  ( 1.198427271831990987E-16, -1.000000000000000000, 0.000000000000000000 ) ) ;
#1780 = CARTESIAN_POINT ( 'NONE',  ( -25.40000000000000213, 7.620000000000000107, 12.69999999999999929 ) ) ;
#1781 = CARTESIAN_POINT ( 'NONE',  ( -25.40000000000000568, 0.000000000000000000, 16.10000000000000142 ) ) ;
#1782 = AXIS2_PLACEMENT_3D ( 'NONE', #1141, #1692, #2299 ) ;
#1783 = CARTESIAN_POINT ( 'NONE',  ( -25.70000000000000284, 3.810000000000000053, 16.29999999999999716 ) ) ;
#1784 = DIRECTION ( 'NONE',  ( -0.000000000000000000, -0.000000000000000000, -1.000000000000000000 ) ) ;
#1785 = VERTEX_POINT ( 'NONE', #502 ) ;
#1786 = EDGE_CURVE ( 'NONE', #1940, #1601, #1915, .T. ) ;
#1787 = AXIS2_PLACEMENT_3D ( 'NONE', #1368, #2117, #1739 ) ;
#1788 = ADVANCED_FACE ( 'NONE', ( #1230 ), #1622, .T. ) ;
#1789 = CARTESIAN_POINT ( 'NONE',  ( 24.39999999999999503, -3.439973992959973982E-16, 12.69999999999999929 ) ) ;
#1790 = CYLINDRICAL_SURFACE ( 'NONE', #827, 0.5000000000000004441 ) ;
#1791 =( NAMED_UNIT ( * ) PLANE_ANGLE_UNIT ( ) SI_UNIT ( $, .RADIAN. ) );
#1792 = DIRECTION ( 'NONE',  ( -1.000000000000000000, 0.000000000000000000, -0.000000000000000000 ) ) ;
#1793 = VECTOR ( 'NONE', #1027, 1000.000000000000000 ) ;
#1794 = DIRECTION ( 'NONE',  ( -1.000000000000000000, 0.000000000000000000, 0.000000000000000000 ) ) ;
#1795 = VECTOR ( 'NONE', #1558, 1000.000000000000000 ) ;
#1796 = CARTESIAN_POINT ( 'NONE',  ( 25.89999999999999503, 7.620000000000000107, 16.10000000000000142 ) ) ;
#1797 = FACE_OUTER_BOUND ( 'NONE', #1714, .T. ) ;
#1798 = CIRCLE ( 'NONE', #1992, 1.000000000000000888 ) ;
#1799 = AXIS2_PLACEMENT_3D ( 'NONE', #140, #1629, #704 ) ;
#1800 = ORIENTED_EDGE ( 'NONE', *, *, #1466, .F. ) ;
#1801 = ORIENTED_EDGE ( 'NONE', *, *, #520, .T. ) ;
#1802 = CIRCLE ( 'NONE', #397, 0.1999999999999987899 ) ;
#1803 = TOROIDAL_SURFACE ( 'NONE', #1911, 0.2999999999999990452, 0.2000000000000000111 ) ;
#1804 = VECTOR ( 'NONE', #2139, 1000.000000000000000 ) ;
#1805 = DIRECTION ( 'NONE',  ( 0.000000000000000000, 0.000000000000000000, 1.000000000000000000 ) ) ;
#1806 = DIRECTION ( 'NONE',  ( -1.000000000000000000, 0.000000000000000000, 0.000000000000000000 ) ) ;
#1807 = PRODUCT_RELATED_PRODUCT_CATEGORY ( 'part', '', ( #637 ) ) ;
#1808 = DIRECTION ( 'NONE',  ( 0.000000000000000000, 0.000000000000000000, 1.000000000000000000 ) ) ;
#1809 = EDGE_CURVE ( 'NONE', #1302, #1616, #887, .T. ) ;
#1810 = CARTESIAN_POINT ( 'NONE',  ( -25.40000000000000568, 3.810000000000000053, 16.29999999999999716 ) ) ;
#1811 = DIRECTION ( 'NONE',  ( -0.000000000000000000, -0.000000000000000000, 1.000000000000000000 ) ) ;
#1812 = ADVANCED_FACE ( 'NONE', ( #1587 ), #629, .T. ) ;
#1813 = ORIENTED_EDGE ( 'NONE', *, *, #374, .T. ) ;
#1814 = EDGE_LOOP ( 'NONE', ( #312, #2077 ) ) ;
#1815 = DIRECTION ( 'NONE',  ( -1.000000000000000000, 1.224646799147361096E-16, 0.000000000000000000 ) ) ;
#1816 = ORIENTED_EDGE ( 'NONE', *, *, #33, .F. ) ;
#1817 = DIRECTION ( 'NONE',  ( 1.224646799147353207E-16, 1.000000000000000000, -0.000000000000000000 ) ) ;
#1818 = DIRECTION ( 'NONE',  ( -0.000000000000000000, -0.000000000000000000, -1.000000000000000000 ) ) ;
#1819 = FACE_OUTER_BOUND ( 'NONE', #989, .T. ) ;
#1820 = DIRECTION ( 'NONE',  ( -1.000000000000000000, 0.000000000000000000, 0.000000000000000000 ) ) ;
#1821 = EDGE_CURVE ( 'NONE', #1360, #2217, #2343, .T. ) ;
#1822 = MECHANICAL_DESIGN_GEOMETRIC_PRESENTATION_REPRESENTATION (  '', ( #1458 ), #1228 ) ;
#1823 = EDGE_CURVE ( 'NONE', #1143, #2116, #1602, .T. ) ;
#1824 = FACE_OUTER_BOUND ( 'NONE', #1361, .T. ) ;
#1825 = CARTESIAN_POINT ( 'NONE',  ( 25.39999999999999147, -7.620000000000000107, 12.69999999999999929 ) ) ;
#1826 = ORIENTED_EDGE ( 'NONE', *, *, #1110, .F. ) ;
#1827 = CIRCLE ( 'NONE', #2169, 1.000000000000000888 ) ;
#1828 = DIRECTION ( 'NONE',  ( -0.000000000000000000, -0.000000000000000000, -1.000000000000000000 ) ) ;
#1829 = CARTESIAN_POINT ( 'NONE',  ( -25.40000000000000213, 7.620000000000000107, 16.29999999999999716 ) ) ;
#1830 = CARTESIAN_POINT ( 'NONE',  ( -23.62000000000001521, -13.07999999999999474, 7.500000000000007105 ) ) ;
#1831 = VERTEX_POINT ( 'NONE', #898 ) ;
#1832 = CARTESIAN_POINT ( 'NONE',  ( -25.40000000000000213, 7.620000000000000107, 12.69999999999999929 ) ) ;
#1833 = ADVANCED_FACE ( 'NONE', ( #1312 ), #356, .T. ) ;
#1834 = VERTEX_POINT ( 'NONE', #2406 ) ;
#1835 = AXIS2_PLACEMENT_3D ( 'NONE', #52, #799, #403 ) ;
#1836 = CYLINDRICAL_SURFACE ( 'NONE', #968, 1.249999999999987121 ) ;
#1837 = AXIS2_PLACEMENT_3D ( 'NONE', #2042, #2375, #2385 ) ;
#1838 = AXIS2_PLACEMENT_3D ( 'NONE', #714, #908, #1290 ) ;
#1839 = EDGE_CURVE ( 'NONE', #1886, #2359, #1958, .T. ) ;
#1840 = CIRCLE ( 'NONE', #1285, 1.000000000000000888 ) ;
#1841 = CIRCLE ( 'NONE', #703, 0.5000000000000004441 ) ;
#1842 = DIRECTION ( 'NONE',  ( 0.000000000000000000, 0.000000000000000000, 1.000000000000000000 ) ) ;
#1843 = DIRECTION ( 'NONE',  ( 1.000000000000000000, 0.000000000000000000, -0.000000000000000000 ) ) ;
#1844 = ORIENTED_EDGE ( 'NONE', *, *, #1703, .T. ) ;
#1845 = ORIENTED_EDGE ( 'NONE', *, *, #2023, .F. ) ;
#1846 = CARTESIAN_POINT ( 'NONE',  ( -25.10000000000001208, -7.620000000000000107, 16.29999999999999716 ) ) ;
#1847 = DIRECTION ( 'NONE',  ( -0.000000000000000000, -0.000000000000000000, -1.000000000000000000 ) ) ;
#1848 = EDGE_LOOP ( 'NONE', ( #218, #769, #2407, #399 ) ) ;
#1849 = CARTESIAN_POINT ( 'NONE',  ( 28.94999999999999929, 18.40000000000000213, 0.000000000000000000 ) ) ;
#1850 = EDGE_CURVE ( 'NONE', #2224, #1295, #2393, .T. ) ;
#1851 = ADVANCED_FACE ( 'NONE', ( #523 ), #2010, .T. ) ;
#1852 = FACE_OUTER_BOUND ( 'NONE', #1898, .T. ) ;
#1853 = DIRECTION ( 'NONE',  ( -0.000000000000000000, -0.000000000000000000, -1.000000000000000000 ) ) ;
#1854 = CYLINDRICAL_SURFACE ( 'NONE', #2437, 1.249999999999987121 ) ;
#1855 = ORIENTED_EDGE ( 'NONE', *, *, #1130, .F. ) ;
#1856 = ORIENTED_EDGE ( 'NONE', *, *, #1424, .F. ) ;
#1857 = DIRECTION ( 'NONE',  ( -1.000000000000000000, 0.000000000000000000, 0.000000000000000000 ) ) ;
#1858 = ORIENTED_EDGE ( 'NONE', *, *, #562, .F. ) ;
#1859 = DIRECTION ( 'NONE',  ( -0.000000000000000000, -0.000000000000000000, -1.000000000000000000 ) ) ;
#1860 = ORIENTED_EDGE ( 'NONE', *, *, #1177, .F. ) ;
#1861 = AXIS2_PLACEMENT_3D ( 'NONE', #227, #203, #760 ) ;
#1862 = CARTESIAN_POINT ( 'NONE',  ( 28.44999999999999574, -17.89999999999999503, 12.00000000000000000 ) ) ;
#1863 = EDGE_CURVE ( 'NONE', #2416, #1501, #1136, .T. ) ;
#1864 = FILL_AREA_STYLE_COLOUR ( '', #998 ) ;
#1865 = ADVANCED_FACE ( 'NONE', ( #2241 ), #153, .T. ) ;
#1866 = CARTESIAN_POINT ( 'NONE',  ( 25.39999999999999147, -7.620000000000000107, 12.69999999999999929 ) ) ;
#1867 = ORIENTED_EDGE ( 'NONE', *, *, #186, .F. ) ;
#1868 = DIRECTION ( 'NONE',  ( -1.000000000000000000, 0.000000000000000000, -0.000000000000000000 ) ) ;
#1869 = CARTESIAN_POINT ( 'NONE',  ( 25.69999999999998863, -7.620000000000000107, 16.29999999999999716 ) ) ;
#1870 = EDGE_LOOP ( 'NONE', ( #261, #940, #776, #191 ) ) ;
#1871 = FILL_AREA_STYLE_COLOUR ( '', #1661 ) ;
#1872 = VECTOR ( 'NONE', #1373, 1000.000000000000000 ) ;
#1873 = EDGE_LOOP ( 'NONE', ( #214, #1469, #20, #15 ) ) ;
#1874 = AXIS2_PLACEMENT_3D ( 'NONE', #349, #526, #144 ) ;
#1875 = CARTESIAN_POINT ( 'NONE',  ( -25.40000000000000568, 3.810000000000000053, 16.29999999999999716 ) ) ;
#1876 = CIRCLE ( 'NONE', #664, 1.000000000000000888 ) ;
#1877 = CIRCLE ( 'NONE', #1248, 0.1999999999999987899 ) ;
#1878 = CYLINDRICAL_SURFACE ( 'NONE', #148, 1.000000000000000888 ) ;
#1879 = ORIENTED_EDGE ( 'NONE', *, *, #1823, .T. ) ;
#1880 = EDGE_LOOP ( 'NONE', ( #1454, #2140 ) ) ;
#1881 = AXIS2_PLACEMENT_3D ( 'NONE', #1585, #1387, #679 ) ;
#1882 = DIRECTION ( 'NONE',  ( 0.000000000000000000, 0.000000000000000000, 1.000000000000000000 ) ) ;
#1883 = LINE ( 'NONE', #211, #547 ) ;
#1884 = ORIENTED_EDGE ( 'NONE', *, *, #1592, .T. ) ;
#1885 = LINE ( 'NONE', #707, #2211 ) ;
#1886 = VERTEX_POINT ( 'NONE', #2037 ) ;
#1887 = DIRECTION ( 'NONE',  ( 0.000000000000000000, 0.000000000000000000, -1.000000000000000000 ) ) ;
#1888 = DIRECTION ( 'NONE',  ( 0.000000000000000000, -0.000000000000000000, -1.000000000000000000 ) ) ;
#1889 = DIRECTION ( 'NONE',  ( -0.8571673007021115565, 0.000000000000000000, -0.5150380749100554878 ) ) ;
#1890 = ORIENTED_EDGE ( 'NONE', *, *, #789, .F. ) ;
#1891 = VERTEX_POINT ( 'NONE', #740 ) ;
#1892 = LINE ( 'NONE', #1339, #1022 ) ;
#1893 = CARTESIAN_POINT ( 'NONE',  ( -25.40000000000000924, -7.620000000000000107, 16.10000000000000142 ) ) ;
#1894 = EDGE_CURVE ( 'NONE', #167, #1093, #1436, .T. ) ;
#1895 = ORIENTED_EDGE ( 'NONE', *, *, #592, .T. ) ;
#1896 = EDGE_CURVE ( 'NONE', #689, #1516, #939, .T. ) ;
#1897 = CARTESIAN_POINT ( 'NONE',  ( -25.40000000000000568, -3.810000000000000053, 16.10000000000000142 ) ) ;
#1898 = EDGE_LOOP ( 'NONE', ( #840, #1738, #431, #2038 ) ) ;
#1899 = CARTESIAN_POINT ( 'NONE',  ( 25.39999999999999503, -3.439973992959973982E-16, 12.00000000000000000 ) ) ;
#1900 = DIRECTION ( 'NONE',  ( 0.000000000000000000, 0.000000000000000000, -1.000000000000000000 ) ) ;
#1901 = SURFACE_STYLE_FILL_AREA ( #1151 ) ;
#1902 = CYLINDRICAL_SURFACE ( 'NONE', #2129, 1.249999999999987121 ) ;
#1903 = VECTOR ( 'NONE', #1082, 1000.000000000000000 ) ;
#1904 = EDGE_LOOP ( 'NONE', ( #795, #29 ) ) ;
#1905 = DIRECTION ( 'NONE',  ( 0.000000000000000000, 0.000000000000000000, -1.000000000000000000 ) ) ;
#1906 = CARTESIAN_POINT ( 'NONE',  ( 22.37000000000000099, -13.07999999999999652, 7.500000000000007105 ) ) ;
#1907 = VERTEX_POINT ( 'NONE', #923 ) ;
#1908 = CYLINDRICAL_SURFACE ( 'NONE', #1201, 0.5000000000000004441 ) ;
#1909 = EDGE_CURVE ( 'NONE', #1831, #1925, #1802, .T. ) ;
#1910 = ORIENTED_EDGE ( 'NONE', *, *, #1176, .T. ) ;
#1911 = AXIS2_PLACEMENT_3D ( 'NONE', #793, #1882, #210 ) ;
#1912 = FACE_BOUND ( 'NONE', #1011, .T. ) ;
#1913 = VECTOR ( 'NONE', #508, 1000.000000000000000 ) ;
#1914 = CARTESIAN_POINT ( 'NONE',  ( 26.39999999999999147, -7.620000000000000107, 12.69999999999999929 ) ) ;
#1915 = CIRCLE ( 'NONE', #2107, 1.000000000000000888 ) ;
#1916 = AXIS2_PLACEMENT_3D ( 'NONE', #1389, #1431, #876 ) ;
#1917 = DIRECTION ( 'NONE',  ( 0.000000000000000000, 0.000000000000000000, -1.000000000000000000 ) ) ;
#1918 = ORIENTED_EDGE ( 'NONE', *, *, #592, .F. ) ;
#1919 = VERTEX_POINT ( 'NONE', #1869 ) ;
#1920 = CIRCLE ( 'NONE', #200, 0.2999999999999981570 ) ;
#1921 = AXIS2_PLACEMENT_3D ( 'NONE', #2156, #1046, #1792 ) ;
#1922 = LINE ( 'NONE', #961, #2108 ) ;
#1923 = CARTESIAN_POINT ( 'NONE',  ( 25.39999999999999503, -3.439973992959973982E-16, 12.69999999999999929 ) ) ;
#1924 =( GEOMETRIC_REPRESENTATION_CONTEXT ( 3 ) GLOBAL_UNCERTAINTY_ASSIGNED_CONTEXT ( ( #2031 ) ) GLOBAL_UNIT_ASSIGNED_CONTEXT ( ( #1590, #285, #1025 ) ) REPRESENTATION_CONTEXT ( 'NONE', 'WORKASPACE' ) );
#1925 = VERTEX_POINT ( 'NONE', #572 ) ;
#1926 = DIRECTION ( 'NONE',  ( -1.000000000000000000, 0.000000000000000000, 0.000000000000000000 ) ) ;
#1927 = DIRECTION ( 'NONE',  ( 0.000000000000000000, 0.000000000000000000, -1.000000000000000000 ) ) ;
#1928 = VERTEX_POINT ( 'NONE', #2063 ) ;
#1929 = CARTESIAN_POINT ( 'NONE',  ( -25.40000000000000924, -7.620000000000000107, 16.29999999999999716 ) ) ;
#1930 = EDGE_CURVE ( 'NONE', #167, #1945, #1883, .T. ) ;
#1931 = DIRECTION ( 'NONE',  ( -0.000000000000000000, -0.000000000000000000, -1.000000000000000000 ) ) ;
#1932 =( LENGTH_UNIT ( ) NAMED_UNIT ( * ) SI_UNIT ( .MILLI., .METRE. ) );
#1933 = ORIENTED_EDGE ( 'NONE', *, *, #1583, .F. ) ;
#1934 = EDGE_LOOP ( 'NONE', ( #131, #1557, #805, #690 ) ) ;
#1935 = CARTESIAN_POINT ( 'NONE',  ( 25.39999999999999503, 7.620000000000000107, 12.69999999999999929 ) ) ;
#1936 = DIRECTION ( 'NONE',  ( 0.000000000000000000, 0.000000000000000000, 1.000000000000000000 ) ) ;
#1937 = ORIENTED_EDGE ( 'NONE', *, *, #1985, .T. ) ;
#1938 = CARTESIAN_POINT ( 'NONE',  ( -25.40000000000000924, -7.620000000000000107, 16.29999999999999716 ) ) ;
#1939 = FACE_OUTER_BOUND ( 'NONE', #1275, .T. ) ;
#1940 = VERTEX_POINT ( 'NONE', #346 ) ;
#1941 = AXIS2_PLACEMENT_3D ( 'NONE', #1875, #2234, #2411 ) ;
#1942 = FACE_OUTER_BOUND ( 'NONE', #2239, .T. ) ;
#1943 = ADVANCED_FACE ( 'NONE', ( #2198 ), #891, .F. ) ;
#1944 = ORIENTED_EDGE ( 'NONE', *, *, #1185, .T. ) ;
#1945 = VERTEX_POINT ( 'NONE', #963 ) ;
#1946 = DIRECTION ( 'NONE',  ( 0.000000000000000000, 0.000000000000000000, -1.000000000000000000 ) ) ;
#1947 = EDGE_LOOP ( 'NONE', ( #2088, #524 ) ) ;
#1948 = DIRECTION ( 'NONE',  ( -1.000000000000000000, 0.000000000000000000, -0.000000000000000000 ) ) ;
#1949 = PRESENTATION_LAYER_ASSIGNMENT (  '', '', ( #655 ) ) ;
#1950 = ORIENTED_EDGE ( 'NONE', *, *, #548, .F. ) ;
#1951 = VECTOR ( 'NONE', #674, 1000.000000000000000 ) ;
#1952 = DIRECTION ( 'NONE',  ( 1.000000000000000000, 0.000000000000000000, 0.000000000000000000 ) ) ;
#1953 = AXIS2_PLACEMENT_3D ( 'NONE', #958, #2079, #1732 ) ;
#1954 = DIRECTION ( 'NONE',  ( -1.000000000000000000, 0.000000000000000000, 0.000000000000000000 ) ) ;
#1955 = CARTESIAN_POINT ( 'NONE',  ( 25.69999999999999218, 7.620000000000000107, 16.10000000000000142 ) ) ;
#1956 = CARTESIAN_POINT ( 'NONE',  ( 23.61999999999998678, -13.07999999999999652, 7.500000000000007105 ) ) ;
#1957 = VERTEX_POINT ( 'NONE', #1564 ) ;
#1958 = CIRCLE ( 'NONE', #1212, 0.5000000000000004441 ) ;
#1959 = ADVANCED_FACE ( 'NONE', ( #2084 ), #28, .T. ) ;
#1960 = VECTOR ( 'NONE', #1095, 1000.000000000000000 ) ;
#1961 = EDGE_CURVE ( 'NONE', #379, #347, #1877, .T. ) ;
#1962 = CARTESIAN_POINT ( 'NONE',  ( -28.45000000000000995, 17.89999999999999503, 12.00000000000000000 ) ) ;
#1963 = AXIS2_PLACEMENT_3D ( 'NONE', #632, #246, #1374 ) ;
#1964 = ORIENTED_EDGE ( 'NONE', *, *, #1763, .T. ) ;
#1965 = CARTESIAN_POINT ( 'NONE',  ( 26.39999999999999503, -2.215327193812618556E-16, 12.69999999999999929 ) ) ;
#1966 = DIRECTION ( 'NONE',  ( -1.000000000000000000, 0.000000000000000000, 0.000000000000000000 ) ) ;
#1967 = DIRECTION ( 'NONE',  ( 9.427844978134821433E-17, 1.000000000000000000, -0.000000000000000000 ) ) ;
#1968 = CYLINDRICAL_SURFACE ( 'NONE', #784, 0.5000000000000004441 ) ;
#1969 = CARTESIAN_POINT ( 'NONE',  ( 25.39999999999999503, 7.620000000000000107, 12.00000000000000000 ) ) ;
#1970 = EDGE_CURVE ( 'NONE', #1302, #758, #2273, .T. ) ;
#1971 = DIRECTION ( 'NONE',  ( -0.000000000000000000, -0.000000000000000000, -1.000000000000000000 ) ) ;
#1972 = EDGE_CURVE ( 'NONE', #1756, #2059, #588, .T. ) ;
#1973 = ORIENTED_EDGE ( 'NONE', *, *, #51, .T. ) ;
#1974 = DIRECTION ( 'NONE',  ( 0.000000000000000000, 0.000000000000000000, -1.000000000000000000 ) ) ;
#1975 = CYLINDRICAL_SURFACE ( 'NONE', #2235, 0.5000000000000004441 ) ;
#1976 = CARTESIAN_POINT ( 'NONE',  ( 28.94999999999999929, 18.40000000000000213, 12.00000000000000000 ) ) ;
#1977 = CARTESIAN_POINT ( 'NONE',  ( 25.39999999999999503, -3.439973992959973982E-16, 16.29999999999999716 ) ) ;
#1978 = DIRECTION ( 'NONE',  ( -0.000000000000000000, -0.000000000000000000, -1.000000000000000000 ) ) ;
#1979 = AXIS2_PLACEMENT_3D ( 'NONE', #2274, #445, #1149 ) ;
#1980 = ORIENTED_EDGE ( 'NONE', *, *, #845, .F. ) ;
#1981 = DIRECTION ( 'NONE',  ( 1.000000000000000000, 0.000000000000000000, 0.000000000000000000 ) ) ;
#1982 = CARTESIAN_POINT ( 'NONE',  ( -23.62000000000001521, -13.07999999999999474, 7.500000000000007105 ) ) ;
#1983 = EDGE_LOOP ( 'NONE', ( #123, #1631, #611, #311 ) ) ;
#1984 = ORIENTED_EDGE ( 'NONE', *, *, #1353, .T. ) ;
#1985 = EDGE_CURVE ( 'NONE', #1180, #212, #979, .T. ) ;
#1986 = CARTESIAN_POINT ( 'NONE',  ( 24.86999999999998323, 13.08000000000000362, -1.402220585023716934E-15 ) ) ;
#1987 = CARTESIAN_POINT ( 'NONE',  ( -24.40000000000000568, 3.810000000000000053, 12.69999999999999929 ) ) ;
#1988 = FACE_OUTER_BOUND ( 'NONE', #693, .T. ) ;
#1989 = CIRCLE ( 'NONE', #438, 0.5000000000000004441 ) ;
#1990 = CARTESIAN_POINT ( 'NONE',  ( -25.40000000000000568, -3.810000000000000053, 16.29999999999999716 ) ) ;
#1991 = DIRECTION ( 'NONE',  ( -1.000000000000000000, 0.000000000000000000, 0.000000000000000000 ) ) ;
#1992 = AXIS2_PLACEMENT_3D ( 'NONE', #1825, #1630, #866 ) ;
#1993 = AXIS2_PLACEMENT_3D ( 'NONE', #1962, #841, #1421 ) ;
#1994 = EDGE_LOOP ( 'NONE', ( #2316, #1288 ) ) ;
#1995 = ORIENTED_EDGE ( 'NONE', *, *, #1060, .F. ) ;
#1996 = AXIS2_PLACEMENT_3D ( 'NONE', #584, #2304, #620 ) ;
#1997 = AXIS2_PLACEMENT_3D ( 'NONE', #2157, #1978, #1794 ) ;
#1998 = CARTESIAN_POINT ( 'NONE',  ( 25.39999999999999503, -3.439973992959973982E-16, 16.10000000000000142 ) ) ;
#1999 = ADVANCED_FACE ( 'NONE', ( #1377 ), #1761, .T. ) ;
#2000 = CARTESIAN_POINT ( 'NONE',  ( -28.44999999999998863, -18.40000000000000213, 0.000000000000000000 ) ) ;
#2001 = EDGE_CURVE ( 'NONE', #1199, #1211, #1920, .T. ) ;
#2002 = CARTESIAN_POINT ( 'NONE',  ( -24.40000000000000568, 1.224646799147355179E-16, 12.69999999999999929 ) ) ;
#2003 = CARTESIAN_POINT ( 'NONE',  ( -25.40000000000000568, 0.000000000000000000, 12.69999999999999929 ) ) ;
#2004 = DIRECTION ( 'NONE',  ( -1.000000000000000000, 0.000000000000000000, 0.000000000000000000 ) ) ;
#2005 = CARTESIAN_POINT ( 'NONE',  ( 25.39999999999999503, 7.620000000000000107, 16.10000000000000142 ) ) ;
#2006 = ADVANCED_FACE ( 'NONE', ( #433, #2283 ), #1155, .F. ) ;
#2007 = FILL_AREA_STYLE ('',( #2032 ) ) ;
#2008 = FACE_OUTER_BOUND ( 'NONE', #1870, .T. ) ;
#2009 = FACE_OUTER_BOUND ( 'NONE', #1814, .T. ) ;
#2010 = CYLINDRICAL_SURFACE ( 'NONE', #2188, 0.5000000000000004441 ) ;
#2011 = VERTEX_POINT ( 'NONE', #1906 ) ;
#2012 = CARTESIAN_POINT ( 'NONE',  ( -25.40000000000000568, -3.810000000000000053, 16.10000000000000142 ) ) ;
#2013 = DIRECTION ( 'NONE',  ( -0.000000000000000000, -0.000000000000000000, -1.000000000000000000 ) ) ;
#2014 = PRESENTATION_STYLE_ASSIGNMENT (( #519 ) ) ;
#2015 = AXIS2_PLACEMENT_3D ( 'NONE', #452, #48, #1948 ) ;
#2016 = DIRECTION ( 'NONE',  ( -0.000000000000000000, -0.000000000000000000, -1.000000000000000000 ) ) ;
#2017 = VERTEX_POINT ( 'NONE', #2266 ) ;
#2018 = AXIS2_PLACEMENT_3D ( 'NONE', #2387, #1441, #2195 ) ;
#2019 = FACE_BOUND ( 'NONE', #1947, .T. ) ;
#2020 = EDGE_CURVE ( 'NONE', #2034, #1380, #2112, .T. ) ;
#2021 = ORIENTED_EDGE ( 'NONE', *, *, #1554, .T. ) ;
#2022 = CIRCLE ( 'NONE', #1434, 0.1999999999999987899 ) ;
#2023 = EDGE_CURVE ( 'NONE', #1672, #2383, #666, .T. ) ;
#2024 = CIRCLE ( 'NONE', #820, 0.1999999999999987899 ) ;
#2025 = CIRCLE ( 'NONE', #398, 0.5000000000000004441 ) ;
#2026 = CIRCLE ( 'NONE', #358, 0.5000000000000004441 ) ;
#2027 = DIRECTION ( 'NONE',  ( 0.8571673007021115565, 1.049727191138617710E-16, -0.5150380749100554878 ) ) ;
#2028 = STYLED_ITEM ( 'NONE', ( #1163 ), #2399 ) ;
#2029 = APPLICATION_PROTOCOL_DEFINITION ( 'draft international standard', 'automotive_design', 1998, #1607 ) ;
#2030 = CARTESIAN_POINT ( 'NONE',  ( 23.61999999999998678, -13.07999999999999652, 7.500000000000007105 ) ) ;
#2031 = UNCERTAINTY_MEASURE_WITH_UNIT (LENGTH_MEASURE( 1.000000000000000082E-05 ), #1590, 'distance_accuracy_value', 'NONE');
#2032 = FILL_AREA_STYLE_COLOUR ( '', #732 ) ;
#2033 = CARTESIAN_POINT ( 'NONE',  ( 28.94999999999999574, -18.39999999999999503, 12.00000000000000000 ) ) ;
#2034 = VERTEX_POINT ( 'NONE', #46 ) ;
#2035 = ORIENTED_EDGE ( 'NONE', *, *, #681, .F. ) ;
#2036 = DIRECTION ( 'NONE',  ( -1.000000000000000000, 0.000000000000000000, 0.000000000000000000 ) ) ;
#2037 = CARTESIAN_POINT ( 'NONE',  ( 25.89999999999999503, -2.827650593386300707E-16, 12.69999999999999929 ) ) ;
#2038 = ORIENTED_EDGE ( 'NONE', *, *, #1896, .F. ) ;
#2039 = CARTESIAN_POINT ( 'NONE',  ( -26.40000000000000213, 7.620000000000000107, 12.69999999999999929 ) ) ;
#2040 = EDGE_CURVE ( 'NONE', #2110, #1352, #859, .T. ) ;
#2041 = ORIENTED_EDGE ( 'NONE', *, *, #88, .T. ) ;
#2042 = CARTESIAN_POINT ( 'NONE',  ( 28.44999999999999929, 17.90000000000000213, 0.000000000000000000 ) ) ;
#2043 = DIRECTION ( 'NONE',  ( -1.000000000000000000, 0.000000000000000000, 0.000000000000000000 ) ) ;
#2044 = COLOUR_RGB ( '',0.7921568627450980005, 0.8196078431372548767, 0.9333333333333333481 ) ;
#2045 = DIRECTION ( 'NONE',  ( 0.000000000000000000, 0.000000000000000000, -1.000000000000000000 ) ) ;
#2046 = ORIENTED_EDGE ( 'NONE', *, *, #844, .T. ) ;
#2047 = ORIENTED_EDGE ( 'NONE', *, *, #1203, .T. ) ;
#2048 = CARTESIAN_POINT ( 'NONE',  ( 0.000000000000000000, 0.000000000000000000, 12.00000000000000000 ) ) ;
#2049 = DIRECTION ( 'NONE',  ( 1.224646799147353207E-16, 1.000000000000000000, -0.000000000000000000 ) ) ;
#2050 = ORIENTED_EDGE ( 'NONE', *, *, #835, .T. ) ;
#2051 = DIRECTION ( 'NONE',  ( 0.000000000000000000, 0.000000000000000000, -1.000000000000000000 ) ) ;
#2052 = ORIENTED_EDGE ( 'NONE', *, *, #520, .F. ) ;
#2053 = CARTESIAN_POINT ( 'NONE',  ( -24.90000000000000568, -3.810000000000000053, 12.69999999999999929 ) ) ;
#2054 = ADVANCED_FACE ( 'NONE', ( #2096 ), #1528, .T. ) ;
#2055 = DIRECTION ( 'NONE',  ( -1.000000000000000000, 0.000000000000000000, 0.000000000000000000 ) ) ;
#2056 = ADVANCED_FACE ( 'NONE', ( #1737 ), #1968, .T. ) ;
#2057 = DIRECTION ( 'NONE',  ( 0.000000000000000000, 0.000000000000000000, 1.000000000000000000 ) ) ;
#2058 = CYLINDRICAL_SURFACE ( 'NONE', #446, 1.000000000000000888 ) ;
#2059 = VERTEX_POINT ( 'NONE', #130 ) ;
#2060 = EDGE_LOOP ( 'NONE', ( #2334, #2324 ) ) ;
#2061 = VECTOR ( 'NONE', #2285, 1000.000000000000000 ) ;
#2062 = CYLINDRICAL_SURFACE ( 'NONE', #244, 1.000000000000000888 ) ;
#2063 = CARTESIAN_POINT ( 'NONE',  ( 24.39999999999999503, -3.439973992959973982E-16, 12.00000000000000000 ) ) ;
#2064 = ORIENTED_EDGE ( 'NONE', *, *, #495, .F. ) ;
#2065 = ORIENTED_EDGE ( 'NONE', *, *, #528, .F. ) ;
#2066 = AXIS2_PLACEMENT_3D ( 'NONE', #253, #375, #832 ) ;
#2067 = AXIS2_PLACEMENT_3D ( 'NONE', #2414, #905, #932 ) ;
#2068 = EDGE_CURVE ( 'NONE', #1616, #1785, #1088, .T. ) ;
#2069 = CARTESIAN_POINT ( 'NONE',  ( 24.89999999999999147, -7.620000000000000107, 16.29999999999999716 ) ) ;
#2070 = EDGE_CURVE ( 'NONE', #1156, #379, #1405, .T. ) ;
#2071 = ORIENTED_EDGE ( 'NONE', *, *, #1305, .F. ) ;
#2072 = ORIENTED_EDGE ( 'NONE', *, *, #37, .F. ) ;
#2073 = FACE_OUTER_BOUND ( 'NONE', #1299, .T. ) ;
#2074 = DIRECTION ( 'NONE',  ( -1.000000000000000000, 0.000000000000000000, 0.000000000000000000 ) ) ;
#2075 = EDGE_LOOP ( 'NONE', ( #1493, #58, #1475, #1388 ) ) ;
#2076 = CARTESIAN_POINT ( 'NONE',  ( 26.39999999999999503, 7.620000000000000107, 12.69999999999999929 ) ) ;
#2077 = ORIENTED_EDGE ( 'NONE', *, *, #437, .T. ) ;
#2078 = DIRECTION ( 'NONE',  ( 0.000000000000000000, 0.000000000000000000, 1.000000000000000000 ) ) ;
#2079 = DIRECTION ( 'NONE',  ( -0.000000000000000000, -0.000000000000000000, -1.000000000000000000 ) ) ;
#2080 = CYLINDRICAL_SURFACE ( 'NONE', #402, 1.249999999999987121 ) ;
#2081 = ORIENTED_EDGE ( 'NONE', *, *, #1126, .T. ) ;
#2082 = ORIENTED_EDGE ( 'NONE', *, *, #681, .T. ) ;
#2083 = EDGE_CURVE ( 'NONE', #347, #1919, #1722, .T. ) ;
#2084 = FACE_OUTER_BOUND ( 'NONE', #2143, .T. ) ;
#2085 = EDGE_LOOP ( 'NONE', ( #868, #960, #22, #660 ) ) ;
#2086 = CIRCLE ( 'NONE', #1036, 0.5000000000000004441 ) ;
#2087 = CARTESIAN_POINT ( 'NONE',  ( -28.45000000000000639, 18.39999999999999503, 12.00000000000000000 ) ) ;
#2088 = ORIENTED_EDGE ( 'NONE', *, *, #2020, .T. ) ;
#2089 = CARTESIAN_POINT ( 'NONE',  ( -26.40000000000000568, 0.000000000000000000, 12.69999999999999929 ) ) ;
#2090 = CIRCLE ( 'NONE', #1861, 0.2999999999999981570 ) ;
#2091 = DIRECTION ( 'NONE',  ( 0.000000000000000000, 0.000000000000000000, -1.000000000000000000 ) ) ;
#2092 = DIRECTION ( 'NONE',  ( 0.000000000000000000, 0.000000000000000000, 1.000000000000000000 ) ) ;
#2093 = ORIENTED_EDGE ( 'NONE', *, *, #833, .F. ) ;
#2094 = VERTEX_POINT ( 'NONE', #1073 ) ;
#2095 = CARTESIAN_POINT ( 'NONE',  ( -25.40000000000000213, 7.620000000000000107, 12.69999999999999929 ) ) ;
#2096 = FACE_OUTER_BOUND ( 'NONE', #1562, .T. ) ;
#2097 = VERTEX_POINT ( 'NONE', #116 ) ;
#2098 = CARTESIAN_POINT ( 'NONE',  ( -25.40000000000000924, -7.620000000000000107, 12.69999999999999929 ) ) ;
#2099 = EDGE_CURVE ( 'NONE', #2011, #895, #1284, .T. ) ;
#2100 = DIRECTION ( 'NONE',  ( 0.000000000000000000, 0.000000000000000000, -1.000000000000000000 ) ) ;
#2101 = EDGE_CURVE ( 'NONE', #808, #1907, #2230, .T. ) ;
#2102 = ORIENTED_EDGE ( 'NONE', *, *, #2335, .F. ) ;
#2103 = VECTOR ( 'NONE', #930, 1000.000000000000000 ) ;
#2104 = DIRECTION ( 'NONE',  ( 0.000000000000000000, 0.000000000000000000, 1.000000000000000000 ) ) ;
#2105 = CIRCLE ( 'NONE', #1399, 0.5000000000000004441 ) ;
#2106 = DIRECTION ( 'NONE',  ( -1.000000000000000000, 0.000000000000000000, 0.000000000000000000 ) ) ;
#2107 = AXIS2_PLACEMENT_3D ( 'NONE', #1040, #2184, #2004 ) ;
#2108 = VECTOR ( 'NONE', #262, 1000.000000000000000 ) ;
#2109 = CARTESIAN_POINT ( 'NONE',  ( -25.40000000000000924, -7.620000000000000107, 16.10000000000000142 ) ) ;
#2110 = VERTEX_POINT ( 'NONE', #839 ) ;
#2111 = ORIENTED_EDGE ( 'NONE', *, *, #1294, .T. ) ;
#2112 = CIRCLE ( 'NONE', #1568, 1.000000000000000888 ) ;
#2113 = DIRECTION ( 'NONE',  ( 1.000000000000000000, 0.000000000000000000, 0.000000000000000000 ) ) ;
#2114 = CARTESIAN_POINT ( 'NONE',  ( 25.39999999999999503, 7.620000000000000107, 12.69999999999999929 ) ) ;
#2115 = TOROIDAL_SURFACE ( 'NONE', #515, 0.2999999999999991562, 0.2000000000000000111 ) ;
#2116 = VERTEX_POINT ( 'NONE', #500 ) ;
#2117 = DIRECTION ( 'NONE',  ( -0.000000000000000000, -0.000000000000000000, -1.000000000000000000 ) ) ;
#2118 = CARTESIAN_POINT ( 'NONE',  ( 23.61999999999999389, 13.08000000000000362, -1.402220585023716934E-15 ) ) ;
#2119 = ORIENTED_EDGE ( 'NONE', *, *, #1731, .F. ) ;
#2120 = ADVANCED_FACE ( 'NONE', ( #1219 ), #1481, .T. ) ;
#2121 = EDGE_CURVE ( 'NONE', #1957, #1050, #2181, .T. ) ;
#2122 = DIRECTION ( 'NONE',  ( -1.000000000000000000, 0.000000000000000000, 0.000000000000000000 ) ) ;
#2123 = ORIENTED_EDGE ( 'NONE', *, *, #2382, .F. ) ;
#2124 = ORIENTED_EDGE ( 'NONE', *, *, #1273, .F. ) ;
#2125 = CARTESIAN_POINT ( 'NONE',  ( -25.40000000000000568, -3.810000000000000053, 12.00000000000000000 ) ) ;
#2126 = ORIENTED_EDGE ( 'NONE', *, *, #875, .T. ) ;
#2127 = FACE_OUTER_BOUND ( 'NONE', #825, .T. ) ;
#2128 = VERTEX_POINT ( 'NONE', #643 ) ;
#2129 = AXIS2_PLACEMENT_3D ( 'NONE', #1768, #1818, #1954 ) ;
#2130 = AXIS2_PLACEMENT_3D ( 'NONE', #2030, #1853, #176 ) ;
#2131 = LINE ( 'NONE', #858, #2350 ) ;
#2132 = EDGE_CURVE ( 'NONE', #723, #1376, #2341, .T. ) ;
#2133 = DIRECTION ( 'NONE',  ( -0.000000000000000000, -0.000000000000000000, -1.000000000000000000 ) ) ;
#2134 = DIRECTION ( 'NONE',  ( 0.000000000000000000, -0.000000000000000000, -1.000000000000000000 ) ) ;
#2135 = ADVANCED_FACE ( 'NONE', ( #1028 ), #851, .T. ) ;
#2136 = EDGE_LOOP ( 'NONE', ( #1667, #557 ) ) ;
#2137 = CIRCLE ( 'NONE', #1745, 0.2999999999999981570 ) ;
#2138 = DIRECTION ( 'NONE',  ( 0.000000000000000000, -0.000000000000000000, -1.000000000000000000 ) ) ;
#2139 = DIRECTION ( 'NONE',  ( -0.000000000000000000, -0.000000000000000000, -1.000000000000000000 ) ) ;
#2140 = ORIENTED_EDGE ( 'NONE', *, *, #424, .F. ) ;
#2141 = LINE ( 'NONE', #1207, #1677 ) ;
#2142 = DIRECTION ( 'NONE',  ( -0.000000000000000000, -0.000000000000000000, -1.000000000000000000 ) ) ;
#2143 = EDGE_LOOP ( 'NONE', ( #1202, #589, #1343, #1973 ) ) ;
#2144 = CARTESIAN_POINT ( 'NONE',  ( -25.40000000000000568, 3.810000000000000053, 12.69999999999999929 ) ) ;
#2145 = DIRECTION ( 'NONE',  ( -0.000000000000000000, -0.000000000000000000, -1.000000000000000000 ) ) ;
#2146 = AXIS2_PLACEMENT_3D ( 'NONE', #1546, #256, #567 ) ;
#2147 = EDGE_CURVE ( 'NONE', #1096, #967, #1595, .T. ) ;
#2148 = DIRECTION ( 'NONE',  ( 0.000000000000000000, 0.000000000000000000, -1.000000000000000000 ) ) ;
#2149 = AXIS2_PLACEMENT_3D ( 'NONE', #222, #232, #975 ) ;
#2150 = AXIS2_PLACEMENT_3D ( 'NONE', #917, #1467, #2215 ) ;
#2151 = CARTESIAN_POINT ( 'NONE',  ( -25.40000000000000924, -7.620000000000000107, 16.10000000000000142 ) ) ;
#2152 = VECTOR ( 'NONE', #64, 1000.000000000000000 ) ;
#2153 = ORIENTED_EDGE ( 'NONE', *, *, #1961, .F. ) ;
#2154 = PRODUCT_DEFINITION_FORMATION_WITH_SPECIFIED_SOURCE ( '任何', '', #637, .NOT_KNOWN. ) ;
#2155 = CARTESIAN_POINT ( 'NONE',  ( -25.40000000000000568, -3.810000000000000053, 12.69999999999999929 ) ) ;
#2156 = CARTESIAN_POINT ( 'NONE',  ( -25.40000000000000924, -7.620000000000000107, 12.69999999999999929 ) ) ;
#2157 = CARTESIAN_POINT ( 'NONE',  ( -23.62000000000001521, -13.07999999999999474, 7.500000000000007105 ) ) ;
#2158 = ADVANCED_FACE ( 'NONE', ( #1204 ), #2354, .T. ) ;
#2159 = CARTESIAN_POINT ( 'NONE',  ( -25.70000000000000284, 3.810000000000000053, 16.10000000000000142 ) ) ;
#2160 = ADVANCED_FACE ( 'NONE', ( #82 ), #2115, .T. ) ;
#2161 = ORIENTED_EDGE ( 'NONE', *, *, #443, .F. ) ;
#2162 = ADVANCED_FACE ( 'NONE', ( #321 ), #287, .F. ) ;
#2163 = CIRCLE ( 'NONE', #683, 1.000000000000000888 ) ;
#2164 = DIRECTION ( 'NONE',  ( -1.000000000000000000, 0.000000000000000000, -0.000000000000000000 ) ) ;
#2165 = DIRECTION ( 'NONE',  ( -1.000000000000000000, 0.000000000000000000, 0.000000000000000000 ) ) ;
#2166 = VECTOR ( 'NONE', #1317, 1000.000000000000000 ) ;
#2167 = CYLINDRICAL_SURFACE ( 'NONE', #192, 1.000000000000000888 ) ;
#2168 = DIRECTION ( 'NONE',  ( 1.000000000000000000, 0.000000000000000000, 0.000000000000000000 ) ) ;
#2169 = AXIS2_PLACEMENT_3D ( 'NONE', #1899, #788, #946 ) ;
#2170 = DIRECTION ( 'NONE',  ( 1.000000000000000000, 0.000000000000000000, 0.000000000000000000 ) ) ;
#2171 = DIRECTION ( 'NONE',  ( -0.000000000000000000, -0.000000000000000000, -1.000000000000000000 ) ) ;
#2172 = EDGE_LOOP ( 'NONE', ( #223, #1322 ) ) ;
#2173 = ORIENTED_EDGE ( 'NONE', *, *, #608, .F. ) ;
#2174 = EDGE_CURVE ( 'NONE', #2017, #1588, #2277, .T. ) ;
#2175 = EDGE_CURVE ( 'NONE', #2383, #1672, #202, .T. ) ;
#2176 = CARTESIAN_POINT ( 'NONE',  ( -25.40000000000000568, 3.810000000000000053, 16.10000000000000142 ) ) ;
#2177 = SHAPE_DEFINITION_REPRESENTATION ( #792, #101 ) ;
#2178 = SURFACE_STYLE_USAGE ( .BOTH. , #304 ) ;
#2179 = FACE_OUTER_BOUND ( 'NONE', #2172, .T. ) ;
#2180 = AXIS2_PLACEMENT_3D ( 'NONE', #294, #1417, #1043 ) ;
#2181 = LINE ( 'NONE', #289, #1369 ) ;
#2182 = AXIS2_PLACEMENT_3D ( 'NONE', #1174, #1927, #1371 ) ;
#2183 = DIRECTION ( 'NONE',  ( -0.000000000000000000, -0.000000000000000000, -1.000000000000000000 ) ) ;
#2184 = DIRECTION ( 'NONE',  ( 0.000000000000000000, -0.000000000000000000, -1.000000000000000000 ) ) ;
#2185 = TOROIDAL_SURFACE ( 'NONE', #2066, 0.2999999999999990452, 0.2000000000000000111 ) ;
#2186 = CIRCLE ( 'NONE', #1210, 0.5000000000000004441 ) ;
#2187 = EDGE_LOOP ( 'NONE', ( #1181, #434, #1682, #2328 ) ) ;
#2188 = AXIS2_PLACEMENT_3D ( 'NONE', #18, #1687, #1488 ) ;
#2189 = AXIS2_PLACEMENT_3D ( 'NONE', #688, #470, #673 ) ;
#2190 = ADVANCED_FACE ( 'NONE', ( #2196 ), #2058, .T. ) ;
#2191 = PRESENTATION_LAYER_ASSIGNMENT (  '', '', ( #2360 ) ) ;
#2192 = CARTESIAN_POINT ( 'NONE',  ( -23.62000000000001521, -13.07999999999999474, -1.402220585023716934E-15 ) ) ;
#2193 = CARTESIAN_POINT ( 'NONE',  ( 0.000000000000000000, 0.000000000000000000, 0.000000000000000000 ) ) ;
#2194 = FILL_AREA_STYLE ('',( #1864 ) ) ;
#2195 = DIRECTION ( 'NONE',  ( 0.000000000000000000, 0.000000000000000000, -1.000000000000000000 ) ) ;
#2196 = FACE_OUTER_BOUND ( 'NONE', #638, .T. ) ;
#2197 = FACE_BOUND ( 'NONE', #1552, .T. ) ;
#2198 = FACE_OUTER_BOUND ( 'NONE', #2270, .T. ) ;
#2199 = ORIENTED_EDGE ( 'NONE', *, *, #1381, .T. ) ;
#2200 = DIRECTION ( 'NONE',  ( -1.000000000000000000, 0.000000000000000000, 0.000000000000000000 ) ) ;
#2201 = DIRECTION ( 'NONE',  ( 1.000000000000000000, 0.000000000000000000, 0.000000000000000000 ) ) ;
#2202 = ADVANCED_FACE ( 'NONE', ( #2008 ), #744, .T. ) ;
#2203 = DIRECTION ( 'NONE',  ( 1.000000000000000000, 1.198427271831991233E-16, -0.000000000000000000 ) ) ;
#2204 = ADVANCED_FACE ( 'NONE', ( #885 ), #389, .F. ) ;
#2205 = CARTESIAN_POINT ( 'NONE',  ( -28.95000000000000995, 17.89999999999999503, 12.00000000000000000 ) ) ;
#2206 = ADVANCED_FACE ( 'NONE', ( #1442 ), #521, .F. ) ;
#2207 = ORIENTED_EDGE ( 'NONE', *, *, #2070, .T. ) ;
#2208 = DIRECTION ( 'NONE',  ( 1.000000000000000000, 0.000000000000000000, -0.000000000000000000 ) ) ;
#2209 = CARTESIAN_POINT ( 'NONE',  ( -25.40000000000000568, 0.000000000000000000, 16.29999999999999716 ) ) ;
#2210 = ORIENTED_EDGE ( 'NONE', *, *, #1220, .F. ) ;
#2211 = VECTOR ( 'NONE', #1265, 1000.000000000000000 ) ;
#2212 = CARTESIAN_POINT ( 'NONE',  ( -24.90000000000000213, 7.620000000000000107, 12.69999999999999929 ) ) ;
#2213 = DIRECTION ( 'NONE',  ( -0.000000000000000000, -0.000000000000000000, -1.000000000000000000 ) ) ;
#2214 = CARTESIAN_POINT ( 'NONE',  ( -23.62000000000001521, -13.07999999999999474, 0.000000000000000000 ) ) ;
#2215 = DIRECTION ( 'NONE',  ( 0.000000000000000000, 0.000000000000000000, -1.000000000000000000 ) ) ;
#2216 = CARTESIAN_POINT ( 'NONE',  ( 25.69999999999999218, 7.620000000000000107, 16.29999999999999716 ) ) ;
#2217 = VERTEX_POINT ( 'NONE', #1483 ) ;
#2218 = ORIENTED_EDGE ( 'NONE', *, *, #1839, .F. ) ;
#2219 = EDGE_CURVE ( 'NONE', #713, #1376, #982, .T. ) ;
#2220 = EDGE_CURVE ( 'NONE', #1360, #1096, #1841, .T. ) ;
#2221 = AXIS2_PLACEMENT_3D ( 'NONE', #778, #1002, #813 ) ;
#2222 = FACE_OUTER_BOUND ( 'NONE', #1498, .T. ) ;
#2223 = CARTESIAN_POINT ( 'NONE',  ( -25.40000000000000924, -7.620000000000000107, 12.00000000000000000 ) ) ;
#2224 = VERTEX_POINT ( 'NONE', #351 ) ;
#2225 = CIRCLE ( 'NONE', #1673, 0.5000000000000004441 ) ;
#2226 = CARTESIAN_POINT ( 'NONE',  ( 25.39999999999999147, -7.620000000000000107, 16.10000000000000142 ) ) ;
#2227 = AXIS2_PLACEMENT_3D ( 'NONE', #339, #1076, #992 ) ;
#2228 = CIRCLE ( 'NONE', #1600, 0.2999999999999981570 ) ;
#2229 = ORIENTED_EDGE ( 'NONE', *, *, #209, .T. ) ;
#2230 = CIRCLE ( 'NONE', #117, 1.000000000000000888 ) ;
#2231 = AXIS2_PLACEMENT_3D ( 'NONE', #1935, #1905, #1748 ) ;
#2232 = DIRECTION ( 'NONE',  ( -0.000000000000000000, -0.000000000000000000, -1.000000000000000000 ) ) ;
#2233 = MECHANICAL_DESIGN_GEOMETRIC_PRESENTATION_REPRESENTATION (  '', ( #787 ), #1214 ) ;
#2234 = DIRECTION ( 'NONE',  ( 0.000000000000000000, 0.000000000000000000, 1.000000000000000000 ) ) ;
#2235 = AXIS2_PLACEMENT_3D ( 'NONE', #870, #2133, #2165 ) ;
#2236 = DIRECTION ( 'NONE',  ( -1.000000000000000000, 0.000000000000000000, 0.000000000000000000 ) ) ;
#2237 = DIRECTION ( 'NONE',  ( -1.885568995626964040E-16, 1.000000000000000000, 0.000000000000000000 ) ) ;
#2238 = EDGE_LOOP ( 'NONE', ( #277, #172 ) ) ;
#2239 = EDGE_LOOP ( 'NONE', ( #1068, #68 ) ) ;
#2240 = FACE_OUTER_BOUND ( 'NONE', #628, .T. ) ;
#2241 = FACE_OUTER_BOUND ( 'NONE', #1698, .T. ) ;
#2242 = ORIENTED_EDGE ( 'NONE', *, *, #387, .F. ) ;
#2243 = FACE_OUTER_BOUND ( 'NONE', #812, .T. ) ;
#2244 = EDGE_CURVE ( 'NONE', #352, #259, #894, .T. ) ;
#2245 = EDGE_CURVE ( 'NONE', #352, #2097, #1573, .T. ) ;
#2246 = ORIENTED_EDGE ( 'NONE', *, *, #1821, .T. ) ;
#2247 = DIRECTION ( 'NONE',  ( 0.000000000000000000, 0.000000000000000000, -1.000000000000000000 ) ) ;
#2248 = DIRECTION ( 'NONE',  ( 0.000000000000000000, 0.000000000000000000, -1.000000000000000000 ) ) ;
#2249 = FILL_AREA_STYLE ('',( #1497 ) ) ;
#2250 = EDGE_LOOP ( 'NONE', ( #973, #570, #1933, #1826 ) ) ;
#2251 = VERTEX_POINT ( 'NONE', #2205 ) ;
#2252 = DIRECTION ( 'NONE',  ( -0.000000000000000000, -0.000000000000000000, -1.000000000000000000 ) ) ;
#2253 = CONICAL_SURFACE ( 'NONE', #1192, 1.249999999999987121, 1.029744258676652979 ) ;
#2254 = EDGE_LOOP ( 'NONE', ( #207, #684, #237, #2435 ) ) ;
#2255 = VECTOR ( 'NONE', #969, 1000.000000000000000 ) ;
#2256 = ORIENTED_EDGE ( 'NONE', *, *, #1503, .F. ) ;
#2257 = EDGE_CURVE ( 'NONE', #561, #1115, #1114, .T. ) ;
#2258 = EDGE_CURVE ( 'NONE', #1352, #2110, #479, .T. ) ;
#2259 = DIRECTION ( 'NONE',  ( 0.000000000000000000, -0.000000000000000000, -1.000000000000000000 ) ) ;
#2260 = DIRECTION ( 'NONE',  ( -0.000000000000000000, -0.000000000000000000, -1.000000000000000000 ) ) ;
#2261 = DIRECTION ( 'NONE',  ( 1.000000000000000000, 0.000000000000000000, 0.000000000000000000 ) ) ;
#2262 = DIRECTION ( 'NONE',  ( -0.000000000000000000, -0.000000000000000000, 1.000000000000000000 ) ) ;
#2263 = ORIENTED_EDGE ( 'NONE', *, *, #456, .T. ) ;
#2264 = EDGE_LOOP ( 'NONE', ( #454, #1051 ) ) ;
#2265 = FACE_OUTER_BOUND ( 'NONE', #801, .T. ) ;
#2266 = CARTESIAN_POINT ( 'NONE',  ( -24.40000000000000568, 1.224646799147355672E-16, 12.00000000000000000 ) ) ;
#2267 = VERTEX_POINT ( 'NONE', #165 ) ;
#2268 = CARTESIAN_POINT ( 'NONE',  ( -25.40000000000000568, 3.810000000000000053, 12.69999999999999929 ) ) ;
#2269 = CIRCLE ( 'NONE', #506, 1.000000000000000888 ) ;
#2270 = EDGE_LOOP ( 'NONE', ( #2419, #2050, #1425 ) ) ;
#2271 = AXIS2_PLACEMENT_3D ( 'NONE', #2176, #2213, #537 ) ;
#2272 = CIRCLE ( 'NONE', #2428, 0.2999999999999981570 ) ;
#2273 = CIRCLE ( 'NONE', #1133, 0.5000000000000004441 ) ;
#2274 = CARTESIAN_POINT ( 'NONE',  ( -25.40000000000000568, 0.000000000000000000, 12.69999999999999929 ) ) ;
#2275 = VECTOR ( 'NONE', #1724, 1000.000000000000000 ) ;
#2276 = EDGE_CURVE ( 'NONE', #43, #1372, #1681, .T. ) ;
#2277 = CIRCLE ( 'NONE', #942, 1.000000000000000888 ) ;
#2278 = DIRECTION ( 'NONE',  ( 1.000000000000000000, 0.000000000000000000, 0.000000000000000000 ) ) ;
#2279 = EDGE_LOOP ( 'NONE', ( #2153, #1223, #634, #1168 ) ) ;
#2280 = EDGE_CURVE ( 'NONE', #596, #1831, #2320, .T. ) ;
#2281 = ORIENTED_EDGE ( 'NONE', *, *, #2219, .T. ) ;
#2282 = FACE_OUTER_BOUND ( 'NONE', #1620, .T. ) ;
#2283 = FACE_OUTER_BOUND ( 'NONE', #2420, .T. ) ;
#2284 = VERTEX_POINT ( 'NONE', #2216 ) ;
#2285 = DIRECTION ( 'NONE',  ( 0.000000000000000000, 0.000000000000000000, -1.000000000000000000 ) ) ;
#2286 = VERTEX_POINT ( 'NONE', #542 ) ;
#2287 = FACE_OUTER_BOUND ( 'NONE', #751, .T. ) ;
#2288 = DIRECTION ( 'NONE',  ( 0.000000000000000000, -1.000000000000000000, 0.000000000000000000 ) ) ;
#2289 = MANIFOLD_SOLID_BREP ( 'M3 螺纹孔1', #1416 ) ;
#2290 = DIRECTION ( 'NONE',  ( 0.000000000000000000, 0.000000000000000000, 1.000000000000000000 ) ) ;
#2291 = ORIENTED_EDGE ( 'NONE', *, *, #495, .T. ) ;
#2292 = EDGE_LOOP ( 'NONE', ( #618, #621 ) ) ;
#2293 = ADVANCED_FACE ( 'NONE', ( #1535 ), #1023, .T. ) ;
#2294 = DIRECTION ( 'NONE',  ( 0.000000000000000000, 0.000000000000000000, 1.000000000000000000 ) ) ;
#2295 = DIRECTION ( 'NONE',  ( -1.000000000000000000, 0.000000000000000000, 0.000000000000000000 ) ) ;
#2296 = EDGE_LOOP ( 'NONE', ( #1890, #1041, #1813, #1800 ) ) ;
#2297 = CARTESIAN_POINT ( 'NONE',  ( 25.39999999999999147, -7.620000000000000107, 16.29999999999999716 ) ) ;
#2298 = EDGE_LOOP ( 'NONE', ( #371, #906, #2281 ) ) ;
#2299 = DIRECTION ( 'NONE',  ( 1.000000000000000000, 0.000000000000000000, 0.000000000000000000 ) ) ;
#2300 = CARTESIAN_POINT ( 'NONE',  ( -25.40000000000000213, 7.620000000000000107, 16.29999999999999716 ) ) ;
#2301 = CARTESIAN_POINT ( 'NONE',  ( -25.40000000000000568, -3.810000000000000053, 16.29999999999999716 ) ) ;
#2302 = EDGE_LOOP ( 'NONE', ( #226, #1385, #1191, #360 ) ) ;
#2303 = CARTESIAN_POINT ( 'NONE',  ( 25.39999999999999147, -7.620000000000000107, 16.10000000000000142 ) ) ;
#2304 = DIRECTION ( 'NONE',  ( -0.000000000000000000, -0.000000000000000000, -1.000000000000000000 ) ) ;
#2305 = EDGE_CURVE ( 'NONE', #1907, #2094, #997, .T. ) ;
#2306 = EDGE_LOOP ( 'NONE', ( #457, #1579, #1743, #1766 ) ) ;
#2307 = EDGE_CURVE ( 'NONE', #1588, #2017, #157, .T. ) ;
#2308 = DIRECTION ( 'NONE',  ( -1.000000000000000000, 0.000000000000000000, 0.000000000000000000 ) ) ;
#2309 = CARTESIAN_POINT ( 'NONE',  ( 24.39999999999999503, 7.620000000000000107, 12.00000000000000000 ) ) ;
#2310 = ORIENTED_EDGE ( 'NONE', *, *, #40, .T. ) ;
#2311 = CIRCLE ( 'NONE', #1560, 1.000000000000000888 ) ;
#2312 = CARTESIAN_POINT ( 'NONE',  ( -24.40000000000000568, 3.810000000000000053, 12.00000000000000000 ) ) ;
#2313 = AXIS2_PLACEMENT_3D ( 'NONE', #807, #575, #1570 ) ;
#2314 = AXIS2_PLACEMENT_3D ( 'NONE', #1832, #1444, #2405 ) ;
#2315 = DIRECTION ( 'NONE',  ( 0.000000000000000000, -0.000000000000000000, -1.000000000000000000 ) ) ;
#2316 = ORIENTED_EDGE ( 'NONE', *, *, #985, .T. ) ;
#2317 = ORIENTED_EDGE ( 'NONE', *, *, #173, .T. ) ;
#2318 = CARTESIAN_POINT ( 'NONE',  ( -25.40000000000000924, -7.620000000000000107, 12.69999999999999929 ) ) ;
#2319 = CARTESIAN_POINT ( 'NONE',  ( 25.09999999999999432, -7.620000000000000107, 16.10000000000000142 ) ) ;
#2320 = CIRCLE ( 'NONE', #2067, 0.5000000000000004441 ) ;
#2321 = ORIENTED_EDGE ( 'NONE', *, *, #2336, .T. ) ;
#2322 = CARTESIAN_POINT ( 'NONE',  ( -28.95000000000000995, 17.89999999999999503, 12.00000000000000000 ) ) ;
#2323 = LINE ( 'NONE', #1740, #818 ) ;
#2324 = ORIENTED_EDGE ( 'NONE', *, *, #639, .F. ) ;
#2325 = DIRECTION ( 'NONE',  ( 0.000000000000000000, 0.000000000000000000, 1.000000000000000000 ) ) ;
#2326 = CARTESIAN_POINT ( 'NONE',  ( 25.39999999999999503, 7.620000000000000107, 12.69999999999999929 ) ) ;
#2327 = LINE ( 'NONE', #92, #59 ) ;
#2328 = ORIENTED_EDGE ( 'NONE', *, *, #407, .F. ) ;
#2329 = CARTESIAN_POINT ( 'NONE',  ( -25.40000000000000924, -7.620000000000000107, 12.00000000000000000 ) ) ;
#2330 = DIRECTION ( 'NONE',  ( -0.000000000000000000, -0.000000000000000000, -1.000000000000000000 ) ) ;
#2331 = EDGE_LOOP ( 'NONE', ( #919, #471, #1736, #419 ) ) ;
#2332 = DIRECTION ( 'NONE',  ( 0.000000000000000000, -0.000000000000000000, -1.000000000000000000 ) ) ;
#2333 = CARTESIAN_POINT ( 'NONE',  ( -25.40000000000000213, 7.620000000000000107, 16.29999999999999716 ) ) ;
#2334 = ORIENTED_EDGE ( 'NONE', *, *, #224, .F. ) ;
#2335 = EDGE_CURVE ( 'NONE', #1093, #1516, #1530, .T. ) ;
#2336 = EDGE_CURVE ( 'NONE', #1144, #2267, #1129, .T. ) ;
#2337 = SURFACE_SIDE_STYLE ('',( #1575 ) ) ;
#2338 = DIRECTION ( 'NONE',  ( 1.000000000000000000, 0.000000000000000000, 0.000000000000000000 ) ) ;
#2339 = AXIS2_PLACEMENT_3D ( 'NONE', #1303, #1314, #1646 ) ;
#2340 = DIRECTION ( 'NONE',  ( 0.000000000000000000, 0.000000000000000000, -1.000000000000000000 ) ) ;
#2341 = LINE ( 'NONE', #104, #322 ) ;
#2342 = DIRECTION ( 'NONE',  ( 0.000000000000000000, 0.000000000000000000, 1.000000000000000000 ) ) ;
#2343 = LINE ( 'NONE', #853, #630 ) ;
#2344 = CIRCLE ( 'NONE', #535, 1.000000000000000888 ) ;
#2345 = ORIENTED_EDGE ( 'NONE', *, *, #186, .T. ) ;
#2346 = CIRCLE ( 'NONE', #1277, 0.1999999999999987899 ) ;
#2347 = DIRECTION ( 'NONE',  ( 0.000000000000000000, 0.000000000000000000, -1.000000000000000000 ) ) ;
#2348 = CARTESIAN_POINT ( 'NONE',  ( 25.39999999999999503, -3.439973992959973982E-16, 16.29999999999999716 ) ) ;
#2349 = EDGE_CURVE ( 'NONE', #379, #1672, #580, .T. ) ;
#2350 = VECTOR ( 'NONE', #465, 1000.000000000000000 ) ;
#2351 = CARTESIAN_POINT ( 'NONE',  ( -25.40000000000000568, 3.810000000000000053, 12.69999999999999929 ) ) ;
#2352 = CIRCLE ( 'NONE', #1757, 0.2999999999999981570 ) ;
#2353 = FACE_OUTER_BOUND ( 'NONE', #617, .T. ) ;
#2354 = PLANE ( 'NONE',  #2189 ) ;
#2355 = CIRCLE ( 'NONE', #1242, 1.000000000000000888 ) ;
#2356 = LINE ( 'NONE', #514, #1951 ) ;
#2357 = AXIS2_PLACEMENT_3D ( 'NONE', #1664, #178, #2237 ) ;
#2358 = DIRECTION ( 'NONE',  ( -1.000000000000000000, 0.000000000000000000, 0.000000000000000000 ) ) ;
#2359 = VERTEX_POINT ( 'NONE', #800 ) ;
#2360 = STYLED_ITEM ( 'NONE', ( #1463 ), #101 ) ;
#2361 = CARTESIAN_POINT ( 'NONE',  ( -25.40000000000000924, -7.620000000000000107, 16.29999999999999716 ) ) ;
#2362 = DIRECTION ( 'NONE',  ( -1.000000000000000000, 0.000000000000000000, 0.000000000000000000 ) ) ;
#2363 = UNCERTAINTY_MEASURE_WITH_UNIT (LENGTH_MEASURE( 1.000000000000000082E-05 ), #705, 'distance_accuracy_value', 'NONE');
#2364 = CARTESIAN_POINT ( 'NONE',  ( -25.90000000000000568, -3.810000000000000053, 16.29999999999999716 ) ) ;
#2365 = DIRECTION ( 'NONE',  ( 0.000000000000000000, 0.000000000000000000, -1.000000000000000000 ) ) ;
#2366 = ORIENTED_EDGE ( 'NONE', *, *, #738, .T. ) ;
#2367 = EDGE_CURVE ( 'NONE', #585, #2011, #1734, .T. ) ;
#2368 = EDGE_CURVE ( 'NONE', #1928, #327, #41, .T. ) ;
#2369 = DIRECTION ( 'NONE',  ( -1.000000000000000000, 0.000000000000000000, 0.000000000000000000 ) ) ;
#2370 = CYLINDRICAL_SURFACE ( 'NONE', #1085, 1.249999999999987121 ) ;
#2371 = ORIENTED_EDGE ( 'NONE', *, *, #874, .F. ) ;
#2372 = ORIENTED_EDGE ( 'NONE', *, *, #2396, .F. ) ;
#2373 = PRESENTATION_LAYER_ASSIGNMENT (  '', '', ( #1695 ) ) ;
#2374 = AXIS2_PLACEMENT_3D ( 'NONE', #2422, #2248, #145 ) ;
#2375 = DIRECTION ( 'NONE',  ( 0.000000000000000000, -0.000000000000000000, -1.000000000000000000 ) ) ;
#2376 = CYLINDRICAL_SURFACE ( 'NONE', #249, 0.5000000000000004441 ) ;
#2377 = DIRECTION ( 'NONE',  ( 0.000000000000000000, 0.000000000000000000, -1.000000000000000000 ) ) ;
#2378 = FACE_OUTER_BOUND ( 'NONE', #1880, .T. ) ;
#2379 = DIRECTION ( 'NONE',  ( 0.000000000000000000, 0.000000000000000000, 1.000000000000000000 ) ) ;
#2380 = CARTESIAN_POINT ( 'NONE',  ( 22.37000000000000810, 13.08000000000000362, 7.500000000000007105 ) ) ;
#2381 = CARTESIAN_POINT ( 'NONE',  ( 25.39999999999999147, -7.620000000000000107, 16.29999999999999716 ) ) ;
#2382 = EDGE_CURVE ( 'NONE', #1376, #1143, #217, .T. ) ;
#2383 = VERTEX_POINT ( 'NONE', #594 ) ;
#2384 = VECTOR ( 'NONE', #817, 1000.000000000000000 ) ;
#2385 = DIRECTION ( 'NONE',  ( -1.000000000000000000, 0.000000000000000000, 0.000000000000000000 ) ) ;
#2386 = FACE_OUTER_BOUND ( 'NONE', #2306, .T. ) ;
#2387 = CARTESIAN_POINT ( 'NONE',  ( -25.10000000000000853, -3.810000000000000053, 16.10000000000000142 ) ) ;
#2388 = AXIS2_PLACEMENT_3D ( 'NONE', #1477, #914, #709 ) ;
#2389 = DIRECTION ( 'NONE',  ( 0.000000000000000000, 0.000000000000000000, -1.000000000000000000 ) ) ;
#2390 = AXIS2_PLACEMENT_3D ( 'NONE', #1084, #2232, #718 ) ;
#2391 = DIRECTION ( 'NONE',  ( -0.000000000000000000, -0.000000000000000000, -1.000000000000000000 ) ) ;
#2392 = SURFACE_STYLE_FILL_AREA ( #326 ) ;
#2393 = CIRCLE ( 'NONE', #1678, 0.5000000000000004441 ) ;
#2394 = ORIENTED_EDGE ( 'NONE', *, *, #158, .F. ) ;
#2395 = AXIS2_PLACEMENT_3D ( 'NONE', #2109, #2290, #14 ) ;
#2396 = EDGE_CURVE ( 'NONE', #1180, #2034, #25, .T. ) ;
#2397 = FACE_OUTER_BOUND ( 'NONE', #1391, .T. ) ;
#2398 = EDGE_CURVE ( 'NONE', #564, #558, #1684, .T. ) ;
#2399 = ADVANCED_FACE ( 'NONE', ( #616 ), #2080, .F. ) ;
#2400 = CARTESIAN_POINT ( 'NONE',  ( 23.61999999999998678, -13.07999999999999652, -1.402220585023716934E-15 ) ) ;
#2401 = CARTESIAN_POINT ( 'NONE',  ( -23.62000000000001521, -13.07999999999999474, 7.500000000000007105 ) ) ;
#2402 = CARTESIAN_POINT ( 'NONE',  ( -23.62000000000001521, -13.07999999999999474, 0.000000000000000000 ) ) ;
#2403 = CARTESIAN_POINT ( 'NONE',  ( -25.40000000000000568, 0.000000000000000000, 16.10000000000000142 ) ) ;
#2404 = EDGE_LOOP ( 'NONE', ( #231, #1329 ) ) ;
#2405 = DIRECTION ( 'NONE',  ( 1.000000000000000000, 0.000000000000000000, 0.000000000000000000 ) ) ;
#2406 = CARTESIAN_POINT ( 'NONE',  ( 25.89999999999999503, 7.620000000000000107, 12.69999999999999929 ) ) ;
#2407 = ORIENTED_EDGE ( 'NONE', *, *, #2244, .T. ) ;
#2408 = CYLINDRICAL_SURFACE ( 'NONE', #725, 1.000000000000000888 ) ;
#2409 = LINE ( 'NONE', #1069, #1319 ) ;
#2410 = ADVANCED_FACE ( 'NONE', ( #112 ), #2376, .T. ) ;
#2411 = DIRECTION ( 'NONE',  ( 1.000000000000000000, 0.000000000000000000, 0.000000000000000000 ) ) ;
#2412 = ADVANCED_FACE ( 'NONE', ( #668 ), #1790, .T. ) ;
#2413 = UNCERTAINTY_MEASURE_WITH_UNIT (LENGTH_MEASURE( 1.000000000000000082E-05 ), #720, 'distance_accuracy_value', 'NONE');
#2414 = CARTESIAN_POINT ( 'NONE',  ( 25.39999999999999503, 7.620000000000000107, 16.10000000000000142 ) ) ;
#2415 = ORIENTED_EDGE ( 'NONE', *, *, #2132, .T. ) ;
#2416 = VERTEX_POINT ( 'NONE', #100 ) ;
#2417 = DIRECTION ( 'NONE',  ( -0.000000000000000000, -0.000000000000000000, -1.000000000000000000 ) ) ;
#2418 = DIRECTION ( 'NONE',  ( -1.000000000000000000, 0.000000000000000000, 0.000000000000000000 ) ) ;
#2419 = ORIENTED_EDGE ( 'NONE', *, *, #2257, .F. ) ;
#2420 = EDGE_LOOP ( 'NONE', ( #2425, #648 ) ) ;
#2421 = DIRECTION ( 'NONE',  ( -0.000000000000000000, -0.000000000000000000, -1.000000000000000000 ) ) ;
#2422 = CARTESIAN_POINT ( 'NONE',  ( -28.45000000000000284, -17.90000000000000213, 12.00000000000000000 ) ) ;
#2423 = LINE ( 'NONE', #2002, #2103 ) ;
#2424 = DIRECTION ( 'NONE',  ( -1.000000000000000000, 0.000000000000000000, 0.000000000000000000 ) ) ;
#2425 = ORIENTED_EDGE ( 'NONE', *, *, #1262, .F. ) ;
#2426 = ORIENTED_EDGE ( 'NONE', *, *, #1746, .F. ) ;
#2427 = ADVANCED_FACE ( 'NONE', ( #1235 ), #838, .T. ) ;
#2428 = AXIS2_PLACEMENT_3D ( 'NONE', #221, #2294, #1710 ) ;
#2429 = ADVANCED_FACE ( 'NONE', ( #498 ), #1975, .T. ) ;
#2430 = DIRECTION ( 'NONE',  ( -1.000000000000000000, 0.000000000000000000, 0.000000000000000000 ) ) ;
#2431 = DIRECTION ( 'NONE',  ( 0.000000000000000000, 0.000000000000000000, 1.000000000000000000 ) ) ;
#2432 = EDGE_LOOP ( 'NONE', ( #1845, #1116 ) ) ;
#2433 = CARTESIAN_POINT ( 'NONE',  ( 24.89999999999999503, 7.620000000000000107, 16.29999999999999716 ) ) ;
#2434 = VECTOR ( 'NONE', #842, 1000.000000000000000 ) ;
#2435 = ORIENTED_EDGE ( 'NONE', *, *, #983, .F. ) ;
#2436 = AXIS2_PLACEMENT_3D ( 'NONE', #1781, #1038, #1619 ) ;
#2437 = AXIS2_PLACEMENT_3D ( 'NONE', #2402, #2016, #540 ) ;
#2438 = CARTESIAN_POINT ( 'NONE',  ( 24.89999999999999147, -7.620000000000000107, 12.69999999999999929 ) ) ;
#2439 = PRODUCT_CONTEXT ( 'NONE', #1607, 'mechanical' ) ;
#2440 = FACE_OUTER_BOUND ( 'NONE', #451, .T. ) ;
ENDSEC;
END-ISO-10303-21;
